Team,Player_fw,Contested_Possessions_fw,Uncontested_Possessions_fw,Effective_Disposals,Disposal_Efficiency_Pct,Contested_Marks_fw,Goal_Assists_fw,Marks_Inside_50_fw,One_Percenters_fw,Bounces_fw,Centre_Clearances,Stoppage_Clearances,Score_Involvements_Actual,Metres_Gained,Turnovers,Intercepts,Tackles_Inside_50,Time_On_Ground_Pct,Season,Round_fw,Date,mid
Melbourne,Christian Petracca,16,22,29,76.3,0,1,2,0,0,3,6,13,869,4,3,0,87,2022,Round 1,2022-03-16,10544
Melbourne,Clayton Oliver,15,20,24,75.0,0,0,0,2,1,3,3,8,549,8,7,2,81,2022,Round 1,2022-03-16,10544
Melbourne,Jack Viney,12,11,16,69.6,0,0,1,1,0,1,3,5,329,4,7,0,79,2022,Round 1,2022-03-16,10544
Melbourne,Angus Brayshaw,4,19,15,65.2,0,0,0,1,0,0,0,3,264,3,7,0,83,2022,Round 1,2022-03-16,10544
Melbourne,Ed Langdon,11,12,17,77.3,0,1,0,2,1,0,1,6,446,4,7,0,100,2022,Round 1,2022-03-16,10544
Melbourne,James Jordon,8,12,16,80.0,0,0,0,0,0,0,0,2,259,5,8,0,70,2022,Round 1,2022-03-16,10544
Melbourne,Alex Neal Bullen,8,10,13,72.2,1,3,0,2,2,0,0,8,320,4,4,1,88,2022,Round 1,2022-03-16,10544
Melbourne,James Harmes,7,10,14,82.4,1,0,1,3,0,0,2,4,163,3,2,2,77,2022,Round 1,2022-03-16,10544
Melbourne,Max Gawn,12,3,8,57.1,2,0,0,3,0,1,3,8,326,4,4,0,97,2022,Round 1,2022-03-16,10544
Melbourne,Steven May,3,6,11,78.6,2,0,0,12,3,0,0,1,384,3,5,0,97,2022,Round 1,2022-03-16,10544
Melbourne,Charlie Spargo,5,10,9,64.3,0,0,0,3,0,0,0,4,182,4,2,0,63,2022,Round 1,2022-03-16,10544
Melbourne,Ben Brown,6,7,8,61.5,2,0,6,2,0,0,0,11,245,1,0,0,86,2022,Round 1,2022-03-16,10544
Melbourne,Tom Sparrow,5,8,10,76.9,1,0,1,0,0,1,1,3,197,2,1,0,65,2022,Round 1,2022-03-16,10544
Melbourne,Tom Mcdonald,3,8,9,75.0,1,1,0,4,0,0,0,2,218,2,3,0,83,2022,Round 1,2022-03-16,10544
Melbourne,Luke Jackson,8,5,10,83.3,2,0,1,1,0,0,1,7,166,0,1,1,86,2022,Round 1,2022-03-16,10544
Melbourne,Jayden Hunt,4,7,9,81.8,1,0,0,2,0,0,0,2,226,2,4,0,86,2022,Round 1,2022-03-16,10544
Melbourne,Joel Smith 1,4,5,7,63.6,2,0,0,6,0,0,0,0,229,2,6,0,81,2022,Round 1,2022-03-16,10544
Melbourne,Bayley Fritsch,3,5,5,55.6,1,1,3,0,0,0,0,6,251,2,0,0,81,2022,Round 1,2022-03-16,10544
Melbourne,Toby Bedford,4,5,7,77.8,0,0,1,2,1,0,0,1,124,1,4,1,55,2022,Round 1,2022-03-16,10544
Melbourne,Jake Bowey,3,6,8,88.9,0,0,0,2,0,0,1,1,197,2,4,0,73,2022,Round 1,2022-03-16,10544
Melbourne,Adam Tomlinson,3,6,6,75.0,0,0,0,4,0,0,0,0,151,3,3,0,100,2022,Round 1,2022-03-16,10544
Melbourne,Kysaiah Pickett,1,4,5,100.0,0,1,1,1,0,0,0,3,143,1,1,0,68,2022,Round 1,2022-03-16,10544
Melbourne,Christian Salem,1,3,2,66.7,0,0,0,1,0,0,0,0,-4,2,0,0,13,2022,Round 1,2022-03-16,10544
Western Bulldogs,Jackson Macrae,15,24,31,79.5,0,0,0,1,0,6,5,4,569,6,1,0,84,2022,Round 1,2022-03-16,10544
Western Bulldogs,Bailey Smith,11,20,22,66.7,1,1,0,0,0,4,4,5,528,7,3,1,79,2022,Round 1,2022-03-16,10544
Western Bulldogs,Josh Dunkley,12,17,21,72.4,0,1,0,3,1,3,0,7,260,5,5,1,84,2022,Round 1,2022-03-16,10544
Western Bulldogs,Adam Treloar,4,22,18,69.2,0,1,1,0,0,1,2,6,456,10,0,0,81,2022,Round 1,2022-03-16,10544
Western Bulldogs,Caleb Daniel,5,17,24,92.3,0,0,0,1,2,0,0,3,406,6,5,0,80,2022,Round 1,2022-03-16,10544
Western Bulldogs,Bailey Dale,4,17,21,84.0,0,0,0,2,0,0,1,5,554,4,6,0,83,2022,Round 1,2022-03-16,10544
Western Bulldogs,Timothy English,13,7,17,85.0,2,0,1,2,0,2,6,4,259,3,6,0,86,2022,Round 1,2022-03-16,10544
Western Bulldogs,Hayden Crozier,3,18,17,89.5,1,0,0,2,1,0,0,4,387,3,6,0,75,2022,Round 1,2022-03-16,10544
Western Bulldogs,Marcus Bontempelli,6,12,13,76.5,1,2,0,3,0,1,0,6,380,3,6,1,72,2022,Round 1,2022-03-16,10544
Western Bulldogs,Laitham Vandermeer,7,9,11,64.7,0,1,0,0,0,0,1,1,151,6,2,0,74,2022,Round 1,2022-03-16,10544
Western Bulldogs,Roarke Smith,4,12,14,87.5,0,0,0,1,0,0,0,2,124,1,2,1,74,2022,Round 1,2022-03-16,10544
Western Bulldogs,Bailey Williams,3,13,9,56.2,0,0,0,1,0,0,0,1,480,7,5,0,87,2022,Round 1,2022-03-16,10544
Western Bulldogs,Thomas Liberatore,3,10,11,78.6,0,1,0,0,0,0,1,4,103,4,1,1,75,2022,Round 1,2022-03-16,10544
Western Bulldogs,Ed Richards,4,9,13,92.9,0,0,0,5,0,0,1,2,151,1,4,0,81,2022,Round 1,2022-03-16,10544
Western Bulldogs,Aaron Naughton,7,7,10,71.4,1,0,3,1,0,0,1,7,342,2,0,0,89,2022,Round 1,2022-03-16,10544
Western Bulldogs,Lachlan Hunter,3,10,8,61.5,0,0,0,2,0,0,0,1,167,3,0,0,88,2022,Round 1,2022-03-16,10544
Western Bulldogs,Alex Keath,7,4,5,55.6,0,0,0,7,0,0,0,1,193,3,7,0,94,2022,Round 1,2022-03-16,10544
Western Bulldogs,Mitchell Hannan,6,2,6,75.0,0,0,0,0,0,0,0,3,83,2,2,0,72,2022,Round 1,2022-03-16,10544
Western Bulldogs,Ryan Gardner,1,6,6,85.7,0,0,0,5,0,0,0,1,124,2,3,0,100,2022,Round 1,2022-03-16,10544
Western Bulldogs,Josh Schache,3,4,5,83.3,0,0,1,2,0,0,0,2,25,1,0,0,82,2022,Round 1,2022-03-16,10544
Western Bulldogs,Cody Weightman,4,2,4,80.0,0,0,0,1,0,0,0,2,115,3,2,0,76,2022,Round 1,2022-03-16,10544
Western Bulldogs,Zaine Cordy,1,1,3,100.0,0,1,0,4,0,1,0,1,-17,1,0,1,84,2022,Round 1,2022-03-16,10544
Carlton,Matthew Kennedy 1,14,19,18,54.5,0,0,0,1,0,1,7,11,514,6,4,0,73,2022,Round 1,2022-03-17,10545
Carlton,Patrick Cripps,11,20,20,66.7,0,0,2,0,0,5,3,10,679,6,0,1,83,2022,Round 1,2022-03-17,10545
Carlton,Adam Cerra,10,21,24,80.0,0,0,0,1,1,1,5,9,508,5,2,2,83,2022,Round 1,2022-03-17,10545
Carlton,George Hewett,13,15,22,78.6,0,0,0,1,0,2,2,8,360,3,5,1,75,2022,Round 1,2022-03-17,10545
Carlton,Sam Docherty,7,19,25,96.2,0,0,0,4,0,0,3,4,461,2,6,0,87,2022,Round 1,2022-03-17,10545
Carlton,Adam Saad,6,13,20,95.2,0,1,0,2,9,0,1,3,499,2,6,1,83,2022,Round 1,2022-03-17,10545
Carlton,Will Setterfield,3,13,14,87.5,0,1,0,1,0,0,0,4,240,2,2,0,71,2022,Round 1,2022-03-17,10545
Carlton,Zac Fisher,5,11,11,68.8,0,0,0,0,0,0,1,3,266,3,1,1,79,2022,Round 1,2022-03-17,10545
Carlton,Oscar Mcdonald,7,9,11,73.3,0,0,0,6,0,0,0,3,242,4,10,0,100,2022,Round 1,2022-03-17,10545
Carlton,Mitch Mcgovern,2,9,11,78.6,1,2,0,4,0,0,0,5,525,2,5,0,73,2022,Round 1,2022-03-17,10545
Carlton,Nic Newman,3,8,12,85.7,0,0,0,5,0,0,0,2,238,2,5,0,78,2022,Round 1,2022-03-17,10545
Carlton,Corey Durdin,7,7,9,64.3,0,1,1,0,0,0,0,6,106,4,2,0,75,2022,Round 1,2022-03-17,10545
Carlton,Jack Martin,5,8,11,84.6,0,1,1,0,0,0,1,4,186,2,1,2,74,2022,Round 1,2022-03-17,10545
Carlton,Marc Pittonet,9,5,11,84.6,1,0,0,3,0,3,1,9,62,1,3,0,84,2022,Round 1,2022-03-17,10545
Carlton,Lochie O Brien,6,10,8,61.5,0,2,0,0,0,0,1,3,188,5,3,0,86,2022,Round 1,2022-03-17,10545
Carlton,Jack Silvagni,2,11,8,66.7,0,0,3,0,0,0,1,5,196,2,0,2,81,2022,Round 1,2022-03-17,10545
Carlton,Zachary Williams,4,6,9,81.8,0,0,0,2,3,0,0,2,128,2,5,0,89,2022,Round 1,2022-03-17,10545
Carlton,Matt Owies,5,4,6,60.0,0,1,1,0,0,0,0,3,156,1,2,1,73,2022,Round 1,2022-03-17,10545
Carlton,Jacob Weitering,3,6,7,77.8,0,0,0,8,4,0,0,3,107,1,4,0,92,2022,Round 1,2022-03-17,10545
Carlton,Harry Mckay,4,5,6,66.7,0,0,1,1,0,0,0,3,179,2,0,3,95,2022,Round 1,2022-03-17,10545
Carlton,Tom De Koning,5,2,1,11.1,2,0,1,3,0,2,0,6,193,0,0,0,82,2022,Round 1,2022-03-17,10545
Carlton,Charlie Curnow,4,4,4,50.0,0,0,1,2,0,0,0,6,92,3,0,0,83,2022,Round 1,2022-03-17,10545
Richmond,Dustin Martin,11,11,16,76.2,0,0,0,2,1,3,0,6,503,6,6,0,87,2022,Round 1,2022-03-17,10545
Richmond,Jayden Short,1,10,19,90.5,0,0,0,3,4,0,0,6,607,2,1,0,89,2022,Round 1,2022-03-17,10545
Richmond,Jack Ross,5,16,16,80.0,0,0,0,5,1,0,1,6,497,6,3,0,84,2022,Round 1,2022-03-17,10545
Richmond,Nathan Broad,0,18,14,77.8,0,0,0,5,1,0,0,3,419,3,0,0,86,2022,Round 1,2022-03-17,10545
Richmond,Marlion Pickett,6,13,13,72.2,1,0,0,0,2,0,0,6,433,4,4,0,87,2022,Round 1,2022-03-17,10545
Richmond,Jason Castagna,6,11,11,68.8,2,2,2,0,0,0,0,6,226,3,1,0,89,2022,Round 1,2022-03-17,10545
Richmond,Shai Bolton,7,9,9,56.2,1,0,1,0,1,0,2,6,286,2,1,0,80,2022,Round 1,2022-03-17,10545
Richmond,Shane Edwards,5,8,12,85.7,0,2,1,1,0,0,1,3,188,1,0,0,83,2022,Round 1,2022-03-17,10545
Richmond,Trent Cotchin,9,7,5,35.7,0,1,0,2,0,3,0,2,171,4,2,0,76,2022,Round 1,2022-03-17,10545
Richmond,Dylan Grimes,5,6,11,78.6,1,0,0,2,0,0,1,2,157,1,8,0,83,2022,Round 1,2022-03-17,10545
Richmond,Jack Graham,6,9,12,85.7,0,0,0,0,0,0,1,4,277,4,2,0,64,2022,Round 1,2022-03-17,10545
Richmond,Liam Baker,6,9,12,85.7,0,0,1,1,0,0,0,4,161,2,2,0,82,2022,Round 1,2022-03-17,10545
Richmond,Jake Aarts,8,7,10,71.4,0,0,0,1,0,0,1,5,223,5,6,0,81,2022,Round 1,2022-03-17,10545
Richmond,Toby Nankervis,6,6,9,69.2,0,0,0,1,0,3,1,5,91,2,2,0,78,2022,Round 1,2022-03-17,10545
Richmond,Daniel Rioli,2,11,12,92.3,0,1,0,1,2,0,0,6,270,2,4,0,89,2022,Round 1,2022-03-17,10545
Richmond,Robert Tarrant,4,7,7,63.6,0,0,0,5,0,0,0,1,199,5,4,0,91,2022,Round 1,2022-03-17,10545
Richmond,Dion Prestia,6,4,7,70.0,0,0,0,1,0,2,0,2,198,2,3,0,24,2022,Round 1,2022-03-17,10545
Richmond,Noah Balta,4,6,6,60.0,1,0,2,5,0,0,0,2,177,3,3,0,86,2022,Round 1,2022-03-17,10545
Richmond,Hugo Ralphsmith,4,5,7,70.0,0,0,0,3,1,0,0,1,196,3,3,0,56,2022,Round 1,2022-03-17,10545
Richmond,Josh Gibcus,3,8,8,80.0,0,0,0,6,0,0,0,1,114,1,3,0,73,2022,Round 1,2022-03-17,10545
Richmond,Jack Riewoldt,2,5,3,50.0,0,0,1,2,0,0,0,4,100,2,0,0,79,2022,Round 1,2022-03-17,10545
Richmond,Thomas Lynch,4,1,3,60.0,2,0,2,0,0,0,0,3,89,2,0,1,92,2022,Round 1,2022-03-17,10545
Richmond,Ivan Soldo,4,1,5,100.0,0,1,0,2,0,1,2,2,58,1,2,0,60,2022,Round 1,2022-03-17,10545
St Kilda,Jack Steele,12,14,20,71.4,0,0,0,2,0,1,5,3,373,7,3,1,90,2022,Round 1,2022-03-18,10546
St Kilda,Brad Crouch,10,17,17,63.0,0,0,0,1,0,0,4,6,357,6,3,1,86,2022,Round 1,2022-03-18,10546
St Kilda,Bradley Hill,10,18,20,76.9,0,0,0,3,0,0,0,5,326,7,8,0,85,2022,Round 1,2022-03-18,10546
St Kilda,Jack Sinclair,9,12,17,68.0,1,0,0,1,0,0,4,6,599,4,4,0,82,2022,Round 1,2022-03-18,10546
St Kilda,Jade Gresham,9,16,17,70.8,0,1,1,0,1,6,0,7,513,3,1,0,85,2022,Round 1,2022-03-18,10546
St Kilda,Rowan Marshall,12,10,16,76.2,1,0,0,2,0,0,6,7,279,6,3,1,91,2022,Round 1,2022-03-18,10546
St Kilda,Ben Paton,7,12,16,80.0,0,0,0,2,0,0,0,1,259,5,7,0,79,2022,Round 1,2022-03-18,10546
St Kilda,Callum Wilkie,3,16,19,95.0,0,0,0,4,0,0,1,4,244,2,5,0,95,2022,Round 1,2022-03-18,10546
St Kilda,Sebastian Ross,8,13,16,84.2,0,0,0,3,0,1,0,6,169,2,3,1,82,2022,Round 1,2022-03-18,10546
St Kilda,Jack Hayes,11,7,16,88.9,4,0,0,1,0,1,2,8,298,1,5,0,86,2022,Round 1,2022-03-18,10546
St Kilda,Jack Higgins,8,9,8,47.1,0,2,2,0,0,0,1,9,273,1,1,1,86,2022,Round 1,2022-03-18,10546
St Kilda,Max King 1,9,7,10,62.5,3,1,2,2,0,0,0,8,342,3,0,0,90,2022,Round 1,2022-03-18,10546
St Kilda,Mason Wood,4,10,10,76.9,2,0,1,2,0,0,0,5,346,4,4,1,71,2022,Round 1,2022-03-18,10546
St Kilda,Tim Membrey,3,8,9,69.2,1,0,3,1,0,0,0,6,367,3,1,0,92,2022,Round 1,2022-03-18,10546
St Kilda,Daniel Mckenzie,4,10,11,84.6,0,0,0,5,0,0,0,2,233,1,5,0,85,2022,Round 1,2022-03-18,10546
St Kilda,Daniel Butler,4,10,8,61.5,0,1,0,2,0,0,2,1,172,3,0,3,85,2022,Round 1,2022-03-18,10546
St Kilda,Josh Battle,5,8,9,69.2,0,0,0,3,0,0,0,2,202,4,7,0,83,2022,Round 1,2022-03-18,10546
St Kilda,Jimmy Webster,1,7,9,75.0,0,0,0,6,0,0,0,1,225,1,0,0,80,2022,Round 1,2022-03-18,10546
St Kilda,Ryan Byrnes,5,7,7,63.6,0,0,0,0,0,0,1,3,59,2,1,0,62,2022,Round 1,2022-03-18,10546
St Kilda,Dougal Howard,5,4,6,66.7,0,0,0,10,0,0,0,1,125,2,6,0,98,2022,Round 1,2022-03-18,10546
St Kilda,Mitchito Owens,3,3,4,66.7,0,0,0,0,0,0,1,2,37,2,2,1,49,2022,Round 1,2022-03-18,10546
St Kilda,Dean Kent,2,3,4,100.0,0,0,0,1,0,0,0,2,114,3,2,0,62,2022,Round 1,2022-03-18,10546
Collingwood,Patrick Lipinski,13,18,23,76.7,0,2,0,0,0,1,4,8,389,5,5,0,81,2022,Round 1,2022-03-18,10546
Collingwood,Jordan De Goey,9,18,19,70.4,0,0,2,4,0,4,1,12,464,1,1,0,88,2022,Round 1,2022-03-18,10546
Collingwood,Nick Daicos,5,20,19,70.4,0,0,0,2,0,0,0,3,419,5,7,0,84,2022,Round 1,2022-03-18,10546
Collingwood,Taylor Adams,16,11,17,68.0,0,2,0,3,1,8,3,7,315,5,2,0,73,2022,Round 1,2022-03-18,10546
Collingwood,Scott Pendlebury,7,15,18,75.0,0,1,0,4,0,0,1,6,359,4,6,0,88,2022,Round 1,2022-03-18,10546
Collingwood,Jeremy Howe,7,15,16,72.7,2,0,0,4,0,0,1,4,249,3,7,0,95,2022,Round 1,2022-03-18,10546
Collingwood,John Noble,4,19,18,81.8,0,0,0,0,0,0,0,5,366,2,4,0,88,2022,Round 1,2022-03-18,10546
Collingwood,Josh Daicos,7,14,18,85.7,0,0,0,1,0,0,3,5,185,2,2,0,82,2022,Round 1,2022-03-18,10546
Collingwood,Isaac Quaynor,7,13,15,75.0,2,0,0,3,0,0,0,4,322,6,8,0,90,2022,Round 1,2022-03-18,10546
Collingwood,Jamie Elliott 1,7,11,12,70.6,0,1,1,1,0,0,1,7,231,3,0,2,88,2022,Round 1,2022-03-18,10546
Collingwood,Brodie Grundy,9,7,9,52.9,0,1,0,4,0,4,1,6,200,3,4,2,85,2022,Round 1,2022-03-18,10546
Collingwood,Steele Sidebottom,5,12,10,62.5,0,0,0,2,1,1,0,5,329,2,4,2,82,2022,Round 1,2022-03-18,10546
Collingwood,Jack Crisp,5,12,13,81.2,0,2,0,3,1,0,3,4,394,5,3,0,85,2022,Round 1,2022-03-18,10546
Collingwood,Darcy Moore,2,8,13,81.2,1,1,0,9,1,0,0,3,297,4,4,0,91,2022,Round 1,2022-03-18,10546
Collingwood,Jack Madgen,7,8,15,93.8,0,0,0,1,1,0,0,3,200,2,8,0,95,2022,Round 1,2022-03-18,10546
Collingwood,Brody Mihocek,7,7,10,71.4,1,1,2,0,0,0,0,7,148,2,2,3,90,2022,Round 1,2022-03-18,10546
Collingwood,Beau Mccreery,6,7,11,84.6,0,0,1,1,0,0,2,6,100,2,2,2,60,2022,Round 1,2022-03-18,10546
Collingwood,Oliver Henry,3,6,6,60.0,0,0,2,0,0,0,0,4,210,2,1,1,83,2022,Round 1,2022-03-18,10546
Collingwood,Jack Ginnivan,3,7,6,60.0,0,1,1,2,0,0,0,5,207,3,0,0,63,2022,Round 1,2022-03-18,10546
Collingwood,Mason Cox,9,2,3,33.3,3,0,1,4,0,0,0,3,262,6,1,0,81,2022,Round 1,2022-03-18,10546
Collingwood,Tyler Brown,6,3,6,66.7,0,0,0,0,0,0,0,0,56,2,1,0,53,2022,Round 1,2022-03-18,10546
Collingwood,Trent Bianco,3,4,5,71.4,0,0,2,0,0,0,0,3,93,2,1,0,74,2022,Round 1,2022-03-18,10546
Geelong,Brandan Parfitt,16,18,20,62.5,0,0,0,2,0,6,5,7,623,9,3,0,82,2022,Round 1,2022-03-19,10547
Geelong,Patrick Dangerfield,19,12,20,64.5,2,4,0,5,0,5,3,12,511,3,4,0,88,2022,Round 1,2022-03-19,10547
Geelong,Joel Selwood,9,17,19,70.4,0,3,0,2,1,3,3,10,379,3,1,0,79,2022,Round 1,2022-03-19,10547
Geelong,Cameron Guthrie,9,14,20,80.0,0,0,0,1,3,2,1,6,341,2,1,0,72,2022,Round 1,2022-03-19,10547
Geelong,Shaun Higgins,6,16,13,59.1,0,0,1,0,0,0,4,7,461,6,2,0,77,2022,Round 1,2022-03-19,10547
Geelong,Isaac Smith,3,17,17,77.3,1,1,0,2,4,0,0,8,394,4,2,0,87,2022,Round 1,2022-03-19,10547
Geelong,Thomas Stewart,7,11,19,90.5,1,0,0,2,1,0,1,7,436,0,5,0,88,2022,Round 1,2022-03-19,10547
Geelong,Tom Atkins,12,10,16,76.2,0,0,0,1,0,1,2,3,188,2,9,0,86,2022,Round 1,2022-03-19,10547
Geelong,Tyson Stengle,10,9,15,75.0,0,1,1,2,1,0,3,11,466,0,3,0,87,2022,Round 1,2022-03-19,10547
Geelong,Zach Tuohy,3,15,17,89.5,0,0,0,1,0,1,0,6,248,0,4,0,86,2022,Round 1,2022-03-19,10547
Geelong,Tom Hawkins,9,9,11,64.7,4,3,7,1,0,0,1,14,278,2,2,1,92,2022,Round 1,2022-03-19,10547
Geelong,Rhys Stanley,8,8,14,82.4,3,0,0,5,0,1,3,10,356,4,4,0,82,2022,Round 1,2022-03-19,10547
Geelong,Zach Guthrie,3,14,12,70.6,0,0,0,1,1,0,0,2,385,5,3,0,92,2022,Round 1,2022-03-19,10547
Geelong,Bradley Close,5,11,10,62.5,1,0,3,0,0,0,0,8,306,5,2,0,81,2022,Round 1,2022-03-19,10547
Geelong,Max Holmes,7,10,11,68.8,0,0,0,1,2,1,2,5,381,3,1,0,85,2022,Round 1,2022-03-19,10547
Geelong,Luke Dahlhaus,4,11,14,100.0,0,3,0,1,0,0,1,7,168,0,0,1,71,2022,Round 1,2022-03-19,10547
Geelong,Mark Blicavs,7,6,7,58.3,2,0,0,6,0,0,0,4,284,3,7,0,86,2022,Round 1,2022-03-19,10547
Geelong,Jake Kolodjashnij,2,9,11,91.7,0,0,0,3,0,0,0,3,130,1,3,0,89,2022,Round 1,2022-03-19,10547
Geelong,Francis Evans,3,5,7,87.5,0,1,0,0,0,0,1,2,55,0,0,0,57,2022,Round 1,2022-03-19,10547
Geelong,Sam De Koning,3,3,6,100.0,0,0,0,2,0,0,0,1,108,1,4,0,44,2022,Round 1,2022-03-19,10547
Geelong,Jeremy Cameron,2,3,4,80.0,0,0,1,0,0,0,1,3,85,0,0,0,17,2022,Round 1,2022-03-19,10547
Geelong,Jack Henry,2,4,3,60.0,0,0,0,6,0,0,0,1,-16,1,1,0,96,2022,Round 1,2022-03-19,10547
Geelong,Esava Ratugolea,2,2,3,75.0,1,0,0,3,0,0,0,2,8,1,1,0,74,2022,Round 1,2022-03-19,10547
Essendon,Zachary Merrett,7,29,33,84.6,0,2,0,1,2,0,1,5,435,4,4,0,86,2022,Round 1,2022-03-19,10547
Essendon,Darcy Parish,10,23,28,82.4,1,1,0,1,1,2,2,10,462,1,1,1,87,2022,Round 1,2022-03-19,10547
Essendon,Andrew Mcgrath,9,19,19,65.5,0,0,0,1,1,1,4,1,497,9,2,0,85,2022,Round 1,2022-03-19,10547
Essendon,Nicholas Martin,4,22,24,88.9,0,0,1,0,0,0,1,8,315,1,3,0,77,2022,Round 1,2022-03-19,10547
Essendon,Tom Cutler,5,18,22,91.7,1,0,0,2,2,1,0,6,538,5,4,0,79,2022,Round 1,2022-03-19,10547
Essendon,Dylan Shiel,9,15,18,78.3,0,1,1,1,0,1,2,3,372,6,1,0,71,2022,Round 1,2022-03-19,10547
Essendon,Jye Caldwell,6,17,18,78.3,0,0,4,1,0,0,1,6,391,4,4,0,78,2022,Round 1,2022-03-19,10547
Essendon,Nick Hind,5,15,20,87.0,0,0,0,2,1,0,2,3,322,2,2,0,82,2022,Round 1,2022-03-19,10547
Essendon,Mason Redman,5,13,16,80.0,2,0,0,5,1,0,0,3,326,3,5,0,75,2022,Round 1,2022-03-19,10547
Essendon,Archie Perkins,4,16,17,85.0,0,0,1,0,0,0,0,5,320,5,2,0,83,2022,Round 1,2022-03-19,10547
Essendon,Devon Smith,3,13,14,82.4,0,1,1,0,0,0,1,6,201,2,1,1,86,2022,Round 1,2022-03-19,10547
Essendon,Jordan Ridley,6,8,14,82.4,1,0,0,3,0,0,0,3,206,2,6,0,86,2022,Round 1,2022-03-19,10547
Essendon,Dyson Heppell,2,13,11,73.3,0,0,0,1,0,0,0,2,87,2,1,0,94,2022,Round 1,2022-03-19,10547
Essendon,Nikolas Cox,6,9,11,73.3,0,0,0,1,0,0,0,5,181,4,4,0,77,2022,Round 1,2022-03-19,10547
Essendon,James Stewart,4,7,11,84.6,1,0,0,4,0,0,1,4,203,0,7,0,83,2022,Round 1,2022-03-19,10547
Essendon,Jake Kelly,3,10,12,92.3,0,0,0,4,0,0,0,5,114,1,4,0,95,2022,Round 1,2022-03-19,10547
Essendon,Matt Guelfi,4,10,11,84.6,1,2,1,2,0,0,0,6,93,1,2,3,76,2022,Round 1,2022-03-19,10547
Essendon,Sam Draper,10,3,9,75.0,0,0,0,9,0,2,4,3,57,1,2,1,83,2022,Round 1,2022-03-19,10547
Essendon,Brayden Ham,2,10,7,70.0,0,0,1,2,0,1,0,3,132,2,0,0,79,2022,Round 1,2022-03-19,10547
Essendon,Peter Wright,2,6,7,87.5,1,2,2,1,1,0,0,6,149,0,0,0,92,2022,Round 1,2022-03-19,10547
Essendon,Kaine Baldwin,2,8,4,57.1,0,0,2,2,0,0,0,3,136,3,0,1,83,2022,Round 1,2022-03-19,10547
Essendon,Jayden Laverde,0,6,6,100.0,0,0,0,4,0,0,0,1,100,2,1,0,59,2022,Round 1,2022-03-19,10547
Essendon,Kyle Langford,1,0,0,0.0,0,0,0,0,0,0,0,0,8,0,0,0,4,2022,Round 1,2022-03-19,10547
Greater Western Sydney,Tom Green,17,14,24,77.4,1,0,2,1,0,4,4,7,366,8,8,0,78,2022,Round 1,2022-03-19,10548
Greater Western Sydney,Tim Taranto,12,12,14,50.0,2,0,2,1,0,2,3,10,446,9,1,2,87,2022,Round 1,2022-03-19,10548
Greater Western Sydney,Joshua Kelly,11,14,23,85.2,0,0,0,1,0,2,3,8,444,2,3,0,87,2022,Round 1,2022-03-19,10548
Greater Western Sydney,Harry Perryman,8,14,17,70.8,0,1,0,3,0,0,0,4,394,6,7,0,88,2022,Round 1,2022-03-19,10548
Greater Western Sydney,Callan Ward,12,11,14,60.9,1,0,0,0,0,2,2,9,308,4,2,0,82,2022,Round 1,2022-03-19,10548
Greater Western Sydney,Lachie Whitfield,6,13,15,71.4,0,0,0,1,1,0,1,7,408,3,2,0,80,2022,Round 1,2022-03-19,10548
Greater Western Sydney,Stephen Coniglio,6,15,13,65.0,1,0,0,1,0,2,1,8,270,1,0,0,85,2022,Round 1,2022-03-19,10548
Greater Western Sydney,Isaac Cumming,5,8,14,77.8,1,0,0,0,0,0,0,4,392,2,6,0,85,2022,Round 1,2022-03-19,10548
Greater Western Sydney,Jacob Hopper,11,6,13,76.5,0,0,0,0,1,3,2,5,350,3,2,1,58,2022,Round 1,2022-03-19,10548
Greater Western Sydney,Matthew Flynn,12,7,11,64.7,3,0,0,8,0,2,0,4,112,3,4,0,75,2022,Round 1,2022-03-19,10548
Greater Western Sydney,Phil Davis,5,11,11,73.3,0,0,0,7,0,0,0,2,255,2,9,0,83,2022,Round 1,2022-03-19,10548
Greater Western Sydney,Matthew Deboer,5,10,12,80.0,0,0,0,0,0,0,1,2,63,0,2,1,77,2022,Round 1,2022-03-19,10548
Greater Western Sydney,Harrison Himmelberg,7,5,10,90.9,1,0,1,0,0,0,0,7,99,1,0,1,96,2022,Round 1,2022-03-19,10548
Greater Western Sydney,Jarrod Brander,3,5,5,50.0,0,1,2,0,0,0,0,7,118,1,0,0,84,2022,Round 1,2022-03-19,10548
Greater Western Sydney,Connor Idun,2,8,10,100.0,1,0,0,5,1,0,0,3,248,1,2,0,84,2022,Round 1,2022-03-19,10548
Greater Western Sydney,Jake Riccardi,4,7,7,70.0,1,0,1,0,0,0,1,2,213,2,0,0,82,2022,Round 1,2022-03-19,10548
Greater Western Sydney,Daniel Lloyd,3,6,6,66.7,1,1,2,1,0,0,0,5,163,2,0,0,82,2022,Round 1,2022-03-19,10548
Greater Western Sydney,Sam Taylor,4,5,8,88.9,1,0,0,9,0,0,1,2,60,1,3,0,92,2022,Round 1,2022-03-19,10548
Greater Western Sydney,Ian Hill,4,4,4,50.0,0,1,3,2,0,0,1,5,159,2,1,0,73,2022,Round 1,2022-03-19,10548
Greater Western Sydney,Lachlan Ash,3,6,6,75.0,0,0,0,0,0,0,0,1,46,0,3,0,80,2022,Round 1,2022-03-19,10548
Greater Western Sydney,Xavier O Halloran,1,7,6,85.7,0,0,1,2,0,1,0,4,204,0,1,0,81,2022,Round 1,2022-03-19,10548
Greater Western Sydney,Lachlan Keeffe,2,3,4,66.7,0,0,0,3,0,0,0,0,49,2,4,0,83,2022,Round 1,2022-03-19,10548
Sydney,Isaac Heeney,9,15,16,64.0,0,0,0,2,0,0,6,6,413,4,2,0,83,2022,Round 1,2022-03-19,10548
Sydney,Nick Blakey,4,12,18,81.8,0,0,0,4,0,0,1,7,646,6,6,0,83,2022,Round 1,2022-03-19,10548
Sydney,Luke Parker,12,8,17,81.0,3,1,3,0,0,0,1,11,379,4,3,1,82,2022,Round 1,2022-03-19,10548
Sydney,Callum Mills,8,14,11,52.4,1,2,0,6,0,0,3,5,565,7,2,0,81,2022,Round 1,2022-03-19,10548
Sydney,Oliver Florent,8,13,18,90.0,0,0,0,0,2,4,1,12,439,1,1,1,89,2022,Round 1,2022-03-19,10548
Sydney,James Rowbottom,13,6,15,83.3,1,0,0,2,0,2,5,7,266,2,2,0,80,2022,Round 1,2022-03-19,10548
Sydney,Justin Mcinerney,8,9,12,70.6,0,1,0,0,2,2,1,4,246,1,2,0,82,2022,Round 1,2022-03-19,10548
Sydney,Tom Hickey,9,7,11,68.8,0,0,0,2,0,2,5,6,105,3,2,0,78,2022,Round 1,2022-03-19,10548
Sydney,Dylan Stephens,8,8,9,56.2,0,2,0,1,0,0,4,7,254,4,4,0,78,2022,Round 1,2022-03-19,10548
Sydney,Errol Gulden,5,11,14,87.5,0,0,0,1,2,1,1,8,416,2,1,1,77,2022,Round 1,2022-03-19,10548
Sydney,Will Hayward,9,5,8,53.3,1,0,1,1,0,0,0,6,175,2,1,0,82,2022,Round 1,2022-03-19,10548
Sydney,Paddy Mccartin,5,7,10,71.4,1,0,0,6,0,0,0,2,265,3,8,0,90,2022,Round 1,2022-03-19,10548
Sydney,Josh P  Kennedy,0,10,9,75.0,0,0,0,0,0,0,0,5,127,3,1,0,81,2022,Round 1,2022-03-19,10548
Sydney,Dane Rampe,3,7,10,83.3,0,0,0,4,0,0,0,1,252,4,4,0,96,2022,Round 1,2022-03-19,10548
Sydney,Hayden Mclean,5,5,10,83.3,2,1,1,1,0,0,1,7,122,1,1,1,82,2022,Round 1,2022-03-19,10548
Sydney,Braeden Campbell,2,7,9,81.8,0,0,0,0,0,0,0,4,253,0,4,0,77,2022,Round 1,2022-03-19,10548
Sydney,Tom Mccartin,8,2,9,100.0,2,0,0,9,0,0,0,3,146,1,8,0,90,2022,Round 1,2022-03-19,10548
Sydney,Lance Franklin,4,5,6,75.0,0,1,1,2,0,0,0,6,163,2,0,1,88,2022,Round 1,2022-03-19,10548
Sydney,Angus Sheldrick,4,3,6,75.0,0,1,1,0,0,0,0,5,38,1,0,1,67,2022,Round 1,2022-03-19,10548
Sydney,Harry Cunningham,1,6,7,100.0,0,0,0,3,0,0,1,2,64,2,2,0,82,2022,Round 1,2022-03-19,10548
Sydney,Sam Wicks,3,4,4,57.1,0,0,1,3,0,0,1,3,129,2,0,1,82,2022,Round 1,2022-03-19,10548
Sydney,Logan Mcdonald,2,3,1,20.0,0,0,1,0,0,0,0,2,82,4,2,1,66,2022,Round 1,2022-03-19,10548
Brisbane Lions,Lachie Neale,15,17,26,83.9,0,0,0,2,2,2,5,4,439,8,5,0,76,2022,Round 1,2022-03-19,10549
Brisbane Lions,Jarryd Lyons,13,9,12,52.2,0,0,1,2,0,3,5,3,372,8,3,0,83,2022,Round 1,2022-03-19,10549
Brisbane Lions,Zac Bailey,9,14,14,60.9,0,0,1,1,0,1,3,5,432,5,4,3,82,2022,Round 1,2022-03-19,10549
Brisbane Lions,Marcus Adams,6,15,16,80.0,3,0,0,3,0,0,0,1,374,3,10,0,99,2022,Round 1,2022-03-19,10549
Brisbane Lions,Daniel Rich,5,10,14,77.8,0,0,0,2,0,0,0,3,456,3,7,0,76,2022,Round 1,2022-03-19,10549
Brisbane Lions,Mitch Robinson,5,14,12,66.7,0,0,0,1,0,0,0,4,352,8,3,1,69,2022,Round 1,2022-03-19,10549
Brisbane Lions,Jarrod Berry,6,11,10,55.6,1,0,0,4,0,0,3,3,286,4,2,0,80,2022,Round 1,2022-03-19,10549
Brisbane Lions,Noah Answerth,6,11,12,75.0,0,0,0,4,0,0,0,4,74,4,7,0,76,2022,Round 1,2022-03-19,10549
Brisbane Lions,Lincoln Mccarthy,6,8,9,64.3,0,1,0,1,2,0,1,8,189,2,1,1,77,2022,Round 1,2022-03-19,10549
Brisbane Lions,Hugh Mccluggage,7,8,11,78.6,0,2,1,2,2,0,4,4,179,3,3,0,85,2022,Round 1,2022-03-19,10549
Brisbane Lions,Dayne Zorko,3,9,9,69.2,0,1,0,1,0,0,1,4,328,5,1,0,48,2022,Round 1,2022-03-19,10549
Brisbane Lions,Darcy Gardiner,5,8,10,76.9,0,0,0,8,0,0,0,4,215,3,7,0,86,2022,Round 1,2022-03-19,10549
Brisbane Lions,Callum Ah Chee,7,7,10,76.9,0,0,0,1,0,0,1,1,138,0,6,0,74,2022,Round 1,2022-03-19,10549
Brisbane Lions,Oscar Mcinerney,8,4,9,69.2,2,1,2,1,0,3,1,4,142,1,2,1,76,2022,Round 1,2022-03-19,10549
Brisbane Lions,Cameron Rayner,8,6,7,53.8,0,1,0,0,0,1,3,4,269,0,2,0,68,2022,Round 1,2022-03-19,10549
Brisbane Lions,Joe Daniher,7,5,5,45.5,4,0,4,1,2,0,0,7,336,2,1,1,92,2022,Round 1,2022-03-19,10549
Brisbane Lions,Charlie Cameron,4,8,5,45.5,1,0,1,0,0,0,1,2,201,6,1,0,92,2022,Round 1,2022-03-19,10549
Brisbane Lions,Harris Andrews,4,9,10,90.9,0,0,0,7,0,0,0,3,195,0,2,0,100,2022,Round 1,2022-03-19,10549
Brisbane Lions,Nakia Cockatoo,6,5,7,70.0,0,2,0,1,0,1,1,4,218,0,0,1,68,2022,Round 1,2022-03-19,10549
Brisbane Lions,Brandon Starcevich,4,5,4,44.4,0,0,0,2,0,0,0,0,117,4,5,0,91,2022,Round 1,2022-03-19,10549
Brisbane Lions,Daniel Mcstay,2,6,3,37.5,0,1,0,0,0,0,0,3,157,4,1,0,91,2022,Round 1,2022-03-19,10549
Brisbane Lions,Darcy Fort,4,3,6,100.0,1,0,2,1,0,0,2,5,137,1,2,1,88,2022,Round 1,2022-03-19,10549
Brisbane Lions,Harry Sharp,1,2,3,100.0,0,0,0,0,0,0,0,1,47,0,1,1,21,2022,Round 1,2022-03-19,10549
Port Adelaide,Dan Houston,9,27,25,69.4,1,0,0,2,1,0,1,10,775,7,7,0,88,2022,Round 1,2022-03-19,10549
Port Adelaide,Travis Boak,19,15,23,71.9,0,0,0,3,0,2,5,6,266,3,8,1,80,2022,Round 1,2022-03-19,10549
Port Adelaide,Oliver Wines,9,18,17,58.6,0,1,1,0,0,1,1,5,309,3,2,0,79,2022,Round 1,2022-03-19,10549
Port Adelaide,Zak Butters,13,13,18,66.7,0,0,0,2,2,2,6,2,239,4,5,0,92,2022,Round 1,2022-03-19,10549
Port Adelaide,Darcy Byrne Jones,5,21,21,80.8,0,0,0,4,0,0,1,4,445,7,5,0,89,2022,Round 1,2022-03-19,10549
Port Adelaide,Riley Bonner,5,12,18,75.0,0,1,0,3,2,0,1,2,591,5,1,0,85,2022,Round 1,2022-03-19,10549
Port Adelaide,Karl Amon,6,16,13,61.9,0,1,0,3,0,1,3,5,540,4,2,0,72,2022,Round 1,2022-03-19,10549
Port Adelaide,Sam Powell Pepper,10,10,12,66.7,0,0,0,2,0,0,3,4,196,3,2,0,81,2022,Round 1,2022-03-19,10549
Port Adelaide,Ryan Burton,4,9,14,93.3,0,0,0,7,0,0,0,4,306,2,7,0,82,2022,Round 1,2022-03-19,10549
Port Adelaide,Willem Drew,8,7,10,66.7,0,1,0,4,0,2,2,4,421,5,1,0,70,2022,Round 1,2022-03-19,10549
Port Adelaide,Aliir Aliir,5,5,7,53.8,0,0,0,7,0,0,0,0,246,5,8,0,88,2022,Round 1,2022-03-19,10549
Port Adelaide,Trent Mckenzie,6,4,11,91.7,2,0,0,2,0,0,1,1,294,2,4,0,77,2022,Round 1,2022-03-19,10549
Port Adelaide,Lachlan Jones,7,5,7,58.3,0,0,0,9,0,1,0,2,166,5,8,0,82,2022,Round 1,2022-03-19,10549
Port Adelaide,Steven Motlop,3,9,11,100.0,0,1,1,0,0,0,0,3,155,2,2,0,61,2022,Round 1,2022-03-19,10549
Port Adelaide,Jeremy Finlayson,5,5,5,45.5,0,0,0,5,0,0,2,3,79,4,2,0,82,2022,Round 1,2022-03-19,10549
Port Adelaide,Jackson Mead,3,7,7,70.0,0,1,0,3,0,1,0,3,129,2,2,0,77,2022,Round 1,2022-03-19,10549
Port Adelaide,Scott Lycett,5,4,5,55.6,1,0,0,1,0,2,1,0,19,2,1,0,83,2022,Round 1,2022-03-19,10549
Port Adelaide,Thomas Jonas,4,4,8,88.9,0,0,0,7,0,0,0,0,115,2,5,0,97,2022,Round 1,2022-03-19,10549
Port Adelaide,Mitch Georgiades,3,4,4,57.1,3,0,3,2,0,0,0,3,107,4,0,2,86,2022,Round 1,2022-03-19,10549
Port Adelaide,Xavier Duursma,2,4,4,66.7,0,0,0,0,0,0,0,0,127,2,0,0,8,2022,Round 1,2022-03-19,10549
Port Adelaide,Robert Gray,2,4,5,100.0,0,0,0,1,0,0,0,2,27,0,2,2,82,2022,Round 1,2022-03-19,10549
Port Adelaide,Connor Rozee,3,2,4,80.0,0,0,0,0,0,0,1,3,76,2,1,1,76,2022,Round 1,2022-03-19,10549
Port Adelaide,Todd Marshall,3,1,2,50.0,1,0,1,1,0,0,0,2,87,1,0,0,84,2022,Round 1,2022-03-19,10549
Hawthorn,Tom Mitchell,11,18,21,72.4,0,1,1,0,0,1,5,7,429,2,2,0,82,2022,Round 1,2022-03-20,10550
Hawthorn,James Sicily,6,17,19,70.4,1,0,0,4,1,0,0,3,538,7,7,0,90,2022,Round 1,2022-03-20,10550
Hawthorn,Liam Shiels,6,20,16,64.0,0,0,0,2,0,0,0,6,320,7,4,1,84,2022,Round 1,2022-03-20,10550
Hawthorn,Changkuoth Jiath,7,18,20,83.3,1,1,0,7,1,0,1,4,264,2,9,0,70,2022,Round 1,2022-03-20,10550
Hawthorn,Harry Morrison,7,16,16,72.7,0,0,0,2,0,0,1,3,357,3,5,0,87,2022,Round 1,2022-03-20,10550
Hawthorn,Jack Scrimshaw,7,12,15,71.4,0,0,0,2,2,0,1,5,432,5,8,0,83,2022,Round 1,2022-03-20,10550
Hawthorn,Dylan Moore,7,12,14,73.7,2,1,0,1,0,0,0,8,318,5,2,4,90,2022,Round 1,2022-03-20,10550
Hawthorn,Jack Gunston,10,8,10,55.6,3,0,6,1,0,0,0,9,299,4,2,1,96,2022,Round 1,2022-03-20,10550
Hawthorn,Jai Newcombe,8,11,14,77.8,1,3,2,1,2,1,0,9,462,4,3,0,83,2022,Round 1,2022-03-20,10550
Hawthorn,Sam Frost,9,9,14,82.4,1,0,0,7,0,0,0,2,106,1,12,0,95,2022,Round 1,2022-03-20,10550
Hawthorn,Tom Phillips,4,13,13,76.5,0,2,0,0,0,0,0,4,273,3,2,2,61,2022,Round 1,2022-03-20,10550
Hawthorn,Connor Macdonald,6,9,12,75.0,0,0,0,0,0,0,1,5,99,3,3,0,73,2022,Round 1,2022-03-20,10550
Hawthorn,Jaeger O Meara,10,5,10,66.7,1,0,0,2,0,1,4,5,117,5,2,0,73,2022,Round 1,2022-03-20,10550
Hawthorn,Finn Maginness,3,12,8,57.1,0,0,0,0,0,0,0,2,359,8,4,1,86,2022,Round 1,2022-03-20,10550
Hawthorn,Mitchell Lewis,8,5,10,76.9,6,0,5,0,0,0,0,7,282,0,1,3,97,2022,Round 1,2022-03-20,10550
Hawthorn,Josh Ward,2,11,11,84.6,0,0,0,0,0,1,0,0,79,1,1,0,62,2022,Round 1,2022-03-20,10550
Hawthorn,Blake Hardwick,3,6,10,83.3,0,0,0,4,0,0,1,3,229,0,2,0,87,2022,Round 1,2022-03-20,10550
Hawthorn,James Worpel,5,9,11,91.7,0,0,0,1,0,1,2,4,281,4,2,0,76,2022,Round 1,2022-03-20,10550
Hawthorn,Chad Wingard,2,7,8,72.7,0,0,0,2,0,0,0,4,199,3,1,0,88,2022,Round 1,2022-03-20,10550
Hawthorn,Conor Nash,4,6,10,100.0,0,0,0,1,0,1,2,5,167,2,0,2,64,2022,Round 1,2022-03-20,10550
Hawthorn,Ned Reeves,5,1,6,85.7,1,0,0,1,0,1,1,2,59,1,1,0,72,2022,Round 1,2022-03-20,10550
Hawthorn,Denver Grainger Barras,1,5,5,100.0,0,0,0,4,0,0,0,1,63,0,4,0,82,2022,Round 1,2022-03-20,10550
Hawthorn,Max Lynch,1,1,2,100.0,0,0,0,0,0,0,1,1,65,1,1,0,18,2022,Round 1,2022-03-20,10550
North Melbourne,Aaron Hall,6,20,25,80.6,1,0,0,1,2,0,1,3,869,8,3,0,90,2022,Round 1,2022-03-20,10550
North Melbourne,Jy Simpkin,13,17,17,58.6,0,0,1,0,0,2,2,5,449,9,3,0,91,2022,Round 1,2022-03-20,10550
North Melbourne,Luke Mcdonald,7,14,24,88.9,4,0,0,6,0,0,0,4,548,4,13,0,93,2022,Round 1,2022-03-20,10550
North Melbourne,Luke Davies Uniacke,13,14,16,59.3,0,0,0,0,0,1,4,7,479,6,5,0,79,2022,Round 1,2022-03-20,10550
North Melbourne,Tom Powell,8,13,12,57.1,0,0,0,0,0,0,0,4,269,7,8,0,83,2022,Round 1,2022-03-20,10550
North Melbourne,Jack Ziebell,8,9,16,80.0,1,0,0,6,0,0,1,3,372,3,10,0,79,2022,Round 1,2022-03-20,10550
North Melbourne,Hugh Greenwood,9,9,15,78.9,0,0,0,1,0,3,1,1,199,4,2,0,72,2022,Round 1,2022-03-20,10550
North Melbourne,Bailey Scott,2,14,13,81.2,0,0,0,2,0,0,0,3,296,1,2,0,93,2022,Round 1,2022-03-20,10550
North Melbourne,Curtis Taylor,7,10,9,56.2,0,1,1,3,0,0,1,4,227,3,2,2,82,2022,Round 1,2022-03-20,10550
North Melbourne,Todd Goldstein,9,3,8,61.5,2,0,2,2,0,0,4,2,110,4,2,0,73,2022,Round 1,2022-03-20,10550
North Melbourne,Lachie Young,3,10,9,69.2,1,0,0,2,0,0,0,1,212,1,4,0,75,2022,Round 1,2022-03-20,10550
North Melbourne,Jason Horne Francis,6,7,10,76.9,0,0,1,1,1,2,2,6,305,1,1,0,80,2022,Round 1,2022-03-20,10550
North Melbourne,Jack Mahony,4,7,7,58.3,1,0,0,2,0,0,3,4,178,4,0,1,72,2022,Round 1,2022-03-20,10550
North Melbourne,Tarryn Thomas,6,4,9,81.8,1,0,0,1,3,2,1,0,235,2,2,0,73,2022,Round 1,2022-03-20,10550
North Melbourne,Jaidyn Stephenson,2,10,8,72.7,0,0,1,2,0,0,1,2,102,3,1,2,83,2022,Round 1,2022-03-20,10550
North Melbourne,Charlie Lazzaro,3,8,6,54.5,0,0,0,0,0,0,0,2,209,3,2,0,58,2022,Round 1,2022-03-20,10550
North Melbourne,Kayne Turner,4,7,7,70.0,0,0,0,2,0,0,0,2,54,3,4,0,83,2022,Round 1,2022-03-20,10550
North Melbourne,Nick Larkey,3,6,8,80.0,0,1,1,2,0,0,0,5,165,3,1,0,95,2022,Round 1,2022-03-20,10550
North Melbourne,Tristan Xerri,8,2,5,50.0,2,1,1,2,0,0,2,3,104,1,2,1,83,2022,Round 1,2022-03-20,10550
North Melbourne,Aidan Corr,2,7,6,66.7,0,0,0,3,0,0,1,1,183,3,2,0,89,2022,Round 1,2022-03-20,10550
North Melbourne,Cameron Zurhaar,5,4,3,37.5,0,0,0,7,0,0,0,2,134,2,2,0,79,2022,Round 1,2022-03-20,10550
North Melbourne,Callum Coleman Jones,2,3,3,75.0,0,1,0,0,0,0,0,4,7,2,1,1,73,2022,Round 1,2022-03-20,10550
North Melbourne,Ben Mckay,0,0,0,0.0,0,0,0,1,0,0,0,0,0,0,0,0,22,2022,Round 1,2022-03-20,10550
Adelaide,Ben Keays,7,29,25,67.6,0,1,0,0,0,2,2,12,615,6,2,2,86,2022,Round 1,2022-03-20,10551
Adelaide,Matt Crouch,13,17,23,76.7,0,0,0,2,0,2,4,9,230,3,2,0,66,2022,Round 1,2022-03-20,10551
Adelaide,Lachlan Sholl,10,15,18,78.3,0,1,1,1,0,0,1,3,262,5,5,0,62,2022,Round 1,2022-03-20,10551
Adelaide,Harry Schoenberg,8,15,12,52.2,0,0,0,2,1,1,5,6,401,6,2,0,78,2022,Round 1,2022-03-20,10551
Adelaide,James Rowe,7,13,19,90.5,0,1,1,0,0,0,1,9,291,1,0,1,83,2022,Round 1,2022-03-20,10551
Adelaide,Rory Sloane,13,9,11,55.0,0,0,1,3,0,3,4,5,205,4,2,0,84,2022,Round 1,2022-03-20,10551
Adelaide,Brodie Smith,5,13,14,77.8,0,1,0,2,0,0,0,5,323,3,3,0,70,2022,Round 1,2022-03-20,10551
Adelaide,Tom Doedee,5,11,15,88.2,1,0,0,3,0,0,0,0,274,1,6,0,89,2022,Round 1,2022-03-20,10551
Adelaide,Jordan Dawson,5,11,14,82.4,1,0,0,3,0,0,1,3,336,2,3,1,87,2022,Round 1,2022-03-20,10551
Adelaide,Chayce Jones,6,9,9,56.2,0,0,0,0,0,0,1,3,329,4,4,0,93,2022,Round 1,2022-03-20,10551
Adelaide,Luke Brown,7,9,13,86.7,0,0,0,4,0,0,0,3,402,1,7,0,85,2022,Round 1,2022-03-20,10551
Adelaide,Wayne Milera,4,10,9,64.3,0,0,1,0,0,0,0,4,179,2,3,0,61,2022,Round 1,2022-03-20,10551
Adelaide,Mitchell Hinge,6,8,10,71.4,0,0,0,0,0,0,1,2,207,2,5,0,75,2022,Round 1,2022-03-20,10551
Adelaide,Josh Rachele,6,7,10,71.4,0,0,3,1,0,0,1,8,282,1,1,1,85,2022,Round 1,2022-03-20,10551
Adelaide,Nick Murray,7,7,10,76.9,2,0,0,3,0,0,0,0,249,5,8,0,84,2022,Round 1,2022-03-20,10551
Adelaide,Reilly O Brien,10,4,6,50.0,2,0,1,5,0,1,1,6,98,2,1,1,84,2022,Round 1,2022-03-20,10551
Adelaide,Edward Mchenry,5,7,9,75.0,0,1,0,1,0,0,0,4,211,1,1,2,90,2022,Round 1,2022-03-20,10551
Adelaide,Andrew Mcpherson,4,6,6,60.0,0,0,0,1,0,0,0,0,151,2,3,0,24,2022,Round 1,2022-03-20,10551
Adelaide,Jordon Butts,4,5,8,100.0,0,0,0,10,0,0,0,0,198,1,5,0,90,2022,Round 1,2022-03-20,10551
Adelaide,Darcy Fogarty,3,4,6,85.7,0,0,2,1,0,0,1,4,125,3,0,1,87,2022,Round 1,2022-03-20,10551
Adelaide,Riley Thilthorpe,2,4,4,57.1,1,0,2,1,0,0,2,2,137,3,0,0,84,2022,Round 1,2022-03-20,10551
Adelaide,Elliot Himmelberg,2,5,4,66.7,0,1,0,1,0,0,0,3,129,2,0,0,93,2022,Round 1,2022-03-20,10551
Adelaide,Jake Soligo,4,1,4,80.0,1,1,0,1,0,0,1,3,112,1,1,0,63,2022,Round 1,2022-03-20,10551
Fremantle,Andrew Brayshaw,12,17,17,60.7,0,1,0,2,0,5,3,9,713,9,3,0,85,2022,Round 1,2022-03-20,10551
Fremantle,David Mundy,15,9,13,56.5,0,0,0,0,0,3,4,6,215,5,1,0,81,2022,Round 1,2022-03-20,10551
Fremantle,Caleb Serong,10,14,19,82.6,0,1,0,1,0,2,1,7,339,3,3,0,77,2022,Round 1,2022-03-20,10551
Fremantle,Will Brodie,13,7,14,63.6,0,0,0,0,0,5,2,7,255,2,3,0,65,2022,Round 1,2022-03-20,10551
Fremantle,Jordan Clark,6,14,16,80.0,0,0,0,6,1,1,1,3,716,7,5,0,83,2022,Round 1,2022-03-20,10551
Fremantle,Sam Switkowski,8,11,14,77.8,0,0,0,1,3,0,2,5,215,2,1,2,81,2022,Round 1,2022-03-20,10551
Fremantle,Blake Acres,9,9,15,88.2,0,0,0,0,0,0,4,7,373,3,6,0,80,2022,Round 1,2022-03-20,10551
Fremantle,Hayden Young,3,12,15,88.2,1,0,0,3,0,0,0,6,310,2,4,0,81,2022,Round 1,2022-03-20,10551
Fremantle,Darcy Tucker,5,10,11,73.3,0,0,1,1,0,0,1,5,331,2,3,0,70,2022,Round 1,2022-03-20,10551
Fremantle,Luke Ryan,3,8,14,93.3,0,0,0,5,0,0,0,4,341,1,5,0,86,2022,Round 1,2022-03-20,10551
Fremantle,Heath Chapman,6,8,12,85.7,1,0,0,3,0,0,0,5,281,2,5,0,85,2022,Round 1,2022-03-20,10551
Fremantle,Rory Lobb,7,6,9,69.2,1,2,6,4,0,0,0,9,240,0,2,1,95,2022,Round 1,2022-03-20,10551
Fremantle,Lloyd Meek,3,10,11,84.6,0,0,0,7,0,0,2,6,58,1,2,0,78,2022,Round 1,2022-03-20,10551
Fremantle,Brennan Cox,2,6,9,90.0,0,0,0,6,0,0,0,0,194,1,6,0,88,2022,Round 1,2022-03-20,10551
Fremantle,Bailey Banfield,4,8,5,50.0,1,1,1,1,0,0,0,4,251,5,1,1,87,2022,Round 1,2022-03-20,10551
Fremantle,Griffin Logue,4,5,7,77.8,1,0,0,3,0,0,0,0,147,3,5,0,81,2022,Round 1,2022-03-20,10551
Fremantle,Lachlan Schultz,4,7,6,66.7,0,1,1,3,0,0,0,6,244,4,0,3,84,2022,Round 1,2022-03-20,10551
Fremantle,Liam Henry,4,6,7,87.5,0,0,0,2,1,0,2,2,153,4,2,0,71,2022,Round 1,2022-03-20,10551
Fremantle,Minairo Frederick,4,5,5,62.5,1,1,0,2,0,0,0,3,145,2,1,0,83,2022,Round 1,2022-03-20,10551
Fremantle,Josh Treacy,2,6,6,75.0,0,0,1,4,0,0,0,3,192,2,1,1,86,2022,Round 1,2022-03-20,10551
Fremantle,Michael Walters,2,6,6,85.7,0,1,0,0,0,0,0,2,94,4,0,1,79,2022,Round 1,2022-03-20,10551
Fremantle,Alex Pearce,3,3,6,100.0,1,0,0,3,0,0,0,0,96,0,3,0,97,2022,Round 1,2022-03-20,10551
West Coast,Andrew Gaff,12,22,18,56.2,0,0,0,2,0,1,4,4,366,8,3,0,89,2022,Round 1,2022-03-20,10552
West Coast,Jack Redden,7,21,24,85.7,0,1,0,1,0,2,1,6,255,5,4,0,81,2022,Round 1,2022-03-20,10552
West Coast,Shannon Hurn,3,9,17,70.8,0,0,0,5,0,0,0,0,585,7,9,0,83,2022,Round 1,2022-03-20,10552
West Coast,Luke Foley,7,16,15,62.5,1,0,0,5,0,0,1,5,412,7,6,1,95,2022,Round 1,2022-03-20,10552
West Coast,Jamaine Jones,8,14,16,76.2,0,0,0,1,2,1,1,3,368,5,2,0,80,2022,Round 1,2022-03-20,10552
West Coast,Jeremy Mcgovern,5,10,15,78.9,2,0,0,8,0,0,0,0,391,3,8,0,86,2022,Round 1,2022-03-20,10552
West Coast,Jackson Nelson,10,10,14,77.8,0,1,0,2,0,1,4,4,272,5,4,1,85,2022,Round 1,2022-03-20,10552
West Coast,Patrick Naish,5,13,10,55.6,0,0,0,0,0,1,0,2,526,4,2,0,89,2022,Round 1,2022-03-20,10552
West Coast,Josh Rotham,2,14,14,82.4,0,0,0,3,0,0,0,2,261,3,4,0,94,2022,Round 1,2022-03-20,10552
West Coast,Sam Petrevski Seton,5,10,13,86.7,0,0,0,1,0,0,2,6,181,2,3,1,73,2022,Round 1,2022-03-20,10552
West Coast,Willie Rioli,7,6,9,69.2,0,1,1,1,0,2,4,5,315,3,2,0,69,2022,Round 1,2022-03-20,10552
West Coast,Xavier O Neill,5,8,11,84.6,0,1,0,1,0,1,2,2,125,1,1,0,61,2022,Round 1,2022-03-20,10552
West Coast,Jack Petruccelle,3,9,7,58.3,1,0,2,1,1,0,0,6,217,2,0,0,82,2022,Round 1,2022-03-20,10552
West Coast,Zac Giles Langdon,6,7,11,91.7,1,1,1,2,0,0,1,4,116,2,0,1,90,2022,Round 1,2022-03-20,10552
West Coast,Tom Barrass,8,4,11,100.0,0,0,0,5,0,0,0,2,228,0,10,0,83,2022,Round 1,2022-03-20,10552
West Coast,Jake Waterman,5,6,9,81.8,0,2,2,1,0,0,0,5,150,2,1,1,92,2022,Round 1,2022-03-20,10552
West Coast,Brady Hough,3,8,6,60.0,0,0,0,2,1,0,1,1,233,5,4,0,82,2022,Round 1,2022-03-20,10552
West Coast,Joshua Kennedy,1,8,5,55.6,0,1,1,0,0,0,0,4,224,5,0,0,90,2022,Round 1,2022-03-20,10552
West Coast,Nicholas Naitanui,10,1,5,55.6,0,0,0,6,0,2,2,3,100,4,0,0,66,2022,Round 1,2022-03-20,10552
West Coast,Harry Edwards,4,5,9,100.0,0,0,0,6,0,0,0,1,87,1,5,0,79,2022,Round 1,2022-03-20,10552
West Coast,Hugh Dixon,2,5,7,100.0,1,0,1,3,0,0,0,1,107,2,0,0,96,2022,Round 1,2022-03-20,10552
West Coast,Bailey Williams 1,4,5,4,57.1,0,0,1,6,0,1,0,2,63,1,0,0,56,2022,Round 1,2022-03-20,10552
Gold Coast,Matt Rowell,22,13,24,72.7,0,0,0,1,0,3,6,10,388,4,6,1,88,2022,Round 1,2022-03-20,10552
Gold Coast,Touk Miller,18,11,21,72.4,0,0,0,1,0,5,3,4,629,6,6,0,85,2022,Round 1,2022-03-20,10552
Gold Coast,Brayden Fiorini,9,15,17,70.8,0,0,0,3,0,2,3,4,536,3,2,0,76,2022,Round 1,2022-03-20,10552
Gold Coast,Noah Anderson,10,15,17,73.9,0,1,0,0,1,2,2,5,435,3,3,0,91,2022,Round 1,2022-03-20,10552
Gold Coast,Izak Rankine,7,13,13,56.5,0,2,5,1,0,0,1,11,284,7,1,1,88,2022,Round 1,2022-03-20,10552
Gold Coast,Lachlan Weller,4,12,13,65.0,0,0,0,2,1,0,1,3,453,5,3,0,88,2022,Round 1,2022-03-20,10552
Gold Coast,Brandon Ellis,6,13,15,78.9,0,1,0,1,0,0,3,5,295,2,2,0,83,2022,Round 1,2022-03-20,10552
Gold Coast,Ben Ainsworth,5,14,11,61.1,1,2,2,0,0,0,0,6,360,5,1,2,80,2022,Round 1,2022-03-20,10552
Gold Coast,Wil Powell,6,8,15,93.8,1,2,0,3,0,0,1,5,432,3,9,0,87,2022,Round 1,2022-03-20,10552
Gold Coast,Jarrod Witts,10,3,9,60.0,1,0,1,3,0,3,1,7,181,2,4,0,77,2022,Round 1,2022-03-20,10552
Gold Coast,David Swallow,3,11,9,64.3,0,0,0,0,0,0,0,2,230,4,3,0,79,2022,Round 1,2022-03-20,10552
Gold Coast,Darcy Macpherson,7,7,6,42.9,0,0,0,0,0,0,0,3,93,4,1,0,47,2022,Round 1,2022-03-20,10552
Gold Coast,Nicholas Holman,9,5,11,78.6,0,1,1,0,0,0,0,7,140,1,3,0,91,2022,Round 1,2022-03-20,10552
Gold Coast,Sean Lemmens,6,7,7,53.8,0,0,0,1,0,1,0,2,283,4,4,0,83,2022,Round 1,2022-03-20,10552
Gold Coast,Charlie Ballard,2,11,10,76.9,2,0,0,6,0,0,0,1,205,1,7,0,86,2022,Round 1,2022-03-20,10552
Gold Coast,Jack Lukosius,5,6,4,33.3,1,1,3,0,0,0,0,6,373,4,4,1,89,2022,Round 1,2022-03-20,10552
Gold Coast,Alex Davies,10,3,7,58.3,0,2,0,1,0,0,1,6,126,2,4,0,70,2022,Round 1,2022-03-20,10552
Gold Coast,Jeremy Sharp,3,7,5,45.5,0,0,2,0,0,0,0,4,181,1,4,0,74,2022,Round 1,2022-03-20,10552
Gold Coast,Samuel Collins,5,5,8,80.0,1,0,0,4,0,0,0,0,105,2,7,0,96,2022,Round 1,2022-03-20,10552
Gold Coast,Mabior Chol,3,3,7,87.5,0,0,0,1,0,0,0,2,136,2,1,1,83,2022,Round 1,2022-03-20,10552
Gold Coast,Levi Casboult,5,2,5,71.4,1,0,2,2,0,0,1,3,107,2,0,1,79,2022,Round 1,2022-03-20,10552
Gold Coast,Caleb Graham,1,6,5,71.4,0,0,0,8,0,0,0,0,110,1,2,0,80,2022,Round 1,2022-03-20,10552
Western Bulldogs,Jackson Macrae,16,20,28,80.0,0,2,0,0,0,2,3,11,562,2,6,0,79,2022,Round 2,2022-03-24,10553
Western Bulldogs,Adam Treloar,7,22,25,78.1,0,0,1,1,2,3,3,6,233,2,3,0,83,2022,Round 2,2022-03-24,10553
Western Bulldogs,Josh Dunkley,8,17,17,65.4,0,1,2,2,1,4,2,8,265,6,2,2,75,2022,Round 2,2022-03-24,10553
Western Bulldogs,Caleb Daniel,4,18,19,76.0,0,0,0,0,0,1,2,6,439,5,2,0,81,2022,Round 2,2022-03-24,10553
Western Bulldogs,Timothy English,9,15,21,87.5,1,0,2,5,1,3,3,6,321,5,3,0,82,2022,Round 2,2022-03-24,10553
Western Bulldogs,Thomas Liberatore,11,12,20,90.9,1,0,1,3,1,1,2,6,367,3,6,1,78,2022,Round 2,2022-03-24,10553
Western Bulldogs,Bailey Dale,3,16,18,85.7,1,1,0,4,2,0,0,6,441,2,3,0,82,2022,Round 2,2022-03-24,10553
Western Bulldogs,Roarke Smith,6,14,15,75.0,0,1,0,1,0,0,0,3,318,2,4,1,83,2022,Round 2,2022-03-24,10553
Western Bulldogs,Marcus Bontempelli,8,11,15,78.9,1,1,1,3,0,0,1,6,428,3,5,1,90,2022,Round 2,2022-03-24,10553
Western Bulldogs,Lachlan Hunter,2,15,17,94.4,0,0,0,0,1,0,0,7,242,0,2,0,89,2022,Round 2,2022-03-24,10553
Western Bulldogs,Ed Richards,4,12,13,86.7,2,0,0,1,0,0,0,3,193,3,4,0,84,2022,Round 2,2022-03-24,10553
Western Bulldogs,Cody Weightman,3,10,10,71.4,0,1,1,0,0,0,0,4,238,5,0,0,71,2022,Round 2,2022-03-24,10553
Western Bulldogs,Zaine Cordy,7,6,10,90.9,0,0,0,8,0,1,0,0,221,2,6,0,91,2022,Round 2,2022-03-24,10553
Western Bulldogs,Ryan Gardner,5,4,11,100.0,1,0,0,6,0,0,0,2,143,1,7,0,96,2022,Round 2,2022-03-24,10553
Western Bulldogs,Laitham Vandermeer,5,6,8,72.7,0,2,0,2,0,0,0,4,118,3,2,0,78,2022,Round 2,2022-03-24,10553
Western Bulldogs,Taylor Duryea,1,9,8,80.0,0,0,0,1,0,0,0,4,188,2,3,0,74,2022,Round 2,2022-03-24,10553
Western Bulldogs,Hayden Crozier,3,6,6,66.7,0,0,0,2,0,0,1,2,164,3,1,0,42,2022,Round 2,2022-03-24,10553
Western Bulldogs,Aaron Naughton,7,2,3,33.3,1,0,2,1,0,0,0,5,101,4,2,0,78,2022,Round 2,2022-03-24,10553
Western Bulldogs,Anthony Scott,4,6,7,77.8,0,0,2,3,0,0,0,4,100,4,1,0,79,2022,Round 2,2022-03-24,10553
Western Bulldogs,Mitchell Hannan,3,5,7,87.5,1,0,2,0,0,0,0,4,137,1,0,0,69,2022,Round 2,2022-03-24,10553
Western Bulldogs,Alex Keath,5,1,5,83.3,1,0,0,4,0,0,0,1,88,0,5,0,100,2022,Round 2,2022-03-24,10553
Western Bulldogs,Jamarra Ugle Hagan,1,5,3,50.0,0,1,1,2,0,0,0,4,142,3,0,0,84,2022,Round 2,2022-03-24,10553
Western Bulldogs,Bailey Williams,1,4,3,60.0,0,0,0,2,0,0,0,0,91,1,1,0,31,2022,Round 2,2022-03-24,10553
Carlton,Patrick Cripps,23,15,29,82.9,0,0,0,2,1,6,5,12,503,5,1,1,82,2022,Round 2,2022-03-24,10553
Carlton,Sam Walsh,6,28,28,82.4,0,1,0,1,0,1,4,7,217,6,1,1,80,2022,Round 2,2022-03-24,10553
Carlton,George Hewett,18,15,27,84.4,0,1,0,1,0,4,3,5,64,2,4,0,84,2022,Round 2,2022-03-24,10553
Carlton,Matthew Kennedy 1,17,14,18,58.1,2,1,0,1,0,3,3,7,372,5,1,0,73,2022,Round 2,2022-03-24,10553
Carlton,Zachary Williams,6,17,24,88.9,0,0,0,1,4,0,0,9,373,2,6,0,80,2022,Round 2,2022-03-24,10553
Carlton,Sam Docherty,7,18,18,72.0,0,0,0,4,0,0,0,5,383,5,7,0,89,2022,Round 2,2022-03-24,10553
Carlton,Lochie O Brien,3,22,19,76.0,0,1,0,0,0,0,1,6,435,5,1,0,72,2022,Round 2,2022-03-24,10553
Carlton,Nic Newman,3,19,20,83.3,0,0,0,2,0,0,0,3,435,5,3,0,81,2022,Round 2,2022-03-24,10553
Carlton,Will Setterfield,6,17,16,69.6,0,0,0,1,0,0,1,5,211,3,2,0,82,2022,Round 2,2022-03-24,10553
Carlton,Zac Fisher,7,16,19,82.6,0,0,1,1,0,0,1,5,205,3,2,0,78,2022,Round 2,2022-03-24,10553
Carlton,Adam Saad,5,13,16,72.7,0,0,0,0,9,0,0,1,391,5,7,0,79,2022,Round 2,2022-03-24,10553
Carlton,Charlie Curnow,8,8,11,68.8,0,1,2,2,0,0,0,8,514,5,0,1,89,2022,Round 2,2022-03-24,10553
Carlton,Harry Mckay,8,8,12,80.0,5,0,5,1,0,0,1,9,439,5,0,0,94,2022,Round 2,2022-03-24,10553
Carlton,Jack Silvagni,6,7,9,64.3,1,0,1,4,0,0,0,8,254,3,3,1,81,2022,Round 2,2022-03-24,10553
Carlton,Jacob Weitering,5,11,12,85.7,0,0,0,12,0,0,0,4,363,2,7,0,100,2022,Round 2,2022-03-24,10553
Carlton,Lachlan Fogarty,4,10,12,85.7,0,2,0,3,0,0,0,6,139,1,2,2,76,2022,Round 2,2022-03-24,10553
Carlton,Mitch Mcgovern,4,5,12,92.3,2,0,0,3,1,0,0,1,229,3,6,0,77,2022,Round 2,2022-03-24,10553
Carlton,Marc Pittonet,8,4,10,83.3,0,0,0,2,0,1,4,4,-12,0,2,0,84,2022,Round 2,2022-03-24,10553
Carlton,Matt Owies,3,6,9,90.0,1,2,0,0,0,0,0,5,122,1,1,1,71,2022,Round 2,2022-03-24,10553
Carlton,Oscar Mcdonald,3,5,6,66.7,1,0,0,3,0,0,0,1,19,1,3,0,46,2022,Round 2,2022-03-24,10553
Carlton,Tom De Koning,8,0,3,50.0,2,1,0,1,0,0,1,3,-7,0,1,1,69,2022,Round 2,2022-03-24,10553
Carlton,Corey Durdin,2,5,5,83.3,0,1,0,1,0,0,0,4,22,0,1,1,87,2022,Round 2,2022-03-24,10553
Carlton,Lachlan Plowman,1,2,2,66.7,0,0,0,3,0,0,0,0,24,1,1,0,48,2022,Round 2,2022-03-24,10553
Sydney,Callum Mills,12,18,23,79.3,0,1,0,2,0,2,4,6,349,3,5,1,75,2022,Round 2,2022-03-25,10554
Sydney,Jake Lloyd,3,14,24,88.9,0,0,0,2,1,0,0,1,382,5,4,0,82,2022,Round 2,2022-03-25,10554
Sydney,Chad Warner,11,13,20,80.0,0,3,1,0,0,2,1,8,550,5,4,0,84,2022,Round 2,2022-03-25,10554
Sydney,Luke Parker,5,17,17,77.3,1,1,0,0,0,1,2,5,272,4,2,0,60,2022,Round 2,2022-03-25,10554
Sydney,Nick Blakey,2,16,17,77.3,0,0,0,1,2,0,0,4,469,3,2,0,87,2022,Round 2,2022-03-25,10554
Sydney,Isaac Heeney,11,8,16,76.2,0,0,0,1,0,1,1,7,255,2,1,2,91,2022,Round 2,2022-03-25,10554
Sydney,Dylan Stephens,8,14,15,71.4,0,1,1,1,0,0,0,3,259,5,5,0,82,2022,Round 2,2022-03-25,10554
Sydney,Errol Gulden,8,13,14,66.7,0,1,2,0,1,0,2,6,338,5,4,1,86,2022,Round 2,2022-03-25,10554
Sydney,Josh P  Kennedy,7,14,17,85.0,0,1,2,2,1,0,2,8,296,0,5,0,66,2022,Round 2,2022-03-25,10554
Sydney,Harry Cunningham,6,13,16,80.0,0,1,0,2,0,0,1,3,269,6,6,0,90,2022,Round 2,2022-03-25,10554
Sydney,James Rowbottom,8,10,11,64.7,0,1,0,2,0,1,3,3,302,6,3,1,90,2022,Round 2,2022-03-25,10554
Sydney,Tom Hickey,8,7,11,68.8,0,0,0,3,0,2,3,1,203,4,2,0,79,2022,Round 2,2022-03-25,10554
Sydney,Braeden Campbell,3,10,12,85.7,0,0,0,4,0,0,0,2,300,3,5,0,59,2022,Round 2,2022-03-25,10554
Sydney,Oliver Florent,1,12,12,92.3,0,1,0,0,0,1,0,3,193,1,0,0,85,2022,Round 2,2022-03-25,10554
Sydney,Sam Wicks,5,8,8,61.5,0,0,1,1,0,0,1,4,232,1,0,2,89,2022,Round 2,2022-03-25,10554
Sydney,Paddy Mccartin,2,10,10,83.3,2,0,0,7,0,0,0,3,167,1,7,0,87,2022,Round 2,2022-03-25,10554
Sydney,Dane Rampe,3,6,9,81.8,0,0,0,3,0,0,1,0,276,3,5,0,100,2022,Round 2,2022-03-25,10554
Sydney,Will Hayward,4,8,7,63.6,0,0,2,0,0,0,0,4,223,5,3,1,80,2022,Round 2,2022-03-25,10554
Sydney,Hayden Mclean,6,6,6,54.5,0,0,0,5,0,1,0,3,159,6,0,0,68,2022,Round 2,2022-03-25,10554
Sydney,Lance Franklin,3,8,7,70.0,0,0,3,1,0,0,0,5,285,3,1,0,86,2022,Round 2,2022-03-25,10554
Sydney,Tom Mccartin,2,6,4,50.0,0,0,0,5,0,0,0,1,78,3,3,0,100,2022,Round 2,2022-03-25,10554
Sydney,Logan Mcdonald,1,5,5,83.3,0,0,1,1,0,0,0,1,10,1,0,0,73,2022,Round 2,2022-03-25,10554
Geelong,Joel Selwood,10,13,17,68.0,0,0,0,0,1,3,2,6,354,6,4,0,58,2022,Round 2,2022-03-25,10554
Geelong,Isaac Smith,4,15,15,65.2,1,1,2,3,0,0,1,6,458,4,4,0,65,2022,Round 2,2022-03-25,10554
Geelong,Cameron Guthrie,8,13,15,71.4,0,1,0,3,0,1,1,4,134,2,4,2,79,2022,Round 2,2022-03-25,10554
Geelong,Mark Blicavs,9,10,15,75.0,0,0,0,4,0,0,1,6,294,3,10,0,90,2022,Round 2,2022-03-25,10554
Geelong,Thomas Stewart,4,12,17,94.4,1,0,0,4,1,0,1,1,442,3,6,0,60,2022,Round 2,2022-03-25,10554
Geelong,Zach Guthrie,7,12,10,55.6,0,0,0,6,0,0,0,3,288,5,6,0,94,2022,Round 2,2022-03-25,10554
Geelong,Bradley Close,7,9,14,77.8,1,1,3,2,0,0,0,10,237,1,4,1,87,2022,Round 2,2022-03-25,10554
Geelong,Jeremy Cameron,6,10,9,52.9,0,2,0,1,0,0,0,7,358,4,2,1,91,2022,Round 2,2022-03-25,10554
Geelong,Tom Atkins,6,11,11,64.7,0,0,0,3,1,1,0,5,325,2,5,0,89,2022,Round 2,2022-03-25,10554
Geelong,Rhys Stanley,8,4,14,87.5,0,0,0,5,0,3,1,6,166,1,6,0,80,2022,Round 2,2022-03-25,10554
Geelong,Zach Tuohy,7,9,13,81.2,0,0,1,0,0,0,2,4,388,2,6,2,87,2022,Round 2,2022-03-25,10554
Geelong,Luke Dahlhaus,4,11,13,81.2,0,1,0,1,0,0,0,5,115,2,3,1,51,2022,Round 2,2022-03-25,10554
Geelong,Mitchell Duncan,3,9,10,66.7,0,0,2,0,0,1,2,7,281,4,0,0,75,2022,Round 2,2022-03-25,10554
Geelong,Jake Kolodjashnij,4,10,9,64.3,0,0,0,2,0,0,1,3,177,6,3,0,95,2022,Round 2,2022-03-25,10554
Geelong,Brandan Parfitt,9,6,6,42.9,0,0,0,1,0,0,2,3,200,3,2,0,78,2022,Round 2,2022-03-25,10554
Geelong,Patrick Dangerfield,7,6,10,76.9,0,0,0,2,0,6,0,4,431,5,0,0,87,2022,Round 2,2022-03-25,10554
Geelong,Jed Bews,5,7,9,75.0,0,0,0,4,0,1,1,3,158,0,2,0,91,2022,Round 2,2022-03-25,10554
Geelong,Esava Ratugolea,5,6,7,63.6,0,0,1,0,0,2,0,0,203,5,3,2,80,2022,Round 2,2022-03-25,10554
Geelong,Jack Henry,0,9,11,100.0,0,0,0,3,0,0,0,2,70,0,3,0,98,2022,Round 2,2022-03-25,10554
Geelong,Max Holmes,3,8,3,30.0,0,0,0,4,0,0,2,2,253,4,2,1,77,2022,Round 2,2022-03-25,10554
Geelong,Tom Hawkins,1,4,2,28.6,0,1,3,1,0,0,0,5,133,2,1,0,100,2022,Round 2,2022-03-25,10554
Geelong,Tyson Stengle,2,6,4,66.7,0,0,1,1,0,0,0,1,15,3,0,2,88,2022,Round 2,2022-03-25,10554
Collingwood,Scott Pendlebury,10,13,24,85.7,0,0,0,6,1,1,1,3,423,4,8,0,90,2022,Round 2,2022-03-26,10555
Collingwood,Jack Crisp,7,17,17,65.4,0,1,0,2,0,1,3,5,438,5,4,2,92,2022,Round 2,2022-03-26,10555
Collingwood,Josh Daicos,4,19,16,64.0,0,0,1,0,3,0,1,3,454,7,2,1,83,2022,Round 2,2022-03-26,10555
Collingwood,Jordan De Goey,10,13,20,83.3,0,0,1,0,0,5,1,6,416,2,4,0,86,2022,Round 2,2022-03-26,10555
Collingwood,Patrick Lipinski,8,16,16,66.7,0,2,0,2,0,0,3,8,396,5,2,0,83,2022,Round 2,2022-03-26,10555
Collingwood,Nick Daicos,4,18,14,63.6,0,0,0,0,0,0,1,1,347,7,2,0,77,2022,Round 2,2022-03-26,10555
Collingwood,Jack Ginnivan,10,13,14,66.7,0,1,2,0,2,0,1,8,453,5,3,1,72,2022,Round 2,2022-03-26,10555
Collingwood,Jeremy Howe,6,13,16,80.0,0,0,0,5,0,0,0,5,459,2,6,0,87,2022,Round 2,2022-03-26,10555
Collingwood,Isaac Quaynor,8,12,19,95.0,0,0,0,4,0,0,0,3,316,2,7,0,87,2022,Round 2,2022-03-26,10555
Collingwood,Steele Sidebottom,7,12,16,84.2,0,0,1,3,1,0,0,7,260,1,6,0,87,2022,Round 2,2022-03-26,10555
Collingwood,Darcy Moore,7,8,16,88.9,1,0,0,6,0,0,0,4,312,4,8,0,100,2022,Round 2,2022-03-26,10555
Collingwood,John Noble,5,11,14,82.4,0,1,0,2,2,0,0,2,185,1,5,0,78,2022,Round 2,2022-03-26,10555
Collingwood,Taylor Adams,8,8,10,62.5,0,0,0,2,0,2,4,5,183,4,0,0,60,2022,Round 2,2022-03-26,10555
Collingwood,Brodie Grundy,9,7,12,80.0,0,1,0,0,0,1,1,9,103,0,2,0,88,2022,Round 2,2022-03-26,10555
Collingwood,Jamie Elliott 1,9,3,7,53.8,0,0,0,0,0,1,0,5,215,1,0,3,75,2022,Round 2,2022-03-26,10555
Collingwood,Will Hoskin Elliott,5,7,9,69.2,1,0,0,1,2,0,0,1,144,1,2,0,78,2022,Round 2,2022-03-26,10555
Collingwood,Oliver Henry,4,8,6,46.2,0,0,0,2,0,0,0,3,157,2,2,1,73,2022,Round 2,2022-03-26,10555
Collingwood,Brody Mihocek,4,7,6,54.5,1,1,1,0,0,0,0,4,166,2,0,0,86,2022,Round 2,2022-03-26,10555
Collingwood,Jack Madgen,3,7,10,90.9,0,0,0,5,0,0,0,2,129,1,5,0,93,2022,Round 2,2022-03-26,10555
Collingwood,Beau Mccreery,4,5,7,77.8,0,1,0,4,0,0,1,6,268,3,1,3,70,2022,Round 2,2022-03-26,10555
Collingwood,Tyler Brown,2,6,5,62.5,0,1,0,0,0,0,0,2,84,2,1,0,67,2022,Round 2,2022-03-26,10555
Collingwood,Darcy Cameron,4,2,4,66.7,0,0,1,2,0,0,0,1,25,1,2,0,15,2022,Round 2,2022-03-26,10555
Collingwood,Nathan Kreuger,1,5,4,80.0,0,1,2,2,0,0,1,3,179,2,0,0,71,2022,Round 2,2022-03-26,10555
Adelaide,Ben Keays,12,24,30,81.1,0,1,0,1,1,1,2,6,355,2,5,0,89,2022,Round 2,2022-03-26,10555
Adelaide,Brodie Smith,10,18,22,73.3,0,1,0,0,0,0,2,4,559,5,6,0,85,2022,Round 2,2022-03-26,10555
Adelaide,Matt Crouch,10,21,19,65.5,0,0,0,0,0,0,3,5,158,4,2,0,74,2022,Round 2,2022-03-26,10555
Adelaide,Jordan Dawson,3,24,20,71.4,0,1,1,4,0,0,0,5,556,8,5,1,91,2022,Round 2,2022-03-26,10555
Adelaide,Rory Sloane,13,12,15,68.2,0,0,0,3,0,2,4,5,197,2,3,1,65,2022,Round 2,2022-03-26,10555
Adelaide,Lachlan Sholl,5,14,17,85.0,0,0,0,2,0,3,0,5,280,3,1,0,79,2022,Round 2,2022-03-26,10555
Adelaide,Harry Schoenberg,5,15,14,70.0,0,0,0,0,0,0,1,6,243,6,2,1,64,2022,Round 2,2022-03-26,10555
Adelaide,Josh Rachele,8,13,13,65.0,0,0,1,1,0,0,2,6,235,4,2,1,89,2022,Round 2,2022-03-26,10555
Adelaide,Tom Doedee,7,10,16,84.2,1,0,0,8,0,0,0,5,134,2,11,0,92,2022,Round 2,2022-03-26,10555
Adelaide,James Rowe,7,11,10,55.6,1,0,1,0,1,0,1,7,369,2,1,0,84,2022,Round 2,2022-03-26,10555
Adelaide,Chayce Jones,7,10,12,70.6,0,0,0,1,0,1,1,1,262,4,5,0,81,2022,Round 2,2022-03-26,10555
Adelaide,Mitchell Hinge,4,10,14,87.5,0,0,0,4,0,0,1,5,200,1,3,0,81,2022,Round 2,2022-03-26,10555
Adelaide,Brayden Cook,4,11,9,60.0,0,1,0,1,0,0,1,3,306,2,2,0,69,2022,Round 2,2022-03-26,10555
Adelaide,Reilly O Brien,7,6,12,85.7,0,0,0,1,0,2,2,2,48,0,3,1,84,2022,Round 2,2022-03-26,10555
Adelaide,Elliot Himmelberg,3,10,8,61.5,0,0,3,1,0,1,1,5,221,2,2,1,91,2022,Round 2,2022-03-26,10555
Adelaide,Edward Mchenry,5,7,6,50.0,0,0,0,0,0,1,0,4,160,7,2,2,81,2022,Round 2,2022-03-26,10555
Adelaide,Luke Brown,3,8,10,90.9,0,0,0,0,0,1,1,2,33,2,3,1,85,2022,Round 2,2022-03-26,10555
Adelaide,Lachlan Gollant,4,7,9,81.8,0,1,1,1,0,0,0,5,93,3,1,0,79,2022,Round 2,2022-03-26,10555
Adelaide,Nick Murray,4,7,6,54.5,0,0,0,4,0,0,0,1,275,4,3,0,89,2022,Round 2,2022-03-26,10555
Adelaide,Darcy Fogarty,6,5,8,80.0,0,1,1,5,0,0,1,4,123,6,1,4,83,2022,Round 2,2022-03-26,10555
Adelaide,Jordon Butts,3,7,8,88.9,0,0,0,6,0,0,1,1,101,1,3,0,85,2022,Round 2,2022-03-26,10555
Adelaide,Luke Pedlar,4,2,3,60.0,0,0,0,0,0,0,0,2,49,1,1,2,69,2022,Round 2,2022-03-26,10555
Adelaide,Jake Soligo,2,0,0,0.0,0,0,0,0,0,0,0,1,59,1,0,1,11,2022,Round 2,2022-03-26,10555
Essendon,Darcy Parish,15,22,20,57.1,0,1,1,0,0,3,3,13,689,5,3,1,83,2022,Round 2,2022-03-26,10556
Essendon,Zachary Merrett,8,22,24,77.4,0,1,0,1,1,2,2,11,504,6,3,0,78,2022,Round 2,2022-03-26,10556
Essendon,Jye Caldwell,14,7,16,76.2,0,1,0,2,0,3,2,9,163,3,2,0,89,2022,Round 2,2022-03-26,10556
Essendon,Nikolas Cox,7,15,14,66.7,0,1,1,1,0,0,0,2,235,7,4,0,72,2022,Round 2,2022-03-26,10556
Essendon,Nick Hind,2,16,14,73.7,0,1,0,0,4,0,1,2,584,5,2,0,75,2022,Round 2,2022-03-26,10556
Essendon,Jordan Ridley,7,7,16,88.9,2,0,0,7,0,0,0,2,301,1,7,0,89,2022,Round 2,2022-03-26,10556
Essendon,Andrew Mcgrath,7,10,13,76.5,0,0,1,1,0,0,4,5,320,5,1,1,88,2022,Round 2,2022-03-26,10556
Essendon,Dyson Heppell,5,12,13,81.2,0,0,0,3,0,0,0,2,212,2,4,0,91,2022,Round 2,2022-03-26,10556
Essendon,Jake Stringer,10,6,8,53.3,0,1,1,2,0,5,0,7,190,3,2,3,80,2022,Round 2,2022-03-26,10556
Essendon,Tom Cutler,1,13,10,66.7,0,0,1,3,0,0,0,5,356,2,2,0,83,2022,Round 2,2022-03-26,10556
Essendon,Peter Wright,7,9,13,86.7,4,0,5,5,0,1,0,6,361,2,0,0,90,2022,Round 2,2022-03-26,10556
Essendon,Jayden Laverde,5,10,11,73.3,0,0,0,6,0,0,0,2,218,1,8,0,82,2022,Round 2,2022-03-26,10556
Essendon,Jake Kelly,8,6,10,71.4,3,0,0,1,0,0,0,0,197,3,11,0,88,2022,Round 2,2022-03-26,10556
Essendon,Mason Redman,7,7,12,85.7,1,0,0,3,0,0,0,2,241,4,7,0,81,2022,Round 2,2022-03-26,10556
Essendon,Sam Draper,8,5,11,84.6,0,1,0,2,0,2,1,9,297,3,2,0,83,2022,Round 2,2022-03-26,10556
Essendon,Aaron Francis,2,10,6,54.5,0,2,2,3,0,0,0,6,167,2,1,0,75,2022,Round 2,2022-03-26,10556
Essendon,Matt Guelfi,7,4,9,81.8,0,0,0,1,0,0,0,1,36,1,2,0,73,2022,Round 2,2022-03-26,10556
Essendon,Archie Perkins,2,9,8,72.7,1,0,1,1,0,0,0,6,224,2,1,1,83,2022,Round 2,2022-03-26,10556
Essendon,Brayden Ham,5,6,8,80.0,0,0,1,0,0,0,0,3,215,2,2,0,74,2022,Round 2,2022-03-26,10556
Essendon,Sam Durham,2,7,8,80.0,0,0,1,2,0,0,1,3,145,1,1,0,74,2022,Round 2,2022-03-26,10556
Essendon,James Stewart,8,1,4,57.1,0,0,0,2,0,0,0,0,73,3,9,0,93,2022,Round 2,2022-03-26,10556
Essendon,Devon Smith,1,2,3,75.0,0,0,0,0,0,0,0,4,8,0,0,0,76,2022,Round 2,2022-03-26,10556
Brisbane Lions,Lachie Neale,22,17,31,75.6,3,1,0,0,0,4,8,9,778,5,7,0,93,2022,Round 2,2022-03-26,10556
Brisbane Lions,Dayne Zorko,6,24,24,72.7,0,0,0,1,0,1,0,5,611,6,6,0,71,2022,Round 2,2022-03-26,10556
Brisbane Lions,Daniel Rich,4,16,26,89.7,0,0,0,1,0,0,1,3,596,5,5,0,85,2022,Round 2,2022-03-26,10556
Brisbane Lions,Jarryd Lyons,10,12,20,83.3,0,0,0,0,0,3,4,4,385,3,2,1,79,2022,Round 2,2022-03-26,10556
Brisbane Lions,Hugh Mccluggage,7,15,16,84.2,0,0,2,5,1,0,1,6,254,3,2,0,86,2022,Round 2,2022-03-26,10556
Brisbane Lions,Marcus Adams,5,11,13,81.2,2,1,0,3,0,0,0,2,297,4,6,0,93,2022,Round 2,2022-03-26,10556
Brisbane Lions,Joe Daniher,3,11,12,80.0,2,2,3,0,1,1,0,5,340,3,0,0,95,2022,Round 2,2022-03-26,10556
Brisbane Lions,Darcy Gardiner,5,10,12,80.0,0,0,0,1,1,0,0,2,245,3,7,0,89,2022,Round 2,2022-03-26,10556
Brisbane Lions,Zac Bailey,5,11,9,60.0,0,0,0,1,0,0,1,5,367,3,0,1,76,2022,Round 2,2022-03-26,10556
Brisbane Lions,Noah Answerth,3,12,13,86.7,0,0,0,6,0,1,0,3,224,1,2,0,74,2022,Round 2,2022-03-26,10556
Brisbane Lions,Charlie Cameron,6,7,10,71.4,1,1,3,1,0,0,0,6,283,5,2,1,84,2022,Round 2,2022-03-26,10556
Brisbane Lions,Jarrod Berry,6,10,9,64.3,0,1,0,1,0,0,2,3,294,6,2,2,81,2022,Round 2,2022-03-26,10556
Brisbane Lions,Darcy Fort,9,6,10,71.4,0,0,0,2,0,2,2,1,163,5,3,0,77,2022,Round 2,2022-03-26,10556
Brisbane Lions,Oscar Mcinerney,10,2,6,46.2,1,0,0,5,0,0,3,2,139,3,4,0,74,2022,Round 2,2022-03-26,10556
Brisbane Lions,Cameron Rayner,2,10,9,75.0,1,2,1,1,0,1,0,3,332,3,0,0,75,2022,Round 2,2022-03-26,10556
Brisbane Lions,Brandon Starcevich,5,6,10,83.3,1,0,0,3,0,0,0,2,213,2,6,0,90,2022,Round 2,2022-03-26,10556
Brisbane Lions,Daniel Mcstay,6,4,7,63.6,2,0,0,2,0,0,1,3,222,5,2,1,92,2022,Round 2,2022-03-26,10556
Brisbane Lions,Harris Andrews,3,8,11,100.0,0,0,0,12,0,0,0,2,156,1,3,0,97,2022,Round 2,2022-03-26,10556
Brisbane Lions,Lincoln Mccarthy,6,4,7,70.0,0,2,1,2,0,0,0,4,73,4,0,1,84,2022,Round 2,2022-03-26,10556
Brisbane Lions,Nakia Cockatoo,4,3,7,100.0,0,0,1,0,0,0,0,3,82,1,1,2,68,2022,Round 2,2022-03-26,10556
Brisbane Lions,Callum Ah Chee,3,3,5,83.3,0,0,0,1,0,0,0,3,36,2,2,0,68,2022,Round 2,2022-03-26,10556
Brisbane Lions,Harry Sharp,3,3,3,60.0,0,0,0,1,0,0,1,2,113,1,1,0,70,2022,Round 2,2022-03-26,10556
Gold Coast,Touk Miller,16,19,23,60.5,1,0,0,2,0,3,6,4,944,9,4,1,89,2022,Round 2,2022-03-26,10558
Gold Coast,Brayden Fiorini,11,13,10,40.0,0,0,0,0,0,0,1,6,571,9,7,0,78,2022,Round 2,2022-03-26,10558
Gold Coast,Noah Anderson,13,13,17,68.0,0,0,0,3,1,2,6,3,514,6,2,0,83,2022,Round 2,2022-03-26,10558
Gold Coast,Brandon Ellis,10,10,19,79.2,0,0,0,2,1,0,1,2,344,5,7,0,90,2022,Round 2,2022-03-26,10558
Gold Coast,Rory Atkins,8,13,11,57.9,0,1,0,5,0,0,2,3,514,5,2,0,88,2022,Round 2,2022-03-26,10558
Gold Coast,Matt Rowell,14,7,13,68.4,0,1,0,0,1,2,3,4,169,6,7,0,84,2022,Round 2,2022-03-26,10558
Gold Coast,Ben Ainsworth,4,11,11,73.3,0,1,1,1,0,0,0,4,351,6,2,0,87,2022,Round 2,2022-03-26,10558
Gold Coast,Wil Powell,4,11,13,86.7,0,0,0,1,1,0,1,3,319,4,4,0,83,2022,Round 2,2022-03-26,10558
Gold Coast,David Swallow,8,7,11,78.6,1,1,0,3,0,0,4,2,332,3,7,0,84,2022,Round 2,2022-03-26,10558
Gold Coast,Nicholas Holman,6,11,9,64.3,0,0,1,2,0,0,1,2,252,3,0,2,72,2022,Round 2,2022-03-26,10558
Gold Coast,Levi Casboult,6,6,7,53.8,3,0,4,4,0,0,0,3,335,4,1,0,97,2022,Round 2,2022-03-26,10558
Gold Coast,Samuel Collins,6,7,5,45.5,2,0,0,16,0,0,0,3,211,2,9,0,95,2022,Round 2,2022-03-26,10558
Gold Coast,Jeremy Sharp,5,5,9,81.8,0,0,0,0,0,0,0,2,257,5,4,0,94,2022,Round 2,2022-03-26,10558
Gold Coast,Jarrod Witts,8,5,7,70.0,0,0,0,4,0,0,4,4,54,0,2,0,76,2022,Round 2,2022-03-26,10558
Gold Coast,Alex Davies,5,5,9,90.0,0,1,1,0,0,1,0,4,192,1,2,0,65,2022,Round 2,2022-03-26,10558
Gold Coast,Sean Lemmens,2,4,6,75.0,0,0,0,5,0,0,0,1,239,1,4,0,85,2022,Round 2,2022-03-26,10558
Gold Coast,Mabior Chol,6,2,4,50.0,1,1,1,0,0,0,0,5,322,4,3,1,78,2022,Round 2,2022-03-26,10558
Gold Coast,Charlie Ballard,5,3,5,83.3,1,1,0,12,0,0,0,1,146,3,5,0,86,2022,Round 2,2022-03-26,10558
Gold Coast,Jack Lukosius,3,3,5,83.3,0,0,2,4,0,0,1,4,136,1,0,1,87,2022,Round 2,2022-03-26,10558
Gold Coast,Caleb Graham,3,1,4,100.0,0,0,0,16,0,0,0,0,54,1,3,0,76,2022,Round 2,2022-03-26,10558
Gold Coast,Alex Sexton,4,0,1,33.3,0,0,0,0,0,0,1,1,16,1,0,0,67,2022,Round 2,2022-03-26,10558
Gold Coast,Sam Flanders,1,1,2,100.0,0,0,0,0,0,0,1,1,50,1,0,1,56,2022,Round 2,2022-03-26,10558
Melbourne,Christian Petracca,17,23,21,52.5,0,2,1,0,0,3,3,8,780,8,1,0,86,2022,Round 2,2022-03-26,10558
Melbourne,Clayton Oliver,18,14,21,61.8,0,0,0,0,0,6,7,6,521,6,4,1,89,2022,Round 2,2022-03-26,10558
Melbourne,Jake Bowey,18,16,27,79.4,1,0,0,3,0,0,1,2,572,3,16,0,72,2022,Round 2,2022-03-26,10558
Melbourne,Steven May,6,9,21,87.5,1,0,0,6,0,0,1,1,625,5,8,0,100,2022,Round 2,2022-03-26,10558
Melbourne,Adam Tomlinson,6,14,20,87.0,1,0,0,8,0,0,0,0,527,2,10,0,100,2022,Round 2,2022-03-26,10558
Melbourne,Jack Viney,13,12,13,56.5,0,0,0,4,0,2,2,5,212,6,3,1,79,2022,Round 2,2022-03-26,10558
Melbourne,Alex Neal Bullen,7,16,16,69.6,0,1,0,2,0,1,2,6,405,5,2,1,81,2022,Round 2,2022-03-26,10558
Melbourne,James Jordon,11,12,18,81.8,0,0,0,2,0,0,3,3,89,0,3,0,70,2022,Round 2,2022-03-26,10558
Melbourne,James Harmes,6,15,17,81.0,0,0,0,2,0,0,1,6,290,1,2,1,70,2022,Round 2,2022-03-26,10558
Melbourne,Luke Jackson,11,11,16,76.2,1,1,0,4,0,2,5,4,328,4,1,0,81,2022,Round 2,2022-03-26,10558
Melbourne,Angus Brayshaw,5,15,16,80.0,0,0,0,0,0,0,0,3,339,1,5,0,80,2022,Round 2,2022-03-26,10558
Melbourne,Ed Langdon,7,13,13,65.0,0,0,0,0,0,1,0,1,291,4,6,1,100,2022,Round 2,2022-03-26,10558
Melbourne,Trent Rivers,6,14,14,70.0,1,0,0,2,0,0,0,1,476,7,7,0,72,2022,Round 2,2022-03-26,10558
Melbourne,Max Gawn,12,6,8,44.4,0,0,1,5,0,1,4,3,308,3,2,0,84,2022,Round 2,2022-03-26,10558
Melbourne,Tom Sparrow,7,13,15,83.3,0,0,0,1,0,0,2,7,187,1,3,1,70,2022,Round 2,2022-03-26,10558
Melbourne,Joel Smith 1,2,10,9,75.0,0,0,0,10,0,0,0,0,147,3,4,0,90,2022,Round 2,2022-03-26,10558
Melbourne,Kysaiah Pickett,5,7,7,58.3,0,0,1,0,0,0,0,3,159,4,0,4,84,2022,Round 2,2022-03-26,10558
Melbourne,Charlie Spargo,5,5,4,40.0,0,1,0,1,0,0,0,3,185,4,0,2,72,2022,Round 2,2022-03-26,10558
Melbourne,Tom Mcdonald,3,6,7,77.8,0,1,1,2,0,0,0,4,137,3,2,2,74,2022,Round 2,2022-03-26,10558
Melbourne,Jayden Hunt,1,6,3,42.9,0,0,0,1,0,0,0,0,176,4,2,0,87,2022,Round 2,2022-03-26,10558
Melbourne,Ben Brown,3,3,5,83.3,0,0,1,0,0,0,0,3,58,1,0,0,83,2022,Round 2,2022-03-26,10558
Melbourne,Bayley Fritsch,2,3,2,40.0,0,0,1,3,0,0,0,3,57,0,0,0,79,2022,Round 2,2022-03-26,10558
Port Adelaide,Travis Boak,18,21,27,69.2,1,0,1,1,0,5,6,5,505,9,4,2,83,2022,Round 2,2022-03-26,10557
Port Adelaide,Karl Amon,12,24,29,76.3,1,0,0,0,0,1,4,6,581,4,6,0,85,2022,Round 2,2022-03-26,10557
Port Adelaide,Oliver Wines,10,24,22,61.1,1,0,0,2,0,3,2,4,643,8,2,0,77,2022,Round 2,2022-03-26,10557
Port Adelaide,Zak Butters,10,17,21,72.4,0,1,0,0,2,2,3,6,327,3,3,1,88,2022,Round 2,2022-03-26,10557
Port Adelaide,Riley Bonner,6,20,19,76.0,0,0,0,4,1,0,1,6,352,5,5,0,84,2022,Round 2,2022-03-26,10557
Port Adelaide,Willem Drew,6,15,18,78.3,0,1,0,1,0,2,4,7,190,3,2,1,63,2022,Round 2,2022-03-26,10557
Port Adelaide,Darcy Byrne Jones,2,19,17,85.0,0,0,0,1,2,0,0,3,153,1,5,0,83,2022,Round 2,2022-03-26,10557
Port Adelaide,Dan Houston,6,14,18,90.0,0,0,0,2,0,0,0,4,198,3,4,0,74,2022,Round 2,2022-03-26,10557
Port Adelaide,Ryan Burton,7,11,16,84.2,0,0,1,3,0,0,1,3,429,1,8,0,88,2022,Round 2,2022-03-26,10557
Port Adelaide,Scott Lycett,10,6,13,76.5,0,0,0,3,1,2,5,6,229,3,3,0,75,2022,Round 2,2022-03-26,10557
Port Adelaide,Sam Powell Pepper,9,8,11,64.7,0,0,0,2,0,2,3,4,239,6,1,2,82,2022,Round 2,2022-03-26,10557
Port Adelaide,Xavier Duursma,7,11,13,76.5,0,0,0,0,0,0,3,4,102,3,3,0,76,2022,Round 2,2022-03-26,10557
Port Adelaide,Lachlan Jones,7,11,12,70.6,0,0,0,7,2,0,0,3,347,5,6,0,85,2022,Round 2,2022-03-26,10557
Port Adelaide,Thomas Jonas,4,9,11,84.6,0,0,0,7,0,0,0,4,214,2,5,0,97,2022,Round 2,2022-03-26,10557
Port Adelaide,Connor Rozee,4,9,10,76.9,0,0,1,2,0,0,0,5,205,7,1,0,81,2022,Round 2,2022-03-26,10557
Port Adelaide,Mitch Georgiades,7,5,7,53.8,4,1,3,0,0,0,0,4,84,4,0,0,84,2022,Round 2,2022-03-26,10557
Port Adelaide,Steven Motlop,4,8,9,81.8,0,0,0,0,0,0,1,3,106,2,2,1,78,2022,Round 2,2022-03-26,10557
Port Adelaide,Jeremy Finlayson,7,4,8,72.7,0,1,2,3,0,0,3,5,66,2,2,1,87,2022,Round 2,2022-03-26,10557
Port Adelaide,Josh Sinn,2,9,6,54.5,0,0,0,0,0,0,0,2,154,2,1,0,68,2022,Round 2,2022-03-26,10557
Port Adelaide,Sam Skinner,5,6,9,90.0,0,0,0,4,0,0,0,2,81,0,6,0,92,2022,Round 2,2022-03-26,10557
Port Adelaide,Trent Mckenzie,2,3,6,85.7,1,0,0,4,0,0,0,1,43,1,2,0,60,2022,Round 2,2022-03-26,10557
Port Adelaide,Jackson Mead,2,4,5,83.3,0,0,0,1,0,1,0,1,36,1,0,0,25,2022,Round 2,2022-03-26,10557
Port Adelaide,Todd Marshall,1,3,1,25.0,0,0,1,4,0,0,0,0,51,1,0,1,84,2022,Round 2,2022-03-26,10557
Hawthorn,Tom Mitchell,11,18,16,57.1,0,1,0,1,0,3,2,6,589,8,2,0,84,2022,Round 2,2022-03-26,10557
Hawthorn,Jaeger O Meara,11,12,15,68.2,0,3,0,1,0,0,4,7,296,4,2,0,77,2022,Round 2,2022-03-26,10557
Hawthorn,Jack Scrimshaw,5,13,19,86.4,1,0,0,2,2,0,1,4,627,2,7,0,81,2022,Round 2,2022-03-26,10557
Hawthorn,James Worpel,13,11,14,63.6,0,1,0,2,1,0,3,5,511,5,6,0,82,2022,Round 2,2022-03-26,10557
Hawthorn,James Sicily,6,10,18,90.0,2,0,0,1,0,0,0,4,595,3,9,0,90,2022,Round 2,2022-03-26,10557
Hawthorn,Josh Ward,3,16,8,40.0,0,0,0,1,0,2,2,4,385,6,1,0,71,2022,Round 2,2022-03-26,10557
Hawthorn,Connor Macdonald,6,12,10,55.6,0,0,1,1,1,1,1,6,413,6,1,1,73,2022,Round 2,2022-03-26,10557
Hawthorn,Blake Hardwick,5,7,14,82.4,0,0,0,4,0,0,0,5,660,4,7,0,78,2022,Round 2,2022-03-26,10557
Hawthorn,Harry Morrison,5,11,13,76.5,1,1,0,0,0,0,2,5,367,2,1,0,86,2022,Round 2,2022-03-26,10557
Hawthorn,Dylan Moore,8,11,13,76.5,0,1,2,0,0,0,1,9,279,2,2,1,83,2022,Round 2,2022-03-26,10557
Hawthorn,Conor Nash,12,5,12,75.0,0,2,0,3,0,0,3,3,318,4,1,0,79,2022,Round 2,2022-03-26,10557
Hawthorn,Jai Newcombe,5,10,10,66.7,0,1,0,4,1,1,0,5,311,4,5,0,81,2022,Round 2,2022-03-26,10557
Hawthorn,Ben Mcevoy,7,6,11,78.6,2,0,0,2,0,0,1,8,82,3,5,0,81,2022,Round 2,2022-03-26,10557
Hawthorn,Sam Frost,8,5,7,53.8,1,0,0,9,0,0,0,2,163,1,9,0,97,2022,Round 2,2022-03-26,10557
Hawthorn,Jack Gunston,6,6,10,83.3,1,2,2,0,0,0,0,7,228,3,1,1,82,2022,Round 2,2022-03-26,10557
Hawthorn,Luke Breust,5,6,9,81.8,0,1,1,0,0,0,0,7,221,1,0,1,76,2022,Round 2,2022-03-26,10557
Hawthorn,Tom Phillips,4,9,7,63.6,0,0,0,0,0,0,1,1,115,3,1,0,51,2022,Round 2,2022-03-26,10557
Hawthorn,Mitchell Lewis,3,7,9,81.8,2,1,5,3,0,0,0,7,200,2,0,0,91,2022,Round 2,2022-03-26,10557
Hawthorn,Changkuoth Jiath,4,4,7,63.6,0,0,0,2,1,0,0,0,11,2,5,0,78,2022,Round 2,2022-03-26,10557
Hawthorn,Finn Maginness,4,5,6,60.0,0,0,0,3,0,0,0,1,69,2,4,0,92,2022,Round 2,2022-03-26,10557
Hawthorn,Ned Reeves,3,5,3,50.0,0,0,0,4,0,1,0,2,101,2,2,1,68,2022,Round 2,2022-03-26,10557
Hawthorn,Denver Grainger Barras,1,4,6,100.0,1,0,0,7,0,0,0,3,183,1,5,0,85,2022,Round 2,2022-03-26,10557
Hawthorn,Chad Wingard,4,0,2,66.7,1,0,1,1,0,0,1,2,79,1,1,0,35,2022,Round 2,2022-03-26,10557
North Melbourne,Jack Ziebell,4,21,24,82.8,1,1,0,2,0,0,0,5,487,4,8,0,85,2022,Round 2,2022-03-27,10559
North Melbourne,Hugh Greenwood,16,12,14,48.3,0,2,1,0,0,3,6,5,422,7,4,1,87,2022,Round 2,2022-03-27,10559
North Melbourne,Aaron Hall,7,17,21,80.8,0,0,0,3,0,0,0,7,468,4,9,0,84,2022,Round 2,2022-03-27,10559
North Melbourne,Joshua Walker,2,17,17,81.0,0,0,0,4,0,0,0,5,326,3,6,0,92,2022,Round 2,2022-03-27,10559
North Melbourne,Luke Mcdonald,6,13,16,80.0,1,0,0,3,0,0,0,2,469,5,9,0,90,2022,Round 2,2022-03-27,10559
North Melbourne,Cameron Zurhaar,9,12,12,60.0,1,0,2,2,0,0,1,8,396,3,0,0,82,2022,Round 2,2022-03-27,10559
North Melbourne,Tristan Xerri,14,6,15,75.0,2,0,0,3,0,2,3,3,137,3,2,0,91,2022,Round 2,2022-03-27,10559
North Melbourne,Tom Powell,7,14,14,70.0,0,0,0,2,0,1,2,4,241,3,2,0,74,2022,Round 2,2022-03-27,10559
North Melbourne,Jason Horne Francis,13,9,14,70.0,0,1,0,0,0,0,1,4,167,3,5,1,72,2022,Round 2,2022-03-27,10559
North Melbourne,Jared Polec,3,16,12,63.2,0,0,0,0,1,0,2,4,342,4,1,1,82,2022,Round 2,2022-03-27,10559
North Melbourne,Aidan Corr,6,14,17,89.5,3,0,0,9,0,0,0,2,91,1,6,0,83,2022,Round 2,2022-03-27,10559
North Melbourne,Jack Mahony,8,10,10,58.8,0,0,2,1,0,0,0,8,248,5,3,1,80,2022,Round 2,2022-03-27,10559
North Melbourne,Bailey Scott,3,13,13,76.5,0,0,0,0,0,0,0,3,281,2,4,0,86,2022,Round 2,2022-03-27,10559
North Melbourne,Jy Simpkin,10,9,13,81.2,0,1,1,2,0,3,3,6,201,1,1,0,87,2022,Round 2,2022-03-27,10559
North Melbourne,Nick Larkey,7,8,10,62.5,3,0,6,2,0,0,0,9,256,1,3,0,93,2022,Round 2,2022-03-27,10559
North Melbourne,Lachie Young,6,12,12,75.0,0,0,0,1,1,0,2,4,267,2,1,0,79,2022,Round 2,2022-03-27,10559
North Melbourne,Kayne Turner,3,10,9,69.2,0,1,2,1,0,0,0,8,184,2,3,0,91,2022,Round 2,2022-03-27,10559
North Melbourne,Curtis Taylor,0,11,11,91.7,0,0,0,1,0,0,0,4,227,3,0,0,83,2022,Round 2,2022-03-27,10559
North Melbourne,Tarryn Thomas,3,8,9,90.0,1,0,0,0,2,2,0,4,149,1,1,1,38,2022,Round 2,2022-03-27,10559
North Melbourne,Todd Goldstein,5,3,5,62.5,0,0,0,8,0,2,1,3,96,3,1,0,83,2022,Round 2,2022-03-27,10559
North Melbourne,Aiden Bonar,4,3,6,75.0,0,0,0,2,0,0,0,0,50,1,4,0,57,2022,Round 2,2022-03-27,10559
North Melbourne,Charlie Lazzaro,3,4,6,100.0,1,0,0,1,0,0,0,3,-13,1,1,3,79,2022,Round 2,2022-03-27,10559
North Melbourne,Luke Davies Uniacke,2,5,3,75.0,0,1,0,1,0,0,0,2,96,1,0,0,23,2022,Round 2,2022-03-27,10559
West Coast,Luke Shuey,12,9,15,65.2,0,1,0,0,1,1,7,6,246,3,4,1,69,2022,Round 2,2022-03-27,10559
West Coast,Alex Witherden,2,13,15,71.4,0,0,0,1,0,0,0,1,458,7,6,0,96,2022,Round 2,2022-03-27,10559
West Coast,Patrick Naish,7,15,14,66.7,0,0,0,2,1,0,2,1,348,6,4,0,93,2022,Round 2,2022-03-27,10559
West Coast,Sam Petrevski Seton,8,10,12,63.2,0,0,0,3,0,0,0,1,175,3,5,1,78,2022,Round 2,2022-03-27,10559
West Coast,Shannon Hurn,3,11,17,94.4,1,0,0,3,0,0,0,2,303,1,4,0,79,2022,Round 2,2022-03-27,10559
West Coast,Jeremy Mcgovern,7,10,16,88.9,2,0,0,10,0,0,0,1,397,3,11,0,91,2022,Round 2,2022-03-27,10559
West Coast,Liam Duggan,6,13,12,66.7,0,0,1,1,0,0,2,2,433,3,7,0,77,2022,Round 2,2022-03-27,10559
West Coast,Willie Rioli,10,9,16,88.9,1,0,2,2,0,1,2,8,376,3,3,0,76,2022,Round 2,2022-03-27,10559
West Coast,Tim Kelly,10,8,8,44.4,0,0,0,1,2,2,3,0,338,8,1,2,82,2022,Round 2,2022-03-27,10559
West Coast,Liam Ryan,7,11,10,58.8,0,1,3,0,0,0,0,7,466,5,2,0,77,2022,Round 2,2022-03-27,10559
West Coast,Aaron Black 1,5,9,10,66.7,0,0,0,0,0,1,3,3,329,2,1,1,75,2022,Round 2,2022-03-27,10559
West Coast,Luke Foley,2,15,12,85.7,0,0,0,2,0,1,0,0,152,4,3,0,93,2022,Round 2,2022-03-27,10559
West Coast,Declan Mountford,8,3,6,50.0,0,0,0,1,0,1,2,2,111,1,2,0,79,2022,Round 2,2022-03-27,10559
West Coast,Jack Petruccelle,5,5,4,40.0,0,1,1,1,0,0,2,4,180,5,0,0,80,2022,Round 2,2022-03-27,10559
West Coast,Xavier O Neill,3,7,5,50.0,0,0,0,0,0,0,1,2,154,4,2,3,84,2022,Round 2,2022-03-27,10559
West Coast,Stefan Giro,3,7,7,77.8,0,0,0,0,0,0,0,2,216,2,1,0,92,2022,Round 2,2022-03-27,10559
West Coast,Bailey Williams 1,7,1,7,77.8,1,0,0,3,0,0,2,3,201,3,4,0,75,2022,Round 2,2022-03-27,10559
West Coast,Luke Edwards,0,8,7,87.5,0,0,0,1,0,0,0,0,174,2,0,0,50,2022,Round 2,2022-03-27,10559
West Coast,Angus Litherland,2,5,5,71.4,0,0,0,6,0,0,0,2,270,3,2,0,90,2022,Round 2,2022-03-27,10559
West Coast,Jack Darling,3,3,4,66.7,1,0,1,3,0,0,0,3,-19,2,0,0,88,2022,Round 2,2022-03-27,10559
West Coast,Brayden Ainsworth,1,5,3,50.0,0,0,0,1,0,0,0,1,48,1,0,1,39,2022,Round 2,2022-03-27,10559
West Coast,Callum Jamieson,2,2,4,100.0,0,0,0,5,0,0,0,0,41,2,3,0,74,2022,Round 2,2022-03-27,10559
West Coast,Jack Williams,1,1,1,50.0,0,0,0,0,0,0,1,0,24,1,0,0,62,2022,Round 2,2022-03-27,10559
Fremantle,Andrew Brayshaw,13,27,29,72.5,0,0,0,0,0,0,4,8,628,3,6,1,82,2022,Round 2,2022-03-27,10561
Fremantle,Luke Ryan,10,17,28,87.5,1,0,0,4,1,0,1,3,573,5,10,0,84,2022,Round 2,2022-03-27,10561
Fremantle,Hayden Young,11,19,25,80.6,3,0,0,2,0,0,1,3,393,8,14,0,81,2022,Round 2,2022-03-27,10561
Fremantle,Will Brodie,8,19,18,69.2,0,0,0,0,0,2,2,4,320,2,3,1,61,2022,Round 2,2022-03-27,10561
Fremantle,Blake Acres,7,19,16,64.0,0,0,0,1,0,0,3,2,479,8,4,0,78,2022,Round 2,2022-03-27,10561
Fremantle,Caleb Serong,8,12,15,75.0,0,0,0,1,0,0,2,5,235,3,2,0,81,2022,Round 2,2022-03-27,10561
Fremantle,James Aish,4,14,12,63.2,0,0,0,1,0,0,0,5,277,4,5,0,86,2022,Round 2,2022-03-27,10561
Fremantle,Sam Switkowski,11,6,15,88.2,0,1,0,2,1,1,1,5,56,2,1,2,79,2022,Round 2,2022-03-27,10561
Fremantle,Alex Pearce,7,8,14,87.5,1,0,0,4,0,0,0,1,219,2,10,0,86,2022,Round 2,2022-03-27,10561
Fremantle,Darcy Tucker,4,12,12,75.0,0,0,0,0,0,0,1,0,168,3,1,2,82,2022,Round 2,2022-03-27,10561
Fremantle,Jordan Clark,4,12,13,81.2,0,0,0,2,0,1,1,1,301,3,1,0,86,2022,Round 2,2022-03-27,10561
Fremantle,Griffin Logue,2,10,14,100.0,0,0,0,8,0,0,0,0,245,2,4,0,91,2022,Round 2,2022-03-27,10561
Fremantle,Rory Lobb,11,2,9,69.2,2,0,1,2,0,0,0,5,196,2,2,1,100,2022,Round 2,2022-03-27,10561
Fremantle,Heath Chapman,4,11,9,69.2,0,1,0,2,0,0,1,2,148,4,3,1,73,2022,Round 2,2022-03-27,10561
Fremantle,Travis Colyer,5,8,6,50.0,0,0,0,1,0,0,1,3,266,6,2,0,81,2022,Round 2,2022-03-27,10561
Fremantle,Joel Hamling,1,10,7,70.0,0,0,0,7,2,0,0,0,162,3,2,0,87,2022,Round 2,2022-03-27,10561
Fremantle,Sean Darcy,7,3,7,70.0,1,1,0,4,0,0,3,4,107,2,0,0,56,2022,Round 2,2022-03-27,10561
Fremantle,Lachlan Schultz,4,6,3,30.0,0,1,0,2,0,0,0,2,221,4,2,1,81,2022,Round 2,2022-03-27,10561
Fremantle,Michael Walters,3,5,2,25.0,0,0,1,0,0,0,0,2,121,3,1,1,86,2022,Round 2,2022-03-27,10561
Fremantle,Lloyd Meek,3,5,7,100.0,1,0,1,9,0,0,1,4,127,1,0,1,83,2022,Round 2,2022-03-27,10561
Fremantle,Minairo Frederick,1,4,4,66.7,0,0,0,1,0,0,0,1,77,1,0,1,79,2022,Round 2,2022-03-27,10561
Fremantle,Bailey Banfield,2,3,4,80.0,0,0,0,0,0,0,0,1,78,3,1,1,74,2022,Round 2,2022-03-27,10561
Fremantle,Nathan O Driscoll,0,2,2,100.0,0,0,0,1,0,0,0,1,49,0,0,0,21,2022,Round 2,2022-03-27,10561
St Kilda,Bradley Hill,5,22,21,70.0,0,1,0,2,1,0,1,4,538,6,4,0,80,2022,Round 2,2022-03-27,10561
St Kilda,Brad Crouch,14,16,20,69.0,0,0,0,0,0,3,1,3,203,5,5,2,74,2022,Round 2,2022-03-27,10561
St Kilda,Jack Sinclair,11,13,16,64.0,0,0,0,4,2,2,4,3,437,4,2,0,79,2022,Round 2,2022-03-27,10561
St Kilda,Jade Gresham,9,14,8,32.0,0,1,0,0,0,3,2,4,384,6,2,1,87,2022,Round 2,2022-03-27,10561
St Kilda,Jack Steele,12,12,15,65.2,0,0,0,1,0,2,4,2,167,4,1,3,82,2022,Round 2,2022-03-27,10561
St Kilda,Sebastian Ross,8,12,18,85.7,0,0,0,0,0,2,3,5,73,1,3,0,77,2022,Round 2,2022-03-27,10561
St Kilda,Josh Battle,7,14,15,71.4,3,1,0,3,1,0,0,3,387,4,13,0,84,2022,Round 2,2022-03-27,10561
St Kilda,Daniel Mckenzie,9,10,13,68.4,1,0,0,4,2,0,2,3,490,6,7,0,77,2022,Round 2,2022-03-27,10561
St Kilda,Jarrod Lienert,1,15,13,72.2,0,0,0,2,0,0,1,0,488,7,2,0,77,2022,Round 2,2022-03-27,10561
St Kilda,Jack Higgins,4,10,11,68.8,0,0,4,0,0,0,1,6,306,2,0,2,87,2022,Round 2,2022-03-27,10561
St Kilda,Ben Paton,6,10,13,81.2,0,0,0,1,0,0,0,3,138,2,6,0,85,2022,Round 2,2022-03-27,10561
St Kilda,Callum Wilkie,4,12,14,87.5,2,0,0,6,0,0,0,2,195,2,4,0,97,2022,Round 2,2022-03-27,10561
St Kilda,Jimmy Webster,3,11,10,71.4,0,0,0,0,0,0,0,2,203,2,3,0,87,2022,Round 2,2022-03-27,10561
St Kilda,Mason Wood,7,7,10,71.4,0,0,0,0,0,0,1,0,228,2,4,0,78,2022,Round 2,2022-03-27,10561
St Kilda,Tim Membrey,8,7,9,64.3,1,0,3,1,0,0,0,5,149,3,1,1,93,2022,Round 2,2022-03-27,10561
St Kilda,Nasiah Wanganeen Milera,4,9,7,53.8,0,0,0,1,0,0,0,2,210,3,6,0,72,2022,Round 2,2022-03-27,10561
St Kilda,Jack Hayes,7,6,10,83.3,1,0,1,0,0,1,2,5,77,2,4,1,75,2022,Round 2,2022-03-27,10561
St Kilda,Darragh Joyce,4,7,10,90.9,0,0,0,6,0,0,1,2,103,2,3,0,90,2022,Round 2,2022-03-27,10561
St Kilda,Max King 1,9,4,8,72.7,4,0,4,0,0,0,0,6,271,4,1,0,84,2022,Round 2,2022-03-27,10561
St Kilda,Ryan Byrnes,3,8,7,63.6,0,1,0,0,0,0,0,2,177,3,1,1,72,2022,Round 2,2022-03-27,10561
St Kilda,Daniel Butler,4,6,6,60.0,0,1,0,0,2,0,0,3,219,3,1,3,77,2022,Round 2,2022-03-27,10561
St Kilda,Rowan Marshall,3,6,6,66.7,0,0,0,4,0,1,0,3,104,1,2,0,88,2022,Round 2,2022-03-27,10561
Richmond,Jayden Short,4,21,29,87.9,0,0,0,0,0,0,0,3,798,8,4,0,80,2022,Round 2,2022-03-27,10560
Richmond,Nathan Broad,3,19,19,86.4,0,0,0,2,1,0,0,4,371,3,5,0,85,2022,Round 2,2022-03-27,10560
Richmond,Jack Graham,3,21,19,86.4,0,0,0,0,1,0,1,2,441,7,0,0,77,2022,Round 2,2022-03-27,10560
Richmond,Daniel Rioli,7,14,17,81.0,1,1,0,0,1,0,0,3,477,3,8,0,82,2022,Round 2,2022-03-27,10560
Richmond,Hugo Ralphsmith,6,13,17,89.5,1,0,0,3,1,0,0,2,345,3,4,0,85,2022,Round 2,2022-03-27,10560
Richmond,Trent Cotchin,10,9,13,72.2,0,3,0,1,0,3,1,7,288,2,4,2,76,2022,Round 2,2022-03-27,10560
Richmond,Marlion Pickett,10,9,11,61.1,1,1,1,4,0,0,2,6,341,2,6,0,84,2022,Round 2,2022-03-27,10560
Richmond,Shane Edwards,7,9,12,70.6,0,1,0,0,0,2,1,7,212,1,1,0,84,2022,Round 2,2022-03-27,10560
Richmond,Shai Bolton,8,9,11,64.7,0,0,3,0,4,4,0,8,537,3,1,0,86,2022,Round 2,2022-03-27,10560
Richmond,Matthew Parker,10,6,14,87.5,2,1,0,0,1,0,0,6,482,3,4,0,81,2022,Round 2,2022-03-27,10560
Richmond,Toby Nankervis,10,5,7,46.7,0,0,0,5,0,0,2,4,139,4,2,1,62,2022,Round 2,2022-03-27,10560
Richmond,Liam Baker,8,7,8,57.1,0,0,0,1,0,0,3,5,231,6,3,0,84,2022,Round 2,2022-03-27,10560
Richmond,Thomson Dow,9,6,11,78.6,0,0,0,1,0,2,3,2,238,0,3,0,68,2022,Round 2,2022-03-27,10560
Richmond,Jack Ross,4,9,10,83.3,0,0,0,3,1,0,1,2,205,3,2,1,83,2022,Round 2,2022-03-27,10560
Richmond,Thomas Lynch,7,4,9,81.8,1,2,1,2,0,0,1,8,184,2,0,0,87,2022,Round 2,2022-03-27,10560
Richmond,Kamdyn Mcintosh,4,6,6,60.0,0,0,0,1,0,0,0,3,158,0,2,0,84,2022,Round 2,2022-03-27,10560
Richmond,Noah Balta,5,5,7,70.0,3,0,3,1,1,0,0,6,234,1,0,0,86,2022,Round 2,2022-03-27,10560
Richmond,Josh Gibcus,2,8,10,100.0,1,0,0,6,0,0,0,3,239,1,2,0,88,2022,Round 2,2022-03-27,10560
Richmond,Jason Castagna,2,7,4,44.4,0,0,0,0,0,0,0,3,253,5,0,0,83,2022,Round 2,2022-03-27,10560
Richmond,Ivan Soldo,5,4,7,77.8,1,0,2,1,0,2,1,5,125,1,0,0,62,2022,Round 2,2022-03-27,10560
Richmond,Ben Miller,4,5,8,88.9,0,0,0,7,0,0,0,1,52,1,5,0,92,2022,Round 2,2022-03-27,10560
Richmond,Robert Tarrant,3,4,5,62.5,0,0,0,12,0,0,0,1,77,1,6,0,88,2022,Round 2,2022-03-27,10560
Richmond,Jake Aarts,2,3,5,100.0,0,0,0,1,0,1,0,3,28,0,1,0,15,2022,Round 2,2022-03-27,10560
Greater Western Sydney,Tom Green,15,19,26,76.5,0,0,2,2,0,3,3,6,462,6,5,0,74,2022,Round 2,2022-03-27,10560
Greater Western Sydney,Callan Ward,11,18,23,82.1,1,1,0,1,2,2,2,8,412,2,4,0,82,2022,Round 2,2022-03-27,10560
Greater Western Sydney,Tim Taranto,5,22,20,74.1,0,0,0,0,0,0,2,5,371,6,2,0,86,2022,Round 2,2022-03-27,10560
Greater Western Sydney,Joshua Kelly,11,16,23,88.5,0,1,1,1,0,3,0,8,406,7,2,1,87,2022,Round 2,2022-03-27,10560
Greater Western Sydney,Harry Perryman,6,16,24,92.3,0,0,0,0,0,2,0,2,209,1,5,0,77,2022,Round 2,2022-03-27,10560
Greater Western Sydney,Isaac Cumming,6,18,24,92.3,1,0,0,2,1,0,0,5,412,1,5,0,86,2022,Round 2,2022-03-27,10560
Greater Western Sydney,Stephen Coniglio,6,17,17,73.9,0,0,2,1,2,1,0,7,350,7,3,0,82,2022,Round 2,2022-03-27,10560
Greater Western Sydney,Lachie Whitfield,5,15,18,78.3,1,0,0,3,0,2,1,5,321,3,0,0,90,2022,Round 2,2022-03-27,10560
Greater Western Sydney,Nick Haynes,3,21,16,72.7,0,0,0,4,0,0,0,3,287,4,6,0,79,2022,Round 2,2022-03-27,10560
Greater Western Sydney,Connor Idun,4,17,20,95.2,0,0,0,5,1,0,0,2,196,1,5,0,85,2022,Round 2,2022-03-27,10560
Greater Western Sydney,Sam Taylor,9,9,16,88.9,1,0,0,11,0,0,0,2,237,1,10,0,95,2022,Round 2,2022-03-27,10560
Greater Western Sydney,Lachlan Ash,3,13,14,87.5,0,0,0,2,0,0,0,4,219,2,1,0,83,2022,Round 2,2022-03-27,10560
Greater Western Sydney,Tanner Bruhn,6,10,14,87.5,0,0,0,1,2,2,1,7,245,3,1,1,86,2022,Round 2,2022-03-27,10560
Greater Western Sydney,Xavier O Halloran,2,13,11,73.3,0,0,0,5,0,0,0,1,364,2,0,0,85,2022,Round 2,2022-03-27,10560
Greater Western Sydney,Jake Riccardi,0,14,6,42.9,0,0,3,0,0,0,0,5,251,6,0,0,86,2022,Round 2,2022-03-27,10560
Greater Western Sydney,Harrison Himmelberg,4,9,8,66.7,1,1,3,3,1,0,0,6,213,5,3,1,94,2022,Round 2,2022-03-27,10560
Greater Western Sydney,Matthew Deboer,3,7,6,60.0,0,0,0,2,0,0,0,4,223,0,0,0,64,2022,Round 2,2022-03-27,10560
Greater Western Sydney,Jesse Hogan,3,7,8,80.0,1,3,0,0,0,0,0,6,91,2,0,0,81,2022,Round 2,2022-03-27,10560
Greater Western Sydney,Jarrod Brander,3,7,6,60.0,1,0,1,1,0,0,0,4,193,2,1,0,91,2022,Round 2,2022-03-27,10560
Greater Western Sydney,Phil Davis,5,4,7,87.5,1,0,0,4,0,0,0,2,110,0,5,0,45,2022,Round 2,2022-03-27,10560
Greater Western Sydney,Ian Hill,3,6,5,62.5,0,0,0,2,0,0,0,5,215,2,1,2,67,2022,Round 2,2022-03-27,10560
Greater Western Sydney,Matthew Flynn,2,5,5,71.4,1,0,0,2,0,0,0,5,136,0,1,0,77,2022,Round 2,2022-03-27,10560
Greater Western Sydney,Daniel Lloyd,0,4,3,75.0,0,0,0,0,1,0,0,1,118,0,0,0,16,2022,Round 2,2022-03-27,10560
Western Bulldogs,Josh Dunkley,13,17,22,71.0,0,0,0,0,1,1,5,6,211,2,3,1,84,2022,Round 3,2022-03-31,10562
Western Bulldogs,Bailey Smith,7,25,18,58.1,0,0,1,0,1,0,2,8,731,8,2,0,97,2022,Round 3,2022-03-31,10562
Western Bulldogs,Lachlan Hunter,12,16,20,71.4,0,0,1,1,2,1,3,5,450,2,7,0,86,2022,Round 3,2022-03-31,10562
Western Bulldogs,Adam Treloar,10,16,21,77.8,0,1,0,1,2,0,1,6,248,2,4,0,84,2022,Round 3,2022-03-31,10562
Western Bulldogs,Bailey Dale,10,15,20,74.1,0,0,0,0,1,0,2,5,734,5,6,0,85,2022,Round 3,2022-03-31,10562
Western Bulldogs,Jackson Macrae,10,16,20,83.3,0,0,0,3,0,1,5,5,276,1,1,0,78,2022,Round 3,2022-03-31,10562
Western Bulldogs,Timothy English,11,13,16,66.7,2,0,1,4,4,3,5,12,435,5,3,1,83,2022,Round 3,2022-03-31,10562
Western Bulldogs,Marcus Bontempelli,8,14,14,66.7,1,1,0,3,0,1,0,7,359,5,2,0,86,2022,Round 3,2022-03-31,10562
Western Bulldogs,Alex Keath,8,11,18,94.7,3,0,0,4,0,0,0,3,206,2,10,0,100,2022,Round 3,2022-03-31,10562
Western Bulldogs,Caleb Daniel,3,13,14,73.7,0,0,0,1,2,0,0,2,378,2,3,0,84,2022,Round 3,2022-03-31,10562
Western Bulldogs,Thomas Liberatore,11,8,9,50.0,0,0,0,1,0,3,3,4,210,4,0,2,79,2022,Round 3,2022-03-31,10562
Western Bulldogs,Laitham Vandermeer,8,10,15,83.3,0,1,1,0,0,0,2,7,318,3,2,0,74,2022,Round 3,2022-03-31,10562
Western Bulldogs,Ed Richards,6,10,10,62.5,1,0,0,3,1,0,0,4,261,3,7,0,82,2022,Round 3,2022-03-31,10562
Western Bulldogs,Anthony Scott,4,7,8,72.7,0,0,1,1,1,0,1,0,221,4,3,0,80,2022,Round 3,2022-03-31,10562
Western Bulldogs,Ryan Gardner,3,7,5,55.6,1,0,0,11,0,0,0,1,205,3,4,0,100,2022,Round 3,2022-03-31,10562
Western Bulldogs,Cody Weightman,6,5,6,66.7,1,0,2,2,0,0,1,5,195,1,0,2,69,2022,Round 3,2022-03-31,10562
Western Bulldogs,Taylor Duryea,3,6,7,87.5,0,0,0,6,0,0,0,2,119,1,5,0,74,2022,Round 3,2022-03-31,10562
Western Bulldogs,Roarke Smith,4,4,6,75.0,1,0,0,2,0,0,1,3,39,2,2,1,80,2022,Round 3,2022-03-31,10562
Western Bulldogs,Aaron Naughton,6,2,4,50.0,1,0,2,0,0,0,0,5,124,0,0,2,84,2022,Round 3,2022-03-31,10562
Western Bulldogs,Jamarra Ugle Hagan,5,2,3,42.9,0,0,1,3,0,0,0,4,276,1,0,1,80,2022,Round 3,2022-03-31,10562
Western Bulldogs,Mitchell Wallis,5,2,4,66.7,0,0,1,1,0,0,0,3,47,1,1,0,50,2022,Round 3,2022-03-31,10562
Western Bulldogs,Mitchell Hannan,2,3,4,100.0,0,1,0,2,0,0,0,1,60,1,0,0,66,2022,Round 3,2022-03-31,10562
Western Bulldogs,Zaine Cordy,0,0,0,0.0,0,0,0,0,0,0,0,0,0,0,0,0,15,2022,Round 3,2022-03-31,10562
Sydney,Jake Lloyd,3,16,24,82.8,0,0,0,3,3,0,1,2,628,5,3,0,85,2022,Round 3,2022-03-31,10562
Sydney,Nick Blakey,1,19,18,72.0,1,1,0,4,5,0,0,2,616,6,4,0,85,2022,Round 3,2022-03-31,10562
Sydney,Luke Parker,12,11,15,68.2,1,0,1,1,0,2,4,4,333,3,3,0,88,2022,Round 3,2022-03-31,10562
Sydney,Callum Mills,5,15,16,80.0,0,0,0,1,0,1,0,3,176,2,3,0,80,2022,Round 3,2022-03-31,10562
Sydney,Chad Warner,8,14,12,60.0,0,0,0,1,0,2,0,3,309,7,1,0,83,2022,Round 3,2022-03-31,10562
Sydney,Errol Gulden,4,16,15,75.0,0,0,0,1,0,0,1,7,442,3,0,1,86,2022,Round 3,2022-03-31,10562
Sydney,Lance Franklin,7,15,13,68.4,1,1,2,2,0,0,1,10,451,3,1,2,96,2022,Round 3,2022-03-31,10562
Sydney,Tom Hickey,13,6,12,66.7,1,0,0,2,0,1,5,1,216,2,2,0,49,2022,Round 3,2022-03-31,10562
Sydney,Isaac Heeney,10,9,12,66.7,1,1,3,1,0,0,3,5,324,3,2,2,87,2022,Round 3,2022-03-31,10562
Sydney,Josh P  Kennedy,8,10,13,76.5,0,0,0,0,0,0,1,3,279,1,4,0,79,2022,Round 3,2022-03-31,10562
Sydney,Dane Rampe,1,16,15,88.2,0,0,0,6,0,0,0,0,396,4,1,0,93,2022,Round 3,2022-03-31,10562
Sydney,Harry Cunningham,4,10,13,81.2,0,0,0,3,1,0,0,1,163,3,5,0,86,2022,Round 3,2022-03-31,10562
Sydney,Tom Mccartin,7,8,10,71.4,3,0,0,13,0,0,0,0,214,4,10,0,88,2022,Round 3,2022-03-31,10562
Sydney,Oliver Florent,4,10,10,76.9,0,0,0,1,0,0,0,3,97,1,1,0,69,2022,Round 3,2022-03-31,10562
Sydney,Will Hayward,4,7,9,69.2,0,0,1,0,0,0,0,6,178,1,1,1,83,2022,Round 3,2022-03-31,10562
Sydney,James Rowbottom,7,6,8,61.5,0,0,0,2,0,0,2,3,202,3,1,0,75,2022,Round 3,2022-03-31,10562
Sydney,Braeden Campbell,5,8,9,69.2,0,0,0,1,1,0,0,0,204,1,4,0,76,2022,Round 3,2022-03-31,10562
Sydney,Paddy Mccartin,7,5,11,91.7,2,0,0,3,0,0,1,3,129,1,8,0,83,2022,Round 3,2022-03-31,10562
Sydney,Joel Amartey,8,1,3,30.0,0,0,0,1,0,2,3,2,258,4,2,2,67,2022,Round 3,2022-03-31,10562
Sydney,Dylan Stephens,1,9,6,60.0,0,0,0,0,0,0,0,1,195,2,0,0,69,2022,Round 3,2022-03-31,10562
Sydney,Hayden Mclean,4,5,6,66.7,0,0,0,2,0,0,2,2,130,2,1,0,71,2022,Round 3,2022-03-31,10562
Sydney,Sam Wicks,7,2,8,88.9,1,1,0,2,0,0,0,4,35,4,2,1,90,2022,Round 3,2022-03-31,10562
Sydney,Ben Ronke,1,2,2,66.7,0,0,1,0,0,0,0,2,14,0,0,0,31,2022,Round 3,2022-03-31,10562
Melbourne,Clayton Oliver,18,21,25,65.8,0,3,0,2,1,3,5,9,666,9,5,0,88,2022,Round 3,2022-04-01,10563
Melbourne,Angus Brayshaw,4,30,29,85.3,1,1,0,1,0,0,0,7,518,1,8,0,87,2022,Round 3,2022-04-01,10563
Melbourne,Ed Langdon,5,25,18,58.1,0,0,1,2,0,0,1,8,490,5,2,0,100,2022,Round 3,2022-04-01,10563
Melbourne,Max Gawn,13,9,15,68.2,2,0,2,5,0,3,3,4,396,6,3,0,86,2022,Round 3,2022-04-01,10563
Melbourne,Steven May,4,8,21,95.5,1,0,0,9,1,0,0,5,408,1,5,0,100,2022,Round 3,2022-04-01,10563
Melbourne,James Harmes,6,16,16,76.2,0,0,1,0,0,0,1,8,255,1,0,0,68,2022,Round 3,2022-04-01,10563
Melbourne,Christian Petracca,9,13,13,61.9,0,1,1,0,0,0,2,6,397,5,2,1,92,2022,Round 3,2022-04-01,10563
Melbourne,Trent Rivers,2,18,14,77.8,0,0,0,0,0,0,0,3,264,2,4,0,62,2022,Round 3,2022-04-01,10563
Melbourne,Jake Bowey,7,12,15,83.3,0,1,0,1,0,0,3,5,290,4,5,0,82,2022,Round 3,2022-04-01,10563
Melbourne,Jack Viney,6,12,15,88.2,0,1,0,1,1,1,2,5,298,0,2,0,74,2022,Round 3,2022-04-01,10563
Melbourne,Jayden Hunt,5,11,11,68.8,0,0,0,0,1,0,0,6,343,5,6,0,77,2022,Round 3,2022-04-01,10563
Melbourne,James Jordon,6,9,12,75.0,0,0,0,1,0,0,2,3,354,5,6,0,81,2022,Round 3,2022-04-01,10563
Melbourne,Luke Jackson,12,4,14,87.5,2,0,1,0,0,1,1,6,15,0,6,0,78,2022,Round 3,2022-04-01,10563
Melbourne,Tom Sparrow,3,11,12,85.7,0,0,1,1,0,2,1,4,216,2,0,0,60,2022,Round 3,2022-04-01,10563
Melbourne,Joel Smith 1,6,5,9,81.8,2,0,0,4,0,0,0,1,142,1,7,0,91,2022,Round 3,2022-04-01,10563
Melbourne,Sam Weideman,4,7,5,45.5,2,0,6,0,0,0,0,7,155,2,1,0,78,2022,Round 3,2022-04-01,10563
Melbourne,Adam Tomlinson,4,5,4,40.0,1,0,0,4,0,0,0,1,170,4,5,0,100,2022,Round 3,2022-04-01,10563
Melbourne,Alex Neal Bullen,5,5,8,80.0,0,2,1,0,0,0,0,4,145,1,1,0,84,2022,Round 3,2022-04-01,10563
Melbourne,Charlie Spargo,2,8,8,80.0,0,1,0,0,0,0,0,4,162,2,1,3,67,2022,Round 3,2022-04-01,10563
Melbourne,Bayley Fritsch,4,5,6,66.7,0,1,2,3,0,0,0,8,266,2,1,2,92,2022,Round 3,2022-04-01,10563
Melbourne,Tom Mcdonald,4,3,4,66.7,1,0,1,1,0,0,0,4,187,1,0,0,67,2022,Round 3,2022-04-01,10563
Melbourne,Kysaiah Pickett,2,4,5,83.3,0,1,0,2,0,0,1,1,67,1,0,4,85,2022,Round 3,2022-04-01,10563
Essendon,Dylan Shiel,12,12,19,76.0,0,2,0,0,0,3,3,5,321,3,2,1,78,2022,Round 3,2022-04-01,10563
Essendon,Darcy Parish,12,10,17,70.8,0,0,0,0,0,3,3,4,340,3,5,0,81,2022,Round 3,2022-04-01,10563
Essendon,Dyson Heppell,2,20,15,68.2,0,0,0,2,0,0,1,3,326,7,1,0,81,2022,Round 3,2022-04-01,10563
Essendon,Jordan Ridley,2,12,20,95.2,1,0,0,3,0,0,0,4,424,1,5,0,90,2022,Round 3,2022-04-01,10563
Essendon,Nick Hind,9,11,16,76.2,0,1,0,2,0,0,1,4,491,4,8,0,84,2022,Round 3,2022-04-01,10563
Essendon,Nicholas Martin,4,16,16,80.0,0,1,0,0,0,0,3,5,219,3,1,0,86,2022,Round 3,2022-04-01,10563
Essendon,Andrew Mcgrath,10,8,13,68.4,0,0,0,1,1,3,2,4,249,5,5,0,82,2022,Round 3,2022-04-01,10563
Essendon,Tom Cutler,5,11,15,88.2,1,1,1,1,0,0,3,6,405,3,0,0,95,2022,Round 3,2022-04-01,10563
Essendon,Jye Caldwell,8,8,11,68.8,1,0,1,0,0,2,3,6,224,6,2,0,76,2022,Round 3,2022-04-01,10563
Essendon,Jayden Laverde,6,9,10,66.7,0,0,0,4,0,0,1,2,249,4,4,0,82,2022,Round 3,2022-04-01,10563
Essendon,Jake Stringer,6,7,7,50.0,2,0,2,0,0,2,0,7,315,5,0,0,82,2022,Round 3,2022-04-01,10563
Essendon,Sam Durham,3,10,12,85.7,0,1,0,4,0,0,0,3,162,4,2,0,75,2022,Round 3,2022-04-01,10563
Essendon,Mason Redman,2,7,8,61.5,0,0,0,0,0,0,0,1,205,4,6,0,78,2022,Round 3,2022-04-01,10563
Essendon,Andrew Phillips 1,8,6,7,58.3,1,0,0,4,0,1,2,4,131,3,5,0,63,2022,Round 3,2022-04-01,10563
Essendon,Matt Guelfi,4,8,7,58.3,0,0,1,1,0,0,0,5,214,2,1,1,84,2022,Round 3,2022-04-01,10563
Essendon,Brayden Ham,4,7,7,63.6,0,2,0,4,0,1,0,5,255,2,0,0,78,2022,Round 3,2022-04-01,10563
Essendon,Archie Perkins,5,7,7,63.6,0,0,0,0,0,0,1,3,210,2,2,1,85,2022,Round 3,2022-04-01,10563
Essendon,Jake Kelly,1,8,7,70.0,0,0,0,3,0,0,0,1,137,2,2,0,100,2022,Round 3,2022-04-01,10563
Essendon,Peter Wright,4,4,6,60.0,3,1,5,1,0,0,0,8,303,3,1,0,93,2022,Round 3,2022-04-01,10563
Essendon,James Stewart,8,0,4,50.0,4,0,0,2,0,0,0,0,166,3,8,0,88,2022,Round 3,2022-04-01,10563
Essendon,Tex Wanganeen,1,2,1,33.3,0,0,1,1,0,0,0,3,59,0,0,3,74,2022,Round 3,2022-04-01,10563
Essendon,Sam Draper,1,1,2,100.0,0,0,1,4,0,0,1,3,24,0,0,1,63,2022,Round 3,2022-04-01,10563
Adelaide,Rory Laird,15,17,22,71.0,0,0,0,1,1,3,4,8,373,3,5,0,68,2022,Round 3,2022-04-01,10564
Adelaide,Matt Crouch,7,21,24,82.8,0,1,1,2,0,1,4,6,259,2,1,0,69,2022,Round 3,2022-04-01,10564
Adelaide,Ben Keays,16,9,17,68.0,0,1,0,0,0,7,4,7,338,6,3,0,82,2022,Round 3,2022-04-01,10564
Adelaide,Jordan Dawson,6,15,17,70.8,2,0,0,2,1,0,0,5,664,3,4,0,92,2022,Round 3,2022-04-01,10564
Adelaide,Lachlan Sholl,10,14,13,54.2,0,1,0,1,0,0,2,4,230,5,3,0,83,2022,Round 3,2022-04-01,10564
Adelaide,Harry Schoenberg,5,16,17,73.9,0,1,1,0,0,1,2,7,407,6,0,0,86,2022,Round 3,2022-04-01,10564
Adelaide,Brodie Smith,5,14,11,61.1,0,1,0,2,0,0,0,3,620,8,6,0,87,2022,Round 3,2022-04-01,10564
Adelaide,Luke Brown,4,10,12,75.0,0,0,0,1,1,0,0,2,297,5,6,0,89,2022,Round 3,2022-04-01,10564
Adelaide,Billy Frampton,4,10,13,81.2,1,0,0,5,0,0,0,4,373,3,4,0,97,2022,Round 3,2022-04-01,10564
Adelaide,Mitchell Hinge,6,8,15,93.8,0,0,0,2,0,0,0,2,373,3,7,0,79,2022,Round 3,2022-04-01,10564
Adelaide,Tom Doedee,7,7,11,73.3,2,0,0,4,0,0,0,1,106,2,8,0,93,2022,Round 3,2022-04-01,10564
Adelaide,Elliot Himmelberg,7,7,13,92.9,4,0,3,2,0,0,0,7,271,2,1,0,85,2022,Round 3,2022-04-01,10564
Adelaide,Reilly O Brien,8,6,8,61.5,1,0,0,2,0,1,2,6,96,2,4,1,94,2022,Round 3,2022-04-01,10564
Adelaide,Lachlan Murphy,9,6,8,61.5,0,0,0,1,0,0,5,5,320,2,0,1,75,2022,Round 3,2022-04-01,10564
Adelaide,Edward Mchenry,7,6,8,66.7,1,2,1,1,0,0,0,4,132,3,0,0,75,2022,Round 3,2022-04-01,10564
Adelaide,Jordon Butts,2,9,11,91.7,0,0,0,4,0,0,0,1,180,2,8,0,69,2022,Round 3,2022-04-01,10564
Adelaide,James Rowe,3,8,8,72.7,0,1,0,1,0,0,1,3,149,1,1,2,80,2022,Round 3,2022-04-01,10564
Adelaide,Josh Rachele,6,5,6,60.0,0,0,0,3,0,0,3,4,126,2,1,0,87,2022,Round 3,2022-04-01,10564
Adelaide,Chayce Jones,3,3,3,42.9,0,0,0,1,0,0,0,0,98,4,3,0,86,2022,Round 3,2022-04-01,10564
Adelaide,Lachlan Gollant,4,2,6,100.0,1,0,2,2,0,0,0,4,143,1,0,1,86,2022,Round 3,2022-04-01,10564
Adelaide,Darcy Fogarty,4,1,3,60.0,1,0,1,3,0,0,0,3,94,1,0,2,82,2022,Round 3,2022-04-01,10564
Adelaide,Brayden Cook,2,3,2,40.0,0,0,0,0,0,0,0,3,83,1,0,0,57,2022,Round 3,2022-04-01,10564
Port Adelaide,Oliver Wines,14,14,17,56.7,0,0,1,5,0,1,3,6,419,5,4,0,71,2022,Round 3,2022-04-01,10564
Port Adelaide,Travis Boak,15,13,23,82.1,0,1,1,1,0,4,6,11,479,5,1,0,80,2022,Round 3,2022-04-01,10564
Port Adelaide,Karl Amon,5,16,15,68.2,0,0,0,0,0,1,2,8,338,3,1,0,83,2022,Round 3,2022-04-01,10564
Port Adelaide,Ryan Burton,7,13,17,77.3,0,0,0,1,1,0,0,4,375,7,6,0,80,2022,Round 3,2022-04-01,10564
Port Adelaide,Scott Lycett,12,8,16,80.0,1,0,0,4,0,2,3,6,213,1,2,0,86,2022,Round 3,2022-04-01,10564
Port Adelaide,Darcy Byrne Jones,7,16,11,55.0,0,0,0,2,1,0,2,4,298,4,8,0,81,2022,Round 3,2022-04-01,10564
Port Adelaide,Dan Houston,6,12,12,66.7,0,2,1,4,0,0,1,7,314,4,6,0,85,2022,Round 3,2022-04-01,10564
Port Adelaide,Jackson Mead,8,9,15,83.3,0,0,0,1,0,0,3,6,151,1,3,0,78,2022,Round 3,2022-04-01,10564
Port Adelaide,Riley Bonner,2,10,13,81.2,0,0,0,2,0,0,0,2,408,3,5,0,81,2022,Round 3,2022-04-01,10564
Port Adelaide,Willem Drew,6,10,13,81.2,0,0,0,0,2,1,2,6,277,3,3,1,79,2022,Round 3,2022-04-01,10564
Port Adelaide,Connor Rozee,8,6,11,78.6,0,1,0,0,0,0,2,6,94,1,4,2,78,2022,Round 3,2022-04-01,10564
Port Adelaide,Lachlan Jones,6,8,9,64.3,0,0,0,5,0,0,0,1,274,5,5,0,80,2022,Round 3,2022-04-01,10564
Port Adelaide,Zak Butters,2,9,10,76.9,0,0,0,1,0,1,1,3,171,2,0,1,83,2022,Round 3,2022-04-01,10564
Port Adelaide,Mitch Georgiades,6,7,11,84.6,2,0,1,2,0,0,1,5,177,3,1,2,85,2022,Round 3,2022-04-01,10564
Port Adelaide,Steven Motlop,3,6,9,81.8,1,1,0,0,0,0,0,7,152,1,1,2,85,2022,Round 3,2022-04-01,10564
Port Adelaide,Thomas Jonas,6,3,8,72.7,1,0,0,6,0,0,0,1,266,4,8,0,98,2022,Round 3,2022-04-01,10564
Port Adelaide,Todd Marshall,3,6,7,63.6,1,0,3,0,0,0,2,7,297,5,0,1,80,2022,Round 3,2022-04-01,10564
Port Adelaide,Sam Powell Pepper,6,6,9,81.8,0,1,0,1,0,0,2,5,161,1,2,2,67,2022,Round 3,2022-04-01,10564
Port Adelaide,Sam Mayes,5,3,5,62.5,1,2,2,3,0,0,0,8,177,1,1,1,81,2022,Round 3,2022-04-01,10564
Port Adelaide,Sam Skinner,3,5,8,100.0,2,0,0,5,0,0,0,0,119,2,3,0,66,2022,Round 3,2022-04-01,10564
Port Adelaide,Jed Mcentee,2,5,2,25.0,0,0,0,1,0,0,0,2,156,2,0,4,83,2022,Round 3,2022-04-01,10564
Port Adelaide,Trent Mckenzie,2,5,6,85.7,2,0,0,4,0,0,0,0,87,1,2,0,92,2022,Round 3,2022-04-01,10564
Port Adelaide,Martin Frederick,0,4,2,50.0,0,0,1,1,0,0,0,2,79,1,0,0,18,2022,Round 3,2022-04-01,10564
Greater Western Sydney,Tim Taranto,11,23,23,63.9,1,1,1,1,1,1,5,5,655,11,3,0,87,2022,Round 3,2022-04-02,10565
Greater Western Sydney,Stephen Coniglio,13,20,23,71.9,0,2,0,0,4,0,10,12,481,2,2,1,92,2022,Round 3,2022-04-02,10565
Greater Western Sydney,Tom Green,16,14,20,69.0,0,1,1,0,0,2,5,10,597,6,3,1,80,2022,Round 3,2022-04-02,10565
Greater Western Sydney,Harry Perryman,6,18,18,75.0,0,0,0,1,0,0,5,3,436,8,2,0,79,2022,Round 3,2022-04-02,10565
Greater Western Sydney,Joshua Kelly,5,17,16,72.7,0,1,0,1,0,3,1,4,234,2,0,0,81,2022,Round 3,2022-04-02,10565
Greater Western Sydney,Callan Ward,6,15,20,95.2,0,0,0,1,0,0,1,4,162,1,6,0,82,2022,Round 3,2022-04-02,10565
Greater Western Sydney,Lachie Whitfield,5,13,18,90.0,1,2,0,2,0,0,3,5,437,4,1,1,87,2022,Round 3,2022-04-02,10565
Greater Western Sydney,Isaac Cumming,4,10,18,94.7,0,0,0,3,2,0,1,1,378,1,4,0,82,2022,Round 3,2022-04-02,10565
Greater Western Sydney,Jesse Hogan,8,11,12,70.6,0,0,2,3,0,0,0,8,207,1,4,1,82,2022,Round 3,2022-04-02,10565
Greater Western Sydney,Connor Idun,4,11,14,82.4,0,0,0,4,0,0,1,1,257,2,5,0,85,2022,Round 3,2022-04-02,10565
Greater Western Sydney,Tanner Bruhn,12,6,13,76.5,1,0,0,1,0,4,3,3,121,2,2,0,67,2022,Round 3,2022-04-02,10565
Greater Western Sydney,Matthew Deboer,3,11,12,75.0,1,0,0,1,0,0,0,5,372,4,1,0,78,2022,Round 3,2022-04-02,10565
Greater Western Sydney,Braydon Preuss,12,5,11,68.8,2,1,1,2,0,0,7,5,274,3,1,2,69,2022,Round 3,2022-04-02,10565
Greater Western Sydney,Sam Taylor,7,8,14,87.5,2,0,0,6,0,0,0,3,219,1,8,0,100,2022,Round 3,2022-04-02,10565
Greater Western Sydney,Xavier O Halloran,6,8,10,66.7,0,0,0,0,0,1,0,3,142,4,3,0,86,2022,Round 3,2022-04-02,10565
Greater Western Sydney,Lachlan Ash,4,11,9,60.0,0,0,1,1,0,0,1,3,251,3,1,0,77,2022,Round 3,2022-04-02,10565
Greater Western Sydney,Ian Hill,3,11,10,71.4,0,0,0,3,0,0,0,3,200,2,1,2,68,2022,Round 3,2022-04-02,10565
Greater Western Sydney,Jake Stein,4,5,10,100.0,0,0,0,9,0,0,0,2,136,1,5,0,87,2022,Round 3,2022-04-02,10565
Greater Western Sydney,Nick Haynes,4,5,5,55.6,0,0,0,2,0,0,0,1,86,3,5,0,56,2022,Round 3,2022-04-02,10565
Greater Western Sydney,James Peatling,3,7,6,66.7,0,0,2,1,0,0,0,2,177,2,0,2,82,2022,Round 3,2022-04-02,10565
Greater Western Sydney,Harrison Himmelberg,5,3,7,87.5,2,2,3,1,0,0,0,5,128,3,0,1,91,2022,Round 3,2022-04-02,10565
Greater Western Sydney,Lachlan Keeffe,3,3,5,71.4,0,0,1,1,0,0,0,3,116,1,1,0,81,2022,Round 3,2022-04-02,10565
Greater Western Sydney,Adam Kennedy,0,6,6,100.0,0,0,0,0,0,0,0,1,-8,0,0,0,22,2022,Round 3,2022-04-02,10565
Gold Coast,Brayden Fiorini,11,13,16,64.0,0,0,0,2,0,3,1,4,388,6,2,0,79,2022,Round 3,2022-04-02,10565
Gold Coast,Lachlan Weller,4,16,15,71.4,0,0,0,4,1,0,1,1,426,6,4,0,81,2022,Round 3,2022-04-02,10565
Gold Coast,Jeremy Sharp,6,13,14,66.7,0,0,0,1,3,0,1,2,563,4,5,1,84,2022,Round 3,2022-04-02,10565
Gold Coast,David Swallow,7,12,11,61.1,0,0,0,1,0,1,2,4,342,3,2,0,89,2022,Round 3,2022-04-02,10565
Gold Coast,Brandon Ellis,4,14,13,72.2,0,0,0,0,0,0,1,1,396,6,4,0,86,2022,Round 3,2022-04-02,10565
Gold Coast,Noah Anderson,7,6,9,50.0,0,0,1,2,3,0,5,3,382,3,3,0,84,2022,Round 3,2022-04-02,10565
Gold Coast,Matt Rowell,11,7,15,83.3,0,1,0,0,0,1,4,7,141,0,5,1,87,2022,Round 3,2022-04-02,10565
Gold Coast,Touk Miller,8,10,10,58.8,0,0,0,0,1,1,1,4,275,3,3,1,87,2022,Round 3,2022-04-02,10565
Gold Coast,Jack Lukosius,3,11,11,64.7,0,2,0,0,0,0,1,3,488,5,3,0,89,2022,Round 3,2022-04-02,10565
Gold Coast,Ben Ainsworth,5,11,8,53.3,0,1,1,2,0,0,0,5,202,2,1,3,86,2022,Round 3,2022-04-02,10565
Gold Coast,Wil Powell,5,3,9,75.0,0,0,0,3,0,0,0,1,476,4,5,0,86,2022,Round 3,2022-04-02,10565
Gold Coast,Levi Casboult,5,6,8,72.7,3,0,3,5,0,0,0,5,103,4,1,0,96,2022,Round 3,2022-04-02,10565
Gold Coast,Rory Atkins,4,9,7,63.6,0,0,0,0,0,0,1,2,149,2,1,1,64,2022,Round 3,2022-04-02,10565
Gold Coast,Sean Lemmens,4,8,10,90.9,0,0,0,3,0,0,0,2,207,1,8,0,85,2022,Round 3,2022-04-02,10565
Gold Coast,Samuel Collins,8,4,10,90.9,2,0,0,10,0,0,0,1,56,0,9,0,95,2022,Round 3,2022-04-02,10565
Gold Coast,Charlie Ballard,5,8,10,90.9,1,0,0,5,0,0,0,0,110,2,9,0,92,2022,Round 3,2022-04-02,10565
Gold Coast,Mabior Chol,8,3,7,70.0,1,0,1,2,0,0,3,5,158,1,0,0,68,2022,Round 3,2022-04-02,10565
Gold Coast,Jarrod Witts,6,3,6,66.7,0,0,0,4,0,2,3,1,118,2,0,2,72,2022,Round 3,2022-04-02,10565
Gold Coast,Nicholas Holman,4,6,6,66.7,1,0,1,0,0,0,0,3,145,0,0,0,85,2022,Round 3,2022-04-02,10565
Gold Coast,Alex Davies,2,6,5,62.5,0,0,0,0,0,2,0,2,187,1,0,1,74,2022,Round 3,2022-04-02,10565
Gold Coast,Alex Sexton,2,4,5,83.3,0,0,1,0,0,0,1,3,155,1,0,0,65,2022,Round 3,2022-04-02,10565
Gold Coast,Caleb Graham,2,2,3,100.0,0,0,0,7,0,0,0,0,-5,1,3,0,65,2022,Round 3,2022-04-02,10565
Brisbane Lions,Hugh Mccluggage,8,21,19,65.5,0,1,0,1,1,1,3,8,456,5,2,3,83,2022,Round 3,2022-04-02,10567
Brisbane Lions,Jarryd Lyons,7,19,20,71.4,0,4,2,2,1,3,3,12,668,3,1,0,68,2022,Round 3,2022-04-02,10567
Brisbane Lions,Dayne Zorko,6,23,22,78.6,0,0,0,3,0,0,1,13,586,2,8,0,71,2022,Round 3,2022-04-02,10567
Brisbane Lions,Lachie Neale,13,13,19,70.4,0,2,0,0,0,2,3,8,235,3,3,1,84,2022,Round 3,2022-04-02,10567
Brisbane Lions,Daniel Rich,5,11,14,66.7,1,0,0,2,0,0,2,5,375,4,5,0,78,2022,Round 3,2022-04-02,10567
Brisbane Lions,Jarrod Berry,4,17,15,71.4,0,1,0,5,0,0,2,5,318,4,3,3,76,2022,Round 3,2022-04-02,10567
Brisbane Lions,Callum Ah Chee,11,11,15,75.0,1,0,0,1,0,0,0,7,220,4,4,0,80,2022,Round 3,2022-04-02,10567
Brisbane Lions,Noah Answerth,7,15,17,85.0,2,0,0,1,0,0,0,4,164,2,7,0,83,2022,Round 3,2022-04-02,10567
Brisbane Lions,Charlie Cameron,7,9,7,41.2,3,0,8,3,0,0,0,13,301,3,2,4,84,2022,Round 3,2022-04-02,10567
Brisbane Lions,Marcus Adams,5,13,16,94.1,3,2,0,5,0,0,0,8,368,1,8,0,97,2022,Round 3,2022-04-02,10567
Brisbane Lions,Zac Bailey,8,10,12,70.6,0,1,2,3,0,2,1,11,454,3,1,2,84,2022,Round 3,2022-04-02,10567
Brisbane Lions,Nakia Cockatoo,8,8,13,81.2,0,2,1,1,0,0,1,9,354,1,2,1,78,2022,Round 3,2022-04-02,10567
Brisbane Lions,Cameron Rayner,7,9,12,75.0,0,1,1,1,0,1,1,7,265,3,1,0,71,2022,Round 3,2022-04-02,10567
Brisbane Lions,Lincoln Mccarthy,5,10,10,66.7,1,0,5,1,0,0,0,7,398,2,1,2,77,2022,Round 3,2022-04-02,10567
Brisbane Lions,Joe Daniher,3,12,12,80.0,0,1,4,1,2,1,0,6,464,2,0,1,86,2022,Round 3,2022-04-02,10567
Brisbane Lions,Darcy Gardiner,3,10,13,92.9,3,0,1,5,0,0,0,3,117,0,3,0,88,2022,Round 3,2022-04-02,10567
Brisbane Lions,Daniel Mcstay,9,7,9,64.3,1,1,1,0,0,0,0,8,366,3,3,1,91,2022,Round 3,2022-04-02,10567
Brisbane Lions,Harris Andrews,7,6,14,100.0,2,0,0,8,0,0,0,3,108,0,8,0,100,2022,Round 3,2022-04-02,10567
Brisbane Lions,Brandon Starcevich,8,6,14,100.0,1,0,0,5,0,0,1,6,251,0,7,0,84,2022,Round 3,2022-04-02,10567
Brisbane Lions,Mitch Robinson,5,7,10,83.3,0,0,0,0,0,0,2,4,182,0,2,1,81,2022,Round 3,2022-04-02,10567
Brisbane Lions,Oscar Mcinerney,12,1,7,58.3,1,0,0,2,0,3,4,5,179,2,1,0,76,2022,Round 3,2022-04-02,10567
Brisbane Lions,Darcy Fort,8,5,9,81.8,1,1,1,5,0,1,1,7,112,1,1,0,82,2022,Round 3,2022-04-02,10567
North Melbourne,Jy Simpkin,13,20,20,64.5,0,0,0,1,1,3,1,3,354,6,5,0,82,2022,Round 3,2022-04-02,10567
North Melbourne,Aaron Hall,4,12,15,60.0,0,0,0,2,0,0,1,2,504,7,1,0,84,2022,Round 3,2022-04-02,10567
North Melbourne,Curtis Taylor,4,19,15,65.2,0,1,2,2,0,0,1,5,569,7,2,0,75,2022,Round 3,2022-04-02,10567
North Melbourne,Jaidyn Stephenson,11,11,14,63.6,0,0,1,1,1,1,4,4,440,6,3,0,87,2022,Round 3,2022-04-02,10567
North Melbourne,Lachie Young,9,12,19,90.5,1,1,0,5,0,0,1,4,309,0,7,0,83,2022,Round 3,2022-04-02,10567
North Melbourne,Jason Horne Francis,11,11,16,76.2,0,0,0,1,2,4,3,2,234,3,1,0,76,2022,Round 3,2022-04-02,10567
North Melbourne,Hugh Greenwood,11,8,9,47.4,0,0,0,3,0,2,4,0,196,10,1,1,86,2022,Round 3,2022-04-02,10567
North Melbourne,Jack Ziebell,5,7,14,77.8,0,0,0,4,1,0,1,1,300,4,5,0,76,2022,Round 3,2022-04-02,10567
North Melbourne,Jack Mahony,7,13,13,72.2,0,0,1,0,0,0,4,1,294,5,2,0,77,2022,Round 3,2022-04-02,10567
North Melbourne,Aidan Corr,4,11,10,66.7,0,0,0,8,0,0,0,0,318,5,6,0,92,2022,Round 3,2022-04-02,10567
North Melbourne,Cameron Zurhaar,5,5,6,54.5,0,1,0,2,0,0,2,3,204,3,0,1,87,2022,Round 3,2022-04-02,10567
North Melbourne,Tristan Xerri,8,2,8,72.7,0,0,0,0,0,3,2,2,127,3,1,0,86,2022,Round 3,2022-04-02,10567
North Melbourne,Luke Mcdonald,1,9,6,60.0,0,0,0,3,0,0,0,0,317,5,3,0,86,2022,Round 3,2022-04-02,10567
North Melbourne,Kayne Turner,4,6,8,80.0,0,0,0,1,0,1,1,1,131,1,0,0,83,2022,Round 3,2022-04-02,10567
North Melbourne,Bailey Scott,1,8,6,60.0,0,0,0,2,0,0,0,0,163,2,2,0,80,2022,Round 3,2022-04-02,10567
North Melbourne,Jared Polec,2,7,7,77.8,0,0,0,1,1,0,1,1,113,1,3,1,77,2022,Round 3,2022-04-02,10567
North Melbourne,Ben Mckay,3,5,8,100.0,1,0,0,5,0,0,0,2,63,0,2,0,72,2022,Round 3,2022-04-02,10567
North Melbourne,Todd Goldstein,3,4,6,85.7,0,0,0,2,0,1,1,3,113,1,0,0,78,2022,Round 3,2022-04-02,10567
North Melbourne,Joshua Walker,3,4,6,85.7,1,0,0,5,0,0,1,0,45,1,3,0,90,2022,Round 3,2022-04-02,10567
North Melbourne,Nick Larkey,3,4,5,71.4,0,0,1,1,0,0,0,3,154,2,1,1,90,2022,Round 3,2022-04-02,10567
North Melbourne,Tom Powell,4,2,3,42.9,0,0,0,1,0,1,2,2,93,1,0,1,65,2022,Round 3,2022-04-02,10567
North Melbourne,Eddie Ford,2,4,6,100.0,2,0,0,1,0,0,0,1,56,0,1,1,68,2022,Round 3,2022-04-02,10567
North Melbourne,Aiden Bonar,0,0,0,0.0,0,0,0,1,0,0,0,0,0,0,0,0,20,2022,Round 3,2022-04-02,10567
Collingwood,Taylor Adams,13,16,19,63.3,0,1,0,2,1,3,5,10,220,3,1,0,84,2022,Round 3,2022-04-02,10566
Collingwood,Jamie Elliott 1,14,12,13,50.0,0,1,2,1,0,1,0,6,281,8,3,1,83,2022,Round 3,2022-04-02,10566
Collingwood,Nick Daicos,9,14,19,73.1,0,0,0,1,0,2,3,6,278,4,3,0,70,2022,Round 3,2022-04-02,10566
Collingwood,Jack Crisp,6,19,17,70.8,0,1,0,2,0,1,0,2,494,5,4,0,88,2022,Round 3,2022-04-02,10566
Collingwood,Patrick Lipinski,6,17,18,78.3,0,0,0,4,0,1,1,4,206,3,2,1,86,2022,Round 3,2022-04-02,10566
Collingwood,Josh Daicos,7,14,16,76.2,0,0,0,0,0,0,1,4,317,3,4,0,87,2022,Round 3,2022-04-02,10566
Collingwood,Isaac Quaynor,8,13,18,85.7,0,0,0,2,0,0,0,2,458,3,12,1,89,2022,Round 3,2022-04-02,10566
Collingwood,Scott Pendlebury,12,12,17,85.0,0,1,0,6,0,0,2,5,163,1,9,1,87,2022,Round 3,2022-04-02,10566
Collingwood,Brodie Grundy,12,8,10,50.0,0,1,0,2,0,4,4,5,281,4,1,0,80,2022,Round 3,2022-04-02,10566
Collingwood,Jordan De Goey,13,10,9,45.0,0,0,1,4,0,1,3,10,345,3,2,0,87,2022,Round 3,2022-04-02,10566
Collingwood,Steele Sidebottom,3,16,13,68.4,0,0,0,3,1,0,1,3,426,2,3,0,68,2022,Round 3,2022-04-02,10566
Collingwood,John Noble,1,18,14,77.8,0,0,0,1,0,0,0,3,357,3,1,1,66,2022,Round 3,2022-04-02,10566
Collingwood,Jack Madgen,6,10,13,76.5,1,0,0,3,0,0,1,2,147,2,6,0,100,2022,Round 3,2022-04-02,10566
Collingwood,Jeremy Howe,5,9,14,93.3,1,0,0,4,0,0,0,2,317,2,8,0,89,2022,Round 3,2022-04-02,10566
Collingwood,Will Hoskin Elliott,7,10,9,60.0,0,1,1,3,0,0,0,4,195,6,1,1,86,2022,Round 3,2022-04-02,10566
Collingwood,Brayden Maynard,6,9,9,64.3,0,0,0,2,0,0,0,1,215,2,5,0,82,2022,Round 3,2022-04-02,10566
Collingwood,Reef Mcinnes,2,12,10,71.4,0,1,0,0,0,0,0,6,284,0,0,0,67,2022,Round 3,2022-04-02,10566
Collingwood,Darcy Cameron,8,5,10,76.9,3,0,2,1,0,2,1,4,119,3,2,0,74,2022,Round 3,2022-04-02,10566
Collingwood,Oliver Henry,5,8,8,61.5,0,0,0,1,0,0,0,4,269,4,1,1,59,2022,Round 3,2022-04-02,10566
Collingwood,Darcy Moore,2,5,9,81.8,0,0,0,7,0,0,1,0,184,0,2,0,100,2022,Round 3,2022-04-02,10566
Collingwood,Brody Mihocek,6,1,4,57.1,0,0,1,3,0,0,2,3,63,2,0,1,86,2022,Round 3,2022-04-02,10566
Collingwood,Jack Ginnivan,7,1,5,83.3,0,0,0,2,0,0,1,5,136,1,3,0,80,2022,Round 3,2022-04-02,10566
Geelong,Thomas Stewart,6,14,23,79.3,0,0,0,5,1,0,1,3,767,5,13,0,91,2022,Round 3,2022-04-02,10566
Geelong,Patrick Dangerfield,12,10,17,68.0,2,1,1,3,0,3,2,6,550,6,5,1,78,2022,Round 3,2022-04-02,10566
Geelong,Cameron Guthrie,9,13,16,72.7,0,0,0,0,0,3,3,3,244,2,2,0,68,2022,Round 3,2022-04-02,10566
Geelong,Joel Selwood,10,11,13,61.9,0,1,0,3,0,4,1,4,270,6,3,0,85,2022,Round 3,2022-04-02,10566
Geelong,Brandan Parfitt,9,13,14,66.7,0,0,1,1,0,1,4,7,193,4,1,2,64,2022,Round 3,2022-04-02,10566
Geelong,Mitchell Duncan,6,13,16,80.0,0,1,2,0,0,0,1,6,352,3,3,0,86,2022,Round 3,2022-04-02,10566
Geelong,Max Holmes,10,10,13,65.0,0,1,1,0,0,1,0,5,300,6,5,2,67,2022,Round 3,2022-04-02,10566
Geelong,Isaac Smith,4,13,15,78.9,0,0,0,1,0,0,1,6,341,2,2,0,88,2022,Round 3,2022-04-02,10566
Geelong,Tom Atkins,13,5,10,55.6,0,0,0,3,0,0,2,4,184,6,7,0,80,2022,Round 3,2022-04-02,10566
Geelong,Shaun Higgins,3,14,15,88.2,0,1,0,2,0,0,1,7,255,2,1,1,69,2022,Round 3,2022-04-02,10566
Geelong,Rhys Stanley,9,8,10,58.8,2,0,2,7,0,2,2,6,239,4,3,0,77,2022,Round 3,2022-04-02,10566
Geelong,Zach Tuohy,3,10,13,81.2,0,2,0,1,0,0,0,3,453,3,2,0,75,2022,Round 3,2022-04-02,10566
Geelong,Jeremy Cameron,3,11,11,78.6,1,0,5,3,0,0,0,7,326,5,0,0,100,2022,Round 3,2022-04-02,10566
Geelong,Tyson Stengle,7,7,9,64.3,0,1,0,1,0,0,0,7,287,2,2,1,70,2022,Round 3,2022-04-02,10566
Geelong,Bradley Close,1,12,11,84.6,0,0,1,2,0,0,0,2,158,1,0,0,88,2022,Round 3,2022-04-02,10566
Geelong,Tom Hawkins,5,6,9,81.8,1,3,5,0,0,0,0,8,240,3,0,0,97,2022,Round 3,2022-04-02,10566
Geelong,Jake Kolodjashnij,6,6,10,90.9,0,0,0,2,0,0,2,0,162,1,4,0,97,2022,Round 3,2022-04-02,10566
Geelong,Sam De Koning,3,7,9,81.8,1,1,0,8,0,0,0,4,129,2,4,0,81,2022,Round 3,2022-04-02,10566
Geelong,Jed Bews,5,3,7,70.0,0,0,0,3,0,0,0,2,125,3,4,0,80,2022,Round 3,2022-04-02,10566
Geelong,Jack Henry,2,8,9,100.0,1,0,0,5,0,0,0,1,225,1,2,0,95,2022,Round 3,2022-04-02,10566
Geelong,Mark Blicavs,4,5,6,75.0,1,1,1,5,0,0,1,3,151,2,0,0,90,2022,Round 3,2022-04-02,10566
Geelong,Luke Dahlhaus,2,5,4,57.1,0,1,1,0,0,1,1,4,86,1,1,0,18,2022,Round 3,2022-04-02,10566
Geelong,Esava Ratugolea,3,1,2,50.0,0,0,0,2,0,0,0,0,67,2,2,1,54,2022,Round 3,2022-04-02,10566
Carlton,Sam Docherty,7,26,29,87.9,0,1,1,1,2,0,1,5,356,3,9,0,86,2022,Round 3,2022-04-03,10568
Carlton,Sam Walsh,9,23,25,78.1,0,0,0,1,0,0,2,6,431,4,1,0,85,2022,Round 3,2022-04-03,10568
Carlton,Patrick Cripps,12,20,21,67.7,1,0,1,3,0,4,2,6,257,8,0,2,85,2022,Round 3,2022-04-03,10568
Carlton,Matthew Kennedy 1,11,21,20,66.7,0,0,0,1,0,2,2,6,371,7,6,0,66,2022,Round 3,2022-04-03,10568
Carlton,George Hewett,11,19,22,78.6,0,0,0,4,0,6,3,4,251,5,4,2,77,2022,Round 3,2022-04-03,10568
Carlton,Zachary Williams,4,16,21,77.8,0,0,0,3,5,0,0,4,623,5,7,0,80,2022,Round 3,2022-04-03,10568
Carlton,Adam Cerra,9,13,18,78.3,0,0,0,1,0,1,1,5,250,4,6,0,72,2022,Round 3,2022-04-03,10568
Carlton,Nic Newman,6,14,18,85.7,1,0,0,5,0,0,1,0,395,2,7,1,88,2022,Round 3,2022-04-03,10568
Carlton,Lochie O Brien,1,17,15,78.9,0,1,1,2,0,0,0,1,407,3,3,0,80,2022,Round 3,2022-04-03,10568
Carlton,Will Setterfield,9,10,12,66.7,1,0,0,1,0,0,1,3,205,3,6,0,88,2022,Round 3,2022-04-03,10568
Carlton,Zac Fisher,6,10,13,81.2,0,1,0,1,0,0,1,4,179,2,2,1,75,2022,Round 3,2022-04-03,10568
Carlton,Jack Silvagni,3,13,11,78.6,1,0,2,0,0,0,0,5,346,5,0,2,87,2022,Round 3,2022-04-03,10568
Carlton,Jacob Weitering,6,7,10,71.4,0,0,0,10,0,0,0,1,228,3,8,0,100,2022,Round 3,2022-04-03,10568
Carlton,Matt Owies,4,9,10,76.9,0,2,1,0,0,0,0,3,271,2,2,3,82,2022,Round 3,2022-04-03,10568
Carlton,Marc Pittonet,9,4,7,58.3,0,0,0,3,0,5,1,4,126,3,1,0,75,2022,Round 3,2022-04-03,10568
Carlton,Harry Mckay,8,3,9,81.8,3,0,1,0,0,0,0,2,356,8,1,0,85,2022,Round 3,2022-04-03,10568
Carlton,Corey Durdin,7,6,7,63.6,1,1,0,0,0,0,1,4,249,2,1,2,81,2022,Round 3,2022-04-03,10568
Carlton,Jordan Boyd,6,5,6,54.5,0,0,0,2,0,0,0,2,135,4,5,0,69,2022,Round 3,2022-04-03,10568
Carlton,Charlie Curnow,7,2,7,70.0,5,1,3,0,0,0,0,5,375,3,0,1,78,2022,Round 3,2022-04-03,10568
Carlton,Lewis Young,3,7,10,100.0,0,0,0,11,0,0,0,1,101,1,5,0,100,2022,Round 3,2022-04-03,10568
Carlton,Lachlan Plowman,4,4,7,87.5,0,0,0,6,1,0,1,1,134,1,4,0,77,2022,Round 3,2022-04-03,10568
Carlton,Tom De Koning,5,1,4,57.1,0,0,0,0,0,0,2,1,93,3,2,2,81,2022,Round 3,2022-04-03,10568
Carlton,Jack Martin,0,0,0,0.0,0,0,0,0,0,0,0,0,0,0,0,0,2,2022,Round 3,2022-04-03,10568
Hawthorn,Changkuoth Jiath,8,18,22,81.5,2,0,0,2,5,0,0,6,588,3,10,0,83,2022,Round 3,2022-04-03,10568
Hawthorn,James Sicily,8,14,19,79.2,1,0,0,4,1,0,0,2,563,1,10,0,93,2022,Round 3,2022-04-03,10568
Hawthorn,Tom Mitchell,12,12,16,69.6,0,1,0,1,0,1,5,7,319,3,3,0,83,2022,Round 3,2022-04-03,10568
Hawthorn,James Worpel,10,11,12,52.2,0,0,0,2,0,1,2,7,420,7,1,0,72,2022,Round 3,2022-04-03,10568
Hawthorn,Will Day,6,15,16,72.7,1,0,0,1,0,0,1,2,183,3,9,0,80,2022,Round 3,2022-04-03,10568
Hawthorn,Dylan Moore,8,12,15,71.4,1,0,2,3,0,0,2,6,555,5,2,0,76,2022,Round 3,2022-04-03,10568
Hawthorn,Josh Ward,8,12,14,70.0,0,1,0,1,0,2,1,3,295,5,2,0,76,2022,Round 3,2022-04-03,10568
Hawthorn,Harry Morrison,7,14,16,84.2,0,1,0,3,0,0,2,6,367,3,3,0,84,2022,Round 3,2022-04-03,10568
Hawthorn,Blake Hardwick,4,12,14,77.8,0,0,0,3,0,0,0,2,414,5,3,0,88,2022,Round 3,2022-04-03,10568
Hawthorn,Denver Grainger Barras,7,10,13,72.2,1,0,0,4,0,0,0,0,100,3,11,0,84,2022,Round 3,2022-04-03,10568
Hawthorn,Jaeger O Meara,8,9,11,64.7,0,0,0,1,0,2,1,3,60,3,3,1,80,2022,Round 3,2022-04-03,10568
Hawthorn,Jai Newcombe,5,13,13,76.5,0,0,0,0,2,0,4,2,480,6,2,0,82,2022,Round 3,2022-04-03,10568
Hawthorn,Conor Nash,7,10,12,75.0,0,1,0,3,0,0,0,2,328,2,3,0,73,2022,Round 3,2022-04-03,10568
Hawthorn,Daniel Howe,4,10,12,80.0,0,0,0,3,0,0,1,4,231,4,4,1,65,2022,Round 3,2022-04-03,10568
Hawthorn,Connor Macdonald,4,11,7,46.7,0,0,0,0,1,0,1,4,255,4,1,0,81,2022,Round 3,2022-04-03,10568
Hawthorn,Luke Breust,6,8,9,64.3,0,4,1,1,0,0,0,6,318,6,1,3,78,2022,Round 3,2022-04-03,10568
Hawthorn,Chad Wingard,4,7,8,66.7,1,0,1,0,0,0,1,2,198,3,0,2,84,2022,Round 3,2022-04-03,10568
Hawthorn,Sam Frost,6,7,11,91.7,1,0,0,6,0,0,0,2,261,3,9,0,90,2022,Round 3,2022-04-03,10568
Hawthorn,Finn Maginness,5,6,6,60.0,0,0,0,2,0,0,1,1,101,5,3,0,86,2022,Round 3,2022-04-03,10568
Hawthorn,Jack Gunston,3,4,5,71.4,0,0,2,4,1,0,0,4,158,2,1,1,90,2022,Round 3,2022-04-03,10568
Hawthorn,Ned Reeves,4,3,5,71.4,0,0,0,2,0,1,1,3,72,2,0,0,64,2022,Round 3,2022-04-03,10568
Hawthorn,Mitchell Lewis,3,4,5,83.3,1,0,2,3,0,0,1,3,42,2,0,0,92,2022,Round 3,2022-04-03,10568
Hawthorn,Jack Scrimshaw,0,3,2,66.7,0,0,0,0,0,0,0,0,80,0,0,0,19,2022,Round 3,2022-04-03,10568
St Kilda,Jack Steele,12,17,24,75.0,0,2,0,3,0,3,2,8,606,9,8,0,84,2022,Round 3,2022-04-03,10569
St Kilda,Jade Gresham,18,16,19,59.4,0,1,0,1,1,3,1,10,300,4,2,0,83,2022,Round 3,2022-04-03,10569
St Kilda,Brad Crouch,15,14,21,72.4,0,1,0,0,0,4,7,9,277,4,3,1,82,2022,Round 3,2022-04-03,10569
St Kilda,Sebastian Ross,8,21,20,71.4,0,0,0,0,0,2,2,9,351,4,2,0,83,2022,Round 3,2022-04-03,10569
St Kilda,Jack Sinclair,11,14,21,87.5,0,1,0,6,2,0,3,4,453,3,6,0,86,2022,Round 3,2022-04-03,10569
St Kilda,Mason Wood,10,14,16,69.6,0,0,0,3,0,1,3,5,432,5,3,0,83,2022,Round 3,2022-04-03,10569
St Kilda,Daniel Mckenzie,7,13,11,52.4,1,0,0,2,1,0,2,5,359,4,6,0,75,2022,Round 3,2022-04-03,10569
St Kilda,Jarrod Lienert,5,12,15,78.9,0,0,0,4,0,1,0,3,296,5,8,0,66,2022,Round 3,2022-04-03,10569
St Kilda,Jimmy Webster,3,12,14,87.5,0,0,0,2,0,0,0,1,170,1,3,0,83,2022,Round 3,2022-04-03,10569
St Kilda,Bradley Hill,3,10,9,60.0,0,1,0,3,0,0,0,4,271,4,1,0,89,2022,Round 3,2022-04-03,10569
St Kilda,Tim Membrey,5,10,13,86.7,0,1,1,0,0,0,0,9,297,2,1,1,93,2022,Round 3,2022-04-03,10569
St Kilda,Callum Wilkie,4,11,14,93.3,1,0,1,6,0,0,1,2,303,3,5,0,96,2022,Round 3,2022-04-03,10569
St Kilda,Josh Battle,6,7,14,100.0,0,0,0,5,0,0,0,4,271,1,7,0,83,2022,Round 3,2022-04-03,10569
St Kilda,Max King 1,7,6,6,46.2,2,0,6,1,0,0,0,7,302,3,0,0,84,2022,Round 3,2022-04-03,10569
St Kilda,Dougal Howard,1,9,10,83.3,0,0,0,11,0,0,0,0,384,1,3,0,95,2022,Round 3,2022-04-03,10569
St Kilda,Nasiah Wanganeen Milera,4,9,9,75.0,0,0,0,2,1,0,3,2,220,2,1,0,61,2022,Round 3,2022-04-03,10569
St Kilda,Jack Hayes,7,7,8,66.7,0,1,2,5,0,0,1,7,102,2,0,0,73,2022,Round 3,2022-04-03,10569
St Kilda,Ben Long,7,6,8,80.0,0,2,0,4,0,0,0,6,148,2,3,2,65,2022,Round 3,2022-04-03,10569
St Kilda,Daniel Butler,3,6,6,66.7,1,0,0,0,0,0,1,5,176,2,0,0,91,2022,Round 3,2022-04-03,10569
St Kilda,Rowan Marshall,7,4,6,66.7,1,1,1,1,0,1,2,6,90,1,1,0,90,2022,Round 3,2022-04-03,10569
St Kilda,Ben Paton,2,9,4,44.4,0,1,0,2,1,0,1,3,198,2,0,0,81,2022,Round 3,2022-04-03,10569
St Kilda,Patrick Ryder,5,1,3,50.0,1,0,0,2,0,1,0,3,36,0,3,0,60,2022,Round 3,2022-04-03,10569
St Kilda,Jack Higgins,3,2,4,80.0,1,1,1,0,0,0,0,3,34,1,0,0,14,2022,Round 3,2022-04-03,10569
Richmond,Jayden Short,7,19,24,77.4,1,0,0,1,0,0,1,3,571,5,7,0,79,2022,Round 3,2022-04-03,10569
Richmond,Nathan Broad,10,17,21,84.0,1,0,0,7,1,0,0,1,508,2,11,0,93,2022,Round 3,2022-04-03,10569
Richmond,Jack Graham,10,15,19,76.0,0,1,0,0,0,0,2,2,376,7,5,0,79,2022,Round 3,2022-04-03,10569
Richmond,Trent Cotchin,8,14,17,73.9,0,0,0,0,1,2,1,3,124,1,2,0,80,2022,Round 3,2022-04-03,10569
Richmond,Thomson Dow,12,12,19,82.6,0,1,0,1,0,5,2,2,206,1,5,1,83,2022,Round 3,2022-04-03,10569
Richmond,Daniel Rioli,7,12,20,100.0,0,1,0,3,0,0,1,2,416,3,5,1,82,2022,Round 3,2022-04-03,10569
Richmond,Kamdyn Mcintosh,1,15,12,75.0,0,0,0,2,0,0,1,3,355,3,1,0,83,2022,Round 3,2022-04-03,10569
Richmond,Marlion Pickett,4,14,13,81.2,1,0,0,1,0,2,1,2,395,4,3,0,78,2022,Round 3,2022-04-03,10569
Richmond,Jack Ross,4,14,13,81.2,0,0,0,1,0,0,1,5,289,2,2,1,81,2022,Round 3,2022-04-03,10569
Richmond,Jason Castagna,6,9,12,80.0,1,1,1,0,0,0,0,4,241,3,0,4,80,2022,Round 3,2022-04-03,10569
Richmond,Liam Baker,4,10,11,73.3,0,0,0,0,0,1,0,3,229,4,1,3,81,2022,Round 3,2022-04-03,10569
Richmond,Shai Bolton,8,7,11,78.6,0,2,1,1,0,3,0,6,274,2,3,1,89,2022,Round 3,2022-04-03,10569
Richmond,Hugo Ralphsmith,4,8,12,85.7,0,0,0,0,0,1,0,3,268,1,3,0,78,2022,Round 3,2022-04-03,10569
Richmond,Shane Edwards,5,8,9,69.2,0,1,0,2,0,1,1,3,117,2,1,1,77,2022,Round 3,2022-04-03,10569
Richmond,Matthew Parker,8,6,9,69.2,1,0,2,4,0,1,0,4,350,6,1,0,77,2022,Round 3,2022-04-03,10569
Richmond,Thomas Lynch,7,6,7,63.6,2,0,1,3,0,0,0,4,260,2,0,0,95,2022,Round 3,2022-04-03,10569
Richmond,Toby Nankervis,8,5,9,81.8,0,0,0,4,0,1,4,7,134,3,3,0,74,2022,Round 3,2022-04-03,10569
Richmond,Robert Tarrant,2,6,9,100.0,1,0,0,5,0,0,1,0,132,1,3,0,96,2022,Round 3,2022-04-03,10569
Richmond,Josh Gibcus,3,5,7,87.5,0,1,0,7,0,0,0,2,108,0,4,0,87,2022,Round 3,2022-04-03,10569
Richmond,Jake Aarts,2,5,6,85.7,0,0,1,0,0,0,1,0,85,3,1,0,36,2022,Round 3,2022-04-03,10569
Richmond,Dylan Grimes,4,2,2,40.0,1,0,0,5,0,0,0,1,79,3,4,0,54,2022,Round 3,2022-04-03,10569
Richmond,Ivan Soldo,1,4,3,60.0,0,0,0,0,0,0,0,1,81,6,0,2,59,2022,Round 3,2022-04-03,10569
Richmond,Noah Balta,2,3,5,100.0,1,0,2,2,0,0,0,3,101,2,0,2,79,2022,Round 3,2022-04-03,10569
West Coast,Shannon Hurn,11,11,21,77.8,2,0,0,1,1,0,0,2,522,4,13,0,72,2022,Round 3,2022-04-03,10570
West Coast,Andrew Gaff,5,20,21,84.0,0,0,0,2,0,1,0,0,163,2,0,2,80,2022,Round 3,2022-04-03,10570
West Coast,Alex Witherden,6,17,19,82.6,0,0,0,4,0,0,0,1,387,7,8,0,85,2022,Round 3,2022-04-03,10570
West Coast,Patrick Naish,9,11,11,50.0,0,0,0,0,0,0,1,1,511,6,4,1,83,2022,Round 3,2022-04-03,10570
West Coast,Jack Redden,8,14,17,81.0,0,0,0,1,0,2,2,1,172,4,2,0,80,2022,Round 3,2022-04-03,10570
West Coast,Jeremy Mcgovern,9,11,17,81.0,4,0,0,12,0,1,0,2,486,1,15,0,88,2022,Round 3,2022-04-03,10570
West Coast,Jackson Nelson,4,11,9,56.2,0,0,0,4,0,0,2,2,178,5,2,0,92,2022,Round 3,2022-04-03,10570
West Coast,Nicholas Naitanui,18,2,9,60.0,0,0,0,2,0,3,4,1,143,2,1,0,66,2022,Round 3,2022-04-03,10570
West Coast,Luke Foley,6,7,9,64.3,0,0,0,1,0,0,2,1,197,4,3,0,90,2022,Round 3,2022-04-03,10570
West Coast,Josh Rotham,0,12,11,84.6,0,0,0,6,0,0,0,0,250,4,5,0,89,2022,Round 3,2022-04-03,10570
West Coast,Jack Darling,11,3,6,50.0,4,1,2,5,0,0,0,4,176,3,1,1,85,2022,Round 3,2022-04-03,10570
West Coast,Brady Hough,1,11,8,66.7,0,0,0,0,0,0,1,1,143,2,0,0,83,2022,Round 3,2022-04-03,10570
West Coast,Liam Ryan,7,4,4,36.4,2,0,1,1,0,0,0,2,243,9,2,0,73,2022,Round 3,2022-04-03,10570
West Coast,Jack Petruccelle,2,9,10,90.9,0,1,0,1,0,0,0,4,371,1,0,1,80,2022,Round 3,2022-04-03,10570
West Coast,Luke Edwards,2,11,6,54.5,0,0,0,1,0,1,0,1,135,1,1,0,68,2022,Round 3,2022-04-03,10570
West Coast,Hugh Dixon,8,3,8,80.0,1,0,0,5,0,3,1,4,245,1,1,0,77,2022,Round 3,2022-04-03,10570
West Coast,Joshua Kennedy,5,4,6,66.7,1,0,3,1,0,0,0,3,211,5,2,3,90,2022,Round 3,2022-04-03,10570
West Coast,Jamaine Jones,4,8,5,55.6,0,0,0,1,0,1,1,0,145,4,2,0,69,2022,Round 3,2022-04-03,10570
West Coast,Sam Petrevski Seton,4,4,5,62.5,0,0,0,0,0,0,0,2,41,1,2,1,82,2022,Round 3,2022-04-03,10570
West Coast,Zac Giles Langdon,6,2,6,75.0,1,1,0,0,0,0,1,1,103,3,2,0,90,2022,Round 3,2022-04-03,10570
West Coast,Connor West,5,2,3,37.5,0,0,0,0,0,1,1,0,147,3,1,1,72,2022,Round 3,2022-04-03,10570
West Coast,Harry Edwards,2,6,4,57.1,0,0,0,3,0,0,0,1,184,4,2,0,95,2022,Round 3,2022-04-03,10570
West Coast,Jake Waterman,0,0,0,0.0,0,0,0,0,0,0,0,0,0,0,0,0,9,2022,Round 3,2022-04-03,10570
Fremantle,Andrew Brayshaw,4,22,19,73.1,0,1,1,0,0,0,1,11,512,4,2,1,82,2022,Round 3,2022-04-03,10570
Fremantle,Will Brodie,17,7,14,60.9,0,0,0,3,0,3,5,4,171,3,4,0,83,2022,Round 3,2022-04-03,10570
Fremantle,Lachlan Schultz,6,16,18,78.3,0,3,2,1,0,0,0,9,207,2,2,3,83,2022,Round 3,2022-04-03,10570
Fremantle,Heath Chapman,5,17,20,87.0,0,0,0,2,0,0,0,4,190,4,6,0,84,2022,Round 3,2022-04-03,10570
Fremantle,Blake Acres,6,17,18,81.8,1,1,1,2,0,0,1,8,421,1,7,1,83,2022,Round 3,2022-04-03,10570
Fremantle,Jordan Clark,4,16,17,81.0,0,1,0,2,1,0,0,5,340,4,5,0,87,2022,Round 3,2022-04-03,10570
Fremantle,James Aish,10,12,12,60.0,0,0,0,2,1,1,3,1,399,9,6,0,89,2022,Round 3,2022-04-03,10570
Fremantle,Luke Ryan,3,12,18,90.0,0,0,0,6,0,0,0,1,472,3,6,0,88,2022,Round 3,2022-04-03,10570
Fremantle,Sam Switkowski,5,10,15,78.9,0,0,0,4,2,1,3,9,252,3,1,0,76,2022,Round 3,2022-04-03,10570
Fremantle,Neil Erasmus,5,13,12,66.7,0,0,0,0,0,1,1,7,229,3,3,0,77,2022,Round 3,2022-04-03,10570
Fremantle,Michael Walters,8,8,10,58.8,0,2,1,2,0,2,2,9,290,6,1,1,90,2022,Round 3,2022-04-03,10570
Fremantle,Hayden Young,3,14,13,81.2,0,0,0,1,0,0,0,2,240,2,4,0,92,2022,Round 3,2022-04-03,10570
Fremantle,Brandon Walker,8,10,13,86.7,0,0,0,4,0,0,2,3,301,5,6,0,75,2022,Round 3,2022-04-03,10570
Fremantle,Travis Colyer,4,11,11,78.6,0,1,1,3,0,0,0,5,456,2,2,1,82,2022,Round 3,2022-04-03,10570
Fremantle,Brennan Cox,3,9,13,92.9,2,0,0,12,0,0,0,1,263,1,5,0,87,2022,Round 3,2022-04-03,10570
Fremantle,Darcy Tucker,8,6,11,84.6,0,0,0,0,0,2,3,2,107,2,1,0,32,2022,Round 3,2022-04-03,10570
Fremantle,Lloyd Meek,8,5,10,76.9,0,0,0,6,0,2,2,1,147,2,5,1,85,2022,Round 3,2022-04-03,10570
Fremantle,Minairo Frederick,6,9,10,76.9,1,1,2,1,0,0,0,7,217,2,2,1,86,2022,Round 3,2022-04-03,10570
Fremantle,Nathan O Driscoll,2,10,7,58.3,0,0,0,2,0,0,0,5,300,2,2,1,67,2022,Round 3,2022-04-03,10570
Fremantle,Matthew Taberner,5,7,7,63.6,3,0,3,1,0,0,0,7,222,4,0,0,68,2022,Round 3,2022-04-03,10570
Fremantle,Rory Lobb,2,6,4,50.0,0,0,2,5,0,0,1,4,105,2,0,0,100,2022,Round 3,2022-04-03,10570
Fremantle,Alex Pearce,2,5,5,71.4,0,0,0,1,0,0,0,1,66,2,5,0,64,2022,Round 3,2022-04-03,10570
Fremantle,Bailey Banfield,2,6,6,85.7,0,1,2,1,1,0,0,5,199,1,1,0,42,2022,Round 3,2022-04-03,10570
Port Adelaide,Riley Bonner,12,21,27,73.0,1,0,0,1,0,0,1,3,405,3,9,0,79,2022,Round 4,2022-04-07,10571
Port Adelaide,Travis Boak,15,21,26,74.3,0,0,0,2,0,3,2,6,379,7,4,0,88,2022,Round 4,2022-04-07,10571
Port Adelaide,Darcy Byrne Jones,7,15,18,69.2,0,0,0,0,1,0,3,5,379,5,6,0,78,2022,Round 4,2022-04-07,10571
Port Adelaide,Ryan Burton,3,20,18,69.2,0,0,0,3,0,0,0,2,721,6,7,0,81,2022,Round 4,2022-04-07,10571
Port Adelaide,Miles Bergman,8,17,19,76.0,0,0,0,1,0,0,1,3,275,5,9,0,86,2022,Round 4,2022-04-07,10571
Port Adelaide,Thomas Jonas,9,16,15,62.5,2,0,0,12,0,0,1,4,368,4,11,0,97,2022,Round 4,2022-04-07,10571
Port Adelaide,Zak Butters,5,15,14,60.9,0,0,0,4,2,1,3,5,214,6,1,1,78,2022,Round 4,2022-04-07,10571
Port Adelaide,Dan Houston,7,15,15,71.4,0,0,0,6,1,0,0,4,162,3,8,0,81,2022,Round 4,2022-04-07,10571
Port Adelaide,Sam Powell Pepper,4,15,10,52.6,0,1,2,0,0,0,1,4,366,6,1,0,82,2022,Round 4,2022-04-07,10571
Port Adelaide,Karl Amon,3,16,10,55.6,0,0,0,4,0,0,0,5,506,5,1,0,85,2022,Round 4,2022-04-07,10571
Port Adelaide,Willem Drew,11,8,15,83.3,1,0,0,3,0,4,2,3,147,1,3,0,88,2022,Round 4,2022-04-07,10571
Port Adelaide,Tom Clurey,1,16,17,100.0,0,0,0,9,2,0,0,2,221,0,5,0,82,2022,Round 4,2022-04-07,10571
Port Adelaide,Connor Rozee,3,15,10,62.5,0,0,0,4,0,0,0,7,277,2,2,0,82,2022,Round 4,2022-04-07,10571
Port Adelaide,Lachlan Jones,5,10,11,68.8,1,0,0,5,0,0,3,1,319,5,5,0,94,2022,Round 4,2022-04-07,10571
Port Adelaide,Jackson Mead,3,11,9,64.3,0,0,0,1,0,0,1,3,220,4,2,0,68,2022,Round 4,2022-04-07,10571
Port Adelaide,Mitch Georgiades,6,8,10,76.9,0,0,0,2,2,0,0,3,160,4,0,0,83,2022,Round 4,2022-04-07,10571
Port Adelaide,Trent Dumont,3,10,6,50.0,0,0,0,2,0,0,0,1,150,1,1,0,41,2022,Round 4,2022-04-07,10571
Port Adelaide,Steven Motlop,3,8,9,81.8,0,0,0,1,0,0,0,6,190,3,0,0,82,2022,Round 4,2022-04-07,10571
Port Adelaide,Scott Lycett,2,7,9,90.0,0,0,0,2,0,1,1,5,71,3,0,0,81,2022,Round 4,2022-04-07,10571
Port Adelaide,Todd Marshall,6,5,7,77.8,1,1,1,1,0,0,0,3,180,0,0,1,81,2022,Round 4,2022-04-07,10571
Port Adelaide,Oliver Wines,4,3,5,71.4,0,0,0,0,0,1,1,1,59,0,1,1,24,2022,Round 4,2022-04-07,10571
Port Adelaide,Jed Mcentee,1,5,4,66.7,0,0,0,0,0,0,0,2,57,1,1,1,70,2022,Round 4,2022-04-07,10571
Port Adelaide,Sam Mayes,2,3,4,80.0,0,0,0,1,0,0,0,3,75,1,0,0,89,2022,Round 4,2022-04-07,10571
Melbourne,James Jordon,7,22,20,74.1,0,1,0,2,0,0,1,3,412,4,5,0,76,2022,Round 4,2022-04-07,10571
Melbourne,Ed Langdon,10,15,15,57.7,0,0,0,2,0,0,3,4,481,6,8,1,93,2022,Round 4,2022-04-07,10571
Melbourne,Max Gawn,12,12,15,60.0,5,0,2,2,0,1,5,4,516,5,6,0,89,2022,Round 4,2022-04-07,10571
Melbourne,Christian Petracca,13,12,12,50.0,0,1,1,2,0,1,1,3,403,9,5,0,90,2022,Round 4,2022-04-07,10571
Melbourne,Steven May,7,8,21,91.3,3,0,0,4,0,0,0,3,692,5,11,0,97,2022,Round 4,2022-04-07,10571
Melbourne,James Harmes,7,15,21,91.3,0,1,1,1,0,0,3,5,325,2,4,2,69,2022,Round 4,2022-04-07,10571
Melbourne,Angus Brayshaw,8,16,17,73.9,0,0,0,2,1,0,2,2,265,4,7,0,86,2022,Round 4,2022-04-07,10571
Melbourne,Jack Viney,16,7,13,61.9,0,0,1,2,0,1,6,3,199,3,1,3,78,2022,Round 4,2022-04-07,10571
Melbourne,Alex Neal Bullen,9,11,16,80.0,0,0,0,0,2,0,1,6,269,4,5,0,86,2022,Round 4,2022-04-07,10571
Melbourne,Clayton Oliver,8,13,11,57.9,0,0,0,3,0,1,5,5,359,5,0,0,85,2022,Round 4,2022-04-07,10571
Melbourne,Tom Sparrow,8,11,13,68.4,0,0,0,3,0,2,3,2,551,8,2,0,70,2022,Round 4,2022-04-07,10571
Melbourne,Charlie Spargo,5,10,9,56.2,0,1,1,1,1,0,1,2,233,4,1,1,72,2022,Round 4,2022-04-07,10571
Melbourne,Luke Jackson,8,7,12,85.7,2,0,2,4,0,2,0,4,208,1,5,1,76,2022,Round 4,2022-04-07,10571
Melbourne,Jake Bowey,3,9,9,81.8,0,0,0,2,0,0,0,3,109,2,3,1,80,2022,Round 4,2022-04-07,10571
Melbourne,Trent Rivers,2,7,7,70.0,1,0,0,0,0,0,0,0,155,0,3,0,73,2022,Round 4,2022-04-07,10571
Melbourne,Bayley Fritsch,5,4,7,77.8,1,0,2,1,0,0,0,3,141,3,0,0,84,2022,Round 4,2022-04-07,10571
Melbourne,Tom Mcdonald,4,4,5,62.5,2,1,1,2,0,0,0,3,202,2,0,2,75,2022,Round 4,2022-04-07,10571
Melbourne,Kysaiah Pickett,3,6,2,25.0,0,1,0,1,0,0,0,1,92,4,0,4,79,2022,Round 4,2022-04-07,10571
Melbourne,Adam Tomlinson,1,5,6,85.7,0,0,0,4,0,0,0,0,225,3,2,0,96,2022,Round 4,2022-04-07,10571
Melbourne,Jayden Hunt,2,7,4,57.1,0,0,0,6,1,0,0,1,150,2,3,0,82,2022,Round 4,2022-04-07,10571
Melbourne,Jake Lever,3,3,7,100.0,0,0,0,2,0,0,0,0,64,0,4,0,87,2022,Round 4,2022-04-07,10571
Melbourne,Sam Weideman,6,2,5,71.4,2,1,0,0,0,0,0,3,35,1,0,1,76,2022,Round 4,2022-04-07,10571
Geelong,Isaac Smith,5,25,26,89.7,0,1,1,1,0,0,3,8,626,6,2,1,81,2022,Round 4,2022-04-08,10572
Geelong,Gryan Miers,7,18,18,72.0,1,0,0,1,0,0,0,8,225,5,4,0,88,2022,Round 4,2022-04-08,10572
Geelong,Zach Tuohy,6,13,20,83.3,0,0,0,3,2,1,0,1,607,4,6,0,89,2022,Round 4,2022-04-08,10572
Geelong,Mark Blicavs,9,15,17,77.3,0,1,2,3,0,1,4,10,212,3,4,0,76,2022,Round 4,2022-04-08,10572
Geelong,Mark O Connor,7,15,16,72.7,0,1,0,2,0,2,2,4,416,2,1,0,83,2022,Round 4,2022-04-08,10572
Geelong,Brandan Parfitt,8,12,13,65.0,0,0,1,3,0,2,3,3,271,4,2,0,70,2022,Round 4,2022-04-08,10572
Geelong,Patrick Dangerfield,9,9,13,68.4,1,0,0,2,0,3,1,6,216,3,1,0,79,2022,Round 4,2022-04-08,10572
Geelong,Max Holmes,7,12,14,73.7,0,1,0,2,0,0,2,5,379,4,3,0,69,2022,Round 4,2022-04-08,10572
Geelong,Mitchell Duncan,1,18,14,77.8,0,1,0,2,0,0,0,5,375,4,3,1,86,2022,Round 4,2022-04-08,10572
Geelong,Jeremy Cameron,4,12,13,81.2,2,2,3,3,0,1,0,7,340,5,1,0,97,2022,Round 4,2022-04-08,10572
Geelong,Jake Kolodjashnij,5,10,15,93.8,1,0,0,2,0,0,0,3,168,2,7,0,89,2022,Round 4,2022-04-08,10572
Geelong,Cameron Guthrie,8,7,14,93.3,0,0,0,2,0,2,3,6,105,0,0,0,66,2022,Round 4,2022-04-08,10572
Geelong,Luke Dahlhaus,5,11,11,73.3,0,0,1,1,0,0,0,6,318,2,4,0,67,2022,Round 4,2022-04-08,10572
Geelong,Quinton Narkle,3,14,6,40.0,0,0,1,0,0,1,0,2,270,8,0,0,48,2022,Round 4,2022-04-08,10572
Geelong,Tom Atkins,4,11,11,73.3,1,0,0,1,1,0,0,2,119,1,6,0,91,2022,Round 4,2022-04-08,10572
Geelong,Tom Hawkins,8,6,8,57.1,5,0,7,1,0,0,2,11,193,2,0,1,95,2022,Round 4,2022-04-08,10572
Geelong,Bradley Close,8,7,10,71.4,0,1,1,2,0,0,2,7,245,2,2,2,87,2022,Round 4,2022-04-08,10572
Geelong,Rhys Stanley,6,6,9,69.2,0,0,1,3,0,2,1,2,167,1,4,0,84,2022,Round 4,2022-04-08,10572
Geelong,Jack Henry,4,9,12,92.3,0,0,0,3,0,0,0,1,99,2,10,0,93,2022,Round 4,2022-04-08,10572
Geelong,Jed Bews,6,5,7,63.6,0,0,0,0,0,0,0,2,291,1,4,0,88,2022,Round 4,2022-04-08,10572
Geelong,Tyson Stengle,3,8,7,63.6,0,0,1,2,0,0,0,8,206,0,1,1,74,2022,Round 4,2022-04-08,10572
Geelong,Sam De Koning,7,2,7,77.8,4,0,0,5,0,0,0,2,157,1,8,0,80,2022,Round 4,2022-04-08,10572
Geelong,Zach Guthrie,2,2,4,100.0,0,0,0,0,0,0,0,1,71,1,2,0,20,2022,Round 4,2022-04-08,10572
Brisbane Lions,Lachie Neale,21,10,20,66.7,1,0,0,1,0,3,8,6,251,3,4,1,83,2022,Round 4,2022-04-08,10572
Brisbane Lions,Daniel Rich,5,10,20,83.3,0,1,0,2,0,0,1,2,796,5,2,0,80,2022,Round 4,2022-04-08,10572
Brisbane Lions,Hugh Mccluggage,9,13,15,68.2,0,0,0,1,0,1,3,6,196,4,3,0,82,2022,Round 4,2022-04-08,10572
Brisbane Lions,Jarryd Lyons,8,14,15,71.4,0,0,0,1,0,1,0,3,408,6,6,0,77,2022,Round 4,2022-04-08,10572
Brisbane Lions,Jarrod Berry,11,11,14,66.7,0,1,0,4,0,1,3,3,167,2,4,1,84,2022,Round 4,2022-04-08,10572
Brisbane Lions,Mitch Robinson,5,12,12,70.6,0,0,0,0,0,0,0,2,334,7,4,0,69,2022,Round 4,2022-04-08,10572
Brisbane Lions,Charlie Cameron,6,10,11,68.8,0,2,1,3,0,0,0,5,300,3,1,0,87,2022,Round 4,2022-04-08,10572
Brisbane Lions,Harris Andrews,6,11,15,93.8,4,0,0,6,0,0,0,0,296,0,7,0,100,2022,Round 4,2022-04-08,10572
Brisbane Lions,Zac Bailey,8,7,9,60.0,0,0,0,1,0,1,3,3,323,5,0,0,82,2022,Round 4,2022-04-08,10572
Brisbane Lions,Darcy Fort,7,7,9,60.0,2,1,0,0,0,2,2,5,209,4,1,0,80,2022,Round 4,2022-04-08,10572
Brisbane Lions,Lincoln Mccarthy,2,12,10,71.4,0,0,1,0,0,0,0,4,196,4,0,0,82,2022,Round 4,2022-04-08,10572
Brisbane Lions,Daniel Mcstay,6,8,11,78.6,4,1,5,1,0,0,0,7,296,3,0,0,89,2022,Round 4,2022-04-08,10572
Brisbane Lions,Callum Ah Chee,3,12,11,84.6,0,0,1,1,0,0,0,3,364,1,1,0,71,2022,Round 4,2022-04-08,10572
Brisbane Lions,Cameron Rayner,8,4,8,61.5,1,0,1,1,0,0,3,2,192,7,2,1,77,2022,Round 4,2022-04-08,10572
Brisbane Lions,Noah Answerth,2,11,10,76.9,0,1,0,3,0,0,0,3,287,1,3,0,83,2022,Round 4,2022-04-08,10572
Brisbane Lions,Joe Daniher,9,3,11,91.7,5,1,2,1,0,0,0,5,283,1,0,0,91,2022,Round 4,2022-04-08,10572
Brisbane Lions,Marcus Adams,2,10,8,66.7,1,0,0,1,0,0,0,1,272,4,9,0,100,2022,Round 4,2022-04-08,10572
Brisbane Lions,Dayne Zorko,2,8,8,72.7,0,1,0,2,0,0,1,2,215,2,2,0,65,2022,Round 4,2022-04-08,10572
Brisbane Lions,Darcy Gardiner,6,3,9,90.0,1,0,0,7,0,0,0,1,117,3,7,0,96,2022,Round 4,2022-04-08,10572
Brisbane Lions,Brandon Starcevich,3,8,7,70.0,1,0,0,1,2,0,0,1,235,3,4,0,76,2022,Round 4,2022-04-08,10572
Brisbane Lions,Nakia Cockatoo,2,6,6,66.7,0,0,0,1,0,0,0,1,114,4,3,1,76,2022,Round 4,2022-04-08,10572
Brisbane Lions,Tom Fullarton,2,5,5,71.4,0,1,1,1,0,0,0,2,43,2,0,0,70,2022,Round 4,2022-04-08,10572
Sydney,Justin Mcinerney,12,18,24,80.0,0,0,1,0,2,2,5,6,419,3,5,0,85,2022,Round 4,2022-04-09,10573
Sydney,Callum Mills,10,18,24,85.7,0,2,0,2,0,5,2,8,435,4,2,1,87,2022,Round 4,2022-04-09,10573
Sydney,Jake Lloyd,5,18,16,66.7,0,0,0,2,0,0,1,2,359,7,4,0,89,2022,Round 4,2022-04-09,10573
Sydney,Oliver Florent,6,18,15,65.2,0,2,0,1,0,2,1,5,589,8,3,0,82,2022,Round 4,2022-04-09,10573
Sydney,Braeden Campbell,7,14,17,81.0,0,1,0,2,1,0,1,5,461,5,9,0,71,2022,Round 4,2022-04-09,10573
Sydney,Chad Warner,7,11,12,63.2,1,0,1,1,1,1,1,7,466,4,3,0,80,2022,Round 4,2022-04-09,10573
Sydney,Luke Parker,8,10,9,50.0,0,0,0,1,0,0,4,3,203,5,0,0,83,2022,Round 4,2022-04-09,10573
Sydney,Isaac Heeney,6,12,15,88.2,1,0,1,0,0,0,1,6,410,2,2,5,88,2022,Round 4,2022-04-09,10573
Sydney,James Rowbottom,6,8,10,58.8,0,1,0,0,0,0,4,5,337,2,3,4,73,2022,Round 4,2022-04-09,10573
Sydney,Josh P  Kennedy,14,5,12,75.0,2,0,0,4,0,1,4,4,120,3,5,0,66,2022,Round 4,2022-04-09,10573
Sydney,Harry Cunningham,7,8,12,80.0,0,1,0,2,0,0,0,2,77,2,4,0,76,2022,Round 4,2022-04-09,10573
Sydney,Nick Blakey,5,11,10,66.7,0,0,0,3,2,0,0,1,419,6,7,0,85,2022,Round 4,2022-04-09,10573
Sydney,Errol Gulden,6,11,10,66.7,0,1,0,0,0,1,1,4,158,4,2,1,87,2022,Round 4,2022-04-09,10573
Sydney,Dane Rampe,6,5,11,91.7,0,0,0,5,0,0,0,2,242,3,9,0,99,2022,Round 4,2022-04-09,10573
Sydney,Peter Ladhams,2,9,9,75.0,0,0,0,5,0,0,3,2,81,3,1,0,70,2022,Round 4,2022-04-09,10573
Sydney,Sam Reid 1,7,4,7,63.6,1,0,2,3,0,1,1,5,195,0,2,1,78,2022,Round 4,2022-04-09,10573
Sydney,Will Hayward,5,5,8,72.7,0,0,0,2,0,0,0,4,177,2,1,1,82,2022,Round 4,2022-04-09,10573
Sydney,Ben Ronke,3,7,9,81.8,0,0,0,0,0,0,0,5,155,1,0,0,29,2022,Round 4,2022-04-09,10573
Sydney,Paddy Mccartin,6,3,8,80.0,0,0,0,5,0,0,0,0,76,1,9,0,78,2022,Round 4,2022-04-09,10573
Sydney,James Bell,4,5,6,75.0,0,0,0,1,0,0,0,3,121,1,1,0,74,2022,Round 4,2022-04-09,10573
Sydney,Lance Franklin,4,5,5,71.4,2,0,4,0,0,0,0,3,193,4,0,1,65,2022,Round 4,2022-04-09,10573
Sydney,Hayden Mclean,6,0,4,66.7,1,0,0,4,0,0,0,3,95,3,0,1,76,2022,Round 4,2022-04-09,10573
Sydney,Tom Mccartin,2,2,3,75.0,1,1,0,8,0,0,0,2,64,1,2,0,96,2022,Round 4,2022-04-09,10573
North Melbourne,Jy Simpkin,12,19,20,60.6,0,0,0,1,0,2,3,6,543,9,5,0,90,2022,Round 4,2022-04-09,10573
North Melbourne,Luke Mcdonald,7,20,20,74.1,0,1,0,3,0,0,1,4,593,11,5,1,83,2022,Round 4,2022-04-09,10573
North Melbourne,Aaron Hall,3,16,22,88.0,0,0,0,3,0,0,0,0,679,6,4,0,84,2022,Round 4,2022-04-09,10573
North Melbourne,Jaidyn Stephenson,8,16,17,70.8,0,2,1,1,1,1,3,3,422,4,5,0,77,2022,Round 4,2022-04-09,10573
North Melbourne,Jason Horne Francis,11,13,14,60.9,0,1,0,1,0,4,2,3,324,5,3,0,85,2022,Round 4,2022-04-09,10573
North Melbourne,Luke Davies Uniacke,6,16,14,70.0,0,0,0,0,0,1,0,3,308,6,2,0,89,2022,Round 4,2022-04-09,10573
North Melbourne,Bailey Scott,9,9,15,78.9,0,0,0,3,0,0,1,2,426,2,8,0,89,2022,Round 4,2022-04-09,10573
North Melbourne,Hugh Greenwood,12,4,11,64.7,0,0,0,0,0,1,1,0,19,1,4,3,63,2022,Round 4,2022-04-09,10573
North Melbourne,Todd Goldstein,8,11,14,87.5,2,2,1,6,0,1,1,7,319,3,2,1,87,2022,Round 4,2022-04-09,10573
North Melbourne,Joshua Walker,6,7,10,71.4,1,0,0,11,0,0,0,3,106,2,6,0,95,2022,Round 4,2022-04-09,10573
North Melbourne,Jack Mahony,6,7,10,71.4,0,1,1,0,0,1,0,2,191,6,2,3,82,2022,Round 4,2022-04-09,10573
North Melbourne,Aidan Corr,6,5,10,83.3,1,1,0,2,0,0,1,2,156,2,6,0,79,2022,Round 4,2022-04-09,10573
North Melbourne,Cameron Zurhaar,6,6,6,50.0,0,0,0,2,0,0,0,1,296,4,1,0,66,2022,Round 4,2022-04-09,10573
North Melbourne,Ben Mckay,4,6,9,81.8,2,0,0,6,1,0,0,2,104,1,6,0,90,2022,Round 4,2022-04-09,10573
North Melbourne,Curtis Taylor,4,7,7,63.6,0,0,0,0,0,0,2,2,127,0,1,0,74,2022,Round 4,2022-04-09,10573
North Melbourne,Lachie Young,5,4,11,100.0,0,0,0,2,0,0,1,4,220,2,4,0,86,2022,Round 4,2022-04-09,10573
North Melbourne,Flynn Perez,5,4,6,54.5,0,0,0,0,0,1,1,2,132,3,3,0,69,2022,Round 4,2022-04-09,10573
North Melbourne,Atu Bosenavulagi,6,4,7,70.0,0,0,0,0,0,0,1,1,167,2,4,0,77,2022,Round 4,2022-04-09,10573
North Melbourne,Jack Ziebell,4,5,7,77.8,0,1,3,0,0,0,0,7,185,0,1,3,85,2022,Round 4,2022-04-09,10573
North Melbourne,Nick Larkey,4,3,3,50.0,0,0,0,6,0,0,0,2,84,3,0,1,93,2022,Round 4,2022-04-09,10573
North Melbourne,Tristan Xerri,3,4,5,83.3,0,0,2,2,0,0,0,1,30,0,1,0,73,2022,Round 4,2022-04-09,10573
North Melbourne,Kayne Turner,2,3,4,80.0,0,0,0,0,0,0,0,2,41,0,2,0,76,2022,Round 4,2022-04-09,10573
North Melbourne,Aiden Bonar,0,0,0,0.0,0,0,0,0,0,0,0,0,0,1,0,0,9,2022,Round 4,2022-04-09,10573
Collingwood,Nick Daicos,5,26,25,78.1,0,1,0,1,0,0,4,10,490,6,3,0,79,2022,Round 4,2022-04-09,10574
Collingwood,Jack Crisp,13,17,22,75.9,0,2,1,5,0,2,2,6,676,4,9,0,85,2022,Round 4,2022-04-09,10574
Collingwood,Josh Daicos,8,21,19,67.9,0,0,3,1,0,0,2,6,435,8,3,1,85,2022,Round 4,2022-04-09,10574
Collingwood,Scott Pendlebury,7,17,21,91.3,0,0,0,3,0,0,3,8,338,0,2,0,91,2022,Round 4,2022-04-09,10574
Collingwood,Brayden Maynard,8,12,19,86.4,1,0,0,7,0,0,0,3,511,4,9,0,82,2022,Round 4,2022-04-09,10574
Collingwood,Patrick Lipinski,6,16,19,90.5,0,0,0,0,0,0,2,3,72,4,3,1,78,2022,Round 4,2022-04-09,10574
Collingwood,Brodie Grundy,14,5,9,47.4,1,0,0,3,0,3,5,3,336,8,4,0,87,2022,Round 4,2022-04-09,10574
Collingwood,Callum Brown,6,10,11,57.9,0,0,0,0,0,2,1,2,133,4,3,1,64,2022,Round 4,2022-04-09,10574
Collingwood,Tom Wilson,3,13,13,81.2,0,0,0,1,0,0,0,4,381,5,0,0,79,2022,Round 4,2022-04-09,10574
Collingwood,Steele Sidebottom,6,7,10,71.4,0,0,0,1,0,0,2,2,61,1,4,2,89,2022,Round 4,2022-04-09,10574
Collingwood,Jeremy Howe,4,9,13,92.9,1,0,0,6,0,0,0,3,290,0,6,0,96,2022,Round 4,2022-04-09,10574
Collingwood,Darcy Moore,4,10,10,71.4,0,0,0,5,0,0,1,1,245,3,3,0,100,2022,Round 4,2022-04-09,10574
Collingwood,Brody Mihocek,7,6,8,61.5,6,1,5,1,0,0,0,5,217,5,1,1,87,2022,Round 4,2022-04-09,10574
Collingwood,John Noble,2,12,11,84.6,1,0,0,0,0,0,0,0,244,5,4,0,69,2022,Round 4,2022-04-09,10574
Collingwood,Jamie Elliott 1,8,4,10,83.3,0,0,0,2,0,3,0,2,159,2,3,3,62,2022,Round 4,2022-04-09,10574
Collingwood,Jack Ginnivan,5,7,7,58.3,0,1,1,0,0,0,2,5,241,3,2,1,78,2022,Round 4,2022-04-09,10574
Collingwood,Isaac Quaynor,6,7,7,63.6,1,0,0,4,0,0,0,3,172,1,6,1,83,2022,Round 4,2022-04-09,10574
Collingwood,Will Hoskin Elliott,5,6,7,70.0,0,0,1,0,0,0,0,4,165,2,2,1,86,2022,Round 4,2022-04-09,10574
Collingwood,Jack Madgen,1,7,8,88.9,1,0,0,2,0,0,0,0,131,1,3,0,93,2022,Round 4,2022-04-09,10574
Collingwood,Darcy Cameron,5,4,5,62.5,2,0,1,3,0,0,0,2,59,1,3,1,79,2022,Round 4,2022-04-09,10574
Collingwood,Oliver Henry,3,3,4,66.7,0,1,1,0,0,0,1,4,101,2,0,0,59,2022,Round 4,2022-04-09,10574
Collingwood,Reef Mcinnes,3,3,3,50.0,0,0,0,0,0,0,0,2,35,1,2,0,73,2022,Round 4,2022-04-09,10574
Collingwood,Trent Bianco,0,1,0,0.0,0,0,0,0,0,0,0,1,34,0,0,0,18,2022,Round 4,2022-04-09,10574
West Coast,Alex Witherden,8,18,23,85.2,0,0,0,1,0,0,1,1,488,3,9,0,88,2022,Round 4,2022-04-09,10574
West Coast,Xavier O Neill,9,14,16,66.7,0,1,0,2,0,3,2,5,298,3,2,0,71,2022,Round 4,2022-04-09,10574
West Coast,Patrick Naish,6,17,18,78.3,0,1,0,0,0,0,0,6,458,5,3,0,83,2022,Round 4,2022-04-09,10574
West Coast,Jack Redden,6,17,18,81.8,0,1,0,1,0,2,1,4,117,2,2,0,81,2022,Round 4,2022-04-09,10574
West Coast,Jeremy Mcgovern,4,16,20,90.9,0,0,0,6,0,0,0,3,182,3,11,0,94,2022,Round 4,2022-04-09,10574
West Coast,Liam Duggan,7,13,14,73.7,0,0,0,2,0,0,2,1,416,5,3,1,84,2022,Round 4,2022-04-09,10574
West Coast,Shannon Hurn,3,8,11,64.7,1,0,0,2,0,0,1,2,330,6,3,0,81,2022,Round 4,2022-04-09,10574
West Coast,Nicholas Naitanui,15,2,9,56.2,0,1,0,0,0,3,2,2,83,4,3,0,68,2022,Round 4,2022-04-09,10574
West Coast,Jackson Nelson,5,13,11,68.8,0,1,0,4,0,0,1,1,138,4,3,0,85,2022,Round 4,2022-04-09,10574
West Coast,Hugh Dixon,10,6,12,75.0,0,1,0,4,0,0,3,2,232,3,4,0,79,2022,Round 4,2022-04-09,10574
West Coast,Connor West,6,11,9,56.2,0,0,0,0,0,2,0,4,293,9,2,0,67,2022,Round 4,2022-04-09,10574
West Coast,Zac Giles Langdon,8,10,13,86.7,1,1,1,0,1,0,0,7,156,2,3,0,87,2022,Round 4,2022-04-09,10574
West Coast,Luke Edwards,7,8,11,73.3,0,0,1,0,0,1,2,4,144,1,3,1,57,2022,Round 4,2022-04-09,10574
West Coast,Brady Hough,5,10,10,66.7,0,0,0,0,0,0,0,2,265,4,3,0,84,2022,Round 4,2022-04-09,10574
West Coast,Willie Rioli,10,5,8,61.5,1,1,2,2,0,1,2,5,307,6,1,0,73,2022,Round 4,2022-04-09,10574
West Coast,Luke Foley,2,9,8,61.5,1,0,0,2,0,0,0,3,293,2,5,1,90,2022,Round 4,2022-04-09,10574
West Coast,Tom Barrass,6,4,11,100.0,3,0,0,13,0,0,0,2,181,0,7,0,80,2022,Round 4,2022-04-09,10574
West Coast,Jack Darling,5,6,7,70.0,1,1,2,4,0,0,0,5,150,3,0,1,90,2022,Round 4,2022-04-09,10574
West Coast,Liam Ryan,3,7,5,55.6,0,2,4,1,0,0,1,7,195,1,1,0,80,2022,Round 4,2022-04-09,10574
West Coast,Jake Waterman,2,6,6,75.0,0,1,1,1,0,0,0,4,279,2,2,0,90,2022,Round 4,2022-04-09,10574
West Coast,Jamaine Jones,8,3,2,33.3,0,0,0,2,0,1,3,1,142,5,0,0,81,2022,Round 4,2022-04-09,10574
West Coast,Joshua Kennedy,1,3,4,80.0,0,0,1,0,0,0,0,4,175,1,0,1,82,2022,Round 4,2022-04-09,10574
West Coast,Josh Rotham,0,0,0,0.0,0,0,0,0,0,0,0,0,0,0,0,0,25,2022,Round 4,2022-04-09,10574
Fremantle,Will Brodie,21,15,23,62.2,1,2,0,2,0,1,5,6,474,8,6,1,73,2022,Round 4,2022-04-09,10576
Fremantle,David Mundy,10,19,17,56.7,0,0,1,0,0,3,3,3,312,8,1,1,73,2022,Round 4,2022-04-09,10576
Fremantle,Andrew Brayshaw,4,20,20,76.9,0,0,1,2,0,1,0,7,331,6,4,0,77,2022,Round 4,2022-04-09,10576
Fremantle,Heath Chapman,12,13,21,87.5,0,0,0,4,0,0,1,3,316,4,11,0,86,2022,Round 4,2022-04-09,10576
Fremantle,James Aish,11,12,16,69.6,0,0,0,1,0,1,3,2,217,3,4,0,74,2022,Round 4,2022-04-09,10576
Fremantle,Blake Acres,8,14,15,71.4,0,1,0,0,1,0,1,3,449,6,5,0,81,2022,Round 4,2022-04-09,10576
Fremantle,Hayden Young,5,14,18,85.7,1,0,0,5,2,0,1,4,387,4,4,0,86,2022,Round 4,2022-04-09,10576
Fremantle,Michael Walters,12,8,14,70.0,1,0,1,1,0,0,0,4,219,3,2,1,86,2022,Round 4,2022-04-09,10576
Fremantle,Nathan O Driscoll,9,11,11,55.0,0,0,2,0,1,0,2,5,452,5,4,2,75,2022,Round 4,2022-04-09,10576
Fremantle,Griffin Logue,5,12,14,82.4,1,0,0,10,0,0,0,1,74,1,8,0,90,2022,Round 4,2022-04-09,10576
Fremantle,Brennan Cox,5,8,12,75.0,2,0,0,10,0,0,0,1,245,1,8,0,96,2022,Round 4,2022-04-09,10576
Fremantle,Neil Erasmus,8,9,9,60.0,0,0,0,0,0,2,1,2,206,3,3,0,60,2022,Round 4,2022-04-09,10576
Fremantle,Travis Colyer,7,8,9,64.3,0,3,0,0,0,0,0,7,357,3,3,0,87,2022,Round 4,2022-04-09,10576
Fremantle,Minairo Frederick,5,9,10,71.4,0,0,1,0,0,0,0,4,215,3,3,0,77,2022,Round 4,2022-04-09,10576
Fremantle,Sean Darcy,10,4,7,53.8,0,0,0,3,0,3,2,4,164,3,2,0,84,2022,Round 4,2022-04-09,10576
Fremantle,Luke Ryan,1,9,11,91.7,0,1,0,5,0,0,0,4,209,1,3,0,84,2022,Round 4,2022-04-09,10576
Fremantle,Sam Switkowski,5,7,9,75.0,0,1,1,2,2,0,1,4,258,2,3,2,78,2022,Round 4,2022-04-09,10576
Fremantle,Lachlan Schultz,4,7,9,75.0,0,1,1,1,0,0,0,6,262,2,3,2,91,2022,Round 4,2022-04-09,10576
Fremantle,Rory Lobb,3,6,10,90.9,2,1,1,5,0,0,1,2,128,0,2,0,100,2022,Round 4,2022-04-09,10576
Fremantle,Jordan Clark,3,8,9,81.8,0,0,0,1,0,0,1,1,185,2,3,0,84,2022,Round 4,2022-04-09,10576
Fremantle,Matthew Taberner,4,3,4,44.4,0,0,1,2,0,0,1,2,147,4,0,0,84,2022,Round 4,2022-04-09,10576
Fremantle,Brandon Walker,1,9,5,62.5,0,1,0,2,1,0,0,2,101,2,1,0,74,2022,Round 4,2022-04-09,10576
Greater Western Sydney,Tim Taranto,14,19,22,68.8,0,1,1,2,0,1,5,5,483,5,3,1,80,2022,Round 4,2022-04-09,10576
Greater Western Sydney,Isaac Cumming,6,19,25,86.2,0,0,0,2,0,0,1,4,679,6,7,0,76,2022,Round 4,2022-04-09,10576
Greater Western Sydney,Lachie Whitfield,6,17,19,76.0,0,0,0,2,0,1,0,3,460,9,5,0,87,2022,Round 4,2022-04-09,10576
Greater Western Sydney,Callan Ward,8,12,11,50.0,0,0,2,1,0,3,1,3,330,8,5,0,82,2022,Round 4,2022-04-09,10576
Greater Western Sydney,Harry Perryman,8,12,20,95.2,0,0,0,4,0,0,1,2,238,2,8,1,81,2022,Round 4,2022-04-09,10576
Greater Western Sydney,Stephen Coniglio,7,13,14,73.7,0,0,0,2,1,0,2,3,254,6,2,2,84,2022,Round 4,2022-04-09,10576
Greater Western Sydney,Joshua Kelly,8,14,17,89.5,0,0,0,1,0,1,2,3,429,7,2,0,80,2022,Round 4,2022-04-09,10576
Greater Western Sydney,Sam Taylor,8,7,12,70.6,1,0,0,6,0,0,0,0,139,2,12,0,98,2022,Round 4,2022-04-09,10576
Greater Western Sydney,Tom Green,6,11,12,70.6,0,0,0,1,0,2,4,2,396,6,0,0,81,2022,Round 4,2022-04-09,10576
Greater Western Sydney,Lachlan Ash,7,8,9,60.0,0,0,0,2,0,1,2,1,82,6,3,1,82,2022,Round 4,2022-04-09,10576
Greater Western Sydney,Lachlan Keeffe,6,8,12,85.7,1,1,0,5,0,0,0,2,266,3,6,0,84,2022,Round 4,2022-04-09,10576
Greater Western Sydney,Braydon Preuss,10,5,10,71.4,0,0,0,3,0,1,3,3,153,3,3,1,71,2022,Round 4,2022-04-09,10576
Greater Western Sydney,Xavier O Halloran,4,9,5,45.5,0,0,0,1,0,0,1,2,256,2,2,1,89,2022,Round 4,2022-04-09,10576
Greater Western Sydney,Tanner Bruhn,8,5,9,81.8,0,0,0,1,0,1,2,1,166,2,4,0,70,2022,Round 4,2022-04-09,10576
Greater Western Sydney,Connor Idun,2,9,7,70.0,0,0,0,3,0,0,0,2,181,0,3,1,85,2022,Round 4,2022-04-09,10576
Greater Western Sydney,Matthew Deboer,2,7,8,88.9,1,0,1,1,0,0,0,2,182,3,1,0,83,2022,Round 4,2022-04-09,10576
Greater Western Sydney,Jesse Hogan,4,5,7,77.8,1,0,2,1,0,0,0,3,164,3,0,1,83,2022,Round 4,2022-04-09,10576
Greater Western Sydney,Ian Hill,2,4,2,28.6,0,0,0,0,0,0,0,2,122,2,0,0,70,2022,Round 4,2022-04-09,10576
Greater Western Sydney,Jake Riccardi,3,4,7,100.0,0,0,0,1,0,0,1,0,59,1,1,1,85,2022,Round 4,2022-04-09,10576
Greater Western Sydney,James Peatling,3,4,4,57.1,0,0,1,1,0,0,0,1,170,2,1,1,73,2022,Round 4,2022-04-09,10576
Greater Western Sydney,Jake Stein,4,3,5,83.3,1,0,0,9,0,0,0,0,80,1,5,0,87,2022,Round 4,2022-04-09,10576
Greater Western Sydney,Harrison Himmelberg,3,1,3,100.0,0,0,0,2,0,0,0,2,80,2,1,1,89,2022,Round 4,2022-04-09,10576
Richmond,Jayden Short,5,23,26,74.3,0,0,0,2,1,0,0,3,810,8,4,0,80,2022,Round 4,2022-04-09,10575
Richmond,Dion Prestia,10,20,21,70.0,0,2,0,1,0,0,2,7,383,6,5,0,69,2022,Round 4,2022-04-09,10575
Richmond,Daniel Rioli,5,16,19,76.0,1,0,0,2,0,0,0,5,369,4,5,0,73,2022,Round 4,2022-04-09,10575
Richmond,Nathan Broad,2,20,19,86.4,1,0,0,1,0,0,0,2,400,2,4,0,97,2022,Round 4,2022-04-09,10575
Richmond,Kamdyn Mcintosh,6,15,15,75.0,0,0,0,3,1,0,1,1,490,4,2,0,84,2022,Round 4,2022-04-09,10575
Richmond,Shai Bolton,13,7,14,70.0,1,0,2,2,0,2,3,10,330,1,4,0,87,2022,Round 4,2022-04-09,10575
Richmond,Marlion Pickett,8,11,18,90.0,2,0,1,0,0,0,0,7,464,3,5,0,79,2022,Round 4,2022-04-09,10575
Richmond,Hugo Ralphsmith,6,12,16,84.2,0,0,0,4,0,0,0,2,266,4,4,0,84,2022,Round 4,2022-04-09,10575
Richmond,Jason Castagna,5,11,14,77.8,0,0,0,0,1,0,0,4,380,4,3,0,82,2022,Round 4,2022-04-09,10575
Richmond,Liam Baker,4,13,12,70.6,0,1,0,4,0,0,0,7,390,2,3,0,82,2022,Round 4,2022-04-09,10575
Richmond,Trent Cotchin,12,6,10,62.5,0,1,0,4,0,2,1,4,174,0,6,0,72,2022,Round 4,2022-04-09,10575
Richmond,Thomson Dow,7,8,12,80.0,0,0,0,2,0,2,0,3,112,1,1,0,76,2022,Round 4,2022-04-09,10575
Richmond,Shane Edwards,6,8,9,69.2,0,0,0,1,0,1,4,3,98,2,2,0,80,2022,Round 4,2022-04-09,10575
Richmond,Robert Tarrant,6,7,10,76.9,0,0,0,3,0,0,1,0,371,4,7,0,94,2022,Round 4,2022-04-09,10575
Richmond,Jack Riewoldt,8,6,4,33.3,3,1,4,2,0,0,1,6,312,6,1,1,72,2022,Round 4,2022-04-09,10575
Richmond,Toby Nankervis,5,7,10,83.3,0,0,0,2,0,0,2,2,48,1,3,1,77,2022,Round 4,2022-04-09,10575
Richmond,Jack Graham,5,7,10,83.3,0,0,0,0,0,0,0,1,88,2,0,0,79,2022,Round 4,2022-04-09,10575
Richmond,Matthew Parker,5,6,6,54.5,0,0,0,0,0,0,0,3,193,2,2,1,87,2022,Round 4,2022-04-09,10575
Richmond,Josh Gibcus,2,10,8,72.7,0,0,0,6,0,0,0,1,208,2,1,0,78,2022,Round 4,2022-04-09,10575
Richmond,Thomas Lynch,7,3,9,100.0,4,0,2,3,0,0,0,4,173,4,1,2,92,2022,Round 4,2022-04-09,10575
Richmond,Ben Miller,4,5,7,77.8,0,0,0,9,0,0,0,0,77,2,6,0,93,2022,Round 4,2022-04-09,10575
Richmond,Noah Balta,5,5,5,62.5,1,0,2,3,1,0,3,3,207,4,0,0,82,2022,Round 4,2022-04-09,10575
Western Bulldogs,Josh Dunkley,10,25,25,67.6,0,1,2,1,0,2,3,7,256,8,2,0,86,2022,Round 4,2022-04-09,10575
Western Bulldogs,Bailey Smith,11,27,25,69.4,0,0,0,1,0,1,0,8,644,9,6,1,95,2022,Round 4,2022-04-09,10575
Western Bulldogs,Jackson Macrae,16,21,27,79.4,0,0,0,3,0,3,6,8,377,4,4,0,88,2022,Round 4,2022-04-09,10575
Western Bulldogs,Marcus Bontempelli,13,24,25,75.8,0,2,1,5,0,4,4,13,541,6,1,0,86,2022,Round 4,2022-04-09,10575
Western Bulldogs,Bailey Dale,5,23,26,83.9,0,0,0,3,1,2,0,8,490,2,3,0,86,2022,Round 4,2022-04-09,10575
Western Bulldogs,Caleb Daniel,5,18,25,96.2,0,0,0,3,2,0,0,5,455,2,5,0,84,2022,Round 4,2022-04-09,10575
Western Bulldogs,Adam Treloar,6,18,19,79.2,0,1,0,0,0,0,1,4,287,2,4,0,88,2022,Round 4,2022-04-09,10575
Western Bulldogs,Thomas Liberatore,13,10,19,82.6,1,1,0,1,0,2,3,5,242,2,4,2,79,2022,Round 4,2022-04-09,10575
Western Bulldogs,Timothy English,7,13,16,80.0,2,0,1,1,0,2,0,6,246,1,4,0,85,2022,Round 4,2022-04-09,10575
Western Bulldogs,Lachlan Hunter,5,13,17,89.5,1,0,1,0,0,0,2,9,285,2,2,0,84,2022,Round 4,2022-04-09,10575
Western Bulldogs,Ed Richards,4,14,14,77.8,0,0,0,4,1,0,0,3,211,4,6,0,80,2022,Round 4,2022-04-09,10575
Western Bulldogs,Tim O Brien,5,9,13,92.9,1,0,0,9,0,0,0,5,19,2,8,0,84,2022,Round 4,2022-04-09,10575
Western Bulldogs,Bailey Williams,4,11,13,92.9,0,0,0,2,0,0,0,3,240,2,7,0,87,2022,Round 4,2022-04-09,10575
Western Bulldogs,Aaron Naughton,5,8,8,57.1,2,0,3,1,0,0,0,8,212,2,1,1,86,2022,Round 4,2022-04-09,10575
Western Bulldogs,Taylor Duryea,2,11,11,84.6,0,0,0,3,0,0,0,2,201,2,3,0,83,2022,Round 4,2022-04-09,10575
Western Bulldogs,Louis Butler,5,8,5,38.5,0,0,0,2,0,0,0,1,233,4,3,1,77,2022,Round 4,2022-04-09,10575
Western Bulldogs,Ryan Gardner,3,7,6,66.7,0,0,0,8,0,0,0,3,152,4,3,0,100,2022,Round 4,2022-04-09,10575
Western Bulldogs,Cody Weightman,4,5,3,37.5,0,0,0,1,0,0,1,3,127,3,0,2,72,2022,Round 4,2022-04-09,10575
Western Bulldogs,Mitchell Wallis,5,2,4,57.1,1,0,1,0,0,0,0,2,97,2,0,0,39,2022,Round 4,2022-04-09,10575
Western Bulldogs,Laitham Vandermeer,1,7,3,50.0,0,0,1,1,0,0,0,3,100,2,0,0,43,2022,Round 4,2022-04-09,10575
Western Bulldogs,Anthony Scott,2,3,3,60.0,0,1,0,0,0,0,1,3,65,0,0,0,40,2022,Round 4,2022-04-09,10575
Western Bulldogs,Jamarra Ugle Hagan,4,1,2,40.0,1,0,1,0,0,0,0,2,71,3,1,0,82,2022,Round 4,2022-04-09,10575
Western Bulldogs,Lachlan Mcneil,1,5,3,60.0,0,0,0,1,0,0,0,3,52,1,0,3,66,2022,Round 4,2022-04-09,10575
Essendon,Darcy Parish,17,22,27,71.1,0,1,0,3,0,3,5,6,386,5,4,0,78,2022,Round 4,2022-04-10,10577
Essendon,Dyson Heppell,9,15,18,72.0,1,0,0,3,1,0,0,3,435,4,8,0,77,2022,Round 4,2022-04-10,10577
Essendon,Andrew Mcgrath,10,15,22,88.0,0,1,1,0,2,1,3,3,416,6,5,0,86,2022,Round 4,2022-04-10,10577
Essendon,Nick Hind,6,17,20,83.3,0,1,0,0,3,1,0,3,624,6,5,0,80,2022,Round 4,2022-04-10,10577
Essendon,Jye Caldwell,9,14,17,73.9,0,2,0,1,0,1,2,6,333,2,3,0,73,2022,Round 4,2022-04-10,10577
Essendon,Nicholas Martin,6,15,16,72.7,0,2,0,1,0,3,0,8,358,4,3,0,90,2022,Round 4,2022-04-10,10577
Essendon,Dylan Shiel,6,14,16,76.2,0,2,0,0,0,6,0,4,442,4,1,0,73,2022,Round 4,2022-04-10,10577
Essendon,Matt Guelfi,9,9,13,61.9,0,1,0,1,1,0,2,6,334,9,5,1,85,2022,Round 4,2022-04-10,10577
Essendon,Mason Redman,7,10,15,78.9,0,0,0,3,1,0,1,5,514,6,10,0,79,2022,Round 4,2022-04-10,10577
Essendon,Jordan Ridley,4,10,15,83.3,0,0,0,2,0,0,1,3,378,4,7,0,86,2022,Round 4,2022-04-10,10577
Essendon,Sam Durham,4,16,15,83.3,0,1,2,0,2,0,1,6,156,1,4,1,78,2022,Round 4,2022-04-10,10577
Essendon,Jayden Laverde,2,14,16,100.0,0,0,0,6,0,0,0,1,237,2,6,0,88,2022,Round 4,2022-04-10,10577
Essendon,Devon Smith,8,4,9,75.0,1,2,1,0,1,0,1,5,233,1,0,2,45,2022,Round 4,2022-04-10,10577
Essendon,Sam Draper,7,5,10,90.9,1,0,0,4,0,0,4,5,134,4,1,0,71,2022,Round 4,2022-04-10,10577
Essendon,Jake Kelly,4,6,8,80.0,3,0,0,6,0,0,0,1,104,2,7,0,100,2022,Round 4,2022-04-10,10577
Essendon,Peter Wright,5,7,6,60.0,3,0,5,5,0,0,0,8,291,2,0,0,97,2022,Round 4,2022-04-10,10577
Essendon,Alec Waterman,4,6,5,50.0,1,0,3,1,0,0,0,8,186,1,0,1,79,2022,Round 4,2022-04-10,10577
Essendon,Brandon Zerk Thatcher,3,8,10,100.0,0,0,0,8,0,0,0,2,235,0,4,0,91,2022,Round 4,2022-04-10,10577
Essendon,Archie Perkins,3,5,6,60.0,0,0,1,0,0,1,2,4,313,3,0,0,86,2022,Round 4,2022-04-10,10577
Essendon,Andrew Phillips 1,7,2,4,50.0,2,0,1,3,0,0,0,3,156,2,0,0,76,2022,Round 4,2022-04-10,10577
Essendon,Brayden Ham,3,4,5,71.4,0,0,0,0,0,0,0,0,123,0,1,0,84,2022,Round 4,2022-04-10,10577
Essendon,Will Snelling,3,2,3,60.0,0,0,0,2,0,0,1,1,92,2,2,1,34,2022,Round 4,2022-04-10,10577
Essendon,Tex Wanganeen,0,2,2,100.0,0,0,0,1,0,0,0,1,49,2,0,2,66,2022,Round 4,2022-04-10,10577
Adelaide,Rory Laird,15,25,32,84.2,0,2,0,2,0,3,5,10,272,5,4,0,77,2022,Round 4,2022-04-10,10577
Adelaide,Ben Keays,11,17,16,59.3,0,0,0,1,0,4,1,4,523,8,2,0,86,2022,Round 4,2022-04-10,10577
Adelaide,Jordan Dawson,10,18,17,63.0,1,0,0,3,2,0,0,5,624,9,10,0,84,2022,Round 4,2022-04-10,10577
Adelaide,Matt Crouch,12,13,20,76.9,0,1,0,0,0,0,5,9,204,3,4,0,64,2022,Round 4,2022-04-10,10577
Adelaide,Lachlan Sholl,6,14,13,65.0,0,0,0,1,0,1,4,6,429,4,0,0,83,2022,Round 4,2022-04-10,10577
Adelaide,Josh Rachele,8,10,14,73.7,0,1,2,0,1,0,0,7,288,4,2,0,82,2022,Round 4,2022-04-10,10577
Adelaide,Taylor Walker,10,7,13,72.2,1,1,0,2,0,0,1,9,473,6,2,0,83,2022,Round 4,2022-04-10,10577
Adelaide,Tom Doedee,8,9,12,66.7,0,0,0,8,0,0,0,3,448,3,9,0,90,2022,Round 4,2022-04-10,10577
Adelaide,Rory Sloane,7,10,11,64.7,0,0,0,4,0,1,3,4,248,4,3,1,78,2022,Round 4,2022-04-10,10577
Adelaide,Luke Brown,7,7,12,75.0,0,0,0,0,2,0,1,1,172,3,6,0,90,2022,Round 4,2022-04-10,10577
Adelaide,Billy Frampton,6,9,14,87.5,0,0,0,6,0,0,0,4,384,2,5,0,90,2022,Round 4,2022-04-10,10577
Adelaide,Brodie Smith,2,10,13,86.7,0,0,0,3,0,0,1,4,397,2,1,0,86,2022,Round 4,2022-04-10,10577
Adelaide,Chayce Jones,4,8,13,86.7,0,0,0,4,0,1,1,2,187,0,3,0,80,2022,Round 4,2022-04-10,10577
Adelaide,Edward Mchenry,6,8,10,71.4,0,0,0,1,0,0,0,4,139,2,2,1,90,2022,Round 4,2022-04-10,10577
Adelaide,Harry Schoenberg,6,8,8,57.1,0,0,0,0,0,2,0,3,207,4,2,0,60,2022,Round 4,2022-04-10,10577
Adelaide,Lachlan Murphy,3,10,9,75.0,1,2,0,3,0,0,0,6,264,1,0,1,82,2022,Round 4,2022-04-10,10577
Adelaide,Elliot Himmelberg,7,5,7,70.0,1,1,2,5,0,1,0,7,199,2,2,0,90,2022,Round 4,2022-04-10,10577
Adelaide,Mitchell Hinge,3,6,8,80.0,0,1,0,1,0,0,1,2,217,2,3,0,54,2022,Round 4,2022-04-10,10577
Adelaide,Jordon Butts,8,3,8,80.0,1,0,0,5,0,0,0,1,206,6,8,0,88,2022,Round 4,2022-04-10,10577
Adelaide,James Rowe,3,7,8,80.0,0,1,0,0,0,0,1,8,226,2,1,0,69,2022,Round 4,2022-04-10,10577
Adelaide,Reilly O Brien,7,2,4,50.0,1,0,0,3,0,1,1,6,108,1,2,0,90,2022,Round 4,2022-04-10,10577
Adelaide,Brayden Cook,3,5,3,42.9,0,0,0,0,0,1,0,2,167,3,1,0,21,2022,Round 4,2022-04-10,10577
Adelaide,Lachlan Gollant,5,1,3,50.0,2,0,3,1,0,0,0,4,100,0,0,0,84,2022,Round 4,2022-04-10,10577
Hawthorn,Tom Mitchell,18,13,27,84.4,0,0,0,3,0,7,2,9,256,1,5,0,82,2022,Round 4,2022-04-10,10578
Hawthorn,Jai Newcombe,6,17,11,47.8,0,0,0,1,0,4,2,7,412,10,0,2,81,2022,Round 4,2022-04-10,10578
Hawthorn,Changkuoth Jiath,4,21,19,86.4,0,0,0,3,0,0,0,2,268,7,8,0,83,2022,Round 4,2022-04-10,10578
Hawthorn,Jaeger O Meara,11,10,15,75.0,0,0,1,2,0,1,5,5,237,4,2,1,74,2022,Round 4,2022-04-10,10578
Hawthorn,Jarman Impey,1,16,14,70.0,0,0,0,0,0,0,0,5,357,5,1,0,70,2022,Round 4,2022-04-10,10578
Hawthorn,James Sicily,9,7,18,90.0,2,0,0,8,1,0,1,6,384,2,9,0,89,2022,Round 4,2022-04-10,10578
Hawthorn,Blake Hardwick,6,10,13,68.4,0,0,0,1,0,0,0,3,177,4,5,0,86,2022,Round 4,2022-04-10,10578
Hawthorn,Harry Morrison,5,13,17,89.5,0,0,0,0,0,1,1,4,294,3,4,1,83,2022,Round 4,2022-04-10,10578
Hawthorn,Jack Scrimshaw,3,16,13,72.2,0,1,0,2,1,0,0,5,185,3,8,0,84,2022,Round 4,2022-04-10,10578
Hawthorn,Sam Frost,2,16,14,87.5,0,0,0,6,0,0,0,2,256,4,6,0,100,2022,Round 4,2022-04-10,10578
Hawthorn,Dylan Moore,9,5,10,71.4,0,1,0,0,0,0,0,6,143,2,1,3,84,2022,Round 4,2022-04-10,10578
Hawthorn,Daniel Howe,4,9,9,69.2,0,1,0,1,0,0,0,3,172,2,3,0,70,2022,Round 4,2022-04-10,10578
Hawthorn,Finn Maginness,4,9,7,53.8,0,0,0,1,0,0,1,2,126,3,3,0,47,2022,Round 4,2022-04-10,10578
Hawthorn,Luke Breust,5,7,10,83.3,1,1,1,2,0,0,1,9,265,1,0,1,79,2022,Round 4,2022-04-10,10578
Hawthorn,Mitchell Lewis,3,9,4,33.3,2,1,6,0,1,0,0,9,263,3,0,1,100,2022,Round 4,2022-04-10,10578
Hawthorn,Conor Nash,4,7,10,90.9,0,0,0,1,0,1,0,3,222,2,1,0,89,2022,Round 4,2022-04-10,10578
Hawthorn,Ned Reeves,7,3,7,70.0,3,0,1,5,0,2,2,3,201,1,1,1,72,2022,Round 4,2022-04-10,10578
Hawthorn,Connor Macdonald,1,9,8,80.0,0,0,0,0,0,0,0,3,82,2,0,0,80,2022,Round 4,2022-04-10,10578
Hawthorn,Josh Ward,6,7,8,88.9,0,0,0,1,0,1,1,1,79,3,2,0,75,2022,Round 4,2022-04-10,10578
Hawthorn,Will Day,3,5,6,85.7,1,0,0,2,0,0,0,1,127,0,4,0,32,2022,Round 4,2022-04-10,10578
Hawthorn,Denver Grainger Barras,2,5,4,66.7,0,0,0,3,0,0,0,1,75,3,2,0,81,2022,Round 4,2022-04-10,10578
Hawthorn,James Worpel,4,2,3,60.0,0,0,0,4,0,0,1,4,102,2,1,0,72,2022,Round 4,2022-04-10,10578
Hawthorn,Jack Gunston,0,3,1,33.3,0,0,1,2,0,0,0,2,83,1,0,1,88,2022,Round 4,2022-04-10,10578
St Kilda,Jack Sinclair,10,21,29,82.9,0,2,0,3,3,0,2,8,401,1,8,0,88,2022,Round 4,2022-04-10,10578
St Kilda,Jack Steele,15,19,25,75.8,1,1,2,1,0,3,2,8,383,3,6,0,78,2022,Round 4,2022-04-10,10578
St Kilda,Brad Crouch,10,19,20,69.0,0,1,0,0,0,4,4,2,368,6,0,3,79,2022,Round 4,2022-04-10,10578
St Kilda,Sebastian Ross,7,18,20,76.9,0,2,1,1,4,2,0,5,437,4,6,0,80,2022,Round 4,2022-04-10,10578
St Kilda,Bradley Hill,4,18,16,69.6,0,1,3,2,0,0,0,7,445,8,1,1,84,2022,Round 4,2022-04-10,10578
St Kilda,Jarrod Lienert,4,15,22,95.7,0,0,0,2,0,0,0,4,311,3,4,0,80,2022,Round 4,2022-04-10,10578
St Kilda,Jimmy Webster,5,15,13,65.0,0,0,0,1,0,0,0,2,342,7,6,0,75,2022,Round 4,2022-04-10,10578
St Kilda,Jade Gresham,10,13,15,75.0,0,2,0,0,2,1,3,8,266,1,2,0,83,2022,Round 4,2022-04-10,10578
St Kilda,Daniel Mckenzie,7,12,15,78.9,0,1,0,2,0,0,0,6,196,1,3,0,72,2022,Round 4,2022-04-10,10578
St Kilda,Nasiah Wanganeen Milera,2,17,15,83.3,0,1,1,0,0,1,0,3,207,3,1,0,77,2022,Round 4,2022-04-10,10578
St Kilda,Josh Battle,4,14,16,94.1,0,0,0,3,0,0,0,1,210,2,4,0,82,2022,Round 4,2022-04-10,10578
St Kilda,Max King 1,8,9,11,64.7,2,2,7,2,0,0,0,9,351,6,1,0,90,2022,Round 4,2022-04-10,10578
St Kilda,Dougal Howard,3,10,13,81.2,1,0,0,10,0,0,0,2,188,1,3,0,97,2022,Round 4,2022-04-10,10578
St Kilda,Ben Paton,4,13,12,75.0,1,0,0,2,3,0,0,2,139,3,5,0,84,2022,Round 4,2022-04-10,10578
St Kilda,Tim Membrey,4,10,10,66.7,1,0,4,1,0,0,1,6,236,4,1,0,89,2022,Round 4,2022-04-10,10578
St Kilda,Daniel Butler,7,7,11,73.3,0,3,1,1,0,0,0,8,168,1,4,2,87,2022,Round 4,2022-04-10,10578
St Kilda,Marcus Windhager,4,11,8,53.3,0,0,0,0,0,0,1,1,145,4,1,1,77,2022,Round 4,2022-04-10,10578
St Kilda,Mason Wood,6,6,11,91.7,0,1,0,0,0,0,0,4,139,0,4,2,79,2022,Round 4,2022-04-10,10578
St Kilda,Ben Long,6,7,9,75.0,1,0,2,3,0,0,1,7,85,1,2,1,79,2022,Round 4,2022-04-10,10578
St Kilda,Rowan Marshall,8,6,7,63.6,0,0,0,3,0,0,2,5,138,3,2,1,78,2022,Round 4,2022-04-10,10578
St Kilda,Patrick Ryder,5,3,7,70.0,1,1,1,1,0,2,1,6,198,2,0,1,67,2022,Round 4,2022-04-10,10578
St Kilda,Callum Wilkie,4,6,9,90.0,1,0,0,5,0,0,0,1,169,1,4,0,94,2022,Round 4,2022-04-10,10578
Gold Coast,Noah Anderson,15,19,16,45.7,0,0,0,4,0,4,6,4,682,14,6,0,87,2022,Round 4,2022-04-10,10579
Gold Coast,Touk Miller,21,11,15,46.9,0,0,0,0,0,2,6,2,322,7,0,0,84,2022,Round 4,2022-04-10,10579
Gold Coast,Lachlan Weller,5,21,25,80.6,0,2,0,1,0,0,1,10,811,5,6,0,79,2022,Round 4,2022-04-10,10579
Gold Coast,Brandon Ellis,7,15,20,87.0,1,0,1,2,0,0,0,5,497,6,9,0,85,2022,Round 4,2022-04-10,10579
Gold Coast,Matt Rowell,10,8,14,73.7,0,0,0,3,0,3,1,2,249,3,2,0,86,2022,Round 4,2022-04-10,10579
Gold Coast,Wil Powell,3,10,15,88.2,1,2,0,4,0,0,0,7,604,3,5,0,83,2022,Round 4,2022-04-10,10579
Gold Coast,Jarrod Witts,11,6,11,68.8,0,1,0,1,0,2,4,7,130,2,1,0,85,2022,Round 4,2022-04-10,10579
Gold Coast,Brayden Fiorini,1,14,13,81.2,0,0,0,2,0,0,0,2,432,5,1,0,78,2022,Round 4,2022-04-10,10579
Gold Coast,Alex Davies,11,4,8,53.3,0,0,0,1,1,2,4,0,223,3,1,1,58,2022,Round 4,2022-04-10,10579
Gold Coast,Jack Lukosius,5,8,11,78.6,0,3,0,2,0,0,1,7,303,2,3,2,84,2022,Round 4,2022-04-10,10579
Gold Coast,David Swallow,5,7,8,61.5,0,0,0,2,1,0,2,2,286,3,5,0,86,2022,Round 4,2022-04-10,10579
Gold Coast,Sean Lemmens,3,10,10,76.9,0,0,0,1,0,0,0,2,168,1,5,0,83,2022,Round 4,2022-04-10,10579
Gold Coast,Rory Atkins,3,9,9,75.0,0,0,0,0,0,0,1,2,260,3,2,0,52,2022,Round 4,2022-04-10,10579
Gold Coast,Josh Corbett,2,10,9,75.0,1,0,3,1,0,0,0,6,292,3,0,1,87,2022,Round 4,2022-04-10,10579
Gold Coast,Malcolm Rosas,3,9,10,83.3,0,0,1,0,0,0,1,4,166,2,2,0,64,2022,Round 4,2022-04-10,10579
Gold Coast,Ben Ainsworth,5,7,4,36.4,1,0,2,2,0,0,0,3,229,6,0,0,70,2022,Round 4,2022-04-10,10579
Gold Coast,Samuel Collins,4,6,9,90.0,2,0,0,10,0,0,0,0,235,2,8,0,100,2022,Round 4,2022-04-10,10579
Gold Coast,Charlie Ballard,5,5,8,80.0,1,0,0,4,0,0,0,1,37,0,6,0,93,2022,Round 4,2022-04-10,10579
Gold Coast,Mabior Chol,8,1,6,66.7,3,0,3,1,0,0,1,5,160,2,1,0,77,2022,Round 4,2022-04-10,10579
Gold Coast,Nicholas Holman,3,5,4,50.0,0,0,1,2,0,0,0,2,149,3,1,2,80,2022,Round 4,2022-04-10,10579
Gold Coast,Levi Casboult,3,4,3,42.9,2,0,2,0,0,0,0,4,63,2,0,0,95,2022,Round 4,2022-04-10,10579
Gold Coast,Izak Rankine,7,2,5,71.4,0,2,0,1,1,0,2,5,126,2,1,0,78,2022,Round 4,2022-04-10,10579
Gold Coast,Jy Farrar,2,1,2,66.7,0,0,0,2,0,0,0,0,13,0,1,0,26,2022,Round 4,2022-04-10,10579
Carlton,Zachary Williams,7,20,26,72.2,0,0,0,4,1,1,1,6,800,7,8,0,80,2022,Round 4,2022-04-10,10579
Carlton,Sam Docherty,11,16,24,82.8,0,1,0,3,0,1,0,7,324,4,9,0,84,2022,Round 4,2022-04-10,10579
Carlton,George Hewett,12,17,26,89.7,0,0,0,1,0,6,2,9,231,3,1,0,84,2022,Round 4,2022-04-10,10579
Carlton,Sam Walsh,8,20,21,75.0,0,0,0,0,0,1,0,6,227,4,7,0,89,2022,Round 4,2022-04-10,10579
Carlton,Nic Newman,4,19,18,75.0,0,0,0,0,0,0,0,4,431,3,5,0,81,2022,Round 4,2022-04-10,10579
Carlton,Adam Saad,9,10,18,78.3,1,0,0,6,12,0,1,5,529,4,10,0,84,2022,Round 4,2022-04-10,10579
Carlton,Will Setterfield,8,12,14,70.0,0,1,0,0,0,0,3,5,237,4,3,0,89,2022,Round 4,2022-04-10,10579
Carlton,Jack Silvagni,7,11,13,72.2,0,0,0,1,0,0,2,4,162,4,2,0,81,2022,Round 4,2022-04-10,10579
Carlton,Zac Fisher,3,15,14,77.8,0,0,1,0,0,0,1,6,217,1,2,0,76,2022,Round 4,2022-04-10,10579
Carlton,Lochie O Brien,2,14,12,70.6,0,1,0,1,0,0,1,5,397,6,1,0,79,2022,Round 4,2022-04-10,10579
Carlton,Matthew Kennedy 1,9,6,7,46.7,0,0,0,2,0,0,0,2,71,4,3,0,70,2022,Round 4,2022-04-10,10579
Carlton,Adam Cerra,7,9,10,66.7,0,0,0,1,0,2,1,2,180,1,4,0,68,2022,Round 4,2022-04-10,10579
Carlton,Jordan Boyd,2,10,9,75.0,0,0,0,0,0,0,0,3,248,1,2,0,55,2022,Round 4,2022-04-10,10579
Carlton,Jack Martin,4,7,8,72.7,1,0,1,0,0,0,0,5,264,3,2,0,77,2022,Round 4,2022-04-10,10579
Carlton,Charlie Curnow,6,7,7,63.6,2,0,2,2,0,0,0,6,291,1,0,0,85,2022,Round 4,2022-04-10,10579
Carlton,Lewis Young,4,5,9,81.8,1,0,0,7,0,0,1,3,198,1,5,0,93,2022,Round 4,2022-04-10,10579
Carlton,Matt Owies,3,7,9,81.8,0,1,1,1,0,0,1,6,215,4,0,1,83,2022,Round 4,2022-04-10,10579
Carlton,Jacob Weitering,4,5,5,50.0,0,0,0,11,2,0,0,3,187,4,6,0,100,2022,Round 4,2022-04-10,10579
Carlton,Lachlan Fogarty,4,6,8,80.0,1,1,0,1,0,0,0,3,104,1,1,1,73,2022,Round 4,2022-04-10,10579
Carlton,Tom De Koning,5,5,8,80.0,2,0,1,6,0,0,0,4,196,3,3,0,78,2022,Round 4,2022-04-10,10579
Carlton,Lachlan Plowman,3,7,8,88.9,0,0,0,6,0,0,0,3,8,0,4,0,76,2022,Round 4,2022-04-10,10579
Carlton,Patrick Cripps,3,5,5,71.4,0,0,1,0,0,0,2,2,118,3,0,0,23,2022,Round 4,2022-04-10,10579
Carlton,Harry Mckay,4,4,3,42.9,1,0,3,3,0,0,0,7,240,0,0,0,92,2022,Round 4,2022-04-10,10579
Brisbane Lions,Lachie Neale,12,21,21,63.6,0,0,1,0,0,2,2,9,397,6,6,1,84,2022,Round 5,2022-04-14,10580
Brisbane Lions,Dayne Zorko,6,21,23,82.1,0,2,0,2,0,0,1,7,609,3,8,0,74,2022,Round 5,2022-04-14,10580
Brisbane Lions,Hugh Mccluggage,12,14,22,81.5,0,0,0,0,0,4,0,7,395,5,7,0,82,2022,Round 5,2022-04-14,10580
Brisbane Lions,Daniel Rich,5,14,18,72.0,0,0,0,0,0,0,1,7,593,6,4,0,84,2022,Round 5,2022-04-14,10580
Brisbane Lions,Jarryd Lyons,7,11,13,61.9,0,0,0,3,0,3,3,2,179,5,2,1,76,2022,Round 5,2022-04-14,10580
Brisbane Lions,Mitch Robinson,9,10,14,70.0,0,0,0,1,0,0,3,2,511,3,6,0,69,2022,Round 5,2022-04-14,10580
Brisbane Lions,Jarrod Berry,4,16,16,80.0,0,3,0,0,0,0,1,3,183,1,1,0,79,2022,Round 5,2022-04-14,10580
Brisbane Lions,Zac Bailey,7,12,16,84.2,0,0,2,2,0,1,3,7,248,3,1,0,80,2022,Round 5,2022-04-14,10580
Brisbane Lions,Lincoln Mccarthy,9,7,9,56.2,1,1,0,2,0,0,0,5,287,2,1,1,79,2022,Round 5,2022-04-14,10580
Brisbane Lions,Harris Andrews,7,10,13,81.2,2,0,0,8,0,0,0,1,117,3,9,0,100,2022,Round 5,2022-04-14,10580
Brisbane Lions,Marcus Adams,7,10,10,62.5,1,0,0,4,0,0,0,1,348,5,8,0,94,2022,Round 5,2022-04-14,10580
Brisbane Lions,Noah Answerth,6,7,8,50.0,0,0,0,1,0,1,2,1,212,7,5,0,77,2022,Round 5,2022-04-14,10580
Brisbane Lions,Darcy Gardiner,5,9,13,86.7,0,0,0,7,0,0,0,3,189,4,5,0,87,2022,Round 5,2022-04-14,10580
Brisbane Lions,Brandon Starcevich,5,11,14,93.3,0,0,0,2,1,0,1,2,312,1,5,0,84,2022,Round 5,2022-04-14,10580
Brisbane Lions,Charlie Cameron,6,8,9,64.3,0,0,1,0,0,1,1,3,180,3,3,1,88,2022,Round 5,2022-04-14,10580
Brisbane Lions,Callum Ah Chee,5,6,10,76.9,2,0,1,1,0,0,1,2,215,6,4,0,83,2022,Round 5,2022-04-14,10580
Brisbane Lions,Joe Daniher,8,5,7,58.3,3,0,5,0,0,0,0,6,248,5,2,1,92,2022,Round 5,2022-04-14,10580
Brisbane Lions,Cameron Rayner,7,5,11,91.7,1,1,0,1,0,1,1,7,212,2,1,0,68,2022,Round 5,2022-04-14,10580
Brisbane Lions,Daniel Mcstay,3,9,7,63.6,1,3,2,1,0,0,0,7,246,2,1,1,92,2022,Round 5,2022-04-14,10580
Brisbane Lions,Oscar Mcinerney,8,2,6,54.5,0,0,0,0,0,3,3,3,53,2,1,1,79,2022,Round 5,2022-04-14,10580
Brisbane Lions,Kai Lohmann,6,3,6,66.7,0,1,0,0,0,0,1,1,166,3,1,0,66,2022,Round 5,2022-04-14,10580
Brisbane Lions,Darcy Fort,3,4,4,66.7,1,0,1,3,0,0,1,2,117,2,0,0,82,2022,Round 5,2022-04-14,10580
Collingwood,Jack Crisp,17,20,22,61.1,0,0,0,5,1,2,9,5,566,11,4,0,84,2022,Round 5,2022-04-14,10580
Collingwood,Scott Pendlebury,11,17,23,85.2,0,3,0,1,0,1,3,6,362,1,8,0,82,2022,Round 5,2022-04-14,10580
Collingwood,Nick Daicos,5,19,19,70.4,0,0,0,1,0,1,0,4,275,5,3,0,81,2022,Round 5,2022-04-14,10580
Collingwood,Taylor Adams,8,15,10,45.5,0,0,0,0,0,3,1,3,519,3,3,3,66,2022,Round 5,2022-04-14,10580
Collingwood,Josh Daicos,4,17,16,72.7,0,0,1,0,0,0,1,5,389,6,5,0,83,2022,Round 5,2022-04-14,10580
Collingwood,Patrick Lipinski,11,10,17,77.3,0,0,0,2,0,0,4,4,272,6,3,1,72,2022,Round 5,2022-04-14,10580
Collingwood,Jordan De Goey,8,14,18,85.7,0,0,0,2,0,3,1,7,581,2,2,0,85,2022,Round 5,2022-04-14,10580
Collingwood,Brayden Maynard,2,15,14,73.7,1,0,0,2,0,0,0,2,482,7,5,0,89,2022,Round 5,2022-04-14,10580
Collingwood,Darcy Moore,9,6,13,76.5,1,0,1,4,0,0,0,2,290,5,10,1,100,2022,Round 5,2022-04-14,10580
Collingwood,Will Hoskin Elliott,4,10,13,86.7,1,1,1,0,0,0,0,4,160,4,2,1,87,2022,Round 5,2022-04-14,10580
Collingwood,Steele Sidebottom,2,12,11,78.6,0,1,0,1,0,0,0,6,288,3,2,1,84,2022,Round 5,2022-04-14,10580
Collingwood,Jeremy Howe,3,11,12,85.7,1,0,0,10,0,0,0,1,322,2,7,0,97,2022,Round 5,2022-04-14,10580
Collingwood,Brodie Grundy,11,3,6,42.9,0,0,0,5,0,5,2,0,131,3,1,0,74,2022,Round 5,2022-04-14,10580
Collingwood,Isaac Quaynor,4,9,11,78.6,0,0,0,2,0,0,0,2,284,3,6,0,88,2022,Round 5,2022-04-14,10580
Collingwood,Jack Madgen,3,10,11,84.6,0,0,0,3,0,0,0,1,177,1,5,0,83,2022,Round 5,2022-04-14,10580
Collingwood,Callum Brown,4,8,9,75.0,0,0,0,1,0,0,0,3,-30,2,1,2,79,2022,Round 5,2022-04-14,10580
Collingwood,Nathan Kreuger,8,5,8,66.7,1,0,2,4,1,0,0,6,260,2,2,1,86,2022,Round 5,2022-04-14,10580
Collingwood,Reef Mcinnes,3,7,6,60.0,0,2,3,0,0,0,0,6,164,3,1,2,72,2022,Round 5,2022-04-14,10580
Collingwood,Darcy Cameron,3,3,4,57.1,1,0,0,2,0,0,1,2,148,5,2,0,58,2022,Round 5,2022-04-14,10580
Collingwood,Tom Wilson,4,3,6,85.7,0,0,0,1,0,0,0,2,127,2,1,1,69,2022,Round 5,2022-04-14,10580
Collingwood,Jordan Roughead,2,4,3,50.0,0,0,0,2,0,0,0,0,132,3,4,0,90,2022,Round 5,2022-04-14,10580
Collingwood,John Noble,1,4,5,83.3,0,0,0,0,1,0,0,0,151,0,1,0,26,2022,Round 5,2022-04-14,10580
Collingwood,Mason Cox,3,1,3,75.0,1,0,0,1,0,0,1,1,25,1,1,0,66,2022,Round 5,2022-04-14,10580
North Melbourne,Jy Simpkin,12,16,20,74.1,0,2,0,2,2,6,2,5,450,3,2,0,89,2022,Round 5,2022-04-15,10581
North Melbourne,Luke Davies Uniacke,10,14,19,86.4,0,1,0,2,0,1,3,3,315,6,4,0,85,2022,Round 5,2022-04-15,10581
North Melbourne,Tristan Xerri,12,7,17,85.0,0,1,0,1,0,4,4,5,242,3,2,0,87,2022,Round 5,2022-04-15,10581
North Melbourne,Bailey Scott,4,13,17,89.5,0,0,0,2,0,0,2,3,361,3,2,0,95,2022,Round 5,2022-04-15,10581
North Melbourne,Hugh Greenwood,7,12,14,77.8,0,0,0,0,0,1,2,3,163,4,1,1,63,2022,Round 5,2022-04-15,10581
North Melbourne,Jason Horne Francis,12,7,8,44.4,0,0,1,0,0,1,1,0,368,9,5,1,88,2022,Round 5,2022-04-15,10581
North Melbourne,Luke Mcdonald,6,11,12,75.0,0,0,0,4,0,0,2,0,401,6,6,0,84,2022,Round 5,2022-04-15,10581
North Melbourne,Jaidyn Stephenson,6,10,7,46.7,0,1,0,0,0,2,1,4,465,11,0,1,78,2022,Round 5,2022-04-15,10581
North Melbourne,Aaron Hall,4,9,10,71.4,0,0,0,0,0,0,0,2,318,4,3,0,43,2022,Round 5,2022-04-15,10581
North Melbourne,Lachie Young,2,10,9,64.3,0,0,0,3,0,0,0,2,400,6,3,0,87,2022,Round 5,2022-04-15,10581
North Melbourne,Nick Larkey,8,5,9,75.0,2,1,4,4,0,0,0,8,248,0,0,0,97,2022,Round 5,2022-04-15,10581
North Melbourne,Aidan Corr,3,6,7,63.6,0,0,0,2,0,0,1,1,203,3,2,0,73,2022,Round 5,2022-04-15,10581
North Melbourne,Curtis Taylor,5,6,9,81.8,0,0,0,2,0,0,2,4,195,3,3,1,74,2022,Round 5,2022-04-15,10581
North Melbourne,Joshua Walker,6,3,8,80.0,0,0,0,4,0,0,0,1,122,2,6,0,93,2022,Round 5,2022-04-15,10581
North Melbourne,Ben Mckay,2,7,10,100.0,2,0,0,3,2,0,0,0,172,1,5,0,91,2022,Round 5,2022-04-15,10581
North Melbourne,Flynn Perez,4,5,8,80.0,0,0,0,4,0,0,1,2,195,2,3,0,79,2022,Round 5,2022-04-15,10581
North Melbourne,Atu Bosenavulagi,4,4,7,87.5,1,0,0,1,0,0,0,1,78,0,4,0,76,2022,Round 5,2022-04-15,10581
North Melbourne,Jack Ziebell,6,1,4,57.1,2,0,3,0,0,0,0,5,168,1,3,1,86,2022,Round 5,2022-04-15,10581
North Melbourne,Tom Powell,2,5,7,100.0,0,0,0,0,0,1,0,4,183,1,1,1,41,2022,Round 5,2022-04-15,10581
North Melbourne,Eddie Ford,2,3,4,66.7,0,0,0,0,0,0,0,2,60,3,1,0,63,2022,Round 5,2022-04-15,10581
North Melbourne,Kayne Turner,1,4,3,60.0,0,0,0,1,0,0,0,4,97,0,1,3,88,2022,Round 5,2022-04-15,10581
North Melbourne,Todd Goldstein,2,1,2,50.0,1,0,0,4,0,0,0,1,35,2,1,0,85,2022,Round 5,2022-04-15,10581
North Melbourne,Jack Mahony,0,4,4,100.0,0,0,1,0,0,0,1,2,39,0,0,1,56,2022,Round 5,2022-04-15,10581
Western Bulldogs,Bailey Smith,13,32,31,72.1,0,1,0,0,0,1,2,9,646,5,3,0,94,2022,Round 5,2022-04-15,10581
Western Bulldogs,Jackson Macrae,13,18,27,93.1,0,2,0,3,0,4,6,8,486,3,1,0,81,2022,Round 5,2022-04-15,10581
Western Bulldogs,Adam Treloar,8,21,20,71.4,0,0,0,2,0,2,1,5,348,3,3,0,87,2022,Round 5,2022-04-15,10581
Western Bulldogs,Taylor Duryea,8,18,22,88.0,1,1,0,1,0,0,1,6,420,5,7,0,82,2022,Round 5,2022-04-15,10581
Western Bulldogs,Thomas Liberatore,11,13,17,68.0,0,1,0,2,0,1,5,7,183,3,1,0,76,2022,Round 5,2022-04-15,10581
Western Bulldogs,Bailey Dale,5,15,19,76.0,0,2,0,1,0,0,0,6,552,4,7,0,81,2022,Round 5,2022-04-15,10581
Western Bulldogs,Caleb Daniel,8,15,21,91.3,1,0,0,2,1,0,0,4,260,1,9,0,84,2022,Round 5,2022-04-15,10581
Western Bulldogs,Josh Dunkley,10,15,17,73.9,0,1,0,3,0,3,0,3,79,0,3,1,85,2022,Round 5,2022-04-15,10581
Western Bulldogs,Timothy English,10,12,17,77.3,1,1,2,2,0,3,3,10,459,3,4,0,83,2022,Round 5,2022-04-15,10581
Western Bulldogs,Lachlan Hunter,4,18,15,71.4,0,0,0,3,1,0,1,6,290,7,2,0,87,2022,Round 5,2022-04-15,10581
Western Bulldogs,Bailey Williams,8,14,15,71.4,0,0,0,3,0,0,0,9,286,5,7,0,85,2022,Round 5,2022-04-15,10581
Western Bulldogs,Marcus Bontempelli,7,11,15,83.3,1,2,3,0,0,0,1,9,361,2,1,1,83,2022,Round 5,2022-04-15,10581
Western Bulldogs,Ed Richards,6,11,17,94.4,0,1,0,3,1,0,0,5,345,1,7,0,85,2022,Round 5,2022-04-15,10581
Western Bulldogs,Tim O Brien,4,13,12,70.6,1,0,0,9,0,0,0,4,118,5,5,0,83,2022,Round 5,2022-04-15,10581
Western Bulldogs,Anthony Scott,6,11,13,76.5,0,1,2,0,0,1,1,8,387,0,2,0,72,2022,Round 5,2022-04-15,10581
Western Bulldogs,Ryan Gardner,5,12,15,93.8,1,0,0,10,0,0,0,5,118,1,5,0,92,2022,Round 5,2022-04-15,10581
Western Bulldogs,Aaron Naughton,7,4,8,66.7,3,1,3,1,0,0,2,9,229,2,1,4,83,2022,Round 5,2022-04-15,10581
Western Bulldogs,Zaine Cordy,8,3,8,80.0,1,0,2,2,0,1,1,3,125,1,2,2,81,2022,Round 5,2022-04-15,10581
Western Bulldogs,Lachlan Mcneil,4,5,10,100.0,0,0,0,2,0,0,0,4,116,2,3,0,78,2022,Round 5,2022-04-15,10581
Western Bulldogs,Cody Weightman,6,3,6,66.7,1,0,2,0,0,0,0,6,201,2,0,1,74,2022,Round 5,2022-04-15,10581
Western Bulldogs,Mitchell Wallis,1,5,4,57.1,0,0,1,1,0,0,0,4,104,1,0,4,44,2022,Round 5,2022-04-15,10581
Western Bulldogs,Jamarra Ugle Hagan,3,3,4,80.0,1,0,1,0,0,0,0,2,135,1,0,0,65,2022,Round 5,2022-04-15,10581
Western Bulldogs,Riley Garcia,1,1,3,100.0,0,0,0,0,0,0,0,2,56,1,0,0,35,2022,Round 5,2022-04-15,10581
West Coast,Patrick Naish,7,18,18,69.2,0,0,1,0,1,1,0,2,482,10,7,0,93,2022,Round 5,2022-04-15,10582
West Coast,Liam Duggan,7,19,21,84.0,0,0,0,2,0,0,1,1,324,4,6,0,83,2022,Round 5,2022-04-15,10582
West Coast,Alex Witherden,3,14,22,95.7,0,0,0,5,0,0,0,2,494,5,7,0,82,2022,Round 5,2022-04-15,10582
West Coast,Jack Redden,12,9,16,80.0,0,0,1,1,0,2,2,3,55,2,7,0,88,2022,Round 5,2022-04-15,10582
West Coast,Luke Shuey,9,8,13,72.2,0,0,0,4,0,3,4,3,220,4,2,1,70,2022,Round 5,2022-04-15,10582
West Coast,Luke Foley,3,15,14,82.4,1,0,0,1,0,0,0,2,293,5,4,0,88,2022,Round 5,2022-04-15,10582
West Coast,Tom Barrass,6,8,16,100.0,2,0,0,8,0,0,0,0,372,4,10,0,93,2022,Round 5,2022-04-15,10582
West Coast,Tim Kelly,5,11,12,75.0,0,1,0,0,0,2,1,2,262,4,1,0,79,2022,Round 5,2022-04-15,10582
West Coast,Shannon Hurn,1,9,13,86.7,0,0,0,3,0,0,0,0,240,5,1,0,72,2022,Round 5,2022-04-15,10582
West Coast,Elliot Yeo,7,10,11,73.3,0,0,0,1,0,2,0,4,206,2,3,0,66,2022,Round 5,2022-04-15,10582
West Coast,Josh Rotham,1,11,11,84.6,0,0,0,3,0,0,0,2,46,2,3,0,87,2022,Round 5,2022-04-15,10582
West Coast,Zac Giles Langdon,8,5,10,83.3,0,1,0,0,0,0,0,1,64,3,3,0,89,2022,Round 5,2022-04-15,10582
West Coast,Harry Edwards,2,10,10,83.3,0,0,0,7,0,0,1,0,95,2,2,0,89,2022,Round 5,2022-04-15,10582
West Coast,Jamie Cripps,4,7,9,81.8,0,1,0,0,0,0,1,4,193,1,2,1,85,2022,Round 5,2022-04-15,10582
West Coast,Jackson Nelson,3,8,10,90.9,0,0,0,1,0,2,1,1,113,1,0,0,87,2022,Round 5,2022-04-15,10582
West Coast,Bailey Williams 1,7,4,4,36.4,0,0,1,2,0,2,1,4,300,6,5,0,80,2022,Round 5,2022-04-15,10582
West Coast,Jack Darling,5,4,5,50.0,0,0,0,1,0,0,0,1,165,4,0,0,92,2022,Round 5,2022-04-15,10582
West Coast,Liam Ryan,7,3,6,60.0,2,0,1,0,0,0,0,3,202,3,2,0,80,2022,Round 5,2022-04-15,10582
West Coast,Willie Rioli,4,7,6,66.7,0,0,0,1,0,0,0,3,181,2,1,0,70,2022,Round 5,2022-04-15,10582
West Coast,Hugh Dixon,5,4,6,66.7,0,0,0,1,0,0,0,0,152,4,2,0,78,2022,Round 5,2022-04-15,10582
West Coast,Jamaine Jones,3,6,6,75.0,0,0,0,0,0,1,0,0,166,3,1,0,73,2022,Round 5,2022-04-15,10582
West Coast,Joshua Kennedy,2,4,4,66.7,0,0,2,0,0,0,0,4,173,2,0,2,77,2022,Round 5,2022-04-15,10582
Sydney,Callum Mills,17,13,20,71.4,0,0,0,0,0,2,4,7,525,6,4,0,77,2022,Round 5,2022-04-15,10582
Sydney,Errol Gulden,8,18,19,70.4,0,1,1,1,0,1,0,10,392,4,10,0,79,2022,Round 5,2022-04-15,10582
Sydney,Luke Parker,13,13,17,65.4,0,1,1,2,0,1,4,12,366,4,1,4,88,2022,Round 5,2022-04-15,10582
Sydney,Jake Lloyd,5,17,20,83.3,0,0,0,3,1,0,1,5,451,5,4,0,82,2022,Round 5,2022-04-15,10582
Sydney,Peter Ladhams,13,11,16,66.7,0,0,0,5,0,2,3,7,414,6,5,1,86,2022,Round 5,2022-04-15,10582
Sydney,Justin Mcinerney,5,19,17,70.8,0,0,3,1,1,1,2,5,362,2,1,0,82,2022,Round 5,2022-04-15,10582
Sydney,James Rowbottom,7,17,16,69.6,0,1,0,2,0,0,2,7,380,4,1,1,79,2022,Round 5,2022-04-15,10582
Sydney,Nick Blakey,5,14,16,80.0,0,0,0,2,2,0,0,6,431,5,10,0,82,2022,Round 5,2022-04-15,10582
Sydney,Chad Warner,6,14,15,75.0,0,0,1,0,1,3,1,8,285,2,1,0,77,2022,Round 5,2022-04-15,10582
Sydney,Ben Ronke,8,10,13,68.4,0,2,1,1,0,0,0,6,388,7,1,3,81,2022,Round 5,2022-04-15,10582
Sydney,Isaac Heeney,8,8,13,81.2,4,2,4,1,1,0,3,10,269,3,0,0,74,2022,Round 5,2022-04-15,10582
Sydney,Oliver Florent,3,12,13,81.2,0,0,0,1,0,1,1,1,99,1,2,0,82,2022,Round 5,2022-04-15,10582
Sydney,Will Hayward,4,13,14,87.5,0,2,1,0,0,0,1,8,311,1,2,1,81,2022,Round 5,2022-04-15,10582
Sydney,Tom Mccartin,7,8,12,80.0,1,0,0,8,0,0,0,1,203,2,10,0,91,2022,Round 5,2022-04-15,10582
Sydney,Hayden Mclean,8,6,10,76.9,1,2,2,2,0,0,0,7,87,2,2,3,94,2022,Round 5,2022-04-15,10582
Sydney,Sam Reid 1,8,4,7,58.3,1,0,1,3,0,0,0,4,150,1,4,0,74,2022,Round 5,2022-04-15,10582
Sydney,Harry Cunningham,3,10,11,91.7,1,0,0,1,0,0,0,3,21,2,4,0,91,2022,Round 5,2022-04-15,10582
Sydney,Logan Mcdonald,3,9,10,83.3,1,3,0,1,0,0,0,5,302,2,1,3,69,2022,Round 5,2022-04-15,10582
Sydney,Paddy Mccartin,4,6,8,80.0,1,0,0,6,0,0,0,1,147,1,7,0,88,2022,Round 5,2022-04-15,10582
Sydney,James Bell,4,6,6,60.0,1,0,0,1,0,0,0,6,147,3,1,1,77,2022,Round 5,2022-04-15,10582
Sydney,Braeden Campbell,5,6,6,60.0,0,0,0,2,0,0,1,1,236,4,3,0,77,2022,Round 5,2022-04-15,10582
Sydney,Dane Rampe,4,5,8,100.0,0,0,0,3,0,0,1,0,69,2,4,0,89,2022,Round 5,2022-04-15,10582
St Kilda,Brad Crouch,10,15,24,88.9,0,1,0,0,0,3,6,9,112,1,1,2,84,2022,Round 5,2022-04-16,10583
St Kilda,Sebastian Ross,12,16,21,77.8,0,0,0,3,1,2,2,8,295,3,4,0,83,2022,Round 5,2022-04-16,10583
St Kilda,Jack Steele,14,15,24,88.9,1,0,0,3,0,2,3,7,328,4,6,1,82,2022,Round 5,2022-04-16,10583
St Kilda,Jack Sinclair,6,19,20,74.1,0,1,0,3,2,1,0,6,524,5,4,0,76,2022,Round 5,2022-04-16,10583
St Kilda,Jade Gresham,10,14,18,72.0,0,1,1,2,0,3,3,7,424,5,1,0,88,2022,Round 5,2022-04-16,10583
St Kilda,Daniel Mckenzie,10,15,17,73.9,0,0,0,5,0,0,2,3,289,2,9,1,78,2022,Round 5,2022-04-16,10583
St Kilda,Josh Battle,4,16,14,66.7,0,0,0,2,0,0,0,1,399,5,5,0,90,2022,Round 5,2022-04-16,10583
St Kilda,Ben Long,7,13,17,85.0,0,0,0,5,0,0,1,4,158,1,9,0,84,2022,Round 5,2022-04-16,10583
St Kilda,Bradley Hill,6,13,14,73.7,0,1,0,0,0,0,0,5,440,5,3,0,79,2022,Round 5,2022-04-16,10583
St Kilda,Tim Membrey,8,11,11,57.9,2,1,1,0,0,0,0,5,249,2,2,1,88,2022,Round 5,2022-04-16,10583
St Kilda,Jarrod Lienert,1,14,14,77.8,0,0,0,2,0,0,0,0,313,8,2,0,76,2022,Round 5,2022-04-16,10583
St Kilda,Callum Wilkie,6,12,14,77.8,1,0,0,7,0,0,0,2,206,3,7,0,100,2022,Round 5,2022-04-16,10583
St Kilda,Jack Higgins,5,10,13,81.2,2,1,5,1,1,0,1,10,332,3,0,0,85,2022,Round 5,2022-04-16,10583
St Kilda,Ben Paton,3,13,10,62.5,0,0,0,1,1,0,2,2,310,3,2,0,79,2022,Round 5,2022-04-16,10583
St Kilda,Jack Hayes,11,5,13,81.2,1,1,1,3,0,3,0,3,103,5,4,0,71,2022,Round 5,2022-04-16,10583
St Kilda,Rowan Marshall,9,7,14,93.3,2,1,0,4,0,1,3,6,185,2,4,0,79,2022,Round 5,2022-04-16,10583
St Kilda,Nasiah Wanganeen Milera,1,13,10,66.7,0,0,0,1,2,0,0,1,492,4,0,0,74,2022,Round 5,2022-04-16,10583
St Kilda,Mason Wood,2,11,7,58.3,0,2,0,3,0,0,1,4,266,4,1,0,69,2022,Round 5,2022-04-16,10583
St Kilda,Marcus Windhager,4,7,10,90.9,0,0,0,0,0,0,2,2,77,1,1,0,73,2022,Round 5,2022-04-16,10583
St Kilda,Dougal Howard,1,7,8,88.9,0,0,0,15,0,0,0,0,140,1,3,0,96,2022,Round 5,2022-04-16,10583
St Kilda,Daniel Butler,4,4,2,25.0,0,1,0,1,0,0,1,3,187,2,1,1,84,2022,Round 5,2022-04-16,10583
St Kilda,Max King 1,4,2,5,62.5,3,0,3,1,0,0,0,6,118,1,0,0,83,2022,Round 5,2022-04-16,10583
Gold Coast,Touk Miller,16,16,22,68.8,1,3,0,0,1,1,4,5,486,6,3,0,85,2022,Round 5,2022-04-16,10583
Gold Coast,Noah Anderson,6,19,19,76.0,0,0,0,1,0,2,2,4,319,3,1,0,88,2022,Round 5,2022-04-16,10583
Gold Coast,Lachlan Weller,5,13,18,78.3,0,0,0,1,1,0,1,4,471,6,4,0,85,2022,Round 5,2022-04-16,10583
Gold Coast,Brandon Ellis,5,16,15,68.2,1,1,0,0,0,0,0,3,349,2,5,0,85,2022,Round 5,2022-04-16,10583
Gold Coast,Oleg Markov,6,14,18,85.7,0,0,0,1,2,0,0,3,459,6,7,0,78,2022,Round 5,2022-04-16,10583
Gold Coast,Brayden Fiorini,3,14,14,77.8,0,0,1,1,0,0,0,4,399,4,4,1,85,2022,Round 5,2022-04-16,10583
Gold Coast,Matt Rowell,9,10,14,77.8,0,0,0,2,0,1,4,2,288,5,3,0,89,2022,Round 5,2022-04-16,10583
Gold Coast,Ben Ainsworth,5,10,11,68.8,0,0,3,0,1,0,0,7,347,3,0,2,80,2022,Round 5,2022-04-16,10583
Gold Coast,Wil Powell,4,13,14,87.5,1,0,0,2,1,0,0,4,276,5,5,0,95,2022,Round 5,2022-04-16,10583
Gold Coast,Nicholas Holman,8,8,12,75.0,1,1,2,0,0,0,0,3,121,1,2,3,82,2022,Round 5,2022-04-16,10583
Gold Coast,Malcolm Rosas,9,6,11,73.3,1,0,0,1,0,1,2,5,245,2,2,6,69,2022,Round 5,2022-04-16,10583
Gold Coast,Jy Farrar,4,13,13,86.7,0,0,0,4,2,0,0,2,253,2,7,0,82,2022,Round 5,2022-04-16,10583
Gold Coast,Samuel Collins,5,9,11,78.6,3,0,0,7,0,0,0,3,304,3,9,0,96,2022,Round 5,2022-04-16,10583
Gold Coast,David Swallow,4,9,7,53.8,0,0,0,0,0,0,0,1,139,5,1,2,70,2022,Round 5,2022-04-16,10583
Gold Coast,Sean Lemmens,5,8,10,76.9,1,1,0,3,0,0,1,2,284,3,7,0,79,2022,Round 5,2022-04-16,10583
Gold Coast,Levi Casboult,5,4,6,66.7,0,0,2,4,0,0,0,5,104,1,3,1,100,2022,Round 5,2022-04-16,10583
Gold Coast,Jarrod Witts,8,3,4,44.4,0,0,0,5,0,0,2,2,156,4,3,0,82,2022,Round 5,2022-04-16,10583
Gold Coast,Charlie Ballard,3,6,8,88.9,1,0,0,11,0,0,0,3,40,0,5,0,81,2022,Round 5,2022-04-16,10583
Gold Coast,Josh Corbett,3,4,5,71.4,1,0,2,1,0,0,0,4,110,4,0,0,69,2022,Round 5,2022-04-16,10583
Gold Coast,Izak Rankine,1,5,4,57.1,0,0,1,1,0,0,1,3,98,1,0,0,83,2022,Round 5,2022-04-16,10583
Gold Coast,Alex Davies,1,4,3,60.0,0,0,0,0,0,0,0,2,81,0,0,0,60,2022,Round 5,2022-04-16,10583
Gold Coast,Mabior Chol,4,2,4,100.0,1,1,0,3,0,1,1,2,123,2,0,1,60,2022,Round 5,2022-04-16,10583
Gold Coast,Rory Atkins,1,1,1,50.0,0,0,0,0,0,0,0,0,25,1,0,0,17,2022,Round 5,2022-04-16,10583
Adelaide,Ben Keays,13,18,20,64.5,0,0,0,1,0,5,3,10,478,6,2,1,82,2022,Round 5,2022-04-16,10584
Adelaide,Brodie Smith,6,19,22,78.6,0,0,0,2,0,0,2,4,623,5,5,0,83,2022,Round 5,2022-04-16,10584
Adelaide,Rory Laird,14,13,20,76.9,0,1,1,1,0,2,3,10,327,3,3,1,79,2022,Round 5,2022-04-16,10584
Adelaide,Matt Crouch,5,20,24,92.3,0,2,0,1,0,2,2,5,335,2,1,0,72,2022,Round 5,2022-04-16,10584
Adelaide,Jordan Dawson,6,15,20,83.3,1,0,0,6,0,0,0,8,749,7,8,0,85,2022,Round 5,2022-04-16,10584
Adelaide,Billy Frampton,4,17,17,77.3,0,0,0,5,0,0,0,2,535,10,6,0,100,2022,Round 5,2022-04-16,10584
Adelaide,Tom Doedee,10,10,18,81.8,1,0,0,7,1,0,1,2,336,4,12,0,95,2022,Round 5,2022-04-16,10584
Adelaide,Lachlan Sholl,5,16,15,71.4,0,1,0,0,0,0,1,5,322,1,1,0,88,2022,Round 5,2022-04-16,10584
Adelaide,Lachlan Murphy,7,10,10,58.8,0,1,0,1,0,0,2,4,248,2,0,1,77,2022,Round 5,2022-04-16,10584
Adelaide,Brayden Cook,6,11,15,88.2,0,0,0,0,0,0,0,3,375,3,6,0,81,2022,Round 5,2022-04-16,10584
Adelaide,Taylor Walker,8,8,11,68.8,2,0,3,1,0,0,2,10,516,1,0,1,84,2022,Round 5,2022-04-16,10584
Adelaide,Sam Berry,10,8,13,81.2,0,0,0,0,0,0,2,4,137,2,3,0,67,2022,Round 5,2022-04-16,10584
Adelaide,Rory Sloane,11,3,11,84.6,1,0,0,2,0,2,1,5,186,4,2,1,70,2022,Round 5,2022-04-16,10584
Adelaide,Chayce Jones,6,6,10,76.9,1,0,0,1,0,0,0,2,273,4,6,0,76,2022,Round 5,2022-04-16,10584
Adelaide,Luke Brown,2,9,7,63.6,0,0,0,2,0,0,0,0,84,2,4,0,82,2022,Round 5,2022-04-16,10584
Adelaide,Elliot Himmelberg,7,4,8,72.7,2,1,1,1,0,0,0,8,208,2,0,1,80,2022,Round 5,2022-04-16,10584
Adelaide,Josh Rachele,2,8,7,63.6,0,1,2,2,1,0,1,7,256,2,1,0,82,2022,Round 5,2022-04-16,10584
Adelaide,Reilly O Brien,7,3,10,100.0,4,0,1,4,0,0,2,6,14,0,2,0,94,2022,Round 5,2022-04-16,10584
Adelaide,Shane Mcadam,4,6,7,70.0,1,2,2,0,0,0,0,6,203,0,0,4,73,2022,Round 5,2022-04-16,10584
Adelaide,Edward Mchenry,5,3,7,77.8,0,1,0,0,0,0,1,5,51,1,1,0,73,2022,Round 5,2022-04-16,10584
Adelaide,Lachlan Gollant,4,4,4,44.4,1,0,0,2,0,0,0,2,146,4,0,0,76,2022,Round 5,2022-04-16,10584
Adelaide,Jordon Butts,4,3,6,85.7,0,0,0,9,0,0,0,2,56,0,8,0,87,2022,Round 5,2022-04-16,10584
Adelaide,James Rowe,0,3,3,100.0,0,1,0,0,0,0,0,1,42,0,0,0,15,2022,Round 5,2022-04-16,10584
Richmond,Dion Prestia,10,18,22,81.5,0,1,1,0,0,3,1,6,438,4,2,0,76,2022,Round 5,2022-04-16,10584
Richmond,Trent Cotchin,13,12,20,83.3,0,0,1,3,0,4,5,2,351,3,3,0,70,2022,Round 5,2022-04-16,10584
Richmond,Jack Ross,5,19,21,87.5,0,0,0,0,1,0,1,4,344,3,2,0,81,2022,Round 5,2022-04-16,10584
Richmond,Shai Bolton,16,11,17,73.9,0,1,0,3,3,7,3,6,283,6,3,0,91,2022,Round 5,2022-04-16,10584
Richmond,Nick Vlastuin,9,10,17,81.0,1,1,0,0,1,0,0,5,499,4,10,0,87,2022,Round 5,2022-04-16,10584
Richmond,Jack Graham,4,16,13,68.4,0,0,0,0,0,0,2,4,281,7,0,1,77,2022,Round 5,2022-04-16,10584
Richmond,Shane Edwards,4,14,17,94.4,0,0,0,1,1,0,1,6,331,1,0,1,78,2022,Round 5,2022-04-16,10584
Richmond,Jayden Short,0,16,14,77.8,0,0,0,0,0,0,0,7,647,4,0,0,79,2022,Round 5,2022-04-16,10584
Richmond,Daniel Rioli,3,12,13,81.2,0,0,0,1,0,0,0,2,449,6,5,0,89,2022,Round 5,2022-04-16,10584
Richmond,Nathan Broad,5,9,13,86.7,2,0,0,6,0,0,0,2,126,1,6,0,87,2022,Round 5,2022-04-16,10584
Richmond,Noah Balta,7,7,10,66.7,2,0,2,2,0,1,0,3,257,0,3,0,73,2022,Round 5,2022-04-16,10584
Richmond,Matthew Parker,5,10,7,46.7,0,2,1,1,0,0,2,3,386,9,3,2,77,2022,Round 5,2022-04-16,10584
Richmond,Thomson Dow,5,11,11,73.3,0,1,0,4,0,0,1,3,105,2,2,0,82,2022,Round 5,2022-04-16,10584
Richmond,Hugo Ralphsmith,5,9,12,80.0,0,0,0,1,0,0,0,3,205,3,6,0,69,2022,Round 5,2022-04-16,10584
Richmond,Liam Baker,5,9,9,64.3,0,0,0,1,0,0,0,3,124,2,0,0,85,2022,Round 5,2022-04-16,10584
Richmond,Thomas Lynch,8,4,9,69.2,4,0,3,2,0,0,0,6,268,3,2,2,91,2022,Round 5,2022-04-16,10584
Richmond,Toby Nankervis,7,7,11,84.6,0,2,0,7,0,2,2,6,237,2,2,0,77,2022,Round 5,2022-04-16,10584
Richmond,Jason Castagna,4,9,6,50.0,1,0,1,0,0,0,0,4,177,3,1,2,74,2022,Round 5,2022-04-16,10584
Richmond,Marlion Pickett,4,6,10,90.9,0,0,0,0,0,0,1,3,218,3,4,0,90,2022,Round 5,2022-04-16,10584
Richmond,Robert Tarrant,3,7,7,70.0,1,0,0,7,0,0,0,2,122,1,5,0,94,2022,Round 5,2022-04-16,10584
Richmond,Jack Riewoldt,3,4,4,57.1,0,0,1,2,0,0,0,4,147,2,1,1,77,2022,Round 5,2022-04-16,10584
Richmond,Ben Miller,5,0,4,100.0,1,0,0,14,0,0,0,1,67,0,5,0,87,2022,Round 5,2022-04-16,10584
Richmond,Jake Aarts,1,3,2,50.0,0,0,0,0,0,0,0,0,70,1,0,0,9,2022,Round 5,2022-04-16,10584
Melbourne,Clayton Oliver,15,16,22,71.0,0,1,0,1,0,3,5,7,440,8,2,2,86,2022,Round 5,2022-04-16,10585
Melbourne,Christian Petracca,13,16,24,80.0,0,0,0,0,0,3,4,12,573,4,3,1,89,2022,Round 5,2022-04-16,10585
Melbourne,Jack Viney,10,20,21,77.8,0,0,0,2,0,1,2,8,260,2,4,0,84,2022,Round 5,2022-04-16,10585
Melbourne,Ed Langdon,6,20,18,72.0,0,0,1,0,0,1,0,5,416,4,2,2,100,2022,Round 5,2022-04-16,10585
Melbourne,Steven May,6,7,22,91.7,2,0,0,8,0,0,0,5,447,4,8,0,91,2022,Round 5,2022-04-16,10585
Melbourne,James Harmes,10,13,17,73.9,1,1,0,3,0,1,0,5,283,3,4,0,71,2022,Round 5,2022-04-16,10585
Melbourne,Angus Brayshaw,7,14,18,81.8,0,0,0,0,0,0,1,3,281,4,6,0,86,2022,Round 5,2022-04-16,10585
Melbourne,Charlie Spargo,6,17,16,72.7,0,3,1,0,2,0,0,9,478,4,1,2,70,2022,Round 5,2022-04-16,10585
Melbourne,Max Gawn,13,7,15,71.4,4,0,1,0,0,2,2,3,426,5,6,1,91,2022,Round 5,2022-04-16,10585
Melbourne,Jake Bowey,5,18,19,90.5,0,1,0,2,0,0,3,5,265,4,2,0,81,2022,Round 5,2022-04-16,10585
Melbourne,James Jordon,6,15,15,75.0,0,0,0,2,0,0,3,4,323,3,2,0,76,2022,Round 5,2022-04-16,10585
Melbourne,Trent Rivers,6,11,15,83.3,0,0,0,1,0,0,0,6,396,4,7,0,86,2022,Round 5,2022-04-16,10585
Melbourne,Tom Sparrow,7,12,15,88.2,0,1,0,1,0,0,1,5,234,1,3,0,64,2022,Round 5,2022-04-16,10585
Melbourne,Luke Jackson,3,11,11,78.6,2,0,0,1,0,1,0,4,103,1,3,1,66,2022,Round 5,2022-04-16,10585
Melbourne,Alex Neal Bullen,4,9,10,76.9,0,3,1,2,0,0,0,7,87,2,2,0,81,2022,Round 5,2022-04-16,10585
Melbourne,Jayden Hunt,4,8,10,83.3,0,0,0,2,1,0,0,3,174,2,5,0,85,2022,Round 5,2022-04-16,10585
Melbourne,Jake Lever,5,8,12,100.0,0,0,0,2,0,0,0,2,158,2,6,0,84,2022,Round 5,2022-04-16,10585
Melbourne,Bayley Fritsch,2,10,9,81.8,0,2,3,0,0,0,0,7,261,2,1,0,83,2022,Round 5,2022-04-16,10585
Melbourne,Tom Mcdonald,3,7,5,50.0,0,2,3,0,0,0,0,5,222,2,0,0,83,2022,Round 5,2022-04-16,10585
Melbourne,Kysaiah Pickett,4,7,7,70.0,0,0,2,1,1,0,0,5,243,2,1,0,80,2022,Round 5,2022-04-16,10585
Melbourne,Harrison Petty,4,5,6,66.7,1,0,0,6,0,0,0,2,103,2,5,0,86,2022,Round 5,2022-04-16,10585
Melbourne,Sam Weideman,5,3,6,75.0,2,0,1,1,0,0,0,4,187,0,1,0,77,2022,Round 5,2022-04-16,10585
Greater Western Sydney,Callan Ward,9,26,28,82.4,0,0,0,3,2,2,1,5,432,6,5,0,79,2022,Round 5,2022-04-16,10585
Greater Western Sydney,Tom Green,16,19,27,79.4,0,1,1,1,1,0,6,7,475,3,5,1,84,2022,Round 5,2022-04-16,10585
Greater Western Sydney,Joshua Kelly,14,20,27,81.8,0,1,0,2,0,0,7,2,452,7,3,0,87,2022,Round 5,2022-04-16,10585
Greater Western Sydney,Tim Taranto,15,14,22,75.9,0,0,0,4,0,3,2,6,415,5,4,0,82,2022,Round 5,2022-04-16,10585
Greater Western Sydney,Lachie Whitfield,2,21,19,76.0,0,1,0,2,0,1,0,3,329,4,2,0,83,2022,Round 5,2022-04-16,10585
Greater Western Sydney,Stephen Coniglio,8,14,17,73.9,0,1,0,1,0,0,2,6,342,4,4,4,84,2022,Round 5,2022-04-16,10585
Greater Western Sydney,Tanner Bruhn,11,13,13,59.1,0,0,0,0,0,2,3,3,232,4,0,0,71,2022,Round 5,2022-04-16,10585
Greater Western Sydney,Lachlan Ash,8,14,19,90.5,0,0,0,3,0,0,1,3,290,1,6,0,87,2022,Round 5,2022-04-16,10585
Greater Western Sydney,Adam Kennedy,0,16,13,76.5,0,0,0,5,0,0,0,1,290,7,0,0,86,2022,Round 5,2022-04-16,10585
Greater Western Sydney,Harry Perryman,7,10,13,76.5,1,0,0,2,0,0,1,1,227,3,7,1,72,2022,Round 5,2022-04-16,10585
Greater Western Sydney,Matthew Deboer,3,13,11,73.3,0,0,1,2,0,0,0,3,251,5,2,0,79,2022,Round 5,2022-04-16,10585
Greater Western Sydney,Sam Taylor,5,9,13,86.7,0,0,0,13,0,0,0,1,102,2,8,0,100,2022,Round 5,2022-04-16,10585
Greater Western Sydney,Jake Stein,5,10,11,78.6,0,0,0,9,0,0,0,1,261,3,6,0,86,2022,Round 5,2022-04-16,10585
Greater Western Sydney,Finn Callaghan,5,8,9,69.2,0,0,0,1,0,0,1,3,133,3,2,0,70,2022,Round 5,2022-04-16,10585
Greater Western Sydney,Ian Hill,6,6,8,66.7,1,0,0,1,0,0,0,3,187,2,3,0,76,2022,Round 5,2022-04-16,10585
Greater Western Sydney,Harrison Himmelberg,4,6,6,54.5,0,0,0,0,0,0,0,2,186,2,2,1,91,2022,Round 5,2022-04-16,10585
Greater Western Sydney,Matthew Flynn,10,1,8,72.7,2,0,1,6,0,5,2,5,149,0,1,1,65,2022,Round 5,2022-04-16,10585
Greater Western Sydney,Xavier O Halloran,5,6,7,63.6,1,0,0,0,0,0,0,2,199,2,1,0,78,2022,Round 5,2022-04-16,10585
Greater Western Sydney,Nick Haynes,3,6,6,60.0,0,0,0,3,0,0,0,0,206,4,2,0,87,2022,Round 5,2022-04-16,10585
Greater Western Sydney,Connor Idun,4,5,7,87.5,0,0,0,7,0,0,0,2,59,1,6,0,80,2022,Round 5,2022-04-16,10585
Greater Western Sydney,Lachlan Keeffe,3,4,3,42.9,0,0,0,6,0,1,1,3,84,3,0,2,92,2022,Round 5,2022-04-16,10585
Greater Western Sydney,Jesse Hogan,5,1,3,50.0,0,0,1,2,0,0,0,2,70,1,0,4,81,2022,Round 5,2022-04-16,10585
Carlton,Sam Walsh,12,28,29,76.3,0,0,0,2,0,2,2,8,400,5,4,1,79,2022,Round 5,2022-04-17,10586
Carlton,George Hewett,19,15,30,90.9,0,0,0,0,0,8,5,10,318,1,2,1,73,2022,Round 5,2022-04-17,10586
Carlton,Adam Cerra,9,23,27,84.4,0,0,0,1,0,2,2,4,220,1,1,1,77,2022,Round 5,2022-04-17,10586
Carlton,Zachary Williams,6,11,16,66.7,0,0,0,4,5,0,2,1,582,6,2,0,78,2022,Round 5,2022-04-17,10586
Carlton,Zac Fisher,5,17,18,81.8,0,0,0,0,0,0,0,6,376,3,2,1,76,2022,Round 5,2022-04-17,10586
Carlton,Matt Cottrell,6,17,14,63.6,1,0,0,1,0,0,1,6,314,4,4,2,84,2022,Round 5,2022-04-17,10586
Carlton,Sam Docherty,1,15,20,95.2,0,0,0,2,2,0,0,3,473,4,2,0,86,2022,Round 5,2022-04-17,10586
Carlton,Adam Saad,6,13,14,70.0,0,0,0,4,3,1,0,4,210,5,4,0,80,2022,Round 5,2022-04-17,10586
Carlton,Matthew Kennedy 1,9,12,16,80.0,0,0,0,1,0,3,2,5,95,2,3,0,71,2022,Round 5,2022-04-17,10586
Carlton,Jack Newnes,2,16,13,72.2,0,2,1,1,1,0,1,10,372,0,1,1,81,2022,Round 5,2022-04-17,10586
Carlton,Harry Mckay,14,5,12,66.7,3,2,3,2,0,0,0,7,183,3,1,2,93,2022,Round 5,2022-04-17,10586
Carlton,Will Setterfield,5,14,14,77.8,0,1,1,1,0,0,1,5,270,3,5,2,84,2022,Round 5,2022-04-17,10586
Carlton,Jack Martin,7,10,8,47.1,1,2,1,1,0,0,0,8,231,5,2,0,77,2022,Round 5,2022-04-17,10586
Carlton,Charlie Curnow,7,7,9,60.0,2,0,3,4,0,0,0,10,276,6,1,1,88,2022,Round 5,2022-04-17,10586
Carlton,Lewis Young,6,8,11,78.6,0,0,0,7,0,0,1,2,10,2,7,0,100,2022,Round 5,2022-04-17,10586
Carlton,Marc Pittonet,5,10,12,92.3,0,0,0,3,0,1,1,6,68,1,2,0,79,2022,Round 5,2022-04-17,10586
Carlton,Jack Silvagni,8,5,6,46.2,0,0,1,0,0,0,2,6,140,3,2,0,79,2022,Round 5,2022-04-17,10586
Carlton,Jacob Weitering,4,8,10,76.9,1,0,0,7,0,0,0,3,132,3,5,0,100,2022,Round 5,2022-04-17,10586
Carlton,Nic Newman,3,8,9,75.0,2,0,0,3,0,0,1,3,283,3,3,0,79,2022,Round 5,2022-04-17,10586
Carlton,Corey Durdin,4,4,6,75.0,0,0,0,0,0,0,0,4,69,1,0,2,82,2022,Round 5,2022-04-17,10586
Carlton,Luke Parks,4,4,5,71.4,0,0,0,5,0,0,0,0,60,2,3,0,77,2022,Round 5,2022-04-17,10586
Carlton,Matt Owies,3,3,5,83.3,0,2,0,5,0,0,0,4,122,2,2,2,77,2022,Round 5,2022-04-17,10586
Port Adelaide,Zak Butters,9,22,26,81.2,1,1,1,1,4,2,4,8,536,2,4,0,83,2022,Round 5,2022-04-17,10586
Port Adelaide,Ryan Burton,8,13,22,75.9,0,0,0,3,0,0,0,5,554,3,7,0,84,2022,Round 5,2022-04-17,10586
Port Adelaide,Darcy Byrne Jones,5,21,23,88.5,0,0,0,2,0,0,0,2,261,4,6,0,83,2022,Round 5,2022-04-17,10586
Port Adelaide,Dan Houston,9,17,19,76.0,1,1,1,2,0,0,0,3,409,4,9,0,89,2022,Round 5,2022-04-17,10586
Port Adelaide,Connor Rozee,4,20,19,79.2,0,0,2,0,0,0,2,6,224,4,2,0,87,2022,Round 5,2022-04-17,10586
Port Adelaide,Travis Boak,12,14,17,73.9,0,2,0,4,0,4,7,7,315,4,1,0,83,2022,Round 5,2022-04-17,10586
Port Adelaide,Thomas Jonas,5,13,15,78.9,0,0,0,1,0,0,1,3,255,4,4,0,90,2022,Round 5,2022-04-17,10586
Port Adelaide,Trent Dumont,3,14,12,70.6,0,0,0,0,0,0,1,2,276,3,2,0,70,2022,Round 5,2022-04-17,10586
Port Adelaide,Steven Motlop,7,12,12,75.0,0,0,1,2,0,1,0,8,230,3,5,2,78,2022,Round 5,2022-04-17,10586
Port Adelaide,Sam Powell Pepper,8,9,10,62.5,0,1,0,0,0,0,1,7,375,5,3,1,81,2022,Round 5,2022-04-17,10586
Port Adelaide,Karl Amon,6,9,10,66.7,0,0,0,0,0,0,1,1,218,3,4,3,80,2022,Round 5,2022-04-17,10586
Port Adelaide,Robert Gray,4,8,9,69.2,1,0,2,0,1,1,0,6,116,1,2,2,84,2022,Round 5,2022-04-17,10586
Port Adelaide,Willem Drew,12,5,11,84.6,0,1,0,3,0,2,4,2,11,3,0,1,76,2022,Round 5,2022-04-17,10586
Port Adelaide,Mitch Georgiades,3,10,10,76.9,2,0,2,1,0,0,0,4,276,2,0,0,87,2022,Round 5,2022-04-17,10586
Port Adelaide,Jeremy Finlayson,2,10,8,66.7,0,1,4,4,0,0,1,5,278,3,1,0,86,2022,Round 5,2022-04-17,10586
Port Adelaide,Riley Bonner,4,6,6,54.5,0,0,0,2,0,0,0,3,188,0,2,0,80,2022,Round 5,2022-04-17,10586
Port Adelaide,Todd Marshall,6,5,7,70.0,1,1,0,5,0,0,0,4,179,3,1,1,83,2022,Round 5,2022-04-17,10586
Port Adelaide,Jackson Mead,0,10,8,80.0,0,0,0,1,0,0,0,2,241,1,0,0,68,2022,Round 5,2022-04-17,10586
Port Adelaide,Miles Bergman,1,9,9,90.0,0,1,1,4,0,0,0,3,177,1,2,0,73,2022,Round 5,2022-04-17,10586
Port Adelaide,Tom Clurey,3,6,9,100.0,1,0,0,7,0,0,0,2,106,1,5,0,91,2022,Round 5,2022-04-17,10586
Port Adelaide,Aliir Aliir,3,5,5,62.5,0,0,0,6,0,0,0,2,62,3,4,0,96,2022,Round 5,2022-04-17,10586
Port Adelaide,Sam Hayes,6,2,4,80.0,0,0,0,4,0,1,0,3,-3,1,1,0,68,2022,Round 5,2022-04-17,10586
Essendon,Dyson Heppell,13,21,26,76.5,2,0,0,4,1,0,1,1,243,3,12,0,79,2022,Round 5,2022-04-17,10587
Essendon,Darcy Parish,11,21,27,81.8,0,2,1,0,1,4,3,6,290,2,2,0,86,2022,Round 5,2022-04-17,10587
Essendon,Jake Kelly,5,17,19,73.1,1,0,0,2,0,0,0,0,500,7,7,0,100,2022,Round 5,2022-04-17,10587
Essendon,Andrew Mcgrath,10,17,17,73.9,0,0,0,6,2,0,5,0,178,3,4,0,83,2022,Round 5,2022-04-17,10587
Essendon,Jye Caldwell,8,14,17,73.9,0,2,0,0,0,1,0,7,305,1,2,0,78,2022,Round 5,2022-04-17,10587
Essendon,Brandon Zerk Thatcher,4,17,17,85.0,0,0,0,6,0,0,0,0,104,2,4,0,97,2022,Round 5,2022-04-17,10587
Essendon,Dylan Shiel,5,13,15,78.9,0,0,0,1,4,3,2,4,306,3,2,0,78,2022,Round 5,2022-04-17,10587
Essendon,Mason Redman,4,13,16,94.1,1,0,0,2,1,0,0,2,276,3,3,0,78,2022,Round 5,2022-04-17,10587
Essendon,Jordan Ridley,1,10,15,88.2,0,0,0,4,0,0,0,3,363,2,2,0,87,2022,Round 5,2022-04-17,10587
Essendon,Nicholas Martin,5,11,12,70.6,0,1,1,1,0,0,2,6,179,4,4,0,85,2022,Round 5,2022-04-17,10587
Essendon,Devon Smith,7,9,7,43.8,0,1,0,0,0,0,1,6,311,3,2,3,75,2022,Round 5,2022-04-17,10587
Essendon,Jayden Laverde,3,13,12,80.0,0,0,0,3,0,0,0,2,385,4,7,0,82,2022,Round 5,2022-04-17,10587
Essendon,Matt Guelfi,3,11,9,60.0,0,0,1,2,0,1,0,3,310,6,1,2,78,2022,Round 5,2022-04-17,10587
Essendon,Sam Durham,9,8,11,73.3,0,0,0,2,0,0,2,2,154,5,4,0,77,2022,Round 5,2022-04-17,10587
Essendon,Ben Hobbs,3,11,12,80.0,0,0,0,0,0,0,0,3,165,2,2,1,72,2022,Round 5,2022-04-17,10587
Essendon,Tom Cutler,4,8,8,66.7,0,0,1,2,0,0,1,2,228,4,3,0,69,2022,Round 5,2022-04-17,10587
Essendon,Nikolas Cox,6,5,6,60.0,1,0,1,0,0,1,0,3,178,1,4,1,80,2022,Round 5,2022-04-17,10587
Essendon,Sam Draper,4,4,4,50.0,0,0,0,5,0,1,2,5,198,3,0,0,84,2022,Round 5,2022-04-17,10587
Essendon,Nick Hind,0,9,8,100.0,0,0,0,1,0,0,0,0,187,2,1,0,77,2022,Round 5,2022-04-17,10587
Essendon,Peter Wright,6,5,4,57.1,0,0,0,2,0,0,0,3,177,2,3,2,95,2022,Round 5,2022-04-17,10587
Essendon,Alec Waterman,4,2,4,66.7,1,0,2,0,0,0,0,3,113,1,1,2,80,2022,Round 5,2022-04-17,10587
Essendon,Archie Perkins,2,5,4,66.7,0,1,1,0,0,0,0,3,87,0,1,0,70,2022,Round 5,2022-04-17,10587
Essendon,Andrew Phillips 1,0,0,0,0.0,0,0,0,0,0,0,0,0,0,0,0,1,9,2022,Round 5,2022-04-17,10587
Fremantle,Andrew Brayshaw,14,19,23,67.6,0,0,0,0,2,2,3,6,461,4,3,3,78,2022,Round 5,2022-04-17,10587
Fremantle,Caleb Serong,8,22,20,66.7,1,0,0,0,0,2,1,6,420,8,2,1,76,2022,Round 5,2022-04-17,10587
Fremantle,Will Brodie,11,15,23,88.5,0,0,0,0,0,5,4,5,276,2,0,0,63,2022,Round 5,2022-04-17,10587
Fremantle,Hayden Young,3,20,20,83.3,0,1,0,3,0,0,0,5,276,4,3,0,86,2022,Round 5,2022-04-17,10587
Fremantle,Nathan O Driscoll,8,13,17,77.3,0,2,0,4,3,0,3,5,480,5,3,0,80,2022,Round 5,2022-04-17,10587
Fremantle,Blake Acres,4,18,16,76.2,0,1,0,4,0,0,2,6,323,3,2,0,87,2022,Round 5,2022-04-17,10587
Fremantle,David Mundy,5,13,15,75.0,0,1,0,0,0,1,3,9,153,2,0,1,69,2022,Round 5,2022-04-17,10587
Fremantle,Brennan Cox,5,13,18,90.0,2,0,0,4,1,0,0,3,312,2,5,0,90,2022,Round 5,2022-04-17,10587
Fremantle,Jordan Clark,10,12,16,80.0,0,0,0,3,0,0,1,3,133,3,9,0,81,2022,Round 5,2022-04-17,10587
Fremantle,Luke Ryan,2,13,18,94.7,0,0,0,2,0,0,0,3,463,6,2,0,87,2022,Round 5,2022-04-17,10587
Fremantle,Sean Darcy,9,8,12,66.7,2,0,3,0,0,2,6,8,265,4,1,0,83,2022,Round 5,2022-04-17,10587
Fremantle,James Aish,6,11,13,81.2,0,0,0,1,0,0,2,1,125,3,3,0,61,2022,Round 5,2022-04-17,10587
Fremantle,Michael Walters,7,8,8,53.3,0,1,3,0,0,0,0,5,195,6,2,1,89,2022,Round 5,2022-04-17,10587
Fremantle,Travis Colyer,3,12,11,73.3,0,2,0,0,1,0,0,7,339,2,1,0,86,2022,Round 5,2022-04-17,10587
Fremantle,Heath Chapman,2,14,13,86.7,1,0,0,2,0,0,0,2,114,3,4,0,82,2022,Round 5,2022-04-17,10587
Fremantle,Alex Pearce,7,7,13,92.9,1,0,0,6,0,0,0,0,169,1,7,0,86,2022,Round 5,2022-04-17,10587
Fremantle,Brandon Walker,5,9,9,64.3,0,0,0,1,0,0,1,2,206,2,4,0,79,2022,Round 5,2022-04-17,10587
Fremantle,Minairo Frederick,4,8,10,76.9,0,3,0,1,3,0,0,6,277,3,2,1,85,2022,Round 5,2022-04-17,10587
Fremantle,Rory Lobb,9,5,10,83.3,1,0,1,5,0,3,0,5,134,3,3,3,100,2022,Round 5,2022-04-17,10587
Fremantle,Matthew Taberner,3,8,11,100.0,1,1,3,0,0,0,0,8,258,0,0,0,85,2022,Round 5,2022-04-17,10587
Fremantle,Bailey Banfield,5,5,4,40.0,1,0,1,1,0,0,0,5,231,4,4,0,85,2022,Round 5,2022-04-17,10587
Fremantle,Sam Switkowski,4,6,7,77.8,0,1,3,0,0,0,1,5,134,1,3,2,81,2022,Round 5,2022-04-17,10587
Hawthorn,Tom Mitchell,21,12,25,75.8,0,1,0,2,1,2,7,8,384,7,7,0,80,2022,Round 5,2022-04-18,10588
Hawthorn,Jai Newcombe,9,23,19,61.3,0,1,0,1,0,1,1,5,653,8,6,1,84,2022,Round 5,2022-04-18,10588
Hawthorn,James Sicily,4,18,23,88.5,2,0,0,3,0,0,0,3,486,1,7,0,90,2022,Round 5,2022-04-18,10588
Hawthorn,Jack Scrimshaw,7,16,20,83.3,0,0,0,3,1,0,1,0,298,3,8,0,84,2022,Round 5,2022-04-18,10588
Hawthorn,Harry Morrison,7,14,12,57.1,0,0,0,0,0,1,1,5,370,5,2,1,79,2022,Round 5,2022-04-18,10588
Hawthorn,Jarman Impey,5,15,17,85.0,0,0,0,0,1,0,0,4,212,0,5,0,78,2022,Round 5,2022-04-18,10588
Hawthorn,Changkuoth Jiath,8,11,18,94.7,1,0,0,4,1,1,0,2,222,2,7,0,88,2022,Round 5,2022-04-18,10588
Hawthorn,Dylan Moore,7,12,12,63.2,0,0,0,2,0,0,1,9,320,5,2,4,86,2022,Round 5,2022-04-18,10588
Hawthorn,Blake Hardwick,2,11,14,77.8,0,0,0,3,0,0,0,1,485,3,3,0,93,2022,Round 5,2022-04-18,10588
Hawthorn,Josh Ward,9,10,15,83.3,0,0,0,0,0,3,2,6,196,4,2,1,74,2022,Round 5,2022-04-18,10588
Hawthorn,Mitchell Lewis,4,11,11,68.8,0,0,3,1,0,0,0,7,208,3,2,0,97,2022,Round 5,2022-04-18,10588
Hawthorn,Connor Macdonald,9,7,12,75.0,0,1,0,1,0,0,0,4,271,4,0,0,82,2022,Round 5,2022-04-18,10588
Hawthorn,Luke Breust,6,9,9,60.0,0,2,1,3,0,0,0,7,275,5,1,0,85,2022,Round 5,2022-04-18,10588
Hawthorn,Jaeger O Meara,11,5,9,60.0,0,1,1,0,0,3,2,5,194,5,0,0,80,2022,Round 5,2022-04-18,10588
Hawthorn,Sam Frost,8,7,9,60.0,1,0,0,7,0,0,0,2,269,2,9,0,96,2022,Round 5,2022-04-18,10588
Hawthorn,James Worpel,7,7,6,42.9,0,0,0,1,0,0,2,3,252,4,1,1,55,2022,Round 5,2022-04-18,10588
Hawthorn,Liam Shiels,4,8,10,76.9,0,0,0,3,0,0,2,3,189,1,2,2,76,2022,Round 5,2022-04-18,10588
Hawthorn,Jack Gunston,8,4,9,81.8,1,1,0,1,0,0,0,6,255,1,1,5,92,2022,Round 5,2022-04-18,10588
Hawthorn,Conor Nash,7,3,6,60.0,0,0,0,1,0,1,3,5,99,2,2,0,66,2022,Round 5,2022-04-18,10588
Hawthorn,Tom Phillips,3,6,8,88.9,0,1,0,1,0,0,0,3,66,0,2,0,76,2022,Round 5,2022-04-18,10588
Hawthorn,Jacob Koschitzke,1,5,3,50.0,0,0,0,2,0,0,0,2,121,2,0,0,68,2022,Round 5,2022-04-18,10588
Hawthorn,Denver Grainger Barras,4,2,3,60.0,0,0,0,4,0,0,1,0,0,2,2,0,71,2022,Round 5,2022-04-18,10588
Hawthorn,Ned Reeves,1,1,2,100.0,0,0,0,2,0,1,0,3,69,0,0,0,21,2022,Round 5,2022-04-18,10588
Geelong,Thomas Stewart,5,20,24,88.9,1,0,0,7,2,0,0,4,492,4,9,0,87,2022,Round 5,2022-04-18,10588
Geelong,Joel Selwood,17,12,23,88.5,0,0,0,4,0,3,4,7,562,3,5,0,71,2022,Round 5,2022-04-18,10588
Geelong,Mitchell Duncan,9,17,21,84.0,0,1,0,1,1,0,3,12,390,5,5,0,88,2022,Round 5,2022-04-18,10588
Geelong,Isaac Smith,1,23,15,65.2,0,1,1,2,0,0,0,7,559,4,1,1,81,2022,Round 5,2022-04-18,10588
Geelong,Zach Tuohy,10,9,14,63.6,1,0,0,3,1,0,0,3,634,7,10,0,91,2022,Round 5,2022-04-18,10588
Geelong,Cameron Guthrie,9,11,15,75.0,0,0,0,3,0,0,2,4,99,2,6,1,62,2022,Round 5,2022-04-18,10588
Geelong,Brandan Parfitt,5,12,12,60.0,0,1,2,0,0,1,2,8,283,6,2,1,69,2022,Round 5,2022-04-18,10588
Geelong,Patrick Dangerfield,9,6,12,70.6,2,1,3,1,0,4,3,4,186,2,0,2,84,2022,Round 5,2022-04-18,10588
Geelong,Tom Atkins,6,9,15,93.8,0,0,0,3,0,0,2,0,260,3,5,0,83,2022,Round 5,2022-04-18,10588
Geelong,Gryan Miers,3,15,9,56.2,0,1,0,0,0,0,0,3,274,3,2,0,81,2022,Round 5,2022-04-18,10588
Geelong,Tyson Stengle,3,10,9,60.0,0,0,2,0,0,0,0,6,281,2,1,2,79,2022,Round 5,2022-04-18,10588
Geelong,Max Holmes,3,11,11,73.3,0,1,0,0,1,0,1,3,188,2,1,0,81,2022,Round 5,2022-04-18,10588
Geelong,Jeremy Cameron,6,8,8,57.1,1,0,5,2,0,0,0,7,291,5,2,1,96,2022,Round 5,2022-04-18,10588
Geelong,Rhys Stanley,7,5,7,53.8,2,1,0,6,0,4,1,5,304,7,0,0,82,2022,Round 5,2022-04-18,10588
Geelong,Mark Blicavs,6,6,11,84.6,1,1,1,5,0,1,2,3,164,2,5,0,93,2022,Round 5,2022-04-18,10588
Geelong,Luke Dahlhaus,3,6,5,50.0,0,0,0,0,0,0,0,4,-24,5,1,0,62,2022,Round 5,2022-04-18,10588
Geelong,Mark O Connor,7,4,7,70.0,0,0,0,2,0,0,3,2,132,2,2,1,73,2022,Round 5,2022-04-18,10588
Geelong,Bradley Close,7,2,6,60.0,0,0,0,1,0,0,1,4,30,3,2,3,81,2022,Round 5,2022-04-18,10588
Geelong,Tom Hawkins,3,7,6,66.7,0,0,4,1,0,0,0,9,201,0,0,0,96,2022,Round 5,2022-04-18,10588
Geelong,Sam De Koning,3,7,7,77.8,1,0,0,8,0,0,0,2,88,2,4,0,97,2022,Round 5,2022-04-18,10588
Geelong,Jed Bews,0,6,7,87.5,0,0,0,1,0,0,0,2,149,1,2,1,75,2022,Round 5,2022-04-18,10588
Geelong,Jack Henry,2,7,7,87.5,0,0,0,8,0,0,0,5,95,0,3,0,68,2022,Round 5,2022-04-18,10588
Geelong,Jake Kolodjashnij,2,3,5,100.0,1,0,0,3,0,0,0,0,91,0,2,0,20,2022,Round 5,2022-04-18,10588
Greater Western Sydney,Joshua Kelly,8,21,18,60.0,0,0,0,1,0,1,2,6,610,6,3,0,89,2022,Round 6,2022-04-22,10589
Greater Western Sydney,Tom Green,16,12,18,72.0,0,0,0,1,0,3,6,4,248,3,0,2,84,2022,Round 6,2022-04-22,10589
Greater Western Sydney,Adam Kennedy,9,14,19,79.2,0,0,0,1,0,0,2,6,507,3,8,0,80,2022,Round 6,2022-04-22,10589
Greater Western Sydney,Isaac Cumming,2,10,20,90.9,0,0,0,1,0,0,1,3,457,5,2,0,86,2022,Round 6,2022-04-22,10589
Greater Western Sydney,Callan Ward,6,15,19,90.5,2,0,0,1,0,1,1,7,360,1,4,0,83,2022,Round 6,2022-04-22,10589
Greater Western Sydney,Stephen Coniglio,12,7,15,71.4,0,0,0,2,1,0,7,4,141,0,0,2,77,2022,Round 6,2022-04-22,10589
Greater Western Sydney,Nick Haynes,5,15,18,85.7,1,0,0,8,0,0,0,3,523,4,8,0,87,2022,Round 6,2022-04-22,10589
Greater Western Sydney,Lachie Whitfield,4,15,13,65.0,0,0,0,3,0,1,4,3,411,5,0,2,86,2022,Round 6,2022-04-22,10589
Greater Western Sydney,Tim Taranto,9,10,10,52.6,0,0,0,0,0,1,1,3,247,1,1,0,83,2022,Round 6,2022-04-22,10589
Greater Western Sydney,Harry Perryman,10,8,8,44.4,0,0,0,1,0,0,1,1,220,6,5,0,77,2022,Round 6,2022-04-22,10589
Greater Western Sydney,Finn Callaghan,7,11,15,83.3,0,0,0,1,0,0,1,3,264,3,6,1,79,2022,Round 6,2022-04-22,10589
Greater Western Sydney,Toby Greene,6,8,7,50.0,0,0,2,0,0,0,0,7,198,2,2,1,91,2022,Round 6,2022-04-22,10589
Greater Western Sydney,Connor Idun,9,6,8,57.1,0,1,0,2,0,0,1,5,168,4,3,0,82,2022,Round 6,2022-04-22,10589
Greater Western Sydney,Braydon Preuss,12,2,5,38.5,4,0,0,1,0,0,4,7,349,5,1,1,74,2022,Round 6,2022-04-22,10589
Greater Western Sydney,Lachlan Ash,4,7,10,76.9,0,0,0,0,0,1,1,3,236,2,3,0,81,2022,Round 6,2022-04-22,10589
Greater Western Sydney,Sam Taylor,3,7,8,66.7,0,0,0,15,0,0,0,0,262,3,6,0,95,2022,Round 6,2022-04-22,10589
Greater Western Sydney,Tanner Bruhn,8,4,7,58.3,0,0,0,0,0,1,1,0,84,1,2,1,61,2022,Round 6,2022-04-22,10589
Greater Western Sydney,Harrison Himmelberg,5,8,5,55.6,0,0,1,4,0,0,0,5,206,4,1,6,95,2022,Round 6,2022-04-22,10589
Greater Western Sydney,Matthew Flynn,10,0,7,77.8,4,0,2,3,0,0,2,5,78,0,2,0,85,2022,Round 6,2022-04-22,10589
Greater Western Sydney,Ian Hill,3,3,1,16.7,1,0,1,4,0,0,2,2,128,4,0,1,56,2022,Round 6,2022-04-22,10589
Greater Western Sydney,Lachlan Keeffe,5,0,3,60.0,0,1,0,4,0,0,0,2,99,2,5,0,94,2022,Round 6,2022-04-22,10589
Greater Western Sydney,Jake Stein,4,2,4,80.0,0,0,0,1,0,0,0,1,94,2,2,0,77,2022,Round 6,2022-04-22,10589
St Kilda,Jack Steele,16,13,19,65.5,0,1,0,1,0,2,2,6,501,4,4,1,89,2022,Round 6,2022-04-22,10589
St Kilda,Jack Sinclair,8,16,22,88.0,0,0,0,3,0,0,2,5,523,5,5,0,83,2022,Round 6,2022-04-22,10589
St Kilda,Sebastian Ross,12,12,20,83.3,0,1,0,0,0,1,6,9,324,2,4,0,84,2022,Round 6,2022-04-22,10589
St Kilda,Brad Crouch,12,11,14,60.9,0,1,0,1,0,1,3,7,257,4,2,1,89,2022,Round 6,2022-04-22,10589
St Kilda,Josh Battle,8,14,16,69.6,1,0,0,3,0,2,1,4,580,2,5,0,87,2022,Round 6,2022-04-22,10589
St Kilda,Jade Gresham,4,17,10,52.6,1,0,1,0,0,0,0,7,520,5,1,2,86,2022,Round 6,2022-04-22,10589
St Kilda,Jack Higgins,8,11,12,66.7,0,1,4,1,0,0,0,10,427,3,3,1,81,2022,Round 6,2022-04-22,10589
St Kilda,Daniel Mckenzie,9,11,10,62.5,0,0,0,2,0,0,4,4,323,3,5,0,82,2022,Round 6,2022-04-22,10589
St Kilda,Rowan Marshall,10,6,11,73.3,1,0,0,3,0,2,3,2,352,6,3,0,61,2022,Round 6,2022-04-22,10589
St Kilda,Ben Long,5,10,11,78.6,0,0,0,3,0,0,1,4,132,3,7,0,76,2022,Round 6,2022-04-22,10589
St Kilda,Ben Paton,6,7,11,84.6,0,0,0,0,0,0,1,4,176,3,5,0,86,2022,Round 6,2022-04-22,10589
St Kilda,Callum Wilkie,4,10,9,69.2,1,0,0,12,0,0,0,1,142,3,5,1,99,2022,Round 6,2022-04-22,10589
St Kilda,Tim Membrey,5,7,10,83.3,1,1,0,2,1,0,0,3,325,2,2,0,89,2022,Round 6,2022-04-22,10589
St Kilda,Dougal Howard,5,6,11,100.0,1,0,0,17,0,0,0,1,278,1,7,0,100,2022,Round 6,2022-04-22,10589
St Kilda,Max King 1,5,7,3,27.3,3,0,6,2,0,0,0,9,272,3,0,1,95,2022,Round 6,2022-04-22,10589
St Kilda,Nasiah Wanganeen Milera,3,9,7,63.6,0,0,0,1,0,0,2,2,243,3,1,1,70,2022,Round 6,2022-04-22,10589
St Kilda,Bradley Hill,4,7,7,70.0,0,0,0,1,2,1,0,3,201,2,0,0,90,2022,Round 6,2022-04-22,10589
St Kilda,Jimmy Webster,2,5,7,77.8,0,0,0,0,0,0,0,1,195,3,3,0,80,2022,Round 6,2022-04-22,10589
St Kilda,Mason Wood,4,5,5,55.6,0,0,0,1,0,0,0,1,189,2,2,0,61,2022,Round 6,2022-04-22,10589
St Kilda,Marcus Windhager,2,8,6,66.7,0,0,0,1,0,0,0,1,106,2,1,1,64,2022,Round 6,2022-04-22,10589
St Kilda,Daniel Butler,1,5,4,66.7,0,0,0,0,0,0,0,1,112,2,0,2,86,2022,Round 6,2022-04-22,10589
St Kilda,Jarrod Lienert,4,1,5,83.3,0,0,0,3,0,0,2,0,136,1,1,0,49,2022,Round 6,2022-04-22,10589
St Kilda,Jack Hayes,1,1,1,50.0,1,0,2,0,0,0,0,2,78,0,0,0,11,2022,Round 6,2022-04-22,10589
Western Bulldogs,Thomas Liberatore,19,16,21,63.6,0,0,0,3,0,3,6,5,522,8,5,0,79,2022,Round 6,2022-04-23,10590
Western Bulldogs,Bailey Dale,6,18,24,75.0,0,0,0,5,0,0,0,2,788,11,7,0,81,2022,Round 6,2022-04-23,10590
Western Bulldogs,Bailey Smith,6,23,19,65.5,0,2,0,0,0,0,3,6,631,10,1,0,92,2022,Round 6,2022-04-23,10590
Western Bulldogs,Josh Dunkley,16,14,22,78.6,1,0,1,1,0,1,5,8,251,6,5,2,81,2022,Round 6,2022-04-23,10590
Western Bulldogs,Jackson Macrae,9,17,20,76.9,0,1,1,2,0,0,6,3,250,2,1,0,80,2022,Round 6,2022-04-23,10590
Western Bulldogs,Adam Treloar,10,11,15,68.2,0,0,0,1,0,1,2,6,220,2,2,0,86,2022,Round 6,2022-04-23,10590
Western Bulldogs,Caleb Daniel,5,11,18,85.7,0,0,0,2,0,0,1,3,369,2,3,0,82,2022,Round 6,2022-04-23,10590
Western Bulldogs,Taylor Duryea,5,11,15,93.8,0,0,1,0,1,0,0,3,372,3,7,0,83,2022,Round 6,2022-04-23,10590
Western Bulldogs,Marcus Bontempelli,9,8,11,68.8,0,2,0,2,0,2,3,6,201,1,2,1,89,2022,Round 6,2022-04-23,10590
Western Bulldogs,Ryan Gardner,7,8,13,81.2,0,0,0,10,0,0,1,3,396,6,7,0,100,2022,Round 6,2022-04-23,10590
Western Bulldogs,Stefan Martin,6,7,12,85.7,1,0,0,0,0,1,3,2,-16,0,1,0,67,2022,Round 6,2022-04-23,10590
Western Bulldogs,Anthony Scott,5,10,9,64.3,1,0,0,1,0,0,4,3,256,2,1,0,75,2022,Round 6,2022-04-23,10590
Western Bulldogs,Bailey Williams,5,7,12,92.3,3,0,0,3,0,0,1,4,139,1,3,0,71,2022,Round 6,2022-04-23,10590
Western Bulldogs,Ed Richards,9,5,12,92.3,0,0,0,5,0,0,1,3,220,2,6,0,81,2022,Round 6,2022-04-23,10590
Western Bulldogs,Josh Schache,2,8,9,75.0,0,0,1,4,0,0,0,3,236,1,3,0,82,2022,Round 6,2022-04-23,10590
Western Bulldogs,Robbie Mccomb,4,8,4,36.4,0,0,0,1,0,0,0,2,142,4,2,2,80,2022,Round 6,2022-04-23,10590
Western Bulldogs,Tim O Brien,5,6,9,90.0,4,0,0,8,0,0,0,2,143,4,7,0,92,2022,Round 6,2022-04-23,10590
Western Bulldogs,Cody Weightman,3,7,4,40.0,1,0,0,2,0,0,0,1,179,4,1,1,77,2022,Round 6,2022-04-23,10590
Western Bulldogs,Lachlan Mcneil,5,4,6,60.0,0,0,0,0,0,0,0,3,132,3,1,1,77,2022,Round 6,2022-04-23,10590
Western Bulldogs,Aaron Naughton,4,5,8,100.0,0,0,2,2,0,0,0,4,126,0,1,3,89,2022,Round 6,2022-04-23,10590
Western Bulldogs,Zaine Cordy,3,4,6,85.7,0,0,0,6,0,0,0,2,123,1,1,0,73,2022,Round 6,2022-04-23,10590
Western Bulldogs,Jamarra Ugle Hagan,2,4,2,33.3,1,0,2,0,0,0,0,1,200,3,0,0,82,2022,Round 6,2022-04-23,10590
Adelaide,Ben Keays,16,16,21,63.6,0,1,0,3,0,1,7,9,624,4,2,2,87,2022,Round 6,2022-04-23,10590
Adelaide,Rory Laird,16,15,24,80.0,0,0,0,0,0,3,5,7,249,3,5,2,77,2022,Round 6,2022-04-23,10590
Adelaide,Billy Frampton,6,16,23,88.5,2,0,0,5,0,0,0,4,502,6,10,0,94,2022,Round 6,2022-04-23,10590
Adelaide,Matt Crouch,8,18,18,72.0,0,0,0,0,0,1,0,5,313,4,2,0,74,2022,Round 6,2022-04-23,10590
Adelaide,Taylor Walker,10,11,12,63.2,1,0,3,3,0,0,1,9,282,8,2,1,91,2022,Round 6,2022-04-23,10590
Adelaide,Lachlan Sholl,4,16,12,63.2,0,0,0,1,0,0,1,2,361,3,3,1,89,2022,Round 6,2022-04-23,10590
Adelaide,Brodie Smith,5,14,13,72.2,0,0,0,2,0,0,2,3,560,4,4,1,74,2022,Round 6,2022-04-23,10590
Adelaide,Jordan Dawson,5,11,14,77.8,1,0,0,3,0,0,1,2,452,4,5,0,87,2022,Round 6,2022-04-23,10590
Adelaide,Chayce Jones,5,10,14,77.8,1,0,0,2,0,0,1,2,334,4,7,0,89,2022,Round 6,2022-04-23,10590
Adelaide,Reilly O Brien,14,4,13,76.5,3,0,0,4,0,2,4,6,42,1,2,1,92,2022,Round 6,2022-04-23,10590
Adelaide,Lachlan Murphy,9,7,9,56.2,0,1,0,1,2,0,3,4,350,1,1,0,83,2022,Round 6,2022-04-23,10590
Adelaide,Sam Berry,7,10,10,66.7,0,0,0,5,0,1,1,4,267,2,2,0,64,2022,Round 6,2022-04-23,10590
Adelaide,Luke Brown,5,9,12,85.7,0,0,0,2,0,0,0,1,29,1,6,0,84,2022,Round 6,2022-04-23,10590
Adelaide,Tom Doedee,4,9,11,78.6,2,0,0,7,0,0,0,4,172,3,7,0,95,2022,Round 6,2022-04-23,10590
Adelaide,Jackson Hately,5,9,6,46.2,0,0,1,0,0,0,1,4,218,4,2,1,62,2022,Round 6,2022-04-23,10590
Adelaide,Shane Mcadam,5,7,8,66.7,2,0,5,0,0,0,0,5,115,3,2,1,72,2022,Round 6,2022-04-23,10590
Adelaide,Edward Mchenry,5,7,9,75.0,0,1,1,1,0,0,0,6,290,1,1,2,81,2022,Round 6,2022-04-23,10590
Adelaide,Brayden Cook,5,6,10,83.3,0,0,0,0,0,0,2,1,157,0,4,0,85,2022,Round 6,2022-04-23,10590
Adelaide,Jordon Butts,5,5,9,90.0,2,0,0,3,0,0,0,2,157,3,6,0,89,2022,Round 6,2022-04-23,10590
Adelaide,Josh Rachele,5,4,3,33.3,1,0,3,1,1,0,1,5,241,2,0,1,84,2022,Round 6,2022-04-23,10590
Adelaide,Elliot Himmelberg,4,5,6,75.0,1,0,0,5,0,0,1,4,88,2,1,1,83,2022,Round 6,2022-04-23,10590
Adelaide,Lachlan Gollant,1,5,4,66.7,0,1,3,0,0,0,0,4,204,3,2,0,64,2022,Round 6,2022-04-23,10590
Port Adelaide,Travis Boak,13,21,25,73.5,0,2,1,1,0,5,4,8,315,4,3,0,84,2022,Round 6,2022-04-23,10591
Port Adelaide,Oliver Wines,13,22,20,60.6,0,0,0,2,0,2,4,6,668,7,3,0,74,2022,Round 6,2022-04-23,10591
Port Adelaide,Dan Houston,14,17,22,66.7,2,0,0,4,0,2,1,4,457,6,11,1,75,2022,Round 6,2022-04-23,10591
Port Adelaide,Connor Rozee,15,17,26,83.9,0,2,0,1,0,4,4,7,308,3,3,1,83,2022,Round 6,2022-04-23,10591
Port Adelaide,Willem Drew,13,14,22,84.6,0,2,1,3,0,1,5,9,156,4,2,3,73,2022,Round 6,2022-04-23,10591
Port Adelaide,Karl Amon,5,18,17,68.0,0,0,1,2,0,1,1,6,644,8,3,0,84,2022,Round 6,2022-04-23,10591
Port Adelaide,Darcy Byrne Jones,7,14,15,71.4,0,0,0,1,0,0,0,4,177,3,7,0,78,2022,Round 6,2022-04-23,10591
Port Adelaide,Jeremy Finlayson,8,10,13,68.4,1,2,4,1,0,0,0,11,295,2,2,3,80,2022,Round 6,2022-04-23,10591
Port Adelaide,Ryan Burton,3,12,13,68.4,0,0,0,1,1,0,1,5,413,7,4,0,86,2022,Round 6,2022-04-23,10591
Port Adelaide,Riley Bonner,0,16,17,89.5,0,0,0,1,0,0,0,5,556,4,0,0,82,2022,Round 6,2022-04-23,10591
Port Adelaide,Sam Powell Pepper,2,15,11,64.7,1,1,3,0,0,0,0,5,439,3,1,6,81,2022,Round 6,2022-04-23,10591
Port Adelaide,Kane Farrell,4,14,13,76.5,0,1,0,3,0,0,2,5,451,2,3,1,82,2022,Round 6,2022-04-23,10591
Port Adelaide,Mitch Georgiades,6,12,12,70.6,2,0,3,2,0,0,0,7,260,4,1,2,84,2022,Round 6,2022-04-23,10591
Port Adelaide,Todd Marshall,5,9,12,85.7,2,0,5,2,0,0,0,7,343,1,1,5,79,2022,Round 6,2022-04-23,10591
Port Adelaide,Trent Dumont,5,8,13,100.0,0,1,0,3,0,0,2,2,77,1,3,1,79,2022,Round 6,2022-04-23,10591
Port Adelaide,Thomas Jonas,6,5,10,90.9,0,0,0,4,0,0,1,5,77,1,6,0,95,2022,Round 6,2022-04-23,10591
Port Adelaide,Sam Hayes,7,5,8,72.7,0,0,0,1,0,0,1,4,44,1,0,0,83,2022,Round 6,2022-04-23,10591
Port Adelaide,Zak Butters,7,4,9,81.8,0,1,0,0,0,1,2,2,105,1,1,0,67,2022,Round 6,2022-04-23,10591
Port Adelaide,Steven Motlop,5,7,9,90.0,1,2,1,1,0,0,0,6,159,2,2,4,78,2022,Round 6,2022-04-23,10591
Port Adelaide,Tom Clurey,3,6,9,100.0,1,0,0,5,1,0,0,2,48,0,5,0,98,2022,Round 6,2022-04-23,10591
Port Adelaide,Aliir Aliir,2,4,6,100.0,0,0,0,8,0,0,1,0,117,0,4,0,84,2022,Round 6,2022-04-23,10591
Port Adelaide,Lachlan Jones,2,2,2,50.0,0,0,0,1,0,0,0,2,59,2,1,0,34,2022,Round 6,2022-04-23,10591
Port Adelaide,Robert Gray,2,1,2,66.7,0,0,0,0,0,0,0,1,18,0,1,1,56,2022,Round 6,2022-04-23,10591
West Coast,Alex Witherden,9,16,28,82.4,0,0,0,1,0,0,1,2,702,6,9,0,91,2022,Round 6,2022-04-23,10591
West Coast,Tim Kelly,12,18,18,58.1,0,0,1,1,2,2,4,6,531,10,4,0,83,2022,Round 6,2022-04-23,10591
West Coast,Shannon Hurn,3,18,19,79.2,1,0,0,3,0,0,0,1,324,4,4,0,78,2022,Round 6,2022-04-23,10591
West Coast,Luke Shuey,11,13,18,81.8,0,0,0,1,2,1,5,1,274,3,4,0,71,2022,Round 6,2022-04-23,10591
West Coast,Patrick Naish,1,19,17,85.0,0,0,0,0,0,0,0,3,355,6,1,0,85,2022,Round 6,2022-04-23,10591
West Coast,Tom Barrass,10,8,11,64.7,2,0,0,5,0,0,4,0,199,3,10,0,82,2022,Round 6,2022-04-23,10591
West Coast,Liam Duggan,4,13,13,76.5,0,0,0,0,0,0,1,2,317,1,2,0,78,2022,Round 6,2022-04-23,10591
West Coast,Connor West,7,10,12,70.6,1,0,0,0,0,0,3,2,299,5,2,0,76,2022,Round 6,2022-04-23,10591
West Coast,Jack Darling,7,7,9,64.3,2,1,2,4,0,0,0,5,159,3,1,0,97,2022,Round 6,2022-04-23,10591
West Coast,Jackson Nelson,5,8,10,71.4,0,0,0,2,0,0,1,0,72,0,6,0,93,2022,Round 6,2022-04-23,10591
West Coast,Xavier O Neill,5,8,9,64.3,0,0,0,0,0,0,2,0,117,3,2,0,81,2022,Round 6,2022-04-23,10591
West Coast,Jack Redden,5,7,10,83.3,1,0,0,1,0,0,2,1,123,1,3,0,83,2022,Round 6,2022-04-23,10591
West Coast,Jake Waterman,4,8,8,66.7,0,0,0,2,0,0,0,2,132,4,3,1,82,2022,Round 6,2022-04-23,10591
West Coast,Luke Strnadica,2,9,9,81.8,1,1,0,0,0,0,0,3,172,4,0,0,79,2022,Round 6,2022-04-23,10591
West Coast,Jamie Cripps,3,7,4,44.4,0,0,1,3,0,0,0,3,168,2,2,0,80,2022,Round 6,2022-04-23,10591
West Coast,Liam Ryan,2,6,6,66.7,0,2,1,1,0,0,1,5,148,2,0,0,75,2022,Round 6,2022-04-23,10591
West Coast,Bailey Williams 1,2,8,2,22.2,1,0,1,0,0,0,0,0,178,2,2,0,73,2022,Round 6,2022-04-23,10591
West Coast,Harry Edwards,3,6,8,88.9,1,0,0,4,0,0,0,1,128,1,3,0,95,2022,Round 6,2022-04-23,10591
West Coast,Willie Rioli,6,2,6,75.0,0,0,0,2,0,1,4,0,50,1,1,0,75,2022,Round 6,2022-04-23,10591
West Coast,Joshua Kennedy,2,5,3,42.9,1,0,2,1,0,0,0,4,150,3,1,0,80,2022,Round 6,2022-04-23,10591
West Coast,Luke Foley,3,3,6,85.7,0,0,0,1,0,0,0,0,68,0,5,0,82,2022,Round 6,2022-04-23,10591
West Coast,Zac Giles Langdon,4,2,3,50.0,0,0,0,0,0,0,0,2,64,1,0,1,49,2022,Round 6,2022-04-23,10591
West Coast,Elliot Yeo,3,1,3,75.0,0,0,0,0,0,1,0,0,48,0,1,1,29,2022,Round 6,2022-04-23,10591
Fremantle,Will Brodie,11,17,25,92.6,1,0,0,1,0,2,3,6,350,3,3,0,74,2022,Round 6,2022-04-23,10592
Fremantle,Andrew Brayshaw,11,15,22,81.5,0,1,0,1,0,3,4,9,330,3,5,1,72,2022,Round 6,2022-04-23,10592
Fremantle,Caleb Serong,9,16,21,84.0,0,0,0,0,0,1,3,4,327,4,1,0,73,2022,Round 6,2022-04-23,10592
Fremantle,Luke Ryan,3,13,21,91.3,1,0,0,6,0,0,0,2,583,4,6,0,84,2022,Round 6,2022-04-23,10592
Fremantle,David Mundy,13,10,18,81.8,0,0,0,2,0,2,5,4,188,5,3,1,71,2022,Round 6,2022-04-23,10592
Fremantle,Jordan Clark,5,17,20,90.9,0,1,0,2,1,0,0,4,317,3,6,0,90,2022,Round 6,2022-04-23,10592
Fremantle,Blake Acres,5,15,15,71.4,1,0,0,3,0,0,1,6,561,5,4,0,84,2022,Round 6,2022-04-23,10592
Fremantle,Sam Switkowski,11,7,13,68.4,0,1,1,1,0,0,2,6,329,1,4,0,75,2022,Round 6,2022-04-23,10592
Fremantle,Brennan Cox,4,13,17,100.0,4,0,0,5,0,0,0,5,290,1,4,0,89,2022,Round 6,2022-04-23,10592
Fremantle,Brandon Walker,5,12,13,76.5,0,0,0,4,0,0,0,6,99,2,5,0,84,2022,Round 6,2022-04-23,10592
Fremantle,Lachlan Schultz,3,14,13,81.2,0,1,3,0,0,0,0,9,387,1,2,1,86,2022,Round 6,2022-04-23,10592
Fremantle,Travis Colyer,4,9,13,92.9,0,1,1,0,0,0,0,5,217,0,2,0,85,2022,Round 6,2022-04-23,10592
Fremantle,Rory Lobb,8,7,8,57.1,3,2,4,6,0,0,0,9,264,3,1,0,96,2022,Round 6,2022-04-23,10592
Fremantle,Darcy Tucker,6,8,11,78.6,1,0,0,1,0,0,1,3,140,5,1,0,72,2022,Round 6,2022-04-23,10592
Fremantle,Nathan O Driscoll,0,12,9,69.2,0,0,0,2,2,0,0,4,265,2,1,1,70,2022,Round 6,2022-04-23,10592
Fremantle,Griffin Logue,4,8,11,91.7,2,0,0,12,0,0,0,2,144,0,4,0,86,2022,Round 6,2022-04-23,10592
Fremantle,Sean Darcy,7,4,8,66.7,2,1,2,1,0,2,1,7,161,2,4,1,63,2022,Round 6,2022-04-23,10592
Fremantle,Matthew Taberner,5,5,7,63.6,0,1,0,0,0,0,0,6,168,2,0,0,93,2022,Round 6,2022-04-23,10592
Fremantle,James Aish,2,9,8,72.7,0,0,0,0,0,0,0,2,242,2,2,0,76,2022,Round 6,2022-04-23,10592
Fremantle,Michael Walters,7,6,7,70.0,0,1,0,2,0,0,3,5,136,2,0,3,84,2022,Round 6,2022-04-23,10592
Fremantle,Alex Pearce,4,5,6,66.7,0,0,0,1,0,0,0,1,87,3,6,0,91,2022,Round 6,2022-04-23,10592
Fremantle,Minairo Frederick,1,3,2,100.0,0,0,0,1,0,0,0,2,44,2,0,1,85,2022,Round 6,2022-04-23,10592
Fremantle,Bailey Banfield,0,0,0,0.0,0,0,0,0,0,0,0,0,0,0,0,0,18,2022,Round 6,2022-04-23,10592
Carlton,Sam Walsh,9,27,23,63.9,0,0,0,2,0,1,2,8,342,7,1,0,79,2022,Round 6,2022-04-23,10592
Carlton,Sam Docherty,6,24,27,84.4,0,0,0,4,0,0,1,3,478,5,6,0,86,2022,Round 6,2022-04-23,10592
Carlton,Patrick Cripps,19,15,26,81.2,0,0,2,0,0,2,6,7,251,4,3,0,82,2022,Round 6,2022-04-23,10592
Carlton,Adam Cerra,17,17,26,81.2,0,0,0,2,0,4,3,5,293,4,5,0,80,2022,Round 6,2022-04-23,10592
Carlton,George Hewett,12,17,25,83.3,0,2,0,0,1,4,2,7,421,6,1,1,76,2022,Round 6,2022-04-23,10592
Carlton,Adam Saad,5,17,20,87.0,1,0,0,4,3,0,1,2,369,4,7,0,82,2022,Round 6,2022-04-23,10592
Carlton,Nic Newman,1,19,18,81.8,0,0,0,4,1,0,0,2,317,3,1,0,81,2022,Round 6,2022-04-23,10592
Carlton,Jacob Weitering,7,14,20,95.2,1,0,0,14,0,0,0,3,420,2,9,0,100,2022,Round 6,2022-04-23,10592
Carlton,Lewis Young,4,15,17,89.5,1,0,1,4,0,0,0,3,247,2,7,0,94,2022,Round 6,2022-04-23,10592
Carlton,Zachary Williams,5,10,12,70.6,0,0,0,5,1,1,2,4,469,5,1,0,82,2022,Round 6,2022-04-23,10592
Carlton,Tom De Koning,11,7,12,70.6,3,0,0,7,0,2,3,7,131,1,3,0,83,2022,Round 6,2022-04-23,10592
Carlton,Jack Newnes,1,14,10,66.7,0,0,0,0,0,0,0,5,331,3,0,0,81,2022,Round 6,2022-04-23,10592
Carlton,Matt Cottrell,3,11,12,85.7,0,0,0,1,0,0,0,3,56,2,2,0,81,2022,Round 6,2022-04-23,10592
Carlton,Jack Martin,6,3,6,66.7,1,2,1,0,0,0,0,4,137,2,0,3,77,2022,Round 6,2022-04-23,10592
Carlton,Will Setterfield,1,8,5,55.6,0,1,0,3,0,0,0,2,119,3,1,0,82,2022,Round 6,2022-04-23,10592
Carlton,Zac Fisher,1,9,4,44.4,0,0,0,0,1,0,0,1,28,4,0,1,82,2022,Round 6,2022-04-23,10592
Carlton,Matt Owies,3,6,5,55.6,0,0,0,0,0,0,1,3,131,2,2,2,71,2022,Round 6,2022-04-23,10592
Carlton,Luke Parks,4,5,9,100.0,0,0,0,7,0,0,0,2,-2,0,4,0,82,2022,Round 6,2022-04-23,10592
Carlton,Jordan Boyd,2,6,7,87.5,0,0,0,5,0,0,0,3,113,2,0,0,55,2022,Round 6,2022-04-23,10592
Carlton,Charlie Curnow,6,3,6,85.7,4,1,3,2,0,0,0,5,271,1,1,0,96,2022,Round 6,2022-04-23,10592
Carlton,Corey Durdin,0,5,2,40.0,0,0,0,0,0,0,0,2,99,1,0,1,74,2022,Round 6,2022-04-23,10592
Carlton,Marc Pittonet,3,0,1,33.3,1,0,0,0,0,0,1,0,12,1,0,1,7,2022,Round 6,2022-04-23,10592
Carlton,Harry Mckay,3,0,2,66.7,0,0,0,1,0,0,0,2,92,0,1,1,86,2022,Round 6,2022-04-23,10592
North Melbourne,Luke Davies Uniacke,14,11,14,60.9,0,1,0,0,0,6,1,6,503,10,3,0,83,2022,Round 6,2022-04-24,10593
North Melbourne,Luke Mcdonald,4,19,18,81.8,0,0,0,4,0,0,1,1,379,4,4,0,82,2022,Round 6,2022-04-24,10593
North Melbourne,Jy Simpkin,8,12,13,61.9,0,0,0,0,1,1,4,8,472,3,2,0,88,2022,Round 6,2022-04-24,10593
North Melbourne,Bailey Scott,3,16,15,78.9,0,0,0,1,0,2,0,2,329,5,1,0,86,2022,Round 6,2022-04-24,10593
North Melbourne,Lachie Young,8,10,16,84.2,0,0,0,3,0,0,0,2,434,6,5,0,90,2022,Round 6,2022-04-24,10593
North Melbourne,Jason Horne Francis,13,6,13,68.4,0,0,0,1,0,3,5,2,340,4,1,1,72,2022,Round 6,2022-04-24,10593
North Melbourne,Jack Mahony,6,12,11,68.8,0,0,0,0,0,0,1,0,163,4,3,1,81,2022,Round 6,2022-04-24,10593
North Melbourne,Aidan Corr,1,10,14,87.5,0,0,0,5,0,0,0,0,381,6,1,0,93,2022,Round 6,2022-04-24,10593
North Melbourne,Hugh Greenwood,6,9,13,81.2,0,1,0,1,0,1,1,4,194,2,4,1,69,2022,Round 6,2022-04-24,10593
North Melbourne,Tarryn Thomas,7,7,12,80.0,2,0,0,0,0,2,1,3,194,3,1,0,76,2022,Round 6,2022-04-24,10593
North Melbourne,Curtis Taylor,6,7,7,50.0,0,0,1,0,0,0,1,1,337,4,1,2,69,2022,Round 6,2022-04-24,10593
North Melbourne,Todd Goldstein,8,6,11,84.6,1,1,0,2,0,0,2,2,89,1,1,1,90,2022,Round 6,2022-04-24,10593
North Melbourne,Jack Ziebell,5,7,10,76.9,0,0,0,1,0,0,2,4,192,3,0,6,80,2022,Round 6,2022-04-24,10593
North Melbourne,Ben Mckay,7,5,11,91.7,5,0,0,1,0,0,0,2,183,1,11,0,87,2022,Round 6,2022-04-24,10593
North Melbourne,Cameron Zurhaar,4,11,11,91.7,0,1,0,2,0,0,2,4,192,6,2,2,90,2022,Round 6,2022-04-24,10593
North Melbourne,Tristan Xerri,8,4,7,58.3,0,0,0,2,0,0,0,2,123,1,3,0,86,2022,Round 6,2022-04-24,10593
North Melbourne,Joshua Walker,7,4,9,81.8,2,0,0,2,0,0,0,0,198,2,8,0,92,2022,Round 6,2022-04-24,10593
North Melbourne,Atu Bosenavulagi,7,4,9,81.8,0,0,0,1,0,0,2,1,74,2,4,0,64,2022,Round 6,2022-04-24,10593
North Melbourne,Flynn Perez,3,8,9,81.8,0,1,0,0,0,0,0,3,287,4,3,1,83,2022,Round 6,2022-04-24,10593
North Melbourne,Paul Curtis,5,6,7,63.6,0,0,1,0,0,0,0,4,277,1,1,1,67,2022,Round 6,2022-04-24,10593
North Melbourne,Nick Larkey,2,7,5,62.5,0,0,1,7,0,0,0,3,94,5,0,0,91,2022,Round 6,2022-04-24,10593
North Melbourne,Kayne Turner,1,6,5,71.4,0,0,0,2,0,0,0,0,93,3,2,0,84,2022,Round 6,2022-04-24,10593
Geelong,Zach Tuohy,4,25,26,81.2,0,0,0,0,0,0,0,7,492,2,8,0,81,2022,Round 6,2022-04-24,10593
Geelong,Cameron Guthrie,8,19,20,71.4,0,0,0,1,0,1,2,8,362,6,4,0,73,2022,Round 6,2022-04-24,10593
Geelong,Isaac Smith,6,17,13,52.0,0,0,0,0,1,0,1,4,551,7,3,0,80,2022,Round 6,2022-04-24,10593
Geelong,Joel Selwood,11,14,16,66.7,0,1,0,2,0,3,6,7,365,2,0,0,70,2022,Round 6,2022-04-24,10593
Geelong,Thomas Stewart,6,15,18,78.3,1,1,0,0,0,0,0,5,495,7,8,0,91,2022,Round 6,2022-04-24,10593
Geelong,Tom Atkins,12,10,18,78.3,0,0,0,3,0,0,0,7,217,5,13,0,80,2022,Round 6,2022-04-24,10593
Geelong,Mitchell Duncan,8,15,21,100.0,1,0,1,1,0,1,2,8,266,2,3,0,78,2022,Round 6,2022-04-24,10593
Geelong,Tyson Stengle,7,12,12,63.2,0,2,2,2,1,0,0,8,308,3,3,1,86,2022,Round 6,2022-04-24,10593
Geelong,Shaun Higgins,3,15,16,88.9,1,1,0,1,0,0,1,8,120,1,2,0,77,2022,Round 6,2022-04-24,10593
Geelong,Tom Hawkins,7,9,12,70.6,2,2,4,1,0,0,0,10,321,2,2,1,92,2022,Round 6,2022-04-24,10593
Geelong,Bradley Close,9,8,12,70.6,0,1,0,2,0,0,2,6,327,3,1,0,82,2022,Round 6,2022-04-24,10593
Geelong,Jeremy Cameron,4,11,11,68.8,1,1,7,0,1,0,0,13,428,2,1,0,96,2022,Round 6,2022-04-24,10593
Geelong,Max Holmes,6,11,14,87.5,0,1,0,3,0,2,0,5,304,3,2,1,78,2022,Round 6,2022-04-24,10593
Geelong,Ollie Dempsey,9,6,10,62.5,0,1,0,0,1,0,1,8,179,4,1,0,73,2022,Round 6,2022-04-24,10593
Geelong,Sam De Koning,5,10,11,73.3,4,0,0,7,0,0,0,1,136,2,4,0,96,2022,Round 6,2022-04-24,10593
Geelong,Rhys Stanley,10,8,9,64.3,1,1,0,9,0,3,1,8,317,3,2,0,85,2022,Round 6,2022-04-24,10593
Geelong,Brandan Parfitt,7,6,9,64.3,1,0,0,3,0,0,1,6,223,3,2,0,70,2022,Round 6,2022-04-24,10593
Geelong,Jake Kolodjashnij,6,6,10,76.9,0,0,0,4,0,0,0,1,190,1,6,0,89,2022,Round 6,2022-04-24,10593
Geelong,Gryan Miers,4,9,9,69.2,0,0,1,0,0,0,0,7,159,1,1,3,78,2022,Round 6,2022-04-24,10593
Geelong,Mark Blicavs,5,6,11,91.7,1,0,1,8,0,0,0,2,238,1,5,1,74,2022,Round 6,2022-04-24,10593
Geelong,Mark O Connor,2,10,11,91.7,0,0,0,0,1,0,0,2,253,1,5,0,83,2022,Round 6,2022-04-24,10593
Geelong,Jed Bews,6,3,7,77.8,0,1,1,3,0,0,0,3,134,0,4,0,87,2022,Round 6,2022-04-24,10593
Gold Coast,Noah Anderson,9,24,20,60.6,0,0,1,2,1,1,4,7,694,9,4,1,90,2022,Round 6,2022-04-24,10594
Gold Coast,David Swallow,19,9,16,59.3,1,0,0,1,0,2,5,3,432,6,9,0,79,2022,Round 6,2022-04-24,10594
Gold Coast,Touk Miller,15,12,17,65.4,0,0,0,1,1,3,5,6,515,8,3,2,88,2022,Round 6,2022-04-24,10594
Gold Coast,Matt Rowell,20,7,14,58.3,0,0,0,5,0,5,8,2,297,6,2,1,83,2022,Round 6,2022-04-24,10594
Gold Coast,Ben Ainsworth,4,18,16,72.7,0,3,1,2,0,0,2,9,362,3,0,2,86,2022,Round 6,2022-04-24,10594
Gold Coast,Charlie Ballard,6,13,14,66.7,0,0,0,9,0,0,0,5,303,6,10,0,94,2022,Round 6,2022-04-24,10594
Gold Coast,Lachlan Weller,8,9,15,78.9,0,0,0,4,0,0,2,2,357,3,5,0,84,2022,Round 6,2022-04-24,10594
Gold Coast,Brandon Ellis,4,14,13,72.2,0,0,1,2,0,0,2,2,245,3,3,1,88,2022,Round 6,2022-04-24,10594
Gold Coast,Samuel Collins,9,6,13,81.2,2,0,0,4,0,0,1,4,412,5,12,0,100,2022,Round 6,2022-04-24,10594
Gold Coast,Izak Rankine,8,5,8,50.0,0,0,0,2,0,0,3,5,220,3,1,0,88,2022,Round 6,2022-04-24,10594
Gold Coast,Oleg Markov,8,9,12,80.0,0,1,0,0,2,0,0,3,256,2,6,0,70,2022,Round 6,2022-04-24,10594
Gold Coast,Nicholas Holman,8,6,9,64.3,0,2,1,1,0,0,0,5,228,3,2,1,77,2022,Round 6,2022-04-24,10594
Gold Coast,Brayden Fiorini,5,8,6,46.2,0,0,0,0,0,1,1,2,209,2,2,0,67,2022,Round 6,2022-04-24,10594
Gold Coast,Connor Budarick,6,5,8,66.7,0,0,0,10,0,0,0,3,179,3,10,0,72,2022,Round 6,2022-04-24,10594
Gold Coast,Levi Casboult,4,5,7,77.8,2,0,3,1,0,0,0,3,164,3,2,0,95,2022,Round 6,2022-04-24,10594
Gold Coast,Jarrod Witts,7,3,4,44.4,1,1,0,3,0,1,2,4,180,3,2,1,85,2022,Round 6,2022-04-24,10594
Gold Coast,Alex Davies,5,4,7,77.8,0,0,0,2,0,0,1,4,105,1,0,2,65,2022,Round 6,2022-04-24,10594
Gold Coast,Sean Lemmens,2,4,5,71.4,0,0,0,3,1,0,0,0,235,4,2,0,89,2022,Round 6,2022-04-24,10594
Gold Coast,Wil Powell,2,3,5,83.3,1,0,0,3,0,1,0,1,112,2,2,0,76,2022,Round 6,2022-04-24,10594
Gold Coast,Mabior Chol,3,2,4,80.0,0,1,0,2,0,1,0,4,166,2,0,0,83,2022,Round 6,2022-04-24,10594
Gold Coast,Josh Corbett,3,2,3,60.0,0,0,0,0,0,0,0,0,36,3,0,0,57,2022,Round 6,2022-04-24,10594
Gold Coast,Chris Burgess,4,1,5,100.0,3,0,0,7,0,0,0,2,108,0,2,0,86,2022,Round 6,2022-04-24,10594
Brisbane Lions,Jarryd Lyons,13,14,15,50.0,0,0,0,1,0,10,3,5,873,11,2,0,76,2022,Round 6,2022-04-24,10594
Brisbane Lions,Daniel Rich,6,12,21,80.8,0,1,0,4,0,0,1,6,707,6,7,0,79,2022,Round 6,2022-04-24,10594
Brisbane Lions,Lachie Neale,11,12,18,72.0,0,0,1,2,0,4,0,6,279,3,3,0,88,2022,Round 6,2022-04-24,10594
Brisbane Lions,Lincoln Mccarthy,11,10,14,63.6,1,0,1,5,2,0,3,8,387,7,3,2,79,2022,Round 6,2022-04-24,10594
Brisbane Lions,Hugh Mccluggage,11,12,17,77.3,0,3,0,0,0,3,3,6,244,2,1,2,83,2022,Round 6,2022-04-24,10594
Brisbane Lions,Cameron Rayner,9,9,12,60.0,2,2,1,1,1,0,3,6,433,4,1,0,77,2022,Round 6,2022-04-24,10594
Brisbane Lions,Brandon Starcevich,11,6,13,68.4,1,0,0,3,1,0,1,3,429,2,11,0,82,2022,Round 6,2022-04-24,10594
Brisbane Lions,Jarrod Berry,7,8,13,76.5,0,1,1,1,0,0,1,3,324,2,5,1,75,2022,Round 6,2022-04-24,10594
Brisbane Lions,Zac Bailey,11,6,14,82.4,0,0,1,2,0,0,2,8,319,8,2,0,84,2022,Round 6,2022-04-24,10594
Brisbane Lions,Keidean Coleman,2,13,11,73.3,0,0,0,1,0,0,0,2,235,2,3,0,69,2022,Round 6,2022-04-24,10594
Brisbane Lions,Darcy Gardiner,5,7,9,64.3,0,0,0,5,0,0,0,2,143,4,8,0,87,2022,Round 6,2022-04-24,10594
Brisbane Lions,Charlie Cameron,9,7,8,57.1,0,2,1,5,0,0,0,8,300,4,5,1,93,2022,Round 6,2022-04-24,10594
Brisbane Lions,Harris Andrews,9,7,14,100.0,2,0,0,5,0,0,0,2,60,0,10,0,100,2022,Round 6,2022-04-24,10594
Brisbane Lions,Noah Answerth,5,10,9,64.3,0,0,0,2,0,0,0,1,251,5,1,1,82,2022,Round 6,2022-04-24,10594
Brisbane Lions,Dayne Zorko,7,5,10,76.9,0,0,0,1,0,1,2,1,393,5,5,1,82,2022,Round 6,2022-04-24,10594
Brisbane Lions,Daniel Mcstay,6,4,8,80.0,1,0,1,1,0,0,0,3,107,2,1,2,90,2022,Round 6,2022-04-24,10594
Brisbane Lions,Joe Daniher,3,5,6,66.7,2,1,1,1,0,0,0,6,232,3,0,0,97,2022,Round 6,2022-04-24,10594
Brisbane Lions,Oscar Mcinerney,8,2,4,44.4,0,1,1,1,0,0,3,3,157,1,1,0,80,2022,Round 6,2022-04-24,10594
Brisbane Lions,Darcy Fort,5,3,7,77.8,0,0,0,4,0,0,3,4,205,3,2,1,72,2022,Round 6,2022-04-24,10594
Brisbane Lions,Callum Ah Chee,2,6,7,87.5,0,2,0,0,0,0,0,3,50,1,1,1,60,2022,Round 6,2022-04-24,10594
Brisbane Lions,Marcus Adams,4,4,4,57.1,1,0,0,8,0,0,0,1,119,0,4,0,100,2022,Round 6,2022-04-24,10594
Brisbane Lions,Jaxon Prior,3,3,4,66.7,0,0,0,2,0,0,0,3,74,1,3,0,45,2022,Round 6,2022-04-24,10594
Brisbane Lions,Kai Lohmann,5,1,0,0.0,0,0,0,3,1,1,0,2,140,3,1,0,21,2022,Round 6,2022-04-24,10594
Richmond,Nick Vlastuin,10,16,23,76.7,1,1,0,6,0,0,0,4,544,6,13,0,84,2022,Round 6,2022-04-24,10595
Richmond,Jayden Short,5,17,23,76.7,0,0,0,2,0,1,1,4,763,8,4,0,82,2022,Round 6,2022-04-24,10595
Richmond,Dion Prestia,17,11,13,48.1,0,1,1,2,0,4,2,5,353,5,3,1,84,2022,Round 6,2022-04-24,10595
Richmond,Trent Cotchin,6,12,14,63.6,0,0,0,2,0,2,3,1,344,6,3,0,74,2022,Round 6,2022-04-24,10595
Richmond,Nathan Broad,5,14,16,72.7,1,0,0,7,3,0,0,1,430,1,7,0,98,2022,Round 6,2022-04-24,10595
Richmond,Toby Nankervis,10,12,10,47.6,1,0,0,6,0,1,1,3,353,4,5,2,77,2022,Round 6,2022-04-24,10595
Richmond,Jack Graham,9,12,12,60.0,0,0,1,1,0,0,2,3,330,5,3,0,77,2022,Round 6,2022-04-24,10595
Richmond,Jack Ross,7,13,16,84.2,0,1,0,3,0,0,1,2,219,3,6,0,69,2022,Round 6,2022-04-24,10595
Richmond,Josh Gibcus,4,12,16,88.9,2,0,0,3,0,0,0,2,326,3,6,0,94,2022,Round 6,2022-04-24,10595
Richmond,Daniel Rioli,2,11,16,94.1,0,0,0,1,0,0,0,3,467,2,4,0,75,2022,Round 6,2022-04-24,10595
Richmond,Liam Baker,9,6,13,81.2,0,0,0,4,0,1,4,6,213,7,1,0,86,2022,Round 6,2022-04-24,10595
Richmond,Kamdyn Mcintosh,3,11,11,73.3,0,0,0,2,0,0,0,0,441,6,0,0,75,2022,Round 6,2022-04-24,10595
Richmond,Robert Tarrant,3,9,10,83.3,0,0,0,7,0,0,0,0,173,2,3,0,90,2022,Round 6,2022-04-24,10595
Richmond,Rhyan Mansell,3,8,10,83.3,0,0,0,0,0,0,0,0,174,2,3,0,77,2022,Round 6,2022-04-24,10595
Richmond,Jack Riewoldt,6,5,7,63.6,2,1,2,5,0,0,1,5,213,2,0,0,81,2022,Round 6,2022-04-24,10595
Richmond,Shai Bolton,6,3,5,50.0,1,0,1,1,0,1,1,3,219,0,0,0,90,2022,Round 6,2022-04-24,10595
Richmond,Riley Collier Dawkins,4,6,6,66.7,0,0,0,0,0,0,0,4,71,4,0,0,80,2022,Round 6,2022-04-24,10595
Richmond,Shane Edwards,3,4,5,71.4,0,0,0,1,0,0,1,2,123,3,2,0,81,2022,Round 6,2022-04-24,10595
Richmond,Jason Castagna,5,2,5,71.4,0,0,0,0,0,0,0,2,149,2,0,0,78,2022,Round 6,2022-04-24,10595
Richmond,Thomson Dow,3,4,3,42.9,1,0,0,1,0,0,1,2,125,2,0,0,50,2022,Round 6,2022-04-24,10595
Richmond,Thomas Lynch,3,2,4,66.7,0,0,0,3,0,0,0,2,94,4,1,1,94,2022,Round 6,2022-04-24,10595
Richmond,Noah Balta,3,1,0,0.0,1,0,0,2,0,0,0,0,54,1,0,0,70,2022,Round 6,2022-04-24,10595
Richmond,Matthew Parker,2,3,3,75.0,0,1,0,0,0,0,0,1,16,1,0,1,34,2022,Round 6,2022-04-24,10595
Melbourne,Clayton Oliver,22,20,27,65.9,0,1,0,2,0,5,8,10,684,5,4,1,88,2022,Round 6,2022-04-24,10595
Melbourne,Ed Langdon,6,23,25,83.3,0,0,1,1,0,0,1,7,599,3,5,1,100,2022,Round 6,2022-04-24,10595
Melbourne,Alex Neal Bullen,14,15,17,63.0,0,0,2,2,0,0,3,11,293,9,4,1,84,2022,Round 6,2022-04-24,10595
Melbourne,Angus Brayshaw,6,19,19,76.0,0,0,0,2,0,0,1,6,398,2,5,0,84,2022,Round 6,2022-04-24,10595
Melbourne,Christian Petracca,7,20,17,68.0,0,0,0,1,0,1,1,10,437,2,3,0,88,2022,Round 6,2022-04-24,10595
Melbourne,Tom Sparrow,5,16,14,58.3,0,0,0,4,0,1,4,6,489,7,3,1,68,2022,Round 6,2022-04-24,10595
Melbourne,Jake Bowey,8,15,20,87.0,0,0,0,5,0,0,2,2,340,4,9,0,80,2022,Round 6,2022-04-24,10595
Melbourne,Steven May,6,10,19,95.0,1,0,0,2,0,0,1,2,413,2,8,0,92,2022,Round 6,2022-04-24,10595
Melbourne,Max Gawn,6,13,10,52.6,4,0,1,4,0,1,0,6,208,4,4,1,93,2022,Round 6,2022-04-24,10595
Melbourne,James Jordon,3,17,16,84.2,0,0,0,0,0,0,0,4,236,1,1,0,77,2022,Round 6,2022-04-24,10595
Melbourne,Trent Rivers,6,13,16,84.2,0,0,0,1,0,0,1,6,203,2,5,0,76,2022,Round 6,2022-04-24,10595
Melbourne,Luke Dunstan,6,11,15,83.3,0,0,0,1,0,2,2,7,151,0,1,1,70,2022,Round 6,2022-04-24,10595
Melbourne,Harrison Petty,6,10,13,76.5,2,0,0,5,0,0,0,3,202,3,9,0,92,2022,Round 6,2022-04-24,10595
Melbourne,James Harmes,9,7,13,81.2,0,1,0,1,0,0,2,4,270,2,1,3,69,2022,Round 6,2022-04-24,10595
Melbourne,Ben Brown,9,5,7,53.8,1,0,1,4,0,0,0,5,150,4,0,0,84,2022,Round 6,2022-04-24,10595
Melbourne,Jayden Hunt,4,9,9,69.2,0,0,0,4,0,0,1,4,392,3,3,0,86,2022,Round 6,2022-04-24,10595
Melbourne,Charlie Spargo,2,10,7,53.8,0,0,1,2,0,0,0,8,234,1,1,0,77,2022,Round 6,2022-04-24,10595
Melbourne,Luke Jackson,6,9,12,92.3,1,1,0,3,0,0,0,6,91,0,2,1,76,2022,Round 6,2022-04-24,10595
Melbourne,Bayley Fritsch,5,6,5,50.0,1,2,4,1,0,0,0,6,193,2,2,1,78,2022,Round 6,2022-04-24,10595
Melbourne,Joel Smith 1,7,3,6,66.7,1,0,0,6,0,0,0,1,68,4,7,0,90,2022,Round 6,2022-04-24,10595
Melbourne,Kysaiah Pickett,3,7,6,66.7,0,1,2,0,0,0,0,3,157,2,1,1,78,2022,Round 6,2022-04-24,10595
Melbourne,Sam Weideman,4,4,7,87.5,0,0,0,0,0,0,0,4,97,2,1,0,69,2022,Round 6,2022-04-24,10595
Hawthorn,Tom Mitchell,11,14,19,73.1,0,0,1,0,0,1,2,7,286,3,4,0,82,2022,Round 6,2022-04-25,10596
Hawthorn,Jai Newcombe,9,15,15,65.2,0,2,0,2,1,1,1,5,539,3,3,1,82,2022,Round 6,2022-04-25,10596
Hawthorn,Sam Frost,3,16,13,61.9,0,0,0,5,1,0,0,3,310,6,7,0,97,2022,Round 6,2022-04-25,10596
Hawthorn,James Sicily,5,13,15,71.4,2,0,0,6,0,0,0,0,520,8,8,0,91,2022,Round 6,2022-04-25,10596
Hawthorn,Jaeger O Meara,12,8,15,75.0,0,0,0,1,0,4,6,1,338,3,0,2,83,2022,Round 6,2022-04-25,10596
Hawthorn,Harry Morrison,4,16,12,60.0,0,0,0,2,1,0,0,4,399,5,3,1,88,2022,Round 6,2022-04-25,10596
Hawthorn,Jack Scrimshaw,4,14,16,84.2,1,0,0,2,1,0,0,4,345,2,5,0,74,2022,Round 6,2022-04-25,10596
Hawthorn,Dylan Moore,6,13,15,78.9,1,0,1,0,1,0,0,5,323,2,2,0,83,2022,Round 6,2022-04-25,10596
Hawthorn,Will Day,1,12,17,94.4,0,0,0,0,0,0,0,2,419,2,5,0,86,2022,Round 6,2022-04-25,10596
Hawthorn,Blake Hardwick,9,6,14,82.4,0,0,0,7,0,0,0,0,236,3,8,0,92,2022,Round 6,2022-04-25,10596
Hawthorn,Conor Nash,8,6,10,71.4,0,0,0,4,1,1,3,5,163,1,3,2,77,2022,Round 6,2022-04-25,10596
Hawthorn,Finn Maginness,5,10,7,50.0,1,0,1,1,0,0,1,2,404,5,4,0,84,2022,Round 6,2022-04-25,10596
Hawthorn,Josh Ward,6,9,10,71.4,0,1,0,0,0,0,2,2,161,3,2,0,83,2022,Round 6,2022-04-25,10596
Hawthorn,Chad Wingard,5,8,9,75.0,2,2,3,1,0,0,1,5,213,2,1,1,81,2022,Round 6,2022-04-25,10596
Hawthorn,James Worpel,9,4,9,81.8,0,0,0,0,0,0,3,4,129,3,2,0,70,2022,Round 6,2022-04-25,10596
Hawthorn,Jack Gunston,5,5,6,60.0,0,0,1,1,0,0,0,2,214,4,0,0,95,2022,Round 6,2022-04-25,10596
Hawthorn,Denver Grainger Barras,2,8,8,80.0,0,0,0,3,2,0,0,2,267,3,5,0,73,2022,Round 6,2022-04-25,10596
Hawthorn,Connor Macdonald,3,6,8,88.9,0,0,0,0,0,0,0,3,56,4,2,0,69,2022,Round 6,2022-04-25,10596
Hawthorn,Max Lynch,6,4,6,75.0,1,0,0,1,0,1,1,5,120,2,1,0,64,2022,Round 6,2022-04-25,10596
Hawthorn,Jacob Koschitzke,2,3,4,66.7,0,0,2,2,0,0,0,4,101,1,0,0,90,2022,Round 6,2022-04-25,10596
Hawthorn,Luke Breust,4,3,4,80.0,1,0,1,0,0,0,0,4,81,1,2,1,74,2022,Round 6,2022-04-25,10596
Hawthorn,Jarman Impey,1,2,1,50.0,0,0,0,0,0,0,0,0,40,2,1,0,82,2022,Round 6,2022-04-25,10596
Sydney,Callum Mills,17,22,34,91.9,2,1,0,2,0,3,3,11,660,4,7,1,74,2022,Round 6,2022-04-25,10596
Sydney,Luke Parker,11,17,23,79.3,0,0,1,1,0,4,3,8,199,5,4,0,85,2022,Round 6,2022-04-25,10596
Sydney,Chad Warner,11,14,16,66.7,0,1,0,0,0,1,2,7,422,3,3,0,79,2022,Round 6,2022-04-25,10596
Sydney,Jake Lloyd,3,13,15,68.2,0,0,0,4,0,0,0,4,493,5,2,0,88,2022,Round 6,2022-04-25,10596
Sydney,James Rowbottom,11,12,14,63.6,0,1,1,1,0,1,7,7,451,9,1,0,75,2022,Round 6,2022-04-25,10596
Sydney,Justin Mcinerney,5,17,17,77.3,0,0,0,1,0,2,0,7,443,3,5,0,86,2022,Round 6,2022-04-25,10596
Sydney,Errol Gulden,8,13,16,80.0,0,1,0,1,1,1,1,6,448,6,3,1,81,2022,Round 6,2022-04-25,10596
Sydney,Peter Ladhams,8,10,17,89.5,1,0,0,5,0,4,2,8,305,3,4,0,81,2022,Round 6,2022-04-25,10596
Sydney,Nick Blakey,5,13,16,84.2,0,1,0,3,0,0,0,4,491,2,5,0,85,2022,Round 6,2022-04-25,10596
Sydney,Lance Franklin,8,8,9,50.0,2,1,5,0,0,0,0,10,201,3,3,2,90,2022,Round 6,2022-04-25,10596
Sydney,Isaac Heeney,13,5,11,73.3,1,0,1,2,0,0,3,5,84,4,4,1,88,2022,Round 6,2022-04-25,10596
Sydney,Ben Ronke,5,10,11,73.3,0,1,2,1,0,0,0,6,319,3,1,0,89,2022,Round 6,2022-04-25,10596
Sydney,Will Hayward,5,9,10,71.4,0,1,0,0,0,0,0,6,143,1,1,3,92,2022,Round 6,2022-04-25,10596
Sydney,Hayden Mclean,7,6,12,92.3,5,2,1,4,0,0,1,7,21,1,1,1,78,2022,Round 6,2022-04-25,10596
Sydney,Josh P  Kennedy,5,6,8,72.7,0,1,0,2,0,1,1,4,208,2,2,0,29,2022,Round 6,2022-04-25,10596
Sydney,Harry Cunningham,4,8,8,72.7,0,0,0,2,0,0,0,4,277,2,2,0,90,2022,Round 6,2022-04-25,10596
Sydney,Dane Rampe,4,6,8,80.0,2,0,0,4,1,0,0,1,208,2,4,0,96,2022,Round 6,2022-04-25,10596
Sydney,Paddy Mccartin,5,5,8,80.0,0,0,0,3,0,0,1,3,151,0,5,0,48,2022,Round 6,2022-04-25,10596
Sydney,Braeden Campbell,4,6,7,70.0,0,0,0,3,0,0,0,1,291,4,4,0,77,2022,Round 6,2022-04-25,10596
Sydney,Oliver Florent,0,9,7,77.8,0,1,0,0,0,0,0,4,307,1,1,0,72,2022,Round 6,2022-04-25,10596
Sydney,Logan Mcdonald,2,6,5,62.5,0,0,2,1,0,0,0,5,159,1,1,1,44,2022,Round 6,2022-04-25,10596
Sydney,James Bell,2,5,2,33.3,0,1,0,2,0,0,0,3,122,3,0,0,76,2022,Round 6,2022-04-25,10596
Sydney,Tom Mccartin,4,1,3,60.0,2,0,0,5,0,0,0,0,59,1,5,0,95,2022,Round 6,2022-04-25,10596
Essendon,Darcy Parish,15,29,33,75.0,0,0,1,2,1,7,5,7,310,7,1,0,85,2022,Round 6,2022-04-25,10597
Essendon,Zachary Merrett,6,31,31,86.1,0,1,0,3,0,3,1,5,415,2,2,0,81,2022,Round 6,2022-04-25,10597
Essendon,Andrew Mcgrath,10,21,26,83.9,0,0,0,1,0,1,3,2,418,6,1,0,83,2022,Round 6,2022-04-25,10597
Essendon,Dylan Shiel,6,20,21,80.8,0,2,1,0,2,2,3,6,359,5,1,0,81,2022,Round 6,2022-04-25,10597
Essendon,Nicholas Martin,5,17,18,81.8,0,0,0,1,0,0,2,4,289,0,3,0,91,2022,Round 6,2022-04-25,10597
Essendon,Mason Redman,4,18,20,95.2,0,2,0,5,0,0,1,5,423,2,2,0,74,2022,Round 6,2022-04-25,10597
Essendon,Dyson Heppell,4,15,17,89.5,0,0,0,1,1,0,2,6,263,2,4,0,81,2022,Round 6,2022-04-25,10597
Essendon,Jordan Ridley,3,15,17,89.5,0,0,0,5,0,0,0,4,304,0,5,0,81,2022,Round 6,2022-04-25,10597
Essendon,Jye Caldwell,7,10,12,70.6,0,2,0,0,0,1,1,5,265,3,1,0,71,2022,Round 6,2022-04-25,10597
Essendon,Sam Durham,9,9,16,94.1,0,0,0,0,3,0,1,1,355,3,5,0,78,2022,Round 6,2022-04-25,10597
Essendon,Sam Draper,8,8,10,62.5,1,0,0,5,0,1,3,4,239,3,6,1,76,2022,Round 6,2022-04-25,10597
Essendon,Archie Perkins,5,10,13,81.2,1,1,2,0,0,0,0,7,220,2,0,0,81,2022,Round 6,2022-04-25,10597
Essendon,Nick Hind,5,9,9,64.3,0,1,0,0,0,0,0,3,205,1,5,0,27,2022,Round 6,2022-04-25,10597
Essendon,Matt Guelfi,3,9,8,66.7,0,1,1,0,0,0,1,7,217,3,0,1,84,2022,Round 6,2022-04-25,10597
Essendon,Jake Stringer,3,7,5,50.0,0,0,4,1,0,1,0,6,232,2,1,0,76,2022,Round 6,2022-04-25,10597
Essendon,Jake Kelly,4,7,9,90.0,1,0,0,6,0,0,0,0,61,2,6,0,100,2022,Round 6,2022-04-25,10597
Essendon,Alec Waterman,6,4,8,80.0,3,0,5,1,1,0,0,7,167,1,2,0,72,2022,Round 6,2022-04-25,10597
Essendon,Brandon Zerk Thatcher,4,5,10,100.0,0,0,0,9,0,0,2,1,97,0,3,0,97,2022,Round 6,2022-04-25,10597
Essendon,Nikolas Cox,4,7,7,70.0,0,0,1,2,0,0,0,2,71,1,3,0,78,2022,Round 6,2022-04-25,10597
Essendon,Ben Hobbs,3,8,7,77.8,0,0,0,0,0,1,0,0,197,6,0,0,72,2022,Round 6,2022-04-25,10597
Essendon,Peter Wright,4,4,6,75.0,1,0,2,4,0,1,0,6,190,4,0,0,100,2022,Round 6,2022-04-25,10597
Essendon,Jayden Laverde,4,3,5,71.4,1,0,0,3,0,0,0,0,64,3,3,0,54,2022,Round 6,2022-04-25,10597
Essendon,Kaine Baldwin,1,1,1,33.3,0,0,0,2,0,0,0,1,55,1,0,1,78,2022,Round 6,2022-04-25,10597
Collingwood,Jordan De Goey,12,15,17,63.0,0,0,0,2,0,5,2,3,402,6,1,0,86,2022,Round 6,2022-04-25,10597
Collingwood,Scott Pendlebury,11,13,22,88.0,0,0,0,0,0,3,2,1,364,1,5,0,79,2022,Round 6,2022-04-25,10597
Collingwood,Jack Crisp,8,14,18,75.0,0,0,0,1,2,2,2,3,386,2,2,2,81,2022,Round 6,2022-04-25,10597
Collingwood,John Noble,3,20,19,82.6,0,1,0,2,0,0,0,4,470,4,3,0,86,2022,Round 6,2022-04-25,10597
Collingwood,Nick Daicos,6,16,16,69.6,0,0,0,0,3,0,3,3,276,5,4,1,75,2022,Round 6,2022-04-25,10597
Collingwood,Jeremy Howe,6,14,20,90.9,4,0,0,2,0,0,0,4,325,3,9,0,96,2022,Round 6,2022-04-25,10597
Collingwood,Josh Daicos,5,16,15,75.0,0,0,0,0,2,0,0,5,419,3,4,0,86,2022,Round 6,2022-04-25,10597
Collingwood,Will Hoskin Elliott,5,12,11,61.1,0,1,0,0,0,0,0,3,298,3,2,0,90,2022,Round 6,2022-04-25,10597
Collingwood,Taylor Adams,4,14,11,61.1,0,1,3,1,0,1,1,7,305,3,0,1,67,2022,Round 6,2022-04-25,10597
Collingwood,Patrick Lipinski,6,13,15,83.3,1,1,0,0,0,0,4,3,236,5,0,1,79,2022,Round 6,2022-04-25,10597
Collingwood,Brodie Grundy,10,8,13,81.2,2,2,0,6,2,0,3,6,241,2,4,1,83,2022,Round 6,2022-04-25,10597
Collingwood,Brayden Maynard,7,8,12,80.0,1,0,0,4,0,0,0,3,237,0,8,0,88,2022,Round 6,2022-04-25,10597
Collingwood,Steele Sidebottom,3,9,8,57.1,0,1,0,0,1,0,1,2,357,5,2,0,81,2022,Round 6,2022-04-25,10597
Collingwood,Isaac Quaynor,4,10,11,84.6,0,1,0,1,0,0,0,3,288,3,5,0,81,2022,Round 6,2022-04-25,10597
Collingwood,Darcy Moore,3,7,11,91.7,1,0,0,10,0,0,0,1,345,1,5,0,97,2022,Round 6,2022-04-25,10597
Collingwood,Jack Ginnivan,3,8,7,58.3,0,0,3,2,0,0,0,5,355,5,0,0,79,2022,Round 6,2022-04-25,10597
Collingwood,Jack Madgen,2,7,8,88.9,1,0,0,3,0,0,0,4,135,0,2,0,74,2022,Round 6,2022-04-25,10597
Collingwood,Darcy Cameron,7,3,6,75.0,2,0,1,4,0,0,1,2,97,1,2,0,82,2022,Round 6,2022-04-25,10597
Collingwood,Brody Mihocek,5,2,6,75.0,2,0,2,0,0,0,0,5,121,2,1,1,94,2022,Round 6,2022-04-25,10597
Collingwood,Beau Mccreery,2,4,5,71.4,0,1,0,1,0,0,1,4,135,0,0,1,75,2022,Round 6,2022-04-25,10597
Collingwood,Callum Brown,1,3,4,100.0,0,0,0,0,0,0,0,1,11,0,0,2,53,2022,Round 6,2022-04-25,10597
Collingwood,Reef Mcinnes,1,1,1,50.0,0,0,0,0,0,0,0,2,41,0,0,0,62,2022,Round 6,2022-04-25,10597
Collingwood,Nathan Kreuger,0,0,0,0.0,0,0,0,1,0,0,0,0,0,0,0,1,25,2022,Round 6,2022-04-25,10597
West Coast,Luke Shuey,6,20,20,71.4,0,0,0,0,0,5,1,6,401,9,2,0,68,2022,Round 7,2022-04-29,10598
West Coast,Liam Duggan,11,17,25,89.3,1,0,0,5,1,2,0,5,276,4,10,0,74,2022,Round 7,2022-04-29,10598
West Coast,Jack Redden,5,21,21,77.8,0,1,0,0,0,2,1,5,352,4,2,0,79,2022,Round 7,2022-04-29,10598
West Coast,Alex Witherden,6,16,20,83.3,2,0,0,2,1,0,1,1,422,5,7,0,91,2022,Round 7,2022-04-29,10598
West Coast,Patrick Naish,4,20,17,70.8,0,1,0,2,0,0,0,3,546,8,4,0,81,2022,Round 7,2022-04-29,10598
West Coast,Greg Clark,9,14,20,83.3,0,0,0,3,0,1,3,3,428,2,4,0,83,2022,Round 7,2022-04-29,10598
West Coast,Tim Kelly,8,17,12,57.1,0,0,0,2,0,2,2,4,435,9,0,0,81,2022,Round 7,2022-04-29,10598
West Coast,Connor West,5,13,14,73.7,0,0,0,2,0,1,1,3,202,4,1,0,82,2022,Round 7,2022-04-29,10598
West Coast,Shannon Hurn,7,8,17,94.4,3,0,0,3,0,0,0,3,125,3,10,0,82,2022,Round 7,2022-04-29,10598
West Coast,Sam Petrevski Seton,2,13,15,88.2,0,0,0,3,1,0,0,4,94,2,5,0,83,2022,Round 7,2022-04-29,10598
West Coast,Jack Darling,8,7,10,66.7,0,0,1,4,0,0,0,4,149,5,1,0,92,2022,Round 7,2022-04-29,10598
West Coast,Andrew Gaff,3,12,12,85.7,0,0,0,0,0,0,2,0,129,1,1,0,46,2022,Round 7,2022-04-29,10598
West Coast,Harry Edwards,6,9,8,57.1,1,0,0,10,0,0,0,1,192,4,6,0,96,2022,Round 7,2022-04-29,10598
West Coast,Jamie Cripps,6,6,9,75.0,1,1,1,1,0,0,1,4,196,2,1,2,88,2022,Round 7,2022-04-29,10598
West Coast,Jeremy Mcgovern,6,6,7,63.6,3,0,0,10,0,0,0,1,219,4,6,0,75,2022,Round 7,2022-04-29,10598
West Coast,Jackson Nelson,3,8,7,63.6,0,0,0,2,0,0,0,0,85,2,4,0,86,2022,Round 7,2022-04-29,10598
West Coast,Luke Strnadica,6,5,7,70.0,0,0,0,4,0,3,1,3,65,5,1,0,84,2022,Round 7,2022-04-29,10598
West Coast,Xavier O Neill,3,8,8,80.0,0,1,0,0,0,0,0,3,218,4,1,0,65,2022,Round 7,2022-04-29,10598
West Coast,Joshua Kennedy,5,2,5,71.4,4,0,4,2,0,0,0,6,166,1,0,0,88,2022,Round 7,2022-04-29,10598
West Coast,Willie Rioli,3,4,4,57.1,0,1,0,0,0,0,0,2,163,0,3,0,31,2022,Round 7,2022-04-29,10598
West Coast,Hugh Dixon,3,5,5,71.4,1,1,1,1,0,0,1,5,59,1,0,1,80,2022,Round 7,2022-04-29,10598
West Coast,Jake Waterman,3,3,4,66.7,1,0,0,1,0,0,0,1,26,1,0,1,81,2022,Round 7,2022-04-29,10598
West Coast,Liam Ryan,2,1,2,50.0,1,0,1,0,0,0,0,2,69,0,1,1,82,2022,Round 7,2022-04-29,10598
Richmond,Jayden Short,9,23,25,80.6,0,3,0,4,1,3,2,7,792,5,4,0,84,2022,Round 7,2022-04-29,10598
Richmond,Shai Bolton,11,16,20,66.7,0,4,1,1,6,6,1,15,719,5,2,1,89,2022,Round 7,2022-04-29,10598
Richmond,Nick Vlastuin,9,13,20,83.3,2,0,0,5,0,0,0,4,341,3,14,0,86,2022,Round 7,2022-04-29,10598
Richmond,Daniel Rioli,4,18,20,87.0,1,1,0,2,1,0,0,7,617,4,4,0,80,2022,Round 7,2022-04-29,10598
Richmond,Kane Lambert,7,12,16,72.7,0,0,0,0,1,0,3,9,296,4,2,0,73,2022,Round 7,2022-04-29,10598
Richmond,Liam Baker,7,16,18,81.8,1,0,0,2,0,0,1,6,321,2,7,0,77,2022,Round 7,2022-04-29,10598
Richmond,Kamdyn Mcintosh,4,17,16,76.2,0,0,1,3,2,0,0,7,423,6,6,0,84,2022,Round 7,2022-04-29,10598
Richmond,Thomas Lynch,13,7,13,68.4,8,1,9,2,0,0,1,15,349,4,2,1,91,2022,Round 7,2022-04-29,10598
Richmond,Jason Castagna,7,12,8,42.1,2,3,2,1,0,0,0,8,422,7,3,0,77,2022,Round 7,2022-04-29,10598
Richmond,Dion Prestia,8,8,11,68.8,0,0,1,0,0,3,1,2,251,5,2,0,55,2022,Round 7,2022-04-29,10598
Richmond,Noah Balta,6,10,12,75.0,2,1,0,4,1,0,0,3,405,2,5,0,94,2022,Round 7,2022-04-29,10598
Richmond,Riley Collier Dawkins,7,9,11,68.8,0,1,0,3,0,2,3,2,134,3,1,0,82,2022,Round 7,2022-04-29,10598
Richmond,Shane Edwards,5,10,13,86.7,0,1,0,0,0,3,0,7,396,2,2,0,82,2022,Round 7,2022-04-29,10598
Richmond,Jack Graham,5,10,10,66.7,0,2,0,0,0,0,1,8,322,4,1,2,83,2022,Round 7,2022-04-29,10598
Richmond,Toby Nankervis,6,6,10,71.4,0,1,0,1,0,1,1,4,96,0,2,1,74,2022,Round 7,2022-04-29,10598
Richmond,Maurice Rioli 1,8,7,12,85.7,0,0,2,2,0,0,0,9,189,1,6,2,68,2022,Round 7,2022-04-29,10598
Richmond,Josh Gibcus,6,6,10,83.3,2,0,0,10,0,0,0,4,174,4,8,0,92,2022,Round 7,2022-04-29,10598
Richmond,Jack Riewoldt,5,6,9,81.8,2,0,4,0,0,0,0,8,141,3,0,1,98,2022,Round 7,2022-04-29,10598
Richmond,Ivan Soldo,0,9,7,70.0,0,0,2,1,0,0,0,5,110,2,1,0,69,2022,Round 7,2022-04-29,10598
Richmond,Dylan Grimes,4,3,7,77.8,0,0,0,3,0,0,0,1,113,1,5,0,75,2022,Round 7,2022-04-29,10598
Richmond,Nathan Broad,3,5,7,87.5,2,0,0,2,0,0,0,3,110,2,3,0,78,2022,Round 7,2022-04-29,10598
Richmond,Jack Ross,4,2,5,83.3,0,0,0,0,0,1,1,2,48,0,1,0,28,2022,Round 7,2022-04-29,10598
Richmond,Sydney Stack,2,4,2,40.0,0,1,1,3,0,0,0,4,134,1,0,1,83,2022,Round 7,2022-04-29,10598
Adelaide,Rory Laird,10,25,30,85.7,0,0,0,0,0,2,2,4,284,9,7,0,83,2022,Round 7,2022-04-30,10600
Adelaide,Ben Keays,13,15,19,70.4,0,0,0,1,0,5,2,4,422,6,3,1,85,2022,Round 7,2022-04-30,10600
Adelaide,Matt Crouch,10,17,16,66.7,0,0,0,1,0,1,4,2,393,7,2,0,68,2022,Round 7,2022-04-30,10600
Adelaide,Jordan Dawson,3,17,19,79.2,1,0,0,3,0,0,0,3,513,4,5,0,85,2022,Round 7,2022-04-30,10600
Adelaide,Tom Doedee,12,6,14,73.7,0,0,0,6,0,0,1,1,175,2,11,0,97,2022,Round 7,2022-04-30,10600
Adelaide,Reilly O Brien,8,9,11,61.1,0,0,0,3,0,1,5,2,141,1,1,0,92,2022,Round 7,2022-04-30,10600
Adelaide,Brodie Smith,3,14,16,94.1,1,0,0,3,0,0,0,0,531,4,3,0,52,2022,Round 7,2022-04-30,10600
Adelaide,Jackson Hately,2,14,13,76.5,0,0,0,2,0,0,0,2,179,3,0,0,77,2022,Round 7,2022-04-30,10600
Adelaide,Taylor Walker,8,8,11,68.8,1,2,1,0,0,0,1,7,319,4,1,1,84,2022,Round 7,2022-04-30,10600
Adelaide,Sam Berry,7,8,12,80.0,0,1,0,2,0,1,4,2,250,3,3,2,71,2022,Round 7,2022-04-30,10600
Adelaide,Brayden Cook,2,12,8,57.1,0,0,0,0,0,0,0,2,217,6,1,0,86,2022,Round 7,2022-04-30,10600
Adelaide,Billy Frampton,2,10,12,92.3,1,0,0,4,0,0,1,2,314,2,2,0,99,2022,Round 7,2022-04-30,10600
Adelaide,Lachlan Sholl,5,9,9,69.2,0,0,0,2,0,1,0,1,60,3,4,1,84,2022,Round 7,2022-04-30,10600
Adelaide,Luke Brown,6,6,12,100.0,0,0,0,3,0,0,1,2,198,3,6,0,83,2022,Round 7,2022-04-30,10600
Adelaide,Lachlan Murphy,5,7,7,58.3,0,1,1,1,0,1,1,7,280,3,3,1,86,2022,Round 7,2022-04-30,10600
Adelaide,Chayce Jones,2,10,10,83.3,0,0,0,1,0,0,0,1,249,2,2,0,75,2022,Round 7,2022-04-30,10600
Adelaide,Josh Rachele,7,6,10,90.9,0,0,0,1,0,1,2,1,155,3,2,1,80,2022,Round 7,2022-04-30,10600
Adelaide,Elliot Himmelberg,5,5,7,77.8,0,1,0,4,0,0,0,1,25,0,0,1,81,2022,Round 7,2022-04-30,10600
Adelaide,Jordon Butts,3,5,7,77.8,0,0,0,3,0,0,0,0,67,1,5,0,85,2022,Round 7,2022-04-30,10600
Adelaide,Harry Schoenberg,4,5,7,77.8,0,0,1,1,0,0,3,2,133,1,0,1,33,2022,Round 7,2022-04-30,10600
Adelaide,Shane Mcadam,3,2,3,42.9,0,2,0,1,0,0,0,3,46,2,3,1,83,2022,Round 7,2022-04-30,10600
Adelaide,Edward Mchenry,3,5,5,71.4,0,0,0,3,0,0,0,3,89,4,0,0,61,2022,Round 7,2022-04-30,10600
Adelaide,Lachlan Gollant,2,4,5,83.3,0,0,0,3,0,0,0,1,47,0,1,0,70,2022,Round 7,2022-04-30,10600
Greater Western Sydney,Joshua Kelly,17,24,30,73.2,0,2,0,0,0,2,6,11,736,2,2,0,81,2022,Round 7,2022-04-30,10600
Greater Western Sydney,Isaac Cumming,15,15,25,75.8,1,0,0,3,0,1,1,4,402,7,15,0,76,2022,Round 7,2022-04-30,10600
Greater Western Sydney,Tom Green,17,9,21,87.5,2,2,0,0,1,2,3,5,327,4,7,0,85,2022,Round 7,2022-04-30,10600
Greater Western Sydney,Lachlan Ash,5,19,20,83.3,0,1,0,3,0,1,2,8,155,4,3,1,82,2022,Round 7,2022-04-30,10600
Greater Western Sydney,Tim Taranto,9,13,16,69.6,0,3,1,1,0,2,3,8,433,3,2,0,84,2022,Round 7,2022-04-30,10600
Greater Western Sydney,Callan Ward,8,15,19,90.5,0,0,0,2,2,3,1,4,195,2,0,1,66,2022,Round 7,2022-04-30,10600
Greater Western Sydney,Harry Perryman,6,16,19,90.5,0,0,0,2,0,0,0,6,261,2,2,1,83,2022,Round 7,2022-04-30,10600
Greater Western Sydney,Stephen Coniglio,9,10,14,70.0,2,0,3,0,0,1,3,9,262,7,0,6,81,2022,Round 7,2022-04-30,10600
Greater Western Sydney,Connor Idun,8,11,16,80.0,0,0,0,5,0,0,0,2,353,5,10,0,86,2022,Round 7,2022-04-30,10600
Greater Western Sydney,Lachie Whitfield,4,15,14,73.7,0,0,0,0,0,0,3,5,255,2,0,3,84,2022,Round 7,2022-04-30,10600
Greater Western Sydney,Sam Taylor,9,10,13,68.4,1,0,0,12,0,0,1,1,203,3,12,0,98,2022,Round 7,2022-04-30,10600
Greater Western Sydney,Adam Kennedy,3,16,13,72.2,0,0,0,4,0,0,1,4,238,4,4,0,90,2022,Round 7,2022-04-30,10600
Greater Western Sydney,Jesse Hogan,6,12,12,66.7,3,1,7,3,0,0,0,11,300,2,0,4,84,2022,Round 7,2022-04-30,10600
Greater Western Sydney,Toby Greene,6,12,11,64.7,1,1,3,1,0,0,0,11,297,3,0,1,92,2022,Round 7,2022-04-30,10600
Greater Western Sydney,Finn Callaghan,3,16,13,76.5,1,1,0,0,1,0,1,6,400,3,1,0,78,2022,Round 7,2022-04-30,10600
Greater Western Sydney,Harrison Himmelberg,3,10,11,78.6,2,1,2,3,0,0,0,5,204,1,0,2,90,2022,Round 7,2022-04-30,10600
Greater Western Sydney,Cooper Hamilton,3,9,10,83.3,0,0,0,3,0,0,0,2,140,1,6,0,81,2022,Round 7,2022-04-30,10600
Greater Western Sydney,Nick Haynes,3,8,8,72.7,1,1,0,1,0,0,1,3,280,3,4,0,86,2022,Round 7,2022-04-30,10600
Greater Western Sydney,Ian Hill,4,7,7,63.6,0,0,1,0,0,0,1,4,154,3,0,1,66,2022,Round 7,2022-04-30,10600
Greater Western Sydney,Braydon Preuss,7,2,5,50.0,4,2,0,3,0,0,2,7,368,3,4,1,74,2022,Round 7,2022-04-30,10600
Greater Western Sydney,Matthew Flynn,6,2,6,75.0,1,0,0,3,0,1,3,2,88,1,1,1,70,2022,Round 7,2022-04-30,10600
Greater Western Sydney,Lachlan Keeffe,1,2,3,100.0,1,0,0,10,0,0,0,2,0,0,1,0,83,2022,Round 7,2022-04-30,10600
Geelong,Thomas Stewart,10,29,32,80.0,2,1,0,6,0,1,0,7,962,8,11,0,82,2022,Round 7,2022-04-30,10599
Geelong,Cameron Guthrie,14,21,22,62.9,0,2,0,3,0,4,4,6,447,5,3,0,81,2022,Round 7,2022-04-30,10599
Geelong,Shaun Higgins,6,15,15,71.4,0,2,1,0,0,0,3,3,594,8,2,2,78,2022,Round 7,2022-04-30,10599
Geelong,Bradley Close,7,13,15,71.4,0,1,1,1,1,0,0,2,163,3,3,3,78,2022,Round 7,2022-04-30,10599
Geelong,Joel Selwood,10,8,11,55.0,0,0,0,2,0,3,1,4,125,5,6,0,74,2022,Round 7,2022-04-30,10599
Geelong,Zach Tuohy,8,9,17,85.0,1,0,0,1,1,0,3,1,129,2,5,0,88,2022,Round 7,2022-04-30,10599
Geelong,Mark Blicavs,14,6,16,80.0,2,0,1,3,0,1,3,6,309,2,6,0,79,2022,Round 7,2022-04-30,10599
Geelong,Mitchell Duncan,3,13,12,63.2,0,0,0,2,1,0,2,3,362,4,2,0,83,2022,Round 7,2022-04-30,10599
Geelong,Brandan Parfitt,13,8,12,63.2,0,0,0,0,0,3,2,4,197,6,3,1,67,2022,Round 7,2022-04-30,10599
Geelong,Isaac Smith,5,9,14,77.8,0,0,0,0,1,0,1,3,446,3,5,0,80,2022,Round 7,2022-04-30,10599
Geelong,Tom Atkins,6,11,12,70.6,1,0,0,2,0,0,1,1,256,4,6,0,84,2022,Round 7,2022-04-30,10599
Geelong,Jeremy Cameron,4,10,10,71.4,1,0,1,1,0,0,0,4,71,4,2,0,97,2022,Round 7,2022-04-30,10599
Geelong,Tyson Stengle,8,6,10,71.4,1,0,1,1,0,0,3,5,222,2,1,1,85,2022,Round 7,2022-04-30,10599
Geelong,Jake Kolodjashnij,1,11,9,75.0,1,0,0,5,0,0,0,0,263,4,2,0,90,2022,Round 7,2022-04-30,10599
Geelong,Mark O Connor,2,9,10,83.3,0,0,0,2,0,0,0,1,186,2,4,0,82,2022,Round 7,2022-04-30,10599
Geelong,Sam De Koning,5,7,10,83.3,3,0,0,7,0,0,0,0,145,2,7,0,100,2022,Round 7,2022-04-30,10599
Geelong,Rhys Stanley,9,2,8,72.7,4,0,2,2,0,0,1,3,145,2,2,0,79,2022,Round 7,2022-04-30,10599
Geelong,Gryan Miers,5,7,6,60.0,1,0,1,1,0,0,0,4,188,4,3,0,82,2022,Round 7,2022-04-30,10599
Geelong,Tom Hawkins,7,2,5,55.6,3,0,4,2,0,0,0,5,79,1,1,2,96,2022,Round 7,2022-04-30,10599
Geelong,Luke Dahlhaus,2,4,4,57.1,0,0,1,1,0,0,0,2,41,2,0,0,52,2022,Round 7,2022-04-30,10599
Geelong,Jed Bews,2,3,3,60.0,0,0,0,3,0,0,0,0,89,0,1,0,90,2022,Round 7,2022-04-30,10599
Geelong,Max Holmes,2,2,2,50.0,0,0,0,0,0,0,1,0,103,0,0,0,13,2022,Round 7,2022-04-30,10599
Geelong,Ollie Dempsey,1,2,3,100.0,0,0,0,0,0,0,0,1,-5,0,0,0,59,2022,Round 7,2022-04-30,10599
Fremantle,Andrew Brayshaw,8,21,18,64.3,0,0,0,1,0,1,2,4,512,6,2,1,81,2022,Round 7,2022-04-30,10599
Fremantle,Blake Acres,10,16,20,74.1,1,0,1,1,0,0,2,5,675,9,6,0,81,2022,Round 7,2022-04-30,10599
Fremantle,Caleb Serong,9,16,15,60.0,0,0,0,0,0,1,3,2,354,8,3,0,76,2022,Round 7,2022-04-30,10599
Fremantle,Jordan Clark,7,17,18,75.0,0,1,0,2,0,0,5,1,424,5,6,0,87,2022,Round 7,2022-04-30,10599
Fremantle,David Mundy,11,13,19,86.4,0,0,1,2,0,4,3,2,99,3,3,0,69,2022,Round 7,2022-04-30,10599
Fremantle,Luke Ryan,2,14,13,65.0,0,0,0,4,1,0,0,1,526,7,5,0,81,2022,Round 7,2022-04-30,10599
Fremantle,James Aish,7,12,12,63.2,1,1,1,0,0,0,0,5,361,3,8,0,81,2022,Round 7,2022-04-30,10599
Fremantle,Will Brodie,9,11,13,68.4,0,0,0,0,0,0,3,6,330,4,4,2,64,2022,Round 7,2022-04-30,10599
Fremantle,Sam Switkowski,8,9,13,72.2,0,1,0,0,0,1,4,6,200,2,1,3,81,2022,Round 7,2022-04-30,10599
Fremantle,Darcy Tucker,5,11,14,82.4,0,0,0,0,0,1,4,3,280,1,0,0,70,2022,Round 7,2022-04-30,10599
Fremantle,Nathan O Driscoll,3,16,13,76.5,0,0,0,2,0,0,1,3,364,3,2,0,64,2022,Round 7,2022-04-30,10599
Fremantle,Rory Lobb,10,6,10,66.7,1,0,2,5,0,0,1,5,126,1,2,1,100,2022,Round 7,2022-04-30,10599
Fremantle,Lachlan Schultz,3,9,11,78.6,0,0,1,2,0,0,1,6,203,3,2,3,87,2022,Round 7,2022-04-30,10599
Fremantle,Travis Colyer,5,10,12,92.3,0,2,0,2,2,0,0,4,157,0,0,2,87,2022,Round 7,2022-04-30,10599
Fremantle,Griffin Logue,9,4,11,84.6,0,0,0,6,0,0,0,2,112,1,8,0,95,2022,Round 7,2022-04-30,10599
Fremantle,Michael Walters,4,8,8,66.7,1,0,2,1,0,0,0,1,181,5,0,3,90,2022,Round 7,2022-04-30,10599
Fremantle,Lloyd Meek,9,4,10,83.3,1,0,0,3,0,2,2,3,35,3,2,0,86,2022,Round 7,2022-04-30,10599
Fremantle,Alex Pearce,4,6,7,63.6,0,0,0,3,0,0,1,1,68,3,6,0,96,2022,Round 7,2022-04-30,10599
Fremantle,Brennan Cox,6,5,7,63.6,0,0,0,5,0,0,0,0,218,2,7,0,82,2022,Round 7,2022-04-30,10599
Fremantle,Minairo Frederick,5,5,10,100.0,0,0,0,0,0,1,1,5,87,1,1,1,80,2022,Round 7,2022-04-30,10599
Fremantle,Brandon Walker,4,5,4,44.4,0,0,0,2,0,0,0,1,124,2,4,0,78,2022,Round 7,2022-04-30,10599
Fremantle,Josh Treacy,3,2,3,60.0,0,1,0,4,0,0,0,1,126,3,1,2,84,2022,Round 7,2022-04-30,10599
Melbourne,Clayton Oliver,10,23,25,75.8,0,1,0,1,0,1,4,11,461,6,4,1,89,2022,Round 7,2022-04-30,10601
Melbourne,Christian Petracca,8,24,26,83.9,0,3,2,1,0,1,2,10,637,4,1,0,89,2022,Round 7,2022-04-30,10601
Melbourne,Max Gawn,14,14,16,55.2,1,0,3,1,0,5,4,11,406,6,4,1,89,2022,Round 7,2022-04-30,10601
Melbourne,Angus Brayshaw,5,21,19,73.1,1,0,0,0,0,0,0,5,360,4,9,0,89,2022,Round 7,2022-04-30,10601
Melbourne,Jack Viney,10,15,17,73.9,0,0,0,4,0,2,3,4,285,6,1,1,76,2022,Round 7,2022-04-30,10601
Melbourne,Jake Bowey,7,13,16,76.2,0,0,0,1,0,2,3,6,363,7,4,0,75,2022,Round 7,2022-04-30,10601
Melbourne,Steven May,3,4,16,80.0,1,0,0,9,0,0,0,2,687,4,4,0,100,2022,Round 7,2022-04-30,10601
Melbourne,James Jordon,7,12,16,84.2,0,0,0,0,1,0,2,5,214,2,1,1,82,2022,Round 7,2022-04-30,10601
Melbourne,Trent Rivers,4,12,12,70.6,0,0,0,0,0,0,0,1,228,3,4,0,68,2022,Round 7,2022-04-30,10601
Melbourne,James Harmes,5,12,10,62.5,0,1,0,2,0,0,0,6,314,2,2,0,74,2022,Round 7,2022-04-30,10601
Melbourne,Tom Mcdonald,7,7,9,69.2,1,1,4,5,0,0,0,9,184,3,2,1,78,2022,Round 7,2022-04-30,10601
Melbourne,Jake Melksham,5,7,7,58.3,1,1,1,2,0,2,0,5,271,4,1,1,75,2022,Round 7,2022-04-30,10601
Melbourne,Luke Dunstan,5,7,10,90.9,1,3,0,1,0,0,2,4,191,2,1,0,67,2022,Round 7,2022-04-30,10601
Melbourne,Ben Brown,4,8,10,90.9,0,0,0,2,0,0,0,6,254,2,0,1,86,2022,Round 7,2022-04-30,10601
Melbourne,Jake Lever,8,3,6,60.0,1,0,0,3,0,0,0,1,104,2,8,0,100,2022,Round 7,2022-04-30,10601
Melbourne,Jayden Hunt,2,7,6,66.7,0,0,0,4,0,0,0,0,241,2,5,0,91,2022,Round 7,2022-04-30,10601
Melbourne,Ed Langdon,7,3,4,44.4,0,1,0,3,0,0,2,3,178,3,3,1,100,2022,Round 7,2022-04-30,10601
Melbourne,Bayley Fritsch,8,1,6,66.7,0,1,1,2,0,0,1,6,176,1,0,1,84,2022,Round 7,2022-04-30,10601
Melbourne,Toby Bedford,3,5,6,66.7,0,0,1,3,1,0,1,5,165,1,0,0,69,2022,Round 7,2022-04-30,10601
Melbourne,Charlie Spargo,1,7,7,87.5,0,0,0,1,0,0,0,3,165,2,2,1,71,2022,Round 7,2022-04-30,10601
Melbourne,Sam Weideman,6,2,5,62.5,1,0,1,0,0,1,0,2,40,2,1,1,71,2022,Round 7,2022-04-30,10601
Melbourne,Joel Smith 1,5,1,5,100.0,0,0,0,2,0,0,0,1,30,0,4,0,59,2022,Round 7,2022-04-30,10601
Melbourne,Kade Chandler,0,3,3,100.0,0,0,0,0,0,0,0,1,6,0,0,0,16,2022,Round 7,2022-04-30,10601
Hawthorn,Dylan Moore,6,29,27,81.8,0,1,1,1,0,0,1,7,546,2,5,0,87,2022,Round 7,2022-04-30,10601
Hawthorn,James Sicily,7,16,20,76.9,2,0,0,5,1,0,0,0,631,6,10,0,92,2022,Round 7,2022-04-30,10601
Hawthorn,James Worpel,14,12,13,50.0,0,0,0,2,0,1,3,7,468,10,4,1,79,2022,Round 7,2022-04-30,10601
Hawthorn,Jaeger O Meara,13,11,14,58.3,0,0,0,1,0,2,2,6,248,4,2,0,72,2022,Round 7,2022-04-30,10601
Hawthorn,Tom Mitchell,10,13,12,54.5,0,0,0,0,0,3,3,5,265,3,1,2,71,2022,Round 7,2022-04-30,10601
Hawthorn,Jarman Impey,2,20,19,90.5,0,0,0,0,1,0,0,3,228,2,3,0,86,2022,Round 7,2022-04-30,10601
Hawthorn,Jai Newcombe,6,18,14,66.7,0,0,0,1,0,1,1,5,487,5,3,0,77,2022,Round 7,2022-04-30,10601
Hawthorn,Jack Scrimshaw,8,10,16,80.0,1,0,0,3,2,0,0,2,348,2,7,0,82,2022,Round 7,2022-04-30,10601
Hawthorn,Will Day,7,15,16,80.0,0,0,0,5,0,0,1,4,221,4,7,0,84,2022,Round 7,2022-04-30,10601
Hawthorn,Jack Gunston,7,11,11,61.1,0,3,1,3,0,0,0,9,282,4,2,0,95,2022,Round 7,2022-04-30,10601
Hawthorn,Chad Wingard,6,10,8,47.1,0,0,1,2,0,1,1,7,306,3,1,0,82,2022,Round 7,2022-04-30,10601
Hawthorn,Blake Hardwick,6,7,15,88.2,2,0,0,3,0,0,1,4,193,2,8,0,89,2022,Round 7,2022-04-30,10601
Hawthorn,Finn Maginness,3,9,6,50.0,0,0,0,1,0,0,0,2,210,3,1,0,96,2022,Round 7,2022-04-30,10601
Hawthorn,Sam Frost,2,9,10,90.9,0,0,0,6,0,0,0,0,171,3,6,0,100,2022,Round 7,2022-04-30,10601
Hawthorn,Connor Macdonald,5,6,10,90.9,0,0,0,0,0,0,0,2,95,0,1,1,62,2022,Round 7,2022-04-30,10601
Hawthorn,Liam Shiels,2,7,10,100.0,1,1,0,1,0,0,0,2,200,0,1,1,76,2022,Round 7,2022-04-30,10601
Hawthorn,Luke Breust,3,8,3,30.0,0,1,2,3,0,0,0,7,240,0,0,2,80,2022,Round 7,2022-04-30,10601
Hawthorn,Conor Nash,4,7,6,60.0,0,0,0,3,0,1,1,3,240,1,1,0,69,2022,Round 7,2022-04-30,10601
Hawthorn,Jacob Koschitzke,5,4,8,80.0,0,0,3,1,0,0,0,6,165,2,2,1,87,2022,Round 7,2022-04-30,10601
Hawthorn,Max Lynch,5,2,6,75.0,0,0,0,2,0,1,1,3,74,1,1,0,81,2022,Round 7,2022-04-30,10601
Hawthorn,Lachlan Bramble,2,5,6,75.0,0,0,0,1,0,1,0,3,190,1,2,0,77,2022,Round 7,2022-04-30,10601
Hawthorn,Jackson Callow,2,4,5,83.3,1,0,0,1,0,0,0,2,30,1,0,0,63,2022,Round 7,2022-04-30,10601
Hawthorn,Daniel Howe,0,1,2,100.0,0,0,0,0,0,1,0,0,99,1,0,0,12,2022,Round 7,2022-04-30,10601
St Kilda,Sebastian Ross,9,22,19,61.3,0,0,0,2,0,0,3,4,752,9,5,0,84,2022,Round 7,2022-04-30,10602
St Kilda,Jack Steele,12,12,20,74.1,1,0,0,2,0,3,3,4,450,4,3,0,87,2022,Round 7,2022-04-30,10602
St Kilda,Brad Crouch,8,11,11,45.8,0,0,0,0,0,2,4,3,270,9,3,1,83,2022,Round 7,2022-04-30,10602
St Kilda,Mason Wood,16,9,13,56.5,1,0,0,4,0,0,4,3,294,9,8,0,79,2022,Round 7,2022-04-30,10602
St Kilda,Jack Sinclair,9,10,15,65.2,0,0,0,2,0,0,0,4,482,11,10,0,85,2022,Round 7,2022-04-30,10602
St Kilda,Jade Gresham,12,7,12,54.5,0,0,0,0,0,0,1,4,379,6,4,1,74,2022,Round 7,2022-04-30,10602
St Kilda,Bradley Hill,6,12,15,75.0,0,2,0,2,1,0,0,7,408,4,4,0,93,2022,Round 7,2022-04-30,10602
St Kilda,Jimmy Webster,6,10,16,84.2,0,0,0,3,0,0,1,3,292,2,4,0,79,2022,Round 7,2022-04-30,10602
St Kilda,Daniel Mckenzie,8,8,12,63.2,0,0,0,5,0,0,2,6,363,4,6,0,74,2022,Round 7,2022-04-30,10602
St Kilda,Ben Paton,10,4,11,61.1,0,0,0,3,0,0,0,1,328,7,9,0,85,2022,Round 7,2022-04-30,10602
St Kilda,Nasiah Wanganeen Milera,5,11,13,72.2,0,0,0,2,1,0,0,4,467,3,5,0,77,2022,Round 7,2022-04-30,10602
St Kilda,Josh Battle,6,9,11,64.7,1,0,0,0,0,0,0,0,414,5,9,0,80,2022,Round 7,2022-04-30,10602
St Kilda,Ben Long,5,11,12,75.0,0,0,0,4,0,0,0,1,284,3,7,0,81,2022,Round 7,2022-04-30,10602
St Kilda,Tim Membrey,6,8,11,78.6,1,0,0,5,0,0,0,2,214,5,1,1,88,2022,Round 7,2022-04-30,10602
St Kilda,Dougal Howard,4,3,10,76.9,1,1,0,16,0,0,0,4,328,1,7,0,95,2022,Round 7,2022-04-30,10602
St Kilda,Callum Wilkie,5,7,13,100.0,0,0,0,8,0,0,0,1,195,1,8,0,100,2022,Round 7,2022-04-30,10602
St Kilda,Marcus Windhager,5,8,9,69.2,0,0,0,1,0,1,0,3,197,1,2,0,70,2022,Round 7,2022-04-30,10602
St Kilda,Tom Campbell,9,3,8,72.7,1,0,1,5,0,1,2,1,190,2,3,0,50,2022,Round 7,2022-04-30,10602
St Kilda,Jack Higgins,3,7,3,33.3,0,0,3,1,0,0,0,5,179,4,0,1,89,2022,Round 7,2022-04-30,10602
St Kilda,Max King 1,6,3,3,33.3,1,0,2,1,0,0,0,5,176,2,0,0,91,2022,Round 7,2022-04-30,10602
St Kilda,Patrick Ryder,5,3,4,50.0,1,0,1,2,0,1,3,4,161,2,0,0,76,2022,Round 7,2022-04-30,10602
St Kilda,Daniel Butler,5,4,5,62.5,0,0,0,3,0,0,1,4,121,3,2,2,82,2022,Round 7,2022-04-30,10602
Port Adelaide,Oliver Wines,13,10,21,77.8,0,0,0,1,0,0,4,7,304,6,5,1,82,2022,Round 7,2022-04-30,10602
Port Adelaide,Ryan Burton,8,13,18,72.0,0,1,0,3,0,0,0,3,834,5,11,0,83,2022,Round 7,2022-04-30,10602
Port Adelaide,Karl Amon,4,19,13,56.5,0,0,0,2,0,0,1,5,723,5,5,0,82,2022,Round 7,2022-04-30,10602
Port Adelaide,Dan Houston,4,20,14,60.9,0,0,0,4,0,1,1,4,676,8,7,0,87,2022,Round 7,2022-04-30,10602
Port Adelaide,Zak Butters,11,10,16,69.6,0,0,0,1,3,2,3,6,399,4,7,0,70,2022,Round 7,2022-04-30,10602
Port Adelaide,Connor Rozee,9,14,17,73.9,0,1,0,0,0,0,3,5,336,3,2,0,86,2022,Round 7,2022-04-30,10602
Port Adelaide,Travis Boak,4,17,13,59.1,0,0,1,1,0,0,3,2,321,9,2,1,84,2022,Round 7,2022-04-30,10602
Port Adelaide,Riley Bonner,2,13,18,81.8,0,0,0,1,0,0,0,2,684,4,2,0,77,2022,Round 7,2022-04-30,10602
Port Adelaide,Trent Dumont,6,12,16,80.0,0,0,0,1,0,0,2,3,290,4,5,0,84,2022,Round 7,2022-04-30,10602
Port Adelaide,Sam Powell Pepper,9,9,12,60.0,0,0,0,1,0,0,0,4,273,6,2,0,79,2022,Round 7,2022-04-30,10602
Port Adelaide,Darcy Byrne Jones,5,13,13,72.2,0,0,0,2,0,0,1,0,193,6,9,0,73,2022,Round 7,2022-04-30,10602
Port Adelaide,Steven Motlop,7,8,9,52.9,1,0,0,2,0,0,0,4,316,12,2,0,71,2022,Round 7,2022-04-30,10602
Port Adelaide,Robert Gray,5,10,11,73.3,1,1,1,2,0,0,0,8,249,1,0,1,89,2022,Round 7,2022-04-30,10602
Port Adelaide,Aliir Aliir,9,7,11,73.3,1,0,0,7,0,0,0,0,174,1,14,0,96,2022,Round 7,2022-04-30,10602
Port Adelaide,Kane Farrell,5,7,8,57.1,0,0,2,5,0,0,2,4,314,8,3,1,72,2022,Round 7,2022-04-30,10602
Port Adelaide,Willem Drew,8,6,10,76.9,0,0,0,1,0,1,1,1,80,2,2,0,68,2022,Round 7,2022-04-30,10602
Port Adelaide,Tom Clurey,7,2,10,100.0,2,0,0,3,0,0,0,2,76,0,8,0,89,2022,Round 7,2022-04-30,10602
Port Adelaide,Jeremy Finlayson,6,5,6,60.0,0,0,0,5,0,1,0,3,111,4,2,1,71,2022,Round 7,2022-04-30,10602
Port Adelaide,Thomas Jonas,3,5,6,66.7,1,0,0,10,0,0,0,0,216,3,6,0,95,2022,Round 7,2022-04-30,10602
Port Adelaide,Mitch Georgiades,3,5,4,50.0,0,0,1,1,0,0,0,2,149,4,0,0,65,2022,Round 7,2022-04-30,10602
Port Adelaide,Todd Marshall,1,6,6,85.7,0,0,1,5,0,0,0,2,57,0,0,0,90,2022,Round 7,2022-04-30,10602
Port Adelaide,Sam Hayes,5,3,6,85.7,0,0,0,7,0,0,2,1,84,2,3,0,80,2022,Round 7,2022-04-30,10602
Port Adelaide,Xavier Duursma,2,2,2,50.0,0,0,0,1,0,0,0,0,89,2,1,0,26,2022,Round 7,2022-04-30,10602
Carlton,Patrick Cripps,18,16,24,68.6,1,0,3,0,0,4,6,11,386,4,1,1,84,2022,Round 7,2022-04-30,10603
Carlton,Sam Docherty,6,22,25,75.8,1,0,0,3,2,1,0,7,506,4,6,0,87,2022,Round 7,2022-04-30,10603
Carlton,Sam Walsh,9,21,24,82.8,0,2,0,1,0,3,1,8,352,2,3,0,86,2022,Round 7,2022-04-30,10603
Carlton,Adam Cerra,9,17,16,61.5,0,1,1,0,0,4,2,7,473,4,0,0,75,2022,Round 7,2022-04-30,10603
Carlton,Adam Saad,6,17,22,88.0,0,1,0,6,3,0,0,7,470,4,12,0,76,2022,Round 7,2022-04-30,10603
Carlton,Matthew Kennedy 1,14,10,18,75.0,0,1,1,3,0,7,4,5,252,2,0,1,73,2022,Round 7,2022-04-30,10603
Carlton,Jack Newnes,7,16,18,81.8,1,1,1,1,2,0,1,6,313,2,5,0,89,2022,Round 7,2022-04-30,10603
Carlton,Zac Fisher,3,20,16,76.2,0,2,0,0,0,0,0,7,472,5,3,1,86,2022,Round 7,2022-04-30,10603
Carlton,Jack Carroll,5,15,12,63.2,0,3,1,0,0,0,4,8,411,3,0,0,68,2022,Round 7,2022-04-30,10603
Carlton,Nic Newman,6,11,18,100.0,0,0,0,1,0,0,0,4,253,0,6,0,81,2022,Round 7,2022-04-30,10603
Carlton,Harry Mckay,9,7,8,53.3,4,0,4,0,0,0,2,6,334,4,1,1,90,2022,Round 7,2022-04-30,10603
Carlton,Lochie O Brien,4,12,13,86.7,0,1,0,0,0,0,0,3,260,3,1,1,80,2022,Round 7,2022-04-30,10603
Carlton,Lachlan Plowman,5,8,9,69.2,0,0,0,4,0,0,1,2,179,1,3,0,90,2022,Round 7,2022-04-30,10603
Carlton,Jack Martin,8,5,9,69.2,2,0,2,2,0,0,0,8,136,2,2,3,75,2022,Round 7,2022-04-30,10603
Carlton,Jack Silvagni,3,9,11,84.6,0,0,0,0,0,2,0,3,159,1,1,1,79,2022,Round 7,2022-04-30,10603
Carlton,Charlie Curnow,7,6,5,41.7,3,0,4,3,0,0,0,8,214,0,0,0,94,2022,Round 7,2022-04-30,10603
Carlton,Lewis Young,3,9,12,100.0,1,0,0,9,0,0,0,3,106,0,7,0,100,2022,Round 7,2022-04-30,10603
Carlton,Corey Durdin,4,5,7,63.6,0,1,0,3,0,0,1,4,178,3,2,2,72,2022,Round 7,2022-04-30,10603
Carlton,Jacob Weitering,2,8,9,90.0,0,0,0,7,0,0,0,2,411,1,6,0,91,2022,Round 7,2022-04-30,10603
Carlton,Tom De Koning,5,4,6,60.0,0,0,0,2,0,1,1,6,49,3,1,0,73,2022,Round 7,2022-04-30,10603
Carlton,Liam Stocker,1,5,5,71.4,0,0,0,3,0,0,0,1,105,2,2,0,52,2022,Round 7,2022-04-30,10603
Carlton,Matt Owies,2,3,4,80.0,0,0,0,0,0,0,0,2,80,1,0,6,77,2022,Round 7,2022-04-30,10603
Carlton,Matt Cottrell,0,3,3,100.0,0,0,0,0,0,0,0,1,33,0,0,0,22,2022,Round 7,2022-04-30,10603
North Melbourne,Bailey Scott,5,16,19,82.6,0,0,0,0,0,0,0,2,410,4,5,0,92,2022,Round 7,2022-04-30,10603
North Melbourne,Jy Simpkin,10,10,15,68.2,1,1,1,0,0,1,5,5,258,6,1,1,87,2022,Round 7,2022-04-30,10603
North Melbourne,Jason Horne Francis,10,10,11,55.0,0,0,0,0,1,0,3,3,400,5,2,0,68,2022,Round 7,2022-04-30,10603
North Melbourne,Luke Mcdonald,9,6,17,89.5,1,0,0,3,0,0,3,0,354,3,4,1,90,2022,Round 7,2022-04-30,10603
North Melbourne,Todd Goldstein,15,5,14,77.8,1,1,0,4,0,3,5,7,147,2,3,0,83,2022,Round 7,2022-04-30,10603
North Melbourne,Kayne Turner,7,8,15,88.2,1,0,0,2,0,0,0,1,244,2,9,0,89,2022,Round 7,2022-04-30,10603
North Melbourne,Luke Davies Uniacke,8,10,15,93.8,0,0,0,0,0,2,2,5,352,3,1,0,86,2022,Round 7,2022-04-30,10603
North Melbourne,Jaidyn Stephenson,3,13,8,53.3,0,2,0,4,1,0,2,2,476,4,1,0,73,2022,Round 7,2022-04-30,10603
North Melbourne,Hugh Greenwood,6,8,8,61.5,1,0,1,2,0,0,0,4,103,3,4,1,78,2022,Round 7,2022-04-30,10603
North Melbourne,Tarryn Thomas,4,9,9,69.2,0,1,0,3,1,1,1,3,331,1,1,0,71,2022,Round 7,2022-04-30,10603
North Melbourne,Jack Ziebell,7,6,6,50.0,2,0,1,1,0,0,0,4,194,4,0,0,88,2022,Round 7,2022-04-30,10603
North Melbourne,Nick Larkey,6,5,10,83.3,1,0,2,2,0,0,0,4,153,3,0,0,97,2022,Round 7,2022-04-30,10603
North Melbourne,Callum Coleman Jones,11,1,6,50.0,4,0,0,3,0,1,1,2,187,4,3,0,63,2022,Round 7,2022-04-30,10603
North Melbourne,Flynn Perez,2,8,8,66.7,0,0,0,0,0,0,2,2,150,2,1,0,86,2022,Round 7,2022-04-30,10603
North Melbourne,Paul Curtis,7,6,7,58.3,1,1,1,0,0,0,0,4,200,3,1,0,87,2022,Round 7,2022-04-30,10603
North Melbourne,Cameron Zurhaar,6,6,9,90.0,1,0,0,1,0,0,1,4,300,0,0,1,85,2022,Round 7,2022-04-30,10603
North Melbourne,Lachie Young,3,5,7,70.0,0,0,0,6,0,0,0,1,322,2,4,0,80,2022,Round 7,2022-04-30,10603
North Melbourne,Joshua Walker,3,4,7,100.0,1,0,0,5,0,0,0,0,109,2,3,0,88,2022,Round 7,2022-04-30,10603
North Melbourne,Jack Mahony,2,5,4,57.1,0,1,2,0,0,0,0,2,135,4,0,1,69,2022,Round 7,2022-04-30,10603
North Melbourne,Aiden Bonar,1,6,5,71.4,0,0,0,6,0,0,0,0,259,0,3,0,86,2022,Round 7,2022-04-30,10603
North Melbourne,Atu Bosenavulagi,3,4,7,100.0,0,0,0,1,0,0,0,0,124,1,3,0,51,2022,Round 7,2022-04-30,10603
North Melbourne,Curtis Taylor,1,4,5,83.3,0,0,0,1,0,0,0,1,105,3,2,0,77,2022,Round 7,2022-04-30,10603
North Melbourne,Miller Bergman,1,0,0,0.0,0,0,0,1,0,0,1,0,23,1,0,0,25,2022,Round 7,2022-04-30,10603
Collingwood,Patrick Lipinski,7,23,23,76.7,0,2,0,0,0,2,0,12,338,6,2,0,82,2022,Round 7,2022-05-01,10604
Collingwood,Jack Crisp,7,18,19,67.9,0,0,2,2,0,2,5,9,499,4,3,0,84,2022,Round 7,2022-05-01,10604
Collingwood,Scott Pendlebury,9,14,18,72.0,0,1,0,0,0,0,1,4,416,3,7,0,82,2022,Round 7,2022-05-01,10604
Collingwood,Taylor Adams,6,19,15,65.2,0,1,1,0,0,1,1,6,327,5,2,0,68,2022,Round 7,2022-05-01,10604
Collingwood,John Noble,3,16,18,85.7,0,1,0,0,0,0,2,6,405,0,5,0,78,2022,Round 7,2022-05-01,10604
Collingwood,Steele Sidebottom,3,14,16,80.0,1,0,0,2,1,0,1,9,426,3,3,0,83,2022,Round 7,2022-05-01,10604
Collingwood,Josh Daicos,4,16,17,85.0,0,1,0,0,1,0,2,8,430,2,1,0,89,2022,Round 7,2022-05-01,10604
Collingwood,Nick Daicos,4,16,18,94.7,0,0,0,0,0,1,0,7,270,2,2,0,78,2022,Round 7,2022-05-01,10604
Collingwood,Will Hoskin Elliott,6,12,12,70.6,0,1,1,1,0,1,2,4,231,4,4,0,86,2022,Round 7,2022-05-01,10604
Collingwood,Darcy Cameron,13,4,9,56.2,2,0,1,4,0,1,4,6,155,2,2,1,80,2022,Round 7,2022-05-01,10604
Collingwood,Aiden Begg,8,7,13,86.7,1,1,0,0,0,1,2,5,152,2,2,0,55,2022,Round 7,2022-05-01,10604
Collingwood,Brayden Maynard,5,8,8,57.1,0,0,0,8,0,0,0,3,216,5,6,0,77,2022,Round 7,2022-05-01,10604
Collingwood,Isaac Quaynor,8,7,11,78.6,1,0,0,4,0,0,0,3,309,5,7,0,90,2022,Round 7,2022-05-01,10604
Collingwood,Darcy Moore,6,6,11,84.6,3,0,0,4,0,0,0,2,280,1,8,0,98,2022,Round 7,2022-05-01,10604
Collingwood,Callum Brown,4,8,9,69.2,0,0,0,0,0,0,0,2,122,3,0,0,77,2022,Round 7,2022-05-01,10604
Collingwood,Brody Mihocek,6,8,10,76.9,3,0,4,4,0,0,0,8,232,4,1,1,92,2022,Round 7,2022-05-01,10604
Collingwood,Jordan De Goey,8,4,5,45.5,1,0,2,1,0,2,0,3,194,0,1,1,95,2022,Round 7,2022-05-01,10604
Collingwood,Jack Ginnivan,4,6,9,81.8,1,0,1,2,0,0,0,7,186,0,2,0,81,2022,Round 7,2022-05-01,10604
Collingwood,Jeremy Howe,4,5,9,90.0,2,0,0,1,0,0,0,1,157,0,5,0,96,2022,Round 7,2022-05-01,10604
Collingwood,Beau Mccreery,4,5,5,55.6,0,2,1,2,0,0,0,7,166,2,0,0,67,2022,Round 7,2022-05-01,10604
Collingwood,Tyler Brown,6,2,6,75.0,0,0,0,1,0,0,2,3,42,0,2,0,84,2022,Round 7,2022-05-01,10604
Collingwood,Jack Madgen,4,3,6,100.0,0,0,0,4,0,0,0,4,92,0,3,0,75,2022,Round 7,2022-05-01,10604
Gold Coast,Touk Miller,17,20,27,75.0,0,2,1,1,0,3,7,10,590,9,2,0,86,2022,Round 7,2022-05-01,10604
Gold Coast,Noah Anderson,14,22,21,65.6,0,1,0,2,0,4,2,7,570,5,3,0,88,2022,Round 7,2022-05-01,10604
Gold Coast,Brandon Ellis,6,18,21,80.8,0,1,0,0,0,0,0,6,339,4,5,0,92,2022,Round 7,2022-05-01,10604
Gold Coast,Matt Rowell,14,9,16,69.6,0,0,0,3,0,3,5,4,179,2,2,0,78,2022,Round 7,2022-05-01,10604
Gold Coast,Jarrod Witts,12,9,13,65.0,1,2,0,5,0,3,2,4,168,3,4,0,85,2022,Round 7,2022-05-01,10604
Gold Coast,Lachlan Weller,4,9,13,68.4,0,0,0,0,0,0,0,3,398,4,4,0,82,2022,Round 7,2022-05-01,10604
Gold Coast,Brayden Fiorini,6,11,11,57.9,0,1,0,3,0,2,1,3,211,5,4,1,77,2022,Round 7,2022-05-01,10604
Gold Coast,Ben Ainsworth,5,11,12,80.0,0,1,2,1,1,1,0,7,351,6,1,1,86,2022,Round 7,2022-05-01,10604
Gold Coast,David Swallow,0,14,11,84.6,0,1,0,0,0,0,0,4,265,2,2,0,83,2022,Round 7,2022-05-01,10604
Gold Coast,Sean Lemmens,1,10,12,92.3,1,0,0,1,1,0,0,3,227,1,4,0,95,2022,Round 7,2022-05-01,10604
Gold Coast,Alex Davies,6,8,6,46.2,1,0,1,2,0,1,0,1,124,4,2,0,62,2022,Round 7,2022-05-01,10604
Gold Coast,Levi Casboult,8,4,6,50.0,4,0,7,2,0,0,0,8,244,3,1,1,100,2022,Round 7,2022-05-01,10604
Gold Coast,Mabior Chol,6,5,10,90.9,1,2,1,2,1,0,2,9,149,0,0,0,77,2022,Round 7,2022-05-01,10604
Gold Coast,Jack Lukosius,2,8,9,81.8,1,0,1,2,0,0,0,6,364,2,0,1,78,2022,Round 7,2022-05-01,10604
Gold Coast,Charlie Ballard,3,6,7,70.0,0,0,0,4,0,0,0,2,101,3,7,0,87,2022,Round 7,2022-05-01,10604
Gold Coast,Samuel Collins,5,3,7,87.5,0,0,0,10,0,0,0,5,116,2,4,0,100,2022,Round 7,2022-05-01,10604
Gold Coast,Izak Rankine,2,5,6,75.0,0,1,0,1,1,0,0,2,22,2,0,0,84,2022,Round 7,2022-05-01,10604
Gold Coast,Jy Farrar,3,6,7,87.5,0,0,0,2,2,0,0,4,145,1,2,0,74,2022,Round 7,2022-05-01,10604
Gold Coast,Connor Budarick,0,6,6,75.0,0,0,0,2,0,0,0,1,242,3,0,0,54,2022,Round 7,2022-05-01,10604
Gold Coast,Malcolm Rosas,3,5,6,85.7,0,0,1,0,0,0,0,2,95,2,3,0,69,2022,Round 7,2022-05-01,10604
Gold Coast,Darcy Macpherson,1,5,6,100.0,0,0,0,1,0,0,0,4,66,0,1,1,64,2022,Round 7,2022-05-01,10604
Gold Coast,Nicholas Holman,1,5,3,50.0,0,0,2,0,0,0,0,2,94,3,0,2,78,2022,Round 7,2022-05-01,10604
Gold Coast,Jeremy Sharp,4,0,3,100.0,0,0,0,0,0,0,0,0,25,1,2,0,24,2022,Round 7,2022-05-01,10604
Western Bulldogs,Caleb Daniel,10,18,26,81.2,0,0,0,0,2,0,0,3,532,3,7,0,82,2022,Round 7,2022-05-01,10605
Western Bulldogs,Josh Dunkley,16,14,16,55.2,2,1,1,5,0,0,1,7,305,5,3,2,87,2022,Round 7,2022-05-01,10605
Western Bulldogs,Jackson Macrae,7,20,23,82.1,0,0,0,1,0,1,4,7,489,4,1,0,82,2022,Round 7,2022-05-01,10605
Western Bulldogs,Bailey Dale,3,19,24,85.7,0,0,0,1,0,0,1,5,724,6,3,0,87,2022,Round 7,2022-05-01,10605
Western Bulldogs,Bailey Smith,7,18,17,65.4,0,2,0,0,0,3,0,8,453,5,3,1,92,2022,Round 7,2022-05-01,10605
Western Bulldogs,Thomas Liberatore,13,10,17,70.8,0,1,0,2,0,2,5,4,331,6,6,0,81,2022,Round 7,2022-05-01,10605
Western Bulldogs,Adam Treloar,8,15,17,77.3,0,1,0,1,4,1,5,3,246,6,0,0,78,2022,Round 7,2022-05-01,10605
Western Bulldogs,Robbie Mccomb,7,13,11,52.4,0,0,0,0,0,0,3,4,227,4,2,0,80,2022,Round 7,2022-05-01,10605
Western Bulldogs,Ed Richards,3,17,16,80.0,1,0,0,3,6,0,0,3,630,3,4,0,77,2022,Round 7,2022-05-01,10605
Western Bulldogs,Taylor Duryea,5,16,16,84.2,1,1,0,2,0,0,0,3,231,2,5,0,81,2022,Round 7,2022-05-01,10605
Western Bulldogs,Marcus Bontempelli,14,5,15,78.9,1,1,1,3,0,5,2,8,306,2,2,0,81,2022,Round 7,2022-05-01,10605
Western Bulldogs,Bailey Williams,6,8,11,78.6,0,0,0,4,0,0,0,1,283,3,7,0,83,2022,Round 7,2022-05-01,10605
Western Bulldogs,Aaron Naughton,11,1,11,84.6,3,4,2,1,0,0,0,7,159,1,2,3,79,2022,Round 7,2022-05-01,10605
Western Bulldogs,Laitham Vandermeer,5,8,7,58.3,0,0,2,0,0,0,0,4,155,4,0,2,81,2022,Round 7,2022-05-01,10605
Western Bulldogs,Mitchell Wallis,2,9,9,81.8,0,0,2,2,0,0,0,5,211,2,0,0,67,2022,Round 7,2022-05-01,10605
Western Bulldogs,Tim O Brien,4,8,10,90.9,0,0,0,8,0,0,0,2,119,0,5,0,91,2022,Round 7,2022-05-01,10605
Western Bulldogs,Roarke Smith,4,7,9,81.8,0,0,1,1,0,0,1,4,126,1,3,0,73,2022,Round 7,2022-05-01,10605
Western Bulldogs,Stefan Martin,9,2,9,90.0,0,0,0,2,0,1,3,2,-28,1,3,0,79,2022,Round 7,2022-05-01,10605
Western Bulldogs,Cody Weightman,3,7,8,88.9,1,1,1,3,0,0,0,4,162,2,1,2,78,2022,Round 7,2022-05-01,10605
Western Bulldogs,Ryan Gardner,1,7,7,100.0,0,0,0,10,1,0,0,0,129,0,1,0,100,2022,Round 7,2022-05-01,10605
Western Bulldogs,Zaine Cordy,3,3,5,83.3,0,0,0,1,0,0,0,2,81,2,1,0,70,2022,Round 7,2022-05-01,10605
Western Bulldogs,Lachlan Mcneil,3,3,6,100.0,0,0,1,1,0,0,0,4,145,1,2,2,80,2022,Round 7,2022-05-01,10605
Western Bulldogs,Josh Schache,1,1,0,0.0,1,0,1,1,0,0,0,1,19,1,0,0,12,2022,Round 7,2022-05-01,10605
Essendon,Zachary Merrett,7,30,28,77.8,0,0,0,3,1,1,0,7,251,5,1,0,81,2022,Round 7,2022-05-01,10605
Essendon,Darcy Parish,13,20,26,81.2,0,2,0,1,0,2,2,8,328,4,4,0,82,2022,Round 7,2022-05-01,10605
Essendon,Dyson Heppell,9,18,25,86.2,1,2,0,1,0,0,1,5,513,3,7,0,82,2022,Round 7,2022-05-01,10605
Essendon,Mason Redman,5,25,21,72.4,0,0,0,3,0,0,0,6,588,7,4,0,81,2022,Round 7,2022-05-01,10605
Essendon,Nicholas Martin,9,16,20,80.0,0,0,0,2,0,1,1,7,324,1,5,0,89,2022,Round 7,2022-05-01,10605
Essendon,Tom Cutler,6,16,17,81.0,0,0,2,3,1,0,0,4,347,0,3,0,96,2022,Round 7,2022-05-01,10605
Essendon,Andrew Mcgrath,9,12,14,66.7,0,0,0,1,0,0,3,2,274,3,4,0,79,2022,Round 7,2022-05-01,10605
Essendon,Jordan Ridley,6,13,17,85.0,1,0,0,13,0,0,1,2,237,1,6,0,89,2022,Round 7,2022-05-01,10605
Essendon,Jye Caldwell,12,9,15,75.0,0,0,0,2,0,1,3,6,207,4,2,0,71,2022,Round 7,2022-05-01,10605
Essendon,Matt Guelfi,8,10,12,70.6,2,0,1,0,0,1,0,8,306,7,2,1,77,2022,Round 7,2022-05-01,10605
Essendon,Sam Durham,6,12,14,82.4,1,0,0,3,0,0,1,6,211,4,4,0,78,2022,Round 7,2022-05-01,10605
Essendon,Sam Draper,11,6,10,62.5,0,0,0,2,0,1,6,6,232,3,3,0,77,2022,Round 7,2022-05-01,10605
Essendon,Jake Kelly,2,13,14,93.3,0,0,0,3,0,0,0,3,154,2,3,0,97,2022,Round 7,2022-05-01,10605
Essendon,Peter Wright,7,8,11,91.7,2,1,3,4,0,1,0,8,190,3,0,1,100,2022,Round 7,2022-05-01,10605
Essendon,Jayden Laverde,6,5,10,83.3,2,0,0,0,0,0,0,1,193,3,7,0,84,2022,Round 7,2022-05-01,10605
Essendon,Archie Perkins,3,9,11,91.7,0,1,0,0,0,1,0,3,266,1,0,0,70,2022,Round 7,2022-05-01,10605
Essendon,Dylan Shiel,6,5,8,72.7,0,0,0,0,0,2,1,0,169,3,1,0,39,2022,Round 7,2022-05-01,10605
Essendon,Jake Stringer,5,7,6,54.5,1,1,1,1,0,1,1,5,315,2,0,1,79,2022,Round 7,2022-05-01,10605
Essendon,Ben Hobbs,1,8,9,90.0,0,1,0,0,0,0,0,3,61,1,1,0,86,2022,Round 7,2022-05-01,10605
Essendon,Zach Reid,4,4,8,100.0,0,0,0,1,0,0,0,1,99,2,6,0,88,2022,Round 7,2022-05-01,10605
Essendon,Alec Waterman,3,3,5,71.4,0,0,0,1,0,0,0,1,-45,0,1,1,77,2022,Round 7,2022-05-01,10605
Essendon,Nikolas Cox,1,6,7,100.0,1,0,0,0,0,0,0,3,45,0,0,0,28,2022,Round 7,2022-05-01,10605
Essendon,Kaine Baldwin,3,2,4,80.0,0,0,0,1,0,0,1,3,76,2,0,1,71,2022,Round 7,2022-05-01,10605
Sydney,Luke Parker,21,12,24,72.7,1,1,0,3,0,5,3,6,346,3,4,1,84,2022,Round 7,2022-05-01,10606
Sydney,Callum Mills,11,20,22,73.3,0,2,1,1,0,0,2,8,417,4,5,1,77,2022,Round 7,2022-05-01,10606
Sydney,Jake Lloyd,5,13,21,87.5,0,0,0,4,0,1,1,4,393,6,5,0,92,2022,Round 7,2022-05-01,10606
Sydney,Chad Warner,8,19,19,79.2,0,3,0,2,1,2,3,10,603,7,2,0,79,2022,Round 7,2022-05-01,10606
Sydney,Peter Ladhams,12,13,15,65.2,0,0,1,5,0,1,3,9,232,1,3,0,84,2022,Round 7,2022-05-01,10606
Sydney,Josh P  Kennedy,10,9,9,47.4,0,0,0,2,0,2,4,3,220,6,2,1,70,2022,Round 7,2022-05-01,10606
Sydney,Isaac Heeney,7,11,15,83.3,0,0,1,0,0,1,4,5,384,2,2,1,86,2022,Round 7,2022-05-01,10606
Sydney,Nick Blakey,6,11,11,61.1,0,0,0,7,1,0,0,2,446,3,6,0,75,2022,Round 7,2022-05-01,10606
Sydney,Errol Gulden,9,9,14,77.8,0,1,0,0,0,1,4,6,143,3,2,0,84,2022,Round 7,2022-05-01,10606
Sydney,Justin Mcinerney,5,12,13,76.5,0,0,0,1,0,1,0,1,226,2,3,0,80,2022,Round 7,2022-05-01,10606
Sydney,Oliver Florent,6,10,13,81.2,1,0,0,0,0,0,2,1,190,2,3,0,81,2022,Round 7,2022-05-01,10606
Sydney,Lance Franklin,5,9,13,86.7,2,0,4,1,0,0,1,10,328,3,0,2,91,2022,Round 7,2022-05-01,10606
Sydney,James Rowbottom,2,12,12,80.0,0,1,0,0,0,0,1,4,229,4,2,1,76,2022,Round 7,2022-05-01,10606
Sydney,Braeden Campbell,1,9,12,92.3,0,0,0,2,0,0,0,3,336,3,2,0,79,2022,Round 7,2022-05-01,10606
Sydney,Sam Reid 1,5,5,8,72.7,3,0,1,2,0,0,0,4,201,2,2,2,82,2022,Round 7,2022-05-01,10606
Sydney,Will Hayward,6,5,5,45.5,2,0,2,2,0,0,0,4,197,5,1,0,82,2022,Round 7,2022-05-01,10606
Sydney,Tom Papley,4,8,6,60.0,0,0,0,2,0,1,1,3,167,4,0,1,70,2022,Round 7,2022-05-01,10606
Sydney,Harry Cunningham,4,4,8,88.9,0,0,0,2,0,0,0,0,126,1,5,0,79,2022,Round 7,2022-05-01,10606
Sydney,Ben Ronke,7,2,4,44.4,1,1,0,0,0,0,0,3,103,2,1,1,65,2022,Round 7,2022-05-01,10606
Sydney,Tom Mccartin,3,3,6,66.7,0,0,0,8,0,0,0,0,133,3,7,0,93,2022,Round 7,2022-05-01,10606
Sydney,Hayden Mclean,3,5,6,75.0,2,1,1,2,0,0,0,6,106,2,2,1,95,2022,Round 7,2022-05-01,10606
Sydney,Dane Rampe,2,3,2,40.0,0,0,0,8,0,0,0,1,87,3,2,0,92,2022,Round 7,2022-05-01,10606
Sydney,James Bell,0,1,1,50.0,0,0,0,0,0,0,0,0,11,0,0,0,6,2022,Round 7,2022-05-01,10606
Brisbane Lions,Lachie Neale,26,12,25,67.6,0,1,0,1,1,5,6,9,418,4,5,1,90,2022,Round 7,2022-05-01,10606
Brisbane Lions,Hugh Mccluggage,9,18,22,78.6,0,0,0,1,0,1,3,5,488,5,4,1,80,2022,Round 7,2022-05-01,10606
Brisbane Lions,Dayne Zorko,6,15,17,77.3,0,2,0,2,0,0,4,8,446,0,0,1,85,2022,Round 7,2022-05-01,10606
Brisbane Lions,Daniel Rich,3,10,20,100.0,1,0,0,2,0,0,0,4,455,5,4,0,81,2022,Round 7,2022-05-01,10606
Brisbane Lions,Jarryd Lyons,7,11,15,75.0,0,1,0,0,0,3,4,4,320,1,0,0,72,2022,Round 7,2022-05-01,10606
Brisbane Lions,Noah Answerth,5,11,11,61.1,0,0,0,2,0,0,1,2,260,4,5,0,82,2022,Round 7,2022-05-01,10606
Brisbane Lions,Harris Andrews,4,11,14,82.4,1,0,0,10,0,0,1,1,367,0,7,0,100,2022,Round 7,2022-05-01,10606
Brisbane Lions,Jarrod Berry,5,10,11,64.7,0,3,0,0,0,0,2,6,189,5,5,0,79,2022,Round 7,2022-05-01,10606
Brisbane Lions,Daniel Mcstay,7,8,14,87.5,2,1,1,1,0,0,1,8,284,3,3,3,96,2022,Round 7,2022-05-01,10606
Brisbane Lions,Callum Ah Chee,6,10,12,75.0,0,1,1,0,0,0,0,5,260,3,6,0,70,2022,Round 7,2022-05-01,10606
Brisbane Lions,Oscar Mcinerney,11,5,8,50.0,0,0,0,0,0,1,2,2,203,4,1,0,78,2022,Round 7,2022-05-01,10606
Brisbane Lions,Darcy Fort,11,5,10,62.5,0,0,1,3,0,1,7,4,399,10,0,0,84,2022,Round 7,2022-05-01,10606
Brisbane Lions,Keidean Coleman,4,10,11,73.3,0,0,0,4,0,0,0,3,170,2,5,0,64,2022,Round 7,2022-05-01,10606
Brisbane Lions,Darcy Gardiner,6,8,12,85.7,0,0,0,9,0,0,0,2,173,1,6,0,94,2022,Round 7,2022-05-01,10606
Brisbane Lions,Lincoln Mccarthy,5,7,7,53.8,0,0,1,1,0,1,0,4,247,2,1,1,85,2022,Round 7,2022-05-01,10606
Brisbane Lions,Brandon Starcevich,3,9,10,76.9,0,0,0,3,0,0,0,1,125,1,5,0,86,2022,Round 7,2022-05-01,10606
Brisbane Lions,Zac Bailey,3,9,4,33.3,0,0,0,1,0,0,0,3,201,2,1,1,79,2022,Round 7,2022-05-01,10606
Brisbane Lions,Cameron Rayner,4,6,8,72.7,1,0,2,0,0,0,1,6,225,3,1,0,80,2022,Round 7,2022-05-01,10606
Brisbane Lions,Charlie Cameron,6,1,6,66.7,1,0,2,0,1,0,0,3,154,1,2,4,88,2022,Round 7,2022-05-01,10606
Brisbane Lions,Marcus Adams,4,5,4,44.4,0,0,0,6,0,0,0,1,244,4,5,0,94,2022,Round 7,2022-05-01,10606
Brisbane Lions,Jaxon Prior,5,4,9,100.0,0,0,0,2,0,0,1,2,191,1,3,0,65,2022,Round 7,2022-05-01,10606
Brisbane Lions,James Madden,5,0,2,50.0,0,0,0,2,0,1,0,2,20,0,2,1,36,2022,Round 7,2022-05-01,10606
Brisbane Lions,Joe Daniher,3,1,1,33.3,1,0,0,1,0,0,1,2,56,0,0,0,34,2022,Round 7,2022-05-01,10606
Fremantle,Will Brodie,7,30,33,89.2,0,0,0,1,2,2,2,7,493,7,1,0,67,2022,Round 8,2022-05-06,10608
Fremantle,Andrew Brayshaw,12,20,25,73.5,0,0,0,1,0,2,8,2,599,8,3,1,77,2022,Round 8,2022-05-06,10608
Fremantle,James Aish,10,19,21,70.0,0,0,0,1,0,0,5,3,309,5,4,0,81,2022,Round 8,2022-05-06,10608
Fremantle,Caleb Serong,13,14,19,70.4,0,0,0,3,0,0,7,4,315,3,4,3,79,2022,Round 8,2022-05-06,10608
Fremantle,Heath Chapman,10,13,23,92.0,1,1,0,7,0,0,0,5,214,3,12,0,90,2022,Round 8,2022-05-06,10608
Fremantle,Jordan Clark,2,20,21,91.3,1,0,0,0,0,0,1,5,473,4,3,0,82,2022,Round 8,2022-05-06,10608
Fremantle,David Mundy,11,14,19,90.5,0,0,0,4,1,2,6,6,347,2,2,1,72,2022,Round 8,2022-05-06,10608
Fremantle,Hayden Young,4,14,15,75.0,0,0,0,3,0,0,0,4,314,3,5,0,78,2022,Round 8,2022-05-06,10608
Fremantle,Bailey Banfield,3,15,10,55.6,1,1,4,0,0,0,0,8,437,4,1,5,86,2022,Round 8,2022-05-06,10608
Fremantle,Michael Walters,8,9,12,70.6,1,1,1,0,0,0,0,8,222,2,1,0,87,2022,Round 8,2022-05-06,10608
Fremantle,Sean Darcy,10,7,14,82.4,4,0,1,2,0,1,3,6,313,4,2,0,82,2022,Round 8,2022-05-06,10608
Fremantle,Nathan O Driscoll,6,10,11,68.8,0,1,1,1,0,0,2,6,210,2,5,1,78,2022,Round 8,2022-05-06,10608
Fremantle,Brennan Cox,4,9,13,86.7,2,0,0,3,0,0,0,3,284,2,5,0,91,2022,Round 8,2022-05-06,10608
Fremantle,Luke Ryan,4,8,13,92.9,1,0,0,4,0,0,1,4,113,1,4,0,76,2022,Round 8,2022-05-06,10608
Fremantle,Brandon Walker,0,12,9,69.2,0,1,0,1,2,0,0,2,272,2,3,0,80,2022,Round 8,2022-05-06,10608
Fremantle,Darcy Tucker,2,10,7,58.3,0,0,0,2,0,0,0,3,200,2,2,0,81,2022,Round 8,2022-05-06,10608
Fremantle,Sam Switkowski,4,6,11,91.7,0,2,2,0,0,1,2,7,134,0,1,4,67,2022,Round 8,2022-05-06,10608
Fremantle,Josh Treacy,7,6,6,50.0,2,1,1,1,0,0,0,4,203,2,3,3,86,2022,Round 8,2022-05-06,10608
Fremantle,Alex Pearce,2,10,11,100.0,0,0,0,5,0,0,0,2,159,0,6,0,93,2022,Round 8,2022-05-06,10608
Fremantle,Liam Henry,1,8,5,55.6,0,0,0,0,0,0,0,3,86,3,0,0,83,2022,Round 8,2022-05-06,10608
Fremantle,Jye Amiss,4,4,7,77.8,1,1,2,1,0,0,0,6,218,0,1,0,82,2022,Round 8,2022-05-06,10608
Fremantle,Neil Erasmus,2,6,6,75.0,0,0,0,0,0,0,3,1,69,2,0,0,17,2022,Round 8,2022-05-06,10608
Fremantle,Lachlan Schultz,3,4,5,71.4,0,2,2,2,0,0,0,4,103,1,1,0,85,2022,Round 8,2022-05-06,10608
North Melbourne,Luke Mcdonald,6,17,20,76.9,0,0,0,2,0,0,0,1,555,8,5,0,85,2022,Round 8,2022-05-06,10608
North Melbourne,Luke Davies Uniacke,11,13,17,73.9,0,0,0,0,0,0,1,1,133,3,2,1,79,2022,Round 8,2022-05-06,10608
North Melbourne,Lachie Young,4,12,16,84.2,1,0,0,6,0,0,0,0,428,5,5,0,90,2022,Round 8,2022-05-06,10608
North Melbourne,Jy Simpkin,6,12,13,72.2,0,1,0,0,0,3,2,2,267,4,1,0,83,2022,Round 8,2022-05-06,10608
North Melbourne,Tarryn Thomas,10,9,7,38.9,0,0,1,1,0,1,3,1,386,6,3,0,77,2022,Round 8,2022-05-06,10608
North Melbourne,Flynn Perez,4,14,9,50.0,0,0,0,3,0,0,2,1,369,6,4,0,83,2022,Round 8,2022-05-06,10608
North Melbourne,Todd Goldstein,12,4,14,87.5,0,0,0,10,0,2,2,4,216,0,4,0,96,2022,Round 8,2022-05-06,10608
North Melbourne,Hugh Greenwood,9,7,10,66.7,0,0,0,0,0,1,0,1,77,1,2,0,73,2022,Round 8,2022-05-06,10608
North Melbourne,Jason Horne Francis,9,7,9,60.0,0,0,0,1,0,1,6,1,234,3,1,1,77,2022,Round 8,2022-05-06,10608
North Melbourne,Jaidyn Stephenson,4,7,10,71.4,0,0,0,0,0,0,2,2,210,1,1,0,69,2022,Round 8,2022-05-06,10608
North Melbourne,Bailey Scott,5,10,12,85.7,0,0,0,1,1,0,0,1,161,3,5,0,90,2022,Round 8,2022-05-06,10608
North Melbourne,Jack Ziebell,6,6,7,58.3,0,0,1,0,0,0,0,2,198,4,5,0,84,2022,Round 8,2022-05-06,10608
North Melbourne,Aidan Corr,2,9,10,83.3,0,0,0,3,1,0,0,0,194,0,3,0,89,2022,Round 8,2022-05-06,10608
North Melbourne,Jed Anderson,5,7,6,50.0,0,0,0,1,0,0,2,1,73,3,2,0,76,2022,Round 8,2022-05-06,10608
North Melbourne,Ben Mckay,8,4,8,72.7,5,0,0,4,0,0,1,0,133,4,10,0,60,2022,Round 8,2022-05-06,10608
North Melbourne,Kayne Turner,2,8,7,70.0,0,0,0,2,0,0,0,0,83,1,2,0,89,2022,Round 8,2022-05-06,10608
North Melbourne,Cameron Zurhaar,5,4,7,77.8,3,0,3,0,0,0,0,3,172,1,1,0,81,2022,Round 8,2022-05-06,10608
North Melbourne,Callum Coleman Jones,7,2,3,33.3,2,0,0,2,0,2,0,1,94,2,2,0,66,2022,Round 8,2022-05-06,10608
North Melbourne,Atu Bosenavulagi,2,7,6,66.7,0,0,0,1,0,0,0,0,263,3,1,0,71,2022,Round 8,2022-05-06,10608
North Melbourne,Joshua Walker,0,7,5,62.5,0,0,2,2,0,0,0,2,167,0,1,0,94,2022,Round 8,2022-05-06,10608
North Melbourne,Curtis Taylor,4,5,4,50.0,0,0,0,0,1,0,0,0,195,7,1,0,83,2022,Round 8,2022-05-06,10608
North Melbourne,Paul Curtis,7,3,2,28.6,1,0,0,0,0,0,0,2,132,4,1,2,81,2022,Round 8,2022-05-06,10608
North Melbourne,Jack Mahony,0,1,0,0.0,0,0,0,0,0,0,0,0,18,0,0,0,23,2022,Round 8,2022-05-06,10608
Port Adelaide,Travis Boak,14,18,21,70.0,0,1,1,2,0,3,3,10,406,4,3,0,79,2022,Round 8,2022-05-06,10607
Port Adelaide,Riley Bonner,4,15,16,72.7,0,0,0,2,0,0,1,4,387,6,4,0,58,2022,Round 8,2022-05-06,10607
Port Adelaide,Oliver Wines,14,7,14,66.7,0,0,1,2,0,2,4,3,221,4,2,1,83,2022,Round 8,2022-05-06,10607
Port Adelaide,Darcy Byrne Jones,7,14,15,71.4,0,0,0,1,1,0,0,5,374,5,7,0,77,2022,Round 8,2022-05-06,10607
Port Adelaide,Connor Rozee,9,12,16,76.2,0,1,0,2,0,2,4,5,308,4,1,0,81,2022,Round 8,2022-05-06,10607
Port Adelaide,Willem Drew,9,8,12,66.7,2,0,0,1,0,0,2,6,97,3,2,1,79,2022,Round 8,2022-05-06,10607
Port Adelaide,Dan Houston,4,13,15,93.8,0,0,0,4,0,0,0,3,177,1,7,0,70,2022,Round 8,2022-05-06,10607
Port Adelaide,Trent Dumont,4,11,10,66.7,1,0,1,0,0,1,0,5,238,2,3,0,75,2022,Round 8,2022-05-06,10607
Port Adelaide,Robert Gray,7,5,10,71.4,0,0,2,0,0,0,0,6,161,1,4,0,89,2022,Round 8,2022-05-06,10607
Port Adelaide,Karl Amon,0,15,13,92.9,0,2,0,1,0,0,0,7,384,3,2,0,83,2022,Round 8,2022-05-06,10607
Port Adelaide,Jeremy Finlayson,4,11,11,78.6,3,0,4,5,0,0,0,9,311,4,1,1,80,2022,Round 8,2022-05-06,10607
Port Adelaide,Ryan Burton,3,8,10,71.4,0,0,0,3,0,0,1,3,358,4,3,0,87,2022,Round 8,2022-05-06,10607
Port Adelaide,Steven Motlop,4,9,9,69.2,1,2,1,0,0,0,0,7,397,2,1,0,73,2022,Round 8,2022-05-06,10607
Port Adelaide,Aliir Aliir,6,7,11,84.6,0,0,0,2,0,0,1,1,134,0,6,0,100,2022,Round 8,2022-05-06,10607
Port Adelaide,Todd Marshall,9,4,11,84.6,4,2,3,0,0,0,0,10,299,1,2,1,85,2022,Round 8,2022-05-06,10607
Port Adelaide,Zak Butters,4,10,11,84.6,0,1,1,1,1,0,1,6,204,1,3,0,80,2022,Round 8,2022-05-06,10607
Port Adelaide,Thomas Jonas,4,8,12,100.0,1,0,0,4,0,0,0,3,169,1,6,0,98,2022,Round 8,2022-05-06,10607
Port Adelaide,Xavier Duursma,4,8,8,66.7,0,1,0,1,2,0,1,4,280,1,1,0,76,2022,Round 8,2022-05-06,10607
Port Adelaide,Mitch Georgiades,7,5,5,45.5,0,0,4,2,0,0,0,6,257,1,1,0,80,2022,Round 8,2022-05-06,10607
Port Adelaide,Tom Clurey,2,7,7,77.8,1,0,0,6,0,0,0,1,40,2,3,0,91,2022,Round 8,2022-05-06,10607
Port Adelaide,Sam Powell Pepper,3,5,6,75.0,1,0,3,0,0,0,1,4,219,2,0,1,80,2022,Round 8,2022-05-06,10607
Port Adelaide,Sam Hayes,4,3,7,100.0,0,0,0,2,0,1,2,4,118,1,0,0,76,2022,Round 8,2022-05-06,10607
Port Adelaide,Lachlan Jones,0,2,2,100.0,0,0,0,3,0,0,0,1,46,0,0,0,19,2022,Round 8,2022-05-06,10607
Western Bulldogs,Jackson Macrae,20,13,23,71.9,1,0,0,2,0,6,4,6,543,8,9,0,82,2022,Round 8,2022-05-06,10607
Western Bulldogs,Bailey Dale,2,14,23,82.1,0,0,0,0,1,0,0,2,577,2,6,0,85,2022,Round 8,2022-05-06,10607
Western Bulldogs,Bailey Smith,5,19,14,58.3,0,0,0,2,0,1,2,6,578,8,0,0,97,2022,Round 8,2022-05-06,10607
Western Bulldogs,Thomas Liberatore,16,8,18,78.3,0,0,0,2,0,2,8,5,281,5,2,1,85,2022,Round 8,2022-05-06,10607
Western Bulldogs,Adam Treloar,4,16,16,69.6,0,0,0,1,1,1,3,5,428,2,0,0,86,2022,Round 8,2022-05-06,10607
Western Bulldogs,Ed Richards,9,10,18,94.7,2,0,0,1,1,0,1,3,297,1,7,0,80,2022,Round 8,2022-05-06,10607
Western Bulldogs,Robbie Mccomb,7,9,10,62.5,0,3,2,1,0,0,1,5,128,4,1,0,81,2022,Round 8,2022-05-06,10607
Western Bulldogs,Josh Dunkley,9,6,11,73.3,0,0,0,1,0,2,0,7,127,2,2,3,88,2022,Round 8,2022-05-06,10607
Western Bulldogs,Aaron Naughton,8,7,11,73.3,3,1,3,0,0,0,0,8,227,0,0,0,92,2022,Round 8,2022-05-06,10607
Western Bulldogs,Taylor Duryea,6,10,11,78.6,0,0,0,4,0,0,0,2,224,3,7,0,83,2022,Round 8,2022-05-06,10607
Western Bulldogs,Stefan Martin,5,9,10,76.9,0,0,0,1,0,1,1,4,114,2,0,1,77,2022,Round 8,2022-05-06,10607
Western Bulldogs,Caleb Daniel,4,5,9,69.2,0,0,1,1,1,0,0,2,253,2,2,0,87,2022,Round 8,2022-05-06,10607
Western Bulldogs,Roarke Smith,5,6,6,54.5,0,0,0,0,0,0,1,1,92,4,1,0,76,2022,Round 8,2022-05-06,10607
Western Bulldogs,Bailey Williams,4,8,7,63.6,0,0,0,3,0,0,0,2,195,5,3,0,80,2022,Round 8,2022-05-06,10607
Western Bulldogs,Tim O Brien,4,4,7,77.8,1,0,0,6,0,0,0,1,229,3,6,0,62,2022,Round 8,2022-05-06,10607
Western Bulldogs,Buku Khamis,2,7,4,44.4,0,0,2,2,0,0,0,3,166,1,0,0,75,2022,Round 8,2022-05-06,10607
Western Bulldogs,Cody Weightman,7,2,6,66.7,2,1,0,1,0,0,0,5,141,1,2,1,66,2022,Round 8,2022-05-06,10607
Western Bulldogs,Anthony Scott,2,6,5,62.5,0,0,0,2,0,0,0,2,141,3,0,0,87,2022,Round 8,2022-05-06,10607
Western Bulldogs,Zaine Cordy,1,6,3,42.9,1,0,1,3,0,0,0,1,178,2,1,0,72,2022,Round 8,2022-05-06,10607
Western Bulldogs,Hayden Crozier,2,4,6,100.0,0,0,0,2,0,0,0,0,113,0,1,1,33,2022,Round 8,2022-05-06,10607
Western Bulldogs,Ryan Gardner,4,3,5,83.3,1,0,0,7,0,0,0,3,140,1,3,0,88,2022,Round 8,2022-05-06,10607
Western Bulldogs,Lachlan Mcneil,2,4,4,66.7,0,0,0,0,0,0,0,4,99,2,0,2,80,2022,Round 8,2022-05-06,10607
Western Bulldogs,Laitham Vandermeer,2,2,4,100.0,0,1,0,0,0,0,0,2,155,1,0,0,57,2022,Round 8,2022-05-06,10607
Sydney,Jake Lloyd,8,9,21,80.8,0,0,0,3,3,1,1,0,416,4,6,0,85,2022,Round 8,2022-05-07,10610
Sydney,Nick Blakey,6,12,18,72.0,0,0,1,1,3,0,1,5,656,6,7,0,86,2022,Round 8,2022-05-07,10610
Sydney,Callum Mills,6,15,13,65.0,0,0,0,1,0,2,2,5,190,3,1,1,86,2022,Round 8,2022-05-07,10610
Sydney,Paddy Mccartin,7,12,14,73.7,2,0,0,2,0,0,0,4,472,6,12,0,87,2022,Round 8,2022-05-07,10610
Sydney,Chad Warner,8,13,12,63.2,0,0,1,0,0,1,0,7,389,4,3,0,79,2022,Round 8,2022-05-07,10610
Sydney,Justin Mcinerney,6,12,12,66.7,2,0,0,0,0,1,0,4,451,3,2,0,80,2022,Round 8,2022-05-07,10610
Sydney,Oliver Florent,2,16,12,70.6,0,1,0,0,2,0,0,3,432,5,2,0,75,2022,Round 8,2022-05-07,10610
Sydney,Luke Parker,9,9,9,56.2,0,0,1,3,0,2,3,3,339,4,3,2,78,2022,Round 8,2022-05-07,10610
Sydney,Peter Ladhams,9,8,11,68.8,0,0,0,3,0,1,3,3,247,5,3,0,74,2022,Round 8,2022-05-07,10610
Sydney,James Rowbottom,5,10,11,68.8,1,0,0,0,0,0,4,7,153,3,2,2,70,2022,Round 8,2022-05-07,10610
Sydney,Josh P  Kennedy,6,8,11,78.6,1,0,1,1,0,1,1,4,195,3,4,0,73,2022,Round 8,2022-05-07,10610
Sydney,Isaac Heeney,7,6,6,46.2,0,1,2,1,0,0,2,6,219,4,2,1,90,2022,Round 8,2022-05-07,10610
Sydney,Dane Rampe,2,10,11,91.7,0,1,0,5,0,0,0,2,319,2,2,0,93,2022,Round 8,2022-05-07,10610
Sydney,Lance Franklin,6,7,5,45.5,1,0,2,0,0,0,0,5,101,8,0,1,93,2022,Round 8,2022-05-07,10610
Sydney,Ben Ronke,7,4,9,81.8,0,0,1,1,0,0,0,4,115,1,3,0,73,2022,Round 8,2022-05-07,10610
Sydney,Errol Gulden,4,8,8,72.7,0,1,1,1,0,0,1,3,255,1,3,0,87,2022,Round 8,2022-05-07,10610
Sydney,Tom Mccartin,7,3,7,70.0,3,0,0,7,0,0,0,2,57,2,6,0,97,2022,Round 8,2022-05-07,10610
Sydney,Tom Papley,3,6,5,55.6,0,1,1,1,0,0,1,5,165,1,1,0,79,2022,Round 8,2022-05-07,10610
Sydney,Logan Mcdonald,6,3,9,100.0,0,1,1,0,0,0,0,5,60,1,2,1,80,2022,Round 8,2022-05-07,10610
Sydney,Will Hayward,6,3,6,75.0,2,1,0,1,0,0,1,4,64,0,0,2,88,2022,Round 8,2022-05-07,10610
Sydney,Braeden Campbell,3,3,6,100.0,0,0,0,2,0,0,0,1,58,2,3,0,79,2022,Round 8,2022-05-07,10610
Sydney,Hayden Mclean,1,5,4,80.0,1,0,1,3,0,0,0,2,39,2,2,0,68,2022,Round 8,2022-05-07,10610
Gold Coast,Brayden Fiorini,9,20,15,51.7,0,1,0,0,0,0,3,6,448,8,4,0,75,2022,Round 8,2022-05-07,10610
Gold Coast,Brandon Ellis,6,17,20,76.9,0,0,1,2,0,0,2,5,366,6,2,0,88,2022,Round 8,2022-05-07,10610
Gold Coast,David Swallow,9,15,18,75.0,0,0,0,0,0,3,3,8,437,2,2,2,79,2022,Round 8,2022-05-07,10610
Gold Coast,Touk Miller,11,10,16,80.0,0,0,1,0,0,1,4,5,193,1,3,0,85,2022,Round 8,2022-05-07,10610
Gold Coast,Jarrod Witts,11,8,15,78.9,1,0,0,2,0,2,5,7,159,2,3,0,81,2022,Round 8,2022-05-07,10610
Gold Coast,Wil Powell,10,7,12,63.2,0,0,0,4,1,0,1,2,339,5,13,0,88,2022,Round 8,2022-05-07,10610
Gold Coast,Connor Budarick,4,13,14,73.7,1,0,0,1,0,0,0,2,355,4,6,0,77,2022,Round 8,2022-05-07,10610
Gold Coast,Ben Ainsworth,6,13,10,58.8,0,1,3,2,0,0,1,7,147,4,0,2,90,2022,Round 8,2022-05-07,10610
Gold Coast,Charlie Ballard,7,10,11,68.8,2,1,1,2,0,0,0,3,242,3,11,0,83,2022,Round 8,2022-05-07,10610
Gold Coast,Matt Rowell,15,2,9,56.2,0,0,0,0,0,2,5,4,294,3,1,1,84,2022,Round 8,2022-05-07,10610
Gold Coast,Jy Farrar,3,11,13,86.7,1,0,0,4,0,0,0,2,226,3,5,0,75,2022,Round 8,2022-05-07,10610
Gold Coast,Sean Lemmens,0,13,11,78.6,0,0,0,3,0,0,0,2,384,1,0,0,93,2022,Round 8,2022-05-07,10610
Gold Coast,Lachlan Weller,5,8,10,71.4,0,1,0,0,2,0,1,6,350,1,1,1,90,2022,Round 8,2022-05-07,10610
Gold Coast,Izak Rankine,9,5,8,61.5,0,1,0,0,5,0,2,6,410,2,3,0,78,2022,Round 8,2022-05-07,10610
Gold Coast,Samuel Collins,5,6,9,90.0,1,0,0,9,0,0,0,1,106,1,6,0,99,2022,Round 8,2022-05-07,10610
Gold Coast,Darcy Macpherson,4,4,5,62.5,0,1,1,0,0,0,0,2,133,4,2,1,19,2022,Round 8,2022-05-07,10610
Gold Coast,Alex Davies,4,5,4,50.0,0,0,0,0,0,0,0,0,157,4,4,1,58,2022,Round 8,2022-05-07,10610
Gold Coast,Levi Casboult,3,4,4,57.1,2,0,2,0,0,0,0,4,190,5,0,0,100,2022,Round 8,2022-05-07,10610
Gold Coast,Rory Thompson,2,5,5,71.4,0,0,0,4,0,0,0,1,104,1,2,0,84,2022,Round 8,2022-05-07,10610
Gold Coast,Nicholas Holman,4,4,3,42.9,0,0,1,0,0,1,0,4,125,2,0,0,76,2022,Round 8,2022-05-07,10610
Gold Coast,Malcolm Rosas,1,5,2,28.6,0,0,0,2,0,0,0,1,124,4,0,1,56,2022,Round 8,2022-05-07,10610
Gold Coast,Mabior Chol,7,1,4,66.7,0,1,0,5,0,0,0,6,117,2,1,0,90,2022,Round 8,2022-05-07,10610
Gold Coast,Jack Lukosius,4,2,5,83.3,1,0,1,3,0,0,0,3,134,1,1,0,51,2022,Round 8,2022-05-07,10610
Richmond,Jack Graham,10,20,18,60.0,0,0,0,0,0,2,3,4,485,7,2,0,82,2022,Round 8,2022-05-07,10609
Richmond,Trent Cotchin,13,12,15,51.7,0,1,0,3,0,4,4,9,374,6,2,0,73,2022,Round 8,2022-05-07,10609
Richmond,Jayden Short,10,17,16,59.3,0,0,0,1,0,1,3,4,708,7,3,0,85,2022,Round 8,2022-05-07,10609
Richmond,Thomas Lynch,11,13,18,72.0,3,0,6,0,0,0,0,14,426,4,0,0,96,2022,Round 8,2022-05-07,10609
Richmond,Dustin Martin,7,18,16,69.6,0,0,2,1,0,1,1,11,358,4,1,0,85,2022,Round 8,2022-05-07,10609
Richmond,Toby Nankervis,9,14,15,65.2,1,0,0,1,0,1,2,8,185,3,4,1,67,2022,Round 8,2022-05-07,10609
Richmond,Nathan Broad,6,13,20,87.0,0,1,0,2,1,0,0,4,289,4,10,0,86,2022,Round 8,2022-05-07,10609
Richmond,Shai Bolton,9,12,13,61.9,0,1,3,1,2,2,1,6,423,2,2,0,86,2022,Round 8,2022-05-07,10609
Richmond,Daniel Rioli,6,12,17,85.0,0,1,0,2,0,0,0,6,427,5,8,0,78,2022,Round 8,2022-05-07,10609
Richmond,Kane Lambert,3,13,13,72.2,0,1,1,0,0,0,3,7,224,4,1,1,79,2022,Round 8,2022-05-07,10609
Richmond,Noah Balta,4,13,16,88.9,2,1,0,6,0,0,0,6,440,4,9,0,96,2022,Round 8,2022-05-07,10609
Richmond,Shane Edwards,7,9,14,82.4,0,1,0,0,0,1,0,3,308,1,7,0,86,2022,Round 8,2022-05-07,10609
Richmond,Jack Riewoldt,11,5,8,53.3,2,1,5,4,0,0,0,8,148,4,1,0,92,2022,Round 8,2022-05-07,10609
Richmond,Maurice Rioli 1,8,6,8,57.1,0,3,0,2,0,0,0,6,192,4,1,1,73,2022,Round 8,2022-05-07,10609
Richmond,Marlion Pickett,8,7,10,76.9,0,0,1,3,0,1,4,8,358,3,3,0,76,2022,Round 8,2022-05-07,10609
Richmond,Rhyan Mansell,3,11,9,69.2,0,0,0,5,1,0,0,2,208,3,4,0,82,2022,Round 8,2022-05-07,10609
Richmond,Josh Gibcus,3,8,9,75.0,1,0,0,10,0,0,1,1,108,4,4,0,93,2022,Round 8,2022-05-07,10609
Richmond,Kamdyn Mcintosh,1,10,10,90.9,0,0,0,1,0,0,0,2,236,3,3,0,81,2022,Round 8,2022-05-07,10609
Richmond,Dylan Grimes,2,7,7,70.0,0,0,0,2,0,0,0,3,173,2,4,0,87,2022,Round 8,2022-05-07,10609
Richmond,Liam Baker,2,7,8,80.0,0,0,0,0,0,0,0,3,169,2,3,0,81,2022,Round 8,2022-05-07,10609
Richmond,Jason Castagna,3,5,3,37.5,0,0,1,0,0,0,0,4,150,1,1,1,76,2022,Round 8,2022-05-07,10609
Richmond,Ivan Soldo,2,4,7,87.5,0,0,0,3,0,1,0,3,139,1,2,0,61,2022,Round 8,2022-05-07,10609
Collingwood,Jack Crisp,9,17,22,73.3,0,0,0,1,0,1,0,10,606,3,4,0,83,2022,Round 8,2022-05-07,10609
Collingwood,Patrick Lipinski,9,22,22,73.3,0,1,0,3,1,2,0,9,385,3,5,0,85,2022,Round 8,2022-05-07,10609
Collingwood,Taylor Adams,12,17,19,65.5,1,1,0,0,0,3,2,7,487,10,3,0,75,2022,Round 8,2022-05-07,10609
Collingwood,Nick Daicos,4,21,18,72.0,0,1,0,1,1,0,1,10,530,6,5,0,79,2022,Round 8,2022-05-07,10609
Collingwood,Scott Pendlebury,8,15,21,87.5,0,0,0,1,0,2,2,6,389,1,6,0,91,2022,Round 8,2022-05-07,10609
Collingwood,Jordan De Goey,9,12,17,77.3,0,1,0,0,0,2,4,8,352,4,2,0,80,2022,Round 8,2022-05-07,10609
Collingwood,Darcy Cameron,8,14,15,71.4,3,0,1,1,0,0,2,5,263,6,5,0,80,2022,Round 8,2022-05-07,10609
Collingwood,Jeremy Howe,4,11,15,88.2,0,0,0,5,0,0,0,4,333,2,7,0,96,2022,Round 8,2022-05-07,10609
Collingwood,Isaac Quaynor,7,9,15,88.2,0,0,0,2,1,0,1,3,379,5,9,0,76,2022,Round 8,2022-05-07,10609
Collingwood,Steele Sidebottom,2,11,6,37.5,0,0,1,3,0,1,0,6,374,4,4,1,78,2022,Round 8,2022-05-07,10609
Collingwood,John Noble,3,14,12,75.0,0,0,0,1,1,0,0,4,331,4,6,0,87,2022,Round 8,2022-05-07,10609
Collingwood,Brayden Maynard,4,11,10,66.7,0,1,0,8,0,0,1,2,391,5,4,0,86,2022,Round 8,2022-05-07,10609
Collingwood,Will Hoskin Elliott,7,8,8,57.1,1,0,1,1,0,1,0,3,270,2,3,0,85,2022,Round 8,2022-05-07,10609
Collingwood,Tyler Brown,10,6,10,71.4,0,0,0,1,0,1,2,3,42,0,1,0,65,2022,Round 8,2022-05-07,10609
Collingwood,Darcy Moore,6,3,10,76.9,3,0,0,12,0,0,0,2,284,5,9,0,100,2022,Round 8,2022-05-07,10609
Collingwood,Aiden Begg,6,7,8,61.5,0,0,1,1,0,1,0,4,151,4,1,1,61,2022,Round 8,2022-05-07,10609
Collingwood,Oliver Henry,2,8,5,50.0,1,1,3,1,0,0,0,8,275,1,0,0,83,2022,Round 8,2022-05-07,10609
Collingwood,Josh Daicos,4,5,4,44.4,0,0,0,1,0,0,0,4,73,2,1,0,86,2022,Round 8,2022-05-07,10609
Collingwood,Beau Mccreery,3,5,5,55.6,0,1,2,3,0,0,0,8,135,2,1,1,85,2022,Round 8,2022-05-07,10609
Collingwood,Brody Mihocek,4,5,5,62.5,0,0,2,1,0,0,0,7,186,2,1,2,87,2022,Round 8,2022-05-07,10609
Collingwood,Trent Bianco,1,5,4,57.1,0,0,0,0,0,0,1,3,128,1,0,0,70,2022,Round 8,2022-05-07,10609
Collingwood,Jack Ginnivan,3,3,4,80.0,0,0,1,1,0,0,0,4,165,1,1,0,81,2022,Round 8,2022-05-07,10609
Greater Western Sydney,Isaac Cumming,5,17,23,79.3,1,0,0,1,2,0,0,4,785,7,4,0,77,2022,Round 8,2022-05-07,10611
Greater Western Sydney,Joshua Kelly,9,17,19,70.4,0,0,0,1,1,1,2,2,422,5,4,0,81,2022,Round 8,2022-05-07,10611
Greater Western Sydney,Lachie Whitfield,7,18,23,88.5,0,1,1,0,0,0,2,6,464,3,4,0,82,2022,Round 8,2022-05-07,10611
Greater Western Sydney,Tom Green,16,12,16,61.5,0,0,0,2,1,2,6,3,226,5,2,3,84,2022,Round 8,2022-05-07,10611
Greater Western Sydney,Harry Perryman,7,18,18,72.0,0,0,0,1,0,0,0,5,354,4,7,0,83,2022,Round 8,2022-05-07,10611
Greater Western Sydney,Tim Taranto,9,15,19,79.2,0,0,0,1,0,1,2,3,113,2,2,0,86,2022,Round 8,2022-05-07,10611
Greater Western Sydney,Callan Ward,11,13,16,69.6,0,0,0,1,0,1,6,5,307,6,2,0,64,2022,Round 8,2022-05-07,10611
Greater Western Sydney,Braydon Preuss,10,7,13,76.5,2,2,0,2,0,2,1,5,399,7,2,0,78,2022,Round 8,2022-05-07,10611
Greater Western Sydney,Stephen Coniglio,6,11,11,68.8,0,0,0,1,0,0,1,5,221,6,2,0,85,2022,Round 8,2022-05-07,10611
Greater Western Sydney,Sam Taylor,12,4,15,100.0,3,0,0,5,0,0,1,0,215,1,12,0,100,2022,Round 8,2022-05-07,10611
Greater Western Sydney,Finn Callaghan,0,14,8,53.3,0,0,0,1,0,0,0,1,361,7,1,0,74,2022,Round 8,2022-05-07,10611
Greater Western Sydney,Connor Idun,1,11,12,85.7,0,0,0,0,0,0,0,3,127,3,3,1,81,2022,Round 8,2022-05-07,10611
Greater Western Sydney,Lachlan Ash,3,12,10,71.4,0,0,0,0,0,0,1,1,180,2,1,1,80,2022,Round 8,2022-05-07,10611
Greater Western Sydney,Jesse Hogan,5,7,8,66.7,3,0,3,1,0,0,0,5,229,2,1,1,81,2022,Round 8,2022-05-07,10611
Greater Western Sydney,Harrison Himmelberg,4,6,7,63.6,0,0,1,1,0,0,0,2,277,2,1,0,90,2022,Round 8,2022-05-07,10611
Greater Western Sydney,Ian Hill,6,5,9,81.8,0,0,0,0,0,0,0,3,134,1,3,2,70,2022,Round 8,2022-05-07,10611
Greater Western Sydney,Adam Kennedy,1,8,9,90.0,0,0,0,3,1,1,0,1,332,3,2,0,81,2022,Round 8,2022-05-07,10611
Greater Western Sydney,Toby Greene,4,6,6,60.0,1,1,1,1,0,0,2,5,241,2,0,1,90,2022,Round 8,2022-05-07,10611
Greater Western Sydney,Cooper Hamilton,3,7,8,80.0,0,0,0,2,0,0,0,1,140,1,3,0,90,2022,Round 8,2022-05-07,10611
Greater Western Sydney,Nick Haynes,3,6,7,77.8,0,0,0,7,0,0,0,0,151,1,3,0,83,2022,Round 8,2022-05-07,10611
Greater Western Sydney,Lachlan Keeffe,3,5,6,75.0,0,0,0,1,0,0,0,0,104,1,3,0,89,2022,Round 8,2022-05-07,10611
Greater Western Sydney,Matthew Flynn,2,3,4,80.0,0,0,1,1,0,1,1,3,-15,3,0,0,70,2022,Round 8,2022-05-07,10611
Geelong,Mitchell Duncan,5,26,28,84.8,1,0,0,0,0,0,0,11,386,1,3,0,89,2022,Round 8,2022-05-07,10611
Geelong,Patrick Dangerfield,13,12,16,57.1,0,1,1,1,0,3,2,5,490,4,3,0,69,2022,Round 8,2022-05-07,10611
Geelong,Zach Tuohy,8,19,23,82.1,0,2,0,0,0,0,2,9,357,2,4,0,85,2022,Round 8,2022-05-07,10611
Geelong,Cameron Guthrie,3,20,20,80.0,0,0,0,1,0,0,1,9,219,3,2,0,73,2022,Round 8,2022-05-07,10611
Geelong,Mark Blicavs,11,15,20,80.0,0,0,0,4,0,3,5,4,511,6,5,1,93,2022,Round 8,2022-05-07,10611
Geelong,Thomas Stewart,3,17,19,82.6,0,1,0,4,0,0,0,7,373,5,9,0,81,2022,Round 8,2022-05-07,10611
Geelong,Zach Guthrie,5,18,19,82.6,4,0,0,1,0,0,0,6,474,5,5,0,77,2022,Round 8,2022-05-07,10611
Geelong,Isaac Smith,1,15,11,52.4,0,0,0,1,0,0,0,5,553,6,1,1,84,2022,Round 8,2022-05-07,10611
Geelong,Jake Kolodjashnij,6,14,20,95.2,1,0,0,7,0,0,0,5,375,1,8,0,94,2022,Round 8,2022-05-07,10611
Geelong,Mark O Connor,5,16,17,81.0,1,0,0,1,0,0,0,7,291,0,7,0,94,2022,Round 8,2022-05-07,10611
Geelong,Brandan Parfitt,8,12,11,55.0,0,0,1,0,0,0,4,4,212,4,1,0,68,2022,Round 8,2022-05-07,10611
Geelong,Tyson Stengle,9,12,13,65.0,0,0,1,0,1,0,1,9,457,7,4,0,86,2022,Round 8,2022-05-07,10611
Geelong,Quinton Narkle,5,14,13,68.4,0,2,1,1,2,0,3,9,331,2,1,0,67,2022,Round 8,2022-05-07,10611
Geelong,Cooper Stephens,8,12,15,78.9,0,1,1,0,0,0,4,3,97,1,3,0,67,2022,Round 8,2022-05-07,10611
Geelong,Sam De Koning,7,11,14,82.4,1,0,0,7,0,0,0,3,155,2,7,0,94,2022,Round 8,2022-05-07,10611
Geelong,Tom Atkins,4,12,15,93.8,0,0,0,2,0,0,1,5,190,0,4,0,86,2022,Round 8,2022-05-07,10611
Geelong,Gryan Miers,3,10,12,80.0,0,1,1,0,0,0,0,5,179,2,1,1,82,2022,Round 8,2022-05-07,10611
Geelong,Mitchell Knevitt,4,12,11,73.3,1,0,0,0,0,1,1,3,241,2,1,0,51,2022,Round 8,2022-05-07,10611
Geelong,Jeremy Cameron,2,9,8,66.7,0,0,5,2,0,0,0,8,293,4,0,1,95,2022,Round 8,2022-05-07,10611
Geelong,Bradley Close,3,10,8,66.7,0,0,1,0,0,0,0,4,127,3,2,1,80,2022,Round 8,2022-05-07,10611
Geelong,Tom Hawkins,6,5,8,72.7,1,1,3,1,0,0,1,8,160,2,0,1,94,2022,Round 8,2022-05-07,10611
Geelong,Francis Evans,5,6,6,60.0,0,0,0,1,0,0,1,4,59,0,1,1,75,2022,Round 8,2022-05-07,10611
Geelong,Jed Bews,1,1,1,100.0,0,0,0,1,0,0,0,0,-1,0,2,0,15,2022,Round 8,2022-05-07,10611
Essendon,Darcy Parish,13,18,24,75.0,0,0,1,1,0,2,4,13,442,1,3,1,86,2022,Round 8,2022-05-07,10612
Essendon,Zachary Merrett,14,15,21,75.0,0,0,0,2,0,2,4,8,439,4,4,0,82,2022,Round 8,2022-05-07,10612
Essendon,Mason Redman,5,18,21,77.8,0,0,0,0,1,0,0,5,477,6,4,0,82,2022,Round 8,2022-05-07,10612
Essendon,Dyson Heppell,8,16,23,92.0,0,0,0,1,0,0,1,4,356,4,12,0,87,2022,Round 8,2022-05-07,10612
Essendon,Nick Hind,5,15,18,78.3,0,0,0,2,9,0,0,6,552,1,3,0,80,2022,Round 8,2022-05-07,10612
Essendon,Nicholas Martin,4,18,17,77.3,0,1,2,1,0,0,0,10,331,2,2,0,94,2022,Round 8,2022-05-07,10612
Essendon,Tom Cutler,4,13,20,95.2,0,0,0,2,1,0,0,6,480,4,2,0,92,2022,Round 8,2022-05-07,10612
Essendon,Jye Caldwell,9,11,13,65.0,0,1,1,2,0,1,2,9,292,3,0,1,74,2022,Round 8,2022-05-07,10612
Essendon,Ben Hobbs,7,12,12,63.2,0,0,2,1,0,0,1,6,130,4,3,0,73,2022,Round 8,2022-05-07,10612
Essendon,Peter Wright,7,9,14,87.5,2,0,4,3,0,0,0,7,372,9,2,0,100,2022,Round 8,2022-05-07,10612
Essendon,Andrew Mcgrath,5,10,13,81.2,0,0,1,0,2,0,0,5,318,1,5,0,87,2022,Round 8,2022-05-07,10612
Essendon,Dylan Shiel,6,9,12,80.0,0,2,0,2,0,4,2,6,326,1,1,0,68,2022,Round 8,2022-05-07,10612
Essendon,Archie Perkins,6,10,10,66.7,0,1,0,0,0,0,1,6,221,5,1,2,78,2022,Round 8,2022-05-07,10612
Essendon,Jayden Laverde,8,6,8,61.5,1,0,0,1,0,0,1,4,228,3,8,0,92,2022,Round 8,2022-05-07,10612
Essendon,Devon Smith,1,8,6,60.0,0,3,2,0,0,0,0,6,122,2,1,3,77,2022,Round 8,2022-05-07,10612
Essendon,Aaron Francis,4,5,6,66.7,2,0,3,4,0,0,0,5,179,3,0,0,82,2022,Round 8,2022-05-07,10612
Essendon,Brayden Ham,2,7,7,77.8,0,1,1,1,0,0,1,4,198,1,0,0,86,2022,Round 8,2022-05-07,10612
Essendon,Zach Reid,2,7,7,77.8,0,0,0,4,0,0,0,1,69,1,2,0,83,2022,Round 8,2022-05-07,10612
Essendon,Kaine Baldwin,5,3,6,75.0,2,0,2,1,0,0,1,4,150,0,0,1,82,2022,Round 8,2022-05-07,10612
Essendon,Nick Bryan,3,4,5,83.3,1,1,1,3,0,1,0,6,66,0,1,1,62,2022,Round 8,2022-05-07,10612
Essendon,Brandon Zerk Thatcher,1,3,5,100.0,0,0,0,4,0,0,0,1,47,0,2,0,85,2022,Round 8,2022-05-07,10612
Essendon,Sam Draper,5,1,4,100.0,1,0,0,4,1,3,2,5,228,3,1,1,69,2022,Round 8,2022-05-07,10612
Hawthorn,Jaeger O Meara,11,17,19,67.9,0,2,1,0,1,1,3,13,459,6,2,0,88,2022,Round 8,2022-05-07,10612
Hawthorn,Jai Newcombe,11,17,21,75.0,0,0,0,0,1,4,1,5,445,1,2,0,83,2022,Round 8,2022-05-07,10612
Hawthorn,Jack Scrimshaw,5,20,22,88.0,1,1,0,1,0,0,0,3,281,2,5,0,83,2022,Round 8,2022-05-07,10612
Hawthorn,Jarman Impey,4,18,20,87.0,0,0,0,0,3,0,0,3,283,5,3,0,78,2022,Round 8,2022-05-07,10612
Hawthorn,Harry Morrison,8,16,18,78.3,1,1,1,1,0,1,3,8,460,7,3,0,88,2022,Round 8,2022-05-07,10612
Hawthorn,Will Day,5,15,21,91.3,1,0,0,2,0,1,0,3,288,4,6,0,79,2022,Round 8,2022-05-07,10612
Hawthorn,James Sicily,7,10,20,90.9,2,0,0,9,0,0,0,4,499,3,7,0,92,2022,Round 8,2022-05-07,10612
Hawthorn,Dylan Moore,2,18,12,60.0,0,0,2,2,1,0,0,4,387,5,2,0,92,2022,Round 8,2022-05-07,10612
Hawthorn,Finn Maginness,8,10,14,77.8,0,0,0,2,0,0,2,6,275,5,5,0,78,2022,Round 8,2022-05-07,10612
Hawthorn,Lachlan Bramble,4,14,14,87.5,0,2,0,2,1,0,0,4,233,0,3,0,86,2022,Round 8,2022-05-07,10612
Hawthorn,James Worpel,9,7,10,66.7,0,0,0,1,1,3,1,5,183,2,2,0,80,2022,Round 8,2022-05-07,10612
Hawthorn,Tom Mitchell,6,8,11,78.6,0,0,0,0,0,1,3,4,129,2,0,0,78,2022,Round 8,2022-05-07,10612
Hawthorn,Josh Ward,2,12,12,85.7,0,1,0,2,0,1,1,3,114,1,1,0,75,2022,Round 8,2022-05-07,10612
Hawthorn,Max Lynch,7,6,7,58.3,1,1,3,1,0,2,1,6,194,1,3,0,79,2022,Round 8,2022-05-07,10612
Hawthorn,Jack Gunston,7,5,7,63.6,4,1,4,2,0,0,0,10,361,2,0,2,98,2022,Round 8,2022-05-07,10612
Hawthorn,Sam Frost,4,5,9,90.0,0,0,0,2,1,0,0,3,181,1,5,0,99,2022,Round 8,2022-05-07,10612
Hawthorn,Blake Hardwick,1,9,9,90.0,0,0,0,1,0,0,0,1,111,1,2,0,82,2022,Round 8,2022-05-07,10612
Hawthorn,Jackson Callow,6,4,6,60.0,2,0,1,0,0,0,0,3,71,1,1,0,70,2022,Round 8,2022-05-07,10612
Hawthorn,Connor Macdonald,2,8,5,50.0,0,0,1,1,0,0,0,4,162,1,2,2,68,2022,Round 8,2022-05-07,10612
Hawthorn,Luke Breust,4,4,4,50.0,0,0,1,1,0,0,0,4,117,4,1,0,76,2022,Round 8,2022-05-07,10612
Hawthorn,Jacob Koschitzke,6,4,4,57.1,0,0,1,3,0,0,0,5,154,3,1,0,88,2022,Round 8,2022-05-07,10612
Hawthorn,Denver Grainger Barras,0,5,6,100.0,0,0,0,2,0,0,0,1,89,0,3,0,61,2022,Round 8,2022-05-07,10612
Brisbane Lions,Lachie Neale,15,14,20,69.0,0,0,2,1,0,5,5,5,272,5,3,1,82,2022,Round 8,2022-05-07,10613
Brisbane Lions,Daniel Rich,6,19,24,85.7,0,0,0,2,0,0,2,4,373,3,5,1,80,2022,Round 8,2022-05-07,10613
Brisbane Lions,Dayne Zorko,6,18,22,84.6,0,2,0,0,0,2,2,5,537,3,4,3,82,2022,Round 8,2022-05-07,10613
Brisbane Lions,Hugh Mccluggage,12,14,21,80.8,1,3,0,1,0,1,2,10,353,6,3,2,78,2022,Round 8,2022-05-07,10613
Brisbane Lions,Jarryd Lyons,6,15,16,72.7,0,1,1,0,0,2,2,7,342,1,2,0,75,2022,Round 8,2022-05-07,10613
Brisbane Lions,Zac Bailey,5,15,14,66.7,0,0,0,1,0,1,2,4,406,5,1,2,84,2022,Round 8,2022-05-07,10613
Brisbane Lions,Callum Ah Chee,7,12,15,78.9,0,0,0,0,0,0,0,3,245,4,5,1,75,2022,Round 8,2022-05-07,10613
Brisbane Lions,Marcus Adams,6,13,17,89.5,0,0,0,6,0,0,0,3,337,2,8,0,100,2022,Round 8,2022-05-07,10613
Brisbane Lions,Brandon Starcevich,8,12,17,89.5,1,0,0,2,0,0,0,4,308,3,8,0,89,2022,Round 8,2022-05-07,10613
Brisbane Lions,Harris Andrews,7,10,14,77.8,0,0,0,5,0,0,1,3,184,1,8,0,96,2022,Round 8,2022-05-07,10613
Brisbane Lions,Noah Answerth,7,11,15,88.2,1,0,0,2,0,0,1,1,374,3,5,0,79,2022,Round 8,2022-05-07,10613
Brisbane Lions,Jarrod Berry,4,10,10,71.4,0,0,1,0,0,0,1,2,329,5,4,0,71,2022,Round 8,2022-05-07,10613
Brisbane Lions,Keidean Coleman,3,12,10,76.9,0,0,0,2,0,0,0,4,143,2,4,0,79,2022,Round 8,2022-05-07,10613
Brisbane Lions,Lincoln Mccarthy,5,6,5,41.7,0,1,1,1,0,0,0,3,129,3,3,3,83,2022,Round 8,2022-05-07,10613
Brisbane Lions,Jack Payne,4,8,9,75.0,1,1,1,3,0,0,0,4,171,3,1,1,88,2022,Round 8,2022-05-07,10613
Brisbane Lions,Darcy Fort,8,4,6,50.0,1,0,0,4,0,0,3,3,116,5,5,0,87,2022,Round 8,2022-05-07,10613
Brisbane Lions,Ryan Lester,5,5,8,72.7,0,0,0,12,0,0,0,2,155,1,5,0,76,2022,Round 8,2022-05-07,10613
Brisbane Lions,Oscar Mcinerney,7,4,7,63.6,1,1,0,3,0,0,4,5,163,1,0,0,80,2022,Round 8,2022-05-07,10613
Brisbane Lions,Cameron Rayner,7,5,7,63.6,1,0,2,0,0,0,1,7,217,2,2,0,85,2022,Round 8,2022-05-07,10613
Brisbane Lions,Charlie Cameron,3,8,6,60.0,1,0,5,0,0,0,0,7,269,5,1,2,84,2022,Round 8,2022-05-07,10613
Brisbane Lions,Thomas Berry,4,8,6,60.0,0,0,1,2,0,0,0,4,164,4,2,2,53,2022,Round 8,2022-05-07,10613
Brisbane Lions,Jaxon Prior,3,8,8,88.9,0,0,0,3,0,0,1,3,173,4,2,0,71,2022,Round 8,2022-05-07,10613
Brisbane Lions,Daniel Mcstay,0,2,1,50.0,0,0,1,1,0,0,0,1,112,1,0,0,21,2022,Round 8,2022-05-07,10613
West Coast,Jack Redden,10,19,20,69.0,0,0,0,0,0,2,5,3,294,4,1,1,86,2022,Round 8,2022-05-07,10613
West Coast,Shannon Hurn,4,15,25,92.6,3,0,0,1,0,0,0,2,413,3,8,0,85,2022,Round 8,2022-05-07,10613
West Coast,Tim Kelly,10,11,13,59.1,0,1,0,1,0,3,3,5,361,6,3,1,80,2022,Round 8,2022-05-07,10613
West Coast,Andrew Gaff,8,13,15,71.4,0,0,0,0,0,0,0,0,174,5,8,1,76,2022,Round 8,2022-05-07,10613
West Coast,Jeremy Mcgovern,12,8,18,85.7,2,0,0,4,0,0,0,1,248,3,12,0,85,2022,Round 8,2022-05-07,10613
West Coast,Jamaine Jones,7,17,16,76.2,0,0,0,2,1,0,2,2,304,6,4,0,86,2022,Round 8,2022-05-07,10613
West Coast,Connor West,10,10,14,66.7,1,0,0,0,0,3,2,2,326,5,2,0,56,2022,Round 8,2022-05-07,10613
West Coast,Liam Duggan,5,16,12,63.2,0,0,0,3,0,0,0,1,111,7,4,0,79,2022,Round 8,2022-05-07,10613
West Coast,Jake Florenca,13,7,11,57.9,0,0,0,1,0,1,3,0,141,3,3,1,65,2022,Round 8,2022-05-07,10613
West Coast,Jake Waterman,3,14,13,76.5,0,0,1,0,0,0,1,2,306,5,3,0,85,2022,Round 8,2022-05-07,10613
West Coast,Patrick Naish,3,13,11,64.7,0,0,0,1,0,0,2,0,251,5,2,0,85,2022,Round 8,2022-05-07,10613
West Coast,Luke Foley,6,9,14,82.4,0,0,0,1,0,0,1,2,325,3,5,0,85,2022,Round 8,2022-05-07,10613
West Coast,Jamie Cripps,5,9,10,66.7,0,0,0,1,0,0,1,4,301,4,1,0,86,2022,Round 8,2022-05-07,10613
West Coast,Josh Rotham,3,9,12,92.3,1,0,0,6,0,0,0,1,185,1,5,0,91,2022,Round 8,2022-05-07,10613
West Coast,Sam Petrevski Seton,3,9,9,75.0,0,1,0,1,0,1,0,3,56,3,0,0,81,2022,Round 8,2022-05-07,10613
West Coast,Callum Jamieson,8,4,9,75.0,1,0,0,1,0,1,2,0,136,2,2,0,78,2022,Round 8,2022-05-07,10613
West Coast,Jack Darling,4,5,8,80.0,1,0,2,3,0,0,0,4,131,3,0,1,94,2022,Round 8,2022-05-07,10613
West Coast,Isiah Winder,3,7,7,70.0,0,0,0,1,0,0,0,4,60,2,2,2,70,2022,Round 8,2022-05-07,10613
West Coast,Liam Ryan,4,6,8,88.9,0,0,1,1,0,0,0,4,95,2,2,2,82,2022,Round 8,2022-05-07,10613
West Coast,Tom Barrass,6,4,4,50.0,2,0,1,7,0,0,0,1,169,4,4,0,92,2022,Round 8,2022-05-07,10613
West Coast,Declan Mountford,4,4,5,62.5,0,0,0,0,0,0,3,2,105,2,0,0,19,2022,Round 8,2022-05-07,10613
West Coast,Joshua Kennedy,1,7,5,71.4,0,0,1,0,0,0,0,3,57,2,0,0,87,2022,Round 8,2022-05-07,10613
West Coast,Harry Edwards,4,2,4,66.7,0,0,0,3,0,0,1,0,57,1,2,0,69,2022,Round 8,2022-05-07,10613
Melbourne,Ed Langdon,10,29,31,79.5,0,1,1,0,0,1,1,6,566,4,5,0,100,2022,Round 8,2022-05-08,10614
Melbourne,Clayton Oliver,17,19,30,78.9,0,0,0,2,0,6,2,6,355,4,6,0,82,2022,Round 8,2022-05-08,10614
Melbourne,Christian Petracca,16,19,21,58.3,0,1,1,1,0,3,1,7,629,8,4,1,85,2022,Round 8,2022-05-08,10614
Melbourne,Angus Brayshaw,10,22,22,71.0,2,0,0,1,1,0,0,4,496,9,11,0,82,2022,Round 8,2022-05-08,10614
Melbourne,Tom Sparrow,9,14,18,78.3,0,0,0,0,0,0,2,2,279,3,3,0,71,2022,Round 8,2022-05-08,10614
Melbourne,Jack Viney,7,13,13,72.2,0,0,0,2,0,1,0,4,167,5,3,0,75,2022,Round 8,2022-05-08,10614
Melbourne,Jake Lever,5,13,13,76.5,1,0,0,5,0,0,1,4,250,2,9,0,93,2022,Round 8,2022-05-08,10614
Melbourne,Alex Neal Bullen,4,13,8,47.1,1,1,1,0,0,0,0,5,291,4,3,1,82,2022,Round 8,2022-05-08,10614
Melbourne,Steven May,4,7,15,93.8,1,0,0,6,0,0,0,1,345,3,6,0,96,2022,Round 8,2022-05-08,10614
Melbourne,James Harmes,8,10,13,81.2,0,1,1,0,0,1,1,6,467,5,2,4,76,2022,Round 8,2022-05-08,10614
Melbourne,Jayden Hunt,7,8,13,86.7,0,0,0,0,0,0,1,0,208,4,8,0,84,2022,Round 8,2022-05-08,10614
Melbourne,James Jordon,5,9,14,93.3,0,0,0,0,0,0,0,1,270,1,4,0,81,2022,Round 8,2022-05-08,10614
Melbourne,Tom Mcdonald,4,10,8,57.1,1,1,3,3,0,0,1,6,193,2,0,1,78,2022,Round 8,2022-05-08,10614
Melbourne,Charlie Spargo,4,10,10,71.4,0,0,1,0,0,0,0,1,165,2,2,0,68,2022,Round 8,2022-05-08,10614
Melbourne,Kysaiah Pickett,12,4,10,71.4,0,0,0,3,1,0,2,7,243,3,2,3,80,2022,Round 8,2022-05-08,10614
Melbourne,Jake Bowey,3,11,11,78.6,0,0,0,0,0,0,0,2,291,3,4,0,79,2022,Round 8,2022-05-08,10614
Melbourne,Max Gawn,8,3,6,54.5,3,0,0,2,0,3,1,3,124,4,1,2,83,2022,Round 8,2022-05-08,10614
Melbourne,Harrison Petty,3,8,8,72.7,1,0,0,9,0,0,0,1,153,2,8,0,91,2022,Round 8,2022-05-08,10614
Melbourne,Ben Brown,5,5,7,70.0,2,0,1,3,0,0,0,6,201,3,1,0,82,2022,Round 8,2022-05-08,10614
Melbourne,Luke Jackson,4,6,6,66.7,1,1,0,1,0,0,0,3,126,2,3,0,79,2022,Round 8,2022-05-08,10614
Melbourne,Trent Rivers,0,9,7,87.5,0,0,0,1,0,0,1,1,110,3,0,0,75,2022,Round 8,2022-05-08,10614
Melbourne,Bayley Fritsch,3,2,3,75.0,0,0,0,1,0,0,0,2,136,1,0,1,78,2022,Round 8,2022-05-08,10614
St Kilda,Jack Steele,8,20,19,65.5,0,0,1,1,0,2,2,2,453,9,5,1,85,2022,Round 8,2022-05-08,10614
St Kilda,Brad Crouch,8,16,20,74.1,0,0,0,0,1,1,2,2,123,4,4,0,81,2022,Round 8,2022-05-08,10614
St Kilda,Sebastian Ross,11,15,18,69.2,0,0,0,1,0,2,3,2,413,7,5,0,83,2022,Round 8,2022-05-08,10614
St Kilda,Jack Sinclair,9,16,17,65.4,0,0,0,5,0,2,1,3,610,12,7,1,76,2022,Round 8,2022-05-08,10614
St Kilda,Bradley Hill,6,12,15,71.4,0,0,0,0,2,0,1,4,451,2,4,1,87,2022,Round 8,2022-05-08,10614
St Kilda,Mason Wood,7,13,13,65.0,1,0,0,0,1,0,0,4,293,4,3,1,82,2022,Round 8,2022-05-08,10614
St Kilda,Zak Jones,9,11,13,65.0,0,1,0,0,0,3,0,6,207,6,3,0,68,2022,Round 8,2022-05-08,10614
St Kilda,Callum Wilkie,4,15,18,94.7,1,0,0,7,1,0,0,1,176,2,6,0,100,2022,Round 8,2022-05-08,10614
St Kilda,Dougal Howard,5,11,15,83.3,1,0,0,16,0,0,3,2,323,4,6,0,100,2022,Round 8,2022-05-08,10614
St Kilda,Josh Battle,3,13,15,83.3,0,1,0,3,1,0,0,2,357,1,4,0,91,2022,Round 8,2022-05-08,10614
St Kilda,Tim Membrey,6,11,11,64.7,3,0,2,1,0,0,0,6,311,2,1,0,93,2022,Round 8,2022-05-08,10614
St Kilda,Jade Gresham,8,8,8,53.3,0,1,0,0,2,0,1,3,208,3,2,0,88,2022,Round 8,2022-05-08,10614
St Kilda,Jimmy Webster,7,6,10,71.4,0,0,0,1,0,0,1,1,133,4,5,0,75,2022,Round 8,2022-05-08,10614
St Kilda,Ben Paton,2,13,10,71.4,0,0,0,0,0,0,0,1,255,4,4,0,80,2022,Round 8,2022-05-08,10614
St Kilda,Daniel Mckenzie,5,8,10,76.9,0,0,0,3,0,0,1,1,261,2,5,0,77,2022,Round 8,2022-05-08,10614
St Kilda,Ben Long,4,10,11,84.6,1,0,0,2,0,0,0,2,165,3,4,0,74,2022,Round 8,2022-05-08,10614
St Kilda,Patrick Ryder,7,5,6,54.5,0,0,0,4,0,1,2,3,190,3,5,1,79,2022,Round 8,2022-05-08,10614
St Kilda,Jack Higgins,5,5,7,70.0,0,0,0,1,1,0,0,2,136,2,0,1,86,2022,Round 8,2022-05-08,10614
St Kilda,Nasiah Wanganeen Milera,2,7,6,66.7,0,0,0,0,0,0,0,2,193,2,1,0,56,2022,Round 8,2022-05-08,10614
St Kilda,Daniel Butler,3,6,5,62.5,0,0,0,1,0,0,1,1,84,5,1,0,63,2022,Round 8,2022-05-08,10614
St Kilda,Rowan Marshall,6,3,5,62.5,1,0,1,3,0,0,1,2,69,4,2,1,61,2022,Round 8,2022-05-08,10614
St Kilda,Max King 1,4,0,3,75.0,2,0,1,2,0,0,0,4,112,0,0,0,95,2022,Round 8,2022-05-08,10614
St Kilda,Marcus Windhager,0,2,2,100.0,0,0,0,0,0,0,0,1,36,0,0,0,21,2022,Round 8,2022-05-08,10614
Carlton,Patrick Cripps,19,16,28,80.0,0,2,0,0,2,4,6,12,375,4,1,3,80,2022,Round 8,2022-05-08,10615
Carlton,Sam Docherty,9,20,24,80.0,0,0,0,2,1,0,2,9,455,7,11,0,89,2022,Round 8,2022-05-08,10615
Carlton,Adam Cerra,9,18,19,70.4,0,1,0,1,0,4,2,8,550,5,1,0,82,2022,Round 8,2022-05-08,10615
Carlton,Sam Walsh,8,20,19,73.1,0,1,0,0,0,1,0,9,194,5,3,0,88,2022,Round 8,2022-05-08,10615
Carlton,Matthew Kennedy 1,6,17,17,73.9,0,0,1,0,1,1,1,7,610,3,1,0,72,2022,Round 8,2022-05-08,10615
Carlton,Zac Fisher,6,16,18,78.3,0,0,1,2,0,0,2,11,376,3,0,0,76,2022,Round 8,2022-05-08,10615
Carlton,Nic Newman,3,17,17,81.0,0,1,0,4,0,0,0,4,339,3,3,0,85,2022,Round 8,2022-05-08,10615
Carlton,Charlie Curnow,12,9,13,61.9,4,0,5,1,0,0,0,15,609,5,0,1,94,2022,Round 8,2022-05-08,10615
Carlton,Jack Carroll,8,10,13,72.2,0,1,0,0,0,1,2,6,314,2,3,0,66,2022,Round 8,2022-05-08,10615
Carlton,Lochie O Brien,2,15,8,47.1,1,1,1,2,0,0,1,5,306,2,2,0,88,2022,Round 8,2022-05-08,10615
Carlton,Zachary Williams,7,9,14,87.5,1,1,0,3,1,0,1,5,236,2,6,0,76,2022,Round 8,2022-05-08,10615
Carlton,Jack Newnes,2,11,10,71.4,0,0,0,1,0,0,1,5,187,1,0,0,82,2022,Round 8,2022-05-08,10615
Carlton,Adam Saad,2,12,13,92.9,0,0,0,2,5,0,1,5,346,0,3,0,76,2022,Round 8,2022-05-08,10615
Carlton,Jacob Weitering,7,5,10,71.4,2,0,0,5,0,0,1,3,90,2,9,0,100,2022,Round 8,2022-05-08,10615
Carlton,Lewis Young,3,10,14,100.0,2,0,0,6,0,0,0,3,104,1,7,0,100,2022,Round 8,2022-05-08,10615
Carlton,Jack Silvagni,6,8,13,100.0,0,0,1,2,0,1,1,4,254,1,4,1,76,2022,Round 8,2022-05-08,10615
Carlton,Jordan Boyd,5,6,11,84.6,0,0,0,3,0,0,1,4,381,5,7,0,74,2022,Round 8,2022-05-08,10615
Carlton,Tom De Koning,7,5,6,54.5,1,1,0,6,0,1,3,4,175,3,4,0,79,2022,Round 8,2022-05-08,10615
Carlton,Matt Cottrell,3,8,10,90.9,0,1,0,0,0,1,0,5,266,2,1,0,49,2022,Round 8,2022-05-08,10615
Carlton,Harry Mckay,8,2,5,55.6,0,0,0,1,0,0,2,7,230,3,0,0,87,2022,Round 8,2022-05-08,10615
Carlton,Corey Durdin,4,5,7,77.8,0,1,0,3,0,0,1,3,122,1,3,2,69,2022,Round 8,2022-05-08,10615
Carlton,Matt Owies,4,4,4,57.1,0,0,1,1,0,0,0,3,32,2,0,1,79,2022,Round 8,2022-05-08,10615
Carlton,Jack Martin,2,0,1,50.0,1,0,1,0,0,0,0,1,5,0,0,0,32,2022,Round 8,2022-05-08,10615
Adelaide,Rory Laird,12,22,30,90.9,0,0,0,0,0,3,5,6,330,8,2,1,75,2022,Round 8,2022-05-08,10615
Adelaide,Jordan Dawson,7,20,26,86.7,0,0,0,1,0,0,2,7,577,4,7,0,92,2022,Round 8,2022-05-08,10615
Adelaide,Ben Keays,11,18,23,79.3,0,0,0,1,0,2,0,6,306,2,3,1,83,2022,Round 8,2022-05-08,10615
Adelaide,Harry Schoenberg,8,15,11,50.0,0,0,0,1,0,0,2,5,265,2,1,1,78,2022,Round 8,2022-05-08,10615
Adelaide,Sam Berry,8,15,12,57.1,0,1,1,1,0,1,0,3,221,4,4,1,69,2022,Round 8,2022-05-08,10615
Adelaide,Luke Brown,6,11,16,88.9,0,0,0,3,0,0,0,2,353,6,8,0,86,2022,Round 8,2022-05-08,10615
Adelaide,Chayce Jones,7,12,14,77.8,0,2,0,1,1,0,3,3,414,4,3,0,87,2022,Round 8,2022-05-08,10615
Adelaide,Mitchell Hinge,4,12,13,76.5,0,0,0,5,0,0,0,1,259,2,5,0,75,2022,Round 8,2022-05-08,10615
Adelaide,Taylor Walker,8,10,10,62.5,0,1,1,2,0,0,0,7,230,4,1,0,93,2022,Round 8,2022-05-08,10615
Adelaide,Tom Doedee,4,10,15,93.8,0,0,0,5,0,0,0,2,322,0,6,0,97,2022,Round 8,2022-05-08,10615
Adelaide,Billy Frampton,1,9,15,100.0,0,1,0,9,0,0,0,4,389,3,1,0,93,2022,Round 8,2022-05-08,10615
Adelaide,Jackson Hately,8,7,11,73.3,1,0,1,1,0,3,1,4,345,5,1,0,86,2022,Round 8,2022-05-08,10615
Adelaide,Will Hamill,7,8,13,86.7,1,1,0,6,0,0,1,1,178,2,6,0,69,2022,Round 8,2022-05-08,10615
Adelaide,Lachlan Sholl,3,12,12,80.0,0,1,0,0,0,0,1,4,265,3,2,0,83,2022,Round 8,2022-05-08,10615
Adelaide,Jordon Butts,4,8,12,92.3,1,0,0,3,0,0,0,3,177,4,5,0,85,2022,Round 8,2022-05-08,10615
Adelaide,Josh Rachele,3,11,4,33.3,0,0,0,1,0,0,0,4,220,4,0,1,85,2022,Round 8,2022-05-08,10615
Adelaide,Shane Mcadam,6,6,9,81.8,2,0,3,1,1,0,1,8,115,1,0,2,76,2022,Round 8,2022-05-08,10615
Adelaide,Elliot Himmelberg,4,5,7,77.8,0,0,0,1,0,0,0,3,126,3,1,0,84,2022,Round 8,2022-05-08,10615
Adelaide,Lachlan Murphy,4,4,7,77.8,0,0,0,0,0,0,0,3,236,2,3,0,62,2022,Round 8,2022-05-08,10615
Adelaide,Lachlan Gollant,2,7,6,66.7,0,0,0,1,0,0,0,3,126,1,1,0,73,2022,Round 8,2022-05-08,10615
Adelaide,Brayden Cook,3,5,6,75.0,0,0,0,1,1,0,1,3,140,1,2,0,68,2022,Round 8,2022-05-08,10615
Adelaide,Reilly O Brien,7,1,4,57.1,0,0,0,5,0,2,3,2,39,1,0,0,77,2022,Round 8,2022-05-08,10615
Adelaide,James Rowe,1,4,4,80.0,0,0,0,1,0,0,0,1,3,1,1,0,23,2022,Round 8,2022-05-08,10615
Collingwood,Jack Crisp,7,17,18,75.0,0,0,0,2,2,2,3,5,561,4,3,0,76,2022,Round 9,2022-05-13,10616
Collingwood,Taylor Adams,10,13,15,65.2,0,1,1,0,0,3,2,8,287,3,3,0,80,2022,Round 9,2022-05-13,10616
Collingwood,Brayden Maynard,8,12,16,69.6,1,0,0,8,0,0,0,6,532,7,9,0,89,2022,Round 9,2022-05-13,10616
Collingwood,Patrick Lipinski,8,14,14,60.9,0,1,0,1,0,0,1,5,361,6,2,1,85,2022,Round 9,2022-05-13,10616
Collingwood,Jeremy Howe,5,14,20,90.9,1,0,0,7,0,0,0,2,500,1,6,0,95,2022,Round 9,2022-05-13,10616
Collingwood,Nick Daicos,6,13,17,81.0,0,0,0,0,0,0,1,2,266,3,4,0,83,2022,Round 9,2022-05-13,10616
Collingwood,Jordan De Goey,6,14,19,95.0,1,0,0,0,1,1,3,7,258,2,0,0,85,2022,Round 9,2022-05-13,10616
Collingwood,John Noble,6,13,15,83.3,0,0,0,0,4,0,0,5,409,5,7,1,89,2022,Round 9,2022-05-13,10616
Collingwood,Darcy Moore,4,6,16,94.1,2,0,0,5,2,0,0,2,255,1,8,0,96,2022,Round 9,2022-05-13,10616
Collingwood,Steele Sidebottom,5,11,12,75.0,0,1,0,2,0,0,1,4,316,2,5,0,87,2022,Round 9,2022-05-13,10616
Collingwood,Isaac Quaynor,6,10,12,75.0,1,0,0,1,1,0,1,4,285,3,6,0,94,2022,Round 9,2022-05-13,10616
Collingwood,Josh Daicos,3,11,11,78.6,0,0,0,0,0,0,1,4,349,4,1,0,86,2022,Round 9,2022-05-13,10616
Collingwood,Will Hoskin Elliott,5,8,7,53.8,0,0,1,2,1,0,0,2,257,4,3,2,83,2022,Round 9,2022-05-13,10616
Collingwood,Tyler Brown,5,8,9,69.2,0,0,0,0,0,1,1,2,183,4,3,0,71,2022,Round 9,2022-05-13,10616
Collingwood,Caleb Poulter,5,8,7,53.8,0,0,0,3,0,0,3,2,321,3,1,0,77,2022,Round 9,2022-05-13,10616
Collingwood,Darcy Cameron,4,7,9,81.8,2,1,1,0,0,0,2,5,159,3,3,1,87,2022,Round 9,2022-05-13,10616
Collingwood,Oliver Henry,3,6,3,30.0,1,0,5,2,0,0,0,4,205,3,1,0,91,2022,Round 9,2022-05-13,10616
Collingwood,Brody Mihocek,3,7,3,33.3,0,0,3,1,0,0,0,4,163,4,1,2,90,2022,Round 9,2022-05-13,10616
Collingwood,Callum Brown,3,2,3,60.0,0,0,0,0,0,0,1,0,39,0,0,0,65,2022,Round 9,2022-05-13,10616
Collingwood,Finlay Macrae,3,1,2,50.0,0,0,0,2,0,0,0,0,-6,1,0,1,27,2022,Round 9,2022-05-13,10616
Collingwood,Jack Madgen,0,3,3,100.0,0,0,0,2,0,0,0,0,0,0,0,0,27,2022,Round 9,2022-05-13,10616
Collingwood,Beau Mccreery,0,3,2,66.7,0,1,0,2,0,0,0,1,106,0,0,0,77,2022,Round 9,2022-05-13,10616
Collingwood,Aiden Begg,1,1,2,100.0,0,0,0,1,0,0,0,0,6,1,0,0,62,2022,Round 9,2022-05-13,10616
Western Bulldogs,Bailey Smith,16,26,26,63.4,0,2,1,0,2,3,3,13,684,8,5,0,92,2022,Round 9,2022-05-13,10616
Western Bulldogs,Jackson Macrae,14,23,29,78.4,0,0,0,0,1,4,5,10,449,2,1,2,78,2022,Round 9,2022-05-13,10616
Western Bulldogs,Adam Treloar,15,21,24,68.6,0,0,2,0,0,1,7,9,537,4,3,1,79,2022,Round 9,2022-05-13,10616
Western Bulldogs,Caleb Daniel,8,23,29,85.3,0,0,0,0,0,0,0,6,267,2,8,0,88,2022,Round 9,2022-05-13,10616
Western Bulldogs,Thomas Liberatore,12,21,24,77.4,0,1,0,3,0,2,2,12,300,4,5,1,85,2022,Round 9,2022-05-13,10616
Western Bulldogs,Bailey Dale,4,18,27,93.1,0,0,0,5,1,0,2,8,639,1,3,0,87,2022,Round 9,2022-05-13,10616
Western Bulldogs,Marcus Bontempelli,11,15,20,76.9,1,1,2,1,2,4,1,9,493,5,1,1,87,2022,Round 9,2022-05-13,10616
Western Bulldogs,Josh Dunkley,9,17,22,91.7,2,0,2,1,0,0,3,9,259,3,1,0,80,2022,Round 9,2022-05-13,10616
Western Bulldogs,Ed Richards,4,16,14,70.0,1,2,0,5,3,0,0,3,429,6,7,0,89,2022,Round 9,2022-05-13,10616
Western Bulldogs,Bailey Williams,1,15,9,56.2,0,0,1,2,0,0,0,4,387,2,2,0,79,2022,Round 9,2022-05-13,10616
Western Bulldogs,Aaron Naughton,7,8,10,62.5,2,0,1,1,0,0,0,7,262,4,1,0,79,2022,Round 9,2022-05-13,10616
Western Bulldogs,Rhylee West,4,13,13,81.2,0,2,0,2,0,0,1,7,287,5,1,0,82,2022,Round 9,2022-05-13,10616
Western Bulldogs,Jordon Sweet,4,8,10,76.9,0,0,0,7,0,1,0,5,163,1,1,0,81,2022,Round 9,2022-05-13,10616
Western Bulldogs,Luke Cleary,3,11,11,84.6,0,0,0,0,0,0,0,1,205,2,3,0,81,2022,Round 9,2022-05-13,10616
Western Bulldogs,Robbie Mccomb,7,6,9,69.2,0,1,0,0,0,0,1,3,62,3,4,0,80,2022,Round 9,2022-05-13,10616
Western Bulldogs,Alex Keath,2,9,12,100.0,0,0,0,6,0,0,0,0,87,0,6,0,83,2022,Round 9,2022-05-13,10616
Western Bulldogs,Taylor Duryea,2,9,9,81.8,0,0,0,3,0,0,0,0,179,3,2,0,78,2022,Round 9,2022-05-13,10616
Western Bulldogs,Zaine Cordy,7,4,8,72.7,1,1,1,4,0,0,2,4,84,2,1,0,72,2022,Round 9,2022-05-13,10616
Western Bulldogs,Anthony Scott,5,6,10,90.9,0,0,1,4,0,0,0,7,140,1,4,0,76,2022,Round 9,2022-05-13,10616
Western Bulldogs,Ryan Gardner,3,7,9,90.0,0,0,0,11,0,0,0,1,220,2,5,0,95,2022,Round 9,2022-05-13,10616
Western Bulldogs,Buku Khamis,5,5,5,50.0,1,0,2,1,0,0,0,6,118,3,0,0,67,2022,Round 9,2022-05-13,10616
Western Bulldogs,Lachlan Mcneil,3,5,7,87.5,0,0,1,0,0,0,1,2,100,3,0,3,83,2022,Round 9,2022-05-13,10616
Hawthorn,Jarman Impey,6,19,20,80.0,0,0,0,0,2,0,3,6,499,5,2,0,79,2022,Round 9,2022-05-14,10617
Hawthorn,James Sicily,7,12,20,83.3,1,0,0,12,1,0,1,2,680,8,8,0,96,2022,Round 9,2022-05-14,10617
Hawthorn,Jai Newcombe,7,16,13,59.1,0,2,0,1,1,1,3,7,529,8,3,0,79,2022,Round 9,2022-05-14,10617
Hawthorn,Lachlan Bramble,7,11,15,75.0,0,1,0,1,0,0,1,4,419,4,6,0,84,2022,Round 9,2022-05-14,10617
Hawthorn,Jaeger O Meara,12,8,13,68.4,1,0,0,5,0,1,2,7,204,4,2,1,86,2022,Round 9,2022-05-14,10617
Hawthorn,Conor Nash,8,9,12,63.2,0,2,0,1,0,3,4,4,382,5,0,1,88,2022,Round 9,2022-05-14,10617
Hawthorn,Chad Wingard,6,9,12,70.6,0,1,1,0,0,2,2,6,355,4,0,0,81,2022,Round 9,2022-05-14,10617
Hawthorn,Will Day,6,9,16,94.1,0,0,0,2,0,0,3,2,374,4,8,0,78,2022,Round 9,2022-05-14,10617
Hawthorn,Blake Hardwick,2,10,13,86.7,0,0,0,2,1,0,1,3,235,2,4,0,79,2022,Round 9,2022-05-14,10617
Hawthorn,Harry Morrison,6,9,10,66.7,1,0,0,0,0,1,0,2,220,1,3,0,82,2022,Round 9,2022-05-14,10617
Hawthorn,Luke Breust,3,10,10,71.4,0,1,2,0,0,0,0,7,327,1,1,1,79,2022,Round 9,2022-05-14,10617
Hawthorn,Sam Frost,8,7,9,64.3,1,0,0,5,0,0,0,1,134,4,7,0,97,2022,Round 9,2022-05-14,10617
Hawthorn,Dylan Moore,6,8,9,64.3,1,1,0,2,0,0,0,4,238,3,3,1,92,2022,Round 9,2022-05-14,10617
Hawthorn,Jack Scrimshaw,7,6,10,76.9,2,0,0,2,0,0,1,4,39,2,7,0,75,2022,Round 9,2022-05-14,10617
Hawthorn,Jacob Koschitzke,10,4,7,53.8,4,0,2,1,0,0,3,6,293,3,2,1,81,2022,Round 9,2022-05-14,10617
Hawthorn,Finn Maginness,4,9,8,61.5,0,1,0,1,0,0,1,5,235,2,1,0,76,2022,Round 9,2022-05-14,10617
Hawthorn,Mitchell Lewis,9,4,7,58.3,2,0,2,3,0,0,0,6,141,2,2,0,95,2022,Round 9,2022-05-14,10617
Hawthorn,Max Lynch,5,3,7,58.3,2,0,1,1,0,1,0,4,124,1,3,1,74,2022,Round 9,2022-05-14,10617
Hawthorn,James Worpel,4,8,6,50.0,0,0,0,0,0,0,0,5,158,3,1,0,69,2022,Round 9,2022-05-14,10617
Hawthorn,Connor Macdonald,5,7,7,58.3,1,0,0,0,0,0,1,4,127,3,0,0,55,2022,Round 9,2022-05-14,10617
Hawthorn,Denver Grainger Barras,3,3,5,71.4,0,0,0,2,0,0,0,2,119,3,4,0,83,2022,Round 9,2022-05-14,10617
Hawthorn,Jack Gunston,3,2,3,60.0,1,1,1,0,0,0,1,3,106,1,1,0,27,2022,Round 9,2022-05-14,10617
Hawthorn,Sam Butler 1,3,1,3,100.0,0,0,0,0,0,0,0,0,-1,1,2,2,63,2022,Round 9,2022-05-14,10617
Richmond,Dion Prestia,9,19,21,75.0,0,1,0,0,0,4,4,11,510,6,1,0,81,2022,Round 9,2022-05-14,10617
Richmond,Daniel Rioli,3,20,19,79.2,0,0,0,0,3,0,0,8,409,1,6,0,81,2022,Round 9,2022-05-14,10617
Richmond,Liam Baker,12,13,16,66.7,0,0,0,1,0,0,0,6,329,4,14,1,88,2022,Round 9,2022-05-14,10617
Richmond,Trent Cotchin,8,13,13,59.1,0,0,0,1,0,5,1,6,280,4,1,1,81,2022,Round 9,2022-05-14,10617
Richmond,Jayden Short,8,10,15,71.4,0,0,0,0,1,4,2,7,368,3,3,0,81,2022,Round 9,2022-05-14,10617
Richmond,Dustin Martin,7,13,16,80.0,0,1,1,1,0,2,2,10,409,1,1,1,81,2022,Round 9,2022-05-14,10617
Richmond,Nick Vlastuin,2,15,17,85.0,0,0,0,4,0,0,0,1,525,6,5,0,84,2022,Round 9,2022-05-14,10617
Richmond,Toby Nankervis,15,5,12,60.0,0,0,0,3,0,2,6,3,109,4,2,2,75,2022,Round 9,2022-05-14,10617
Richmond,Nathan Broad,6,10,18,90.0,1,0,0,1,0,0,0,5,280,0,8,0,87,2022,Round 9,2022-05-14,10617
Richmond,Shai Bolton,9,9,11,55.0,1,2,1,3,1,3,1,8,422,4,1,5,90,2022,Round 9,2022-05-14,10617
Richmond,Jack Graham,6,14,14,70.0,0,0,0,1,0,0,0,5,254,4,4,0,75,2022,Round 9,2022-05-14,10617
Richmond,Marlion Pickett,9,11,15,83.3,0,0,0,4,0,0,3,4,419,6,4,0,88,2022,Round 9,2022-05-14,10617
Richmond,Thomas Lynch,9,7,12,75.0,2,2,4,1,0,0,0,8,179,4,2,2,93,2022,Round 9,2022-05-14,10617
Richmond,Kamdyn Mcintosh,3,13,10,62.5,0,1,0,1,0,0,0,2,333,3,2,0,82,2022,Round 9,2022-05-14,10617
Richmond,Kane Lambert,3,8,10,62.5,0,0,0,0,1,0,0,3,153,1,1,3,82,2022,Round 9,2022-05-14,10617
Richmond,Jack Riewoldt,8,7,7,50.0,2,0,4,3,0,0,0,7,363,4,1,1,90,2022,Round 9,2022-05-14,10617
Richmond,Jason Castagna,6,8,9,64.3,0,0,1,0,0,0,0,5,192,3,2,0,80,2022,Round 9,2022-05-14,10617
Richmond,Noah Balta,2,9,9,75.0,1,0,0,3,1,0,0,1,364,5,2,0,64,2022,Round 9,2022-05-14,10617
Richmond,Dylan Grimes,4,5,9,90.0,0,0,0,10,0,0,0,2,92,1,6,0,86,2022,Round 9,2022-05-14,10617
Richmond,Ivan Soldo,4,3,6,85.7,1,0,2,0,0,3,0,7,100,0,1,1,47,2022,Round 9,2022-05-14,10617
Richmond,Shane Edwards,3,3,4,66.7,1,1,0,0,0,0,0,3,69,1,1,0,26,2022,Round 9,2022-05-14,10617
Richmond,Bigoa Nyuon,3,3,6,100.0,0,0,0,10,0,0,0,2,68,0,3,0,94,2022,Round 9,2022-05-14,10617
Richmond,Maurice Rioli 1,2,2,1,25.0,0,1,0,1,0,0,0,2,30,4,3,0,65,2022,Round 9,2022-05-14,10617
North Melbourne,Jed Anderson,8,16,11,42.3,0,0,0,1,0,0,2,4,269,4,3,0,70,2022,Round 9,2022-05-14,10618
North Melbourne,Luke Davies Uniacke,12,13,22,88.0,0,0,0,0,0,6,1,7,431,2,4,0,86,2022,Round 9,2022-05-14,10618
North Melbourne,Lachie Young,6,12,16,69.6,0,0,0,4,0,0,1,0,486,5,10,0,80,2022,Round 9,2022-05-14,10618
North Melbourne,Bailey Scott,4,15,14,70.0,0,0,0,1,0,0,1,1,435,7,2,0,85,2022,Round 9,2022-05-14,10618
North Melbourne,Cameron Zurhaar,9,8,9,52.9,1,1,1,0,0,0,2,10,318,3,3,0,78,2022,Round 9,2022-05-14,10618
North Melbourne,Jaidyn Stephenson,5,10,9,52.9,0,0,1,0,0,1,2,3,182,4,0,0,83,2022,Round 9,2022-05-14,10618
North Melbourne,Luke Mcdonald,4,12,13,81.2,1,0,0,1,0,0,2,1,297,2,2,1,91,2022,Round 9,2022-05-14,10618
North Melbourne,Joshua Walker,7,7,13,86.7,1,0,0,10,0,0,0,1,238,2,11,0,92,2022,Round 9,2022-05-14,10618
North Melbourne,Todd Goldstein,9,6,11,78.6,1,1,0,9,0,1,4,5,191,1,3,0,90,2022,Round 9,2022-05-14,10618
North Melbourne,Tom Powell,4,8,11,78.6,0,0,0,0,0,0,2,3,219,0,1,0,67,2022,Round 9,2022-05-14,10618
North Melbourne,Aidan Corr,4,3,9,75.0,0,0,0,5,0,0,0,0,326,4,3,0,89,2022,Round 9,2022-05-14,10618
North Melbourne,Kayne Turner,4,6,8,66.7,0,0,0,1,0,0,0,0,205,3,6,0,85,2022,Round 9,2022-05-14,10618
North Melbourne,Tarryn Thomas,6,7,7,58.3,0,0,2,1,0,1,4,3,318,4,0,0,82,2022,Round 9,2022-05-14,10618
North Melbourne,Jack Ziebell,4,8,7,63.6,0,1,0,1,0,0,0,4,109,3,0,1,87,2022,Round 9,2022-05-14,10618
North Melbourne,Callum Coleman Jones,3,10,7,63.6,1,0,0,2,0,0,0,2,127,3,4,0,64,2022,Round 9,2022-05-14,10618
North Melbourne,Curtis Taylor,6,6,9,81.8,1,0,0,0,0,0,2,3,254,5,3,0,75,2022,Round 9,2022-05-14,10618
North Melbourne,Nick Larkey,7,2,5,62.5,1,1,1,3,0,0,0,3,147,6,0,0,93,2022,Round 9,2022-05-14,10618
North Melbourne,Kyron Hayden,5,3,7,87.5,1,0,0,2,0,0,0,1,31,2,6,0,82,2022,Round 9,2022-05-14,10618
North Melbourne,Flynn Perez,1,7,5,71.4,0,0,0,1,0,0,0,2,134,2,1,0,84,2022,Round 9,2022-05-14,10618
North Melbourne,Paul Curtis,5,2,4,57.1,1,1,1,0,0,0,1,1,154,4,1,1,79,2022,Round 9,2022-05-14,10618
North Melbourne,Atu Bosenavulagi,1,5,6,100.0,0,0,0,4,0,0,0,2,97,2,2,0,88,2022,Round 9,2022-05-14,10618
North Melbourne,Jack Mahony,2,3,4,80.0,0,0,0,1,0,0,0,1,90,0,3,0,71,2022,Round 9,2022-05-14,10618
Port Adelaide,Oliver Wines,16,15,22,68.8,1,2,2,1,0,3,6,12,575,4,4,1,82,2022,Round 9,2022-05-14,10618
Port Adelaide,Connor Rozee,13,14,20,74.1,0,1,0,1,1,5,2,8,328,5,0,1,83,2022,Round 9,2022-05-14,10618
Port Adelaide,Zak Butters,11,15,16,64.0,0,1,1,1,2,3,4,5,312,6,1,0,71,2022,Round 9,2022-05-14,10618
Port Adelaide,Karl Amon,6,19,17,70.8,0,1,0,4,0,0,0,10,606,4,4,0,80,2022,Round 9,2022-05-14,10618
Port Adelaide,Sam Powell Pepper,13,10,18,78.3,1,1,3,3,0,0,6,7,387,3,5,2,79,2022,Round 9,2022-05-14,10618
Port Adelaide,Ryan Burton,5,10,20,90.9,1,0,0,0,0,0,2,6,603,5,3,0,73,2022,Round 9,2022-05-14,10618
Port Adelaide,Willem Drew,10,11,16,76.2,1,1,0,2,0,0,1,5,199,1,4,1,74,2022,Round 9,2022-05-14,10618
Port Adelaide,Robert Gray,5,16,17,85.0,0,4,2,1,0,0,1,8,210,2,0,3,94,2022,Round 9,2022-05-14,10618
Port Adelaide,Darcy Byrne Jones,5,13,18,90.0,0,0,0,2,0,0,1,4,367,3,8,0,84,2022,Round 9,2022-05-14,10618
Port Adelaide,Dan Houston,3,16,15,78.9,0,1,0,6,0,0,0,6,264,2,5,0,83,2022,Round 9,2022-05-14,10618
Port Adelaide,Steven Motlop,6,12,13,72.2,0,2,1,2,0,0,0,7,301,4,1,1,85,2022,Round 9,2022-05-14,10618
Port Adelaide,Jeremy Finlayson,8,10,14,87.5,0,0,3,3,0,1,1,8,191,4,1,1,83,2022,Round 9,2022-05-14,10618
Port Adelaide,Kane Farrell,6,10,8,53.3,0,0,0,3,0,0,0,3,222,5,3,0,83,2022,Round 9,2022-05-14,10618
Port Adelaide,Lachlan Jones,9,8,11,73.3,0,0,0,8,0,0,1,3,79,4,9,0,95,2022,Round 9,2022-05-14,10618
Port Adelaide,Aliir Aliir,5,9,14,100.0,2,0,0,7,0,0,0,1,258,1,11,0,94,2022,Round 9,2022-05-14,10618
Port Adelaide,Travis Boak,4,10,7,53.8,0,0,0,1,0,0,1,1,224,3,0,0,81,2022,Round 9,2022-05-14,10618
Port Adelaide,Todd Marshall,6,8,10,76.9,1,0,4,3,0,0,1,8,192,1,2,1,84,2022,Round 9,2022-05-14,10618
Port Adelaide,Mitch Georgiades,4,10,10,76.9,2,0,5,2,1,0,0,8,308,4,1,1,74,2022,Round 9,2022-05-14,10618
Port Adelaide,Sam Hayes,7,3,5,62.5,0,0,0,2,0,3,1,3,195,1,1,0,73,2022,Round 9,2022-05-14,10618
Port Adelaide,Xavier Duursma,1,7,5,62.5,0,0,1,0,0,0,2,4,167,3,0,0,76,2022,Round 9,2022-05-14,10618
Port Adelaide,Martin Frederick,2,6,5,62.5,0,0,0,0,0,0,0,2,154,1,2,0,83,2022,Round 9,2022-05-14,10618
Port Adelaide,Tom Clurey,4,3,6,85.7,0,0,0,4,0,0,0,1,122,1,4,0,88,2022,Round 9,2022-05-14,10618
St Kilda,Brad Crouch,18,18,27,75.0,0,1,0,1,0,3,2,10,261,2,6,2,81,2022,Round 9,2022-05-14,10619
St Kilda,Jack Sinclair,5,21,25,80.6,1,0,0,2,2,0,1,5,650,5,6,0,83,2022,Round 9,2022-05-14,10619
St Kilda,Jade Gresham,13,17,21,70.0,0,0,0,0,3,4,4,8,318,6,1,4,85,2022,Round 9,2022-05-14,10619
St Kilda,Sebastian Ross,7,17,21,91.3,0,1,0,1,2,2,2,6,480,3,4,0,81,2022,Round 9,2022-05-14,10619
St Kilda,Jack Billings,6,17,14,63.6,0,1,2,2,0,0,2,6,441,11,1,0,78,2022,Round 9,2022-05-14,10619
St Kilda,Jack Steele,8,13,14,63.6,0,0,0,1,0,1,2,4,232,2,3,0,74,2022,Round 9,2022-05-14,10619
St Kilda,Bradley Hill,5,16,17,85.0,0,0,0,1,0,0,1,5,321,2,3,0,86,2022,Round 9,2022-05-14,10619
St Kilda,Zak Jones,5,17,13,65.0,0,0,0,0,2,2,1,6,300,2,0,2,70,2022,Round 9,2022-05-14,10619
St Kilda,Daniel Mckenzie,9,10,16,80.0,0,2,0,3,0,0,1,7,217,3,5,0,88,2022,Round 9,2022-05-14,10619
St Kilda,Josh Battle,2,14,10,50.0,1,0,0,3,0,0,1,1,324,4,3,0,78,2022,Round 9,2022-05-14,10619
St Kilda,Mason Wood,4,15,13,68.4,1,0,1,0,0,0,1,5,365,2,3,0,77,2022,Round 9,2022-05-14,10619
St Kilda,Callum Wilkie,6,12,19,100.0,2,0,0,3,0,0,0,3,229,0,9,0,98,2022,Round 9,2022-05-14,10619
St Kilda,Tim Membrey,10,9,13,72.2,1,0,2,1,0,0,1,7,335,2,1,0,88,2022,Round 9,2022-05-14,10619
St Kilda,Ben Paton,3,11,14,82.4,0,0,0,2,0,0,0,4,343,4,4,0,79,2022,Round 9,2022-05-14,10619
St Kilda,Marcus Windhager,5,10,13,86.7,0,0,0,1,0,0,1,7,40,1,0,0,56,2022,Round 9,2022-05-14,10619
St Kilda,Jimmy Webster,1,13,13,92.9,0,1,0,7,0,0,0,2,208,5,1,0,78,2022,Round 9,2022-05-14,10619
St Kilda,Rowan Marshall,4,6,8,66.7,1,1,1,1,0,0,5,6,115,0,1,2,83,2022,Round 9,2022-05-14,10619
St Kilda,Ben Long,6,6,11,100.0,0,1,0,4,0,0,0,5,68,2,2,0,70,2022,Round 9,2022-05-14,10619
St Kilda,Patrick Ryder,2,7,6,60.0,1,1,3,0,0,0,1,7,155,3,1,0,70,2022,Round 9,2022-05-14,10619
St Kilda,Dougal Howard,5,3,9,100.0,0,0,0,2,0,0,1,3,138,1,4,0,97,2022,Round 9,2022-05-14,10619
St Kilda,Max King 1,7,2,5,55.6,4,0,4,0,0,0,0,5,86,0,0,0,95,2022,Round 9,2022-05-14,10619
St Kilda,Cooper Sharman,3,6,7,77.8,0,0,1,1,0,0,1,3,235,3,0,1,77,2022,Round 9,2022-05-14,10619
St Kilda,Jack Higgins,1,1,2,100.0,0,0,0,0,0,0,0,1,54,0,0,1,25,2022,Round 9,2022-05-14,10619
Geelong,Thomas Stewart,4,22,25,92.6,0,0,0,9,0,0,0,4,310,1,5,0,95,2022,Round 9,2022-05-14,10619
Geelong,Zach Tuohy,6,17,20,76.9,1,0,0,2,2,0,4,5,559,2,2,0,95,2022,Round 9,2022-05-14,10619
Geelong,Joel Selwood,13,11,18,78.3,0,1,0,2,0,2,8,8,512,5,0,1,74,2022,Round 9,2022-05-14,10619
Geelong,Isaac Smith,4,17,19,82.6,0,0,0,1,1,0,1,7,516,2,2,1,86,2022,Round 9,2022-05-14,10619
Geelong,Cameron Guthrie,6,15,18,78.3,0,0,0,0,0,2,1,4,278,1,1,0,71,2022,Round 9,2022-05-14,10619
Geelong,Patrick Dangerfield,11,10,17,81.0,0,0,0,0,0,4,1,6,313,3,2,0,82,2022,Round 9,2022-05-14,10619
Geelong,Mitchell Duncan,2,16,16,76.2,0,2,1,3,0,0,1,8,424,2,2,0,83,2022,Round 9,2022-05-14,10619
Geelong,Mark O Connor,5,15,12,63.2,0,0,0,2,0,0,0,2,273,5,5,0,80,2022,Round 9,2022-05-14,10619
Geelong,Brandan Parfitt,8,10,11,57.9,0,1,0,1,0,1,3,5,308,3,3,0,62,2022,Round 9,2022-05-14,10619
Geelong,Tom Atkins,6,11,12,66.7,0,0,0,4,0,0,0,3,175,4,5,0,84,2022,Round 9,2022-05-14,10619
Geelong,Zach Guthrie,6,11,10,58.8,0,0,0,0,0,0,1,3,301,6,4,0,81,2022,Round 9,2022-05-14,10619
Geelong,Mark Blicavs,6,13,13,81.2,0,0,0,7,0,0,2,3,82,4,4,1,87,2022,Round 9,2022-05-14,10619
Geelong,Quinton Narkle,9,7,13,81.2,0,1,0,0,0,1,1,3,122,1,6,0,66,2022,Round 9,2022-05-14,10619
Geelong,Jeremy Cameron,0,15,10,66.7,0,1,4,3,0,0,0,8,340,3,0,1,96,2022,Round 9,2022-05-14,10619
Geelong,Jake Kolodjashnij,5,10,15,100.0,1,0,0,8,0,0,0,1,54,0,5,0,93,2022,Round 9,2022-05-14,10619
Geelong,Sam De Koning,11,5,11,73.3,2,0,0,5,0,0,0,2,81,2,11,0,100,2022,Round 9,2022-05-14,10619
Geelong,Tom Hawkins,7,7,11,78.6,3,1,4,2,0,0,0,6,259,1,1,2,96,2022,Round 9,2022-05-14,10619
Geelong,Tyson Stengle,4,8,7,58.3,1,0,1,0,0,0,0,5,195,3,4,0,81,2022,Round 9,2022-05-14,10619
Geelong,Gryan Miers,1,10,10,90.9,0,0,1,0,0,0,0,3,137,3,0,0,78,2022,Round 9,2022-05-14,10619
Geelong,Bradley Close,2,8,4,40.0,0,0,0,2,0,0,0,2,73,5,0,0,81,2022,Round 9,2022-05-14,10619
Geelong,Mitchell Knevitt,1,6,5,71.4,0,0,0,1,0,0,0,1,94,2,0,0,66,2022,Round 9,2022-05-14,10619
Geelong,Rhys Stanley,4,1,5,100.0,1,1,1,3,0,1,0,3,29,0,1,0,61,2022,Round 9,2022-05-14,10619
Adelaide,Rory Laird,17,16,24,72.7,0,0,0,1,0,3,6,10,280,4,3,1,80,2022,Round 9,2022-05-14,10621
Adelaide,Ben Keays,18,10,18,66.7,0,0,1,2,0,4,6,2,246,7,2,0,82,2022,Round 9,2022-05-14,10621
Adelaide,Jackson Hately,10,17,20,74.1,0,0,0,0,0,1,3,8,371,4,3,0,79,2022,Round 9,2022-05-14,10621
Adelaide,Jordan Dawson,7,17,18,75.0,1,2,0,1,0,1,1,8,695,9,8,0,88,2022,Round 9,2022-05-14,10621
Adelaide,James Rowe,10,14,19,82.6,0,2,1,1,0,0,3,10,265,4,2,1,78,2022,Round 9,2022-05-14,10621
Adelaide,Tom Doedee,7,12,18,85.7,1,0,0,8,1,0,0,2,415,3,16,0,100,2022,Round 9,2022-05-14,10621
Adelaide,Lachlan Sholl,6,15,18,85.7,0,0,0,1,0,0,3,4,321,4,1,2,74,2022,Round 9,2022-05-14,10621
Adelaide,Brodie Smith,7,7,12,66.7,0,0,0,4,0,0,1,5,381,5,5,0,86,2022,Round 9,2022-05-14,10621
Adelaide,Elliot Himmelberg,4,10,10,66.7,0,0,0,2,0,0,1,8,271,1,3,0,85,2022,Round 9,2022-05-14,10621
Adelaide,Shane Mcadam,2,11,10,71.4,0,1,2,2,0,0,0,5,233,1,1,1,80,2022,Round 9,2022-05-14,10621
Adelaide,Edward Mchenry,8,4,8,57.1,0,0,0,3,0,0,0,5,119,3,1,2,83,2022,Round 9,2022-05-14,10621
Adelaide,Sam Berry,6,12,9,64.3,0,0,0,1,0,0,1,1,197,2,3,1,69,2022,Round 9,2022-05-14,10621
Adelaide,Will Hamill,6,7,10,76.9,0,0,0,1,0,0,0,3,136,1,8,0,67,2022,Round 9,2022-05-14,10621
Adelaide,Taylor Walker,4,8,6,50.0,0,0,3,1,0,0,0,9,334,1,0,3,87,2022,Round 9,2022-05-14,10621
Adelaide,Mitchell Hinge,6,5,7,58.3,0,0,0,2,0,0,0,1,170,2,6,0,81,2022,Round 9,2022-05-14,10621
Adelaide,Jake Soligo,5,7,9,75.0,1,0,0,1,0,1,2,4,235,1,0,1,81,2022,Round 9,2022-05-14,10621
Adelaide,Chayce Jones,8,3,5,45.5,1,1,0,3,0,0,0,1,259,5,6,0,80,2022,Round 9,2022-05-14,10621
Adelaide,Luke Brown,3,5,8,80.0,0,0,0,0,0,0,1,3,100,2,3,0,92,2022,Round 9,2022-05-14,10621
Adelaide,Darcy Fogarty,3,5,7,77.8,0,0,0,6,0,0,0,5,110,1,0,2,79,2022,Round 9,2022-05-14,10621
Adelaide,Nick Murray,4,4,8,88.9,0,0,0,7,0,0,0,2,162,1,5,0,96,2022,Round 9,2022-05-14,10621
Adelaide,Josh Rachele,3,4,7,87.5,0,1,1,0,0,2,1,5,186,1,0,1,81,2022,Round 9,2022-05-14,10621
Adelaide,Kieran Strachan,5,2,5,83.3,1,0,0,4,0,1,0,2,47,1,0,0,75,2022,Round 9,2022-05-14,10621
Brisbane Lions,Lachie Neale,19,15,24,66.7,0,0,0,0,0,1,6,5,391,8,7,0,85,2022,Round 9,2022-05-14,10621
Brisbane Lions,Daniel Rich,3,15,21,80.8,0,1,0,0,0,0,1,2,523,5,4,0,83,2022,Round 9,2022-05-14,10621
Brisbane Lions,Dayne Zorko,11,12,17,65.4,0,1,0,0,1,1,4,5,518,5,2,2,81,2022,Round 9,2022-05-14,10621
Brisbane Lions,Jarryd Lyons,16,8,17,70.8,0,1,0,3,0,3,5,4,295,4,4,1,78,2022,Round 9,2022-05-14,10621
Brisbane Lions,Hugh Mccluggage,10,12,12,54.5,0,3,0,0,0,1,2,6,458,6,2,0,79,2022,Round 9,2022-05-14,10621
Brisbane Lions,Zac Bailey,7,10,13,68.4,1,0,1,1,1,1,0,5,485,6,3,1,76,2022,Round 9,2022-05-14,10621
Brisbane Lions,Noah Answerth,10,9,11,61.1,1,0,0,3,0,0,2,2,274,6,7,0,83,2022,Round 9,2022-05-14,10621
Brisbane Lions,Marcus Adams,7,10,11,64.7,1,0,0,12,0,0,1,2,386,3,7,0,96,2022,Round 9,2022-05-14,10621
Brisbane Lions,Keidean Coleman,4,12,14,87.5,0,0,0,2,0,0,1,1,299,0,2,0,79,2022,Round 9,2022-05-14,10621
Brisbane Lions,Jaxon Prior,5,10,9,56.2,0,0,0,1,0,0,0,4,371,4,3,0,73,2022,Round 9,2022-05-14,10621
Brisbane Lions,Brandon Starcevich,8,7,10,66.7,0,0,0,1,0,0,2,1,252,1,5,0,79,2022,Round 9,2022-05-14,10621
Brisbane Lions,Cameron Rayner,6,8,13,92.9,0,0,0,1,0,1,2,3,439,3,0,0,80,2022,Round 9,2022-05-14,10621
Brisbane Lions,Darcy Fort,13,1,5,38.5,0,0,0,2,0,1,3,4,218,7,2,0,77,2022,Round 9,2022-05-14,10621
Brisbane Lions,Harris Andrews,4,7,11,91.7,2,0,0,9,0,0,0,0,183,4,6,0,100,2022,Round 9,2022-05-14,10621
Brisbane Lions,Eric Hipwood,8,4,8,72.7,3,4,1,7,0,0,1,6,147,3,0,0,80,2022,Round 9,2022-05-14,10621
Brisbane Lions,Oscar Mcinerney,8,3,8,72.7,0,1,0,4,0,0,4,7,125,3,2,1,89,2022,Round 9,2022-05-14,10621
Brisbane Lions,Lincoln Mccarthy,5,5,6,66.7,1,0,0,1,0,0,1,5,266,2,1,0,84,2022,Round 9,2022-05-14,10621
Brisbane Lions,Darcy Gardiner,3,6,7,77.8,1,0,0,2,0,0,0,0,96,2,4,0,80,2022,Round 9,2022-05-14,10621
Brisbane Lions,Charlie Cameron,3,5,5,62.5,1,0,2,1,0,0,0,5,182,1,1,1,91,2022,Round 9,2022-05-14,10621
Brisbane Lions,Callum Ah Chee,5,3,5,62.5,0,0,1,0,0,1,0,2,32,0,1,0,71,2022,Round 9,2022-05-14,10621
Brisbane Lions,Jarrod Berry,3,3,5,71.4,0,1,1,1,0,0,0,3,128,1,1,0,75,2022,Round 9,2022-05-14,10621
Brisbane Lions,Jack Payne,4,2,5,83.3,0,0,1,2,0,0,0,4,106,0,0,0,81,2022,Round 9,2022-05-14,10621
Sydney,Chad Warner,10,22,24,75.0,0,1,0,1,2,2,3,12,507,4,2,0,80,2022,Round 9,2022-05-14,10620
Sydney,Callum Mills,12,18,22,75.9,0,0,0,3,0,3,4,9,453,8,2,1,84,2022,Round 9,2022-05-14,10620
Sydney,Nick Blakey,5,10,22,84.6,0,0,0,2,1,0,0,7,562,2,6,0,81,2022,Round 9,2022-05-14,10620
Sydney,Errol Gulden,11,16,20,76.9,0,0,0,3,0,0,2,8,504,6,6,0,83,2022,Round 9,2022-05-14,10620
Sydney,Jake Lloyd,5,17,21,87.5,0,1,0,1,0,0,0,7,262,1,6,0,81,2022,Round 9,2022-05-14,10620
Sydney,Luke Parker,7,15,19,82.6,0,0,0,1,0,3,2,8,538,5,2,1,76,2022,Round 9,2022-05-14,10620
Sydney,James Rowbottom,10,12,17,77.3,0,1,0,1,0,3,2,8,203,2,2,0,74,2022,Round 9,2022-05-14,10620
Sydney,Tom Papley,8,13,17,81.0,0,2,4,1,0,1,2,13,323,1,0,0,75,2022,Round 9,2022-05-14,10620
Sydney,Oliver Florent,1,17,15,75.0,0,1,0,1,0,0,0,7,286,4,2,0,82,2022,Round 9,2022-05-14,10620
Sydney,Sam Wicks,7,13,16,84.2,0,1,1,1,0,0,0,9,224,4,0,0,75,2022,Round 9,2022-05-14,10620
Sydney,Josh P  Kennedy,5,12,16,88.9,0,0,0,0,2,2,2,9,147,2,2,0,76,2022,Round 9,2022-05-14,10620
Sydney,Justin Mcinerney,4,12,10,58.8,0,1,0,2,0,0,0,5,190,4,5,0,91,2022,Round 9,2022-05-14,10620
Sydney,Lance Franklin,5,11,7,43.8,2,1,5,1,0,0,0,11,316,1,1,0,86,2022,Round 9,2022-05-14,10620
Sydney,Paddy Mccartin,5,10,14,93.3,0,0,0,6,0,0,0,6,121,1,6,0,80,2022,Round 9,2022-05-14,10620
Sydney,Isaac Heeney,7,7,8,61.5,1,0,2,3,0,0,0,7,161,0,4,2,86,2022,Round 9,2022-05-14,10620
Sydney,Dane Rampe,5,8,11,91.7,0,0,0,5,0,0,1,4,282,3,4,0,90,2022,Round 9,2022-05-14,10620
Sydney,Will Hayward,5,7,9,75.0,0,0,1,0,0,0,1,9,155,2,2,1,87,2022,Round 9,2022-05-14,10620
Sydney,Peter Ladhams,5,8,7,58.3,0,0,2,2,0,0,0,5,175,3,2,0,73,2022,Round 9,2022-05-14,10620
Sydney,Tom Mccartin,5,9,10,83.3,1,0,0,17,0,0,0,4,202,2,6,0,95,2022,Round 9,2022-05-14,10620
Sydney,James Bell,6,5,6,60.0,1,0,0,0,0,0,0,3,140,3,3,1,86,2022,Round 9,2022-05-14,10620
Sydney,Tom Hickey,6,4,7,77.8,0,0,2,1,0,0,0,7,99,1,3,1,69,2022,Round 9,2022-05-14,10620
Sydney,Logan Mcdonald,3,3,5,83.3,2,2,2,1,0,0,0,4,77,0,0,1,89,2022,Round 9,2022-05-14,10620
Essendon,Darcy Parish,12,19,24,77.4,0,0,0,0,0,3,2,6,337,3,2,1,82,2022,Round 9,2022-05-14,10620
Essendon,Dyson Heppell,5,15,15,65.2,1,0,0,4,0,0,0,3,419,8,4,0,89,2022,Round 9,2022-05-14,10620
Essendon,Andrew Mcgrath,6,15,15,68.2,0,0,0,1,2,0,1,7,410,5,5,0,86,2022,Round 9,2022-05-14,10620
Essendon,Jordan Ridley,7,7,19,86.4,1,0,0,5,0,0,1,4,449,2,5,0,92,2022,Round 9,2022-05-14,10620
Essendon,Tom Cutler,9,11,10,47.6,0,0,1,4,0,0,1,4,473,6,4,0,88,2022,Round 9,2022-05-14,10620
Essendon,Dylan Shiel,12,9,13,65.0,0,0,0,1,0,2,3,3,69,2,2,1,77,2022,Round 9,2022-05-14,10620
Essendon,Mason Redman,4,10,15,78.9,0,0,0,3,0,0,0,3,497,3,6,0,84,2022,Round 9,2022-05-14,10620
Essendon,Jayden Laverde,7,11,16,88.9,0,0,0,4,0,0,0,4,213,1,7,0,84,2022,Round 9,2022-05-14,10620
Essendon,Nick Hind,3,14,15,83.3,0,1,0,3,2,0,1,2,522,3,2,1,80,2022,Round 9,2022-05-14,10620
Essendon,Ben Hobbs,9,8,10,58.8,0,0,1,0,0,0,3,3,177,4,2,0,80,2022,Round 9,2022-05-14,10620
Essendon,Nicholas Martin,4,12,13,86.7,0,0,1,0,0,0,3,5,156,0,0,0,86,2022,Round 9,2022-05-14,10620
Essendon,Zachary Merrett,4,11,11,78.6,0,0,0,2,0,1,1,2,147,4,2,0,83,2022,Round 9,2022-05-14,10620
Essendon,Matt Guelfi,9,4,9,69.2,1,1,1,4,0,0,1,4,125,7,2,1,74,2022,Round 9,2022-05-14,10620
Essendon,Zach Reid,1,12,11,84.6,0,0,0,3,0,0,0,1,262,4,6,0,87,2022,Round 9,2022-05-14,10620
Essendon,Jye Caldwell,6,4,8,80.0,0,0,0,0,0,1,2,4,120,0,1,0,50,2022,Round 9,2022-05-14,10620
Essendon,Sam Durham,2,8,8,80.0,1,0,0,0,0,0,0,2,155,2,0,0,72,2022,Round 9,2022-05-14,10620
Essendon,Jake Kelly,3,7,8,88.9,1,0,0,1,0,0,0,0,37,2,5,0,83,2022,Round 9,2022-05-14,10620
Essendon,Archie Perkins,5,4,4,44.4,1,0,0,0,0,0,1,2,151,2,1,3,75,2022,Round 9,2022-05-14,10620
Essendon,Peter Wright,5,4,7,87.5,0,0,0,5,0,0,0,4,164,1,1,0,100,2022,Round 9,2022-05-14,10620
Essendon,Nick Bryan,2,4,4,66.7,1,0,1,0,0,0,0,3,74,1,1,0,63,2022,Round 9,2022-05-14,10620
Essendon,Alec Waterman,3,2,4,80.0,0,1,0,0,0,0,0,2,82,1,1,2,24,2022,Round 9,2022-05-14,10620
Essendon,Aaron Francis,3,3,3,75.0,0,0,1,2,0,0,0,2,94,0,0,0,84,2022,Round 9,2022-05-14,10620
Essendon,Sam Draper,4,1,3,75.0,1,0,0,1,0,1,0,3,61,5,0,1,73,2022,Round 9,2022-05-14,10620
Gold Coast,Touk Miller,17,16,19,55.9,0,1,0,0,0,2,8,7,587,6,5,0,87,2022,Round 9,2022-05-15,10622
Gold Coast,Noah Anderson,12,9,12,46.2,0,0,0,3,0,2,3,2,509,8,7,1,83,2022,Round 9,2022-05-15,10622
Gold Coast,Brandon Ellis,9,11,16,76.2,0,1,0,3,0,0,4,4,427,4,3,0,89,2022,Round 9,2022-05-15,10622
Gold Coast,Wil Powell,6,11,17,81.0,0,1,0,3,0,0,0,2,320,4,8,0,82,2022,Round 9,2022-05-15,10622
Gold Coast,Nicholas Holman,14,8,10,50.0,0,0,0,2,0,0,1,4,281,11,4,2,73,2022,Round 9,2022-05-15,10622
Gold Coast,Izak Rankine,15,5,12,66.7,0,2,0,1,0,0,2,11,79,4,2,1,89,2022,Round 9,2022-05-15,10622
Gold Coast,Matt Rowell,15,2,11,61.1,0,0,0,1,0,1,8,2,267,7,4,1,84,2022,Round 9,2022-05-15,10622
Gold Coast,Connor Budarick,2,10,14,77.8,1,0,0,3,0,0,1,1,344,2,1,0,89,2022,Round 9,2022-05-15,10622
Gold Coast,Sean Lemmens,3,14,14,82.4,0,0,0,4,3,0,0,2,541,4,6,0,80,2022,Round 9,2022-05-15,10622
Gold Coast,Brayden Fiorini,6,7,5,33.3,1,0,1,5,0,1,1,3,236,4,1,1,74,2022,Round 9,2022-05-15,10622
Gold Coast,Lachlan Weller,5,8,7,50.0,0,0,0,4,1,0,2,3,377,2,4,2,84,2022,Round 9,2022-05-15,10622
Gold Coast,Samuel Collins,8,9,11,78.6,1,0,0,6,0,0,1,2,370,4,9,0,100,2022,Round 9,2022-05-15,10622
Gold Coast,Jy Farrar,6,6,10,76.9,0,0,0,2,1,0,0,2,211,2,5,0,68,2022,Round 9,2022-05-15,10622
Gold Coast,David Swallow,12,4,8,66.7,0,0,0,4,0,3,3,4,197,3,4,0,70,2022,Round 9,2022-05-15,10622
Gold Coast,Ben Ainsworth,6,6,8,66.7,0,0,1,0,0,0,0,6,111,2,3,0,86,2022,Round 9,2022-05-15,10622
Gold Coast,Charlie Ballard,4,9,10,83.3,1,0,0,5,0,0,0,4,337,6,6,1,87,2022,Round 9,2022-05-15,10622
Gold Coast,Malcolm Rosas,7,6,5,45.5,0,0,0,2,0,0,0,3,84,4,3,2,68,2022,Round 9,2022-05-15,10622
Gold Coast,Jarrod Witts,6,3,5,50.0,0,0,0,7,0,0,2,3,105,6,0,0,86,2022,Round 9,2022-05-15,10622
Gold Coast,Mabior Chol,8,3,8,80.0,4,0,2,3,0,0,0,7,261,0,0,1,83,2022,Round 9,2022-05-15,10622
Gold Coast,Levi Casboult,5,2,5,71.4,1,0,1,0,0,0,1,3,72,3,1,0,85,2022,Round 9,2022-05-15,10622
Gold Coast,Joel Jeffrey,5,3,1,14.3,0,0,0,0,0,0,0,0,101,4,3,0,61,2022,Round 9,2022-05-15,10622
Gold Coast,Rory Thompson,3,3,3,60.0,0,0,0,14,0,0,0,1,43,2,3,0,94,2022,Round 9,2022-05-15,10622
Fremantle,Griffin Logue,11,16,22,75.9,1,0,0,7,0,0,0,0,122,3,17,0,92,2022,Round 9,2022-05-15,10622
Fremantle,Will Brodie,17,12,19,70.4,0,0,0,2,1,3,5,4,426,5,3,0,76,2022,Round 9,2022-05-15,10622
Fremantle,Andrew Brayshaw,8,14,19,73.1,0,0,0,2,0,0,2,0,117,2,1,1,85,2022,Round 9,2022-05-15,10622
Fremantle,Caleb Serong,14,13,13,50.0,0,0,0,2,0,3,3,4,333,5,2,5,76,2022,Round 9,2022-05-15,10622
Fremantle,James Aish,3,22,15,62.5,0,0,0,0,0,0,1,1,408,5,4,0,84,2022,Round 9,2022-05-15,10622
Fremantle,Hayden Young,10,12,19,82.6,0,0,0,1,0,0,1,2,375,4,8,0,83,2022,Round 9,2022-05-15,10622
Fremantle,Blake Acres,7,16,17,77.3,0,0,0,1,0,0,1,2,545,10,5,0,77,2022,Round 9,2022-05-15,10622
Fremantle,Jordan Clark,5,15,16,80.0,0,0,0,2,1,0,0,2,433,6,6,0,84,2022,Round 9,2022-05-15,10622
Fremantle,Brennan Cox,8,10,16,84.2,1,0,1,7,0,0,0,1,309,3,9,0,74,2022,Round 9,2022-05-15,10622
Fremantle,Luke Ryan,3,13,13,68.4,0,0,0,3,0,0,0,0,331,4,6,0,82,2022,Round 9,2022-05-15,10622
Fremantle,David Mundy,10,7,9,50.0,0,0,0,3,1,1,3,2,144,3,1,0,78,2022,Round 9,2022-05-15,10622
Fremantle,Heath Chapman,7,10,11,61.1,0,0,0,4,0,0,0,0,227,5,8,0,80,2022,Round 9,2022-05-15,10622
Fremantle,Lachlan Schultz,6,5,6,46.2,1,0,1,1,0,0,1,4,145,4,2,3,78,2022,Round 9,2022-05-15,10622
Fremantle,Minairo Frederick,8,5,12,92.3,0,0,0,0,0,0,1,3,119,1,2,3,87,2022,Round 9,2022-05-15,10622
Fremantle,Neil Erasmus,6,8,8,61.5,0,0,1,2,0,1,0,3,183,3,1,2,69,2022,Round 9,2022-05-15,10622
Fremantle,Travis Colyer,4,6,6,50.0,0,0,0,1,0,0,1,0,271,2,1,2,85,2022,Round 9,2022-05-15,10622
Fremantle,Darcy Tucker,5,7,7,58.3,0,0,0,2,0,0,2,3,245,2,3,0,78,2022,Round 9,2022-05-15,10622
Fremantle,Bailey Banfield,8,5,5,45.5,0,0,0,1,0,0,0,4,143,5,1,2,79,2022,Round 9,2022-05-15,10622
Fremantle,Alex Pearce,3,6,6,66.7,0,0,0,7,0,0,0,0,156,1,3,0,82,2022,Round 9,2022-05-15,10622
Fremantle,Sean Darcy,6,3,4,44.4,0,0,0,6,0,0,1,1,191,1,2,0,83,2022,Round 9,2022-05-15,10622
Fremantle,Josh Treacy,5,1,5,83.3,0,0,0,2,0,0,0,0,88,3,2,0,83,2022,Round 9,2022-05-15,10622
Fremantle,Rory Lobb,2,3,4,80.0,0,1,0,4,0,0,0,3,163,5,4,1,89,2022,Round 9,2022-05-15,10622
Fremantle,Brandon Walker,1,2,2,100.0,0,0,0,0,0,0,0,1,54,0,1,0,14,2022,Round 9,2022-05-15,10622
West Coast,Tim Kelly,13,20,22,68.8,0,0,0,0,2,2,3,4,507,14,7,0,80,2022,Round 9,2022-05-15,10624
West Coast,Connor West,12,17,21,72.4,0,0,1,0,0,3,2,4,405,5,5,1,66,2022,Round 9,2022-05-15,10624
West Coast,Liam Duggan,5,21,19,73.1,0,1,0,1,1,0,1,1,385,7,4,0,83,2022,Round 9,2022-05-15,10624
West Coast,Alex Witherden,3,17,22,91.7,0,0,0,2,1,0,1,1,332,4,3,0,86,2022,Round 9,2022-05-15,10624
West Coast,Jeremy Mcgovern,7,13,20,87.0,0,0,0,7,0,0,0,2,395,5,10,0,89,2022,Round 9,2022-05-15,10624
West Coast,Jack Redden,10,11,14,70.0,0,1,0,4,0,2,3,1,204,3,3,0,81,2022,Round 9,2022-05-15,10624
West Coast,Tom Barrass,5,15,17,89.5,0,0,0,14,0,0,1,0,263,3,6,0,87,2022,Round 9,2022-05-15,10624
West Coast,Josh Rotham,4,14,17,89.5,0,0,0,2,0,0,0,1,368,3,4,0,92,2022,Round 9,2022-05-15,10624
West Coast,Jamaine Jones,5,10,15,100.0,0,0,0,0,0,0,2,1,49,2,3,1,78,2022,Round 9,2022-05-15,10624
West Coast,Harry Edwards,5,11,12,80.0,2,0,0,8,0,0,0,0,195,2,5,0,86,2022,Round 9,2022-05-15,10624
West Coast,Sam Petrevski Seton,6,8,11,78.6,0,1,1,0,0,0,2,3,77,2,1,1,82,2022,Round 9,2022-05-15,10624
West Coast,Jamie Cripps,6,5,8,61.5,0,0,0,0,0,0,1,3,149,3,2,0,86,2022,Round 9,2022-05-15,10624
West Coast,Luke Foley,5,10,8,61.5,0,0,1,2,0,0,0,2,215,2,5,0,74,2022,Round 9,2022-05-15,10624
West Coast,Greg Clark,5,9,10,76.9,0,1,0,2,0,1,1,5,201,2,0,0,72,2022,Round 9,2022-05-15,10624
West Coast,Jack Darling,4,7,8,72.7,1,0,2,4,0,0,0,4,155,3,2,3,100,2022,Round 9,2022-05-15,10624
West Coast,Hugh Dixon,8,3,6,54.5,1,0,0,1,0,0,0,0,149,3,1,2,89,2022,Round 9,2022-05-15,10624
West Coast,Isiah Winder,3,7,7,70.0,0,0,0,1,0,0,0,2,102,4,1,0,75,2022,Round 9,2022-05-15,10624
West Coast,Jackson Nelson,3,6,6,66.7,0,0,0,2,0,0,0,0,154,3,0,2,83,2022,Round 9,2022-05-15,10624
West Coast,Jake Waterman,1,8,9,100.0,0,0,1,1,0,0,0,4,51,2,0,1,86,2022,Round 9,2022-05-15,10624
West Coast,Bailey Williams 1,3,5,5,62.5,0,0,1,1,0,1,0,2,79,1,0,1,74,2022,Round 9,2022-05-15,10624
West Coast,Callum Jamieson,3,5,3,37.5,0,0,1,2,0,0,0,4,171,1,2,0,68,2022,Round 9,2022-05-15,10624
West Coast,Liam Ryan,1,4,2,40.0,0,0,0,0,1,0,0,1,225,2,1,0,70,2022,Round 9,2022-05-15,10624
West Coast,Patrick Naish,1,2,2,66.7,0,0,0,0,0,1,0,1,51,0,1,0,11,2022,Round 9,2022-05-15,10624
Melbourne,Clayton Oliver,13,16,20,69.0,0,1,0,0,0,3,4,10,261,4,3,1,79,2022,Round 9,2022-05-15,10624
Melbourne,Christian Petracca,10,19,17,60.7,0,1,2,0,0,1,2,14,466,3,1,2,86,2022,Round 9,2022-05-15,10624
Melbourne,Jack Viney,13,13,24,88.9,0,1,0,3,1,3,4,7,238,3,5,3,78,2022,Round 9,2022-05-15,10624
Melbourne,James Jordon,6,21,26,96.3,0,0,0,0,1,0,3,5,612,7,2,0,84,2022,Round 9,2022-05-15,10624
Melbourne,Angus Brayshaw,3,20,16,66.7,0,0,0,3,0,0,0,1,496,6,5,0,85,2022,Round 9,2022-05-15,10624
Melbourne,Ed Langdon,5,19,19,79.2,0,0,0,0,0,0,1,1,433,1,4,0,100,2022,Round 9,2022-05-15,10624
Melbourne,Kysaiah Pickett,8,12,15,75.0,0,0,1,1,0,0,2,10,357,2,4,0,85,2022,Round 9,2022-05-15,10624
Melbourne,Steven May,5,7,14,73.7,1,0,0,7,0,0,0,1,464,4,9,0,100,2022,Round 9,2022-05-15,10624
Melbourne,Tom Sparrow,6,14,15,78.9,0,0,0,1,0,2,2,9,211,4,2,1,72,2022,Round 9,2022-05-15,10624
Melbourne,Luke Jackson,11,9,16,84.2,0,1,0,4,0,0,4,5,109,2,3,1,69,2022,Round 9,2022-05-15,10624
Melbourne,Max Gawn,7,10,11,64.7,2,0,0,2,0,3,0,5,143,2,3,0,86,2022,Round 9,2022-05-15,10624
Melbourne,James Harmes,4,12,10,58.8,0,1,1,1,0,0,0,6,231,3,1,0,53,2022,Round 9,2022-05-15,10624
Melbourne,Alex Neal Bullen,6,12,16,94.1,0,2,0,1,0,0,0,7,215,2,2,0,73,2022,Round 9,2022-05-15,10624
Melbourne,Jake Bowey,9,9,13,76.5,0,0,0,2,0,0,0,4,290,2,9,0,83,2022,Round 9,2022-05-15,10624
Melbourne,Charlie Spargo,2,13,12,80.0,0,1,0,0,1,0,0,9,225,1,2,1,77,2022,Round 9,2022-05-15,10624
Melbourne,Tom Mcdonald,5,9,8,57.1,1,0,5,1,0,0,1,6,183,6,1,2,87,2022,Round 9,2022-05-15,10624
Melbourne,Harrison Petty,4,6,9,69.2,0,0,0,5,0,0,2,1,135,3,3,0,79,2022,Round 9,2022-05-15,10624
Melbourne,Trent Rivers,3,10,12,92.3,0,0,0,1,0,0,0,3,136,1,5,0,80,2022,Round 9,2022-05-15,10624
Melbourne,Jayden Hunt,5,7,10,83.3,0,0,0,2,2,0,0,0,275,5,5,0,82,2022,Round 9,2022-05-15,10624
Melbourne,Jake Lever,3,8,9,75.0,1,0,0,7,0,0,0,2,289,3,6,0,92,2022,Round 9,2022-05-15,10624
Melbourne,Bayley Fritsch,3,9,9,81.8,0,2,3,0,1,0,0,8,213,1,0,1,81,2022,Round 9,2022-05-15,10624
Melbourne,Ben Brown,4,2,4,66.7,0,0,1,2,0,0,0,2,113,1,1,0,76,2022,Round 9,2022-05-15,10624
Melbourne,Kade Chandler,2,0,2,66.7,0,0,0,0,0,0,0,2,43,0,0,0,13,2022,Round 9,2022-05-15,10624
Greater Western Sydney,Joshua Kelly,15,23,31,86.1,0,0,0,2,0,4,2,8,401,4,6,0,84,2022,Round 9,2022-05-15,10623
Greater Western Sydney,Tom Green,14,12,15,55.6,0,0,0,0,1,3,1,4,242,9,4,0,83,2022,Round 9,2022-05-15,10623
Greater Western Sydney,Tim Taranto,11,12,15,62.5,1,0,0,0,0,3,1,6,221,4,3,2,88,2022,Round 9,2022-05-15,10623
Greater Western Sydney,Harry Perryman,7,17,17,70.8,0,1,1,3,0,0,2,4,689,10,5,0,88,2022,Round 9,2022-05-15,10623
Greater Western Sydney,Isaac Cumming,2,14,19,86.4,0,0,0,7,1,0,1,3,696,5,0,0,77,2022,Round 9,2022-05-15,10623
Greater Western Sydney,Adam Kennedy,5,11,18,90.0,0,0,0,4,0,0,0,3,394,5,5,0,82,2022,Round 9,2022-05-15,10623
Greater Western Sydney,Lachlan Ash,5,14,16,84.2,0,0,0,1,0,0,0,7,349,2,3,1,83,2022,Round 9,2022-05-15,10623
Greater Western Sydney,Cooper Hamilton,6,13,16,84.2,0,0,0,2,0,0,2,2,257,5,3,0,82,2022,Round 9,2022-05-15,10623
Greater Western Sydney,Nick Haynes,3,13,11,68.8,0,0,0,3,0,0,1,1,413,5,6,0,84,2022,Round 9,2022-05-15,10623
Greater Western Sydney,Sam Taylor,9,6,12,75.0,2,0,0,19,0,0,0,1,156,6,11,0,95,2022,Round 9,2022-05-15,10623
Greater Western Sydney,Connor Idun,4,11,14,87.5,0,0,0,5,1,0,0,2,140,2,6,0,84,2022,Round 9,2022-05-15,10623
Greater Western Sydney,Braydon Preuss,12,3,12,80.0,4,0,0,2,0,2,1,6,316,5,7,0,82,2022,Round 9,2022-05-15,10623
Greater Western Sydney,Callan Ward,5,9,10,71.4,0,0,0,1,0,2,0,5,315,4,2,0,68,2022,Round 9,2022-05-15,10623
Greater Western Sydney,Stephen Coniglio,7,8,10,71.4,0,1,0,0,0,1,1,4,193,1,0,0,78,2022,Round 9,2022-05-15,10623
Greater Western Sydney,Finn Callaghan,5,8,9,75.0,0,1,0,0,0,0,0,4,187,2,4,0,65,2022,Round 9,2022-05-15,10623
Greater Western Sydney,Matthew Deboer,3,8,10,90.9,0,0,0,0,0,0,0,2,78,2,0,1,74,2022,Round 9,2022-05-15,10623
Greater Western Sydney,Lachie Whitfield,1,8,9,81.8,0,0,0,2,0,0,0,3,166,4,3,0,85,2022,Round 9,2022-05-15,10623
Greater Western Sydney,Lachlan Keeffe,2,3,7,87.5,0,0,0,4,0,0,0,4,207,0,2,0,90,2022,Round 9,2022-05-15,10623
Greater Western Sydney,Harrison Himmelberg,4,4,6,75.0,0,0,1,2,0,0,0,4,158,1,0,1,76,2022,Round 9,2022-05-15,10623
Greater Western Sydney,Toby Greene,3,4,4,57.1,0,0,0,0,0,0,1,4,197,3,1,0,92,2022,Round 9,2022-05-15,10623
Greater Western Sydney,Jake Riccardi,4,3,6,85.7,3,0,2,3,0,0,0,5,151,1,0,0,86,2022,Round 9,2022-05-15,10623
Greater Western Sydney,Conor Stone,2,4,4,57.1,0,0,1,1,0,0,0,4,106,1,1,2,66,2022,Round 9,2022-05-15,10623
Greater Western Sydney,Ian Hill,0,1,1,100.0,0,0,0,0,1,0,0,1,67,0,0,0,8,2022,Round 9,2022-05-15,10623
Carlton,Sam Walsh,15,18,27,87.1,0,0,0,0,1,2,2,8,372,4,7,1,80,2022,Round 9,2022-05-15,10623
Carlton,George Hewett,16,15,22,73.3,0,1,1,1,0,3,5,8,290,1,5,0,77,2022,Round 9,2022-05-15,10623
Carlton,Sam Docherty,7,19,27,96.4,1,0,0,3,0,0,1,7,444,2,8,0,95,2022,Round 9,2022-05-15,10623
Carlton,Matthew Kennedy 1,9,17,21,77.8,0,1,0,1,0,1,2,11,392,2,5,0,68,2022,Round 9,2022-05-15,10623
Carlton,Patrick Cripps,13,13,15,57.7,1,1,1,2,0,2,5,7,442,10,2,1,80,2022,Round 9,2022-05-15,10623
Carlton,Adam Cerra,10,16,17,70.8,0,1,0,3,0,0,2,6,278,7,3,0,77,2022,Round 9,2022-05-15,10623
Carlton,Lochie O Brien,5,18,13,59.1,0,0,1,0,1,0,1,6,672,7,3,0,82,2022,Round 9,2022-05-15,10623
Carlton,Jack Silvagni,7,14,16,80.0,1,1,1,1,0,0,0,7,158,1,2,0,82,2022,Round 9,2022-05-15,10623
Carlton,Nic Newman,5,14,14,73.7,0,1,0,3,0,0,0,9,385,3,7,0,84,2022,Round 9,2022-05-15,10623
Carlton,Corey Durdin,8,11,10,52.6,1,0,1,0,0,0,2,5,348,5,2,1,85,2022,Round 9,2022-05-15,10623
Carlton,Jack Newnes,5,13,15,83.3,0,2,0,4,0,0,0,8,347,4,4,0,80,2022,Round 9,2022-05-15,10623
Carlton,Adam Saad,5,11,16,88.9,0,0,0,0,7,0,1,6,352,2,3,0,82,2022,Round 9,2022-05-15,10623
Carlton,Jacob Weitering,8,10,16,88.9,3,0,0,9,1,0,0,3,447,0,9,0,100,2022,Round 9,2022-05-15,10623
Carlton,Zac Fisher,8,11,12,66.7,0,0,0,1,1,1,0,6,296,3,2,2,81,2022,Round 9,2022-05-15,10623
Carlton,Matt Owies,8,8,11,73.3,0,0,1,0,0,0,0,5,155,1,1,0,74,2022,Round 9,2022-05-15,10623
Carlton,Matt Cottrell,6,9,14,93.3,0,0,0,0,0,0,1,1,191,3,3,0,69,2022,Round 9,2022-05-15,10623
Carlton,Lachlan Plowman,5,10,14,100.0,1,0,0,1,0,0,0,3,83,0,7,0,77,2022,Round 9,2022-05-15,10623
Carlton,Brodie Kemp,5,9,11,78.6,1,0,0,4,0,0,0,6,153,2,6,0,83,2022,Round 9,2022-05-15,10623
Carlton,Charlie Curnow,5,6,7,63.6,3,1,3,0,0,0,0,5,302,6,0,4,95,2022,Round 9,2022-05-15,10623
Carlton,Tom De Koning,6,3,5,45.5,1,0,1,2,0,2,1,3,147,2,0,1,82,2022,Round 9,2022-05-15,10623
Carlton,Jack Carroll,5,7,7,63.6,0,0,1,1,0,0,2,2,107,4,2,0,79,2022,Round 9,2022-05-15,10623
Carlton,Jesse Motlop,1,8,5,55.6,0,0,1,0,0,0,0,1,226,3,0,2,71,2022,Round 9,2022-05-15,10623
Carlton,Zachary Williams,1,1,2,100.0,0,0,0,0,0,0,0,0,-12,0,2,0,18,2022,Round 9,2022-05-15,10623
Carlton,Sam Walsh,15,19,26,76.5,0,1,0,1,0,1,3,7,146,4,6,0,92,2022,Round 10,2022-05-20,10625
Carlton,George Hewett,17,15,19,59.4,0,1,0,2,0,6,3,5,288,3,4,2,79,2022,Round 10,2022-05-20,10625
Carlton,Nic Newman,10,12,21,91.3,1,1,0,2,0,1,1,3,353,3,8,0,82,2022,Round 10,2022-05-20,10625
Carlton,Sam Docherty,1,15,17,81.0,0,0,0,3,0,0,0,5,693,4,1,0,84,2022,Round 10,2022-05-20,10625
Carlton,Adam Saad,5,14,18,85.7,1,1,0,0,4,0,1,4,304,3,6,0,85,2022,Round 10,2022-05-20,10625
Carlton,Matthew Kennedy 1,13,9,18,85.7,1,1,0,1,0,0,1,11,270,2,3,1,78,2022,Round 10,2022-05-20,10625
Carlton,Patrick Cripps,11,11,16,84.2,0,0,0,2,1,3,2,4,264,6,2,1,84,2022,Round 10,2022-05-20,10625
Carlton,Zac Fisher,9,11,14,77.8,0,1,0,0,1,0,2,10,344,3,5,0,84,2022,Round 10,2022-05-20,10625
Carlton,Matt Cottrell,9,9,15,83.3,1,0,0,0,0,0,0,3,270,3,6,1,91,2022,Round 10,2022-05-20,10625
Carlton,Lochie O Brien,2,15,11,64.7,0,0,0,5,0,0,0,4,424,5,2,0,81,2022,Round 10,2022-05-20,10625
Carlton,Matt Owies,10,4,11,73.3,1,0,1,0,0,0,1,9,124,0,4,3,78,2022,Round 10,2022-05-20,10625
Carlton,Jacob Weitering,6,9,13,92.9,2,0,0,14,0,0,0,3,281,4,5,0,100,2022,Round 10,2022-05-20,10625
Carlton,Lewis Young,6,9,12,85.7,1,0,0,7,0,0,0,2,122,3,5,0,95,2022,Round 10,2022-05-20,10625
Carlton,Adam Cerra,6,9,9,69.2,0,0,0,2,0,2,2,3,109,2,1,0,68,2022,Round 10,2022-05-20,10625
Carlton,Tom De Koning,7,6,8,66.7,4,0,1,6,0,0,2,4,294,4,1,0,74,2022,Round 10,2022-05-20,10625
Carlton,Liam Stocker,5,7,8,66.7,0,0,0,1,0,0,1,2,134,2,4,0,77,2022,Round 10,2022-05-20,10625
Carlton,Corey Durdin,6,6,9,75.0,0,2,0,1,0,0,0,6,230,2,1,1,80,2022,Round 10,2022-05-20,10625
Carlton,Jesse Motlop,5,7,5,41.7,0,0,1,0,0,0,0,6,155,4,0,0,64,2022,Round 10,2022-05-20,10625
Carlton,Lachlan Plowman,4,7,11,100.0,2,0,0,2,0,0,0,3,212,1,5,0,77,2022,Round 10,2022-05-20,10625
Carlton,Charlie Curnow,6,6,10,90.9,1,0,3,2,0,0,0,10,283,1,0,1,98,2022,Round 10,2022-05-20,10625
Carlton,Jack Silvagni,6,4,8,80.0,1,0,1,1,0,0,1,3,181,4,2,0,75,2022,Round 10,2022-05-20,10625
Carlton,Jack Carroll,1,9,7,70.0,0,1,0,0,0,0,0,2,274,6,1,0,74,2022,Round 10,2022-05-20,10625
Sydney,Luke Parker,13,14,15,57.7,0,1,1,1,0,3,2,4,299,7,4,0,91,2022,Round 10,2022-05-20,10625
Sydney,Isaac Heeney,15,10,16,66.7,0,0,0,2,0,3,4,2,470,8,6,0,88,2022,Round 10,2022-05-20,10625
Sydney,Callum Mills,9,15,19,82.6,0,1,0,1,0,1,3,4,329,5,3,2,87,2022,Round 10,2022-05-20,10625
Sydney,Errol Gulden,7,15,15,65.2,0,0,0,0,1,0,3,3,601,9,2,0,74,2022,Round 10,2022-05-20,10625
Sydney,Oliver Florent,4,16,18,85.7,0,0,0,2,0,1,1,3,356,3,4,0,80,2022,Round 10,2022-05-20,10625
Sydney,Nick Blakey,6,6,16,76.2,2,1,0,3,1,0,0,2,640,4,5,1,80,2022,Round 10,2022-05-20,10625
Sydney,Chad Warner,12,11,12,60.0,0,0,0,0,1,2,6,3,412,12,2,0,83,2022,Round 10,2022-05-20,10625
Sydney,Jake Lloyd,4,14,17,89.5,0,0,0,1,0,0,0,2,209,0,5,0,83,2022,Round 10,2022-05-20,10625
Sydney,Paddy Mccartin,7,9,14,87.5,1,1,0,5,0,0,0,3,208,1,9,0,81,2022,Round 10,2022-05-20,10625
Sydney,Logan Mcdonald,6,8,9,64.3,3,1,5,2,0,0,0,8,250,0,0,0,93,2022,Round 10,2022-05-20,10625
Sydney,Dane Rampe,3,10,12,92.3,0,0,0,3,0,0,0,3,183,1,2,0,97,2022,Round 10,2022-05-20,10625
Sydney,Tom Hickey,8,5,8,66.7,2,0,0,2,0,1,1,3,88,3,3,0,66,2022,Round 10,2022-05-20,10625
Sydney,Peter Ladhams,7,5,5,41.7,0,0,0,1,0,0,1,3,43,3,3,0,56,2022,Round 10,2022-05-20,10625
Sydney,Justin Mcinerney,2,10,9,75.0,0,1,1,1,0,0,0,3,258,1,1,1,90,2022,Round 10,2022-05-20,10625
Sydney,Tom Mccartin,5,6,11,100.0,1,0,0,8,0,0,0,3,77,0,3,0,100,2022,Round 10,2022-05-20,10625
Sydney,Braeden Campbell,3,8,10,90.9,0,0,0,2,0,1,0,4,286,1,3,0,43,2022,Round 10,2022-05-20,10625
Sydney,Tom Papley,3,7,7,70.0,1,1,5,0,0,0,0,6,259,1,1,1,88,2022,Round 10,2022-05-20,10625
Sydney,Will Hayward,5,5,9,90.0,0,1,1,0,0,0,0,4,175,2,1,1,83,2022,Round 10,2022-05-20,10625
Sydney,Sam Wicks,5,6,5,50.0,1,1,0,0,0,0,0,2,131,5,2,2,73,2022,Round 10,2022-05-20,10625
Sydney,Colin O Riordan,5,4,8,88.9,1,0,0,1,0,0,0,1,66,0,5,0,69,2022,Round 10,2022-05-20,10625
Sydney,James Bell,3,6,4,44.4,0,1,0,0,0,0,0,3,153,4,2,0,62,2022,Round 10,2022-05-20,10625
Sydney,Lance Franklin,1,5,5,83.3,0,0,1,1,0,0,0,2,162,2,1,3,97,2022,Round 10,2022-05-20,10625
Sydney,Josh P  Kennedy,3,3,6,100.0,0,0,0,0,0,1,0,0,23,0,2,0,35,2022,Round 10,2022-05-20,10625
Western Bulldogs,Jackson Macrae,15,18,24,70.6,1,1,1,2,1,4,6,7,440,8,1,0,83,2022,Round 10,2022-05-21,10631
Western Bulldogs,Bailey Smith,13,20,23,67.6,0,2,0,0,0,1,6,7,722,8,1,0,91,2022,Round 10,2022-05-21,10631
Western Bulldogs,Adam Treloar,10,16,14,53.8,0,0,1,1,1,1,1,8,483,5,1,1,78,2022,Round 10,2022-05-21,10631
Western Bulldogs,Marcus Bontempelli,14,15,18,75.0,3,0,3,2,0,3,4,9,589,7,0,1,88,2022,Round 10,2022-05-21,10631
Western Bulldogs,Bailey Dale,4,13,17,73.9,1,2,0,3,1,0,1,6,649,3,4,0,90,2022,Round 10,2022-05-21,10631
Western Bulldogs,Thomas Liberatore,14,10,17,77.3,0,0,0,1,0,3,5,4,237,2,2,0,81,2022,Round 10,2022-05-21,10631
Western Bulldogs,Josh Dunkley,12,10,13,59.1,2,1,1,2,0,0,3,7,299,1,3,2,80,2022,Round 10,2022-05-21,10631
Western Bulldogs,Ed Richards,9,11,19,95.0,4,0,0,2,0,0,1,5,412,4,13,0,87,2022,Round 10,2022-05-21,10631
Western Bulldogs,Caleb Daniel,4,13,18,94.7,0,0,0,2,0,0,0,3,295,2,6,0,85,2022,Round 10,2022-05-21,10631
Western Bulldogs,Bailey Williams,5,13,13,72.2,0,0,2,3,0,0,1,6,390,1,6,0,80,2022,Round 10,2022-05-21,10631
Western Bulldogs,Luke Cleary,6,12,11,68.8,1,0,0,4,0,0,0,1,133,4,7,0,73,2022,Round 10,2022-05-21,10631
Western Bulldogs,Robbie Mccomb,6,10,12,75.0,0,1,1,2,0,0,1,7,117,3,3,0,83,2022,Round 10,2022-05-21,10631
Western Bulldogs,Aaron Naughton,10,6,11,73.3,4,1,3,5,0,0,1,7,173,2,0,3,92,2022,Round 10,2022-05-21,10631
Western Bulldogs,Rhylee West,8,7,13,86.7,0,0,0,1,0,0,0,5,121,1,4,2,77,2022,Round 10,2022-05-21,10631
Western Bulldogs,Anthony Scott,5,10,13,92.9,1,1,0,0,0,0,2,5,423,2,2,0,81,2022,Round 10,2022-05-21,10631
Western Bulldogs,Lachlan Mcneil,3,6,8,72.7,0,0,2,1,0,0,0,5,213,3,0,2,80,2022,Round 10,2022-05-21,10631
Western Bulldogs,Tim O Brien,3,7,7,70.0,1,0,0,4,0,0,0,1,260,3,4,0,84,2022,Round 10,2022-05-21,10631
Western Bulldogs,Alex Keath,3,5,5,71.4,0,0,0,3,0,0,0,1,103,2,3,0,84,2022,Round 10,2022-05-21,10631
Western Bulldogs,Zaine Cordy,3,2,5,100.0,0,1,0,4,0,0,2,4,86,2,1,0,67,2022,Round 10,2022-05-21,10631
Western Bulldogs,Ryan Gardner,1,5,4,80.0,0,0,0,11,0,0,0,1,26,0,2,0,97,2022,Round 10,2022-05-21,10631
Western Bulldogs,Buku Khamis,1,5,3,60.0,0,0,1,0,0,0,0,2,55,1,1,1,66,2022,Round 10,2022-05-21,10631
Western Bulldogs,Jordon Sweet,3,1,4,100.0,0,0,0,1,0,1,2,3,64,0,0,0,75,2022,Round 10,2022-05-21,10631
Gold Coast,David Swallow,17,12,17,68.0,1,3,0,1,0,3,4,10,664,4,3,1,85,2022,Round 10,2022-05-21,10631
Gold Coast,Sean Lemmens,7,12,20,90.9,0,0,0,2,0,0,0,4,713,9,11,0,88,2022,Round 10,2022-05-21,10631
Gold Coast,Noah Anderson,11,8,7,33.3,0,0,0,0,0,4,2,3,383,5,3,1,89,2022,Round 10,2022-05-21,10631
Gold Coast,Touk Miller,9,9,8,42.1,0,0,0,1,0,1,4,3,450,3,1,0,85,2022,Round 10,2022-05-21,10631
Gold Coast,Izak Rankine,7,11,15,83.3,0,2,1,2,0,0,1,6,248,2,0,0,89,2022,Round 10,2022-05-21,10631
Gold Coast,Lachlan Weller,7,8,12,70.6,0,0,0,2,0,0,2,5,400,5,4,0,89,2022,Round 10,2022-05-21,10631
Gold Coast,Brandon Ellis,3,13,10,66.7,0,1,1,0,0,0,2,4,285,4,2,0,92,2022,Round 10,2022-05-21,10631
Gold Coast,Charlie Ballard,2,12,14,93.3,0,0,0,6,0,0,0,1,372,5,11,0,97,2022,Round 10,2022-05-21,10631
Gold Coast,Ben Ainsworth,6,7,9,64.3,0,0,1,2,0,0,0,5,285,7,2,1,88,2022,Round 10,2022-05-21,10631
Gold Coast,Wil Powell,4,7,11,78.6,0,0,0,1,0,0,2,1,311,3,3,0,91,2022,Round 10,2022-05-21,10631
Gold Coast,Jy Farrar,3,8,14,100.0,0,0,0,2,0,0,0,2,390,0,5,0,38,2022,Round 10,2022-05-21,10631
Gold Coast,Oleg Markov,3,9,5,41.7,0,0,0,2,0,0,0,3,264,2,3,1,56,2022,Round 10,2022-05-21,10631
Gold Coast,Jarrod Witts,11,2,5,45.5,1,0,0,3,0,3,1,6,138,3,0,0,89,2022,Round 10,2022-05-21,10631
Gold Coast,Samuel Collins,5,7,9,90.0,1,0,0,13,0,0,0,2,145,0,8,0,100,2022,Round 10,2022-05-21,10631
Gold Coast,Joel Jeffrey,4,6,8,80.0,2,0,3,2,0,0,0,5,223,1,1,1,78,2022,Round 10,2022-05-21,10631
Gold Coast,Brayden Fiorini,6,2,6,66.7,0,0,0,0,0,1,2,2,185,2,1,1,61,2022,Round 10,2022-05-21,10631
Gold Coast,Mabior Chol,6,3,5,55.6,3,0,2,1,0,1,0,5,221,2,1,0,87,2022,Round 10,2022-05-21,10631
Gold Coast,Connor Budarick,2,5,5,62.5,0,0,0,0,0,0,1,4,78,1,1,0,77,2022,Round 10,2022-05-21,10631
Gold Coast,Levi Casboult,5,2,2,28.6,2,0,1,0,0,0,1,4,65,4,0,0,100,2022,Round 10,2022-05-21,10631
Gold Coast,Matt Rowell,5,2,3,50.0,0,0,0,0,0,0,1,2,154,1,0,0,67,2022,Round 10,2022-05-21,10631
Gold Coast,Nicholas Holman,4,1,5,100.0,0,0,0,2,0,0,0,2,21,0,1,3,70,2022,Round 10,2022-05-21,10631
Gold Coast,Malcolm Rosas,4,2,5,100.0,0,1,0,1,0,0,0,3,70,0,1,1,57,2022,Round 10,2022-05-21,10631
Gold Coast,Rory Thompson,2,2,3,75.0,1,0,0,3,0,0,0,0,17,1,2,0,27,2022,Round 10,2022-05-21,10631
Geelong,Cameron Guthrie,16,23,27,71.1,0,1,0,1,0,1,9,13,400,7,2,0,76,2022,Round 10,2022-05-21,10626
Geelong,Thomas Stewart,8,16,24,88.9,1,0,0,7,0,0,0,8,382,5,13,0,91,2022,Round 10,2022-05-21,10626
Geelong,Brandan Parfitt,9,15,20,80.0,0,0,0,3,0,2,2,8,298,2,2,0,68,2022,Round 10,2022-05-21,10626
Geelong,Jeremy Cameron,13,14,18,75.0,3,1,0,1,1,1,2,12,629,2,2,2,96,2022,Round 10,2022-05-21,10626
Geelong,Bradley Close,6,16,18,81.8,1,2,0,3,1,0,0,10,155,2,2,2,85,2022,Round 10,2022-05-21,10626
Geelong,Zach Tuohy,4,15,15,71.4,0,0,0,1,4,0,0,5,408,5,3,1,84,2022,Round 10,2022-05-21,10626
Geelong,Mitchell Duncan,4,14,15,78.9,0,1,0,2,1,1,1,6,287,3,1,1,81,2022,Round 10,2022-05-21,10626
Geelong,Isaac Smith,5,14,15,78.9,0,0,0,1,1,0,1,10,530,3,2,0,81,2022,Round 10,2022-05-21,10626
Geelong,Tom Atkins,5,14,15,78.9,0,1,0,1,0,0,4,4,258,3,2,1,88,2022,Round 10,2022-05-21,10626
Geelong,Patrick Dangerfield,9,7,16,88.9,0,1,0,0,0,1,5,4,253,2,1,1,63,2022,Round 10,2022-05-21,10626
Geelong,Mark Blicavs,11,8,14,77.8,0,0,0,1,0,2,7,6,158,4,3,0,90,2022,Round 10,2022-05-21,10626
Geelong,Joel Selwood,4,16,12,70.6,0,0,1,3,0,0,2,5,209,5,1,0,72,2022,Round 10,2022-05-21,10626
Geelong,Tom Hawkins,12,6,7,43.8,2,0,2,5,0,0,1,5,262,3,0,1,97,2022,Round 10,2022-05-21,10626
Geelong,Zach Guthrie,7,10,14,87.5,1,1,0,4,0,0,0,4,287,0,7,0,81,2022,Round 10,2022-05-21,10626
Geelong,Cooper Stephens,7,9,11,68.8,0,0,0,0,0,2,0,7,323,2,1,0,64,2022,Round 10,2022-05-21,10626
Geelong,Sam De Koning,10,6,15,93.8,2,0,0,4,0,0,0,2,170,1,11,0,100,2022,Round 10,2022-05-21,10626
Geelong,Jed Bews,6,7,9,69.2,0,0,0,3,0,0,2,2,201,2,4,0,83,2022,Round 10,2022-05-21,10626
Geelong,Mark O Connor,2,11,10,76.9,0,0,1,3,0,0,0,3,204,0,3,0,83,2022,Round 10,2022-05-21,10626
Geelong,Tyson Stengle,1,11,9,75.0,0,0,1,1,0,0,0,7,252,2,0,1,78,2022,Round 10,2022-05-21,10626
Geelong,Jake Kolodjashnij,6,6,6,54.5,0,0,0,4,0,0,0,4,286,3,4,0,89,2022,Round 10,2022-05-21,10626
Geelong,Francis Evans,3,9,7,63.6,0,0,0,0,0,0,0,2,197,4,3,0,66,2022,Round 10,2022-05-21,10626
Geelong,Gary Rohan,2,5,5,71.4,0,0,0,2,0,0,0,6,103,2,1,1,79,2022,Round 10,2022-05-21,10626
Geelong,Gryan Miers,0,3,3,100.0,0,0,0,0,0,0,0,2,15,0,0,0,5,2022,Round 10,2022-05-21,10626
Port Adelaide,Dan Houston,8,22,23,76.7,3,0,0,6,0,0,2,4,514,4,8,0,84,2022,Round 10,2022-05-21,10626
Port Adelaide,Oliver Wines,9,20,22,75.9,0,0,0,0,0,1,4,4,397,4,2,1,84,2022,Round 10,2022-05-21,10626
Port Adelaide,Travis Boak,11,16,16,64.0,0,1,1,2,0,3,4,4,385,6,2,0,76,2022,Round 10,2022-05-21,10626
Port Adelaide,Zak Butters,9,17,21,87.5,1,0,0,2,3,1,2,4,262,2,1,0,82,2022,Round 10,2022-05-21,10626
Port Adelaide,Trent Dumont,2,23,16,69.6,0,0,0,0,0,0,1,5,307,2,1,0,80,2022,Round 10,2022-05-21,10626
Port Adelaide,Karl Amon,8,14,18,78.3,0,1,0,4,2,0,2,2,420,2,6,0,80,2022,Round 10,2022-05-21,10626
Port Adelaide,Ryan Burton,4,10,18,81.8,0,0,0,2,0,0,1,2,447,1,4,0,71,2022,Round 10,2022-05-21,10626
Port Adelaide,Connor Rozee,7,13,11,50.0,0,0,0,0,0,0,1,2,254,5,0,1,81,2022,Round 10,2022-05-21,10626
Port Adelaide,Willem Drew,7,14,17,85.0,1,0,0,3,0,3,1,3,244,4,1,3,69,2022,Round 10,2022-05-21,10626
Port Adelaide,Darcy Byrne Jones,1,17,11,61.1,0,0,0,1,0,0,0,1,374,6,6,0,81,2022,Round 10,2022-05-21,10626
Port Adelaide,Kane Farrell,5,13,16,88.9,1,1,0,0,3,0,0,5,585,3,4,0,76,2022,Round 10,2022-05-21,10626
Port Adelaide,Aliir Aliir,7,11,14,82.4,0,0,0,6,0,0,0,2,277,3,9,0,93,2022,Round 10,2022-05-21,10626
Port Adelaide,Robert Gray,4,10,11,78.6,1,2,7,3,0,0,1,6,187,5,0,2,94,2022,Round 10,2022-05-21,10626
Port Adelaide,Tom Clurey,2,10,10,76.9,1,0,0,2,0,0,0,1,222,2,3,0,96,2022,Round 10,2022-05-21,10626
Port Adelaide,Jeremy Finlayson,4,8,8,61.5,0,0,1,1,0,0,1,4,268,4,0,0,79,2022,Round 10,2022-05-21,10626
Port Adelaide,Mitch Georgiades,10,3,10,76.9,2,0,1,2,0,0,0,6,86,1,3,0,86,2022,Round 10,2022-05-21,10626
Port Adelaide,Thomas Jonas,6,5,9,81.8,1,0,0,3,0,0,0,2,134,3,7,0,89,2022,Round 10,2022-05-21,10626
Port Adelaide,Sam Hayes,6,4,9,90.0,0,1,0,4,0,1,4,2,65,1,0,0,70,2022,Round 10,2022-05-21,10626
Port Adelaide,Sam Powell Pepper,5,4,7,77.8,0,0,0,0,0,0,2,1,116,4,2,2,78,2022,Round 10,2022-05-21,10626
Port Adelaide,Lachlan Jones,1,7,7,87.5,0,0,0,3,0,0,0,1,87,2,2,0,86,2022,Round 10,2022-05-21,10626
Port Adelaide,Steven Motlop,2,5,6,85.7,0,0,1,2,0,0,0,3,90,1,0,0,79,2022,Round 10,2022-05-21,10626
Port Adelaide,Todd Marshall,3,2,6,100.0,0,0,2,1,0,0,0,3,152,3,1,4,84,2022,Round 10,2022-05-21,10626
North Melbourne,Luke Mcdonald,5,16,25,80.6,0,1,0,1,0,0,2,1,640,5,4,0,87,2022,Round 10,2022-05-21,10629
North Melbourne,Aidan Corr,3,22,24,82.8,1,0,0,12,0,0,0,3,493,3,7,0,89,2022,Round 10,2022-05-21,10629
North Melbourne,Luke Davies Uniacke,11,18,20,74.1,0,1,0,0,1,2,3,4,252,5,2,2,93,2022,Round 10,2022-05-21,10629
North Melbourne,Bailey Scott,4,22,21,77.8,0,0,0,0,0,0,0,2,186,2,4,0,87,2022,Round 10,2022-05-21,10629
North Melbourne,Jy Simpkin,2,18,9,42.9,0,0,0,0,0,1,0,7,418,5,0,0,80,2022,Round 10,2022-05-21,10629
North Melbourne,Jed Anderson,12,10,11,55.0,0,0,0,4,0,3,1,3,321,5,2,1,67,2022,Round 10,2022-05-21,10629
North Melbourne,Joshua Walker,7,12,17,89.5,0,0,0,5,0,0,0,3,231,2,7,0,90,2022,Round 10,2022-05-21,10629
North Melbourne,Lachie Young,3,15,16,88.9,0,0,0,5,1,0,0,3,249,1,5,0,87,2022,Round 10,2022-05-21,10629
North Melbourne,Kayne Turner,4,13,13,76.5,0,0,0,1,0,0,0,1,202,2,5,0,79,2022,Round 10,2022-05-21,10629
North Melbourne,Flynn Perez,5,12,11,64.7,0,0,0,0,1,0,2,2,231,4,2,0,82,2022,Round 10,2022-05-21,10629
North Melbourne,Jason Horne Francis,10,7,13,76.5,0,0,0,0,1,0,4,2,195,4,2,0,84,2022,Round 10,2022-05-21,10629
North Melbourne,Jack Ziebell,7,10,12,75.0,3,0,2,2,0,1,0,4,237,3,2,3,84,2022,Round 10,2022-05-21,10629
North Melbourne,Tarryn Thomas,4,11,12,75.0,0,0,1,1,0,0,1,2,346,2,2,0,76,2022,Round 10,2022-05-21,10629
North Melbourne,Tom Powell,7,9,12,80.0,1,0,0,0,0,1,2,3,166,2,4,0,76,2022,Round 10,2022-05-21,10629
North Melbourne,Todd Goldstein,4,9,9,75.0,1,0,1,7,0,0,1,3,64,0,0,0,75,2022,Round 10,2022-05-21,10629
North Melbourne,Curtis Taylor,3,10,8,66.7,0,0,0,0,0,0,1,1,149,2,2,0,67,2022,Round 10,2022-05-21,10629
North Melbourne,Kyron Hayden,4,7,8,72.7,0,0,0,3,0,0,0,2,137,2,5,0,81,2022,Round 10,2022-05-21,10629
North Melbourne,Hugh Greenwood,10,1,8,80.0,0,2,0,0,0,2,4,3,174,1,0,2,75,2022,Round 10,2022-05-21,10629
North Melbourne,Cameron Zurhaar,5,3,6,66.7,1,0,1,0,0,0,1,7,289,3,0,1,91,2022,Round 10,2022-05-21,10629
North Melbourne,Nick Larkey,6,2,4,50.0,2,0,1,3,0,0,0,1,128,4,0,0,96,2022,Round 10,2022-05-21,10629
North Melbourne,Paul Curtis,3,3,4,66.7,0,0,0,0,0,0,0,2,100,0,1,0,84,2022,Round 10,2022-05-21,10629
North Melbourne,Tristan Xerri,0,2,2,100.0,0,1,0,2,0,0,0,4,16,0,0,0,63,2022,Round 10,2022-05-21,10629
North Melbourne,Atu Bosenavulagi,0,0,0,0.0,0,0,0,0,0,0,0,0,0,0,0,0,6,2022,Round 10,2022-05-21,10629
Melbourne,Clayton Oliver,22,24,30,66.7,1,0,0,1,0,2,11,6,621,3,5,2,86,2022,Round 10,2022-05-21,10629
Melbourne,Christian Petracca,13,17,22,73.3,0,4,0,0,0,2,4,7,616,7,1,2,91,2022,Round 10,2022-05-21,10629
Melbourne,Luke Dunstan,11,13,14,63.6,0,0,0,1,0,1,3,4,288,4,4,1,72,2022,Round 10,2022-05-21,10629
Melbourne,James Jordon,3,19,15,68.2,0,1,0,0,0,0,0,3,510,3,1,0,89,2022,Round 10,2022-05-21,10629
Melbourne,Tom Sparrow,8,12,13,65.0,0,0,0,2,0,1,6,6,336,6,2,1,70,2022,Round 10,2022-05-21,10629
Melbourne,Angus Brayshaw,4,14,12,66.7,1,0,0,2,0,0,1,4,271,5,3,0,88,2022,Round 10,2022-05-21,10629
Melbourne,Jake Lever,6,9,15,93.8,1,0,0,6,1,0,0,3,224,2,7,0,100,2022,Round 10,2022-05-21,10629
Melbourne,Max Gawn,9,5,5,33.3,1,1,2,2,0,3,5,8,244,1,2,0,87,2022,Round 10,2022-05-21,10629
Melbourne,Luke Jackson,9,6,14,93.3,1,0,0,1,0,3,2,5,111,1,0,0,77,2022,Round 10,2022-05-21,10629
Melbourne,Steven May,7,4,12,85.7,2,0,0,4,0,0,0,2,391,3,8,0,100,2022,Round 10,2022-05-21,10629
Melbourne,Charlie Spargo,5,9,12,92.3,0,2,0,0,0,0,0,7,105,2,2,2,74,2022,Round 10,2022-05-21,10629
Melbourne,Alex Neal Bullen,6,8,6,50.0,0,0,0,2,1,1,1,3,272,2,1,4,83,2022,Round 10,2022-05-21,10629
Melbourne,Bayley Fritsch,4,9,8,66.7,0,0,1,0,1,0,0,9,230,3,3,3,84,2022,Round 10,2022-05-21,10629
Melbourne,Jake Bowey,4,8,10,83.3,0,0,1,2,0,0,2,3,130,1,4,0,78,2022,Round 10,2022-05-21,10629
Melbourne,Tom Mcdonald,11,0,7,63.6,2,0,2,0,0,0,0,7,96,0,0,1,73,2022,Round 10,2022-05-21,10629
Melbourne,Trent Rivers,2,8,8,88.9,0,0,0,3,0,0,0,3,311,2,5,0,71,2022,Round 10,2022-05-21,10629
Melbourne,Ben Brown,5,3,4,50.0,2,2,1,1,0,0,0,4,144,3,0,1,79,2022,Round 10,2022-05-21,10629
Melbourne,Jake Melksham,2,5,5,71.4,0,0,0,1,0,0,1,4,205,1,1,0,79,2022,Round 10,2022-05-21,10629
Melbourne,Toby Bedford,1,6,5,71.4,0,0,0,0,0,0,1,3,174,1,2,2,49,2022,Round 10,2022-05-21,10629
Melbourne,Kysaiah Pickett,2,2,5,71.4,0,0,1,1,0,0,1,2,159,4,1,4,82,2022,Round 10,2022-05-21,10629
Melbourne,Ed Langdon,2,4,5,83.3,0,0,0,0,0,0,0,2,153,0,0,0,25,2022,Round 10,2022-05-21,10629
Melbourne,Harrison Petty,2,3,6,100.0,1,0,0,3,1,0,0,0,107,0,3,0,82,2022,Round 10,2022-05-21,10629
Melbourne,Jayden Hunt,2,1,4,80.0,0,0,0,3,0,0,0,1,238,2,3,0,80,2022,Round 10,2022-05-21,10629
Adelaide,Brodie Smith,6,20,21,75.0,1,1,1,2,0,0,3,7,659,2,6,0,83,2022,Round 10,2022-05-21,10632
Adelaide,Ben Keays,12,15,17,63.0,0,0,0,3,0,3,6,6,384,10,2,1,89,2022,Round 10,2022-05-21,10632
Adelaide,Rory Laird,11,13,17,70.8,0,0,0,1,0,3,2,4,209,1,4,1,79,2022,Round 10,2022-05-21,10632
Adelaide,Jordan Dawson,4,17,15,68.2,1,1,2,3,0,0,0,6,516,3,7,0,93,2022,Round 10,2022-05-21,10632
Adelaide,Jake Soligo,8,10,14,73.7,0,0,0,3,0,0,1,5,355,1,6,1,87,2022,Round 10,2022-05-21,10632
Adelaide,Tom Doedee,6,8,17,94.4,2,0,0,8,0,0,0,2,218,2,9,0,100,2022,Round 10,2022-05-21,10632
Adelaide,Jackson Hately,6,11,14,77.8,0,0,0,0,0,0,4,3,270,4,1,0,63,2022,Round 10,2022-05-21,10632
Adelaide,Kieran Strachan,8,8,9,52.9,1,0,1,2,0,1,1,8,279,6,6,0,85,2022,Round 10,2022-05-21,10632
Adelaide,Sam Berry,5,12,11,64.7,1,0,0,1,0,1,2,1,202,4,1,1,70,2022,Round 10,2022-05-21,10632
Adelaide,Edward Mchenry,9,10,15,93.8,0,0,0,1,0,0,3,3,242,2,2,0,79,2022,Round 10,2022-05-21,10632
Adelaide,Will Hamill,7,10,16,100.0,0,0,0,0,0,0,0,2,212,2,8,0,72,2022,Round 10,2022-05-21,10632
Adelaide,James Rowe,6,8,9,64.3,0,1,0,0,0,1,0,4,247,2,1,1,76,2022,Round 10,2022-05-21,10632
Adelaide,Lachlan Murphy,5,9,8,61.5,0,0,0,0,0,0,1,4,352,5,1,2,82,2022,Round 10,2022-05-21,10632
Adelaide,Taylor Walker,7,6,8,72.7,1,1,3,1,0,0,0,5,197,5,0,1,89,2022,Round 10,2022-05-21,10632
Adelaide,Luke Brown,4,7,10,90.9,0,0,0,0,0,0,0,1,131,2,4,0,85,2022,Round 10,2022-05-21,10632
Adelaide,Mitchell Hinge,2,8,10,90.9,0,0,0,6,0,0,0,0,140,1,3,0,96,2022,Round 10,2022-05-21,10632
Adelaide,Josh Rachele,5,5,9,81.8,0,0,0,0,0,0,1,4,188,3,0,0,68,2022,Round 10,2022-05-21,10632
Adelaide,Shane Mcadam,1,8,5,50.0,0,0,1,1,0,0,0,2,89,4,1,0,77,2022,Round 10,2022-05-21,10632
Adelaide,Riley Thilthorpe,6,4,6,60.0,1,0,2,3,0,0,0,4,174,2,1,1,78,2022,Round 10,2022-05-21,10632
Adelaide,Chayce Jones,4,4,5,55.6,0,0,0,1,0,0,2,2,44,4,3,0,71,2022,Round 10,2022-05-21,10632
Adelaide,Nick Murray,2,5,6,85.7,2,0,0,3,0,0,0,0,131,2,3,0,93,2022,Round 10,2022-05-21,10632
Adelaide,Darcy Fogarty,3,4,5,83.3,2,0,0,7,0,0,0,0,137,2,0,0,71,2022,Round 10,2022-05-21,10632
Adelaide,Lachlan Sholl,1,0,1,100.0,0,0,0,0,0,0,1,0,-8,0,0,0,14,2022,Round 10,2022-05-21,10632
St Kilda,Jack Sinclair,6,19,28,87.5,0,1,0,5,0,0,1,4,492,6,9,0,83,2022,Round 10,2022-05-21,10632
St Kilda,Brad Crouch,14,17,20,64.5,0,2,0,1,0,4,1,9,232,5,2,0,86,2022,Round 10,2022-05-21,10632
St Kilda,Bradley Hill,7,23,27,90.0,1,2,0,0,0,0,1,7,586,7,5,0,86,2022,Round 10,2022-05-21,10632
St Kilda,Jade Gresham,15,12,19,70.4,0,1,0,0,1,3,2,1,384,6,2,1,88,2022,Round 10,2022-05-21,10632
St Kilda,Zak Jones,8,14,13,56.5,0,1,0,1,0,2,2,4,351,4,2,0,77,2022,Round 10,2022-05-21,10632
St Kilda,Josh Battle,6,9,17,89.5,1,0,0,1,0,0,0,2,138,2,8,0,88,2022,Round 10,2022-05-21,10632
St Kilda,Callum Wilkie,7,13,14,73.7,1,1,0,11,0,0,1,2,290,4,10,0,100,2022,Round 10,2022-05-21,10632
St Kilda,Sebastian Ross,6,12,13,76.5,0,0,1,4,0,0,1,2,353,3,6,0,85,2022,Round 10,2022-05-21,10632
St Kilda,Rowan Marshall,11,6,10,58.8,3,0,2,7,0,2,0,5,231,4,2,0,85,2022,Round 10,2022-05-21,10632
St Kilda,Marcus Windhager,6,10,11,73.3,0,1,0,1,0,1,2,4,153,3,0,0,79,2022,Round 10,2022-05-21,10632
St Kilda,Ben Paton,6,10,13,92.9,0,0,0,1,0,0,1,2,231,1,8,0,80,2022,Round 10,2022-05-21,10632
St Kilda,Mason Wood,4,8,10,76.9,0,1,1,0,1,0,1,3,235,4,2,0,70,2022,Round 10,2022-05-21,10632
St Kilda,Dougal Howard,3,9,12,92.3,1,0,0,11,0,0,0,1,153,1,5,0,100,2022,Round 10,2022-05-21,10632
St Kilda,Jack Billings,3,8,10,83.3,0,1,0,0,0,0,0,2,160,2,2,1,76,2022,Round 10,2022-05-21,10632
St Kilda,Jimmy Webster,2,7,8,72.7,1,0,0,3,0,0,0,0,213,3,3,0,62,2022,Round 10,2022-05-21,10632
St Kilda,Nasiah Wanganeen Milera,1,10,6,54.5,0,0,0,0,2,0,1,0,346,4,1,0,71,2022,Round 10,2022-05-21,10632
St Kilda,Daniel Mckenzie,2,9,10,100.0,0,0,0,1,0,0,0,0,146,0,1,0,72,2022,Round 10,2022-05-21,10632
St Kilda,Cooper Sharman,3,6,6,66.7,1,0,1,2,0,0,0,2,251,2,0,0,67,2022,Round 10,2022-05-21,10632
St Kilda,Patrick Ryder,6,4,6,75.0,1,0,1,2,0,1,2,3,118,4,1,1,73,2022,Round 10,2022-05-21,10632
St Kilda,Tim Membrey,2,6,4,50.0,0,0,2,5,1,0,0,6,268,2,0,0,92,2022,Round 10,2022-05-21,10632
St Kilda,Max King 1,7,1,7,100.0,5,0,6,3,0,0,0,6,184,0,0,0,95,2022,Round 10,2022-05-21,10632
St Kilda,Ben Long,2,2,4,100.0,0,0,0,2,0,0,0,3,44,2,0,1,83,2022,Round 10,2022-05-21,10632
Richmond,Dion Prestia,12,25,28,77.8,0,2,0,2,0,1,5,8,503,6,6,0,80,2022,Round 10,2022-05-21,10630
Richmond,Liam Baker,9,16,27,90.0,1,1,1,3,0,0,3,8,475,6,9,0,86,2022,Round 10,2022-05-21,10630
Richmond,Jayden Short,5,22,25,86.2,0,0,0,0,0,0,1,6,451,5,3,2,81,2022,Round 10,2022-05-21,10630
Richmond,Daniel Rioli,9,17,21,80.8,0,0,0,2,2,0,0,3,328,3,8,0,80,2022,Round 10,2022-05-21,10630
Richmond,Trent Cotchin,12,14,14,56.0,0,0,0,1,0,3,3,4,257,3,2,0,83,2022,Round 10,2022-05-21,10630
Richmond,Shane Edwards,3,17,15,71.4,0,1,0,0,0,0,0,8,355,3,4,0,80,2022,Round 10,2022-05-21,10630
Richmond,Nick Vlastuin,5,12,16,80.0,0,0,0,3,1,0,0,4,312,5,6,0,88,2022,Round 10,2022-05-21,10630
Richmond,Kamdyn Mcintosh,7,13,16,84.2,0,0,0,2,0,2,0,4,569,6,4,0,89,2022,Round 10,2022-05-21,10630
Richmond,Toby Nankervis,14,7,12,63.2,3,0,0,7,0,2,1,1,200,3,9,0,75,2022,Round 10,2022-05-21,10630
Richmond,Jason Castagna,9,10,12,63.2,1,1,1,0,0,0,1,8,199,6,1,0,77,2022,Round 10,2022-05-21,10630
Richmond,Jack Ross,8,13,14,73.7,0,1,0,3,0,0,0,5,380,2,7,0,83,2022,Round 10,2022-05-21,10630
Richmond,Dustin Martin,10,7,10,58.8,1,0,0,1,0,1,3,5,298,4,1,2,87,2022,Round 10,2022-05-21,10630
Richmond,Shai Bolton,8,8,9,56.2,0,0,0,0,0,0,1,7,397,7,1,1,86,2022,Round 10,2022-05-21,10630
Richmond,Robert Tarrant,6,9,10,66.7,1,0,0,9,0,0,0,1,348,4,8,0,92,2022,Round 10,2022-05-21,10630
Richmond,Nathan Broad,4,10,11,84.6,1,0,0,5,1,0,1,3,186,2,6,0,83,2022,Round 10,2022-05-21,10630
Richmond,Dylan Grimes,7,6,11,91.7,1,0,0,7,0,0,0,0,16,1,7,0,84,2022,Round 10,2022-05-21,10630
Richmond,Josh Gibcus,7,6,8,66.7,1,1,0,2,0,0,0,1,257,3,7,0,87,2022,Round 10,2022-05-21,10630
Richmond,Jack Riewoldt,4,8,8,72.7,2,1,6,3,0,0,0,8,332,3,1,3,87,2022,Round 10,2022-05-21,10630
Richmond,Maurice Rioli 1,3,6,7,70.0,0,0,2,0,0,0,0,2,198,3,2,3,76,2022,Round 10,2022-05-21,10630
Richmond,Thomas Lynch,5,3,1,12.5,2,0,3,0,0,0,0,5,113,3,1,2,62,2022,Round 10,2022-05-21,10630
Richmond,Kane Lambert,1,7,5,62.5,0,0,0,0,0,0,0,1,74,2,2,0,55,2022,Round 10,2022-05-21,10630
Richmond,Ivan Soldo,3,3,4,66.7,1,0,1,3,0,1,1,4,121,4,1,1,69,2022,Round 10,2022-05-21,10630
Richmond,Jake Aarts,2,1,2,50.0,0,1,0,1,0,0,0,1,87,2,1,1,29,2022,Round 10,2022-05-21,10630
Essendon,Darcy Parish,19,24,27,62.8,0,1,0,1,0,2,4,4,572,14,7,1,88,2022,Round 10,2022-05-21,10630
Essendon,Zachary Merrett,9,24,25,75.8,0,1,0,0,0,2,2,3,778,7,3,0,80,2022,Round 10,2022-05-21,10630
Essendon,Mason Redman,5,20,20,69.0,1,0,0,2,0,0,2,3,950,10,4,0,85,2022,Round 10,2022-05-21,10630
Essendon,Dyson Heppell,8,13,19,82.6,0,0,0,2,0,0,0,2,255,2,7,1,91,2022,Round 10,2022-05-21,10630
Essendon,Andrew Mcgrath,9,12,19,90.5,0,0,0,1,0,2,2,1,174,2,4,1,78,2022,Round 10,2022-05-21,10630
Essendon,Dylan Shiel,9,11,15,78.9,0,0,0,2,0,4,1,2,258,7,2,0,71,2022,Round 10,2022-05-21,10630
Essendon,Nicholas Martin,4,17,12,63.2,0,0,0,2,0,0,1,3,176,4,2,0,95,2022,Round 10,2022-05-21,10630
Essendon,Jayden Laverde,11,6,12,70.6,2,0,0,8,0,0,0,3,375,5,13,0,74,2022,Round 10,2022-05-21,10630
Essendon,Tom Cutler,2,12,12,80.0,0,0,0,4,1,0,0,1,367,0,2,0,77,2022,Round 10,2022-05-21,10630
Essendon,Nick Hind,6,8,14,93.3,0,1,0,3,2,0,1,3,310,3,5,0,82,2022,Round 10,2022-05-21,10630
Essendon,Sam Durham,7,8,12,85.7,0,0,0,1,0,0,0,0,161,3,7,1,70,2022,Round 10,2022-05-21,10630
Essendon,Jake Kelly,3,10,12,92.3,0,0,0,3,0,0,0,0,145,4,6,0,95,2022,Round 10,2022-05-21,10630
Essendon,Matt Guelfi,6,6,8,66.7,0,1,0,2,0,0,1,3,173,2,4,0,67,2022,Round 10,2022-05-21,10630
Essendon,Zach Reid,7,5,9,75.0,0,0,0,5,0,0,0,0,139,3,6,0,97,2022,Round 10,2022-05-21,10630
Essendon,Devon Smith,6,4,6,54.5,0,1,0,1,0,1,1,2,70,4,3,0,86,2022,Round 10,2022-05-21,10630
Essendon,Nick Bryan,7,3,5,50.0,0,0,0,2,0,0,3,2,81,4,3,2,69,2022,Round 10,2022-05-21,10630
Essendon,Ben Hobbs,4,7,9,90.0,0,0,1,1,0,0,1,5,148,3,2,1,78,2022,Round 10,2022-05-21,10630
Essendon,Peter Wright,6,1,6,66.7,2,0,0,4,0,0,0,2,157,3,1,0,100,2022,Round 10,2022-05-21,10630
Essendon,Alec Waterman,5,3,6,66.7,0,1,1,1,0,0,0,5,204,5,1,1,77,2022,Round 10,2022-05-21,10630
Essendon,Archie Perkins,4,5,6,66.7,0,0,1,0,0,0,0,1,235,6,1,1,79,2022,Round 10,2022-05-21,10630
Essendon,Sam Draper,6,1,4,50.0,0,0,0,2,0,1,1,1,90,2,3,1,74,2022,Round 10,2022-05-21,10630
Essendon,Aaron Francis,0,4,3,75.0,0,0,1,2,0,0,0,2,71,3,0,3,80,2022,Round 10,2022-05-21,10630
Essendon,Tex Wanganeen,0,1,0,0.0,0,0,0,0,0,0,0,1,16,1,0,1,8,2022,Round 10,2022-05-21,10630
Greater Western Sydney,Stephen Coniglio,14,22,33,91.7,1,3,0,1,1,3,4,10,419,0,2,1,86,2022,Round 10,2022-05-22,10627
Greater Western Sydney,Harry Perryman,16,14,21,70.0,0,1,1,1,0,3,4,10,295,3,6,0,78,2022,Round 10,2022-05-22,10627
Greater Western Sydney,Joshua Kelly,10,20,22,75.9,0,0,0,2,0,2,3,10,416,4,1,1,86,2022,Round 10,2022-05-22,10627
Greater Western Sydney,James Peatling,7,17,22,95.7,0,2,2,2,0,0,3,14,330,1,1,2,77,2022,Round 10,2022-05-22,10627
Greater Western Sydney,Adam Kennedy,3,19,18,85.7,0,0,0,3,1,0,1,4,388,1,2,0,81,2022,Round 10,2022-05-22,10627
Greater Western Sydney,Callan Ward,8,13,16,80.0,1,0,0,2,0,0,3,6,369,3,5,0,85,2022,Round 10,2022-05-22,10627
Greater Western Sydney,Isaac Cumming,5,12,15,75.0,0,0,0,2,1,0,0,3,338,3,7,0,85,2022,Round 10,2022-05-22,10627
Greater Western Sydney,Harrison Himmelberg,4,10,14,77.8,1,0,0,4,0,0,0,3,443,4,5,0,83,2022,Round 10,2022-05-22,10627
Greater Western Sydney,Matthew Flynn,12,8,10,55.6,1,0,2,3,0,0,2,14,139,0,5,0,72,2022,Round 10,2022-05-22,10627
Greater Western Sydney,Tom Green,8,10,13,72.2,0,1,0,0,0,2,2,8,268,1,0,0,80,2022,Round 10,2022-05-22,10627
Greater Western Sydney,Toby Greene,5,11,11,64.7,1,0,4,0,0,0,0,8,210,3,0,1,87,2022,Round 10,2022-05-22,10627
Greater Western Sydney,Matthew Deboer,1,15,15,93.8,0,2,3,1,0,0,0,9,111,0,0,0,81,2022,Round 10,2022-05-22,10627
Greater Western Sydney,Jarrod Brander,3,14,10,62.5,0,0,0,0,0,1,0,4,436,3,1,0,82,2022,Round 10,2022-05-22,10627
Greater Western Sydney,Sam Taylor,10,5,10,66.7,1,0,0,6,0,0,0,2,58,4,10,0,96,2022,Round 10,2022-05-22,10627
Greater Western Sydney,Zachary Sproule,6,8,12,85.7,2,1,2,0,0,1,1,7,137,1,3,1,76,2022,Round 10,2022-05-22,10627
Greater Western Sydney,Tanner Bruhn,6,9,12,85.7,0,1,2,1,1,0,3,6,165,1,1,1,67,2022,Round 10,2022-05-22,10627
Greater Western Sydney,Jacob Wehr,4,9,9,69.2,0,0,1,1,0,1,0,3,147,3,2,0,87,2022,Round 10,2022-05-22,10627
Greater Western Sydney,Jesse Hogan,7,6,8,66.7,3,2,2,1,0,0,0,8,147,1,1,1,84,2022,Round 10,2022-05-22,10627
Greater Western Sydney,Jake Riccardi,3,8,9,81.8,2,1,1,0,0,1,0,5,253,3,0,1,92,2022,Round 10,2022-05-22,10627
Greater Western Sydney,Ian Hill,6,6,6,60.0,0,0,1,3,1,0,0,4,221,3,3,2,72,2022,Round 10,2022-05-22,10627
Greater Western Sydney,Xavier O Halloran,1,10,5,55.6,0,0,0,0,0,0,0,3,163,3,0,0,81,2022,Round 10,2022-05-22,10627
Greater Western Sydney,Connor Idun,2,6,6,75.0,0,0,0,4,0,0,0,2,70,2,1,0,83,2022,Round 10,2022-05-22,10627
West Coast,Tim Kelly,13,8,12,52.2,0,0,0,1,0,3,7,3,453,5,0,0,86,2022,Round 10,2022-05-22,10627
West Coast,Jack Redden,13,10,19,95.0,0,0,0,3,0,2,3,4,32,1,2,0,84,2022,Round 10,2022-05-22,10627
West Coast,Andrew Gaff,4,15,15,78.9,0,0,0,0,1,0,0,5,105,2,1,0,74,2022,Round 10,2022-05-22,10627
West Coast,Alex Witherden,3,12,14,77.8,0,0,0,3,2,1,0,2,345,8,4,0,89,2022,Round 10,2022-05-22,10627
West Coast,Jeremy Mcgovern,4,9,15,88.2,1,0,0,3,0,0,0,1,259,4,7,0,81,2022,Round 10,2022-05-22,10627
West Coast,Jackson Nelson,4,13,14,82.4,0,0,0,0,0,0,1,2,211,4,2,0,82,2022,Round 10,2022-05-22,10627
West Coast,Luke Shuey,7,9,12,75.0,0,3,0,0,0,3,2,7,430,2,1,0,58,2022,Round 10,2022-05-22,10627
West Coast,Connor West,10,6,8,53.3,1,1,2,0,0,2,1,6,276,3,1,3,80,2022,Round 10,2022-05-22,10627
West Coast,Jamie Cripps,7,7,9,64.3,0,0,0,1,0,0,2,3,305,4,4,1,82,2022,Round 10,2022-05-22,10627
West Coast,Greg Clark,2,12,12,85.7,0,0,1,0,0,0,0,3,242,2,2,0,77,2022,Round 10,2022-05-22,10627
West Coast,Jack Darling,7,5,9,69.2,4,0,2,1,0,0,0,1,219,4,2,1,90,2022,Round 10,2022-05-22,10627
West Coast,Liam Duggan,5,7,11,84.6,0,0,0,1,0,0,0,1,242,0,5,0,82,2022,Round 10,2022-05-22,10627
West Coast,Callum Jamieson,10,5,8,61.5,1,0,1,3,0,4,0,1,90,1,0,0,76,2022,Round 10,2022-05-22,10627
West Coast,Jamaine Jones,2,9,7,63.6,0,0,0,0,0,0,0,1,247,3,1,0,87,2022,Round 10,2022-05-22,10627
West Coast,Josh Rotham,1,10,9,90.0,1,0,0,3,0,0,0,3,341,3,3,0,93,2022,Round 10,2022-05-22,10627
West Coast,Hugh Dixon,4,5,5,50.0,2,0,3,0,1,0,1,4,146,2,1,1,87,2022,Round 10,2022-05-22,10627
West Coast,Isiah Winder,6,4,9,90.0,0,1,1,1,0,0,2,6,123,1,2,2,78,2022,Round 10,2022-05-22,10627
West Coast,Jake Waterman,2,7,7,87.5,1,1,2,1,0,0,0,3,245,1,1,3,77,2022,Round 10,2022-05-22,10627
West Coast,Patrick Naish,2,6,5,62.5,0,1,1,1,0,0,0,3,124,2,3,0,86,2022,Round 10,2022-05-22,10627
West Coast,Bailey Williams 1,4,3,6,85.7,1,1,0,0,0,1,1,2,41,2,1,0,74,2022,Round 10,2022-05-22,10627
West Coast,Harry Edwards,1,5,6,85.7,0,0,0,7,0,0,0,0,163,1,3,0,85,2022,Round 10,2022-05-22,10627
West Coast,Tom Barrass,2,3,4,100.0,0,0,0,4,0,0,0,0,75,1,2,0,83,2022,Round 10,2022-05-22,10627
West Coast,Brady Hough,0,1,1,100.0,0,0,0,0,0,0,0,0,23,0,0,0,7,2022,Round 10,2022-05-22,10627
Fremantle,Will Brodie,20,12,25,69.4,0,0,0,1,0,4,7,6,311,2,6,0,69,2022,Round 10,2022-05-22,10633
Fremantle,David Mundy,12,20,20,58.8,0,0,0,2,0,0,3,3,349,4,7,0,67,2022,Round 10,2022-05-22,10633
Fremantle,Andrew Brayshaw,11,21,17,54.8,0,0,0,0,0,0,3,4,532,6,3,0,75,2022,Round 10,2022-05-22,10633
Fremantle,Caleb Serong,16,12,15,51.7,0,0,0,0,0,2,5,3,300,5,2,0,73,2022,Round 10,2022-05-22,10633
Fremantle,Jordan Clark,7,20,21,77.8,0,0,0,3,0,0,0,3,460,5,10,0,84,2022,Round 10,2022-05-22,10633
Fremantle,Sean Darcy,18,4,12,57.1,2,0,0,5,0,3,8,5,383,6,3,0,83,2022,Round 10,2022-05-22,10633
Fremantle,Luke Ryan,8,8,19,95.0,0,0,0,8,0,0,1,3,535,7,7,0,87,2022,Round 10,2022-05-22,10633
Fremantle,Michael Walters,10,7,11,57.9,1,1,0,2,0,0,1,5,110,6,1,0,85,2022,Round 10,2022-05-22,10633
Fremantle,Heath Chapman,8,12,14,77.8,0,0,0,2,0,0,0,2,296,4,7,0,79,2022,Round 10,2022-05-22,10633
Fremantle,Brennan Cox,6,11,12,70.6,2,0,0,13,0,0,0,1,157,4,8,0,80,2022,Round 10,2022-05-22,10633
Fremantle,James Aish,5,10,6,37.5,0,1,0,0,0,0,0,2,142,5,1,0,79,2022,Round 10,2022-05-22,10633
Fremantle,Blake Acres,6,10,14,87.5,0,0,0,2,0,0,4,2,259,3,2,0,80,2022,Round 10,2022-05-22,10633
Fremantle,Hayden Young,6,10,10,62.5,2,0,0,0,0,0,0,1,364,4,8,0,85,2022,Round 10,2022-05-22,10633
Fremantle,Travis Colyer,3,10,9,69.2,0,0,0,2,0,1,0,4,197,1,1,0,75,2022,Round 10,2022-05-22,10633
Fremantle,Griffin Logue,8,6,11,84.6,3,0,0,9,0,0,0,3,49,0,7,0,92,2022,Round 10,2022-05-22,10633
Fremantle,Lachlan Schultz,8,6,8,61.5,0,0,2,2,0,0,0,4,266,5,3,1,80,2022,Round 10,2022-05-22,10633
Fremantle,Sam Switkowski,5,6,8,66.7,0,0,0,0,0,1,1,3,170,3,1,1,83,2022,Round 10,2022-05-22,10633
Fremantle,Alex Pearce,2,9,9,81.8,1,0,0,4,0,0,0,3,147,2,2,0,92,2022,Round 10,2022-05-22,10633
Fremantle,Rory Lobb,5,5,5,50.0,1,0,0,3,0,0,0,4,173,4,1,0,95,2022,Round 10,2022-05-22,10633
Fremantle,Minairo Frederick,4,5,6,66.7,0,0,0,0,0,0,0,1,116,1,1,0,92,2022,Round 10,2022-05-22,10633
Fremantle,Bailey Banfield,3,7,6,75.0,0,0,0,0,0,0,0,1,99,2,1,1,81,2022,Round 10,2022-05-22,10633
Fremantle,Matthew Taberner,4,2,3,42.9,0,0,0,1,0,0,0,1,88,3,0,1,84,2022,Round 10,2022-05-22,10633
Collingwood,Patrick Lipinski,11,16,17,58.6,0,1,1,1,0,0,5,3,280,6,3,1,89,2022,Round 10,2022-05-22,10633
Collingwood,Jack Crisp,16,9,16,59.3,0,0,0,2,0,3,5,4,480,7,3,0,74,2022,Round 10,2022-05-22,10633
Collingwood,Steele Sidebottom,5,16,14,60.9,0,0,0,5,0,0,2,4,410,5,3,0,84,2022,Round 10,2022-05-22,10633
Collingwood,Nick Daicos,6,12,17,73.9,0,0,0,0,0,1,2,2,259,1,6,0,81,2022,Round 10,2022-05-22,10633
Collingwood,Taylor Adams,12,10,9,45.0,0,0,0,1,0,0,5,3,337,4,2,0,76,2022,Round 10,2022-05-22,10633
Collingwood,Josh Daicos,6,9,12,60.0,0,2,0,0,0,2,4,3,446,6,2,0,81,2022,Round 10,2022-05-22,10633
Collingwood,Jordan De Goey,14,6,11,57.9,1,0,0,3,0,2,5,3,452,4,2,1,84,2022,Round 10,2022-05-22,10633
Collingwood,John Noble,6,12,12,66.7,0,1,0,6,0,0,0,4,364,6,6,0,84,2022,Round 10,2022-05-22,10633
Collingwood,Scott Pendlebury,7,7,11,68.8,0,0,0,3,0,2,1,0,176,3,5,1,83,2022,Round 10,2022-05-22,10633
Collingwood,Will Hoskin Elliott,9,4,9,64.3,1,1,2,1,0,0,0,5,297,3,1,0,75,2022,Round 10,2022-05-22,10633
Collingwood,Jeremy Howe,5,7,13,100.0,1,0,0,7,0,0,0,1,281,3,8,0,93,2022,Round 10,2022-05-22,10633
Collingwood,Jamie Elliott 1,4,9,6,46.2,0,0,0,1,0,0,1,2,125,2,1,2,76,2022,Round 10,2022-05-22,10633
Collingwood,Brayden Maynard,5,7,9,69.2,1,0,0,3,0,0,0,3,271,2,7,0,77,2022,Round 10,2022-05-22,10633
Collingwood,Isaac Quaynor,5,6,9,69.2,1,0,0,5,0,0,0,0,191,2,6,0,85,2022,Round 10,2022-05-22,10633
Collingwood,Oliver Henry,4,8,10,76.9,1,1,3,2,0,0,1,6,198,3,1,1,62,2022,Round 10,2022-05-22,10633
Collingwood,Darcy Moore,7,2,10,83.3,2,0,0,15,0,0,0,1,308,4,8,0,98,2022,Round 10,2022-05-22,10633
Collingwood,Darcy Cameron,7,6,9,75.0,3,0,1,3,0,0,2,2,195,4,4,2,78,2022,Round 10,2022-05-22,10633
Collingwood,Tyler Brown,5,7,9,75.0,0,0,0,1,0,0,2,0,152,4,1,1,72,2022,Round 10,2022-05-22,10633
Collingwood,Beau Mccreery,4,6,6,50.0,0,1,0,3,0,0,0,2,197,4,1,0,68,2022,Round 10,2022-05-22,10633
Collingwood,Jack Ginnivan,4,7,6,50.0,1,0,1,3,1,0,0,5,357,4,3,2,84,2022,Round 10,2022-05-22,10633
Collingwood,Nathan Murphy,6,1,4,57.1,0,0,0,7,0,0,0,0,100,2,8,0,82,2022,Round 10,2022-05-22,10633
Collingwood,Brody Mihocek,3,2,5,83.3,0,0,0,1,0,0,0,2,94,3,0,4,89,2022,Round 10,2022-05-22,10633
Collingwood,Mason Cox,1,1,2,100.0,0,0,0,1,0,0,0,0,48,0,1,0,25,2022,Round 10,2022-05-22,10633
Hawthorn,Tom Mitchell,20,18,25,69.4,1,0,1,2,1,0,9,5,373,5,3,0,77,2022,Round 10,2022-05-22,10628
Hawthorn,Jai Newcombe,14,15,19,70.4,1,1,0,2,1,5,4,12,664,5,4,0,85,2022,Round 10,2022-05-22,10628
Hawthorn,James Sicily,8,10,19,79.2,3,0,0,12,0,0,0,3,665,4,11,0,100,2022,Round 10,2022-05-22,10628
Hawthorn,Dylan Moore,11,8,12,63.2,0,0,1,1,0,1,1,5,356,4,4,1,83,2022,Round 10,2022-05-22,10628
Hawthorn,Jaeger O Meara,11,7,12,66.7,0,0,0,4,0,1,3,4,324,3,2,0,77,2022,Round 10,2022-05-22,10628
Hawthorn,Jarman Impey,4,13,11,64.7,0,0,0,1,0,0,1,2,278,5,5,0,82,2022,Round 10,2022-05-22,10628
Hawthorn,Conor Nash,9,9,12,70.6,0,0,0,2,0,3,2,4,351,3,1,0,74,2022,Round 10,2022-05-22,10628
Hawthorn,Daniel Howe,3,11,11,73.3,0,0,0,6,0,0,1,0,230,3,3,0,84,2022,Round 10,2022-05-22,10628
Hawthorn,Harry Morrison,2,13,11,78.6,0,2,1,1,0,0,1,4,264,3,2,0,80,2022,Round 10,2022-05-22,10628
Hawthorn,Changkuoth Jiath,4,7,10,83.3,0,1,0,2,1,0,0,2,300,5,6,0,82,2022,Round 10,2022-05-22,10628
Hawthorn,Luke Breust,9,5,7,63.6,0,0,0,2,2,1,1,6,314,2,1,1,83,2022,Round 10,2022-05-22,10628
Hawthorn,Chad Wingard,4,6,8,72.7,0,2,2,4,0,0,2,5,212,7,0,0,87,2022,Round 10,2022-05-22,10628
Hawthorn,Blake Hardwick,3,7,10,90.9,1,0,0,6,1,0,1,1,230,5,3,0,89,2022,Round 10,2022-05-22,10628
Hawthorn,Denver Grainger Barras,9,2,10,90.9,2,0,0,3,0,0,2,4,273,2,7,0,77,2022,Round 10,2022-05-22,10628
Hawthorn,Lachlan Bramble,5,6,9,81.8,0,0,0,0,0,0,0,2,208,0,5,0,86,2022,Round 10,2022-05-22,10628
Hawthorn,Sam Frost,5,4,7,77.8,2,1,2,1,2,0,0,5,229,2,2,1,85,2022,Round 10,2022-05-22,10628
Hawthorn,Mitchell Lewis,5,3,8,88.9,1,0,2,1,0,0,0,7,208,3,1,0,90,2022,Round 10,2022-05-22,10628
Hawthorn,Max Lynch,5,3,4,44.4,0,0,0,0,0,1,1,6,112,3,1,0,76,2022,Round 10,2022-05-22,10628
Hawthorn,Sam Butler 1,3,7,6,66.7,0,0,0,0,0,0,1,5,187,1,0,0,56,2022,Round 10,2022-05-22,10628
Hawthorn,Will Day,4,5,5,62.5,0,0,0,3,2,0,0,3,220,1,1,0,59,2022,Round 10,2022-05-22,10628
Hawthorn,Liam Shiels,1,6,7,100.0,0,1,0,0,0,0,0,3,261,1,1,1,76,2022,Round 10,2022-05-22,10628
Hawthorn,Jacob Koschitzke,3,4,6,85.7,0,1,1,1,0,0,1,3,172,1,0,1,85,2022,Round 10,2022-05-22,10628
Hawthorn,Kyle Hartigan,0,0,0,0.0,0,0,0,2,0,0,0,0,0,0,0,0,27,2022,Round 10,2022-05-22,10628
Brisbane Lions,Daniel Rich,4,21,28,84.8,1,0,0,1,0,1,0,3,919,6,7,0,85,2022,Round 10,2022-05-22,10628
Brisbane Lions,Jarryd Lyons,13,15,22,68.8,0,2,1,1,0,5,4,11,433,4,2,2,83,2022,Round 10,2022-05-22,10628
Brisbane Lions,Keidean Coleman,7,18,24,92.3,0,2,0,7,0,0,0,5,422,3,6,0,72,2022,Round 10,2022-05-22,10628
Brisbane Lions,Lachie Neale,14,12,16,64.0,0,0,1,2,0,3,4,7,298,0,4,0,84,2022,Round 10,2022-05-22,10628
Brisbane Lions,Dayne Zorko,11,13,13,56.5,1,0,2,2,0,1,2,9,337,5,2,0,85,2022,Round 10,2022-05-22,10628
Brisbane Lions,Cameron Rayner,9,12,17,81.0,1,0,0,0,0,2,2,4,357,3,2,0,71,2022,Round 10,2022-05-22,10628
Brisbane Lions,Hugh Mccluggage,7,14,15,75.0,0,0,0,1,0,2,1,6,443,9,1,0,70,2022,Round 10,2022-05-22,10628
Brisbane Lions,Brandon Starcevich,4,11,10,66.7,0,0,0,3,0,0,0,2,432,5,3,0,93,2022,Round 10,2022-05-22,10628
Brisbane Lions,Jarrod Berry,4,9,12,92.3,0,1,0,2,0,0,2,6,366,2,2,0,71,2022,Round 10,2022-05-22,10628
Brisbane Lions,Zac Bailey,6,8,2,15.4,0,1,1,2,0,0,1,7,346,6,2,0,85,2022,Round 10,2022-05-22,10628
Brisbane Lions,Harris Andrews,4,7,9,75.0,1,0,0,12,0,0,1,2,152,1,6,0,98,2022,Round 10,2022-05-22,10628
Brisbane Lions,Callum Ah Chee,6,7,10,83.3,0,0,0,1,0,1,1,3,36,3,0,0,81,2022,Round 10,2022-05-22,10628
Brisbane Lions,Jack Payne,8,4,12,100.0,3,0,1,3,0,0,0,3,330,2,7,0,90,2022,Round 10,2022-05-22,10628
Brisbane Lions,Tom Fullarton,11,2,10,83.3,2,3,2,3,0,0,1,6,154,1,2,0,71,2022,Round 10,2022-05-22,10628
Brisbane Lions,Jaxon Prior,6,6,9,75.0,0,0,0,2,0,0,2,5,398,2,5,0,70,2022,Round 10,2022-05-22,10628
Brisbane Lions,Darcy Gardiner,7,6,9,81.8,1,0,0,4,0,0,0,0,104,1,7,0,85,2022,Round 10,2022-05-22,10628
Brisbane Lions,Noah Answerth,0,11,10,90.9,0,0,0,2,0,0,0,2,106,0,2,0,77,2022,Round 10,2022-05-22,10628
Brisbane Lions,Darcy Fort,7,6,9,81.8,1,0,1,5,0,1,0,2,80,1,3,0,81,2022,Round 10,2022-05-22,10628
Brisbane Lions,Lincoln Mccarthy,6,4,7,70.0,1,0,1,0,0,0,0,3,186,2,4,0,85,2022,Round 10,2022-05-22,10628
Brisbane Lions,Oscar Mcinerney,8,3,7,77.8,1,1,1,7,0,3,2,5,69,1,0,0,81,2022,Round 10,2022-05-22,10628
Brisbane Lions,Eric Hipwood,2,6,2,25.0,0,0,0,4,0,0,0,1,149,5,1,1,81,2022,Round 10,2022-05-22,10628
Brisbane Lions,Charlie Cameron,6,3,4,66.7,0,1,2,3,0,0,0,6,144,0,1,2,89,2022,Round 10,2022-05-22,10628
Brisbane Lions,Mitch Robinson,2,0,0,0.0,0,0,0,0,0,0,0,0,79,0,1,0,11,2022,Round 10,2022-05-22,10628
Sydney,Chad Warner,14,14,15,55.6,0,2,0,1,0,3,3,7,541,9,2,0,83,2022,Round 11,2022-05-27,10639
Sydney,Luke Parker,10,14,17,65.4,1,1,2,3,0,4,3,9,559,8,3,0,87,2022,Round 11,2022-05-27,10639
Sydney,Jake Lloyd,10,6,20,76.9,0,0,0,3,3,0,2,4,342,4,10,0,88,2022,Round 11,2022-05-27,10639
Sydney,Callum Mills,6,11,14,70.0,0,1,0,3,2,1,0,1,456,8,6,1,95,2022,Round 11,2022-05-27,10639
Sydney,Peter Ladhams,16,4,14,73.7,0,1,1,3,0,4,5,8,252,3,4,0,80,2022,Round 11,2022-05-27,10639
Sydney,James Rowbottom,12,8,9,47.4,1,0,0,1,0,2,3,4,258,5,2,0,83,2022,Round 11,2022-05-27,10639
Sydney,Justin Mcinerney,8,11,12,66.7,0,1,0,1,1,0,2,2,506,8,4,0,93,2022,Round 11,2022-05-27,10639
Sydney,Colin O Riordan,7,10,12,70.6,0,0,0,2,0,0,0,3,205,2,7,0,80,2022,Round 11,2022-05-27,10639
Sydney,Will Hayward,8,7,11,73.3,2,0,0,1,0,0,0,4,191,5,6,0,73,2022,Round 11,2022-05-27,10639
Sydney,Dane Rampe,2,10,12,85.7,0,0,0,7,1,0,0,3,361,1,3,0,95,2022,Round 11,2022-05-27,10639
Sydney,Errol Gulden,5,8,10,71.4,0,2,1,0,1,0,2,5,288,2,5,2,87,2022,Round 11,2022-05-27,10639
Sydney,Isaac Heeney,8,6,6,50.0,0,0,1,1,0,0,0,5,318,6,3,0,85,2022,Round 11,2022-05-27,10639
Sydney,Oliver Florent,3,7,7,58.3,0,0,0,1,0,0,1,2,224,1,6,0,85,2022,Round 11,2022-05-27,10639
Sydney,Paddy Mccartin,7,4,9,81.8,3,1,0,6,0,0,0,1,179,2,8,0,83,2022,Round 11,2022-05-27,10639
Sydney,Tom Mccartin,3,7,9,81.8,0,0,0,14,0,0,2,1,134,2,5,0,97,2022,Round 11,2022-05-27,10639
Sydney,Lance Franklin,4,6,8,80.0,1,0,3,1,0,0,0,7,239,1,0,1,95,2022,Round 11,2022-05-27,10639
Sydney,Sam Reid 1,6,3,4,44.4,1,0,1,2,0,0,0,7,197,2,0,1,80,2022,Round 11,2022-05-27,10639
Sydney,Tom Papley,6,6,9,100.0,0,2,2,3,0,0,2,6,144,0,2,0,84,2022,Round 11,2022-05-27,10639
Sydney,Sam Wicks,2,3,4,66.7,0,0,0,0,0,0,0,1,107,3,0,0,64,2022,Round 11,2022-05-27,10639
Sydney,Braeden Campbell,2,6,5,83.3,0,0,0,2,0,0,0,1,166,2,1,0,69,2022,Round 11,2022-05-27,10639
Sydney,Logan Mcdonald,2,4,5,83.3,1,0,0,0,0,0,0,1,77,1,0,1,65,2022,Round 11,2022-05-27,10639
Sydney,Matthew Roberts,1,1,1,50.0,0,0,0,1,0,0,0,0,19,0,0,1,49,2022,Round 11,2022-05-27,10639
Richmond,Trent Cotchin,13,12,15,57.7,0,2,0,1,0,4,2,7,152,1,3,0,76,2022,Round 11,2022-05-27,10639
Richmond,Dion Prestia,8,16,18,72.0,0,2,0,1,0,0,6,9,266,2,2,0,82,2022,Round 11,2022-05-27,10639
Richmond,Jayden Short,6,18,13,59.1,1,0,0,1,0,2,1,5,609,8,2,0,86,2022,Round 11,2022-05-27,10639
Richmond,Liam Baker,8,11,17,77.3,0,0,0,5,1,1,1,3,432,5,8,0,84,2022,Round 11,2022-05-27,10639
Richmond,Toby Nankervis,11,9,11,52.4,0,0,0,5,0,3,3,7,316,3,2,2,85,2022,Round 11,2022-05-27,10639
Richmond,Dustin Martin,10,14,13,65.0,0,0,1,3,0,2,1,6,272,5,1,3,88,2022,Round 11,2022-05-27,10639
Richmond,Nick Vlastuin,4,13,11,57.9,0,1,0,1,0,0,0,2,535,7,7,0,88,2022,Round 11,2022-05-27,10639
Richmond,Jack Graham,9,9,14,77.8,0,0,0,2,0,2,1,6,207,4,5,4,74,2022,Round 11,2022-05-27,10639
Richmond,Nathan Broad,6,10,16,94.1,0,0,0,2,0,0,1,1,270,2,8,0,89,2022,Round 11,2022-05-27,10639
Richmond,Dylan Grimes,12,3,14,87.5,3,0,0,1,0,0,0,3,260,7,12,0,84,2022,Round 11,2022-05-27,10639
Richmond,Jack Ross,4,12,11,68.8,0,0,0,0,0,0,0,7,395,4,1,0,66,2022,Round 11,2022-05-27,10639
Richmond,Shane Edwards,7,9,10,66.7,0,1,0,2,0,1,1,6,183,1,0,2,79,2022,Round 11,2022-05-27,10639
Richmond,Hugo Ralphsmith,6,9,12,80.0,0,1,0,3,0,1,1,5,328,2,2,0,80,2022,Round 11,2022-05-27,10639
Richmond,Kamdyn Mcintosh,5,11,8,57.1,0,0,0,5,0,0,0,0,370,2,1,0,82,2022,Round 11,2022-05-27,10639
Richmond,Shai Bolton,8,5,7,53.8,0,1,1,0,0,0,4,7,152,4,2,3,83,2022,Round 11,2022-05-27,10639
Richmond,Daniel Rioli,2,8,10,83.3,0,0,1,1,1,0,1,4,130,1,3,0,77,2022,Round 11,2022-05-27,10639
Richmond,Josh Gibcus,3,6,6,60.0,1,0,1,6,0,0,0,2,176,4,4,0,94,2022,Round 11,2022-05-27,10639
Richmond,Robert Tarrant,7,2,7,77.8,2,0,0,5,0,0,0,2,91,1,7,0,92,2022,Round 11,2022-05-27,10639
Richmond,Jack Riewoldt,3,3,5,62.5,0,0,2,3,0,0,0,3,158,1,1,3,92,2022,Round 11,2022-05-27,10639
Richmond,Maurice Rioli 1,4,2,5,62.5,0,1,0,1,0,0,0,3,77,3,3,0,71,2022,Round 11,2022-05-27,10639
Richmond,Ivan Soldo,6,1,5,71.4,0,0,0,2,0,0,4,1,117,4,2,2,72,2022,Round 11,2022-05-27,10639
Richmond,Jason Castagna,1,1,1,50.0,0,0,0,1,0,0,0,0,72,4,0,3,78,2022,Round 11,2022-05-27,10639
Brisbane Lions,Lachie Neale,19,23,26,66.7,0,0,0,1,1,4,5,9,498,8,3,0,84,2022,Round 11,2022-05-28,10634
Brisbane Lions,Jarrod Berry,10,23,24,72.7,2,1,0,0,0,0,3,10,674,4,5,1,77,2022,Round 11,2022-05-28,10634
Brisbane Lions,Cameron Rayner,12,14,18,72.0,1,2,0,0,1,1,5,5,424,8,3,0,83,2022,Round 11,2022-05-28,10634
Brisbane Lions,Zac Bailey,10,11,12,60.0,0,0,1,1,0,0,2,7,328,4,0,1,79,2022,Round 11,2022-05-28,10634
Brisbane Lions,Jarryd Lyons,9,7,15,88.2,0,2,0,3,0,1,3,6,120,3,2,0,76,2022,Round 11,2022-05-28,10634
Brisbane Lions,Darcy Gardiner,6,10,16,94.1,0,0,0,7,0,0,0,3,340,2,7,0,89,2022,Round 11,2022-05-28,10634
Brisbane Lions,Deven Robertson,9,9,13,76.5,1,2,0,2,0,1,1,7,310,5,3,1,78,2022,Round 11,2022-05-28,10634
Brisbane Lions,Jaxon Prior,9,8,8,47.1,1,0,1,0,0,0,2,5,303,6,2,1,83,2022,Round 11,2022-05-28,10634
Brisbane Lions,Keidean Coleman,5,10,13,81.2,0,0,0,3,3,0,0,5,514,2,6,0,66,2022,Round 11,2022-05-28,10634
Brisbane Lions,Marcus Adams,7,9,11,73.3,1,0,0,6,0,0,0,2,170,3,9,0,91,2022,Round 11,2022-05-28,10634
Brisbane Lions,Noah Answerth,3,11,14,93.3,0,0,0,2,0,1,0,3,349,2,4,0,89,2022,Round 11,2022-05-28,10634
Brisbane Lions,Dayne Zorko,5,10,7,50.0,0,0,0,0,0,0,0,3,223,5,2,1,83,2022,Round 11,2022-05-28,10634
Brisbane Lions,Daniel Mcstay,4,10,10,71.4,1,0,2,3,0,0,1,4,255,3,1,0,85,2022,Round 11,2022-05-28,10634
Brisbane Lions,Daniel Rich,5,6,11,84.6,0,1,0,3,0,1,0,2,331,3,4,0,82,2022,Round 11,2022-05-28,10634
Brisbane Lions,Charlie Cameron,5,8,9,69.2,1,1,5,1,0,0,0,7,191,4,2,0,85,2022,Round 11,2022-05-28,10634
Brisbane Lions,Callum Ah Chee,7,6,8,61.5,0,1,0,1,0,1,0,10,158,1,4,1,73,2022,Round 11,2022-05-28,10634
Brisbane Lions,Oscar Mcinerney,8,4,8,61.5,0,0,0,2,0,1,3,2,238,2,2,0,78,2022,Round 11,2022-05-28,10634
Brisbane Lions,Brandon Starcevich,3,10,9,69.2,0,0,0,4,0,0,0,3,276,2,5,0,89,2022,Round 11,2022-05-28,10634
Brisbane Lions,Lincoln Mccarthy,6,6,11,91.7,1,0,3,2,0,1,0,6,112,0,2,0,82,2022,Round 11,2022-05-28,10634
Brisbane Lions,Harris Andrews,4,7,9,75.0,1,0,0,5,0,0,0,3,96,0,9,0,94,2022,Round 11,2022-05-28,10634
Brisbane Lions,Eric Hipwood,3,8,5,50.0,0,1,2,4,0,0,0,5,135,2,1,1,78,2022,Round 11,2022-05-28,10634
Brisbane Lions,Darcy Fort,6,1,2,40.0,1,0,1,6,0,0,0,3,-2,0,0,0,77,2022,Round 11,2022-05-28,10634
Greater Western Sydney,Joshua Kelly,11,19,27,87.1,0,0,1,1,1,3,3,8,327,2,4,1,86,2022,Round 11,2022-05-28,10634
Greater Western Sydney,Isaac Cumming,7,14,22,75.9,0,1,0,4,1,0,0,10,702,8,7,0,84,2022,Round 11,2022-05-28,10634
Greater Western Sydney,Stephen Coniglio,14,10,15,60.0,0,0,0,0,1,6,3,9,394,4,1,1,83,2022,Round 11,2022-05-28,10634
Greater Western Sydney,Harry Perryman,10,12,14,63.6,0,1,0,4,0,1,3,5,277,5,3,0,84,2022,Round 11,2022-05-28,10634
Greater Western Sydney,Harrison Himmelberg,3,13,18,85.7,1,1,0,10,1,0,0,3,735,6,6,0,92,2022,Round 11,2022-05-28,10634
Greater Western Sydney,Tom Green,11,13,16,76.2,0,2,0,2,0,3,3,6,313,4,3,1,89,2022,Round 11,2022-05-28,10634
Greater Western Sydney,Jarrod Brander,7,11,14,82.4,1,0,0,2,0,1,0,4,175,3,5,0,80,2022,Round 11,2022-05-28,10634
Greater Western Sydney,Lachlan Ash,5,12,13,76.5,0,0,0,3,0,1,0,4,211,4,7,0,87,2022,Round 11,2022-05-28,10634
Greater Western Sydney,James Peatling,6,10,12,75.0,0,1,0,0,2,1,0,10,258,3,0,2,83,2022,Round 11,2022-05-28,10634
Greater Western Sydney,Toby Greene,6,10,7,46.7,1,0,1,2,1,0,0,7,381,6,1,0,96,2022,Round 11,2022-05-28,10634
Greater Western Sydney,Sam Taylor,6,8,9,60.0,2,0,0,4,0,0,0,2,148,3,11,0,90,2022,Round 11,2022-05-28,10634
Greater Western Sydney,Matthew Flynn,8,6,6,42.9,0,0,1,3,0,3,2,6,135,5,1,1,74,2022,Round 11,2022-05-28,10634
Greater Western Sydney,Connor Idun,4,10,12,85.7,0,0,0,4,1,0,0,4,277,2,5,0,88,2022,Round 11,2022-05-28,10634
Greater Western Sydney,Jesse Hogan,6,6,10,83.3,4,0,2,3,0,0,0,5,230,1,2,2,81,2022,Round 11,2022-05-28,10634
Greater Western Sydney,Jacob Wehr,3,10,9,75.0,0,0,0,3,0,0,0,4,188,2,3,0,74,2022,Round 11,2022-05-28,10634
Greater Western Sydney,Matthew Deboer,3,6,5,55.6,0,1,0,1,0,0,0,2,126,4,1,0,87,2022,Round 11,2022-05-28,10634
Greater Western Sydney,Jake Riccardi,6,4,6,66.7,1,1,1,1,0,0,0,4,226,3,2,0,83,2022,Round 11,2022-05-28,10634
Greater Western Sydney,Tanner Bruhn,3,6,8,88.9,0,0,0,1,1,0,2,3,243,3,2,1,59,2022,Round 11,2022-05-28,10634
Greater Western Sydney,Zachary Sproule,2,5,4,50.0,0,1,0,0,0,1,0,3,174,3,0,0,57,2022,Round 11,2022-05-28,10634
Greater Western Sydney,Ian Hill,1,4,4,66.7,0,1,1,0,0,0,0,2,147,3,1,0,71,2022,Round 11,2022-05-28,10634
Greater Western Sydney,Lachlan Keeffe,2,4,5,100.0,0,0,0,7,0,0,0,2,85,0,3,0,93,2022,Round 11,2022-05-28,10634
Greater Western Sydney,Xavier O Halloran,2,5,5,100.0,0,0,0,1,0,0,1,3,82,2,1,0,54,2022,Round 11,2022-05-28,10634
Greater Western Sydney,Callan Ward,0,1,1,100.0,0,0,0,0,0,0,0,0,-4,0,0,0,24,2022,Round 11,2022-05-28,10634
Geelong,Thomas Stewart,10,26,34,85.0,1,0,0,9,0,0,0,4,874,4,17,0,91,2022,Round 11,2022-05-28,10636
Geelong,Cameron Guthrie,20,16,23,67.6,0,1,1,2,1,4,3,5,198,2,7,2,70,2022,Round 11,2022-05-28,10636
Geelong,Brandan Parfitt,11,17,20,66.7,0,1,0,2,0,2,5,5,176,6,0,1,82,2022,Round 11,2022-05-28,10636
Geelong,Joel Selwood,8,15,20,83.3,0,1,0,3,1,2,1,4,312,2,3,1,81,2022,Round 11,2022-05-28,10636
Geelong,Mitchell Duncan,6,15,20,87.0,0,0,0,2,0,1,2,3,159,1,2,0,85,2022,Round 11,2022-05-28,10636
Geelong,Mark Blicavs,13,10,15,65.2,2,0,0,3,0,1,2,2,456,7,3,0,87,2022,Round 11,2022-05-28,10636
Geelong,Gryan Miers,6,15,16,80.0,0,0,0,0,0,0,0,5,326,3,5,3,85,2022,Round 11,2022-05-28,10636
Geelong,Zach Tuohy,7,11,14,73.7,0,0,1,1,0,1,1,4,196,2,0,1,81,2022,Round 11,2022-05-28,10636
Geelong,Isaac Smith,3,14,17,89.5,1,0,0,0,0,0,0,2,474,2,0,0,79,2022,Round 11,2022-05-28,10636
Geelong,Sam De Koning,7,11,17,89.5,1,0,0,4,0,0,0,2,242,3,11,0,96,2022,Round 11,2022-05-28,10636
Geelong,Bradley Close,8,13,15,78.9,0,3,0,2,0,0,2,8,288,0,3,1,85,2022,Round 11,2022-05-28,10636
Geelong,Jed Bews,5,13,14,77.8,1,0,0,1,0,0,0,1,132,2,5,0,88,2022,Round 11,2022-05-28,10636
Geelong,Zach Guthrie,1,17,13,81.2,0,1,0,3,0,0,0,1,354,2,2,0,83,2022,Round 11,2022-05-28,10636
Geelong,Tom Hawkins,8,6,10,66.7,1,1,3,0,0,0,3,6,169,6,1,4,97,2022,Round 11,2022-05-28,10636
Geelong,Cooper Stephens,7,8,10,66.7,0,1,0,1,0,0,6,3,111,3,0,0,60,2022,Round 11,2022-05-28,10636
Geelong,Tom Atkins,8,9,9,64.3,0,0,0,4,0,1,4,3,195,3,1,4,66,2022,Round 11,2022-05-28,10636
Geelong,Tyson Stengle,3,11,9,69.2,0,0,0,0,0,0,2,5,347,5,0,0,75,2022,Round 11,2022-05-28,10636
Geelong,Jeremy Cameron,5,8,6,50.0,0,1,1,1,0,0,2,7,212,3,0,2,90,2022,Round 11,2022-05-28,10636
Geelong,Jake Kolodjashnij,3,7,9,81.8,0,0,0,3,0,0,0,1,170,3,4,0,83,2022,Round 11,2022-05-28,10636
Geelong,Francis Evans,4,7,4,44.4,0,0,0,3,0,0,0,3,108,1,1,2,74,2022,Round 11,2022-05-28,10636
Geelong,Shannon Neale,4,3,6,85.7,1,0,0,2,0,0,0,2,180,3,0,0,82,2022,Round 11,2022-05-28,10636
Geelong,Mark O Connor,3,5,2,33.3,1,0,0,2,0,0,0,3,189,1,3,0,79,2022,Round 11,2022-05-28,10636
Adelaide,Rory Laird,20,19,29,76.3,0,0,0,2,0,4,10,6,308,5,1,1,83,2022,Round 11,2022-05-28,10636
Adelaide,Ben Keays,9,19,23,79.3,0,0,0,0,0,0,4,5,354,1,0,1,76,2022,Round 11,2022-05-28,10636
Adelaide,Reilly O Brien,24,6,16,57.1,3,0,0,6,0,1,8,5,219,6,5,0,85,2022,Round 11,2022-05-28,10636
Adelaide,Jordan Dawson,6,20,20,74.1,0,1,0,3,0,0,1,5,579,6,8,0,95,2022,Round 11,2022-05-28,10636
Adelaide,Jackson Hately,7,21,18,66.7,0,0,1,1,0,0,3,5,336,4,1,0,80,2022,Round 11,2022-05-28,10636
Adelaide,Matt Crouch,8,17,14,53.8,0,0,0,0,0,2,2,4,281,6,2,2,71,2022,Round 11,2022-05-28,10636
Adelaide,Brodie Smith,3,14,13,65.0,0,0,0,0,1,1,1,1,405,6,1,0,82,2022,Round 11,2022-05-28,10636
Adelaide,James Rowe,5,14,12,63.2,0,0,0,2,1,0,2,3,263,3,1,0,81,2022,Round 11,2022-05-28,10636
Adelaide,Tom Doedee,5,11,10,62.5,0,0,0,9,0,0,1,1,199,3,7,0,100,2022,Round 11,2022-05-28,10636
Adelaide,Mitchell Hinge,6,9,11,73.3,0,0,0,4,0,0,0,2,189,2,6,0,75,2022,Round 11,2022-05-28,10636
Adelaide,Sam Berry,8,8,11,73.3,0,0,0,4,0,1,2,2,275,2,1,0,71,2022,Round 11,2022-05-28,10636
Adelaide,Edward Mchenry,9,7,11,78.6,0,1,1,1,0,0,1,4,133,2,4,0,79,2022,Round 11,2022-05-28,10636
Adelaide,Luke Brown,7,6,11,91.7,0,0,0,2,0,0,2,2,106,2,6,0,81,2022,Round 11,2022-05-28,10636
Adelaide,Lachlan Murphy,5,7,9,75.0,0,0,1,1,0,0,3,4,221,1,2,2,77,2022,Round 11,2022-05-28,10636
Adelaide,Shane Mcadam,6,6,7,58.3,0,1,4,0,0,0,0,6,131,3,2,3,89,2022,Round 11,2022-05-28,10636
Adelaide,Riley Thilthorpe,8,4,6,50.0,2,0,1,2,0,0,0,3,157,5,3,1,78,2022,Round 11,2022-05-28,10636
Adelaide,Darcy Fogarty,6,7,7,63.6,1,1,3,4,0,0,1,7,163,2,0,0,84,2022,Round 11,2022-05-28,10636
Adelaide,Will Hamill,5,6,9,81.8,0,0,0,0,0,0,0,2,167,1,7,0,75,2022,Round 11,2022-05-28,10636
Adelaide,Jake Soligo,4,7,6,54.5,0,1,0,2,0,0,0,3,148,3,2,0,86,2022,Round 11,2022-05-28,10636
Adelaide,Wayne Milera,4,8,6,60.0,0,1,0,1,0,0,1,5,145,4,1,0,64,2022,Round 11,2022-05-28,10636
Adelaide,Chayce Jones,1,5,6,100.0,0,0,0,1,0,0,0,0,179,1,1,0,24,2022,Round 11,2022-05-28,10636
Adelaide,Nick Murray,4,3,5,83.3,1,0,0,6,0,0,0,1,115,0,4,0,98,2022,Round 11,2022-05-28,10636
Adelaide,Jordon Butts,1,3,3,75.0,0,0,0,4,0,0,0,0,46,0,2,0,65,2022,Round 11,2022-05-28,10636
Melbourne,Clayton Oliver,19,16,19,52.8,0,1,0,1,0,2,3,6,512,8,6,2,90,2022,Round 11,2022-05-28,10637
Melbourne,Jack Viney,14,13,20,71.4,0,1,0,1,1,4,2,10,412,2,2,0,82,2022,Round 11,2022-05-28,10637
Melbourne,James Jordon,9,17,21,77.8,0,0,0,0,1,0,2,5,398,4,6,1,85,2022,Round 11,2022-05-28,10637
Melbourne,Angus Brayshaw,6,20,19,73.1,2,0,0,2,0,0,0,4,512,6,9,0,85,2022,Round 11,2022-05-28,10637
Melbourne,Jake Bowey,4,16,16,66.7,0,0,0,0,0,0,3,2,336,4,2,0,79,2022,Round 11,2022-05-28,10637
Melbourne,Max Gawn,11,9,13,65.0,3,0,0,7,0,2,1,6,396,6,8,0,89,2022,Round 11,2022-05-28,10637
Melbourne,Kysaiah Pickett,7,9,13,76.5,0,0,0,0,0,0,0,4,247,2,4,1,79,2022,Round 11,2022-05-28,10637
Melbourne,Luke Jackson,8,7,11,73.3,0,0,0,2,0,2,1,4,124,2,0,1,65,2022,Round 11,2022-05-28,10637
Melbourne,Alex Neal Bullen,4,10,9,64.3,0,0,0,1,0,0,1,4,325,2,1,0,80,2022,Round 11,2022-05-28,10637
Melbourne,Trent Rivers,5,7,11,78.6,0,1,0,0,0,0,0,2,335,3,5,0,78,2022,Round 11,2022-05-28,10637
Melbourne,Charlie Spargo,5,9,6,46.2,1,0,1,3,1,0,1,4,233,1,1,0,86,2022,Round 11,2022-05-28,10637
Melbourne,Tom Sparrow,4,9,11,84.6,1,0,0,3,0,0,1,3,173,3,2,0,76,2022,Round 11,2022-05-28,10637
Melbourne,Luke Dunstan,6,6,10,83.3,0,0,0,1,0,0,3,5,150,0,1,1,46,2022,Round 11,2022-05-28,10637
Melbourne,Jake Lever,5,7,9,75.0,1,0,0,8,0,0,0,1,324,3,6,0,100,2022,Round 11,2022-05-28,10637
Melbourne,Toby Bedford,3,9,9,81.8,0,1,0,1,1,0,2,6,264,0,0,1,78,2022,Round 11,2022-05-28,10637
Melbourne,Christian Petracca,5,5,4,40.0,0,2,1,1,0,0,0,5,183,1,0,1,86,2022,Round 11,2022-05-28,10637
Melbourne,Harrison Petty,4,4,8,88.9,1,0,0,9,0,0,0,1,152,2,7,0,95,2022,Round 11,2022-05-28,10637
Melbourne,Jayden Hunt,4,4,7,87.5,0,0,0,3,0,0,0,2,121,3,5,0,81,2022,Round 11,2022-05-28,10637
Melbourne,Sam Weideman,3,4,3,42.9,1,0,1,4,0,0,0,3,57,3,3,0,83,2022,Round 11,2022-05-28,10637
Melbourne,Bayley Fritsch,1,7,6,85.7,0,0,2,1,0,0,0,5,171,2,0,0,88,2022,Round 11,2022-05-28,10637
Melbourne,Steven May,0,3,4,66.7,0,0,0,2,0,0,0,0,160,3,0,0,15,2022,Round 11,2022-05-28,10637
Melbourne,Jake Melksham,0,4,2,40.0,0,0,1,1,0,0,0,2,108,0,0,0,78,2022,Round 11,2022-05-28,10637
Melbourne,Ben Brown,1,1,1,50.0,0,0,1,7,0,0,0,0,28,0,0,1,78,2022,Round 11,2022-05-28,10637
Fremantle,Luke Ryan,4,15,29,100.0,1,0,0,2,0,0,1,2,562,4,3,0,84,2022,Round 11,2022-05-28,10637
Fremantle,Will Brodie,12,17,21,75.0,0,1,0,0,0,1,6,7,464,5,1,0,69,2022,Round 11,2022-05-28,10637
Fremantle,Andrew Brayshaw,7,21,24,85.7,0,1,0,2,0,3,3,4,410,6,1,1,69,2022,Round 11,2022-05-28,10637
Fremantle,Jordan Clark,4,19,20,87.0,1,1,0,5,0,0,2,1,342,3,4,0,86,2022,Round 11,2022-05-28,10637
Fremantle,Hayden Young,6,13,19,86.4,1,0,0,3,0,0,2,4,326,4,9,0,88,2022,Round 11,2022-05-28,10637
Fremantle,Caleb Serong,12,9,17,77.3,0,0,0,0,0,3,3,1,173,4,4,1,70,2022,Round 11,2022-05-28,10637
Fremantle,Heath Chapman,3,20,18,81.8,0,0,0,3,0,0,1,2,436,2,1,0,72,2022,Round 11,2022-05-28,10637
Fremantle,James Aish,7,11,14,73.7,0,0,0,1,0,3,2,2,284,3,3,0,82,2022,Round 11,2022-05-28,10637
Fremantle,Brennan Cox,5,12,16,84.2,2,0,0,6,0,0,0,2,284,3,6,0,89,2022,Round 11,2022-05-28,10637
Fremantle,Blake Acres,6,12,15,83.3,0,0,1,1,0,2,0,3,348,1,4,0,79,2022,Round 11,2022-05-28,10637
Fremantle,Lachlan Schultz,7,12,11,61.1,0,2,1,1,0,0,0,7,281,7,1,0,83,2022,Round 11,2022-05-28,10637
Fremantle,Minairo Frederick,6,11,13,76.5,0,2,0,2,1,0,1,11,294,2,1,1,79,2022,Round 11,2022-05-28,10637
Fremantle,David Mundy,4,13,14,87.5,0,0,0,0,0,0,2,3,182,3,1,0,61,2022,Round 11,2022-05-28,10637
Fremantle,Michael Walters,8,10,11,68.8,1,0,0,0,0,1,1,7,183,3,1,1,85,2022,Round 11,2022-05-28,10637
Fremantle,Sean Darcy,12,7,14,87.5,1,0,1,1,0,1,0,7,193,1,6,0,81,2022,Round 11,2022-05-28,10637
Fremantle,Brandon Walker,4,12,13,81.2,1,0,0,0,0,0,0,2,188,1,4,0,88,2022,Round 11,2022-05-28,10637
Fremantle,Rory Lobb,9,8,12,80.0,3,1,3,4,0,0,0,8,387,3,3,1,97,2022,Round 11,2022-05-28,10637
Fremantle,Darcy Tucker,3,9,6,50.0,0,0,0,0,0,0,1,5,249,4,1,0,72,2022,Round 11,2022-05-28,10637
Fremantle,Travis Colyer,3,8,10,100.0,0,1,1,1,0,0,0,5,230,1,1,0,90,2022,Round 11,2022-05-28,10637
Fremantle,Matthew Taberner,4,6,6,66.7,0,0,1,1,0,0,0,5,138,1,0,1,58,2022,Round 11,2022-05-28,10637
Fremantle,Alex Pearce,6,4,7,77.8,2,0,0,6,0,0,1,1,196,3,4,0,93,2022,Round 11,2022-05-28,10637
Fremantle,Griffin Logue,6,2,5,62.5,4,0,1,3,0,0,0,4,140,4,1,1,100,2022,Round 11,2022-05-28,10637
Fremantle,Bailey Banfield,2,0,2,100.0,0,1,0,0,0,0,0,2,-7,0,1,0,25,2022,Round 11,2022-05-28,10637
West Coast,Tim Kelly,19,21,27,71.1,0,1,0,0,0,8,3,8,544,7,5,2,81,2022,Round 11,2022-05-28,10642
West Coast,Andrew Gaff,11,17,20,71.4,0,0,0,3,0,1,3,3,263,6,5,0,83,2022,Round 11,2022-05-28,10642
West Coast,Jackson Nelson,3,17,18,78.3,0,0,0,1,0,0,0,3,264,1,4,0,90,2022,Round 11,2022-05-28,10642
West Coast,Brady Hough,5,18,16,69.6,0,0,0,1,0,0,0,0,323,3,5,0,88,2022,Round 11,2022-05-28,10642
West Coast,Alex Witherden,1,16,21,100.0,1,1,0,2,0,0,0,3,286,1,3,0,88,2022,Round 11,2022-05-28,10642
West Coast,Jack Redden,7,14,19,95.0,0,0,0,1,0,1,1,5,212,2,2,0,77,2022,Round 11,2022-05-28,10642
West Coast,Luke Shuey,5,11,13,76.5,0,1,0,0,0,1,3,4,265,3,2,0,68,2022,Round 11,2022-05-28,10642
West Coast,Jack Darling,8,6,10,71.4,3,0,5,3,0,0,0,8,265,4,2,0,95,2022,Round 11,2022-05-28,10642
West Coast,Tom Barrass,2,11,13,92.9,0,0,0,5,0,0,0,0,138,0,3,0,91,2022,Round 11,2022-05-28,10642
West Coast,Greg Clark,9,6,11,78.6,0,0,0,0,0,0,1,1,339,7,3,1,74,2022,Round 11,2022-05-28,10642
West Coast,Jamie Cripps,4,9,8,61.5,0,1,1,1,0,1,2,4,314,3,0,1,89,2022,Round 11,2022-05-28,10642
West Coast,Liam Duggan,4,10,10,83.3,0,0,0,3,0,0,1,0,156,0,1,0,81,2022,Round 11,2022-05-28,10642
West Coast,Isiah Winder,4,8,8,66.7,0,1,0,0,0,0,0,4,119,3,1,0,85,2022,Round 11,2022-05-28,10642
West Coast,Jamaine Jones,2,10,7,63.6,0,0,0,0,0,0,0,2,231,4,2,0,74,2022,Round 11,2022-05-28,10642
West Coast,Connor West,4,7,9,81.8,0,0,0,0,0,1,2,2,118,3,1,1,76,2022,Round 11,2022-05-28,10642
West Coast,Harry Edwards,4,5,9,100.0,2,0,0,7,0,0,0,0,100,0,6,0,83,2022,Round 11,2022-05-28,10642
West Coast,Joshua Kennedy,2,7,5,62.5,0,0,1,0,0,0,0,2,172,2,0,3,85,2022,Round 11,2022-05-28,10642
West Coast,Josh Rotham,3,7,6,75.0,0,0,0,4,0,0,0,0,249,5,3,0,53,2022,Round 11,2022-05-28,10642
West Coast,Sam Petrevski Seton,4,3,7,100.0,0,0,0,1,0,0,0,2,31,1,2,3,77,2022,Round 11,2022-05-28,10642
West Coast,Bailey Williams 1,5,2,6,85.7,2,0,1,0,0,0,1,1,188,1,0,0,74,2022,Round 11,2022-05-28,10642
West Coast,Jeremy Mcgovern,2,2,5,83.3,1,0,0,1,1,0,0,0,78,2,2,0,33,2022,Round 11,2022-05-28,10642
West Coast,Jake Waterman,2,5,5,83.3,0,0,0,2,0,0,0,1,96,0,1,1,82,2022,Round 11,2022-05-28,10642
West Coast,Callum Jamieson,2,5,6,100.0,0,0,0,2,0,0,0,3,70,0,1,0,73,2022,Round 11,2022-05-28,10642
Western Bulldogs,Adam Treloar,13,21,25,71.4,0,0,2,1,0,2,2,9,534,5,2,1,87,2022,Round 11,2022-05-28,10642
Western Bulldogs,Jackson Macrae,7,23,25,83.3,0,3,0,3,0,3,2,10,277,2,3,0,77,2022,Round 11,2022-05-28,10642
Western Bulldogs,Bailey Dale,8,19,20,71.4,0,0,0,0,4,0,0,5,597,7,6,0,81,2022,Round 11,2022-05-28,10642
Western Bulldogs,Caleb Daniel,3,18,24,92.3,0,2,0,0,4,0,0,7,525,3,1,0,83,2022,Round 11,2022-05-28,10642
Western Bulldogs,Josh Dunkley,5,20,23,92.0,0,2,2,1,0,1,1,12,178,0,3,2,85,2022,Round 11,2022-05-28,10642
Western Bulldogs,Timothy English,14,8,22,88.0,2,1,1,4,1,4,3,11,405,2,6,0,80,2022,Round 11,2022-05-28,10642
Western Bulldogs,Bailey Williams,6,16,18,78.3,0,1,0,0,0,0,2,12,465,1,3,0,86,2022,Round 11,2022-05-28,10642
Western Bulldogs,Marcus Bontempelli,14,7,12,57.1,2,1,3,1,1,4,1,6,419,3,2,1,84,2022,Round 11,2022-05-28,10642
Western Bulldogs,Thomas Liberatore,15,8,18,90.0,0,2,0,3,0,5,5,6,173,2,0,1,85,2022,Round 11,2022-05-28,10642
Western Bulldogs,Taylor Duryea,6,13,17,89.5,1,0,0,2,0,0,1,6,352,2,7,0,84,2022,Round 11,2022-05-28,10642
Western Bulldogs,Ed Richards,4,11,14,87.5,0,0,0,3,2,0,0,2,418,3,6,0,84,2022,Round 11,2022-05-28,10642
Western Bulldogs,Ryan Gardner,5,10,9,60.0,0,0,0,8,0,0,0,1,166,2,3,0,93,2022,Round 11,2022-05-28,10642
Western Bulldogs,Lachlan Mcneil,2,13,11,78.6,1,0,1,0,0,0,0,5,354,3,1,1,76,2022,Round 11,2022-05-28,10642
Western Bulldogs,Robbie Mccomb,5,9,10,71.4,0,1,0,1,0,0,0,5,117,3,3,0,82,2022,Round 11,2022-05-28,10642
Western Bulldogs,Alex Keath,4,10,11,84.6,1,0,0,2,1,0,0,3,302,1,5,0,91,2022,Round 11,2022-05-28,10642
Western Bulldogs,Rhylee West,6,9,13,100.0,0,3,2,1,0,0,1,7,99,2,3,1,80,2022,Round 11,2022-05-28,10642
Western Bulldogs,Anthony Scott,8,6,12,92.3,0,1,0,1,0,0,3,5,167,2,2,1,79,2022,Round 11,2022-05-28,10642
Western Bulldogs,Cody Weightman,6,6,7,58.3,3,0,4,1,0,0,1,4,233,3,0,0,80,2022,Round 11,2022-05-28,10642
Western Bulldogs,Tim O Brien,0,11,11,100.0,0,0,0,6,0,0,0,2,210,1,2,0,83,2022,Round 11,2022-05-28,10642
Western Bulldogs,Aaron Naughton,4,8,6,54.5,1,0,3,1,0,0,0,5,175,3,0,2,84,2022,Round 11,2022-05-28,10642
Western Bulldogs,Buku Khamis,3,4,4,50.0,0,0,2,1,0,0,0,3,80,3,1,2,64,2022,Round 11,2022-05-28,10642
Western Bulldogs,Jordon Sweet,1,5,4,66.7,0,0,0,1,0,0,0,3,-24,1,0,0,71,2022,Round 11,2022-05-28,10642
Gold Coast,Lachlan Weller,7,12,18,66.7,0,0,0,2,2,0,4,4,937,10,6,0,86,2022,Round 11,2022-05-28,10640
Gold Coast,Brandon Ellis,11,12,15,62.5,1,0,1,0,0,0,0,5,370,7,8,2,83,2022,Round 11,2022-05-28,10640
Gold Coast,Touk Miller,11,11,14,58.3,0,1,0,1,0,3,3,7,531,6,3,0,83,2022,Round 11,2022-05-28,10640
Gold Coast,David Swallow,7,13,14,66.7,0,0,0,2,0,3,2,6,498,7,0,0,80,2022,Round 11,2022-05-28,10640
Gold Coast,Jarrod Witts,14,4,11,61.1,0,0,0,6,0,4,5,5,215,5,4,1,82,2022,Round 11,2022-05-28,10640
Gold Coast,Charlie Ballard,5,11,12,66.7,0,0,0,9,0,1,0,4,413,6,13,0,86,2022,Round 11,2022-05-28,10640
Gold Coast,Oleg Markov,3,12,15,88.2,0,0,1,2,2,0,0,5,516,3,3,0,76,2022,Round 11,2022-05-28,10640
Gold Coast,Noah Anderson,7,13,12,70.6,0,2,1,4,0,1,1,6,414,5,3,0,85,2022,Round 11,2022-05-28,10640
Gold Coast,Matt Rowell,13,1,9,56.2,0,0,0,3,0,3,0,6,192,2,5,2,82,2022,Round 11,2022-05-28,10640
Gold Coast,Jeremy Sharp,5,10,9,60.0,0,0,0,0,0,0,1,4,302,4,6,0,92,2022,Round 11,2022-05-28,10640
Gold Coast,Nicholas Holman,8,6,9,64.3,0,1,0,2,0,0,0,6,278,2,3,3,82,2022,Round 11,2022-05-28,10640
Gold Coast,Connor Budarick,8,5,10,76.9,2,0,0,3,1,0,0,3,299,5,6,0,85,2022,Round 11,2022-05-28,10640
Gold Coast,Joel Jeffrey,8,7,9,69.2,3,1,3,4,0,0,0,7,327,1,1,1,74,2022,Round 11,2022-05-28,10640
Gold Coast,Izak Rankine,4,6,7,58.3,0,2,3,1,0,0,0,7,233,1,3,0,86,2022,Round 11,2022-05-28,10640
Gold Coast,Ben Ainsworth,5,5,5,50.0,0,1,2,1,2,1,0,7,198,0,1,1,79,2022,Round 11,2022-05-28,10640
Gold Coast,Wil Powell,4,6,6,60.0,0,0,0,3,0,0,0,3,358,5,5,0,75,2022,Round 11,2022-05-28,10640
Gold Coast,Alex Davies,6,5,8,80.0,0,0,0,1,0,0,3,3,185,2,1,1,63,2022,Round 11,2022-05-28,10640
Gold Coast,Levi Casboult,6,3,6,66.7,2,2,2,2,0,0,0,6,156,2,1,1,87,2022,Round 11,2022-05-28,10640
Gold Coast,Mabior Chol,7,2,7,77.8,2,0,2,1,0,0,0,3,261,3,0,0,73,2022,Round 11,2022-05-28,10640
Gold Coast,Samuel Collins,3,6,7,87.5,1,0,0,5,0,0,0,1,159,2,6,0,93,2022,Round 11,2022-05-28,10640
Gold Coast,Caleb Graham,3,4,8,100.0,0,0,0,6,0,0,0,2,204,0,6,0,100,2022,Round 11,2022-05-28,10640
Gold Coast,Malcolm Rosas,4,3,6,75.0,2,1,2,1,0,0,0,5,145,2,0,0,67,2022,Round 11,2022-05-28,10640
Hawthorn,Tom Mitchell,8,21,21,72.4,0,0,0,0,2,3,1,4,409,7,2,1,82,2022,Round 11,2022-05-28,10640
Hawthorn,Harry Morrison,5,19,15,62.5,0,0,0,0,0,3,2,4,605,7,0,0,82,2022,Round 11,2022-05-28,10640
Hawthorn,James Sicily,7,12,19,90.5,1,0,0,14,0,0,0,3,623,5,9,0,100,2022,Round 11,2022-05-28,10640
Hawthorn,Will Day,3,15,15,78.9,0,1,0,1,0,0,0,3,392,7,5,0,84,2022,Round 11,2022-05-28,10640
Hawthorn,Liam Shiels,4,7,10,62.5,0,0,0,1,0,1,0,4,288,5,3,0,76,2022,Round 11,2022-05-28,10640
Hawthorn,Jack Scrimshaw,2,10,13,81.2,0,0,0,1,2,0,0,1,406,6,2,0,43,2022,Round 11,2022-05-28,10640
Hawthorn,Daniel Howe,8,5,10,66.7,1,0,1,2,0,1,1,2,197,2,6,0,79,2022,Round 11,2022-05-28,10640
Hawthorn,Mitchell Lewis,6,8,10,71.4,1,1,1,4,0,0,0,7,383,2,3,0,100,2022,Round 11,2022-05-28,10640
Hawthorn,Dylan Moore,8,4,8,57.1,0,1,0,1,0,0,1,3,204,4,5,1,77,2022,Round 11,2022-05-28,10640
Hawthorn,Connor Macdonald,7,7,9,64.3,0,0,0,1,0,0,3,2,177,5,5,0,76,2022,Round 11,2022-05-28,10640
Hawthorn,Sam Frost,6,7,7,53.8,0,0,0,4,0,0,0,2,377,4,7,0,87,2022,Round 11,2022-05-28,10640
Hawthorn,Changkuoth Jiath,7,7,10,76.9,0,0,0,2,2,0,0,1,95,0,6,0,81,2022,Round 11,2022-05-28,10640
Hawthorn,Jarman Impey,3,8,8,66.7,0,0,0,1,0,0,0,2,204,2,4,0,76,2022,Round 11,2022-05-28,10640
Hawthorn,Lachlan Bramble,4,8,9,75.0,0,0,0,3,0,0,3,3,330,5,2,0,85,2022,Round 11,2022-05-28,10640
Hawthorn,Jai Newcombe,3,9,10,83.3,1,0,0,0,1,0,2,3,269,3,1,0,82,2022,Round 11,2022-05-28,10640
Hawthorn,Luke Breust,8,4,9,81.8,0,1,0,1,0,0,0,5,101,2,0,1,65,2022,Round 11,2022-05-28,10640
Hawthorn,Conor Nash,7,5,8,72.7,0,0,0,3,0,2,0,3,214,1,5,0,71,2022,Round 11,2022-05-28,10640
Hawthorn,Denver Grainger Barras,4,6,9,81.8,1,0,0,10,0,0,0,0,63,2,7,0,88,2022,Round 11,2022-05-28,10640
Hawthorn,Chad Wingard,2,8,7,70.0,0,0,1,1,1,0,0,4,207,3,1,1,83,2022,Round 11,2022-05-28,10640
Hawthorn,Jacob Koschitzke,4,4,4,40.0,0,0,2,4,0,0,0,4,139,3,2,0,88,2022,Round 11,2022-05-28,10640
Hawthorn,Blake Hardwick,3,4,5,55.6,0,0,0,2,0,0,0,1,105,3,5,0,88,2022,Round 11,2022-05-28,10640
Hawthorn,Sam Butler 1,4,3,6,75.0,0,0,0,0,0,0,0,2,188,1,2,0,70,2022,Round 11,2022-05-28,10640
Hawthorn,Finn Maginness,2,1,3,100.0,0,0,0,0,0,0,0,0,0,0,1,0,35,2022,Round 11,2022-05-28,10640
St Kilda,Bradley Hill,4,28,24,72.7,0,0,0,0,3,0,0,4,664,6,4,0,86,2022,Round 11,2022-05-29,10638
St Kilda,Jack Sinclair,4,23,25,78.1,1,1,0,1,1,0,0,5,764,6,5,0,86,2022,Round 11,2022-05-29,10638
St Kilda,Jade Gresham,15,16,18,60.0,0,0,1,1,1,3,4,7,312,2,3,1,88,2022,Round 11,2022-05-29,10638
St Kilda,Sebastian Ross,12,15,22,78.6,0,1,0,0,3,2,2,4,440,2,4,0,83,2022,Round 11,2022-05-29,10638
St Kilda,Brad Crouch,13,12,20,83.3,0,1,0,2,0,1,7,2,-13,2,0,3,80,2022,Round 11,2022-05-29,10638
St Kilda,Zak Jones,9,14,16,76.2,0,1,1,0,0,1,2,5,220,3,2,0,77,2022,Round 11,2022-05-29,10638
St Kilda,Daniel Mckenzie,7,14,14,73.7,0,0,0,2,0,0,1,2,257,1,5,1,71,2022,Round 11,2022-05-29,10638
St Kilda,Callum Wilkie,7,12,17,89.5,4,0,0,9,0,0,0,3,241,0,6,0,100,2022,Round 11,2022-05-29,10638
St Kilda,Mason Wood,5,13,14,77.8,0,1,0,0,0,0,1,2,390,2,3,0,78,2022,Round 11,2022-05-29,10638
St Kilda,Nasiah Wanganeen Milera,5,14,13,76.5,0,1,0,0,5,0,0,4,267,3,5,0,75,2022,Round 11,2022-05-29,10638
St Kilda,Rowan Marshall,6,9,10,66.7,0,0,0,2,0,1,0,5,239,1,0,1,77,2022,Round 11,2022-05-29,10638
St Kilda,Ben Paton,2,12,12,80.0,0,0,0,3,2,0,0,2,301,2,3,0,79,2022,Round 11,2022-05-29,10638
St Kilda,Tim Membrey,4,10,12,85.7,1,2,2,1,0,0,0,6,229,0,2,2,97,2022,Round 11,2022-05-29,10638
St Kilda,Ben Long,8,7,12,85.7,0,1,0,1,0,0,1,5,179,1,1,1,80,2022,Round 11,2022-05-29,10638
St Kilda,Josh Battle,4,10,11,78.6,1,0,0,1,0,0,0,0,64,3,6,0,81,2022,Round 11,2022-05-29,10638
St Kilda,Mitchito Owens,6,9,9,64.3,0,0,1,3,0,0,1,4,193,5,1,3,75,2022,Round 11,2022-05-29,10638
St Kilda,Jimmy Webster,1,10,10,83.3,0,0,0,1,1,0,0,1,71,1,1,0,74,2022,Round 11,2022-05-29,10638
St Kilda,Dougal Howard,1,10,11,91.7,0,0,0,4,0,0,0,1,320,1,4,0,94,2022,Round 11,2022-05-29,10638
St Kilda,Marcus Windhager,4,9,8,80.0,0,0,1,1,0,0,0,2,88,4,1,1,87,2022,Round 11,2022-05-29,10638
St Kilda,Patrick Ryder,10,2,7,77.8,2,0,0,1,0,1,1,5,55,1,2,0,65,2022,Round 11,2022-05-29,10638
St Kilda,Max King 1,3,4,4,57.1,1,0,4,1,0,0,1,5,113,1,0,0,90,2022,Round 11,2022-05-29,10638
St Kilda,Cooper Sharman,8,2,6,85.7,1,0,1,5,0,1,0,1,5,2,2,1,78,2022,Round 11,2022-05-29,10638
North Melbourne,Jy Simpkin,14,15,19,65.5,0,1,1,0,1,3,7,5,585,9,1,0,89,2022,Round 11,2022-05-29,10638
North Melbourne,Jed Anderson,12,16,20,71.4,2,1,2,1,0,2,5,3,311,7,2,1,77,2022,Round 11,2022-05-29,10638
North Melbourne,Luke Mcdonald,5,16,23,88.5,0,0,0,2,0,0,2,2,347,2,5,0,90,2022,Round 11,2022-05-29,10638
North Melbourne,Aidan Corr,4,13,16,88.9,0,0,0,5,0,0,0,0,190,0,6,0,88,2022,Round 11,2022-05-29,10638
North Melbourne,Bailey Scott,1,18,17,94.4,0,1,0,0,0,0,0,4,287,2,2,0,85,2022,Round 11,2022-05-29,10638
North Melbourne,Luke Davies Uniacke,9,10,16,94.1,0,0,0,1,1,2,3,4,311,2,4,0,85,2022,Round 11,2022-05-29,10638
North Melbourne,Todd Goldstein,12,5,13,81.2,3,0,2,7,0,3,2,6,191,3,2,0,91,2022,Round 11,2022-05-29,10638
North Melbourne,Curtis Taylor,6,11,9,56.2,0,0,0,0,0,0,1,2,241,4,2,0,87,2022,Round 11,2022-05-29,10638
North Melbourne,Tom Powell,7,9,11,68.8,0,0,0,0,0,1,2,4,150,3,2,0,69,2022,Round 11,2022-05-29,10638
North Melbourne,Jason Horne Francis,7,8,11,73.3,0,0,0,1,0,1,3,4,186,2,1,1,77,2022,Round 11,2022-05-29,10638
North Melbourne,Joshua Walker,3,8,11,84.6,0,0,0,7,0,0,0,1,122,3,6,0,87,2022,Round 11,2022-05-29,10638
North Melbourne,Kayne Turner,4,9,12,92.3,0,0,0,3,1,0,0,2,146,1,4,0,84,2022,Round 11,2022-05-29,10638
North Melbourne,Kyron Hayden,3,12,11,84.6,0,0,0,3,0,0,1,1,88,3,3,0,85,2022,Round 11,2022-05-29,10638
North Melbourne,Tarryn Thomas,3,10,7,58.3,0,0,0,2,0,1,1,3,248,4,1,0,67,2022,Round 11,2022-05-29,10638
North Melbourne,Cameron Zurhaar,7,5,5,45.5,2,0,1,0,0,0,1,7,186,2,1,2,86,2022,Round 11,2022-05-29,10638
North Melbourne,Jack Ziebell,7,3,6,60.0,1,1,2,0,0,0,0,3,177,3,1,3,84,2022,Round 11,2022-05-29,10638
North Melbourne,Paul Curtis,4,7,5,50.0,1,0,1,0,0,0,0,5,245,4,0,1,81,2022,Round 11,2022-05-29,10638
North Melbourne,Flynn Perez,2,7,9,100.0,0,0,0,2,0,0,2,0,78,0,1,0,85,2022,Round 11,2022-05-29,10638
North Melbourne,Lachie Young,2,9,6,75.0,0,0,0,5,1,0,0,0,169,5,3,0,82,2022,Round 11,2022-05-29,10638
North Melbourne,Hugh Greenwood,4,3,6,85.7,0,0,0,1,0,1,1,2,122,1,2,0,63,2022,Round 11,2022-05-29,10638
North Melbourne,Nick Larkey,1,1,1,50.0,1,0,1,0,0,0,0,1,22,0,0,0,96,2022,Round 11,2022-05-29,10638
North Melbourne,Tristan Xerri,0,2,2,100.0,0,0,0,1,0,0,0,0,27,0,0,0,58,2022,Round 11,2022-05-29,10638
Collingwood,Jack Crisp,14,12,18,66.7,1,0,0,2,0,0,5,9,446,5,3,1,84,2022,Round 11,2022-05-29,10635
Collingwood,Jordan De Goey,7,18,19,79.2,0,1,0,0,2,1,1,11,505,6,2,0,84,2022,Round 11,2022-05-29,10635
Collingwood,Josh Daicos,5,16,19,82.6,0,0,0,0,1,0,1,6,512,3,7,0,89,2022,Round 11,2022-05-29,10635
Collingwood,Taylor Adams,12,8,16,76.2,0,1,0,1,0,2,2,6,189,3,2,2,76,2022,Round 11,2022-05-29,10635
Collingwood,Patrick Lipinski,9,13,14,66.7,0,0,1,1,0,0,2,8,307,6,2,0,77,2022,Round 11,2022-05-29,10635
Collingwood,John Noble,5,16,20,95.2,0,1,1,2,1,0,1,6,341,2,5,0,78,2022,Round 11,2022-05-29,10635
Collingwood,Jeremy Howe,10,9,15,75.0,2,0,0,8,0,0,0,3,590,6,10,0,90,2022,Round 11,2022-05-29,10635
Collingwood,Scott Pendlebury,5,12,11,61.1,0,0,1,0,0,1,0,8,308,4,4,0,90,2022,Round 11,2022-05-29,10635
Collingwood,Steele Sidebottom,6,12,12,70.6,1,1,4,4,2,0,0,6,319,3,4,0,81,2022,Round 11,2022-05-29,10635
Collingwood,Nick Daicos,5,11,13,81.2,0,0,0,0,0,0,0,5,218,1,5,0,79,2022,Round 11,2022-05-29,10635
Collingwood,Jamie Elliott 1,8,5,9,64.3,1,1,2,1,0,0,0,7,251,1,2,0,81,2022,Round 11,2022-05-29,10635
Collingwood,Nathan Murphy,4,9,10,71.4,3,0,0,6,0,0,0,1,123,3,9,0,82,2022,Round 11,2022-05-29,10635
Collingwood,Brayden Maynard,9,6,10,76.9,1,0,0,4,1,0,1,1,368,4,6,0,83,2022,Round 11,2022-05-29,10635
Collingwood,Darcy Cameron,5,8,11,84.6,1,0,0,2,0,3,1,8,112,1,2,1,81,2022,Round 11,2022-05-29,10635
Collingwood,Isaac Quaynor,2,11,9,75.0,0,0,0,1,0,0,1,1,315,5,2,0,89,2022,Round 11,2022-05-29,10635
Collingwood,Mason Cox,11,2,7,63.6,4,0,1,3,0,1,2,5,233,4,3,1,71,2022,Round 11,2022-05-29,10635
Collingwood,Darcy Moore,5,2,10,100.0,2,1,0,10,2,0,0,1,211,2,7,0,100,2022,Round 11,2022-05-29,10635
Collingwood,Oliver Henry,4,6,5,50.0,0,1,4,1,0,0,0,7,202,5,1,2,77,2022,Round 11,2022-05-29,10635
Collingwood,Jack Ginnivan,2,7,4,44.4,0,0,2,0,1,0,0,3,227,2,0,1,77,2022,Round 11,2022-05-29,10635
Collingwood,Will Hoskin Elliott,2,5,6,75.0,0,0,0,0,0,1,2,3,151,1,0,0,73,2022,Round 11,2022-05-29,10635
Collingwood,Tyler Brown,3,5,4,66.7,0,0,0,4,0,0,0,2,111,3,2,0,64,2022,Round 11,2022-05-29,10635
Collingwood,Brody Mihocek,2,3,4,80.0,1,2,2,2,0,0,0,4,93,2,0,0,95,2022,Round 11,2022-05-29,10635
Carlton,Sam Walsh,13,23,22,62.9,0,0,0,0,0,2,2,5,588,12,3,0,77,2022,Round 11,2022-05-29,10635
Carlton,Sam Docherty,6,19,24,77.4,0,1,0,2,0,0,0,3,605,7,7,0,89,2022,Round 11,2022-05-29,10635
Carlton,George Hewett,8,21,26,83.9,0,0,0,0,0,1,1,6,283,3,6,0,75,2022,Round 11,2022-05-29,10635
Carlton,Adam Cerra,14,17,23,76.7,0,1,0,1,0,2,5,5,668,8,3,0,82,2022,Round 11,2022-05-29,10635
Carlton,Adam Saad,8,12,23,85.2,2,1,0,3,3,0,0,4,504,5,11,0,84,2022,Round 11,2022-05-29,10635
Carlton,Patrick Cripps,15,12,19,76.0,0,1,2,2,2,3,5,6,421,4,1,0,87,2022,Round 11,2022-05-29,10635
Carlton,Paddy Dow,10,13,16,76.2,0,0,0,1,0,4,1,5,254,4,1,2,65,2022,Round 11,2022-05-29,10635
Carlton,Lochie O Brien,4,17,16,76.2,0,0,0,1,0,1,0,3,221,2,3,0,81,2022,Round 11,2022-05-29,10635
Carlton,Nic Newman,6,13,18,90.0,0,0,0,8,0,0,1,1,359,2,5,0,85,2022,Round 11,2022-05-29,10635
Carlton,Zac Fisher,7,9,10,58.8,0,0,1,1,0,0,2,7,186,3,5,0,88,2022,Round 11,2022-05-29,10635
Carlton,Jack Silvagni,9,9,13,81.2,2,1,2,2,0,0,2,6,257,5,1,2,84,2022,Round 11,2022-05-29,10635
Carlton,Jack Newnes,5,10,10,66.7,0,0,0,1,0,0,0,5,157,1,4,0,78,2022,Round 11,2022-05-29,10635
Carlton,Matt Cottrell,2,12,8,53.3,0,0,0,0,0,0,0,2,208,3,2,1,83,2022,Round 11,2022-05-29,10635
Carlton,Lachlan Plowman,8,8,12,85.7,1,0,0,8,0,0,0,1,122,2,8,0,91,2022,Round 11,2022-05-29,10635
Carlton,Tom De Koning,6,6,7,58.3,2,0,0,3,0,0,1,5,75,1,2,0,80,2022,Round 11,2022-05-29,10635
Carlton,Liam Stocker,3,7,10,83.3,0,1,0,4,0,0,0,2,231,3,2,0,76,2022,Round 11,2022-05-29,10635
Carlton,Charlie Curnow,5,6,7,77.8,1,0,2,4,0,0,0,8,245,0,0,0,98,2022,Round 11,2022-05-29,10635
Carlton,Matt Owies,3,6,8,88.9,1,0,2,1,0,0,0,4,205,4,1,3,78,2022,Round 11,2022-05-29,10635
Carlton,Jack Carroll,0,10,5,62.5,0,0,0,0,0,0,0,1,146,5,0,2,55,2022,Round 11,2022-05-29,10635
Carlton,Corey Durdin,3,6,7,100.0,0,1,0,0,0,0,0,3,176,2,1,2,77,2022,Round 11,2022-05-29,10635
Carlton,Jesse Motlop,0,5,6,85.7,0,0,0,0,0,0,0,2,85,1,0,1,74,2022,Round 11,2022-05-29,10635
Carlton,Lewis Young,4,2,3,60.0,0,0,0,12,0,0,0,0,47,1,4,0,100,2022,Round 11,2022-05-29,10635
Carlton,Jacob Weitering,1,1,0,0.0,1,0,0,2,0,0,0,0,26,0,2,0,12,2022,Round 11,2022-05-29,10635
Port Adelaide,Oliver Wines,17,13,14,48.3,0,2,1,1,0,0,3,5,542,4,8,0,83,2022,Round 11,2022-05-29,10641
Port Adelaide,Karl Amon,10,14,17,68.0,0,0,0,0,1,0,4,5,358,6,7,0,78,2022,Round 11,2022-05-29,10641
Port Adelaide,Zak Butters,11,14,15,62.5,0,2,1,2,0,0,2,7,368,3,4,0,80,2022,Round 11,2022-05-29,10641
Port Adelaide,Connor Rozee,7,15,17,70.8,0,1,2,2,0,0,1,9,433,4,5,0,81,2022,Round 11,2022-05-29,10641
Port Adelaide,Travis Boak,10,12,19,82.6,0,0,0,2,0,3,5,6,265,2,1,1,81,2022,Round 11,2022-05-29,10641
Port Adelaide,Dan Houston,8,13,18,81.8,1,0,0,3,1,0,1,3,491,5,7,0,83,2022,Round 11,2022-05-29,10641
Port Adelaide,Willem Drew,11,9,14,73.7,1,0,1,3,0,0,3,4,197,3,4,1,70,2022,Round 11,2022-05-29,10641
Port Adelaide,Riley Bonner,2,6,13,76.5,0,0,0,2,0,0,0,3,378,3,2,0,77,2022,Round 11,2022-05-29,10641
Port Adelaide,Trent Dumont,6,10,9,60.0,1,0,3,2,0,0,1,4,290,2,2,0,84,2022,Round 11,2022-05-29,10641
Port Adelaide,Darcy Byrne Jones,3,12,13,86.7,0,0,0,2,0,0,2,4,379,3,3,0,75,2022,Round 11,2022-05-29,10641
Port Adelaide,Sam Powell Pepper,6,9,9,60.0,1,0,2,1,0,0,0,8,258,4,1,1,79,2022,Round 11,2022-05-29,10641
Port Adelaide,Robert Gray,7,5,9,64.3,1,0,0,3,0,1,1,2,318,6,2,1,88,2022,Round 11,2022-05-29,10641
Port Adelaide,Ryan Burton,4,9,11,78.6,0,0,0,3,0,0,2,3,442,2,3,0,80,2022,Round 11,2022-05-29,10641
Port Adelaide,Todd Marshall,5,9,7,50.0,3,0,4,1,0,0,0,3,260,7,1,0,85,2022,Round 11,2022-05-29,10641
Port Adelaide,Steven Motlop,5,7,7,58.3,0,0,1,2,0,0,1,5,150,3,1,1,77,2022,Round 11,2022-05-29,10641
Port Adelaide,Jeremy Finlayson,6,6,9,75.0,2,0,1,2,0,0,1,2,218,2,0,0,79,2022,Round 11,2022-05-29,10641
Port Adelaide,Charlie Dixon,7,3,7,70.0,1,0,1,3,0,0,0,4,37,3,2,0,88,2022,Round 11,2022-05-29,10641
Port Adelaide,Aliir Aliir,4,6,5,50.0,0,0,0,10,0,0,1,2,243,2,6,0,100,2022,Round 11,2022-05-29,10641
Port Adelaide,Tom Clurey,1,6,8,88.9,0,0,0,11,0,0,0,3,164,0,6,0,92,2022,Round 11,2022-05-29,10641
Port Adelaide,Kane Farrell,4,5,7,87.5,0,0,0,1,0,0,2,3,106,1,0,0,81,2022,Round 11,2022-05-29,10641
Port Adelaide,Sam Hayes,3,3,6,100.0,1,0,0,4,0,0,0,2,43,1,2,0,66,2022,Round 11,2022-05-29,10641
Port Adelaide,Thomas Jonas,2,3,3,60.0,1,0,0,6,0,0,0,2,66,0,2,0,93,2022,Round 11,2022-05-29,10641
Essendon,Darcy Parish,18,22,27,69.2,0,0,1,1,0,4,3,9,462,8,5,0,85,2022,Round 11,2022-05-29,10641
Essendon,Zachary Merrett,9,18,21,77.8,0,1,0,5,0,2,4,7,412,2,4,0,82,2022,Round 11,2022-05-29,10641
Essendon,Nick Hind,10,16,19,73.1,0,1,0,2,3,0,2,7,673,3,8,0,83,2022,Round 11,2022-05-29,10641
Essendon,Nicholas Martin,4,23,19,76.0,0,0,1,2,0,0,1,10,576,5,2,0,90,2022,Round 11,2022-05-29,10641
Essendon,Dyson Heppell,3,21,19,79.2,0,0,0,3,0,0,0,4,388,5,3,0,84,2022,Round 11,2022-05-29,10641
Essendon,Jordan Ridley,6,9,20,90.9,1,0,0,6,0,0,1,1,351,4,8,0,92,2022,Round 11,2022-05-29,10641
Essendon,Ben Hobbs,11,11,15,68.2,0,0,0,0,1,0,2,5,353,6,2,0,78,2022,Round 11,2022-05-29,10641
Essendon,Dylan Shiel,9,14,16,80.0,0,0,1,3,0,3,1,3,277,3,3,0,72,2022,Round 11,2022-05-29,10641
Essendon,Andrew Mcgrath,6,12,16,80.0,1,0,0,2,1,0,1,5,465,3,5,0,77,2022,Round 11,2022-05-29,10641
Essendon,Sam Durham,7,10,15,88.2,2,0,0,3,0,0,0,4,215,2,2,1,84,2022,Round 11,2022-05-29,10641
Essendon,Archie Perkins,3,13,11,68.8,0,1,2,0,0,1,0,8,286,0,1,0,84,2022,Round 11,2022-05-29,10641
Essendon,Jayden Laverde,9,5,11,84.6,1,0,0,5,0,0,0,2,211,5,10,0,83,2022,Round 11,2022-05-29,10641
Essendon,Jye Caldwell,0,11,12,92.3,0,1,0,1,0,2,0,6,119,0,3,2,80,2022,Round 11,2022-05-29,10641
Essendon,Jake Kelly,1,11,11,91.7,0,0,0,2,0,0,0,0,166,3,3,0,100,2022,Round 11,2022-05-29,10641
Essendon,Alec Waterman,4,6,6,66.7,1,0,3,0,0,0,0,4,141,3,1,0,81,2022,Round 11,2022-05-29,10641
Essendon,Devon Smith,4,4,3,37.5,0,0,1,0,0,0,0,3,99,1,1,1,72,2022,Round 11,2022-05-29,10641
Essendon,Harrison Jones 1,4,4,5,62.5,0,0,2,3,0,0,0,5,141,3,1,0,90,2022,Round 11,2022-05-29,10641
Essendon,Andrew Phillips 1,6,3,5,71.4,0,0,1,5,0,2,3,1,143,5,1,0,66,2022,Round 11,2022-05-29,10641
Essendon,Sam Draper,4,1,5,71.4,0,1,0,1,0,0,4,5,183,3,0,0,66,2022,Round 11,2022-05-29,10641
Essendon,Tex Wanganeen,1,6,5,71.4,0,0,0,1,0,0,0,2,38,0,1,3,71,2022,Round 11,2022-05-29,10641
Essendon,Peter Wright,6,0,4,66.7,1,0,0,4,0,0,0,2,13,3,0,2,100,2022,Round 11,2022-05-29,10641
Essendon,Zach Reid,2,4,5,83.3,0,0,0,8,0,0,0,1,92,2,2,0,81,2022,Round 11,2022-05-29,10641
Western Bulldogs,Jackson Macrae,9,22,22,71.0,0,0,0,2,0,0,4,6,304,3,3,1,84,2022,Round 12,2022-06-03,10645
Western Bulldogs,Bailey Dale,8,17,27,87.1,0,0,0,2,1,2,2,4,464,3,4,0,82,2022,Round 12,2022-06-03,10645
Western Bulldogs,Thomas Liberatore,12,20,23,76.7,0,0,1,2,0,1,2,9,549,5,2,0,78,2022,Round 12,2022-06-03,10645
Western Bulldogs,Caleb Daniel,4,22,24,80.0,0,0,0,0,1,1,0,10,550,6,4,0,87,2022,Round 12,2022-06-03,10645
Western Bulldogs,Adam Treloar,10,16,21,77.8,0,0,0,1,0,2,2,9,195,3,4,0,83,2022,Round 12,2022-06-03,10645
Western Bulldogs,Marcus Bontempelli,10,14,18,78.3,1,1,0,5,0,2,2,7,441,4,3,1,94,2022,Round 12,2022-06-03,10645
Western Bulldogs,Bailey Williams,7,16,17,81.0,0,1,0,2,0,0,1,6,436,4,7,0,89,2022,Round 12,2022-06-03,10645
Western Bulldogs,Timothy English,8,11,12,60.0,0,0,0,3,0,3,1,4,331,5,1,0,80,2022,Round 12,2022-06-03,10645
Western Bulldogs,Josh Dunkley,5,13,16,84.2,1,1,1,0,0,1,2,7,225,3,1,1,84,2022,Round 12,2022-06-03,10645
Western Bulldogs,Bailey Smith,5,15,13,68.4,0,0,0,3,0,1,0,6,253,4,2,0,83,2022,Round 12,2022-06-03,10645
Western Bulldogs,Ed Richards,4,14,13,72.2,0,0,0,1,4,0,0,5,419,5,7,0,87,2022,Round 12,2022-06-03,10645
Western Bulldogs,Alex Keath,4,11,13,86.7,1,1,0,3,0,0,0,3,151,1,5,0,93,2022,Round 12,2022-06-03,10645
Western Bulldogs,Rhylee West,5,8,8,61.5,0,0,1,1,0,0,0,3,116,5,3,1,76,2022,Round 12,2022-06-03,10645
Western Bulldogs,Robbie Mccomb,2,11,9,69.2,0,2,1,0,1,0,0,5,298,4,1,0,82,2022,Round 12,2022-06-03,10645
Western Bulldogs,Tim O Brien,5,7,10,83.3,2,0,0,7,0,1,0,3,157,1,4,0,81,2022,Round 12,2022-06-03,10645
Western Bulldogs,Anthony Scott,2,10,10,83.3,0,0,1,2,0,0,1,3,142,0,0,0,81,2022,Round 12,2022-06-03,10645
Western Bulldogs,Ryan Gardner,3,7,6,54.5,0,0,0,7,0,0,0,1,142,4,7,0,100,2022,Round 12,2022-06-03,10645
Western Bulldogs,Aaron Naughton,7,3,9,90.0,3,1,1,2,0,0,2,5,152,1,0,2,92,2022,Round 12,2022-06-03,10645
Western Bulldogs,Cody Weightman,5,5,6,60.0,1,0,2,0,0,0,0,5,136,2,0,0,64,2022,Round 12,2022-06-03,10645
Western Bulldogs,Taylor Duryea,5,4,8,100.0,0,0,0,1,0,0,0,0,28,0,6,0,77,2022,Round 12,2022-06-03,10645
Western Bulldogs,Buku Khamis,6,2,6,100.0,0,0,0,2,0,1,1,2,30,1,0,0,53,2022,Round 12,2022-06-03,10645
Western Bulldogs,Lachlan Mcneil,1,4,4,80.0,0,0,1,0,0,0,0,2,64,2,0,1,71,2022,Round 12,2022-06-03,10645
Geelong,Mitchell Duncan,5,21,24,82.8,0,0,1,2,0,0,3,3,685,5,3,0,93,2022,Round 12,2022-06-03,10645
Geelong,Joel Selwood,14,13,16,64.0,0,0,0,1,0,1,4,2,260,5,5,0,73,2022,Round 12,2022-06-03,10645
Geelong,Cameron Guthrie,8,14,16,66.7,0,1,0,1,0,2,4,5,273,2,1,1,71,2022,Round 12,2022-06-03,10645
Geelong,Brandan Parfitt,5,15,11,52.4,1,1,1,2,0,0,0,5,223,6,1,0,72,2022,Round 12,2022-06-03,10645
Geelong,Tom Atkins,8,8,16,80.0,0,0,0,2,0,2,0,7,271,2,8,0,81,2022,Round 12,2022-06-03,10645
Geelong,Zach Tuohy,4,13,17,89.5,0,0,0,0,1,0,0,2,389,1,4,0,96,2022,Round 12,2022-06-03,10645
Geelong,Zach Guthrie,7,12,16,84.2,1,0,0,2,0,0,0,1,443,6,9,0,87,2022,Round 12,2022-06-03,10645
Geelong,Jeremy Cameron,7,11,14,77.8,0,1,7,1,0,0,1,11,320,2,3,2,96,2022,Round 12,2022-06-03,10645
Geelong,Bradley Close,7,10,14,82.4,0,0,0,3,0,0,4,3,128,3,3,1,86,2022,Round 12,2022-06-03,10645
Geelong,Rhys Stanley,15,3,10,62.5,3,0,0,5,0,2,2,2,179,2,3,0,75,2022,Round 12,2022-06-03,10645
Geelong,Tom Hawkins,8,8,9,60.0,3,2,4,1,0,0,0,8,294,2,1,2,92,2022,Round 12,2022-06-03,10645
Geelong,Isaac Smith,1,12,11,73.3,0,0,0,0,1,0,0,3,373,4,1,0,82,2022,Round 12,2022-06-03,10645
Geelong,Gryan Miers,5,10,10,66.7,0,0,0,1,0,0,1,1,223,4,2,0,86,2022,Round 12,2022-06-03,10645
Geelong,Jed Bews,3,11,11,78.6,0,0,0,0,0,0,0,1,191,3,5,0,83,2022,Round 12,2022-06-03,10645
Geelong,Mark Blicavs,5,9,9,75.0,2,0,0,6,0,1,0,3,275,3,3,1,94,2022,Round 12,2022-06-03,10645
Geelong,Tyson Stengle,4,9,5,41.7,1,2,2,1,0,0,2,6,284,4,0,1,88,2022,Round 12,2022-06-03,10645
Geelong,Sam De Koning,6,6,12,100.0,3,0,0,8,0,0,0,0,196,2,5,0,92,2022,Round 12,2022-06-03,10645
Geelong,Luke Dahlhaus,6,5,9,90.0,0,0,0,0,0,0,1,3,21,0,1,1,68,2022,Round 12,2022-06-03,10645
Geelong,Mark O Connor,4,6,8,80.0,0,0,0,3,0,0,1,2,159,2,4,0,89,2022,Round 12,2022-06-03,10645
Geelong,Gary Rohan,5,6,4,44.4,0,1,1,2,0,0,0,3,247,3,1,4,86,2022,Round 12,2022-06-03,10645
Geelong,Thomas Stewart,0,7,9,100.0,0,0,0,1,0,0,0,3,122,0,2,0,25,2022,Round 12,2022-06-03,10645
Geelong,Cooper Stephens,3,6,7,77.8,0,1,0,0,0,0,0,3,53,1,1,0,52,2022,Round 12,2022-06-03,10645
Geelong,Quinton Narkle,2,4,5,71.4,0,0,0,0,0,0,1,1,155,2,1,0,33,2022,Round 12,2022-06-03,10645
Adelaide,Rory Laird,17,18,22,66.7,0,1,0,1,0,4,4,9,336,7,3,2,75,2022,Round 12,2022-06-04,10646
Adelaide,Ben Keays,16,14,22,75.9,0,1,0,0,0,2,3,5,411,7,7,1,83,2022,Round 12,2022-06-04,10646
Adelaide,Matt Crouch,7,20,19,70.4,0,0,0,0,0,1,0,5,154,3,1,0,80,2022,Round 12,2022-06-04,10646
Adelaide,Jackson Hately,8,16,21,84.0,0,0,0,1,0,1,2,2,273,0,5,1,79,2022,Round 12,2022-06-04,10646
Adelaide,Jordan Dawson,3,17,19,82.6,0,0,0,1,1,0,0,1,610,5,6,0,90,2022,Round 12,2022-06-04,10646
Adelaide,Taylor Walker,13,11,14,63.6,4,2,5,1,0,0,1,10,330,6,0,1,87,2022,Round 12,2022-06-04,10646
Adelaide,Brodie Smith,6,14,17,81.0,1,0,0,0,0,0,0,1,420,5,8,0,92,2022,Round 12,2022-06-04,10646
Adelaide,Mitchell Hinge,6,10,15,83.3,0,0,0,2,0,0,0,2,431,4,9,0,81,2022,Round 12,2022-06-04,10646
Adelaide,Sam Berry,13,5,13,72.2,0,0,0,2,0,3,5,2,142,2,1,0,66,2022,Round 12,2022-06-04,10646
Adelaide,Wayne Milera,4,11,11,73.3,0,1,1,0,0,0,1,5,182,3,0,1,80,2022,Round 12,2022-06-04,10646
Adelaide,Patrick Parnell,3,10,7,46.7,0,0,0,0,0,0,1,2,312,4,5,0,67,2022,Round 12,2022-06-04,10646
Adelaide,Lachlan Murphy,8,5,5,38.5,0,1,1,0,0,0,2,3,133,3,1,2,80,2022,Round 12,2022-06-04,10646
Adelaide,James Rowe,3,10,7,53.8,0,0,0,0,0,0,0,2,184,5,0,3,87,2022,Round 12,2022-06-04,10646
Adelaide,Tom Doedee,4,6,10,83.3,0,0,0,7,0,0,1,2,323,5,5,0,87,2022,Round 12,2022-06-04,10646
Adelaide,Darcy Fogarty,8,6,9,75.0,1,1,3,2,0,0,0,6,368,5,3,3,78,2022,Round 12,2022-06-04,10646
Adelaide,Shane Mcadam,6,6,10,83.3,0,0,0,1,0,0,0,5,130,0,1,3,85,2022,Round 12,2022-06-04,10646
Adelaide,Edward Mchenry,2,10,10,83.3,0,1,0,0,0,1,0,3,121,2,0,1,77,2022,Round 12,2022-06-04,10646
Adelaide,Will Hamill,5,9,11,91.7,0,0,0,1,0,0,1,1,319,4,5,0,83,2022,Round 12,2022-06-04,10646
Adelaide,Jake Soligo,5,5,8,80.0,0,0,1,1,0,0,1,4,187,0,4,0,85,2022,Round 12,2022-06-04,10646
Adelaide,Reilly O Brien,3,6,7,77.8,1,0,0,4,0,0,0,4,174,2,4,0,82,2022,Round 12,2022-06-04,10646
Adelaide,Nick Murray,8,3,5,55.6,1,1,0,16,0,0,1,1,218,3,6,0,100,2022,Round 12,2022-06-04,10646
Adelaide,Riley Thilthorpe,4,3,5,71.4,0,0,0,2,0,1,1,2,66,0,1,0,68,2022,Round 12,2022-06-04,10646
Adelaide,Harry Schoenberg,1,0,0,0.0,0,0,0,0,0,0,0,0,4,0,1,0,8,2022,Round 12,2022-06-04,10646
West Coast,Andrew Gaff,11,20,25,83.3,0,1,0,1,0,1,2,7,398,4,8,1,89,2022,Round 12,2022-06-04,10646
West Coast,Luke Shuey,14,12,17,63.0,0,1,0,4,0,2,8,4,548,9,5,0,75,2022,Round 12,2022-06-04,10646
West Coast,Jack Redden,8,17,19,76.0,0,0,0,0,0,0,4,6,409,4,4,0,82,2022,Round 12,2022-06-04,10646
West Coast,Tim Kelly,12,12,17,70.8,0,0,0,3,1,1,2,4,431,5,4,0,87,2022,Round 12,2022-06-04,10646
West Coast,Alex Witherden,2,18,17,77.3,0,0,0,4,0,0,0,2,388,4,2,0,91,2022,Round 12,2022-06-04,10646
West Coast,Shannon Hurn,6,10,19,90.5,1,1,0,2,0,0,0,3,387,1,7,0,84,2022,Round 12,2022-06-04,10646
West Coast,Jackson Nelson,6,16,12,57.1,0,0,0,1,0,0,2,4,369,8,5,0,92,2022,Round 12,2022-06-04,10646
West Coast,Tom Barrass,9,10,16,88.9,1,0,0,10,0,0,0,0,302,3,14,0,97,2022,Round 12,2022-06-04,10646
West Coast,Jack Darling,11,5,10,66.7,4,2,2,4,0,0,0,8,246,2,2,1,100,2022,Round 12,2022-06-04,10646
West Coast,Jamie Cripps,5,9,10,71.4,0,0,0,3,1,0,3,6,227,2,1,2,93,2022,Round 12,2022-06-04,10646
West Coast,Jake Waterman,2,10,9,64.3,1,1,2,2,0,0,0,3,137,5,1,1,85,2022,Round 12,2022-06-04,10646
West Coast,Luke Foley,5,8,6,46.2,0,0,0,2,0,0,0,0,169,3,5,0,71,2022,Round 12,2022-06-04,10646
West Coast,Connor West,4,9,8,66.7,0,0,0,2,0,0,0,5,57,3,2,3,72,2022,Round 12,2022-06-04,10646
West Coast,Liam Duggan,0,11,9,81.8,0,0,0,0,0,0,0,3,191,1,1,0,76,2022,Round 12,2022-06-04,10646
West Coast,Callum Jamieson,6,5,8,72.7,0,0,0,4,0,0,3,1,182,3,3,0,56,2022,Round 12,2022-06-04,10646
West Coast,Brady Hough,4,7,7,63.6,1,0,0,1,0,0,0,1,177,5,4,1,83,2022,Round 12,2022-06-04,10646
West Coast,Greg Clark,4,7,8,72.7,0,0,0,0,0,1,1,2,201,3,1,1,64,2022,Round 12,2022-06-04,10646
West Coast,Sam Petrevski Seton,6,4,6,66.7,0,0,0,2,0,0,2,4,98,3,1,1,83,2022,Round 12,2022-06-04,10646
West Coast,Harry Edwards,1,8,6,66.7,1,0,0,5,0,0,0,3,172,2,3,0,89,2022,Round 12,2022-06-04,10646
West Coast,Isiah Winder,4,4,6,75.0,0,0,0,2,0,1,1,1,73,1,1,1,60,2022,Round 12,2022-06-04,10646
West Coast,Joshua Kennedy,4,4,4,57.1,0,0,1,2,0,0,0,5,107,4,0,1,80,2022,Round 12,2022-06-04,10646
West Coast,Bailey Williams 1,2,2,5,100.0,1,0,0,2,0,0,0,0,89,0,2,0,68,2022,Round 12,2022-06-04,10646
West Coast,Patrick Naish,1,1,2,100.0,0,0,0,1,0,0,0,1,5,0,0,0,22,2022,Round 12,2022-06-04,10646
Gold Coast,Touk Miller,22,12,21,65.6,0,0,1,4,0,5,8,6,799,3,3,0,83,2022,Round 12,2022-06-04,10647
Gold Coast,Matt Rowell,17,6,16,64.0,0,0,0,3,0,7,2,9,594,5,4,3,85,2022,Round 12,2022-06-04,10647
Gold Coast,Connor Budarick,9,12,15,60.0,0,0,0,2,0,0,0,1,422,4,15,0,82,2022,Round 12,2022-06-04,10647
Gold Coast,David Swallow,13,8,16,72.7,0,1,0,1,0,1,6,8,238,3,4,0,74,2022,Round 12,2022-06-04,10647
Gold Coast,Noah Anderson,10,12,10,47.6,0,0,0,4,0,0,3,8,567,8,4,1,84,2022,Round 12,2022-06-04,10647
Gold Coast,Lachlan Weller,4,13,18,90.0,0,0,0,5,1,0,0,3,802,7,5,0,70,2022,Round 12,2022-06-04,10647
Gold Coast,Oleg Markov,7,13,14,73.7,0,0,0,3,3,0,0,7,565,3,9,0,77,2022,Round 12,2022-06-04,10647
Gold Coast,Wil Powell,6,11,11,61.1,0,0,0,5,0,0,2,6,585,3,3,1,87,2022,Round 12,2022-06-04,10647
Gold Coast,Jy Farrar,8,10,12,70.6,0,0,0,4,1,0,1,2,360,4,8,0,83,2022,Round 12,2022-06-04,10647
Gold Coast,Izak Rankine,10,9,12,75.0,0,1,1,1,2,0,4,8,424,2,1,2,88,2022,Round 12,2022-06-04,10647
Gold Coast,Alex Davies,7,9,9,56.2,0,0,0,2,0,0,2,4,425,3,2,1,72,2022,Round 12,2022-06-04,10647
Gold Coast,Ben Ainsworth,4,11,9,60.0,1,0,1,0,0,0,0,5,257,2,1,3,81,2022,Round 12,2022-06-04,10647
Gold Coast,Caleb Graham,5,9,11,78.6,0,0,0,13,0,0,0,4,257,2,9,0,94,2022,Round 12,2022-06-04,10647
Gold Coast,Charlie Ballard,2,6,6,50.0,1,0,0,7,0,0,0,0,182,3,7,0,86,2022,Round 12,2022-06-04,10647
Gold Coast,Nicholas Holman,5,8,8,66.7,0,0,0,2,0,0,0,3,115,2,0,4,79,2022,Round 12,2022-06-04,10647
Gold Coast,Brandon Ellis,5,6,6,54.5,0,0,1,0,0,0,0,5,126,2,4,1,83,2022,Round 12,2022-06-04,10647
Gold Coast,Samuel Collins,6,6,8,72.7,0,0,0,13,0,0,0,2,181,3,8,0,92,2022,Round 12,2022-06-04,10647
Gold Coast,Joel Jeffrey,6,6,7,63.6,1,1,1,1,0,0,0,4,345,6,0,1,77,2022,Round 12,2022-06-04,10647
Gold Coast,Jarrod Witts,10,1,5,50.0,0,0,0,7,0,1,5,7,152,1,1,1,76,2022,Round 12,2022-06-04,10647
Gold Coast,Sam Day,6,3,5,55.6,0,2,1,3,0,0,1,5,157,2,0,1,78,2022,Round 12,2022-06-04,10647
Gold Coast,Malcolm Rosas,5,4,7,77.8,0,2,0,1,0,0,1,8,158,1,1,3,75,2022,Round 12,2022-06-04,10647
Gold Coast,Mabior Chol,4,1,5,83.3,0,0,1,4,0,1,1,3,122,1,1,0,78,2022,Round 12,2022-06-04,10647
Gold Coast,Jeremy Sharp,0,0,0,0.0,0,0,0,0,0,0,0,0,0,0,0,0,15,2022,Round 12,2022-06-04,10647
North Melbourne,Luke Davies Uniacke,13,13,16,64.0,1,0,1,2,0,1,4,4,554,5,3,0,80,2022,Round 12,2022-06-04,10647
North Melbourne,Hugh Greenwood,16,4,12,57.1,0,1,0,3,0,2,3,2,326,8,4,0,80,2022,Round 12,2022-06-04,10647
North Melbourne,Luke Mcdonald,6,7,16,80.0,0,0,0,8,0,0,1,1,575,9,4,0,89,2022,Round 12,2022-06-04,10647
North Melbourne,Jy Simpkin,9,9,10,50.0,0,0,1,3,0,0,7,1,445,5,2,0,92,2022,Round 12,2022-06-04,10647
North Melbourne,Tarryn Thomas,11,9,10,52.6,1,0,0,0,0,2,3,3,444,5,4,1,76,2022,Round 12,2022-06-04,10647
North Melbourne,Jed Anderson,10,7,13,72.2,0,0,0,3,0,0,5,1,445,9,3,0,72,2022,Round 12,2022-06-04,10647
North Melbourne,Flynn Perez,10,7,8,53.3,0,1,0,1,0,0,4,1,251,5,7,0,87,2022,Round 12,2022-06-04,10647
North Melbourne,Jason Horne Francis,6,8,11,73.3,0,0,0,1,0,1,2,4,305,5,2,0,72,2022,Round 12,2022-06-04,10647
North Melbourne,Aidan Corr,2,3,13,92.9,1,0,0,7,0,0,0,0,634,2,4,0,91,2022,Round 12,2022-06-04,10647
North Melbourne,Nick Larkey,7,7,14,100.0,1,0,1,5,0,0,0,3,149,2,2,0,93,2022,Round 12,2022-06-04,10647
North Melbourne,Bailey Scott,4,4,13,92.9,0,0,0,2,0,0,0,1,417,4,6,0,91,2022,Round 12,2022-06-04,10647
North Melbourne,Tom Powell,6,7,9,64.3,0,0,1,0,0,1,4,0,325,5,0,0,68,2022,Round 12,2022-06-04,10647
North Melbourne,Jack Ziebell,6,5,6,50.0,0,0,0,2,0,0,1,2,202,7,2,0,72,2022,Round 12,2022-06-04,10647
North Melbourne,Curtis Taylor,6,6,8,66.7,0,0,0,2,0,0,0,1,385,7,5,0,79,2022,Round 12,2022-06-04,10647
North Melbourne,Todd Goldstein,7,4,8,72.7,1,1,1,5,0,2,2,6,89,0,0,0,86,2022,Round 12,2022-06-04,10647
North Melbourne,Joshua Walker,6,1,9,100.0,4,0,0,8,0,0,0,0,283,2,8,0,96,2022,Round 12,2022-06-04,10647
North Melbourne,Kyron Hayden,5,4,7,77.8,0,0,0,2,0,0,1,1,147,3,3,0,66,2022,Round 12,2022-06-04,10647
North Melbourne,Paul Curtis,3,7,8,88.9,0,1,1,0,0,0,0,4,220,1,0,0,86,2022,Round 12,2022-06-04,10647
North Melbourne,Lachie Young,6,3,7,87.5,0,0,0,8,0,0,1,0,179,2,3,0,88,2022,Round 12,2022-06-04,10647
North Melbourne,Atu Bosenavulagi,3,2,3,60.0,0,0,0,0,0,0,0,1,62,0,3,0,44,2022,Round 12,2022-06-04,10647
North Melbourne,Tristan Xerri,2,2,1,25.0,0,0,0,4,0,0,0,2,111,1,2,0,72,2022,Round 12,2022-06-04,10647
North Melbourne,Kayne Turner,2,2,0,0.0,0,0,0,1,0,0,0,0,89,3,0,0,85,2022,Round 12,2022-06-04,10647
North Melbourne,Ben Mckay,1,2,3,100.0,0,0,0,3,1,0,0,0,39,0,3,0,37,2022,Round 12,2022-06-04,10647
Melbourne,Jack Viney,17,15,18,56.2,0,1,0,1,1,1,4,5,483,8,4,1,82,2022,Round 12,2022-06-04,10644
Melbourne,Clayton Oliver,19,14,21,72.4,0,0,0,3,1,1,6,3,273,3,7,2,91,2022,Round 12,2022-06-04,10644
Melbourne,Max Gawn,23,6,21,75.0,6,0,2,1,0,3,2,10,323,5,6,0,97,2022,Round 12,2022-06-04,10644
Melbourne,Christian Petracca,10,12,13,52.0,0,1,0,0,0,2,1,6,464,6,3,1,91,2022,Round 12,2022-06-04,10644
Melbourne,Angus Brayshaw,5,16,22,91.7,0,0,0,3,0,1,1,5,546,4,6,0,79,2022,Round 12,2022-06-04,10644
Melbourne,James Jordon,7,18,18,75.0,0,0,0,3,0,0,0,3,287,1,5,0,72,2022,Round 12,2022-06-04,10644
Melbourne,Ed Langdon,8,15,17,73.9,0,0,1,2,0,0,3,4,379,4,5,1,100,2022,Round 12,2022-06-04,10644
Melbourne,Christian Salem,1,16,16,80.0,0,0,0,2,0,0,0,4,542,2,1,0,84,2022,Round 12,2022-06-04,10644
Melbourne,Alex Neal Bullen,12,9,14,70.0,0,0,0,1,0,0,3,4,108,2,4,0,83,2022,Round 12,2022-06-04,10644
Melbourne,Jake Bowey,3,8,11,78.6,0,0,0,1,0,0,1,4,253,3,2,0,69,2022,Round 12,2022-06-04,10644
Melbourne,James Harmes,4,9,10,76.9,0,1,0,3,0,0,0,3,278,2,0,0,69,2022,Round 12,2022-06-04,10644
Melbourne,Luke Jackson,6,8,5,38.5,1,1,2,0,0,1,0,3,208,6,1,1,65,2022,Round 12,2022-06-04,10644
Melbourne,Adam Tomlinson,5,5,8,66.7,1,0,0,6,0,0,0,1,336,5,5,0,100,2022,Round 12,2022-06-04,10644
Melbourne,Tom Sparrow,5,7,7,58.3,0,0,0,1,0,1,1,1,165,3,1,0,60,2022,Round 12,2022-06-04,10644
Melbourne,Kysaiah Pickett,6,7,8,72.7,0,2,0,3,0,0,1,5,117,3,2,1,76,2022,Round 12,2022-06-04,10644
Melbourne,Charlie Spargo,3,8,7,70.0,1,0,0,1,0,0,0,1,152,0,0,1,76,2022,Round 12,2022-06-04,10644
Melbourne,Mitchell Brown 1,3,5,6,75.0,1,1,0,2,0,0,0,2,136,2,1,0,83,2022,Round 12,2022-06-04,10644
Melbourne,Jake Lever,3,4,6,75.0,0,0,0,8,0,0,0,0,79,0,5,1,100,2022,Round 12,2022-06-04,10644
Melbourne,Harrison Petty,4,5,5,62.5,2,0,0,7,0,0,0,0,159,2,5,0,83,2022,Round 12,2022-06-04,10644
Melbourne,Bayley Fritsch,3,5,6,85.7,0,0,2,1,0,0,0,5,175,2,0,0,88,2022,Round 12,2022-06-04,10644
Melbourne,Ben Brown,1,5,3,75.0,0,1,1,1,0,0,0,2,92,2,1,0,68,2022,Round 12,2022-06-04,10644
Melbourne,Jayden Hunt,2,1,3,100.0,0,0,0,1,0,0,0,0,11,0,1,0,85,2022,Round 12,2022-06-04,10644
Sydney,Callum Mills,12,13,16,61.5,1,0,0,1,0,0,6,3,363,5,4,1,88,2022,Round 12,2022-06-04,10644
Sydney,Jake Lloyd,6,15,16,72.7,1,0,0,1,0,0,1,3,357,4,5,0,88,2022,Round 12,2022-06-04,10644
Sydney,Isaac Heeney,9,11,13,68.4,1,0,2,1,0,0,3,7,408,3,2,0,83,2022,Round 12,2022-06-04,10644
Sydney,Chad Warner,9,11,10,52.6,0,2,1,2,1,1,3,6,530,10,6,0,77,2022,Round 12,2022-06-04,10644
Sydney,Nick Blakey,3,9,16,88.9,0,0,0,6,1,0,2,3,358,2,2,0,80,2022,Round 12,2022-06-04,10644
Sydney,Luke Parker,10,7,13,76.5,0,0,0,0,0,1,2,5,211,2,2,0,73,2022,Round 12,2022-06-04,10644
Sydney,Errol Gulden,10,7,12,70.6,0,1,0,1,0,1,0,4,347,2,7,0,78,2022,Round 12,2022-06-04,10644
Sydney,Sam Reid 1,12,5,12,75.0,4,0,2,5,0,0,1,9,176,3,3,5,79,2022,Round 12,2022-06-04,10644
Sydney,James Rowbottom,10,6,13,81.2,0,1,0,1,0,4,2,5,381,4,3,0,83,2022,Round 12,2022-06-04,10644
Sydney,Logan Mcdonald,6,9,12,75.0,1,0,2,2,0,0,0,9,276,4,0,1,87,2022,Round 12,2022-06-04,10644
Sydney,Paddy Mccartin,6,8,12,80.0,0,0,0,10,0,0,0,0,279,5,10,0,73,2022,Round 12,2022-06-04,10644
Sydney,Dane Rampe,4,8,12,92.3,0,0,0,4,1,0,1,2,299,3,6,0,91,2022,Round 12,2022-06-04,10644
Sydney,Peter Ladhams,9,5,11,84.6,1,0,0,5,0,2,3,2,165,3,2,0,77,2022,Round 12,2022-06-04,10644
Sydney,Justin Mcinerney,2,11,12,92.3,1,1,2,1,1,1,0,3,335,0,1,0,91,2022,Round 12,2022-06-04,10644
Sydney,Oliver Florent,3,8,7,58.3,0,0,0,2,0,0,2,3,245,3,3,0,92,2022,Round 12,2022-06-04,10644
Sydney,Tom Papley,7,6,5,45.5,1,1,1,1,0,0,0,6,184,4,0,0,90,2022,Round 12,2022-06-04,10644
Sydney,Sam Wicks,3,7,7,70.0,1,1,0,2,0,0,0,6,195,1,1,0,87,2022,Round 12,2022-06-04,10644
Sydney,Will Hayward,6,2,5,55.6,2,0,0,0,0,0,0,1,88,4,0,1,87,2022,Round 12,2022-06-04,10644
Sydney,Robbie Fox,1,7,7,87.5,0,0,0,2,1,0,0,3,158,1,2,0,93,2022,Round 12,2022-06-04,10644
Sydney,Tom Mccartin,2,5,4,57.1,1,0,0,8,0,0,0,1,170,1,4,0,86,2022,Round 12,2022-06-04,10644
Sydney,Ben Ronke,2,2,4,100.0,0,0,0,0,0,0,0,1,5,0,0,0,46,2022,Round 12,2022-06-04,10644
Sydney,Joel Amartey,3,1,2,66.7,0,0,0,4,0,0,0,2,41,1,1,2,64,2022,Round 12,2022-06-04,10644
Sydney,Colin O Riordan,1,0,1,100.0,0,0,0,0,0,0,0,0,9,0,1,0,8,2022,Round 12,2022-06-04,10644
Hawthorn,Tom Mitchell,14,17,19,59.4,0,0,0,0,0,1,2,2,464,9,0,1,83,2022,Round 12,2022-06-05,10643
Hawthorn,James Sicily,6,16,18,75.0,0,0,0,11,0,0,1,1,631,7,11,0,100,2022,Round 12,2022-06-05,10643
Hawthorn,Harry Morrison,4,20,18,75.0,0,0,0,2,0,0,0,3,363,5,7,0,80,2022,Round 12,2022-06-05,10643
Hawthorn,Lachlan Bramble,3,12,20,83.3,1,1,0,2,0,0,1,2,466,1,8,0,81,2022,Round 12,2022-06-05,10643
Hawthorn,Jai Newcombe,13,11,14,58.3,0,0,0,3,0,3,5,5,406,6,6,0,88,2022,Round 12,2022-06-05,10643
Hawthorn,Liam Shiels,6,14,12,54.5,0,0,0,2,0,0,1,4,247,4,2,0,80,2022,Round 12,2022-06-05,10643
Hawthorn,Jarman Impey,8,13,15,75.0,0,0,0,0,2,0,0,2,300,6,6,0,79,2022,Round 12,2022-06-05,10643
Hawthorn,Jaeger O Meara,10,7,10,55.6,1,1,0,1,0,2,5,4,281,6,1,2,77,2022,Round 12,2022-06-05,10643
Hawthorn,Conor Nash,8,9,9,50.0,0,1,0,1,0,1,3,5,475,7,1,3,80,2022,Round 12,2022-06-05,10643
Hawthorn,Chad Wingard,10,7,11,64.7,0,1,0,2,1,0,1,6,308,5,2,2,83,2022,Round 12,2022-06-05,10643
Hawthorn,Changkuoth Jiath,5,12,12,70.6,0,0,0,7,1,0,0,1,312,4,5,0,86,2022,Round 12,2022-06-05,10643
Hawthorn,Will Day,2,11,14,82.4,0,0,0,6,2,0,0,0,428,4,7,0,72,2022,Round 12,2022-06-05,10643
Hawthorn,Dylan Moore,6,10,14,87.5,1,0,0,1,0,0,4,2,374,4,2,0,80,2022,Round 12,2022-06-05,10643
Hawthorn,Blake Hardwick,5,6,10,71.4,2,0,0,8,0,0,0,1,116,2,8,0,94,2022,Round 12,2022-06-05,10643
Hawthorn,Mitchell Lewis,8,7,10,71.4,0,0,1,5,0,0,0,7,321,1,1,0,98,2022,Round 12,2022-06-05,10643
Hawthorn,Sam Butler 1,7,7,9,69.2,0,1,0,1,0,0,1,3,44,6,0,0,69,2022,Round 12,2022-06-05,10643
Hawthorn,Connor Macdonald,3,7,3,30.0,0,0,0,0,0,0,1,4,221,4,0,0,65,2022,Round 12,2022-06-05,10643
Hawthorn,Luke Breust,8,3,7,77.8,1,1,1,1,0,0,0,6,156,2,2,1,78,2022,Round 12,2022-06-05,10643
Hawthorn,Jack Gunston,1,8,5,62.5,0,1,0,3,0,0,0,3,151,1,1,0,74,2022,Round 12,2022-06-05,10643
Hawthorn,Kyle Hartigan,5,2,6,85.7,1,0,0,7,0,0,0,0,67,2,4,0,93,2022,Round 12,2022-06-05,10643
Hawthorn,Jacob Koschitzke,4,3,6,85.7,0,0,0,6,0,0,3,2,185,3,2,2,86,2022,Round 12,2022-06-05,10643
Hawthorn,Ned Reeves,4,3,5,71.4,0,0,1,7,0,2,1,3,96,3,0,0,75,2022,Round 12,2022-06-05,10643
Collingwood,Nick Daicos,8,25,24,66.7,0,0,0,0,1,1,0,5,789,7,11,0,84,2022,Round 12,2022-06-05,10643
Collingwood,Patrick Lipinski,16,16,17,58.6,1,0,1,3,0,4,0,4,340,6,2,1,86,2022,Round 12,2022-06-05,10643
Collingwood,Taylor Adams,14,15,13,46.4,0,0,0,3,0,3,4,2,518,8,3,0,84,2022,Round 12,2022-06-05,10643
Collingwood,Darcy Cameron,15,12,15,57.7,1,0,2,1,0,1,5,8,404,5,6,0,81,2022,Round 12,2022-06-05,10643
Collingwood,Scott Pendlebury,6,18,21,84.0,0,0,0,0,0,1,0,8,323,3,5,0,74,2022,Round 12,2022-06-05,10643
Collingwood,Jack Crisp,9,14,14,56.0,0,2,0,4,0,1,3,4,460,8,4,2,81,2022,Round 12,2022-06-05,10643
Collingwood,Steele Sidebottom,5,19,19,79.2,0,0,0,4,1,1,0,5,393,4,6,0,82,2022,Round 12,2022-06-05,10643
Collingwood,Jordan De Goey,10,11,12,57.1,0,1,2,1,0,1,1,5,466,6,2,0,91,2022,Round 12,2022-06-05,10643
Collingwood,Josh Daicos,5,14,16,84.2,0,0,0,0,0,0,0,4,202,3,2,0,86,2022,Round 12,2022-06-05,10643
Collingwood,John Noble,4,15,12,66.7,0,0,0,2,0,0,0,2,440,4,5,0,77,2022,Round 12,2022-06-05,10643
Collingwood,Brayden Maynard,5,12,14,82.4,2,0,0,1,1,0,0,3,287,1,6,0,78,2022,Round 12,2022-06-05,10643
Collingwood,Will Hoskin Elliott,7,8,9,56.2,0,1,0,5,0,0,1,3,201,5,1,0,82,2022,Round 12,2022-06-05,10643
Collingwood,Darcy Moore,5,6,12,75.0,1,0,0,8,0,0,0,0,281,3,6,0,98,2022,Round 12,2022-06-05,10643
Collingwood,Isaac Quaynor,11,6,12,75.0,1,0,0,4,0,0,1,3,141,1,10,0,86,2022,Round 12,2022-06-05,10643
Collingwood,Jeremy Howe,6,11,10,66.7,0,0,0,7,0,0,0,2,286,2,7,0,94,2022,Round 12,2022-06-05,10643
Collingwood,Nathan Murphy,7,9,10,76.9,1,0,0,10,0,0,0,1,52,1,10,0,84,2022,Round 12,2022-06-05,10643
Collingwood,Oliver Henry,5,7,7,58.3,1,0,3,3,0,0,0,6,118,2,0,2,86,2022,Round 12,2022-06-05,10643
Collingwood,Brody Mihocek,7,4,4,36.4,1,1,2,1,0,0,0,5,82,2,0,1,89,2022,Round 12,2022-06-05,10643
Collingwood,Beau Mccreery,10,1,6,54.5,0,0,0,7,0,0,3,3,123,2,4,2,67,2022,Round 12,2022-06-05,10643
Collingwood,Jack Ginnivan,6,5,8,80.0,0,0,0,1,0,0,1,2,159,1,1,2,85,2022,Round 12,2022-06-05,10643
Collingwood,Mason Cox,5,3,7,100.0,0,0,0,8,0,0,2,3,55,0,1,1,61,2022,Round 12,2022-06-05,10643
Collingwood,Reef Mcinnes,2,4,5,71.4,0,0,0,2,0,0,0,2,44,2,0,3,52,2022,Round 12,2022-06-05,10643
Collingwood,Tyler Brown,1,0,1,100.0,0,0,0,0,0,0,1,0,-4,0,0,0,14,2022,Round 12,2022-06-05,10643
Fremantle,Andrew Brayshaw,16,21,24,61.5,1,1,0,4,0,4,5,8,356,7,6,0,83,2022,Round 12,2022-06-05,10648
Fremantle,Caleb Serong,13,19,26,83.9,0,1,0,0,0,3,3,8,310,4,3,2,78,2022,Round 12,2022-06-05,10648
Fremantle,James Aish,7,22,21,72.4,0,0,0,2,0,1,1,7,566,6,6,0,86,2022,Round 12,2022-06-05,10648
Fremantle,Will Brodie,16,9,21,84.0,0,1,0,3,0,4,6,7,281,2,4,0,70,2022,Round 12,2022-06-05,10648
Fremantle,Hayden Young,6,18,19,82.6,0,0,0,3,0,0,4,4,403,4,4,0,83,2022,Round 12,2022-06-05,10648
Fremantle,David Mundy,7,14,15,75.0,0,1,1,1,0,1,3,7,289,3,1,0,76,2022,Round 12,2022-06-05,10648
Fremantle,Luke Ryan,7,10,17,85.0,1,0,0,5,0,0,0,2,527,8,9,0,87,2022,Round 12,2022-06-05,10648
Fremantle,Blake Acres,5,14,14,73.7,0,0,0,4,0,0,1,3,242,4,5,1,85,2022,Round 12,2022-06-05,10648
Fremantle,Ethan Hughes,2,16,15,83.3,0,0,0,3,0,0,0,3,368,4,4,0,81,2022,Round 12,2022-06-05,10648
Fremantle,Minairo Frederick,1,17,16,88.9,0,1,2,0,1,0,0,7,411,1,1,1,82,2022,Round 12,2022-06-05,10648
Fremantle,Travis Colyer,3,15,11,64.7,0,2,0,0,6,0,0,9,503,3,1,0,77,2022,Round 12,2022-06-05,10648
Fremantle,Brennan Cox,4,10,13,81.2,0,0,0,7,0,0,2,1,246,3,4,0,82,2022,Round 12,2022-06-05,10648
Fremantle,Jordan Clark,5,10,8,53.3,0,0,0,2,0,0,0,2,282,5,6,0,76,2022,Round 12,2022-06-05,10648
Fremantle,Brandon Walker,5,10,11,78.6,0,0,0,8,0,0,0,1,141,5,4,0,91,2022,Round 12,2022-06-05,10648
Fremantle,Griffin Logue,6,7,11,84.6,3,0,2,4,0,0,0,5,154,5,0,0,96,2022,Round 12,2022-06-05,10648
Fremantle,Bailey Banfield,8,5,8,66.7,1,0,1,1,0,0,0,6,222,1,3,1,87,2022,Round 12,2022-06-05,10648
Fremantle,Alex Pearce,4,8,9,81.8,1,0,0,8,0,0,0,2,60,3,7,0,100,2022,Round 12,2022-06-05,10648
Fremantle,Sean Darcy,6,5,8,80.0,0,0,0,1,0,1,3,4,70,0,2,0,71,2022,Round 12,2022-06-05,10648
Fremantle,Rory Lobb,5,3,6,66.7,3,1,5,1,0,0,1,6,262,4,1,1,100,2022,Round 12,2022-06-05,10648
Fremantle,Lloyd Meek,7,3,7,77.8,1,0,0,4,0,1,2,3,104,1,1,0,58,2022,Round 12,2022-06-05,10648
Fremantle,Darcy Tucker,1,7,5,62.5,0,0,0,2,0,0,1,2,95,0,0,1,72,2022,Round 12,2022-06-05,10648
Fremantle,Lachlan Schultz,5,3,7,87.5,1,1,0,1,0,0,0,3,174,1,2,1,80,2022,Round 12,2022-06-05,10648
Brisbane Lions,Daniel Rich,6,18,28,87.5,0,0,0,3,0,1,0,5,906,9,10,0,83,2022,Round 12,2022-06-05,10648
Brisbane Lions,Lachie Neale,11,19,21,67.7,0,0,0,0,1,2,2,5,324,7,6,1,85,2022,Round 12,2022-06-05,10648
Brisbane Lions,Jarryd Lyons,11,12,11,45.8,0,0,1,1,0,2,3,5,366,4,1,0,82,2022,Round 12,2022-06-05,10648
Brisbane Lions,Hugh Mccluggage,7,19,15,62.5,1,0,0,3,0,1,1,5,462,4,1,1,82,2022,Round 12,2022-06-05,10648
Brisbane Lions,Zac Bailey,11,11,16,72.7,0,1,0,2,0,0,1,6,311,2,5,0,85,2022,Round 12,2022-06-05,10648
Brisbane Lions,Dayne Zorko,8,13,18,85.7,0,1,0,3,0,3,2,3,380,4,2,4,77,2022,Round 12,2022-06-05,10648
Brisbane Lions,Cameron Rayner,12,8,13,65.0,1,2,1,0,1,2,3,5,428,4,3,0,74,2022,Round 12,2022-06-05,10648
Brisbane Lions,Brandon Starcevich,7,10,14,82.4,1,0,0,2,0,0,0,5,301,1,11,0,91,2022,Round 12,2022-06-05,10648
Brisbane Lions,Charlie Cameron,8,7,8,53.3,1,0,2,0,0,0,1,4,175,6,0,1,88,2022,Round 12,2022-06-05,10648
Brisbane Lions,Jarrod Berry,3,12,12,80.0,0,0,0,2,0,0,0,4,277,1,2,2,84,2022,Round 12,2022-06-05,10648
Brisbane Lions,Keidean Coleman,6,10,12,80.0,0,1,0,3,0,0,0,2,351,3,5,0,76,2022,Round 12,2022-06-05,10648
Brisbane Lions,Daniel Mcstay,7,7,11,84.6,2,1,3,5,0,0,1,7,243,1,0,0,83,2022,Round 12,2022-06-05,10648
Brisbane Lions,Noah Answerth,2,10,10,76.9,0,0,1,4,0,0,0,1,201,3,4,0,69,2022,Round 12,2022-06-05,10648
Brisbane Lions,Deven Robertson,3,8,9,69.2,0,0,0,0,0,0,1,1,61,3,1,1,77,2022,Round 12,2022-06-05,10648
Brisbane Lions,Eric Hipwood,3,10,7,58.3,1,1,3,4,0,0,0,5,240,6,3,1,84,2022,Round 12,2022-06-05,10648
Brisbane Lions,Jaxon Prior,3,10,8,66.7,0,0,0,1,0,0,0,1,281,3,2,0,74,2022,Round 12,2022-06-05,10648
Brisbane Lions,Lincoln Mccarthy,7,6,9,81.8,0,1,1,2,0,0,1,6,163,4,1,1,75,2022,Round 12,2022-06-05,10648
Brisbane Lions,Marcus Adams,5,5,7,63.6,2,1,0,7,0,0,1,1,229,2,5,0,100,2022,Round 12,2022-06-05,10648
Brisbane Lions,Oscar Mcinerney,7,6,7,70.0,0,0,0,8,0,3,0,2,81,0,2,0,78,2022,Round 12,2022-06-05,10648
Brisbane Lions,Darcy Fort,8,2,1,12.5,0,0,0,6,0,2,3,0,97,5,1,1,77,2022,Round 12,2022-06-05,10648
Brisbane Lions,Darcy Gardiner,0,7,6,85.7,0,0,0,3,0,0,0,0,-1,1,0,0,35,2022,Round 12,2022-06-05,10648
Brisbane Lions,Harris Andrews,6,4,6,100.0,0,0,0,12,0,0,0,1,64,1,8,0,100,2022,Round 12,2022-06-05,10648
Brisbane Lions,Callum Ah Chee,1,2,3,100.0,0,0,0,2,0,0,0,2,37,0,1,0,40,2022,Round 12,2022-06-05,10648
Richmond,Liam Baker,10,15,14,53.8,0,0,1,6,0,0,5,9,531,4,2,0,86,2022,Round 13,2022-06-09,10653
Richmond,Trent Cotchin,8,17,14,56.0,0,0,0,3,0,0,3,5,194,6,2,0,77,2022,Round 13,2022-06-09,10653
Richmond,Dion Prestia,12,13,19,76.0,0,1,0,1,0,4,2,6,489,3,3,0,83,2022,Round 13,2022-06-09,10653
Richmond,Jayden Short,11,13,14,60.9,0,0,0,5,1,1,3,5,578,8,4,0,86,2022,Round 13,2022-06-09,10653
Richmond,Nick Vlastuin,5,12,15,75.0,0,0,1,2,0,0,1,5,374,4,10,0,83,2022,Round 13,2022-06-09,10653
Richmond,Shai Bolton,11,10,11,57.9,0,1,1,1,3,2,0,10,364,5,0,0,84,2022,Round 13,2022-06-09,10653
Richmond,Daniel Rioli,6,10,14,77.8,1,0,0,1,1,0,0,1,328,4,6,0,85,2022,Round 13,2022-06-09,10653
Richmond,Nathan Broad,3,11,16,88.9,0,0,0,7,0,0,0,1,303,2,8,0,88,2022,Round 13,2022-06-09,10653
Richmond,Jack Graham,9,10,11,64.7,0,0,0,3,0,0,2,3,344,6,3,1,80,2022,Round 13,2022-06-09,10653
Richmond,Toby Nankervis,7,7,11,68.8,1,1,0,3,0,0,3,5,201,2,3,0,71,2022,Round 13,2022-06-09,10653
Richmond,Hugo Ralphsmith,5,10,9,60.0,0,0,1,2,0,0,0,1,219,3,3,1,67,2022,Round 13,2022-06-09,10653
Richmond,Marlion Pickett,5,9,12,85.7,0,0,0,0,0,0,1,1,405,3,4,0,81,2022,Round 13,2022-06-09,10653
Richmond,Dustin Martin,8,5,9,69.2,2,2,0,1,0,2,0,6,312,5,2,0,88,2022,Round 13,2022-06-09,10653
Richmond,Jack Riewoldt,4,7,6,50.0,3,0,2,4,0,0,0,4,237,6,0,2,93,2022,Round 13,2022-06-09,10653
Richmond,Shane Edwards,5,7,8,66.7,0,1,0,1,0,0,0,5,164,2,2,1,83,2022,Round 13,2022-06-09,10653
Richmond,Robert Tarrant,6,6,10,83.3,1,0,0,8,0,0,0,2,91,2,9,0,89,2022,Round 13,2022-06-09,10653
Richmond,Kamdyn Mcintosh,3,9,11,91.7,1,0,1,2,3,0,0,5,274,1,2,0,88,2022,Round 13,2022-06-09,10653
Richmond,Noah Balta,5,7,7,63.6,1,0,0,0,0,0,1,1,243,4,1,1,83,2022,Round 13,2022-06-09,10653
Richmond,Judson Clarke,5,6,8,72.7,0,0,1,2,0,0,0,2,261,1,2,0,71,2022,Round 13,2022-06-09,10653
Richmond,Dylan Grimes,7,3,7,70.0,2,0,0,8,0,0,0,0,224,4,8,0,93,2022,Round 13,2022-06-09,10653
Richmond,Ivan Soldo,6,4,10,100.0,2,1,0,2,0,0,1,3,32,1,2,1,56,2022,Round 13,2022-06-09,10653
Richmond,Josh Gibcus,5,3,5,83.3,0,0,0,6,0,0,0,3,100,1,4,0,85,2022,Round 13,2022-06-09,10653
Port Adelaide,Karl Amon,8,22,19,65.5,0,0,2,2,0,2,2,6,555,10,5,0,82,2022,Round 13,2022-06-09,10653
Port Adelaide,Oliver Wines,10,16,20,76.9,0,0,0,1,0,3,2,5,309,5,0,1,74,2022,Round 13,2022-06-09,10653
Port Adelaide,Dan Houston,11,14,20,76.9,1,0,0,3,0,0,0,5,347,4,12,0,84,2022,Round 13,2022-06-09,10653
Port Adelaide,Travis Boak,12,14,19,76.0,0,2,0,3,0,3,6,5,376,4,2,0,82,2022,Round 13,2022-06-09,10653
Port Adelaide,Ryan Burton,5,17,21,84.0,0,1,0,2,0,0,0,5,635,5,5,0,80,2022,Round 13,2022-06-09,10653
Port Adelaide,Connor Rozee,7,15,16,66.7,0,0,0,1,0,0,3,2,449,7,3,0,78,2022,Round 13,2022-06-09,10653
Port Adelaide,Darcy Byrne Jones,6,17,17,73.9,0,1,0,1,0,0,1,4,330,4,6,0,80,2022,Round 13,2022-06-09,10653
Port Adelaide,Riley Bonner,4,15,16,69.6,0,0,0,1,0,0,1,2,510,4,4,0,80,2022,Round 13,2022-06-09,10653
Port Adelaide,Willem Drew,11,11,15,68.2,0,1,1,0,0,1,2,3,196,4,5,0,71,2022,Round 13,2022-06-09,10653
Port Adelaide,Zak Butters,14,7,15,75.0,1,0,0,1,0,2,1,2,148,1,5,0,81,2022,Round 13,2022-06-09,10653
Port Adelaide,Lachlan Jones,4,12,14,82.4,0,0,0,2,0,0,0,2,227,5,0,0,76,2022,Round 13,2022-06-09,10653
Port Adelaide,Trent Dumont,4,10,9,60.0,0,1,0,1,0,0,2,3,114,4,2,0,57,2022,Round 13,2022-06-09,10653
Port Adelaide,Jeremy Finlayson,7,7,10,71.4,0,0,0,3,1,2,2,5,321,3,0,0,86,2022,Round 13,2022-06-09,10653
Port Adelaide,Sam Powell Pepper,4,10,10,71.4,0,0,1,2,0,0,1,4,220,5,2,2,79,2022,Round 13,2022-06-09,10653
Port Adelaide,Todd Marshall,6,6,9,69.2,3,0,3,0,0,0,0,5,250,3,1,1,89,2022,Round 13,2022-06-09,10653
Port Adelaide,Kane Farrell,5,7,11,91.7,0,0,0,1,0,0,0,3,345,1,2,0,77,2022,Round 13,2022-06-09,10653
Port Adelaide,Aliir Aliir,5,5,10,90.9,0,0,0,6,0,0,0,2,124,2,8,0,98,2022,Round 13,2022-06-09,10653
Port Adelaide,Thomas Jonas,5,6,8,80.0,0,0,0,4,0,0,1,2,120,2,4,0,91,2022,Round 13,2022-06-09,10653
Port Adelaide,Charlie Dixon,8,2,8,80.0,4,0,1,2,0,0,1,3,88,2,2,0,84,2022,Round 13,2022-06-09,10653
Port Adelaide,Tom Clurey,4,5,6,66.7,0,0,0,9,0,0,0,0,163,2,6,0,87,2022,Round 13,2022-06-09,10653
Port Adelaide,Robert Gray,5,4,6,100.0,0,0,0,1,0,0,0,0,-24,1,2,1,84,2022,Round 13,2022-06-09,10653
Port Adelaide,Steven Motlop,0,3,3,100.0,0,1,1,1,0,0,0,3,32,2,0,2,78,2022,Round 13,2022-06-09,10653
Port Adelaide,Martin Frederick,1,0,1,100.0,0,0,0,0,0,0,0,0,7,0,1,0,21,2022,Round 13,2022-06-09,10653
Essendon,Dylan Shiel,15,13,22,81.5,0,0,0,0,1,5,3,5,179,2,3,3,73,2022,Round 13,2022-06-10,10651
Essendon,Zachary Merrett,9,17,18,69.2,0,0,0,2,0,0,6,8,536,6,2,1,82,2022,Round 13,2022-06-10,10651
Essendon,Dyson Heppell,9,12,17,70.8,1,1,0,2,0,0,2,3,370,6,8,0,83,2022,Round 13,2022-06-10,10651
Essendon,Nick Hind,4,17,17,77.3,0,1,0,0,3,0,0,3,424,2,5,0,86,2022,Round 13,2022-06-10,10651
Essendon,Jye Caldwell,4,14,13,72.2,0,0,0,2,0,0,0,4,433,4,3,2,81,2022,Round 13,2022-06-10,10651
Essendon,Archie Perkins,7,11,14,77.8,0,0,0,0,0,2,2,4,351,4,2,0,81,2022,Round 13,2022-06-10,10651
Essendon,Mason Redman,6,10,14,82.4,1,0,1,2,1,0,0,2,276,2,7,0,73,2022,Round 13,2022-06-10,10651
Essendon,Ben Hobbs,9,8,13,76.5,1,1,0,0,0,0,0,3,293,5,4,1,77,2022,Round 13,2022-06-10,10651
Essendon,Tom Cutler,2,11,11,78.6,0,0,0,2,0,0,0,1,309,2,2,1,80,2022,Round 13,2022-06-10,10651
Essendon,Jake Kelly,3,8,10,71.4,1,0,0,0,0,0,0,2,166,4,6,0,95,2022,Round 13,2022-06-10,10651
Essendon,Jordan Ridley,4,7,14,100.0,1,0,0,7,1,0,0,4,218,1,7,0,94,2022,Round 13,2022-06-10,10651
Essendon,Peter Wright,4,9,8,61.5,2,0,2,2,0,0,0,4,331,2,0,0,100,2022,Round 13,2022-06-10,10651
Essendon,Nicholas Martin,3,11,8,61.5,0,0,0,1,0,0,0,3,153,5,2,3,85,2022,Round 13,2022-06-10,10651
Essendon,Sam Draper,7,4,9,81.8,3,0,1,3,0,1,1,3,234,2,0,0,70,2022,Round 13,2022-06-10,10651
Essendon,Matt Guelfi,5,6,6,54.5,1,1,1,1,0,0,0,4,232,3,2,2,77,2022,Round 13,2022-06-10,10651
Essendon,Jayden Laverde,3,7,5,50.0,0,0,0,1,0,0,0,2,155,2,5,0,84,2022,Round 13,2022-06-10,10651
Essendon,Darcy Parish,5,4,9,90.0,0,0,0,0,0,2,3,0,203,0,0,0,55,2022,Round 13,2022-06-10,10651
Essendon,Harrison Jones 1,5,5,6,60.0,1,0,1,1,0,0,0,5,123,2,0,1,84,2022,Round 13,2022-06-10,10651
Essendon,Jake Stringer,6,5,4,44.4,0,0,1,2,0,0,0,1,90,5,1,0,78,2022,Round 13,2022-06-10,10651
Essendon,Sam Durham,4,3,7,87.5,1,0,0,1,0,1,1,0,52,1,1,0,82,2022,Round 13,2022-06-10,10651
Essendon,Andrew Phillips 1,4,1,2,33.3,1,0,0,3,0,2,1,1,108,5,0,3,72,2022,Round 13,2022-06-10,10651
Essendon,Alec Waterman,4,0,3,75.0,0,0,0,0,0,0,0,1,-6,1,2,1,21,2022,Round 13,2022-06-10,10651
Essendon,Zach Reid,3,1,3,75.0,0,0,0,6,0,0,0,1,77,0,3,0,87,2022,Round 13,2022-06-10,10651
Carlton,Sam Docherty,6,23,29,87.9,0,0,0,1,0,0,0,6,699,6,7,0,85,2022,Round 13,2022-06-10,10651
Carlton,Nic Newman,5,19,22,75.9,0,0,0,0,2,0,0,5,577,2,6,0,89,2022,Round 13,2022-06-10,10651
Carlton,Sam Walsh,9,19,19,65.5,0,1,0,1,0,1,3,4,255,8,2,0,82,2022,Round 13,2022-06-10,10651
Carlton,Patrick Cripps,13,16,22,78.6,0,0,0,1,0,3,5,8,281,3,4,0,83,2022,Round 13,2022-06-10,10651
Carlton,George Hewett,10,18,22,78.6,0,2,0,2,0,1,4,7,198,3,2,0,73,2022,Round 13,2022-06-10,10651
Carlton,Jack Newnes,6,18,16,64.0,0,0,1,2,0,0,3,7,422,5,4,0,78,2022,Round 13,2022-06-10,10651
Carlton,Matthew Kennedy 1,7,14,18,75.0,0,0,0,0,1,1,4,1,332,4,3,0,67,2022,Round 13,2022-06-10,10651
Carlton,Adam Saad,3,14,15,78.9,0,0,0,2,4,0,1,5,341,3,4,0,81,2022,Round 13,2022-06-10,10651
Carlton,Lewis Young,7,8,18,100.0,1,0,0,10,0,0,0,3,295,1,14,0,100,2022,Round 13,2022-06-10,10651
Carlton,Jack Silvagni,5,9,10,62.5,1,0,2,1,0,1,1,6,336,4,1,0,75,2022,Round 13,2022-06-10,10651
Carlton,Lochie O Brien,5,12,12,75.0,0,0,0,4,0,1,0,3,179,2,3,1,84,2022,Round 13,2022-06-10,10651
Carlton,Matt Cottrell,6,9,12,75.0,0,1,0,0,0,0,0,4,256,2,2,0,85,2022,Round 13,2022-06-10,10651
Carlton,Harry Mckay,12,4,6,40.0,4,1,4,2,0,0,1,8,229,3,0,0,90,2022,Round 13,2022-06-10,10651
Carlton,Zac Fisher,6,10,9,60.0,0,0,0,1,1,0,1,3,265,5,3,0,76,2022,Round 13,2022-06-10,10651
Carlton,Lachlan Plowman,4,10,10,83.3,0,0,0,6,0,0,0,0,166,1,4,0,82,2022,Round 13,2022-06-10,10651
Carlton,Charlie Curnow,5,7,6,54.5,1,1,3,2,0,0,0,4,144,5,0,2,94,2022,Round 13,2022-06-10,10651
Carlton,Tom De Koning,8,3,6,60.0,1,0,0,3,0,0,3,2,78,0,2,0,77,2022,Round 13,2022-06-10,10651
Carlton,Jack Martin,3,6,6,66.7,0,1,1,1,0,0,1,5,222,1,1,2,77,2022,Round 13,2022-06-10,10651
Carlton,Caleb Marchbank,1,7,3,37.5,0,0,0,4,0,0,0,2,137,2,2,0,83,2022,Round 13,2022-06-10,10651
Carlton,Matt Owies,3,5,6,85.7,0,1,1,3,1,0,0,7,140,0,1,2,70,2022,Round 13,2022-06-10,10651
Carlton,Corey Durdin,2,4,3,50.0,0,0,1,0,0,0,0,3,112,3,0,0,80,2022,Round 13,2022-06-10,10651
Carlton,Jordan Boyd,1,6,4,66.7,0,0,0,1,0,0,0,1,99,2,1,0,81,2022,Round 13,2022-06-10,10651
Carlton,Adam Cerra,1,1,0,0.0,0,0,0,0,0,0,0,0,28,0,0,0,8,2022,Round 13,2022-06-10,10651
Fremantle,Andrew Brayshaw,4,32,31,83.8,0,0,0,4,0,2,0,9,305,4,1,0,83,2022,Round 13,2022-06-11,10654
Fremantle,Caleb Serong,20,15,26,78.8,0,1,0,2,0,2,4,11,245,2,6,0,77,2022,Round 13,2022-06-11,10654
Fremantle,Hayden Young,11,19,27,87.1,1,1,0,2,0,0,3,6,585,7,8,0,82,2022,Round 13,2022-06-11,10654
Fremantle,Luke Ryan,10,16,23,85.2,0,0,0,3,2,0,1,3,531,4,11,0,87,2022,Round 13,2022-06-11,10654
Fremantle,James Aish,6,18,22,88.0,0,0,1,2,0,0,2,9,319,4,5,0,82,2022,Round 13,2022-06-11,10654
Fremantle,Jordan Clark,3,23,20,80.0,0,0,0,1,0,1,1,6,331,4,1,0,80,2022,Round 13,2022-06-11,10654
Fremantle,Blake Acres,7,16,16,66.7,0,0,0,5,0,0,3,6,692,5,3,0,75,2022,Round 13,2022-06-11,10654
Fremantle,David Mundy,4,19,16,69.6,0,0,0,0,0,0,1,5,388,5,1,0,71,2022,Round 13,2022-06-11,10654
Fremantle,Michael Walters,4,17,19,86.4,0,1,1,0,0,0,0,11,182,1,0,1,86,2022,Round 13,2022-06-11,10654
Fremantle,Nathan Fyfe,10,11,18,81.8,1,1,1,1,0,2,4,10,169,1,1,0,81,2022,Round 13,2022-06-11,10654
Fremantle,Ethan Hughes,6,18,20,90.9,0,0,0,6,0,0,0,4,253,3,7,0,81,2022,Round 13,2022-06-11,10654
Fremantle,Will Brodie,7,14,12,54.5,0,1,0,2,0,1,0,6,144,3,0,0,67,2022,Round 13,2022-06-11,10654
Fremantle,Brennan Cox,5,15,17,81.0,2,0,0,8,0,0,0,1,309,3,7,0,89,2022,Round 13,2022-06-11,10654
Fremantle,Sam Switkowski,5,10,12,70.6,0,2,0,2,0,0,0,7,148,1,0,2,84,2022,Round 13,2022-06-11,10654
Fremantle,Lachlan Schultz,10,8,14,82.4,0,0,0,0,0,0,0,5,214,5,3,2,85,2022,Round 13,2022-06-11,10654
Fremantle,Sean Darcy,14,2,11,68.8,1,1,0,2,0,4,2,5,62,3,4,0,80,2022,Round 13,2022-06-11,10654
Fremantle,Brandon Walker,5,11,15,93.8,0,0,0,0,0,0,1,6,174,2,3,0,85,2022,Round 13,2022-06-11,10654
Fremantle,Rory Lobb,6,10,8,53.3,1,0,2,3,0,1,2,7,306,4,0,1,96,2022,Round 13,2022-06-11,10654
Fremantle,Griffin Logue,7,7,10,71.4,1,2,1,2,1,0,0,7,132,3,1,1,87,2022,Round 13,2022-06-11,10654
Fremantle,Travis Colyer,1,5,6,66.7,0,0,0,0,0,0,0,6,202,2,0,0,69,2022,Round 13,2022-06-11,10654
Fremantle,Alex Pearce,4,5,6,85.7,0,0,0,7,0,0,0,0,99,2,6,0,96,2022,Round 13,2022-06-11,10654
Fremantle,Bailey Banfield,4,3,7,100.0,0,0,0,1,0,0,0,5,83,0,2,1,69,2022,Round 13,2022-06-11,10654
Fremantle,Darcy Tucker,1,5,6,100.0,1,0,0,0,0,0,0,2,89,1,0,0,9,2022,Round 13,2022-06-11,10654
Hawthorn,Jaeger O Meara,13,16,23,76.7,0,2,0,1,0,6,3,7,476,6,2,3,75,2022,Round 13,2022-06-11,10654
Hawthorn,Tom Mitchell,15,14,19,67.9,0,1,0,1,0,1,2,6,243,2,4,0,82,2022,Round 13,2022-06-11,10654
Hawthorn,James Sicily,5,14,16,72.7,3,1,0,8,0,0,0,4,643,6,8,0,97,2022,Round 13,2022-06-11,10654
Hawthorn,Daniel Howe,5,14,15,75.0,0,0,2,1,0,0,1,6,329,2,6,0,79,2022,Round 13,2022-06-11,10654
Hawthorn,Jai Newcombe,7,13,13,68.4,0,1,0,0,1,1,1,2,325,6,3,1,79,2022,Round 13,2022-06-11,10654
Hawthorn,Dylan Moore,10,9,15,83.3,0,0,1,1,0,0,1,7,300,1,2,2,87,2022,Round 13,2022-06-11,10654
Hawthorn,Conor Nash,11,8,12,70.6,0,0,1,3,0,6,3,5,231,4,2,1,77,2022,Round 13,2022-06-11,10654
Hawthorn,Harry Morrison,6,11,15,88.2,0,0,0,4,0,0,2,3,384,2,2,0,83,2022,Round 13,2022-06-11,10654
Hawthorn,Liam Shiels,5,10,11,68.8,0,0,0,1,0,1,0,4,408,9,1,0,83,2022,Round 13,2022-06-11,10654
Hawthorn,Jack Scrimshaw,6,9,13,86.7,1,0,0,3,0,0,0,6,209,2,8,0,83,2022,Round 13,2022-06-11,10654
Hawthorn,Changkuoth Jiath,8,9,12,80.0,1,0,0,4,1,0,1,4,293,2,7,0,82,2022,Round 13,2022-06-11,10654
Hawthorn,Lachlan Bramble,7,5,10,71.4,0,0,0,1,1,0,1,2,343,2,6,0,75,2022,Round 13,2022-06-11,10654
Hawthorn,Chad Wingard,4,6,6,46.2,0,0,0,1,0,0,0,4,203,5,1,3,81,2022,Round 13,2022-06-11,10654
Hawthorn,Sam Butler 1,5,9,7,53.8,0,0,0,0,0,0,1,6,183,2,1,0,72,2022,Round 13,2022-06-11,10654
Hawthorn,Jacob Koschitzke,5,6,3,27.3,1,0,2,1,0,0,1,4,214,5,0,1,100,2022,Round 13,2022-06-11,10654
Hawthorn,Blake Hardwick,2,5,9,90.0,0,0,0,3,0,0,1,1,254,2,3,0,87,2022,Round 13,2022-06-11,10654
Hawthorn,Luke Breust,2,7,7,77.8,0,0,1,0,0,0,0,7,182,1,0,4,76,2022,Round 13,2022-06-11,10654
Hawthorn,Will Day,2,5,5,55.6,0,0,0,1,0,0,0,1,225,4,4,0,80,2022,Round 13,2022-06-11,10654
Hawthorn,Sam Frost,3,6,5,62.5,0,0,1,2,0,0,1,2,83,1,0,0,62,2022,Round 13,2022-06-11,10654
Hawthorn,Jackson Callow,6,2,3,37.5,1,0,1,2,0,0,0,3,129,3,3,0,74,2022,Round 13,2022-06-11,10654
Hawthorn,Kyle Hartigan,4,1,4,66.7,2,0,0,6,0,0,0,0,130,1,6,0,96,2022,Round 13,2022-06-11,10654
Hawthorn,Ned Reeves,1,2,2,40.0,1,0,1,6,0,0,0,4,156,2,1,0,72,2022,Round 13,2022-06-11,10654
Hawthorn,Josh Morris,0,1,1,100.0,0,0,0,1,0,0,0,0,5,0,0,0,17,2022,Round 13,2022-06-11,10654
Brisbane Lions,Lachie Neale,16,18,24,64.9,0,1,1,1,0,2,5,8,459,7,4,0,89,2022,Round 13,2022-06-11,10649
Brisbane Lions,Hugh Mccluggage,11,23,23,69.7,0,0,0,0,0,1,6,7,574,7,2,0,79,2022,Round 13,2022-06-11,10649
Brisbane Lions,Jarryd Lyons,7,20,17,58.6,0,2,0,1,0,2,3,10,528,4,3,2,83,2022,Round 13,2022-06-11,10649
Brisbane Lions,Daniel Rich,5,17,24,92.3,0,0,0,3,0,0,0,6,499,4,6,0,72,2022,Round 13,2022-06-11,10649
Brisbane Lions,Jarrod Berry,8,18,20,80.0,0,0,0,2,0,1,0,6,285,2,5,1,84,2022,Round 13,2022-06-11,10649
Brisbane Lions,Keidean Coleman,7,12,18,94.7,0,0,0,3,0,0,0,1,317,1,7,0,80,2022,Round 13,2022-06-11,10649
Brisbane Lions,Dayne Zorko,5,11,12,70.6,0,0,0,0,0,2,1,4,458,8,3,0,48,2022,Round 13,2022-06-11,10649
Brisbane Lions,Marcus Adams,5,12,12,70.6,0,0,0,11,0,0,0,1,364,7,7,0,96,2022,Round 13,2022-06-11,10649
Brisbane Lions,Brandon Starcevich,4,12,14,82.4,1,0,0,1,0,0,0,3,242,2,4,0,85,2022,Round 13,2022-06-11,10649
Brisbane Lions,Cameron Rayner,8,6,7,50.0,0,0,0,3,0,1,2,5,361,4,2,2,80,2022,Round 13,2022-06-11,10649
Brisbane Lions,Noah Answerth,2,12,11,78.6,0,0,0,1,0,0,1,2,168,2,4,0,76,2022,Round 13,2022-06-11,10649
Brisbane Lions,Deven Robertson,6,8,10,71.4,1,1,0,1,0,0,0,3,104,3,3,1,78,2022,Round 13,2022-06-11,10649
Brisbane Lions,Lincoln Mccarthy,7,5,7,53.8,1,0,1,2,1,0,0,5,192,4,1,1,81,2022,Round 13,2022-06-11,10649
Brisbane Lions,Mitch Robinson,5,7,8,66.7,0,0,0,3,0,0,1,2,296,5,3,1,76,2022,Round 13,2022-06-11,10649
Brisbane Lions,Zac Bailey,3,8,8,66.7,0,0,0,0,0,0,1,5,270,2,1,0,73,2022,Round 13,2022-06-11,10649
Brisbane Lions,Daniel Mcstay,3,8,9,81.8,0,0,0,2,0,0,0,5,169,0,0,0,81,2022,Round 13,2022-06-11,10649
Brisbane Lions,Joe Daniher,5,5,7,70.0,1,0,2,0,0,1,1,7,140,1,1,1,88,2022,Round 13,2022-06-11,10649
Brisbane Lions,Charlie Cameron,4,5,6,60.0,0,0,0,0,0,0,0,5,199,2,3,2,82,2022,Round 13,2022-06-11,10649
Brisbane Lions,Eric Hipwood,4,8,7,70.0,0,0,0,0,0,0,0,2,72,3,2,2,88,2022,Round 13,2022-06-11,10649
Brisbane Lions,Harris Andrews,1,8,9,100.0,0,0,0,6,0,0,0,1,108,0,4,0,97,2022,Round 13,2022-06-11,10649
Brisbane Lions,Oscar Mcinerney,5,4,5,55.6,2,0,1,3,0,0,1,7,63,1,0,0,89,2022,Round 13,2022-06-11,10649
Brisbane Lions,Darcy Gardiner,2,5,7,100.0,0,0,0,3,0,0,0,2,46,0,3,0,68,2022,Round 13,2022-06-11,10649
Brisbane Lions,Darcy Fort,2,1,2,66.7,0,0,0,0,0,1,1,1,34,0,0,1,26,2022,Round 13,2022-06-11,10649
St Kilda,Jack Sinclair,6,19,20,66.7,0,0,0,1,3,0,1,6,639,5,8,0,87,2022,Round 13,2022-06-11,10649
St Kilda,Sebastian Ross,7,25,22,75.9,0,0,0,2,1,2,1,6,418,3,4,0,88,2022,Round 13,2022-06-11,10649
St Kilda,Brad Crouch,16,10,18,69.2,0,1,0,0,0,2,2,6,310,2,6,2,89,2022,Round 13,2022-06-11,10649
St Kilda,Jade Gresham,9,11,14,66.7,0,0,1,0,0,3,3,4,166,4,1,0,83,2022,Round 13,2022-06-11,10649
St Kilda,Tim Membrey,5,15,16,80.0,1,0,0,1,0,0,0,3,317,3,1,2,94,2022,Round 13,2022-06-11,10649
St Kilda,Jimmy Webster,9,8,16,88.9,1,1,0,5,1,0,0,2,352,3,8,0,80,2022,Round 13,2022-06-11,10649
St Kilda,Mason Wood,9,10,8,44.4,0,0,0,1,0,0,0,0,201,10,4,0,81,2022,Round 13,2022-06-11,10649
St Kilda,Josh Battle,6,10,14,82.4,2,0,0,2,0,0,1,2,450,3,5,0,74,2022,Round 13,2022-06-11,10649
St Kilda,Zak Jones,5,10,12,80.0,0,0,0,1,1,0,1,2,133,0,3,0,51,2022,Round 13,2022-06-11,10649
St Kilda,Rowan Marshall,6,8,8,61.5,1,0,0,1,0,0,1,5,302,2,1,0,92,2022,Round 13,2022-06-11,10649
St Kilda,Jack Higgins,7,6,6,46.2,1,0,3,0,0,0,1,5,363,5,3,1,78,2022,Round 13,2022-06-11,10649
St Kilda,Bradley Hill,3,9,9,75.0,0,0,0,1,1,0,1,2,174,3,2,0,91,2022,Round 13,2022-06-11,10649
St Kilda,Dougal Howard,3,5,8,72.7,0,0,0,13,0,0,0,1,266,3,4,0,100,2022,Round 13,2022-06-11,10649
St Kilda,Callum Wilkie,1,10,10,90.9,0,0,0,5,1,0,0,1,228,2,3,0,100,2022,Round 13,2022-06-11,10649
St Kilda,Daniel Butler,4,4,7,70.0,0,2,0,1,1,0,0,4,248,2,1,1,85,2022,Round 13,2022-06-11,10649
St Kilda,Ben Long,4,7,4,40.0,0,0,0,3,0,0,0,1,124,4,3,0,83,2022,Round 13,2022-06-11,10649
St Kilda,Max King 1,5,5,7,70.0,1,0,3,0,0,0,0,7,275,2,1,0,94,2022,Round 13,2022-06-11,10649
St Kilda,Ben Paton,4,6,7,77.8,0,0,0,1,0,0,0,2,179,3,4,0,84,2022,Round 13,2022-06-11,10649
St Kilda,Jarrod Lienert,4,6,7,87.5,0,0,0,3,0,1,1,2,155,1,2,0,45,2022,Round 13,2022-06-11,10649
St Kilda,Patrick Ryder,5,2,6,85.7,1,0,0,1,0,0,4,1,93,1,0,0,82,2022,Round 13,2022-06-11,10649
St Kilda,Marcus Windhager,1,7,7,100.0,0,0,0,1,0,0,0,1,169,1,1,0,67,2022,Round 13,2022-06-11,10649
St Kilda,Daniel Mckenzie,4,3,5,83.3,2,0,1,3,0,0,0,1,104,2,3,0,40,2022,Round 13,2022-06-11,10649
St Kilda,Mitchito Owens,5,1,4,100.0,0,0,0,2,0,0,0,2,92,1,1,0,36,2022,Round 13,2022-06-11,10649
North Melbourne,Luke Davies Uniacke,16,17,29,87.9,0,0,0,1,3,1,5,8,574,5,4,0,89,2022,Round 13,2022-06-12,10652
North Melbourne,Jy Simpkin,10,21,16,51.6,0,1,0,1,0,1,3,1,359,10,3,0,85,2022,Round 13,2022-06-12,10652
North Melbourne,Jed Anderson,11,13,13,54.2,0,1,0,2,0,5,2,6,339,7,2,0,80,2022,Round 13,2022-06-12,10652
North Melbourne,Aaron Hall,4,11,16,84.2,1,1,0,1,0,0,1,2,513,3,3,0,76,2022,Round 13,2022-06-12,10652
North Melbourne,Bailey Scott,3,13,13,72.2,0,0,0,2,1,0,0,2,271,3,4,0,87,2022,Round 13,2022-06-12,10652
North Melbourne,Curtis Taylor,7,10,9,50.0,1,0,1,0,0,0,2,4,413,5,7,0,82,2022,Round 13,2022-06-12,10652
North Melbourne,Aidan Corr,4,10,12,80.0,1,0,0,5,1,0,0,1,292,1,5,0,91,2022,Round 13,2022-06-12,10652
North Melbourne,Tristan Xerri,9,5,8,57.1,0,0,1,1,0,1,4,5,168,2,1,0,73,2022,Round 13,2022-06-12,10652
North Melbourne,Todd Goldstein,8,6,10,76.9,1,0,3,4,0,3,1,6,163,2,0,0,87,2022,Round 13,2022-06-12,10652
North Melbourne,Luke Mcdonald,1,9,8,61.5,0,0,0,1,0,0,0,0,272,2,3,0,93,2022,Round 13,2022-06-12,10652
North Melbourne,Flynn Perez,4,9,9,69.2,0,0,0,0,0,0,0,2,183,0,1,1,76,2022,Round 13,2022-06-12,10652
North Melbourne,Kyron Hayden,4,7,9,81.8,0,1,0,0,0,0,0,2,83,2,5,0,77,2022,Round 13,2022-06-12,10652
North Melbourne,Paul Curtis,3,8,9,90.0,0,1,2,3,0,0,0,4,244,1,0,1,82,2022,Round 13,2022-06-12,10652
North Melbourne,Kayne Turner,4,4,7,87.5,1,0,1,1,0,0,1,1,51,0,1,0,77,2022,Round 13,2022-06-12,10652
North Melbourne,Hugh Greenwood,2,5,6,75.0,0,0,0,0,0,1,1,3,14,0,1,1,57,2022,Round 13,2022-06-12,10652
North Melbourne,Lachie Young,4,5,7,87.5,0,0,0,7,0,0,0,0,109,2,4,0,85,2022,Round 13,2022-06-12,10652
North Melbourne,Jason Horne Francis,1,7,6,75.0,0,0,0,0,0,0,0,2,107,2,1,0,82,2022,Round 13,2022-06-12,10652
North Melbourne,Nick Larkey,2,6,4,57.1,0,0,3,0,0,0,0,5,92,3,2,1,97,2022,Round 13,2022-06-12,10652
North Melbourne,Tom Powell,5,3,3,42.9,0,0,0,0,3,0,2,2,187,2,1,2,77,2022,Round 13,2022-06-12,10652
North Melbourne,Jack Ziebell,3,3,3,50.0,0,0,0,2,0,0,0,0,131,3,1,0,74,2022,Round 13,2022-06-12,10652
North Melbourne,Joshua Walker,6,1,5,83.3,1,0,0,4,0,0,0,0,37,1,6,0,90,2022,Round 13,2022-06-12,10652
North Melbourne,Jaidyn Stephenson,2,3,3,60.0,0,0,0,2,0,0,0,1,70,2,1,0,83,2022,Round 13,2022-06-12,10652
Greater Western Sydney,Harrison Himmelberg,5,27,35,94.6,1,0,0,1,0,0,0,5,697,2,11,0,85,2022,Round 13,2022-06-12,10652
Greater Western Sydney,Stephen Coniglio,14,20,27,79.4,0,2,1,2,0,1,4,11,298,1,4,0,84,2022,Round 13,2022-06-12,10652
Greater Western Sydney,Isaac Cumming,5,21,26,83.9,0,0,0,0,0,1,2,4,553,6,4,0,82,2022,Round 13,2022-06-12,10652
Greater Western Sydney,Callan Ward,11,18,27,90.0,0,0,0,1,1,1,4,9,352,2,6,0,86,2022,Round 13,2022-06-12,10652
Greater Western Sydney,Tom Green,8,19,23,76.7,0,1,0,1,0,1,3,8,239,1,2,1,90,2022,Round 13,2022-06-12,10652
Greater Western Sydney,Lachie Whitfield,4,27,23,79.3,0,2,0,4,1,0,2,6,363,6,3,1,79,2022,Round 13,2022-06-12,10652
Greater Western Sydney,Joshua Kelly,3,22,21,77.8,0,1,0,1,0,1,0,6,402,2,2,0,79,2022,Round 13,2022-06-12,10652
Greater Western Sydney,Tanner Bruhn,7,17,21,87.5,0,0,0,3,0,1,3,4,340,4,1,1,71,2022,Round 13,2022-06-12,10652
Greater Western Sydney,Sam Taylor,6,12,17,94.4,1,1,0,8,0,0,0,7,130,0,8,0,97,2022,Round 13,2022-06-12,10652
Greater Western Sydney,Lachlan Ash,3,16,14,77.8,0,0,0,2,0,0,0,6,235,2,3,0,75,2022,Round 13,2022-06-12,10652
Greater Western Sydney,Adam Kennedy,1,16,17,100.0,0,0,0,3,0,0,0,2,158,3,1,0,85,2022,Round 13,2022-06-12,10652
Greater Western Sydney,Connor Idun,2,16,15,88.2,0,0,0,0,1,0,0,1,191,4,3,0,82,2022,Round 13,2022-06-12,10652
Greater Western Sydney,Toby Greene,5,10,8,50.0,1,1,2,0,0,0,0,6,307,5,2,2,93,2022,Round 13,2022-06-12,10652
Greater Western Sydney,James Peatling,3,11,12,85.7,0,0,2,1,1,0,2,8,248,1,1,0,84,2022,Round 13,2022-06-12,10652
Greater Western Sydney,Jacob Wehr,3,9,9,75.0,0,1,1,1,0,0,0,4,272,2,3,0,74,2022,Round 13,2022-06-12,10652
Greater Western Sydney,Matthew Flynn,4,7,9,81.8,0,0,0,4,0,2,1,3,83,3,2,0,72,2022,Round 13,2022-06-12,10652
Greater Western Sydney,Zachary Sproule,3,8,7,63.6,0,1,0,0,1,0,1,5,141,3,0,1,72,2022,Round 13,2022-06-12,10652
Greater Western Sydney,Jake Riccardi,4,7,10,90.9,1,0,2,2,0,0,0,3,160,2,0,2,87,2022,Round 13,2022-06-12,10652
Greater Western Sydney,Jesse Hogan,4,6,6,60.0,1,0,1,0,0,0,1,3,59,5,0,0,85,2022,Round 13,2022-06-12,10652
Greater Western Sydney,Lachlan Keeffe,1,8,8,88.9,0,0,0,1,0,0,0,2,35,0,1,0,84,2022,Round 13,2022-06-12,10652
Greater Western Sydney,Matthew Deboer,4,3,7,100.0,0,1,1,2,0,0,0,2,74,1,1,1,74,2022,Round 13,2022-06-12,10652
Greater Western Sydney,Harry Perryman,2,4,5,83.3,0,0,0,1,0,0,1,1,51,1,0,0,20,2022,Round 13,2022-06-12,10652
Greater Western Sydney,Jake Stein,0,4,4,100.0,0,0,0,3,0,0,0,1,-2,0,0,0,62,2022,Round 13,2022-06-12,10652
Collingwood,Nick Daicos,10,22,26,78.8,0,0,0,1,4,1,2,4,436,4,9,0,87,2022,Round 13,2022-06-13,10650
Collingwood,Jack Crisp,10,20,24,82.8,0,2,0,1,0,0,2,6,431,5,8,0,83,2022,Round 13,2022-06-13,10650
Collingwood,Brayden Maynard,11,9,19,76.0,2,0,0,4,0,0,1,1,324,5,12,0,83,2022,Round 13,2022-06-13,10650
Collingwood,Jordan De Goey,10,12,15,68.2,0,0,0,1,1,3,3,4,362,5,2,1,84,2022,Round 13,2022-06-13,10650
Collingwood,Scott Pendlebury,1,21,15,71.4,0,0,0,5,1,0,1,8,437,8,3,0,79,2022,Round 13,2022-06-13,10650
Collingwood,Mason Cox,10,10,12,57.1,3,1,2,5,0,0,2,6,407,7,5,1,66,2022,Round 13,2022-06-13,10650
Collingwood,Will Hoskin Elliott,5,14,13,65.0,0,1,0,3,0,0,3,5,300,4,2,0,84,2022,Round 13,2022-06-13,10650
Collingwood,Taylor Adams,10,11,14,70.0,0,1,0,1,0,1,3,6,232,4,1,0,81,2022,Round 13,2022-06-13,10650
Collingwood,Jamie Elliott 1,4,14,11,57.9,0,1,1,3,0,0,0,8,129,4,1,3,84,2022,Round 13,2022-06-13,10650
Collingwood,Josh Daicos,9,9,13,72.2,0,2,0,0,0,1,3,5,317,1,3,0,81,2022,Round 13,2022-06-13,10650
Collingwood,Patrick Lipinski,6,13,10,55.6,0,1,1,0,0,0,2,4,280,6,0,0,70,2022,Round 13,2022-06-13,10650
Collingwood,John Noble,8,11,13,72.2,0,0,0,1,3,0,0,2,376,6,8,0,78,2022,Round 13,2022-06-13,10650
Collingwood,Brody Mihocek,8,8,13,81.2,5,0,6,2,0,0,0,7,302,6,1,0,91,2022,Round 13,2022-06-13,10650
Collingwood,Isaac Quaynor,4,12,13,81.2,0,0,0,5,0,0,1,1,424,5,4,0,84,2022,Round 13,2022-06-13,10650
Collingwood,Darcy Cameron,12,4,12,80.0,2,0,0,2,0,1,2,4,86,1,3,0,82,2022,Round 13,2022-06-13,10650
Collingwood,Darcy Moore,6,6,11,78.6,3,0,0,12,0,0,0,1,240,4,10,0,96,2022,Round 13,2022-06-13,10650
Collingwood,Beau Mccreery,5,8,11,84.6,0,1,0,2,4,0,0,6,360,1,1,2,75,2022,Round 13,2022-06-13,10650
Collingwood,Steele Sidebottom,6,5,9,81.8,0,0,0,1,0,0,2,1,130,2,4,1,85,2022,Round 13,2022-06-13,10650
Collingwood,Jeremy Howe,2,7,7,77.8,0,0,0,8,0,0,0,2,217,2,4,0,93,2022,Round 13,2022-06-13,10650
Collingwood,Nathan Murphy,3,6,6,66.7,2,0,0,6,0,0,0,2,202,2,4,0,79,2022,Round 13,2022-06-13,10650
Collingwood,Jack Ginnivan,2,6,4,50.0,0,0,1,1,0,0,0,3,176,2,0,0,80,2022,Round 13,2022-06-13,10650
Collingwood,Oliver Henry,2,3,4,80.0,1,1,1,1,0,0,0,3,207,1,0,0,74,2022,Round 13,2022-06-13,10650
Melbourne,Clayton Oliver,16,25,35,81.4,0,0,0,1,0,4,2,6,614,6,5,0,87,2022,Round 13,2022-06-13,10650
Melbourne,Jack Viney,13,21,21,63.6,0,0,0,3,0,3,0,5,425,10,6,1,80,2022,Round 13,2022-06-13,10650
Melbourne,Christian Petracca,19,15,26,81.2,0,0,0,0,0,5,3,6,360,7,4,1,84,2022,Round 13,2022-06-13,10650
Melbourne,Angus Brayshaw,6,22,23,79.3,0,0,0,1,1,0,0,3,400,5,13,0,84,2022,Round 13,2022-06-13,10650
Melbourne,James Jordon,4,25,24,82.8,0,1,0,0,1,0,1,8,829,7,3,2,80,2022,Round 13,2022-06-13,10650
Melbourne,Christian Salem,7,16,25,100.0,0,0,0,1,0,0,1,4,237,0,6,0,87,2022,Round 13,2022-06-13,10650
Melbourne,Michael Hibberd,8,7,17,77.3,1,0,0,3,0,0,1,0,463,7,8,0,92,2022,Round 13,2022-06-13,10650
Melbourne,Alex Neal Bullen,6,15,12,54.5,0,0,1,1,0,0,0,2,291,6,3,0,76,2022,Round 13,2022-06-13,10650
Melbourne,Tom Sparrow,8,12,18,94.7,0,0,0,2,0,0,2,4,224,3,4,0,74,2022,Round 13,2022-06-13,10650
Melbourne,Jake Bowey,6,12,16,84.2,0,0,0,1,0,0,0,3,309,9,7,0,74,2022,Round 13,2022-06-13,10650
Melbourne,James Harmes,3,13,10,62.5,0,1,0,0,0,0,1,5,209,5,1,1,71,2022,Round 13,2022-06-13,10650
Melbourne,Luke Jackson,8,8,11,68.8,2,1,2,1,0,1,2,6,174,1,1,0,83,2022,Round 13,2022-06-13,10650
Melbourne,Max Gawn,3,9,10,76.9,1,0,0,6,0,1,0,4,122,2,3,0,85,2022,Round 13,2022-06-13,10650
Melbourne,Jake Lever,2,10,9,69.2,0,0,0,4,0,0,0,1,244,5,5,0,100,2022,Round 13,2022-06-13,10650
Melbourne,Charlie Spargo,4,8,11,91.7,0,0,0,0,0,0,0,2,224,0,3,2,70,2022,Round 13,2022-06-13,10650
Melbourne,Harrison Petty,3,8,11,100.0,2,0,0,9,0,0,0,1,129,1,5,0,90,2022,Round 13,2022-06-13,10650
Melbourne,Ed Langdon,1,9,10,100.0,0,0,0,0,0,0,0,1,232,1,1,0,100,2022,Round 13,2022-06-13,10650
Melbourne,Bayley Fritsch,5,6,8,80.0,0,0,0,1,0,0,0,2,187,4,1,2,87,2022,Round 13,2022-06-13,10650
Melbourne,Mitchell Brown 1,0,9,7,77.8,0,0,0,4,0,0,0,1,63,0,0,1,67,2022,Round 13,2022-06-13,10650
Melbourne,Ben Brown,5,5,6,75.0,1,0,3,2,0,0,0,6,110,1,3,0,84,2022,Round 13,2022-06-13,10650
Melbourne,Kysaiah Pickett,3,5,4,50.0,0,0,0,0,2,0,0,1,128,4,1,2,76,2022,Round 13,2022-06-13,10650
Melbourne,Daniel Turner,2,3,5,100.0,0,0,0,2,0,0,1,0,41,1,2,0,49,2022,Round 13,2022-06-13,10650
Melbourne,Kade Chandler,0,1,1,100.0,0,0,0,0,0,0,0,1,21,0,0,0,22,2022,Round 13,2022-06-13,10650
Richmond,Dion Prestia,19,11,22,66.7,0,0,0,0,0,6,7,6,423,5,2,0,83,2022,Round 14,2022-06-16,10657
Richmond,Liam Baker,7,18,20,74.1,0,0,0,3,0,0,1,4,468,1,6,0,85,2022,Round 14,2022-06-16,10657
Richmond,Jayden Short,7,17,15,60.0,0,1,0,1,3,0,2,4,989,13,9,0,87,2022,Round 14,2022-06-16,10657
Richmond,Nick Vlastuin,9,10,22,91.7,0,0,0,6,1,0,1,3,428,3,10,0,86,2022,Round 14,2022-06-16,10657
Richmond,Kane Lambert,5,18,13,56.5,0,0,1,1,0,0,2,4,269,10,1,1,84,2022,Round 14,2022-06-16,10657
Richmond,Nathan Broad,6,12,19,86.4,1,0,0,7,0,0,1,0,469,5,7,0,85,2022,Round 14,2022-06-16,10657
Richmond,Marlion Pickett,5,15,12,60.0,0,0,0,2,0,0,0,5,533,7,5,0,86,2022,Round 14,2022-06-16,10657
Richmond,Daniel Rioli,3,13,17,89.5,0,1,1,0,2,0,1,2,393,5,4,1,84,2022,Round 14,2022-06-16,10657
Richmond,Jack Graham,11,10,12,63.2,0,2,0,0,0,3,0,6,373,5,3,2,85,2022,Round 14,2022-06-16,10657
Richmond,Shane Edwards,5,10,9,50.0,0,1,1,2,0,1,0,5,190,8,1,0,83,2022,Round 14,2022-06-16,10657
Richmond,Trent Cotchin,8,8,8,50.0,0,0,0,3,0,1,4,3,303,4,2,0,69,2022,Round 14,2022-06-16,10657
Richmond,Kamdyn Mcintosh,7,9,11,73.3,0,0,0,3,0,0,1,2,400,4,7,0,79,2022,Round 14,2022-06-16,10657
Richmond,Shai Bolton,11,6,11,73.3,0,0,1,2,0,0,1,9,193,3,1,0,86,2022,Round 14,2022-06-16,10657
Richmond,Toby Nankervis,13,2,8,57.1,1,0,0,5,0,2,4,3,181,4,4,0,78,2022,Round 14,2022-06-16,10657
Richmond,Jack Riewoldt,7,6,7,53.8,0,0,1,1,0,0,1,3,274,4,3,2,81,2022,Round 14,2022-06-16,10657
Richmond,Hugo Ralphsmith,9,4,6,46.2,1,0,0,2,1,0,0,1,311,6,5,0,70,2022,Round 14,2022-06-16,10657
Richmond,Noah Balta,7,3,6,50.0,0,0,1,1,0,0,2,4,197,5,3,0,49,2022,Round 14,2022-06-16,10657
Richmond,Thomas Lynch,5,7,9,81.8,2,0,2,6,0,0,0,8,282,2,1,2,86,2022,Round 14,2022-06-16,10657
Richmond,Judson Clarke,5,5,8,80.0,0,0,1,1,0,0,0,3,151,2,3,0,70,2022,Round 14,2022-06-16,10657
Richmond,Dylan Grimes,5,1,6,75.0,1,0,0,9,0,0,0,0,43,1,8,0,97,2022,Round 14,2022-06-16,10657
Richmond,Josh Gibcus,2,5,5,71.4,0,0,0,10,0,0,0,0,43,2,3,0,74,2022,Round 14,2022-06-16,10657
Richmond,Robert Tarrant,3,2,4,100.0,0,0,0,8,0,0,0,1,85,1,4,0,94,2022,Round 14,2022-06-16,10657
Richmond,Maurice Rioli 1,1,3,3,75.0,0,1,0,0,0,0,0,3,49,0,1,1,17,2022,Round 14,2022-06-16,10657
Carlton,Patrick Cripps,15,15,21,61.8,1,1,0,0,0,2,3,6,264,7,5,0,84,2022,Round 14,2022-06-16,10657
Carlton,Sam Walsh,11,24,19,55.9,0,0,1,0,0,1,1,4,520,8,6,1,80,2022,Round 14,2022-06-16,10657
Carlton,Sam Docherty,8,17,22,71.0,2,0,0,1,2,0,2,2,748,10,9,0,88,2022,Round 14,2022-06-16,10657
Carlton,George Hewett,15,10,19,76.0,0,0,0,2,0,1,1,7,223,4,6,0,76,2022,Round 14,2022-06-16,10657
Carlton,Adam Saad,9,8,20,80.0,1,0,0,5,15,0,0,4,477,6,15,0,84,2022,Round 14,2022-06-16,10657
Carlton,Lochie O Brien,7,15,12,50.0,0,1,1,0,0,0,1,6,494,6,3,0,80,2022,Round 14,2022-06-16,10657
Carlton,Matthew Kennedy 1,10,12,13,61.9,0,1,0,0,0,3,2,6,270,3,1,0,60,2022,Round 14,2022-06-16,10657
Carlton,Matt Cottrell,9,12,13,61.9,0,1,0,2,2,0,2,3,407,6,4,0,84,2022,Round 14,2022-06-16,10657
Carlton,Jack Newnes,5,15,14,70.0,0,0,1,1,0,0,0,5,434,6,2,0,72,2022,Round 14,2022-06-16,10657
Carlton,Nic Newman,6,12,18,90.0,0,0,0,2,0,0,0,5,347,4,8,0,92,2022,Round 14,2022-06-16,10657
Carlton,Zac Fisher,10,9,9,50.0,0,0,0,2,0,1,1,4,230,5,1,0,81,2022,Round 14,2022-06-16,10657
Carlton,Jordan Boyd,10,7,12,75.0,1,1,0,3,0,0,0,4,389,1,11,0,82,2022,Round 14,2022-06-16,10657
Carlton,Jack Silvagni,8,8,13,92.9,0,0,0,3,0,1,1,2,160,3,1,0,72,2022,Round 14,2022-06-16,10657
Carlton,Lachlan Plowman,6,9,9,69.2,0,0,0,3,0,0,1,2,172,3,8,0,81,2022,Round 14,2022-06-16,10657
Carlton,Lewis Young,5,8,8,66.7,1,0,0,22,0,0,0,1,192,3,9,0,100,2022,Round 14,2022-06-16,10657
Carlton,Tom De Koning,7,4,5,45.5,2,0,1,1,0,1,2,3,170,3,4,0,82,2022,Round 14,2022-06-16,10657
Carlton,Harry Mckay,8,2,7,70.0,4,0,4,1,0,0,0,7,166,3,0,1,100,2022,Round 14,2022-06-16,10657
Carlton,Sam Durdin,7,2,5,55.6,0,0,0,9,0,0,1,0,89,2,7,0,75,2022,Round 14,2022-06-16,10657
Carlton,Charlie Curnow,2,7,4,44.4,0,0,2,1,0,0,0,5,185,2,0,0,97,2022,Round 14,2022-06-16,10657
Carlton,Jack Martin,4,5,5,62.5,0,1,0,0,0,0,0,5,225,5,0,1,67,2022,Round 14,2022-06-16,10657
Carlton,Corey Durdin,2,5,6,85.7,0,1,0,1,0,0,0,3,216,2,0,0,80,2022,Round 14,2022-06-16,10657
Carlton,Matt Owies,4,2,3,50.0,1,0,1,0,0,0,0,3,148,1,1,1,75,2022,Round 14,2022-06-16,10657
Carlton,Lachlan Fogarty,0,0,0,0.0,0,0,0,0,0,0,0,0,0,0,0,0,10,2022,Round 14,2022-06-16,10657
St Kilda,Jack Sinclair,6,20,25,80.6,0,0,0,2,0,0,1,2,449,4,8,0,88,2022,Round 14,2022-06-17,10658
St Kilda,Jade Gresham,12,18,22,78.6,1,0,2,1,6,3,1,7,524,6,0,0,88,2022,Round 14,2022-06-17,10658
St Kilda,Bradley Hill,3,17,20,76.9,0,0,0,1,2,1,0,2,517,5,4,0,89,2022,Round 14,2022-06-17,10658
St Kilda,Brad Crouch,11,13,15,65.2,0,0,0,1,0,4,2,4,133,3,2,0,84,2022,Round 14,2022-06-17,10658
St Kilda,Sebastian Ross,9,13,19,82.6,0,0,0,0,2,0,3,7,324,1,3,0,79,2022,Round 14,2022-06-17,10658
St Kilda,Jack Billings,4,13,14,77.8,1,1,0,1,0,0,2,6,424,4,2,0,83,2022,Round 14,2022-06-17,10658
St Kilda,Zak Jones,5,10,14,87.5,0,1,0,0,1,1,1,1,337,3,1,0,79,2022,Round 14,2022-06-17,10658
St Kilda,Callum Wilkie,1,13,13,81.2,0,0,0,6,0,0,0,1,298,1,4,0,100,2022,Round 14,2022-06-17,10658
St Kilda,Nasiah Wanganeen Milera,5,10,11,73.3,0,1,0,0,2,1,0,1,290,3,3,0,68,2022,Round 14,2022-06-17,10658
St Kilda,Dougal Howard,2,9,12,85.7,0,0,0,5,0,0,0,2,342,3,3,0,100,2022,Round 14,2022-06-17,10658
St Kilda,Josh Battle,6,8,12,85.7,2,0,0,3,0,0,0,1,321,3,9,0,86,2022,Round 14,2022-06-17,10658
St Kilda,Rowan Marshall,9,4,7,50.0,2,1,2,1,0,1,3,4,230,7,0,0,89,2022,Round 14,2022-06-17,10658
St Kilda,Ryan Byrnes,4,11,13,92.9,0,0,0,1,0,0,2,2,267,4,2,1,82,2022,Round 14,2022-06-17,10658
St Kilda,Hunter Clark,7,6,9,69.2,0,0,0,3,0,0,3,3,188,2,2,1,64,2022,Round 14,2022-06-17,10658
St Kilda,Jimmy Webster,1,8,8,80.0,0,0,0,1,0,0,0,0,111,2,0,0,74,2022,Round 14,2022-06-17,10658
St Kilda,Tim Membrey,2,8,9,90.0,2,0,0,1,0,0,0,2,151,2,4,1,93,2022,Round 14,2022-06-17,10658
St Kilda,Daniel Butler,3,6,6,60.0,0,1,0,1,1,0,0,3,127,6,1,0,86,2022,Round 14,2022-06-17,10658
St Kilda,Max King 1,7,3,7,70.0,2,1,2,1,0,0,0,5,249,2,0,0,97,2022,Round 14,2022-06-17,10658
St Kilda,Ben Long,4,3,4,50.0,1,0,1,1,0,0,1,4,122,0,1,3,66,2022,Round 14,2022-06-17,10658
St Kilda,Ben Paton,3,5,7,87.5,0,0,0,2,0,0,1,1,22,1,2,0,66,2022,Round 14,2022-06-17,10658
St Kilda,Patrick Ryder,4,3,3,50.0,2,0,2,6,0,0,1,2,151,2,1,0,69,2022,Round 14,2022-06-17,10658
St Kilda,Jack Higgins,4,3,2,33.3,0,0,0,1,0,0,0,2,81,2,1,0,73,2022,Round 14,2022-06-17,10658
Essendon,Mason Redman,8,23,29,93.5,0,0,0,1,1,0,2,8,356,1,7,0,85,2022,Round 14,2022-06-17,10658
Essendon,Zachary Merrett,6,18,19,73.1,0,0,0,1,0,1,1,7,422,2,2,0,89,2022,Round 14,2022-06-17,10658
Essendon,Dylan Shiel,8,15,19,76.0,0,2,0,1,5,5,2,10,409,5,1,0,72,2022,Round 14,2022-06-17,10658
Essendon,Nick Hind,10,16,20,80.0,1,0,1,2,5,1,1,8,571,5,9,0,78,2022,Round 14,2022-06-17,10658
Essendon,Jye Caldwell,13,12,18,78.3,1,0,0,0,0,3,2,6,302,5,1,2,69,2022,Round 14,2022-06-17,10658
Essendon,Ben Hobbs,5,17,13,59.1,0,1,0,0,0,0,0,8,310,2,0,2,85,2022,Round 14,2022-06-17,10658
Essendon,Andrew Mcgrath,7,15,19,90.5,2,0,0,2,2,0,0,2,218,1,8,0,80,2022,Round 14,2022-06-17,10658
Essendon,Dyson Heppell,5,16,16,80.0,0,0,0,4,0,0,1,5,231,1,4,0,74,2022,Round 14,2022-06-17,10658
Essendon,Archie Perkins,8,12,14,73.7,1,3,1,1,0,1,2,8,407,1,2,1,78,2022,Round 14,2022-06-17,10658
Essendon,Nicholas Martin,2,17,15,83.3,0,0,1,0,1,1,1,6,307,3,0,0,92,2022,Round 14,2022-06-17,10658
Essendon,Jake Kelly,6,11,16,94.1,0,0,0,8,0,0,0,2,184,4,8,0,95,2022,Round 14,2022-06-17,10658
Essendon,Jayden Laverde,4,13,15,88.2,1,0,0,10,1,0,0,3,384,3,5,0,88,2022,Round 14,2022-06-17,10658
Essendon,Jordan Ridley,6,8,15,88.2,1,0,0,10,0,0,0,3,292,4,6,0,97,2022,Round 14,2022-06-17,10658
Essendon,Jake Stringer,10,8,9,56.2,0,0,1,2,0,2,1,9,275,3,0,2,80,2022,Round 14,2022-06-17,10658
Essendon,Sam Durham,6,10,15,93.8,1,1,1,1,0,0,1,8,121,0,2,0,76,2022,Round 14,2022-06-17,10658
Essendon,Massimo D Ambrosio,4,11,12,80.0,0,0,0,1,0,0,1,1,144,1,3,0,77,2022,Round 14,2022-06-17,10658
Essendon,Peter Wright,5,10,12,85.7,3,3,5,7,0,0,0,12,269,2,0,1,100,2022,Round 14,2022-06-17,10658
Essendon,Brayden Ham,5,9,11,78.6,1,0,0,0,0,0,0,5,121,2,2,0,77,2022,Round 14,2022-06-17,10658
Essendon,Matt Guelfi,1,8,6,66.7,0,0,1,0,0,0,0,5,273,1,0,0,87,2022,Round 14,2022-06-17,10658
Essendon,Sam Draper,6,2,5,62.5,2,0,1,1,0,0,2,6,156,2,0,1,71,2022,Round 14,2022-06-17,10658
Essendon,Harrison Jones 1,5,4,7,87.5,0,0,1,1,0,0,1,5,162,1,2,2,78,2022,Round 14,2022-06-17,10658
Essendon,Andrew Phillips 1,5,2,5,83.3,1,1,0,5,0,0,0,2,161,4,4,0,71,2022,Round 14,2022-06-17,10658
Port Adelaide,Oliver Wines,14,20,27,79.4,0,1,0,1,0,6,4,4,499,6,2,0,80,2022,Round 14,2022-06-18,10659
Port Adelaide,Karl Amon,7,22,22,71.0,0,1,0,2,0,0,2,4,608,7,5,0,82,2022,Round 14,2022-06-18,10659
Port Adelaide,Connor Rozee,8,18,23,79.3,0,1,0,1,0,1,4,7,399,5,4,2,84,2022,Round 14,2022-06-18,10659
Port Adelaide,Darcy Byrne Jones,10,16,19,67.9,0,0,0,0,3,0,0,1,316,7,9,0,84,2022,Round 14,2022-06-18,10659
Port Adelaide,Riley Bonner,6,18,23,85.2,2,0,0,2,0,0,1,2,513,4,5,0,76,2022,Round 14,2022-06-18,10659
Port Adelaide,Ryan Burton,3,12,16,80.0,0,0,2,1,1,0,1,4,607,3,5,0,80,2022,Round 14,2022-06-18,10659
Port Adelaide,Willem Drew,8,11,16,88.9,0,0,0,1,0,2,5,1,19,1,0,1,87,2022,Round 14,2022-06-18,10659
Port Adelaide,Aliir Aliir,4,13,11,68.8,0,0,0,10,0,0,0,1,317,4,4,0,100,2022,Round 14,2022-06-18,10659
Port Adelaide,Jeremy Finlayson,11,7,14,87.5,0,0,0,5,0,2,3,5,250,5,1,2,79,2022,Round 14,2022-06-18,10659
Port Adelaide,Kane Farrell,7,9,13,81.2,0,1,1,3,0,1,3,2,228,1,2,0,76,2022,Round 14,2022-06-18,10659
Port Adelaide,Xavier Duursma,3,14,10,62.5,0,0,1,1,2,0,1,3,272,4,4,0,54,2022,Round 14,2022-06-18,10659
Port Adelaide,Dan Houston,4,12,10,66.7,1,0,1,0,0,0,2,3,333,6,2,1,86,2022,Round 14,2022-06-18,10659
Port Adelaide,Jackson Mead,7,8,10,66.7,0,0,1,1,0,1,1,2,275,5,3,1,78,2022,Round 14,2022-06-18,10659
Port Adelaide,Charlie Dixon,8,5,9,64.3,0,0,1,0,0,0,2,6,128,1,1,1,93,2022,Round 14,2022-06-18,10659
Port Adelaide,Todd Marshall,4,8,9,64.3,1,0,6,0,0,0,0,7,227,0,3,3,99,2022,Round 14,2022-06-18,10659
Port Adelaide,Sam Powell Pepper,2,11,9,64.3,0,0,0,0,0,0,0,1,261,7,0,3,82,2022,Round 14,2022-06-18,10659
Port Adelaide,Tom Clurey,6,6,9,69.2,1,0,0,7,0,0,0,0,70,2,8,0,87,2022,Round 14,2022-06-18,10659
Port Adelaide,Martin Frederick,3,7,9,90.0,0,0,0,0,0,0,0,1,-22,0,3,0,85,2022,Round 14,2022-06-18,10659
Port Adelaide,Mitch Georgiades,6,4,7,70.0,0,0,1,1,0,0,0,2,89,4,1,2,87,2022,Round 14,2022-06-18,10659
Port Adelaide,Thomas Jonas,1,8,8,88.9,0,0,0,4,0,0,0,1,30,0,2,0,88,2022,Round 14,2022-06-18,10659
Port Adelaide,Zak Butters,5,5,7,77.8,0,0,0,0,0,0,0,2,64,0,4,1,25,2022,Round 14,2022-06-18,10659
Port Adelaide,Lachlan Jones,2,4,2,40.0,1,0,1,0,0,0,0,1,70,0,1,1,75,2022,Round 14,2022-06-18,10659
Port Adelaide,Brynn Teakle,1,3,2,40.0,1,0,0,1,0,0,1,2,96,1,1,0,34,2022,Round 14,2022-06-18,10659
Sydney,Callum Mills,11,14,22,81.5,1,0,1,2,0,1,2,4,573,6,6,0,91,2022,Round 14,2022-06-18,10659
Sydney,Luke Parker,14,11,16,61.5,0,0,0,0,0,3,7,5,379,4,4,1,79,2022,Round 14,2022-06-18,10659
Sydney,Chad Warner,8,11,12,60.0,0,0,0,2,1,1,1,2,371,7,4,0,79,2022,Round 14,2022-06-18,10659
Sydney,Errol Gulden,8,10,11,57.9,0,0,0,1,0,1,1,3,354,7,3,0,87,2022,Round 14,2022-06-18,10659
Sydney,Jake Lloyd,8,7,10,55.6,0,0,0,1,0,0,0,1,285,7,8,0,80,2022,Round 14,2022-06-18,10659
Sydney,James Rowbottom,6,9,11,64.7,0,0,0,0,1,2,3,3,274,4,2,1,79,2022,Round 14,2022-06-18,10659
Sydney,Justin Mcinerney,3,14,12,70.6,1,0,0,0,0,0,0,2,456,6,4,1,78,2022,Round 14,2022-06-18,10659
Sydney,Isaac Heeney,7,9,13,81.2,3,0,2,1,0,0,1,9,351,3,1,1,87,2022,Round 14,2022-06-18,10659
Sydney,Lance Franklin,6,7,4,30.8,1,2,3,5,0,0,0,8,320,2,0,1,88,2022,Round 14,2022-06-18,10659
Sydney,Harry Cunningham,6,8,12,92.3,0,1,0,2,0,0,0,4,107,1,6,1,79,2022,Round 14,2022-06-18,10659
Sydney,Nick Blakey,3,6,11,84.6,0,0,0,4,0,0,0,3,172,0,5,0,72,2022,Round 14,2022-06-18,10659
Sydney,Tom Papley,5,8,5,41.7,0,1,0,2,0,0,2,5,190,2,0,0,78,2022,Round 14,2022-06-18,10659
Sydney,Sam Reid 1,4,7,11,100.0,2,1,0,4,0,0,0,4,229,2,2,0,77,2022,Round 14,2022-06-18,10659
Sydney,Dane Rampe,4,6,8,80.0,0,1,0,2,0,0,0,2,220,1,4,0,97,2022,Round 14,2022-06-18,10659
Sydney,Oliver Florent,6,4,6,60.0,0,0,1,0,0,0,1,1,89,1,1,0,79,2022,Round 14,2022-06-18,10659
Sydney,Will Hayward,2,9,5,50.0,1,0,2,1,0,0,1,1,202,5,0,1,80,2022,Round 14,2022-06-18,10659
Sydney,Peter Ladhams,9,3,6,60.0,0,0,0,1,0,1,3,1,80,2,1,0,76,2022,Round 14,2022-06-18,10659
Sydney,Logan Mcdonald,5,5,7,70.0,1,1,0,0,0,0,0,4,182,1,2,0,81,2022,Round 14,2022-06-18,10659
Sydney,Paddy Mccartin,5,5,6,66.7,1,0,0,3,0,0,0,1,262,2,7,0,87,2022,Round 14,2022-06-18,10659
Sydney,Colin O Riordan,5,4,7,77.8,0,0,0,5,0,1,0,4,101,3,4,0,77,2022,Round 14,2022-06-18,10659
Sydney,Tom Mccartin,4,3,8,88.9,1,0,0,4,0,0,0,1,142,0,7,0,97,2022,Round 14,2022-06-18,10659
Sydney,Sam Wicks,3,5,7,100.0,0,0,0,3,0,0,0,4,112,3,2,0,72,2022,Round 14,2022-06-18,10659
West Coast,Andrew Gaff,8,20,18,66.7,0,0,0,1,1,1,1,5,371,5,3,0,89,2022,Round 14,2022-06-18,10660
West Coast,Jack Redden,14,12,16,66.7,1,0,0,2,0,3,3,5,305,1,4,0,81,2022,Round 14,2022-06-18,10660
West Coast,Elliot Yeo,2,17,18,81.8,0,0,0,3,1,0,0,2,563,5,6,0,87,2022,Round 14,2022-06-18,10660
West Coast,Liam Duggan,6,14,14,66.7,0,0,0,1,2,0,0,3,196,4,4,0,87,2022,Round 14,2022-06-18,10660
West Coast,Shannon Hurn,3,14,18,90.0,2,0,0,1,1,0,0,4,216,0,6,0,80,2022,Round 14,2022-06-18,10660
West Coast,Luke Shuey,9,8,12,60.0,0,1,0,0,1,2,3,3,198,4,3,1,72,2022,Round 14,2022-06-18,10660
West Coast,Dominic Sheed,6,14,12,60.0,0,0,0,1,0,0,2,4,351,3,2,0,74,2022,Round 14,2022-06-18,10660
West Coast,Tom Barrass,7,11,16,88.9,1,0,0,6,0,0,1,3,246,2,12,0,97,2022,Round 14,2022-06-18,10660
West Coast,Jamaine Jones,3,12,11,64.7,0,1,0,1,1,0,1,1,266,7,6,0,82,2022,Round 14,2022-06-18,10660
West Coast,Jamie Cripps,6,9,9,56.2,0,0,1,0,0,2,1,7,478,3,2,2,84,2022,Round 14,2022-06-18,10660
West Coast,Jake Waterman,3,14,12,75.0,1,1,1,3,0,0,0,8,238,1,2,0,88,2022,Round 14,2022-06-18,10660
West Coast,Joshua Kennedy,5,9,9,69.2,1,1,2,1,0,0,0,9,114,2,0,1,87,2022,Round 14,2022-06-18,10660
West Coast,Brady Hough,2,11,12,92.3,0,0,0,0,0,0,0,5,269,0,3,0,84,2022,Round 14,2022-06-18,10660
West Coast,Willie Rioli,5,8,7,58.3,0,0,0,0,0,1,2,3,285,4,0,0,77,2022,Round 14,2022-06-18,10660
West Coast,Greg Clark,3,9,7,63.6,0,0,0,0,0,0,3,1,94,3,1,1,48,2022,Round 14,2022-06-18,10660
West Coast,Connor West,3,8,8,80.0,0,0,0,0,0,0,0,3,206,4,0,0,79,2022,Round 14,2022-06-18,10660
West Coast,Jack Petruccelle,4,6,4,44.4,0,0,2,2,1,0,0,4,256,1,0,0,73,2022,Round 14,2022-06-18,10660
West Coast,Jack Darling,4,4,5,62.5,0,0,1,0,0,0,0,2,133,3,0,2,100,2022,Round 14,2022-06-18,10660
West Coast,Callum Jamieson,4,4,8,100.0,0,1,0,0,0,0,1,1,100,0,0,1,60,2022,Round 14,2022-06-18,10660
West Coast,Rhett Bazzo,1,6,7,100.0,1,0,0,0,0,0,0,2,77,0,2,0,82,2022,Round 14,2022-06-18,10660
West Coast,Jeremy Mcgovern,1,3,6,100.0,0,0,0,1,0,0,0,0,126,1,2,0,35,2022,Round 14,2022-06-18,10660
West Coast,Jackson Nelson,3,4,5,83.3,0,1,0,2,0,0,0,1,66,1,1,0,86,2022,Round 14,2022-06-18,10660
West Coast,Bailey Williams 1,3,3,4,80.0,0,0,0,1,0,1,1,3,104,2,2,0,68,2022,Round 14,2022-06-18,10660
Geelong,Cameron Guthrie,11,15,14,56.0,1,0,0,2,1,3,1,3,359,6,1,1,74,2022,Round 14,2022-06-18,10660
Geelong,Joel Selwood,11,14,19,79.2,0,1,1,2,0,2,4,6,256,7,4,0,83,2022,Round 14,2022-06-18,10660
Geelong,Tom Atkins,10,14,17,70.8,0,1,0,1,0,3,1,7,337,3,3,0,76,2022,Round 14,2022-06-18,10660
Geelong,Isaac Smith,4,17,16,72.7,0,0,1,1,1,0,0,4,474,5,3,0,85,2022,Round 14,2022-06-18,10660
Geelong,Zach Tuohy,5,15,18,85.7,0,0,0,2,2,0,0,4,357,3,4,0,92,2022,Round 14,2022-06-18,10660
Geelong,Sam Menegola,5,17,14,70.0,0,1,1,0,0,0,1,8,360,3,3,0,76,2022,Round 14,2022-06-18,10660
Geelong,Mitchell Duncan,4,13,14,73.7,0,1,0,2,0,0,1,7,420,3,3,0,81,2022,Round 14,2022-06-18,10660
Geelong,Jeremy Cameron,8,12,12,63.2,1,3,1,1,0,0,0,8,447,3,2,0,96,2022,Round 14,2022-06-18,10660
Geelong,Mark O Connor,5,12,15,83.3,0,0,0,1,0,0,2,3,200,4,4,0,81,2022,Round 14,2022-06-18,10660
Geelong,Mark Blicavs,9,8,12,70.6,0,0,0,5,0,0,7,1,216,3,5,0,83,2022,Round 14,2022-06-18,10660
Geelong,Cooper Stephens,5,12,11,64.7,0,0,0,0,0,2,0,3,141,2,2,1,61,2022,Round 14,2022-06-18,10660
Geelong,Rhys Stanley,6,9,13,81.2,1,0,2,4,0,1,2,5,73,2,0,0,79,2022,Round 14,2022-06-18,10660
Geelong,Thomas Stewart,3,11,13,81.2,1,0,0,4,0,0,0,2,354,2,4,0,82,2022,Round 14,2022-06-18,10660
Geelong,Tyson Stengle,9,8,7,46.7,0,1,2,0,0,0,2,8,275,3,0,0,81,2022,Round 14,2022-06-18,10660
Geelong,Zach Guthrie,4,7,8,72.7,3,0,0,2,0,0,0,6,227,0,4,0,85,2022,Round 14,2022-06-18,10660
Geelong,Tom Hawkins,6,4,6,60.0,1,0,5,2,0,0,2,6,169,3,1,1,95,2022,Round 14,2022-06-18,10660
Geelong,Sam De Koning,4,6,9,90.0,0,0,0,5,0,0,0,1,103,1,7,0,100,2022,Round 14,2022-06-18,10660
Geelong,Bradley Close,3,8,10,100.0,0,1,0,0,0,0,1,4,116,0,2,0,76,2022,Round 14,2022-06-18,10660
Geelong,Jed Bews,1,8,8,88.9,0,0,0,2,0,0,2,2,187,1,0,0,84,2022,Round 14,2022-06-18,10660
Geelong,Jake Kolodjashnij,2,6,7,87.5,0,0,0,2,0,0,1,2,137,5,2,0,82,2022,Round 14,2022-06-18,10660
Geelong,Luke Dahlhaus,4,2,3,42.9,0,0,0,3,0,0,0,3,89,2,1,2,71,2022,Round 14,2022-06-18,10660
Geelong,Gryan Miers,4,2,4,57.1,0,0,1,0,0,0,0,3,48,1,1,0,77,2022,Round 14,2022-06-18,10660
Greater Western Sydney,Stephen Coniglio,14,18,25,78.1,0,1,1,1,0,2,1,10,183,2,5,0,86,2022,Round 14,2022-06-18,10656
Greater Western Sydney,Tom Green,13,20,23,71.9,0,1,0,1,0,4,4,5,319,5,2,1,90,2022,Round 14,2022-06-18,10656
Greater Western Sydney,Lachie Whitfield,10,20,24,80.0,0,1,0,2,0,0,4,8,440,3,5,0,90,2022,Round 14,2022-06-18,10656
Greater Western Sydney,Callan Ward,13,11,19,82.6,0,0,0,1,0,4,3,7,280,3,1,0,84,2022,Round 14,2022-06-18,10656
Greater Western Sydney,Harrison Himmelberg,7,13,18,78.3,1,0,0,4,0,0,0,4,495,6,6,0,96,2022,Round 14,2022-06-18,10656
Greater Western Sydney,Toby Greene,10,10,18,85.7,3,3,4,0,1,0,0,14,622,3,0,1,98,2022,Round 14,2022-06-18,10656
Greater Western Sydney,Isaac Cumming,2,13,12,57.1,0,1,0,1,0,0,0,4,559,7,2,0,89,2022,Round 14,2022-06-18,10656
Greater Western Sydney,Adam Kennedy,3,14,19,100.0,1,1,0,3,1,0,1,3,210,1,5,0,81,2022,Round 14,2022-06-18,10656
Greater Western Sydney,Lachlan Ash,4,15,15,78.9,0,0,1,2,0,0,1,3,417,5,4,0,84,2022,Round 14,2022-06-18,10656
Greater Western Sydney,Joshua Kelly,5,13,12,70.6,1,2,0,2,0,1,2,3,187,4,1,1,89,2022,Round 14,2022-06-18,10656
Greater Western Sydney,Connor Idun,5,12,15,93.8,0,0,0,4,0,0,0,3,208,2,4,0,83,2022,Round 14,2022-06-18,10656
Greater Western Sydney,Nick Haynes,4,8,11,78.6,0,0,0,2,0,0,0,1,260,3,7,0,84,2022,Round 14,2022-06-18,10656
Greater Western Sydney,Jacob Wehr,3,11,13,92.9,0,1,0,1,0,0,0,4,358,3,3,2,76,2022,Round 14,2022-06-18,10656
Greater Western Sydney,Lachlan Keeffe,8,6,10,76.9,1,0,0,8,0,2,2,6,174,3,3,1,85,2022,Round 14,2022-06-18,10656
Greater Western Sydney,Jarrod Brander,4,9,9,75.0,1,0,1,1,2,0,0,3,238,2,1,0,54,2022,Round 14,2022-06-18,10656
Greater Western Sydney,Jake Riccardi,8,5,8,66.7,4,1,1,2,0,0,0,5,304,3,2,1,92,2022,Round 14,2022-06-18,10656
Greater Western Sydney,Sam Taylor,7,3,11,100.0,1,0,0,10,0,0,2,1,34,0,7,0,96,2022,Round 14,2022-06-18,10656
Greater Western Sydney,Tanner Bruhn,3,7,6,60.0,0,1,0,0,0,1,0,3,110,6,0,0,69,2022,Round 14,2022-06-18,10656
Greater Western Sydney,Jesse Hogan,4,4,7,87.5,4,0,4,1,0,0,0,4,224,2,0,2,82,2022,Round 14,2022-06-18,10656
Greater Western Sydney,Zachary Sproule,1,2,2,66.7,0,0,0,2,0,0,0,1,26,2,1,2,80,2022,Round 14,2022-06-18,10656
Greater Western Sydney,Ryan Angwin,2,1,2,66.7,0,0,0,0,0,0,0,0,15,2,1,0,46,2022,Round 14,2022-06-18,10656
Greater Western Sydney,Braydon Preuss,0,1,0,0.0,0,0,0,0,0,0,0,3,25,0,0,0,16,2022,Round 14,2022-06-18,10656
Greater Western Sydney,James Peatling,1,1,1,100.0,0,0,0,0,0,0,0,1,-1,0,0,0,48,2022,Round 14,2022-06-18,10656
Western Bulldogs,Jackson Macrae,11,25,28,75.7,0,1,0,2,0,3,3,10,577,8,4,2,78,2022,Round 14,2022-06-18,10656
Western Bulldogs,Adam Treloar,8,24,19,61.3,0,2,0,1,2,1,1,7,460,4,3,1,84,2022,Round 14,2022-06-18,10656
Western Bulldogs,Marcus Bontempelli,12,16,20,71.4,0,1,0,3,2,1,6,9,512,5,4,1,81,2022,Round 14,2022-06-18,10656
Western Bulldogs,Josh Dunkley,15,11,22,81.5,0,1,0,0,0,1,4,10,152,3,8,3,85,2022,Round 14,2022-06-18,10656
Western Bulldogs,Thomas Liberatore,14,13,20,76.9,0,2,2,3,1,5,5,9,304,2,3,1,79,2022,Round 14,2022-06-18,10656
Western Bulldogs,Bailey Dale,3,17,18,72.0,0,0,0,2,0,0,1,2,508,2,2,0,86,2022,Round 14,2022-06-18,10656
Western Bulldogs,Caleb Daniel,9,13,19,76.0,0,0,0,1,0,0,1,6,406,3,7,0,81,2022,Round 14,2022-06-18,10656
Western Bulldogs,Timothy English,16,6,18,78.3,2,0,0,2,0,6,4,8,354,3,4,0,85,2022,Round 14,2022-06-18,10656
Western Bulldogs,Bailey Williams,4,13,16,94.1,1,0,0,0,0,0,0,7,242,1,2,1,83,2022,Round 14,2022-06-18,10656
Western Bulldogs,Robbie Mccomb,5,12,10,66.7,0,1,1,2,0,0,1,5,154,2,2,1,77,2022,Round 14,2022-06-18,10656
Western Bulldogs,Rhylee West,9,7,8,57.1,2,1,2,1,0,0,0,8,204,0,1,0,76,2022,Round 14,2022-06-18,10656
Western Bulldogs,Alex Keath,10,7,11,84.6,1,0,0,5,0,0,1,2,191,3,9,0,97,2022,Round 14,2022-06-18,10656
Western Bulldogs,Ed Richards,2,10,9,75.0,0,0,0,4,0,0,0,2,238,3,3,0,76,2022,Round 14,2022-06-18,10656
Western Bulldogs,Anthony Scott,1,11,11,91.7,0,0,1,0,0,0,0,8,372,3,0,0,80,2022,Round 14,2022-06-18,10656
Western Bulldogs,Tim O Brien,4,8,8,72.7,1,0,0,5,0,0,0,2,169,2,6,0,90,2022,Round 14,2022-06-18,10656
Western Bulldogs,Cody Weightman,4,7,9,81.8,1,1,5,0,0,0,1,8,103,0,0,1,79,2022,Round 14,2022-06-18,10656
Western Bulldogs,Lachlan Mcneil,8,3,6,54.5,0,0,0,2,0,0,0,4,118,3,2,2,65,2022,Round 14,2022-06-18,10656
Western Bulldogs,Josh Schache,3,7,7,70.0,1,2,1,3,0,0,0,3,200,2,1,2,77,2022,Round 14,2022-06-18,10656
Western Bulldogs,Aaron Naughton,7,4,9,90.0,4,0,5,1,0,0,0,10,263,0,0,1,84,2022,Round 14,2022-06-18,10656
Western Bulldogs,Ryan Gardner,3,6,5,55.6,0,0,0,6,0,0,0,0,78,3,5,0,100,2022,Round 14,2022-06-18,10656
Western Bulldogs,Jason Johannisen,1,9,5,62.5,0,0,0,6,1,0,0,3,229,3,1,0,74,2022,Round 14,2022-06-18,10656
Western Bulldogs,Jamarra Ugle Hagan,4,5,5,62.5,0,0,2,0,0,0,0,4,177,4,1,0,77,2022,Round 14,2022-06-18,10656
Western Bulldogs,Taylor Duryea,1,2,2,66.7,0,0,0,0,0,0,1,0,20,0,0,0,7,2022,Round 14,2022-06-18,10656
Gold Coast,Noah Anderson,11,16,19,67.9,0,1,0,1,1,4,2,6,816,6,3,0,93,2022,Round 14,2022-06-19,10655
Gold Coast,Touk Miller,9,16,17,70.8,0,2,0,1,0,1,2,10,454,4,2,1,80,2022,Round 14,2022-06-19,10655
Gold Coast,David Swallow,13,11,11,52.4,1,1,0,4,0,1,2,4,316,7,7,3,83,2022,Round 14,2022-06-19,10655
Gold Coast,Ben Ainsworth,8,12,15,75.0,0,1,2,1,0,0,1,12,319,1,4,0,84,2022,Round 14,2022-06-19,10655
Gold Coast,Matt Rowell,12,6,14,73.7,0,0,0,1,0,6,1,6,269,3,7,1,88,2022,Round 14,2022-06-19,10655
Gold Coast,Brandon Ellis,3,13,13,76.5,0,1,0,1,0,0,0,5,476,5,1,0,95,2022,Round 14,2022-06-19,10655
Gold Coast,Izak Rankine,8,9,10,58.8,0,2,5,1,0,0,2,11,327,3,1,1,88,2022,Round 14,2022-06-19,10655
Gold Coast,Sean Lemmens,7,6,11,73.3,2,1,0,4,0,0,0,5,393,2,9,0,74,2022,Round 14,2022-06-19,10655
Gold Coast,Nicholas Holman,13,2,10,66.7,1,1,0,0,1,0,0,7,274,4,6,0,90,2022,Round 14,2022-06-19,10655
Gold Coast,Jy Farrar,6,6,14,93.3,1,0,0,3,0,0,0,2,268,5,6,0,72,2022,Round 14,2022-06-19,10655
Gold Coast,Connor Budarick,4,11,9,60.0,0,0,0,1,0,0,0,2,304,3,3,0,52,2022,Round 14,2022-06-19,10655
Gold Coast,Charlie Ballard,3,8,9,69.2,0,0,0,7,0,0,0,1,225,4,5,0,91,2022,Round 14,2022-06-19,10655
Gold Coast,Jarrod Witts,9,2,6,50.0,0,1,0,2,0,1,5,3,183,1,2,0,85,2022,Round 14,2022-06-19,10655
Gold Coast,Wil Powell,4,8,6,50.0,0,1,0,0,1,0,0,4,341,3,4,2,48,2022,Round 14,2022-06-19,10655
Gold Coast,Sam Flanders,4,8,8,66.7,0,0,0,1,0,0,1,6,145,2,1,1,66,2022,Round 14,2022-06-19,10655
Gold Coast,Mabior Chol,9,1,7,63.6,3,0,2,2,0,0,2,3,239,3,1,1,75,2022,Round 14,2022-06-19,10655
Gold Coast,Caleb Graham,5,6,7,63.6,1,0,0,11,0,0,1,0,240,2,3,0,100,2022,Round 14,2022-06-19,10655
Gold Coast,Oleg Markov,2,8,9,90.0,0,0,0,0,0,0,1,1,174,2,2,0,78,2022,Round 14,2022-06-19,10655
Gold Coast,Jack Bowes,3,3,8,88.9,0,0,0,0,1,0,1,0,169,0,2,0,41,2022,Round 14,2022-06-19,10655
Gold Coast,Joel Jeffrey,4,5,6,66.7,0,0,0,2,1,0,0,4,170,1,1,2,57,2022,Round 14,2022-06-19,10655
Gold Coast,Samuel Collins,3,6,3,37.5,0,0,0,12,1,0,0,0,142,5,4,0,100,2022,Round 14,2022-06-19,10655
Gold Coast,Alex Davies,3,4,4,57.1,0,0,0,1,0,0,1,1,56,1,1,3,60,2022,Round 14,2022-06-19,10655
Gold Coast,Levi Casboult,1,4,4,80.0,1,0,2,2,0,0,0,3,84,3,0,1,100,2022,Round 14,2022-06-19,10655
Adelaide,Rory Laird,11,29,34,81.0,0,0,0,1,1,1,4,7,284,6,3,0,79,2022,Round 14,2022-06-19,10655
Adelaide,Jordan Dawson,6,21,23,71.9,0,1,1,6,2,0,0,6,714,8,11,0,91,2022,Round 14,2022-06-19,10655
Adelaide,Matt Crouch,12,20,25,80.6,0,0,0,3,0,1,6,5,264,4,4,1,74,2022,Round 14,2022-06-19,10655
Adelaide,Ben Keays,12,13,14,51.9,1,0,0,1,0,2,2,4,289,8,3,1,80,2022,Round 14,2022-06-19,10655
Adelaide,Jackson Hately,7,19,20,80.0,0,1,0,3,0,0,2,5,333,7,4,0,79,2022,Round 14,2022-06-19,10655
Adelaide,Sam Berry,14,9,18,72.0,0,2,1,3,0,5,7,9,319,3,1,2,66,2022,Round 14,2022-06-19,10655
Adelaide,James Rowe,8,16,17,70.8,0,0,2,1,0,0,1,7,360,3,2,0,83,2022,Round 14,2022-06-19,10655
Adelaide,Brodie Smith,5,13,16,80.0,0,0,0,2,0,0,0,2,469,4,6,0,84,2022,Round 14,2022-06-19,10655
Adelaide,Jake Soligo,9,12,14,70.0,1,0,0,0,0,1,1,4,368,4,6,0,78,2022,Round 14,2022-06-19,10655
Adelaide,Wayne Milera,5,14,16,84.2,0,1,0,2,0,0,0,6,161,0,3,1,89,2022,Round 14,2022-06-19,10655
Adelaide,Tom Doedee,3,16,12,70.6,0,0,0,7,0,0,1,3,292,6,5,0,89,2022,Round 14,2022-06-19,10655
Adelaide,Reilly O Brien,5,8,10,66.7,0,0,0,3,0,0,1,2,137,1,3,1,93,2022,Round 14,2022-06-19,10655
Adelaide,Taylor Walker,10,7,8,57.1,2,1,3,2,0,0,0,10,435,3,1,3,91,2022,Round 14,2022-06-19,10655
Adelaide,Edward Mchenry,6,8,11,78.6,0,0,0,0,0,0,1,1,201,4,4,2,78,2022,Round 14,2022-06-19,10655
Adelaide,Patrick Parnell,1,13,11,78.6,0,1,1,1,1,0,0,3,205,0,2,0,74,2022,Round 14,2022-06-19,10655
Adelaide,Shane Mcadam,3,9,10,83.3,2,1,2,0,1,0,0,5,157,1,0,2,75,2022,Round 14,2022-06-19,10655
Adelaide,Jordon Butts,4,8,10,83.3,0,0,0,2,0,0,0,1,176,1,7,0,94,2022,Round 14,2022-06-19,10655
Adelaide,Darcy Fogarty,5,7,10,90.9,2,0,1,1,0,0,0,5,297,3,3,1,88,2022,Round 14,2022-06-19,10655
Adelaide,Josh Rachele,5,5,6,60.0,0,0,0,1,0,0,1,3,119,2,1,0,71,2022,Round 14,2022-06-19,10655
Adelaide,Lachlan Murphy,3,4,4,50.0,0,0,2,0,0,0,1,2,105,3,0,1,30,2022,Round 14,2022-06-19,10655
Adelaide,Will Hamill,3,4,4,80.0,0,0,0,0,0,0,1,1,129,1,2,0,77,2022,Round 14,2022-06-19,10655
Adelaide,Riley Thilthorpe,2,2,5,100.0,1,0,1,1,0,0,0,1,52,0,1,0,40,2022,Round 14,2022-06-19,10655
Adelaide,Nick Murray,1,3,4,100.0,0,0,0,7,0,0,0,1,99,1,1,0,97,2022,Round 14,2022-06-19,10655
Melbourne,Clayton Oliver,21,16,26,74.3,0,2,0,2,0,3,9,11,446,4,3,0,87,2022,Round 15,2022-06-23,10664
Melbourne,Jack Viney,19,14,21,61.8,0,1,1,1,0,4,4,8,579,7,5,2,81,2022,Round 15,2022-06-23,10664
Melbourne,Christian Petracca,14,18,17,54.8,1,1,3,0,0,3,5,9,797,8,1,1,86,2022,Round 15,2022-06-23,10664
Melbourne,Angus Brayshaw,11,21,20,69.0,1,0,0,2,0,0,1,3,464,8,12,0,85,2022,Round 15,2022-06-23,10664
Melbourne,James Jordon,9,16,18,75.0,0,0,0,0,1,0,1,5,478,5,7,0,79,2022,Round 15,2022-06-23,10664
Melbourne,Steven May,4,10,18,81.8,0,0,0,6,0,0,0,4,599,4,4,0,100,2022,Round 15,2022-06-23,10664
Melbourne,Luke Jackson,10,12,15,71.4,1,1,0,4,0,1,2,10,377,1,4,0,78,2022,Round 15,2022-06-23,10664
Melbourne,Jake Lever,10,9,18,90.0,2,0,0,8,0,0,0,5,312,0,15,0,89,2022,Round 15,2022-06-23,10664
Melbourne,Christian Salem,2,13,13,76.5,0,0,0,2,0,0,1,3,324,4,1,1,81,2022,Round 15,2022-06-23,10664
Melbourne,Alex Neal Bullen,5,12,11,64.7,0,0,0,0,1,0,1,9,350,2,1,5,79,2022,Round 15,2022-06-23,10664
Melbourne,Tom Sparrow,9,9,14,82.4,0,0,0,3,0,0,2,5,151,0,2,0,71,2022,Round 15,2022-06-23,10664
Melbourne,James Harmes,7,10,12,75.0,0,0,0,4,0,0,1,5,291,3,2,2,82,2022,Round 15,2022-06-23,10664
Melbourne,Ed Langdon,6,9,7,46.7,0,0,0,0,0,0,2,6,275,3,2,0,100,2022,Round 15,2022-06-23,10664
Melbourne,Michael Hibberd,6,9,10,71.4,0,0,0,1,0,0,0,1,182,2,6,0,85,2022,Round 15,2022-06-23,10664
Melbourne,Charlie Spargo,6,9,10,76.9,0,3,1,1,0,0,2,8,247,2,1,1,67,2022,Round 15,2022-06-23,10664
Melbourne,Kysaiah Pickett,3,7,9,75.0,0,0,2,2,0,0,0,7,157,2,2,0,78,2022,Round 15,2022-06-23,10664
Melbourne,Ben Brown,4,7,2,18.2,2,0,3,2,0,0,0,6,206,3,0,1,75,2022,Round 15,2022-06-23,10664
Melbourne,Sam Weideman,5,7,8,72.7,0,1,1,2,0,0,1,4,108,1,1,1,71,2022,Round 15,2022-06-23,10664
Melbourne,Toby Bedford,5,6,11,100.0,0,2,0,0,0,0,1,7,203,1,2,2,75,2022,Round 15,2022-06-23,10664
Melbourne,Jake Bowey,4,7,9,81.8,0,0,0,0,0,0,1,4,110,1,4,0,69,2022,Round 15,2022-06-23,10664
Melbourne,Bayley Fritsch,7,5,7,70.0,1,0,3,5,0,0,1,7,240,4,1,1,90,2022,Round 15,2022-06-23,10664
Melbourne,Harrison Petty,3,6,7,87.5,1,0,0,0,0,0,0,3,57,1,4,0,91,2022,Round 15,2022-06-23,10664
Brisbane Lions,Daniel Rich,4,20,32,97.0,0,0,0,1,0,0,1,2,875,6,3,0,85,2022,Round 15,2022-06-23,10664
Brisbane Lions,Hugh Mccluggage,8,18,13,48.1,1,0,0,0,1,3,0,2,545,10,3,2,90,2022,Round 15,2022-06-23,10664
Brisbane Lions,Oscar Mcinerney,18,5,13,56.5,3,0,1,4,0,3,9,5,408,6,2,0,83,2022,Round 15,2022-06-23,10664
Brisbane Lions,Lachie Neale,12,9,17,77.3,1,1,1,0,0,3,4,9,335,3,2,1,90,2022,Round 15,2022-06-23,10664
Brisbane Lions,Brandon Starcevich,11,8,12,63.2,0,0,0,3,0,0,0,2,273,5,9,0,89,2022,Round 15,2022-06-23,10664
Brisbane Lions,Keidean Coleman,4,12,16,84.2,0,0,0,2,0,0,0,0,337,6,5,0,78,2022,Round 15,2022-06-23,10664
Brisbane Lions,Harris Andrews,7,12,13,72.2,2,0,0,15,0,0,0,0,393,4,9,0,89,2022,Round 15,2022-06-23,10664
Brisbane Lions,Jarrod Berry,4,14,13,72.2,0,0,0,1,0,0,0,2,265,2,2,0,86,2022,Round 15,2022-06-23,10664
Brisbane Lions,Jarryd Lyons,8,4,9,64.3,0,0,0,2,0,2,2,2,80,2,4,0,47,2022,Round 15,2022-06-23,10664
Brisbane Lions,Cameron Rayner,7,6,10,71.4,0,1,1,2,0,2,2,6,336,3,1,1,77,2022,Round 15,2022-06-23,10664
Brisbane Lions,Noah Answerth,4,10,11,78.6,0,0,0,4,0,0,0,1,212,5,6,0,86,2022,Round 15,2022-06-23,10664
Brisbane Lions,Daniel Mcstay,8,6,7,53.8,2,1,1,2,0,0,0,4,109,2,2,0,76,2022,Round 15,2022-06-23,10664
Brisbane Lions,Charlie Cameron,5,9,7,53.8,1,1,0,1,0,0,0,2,117,3,4,3,91,2022,Round 15,2022-06-23,10664
Brisbane Lions,Jack Payne,5,8,10,76.9,2,0,0,6,0,0,0,1,238,3,7,0,76,2022,Round 15,2022-06-23,10664
Brisbane Lions,Mitch Robinson,1,9,6,60.0,0,0,1,1,0,0,0,2,201,3,0,1,74,2022,Round 15,2022-06-23,10664
Brisbane Lions,Lincoln Mccarthy,4,5,5,50.0,0,0,1,1,0,0,0,5,249,2,0,0,82,2022,Round 15,2022-06-23,10664
Brisbane Lions,Joe Daniher,7,2,5,55.6,2,0,1,1,0,0,0,5,187,2,2,2,97,2022,Round 15,2022-06-23,10664
Brisbane Lions,James Tunstill,2,9,8,88.9,0,0,0,1,0,0,1,2,177,3,1,0,58,2022,Round 15,2022-06-23,10664
Brisbane Lions,Eric Hipwood,4,4,3,37.5,1,0,1,1,0,0,0,3,235,4,0,1,83,2022,Round 15,2022-06-23,10664
Brisbane Lions,Thomas Berry,4,4,5,62.5,0,1,0,0,0,0,2,1,41,4,0,0,65,2022,Round 15,2022-06-23,10664
Brisbane Lions,Deven Robertson,3,5,5,62.5,0,0,0,1,0,1,0,1,36,1,1,1,83,2022,Round 15,2022-06-23,10664
Brisbane Lions,Callum Ah Chee,0,5,5,100.0,0,0,0,0,0,0,0,1,0,0,1,0,18,2022,Round 15,2022-06-23,10664
Brisbane Lions,Marcus Adams,2,3,5,100.0,0,0,0,8,0,0,0,1,68,0,2,0,96,2022,Round 15,2022-06-23,10664
West Coast,Jack Redden,7,14,16,72.7,0,1,0,1,0,0,2,4,389,5,5,0,82,2022,Round 15,2022-06-24,10669
West Coast,Shannon Hurn,2,15,19,90.5,0,0,0,1,0,0,0,4,383,2,3,0,84,2022,Round 15,2022-06-24,10669
West Coast,Luke Shuey,13,10,16,76.2,0,0,0,1,0,5,1,7,225,3,3,0,69,2022,Round 15,2022-06-24,10669
West Coast,Elliot Yeo,6,12,17,85.0,0,0,0,2,2,0,0,5,585,7,6,0,79,2022,Round 15,2022-06-24,10669
West Coast,Liam Duggan,5,14,16,80.0,0,1,0,1,0,1,1,8,506,2,5,0,86,2022,Round 15,2022-06-24,10669
West Coast,Andrew Gaff,4,15,15,78.9,0,0,1,0,0,1,1,6,156,2,1,0,84,2022,Round 15,2022-06-24,10669
West Coast,Willie Rioli,9,9,14,73.7,1,1,3,0,1,1,3,8,225,2,1,3,75,2022,Round 15,2022-06-24,10669
West Coast,Tim Kelly,8,10,12,63.2,0,0,0,1,0,3,3,3,311,7,2,0,84,2022,Round 15,2022-06-24,10669
West Coast,Connor West,10,6,10,62.5,0,0,0,1,0,2,1,4,169,6,2,0,80,2022,Round 15,2022-06-24,10669
West Coast,Jamie Cripps,5,9,11,73.3,0,2,4,1,0,0,3,11,474,0,3,1,95,2022,Round 15,2022-06-24,10669
West Coast,Jamaine Jones,8,9,12,80.0,0,0,0,1,0,0,0,4,161,3,7,0,70,2022,Round 15,2022-06-24,10669
West Coast,Jack Darling,7,7,9,64.3,3,1,3,4,0,0,0,8,340,1,1,0,100,2022,Round 15,2022-06-24,10669
West Coast,Jake Waterman,6,9,12,85.7,2,2,0,1,0,0,0,8,174,2,1,0,84,2022,Round 15,2022-06-24,10669
West Coast,Brady Hough,2,12,10,71.4,0,3,0,0,1,1,0,7,360,3,0,0,86,2022,Round 15,2022-06-24,10669
West Coast,Joshua Kennedy,4,9,9,75.0,1,1,5,1,0,0,0,9,243,2,1,0,88,2022,Round 15,2022-06-24,10669
West Coast,Tom Barrass,0,10,10,90.9,0,0,0,13,1,0,0,3,151,3,6,0,100,2022,Round 15,2022-06-24,10669
West Coast,Liam Ryan,3,8,10,90.9,0,0,1,0,0,0,0,7,262,0,3,0,69,2022,Round 15,2022-06-24,10669
West Coast,Rhett Bazzo,3,7,6,54.5,0,0,0,1,0,0,0,2,157,3,5,0,89,2022,Round 15,2022-06-24,10669
West Coast,Josh Rotham,2,8,9,90.0,0,0,0,3,0,0,0,1,130,1,1,0,92,2022,Round 15,2022-06-24,10669
West Coast,Bailey Williams 1,5,3,3,37.5,0,0,1,1,0,0,0,4,65,2,1,0,74,2022,Round 15,2022-06-24,10669
West Coast,Jack Petruccelle,4,2,4,80.0,1,0,0,1,0,0,1,1,101,1,1,1,72,2022,Round 15,2022-06-24,10669
West Coast,Callum Jamieson,0,2,1,50.0,0,0,0,0,0,0,0,1,29,1,0,0,57,2022,Round 15,2022-06-24,10669
Essendon,Zachary Merrett,10,20,18,64.3,0,2,0,0,0,2,1,6,498,8,5,1,84,2022,Round 15,2022-06-24,10669
Essendon,Dylan Shiel,11,13,21,80.8,1,1,0,0,1,6,3,8,398,3,1,2,76,2022,Round 15,2022-06-24,10669
Essendon,Jake Kelly,3,18,20,95.2,0,1,0,0,0,0,0,4,204,0,5,0,94,2022,Round 15,2022-06-24,10669
Essendon,Mason Redman,5,12,21,100.0,0,1,0,4,1,0,0,8,449,1,8,0,89,2022,Round 15,2022-06-24,10669
Essendon,Dyson Heppell,4,16,17,85.0,0,1,0,4,0,0,0,5,406,5,5,0,75,2022,Round 15,2022-06-24,10669
Essendon,Jye Caldwell,9,11,15,75.0,1,0,0,1,0,3,3,6,283,3,3,0,81,2022,Round 15,2022-06-24,10669
Essendon,Nick Hind,3,16,13,65.0,0,1,0,1,4,0,1,4,528,4,3,0,84,2022,Round 15,2022-06-24,10669
Essendon,Nicholas Martin,6,14,17,85.0,0,1,3,0,0,0,3,9,262,1,2,0,87,2022,Round 15,2022-06-24,10669
Essendon,Kyle Langford,1,17,14,82.4,1,0,0,1,0,0,0,5,275,4,0,0,81,2022,Round 15,2022-06-24,10669
Essendon,Jordan Ridley,5,8,15,93.8,0,0,0,7,0,0,0,0,226,1,6,0,95,2022,Round 15,2022-06-24,10669
Essendon,Massimo D Ambrosio,6,9,11,78.6,0,0,0,1,0,0,0,2,188,3,5,0,75,2022,Round 15,2022-06-24,10669
Essendon,Jake Stringer,9,5,12,92.3,0,0,2,4,0,4,2,7,327,3,1,2,82,2022,Round 15,2022-06-24,10669
Essendon,Peter Wright,7,7,8,61.5,2,2,6,5,0,0,0,12,312,1,1,0,100,2022,Round 15,2022-06-24,10669
Essendon,Ben Hobbs,5,7,9,75.0,0,0,0,0,0,0,0,6,41,1,2,0,74,2022,Round 15,2022-06-24,10669
Essendon,Will Snelling,3,8,6,54.5,0,0,0,0,0,0,1,4,162,1,0,0,81,2022,Round 15,2022-06-24,10669
Essendon,Sam Durham,6,8,7,63.6,0,0,0,2,0,1,1,2,133,4,2,0,86,2022,Round 15,2022-06-24,10669
Essendon,Archie Perkins,2,7,5,50.0,0,0,1,0,0,1,0,6,362,2,0,0,71,2022,Round 15,2022-06-24,10669
Essendon,Jayden Laverde,2,7,8,88.9,2,0,0,7,0,0,0,4,72,1,3,0,89,2022,Round 15,2022-06-24,10669
Essendon,Matt Guelfi,5,5,5,55.6,0,0,0,1,0,0,0,2,125,4,2,0,78,2022,Round 15,2022-06-24,10669
Essendon,Harrison Jones 1,6,3,8,88.9,2,1,1,3,0,0,0,5,95,1,2,2,84,2022,Round 15,2022-06-24,10669
Essendon,Nick Bryan,2,6,5,62.5,0,0,0,1,0,0,1,0,181,4,1,0,60,2022,Round 15,2022-06-24,10669
Essendon,Sam Draper,8,0,4,57.1,0,0,0,5,0,1,3,6,106,3,1,0,74,2022,Round 15,2022-06-24,10669
Western Bulldogs,Jackson Macrae,12,22,22,71.0,0,1,0,6,1,0,6,6,417,6,1,0,80,2022,Round 15,2022-06-24,10667
Western Bulldogs,Thomas Liberatore,16,14,23,76.7,0,1,0,2,0,7,4,12,439,4,2,0,77,2022,Round 15,2022-06-24,10667
Western Bulldogs,Bailey Dale,6,14,24,85.7,0,0,0,2,2,0,0,2,575,5,7,0,87,2022,Round 15,2022-06-24,10667
Western Bulldogs,Adam Treloar,13,15,20,74.1,0,0,0,0,1,1,1,6,237,2,1,0,79,2022,Round 15,2022-06-24,10667
Western Bulldogs,Marcus Bontempelli,12,16,18,66.7,0,1,0,3,0,6,2,13,521,6,2,2,85,2022,Round 15,2022-06-24,10667
Western Bulldogs,Josh Dunkley,10,18,21,77.8,0,0,0,4,0,3,1,7,198,5,2,0,89,2022,Round 15,2022-06-24,10667
Western Bulldogs,Caleb Daniel,1,18,18,81.8,0,1,0,2,1,0,0,4,463,3,1,0,80,2022,Round 15,2022-06-24,10667
Western Bulldogs,Anthony Scott,4,20,16,72.7,0,1,0,3,1,0,1,3,353,3,3,0,87,2022,Round 15,2022-06-24,10667
Western Bulldogs,Ryan Gardner,8,13,19,95.0,2,0,0,6,0,0,0,1,186,2,9,0,96,2022,Round 15,2022-06-24,10667
Western Bulldogs,Rhylee West,12,7,10,52.6,2,3,2,2,0,0,1,13,298,2,2,3,78,2022,Round 15,2022-06-24,10667
Western Bulldogs,Jason Johannisen,7,10,17,94.4,2,0,1,0,0,0,1,8,168,0,3,0,77,2022,Round 15,2022-06-24,10667
Western Bulldogs,Alex Keath,4,16,12,66.7,1,1,0,4,0,0,0,2,206,5,8,0,90,2022,Round 15,2022-06-24,10667
Western Bulldogs,Tim O Brien,7,10,13,86.7,0,0,1,4,0,1,0,1,157,4,8,0,78,2022,Round 15,2022-06-24,10667
Western Bulldogs,Hayden Crozier,4,11,11,78.6,1,0,0,4,0,0,0,2,271,3,7,0,86,2022,Round 15,2022-06-24,10667
Western Bulldogs,Robbie Mccomb,5,8,12,85.7,0,0,0,1,0,0,1,3,145,2,2,0,75,2022,Round 15,2022-06-24,10667
Western Bulldogs,Bailey Williams,2,12,9,69.2,0,0,0,2,0,0,0,3,102,3,2,0,85,2022,Round 15,2022-06-24,10667
Western Bulldogs,Josh Schache,7,5,10,83.3,3,0,2,0,0,1,0,4,134,2,2,2,84,2022,Round 15,2022-06-24,10667
Western Bulldogs,Jamarra Ugle Hagan,6,5,4,36.4,4,0,3,1,0,0,0,5,224,4,1,0,76,2022,Round 15,2022-06-24,10667
Western Bulldogs,Aaron Naughton,5,5,7,70.0,3,2,4,1,0,0,0,8,258,1,1,2,86,2022,Round 15,2022-06-24,10667
Western Bulldogs,Ed Richards,3,6,8,88.9,0,0,0,3,0,0,1,1,73,1,3,0,31,2022,Round 15,2022-06-24,10667
Western Bulldogs,Jordon Sweet,5,2,7,100.0,0,0,0,1,0,0,3,3,171,2,2,1,75,2022,Round 15,2022-06-24,10667
Western Bulldogs,Cody Weightman,0,1,1,100.0,0,0,0,0,0,0,0,0,49,1,0,0,76,2022,Round 15,2022-06-24,10667
Western Bulldogs,Lachlan Mcneil,1,0,1,100.0,0,0,0,1,0,0,0,1,35,1,0,0,41,2022,Round 15,2022-06-24,10667
Hawthorn,Jack Scrimshaw,10,15,23,88.5,3,0,0,4,0,0,1,4,203,2,13,0,86,2022,Round 15,2022-06-24,10667
Hawthorn,James Worpel,16,9,14,56.0,0,0,0,1,0,3,4,4,163,5,2,1,76,2022,Round 15,2022-06-24,10667
Hawthorn,Tom Mitchell,10,13,17,77.3,0,1,1,1,0,2,4,6,311,5,1,0,78,2022,Round 15,2022-06-24,10667
Hawthorn,James Sicily,4,15,20,90.9,0,0,0,3,2,0,0,2,519,8,6,0,96,2022,Round 15,2022-06-24,10667
Hawthorn,Jaeger O Meara,11,12,12,57.1,0,1,1,2,1,3,2,2,308,2,1,1,75,2022,Round 15,2022-06-24,10667
Hawthorn,Daniel Howe,5,15,12,60.0,0,0,0,4,0,0,0,2,343,8,5,0,88,2022,Round 15,2022-06-24,10667
Hawthorn,Jai Newcombe,5,13,14,73.7,1,0,0,0,1,1,0,5,302,5,5,1,79,2022,Round 15,2022-06-24,10667
Hawthorn,Connor Macdonald,7,11,13,68.4,0,2,1,0,0,0,1,6,280,3,2,0,79,2022,Round 15,2022-06-24,10667
Hawthorn,Jarman Impey,6,11,14,82.4,1,1,0,1,0,0,1,3,245,2,4,0,82,2022,Round 15,2022-06-24,10667
Hawthorn,Conor Nash,5,12,13,81.2,0,0,0,3,1,0,1,5,112,1,2,1,76,2022,Round 15,2022-06-24,10667
Hawthorn,Harry Morrison,4,12,8,50.0,0,0,1,2,0,0,1,6,294,4,4,0,81,2022,Round 15,2022-06-24,10667
Hawthorn,Changkuoth Jiath,4,14,10,62.5,0,0,0,0,4,0,0,2,265,6,5,0,78,2022,Round 15,2022-06-24,10667
Hawthorn,Dylan Moore,5,12,13,81.2,1,2,1,0,0,0,0,7,293,1,2,6,78,2022,Round 15,2022-06-24,10667
Hawthorn,Lachlan Bramble,2,13,14,87.5,0,1,1,1,1,0,0,5,464,2,1,0,79,2022,Round 15,2022-06-24,10667
Hawthorn,Luke Breust,6,9,9,60.0,1,0,1,0,0,0,0,6,289,3,1,2,78,2022,Round 15,2022-06-24,10667
Hawthorn,Mitchell Lewis,6,9,11,73.3,3,1,4,0,0,0,0,9,223,2,0,1,98,2022,Round 15,2022-06-24,10667
Hawthorn,Blake Hardwick,0,8,10,90.9,0,0,0,3,0,0,0,2,118,1,3,0,79,2022,Round 15,2022-06-24,10667
Hawthorn,Liam Shiels,5,5,7,70.0,0,0,0,1,0,0,1,3,106,3,2,0,78,2022,Round 15,2022-06-24,10667
Hawthorn,James Blanck,3,7,9,90.0,0,0,0,4,0,0,0,3,196,1,5,0,88,2022,Round 15,2022-06-24,10667
Hawthorn,Sam Butler 1,5,4,5,55.6,2,0,1,0,0,0,0,5,110,1,1,0,80,2022,Round 15,2022-06-24,10667
Hawthorn,Ned Reeves,8,2,6,75.0,0,0,1,5,0,3,1,2,38,0,1,1,75,2022,Round 15,2022-06-24,10667
Hawthorn,Jacob Koschitzke,6,2,4,66.7,1,0,1,4,0,0,1,4,128,4,1,3,93,2022,Round 15,2022-06-24,10667
Carlton,Sam Walsh,13,28,34,85.0,0,0,0,0,2,3,4,6,543,2,4,1,86,2022,Round 15,2022-06-25,10661
Carlton,Sam Docherty,3,24,24,80.0,0,0,0,2,1,0,1,4,485,7,4,0,86,2022,Round 15,2022-06-25,10661
Carlton,Zac Fisher,8,23,24,82.8,0,1,0,1,1,0,3,5,389,7,2,0,83,2022,Round 15,2022-06-25,10661
Carlton,Adam Saad,7,20,26,92.9,0,0,0,1,4,0,1,4,418,4,7,0,79,2022,Round 15,2022-06-25,10661
Carlton,George Hewett,11,18,22,81.5,0,1,0,1,0,2,4,6,344,6,3,0,79,2022,Round 15,2022-06-25,10661
Carlton,Matthew Kennedy 1,13,14,21,84.0,0,0,0,0,0,2,6,4,267,6,2,0,68,2022,Round 15,2022-06-25,10661
Carlton,Patrick Cripps,15,8,18,81.8,1,0,1,1,0,5,3,3,219,1,1,1,84,2022,Round 15,2022-06-25,10661
Carlton,Jack Newnes,6,15,16,80.0,0,1,1,0,0,0,3,3,288,2,2,1,78,2022,Round 15,2022-06-25,10661
Carlton,Lochie O Brien,2,17,14,73.7,0,1,0,1,0,0,1,5,464,5,1,0,77,2022,Round 15,2022-06-25,10661
Carlton,Matt Cottrell,6,11,14,82.4,0,1,1,1,0,1,0,3,283,3,2,0,78,2022,Round 15,2022-06-25,10661
Carlton,Brodie Kemp,1,16,17,100.0,1,0,0,7,1,0,0,3,240,1,3,0,89,2022,Round 15,2022-06-25,10661
Carlton,Nic Newman,1,15,14,87.5,1,0,0,1,0,0,0,2,274,0,2,0,85,2022,Round 15,2022-06-25,10661
Carlton,Jack Silvagni,4,10,12,85.7,1,0,1,1,0,0,0,3,229,2,1,3,85,2022,Round 15,2022-06-25,10661
Carlton,Lewis Young,6,7,11,84.6,1,0,0,15,0,0,0,1,178,1,8,0,100,2022,Round 15,2022-06-25,10661
Carlton,Tom De Koning,9,4,10,76.9,2,0,0,2,0,1,2,3,171,0,3,0,81,2022,Round 15,2022-06-25,10661
Carlton,Jordan Boyd,2,10,10,76.9,0,0,0,0,0,0,0,1,218,1,4,0,76,2022,Round 15,2022-06-25,10661
Carlton,Lachlan Plowman,4,8,11,91.7,0,1,0,5,0,0,0,2,31,1,5,0,85,2022,Round 15,2022-06-25,10661
Carlton,Charlie Curnow,7,4,8,80.0,1,0,3,2,0,0,0,6,262,1,0,1,89,2022,Round 15,2022-06-25,10661
Carlton,Harry Mckay,4,5,6,66.7,0,1,2,3,0,0,1,5,165,1,0,4,95,2022,Round 15,2022-06-25,10661
Carlton,Josh Honey,3,6,6,66.7,0,0,1,0,0,0,0,2,59,3,1,2,69,2022,Round 15,2022-06-25,10661
Carlton,Corey Durdin,3,7,7,77.8,0,1,1,0,0,0,0,3,209,4,0,1,74,2022,Round 15,2022-06-25,10661
Carlton,Jesse Motlop,2,3,4,80.0,0,0,0,0,1,0,0,1,132,1,0,3,67,2022,Round 15,2022-06-25,10661
Carlton,Will Setterfield,1,1,2,100.0,0,0,0,0,0,0,1,0,41,0,0,0,7,2022,Round 15,2022-06-25,10661
Fremantle,Will Brodie,16,19,26,72.2,0,0,0,2,0,2,3,3,409,8,6,1,76,2022,Round 15,2022-06-25,10661
Fremantle,Andrew Brayshaw,11,17,20,74.1,0,0,0,3,0,1,4,5,126,2,2,0,83,2022,Round 15,2022-06-25,10661
Fremantle,Hayden Young,8,17,23,92.0,2,0,0,2,0,0,2,1,370,5,7,0,84,2022,Round 15,2022-06-25,10661
Fremantle,James Aish,7,16,15,65.2,0,2,0,0,0,0,3,4,499,4,1,0,81,2022,Round 15,2022-06-25,10661
Fremantle,Jordan Clark,8,12,19,95.0,0,0,0,2,0,0,0,5,322,0,9,0,82,2022,Round 15,2022-06-25,10661
Fremantle,Caleb Serong,9,11,14,70.0,0,0,0,2,0,1,4,6,237,2,3,0,77,2022,Round 15,2022-06-25,10661
Fremantle,Ethan Hughes,4,13,14,77.8,0,0,0,1,1,0,2,3,138,3,2,0,79,2022,Round 15,2022-06-25,10661
Fremantle,Brennan Cox,4,10,14,77.8,1,0,0,4,0,0,0,2,364,1,8,0,86,2022,Round 15,2022-06-25,10661
Fremantle,Luke Ryan,1,8,13,81.2,0,0,0,2,0,0,0,2,444,2,2,0,79,2022,Round 15,2022-06-25,10661
Fremantle,Sean Darcy,10,5,12,80.0,1,0,1,1,0,1,3,4,235,2,1,1,84,2022,Round 15,2022-06-25,10661
Fremantle,Liam Henry,3,12,11,73.3,1,0,1,1,0,0,0,8,250,1,1,0,71,2022,Round 15,2022-06-25,10661
Fremantle,Brandon Walker,2,12,14,100.0,0,0,0,4,0,0,1,4,193,0,0,0,78,2022,Round 15,2022-06-25,10661
Fremantle,David Mundy,2,10,8,61.5,0,0,0,0,0,0,0,1,177,2,0,0,61,2022,Round 15,2022-06-25,10661
Fremantle,Alex Pearce,5,6,12,92.3,1,0,0,8,0,0,0,2,219,2,8,0,95,2022,Round 15,2022-06-25,10661
Fremantle,Matthew Taberner,6,6,5,41.7,5,0,2,1,0,0,0,2,150,4,0,0,79,2022,Round 15,2022-06-25,10661
Fremantle,Lachlan Schultz,7,5,7,58.3,1,0,1,2,0,0,0,4,199,4,2,2,83,2022,Round 15,2022-06-25,10661
Fremantle,Nathan Fyfe,7,4,6,54.5,1,0,0,1,0,0,2,0,154,5,1,1,73,2022,Round 15,2022-06-25,10661
Fremantle,Rory Lobb,4,7,8,72.7,1,1,2,3,0,0,0,4,196,2,1,0,100,2022,Round 15,2022-06-25,10661
Fremantle,Bailey Banfield,4,8,8,72.7,1,2,2,0,0,0,0,5,248,3,0,1,86,2022,Round 15,2022-06-25,10661
Fremantle,Minairo Frederick,2,7,8,88.9,0,0,0,1,0,0,0,3,154,2,0,0,83,2022,Round 15,2022-06-25,10661
Fremantle,Griffin Logue,6,2,6,75.0,0,0,0,16,0,0,1,2,111,0,6,0,96,2022,Round 15,2022-06-25,10661
Fremantle,Travis Colyer,1,3,3,75.0,0,1,1,1,0,0,0,2,102,1,0,0,83,2022,Round 15,2022-06-25,10661
Geelong,Thomas Stewart,13,14,24,82.8,1,0,0,3,0,0,2,5,737,5,17,0,94,2022,Round 15,2022-06-25,10663
Geelong,Cameron Guthrie,11,16,19,67.9,0,0,1,0,0,1,2,8,301,3,3,2,82,2022,Round 15,2022-06-25,10663
Geelong,Mitchell Duncan,4,18,16,64.0,0,0,0,0,1,0,1,3,492,7,4,0,80,2022,Round 15,2022-06-25,10663
Geelong,Tom Atkins,13,9,16,76.2,0,0,0,3,0,6,2,3,229,7,6,0,81,2022,Round 15,2022-06-25,10663
Geelong,Isaac Smith,4,15,14,70.0,0,0,1,2,2,0,0,3,375,3,2,0,81,2022,Round 15,2022-06-25,10663
Geelong,Joel Selwood,9,8,11,61.1,0,0,0,1,0,3,3,3,209,4,1,1,80,2022,Round 15,2022-06-25,10663
Geelong,Sam Menegola,6,12,10,55.6,0,1,1,2,0,0,1,3,416,6,3,0,77,2022,Round 15,2022-06-25,10663
Geelong,Tyson Stengle,5,13,12,66.7,0,1,3,1,0,0,1,7,409,5,1,0,75,2022,Round 15,2022-06-25,10663
Geelong,Zach Tuohy,5,12,11,64.7,0,0,1,1,0,0,1,5,314,4,5,0,86,2022,Round 15,2022-06-25,10663
Geelong,Mark Blicavs,7,10,11,64.7,2,0,1,2,0,2,1,3,323,4,2,0,85,2022,Round 15,2022-06-25,10663
Geelong,Jeremy Cameron,4,12,13,81.2,2,0,3,2,1,0,0,6,307,1,1,0,95,2022,Round 15,2022-06-25,10663
Geelong,Jed Bews,3,12,12,80.0,0,0,0,0,0,0,0,0,325,3,3,0,80,2022,Round 15,2022-06-25,10663
Geelong,Sam De Koning,11,4,14,93.3,2,0,0,5,0,0,1,2,139,3,12,0,90,2022,Round 15,2022-06-25,10663
Geelong,Mark O Connor,9,5,11,84.6,1,1,0,3,0,0,0,1,118,1,6,0,77,2022,Round 15,2022-06-25,10663
Geelong,Zach Guthrie,4,9,10,83.3,0,0,0,3,1,0,1,1,203,2,2,0,81,2022,Round 15,2022-06-25,10663
Geelong,Bradley Close,4,8,10,83.3,0,1,0,0,0,0,1,5,242,2,2,1,83,2022,Round 15,2022-06-25,10663
Geelong,Jake Kolodjashnij,5,6,4,40.0,1,0,0,3,0,0,0,0,89,5,4,0,81,2022,Round 15,2022-06-25,10663
Geelong,Jack Henry,7,4,8,80.0,3,0,1,2,0,0,0,5,164,1,0,1,86,2022,Round 15,2022-06-25,10663
Geelong,Gryan Miers,3,8,9,90.0,0,1,0,1,0,0,0,5,177,0,0,2,73,2022,Round 15,2022-06-25,10663
Geelong,Max Holmes,5,5,4,40.0,1,0,1,0,0,1,0,3,103,3,1,0,64,2022,Round 15,2022-06-25,10663
Geelong,Tom Hawkins,3,6,6,75.0,1,1,1,3,0,0,0,5,194,3,0,0,95,2022,Round 15,2022-06-25,10663
Geelong,Rhys Stanley,5,2,4,66.7,0,1,0,4,0,1,1,4,100,1,0,0,75,2022,Round 15,2022-06-25,10663
Richmond,Daniel Rioli,5,21,18,66.7,0,0,0,0,1,0,1,7,363,5,3,0,87,2022,Round 15,2022-06-25,10663
Richmond,Jack Ross,9,16,21,84.0,0,1,0,0,1,2,4,4,257,4,3,0,74,2022,Round 15,2022-06-25,10663
Richmond,Nick Vlastuin,6,14,23,95.8,2,1,0,3,0,0,1,4,478,1,7,0,86,2022,Round 15,2022-06-25,10663
Richmond,Liam Baker,14,11,20,83.3,0,2,0,3,0,5,2,4,479,5,3,0,75,2022,Round 15,2022-06-25,10663
Richmond,Toby Nankervis,11,11,15,68.2,0,0,0,1,0,0,5,3,226,6,7,1,74,2022,Round 15,2022-06-25,10663
Richmond,Kamdyn Mcintosh,2,18,17,81.0,0,0,0,5,3,0,0,2,378,5,3,0,84,2022,Round 15,2022-06-25,10663
Richmond,Jayden Short,2,17,15,71.4,0,0,0,2,1,1,2,3,504,3,1,0,83,2022,Round 15,2022-06-25,10663
Richmond,Dustin Martin,9,11,9,47.4,0,0,2,2,0,2,1,6,302,5,2,1,90,2022,Round 15,2022-06-25,10663
Richmond,Jack Graham,7,11,14,82.4,0,0,0,1,0,1,2,5,166,3,2,0,82,2022,Round 15,2022-06-25,10663
Richmond,Dylan Grimes,8,7,12,75.0,0,0,0,3,0,0,0,2,187,3,12,0,93,2022,Round 15,2022-06-25,10663
Richmond,Nathan Broad,1,12,12,75.0,0,0,0,7,1,0,0,1,333,2,3,0,86,2022,Round 15,2022-06-25,10663
Richmond,Marlion Pickett,6,10,9,56.2,1,1,0,1,0,1,0,5,326,7,7,0,86,2022,Round 15,2022-06-25,10663
Richmond,Shai Bolton,6,8,9,64.3,3,1,4,1,2,0,0,7,303,4,1,0,87,2022,Round 15,2022-06-25,10663
Richmond,Shane Edwards,6,9,10,76.9,0,0,0,2,0,0,0,3,207,1,3,1,77,2022,Round 15,2022-06-25,10663
Richmond,Hugo Ralphsmith,3,8,12,92.3,0,1,0,3,1,0,1,4,430,4,2,0,83,2022,Round 15,2022-06-25,10663
Richmond,Thomas Lynch,9,2,6,50.0,5,0,4,1,0,0,0,5,162,5,1,0,89,2022,Round 15,2022-06-25,10663
Richmond,Robert Tarrant,4,7,7,70.0,2,0,0,4,0,0,0,0,169,2,6,0,86,2022,Round 15,2022-06-25,10663
Richmond,Jack Riewoldt,4,6,6,85.7,1,1,0,3,0,0,0,2,271,5,1,2,91,2022,Round 15,2022-06-25,10663
Richmond,Ivan Soldo,2,3,4,57.1,0,0,1,0,0,0,2,4,39,1,3,0,49,2022,Round 15,2022-06-25,10663
Richmond,Maurice Rioli 1,1,5,5,83.3,0,0,3,4,1,0,0,4,171,1,1,1,80,2022,Round 15,2022-06-25,10663
Richmond,Dion Prestia,0,4,3,75.0,0,0,0,2,0,0,0,0,79,1,0,0,16,2022,Round 15,2022-06-25,10663
Richmond,Judson Clarke,1,3,2,50.0,0,0,1,1,3,0,0,2,102,2,1,0,71,2022,Round 15,2022-06-25,10663
Richmond,Josh Gibcus,1,2,2,66.7,0,0,0,4,0,0,0,0,39,0,0,0,71,2022,Round 15,2022-06-25,10663
Sydney,Jake Lloyd,10,24,33,84.6,0,0,0,2,0,0,1,6,480,5,10,0,86,2022,Round 15,2022-06-25,10666
Sydney,Nick Blakey,8,18,26,83.9,0,2,0,4,1,0,0,8,560,4,11,0,74,2022,Round 15,2022-06-25,10666
Sydney,Oliver Florent,3,23,23,85.2,0,0,0,0,1,0,0,5,352,3,4,0,87,2022,Round 15,2022-06-25,10666
Sydney,Callum Mills,9,14,16,69.6,0,1,0,0,0,0,2,6,289,5,2,1,87,2022,Round 15,2022-06-25,10666
Sydney,Dylan Stephens,8,13,15,65.2,0,0,0,1,0,0,3,5,474,7,4,0,79,2022,Round 15,2022-06-25,10666
Sydney,Tom Hickey,15,10,18,81.8,1,0,1,7,0,0,7,8,131,3,5,0,76,2022,Round 15,2022-06-25,10666
Sydney,Robbie Fox,7,15,18,81.8,0,0,0,7,0,0,2,3,309,4,5,0,87,2022,Round 15,2022-06-25,10666
Sydney,Errol Gulden,6,15,18,90.0,0,1,0,1,1,0,3,6,367,1,2,0,81,2022,Round 15,2022-06-25,10666
Sydney,Luke Parker,9,7,11,57.9,0,0,1,0,0,1,6,6,217,2,2,0,80,2022,Round 15,2022-06-25,10666
Sydney,Tom Papley,10,10,12,63.2,0,1,1,1,2,4,0,7,320,7,0,1,87,2022,Round 15,2022-06-25,10666
Sydney,Chad Warner,3,16,13,68.4,1,1,1,1,0,0,0,7,518,3,1,0,73,2022,Round 15,2022-06-25,10666
Sydney,Dane Rampe,4,12,15,93.8,1,0,0,5,1,0,0,1,317,2,4,0,94,2022,Round 15,2022-06-25,10666
Sydney,Tom Mccartin,8,8,13,86.7,1,0,0,7,0,0,0,2,55,3,10,0,88,2022,Round 15,2022-06-25,10666
Sydney,Lance Franklin,9,5,7,53.8,2,1,1,3,0,0,0,6,359,3,1,0,88,2022,Round 15,2022-06-25,10666
Sydney,Paddy Mccartin,2,11,10,76.9,1,0,0,4,0,0,0,1,147,4,7,0,84,2022,Round 15,2022-06-25,10666
Sydney,James Rowbottom,7,7,8,61.5,0,0,0,3,0,1,2,2,212,6,2,0,77,2022,Round 15,2022-06-25,10666
Sydney,Isaac Heeney,0,10,6,54.5,0,0,3,0,0,0,0,5,116,3,0,0,89,2022,Round 15,2022-06-25,10666
Sydney,Sam Reid 1,2,8,8,80.0,0,1,1,4,0,0,0,6,167,0,1,1,75,2022,Round 15,2022-06-25,10666
Sydney,Ryan Clarke,3,7,10,100.0,1,0,2,0,0,0,0,4,88,2,1,0,81,2022,Round 15,2022-06-25,10666
Sydney,Braeden Campbell,4,7,6,66.7,0,0,0,2,0,0,0,2,104,2,2,0,72,2022,Round 15,2022-06-25,10666
Sydney,Will Hayward,4,4,4,57.1,0,1,1,2,0,0,1,4,103,0,1,0,83,2022,Round 15,2022-06-25,10666
Sydney,Logan Mcdonald,5,3,4,57.1,0,0,1,0,0,0,0,2,63,1,0,1,72,2022,Round 15,2022-06-25,10666
St Kilda,Sebastian Ross,8,24,23,74.2,0,0,0,0,0,2,1,4,316,4,3,2,80,2022,Round 15,2022-06-25,10666
St Kilda,Jack Steele,13,16,17,58.6,0,0,0,2,0,4,4,2,275,3,0,2,89,2022,Round 15,2022-06-25,10666
St Kilda,Brad Crouch,10,16,18,66.7,0,0,1,1,0,2,3,4,240,4,1,1,79,2022,Round 15,2022-06-25,10666
St Kilda,Rowan Marshall,12,10,19,82.6,1,0,0,2,0,1,4,5,299,2,8,0,90,2022,Round 15,2022-06-25,10666
St Kilda,Nasiah Wanganeen Milera,7,15,13,59.1,0,0,0,1,1,0,1,3,427,8,5,0,64,2022,Round 15,2022-06-25,10666
St Kilda,Jack Billings,5,15,16,76.2,1,0,1,0,0,0,0,3,270,3,4,1,82,2022,Round 15,2022-06-25,10666
St Kilda,Zak Jones,12,9,15,78.9,0,0,0,2,0,2,5,3,266,5,2,0,72,2022,Round 15,2022-06-25,10666
St Kilda,Jade Gresham,8,12,16,88.9,0,1,0,1,0,1,1,3,164,3,1,1,83,2022,Round 15,2022-06-25,10666
St Kilda,Jack Sinclair,6,9,14,82.4,0,0,0,1,0,0,4,2,300,3,4,0,89,2022,Round 15,2022-06-25,10666
St Kilda,Hunter Clark,8,10,14,82.4,1,0,0,3,0,0,1,1,187,4,9,1,83,2022,Round 15,2022-06-25,10666
St Kilda,Ryan Byrnes,2,14,11,64.7,0,0,0,0,0,0,0,4,224,4,1,0,80,2022,Round 15,2022-06-25,10666
St Kilda,Jimmy Webster,3,12,11,68.8,0,0,0,1,0,0,0,0,199,3,6,0,77,2022,Round 15,2022-06-25,10666
St Kilda,Callum Wilkie,7,11,14,87.5,2,0,0,6,0,0,0,2,199,3,9,0,100,2022,Round 15,2022-06-25,10666
St Kilda,Marcus Windhager,2,13,12,80.0,0,0,0,0,0,0,0,5,183,2,1,1,79,2022,Round 15,2022-06-25,10666
St Kilda,Tim Membrey,5,9,12,85.7,1,1,0,1,0,0,0,5,263,4,1,0,92,2022,Round 15,2022-06-25,10666
St Kilda,Dougal Howard,3,9,11,78.6,1,0,0,10,0,0,0,1,239,3,3,0,92,2022,Round 15,2022-06-25,10666
St Kilda,Josh Battle,5,8,13,92.9,1,0,0,4,0,0,0,1,283,4,5,0,87,2022,Round 15,2022-06-25,10666
St Kilda,Ben Paton,3,8,11,78.6,0,0,0,0,0,0,0,1,147,1,3,0,75,2022,Round 15,2022-06-25,10666
St Kilda,Ben Long,0,12,7,58.3,0,0,0,1,2,0,0,3,237,6,1,1,67,2022,Round 15,2022-06-25,10666
St Kilda,Max King 1,5,4,6,75.0,3,0,2,0,0,0,0,1,194,3,0,1,88,2022,Round 15,2022-06-25,10666
St Kilda,Cooper Sharman,2,4,4,66.7,0,0,1,2,0,0,0,0,104,3,1,0,80,2022,Round 15,2022-06-25,10666
St Kilda,Daniel Butler,4,2,4,80.0,0,0,0,0,0,0,0,2,141,0,2,5,73,2022,Round 15,2022-06-25,10666
North Melbourne,Aaron Hall,9,21,27,71.1,0,1,0,2,0,1,1,5,1169,10,6,0,84,2022,Round 15,2022-06-26,10665
North Melbourne,Jy Simpkin,9,19,15,53.6,0,0,0,3,0,0,2,5,380,4,3,1,86,2022,Round 15,2022-06-26,10665
North Melbourne,Hugh Greenwood,14,9,12,48.0,0,0,0,0,0,1,6,2,271,7,3,0,79,2022,Round 15,2022-06-26,10665
North Melbourne,Curtis Taylor,10,11,12,60.0,1,0,0,1,0,0,4,3,448,5,2,0,88,2022,Round 15,2022-06-26,10665
North Melbourne,Jed Anderson,12,10,9,47.4,0,0,0,3,0,2,3,7,276,2,2,0,73,2022,Round 15,2022-06-26,10665
North Melbourne,Luke Davies Uniacke,11,8,14,82.4,0,0,0,1,0,1,2,6,197,0,3,0,88,2022,Round 15,2022-06-26,10665
North Melbourne,Todd Goldstein,10,4,10,66.7,0,0,0,7,0,3,1,5,25,0,0,0,86,2022,Round 15,2022-06-26,10665
North Melbourne,Kayne Turner,7,10,14,93.3,1,0,0,2,0,0,0,2,152,2,12,0,85,2022,Round 15,2022-06-26,10665
North Melbourne,Jackson Archer,8,7,11,73.3,0,0,0,1,0,0,2,1,138,4,6,0,78,2022,Round 15,2022-06-26,10665
North Melbourne,Jaidyn Stephenson,2,12,7,50.0,0,0,1,1,1,0,1,3,267,5,0,0,78,2022,Round 15,2022-06-26,10665
North Melbourne,Tristan Xerri,7,7,7,50.0,1,0,2,4,0,1,2,1,312,6,5,0,57,2022,Round 15,2022-06-26,10665
North Melbourne,Luke Mcdonald,6,9,9,69.2,1,1,0,0,0,0,2,1,353,3,2,1,80,2022,Round 15,2022-06-26,10665
North Melbourne,Nick Larkey,6,4,7,63.6,1,0,2,1,0,0,0,6,194,2,1,0,90,2022,Round 15,2022-06-26,10665
North Melbourne,Paul Curtis,7,5,8,72.7,1,1,1,1,0,0,0,4,143,4,0,3,84,2022,Round 15,2022-06-26,10665
North Melbourne,Joshua Walker,5,5,6,60.0,3,0,0,8,0,0,0,0,151,0,6,0,91,2022,Round 15,2022-06-26,10665
North Melbourne,Cameron Zurhaar,7,2,4,40.0,4,0,3,0,0,0,2,5,166,5,0,0,82,2022,Round 15,2022-06-26,10665
North Melbourne,Aiden Bonar,2,7,8,80.0,0,0,0,6,0,0,0,1,78,0,4,0,85,2022,Round 15,2022-06-26,10665
North Melbourne,Aidan Corr,1,7,5,55.6,0,0,0,9,0,0,0,0,152,3,2,0,89,2022,Round 15,2022-06-26,10665
North Melbourne,Tom Powell,4,2,6,75.0,0,0,0,0,0,0,2,2,159,2,2,0,66,2022,Round 15,2022-06-26,10665
North Melbourne,Bailey Scott,2,3,4,80.0,0,0,0,1,0,0,0,0,105,2,2,0,45,2022,Round 15,2022-06-26,10665
North Melbourne,Ben Mckay,3,1,1,25.0,3,0,4,1,0,0,0,2,82,2,0,0,85,2022,Round 15,2022-06-26,10665
North Melbourne,Flynn Perez,0,4,3,75.0,0,0,0,3,0,0,0,1,67,0,0,0,42,2022,Round 15,2022-06-26,10665
North Melbourne,Tarryn Thomas,1,2,3,100.0,0,0,0,0,0,0,0,2,14,0,0,0,78,2022,Round 15,2022-06-26,10665
Adelaide,Rory Laird,22,11,24,70.6,0,0,0,0,0,5,6,8,316,6,7,2,78,2022,Round 15,2022-06-26,10665
Adelaide,Ben Keays,14,17,18,60.0,0,0,0,0,1,1,6,4,627,11,2,0,84,2022,Round 15,2022-06-26,10665
Adelaide,Jordan Dawson,5,20,24,82.8,1,0,0,3,0,0,0,4,606,4,10,0,91,2022,Round 15,2022-06-26,10665
Adelaide,Brodie Smith,5,13,13,61.9,0,0,0,2,0,0,1,2,579,6,4,0,82,2022,Round 15,2022-06-26,10665
Adelaide,Jackson Hately,7,15,17,81.0,0,0,1,1,0,0,3,4,365,2,2,0,89,2022,Round 15,2022-06-26,10665
Adelaide,Darcy Fogarty,10,9,15,75.0,3,2,4,0,0,0,0,10,458,3,2,0,83,2022,Round 15,2022-06-26,10665
Adelaide,Tom Doedee,6,8,11,78.6,0,0,0,4,0,0,1,1,133,1,6,0,90,2022,Round 15,2022-06-26,10665
Adelaide,James Rowe,4,10,11,78.6,0,1,1,0,0,0,1,7,273,2,0,3,81,2022,Round 15,2022-06-26,10665
Adelaide,Mitchell Hinge,1,12,6,46.2,0,2,0,3,0,0,1,4,412,2,3,0,81,2022,Round 15,2022-06-26,10665
Adelaide,Harry Schoenberg,8,7,9,69.2,0,1,0,2,0,0,5,4,243,3,3,1,75,2022,Round 15,2022-06-26,10665
Adelaide,Taylor Walker,6,6,9,75.0,3,0,3,1,0,0,1,10,346,1,2,2,80,2022,Round 15,2022-06-26,10665
Adelaide,Reilly O Brien,10,3,10,83.3,3,1,1,2,0,3,1,6,193,1,4,1,88,2022,Round 15,2022-06-26,10665
Adelaide,Jake Soligo,6,7,7,58.3,0,0,1,3,0,0,1,4,137,4,1,1,83,2022,Round 15,2022-06-26,10665
Adelaide,Wayne Milera,5,6,10,90.9,1,2,1,1,1,0,0,5,111,0,1,0,74,2022,Round 15,2022-06-26,10665
Adelaide,Jordon Butts,2,8,9,90.0,0,0,0,7,0,0,0,0,83,1,3,0,100,2022,Round 15,2022-06-26,10665
Adelaide,Sam Berry,6,3,5,50.0,0,0,0,1,0,1,3,2,280,2,0,4,64,2022,Round 15,2022-06-26,10665
Adelaide,Edward Mchenry,6,5,7,77.8,0,0,0,2,0,1,0,3,150,1,5,1,76,2022,Round 15,2022-06-26,10665
Adelaide,Nick Murray,7,2,8,88.9,2,0,0,4,0,2,0,1,195,3,4,0,88,2022,Round 15,2022-06-26,10665
Adelaide,Shane Mcadam,3,5,3,37.5,0,0,0,0,0,0,0,5,204,3,1,1,73,2022,Round 15,2022-06-26,10665
Adelaide,Chayce Jones,2,5,6,85.7,0,0,0,1,0,0,0,1,71,1,3,0,31,2022,Round 15,2022-06-26,10665
Adelaide,Patrick Parnell,1,7,5,71.4,0,0,0,1,0,0,0,0,30,1,1,0,82,2022,Round 15,2022-06-26,10665
Adelaide,Will Hamill,2,4,6,100.0,1,0,0,2,0,0,0,2,16,0,3,1,50,2022,Round 15,2022-06-26,10665
Adelaide,Josh Rachele,2,4,3,50.0,0,1,1,0,0,0,0,3,104,3,1,3,78,2022,Round 15,2022-06-26,10665
Collingwood,Steele Sidebottom,7,18,18,69.2,0,0,0,1,1,0,3,8,471,9,4,0,86,2022,Round 15,2022-06-26,10662
Collingwood,Nick Daicos,6,19,20,80.0,0,0,0,1,2,0,0,6,118,3,4,0,82,2022,Round 15,2022-06-26,10662
Collingwood,Taylor Adams,15,7,14,58.3,1,0,1,0,0,3,3,7,289,6,3,0,77,2022,Round 15,2022-06-26,10662
Collingwood,Will Hoskin Elliott,9,14,19,82.6,1,1,1,2,0,0,0,8,426,1,7,1,87,2022,Round 15,2022-06-26,10662
Collingwood,Josh Daicos,3,19,17,73.9,0,0,0,1,0,0,0,11,553,2,1,0,91,2022,Round 15,2022-06-26,10662
Collingwood,Brayden Maynard,5,16,19,86.4,1,1,0,4,0,0,0,4,526,6,9,0,87,2022,Round 15,2022-06-26,10662
Collingwood,Patrick Lipinski,7,11,12,57.1,0,1,0,0,0,1,5,8,321,2,1,3,84,2022,Round 15,2022-06-26,10662
Collingwood,John Noble,8,12,18,90.0,0,0,0,2,0,1,1,5,347,2,9,0,81,2022,Round 15,2022-06-26,10662
Collingwood,Scott Pendlebury,10,10,17,89.5,0,1,0,3,0,4,0,10,223,0,8,1,79,2022,Round 15,2022-06-26,10662
Collingwood,Jack Crisp,9,10,12,63.2,0,0,0,3,0,2,2,4,382,5,2,1,84,2022,Round 15,2022-06-26,10662
Collingwood,Jack Ginnivan,7,10,12,66.7,0,0,1,0,0,1,3,9,253,2,1,1,81,2022,Round 15,2022-06-26,10662
Collingwood,Darcy Cameron,8,8,10,58.8,3,0,1,1,0,1,4,6,182,2,2,0,82,2022,Round 15,2022-06-26,10662
Collingwood,Darcy Moore,7,5,12,75.0,1,0,0,6,0,0,0,5,210,5,11,0,95,2022,Round 15,2022-06-26,10662
Collingwood,Jamie Elliott 1,9,6,7,50.0,0,0,3,1,0,0,1,8,252,2,1,1,82,2022,Round 15,2022-06-26,10662
Collingwood,Isaac Quaynor,4,11,6,46.2,0,1,0,6,0,0,0,4,205,3,7,0,86,2022,Round 15,2022-06-26,10662
Collingwood,Nathan Murphy,3,9,10,90.9,0,0,0,6,0,0,0,4,82,0,3,0,89,2022,Round 15,2022-06-26,10662
Collingwood,Brody Mihocek,4,6,7,63.6,1,1,2,0,0,0,0,8,237,1,0,0,95,2022,Round 15,2022-06-26,10662
Collingwood,Jeremy Howe,1,8,7,70.0,0,0,0,4,0,0,0,4,308,2,1,0,81,2022,Round 15,2022-06-26,10662
Collingwood,Beau Mccreery,4,3,5,50.0,0,0,0,0,0,0,2,4,104,2,2,3,69,2022,Round 15,2022-06-26,10662
Collingwood,Oliver Henry,3,3,3,50.0,1,0,1,1,0,0,0,4,128,3,1,0,73,2022,Round 15,2022-06-26,10662
Collingwood,Mason Cox,4,2,2,40.0,1,0,1,1,0,0,0,5,110,2,0,0,77,2022,Round 15,2022-06-26,10662
Collingwood,Isaac Chugg,4,1,1,20.0,0,0,0,0,0,0,0,1,46,2,2,1,53,2022,Round 15,2022-06-26,10662
Greater Western Sydney,Stephen Coniglio,7,23,19,61.3,0,2,0,0,0,3,1,7,569,6,1,0,82,2022,Round 15,2022-06-26,10662
Greater Western Sydney,Harrison Himmelberg,10,12,23,76.7,3,0,0,3,1,0,2,2,710,8,5,0,95,2022,Round 15,2022-06-26,10662
Greater Western Sydney,Isaac Cumming,1,16,20,74.1,0,0,0,2,1,0,1,4,653,7,2,0,84,2022,Round 15,2022-06-26,10662
Greater Western Sydney,Joshua Kelly,10,16,20,76.9,1,2,0,1,0,0,3,4,387,4,3,0,87,2022,Round 15,2022-06-26,10662
Greater Western Sydney,Lachie Whitfield,10,15,16,69.6,0,0,0,3,0,1,3,6,476,7,6,0,84,2022,Round 15,2022-06-26,10662
Greater Western Sydney,Tom Green,11,11,16,72.7,0,0,0,0,0,1,2,4,256,4,4,0,85,2022,Round 15,2022-06-26,10662
Greater Western Sydney,Toby Greene,5,13,11,57.9,1,2,2,1,0,1,0,7,232,7,1,0,93,2022,Round 15,2022-06-26,10662
Greater Western Sydney,Tim Taranto,7,12,16,84.2,0,1,0,0,0,1,2,3,230,6,2,0,72,2022,Round 15,2022-06-26,10662
Greater Western Sydney,Jesse Hogan,9,8,13,76.5,2,1,3,1,0,0,0,9,202,3,1,1,83,2022,Round 15,2022-06-26,10662
Greater Western Sydney,Lachlan Ash,3,14,13,76.5,0,0,1,3,0,0,1,3,237,2,1,0,79,2022,Round 15,2022-06-26,10662
Greater Western Sydney,Phil Davis,7,9,13,81.2,0,0,0,10,0,0,0,1,140,1,10,0,79,2022,Round 15,2022-06-26,10662
Greater Western Sydney,Callan Ward,6,10,11,73.3,0,0,0,1,0,1,1,1,194,1,3,0,75,2022,Round 15,2022-06-26,10662
Greater Western Sydney,Connor Idun,3,10,11,78.6,1,0,0,3,0,0,0,2,165,2,5,0,79,2022,Round 15,2022-06-26,10662
Greater Western Sydney,Jacob Wehr,6,9,10,71.4,0,0,0,1,0,1,0,3,147,2,4,0,81,2022,Round 15,2022-06-26,10662
Greater Western Sydney,Adam Kennedy,1,11,10,76.9,0,0,0,2,0,0,0,1,319,2,1,0,83,2022,Round 15,2022-06-26,10662
Greater Western Sydney,Daniel Lloyd,5,7,9,75.0,0,0,1,0,1,0,1,3,199,3,1,0,84,2022,Round 15,2022-06-26,10662
Greater Western Sydney,Sam Taylor,6,4,8,80.0,2,0,0,7,0,0,0,0,49,3,6,0,100,2022,Round 15,2022-06-26,10662
Greater Western Sydney,Xavier O Halloran,5,5,6,60.0,0,0,0,1,1,1,0,3,174,3,3,0,74,2022,Round 15,2022-06-26,10662
Greater Western Sydney,Tanner Bruhn,4,5,6,60.0,0,1,0,1,0,0,1,2,52,3,0,1,67,2022,Round 15,2022-06-26,10662
Greater Western Sydney,Nick Haynes,3,6,6,66.7,0,0,2,2,0,0,0,4,231,3,1,0,86,2022,Round 15,2022-06-26,10662
Greater Western Sydney,Jake Riccardi,4,3,5,71.4,0,0,1,0,0,0,0,3,22,1,1,1,78,2022,Round 15,2022-06-26,10662
Greater Western Sydney,Lachlan Keeffe,1,5,4,66.7,0,0,0,2,0,0,0,1,82,1,1,0,69,2022,Round 15,2022-06-26,10662
Port Adelaide,Riley Bonner,8,18,24,80.0,1,0,0,2,1,0,1,4,533,3,6,0,82,2022,Round 15,2022-06-26,10668
Port Adelaide,Dan Houston,8,20,28,93.3,1,0,0,1,0,1,3,2,403,5,6,0,79,2022,Round 15,2022-06-26,10668
Port Adelaide,Oliver Wines,15,13,17,65.4,0,0,0,6,0,4,3,6,313,5,3,0,74,2022,Round 15,2022-06-26,10668
Port Adelaide,Karl Amon,9,17,16,61.5,0,0,1,0,0,0,2,4,301,5,1,0,72,2022,Round 15,2022-06-26,10668
Port Adelaide,Connor Rozee,11,14,19,79.2,2,1,0,2,0,3,3,6,275,2,2,0,82,2022,Round 15,2022-06-26,10668
Port Adelaide,Sam Powell Pepper,8,14,14,66.7,0,0,0,1,0,0,1,10,268,3,2,0,78,2022,Round 15,2022-06-26,10668
Port Adelaide,Travis Boak,9,11,15,75.0,0,1,0,0,0,3,2,4,298,7,4,1,80,2022,Round 15,2022-06-26,10668
Port Adelaide,Ryan Burton,5,11,15,75.0,0,0,0,0,0,0,1,2,477,7,5,0,83,2022,Round 15,2022-06-26,10668
Port Adelaide,Kane Farrell,6,15,17,85.0,0,0,0,1,0,0,2,8,490,4,4,0,85,2022,Round 15,2022-06-26,10668
Port Adelaide,Charlie Dixon,15,4,11,68.8,3,2,1,3,0,1,1,6,335,3,3,1,88,2022,Round 15,2022-06-26,10668
Port Adelaide,Willem Drew,10,8,13,81.2,0,0,0,3,0,0,6,4,129,1,2,0,87,2022,Round 15,2022-06-26,10668
Port Adelaide,Xavier Duursma,4,11,10,62.5,1,0,0,0,0,1,0,3,198,6,3,0,78,2022,Round 15,2022-06-26,10668
Port Adelaide,Lachlan Jones,7,9,13,81.2,1,3,0,4,0,0,0,8,207,4,0,0,71,2022,Round 15,2022-06-26,10668
Port Adelaide,Trent Mckenzie,4,8,12,80.0,2,0,0,11,0,0,0,0,228,6,5,0,86,2022,Round 15,2022-06-26,10668
Port Adelaide,Aliir Aliir,8,6,11,78.6,4,0,0,7,0,0,0,0,234,1,8,0,93,2022,Round 15,2022-06-26,10668
Port Adelaide,Jeremy Finlayson,7,6,11,84.6,0,2,0,3,0,3,2,4,326,1,2,0,78,2022,Round 15,2022-06-26,10668
Port Adelaide,Steven Motlop,3,10,9,75.0,0,0,0,1,0,0,0,1,188,1,3,1,76,2022,Round 15,2022-06-26,10668
Port Adelaide,Mitch Georgiades,5,6,6,54.5,2,1,4,4,1,0,0,8,215,1,1,3,86,2022,Round 15,2022-06-26,10668
Port Adelaide,Thomas Jonas,3,7,9,100.0,1,0,0,5,0,0,0,2,98,0,5,0,96,2022,Round 15,2022-06-26,10668
Port Adelaide,Jackson Mead,2,6,6,66.7,0,0,0,0,0,0,0,1,68,2,3,1,71,2022,Round 15,2022-06-26,10668
Port Adelaide,Todd Marshall,4,4,6,75.0,2,0,4,3,0,0,0,5,174,4,1,1,96,2022,Round 15,2022-06-26,10668
Port Adelaide,Martin Frederick,1,5,5,83.3,0,0,0,2,0,0,0,1,35,1,1,0,80,2022,Round 15,2022-06-26,10668
Gold Coast,Touk Miller,16,12,17,56.7,1,0,0,1,0,4,5,5,468,6,2,2,90,2022,Round 15,2022-06-26,10668
Gold Coast,David Swallow,12,12,14,56.0,0,1,1,1,0,2,3,5,425,6,7,1,78,2022,Round 15,2022-06-26,10668
Gold Coast,Noah Anderson,9,15,15,65.2,0,1,0,1,5,1,5,6,513,5,4,2,89,2022,Round 15,2022-06-26,10668
Gold Coast,Oleg Markov,8,5,17,77.3,0,0,0,5,4,0,2,2,690,3,8,0,85,2022,Round 15,2022-06-26,10668
Gold Coast,Ben Ainsworth,3,19,17,77.3,2,3,3,0,1,0,0,11,469,2,0,3,90,2022,Round 15,2022-06-26,10668
Gold Coast,Jarrod Witts,18,6,10,50.0,1,1,0,3,0,5,3,7,384,5,1,0,87,2022,Round 15,2022-06-26,10668
Gold Coast,Matt Rowell,17,6,12,60.0,0,0,0,2,0,0,4,2,226,3,4,0,84,2022,Round 15,2022-06-26,10668
Gold Coast,Brandon Ellis,7,12,12,63.2,0,0,2,2,0,0,3,5,475,6,6,1,96,2022,Round 15,2022-06-26,10668
Gold Coast,Jack Bowes,6,7,13,81.2,0,0,0,2,1,0,0,2,426,4,7,0,82,2022,Round 15,2022-06-26,10668
Gold Coast,Nicholas Holman,7,5,7,58.3,1,1,1,1,0,0,0,4,153,1,2,1,78,2022,Round 15,2022-06-26,10668
Gold Coast,Izak Rankine,5,6,10,83.3,0,0,0,2,4,0,0,7,219,3,0,3,81,2022,Round 15,2022-06-26,10668
Gold Coast,Sean Lemmens,2,8,6,54.5,0,0,0,3,0,0,0,2,318,6,4,0,80,2022,Round 15,2022-06-26,10668
Gold Coast,Charlie Ballard,8,4,8,72.7,3,1,0,3,0,0,0,1,201,3,8,0,80,2022,Round 15,2022-06-26,10668
Gold Coast,Sam Flanders,3,9,9,81.8,0,0,0,1,0,0,0,2,119,1,3,0,63,2022,Round 15,2022-06-26,10668
Gold Coast,Levi Casboult,6,3,6,75.0,2,0,2,1,0,0,1,7,194,2,2,1,83,2022,Round 15,2022-06-26,10668
Gold Coast,Mabior Chol,5,5,5,62.5,1,0,3,3,0,0,0,6,209,2,1,1,87,2022,Round 15,2022-06-26,10668
Gold Coast,Samuel Collins,2,6,4,57.1,0,0,0,7,0,0,1,2,109,3,4,0,100,2022,Round 15,2022-06-26,10668
Gold Coast,Malcolm Rosas,4,4,7,100.0,0,0,0,0,0,0,1,3,82,1,2,1,57,2022,Round 15,2022-06-26,10668
Gold Coast,Chris Burgess,4,2,4,66.7,2,1,1,2,0,0,0,4,98,2,0,2,90,2022,Round 15,2022-06-26,10668
Gold Coast,Caleb Graham,3,2,4,80.0,1,0,0,14,0,0,0,1,134,1,4,0,100,2022,Round 15,2022-06-26,10668
Gold Coast,Jy Farrar,2,1,1,25.0,0,0,0,3,1,0,0,0,79,4,2,0,73,2022,Round 15,2022-06-26,10668
Gold Coast,Brayden Fiorini,1,2,1,33.3,0,0,0,0,0,0,1,0,34,0,0,0,10,2022,Round 15,2022-06-26,10668
Gold Coast,Alex Davies,2,0,1,100.0,0,0,0,0,0,1,0,0,0,1,1,2,38,2022,Round 15,2022-06-26,10668
Brisbane Lions,Lachie Neale,14,18,24,72.7,0,0,0,1,0,2,4,7,323,4,4,2,93,2022,Round 16,2022-06-30,10670
Brisbane Lions,Hugh Mccluggage,9,16,15,57.7,0,0,1,1,0,1,2,7,311,5,1,1,83,2022,Round 16,2022-06-30,10670
Brisbane Lions,Jarryd Lyons,9,15,16,66.7,0,1,2,0,1,3,3,6,380,5,2,0,72,2022,Round 16,2022-06-30,10670
Brisbane Lions,Keidean Coleman,5,18,20,83.3,1,1,1,1,0,0,1,9,551,1,5,0,73,2022,Round 16,2022-06-30,10670
Brisbane Lions,Jarrod Berry,9,15,14,60.9,0,0,2,0,0,0,3,8,459,4,5,0,88,2022,Round 16,2022-06-30,10670
Brisbane Lions,Callum Ah Chee,4,15,18,90.0,0,0,1,1,0,1,1,5,163,3,3,0,74,2022,Round 16,2022-06-30,10670
Brisbane Lions,Jaxon Prior,7,11,13,76.5,0,0,0,2,0,0,0,3,305,4,3,0,78,2022,Round 16,2022-06-30,10670
Brisbane Lions,Harris Andrews,5,9,16,100.0,2,0,0,14,0,0,0,4,195,0,11,0,100,2022,Round 16,2022-06-30,10670
Brisbane Lions,Marcus Adams,4,11,12,75.0,1,0,0,7,0,0,0,2,366,2,6,0,100,2022,Round 16,2022-06-30,10670
Brisbane Lions,Brandon Starcevich,4,11,14,87.5,0,0,0,3,0,0,0,2,242,4,5,0,88,2022,Round 16,2022-06-30,10670
Brisbane Lions,Lincoln Mccarthy,8,3,11,84.6,2,0,2,2,0,0,0,4,240,2,2,4,77,2022,Round 16,2022-06-30,10670
Brisbane Lions,Noah Answerth,2,12,13,100.0,0,0,0,1,0,0,0,3,212,1,2,0,79,2022,Round 16,2022-06-30,10670
Brisbane Lions,Joe Daniher,4,7,7,58.3,0,1,1,0,0,0,0,8,326,1,1,0,98,2022,Round 16,2022-06-30,10670
Brisbane Lions,Charlie Cameron,7,5,11,91.7,1,5,1,0,0,0,0,9,287,2,1,3,87,2022,Round 16,2022-06-30,10670
Brisbane Lions,Jack Payne,1,8,10,90.9,0,1,0,4,0,0,0,3,380,3,3,0,87,2022,Round 16,2022-06-30,10670
Brisbane Lions,James Tunstill,3,8,9,81.8,1,0,1,1,0,0,0,4,340,3,2,0,76,2022,Round 16,2022-06-30,10670
Brisbane Lions,Daniel Rich,2,3,9,90.0,0,0,0,0,0,0,1,2,345,2,2,0,32,2022,Round 16,2022-06-30,10670
Brisbane Lions,Eric Hipwood,3,7,6,60.0,0,0,2,0,0,0,0,6,247,0,0,1,81,2022,Round 16,2022-06-30,10670
Brisbane Lions,Oscar Mcinerney,8,1,5,50.0,1,0,0,2,0,1,3,5,154,2,1,0,90,2022,Round 16,2022-06-30,10670
Brisbane Lions,Zac Bailey,6,6,8,80.0,1,0,0,0,0,1,1,4,179,3,2,0,83,2022,Round 16,2022-06-30,10670
Brisbane Lions,Cameron Rayner,5,4,5,55.6,0,0,1,1,0,2,1,3,149,1,1,0,73,2022,Round 16,2022-06-30,10670
Brisbane Lions,Daniel Mcstay,6,2,6,85.7,2,0,1,3,0,0,0,6,116,1,0,0,85,2022,Round 16,2022-06-30,10670
Brisbane Lions,Dayne Zorko,0,1,1,100.0,0,0,0,0,0,0,0,0,28,0,0,0,4,2022,Round 16,2022-06-30,10670
Western Bulldogs,Thomas Liberatore,17,17,24,72.7,1,0,1,1,0,4,4,11,375,4,3,0,81,2022,Round 16,2022-06-30,10670
Western Bulldogs,Jackson Macrae,16,17,23,71.9,0,0,1,2,0,5,5,5,430,7,1,0,84,2022,Round 16,2022-06-30,10670
Western Bulldogs,Bailey Dale,6,18,26,81.2,0,1,0,4,0,0,1,5,637,3,5,0,85,2022,Round 16,2022-06-30,10670
Western Bulldogs,Josh Dunkley,8,19,17,63.0,0,1,0,0,0,2,3,7,351,5,1,1,86,2022,Round 16,2022-06-30,10670
Western Bulldogs,Adam Treloar,13,14,18,69.2,0,0,0,1,0,4,4,7,332,5,3,1,76,2022,Round 16,2022-06-30,10670
Western Bulldogs,Marcus Bontempelli,10,16,20,76.9,1,1,0,2,0,2,3,5,527,8,2,2,88,2022,Round 16,2022-06-30,10670
Western Bulldogs,Bailey Williams,2,12,13,76.5,0,0,0,1,1,0,0,3,231,1,2,0,82,2022,Round 16,2022-06-30,10670
Western Bulldogs,Robbie Mccomb,6,12,9,52.9,0,0,0,1,0,0,3,3,250,6,0,0,79,2022,Round 16,2022-06-30,10670
Western Bulldogs,Lachlan Hunter,4,9,7,53.8,0,0,0,1,0,0,0,0,303,2,4,0,86,2022,Round 16,2022-06-30,10670
Western Bulldogs,Hayden Crozier,1,9,10,83.3,0,0,0,1,0,0,0,1,339,2,1,0,80,2022,Round 16,2022-06-30,10670
Western Bulldogs,Ryan Gardner,3,8,9,81.8,1,0,0,11,0,0,0,3,195,2,5,0,97,2022,Round 16,2022-06-30,10670
Western Bulldogs,Jordon Sweet,7,6,7,63.6,0,2,0,5,0,0,3,8,152,2,2,0,71,2022,Round 16,2022-06-30,10670
Western Bulldogs,Dominic Bedendo,3,8,7,63.6,0,0,1,0,0,0,0,2,183,2,4,0,78,2022,Round 16,2022-06-30,10670
Western Bulldogs,Aaron Naughton,4,7,4,40.0,3,0,5,3,0,0,0,5,125,4,0,0,89,2022,Round 16,2022-06-30,10670
Western Bulldogs,Rhylee West,5,5,8,80.0,0,0,2,1,0,0,1,4,86,1,1,1,84,2022,Round 16,2022-06-30,10670
Western Bulldogs,Jamarra Ugle Hagan,4,6,7,70.0,2,0,2,0,0,0,0,4,222,2,0,0,76,2022,Round 16,2022-06-30,10670
Western Bulldogs,Jason Johannisen,5,6,4,44.4,0,0,1,1,1,0,0,3,227,0,2,1,74,2022,Round 16,2022-06-30,10670
Western Bulldogs,Anthony Scott,3,6,8,88.9,0,0,0,4,0,0,0,3,141,0,4,0,87,2022,Round 16,2022-06-30,10670
Western Bulldogs,Josh Schache,2,6,4,50.0,0,0,0,2,1,0,0,3,191,1,1,1,78,2022,Round 16,2022-06-30,10670
Western Bulldogs,Cody Weightman,5,3,5,62.5,1,0,0,0,0,0,0,4,103,3,3,1,67,2022,Round 16,2022-06-30,10670
Western Bulldogs,Alex Keath,3,4,6,85.7,2,0,0,3,0,0,0,0,87,0,5,0,92,2022,Round 16,2022-06-30,10670
Western Bulldogs,Tim O Brien,5,2,5,83.3,0,0,0,3,0,0,0,1,156,2,4,0,81,2022,Round 16,2022-06-30,10670
Carlton,Sam Walsh,16,17,28,84.8,0,0,0,1,0,1,5,5,286,5,5,0,86,2022,Round 16,2022-07-01,10671
Carlton,Patrick Cripps,19,11,23,74.2,1,1,0,1,0,5,3,9,316,4,4,0,83,2022,Round 16,2022-07-01,10671
Carlton,Adam Saad,13,13,20,80.0,1,1,0,3,1,0,2,6,456,4,13,0,79,2022,Round 16,2022-07-01,10671
Carlton,Sam Docherty,8,10,15,68.2,0,0,0,2,1,0,0,4,322,6,5,0,77,2022,Round 16,2022-07-01,10671
Carlton,George Hewett,7,15,16,72.7,0,0,1,0,0,1,5,7,188,1,1,2,78,2022,Round 16,2022-07-01,10671
Carlton,Matthew Kennedy 1,10,11,17,81.0,1,0,0,0,0,1,4,6,334,3,1,2,66,2022,Round 16,2022-07-01,10671
Carlton,Zac Fisher,6,15,14,66.7,0,1,2,0,0,1,0,7,308,3,1,2,87,2022,Round 16,2022-07-01,10671
Carlton,Nic Newman,5,14,15,75.0,1,0,0,7,0,0,0,6,480,3,6,0,88,2022,Round 16,2022-07-01,10671
Carlton,Lachlan Plowman,5,13,15,88.2,0,0,0,2,0,0,0,3,302,4,10,0,80,2022,Round 16,2022-07-01,10671
Carlton,Adam Cerra,4,13,9,56.2,0,0,0,2,0,0,0,6,244,3,3,0,71,2022,Round 16,2022-07-01,10671
Carlton,Jack Silvagni,1,14,8,53.3,0,0,1,2,0,0,0,6,267,4,0,0,85,2022,Round 16,2022-07-01,10671
Carlton,Harry Mckay,8,5,9,64.3,3,0,4,3,0,0,0,9,360,4,0,1,96,2022,Round 16,2022-07-01,10671
Carlton,Matt Cottrell,4,11,9,64.3,0,0,0,2,0,0,0,5,245,3,1,0,93,2022,Round 16,2022-07-01,10671
Carlton,Jack Newnes,6,9,12,92.3,0,1,0,1,0,0,1,3,187,3,3,0,87,2022,Round 16,2022-07-01,10671
Carlton,Brodie Kemp,4,9,11,84.6,2,0,0,5,0,0,0,3,133,2,4,0,95,2022,Round 16,2022-07-01,10671
Carlton,Lochie O Brien,3,11,10,83.3,0,0,1,0,0,0,0,6,239,2,2,0,81,2022,Round 16,2022-07-01,10671
Carlton,Tom De Koning,9,2,7,58.3,2,0,1,2,0,1,0,4,181,1,4,0,84,2022,Round 16,2022-07-01,10671
Carlton,Josh Honey,4,6,6,60.0,1,1,1,2,0,0,1,6,106,1,0,1,68,2022,Round 16,2022-07-01,10671
Carlton,Corey Durdin,7,3,7,70.0,0,1,0,3,0,0,0,7,167,0,0,1,64,2022,Round 16,2022-07-01,10671
Carlton,Charlie Curnow,5,4,4,44.4,1,0,3,1,0,0,0,8,252,2,0,2,91,2022,Round 16,2022-07-01,10671
Carlton,Jesse Motlop,5,4,8,88.9,1,0,1,0,1,0,0,7,249,0,0,2,62,2022,Round 16,2022-07-01,10671
Carlton,Lewis Young,8,1,5,62.5,3,0,0,12,0,0,0,2,153,1,7,0,100,2022,Round 16,2022-07-01,10671
St Kilda,Jack Sinclair,8,21,33,89.2,1,0,0,4,3,0,2,5,604,4,8,0,81,2022,Round 16,2022-07-01,10671
St Kilda,Jade Gresham,10,17,17,58.6,0,1,0,1,1,2,4,8,468,3,0,1,86,2022,Round 16,2022-07-01,10671
St Kilda,Sebastian Ross,9,18,17,63.0,0,0,0,1,2,0,3,4,358,4,2,1,78,2022,Round 16,2022-07-01,10671
St Kilda,Bradley Hill,3,21,22,81.5,0,0,0,2,4,0,0,2,580,7,3,0,83,2022,Round 16,2022-07-01,10671
St Kilda,Jack Billings,6,18,19,79.2,0,0,0,2,0,0,3,5,389,5,2,0,82,2022,Round 16,2022-07-01,10671
St Kilda,Jack Steele,6,17,20,83.3,0,0,0,0,0,3,0,5,333,3,3,0,84,2022,Round 16,2022-07-01,10671
St Kilda,Brad Crouch,11,11,13,56.5,0,0,0,0,0,1,2,6,228,4,2,3,82,2022,Round 16,2022-07-01,10671
St Kilda,Rowan Marshall,12,10,15,68.2,4,0,1,1,0,2,2,5,228,4,2,1,75,2022,Round 16,2022-07-01,10671
St Kilda,Zak Jones,5,16,17,81.0,0,0,0,1,0,5,0,2,395,6,1,1,70,2022,Round 16,2022-07-01,10671
St Kilda,Jimmy Webster,4,14,17,89.5,0,1,0,3,0,0,0,4,278,3,4,0,82,2022,Round 16,2022-07-01,10671
St Kilda,Hunter Clark,6,11,13,76.5,0,0,0,2,0,0,0,3,115,2,7,0,62,2022,Round 16,2022-07-01,10671
St Kilda,Callum Wilkie,3,11,12,80.0,1,0,0,7,0,0,0,1,161,2,4,0,100,2022,Round 16,2022-07-01,10671
St Kilda,Nasiah Wanganeen Milera,3,11,10,71.4,2,0,0,1,2,0,2,0,268,1,1,0,64,2022,Round 16,2022-07-01,10671
St Kilda,Mason Wood,3,9,8,66.7,2,1,0,1,0,0,1,1,253,5,2,0,75,2022,Round 16,2022-07-01,10671
St Kilda,Max King 1,8,3,10,83.3,4,0,2,2,0,0,0,5,317,7,1,0,93,2022,Round 16,2022-07-01,10671
St Kilda,Tom Highmore,4,8,10,83.3,1,0,0,3,0,0,1,1,70,1,4,0,51,2022,Round 16,2022-07-01,10671
St Kilda,Patrick Ryder,6,5,6,54.5,0,0,1,6,0,0,1,6,145,1,2,2,84,2022,Round 16,2022-07-01,10671
St Kilda,Jack Higgins,5,6,6,54.5,0,1,1,2,0,0,0,7,218,2,0,1,81,2022,Round 16,2022-07-01,10671
St Kilda,Marcus Windhager,5,8,8,72.7,1,0,1,1,0,0,0,4,86,2,3,2,87,2022,Round 16,2022-07-01,10671
St Kilda,Tim Membrey,4,6,10,100.0,1,1,1,1,0,0,0,6,195,0,3,1,84,2022,Round 16,2022-07-01,10671
St Kilda,Josh Battle,2,6,9,100.0,0,0,0,1,0,0,0,1,140,1,2,0,96,2022,Round 16,2022-07-01,10671
St Kilda,Daniel Butler,5,3,6,75.0,0,2,1,1,0,2,0,5,169,3,1,2,75,2022,Round 16,2022-07-01,10671
St Kilda,Dougal Howard,2,4,5,83.3,0,0,0,4,0,0,0,1,23,0,1,0,45,2022,Round 16,2022-07-01,10671
Essendon,Dyson Heppell,7,18,21,84.0,0,0,1,1,0,0,1,9,245,2,6,0,79,2022,Round 16,2022-07-02,10672
Essendon,Nick Hind,6,18,20,80.0,0,1,0,0,0,1,1,8,682,3,3,0,75,2022,Round 16,2022-07-02,10672
Essendon,Zachary Merrett,7,19,17,70.8,0,1,0,3,0,0,3,6,418,4,3,1,81,2022,Round 16,2022-07-02,10672
Essendon,Massimo D Ambrosio,3,20,18,78.3,0,0,0,0,0,0,1,3,253,2,4,0,89,2022,Round 16,2022-07-02,10672
Essendon,Mason Redman,3,17,19,86.4,1,0,0,2,0,0,0,6,365,5,4,0,91,2022,Round 16,2022-07-02,10672
Essendon,Darcy Parish,12,9,17,81.0,1,3,0,0,0,1,4,6,253,0,1,1,80,2022,Round 16,2022-07-02,10672
Essendon,Dylan Shiel,10,10,15,75.0,0,1,0,2,1,5,1,6,292,3,1,0,80,2022,Round 16,2022-07-02,10672
Essendon,Jake Kelly,0,18,20,100.0,0,0,0,0,0,0,0,3,397,2,2,0,84,2022,Round 16,2022-07-02,10672
Essendon,Ben Hobbs,9,10,12,63.2,1,0,1,1,0,1,2,5,212,8,3,1,71,2022,Round 16,2022-07-02,10672
Essendon,Brandon Zerk Thatcher,4,12,15,83.3,0,0,0,4,0,0,1,2,232,2,5,0,78,2022,Round 16,2022-07-02,10672
Essendon,Jye Caldwell,8,10,13,72.2,0,1,1,1,0,0,2,3,153,3,2,0,69,2022,Round 16,2022-07-02,10672
Essendon,Nicholas Martin,4,15,15,83.3,0,0,0,3,0,0,2,2,330,3,0,0,94,2022,Round 16,2022-07-02,10672
Essendon,Jake Stringer,9,9,11,64.7,0,2,0,2,0,2,1,4,333,4,2,1,84,2022,Round 16,2022-07-02,10672
Essendon,Jordan Ridley,1,10,15,88.2,1,0,0,5,0,0,0,2,329,4,3,0,88,2022,Round 16,2022-07-02,10672
Essendon,Peter Wright,7,9,12,75.0,2,0,2,2,0,1,0,7,190,1,1,0,100,2022,Round 16,2022-07-02,10672
Essendon,Sam Durham,7,8,11,68.8,0,0,1,0,1,0,0,5,173,3,3,1,72,2022,Round 16,2022-07-02,10672
Essendon,Kyle Langford,6,8,8,61.5,0,1,2,0,1,0,1,4,184,2,0,0,77,2022,Round 16,2022-07-02,10672
Essendon,Matt Guelfi,7,6,11,84.6,0,1,1,0,0,0,2,6,42,1,0,1,75,2022,Round 16,2022-07-02,10672
Essendon,Jayden Laverde,4,7,10,90.9,0,0,0,3,0,0,0,1,75,1,5,0,96,2022,Round 16,2022-07-02,10672
Essendon,Will Snelling,3,9,10,90.9,0,0,0,1,0,0,1,4,-3,2,0,2,78,2022,Round 16,2022-07-02,10672
Essendon,Sam Draper,6,1,2,25.0,0,0,0,4,0,2,2,4,173,4,3,0,83,2022,Round 16,2022-07-02,10672
Essendon,Harrison Jones 1,2,3,3,60.0,0,0,2,2,0,0,0,3,104,2,0,1,77,2022,Round 16,2022-07-02,10672
Sydney,Luke Parker,13,11,18,69.2,0,1,1,2,0,5,4,6,330,4,2,1,83,2022,Round 16,2022-07-02,10672
Sydney,Chad Warner,11,14,18,72.0,0,2,0,1,0,2,5,10,727,5,4,0,80,2022,Round 16,2022-07-02,10672
Sydney,Errol Gulden,5,19,13,56.5,0,1,0,1,0,0,0,6,376,6,3,2,80,2022,Round 16,2022-07-02,10672
Sydney,Jake Lloyd,5,13,16,84.2,0,0,0,1,0,0,0,3,339,1,6,0,89,2022,Round 16,2022-07-02,10672
Sydney,Tom Papley,8,10,10,55.6,1,1,3,2,1,2,0,8,383,3,3,1,85,2022,Round 16,2022-07-02,10672
Sydney,Lance Franklin,6,10,13,81.2,2,0,4,0,0,0,0,8,151,4,0,1,95,2022,Round 16,2022-07-02,10672
Sydney,Nick Blakey,3,10,10,66.7,0,0,0,2,1,0,0,3,402,3,5,0,78,2022,Round 16,2022-07-02,10672
Sydney,Robbie Fox,4,10,10,71.4,1,1,0,2,0,0,0,4,206,2,5,0,82,2022,Round 16,2022-07-02,10672
Sydney,James Rowbottom,9,8,9,64.3,0,0,0,0,0,3,0,3,165,5,3,3,74,2022,Round 16,2022-07-02,10672
Sydney,Justin Mcinerney,4,10,11,78.6,0,0,0,2,0,0,1,5,409,3,1,0,83,2022,Round 16,2022-07-02,10672
Sydney,Paddy Mccartin,5,6,12,92.3,0,0,0,5,1,0,0,2,215,2,9,0,72,2022,Round 16,2022-07-02,10672
Sydney,Callum Mills,9,6,9,69.2,0,0,0,3,0,2,1,7,212,1,2,0,88,2022,Round 16,2022-07-02,10672
Sydney,Tom Hickey,7,5,10,83.3,1,0,0,1,0,1,0,5,45,0,4,1,81,2022,Round 16,2022-07-02,10672
Sydney,Dylan Stephens,3,9,8,66.7,0,0,0,1,0,0,2,2,302,1,1,0,75,2022,Round 16,2022-07-02,10672
Sydney,Dane Rampe,2,9,9,81.8,0,0,0,1,0,0,0,2,227,3,1,0,96,2022,Round 16,2022-07-02,10672
Sydney,Isaac Heeney,3,7,8,88.9,0,1,2,1,0,0,0,5,221,1,0,1,86,2022,Round 16,2022-07-02,10672
Sydney,Tom Mccartin,5,4,9,100.0,3,0,0,6,0,0,1,3,60,0,7,0,97,2022,Round 16,2022-07-02,10672
Sydney,Oliver Florent,2,5,7,87.5,0,0,0,2,0,0,0,2,199,2,3,0,86,2022,Round 16,2022-07-02,10672
Sydney,Will Hayward,4,5,6,75.0,1,0,1,0,0,0,1,6,104,2,0,4,89,2022,Round 16,2022-07-02,10672
Sydney,Sam Reid 1,4,3,4,57.1,2,0,3,1,0,0,0,6,169,1,0,0,79,2022,Round 16,2022-07-02,10672
Sydney,Braeden Campbell,4,1,2,33.3,0,0,0,0,0,0,0,4,120,1,2,1,61,2022,Round 16,2022-07-02,10672
Sydney,Logan Mcdonald,1,5,4,66.7,0,0,2,0,0,0,0,3,109,1,0,1,61,2022,Round 16,2022-07-02,10672
Adelaide,Rory Laird,11,20,22,68.8,0,0,1,0,0,2,4,5,560,7,5,0,76,2022,Round 16,2022-07-02,10677
Adelaide,Ben Keays,15,15,22,73.3,0,0,0,0,0,2,4,4,398,5,2,2,85,2022,Round 16,2022-07-02,10677
Adelaide,Jordan Dawson,8,17,24,80.0,3,1,1,3,0,0,0,4,649,6,8,0,93,2022,Round 16,2022-07-02,10677
Adelaide,Jake Soligo,9,11,13,65.0,0,0,0,0,1,0,2,2,264,3,2,1,82,2022,Round 16,2022-07-02,10677
Adelaide,Wayne Milera,7,10,15,78.9,1,2,0,0,0,0,0,5,132,1,5,1,76,2022,Round 16,2022-07-02,10677
Adelaide,Tom Doedee,7,9,16,84.2,1,0,0,8,0,0,0,1,266,1,8,0,94,2022,Round 16,2022-07-02,10677
Adelaide,Sam Berry,9,10,9,52.9,0,1,1,2,1,2,1,3,357,9,3,2,73,2022,Round 16,2022-07-02,10677
Adelaide,Reilly O Brien,13,3,10,62.5,3,0,0,2,0,0,4,4,252,3,6,0,88,2022,Round 16,2022-07-02,10677
Adelaide,Mitchell Hinge,5,11,14,87.5,0,0,0,0,0,1,1,1,221,2,5,0,82,2022,Round 16,2022-07-02,10677
Adelaide,Brodie Smith,4,9,9,60.0,0,1,0,2,0,0,1,1,373,4,1,0,86,2022,Round 16,2022-07-02,10677
Adelaide,Patrick Parnell,5,11,11,73.3,0,0,0,0,0,0,0,1,226,5,5,0,77,2022,Round 16,2022-07-02,10677
Adelaide,Harry Schoenberg,8,5,10,71.4,0,1,0,0,0,5,1,1,116,2,1,0,67,2022,Round 16,2022-07-02,10677
Adelaide,Jackson Hately,2,11,10,76.9,0,0,0,1,0,0,0,0,123,2,2,0,86,2022,Round 16,2022-07-02,10677
Adelaide,Jordon Butts,4,8,10,83.3,1,0,0,7,0,0,0,0,215,4,5,0,82,2022,Round 16,2022-07-02,10677
Adelaide,Taylor Walker,8,4,7,63.6,2,0,1,0,0,0,2,7,232,4,2,1,94,2022,Round 16,2022-07-02,10677
Adelaide,Chayce Jones,3,9,8,72.7,0,0,0,2,0,0,0,0,80,3,3,0,86,2022,Round 16,2022-07-02,10677
Adelaide,Riley Thilthorpe,7,4,6,54.5,1,0,2,0,0,0,1,4,236,2,2,2,86,2022,Round 16,2022-07-02,10677
Adelaide,James Rowe,3,8,5,45.5,0,0,0,0,0,0,0,0,94,5,0,0,71,2022,Round 16,2022-07-02,10677
Adelaide,Nick Murray,4,5,8,80.0,2,0,0,11,0,0,0,2,204,2,3,0,89,2022,Round 16,2022-07-02,10677
Adelaide,Lachlan Murphy,5,4,6,66.7,0,0,0,0,0,0,1,1,112,2,2,1,72,2022,Round 16,2022-07-02,10677
Adelaide,Darcy Fogarty,1,5,5,83.3,0,1,1,1,0,0,0,3,84,0,0,1,86,2022,Round 16,2022-07-02,10677
Adelaide,Josh Rachele,3,2,5,100.0,1,0,1,0,0,0,0,1,53,0,0,0,68,2022,Round 16,2022-07-02,10677
Melbourne,Clayton Oliver,19,19,25,69.4,0,2,0,3,0,2,4,7,260,3,1,1,89,2022,Round 16,2022-07-02,10677
Melbourne,Christian Petracca,20,14,24,72.7,1,1,2,0,0,2,3,11,451,3,2,1,89,2022,Round 16,2022-07-02,10677
Melbourne,Ed Langdon,11,24,25,75.8,0,2,0,2,2,2,1,6,532,5,4,0,100,2022,Round 16,2022-07-02,10677
Melbourne,Jack Viney,14,12,13,50.0,0,0,0,1,0,6,1,3,355,9,1,0,82,2022,Round 16,2022-07-02,10677
Melbourne,Christian Salem,2,16,19,86.4,0,0,0,0,1,0,2,3,453,6,3,0,85,2022,Round 16,2022-07-02,10677
Melbourne,James Harmes,8,12,9,40.9,0,0,2,1,0,1,2,4,400,6,1,2,80,2022,Round 16,2022-07-02,10677
Melbourne,Angus Brayshaw,6,12,14,73.7,1,0,0,2,0,0,0,1,348,5,11,0,83,2022,Round 16,2022-07-02,10677
Melbourne,Steven May,5,10,15,83.3,2,0,0,7,0,0,1,3,536,3,12,0,98,2022,Round 16,2022-07-02,10677
Melbourne,James Jordon,5,13,13,72.2,0,0,0,0,0,0,3,4,273,3,2,0,83,2022,Round 16,2022-07-02,10677
Melbourne,Jake Lever,6,9,17,100.0,0,0,0,5,0,0,0,1,495,4,14,0,91,2022,Round 16,2022-07-02,10677
Melbourne,Alex Neal Bullen,4,12,13,81.2,0,0,0,0,0,0,0,6,134,2,2,1,78,2022,Round 16,2022-07-02,10677
Melbourne,Tom Sparrow,7,7,11,73.3,0,0,0,2,0,0,3,6,250,3,1,2,74,2022,Round 16,2022-07-02,10677
Melbourne,Jake Bowey,5,10,13,86.7,1,0,0,0,0,1,1,3,177,3,3,0,70,2022,Round 16,2022-07-02,10677
Melbourne,Charlie Spargo,3,9,8,66.7,0,1,1,0,0,0,0,6,220,1,1,0,66,2022,Round 16,2022-07-02,10677
Melbourne,Sam Weideman,6,6,8,66.7,1,1,0,6,0,0,1,4,137,1,1,0,83,2022,Round 16,2022-07-02,10677
Melbourne,Ben Brown,6,4,5,55.6,1,0,2,4,0,0,0,5,126,0,0,0,80,2022,Round 16,2022-07-02,10677
Melbourne,Harrison Petty,4,5,7,77.8,3,1,0,5,0,0,0,3,216,3,6,0,94,2022,Round 16,2022-07-02,10677
Melbourne,Bayley Fritsch,4,4,4,50.0,2,0,1,0,0,0,0,5,228,3,1,2,88,2022,Round 16,2022-07-02,10677
Melbourne,Toby Bedford,4,6,4,50.0,0,0,1,1,0,0,1,2,103,4,1,1,68,2022,Round 16,2022-07-02,10677
Melbourne,Mitchell Brown 1,1,6,4,57.1,1,0,4,1,0,0,0,3,190,1,0,0,62,2022,Round 16,2022-07-02,10677
Melbourne,Michael Hibberd,3,4,6,85.7,0,0,0,4,0,0,0,1,134,1,6,0,79,2022,Round 16,2022-07-02,10677
Melbourne,Kysaiah Pickett,2,5,5,71.4,0,1,2,3,0,0,2,7,91,0,0,1,77,2022,Round 16,2022-07-02,10677
Gold Coast,Touk Miller,18,11,21,67.7,0,0,0,0,0,4,6,7,547,7,2,1,85,2022,Round 16,2022-07-02,10674
Gold Coast,Noah Anderson,15,18,18,60.0,0,0,1,1,1,1,5,5,612,9,6,0,93,2022,Round 16,2022-07-02,10674
Gold Coast,David Swallow,11,13,16,66.7,0,1,0,3,0,3,4,4,464,6,3,0,81,2022,Round 16,2022-07-02,10674
Gold Coast,Matt Rowell,17,8,14,60.9,0,0,0,4,0,2,2,2,491,9,8,0,87,2022,Round 16,2022-07-02,10674
Gold Coast,Oleg Markov,6,9,13,72.2,0,0,0,1,2,0,0,1,388,4,6,0,78,2022,Round 16,2022-07-02,10674
Gold Coast,Jack Bowes,5,10,12,66.7,0,1,0,3,0,0,3,3,374,4,3,0,79,2022,Round 16,2022-07-02,10674
Gold Coast,Izak Rankine,6,11,10,55.6,0,0,1,3,0,0,2,8,300,2,1,1,88,2022,Round 16,2022-07-02,10674
Gold Coast,Nicholas Holman,12,6,8,47.1,0,0,1,1,0,0,1,3,143,7,4,3,83,2022,Round 16,2022-07-02,10674
Gold Coast,Connor Budarick,8,6,12,70.6,0,0,0,3,0,0,0,1,394,3,8,0,79,2022,Round 16,2022-07-02,10674
Gold Coast,Brandon Ellis,2,11,11,73.3,0,0,1,1,0,0,0,4,195,1,5,0,95,2022,Round 16,2022-07-02,10674
Gold Coast,Sam Flanders,7,7,11,78.6,0,1,0,2,0,0,0,2,191,3,3,0,69,2022,Round 16,2022-07-02,10674
Gold Coast,Samuel Collins,4,9,12,92.3,1,0,0,8,0,0,0,3,171,2,4,0,100,2022,Round 16,2022-07-02,10674
Gold Coast,Charlie Ballard,5,8,11,84.6,3,0,0,1,0,0,0,2,246,2,5,0,98,2022,Round 16,2022-07-02,10674
Gold Coast,Jarrod Witts,6,6,6,50.0,0,0,0,5,0,1,1,0,90,3,1,0,84,2022,Round 16,2022-07-02,10674
Gold Coast,Sean Lemmens,5,5,10,83.3,1,0,0,2,0,0,0,1,321,3,7,0,85,2022,Round 16,2022-07-02,10674
Gold Coast,Malcolm Rosas,10,2,7,58.3,0,1,0,1,0,0,3,4,205,4,0,1,69,2022,Round 16,2022-07-02,10674
Gold Coast,Levi Casboult,4,6,6,60.0,3,0,3,0,0,0,0,5,194,3,1,0,100,2022,Round 16,2022-07-02,10674
Gold Coast,Ben Ainsworth,5,7,7,70.0,0,0,2,2,0,2,0,4,212,3,0,0,84,2022,Round 16,2022-07-02,10674
Gold Coast,Mabior Chol,5,3,3,42.9,1,0,3,3,0,0,0,3,199,1,1,0,94,2022,Round 16,2022-07-02,10674
Gold Coast,Hewago Oea,1,5,6,100.0,0,1,0,1,0,0,1,2,120,0,1,0,49,2022,Round 16,2022-07-02,10674
Gold Coast,Caleb Graham,0,4,5,100.0,0,0,0,12,0,0,0,0,128,0,2,0,85,2022,Round 16,2022-07-02,10674
Gold Coast,James Tsitas,1,4,5,100.0,0,1,1,0,0,0,0,1,104,1,0,1,35,2022,Round 16,2022-07-02,10674
Collingwood,Nick Daicos,7,25,31,83.8,0,2,0,0,1,0,3,7,674,4,6,0,85,2022,Round 16,2022-07-02,10674
Collingwood,Steele Sidebottom,5,22,19,70.4,0,0,0,2,0,0,3,4,347,5,5,1,89,2022,Round 16,2022-07-02,10674
Collingwood,John Noble,8,15,20,87.0,0,0,0,4,1,0,0,4,349,0,8,0,84,2022,Round 16,2022-07-02,10674
Collingwood,Taylor Adams,7,15,8,40.0,0,2,1,2,0,0,3,5,394,5,0,0,82,2022,Round 16,2022-07-02,10674
Collingwood,Patrick Lipinski,4,15,13,65.0,0,0,0,1,0,0,0,3,365,5,3,1,70,2022,Round 16,2022-07-02,10674
Collingwood,Josh Daicos,9,10,14,73.7,0,0,1,1,0,0,3,5,420,2,0,0,79,2022,Round 16,2022-07-02,10674
Collingwood,Jack Crisp,6,13,10,55.6,0,0,1,2,0,0,1,5,312,6,3,0,78,2022,Round 16,2022-07-02,10674
Collingwood,Brayden Maynard,10,7,13,72.2,0,1,0,7,2,0,3,3,438,2,5,0,88,2022,Round 16,2022-07-02,10674
Collingwood,Scott Pendlebury,7,8,10,58.8,0,1,1,0,0,1,1,4,306,5,3,0,79,2022,Round 16,2022-07-02,10674
Collingwood,Will Hoskin Elliott,7,11,13,76.5,0,0,0,4,1,0,2,3,293,5,3,0,88,2022,Round 16,2022-07-02,10674
Collingwood,Nathan Murphy,6,11,10,58.8,2,0,0,6,0,0,0,2,193,3,7,0,96,2022,Round 16,2022-07-02,10674
Collingwood,Darcy Cameron,8,7,12,80.0,2,0,1,1,0,0,1,3,214,3,4,0,84,2022,Round 16,2022-07-02,10674
Collingwood,Isaac Quaynor,7,7,9,60.0,0,0,0,3,0,0,0,1,331,5,12,0,84,2022,Round 16,2022-07-02,10674
Collingwood,Jamie Elliott 1,5,6,6,46.2,3,0,2,2,0,0,1,5,313,4,0,3,83,2022,Round 16,2022-07-02,10674
Collingwood,Darcy Moore,6,5,11,84.6,2,0,0,12,1,0,1,1,269,1,7,0,93,2022,Round 16,2022-07-02,10674
Collingwood,Brody Mihocek,3,10,10,76.9,1,0,3,1,0,0,0,6,166,3,1,0,94,2022,Round 16,2022-07-02,10674
Collingwood,Trey Ruscoe,5,5,7,58.3,1,0,1,2,0,0,0,3,184,1,6,0,69,2022,Round 16,2022-07-02,10674
Collingwood,Jordan De Goey,8,3,8,72.7,0,0,0,0,0,2,2,4,175,1,0,1,83,2022,Round 16,2022-07-02,10674
Collingwood,Mason Cox,4,5,7,77.8,1,0,0,3,0,0,1,1,99,3,3,1,78,2022,Round 16,2022-07-02,10674
Collingwood,Oliver Henry,5,4,4,50.0,1,0,3,1,0,0,0,4,224,3,1,0,73,2022,Round 16,2022-07-02,10674
Collingwood,Jack Ginnivan,4,4,6,75.0,1,0,3,0,0,0,0,5,212,2,1,0,74,2022,Round 16,2022-07-02,10674
Collingwood,Beau Mccreery,3,2,4,66.7,0,0,0,1,0,1,1,0,83,3,1,2,68,2022,Round 16,2022-07-02,10674
Geelong,Mitchell Duncan,6,25,25,83.3,1,2,1,0,0,1,1,10,439,4,4,0,88,2022,Round 16,2022-07-02,10673
Geelong,Jeremy Cameron,8,20,16,53.3,2,0,5,0,1,1,0,12,404,3,3,1,96,2022,Round 16,2022-07-02,10673
Geelong,Cameron Guthrie,12,18,24,82.8,0,0,2,1,0,3,2,9,422,1,2,1,69,2022,Round 16,2022-07-02,10673
Geelong,Zach Tuohy,6,19,20,74.1,0,1,0,0,0,0,0,9,397,2,7,0,84,2022,Round 16,2022-07-02,10673
Geelong,Isaac Smith,5,18,22,84.6,0,2,0,4,0,0,2,11,474,3,3,0,84,2022,Round 16,2022-07-02,10673
Geelong,Mark Blicavs,11,15,24,96.0,1,2,2,2,0,2,4,11,142,1,3,0,83,2022,Round 16,2022-07-02,10673
Geelong,Sam Menegola,5,17,17,77.3,0,2,0,2,1,1,0,5,417,6,2,0,79,2022,Round 16,2022-07-02,10673
Geelong,Zach Guthrie,4,16,16,80.0,0,0,0,1,0,0,0,9,358,3,6,0,92,2022,Round 16,2022-07-02,10673
Geelong,Tom Hawkins,6,10,11,57.9,2,2,7,0,1,0,1,14,401,5,0,0,97,2022,Round 16,2022-07-02,10673
Geelong,Patrick Dangerfield,7,13,18,94.7,0,1,1,1,0,5,1,6,405,3,2,0,62,2022,Round 16,2022-07-02,10673
Geelong,Tom Atkins,10,7,14,77.8,0,0,0,1,0,0,3,9,132,2,7,0,76,2022,Round 16,2022-07-02,10673
Geelong,Rhys Stanley,6,11,12,70.6,1,0,0,5,0,0,2,2,101,1,4,0,76,2022,Round 16,2022-07-02,10673
Geelong,Mark O Connor,6,7,9,75.0,1,0,0,3,0,0,0,1,94,4,6,0,89,2022,Round 16,2022-07-02,10673
Geelong,Tyson Stengle,5,7,7,58.3,0,1,1,0,0,0,2,7,184,1,1,0,78,2022,Round 16,2022-07-02,10673
Geelong,Gryan Miers,4,9,8,66.7,0,1,1,2,0,0,1,6,237,1,1,1,79,2022,Round 16,2022-07-02,10673
Geelong,Gary Rohan,7,4,9,81.8,0,3,0,0,0,0,0,6,319,3,4,2,88,2022,Round 16,2022-07-02,10673
Geelong,Quinton Narkle,4,8,8,72.7,0,0,2,2,0,1,1,4,229,2,0,0,62,2022,Round 16,2022-07-02,10673
Geelong,Jack Henry,2,9,10,90.9,0,0,0,6,0,0,0,2,73,2,5,0,99,2022,Round 16,2022-07-02,10673
Geelong,Max Holmes,4,7,7,63.6,1,0,2,1,0,0,0,7,207,0,5,1,68,2022,Round 16,2022-07-02,10673
Geelong,Jake Kolodjashnij,8,3,7,70.0,0,0,0,4,0,0,1,4,132,0,5,0,64,2022,Round 16,2022-07-02,10673
Geelong,Bradley Close,4,6,9,90.0,0,0,1,1,0,0,0,5,130,3,0,3,83,2022,Round 16,2022-07-02,10673
Geelong,Jed Bews,4,5,6,66.7,0,0,0,3,1,0,0,2,144,1,6,0,86,2022,Round 16,2022-07-02,10673
Geelong,Shaun Higgins,1,4,5,100.0,0,0,0,0,0,0,0,1,-6,0,0,0,20,2022,Round 16,2022-07-02,10673
North Melbourne,Luke Davies Uniacke,17,18,23,65.7,2,0,0,0,0,3,4,2,426,8,4,0,88,2022,Round 16,2022-07-02,10673
North Melbourne,Jy Simpkin,9,15,16,59.3,0,0,0,0,0,1,3,3,350,6,1,0,87,2022,Round 16,2022-07-02,10673
North Melbourne,Jaidyn Stephenson,1,16,21,84.0,0,0,0,1,0,0,0,2,488,4,1,0,75,2022,Round 16,2022-07-02,10673
North Melbourne,Luke Mcdonald,6,12,21,87.5,0,0,0,4,0,0,2,2,475,8,7,0,95,2022,Round 16,2022-07-02,10673
North Melbourne,Aidan Corr,4,17,19,82.6,0,0,0,1,0,0,0,0,265,4,4,0,92,2022,Round 16,2022-07-02,10673
North Melbourne,Jed Anderson,9,10,11,57.9,1,1,0,4,1,0,0,3,248,4,2,0,81,2022,Round 16,2022-07-02,10673
North Melbourne,Hugh Greenwood,10,10,12,63.2,0,0,0,2,0,3,4,3,252,8,3,1,82,2022,Round 16,2022-07-02,10673
North Melbourne,Joshua Walker,10,6,12,75.0,2,0,0,7,0,0,1,0,214,3,8,0,93,2022,Round 16,2022-07-02,10673
North Melbourne,Charlie Lazzaro,5,11,13,81.2,0,1,0,0,0,0,0,1,267,6,3,0,90,2022,Round 16,2022-07-02,10673
North Melbourne,Atu Bosenavulagi,4,11,10,66.7,0,0,0,4,0,0,0,2,185,3,4,0,85,2022,Round 16,2022-07-02,10673
North Melbourne,Curtis Taylor,7,8,9,64.3,0,0,0,6,0,0,1,1,140,4,5,0,91,2022,Round 16,2022-07-02,10673
North Melbourne,Tom Powell,6,7,9,69.2,0,0,0,2,0,0,3,2,170,2,1,0,81,2022,Round 16,2022-07-02,10673
North Melbourne,Lachie Young,2,11,11,91.7,0,0,0,9,0,0,0,0,193,1,3,0,92,2022,Round 16,2022-07-02,10673
North Melbourne,Paul Curtis,1,9,7,63.6,0,0,1,0,0,0,0,3,163,4,1,1,75,2022,Round 16,2022-07-02,10673
North Melbourne,Todd Goldstein,2,4,3,42.9,0,0,0,4,0,0,0,1,65,1,1,1,87,2022,Round 16,2022-07-02,10673
North Melbourne,Nick Larkey,3,4,7,100.0,1,0,1,1,0,0,0,2,123,0,1,0,91,2022,Round 16,2022-07-02,10673
North Melbourne,Cameron Zurhaar,2,4,4,66.7,0,0,0,0,0,0,0,2,133,5,0,1,85,2022,Round 16,2022-07-02,10673
North Melbourne,Jack Mahony,1,4,3,60.0,0,0,2,1,0,0,1,1,133,2,0,1,82,2022,Round 16,2022-07-02,10673
North Melbourne,Tristan Xerri,4,0,5,100.0,1,0,0,2,0,1,1,2,17,0,0,0,73,2022,Round 16,2022-07-02,10673
North Melbourne,Aaron Hall,0,3,3,100.0,0,0,0,0,0,0,0,0,69,0,0,0,2,2022,Round 16,2022-07-02,10673
North Melbourne,Kayne Turner,0,3,3,100.0,0,0,0,1,0,0,0,0,-2,0,0,0,17,2022,Round 16,2022-07-02,10673
North Melbourne,Ben Mckay,3,0,1,33.3,0,0,0,3,0,0,0,0,29,2,2,0,90,2022,Round 16,2022-07-02,10673
North Melbourne,Phoenix Spicer,1,1,0,0.0,0,0,1,1,0,0,0,2,63,0,0,2,64,2022,Round 16,2022-07-02,10673
Richmond,Daniel Rioli,7,19,24,85.7,1,2,0,1,6,2,1,9,565,4,4,0,81,2022,Round 16,2022-07-03,10676
Richmond,Nathan Broad,3,19,22,88.0,1,0,0,4,4,0,0,5,576,3,3,0,88,2022,Round 16,2022-07-03,10676
Richmond,Marlion Pickett,10,15,19,76.0,2,1,0,0,0,0,0,7,463,4,8,1,80,2022,Round 16,2022-07-03,10676
Richmond,Jack Graham,9,18,18,75.0,0,1,0,0,0,2,2,8,242,6,2,0,84,2022,Round 16,2022-07-03,10676
Richmond,Jayden Short,9,13,17,77.3,0,1,0,0,0,2,3,5,487,5,2,0,80,2022,Round 16,2022-07-03,10676
Richmond,Nick Vlastuin,6,12,15,71.4,0,1,0,1,0,0,0,5,318,4,10,0,82,2022,Round 16,2022-07-03,10676
Richmond,Liam Baker,8,13,12,57.1,0,1,1,1,0,0,1,5,374,3,2,0,85,2022,Round 16,2022-07-03,10676
Richmond,Dustin Martin,5,12,13,76.5,0,1,0,0,1,1,3,8,359,2,1,0,44,2022,Round 16,2022-07-03,10676
Richmond,Kamdyn Mcintosh,3,14,14,82.4,0,1,2,1,1,1,1,9,330,2,2,0,84,2022,Round 16,2022-07-03,10676
Richmond,Shai Bolton,10,7,13,76.5,1,1,1,1,4,2,3,5,326,2,1,1,86,2022,Round 16,2022-07-03,10676
Richmond,Jack Ross,4,12,16,94.1,0,0,0,0,0,2,1,5,322,2,1,0,77,2022,Round 16,2022-07-03,10676
Richmond,Toby Nankervis,7,9,12,80.0,0,0,0,3,0,1,1,5,110,0,3,0,67,2022,Round 16,2022-07-03,10676
Richmond,Dylan Grimes,3,10,14,100.0,0,0,0,4,1,0,0,3,156,1,8,0,87,2022,Round 16,2022-07-03,10676
Richmond,Jason Castagna,5,9,9,64.3,1,0,1,0,0,0,0,1,147,3,0,1,84,2022,Round 16,2022-07-03,10676
Richmond,Hugo Ralphsmith,3,9,12,85.7,1,0,0,0,5,0,0,1,253,3,3,0,83,2022,Round 16,2022-07-03,10676
Richmond,Shane Edwards,3,9,9,81.8,0,1,1,2,2,0,0,6,227,0,1,0,79,2022,Round 16,2022-07-03,10676
Richmond,Josh Gibcus,1,10,6,54.5,0,0,0,8,0,0,0,3,210,4,4,0,93,2022,Round 16,2022-07-03,10676
Richmond,Robert Tarrant,2,7,7,87.5,0,0,0,10,0,0,1,1,59,2,3,0,87,2022,Round 16,2022-07-03,10676
Richmond,Maurice Rioli 1,1,4,4,57.1,0,0,1,0,1,0,0,1,167,2,1,2,80,2022,Round 16,2022-07-03,10676
Richmond,Jack Riewoldt,4,4,3,50.0,2,0,3,2,0,0,0,6,188,1,1,1,93,2022,Round 16,2022-07-03,10676
Richmond,Thomas Lynch,4,2,5,83.3,4,0,3,1,0,0,0,3,114,1,0,1,87,2022,Round 16,2022-07-03,10676
Richmond,Ivan Soldo,4,3,4,80.0,0,0,0,3,0,1,1,3,90,0,1,0,57,2022,Round 16,2022-07-03,10676
Richmond,Kane Lambert,1,2,3,100.0,0,0,0,0,0,0,0,0,36,0,1,1,33,2022,Round 16,2022-07-03,10676
West Coast,Tim Kelly,17,20,27,67.5,1,3,1,0,0,5,4,10,516,8,4,0,83,2022,Round 16,2022-07-03,10676
West Coast,Luke Shuey,15,11,21,80.8,0,0,0,0,1,6,5,6,162,2,2,1,73,2022,Round 16,2022-07-03,10676
West Coast,Jack Redden,9,15,16,66.7,1,0,0,1,0,1,1,5,190,2,4,0,83,2022,Round 16,2022-07-03,10676
West Coast,Jamie Cripps,9,15,15,62.5,0,1,1,1,1,0,2,9,637,7,2,0,95,2022,Round 16,2022-07-03,10676
West Coast,Andrew Gaff,7,14,16,76.2,0,1,1,0,0,0,1,8,252,1,2,0,81,2022,Round 16,2022-07-03,10676
West Coast,Shannon Hurn,6,12,19,95.0,3,0,0,1,1,0,0,2,270,0,8,0,85,2022,Round 16,2022-07-03,10676
West Coast,Brady Hough,2,17,19,95.0,0,0,0,0,0,1,0,2,206,2,3,0,81,2022,Round 16,2022-07-03,10676
West Coast,Nicholas Naitanui,12,4,11,57.9,1,0,0,2,0,2,4,5,380,3,0,0,69,2022,Round 16,2022-07-03,10676
West Coast,Liam Duggan,4,15,9,50.0,0,0,0,2,0,0,1,0,386,6,3,0,84,2022,Round 16,2022-07-03,10676
West Coast,Jamaine Jones,5,10,13,81.2,0,1,0,1,0,1,0,5,325,3,4,0,84,2022,Round 16,2022-07-03,10676
West Coast,Willie Rioli,7,8,10,66.7,0,0,1,0,0,1,2,4,243,3,1,0,83,2022,Round 16,2022-07-03,10676
West Coast,Elliot Yeo,4,9,12,85.7,0,0,0,5,0,0,0,1,152,4,5,0,40,2022,Round 16,2022-07-03,10676
West Coast,Jake Waterman,4,9,8,57.1,2,0,2,1,0,0,0,6,338,3,1,1,91,2022,Round 16,2022-07-03,10676
West Coast,Jack Darling,4,9,11,84.6,2,0,1,3,0,0,0,5,118,2,0,1,100,2022,Round 16,2022-07-03,10676
West Coast,Liam Ryan,3,10,8,61.5,0,1,3,1,0,0,0,6,249,3,2,0,73,2022,Round 16,2022-07-03,10676
West Coast,Jack Petruccelle,6,7,7,53.8,0,0,0,2,1,0,3,6,388,2,1,1,69,2022,Round 16,2022-07-03,10676
West Coast,Zane Trew,4,9,10,76.9,0,0,0,1,0,1,1,6,188,2,0,0,68,2022,Round 16,2022-07-03,10676
West Coast,Tom Barrass,3,7,11,100.0,1,0,0,10,0,0,1,2,177,0,5,0,95,2022,Round 16,2022-07-03,10676
West Coast,Sam Petrevski Seton,5,6,9,81.8,0,0,0,1,0,0,0,1,130,3,5,0,41,2022,Round 16,2022-07-03,10676
West Coast,Josh Rotham,2,10,10,90.9,0,0,0,4,0,0,0,0,132,3,2,0,84,2022,Round 16,2022-07-03,10676
West Coast,Rhett Bazzo,1,8,9,100.0,0,0,0,3,0,0,0,1,106,2,0,0,86,2022,Round 16,2022-07-03,10676
West Coast,Connor West,0,7,7,100.0,0,1,0,0,0,0,0,4,100,0,0,0,73,2022,Round 16,2022-07-03,10676
West Coast,Bailey Williams 1,2,5,4,66.7,1,0,1,1,0,1,0,2,78,0,0,0,76,2022,Round 16,2022-07-03,10676
Fremantle,James Aish,11,18,20,69.0,0,1,1,2,0,0,3,5,293,4,5,0,78,2022,Round 16,2022-07-03,10678
Fremantle,Jordan Clark,7,22,24,82.8,0,1,0,5,1,0,0,2,418,4,9,0,87,2022,Round 16,2022-07-03,10678
Fremantle,Will Brodie,9,18,20,74.1,0,1,0,1,1,3,1,6,219,3,4,0,68,2022,Round 16,2022-07-03,10678
Fremantle,Andrew Brayshaw,10,16,18,66.7,0,0,0,6,0,4,1,5,256,5,3,0,84,2022,Round 16,2022-07-03,10678
Fremantle,Caleb Serong,9,16,20,80.0,0,1,0,0,0,4,4,5,241,1,0,0,72,2022,Round 16,2022-07-03,10678
Fremantle,Ethan Hughes,7,19,21,87.5,0,0,0,3,0,0,6,2,360,3,1,0,81,2022,Round 16,2022-07-03,10678
Fremantle,Nathan Fyfe,9,11,16,76.2,0,1,1,1,0,0,1,4,105,3,2,0,77,2022,Round 16,2022-07-03,10678
Fremantle,Sean Darcy,16,5,17,81.0,1,0,1,1,0,4,5,9,302,5,4,0,83,2022,Round 16,2022-07-03,10678
Fremantle,Luke Ryan,7,10,21,100.0,3,0,0,3,1,0,1,3,279,2,7,0,83,2022,Round 16,2022-07-03,10678
Fremantle,Hayden Young,7,13,14,70.0,2,0,0,3,0,0,0,1,259,4,7,0,81,2022,Round 16,2022-07-03,10678
Fremantle,Brandon Walker,3,17,14,70.0,0,0,0,0,0,0,0,3,327,6,3,0,87,2022,Round 16,2022-07-03,10678
Fremantle,David Mundy,6,13,15,78.9,0,1,0,0,0,2,1,5,288,4,3,0,76,2022,Round 16,2022-07-03,10678
Fremantle,Nathan Wilson,6,12,16,84.2,0,0,0,4,0,0,0,2,324,4,5,0,82,2022,Round 16,2022-07-03,10678
Fremantle,Brennan Cox,4,7,13,92.9,2,0,0,5,0,0,0,0,287,3,6,0,80,2022,Round 16,2022-07-03,10678
Fremantle,Minairo Frederick,6,8,11,78.6,1,1,1,1,0,0,0,9,362,3,2,1,79,2022,Round 16,2022-07-03,10678
Fremantle,Travis Colyer,3,7,8,72.7,1,0,0,1,0,1,2,1,305,4,1,0,79,2022,Round 16,2022-07-03,10678
Fremantle,Rory Lobb,5,7,8,72.7,0,0,4,1,0,1,0,8,176,0,0,1,96,2022,Round 16,2022-07-03,10678
Fremantle,Alex Pearce,2,9,8,72.7,1,0,0,3,0,0,0,0,160,3,3,0,100,2022,Round 16,2022-07-03,10678
Fremantle,Lachlan Schultz,5,7,6,54.5,0,0,1,1,0,0,2,2,187,6,3,2,80,2022,Round 16,2022-07-03,10678
Fremantle,Griffin Logue,6,4,7,70.0,2,3,2,2,0,0,0,5,124,3,0,2,95,2022,Round 16,2022-07-03,10678
Fremantle,Michael Walters,1,5,3,50.0,0,0,0,1,0,0,1,4,107,2,0,0,71,2022,Round 16,2022-07-03,10678
Fremantle,Matthew Taberner,3,3,5,83.3,1,0,2,0,0,0,0,3,98,1,0,0,60,2022,Round 16,2022-07-03,10678
Fremantle,Bailey Banfield,0,3,2,66.7,0,0,0,0,0,0,0,1,44,0,0,0,20,2022,Round 16,2022-07-03,10678
Port Adelaide,Oliver Wines,17,20,25,64.1,1,0,1,0,0,3,2,6,128,3,7,0,84,2022,Round 16,2022-07-03,10678
Port Adelaide,Travis Boak,12,17,26,81.2,0,1,0,1,0,0,3,6,206,3,4,0,75,2022,Round 16,2022-07-03,10678
Port Adelaide,Darcy Byrne Jones,7,19,22,75.9,0,0,0,2,2,1,0,4,463,4,7,0,79,2022,Round 16,2022-07-03,10678
Port Adelaide,Ryan Burton,3,17,19,79.2,1,0,1,0,0,0,1,5,496,2,4,0,81,2022,Round 16,2022-07-03,10678
Port Adelaide,Robert Gray,11,12,15,71.4,0,2,2,2,0,3,1,5,164,3,2,1,73,2022,Round 16,2022-07-03,10678
Port Adelaide,Connor Rozee,11,11,16,76.2,0,0,1,4,0,0,0,5,224,4,7,0,85,2022,Round 16,2022-07-03,10678
Port Adelaide,Willem Drew,8,10,13,72.2,0,0,0,2,0,0,2,6,130,2,2,0,83,2022,Round 16,2022-07-03,10678
Port Adelaide,Karl Amon,5,11,14,82.4,0,1,0,1,0,0,0,5,300,2,2,0,86,2022,Round 16,2022-07-03,10678
Port Adelaide,Jase Burgoyne,9,10,13,76.5,0,0,0,2,0,0,1,0,277,4,6,0,86,2022,Round 16,2022-07-03,10678
Port Adelaide,Dan Houston,5,10,12,75.0,0,0,0,3,0,0,1,3,303,2,3,0,78,2022,Round 16,2022-07-03,10678
Port Adelaide,Miles Bergman,6,12,13,81.2,0,0,0,2,0,0,1,2,298,2,4,0,75,2022,Round 16,2022-07-03,10678
Port Adelaide,Thomas Jonas,8,8,9,60.0,1,0,0,9,0,0,1,1,267,3,7,0,95,2022,Round 16,2022-07-03,10678
Port Adelaide,Jeremy Finlayson,8,8,12,80.0,0,1,0,1,0,2,3,5,287,4,0,1,82,2022,Round 16,2022-07-03,10678
Port Adelaide,Trent Mckenzie,1,10,13,92.9,0,0,0,3,0,0,0,2,162,3,5,0,85,2022,Round 16,2022-07-03,10678
Port Adelaide,Charlie Dixon,9,8,10,71.4,1,0,1,5,0,1,1,5,390,3,4,0,88,2022,Round 16,2022-07-03,10678
Port Adelaide,Sam Powell Pepper,5,9,9,69.2,1,1,1,0,0,0,0,3,272,5,2,1,81,2022,Round 16,2022-07-03,10678
Port Adelaide,Todd Marshall,2,9,5,41.7,0,0,1,1,0,0,0,5,161,5,0,0,93,2022,Round 16,2022-07-03,10678
Port Adelaide,Kane Farrell,2,12,9,75.0,0,2,0,1,0,0,1,6,327,3,0,1,79,2022,Round 16,2022-07-03,10678
Port Adelaide,Mitch Georgiades,6,6,8,66.7,3,0,3,0,2,0,1,5,266,4,0,1,78,2022,Round 16,2022-07-03,10678
Port Adelaide,Jackson Mead,4,8,10,90.9,1,1,1,0,1,0,1,4,77,1,1,4,67,2022,Round 16,2022-07-03,10678
Port Adelaide,Aliir Aliir,5,5,7,70.0,1,0,0,4,1,0,0,1,225,2,6,0,92,2022,Round 16,2022-07-03,10678
Port Adelaide,Lachlan Jones,1,3,3,75.0,0,1,0,1,0,0,0,1,123,2,0,0,47,2022,Round 16,2022-07-03,10678
Port Adelaide,Steven Motlop,0,1,1,100.0,0,0,0,0,0,0,0,0,46,0,0,1,29,2022,Round 16,2022-07-03,10678
Greater Western Sydney,Lachie Whitfield,9,22,25,78.1,0,0,0,3,0,0,2,2,382,8,6,0,81,2022,Round 16,2022-07-03,10675
Greater Western Sydney,Stephen Coniglio,13,16,15,48.4,0,1,0,1,0,4,1,5,475,7,5,1,83,2022,Round 16,2022-07-03,10675
Greater Western Sydney,Joshua Kelly,16,12,18,60.0,0,1,0,1,0,2,3,5,373,9,7,0,83,2022,Round 16,2022-07-03,10675
Greater Western Sydney,Tim Taranto,10,13,17,56.7,0,1,0,0,0,1,2,3,544,9,3,0,87,2022,Round 16,2022-07-03,10675
Greater Western Sydney,Isaac Cumming,11,11,17,58.6,1,0,0,4,0,1,1,3,677,6,12,0,91,2022,Round 16,2022-07-03,10675
Greater Western Sydney,Tom Green,14,8,15,65.2,0,0,0,2,0,3,2,1,174,3,4,0,86,2022,Round 16,2022-07-03,10675
Greater Western Sydney,Callan Ward,10,13,17,77.3,0,0,0,0,0,0,5,2,326,6,8,0,74,2022,Round 16,2022-07-03,10675
Greater Western Sydney,Jesse Hogan,8,11,12,54.5,2,1,2,2,0,0,0,7,282,6,0,3,82,2022,Round 16,2022-07-03,10675
Greater Western Sydney,Lachlan Ash,10,10,15,71.4,0,1,1,2,0,0,2,3,612,2,7,0,81,2022,Round 16,2022-07-03,10675
Greater Western Sydney,Sam Taylor,14,8,14,70.0,0,0,0,14,0,0,0,2,249,5,15,0,96,2022,Round 16,2022-07-03,10675
Greater Western Sydney,Harrison Himmelberg,6,9,15,83.3,1,1,0,5,1,0,0,4,637,7,8,0,88,2022,Round 16,2022-07-03,10675
Greater Western Sydney,Matthew Flynn,11,3,8,53.3,1,0,0,2,0,0,3,3,196,4,5,0,78,2022,Round 16,2022-07-03,10675
Greater Western Sydney,Jacob Wehr,9,4,8,53.3,0,0,0,2,0,0,2,2,303,2,3,0,73,2022,Round 16,2022-07-03,10675
Greater Western Sydney,Nick Haynes,5,7,4,30.8,0,1,2,1,0,1,0,2,271,5,0,0,81,2022,Round 16,2022-07-03,10675
Greater Western Sydney,Toby Greene,8,5,7,53.8,2,0,1,2,0,0,1,1,265,5,0,1,92,2022,Round 16,2022-07-03,10675
Greater Western Sydney,Callum Brown 1,7,6,10,76.9,2,0,1,1,0,0,1,7,353,2,1,4,69,2022,Round 16,2022-07-03,10675
Greater Western Sydney,Phil Davis,5,7,10,83.3,0,0,0,6,0,0,0,1,32,1,9,0,78,2022,Round 16,2022-07-03,10675
Greater Western Sydney,Adam Kennedy,3,7,6,50.0,0,0,0,6,0,0,3,0,312,3,3,0,75,2022,Round 16,2022-07-03,10675
Greater Western Sydney,Daniel Lloyd,6,3,5,45.5,0,0,0,1,0,0,0,2,93,4,2,2,85,2022,Round 16,2022-07-03,10675
Greater Western Sydney,Connor Idun,7,4,5,55.6,0,0,0,10,0,0,1,0,173,3,7,0,90,2022,Round 16,2022-07-03,10675
Greater Western Sydney,Xavier O Halloran,2,4,4,57.1,0,0,0,0,0,0,2,1,90,4,1,0,79,2022,Round 16,2022-07-03,10675
Greater Western Sydney,Tanner Bruhn,7,2,6,85.7,0,0,1,3,0,0,0,1,68,1,2,1,69,2022,Round 16,2022-07-03,10675
Hawthorn,Tom Mitchell,18,17,18,51.4,0,0,1,2,0,1,4,6,519,10,10,1,79,2022,Round 16,2022-07-03,10675
Hawthorn,Jaeger O Meara,12,10,13,50.0,0,1,0,1,0,2,5,3,295,6,2,0,84,2022,Round 16,2022-07-03,10675
Hawthorn,James Sicily,10,10,17,68.0,1,0,0,14,0,0,0,1,962,9,15,0,100,2022,Round 16,2022-07-03,10675
Hawthorn,Harry Morrison,10,12,12,48.0,0,0,0,1,0,0,4,4,638,8,6,2,81,2022,Round 16,2022-07-03,10675
Hawthorn,Jai Newcombe,13,10,10,45.5,0,0,0,2,0,0,2,3,479,7,7,1,77,2022,Round 16,2022-07-03,10675
Hawthorn,Jack Scrimshaw,6,10,10,55.6,1,0,0,6,0,0,0,1,446,3,9,0,84,2022,Round 16,2022-07-03,10675
Hawthorn,Conor Nash,8,4,7,41.2,0,0,0,0,0,1,3,0,291,6,3,1,76,2022,Round 16,2022-07-03,10675
Hawthorn,Lachlan Bramble,7,9,11,64.7,0,0,0,3,0,0,1,3,362,7,10,0,83,2022,Round 16,2022-07-03,10675
Hawthorn,Changkuoth Jiath,7,6,14,87.5,1,0,0,4,0,0,1,1,460,3,6,0,80,2022,Round 16,2022-07-03,10675
Hawthorn,Dylan Moore,10,5,10,62.5,0,0,1,2,0,0,1,3,246,2,3,3,88,2022,Round 16,2022-07-03,10675
Hawthorn,Will Day,5,6,5,31.2,0,0,0,6,0,1,0,2,212,5,5,0,87,2022,Round 16,2022-07-03,10675
Hawthorn,Connor Macdonald,5,10,9,60.0,0,0,1,0,0,0,1,3,191,6,2,1,82,2022,Round 16,2022-07-03,10675
Hawthorn,Luke Breust,7,6,8,57.1,0,0,0,3,0,0,1,3,190,6,3,1,76,2022,Round 16,2022-07-03,10675
Hawthorn,Liam Shiels,9,4,6,46.2,0,0,1,1,0,0,4,2,186,4,1,1,63,2022,Round 16,2022-07-03,10675
Hawthorn,Ned Reeves,9,0,5,38.5,0,0,0,9,0,1,4,2,132,3,1,1,78,2022,Round 16,2022-07-03,10675
Hawthorn,Jarman Impey,8,3,7,63.6,0,1,0,1,0,0,1,3,132,1,6,0,82,2022,Round 16,2022-07-03,10675
Hawthorn,Mitchell Lewis,8,2,4,36.4,1,0,1,4,0,0,0,1,101,3,3,2,92,2022,Round 16,2022-07-03,10675
Hawthorn,Blake Hardwick,3,4,6,60.0,0,0,0,9,0,0,1,1,277,3,5,0,86,2022,Round 16,2022-07-03,10675
Hawthorn,Jacob Koschitzke,4,2,5,50.0,0,0,0,3,0,0,1,1,166,5,1,2,74,2022,Round 16,2022-07-03,10675
Hawthorn,Jack Gunston,2,4,3,42.9,0,0,1,1,0,0,0,1,109,3,0,3,78,2022,Round 16,2022-07-03,10675
Hawthorn,Sam Butler 1,2,4,4,66.7,1,0,0,2,0,0,0,2,246,1,0,1,73,2022,Round 16,2022-07-03,10675
Hawthorn,James Blanck,5,2,3,50.0,0,0,0,9,0,0,0,0,91,4,8,0,85,2022,Round 16,2022-07-03,10675
Hawthorn,James Worpel,3,2,1,25.0,0,0,0,0,0,1,1,0,37,2,0,0,11,2022,Round 16,2022-07-03,10675
Geelong,Mitchell Duncan,2,24,24,75.0,0,0,2,1,1,0,0,7,629,4,5,0,88,2022,Round 17,2022-07-07,10681
Geelong,Patrick Dangerfield,14,16,18,58.1,0,1,1,2,0,3,6,9,702,4,2,0,79,2022,Round 17,2022-07-07,10681
Geelong,Cameron Guthrie,14,14,19,67.9,0,1,1,0,0,3,3,9,355,6,3,1,75,2022,Round 17,2022-07-07,10681
Geelong,Joel Selwood,10,12,16,69.6,0,1,0,2,0,2,5,12,319,3,3,0,63,2022,Round 17,2022-07-07,10681
Geelong,Isaac Smith,4,17,15,68.2,0,0,0,1,0,0,0,7,382,4,3,0,84,2022,Round 17,2022-07-07,10681
Geelong,Tom Atkins,10,12,12,57.1,0,0,1,4,0,3,6,5,450,5,3,1,69,2022,Round 17,2022-07-07,10681
Geelong,Sam Menegola,7,12,13,65.0,0,0,1,1,0,0,4,5,468,2,4,0,70,2022,Round 17,2022-07-07,10681
Geelong,Gryan Miers,7,10,12,63.2,0,2,0,0,0,0,2,8,215,6,3,0,66,2022,Round 17,2022-07-07,10681
Geelong,Zach Tuohy,5,9,15,83.3,1,0,1,1,4,0,0,4,342,1,7,0,82,2022,Round 17,2022-07-07,10681
Geelong,Max Holmes,6,9,12,70.6,0,1,1,2,0,0,2,4,240,5,6,1,74,2022,Round 17,2022-07-07,10681
Geelong,Bradley Close,2,13,9,56.2,0,1,1,1,0,0,2,4,247,6,0,2,83,2022,Round 17,2022-07-07,10681
Geelong,Tom Hawkins,7,8,9,60.0,1,2,1,3,0,0,2,11,175,2,1,1,97,2022,Round 17,2022-07-07,10681
Geelong,Jeremy Cameron,5,9,11,73.3,1,0,1,2,0,0,0,4,296,2,4,1,100,2022,Round 17,2022-07-07,10681
Geelong,Tyson Stengle,10,5,8,53.3,0,0,0,0,1,1,1,6,254,3,3,0,85,2022,Round 17,2022-07-07,10681
Geelong,Mark Blicavs,5,8,12,85.7,0,0,1,2,0,1,2,7,57,0,3,0,87,2022,Round 17,2022-07-07,10681
Geelong,Rhys Stanley,10,6,8,61.5,0,0,0,9,0,3,3,4,282,8,2,0,71,2022,Round 17,2022-07-07,10681
Geelong,Jack Henry,4,8,9,75.0,1,0,0,7,0,0,0,2,77,2,6,0,100,2022,Round 17,2022-07-07,10681
Geelong,Mark O Connor,0,12,7,63.6,0,0,0,1,0,0,0,4,288,2,1,0,81,2022,Round 17,2022-07-07,10681
Geelong,Zach Guthrie,2,8,5,50.0,0,0,0,0,0,0,0,1,169,3,2,0,84,2022,Round 17,2022-07-07,10681
Geelong,Sam De Koning,3,6,7,70.0,0,0,1,11,0,0,0,2,118,1,7,0,100,2022,Round 17,2022-07-07,10681
Geelong,Gary Rohan,6,4,7,77.8,0,0,1,2,0,0,0,6,286,0,1,1,87,2022,Round 17,2022-07-07,10681
Geelong,Jed Bews,1,6,8,100.0,0,0,0,1,0,0,0,2,97,1,3,0,74,2022,Round 17,2022-07-07,10681
Melbourne,Jack Viney,14,21,22,62.9,0,2,0,4,0,1,4,4,557,6,3,0,82,2022,Round 17,2022-07-07,10681
Melbourne,Clayton Oliver,23,10,22,64.7,0,0,1,2,0,2,8,7,430,5,7,1,88,2022,Round 17,2022-07-07,10681
Melbourne,Angus Brayshaw,8,18,20,74.1,1,0,0,4,0,0,1,3,311,4,10,0,81,2022,Round 17,2022-07-07,10681
Melbourne,Steven May,2,12,20,76.9,0,0,0,3,1,0,0,1,735,8,3,0,100,2022,Round 17,2022-07-07,10681
Melbourne,Christian Petracca,6,15,11,52.4,0,1,1,0,0,1,1,6,459,4,1,1,88,2022,Round 17,2022-07-07,10681
Melbourne,Ed Langdon,9,12,14,66.7,0,0,0,2,0,0,2,0,427,4,3,0,100,2022,Round 17,2022-07-07,10681
Melbourne,Christian Salem,2,12,14,77.8,0,0,0,0,0,0,0,1,419,4,5,0,84,2022,Round 17,2022-07-07,10681
Melbourne,James Jordon,4,15,14,77.8,0,0,0,0,0,0,0,0,127,4,5,0,83,2022,Round 17,2022-07-07,10681
Melbourne,James Harmes,11,9,14,82.4,0,0,0,1,0,2,2,5,189,2,4,1,79,2022,Round 17,2022-07-07,10681
Melbourne,Michael Hibberd,3,10,12,80.0,0,0,0,5,0,0,0,2,238,3,3,0,82,2022,Round 17,2022-07-07,10681
Melbourne,Max Gawn,13,3,8,57.1,0,0,0,3,0,1,5,5,162,2,1,0,85,2022,Round 17,2022-07-07,10681
Melbourne,Jake Lever,6,7,11,84.6,1,0,0,1,0,0,0,0,206,3,11,0,91,2022,Round 17,2022-07-07,10681
Melbourne,Alex Neal Bullen,6,8,9,69.2,0,1,0,1,0,0,0,3,109,2,2,0,80,2022,Round 17,2022-07-07,10681
Melbourne,Tom Sparrow,6,5,8,72.7,0,2,0,0,0,0,1,2,116,3,1,0,65,2022,Round 17,2022-07-07,10681
Melbourne,Ben Brown,6,4,6,60.0,2,1,1,2,0,0,0,4,260,4,0,0,83,2022,Round 17,2022-07-07,10681
Melbourne,Harrison Petty,5,6,9,90.0,1,0,0,5,0,0,0,1,226,1,6,0,97,2022,Round 17,2022-07-07,10681
Melbourne,Luke Jackson,5,6,9,90.0,0,0,0,3,0,1,1,1,121,3,1,0,61,2022,Round 17,2022-07-07,10681
Melbourne,Jake Bowey,6,5,6,60.0,0,0,0,3,0,0,2,0,86,3,3,0,65,2022,Round 17,2022-07-07,10681
Melbourne,Bayley Fritsch,4,5,2,22.2,0,0,2,4,0,0,0,5,206,2,0,0,83,2022,Round 17,2022-07-07,10681
Melbourne,Kysaiah Pickett,4,3,5,71.4,1,0,1,1,0,0,1,3,85,1,0,2,90,2022,Round 17,2022-07-07,10681
Melbourne,Toby Bedford,2,3,4,80.0,0,0,0,1,0,0,0,2,166,2,1,1,65,2022,Round 17,2022-07-07,10681
Melbourne,Charlie Spargo,0,5,3,75.0,0,0,0,0,0,0,0,2,85,2,0,1,70,2022,Round 17,2022-07-07,10681
Sydney,Luke Parker,9,17,24,85.7,0,0,0,1,0,2,6,6,280,1,2,0,87,2022,Round 17,2022-07-08,10685
Sydney,Jake Lloyd,2,21,25,92.6,0,0,0,1,0,0,1,3,321,1,1,0,85,2022,Round 17,2022-07-08,10685
Sydney,Chad Warner,8,17,16,64.0,0,1,0,0,0,2,2,10,667,3,2,0,83,2022,Round 17,2022-07-08,10685
Sydney,Tom Papley,15,10,10,41.7,1,5,1,1,1,1,1,17,434,4,4,1,83,2022,Round 17,2022-07-08,10685
Sydney,Callum Mills,9,15,18,78.3,0,0,1,1,0,1,4,6,446,4,3,4,86,2022,Round 17,2022-07-08,10685
Sydney,Robbie Fox,5,17,19,82.6,0,0,0,2,0,0,0,3,168,1,5,0,88,2022,Round 17,2022-07-08,10685
Sydney,Paddy Mccartin,7,15,19,86.4,4,0,0,1,0,0,0,5,350,2,9,0,82,2022,Round 17,2022-07-08,10685
Sydney,Nick Blakey,6,10,15,68.2,1,0,0,5,4,0,1,6,509,3,5,0,79,2022,Round 17,2022-07-08,10685
Sydney,Justin Mcinerney,5,14,17,89.5,0,1,0,2,1,1,0,5,152,3,3,0,78,2022,Round 17,2022-07-08,10685
Sydney,Dane Rampe,4,13,15,83.3,2,0,0,8,0,0,0,3,323,5,3,0,94,2022,Round 17,2022-07-08,10685
Sydney,Isaac Heeney,7,10,14,82.4,0,0,1,1,0,0,0,9,197,2,1,2,85,2022,Round 17,2022-07-08,10685
Sydney,Oliver Florent,4,15,14,82.4,0,0,0,0,0,0,1,1,178,4,4,0,82,2022,Round 17,2022-07-08,10685
Sydney,Sam Reid 1,15,2,8,53.3,0,1,0,3,0,2,5,6,249,2,3,1,83,2022,Round 17,2022-07-08,10685
Sydney,Errol Gulden,6,6,10,76.9,0,0,0,0,0,0,2,5,185,2,3,1,82,2022,Round 17,2022-07-08,10685
Sydney,Ryan Clarke,6,6,9,75.0,0,0,0,3,0,0,0,3,191,3,3,1,81,2022,Round 17,2022-07-08,10685
Sydney,Will Hayward,4,9,7,58.3,1,1,1,1,0,0,0,6,180,2,2,2,80,2022,Round 17,2022-07-08,10685
Sydney,James Rowbottom,8,4,9,75.0,0,0,0,1,0,1,6,5,215,3,0,2,69,2022,Round 17,2022-07-08,10685
Sydney,Lance Franklin,7,3,4,36.4,5,1,7,0,0,0,0,10,245,1,1,1,86,2022,Round 17,2022-07-08,10685
Sydney,Harry Cunningham,1,7,5,62.5,0,0,0,0,0,0,0,1,121,2,1,2,49,2022,Round 17,2022-07-08,10685
Sydney,Tom Mccartin,4,6,7,87.5,0,0,0,9,0,0,0,2,33,0,5,0,91,2022,Round 17,2022-07-08,10685
Sydney,Joel Amartey,6,2,6,75.0,3,1,2,0,0,0,1,5,28,0,0,0,65,2022,Round 17,2022-07-08,10685
Sydney,Dylan Stephens,4,5,5,71.4,0,0,0,2,0,0,1,3,179,5,3,0,75,2022,Round 17,2022-07-08,10685
Sydney,Peter Ladhams,4,1,1,33.3,0,0,0,3,0,0,0,3,69,1,1,0,27,2022,Round 17,2022-07-08,10685
Western Bulldogs,Adam Treloar,9,21,23,71.9,1,0,0,1,0,0,1,6,425,8,5,0,83,2022,Round 17,2022-07-08,10685
Western Bulldogs,Jackson Macrae,9,17,17,65.4,0,0,0,2,0,1,2,4,283,7,3,0,73,2022,Round 17,2022-07-08,10685
Western Bulldogs,Thomas Liberatore,12,11,15,65.2,0,1,0,2,0,2,7,5,365,3,0,1,84,2022,Round 17,2022-07-08,10685
Western Bulldogs,Ed Richards,5,13,18,85.7,1,0,0,4,1,0,1,2,304,2,4,0,88,2022,Round 17,2022-07-08,10685
Western Bulldogs,Marcus Bontempelli,12,6,14,73.7,0,0,0,3,0,3,5,6,300,3,3,1,84,2022,Round 17,2022-07-08,10685
Western Bulldogs,Lachlan Hunter,4,15,13,72.2,0,0,0,4,2,0,0,6,215,1,3,2,94,2022,Round 17,2022-07-08,10685
Western Bulldogs,Josh Dunkley,13,7,11,64.7,0,0,0,2,0,5,5,4,186,2,2,0,85,2022,Round 17,2022-07-08,10685
Western Bulldogs,Riley Garcia,12,5,10,58.8,0,1,0,0,0,0,2,5,165,4,5,1,74,2022,Round 17,2022-07-08,10685
Western Bulldogs,Bailey Dale,1,6,14,87.5,0,0,0,3,0,0,0,1,361,3,0,0,78,2022,Round 17,2022-07-08,10685
Western Bulldogs,Aaron Naughton,6,8,8,50.0,2,2,2,0,0,0,1,7,240,5,1,0,88,2022,Round 17,2022-07-08,10685
Western Bulldogs,Bailey Williams,5,7,12,92.3,0,0,0,0,0,0,0,4,184,0,5,0,84,2022,Round 17,2022-07-08,10685
Western Bulldogs,Timothy English,4,9,7,53.8,1,0,2,1,0,2,0,6,224,2,1,1,80,2022,Round 17,2022-07-08,10685
Western Bulldogs,Mitchell Hannan,5,8,8,61.5,0,1,0,4,0,0,1,1,317,5,4,0,85,2022,Round 17,2022-07-08,10685
Western Bulldogs,Josh Schache,3,10,6,50.0,2,0,2,0,0,0,0,5,273,2,1,1,82,2022,Round 17,2022-07-08,10685
Western Bulldogs,Ryan Gardner,1,11,10,83.3,0,0,0,10,0,0,0,2,89,2,8,0,100,2022,Round 17,2022-07-08,10685
Western Bulldogs,Rhylee West,8,5,9,81.8,0,1,0,4,0,0,1,5,61,0,3,2,80,2022,Round 17,2022-07-08,10685
Western Bulldogs,Cody Weightman,8,3,6,60.0,0,0,1,3,0,0,1,6,145,2,1,1,79,2022,Round 17,2022-07-08,10685
Western Bulldogs,Jamarra Ugle Hagan,3,6,6,60.0,2,0,2,0,0,0,0,4,175,1,0,0,76,2022,Round 17,2022-07-08,10685
Western Bulldogs,Dominic Bedendo,4,6,3,33.3,0,0,0,1,0,0,0,0,154,4,0,1,56,2022,Round 17,2022-07-08,10685
Western Bulldogs,Robbie Mccomb,2,7,5,55.6,0,0,0,0,0,0,0,2,134,3,0,0,49,2022,Round 17,2022-07-08,10685
Western Bulldogs,Jason Johannisen,2,6,5,62.5,0,0,1,0,0,0,0,3,185,2,0,2,79,2022,Round 17,2022-07-08,10685
Western Bulldogs,Alex Keath,2,6,8,100.0,0,0,0,6,0,0,0,4,58,0,3,0,85,2022,Round 17,2022-07-08,10685
Western Bulldogs,Anthony Scott,0,7,4,66.7,0,0,0,0,0,0,0,0,117,3,2,0,35,2022,Round 17,2022-07-08,10685
Collingwood,Taylor Adams,11,15,17,60.7,0,2,0,0,0,3,3,8,487,10,3,1,81,2022,Round 17,2022-07-09,10680
Collingwood,Josh Daicos,7,21,25,89.3,0,1,0,0,2,0,2,5,478,1,7,0,93,2022,Round 17,2022-07-09,10680
Collingwood,Scott Pendlebury,8,13,18,78.3,1,1,0,5,0,0,1,4,312,5,6,1,88,2022,Round 17,2022-07-09,10680
Collingwood,Brayden Maynard,9,10,16,76.2,1,0,0,6,2,0,3,3,336,3,8,0,88,2022,Round 17,2022-07-09,10680
Collingwood,Nick Daicos,5,13,19,90.5,0,1,0,0,1,0,1,3,441,2,4,1,84,2022,Round 17,2022-07-09,10680
Collingwood,Jeremy Howe,7,13,17,85.0,3,0,0,8,0,0,0,2,334,3,7,0,90,2022,Round 17,2022-07-09,10680
Collingwood,Jamie Elliott 1,8,12,13,65.0,0,0,3,2,0,1,1,6,278,1,0,4,84,2022,Round 17,2022-07-09,10680
Collingwood,Jack Crisp,7,12,10,55.6,1,1,0,1,1,2,0,3,291,5,5,1,87,2022,Round 17,2022-07-09,10680
Collingwood,John Noble,4,12,13,72.2,1,0,0,2,0,1,1,3,329,6,6,0,84,2022,Round 17,2022-07-09,10680
Collingwood,Patrick Lipinski,9,8,10,58.8,0,0,0,0,0,1,2,7,109,3,2,4,84,2022,Round 17,2022-07-09,10680
Collingwood,Steele Sidebottom,1,13,13,86.7,0,0,1,1,3,0,1,4,441,4,2,0,84,2022,Round 17,2022-07-09,10680
Collingwood,Isaac Quaynor,5,11,14,93.3,0,0,0,3,0,0,0,2,249,0,3,0,91,2022,Round 17,2022-07-09,10680
Collingwood,Josh Carmichael,7,8,6,42.9,0,1,1,1,1,0,2,6,199,3,2,2,60,2022,Round 17,2022-07-09,10680
Collingwood,Will Hoskin Elliott,5,7,9,69.2,0,0,0,1,0,0,1,2,224,0,0,2,89,2022,Round 17,2022-07-09,10680
Collingwood,Darcy Cameron,10,3,8,66.7,1,0,1,1,0,1,1,4,197,4,3,0,77,2022,Round 17,2022-07-09,10680
Collingwood,Beau Mccreery,7,4,7,58.3,0,1,0,0,3,0,0,6,315,3,2,2,74,2022,Round 17,2022-07-09,10680
Collingwood,Mason Cox,7,3,6,54.5,5,0,2,1,0,0,1,4,276,3,2,1,71,2022,Round 17,2022-07-09,10680
Collingwood,Nathan Murphy,4,6,8,80.0,0,0,0,9,0,0,0,1,195,2,5,0,88,2022,Round 17,2022-07-09,10680
Collingwood,Trey Ruscoe,3,4,8,100.0,0,0,0,3,0,0,1,0,174,0,3,0,68,2022,Round 17,2022-07-09,10680
Collingwood,Jack Ginnivan,2,7,6,75.0,0,0,1,1,0,0,0,4,97,0,1,1,75,2022,Round 17,2022-07-09,10680
Collingwood,Oliver Henry,2,3,4,80.0,0,0,0,0,0,0,1,2,-10,1,0,1,60,2022,Round 17,2022-07-09,10680
Collingwood,Brody Mihocek,2,4,2,50.0,1,0,3,1,0,0,0,3,112,2,0,0,97,2022,Round 17,2022-07-09,10680
North Melbourne,Jed Anderson,9,22,27,81.8,0,0,0,2,0,3,3,5,469,7,4,1,81,2022,Round 17,2022-07-09,10680
North Melbourne,Luke Davies Uniacke,16,17,25,75.8,1,2,0,0,0,7,5,8,791,8,5,1,86,2022,Round 17,2022-07-09,10680
North Melbourne,Jy Simpkin,18,15,21,67.7,0,1,0,1,0,3,3,6,375,7,3,0,84,2022,Round 17,2022-07-09,10680
North Melbourne,Curtis Taylor,5,20,14,60.9,0,1,0,1,0,0,0,5,584,9,4,0,87,2022,Round 17,2022-07-09,10680
North Melbourne,Tom Powell,6,15,17,77.3,0,0,0,1,0,1,2,5,219,1,0,0,76,2022,Round 17,2022-07-09,10680
North Melbourne,Jack Ziebell,8,12,17,85.0,2,0,0,1,0,0,0,5,212,3,3,1,76,2022,Round 17,2022-07-09,10680
North Melbourne,Nick Larkey,12,8,15,78.9,2,0,3,0,0,0,0,9,281,6,2,1,94,2022,Round 17,2022-07-09,10680
North Melbourne,Luke Mcdonald,5,9,17,100.0,2,0,0,2,0,0,1,3,290,1,6,0,90,2022,Round 17,2022-07-09,10680
North Melbourne,Hugh Greenwood,11,4,11,68.8,0,0,0,1,0,3,1,3,48,1,4,0,77,2022,Round 17,2022-07-09,10680
North Melbourne,Lachie Young,3,12,14,93.3,1,0,0,2,0,0,0,1,378,3,3,0,86,2022,Round 17,2022-07-09,10680
North Melbourne,Todd Goldstein,8,7,12,85.7,2,0,2,5,0,1,3,9,187,0,0,1,86,2022,Round 17,2022-07-09,10680
North Melbourne,Ben Mckay,5,10,13,92.9,2,0,0,6,0,0,1,2,133,2,11,0,97,2022,Round 17,2022-07-09,10680
North Melbourne,Cameron Zurhaar,8,5,9,69.2,4,0,1,0,0,0,1,5,313,3,1,1,90,2022,Round 17,2022-07-09,10680
North Melbourne,Bailey Scott,3,8,11,84.6,0,1,0,0,0,0,0,1,284,0,3,1,87,2022,Round 17,2022-07-09,10680
North Melbourne,Jaidyn Stephenson,2,10,9,75.0,0,1,0,1,0,0,1,3,261,4,1,0,60,2022,Round 17,2022-07-09,10680
North Melbourne,Flynn Perez,3,9,9,75.0,0,0,0,3,0,0,0,1,257,3,3,0,77,2022,Round 17,2022-07-09,10680
North Melbourne,Charlie Lazzaro,3,6,6,60.0,0,0,1,4,0,0,0,3,127,1,3,0,65,2022,Round 17,2022-07-09,10680
North Melbourne,Paul Curtis,4,6,5,50.0,1,0,1,2,0,0,0,1,168,5,2,0,72,2022,Round 17,2022-07-09,10680
North Melbourne,Aiden Bonar,3,7,7,77.8,0,0,0,4,0,0,0,3,30,0,4,0,75,2022,Round 17,2022-07-09,10680
North Melbourne,Callum Coleman Jones,2,6,4,50.0,0,1,0,3,0,0,1,2,139,2,0,0,71,2022,Round 17,2022-07-09,10680
North Melbourne,Aidan Corr,2,4,7,100.0,0,0,0,3,1,0,0,3,104,0,1,0,96,2022,Round 17,2022-07-09,10680
North Melbourne,Phoenix Spicer,4,2,1,16.7,0,0,0,1,0,0,0,0,42,3,0,1,69,2022,Round 17,2022-07-09,10680
North Melbourne,Jack Mahony,0,2,2,100.0,0,0,0,1,0,0,0,0,48,1,0,0,18,2022,Round 17,2022-07-09,10680
Gold Coast,Touk Miller,16,12,19,70.4,0,1,0,2,0,4,9,7,514,7,2,0,89,2022,Round 17,2022-07-09,10682
Gold Coast,Brandon Ellis,7,13,21,80.8,0,0,0,2,0,0,0,5,506,5,9,0,95,2022,Round 17,2022-07-09,10682
Gold Coast,Ben Ainsworth,7,20,18,69.2,0,0,3,1,0,0,0,12,536,5,6,1,88,2022,Round 17,2022-07-09,10682
Gold Coast,Noah Anderson,12,13,23,88.5,0,0,1,0,2,1,5,7,651,5,7,0,86,2022,Round 17,2022-07-09,10682
Gold Coast,Jack Bowes,6,15,17,70.8,0,0,0,2,1,0,3,4,616,8,3,0,78,2022,Round 17,2022-07-09,10682
Gold Coast,David Swallow,10,14,19,82.6,0,2,1,0,0,2,1,8,451,4,3,2,81,2022,Round 17,2022-07-09,10682
Gold Coast,Charlie Ballard,5,11,12,66.7,2,0,0,7,0,0,1,5,178,3,6,0,89,2022,Round 17,2022-07-09,10682
Gold Coast,Matt Rowell,11,6,11,61.1,0,0,0,1,0,3,2,6,216,3,2,1,88,2022,Round 17,2022-07-09,10682
Gold Coast,Jarrod Witts,11,7,12,70.6,1,0,0,4,0,1,3,5,203,3,2,0,87,2022,Round 17,2022-07-09,10682
Gold Coast,Brayden Fiorini,7,10,12,70.6,0,1,0,2,0,1,0,4,326,5,4,1,78,2022,Round 17,2022-07-09,10682
Gold Coast,Samuel Collins,7,10,11,73.3,2,0,0,9,1,0,0,2,212,4,9,0,100,2022,Round 17,2022-07-09,10682
Gold Coast,Nicholas Holman,6,9,11,73.3,1,0,1,0,0,0,1,8,137,3,1,0,87,2022,Round 17,2022-07-09,10682
Gold Coast,Caleb Graham,7,6,8,57.1,1,0,0,11,0,0,0,0,307,3,8,0,90,2022,Round 17,2022-07-09,10682
Gold Coast,Jeremy Sharp,1,12,7,50.0,0,0,1,0,0,0,0,3,285,5,1,0,86,2022,Round 17,2022-07-09,10682
Gold Coast,Jack Lukosius,3,5,8,66.7,0,1,0,2,0,0,0,5,426,5,1,0,65,2022,Round 17,2022-07-09,10682
Gold Coast,Levi Casboult,5,4,6,60.0,1,0,1,2,0,0,0,3,36,1,0,0,93,2022,Round 17,2022-07-09,10682
Gold Coast,Mabior Chol,10,1,5,55.6,3,0,4,2,0,0,0,9,139,0,0,0,85,2022,Round 17,2022-07-09,10682
Gold Coast,Sam Day,4,2,4,57.1,2,1,1,2,0,0,1,4,110,2,0,0,67,2022,Round 17,2022-07-09,10682
Gold Coast,Rory Atkins,0,6,6,85.7,0,0,0,2,1,0,0,2,169,2,0,0,39,2022,Round 17,2022-07-09,10682
Gold Coast,Sean Lemmens,6,0,0,0.0,0,0,0,0,0,0,1,0,98,6,4,0,56,2022,Round 17,2022-07-09,10682
Gold Coast,Hewago Oea,2,4,4,66.7,0,1,0,0,0,0,0,3,82,2,1,0,63,2022,Round 17,2022-07-09,10682
Gold Coast,Malcolm Rosas,1,3,0,0.0,0,0,0,0,0,0,0,0,2,4,1,0,38,2022,Round 17,2022-07-09,10682
Gold Coast,Sam Flanders,2,4,4,100.0,0,0,0,1,0,0,0,1,61,0,0,1,71,2022,Round 17,2022-07-09,10682
Richmond,Daniel Rioli,12,15,24,77.4,0,0,0,2,4,0,1,7,471,6,9,0,83,2022,Round 17,2022-07-09,10682
Richmond,Shai Bolton,18,12,17,58.6,2,1,1,5,3,7,1,11,551,8,2,0,86,2022,Round 17,2022-07-09,10682
Richmond,Dion Prestia,10,15,17,70.8,0,0,0,1,0,2,5,7,504,3,3,0,80,2022,Round 17,2022-07-09,10682
Richmond,Nathan Broad,3,19,13,61.9,0,0,0,1,0,0,0,2,438,8,7,0,86,2022,Round 17,2022-07-09,10682
Richmond,Jayden Short,7,13,14,70.0,0,1,0,0,1,0,1,5,628,5,4,0,83,2022,Round 17,2022-07-09,10682
Richmond,Hugo Ralphsmith,1,15,17,85.0,0,0,0,3,0,0,0,5,430,2,3,0,77,2022,Round 17,2022-07-09,10682
Richmond,Liam Baker,4,15,16,84.2,0,0,0,2,0,0,0,6,335,4,4,0,86,2022,Round 17,2022-07-09,10682
Richmond,Marlion Pickett,4,12,13,76.5,0,0,2,3,0,0,1,3,301,3,7,0,79,2022,Round 17,2022-07-09,10682
Richmond,Kamdyn Mcintosh,7,8,9,56.2,1,0,0,1,0,0,0,2,309,3,5,0,82,2022,Round 17,2022-07-09,10682
Richmond,Jason Castagna,4,12,7,46.7,1,0,3,1,0,0,0,8,240,4,1,1,81,2022,Round 17,2022-07-09,10682
Richmond,Jack Graham,7,9,12,80.0,0,0,0,0,2,1,1,5,453,6,5,2,76,2022,Round 17,2022-07-09,10682
Richmond,Robert Tarrant,7,8,12,85.7,0,1,0,13,0,0,0,4,265,2,10,0,92,2022,Round 17,2022-07-09,10682
Richmond,Jake Aarts,10,3,8,61.5,0,0,1,1,0,0,3,6,171,4,4,4,83,2022,Round 17,2022-07-09,10682
Richmond,Thomson Dow,8,6,11,84.6,0,0,0,1,0,0,6,4,140,2,2,0,74,2022,Round 17,2022-07-09,10682
Richmond,Shane Edwards,4,8,12,100.0,0,1,0,0,0,0,1,5,112,0,3,0,83,2022,Round 17,2022-07-09,10682
Richmond,Toby Nankervis,4,6,7,70.0,0,0,0,2,0,1,2,3,133,1,1,0,75,2022,Round 17,2022-07-09,10682
Richmond,Noah Cumberland,6,3,4,40.0,1,0,2,1,0,0,0,5,191,1,0,0,71,2022,Round 17,2022-07-09,10682
Richmond,Jack Riewoldt,4,6,6,66.7,1,1,2,1,1,0,0,5,259,5,0,1,96,2022,Round 17,2022-07-09,10682
Richmond,Ben Miller,3,4,9,100.0,1,0,0,4,0,0,0,1,240,0,6,0,94,2022,Round 17,2022-07-09,10682
Richmond,Dylan Grimes,4,1,5,71.4,1,0,0,3,0,0,0,0,139,1,6,0,86,2022,Round 17,2022-07-09,10682
Richmond,Ivan Soldo,6,1,3,50.0,1,0,0,5,0,1,1,2,46,1,3,0,78,2022,Round 17,2022-07-09,10682
Richmond,Maurice Rioli 1,2,2,1,33.3,0,1,1,1,0,0,0,3,37,1,0,1,65,2022,Round 17,2022-07-09,10682
Richmond,Thomas Lynch,0,1,0,0.0,0,0,1,0,0,0,0,1,25,0,0,0,7,2022,Round 17,2022-07-09,10682
Port Adelaide,Zak Butters,7,20,20,76.9,0,0,1,1,0,0,1,4,325,2,1,1,78,2022,Round 17,2022-07-09,10686
Port Adelaide,Sam Powell Pepper,10,17,14,56.0,0,1,2,1,0,0,1,8,333,6,2,2,88,2022,Round 17,2022-07-09,10686
Port Adelaide,Travis Boak,12,15,14,58.3,0,0,0,3,0,0,4,5,436,6,3,0,87,2022,Round 17,2022-07-09,10686
Port Adelaide,Connor Rozee,9,15,21,87.5,0,0,2,0,0,2,2,11,321,0,5,3,86,2022,Round 17,2022-07-09,10686
Port Adelaide,Karl Amon,0,22,18,81.8,0,2,0,0,0,0,1,4,455,5,0,0,83,2022,Round 17,2022-07-09,10686
Port Adelaide,Jeremy Finlayson,12,9,16,72.7,1,1,0,1,0,2,3,7,391,4,6,0,89,2022,Round 17,2022-07-09,10686
Port Adelaide,Oliver Wines,6,15,12,57.1,0,0,0,1,0,1,0,2,291,2,3,1,82,2022,Round 17,2022-07-09,10686
Port Adelaide,Darcy Byrne Jones,8,14,18,85.7,1,0,1,2,2,1,1,2,280,3,9,0,89,2022,Round 17,2022-07-09,10686
Port Adelaide,Ryan Burton,1,13,15,75.0,0,1,0,0,0,0,0,1,506,5,5,0,77,2022,Round 17,2022-07-09,10686
Port Adelaide,Robert Gray,5,15,14,73.7,0,1,1,1,0,0,1,3,159,3,3,1,71,2022,Round 17,2022-07-09,10686
Port Adelaide,Miles Bergman,8,11,14,73.7,0,0,0,0,1,1,2,3,359,4,2,2,74,2022,Round 17,2022-07-09,10686
Port Adelaide,Willem Drew,8,10,16,88.9,0,0,0,0,0,1,5,4,239,2,1,0,77,2022,Round 17,2022-07-09,10686
Port Adelaide,Charlie Dixon,8,7,11,64.7,1,1,1,2,0,0,3,4,234,1,2,0,70,2022,Round 17,2022-07-09,10686
Port Adelaide,Dan Houston,8,8,14,87.5,1,1,0,6,0,1,2,3,284,2,5,0,79,2022,Round 17,2022-07-09,10686
Port Adelaide,Kane Farrell,0,16,12,75.0,0,0,1,2,0,0,0,3,277,3,1,4,78,2022,Round 17,2022-07-09,10686
Port Adelaide,Aliir Aliir,8,7,12,80.0,1,0,1,6,0,0,0,3,172,3,11,0,93,2022,Round 17,2022-07-09,10686
Port Adelaide,Thomas Jonas,3,11,13,92.9,0,0,0,6,0,0,1,1,125,1,4,0,92,2022,Round 17,2022-07-09,10686
Port Adelaide,Tom Clurey,4,8,10,76.9,1,0,0,6,0,0,0,3,260,1,6,0,91,2022,Round 17,2022-07-09,10686
Port Adelaide,Mitch Georgiades,3,10,8,61.5,1,0,3,3,0,0,0,1,165,6,1,4,78,2022,Round 17,2022-07-09,10686
Port Adelaide,Jackson Mead,5,8,9,75.0,1,0,0,3,1,0,0,3,133,2,2,0,75,2022,Round 17,2022-07-09,10686
Port Adelaide,Jase Burgoyne,3,10,11,91.7,0,2,0,5,0,0,0,3,56,0,1,0,79,2022,Round 17,2022-07-09,10686
Port Adelaide,Todd Marshall,6,6,6,60.0,1,0,4,5,0,0,1,5,158,2,1,1,86,2022,Round 17,2022-07-09,10686
Greater Western Sydney,Stephen Coniglio,11,22,19,59.4,0,0,1,3,1,4,3,4,428,5,2,1,84,2022,Round 17,2022-07-09,10686
Greater Western Sydney,Joshua Kelly,9,18,19,70.4,0,1,0,1,0,1,2,1,374,3,3,0,85,2022,Round 17,2022-07-09,10686
Greater Western Sydney,Tim Taranto,13,9,16,69.6,1,0,0,0,0,1,1,4,181,2,4,0,88,2022,Round 17,2022-07-09,10686
Greater Western Sydney,Callan Ward,10,12,19,86.4,1,0,0,1,0,0,1,2,259,5,14,0,84,2022,Round 17,2022-07-09,10686
Greater Western Sydney,Harrison Himmelberg,7,8,13,59.1,1,0,0,6,0,0,2,4,518,6,6,0,94,2022,Round 17,2022-07-09,10686
Greater Western Sydney,Isaac Cumming,5,9,15,75.0,0,0,0,0,0,0,0,2,556,5,3,0,81,2022,Round 17,2022-07-09,10686
Greater Western Sydney,Tom Green,11,10,14,70.0,1,0,0,2,0,1,3,4,133,6,2,0,84,2022,Round 17,2022-07-09,10686
Greater Western Sydney,Lachlan Ash,7,14,13,65.0,0,1,1,3,1,0,3,4,326,6,4,0,85,2022,Round 17,2022-07-09,10686
Greater Western Sydney,Jesse Hogan,5,11,11,68.8,1,0,4,0,0,0,0,7,81,3,1,1,87,2022,Round 17,2022-07-09,10686
Greater Western Sydney,Toby Greene,6,6,6,50.0,1,0,3,0,0,0,0,4,216,5,1,0,95,2022,Round 17,2022-07-09,10686
Greater Western Sydney,Sam Taylor,4,8,10,83.3,2,0,0,6,0,0,0,0,81,2,7,0,98,2022,Round 17,2022-07-09,10686
Greater Western Sydney,Adam Kennedy,1,9,7,70.0,0,0,0,1,1,0,0,2,362,3,1,0,61,2022,Round 17,2022-07-09,10686
Greater Western Sydney,Lachie Whitfield,4,5,6,60.0,0,0,0,1,0,0,0,2,140,2,2,0,81,2022,Round 17,2022-07-09,10686
Greater Western Sydney,Matthew Flynn,5,4,7,77.8,0,0,0,3,0,1,2,1,59,2,0,0,78,2022,Round 17,2022-07-09,10686
Greater Western Sydney,Daniel Lloyd,2,7,2,22.2,0,0,2,0,0,0,1,3,220,5,2,3,84,2022,Round 17,2022-07-09,10686
Greater Western Sydney,Phil Davis,2,4,6,85.7,0,0,0,2,0,0,0,1,88,1,2,0,45,2022,Round 17,2022-07-09,10686
Greater Western Sydney,Nick Haynes,4,3,4,57.1,0,0,0,1,0,0,0,1,119,2,2,1,84,2022,Round 17,2022-07-09,10686
Greater Western Sydney,Jacob Wehr,0,6,5,71.4,0,0,0,2,0,0,0,2,200,2,2,0,73,2022,Round 17,2022-07-09,10686
Greater Western Sydney,Tanner Bruhn,2,5,4,66.7,0,0,0,0,2,0,0,1,193,2,0,1,72,2022,Round 17,2022-07-09,10686
Greater Western Sydney,Lachlan Keeffe,3,3,3,60.0,1,0,0,1,0,0,0,0,40,1,2,0,77,2022,Round 17,2022-07-09,10686
Greater Western Sydney,Callum Brown 1,2,4,2,50.0,0,0,0,7,0,0,0,0,209,2,2,0,82,2022,Round 17,2022-07-09,10686
Greater Western Sydney,James Peatling,0,5,2,50.0,0,1,1,1,0,0,0,3,116,2,0,0,60,2022,Round 17,2022-07-09,10686
Greater Western Sydney,Xavier O Halloran,0,3,2,66.7,0,0,0,0,0,0,0,1,51,1,0,1,37,2022,Round 17,2022-07-09,10686
St Kilda,Brad Crouch,12,15,24,80.0,0,2,0,0,0,4,3,8,254,5,2,3,78,2022,Round 17,2022-07-09,10684
St Kilda,Bradley Hill,6,19,24,85.7,0,0,0,1,1,1,3,3,363,3,3,0,82,2022,Round 17,2022-07-09,10684
St Kilda,Jack Steele,7,21,25,89.3,0,1,0,2,0,4,0,6,312,2,0,0,84,2022,Round 17,2022-07-09,10684
St Kilda,Zak Jones,13,15,20,74.1,0,0,0,2,1,2,4,2,219,3,3,0,76,2022,Round 17,2022-07-09,10684
St Kilda,Jack Sinclair,5,19,24,88.9,1,0,0,3,0,0,0,2,386,3,5,0,84,2022,Round 17,2022-07-09,10684
St Kilda,Josh Battle,7,19,24,88.9,2,0,0,3,0,0,0,5,348,2,8,0,88,2022,Round 17,2022-07-09,10684
St Kilda,Sebastian Ross,9,18,16,66.7,0,1,0,4,0,2,2,7,344,2,2,1,86,2022,Round 17,2022-07-09,10684
St Kilda,Rowan Marshall,10,12,17,73.9,1,0,1,2,0,0,1,4,312,6,4,1,88,2022,Round 17,2022-07-09,10684
St Kilda,Jimmy Webster,6,15,19,90.5,0,0,0,2,0,0,0,3,219,3,5,0,85,2022,Round 17,2022-07-09,10684
St Kilda,Tom Highmore,8,11,15,75.0,2,0,0,3,0,0,1,4,196,3,8,0,76,2022,Round 17,2022-07-09,10684
St Kilda,Jack Billings,6,14,11,61.1,0,0,0,2,0,0,0,3,388,5,4,0,77,2022,Round 17,2022-07-09,10684
St Kilda,Jade Gresham,5,11,12,75.0,0,0,0,0,0,2,2,4,263,3,1,2,80,2022,Round 17,2022-07-09,10684
St Kilda,Callum Wilkie,3,13,16,100.0,0,0,0,5,0,0,0,4,122,0,4,0,96,2022,Round 17,2022-07-09,10684
St Kilda,Mason Wood,6,9,9,64.3,2,1,2,0,0,1,1,5,350,2,1,0,72,2022,Round 17,2022-07-09,10684
St Kilda,Daniel Butler,5,7,8,57.1,0,0,0,0,0,0,0,6,206,4,2,3,75,2022,Round 17,2022-07-09,10684
St Kilda,Nasiah Wanganeen Milera,4,11,11,78.6,0,1,1,0,1,0,0,3,239,2,4,1,79,2022,Round 17,2022-07-09,10684
St Kilda,Jack Higgins,6,7,8,61.5,0,1,1,0,1,0,1,3,210,5,0,0,76,2022,Round 17,2022-07-09,10684
St Kilda,Max King 1,6,5,8,72.7,1,1,2,0,0,0,0,5,110,2,0,1,92,2022,Round 17,2022-07-09,10684
St Kilda,Tim Membrey,3,7,5,62.5,2,0,4,3,0,0,0,4,201,2,1,1,85,2022,Round 17,2022-07-09,10684
St Kilda,Darragh Joyce,4,4,3,42.9,0,0,0,10,0,0,0,0,23,2,3,0,90,2022,Round 17,2022-07-09,10684
St Kilda,Marcus Windhager,3,4,4,57.1,0,0,0,2,0,0,0,0,116,2,2,1,77,2022,Round 17,2022-07-09,10684
St Kilda,Patrick Ryder,4,2,2,40.0,0,0,0,3,0,1,1,3,133,3,0,0,75,2022,Round 17,2022-07-09,10684
Fremantle,Andrew Brayshaw,8,29,24,66.7,0,3,0,2,2,1,0,8,569,4,3,2,79,2022,Round 17,2022-07-09,10684
Fremantle,Jordan Clark,5,25,25,83.3,0,0,0,0,0,0,0,5,472,6,7,0,85,2022,Round 17,2022-07-09,10684
Fremantle,Will Brodie,9,21,24,82.8,0,1,0,0,0,1,5,9,388,5,1,0,72,2022,Round 17,2022-07-09,10684
Fremantle,Caleb Serong,9,16,19,76.0,0,0,0,0,0,2,2,7,139,3,2,2,75,2022,Round 17,2022-07-09,10684
Fremantle,Hayden Young,2,20,22,95.7,0,0,0,2,0,0,0,3,382,1,3,0,89,2022,Round 17,2022-07-09,10684
Fremantle,Nathan Fyfe,10,12,17,81.0,1,1,4,2,0,1,0,10,295,3,2,1,81,2022,Round 17,2022-07-09,10684
Fremantle,James Aish,5,17,19,90.5,0,0,0,1,0,0,2,4,314,4,3,0,78,2022,Round 17,2022-07-09,10684
Fremantle,Brennan Cox,5,12,20,100.0,0,0,0,6,0,0,0,4,309,1,6,0,91,2022,Round 17,2022-07-09,10684
Fremantle,Lachlan Schultz,6,15,16,80.0,0,1,1,0,0,0,3,10,379,7,2,3,80,2022,Round 17,2022-07-09,10684
Fremantle,David Mundy,5,13,17,94.4,0,2,0,0,0,1,2,4,189,2,4,0,72,2022,Round 17,2022-07-09,10684
Fremantle,Griffin Logue,6,10,17,100.0,0,0,0,15,0,0,0,3,66,0,9,0,93,2022,Round 17,2022-07-09,10684
Fremantle,Luke Ryan,4,10,17,100.0,0,0,0,1,0,0,0,3,269,1,7,0,82,2022,Round 17,2022-07-09,10684
Fremantle,Nathan Wilson,1,14,14,87.5,0,0,0,4,0,0,0,4,323,3,2,0,81,2022,Round 17,2022-07-09,10684
Fremantle,Sean Darcy,8,8,14,87.5,0,2,1,1,0,1,5,8,130,3,2,0,88,2022,Round 17,2022-07-09,10684
Fremantle,Michael Walters,8,6,10,71.4,2,0,1,1,0,0,1,3,86,2,1,2,78,2022,Round 17,2022-07-09,10684
Fremantle,Rory Lobb,13,2,10,71.4,3,1,2,1,0,0,0,8,158,3,5,0,100,2022,Round 17,2022-07-09,10684
Fremantle,Brandon Walker,4,11,9,64.3,0,1,0,3,0,0,3,4,172,4,0,0,79,2022,Round 17,2022-07-09,10684
Fremantle,Travis Colyer,3,10,11,91.7,0,1,0,2,1,0,1,2,236,1,2,0,82,2022,Round 17,2022-07-09,10684
Fremantle,Matthew Taberner,5,7,7,58.3,2,1,0,1,0,0,0,4,234,3,0,0,81,2022,Round 17,2022-07-09,10684
Fremantle,Ethan Hughes,5,7,10,90.9,0,0,0,2,0,0,1,3,39,1,2,0,78,2022,Round 17,2022-07-09,10684
Fremantle,Bailey Banfield,6,7,7,63.6,2,0,2,0,0,1,0,7,268,4,0,1,74,2022,Round 17,2022-07-09,10684
Fremantle,Minairo Frederick,1,10,9,81.8,0,0,0,0,1,0,0,7,303,1,1,2,82,2022,Round 17,2022-07-09,10684
Brisbane Lions,Hugh Mccluggage,11,18,17,58.6,0,2,0,1,0,1,3,8,297,6,5,0,83,2022,Round 17,2022-07-10,10679
Brisbane Lions,Brandon Starcevich,3,12,21,80.8,0,1,0,2,0,0,0,6,601,6,8,0,88,2022,Round 17,2022-07-10,10679
Brisbane Lions,Lachie Neale,15,6,14,66.7,1,1,0,1,0,3,3,5,259,2,1,1,89,2022,Round 17,2022-07-10,10679
Brisbane Lions,Mitch Robinson,7,10,14,73.7,0,0,1,2,0,2,1,6,212,3,2,0,86,2022,Round 17,2022-07-10,10679
Brisbane Lions,Jarryd Lyons,10,6,13,76.5,0,0,0,1,0,3,3,5,290,2,3,1,72,2022,Round 17,2022-07-10,10679
Brisbane Lions,Zac Bailey,3,14,13,76.5,0,1,0,0,0,2,1,7,374,4,1,0,80,2022,Round 17,2022-07-10,10679
Brisbane Lions,Oscar Mcinerney,11,6,9,60.0,2,1,2,1,0,0,1,12,207,0,2,0,81,2022,Round 17,2022-07-10,10679
Brisbane Lions,Ryan Lester,6,7,9,64.3,0,0,0,3,0,0,1,5,315,2,5,0,83,2022,Round 17,2022-07-10,10679
Brisbane Lions,Lincoln Mccarthy,5,8,7,53.8,0,0,0,2,0,0,2,6,250,6,1,3,77,2022,Round 17,2022-07-10,10679
Brisbane Lions,Charlie Cameron,8,6,8,66.7,0,0,1,3,0,0,0,4,161,3,3,0,87,2022,Round 17,2022-07-10,10679
Brisbane Lions,Cameron Rayner,7,5,9,75.0,2,0,1,0,1,1,0,3,240,2,2,1,71,2022,Round 17,2022-07-10,10679
Brisbane Lions,Marcus Adams,3,8,9,81.8,2,0,0,7,0,0,0,1,251,0,3,0,100,2022,Round 17,2022-07-10,10679
Brisbane Lions,Darcy Fort,8,4,5,45.5,1,1,1,1,0,0,2,4,210,3,1,2,73,2022,Round 17,2022-07-10,10679
Brisbane Lions,James Tunstill,2,9,5,45.5,0,0,0,0,0,0,2,1,266,3,0,0,76,2022,Round 17,2022-07-10,10679
Brisbane Lions,Joe Daniher,6,4,4,40.0,0,2,0,2,0,0,0,6,215,5,1,0,91,2022,Round 17,2022-07-10,10679
Brisbane Lions,Nakia Cockatoo,6,4,2,20.0,0,0,0,1,0,0,3,1,333,3,2,2,79,2022,Round 17,2022-07-10,10679
Brisbane Lions,Eric Hipwood,2,9,7,70.0,1,1,2,0,0,0,0,5,216,3,0,1,85,2022,Round 17,2022-07-10,10679
Brisbane Lions,James Madden,4,6,5,50.0,3,0,1,0,1,0,0,3,346,3,5,1,77,2022,Round 17,2022-07-10,10679
Brisbane Lions,Jack Payne,4,5,6,66.7,0,0,0,11,0,0,0,2,176,3,6,0,96,2022,Round 17,2022-07-10,10679
Brisbane Lions,Tom Fullarton,3,6,8,88.9,1,0,0,4,0,0,0,2,236,1,4,0,76,2022,Round 17,2022-07-10,10679
Brisbane Lions,Carter Michael,2,5,7,87.5,0,0,0,2,0,0,0,3,156,0,2,0,79,2022,Round 17,2022-07-10,10679
Brisbane Lions,Harry Sharp,1,6,5,71.4,0,0,0,1,1,0,0,2,239,3,2,0,68,2022,Round 17,2022-07-10,10679
Essendon,Zachary Merrett,10,19,24,77.4,0,3,0,0,1,1,5,11,565,3,3,1,85,2022,Round 17,2022-07-10,10679
Essendon,Nick Hind,7,16,22,81.5,0,0,1,2,6,0,1,5,681,3,7,1,87,2022,Round 17,2022-07-10,10679
Essendon,Jordan Ridley,6,16,20,76.9,1,0,0,1,0,0,0,4,386,2,9,0,91,2022,Round 17,2022-07-10,10679
Essendon,Jye Caldwell,8,18,19,73.1,1,1,1,0,1,2,1,9,513,4,1,1,87,2022,Round 17,2022-07-10,10679
Essendon,Dylan Shiel,11,11,17,68.0,0,0,0,1,1,6,2,5,438,3,3,1,76,2022,Round 17,2022-07-10,10679
Essendon,Jayden Laverde,9,12,19,90.5,2,0,0,7,0,0,0,3,363,3,9,0,87,2022,Round 17,2022-07-10,10679
Essendon,Brandon Zerk Thatcher,5,16,19,90.5,0,0,0,3,0,0,1,3,163,2,8,0,91,2022,Round 17,2022-07-10,10679
Essendon,Matt Guelfi,8,12,18,90.0,1,1,1,0,0,0,0,8,225,1,3,1,75,2022,Round 17,2022-07-10,10679
Essendon,Sam Durham,10,10,14,73.7,0,0,0,2,0,1,3,5,214,1,3,0,79,2022,Round 17,2022-07-10,10679
Essendon,Kyle Langford,5,12,12,66.7,1,1,4,0,0,0,0,7,316,3,0,1,81,2022,Round 17,2022-07-10,10679
Essendon,Andrew Mcgrath,5,10,14,77.8,0,1,1,1,0,0,0,1,473,5,6,0,84,2022,Round 17,2022-07-10,10679
Essendon,Dyson Heppell,3,12,13,86.7,1,0,0,3,0,0,0,3,232,4,1,2,76,2022,Round 17,2022-07-10,10679
Essendon,Will Snelling,4,11,9,60.0,0,0,0,0,0,0,1,3,83,2,0,2,80,2022,Round 17,2022-07-10,10679
Essendon,Sam Draper,9,6,7,53.8,1,1,1,3,0,1,3,6,225,5,1,0,75,2022,Round 17,2022-07-10,10679
Essendon,Ben Hobbs,6,7,10,76.9,0,0,1,0,0,1,1,5,194,1,1,0,63,2022,Round 17,2022-07-10,10679
Essendon,Nicholas Martin,3,9,10,76.9,0,1,0,1,3,0,0,5,184,0,2,0,88,2022,Round 17,2022-07-10,10679
Essendon,Massimo D Ambrosio,3,11,9,69.2,0,0,0,0,0,0,1,4,105,3,3,0,52,2022,Round 17,2022-07-10,10679
Essendon,Jake Kelly,3,11,9,81.8,0,0,0,1,0,0,0,1,73,2,3,0,95,2022,Round 17,2022-07-10,10679
Essendon,Peter Wright,6,5,8,72.7,4,1,4,6,0,0,0,9,297,2,0,0,100,2022,Round 17,2022-07-10,10679
Essendon,Jake Stringer,5,5,4,44.4,0,1,2,2,0,2,3,5,256,5,0,2,82,2022,Round 17,2022-07-10,10679
Essendon,Harrison Jones 1,3,5,5,62.5,1,0,2,0,0,0,0,4,120,3,0,1,83,2022,Round 17,2022-07-10,10679
Essendon,Andrew Phillips 1,6,3,4,57.1,2,0,0,2,0,0,0,2,75,1,1,1,60,2022,Round 17,2022-07-10,10679
Essendon,Brayden Ham,2,0,1,50.0,0,0,0,1,0,1,0,0,36,1,0,0,25,2022,Round 17,2022-07-10,10679
West Coast,Andrew Gaff,14,16,20,66.7,0,0,0,1,0,0,5,5,502,6,2,0,86,2022,Round 17,2022-07-10,10687
West Coast,Shannon Hurn,5,14,23,82.1,2,0,0,1,0,0,0,2,699,7,8,0,84,2022,Round 17,2022-07-10,10687
West Coast,Luke Shuey,5,18,17,77.3,0,0,0,1,0,2,2,0,336,6,2,0,68,2022,Round 17,2022-07-10,10687
West Coast,Liam Duggan,5,15,15,68.2,0,0,0,2,1,0,1,2,421,5,6,0,82,2022,Round 17,2022-07-10,10687
West Coast,Tim Kelly,10,11,11,52.4,0,1,0,3,0,0,2,7,375,7,7,0,83,2022,Round 17,2022-07-10,10687
West Coast,Jack Redden,7,9,13,72.2,0,1,0,1,0,3,2,2,199,2,3,0,83,2022,Round 17,2022-07-10,10687
West Coast,Jamaine Jones,4,15,11,64.7,0,1,0,2,0,0,0,3,368,1,3,0,78,2022,Round 17,2022-07-10,10687
West Coast,Sam Petrevski Seton,6,8,12,80.0,0,0,0,1,0,0,0,0,117,4,6,1,75,2022,Round 17,2022-07-10,10687
West Coast,Jack Darling,4,8,7,58.3,0,0,1,3,0,0,0,2,213,3,0,0,100,2022,Round 17,2022-07-10,10687
West Coast,Jake Waterman,2,7,8,72.7,0,0,1,0,0,0,1,4,105,3,0,0,89,2022,Round 17,2022-07-10,10687
West Coast,Bailey Williams 1,9,2,7,63.6,0,0,1,4,0,1,5,2,123,1,3,0,67,2022,Round 17,2022-07-10,10687
West Coast,Brady Hough,3,8,8,72.7,1,0,0,0,0,0,0,1,199,3,1,0,85,2022,Round 17,2022-07-10,10687
West Coast,Tom Barrass,6,6,9,90.0,1,0,0,14,0,0,0,1,45,1,7,0,100,2022,Round 17,2022-07-10,10687
West Coast,Willie Rioli,5,5,7,70.0,0,0,1,0,1,0,2,2,187,2,2,2,81,2022,Round 17,2022-07-10,10687
West Coast,Harry Edwards,4,7,9,90.0,2,0,0,3,0,0,0,1,180,0,6,0,96,2022,Round 17,2022-07-10,10687
West Coast,Joshua Kennedy,6,2,5,62.5,1,0,2,1,0,0,0,3,163,2,0,0,93,2022,Round 17,2022-07-10,10687
West Coast,Jack Petruccelle,5,3,5,62.5,1,0,0,0,0,0,0,0,57,1,1,1,50,2022,Round 17,2022-07-10,10687
West Coast,Luke Foley,5,3,6,75.0,0,1,0,1,0,0,0,3,144,1,1,1,84,2022,Round 17,2022-07-10,10687
West Coast,Rhett Bazzo,2,5,6,75.0,0,0,0,1,0,0,0,0,132,1,3,0,85,2022,Round 17,2022-07-10,10687
West Coast,Nicholas Naitanui,6,1,6,85.7,2,0,0,3,0,2,2,4,103,2,1,0,64,2022,Round 17,2022-07-10,10687
West Coast,Zane Trew,5,2,5,71.4,0,0,0,0,0,2,1,1,151,1,1,0,71,2022,Round 17,2022-07-10,10687
West Coast,Liam Ryan,2,1,2,66.7,1,0,0,0,0,0,0,2,74,1,0,0,76,2022,Round 17,2022-07-10,10687
West Coast,Greg Clark,1,1,0,0.0,0,0,0,2,0,0,0,0,18,2,0,0,21,2022,Round 17,2022-07-10,10687
Carlton,Sam Docherty,7,19,24,85.7,1,1,0,1,2,0,2,8,602,2,7,0,83,2022,Round 17,2022-07-10,10687
Carlton,Matthew Kennedy 1,14,13,19,70.4,0,0,0,1,0,2,3,5,324,5,6,1,80,2022,Round 17,2022-07-10,10687
Carlton,Adam Cerra,9,20,17,63.0,2,0,0,4,1,0,2,4,506,10,0,0,81,2022,Round 17,2022-07-10,10687
Carlton,George Hewett,12,17,21,80.8,0,1,0,1,0,2,6,5,323,2,2,0,75,2022,Round 17,2022-07-10,10687
Carlton,Sam Walsh,9,14,20,80.0,0,1,1,0,0,2,3,8,303,1,4,1,85,2022,Round 17,2022-07-10,10687
Carlton,Patrick Cripps,17,10,15,62.5,1,1,1,4,0,4,5,8,348,6,3,0,78,2022,Round 17,2022-07-10,10687
Carlton,Zac Fisher,4,15,12,66.7,0,0,0,1,0,0,0,9,392,5,5,0,81,2022,Round 17,2022-07-10,10687
Carlton,Jack Silvagni,9,6,12,70.6,2,0,0,1,1,2,2,6,234,5,2,3,83,2022,Round 17,2022-07-10,10687
Carlton,Tom De Koning,10,5,10,62.5,1,0,0,2,0,4,3,8,203,3,4,0,78,2022,Round 17,2022-07-10,10687
Carlton,Nic Newman,6,10,13,86.7,0,0,0,4,0,0,0,6,276,2,7,0,85,2022,Round 17,2022-07-10,10687
Carlton,Charlie Curnow,8,8,8,53.3,2,1,7,2,0,0,0,10,439,3,0,0,91,2022,Round 17,2022-07-10,10687
Carlton,Jack Newnes,2,13,14,100.0,0,0,0,3,0,0,0,7,169,0,3,0,70,2022,Round 17,2022-07-10,10687
Carlton,Lewis Young,5,8,12,85.7,2,0,0,12,0,0,0,4,122,0,6,0,100,2022,Round 17,2022-07-10,10687
Carlton,Lochie O Brien,3,12,8,57.1,0,0,0,0,0,0,1,5,382,6,0,0,80,2022,Round 17,2022-07-10,10687
Carlton,Adam Saad,3,11,11,84.6,0,0,0,5,3,0,0,5,205,1,3,0,77,2022,Round 17,2022-07-10,10687
Carlton,Harry Mckay,7,5,7,53.8,2,0,4,1,0,0,1,11,322,3,1,2,93,2022,Round 17,2022-07-10,10687
Carlton,Matt Cottrell,2,10,11,91.7,1,0,2,0,1,1,0,5,199,0,0,0,78,2022,Round 17,2022-07-10,10687
Carlton,Jacob Weitering,2,9,9,81.8,0,0,0,5,0,0,0,4,198,1,3,0,92,2022,Round 17,2022-07-10,10687
Carlton,Jesse Motlop,4,9,9,81.8,0,0,1,0,1,0,0,6,85,4,0,2,72,2022,Round 17,2022-07-10,10687
Carlton,Corey Durdin,3,7,6,60.0,0,1,1,2,1,0,0,6,206,0,0,4,81,2022,Round 17,2022-07-10,10687
Carlton,Lachlan Plowman,2,7,5,55.6,0,0,0,5,0,0,0,3,131,3,4,0,84,2022,Round 17,2022-07-10,10687
Carlton,Will Hayes,1,4,3,60.0,0,0,1,0,0,0,0,3,89,0,0,0,10,2022,Round 17,2022-07-10,10687
Carlton,Josh Honey,4,1,3,75.0,0,1,0,1,0,0,0,2,1,1,2,1,64,2022,Round 17,2022-07-10,10687
Hawthorn,Blake Hardwick,8,21,28,87.5,0,0,0,1,0,0,0,7,373,0,7,0,92,2022,Round 17,2022-07-10,10683
Hawthorn,Dylan Moore,10,18,25,86.2,0,1,0,0,1,2,3,8,498,2,3,1,79,2022,Round 17,2022-07-10,10683
Hawthorn,Tom Mitchell,16,12,19,67.9,0,0,0,4,0,1,5,3,160,5,6,1,73,2022,Round 17,2022-07-10,10683
Hawthorn,Jack Scrimshaw,9,13,18,72.0,2,0,0,1,1,0,1,6,288,4,9,0,81,2022,Round 17,2022-07-10,10683
Hawthorn,Jai Newcombe,13,11,18,72.0,0,0,0,0,1,3,5,5,381,0,1,1,72,2022,Round 17,2022-07-10,10683
Hawthorn,Changkuoth Jiath,4,22,17,70.8,0,0,0,1,5,0,0,3,594,6,7,0,82,2022,Round 17,2022-07-10,10683
Hawthorn,James Sicily,4,18,19,82.6,1,0,0,8,0,0,0,4,520,3,8,0,100,2022,Round 17,2022-07-10,10683
Hawthorn,Conor Nash,9,13,18,81.8,0,0,0,1,2,1,1,8,330,1,6,1,87,2022,Round 17,2022-07-10,10683
Hawthorn,Harry Morrison,6,14,14,66.7,2,1,0,2,0,0,2,3,386,8,1,0,86,2022,Round 17,2022-07-10,10683
Hawthorn,Jaeger O Meara,9,12,12,60.0,0,0,1,1,1,2,1,5,410,6,1,1,73,2022,Round 17,2022-07-10,10683
Hawthorn,Josh Ward,6,11,11,68.8,0,0,0,1,0,0,2,3,266,4,3,1,76,2022,Round 17,2022-07-10,10683
Hawthorn,Jarman Impey,7,7,8,57.1,1,0,1,2,1,0,1,7,325,2,2,2,75,2022,Round 17,2022-07-10,10683
Hawthorn,Finn Maginness,7,5,8,61.5,0,1,0,2,0,0,0,2,139,1,1,2,94,2022,Round 17,2022-07-10,10683
Hawthorn,Mitchell Lewis,7,5,11,91.7,1,1,2,1,0,0,1,11,249,2,2,2,91,2022,Round 17,2022-07-10,10683
Hawthorn,James Blanck,6,7,11,91.7,1,0,0,9,0,0,1,2,172,3,6,0,86,2022,Round 17,2022-07-10,10683
Hawthorn,Luke Breust,6,5,4,36.4,2,1,3,0,0,0,1,7,254,2,0,1,83,2022,Round 17,2022-07-10,10683
Hawthorn,Connor Macdonald,4,6,10,90.9,1,0,1,1,0,0,0,4,88,1,0,1,75,2022,Round 17,2022-07-10,10683
Hawthorn,Josh Morris,3,8,5,50.0,0,0,0,1,0,0,0,0,255,4,2,0,74,2022,Round 17,2022-07-10,10683
Hawthorn,Denver Grainger Barras,4,6,9,90.0,0,0,0,3,0,0,0,3,130,1,4,0,84,2022,Round 17,2022-07-10,10683
Hawthorn,Jacob Koschitzke,4,6,6,75.0,0,2,1,3,0,0,0,5,85,2,1,0,88,2022,Round 17,2022-07-10,10683
Hawthorn,Ben Mcevoy,3,7,3,42.9,0,0,0,3,0,1,0,2,13,0,0,0,80,2022,Round 17,2022-07-10,10683
Hawthorn,Ned Reeves,3,3,3,50.0,0,0,0,1,0,0,1,3,43,0,0,1,65,2022,Round 17,2022-07-10,10683
Adelaide,Rory Laird,14,27,30,71.4,0,1,0,1,0,2,2,3,298,5,3,1,75,2022,Round 17,2022-07-10,10683
Adelaide,Ben Keays,9,19,23,76.7,0,1,0,0,0,1,5,4,213,5,3,0,85,2022,Round 17,2022-07-10,10683
Adelaide,Matt Crouch,11,17,24,85.7,0,0,0,0,0,2,5,3,102,2,1,0,68,2022,Round 17,2022-07-10,10683
Adelaide,Harry Schoenberg,13,15,17,68.0,0,0,0,2,0,0,7,2,331,8,3,0,76,2022,Round 17,2022-07-10,10683
Adelaide,Brodie Smith,5,18,22,91.7,0,1,0,4,1,0,1,2,809,9,6,0,81,2022,Round 17,2022-07-10,10683
Adelaide,Tom Doedee,3,16,19,90.5,1,0,0,3,0,0,0,0,320,3,6,0,100,2022,Round 17,2022-07-10,10683
Adelaide,Jackson Hately,3,16,10,55.6,0,0,0,1,0,0,1,2,180,3,0,0,84,2022,Round 17,2022-07-10,10683
Adelaide,Sam Berry,5,13,15,83.3,0,0,0,1,0,2,1,1,409,5,2,1,76,2022,Round 17,2022-07-10,10683
Adelaide,Jordan Dawson,6,10,12,80.0,0,0,0,1,0,0,2,3,258,2,2,1,91,2022,Round 17,2022-07-10,10683
Adelaide,Will Hamill,7,7,13,86.7,1,0,0,3,0,0,0,3,83,1,9,0,76,2022,Round 17,2022-07-10,10683
Adelaide,Patrick Parnell,3,13,10,66.7,0,0,0,2,1,0,0,2,229,1,3,0,75,2022,Round 17,2022-07-10,10683
Adelaide,Edward Mchenry,3,11,12,85.7,2,0,0,0,1,0,0,5,369,3,1,1,80,2022,Round 17,2022-07-10,10683
Adelaide,Reilly O Brien,8,4,9,69.2,2,0,0,3,0,1,2,4,187,3,6,1,88,2022,Round 17,2022-07-10,10683
Adelaide,Chayce Jones,3,11,11,84.6,0,0,0,1,0,0,0,2,129,2,1,0,89,2022,Round 17,2022-07-10,10683
Adelaide,Riley Thilthorpe,8,5,9,69.2,3,0,4,2,0,2,1,5,147,2,0,0,67,2022,Round 17,2022-07-10,10683
Adelaide,Jake Soligo,5,8,7,53.8,0,0,0,1,0,1,2,0,142,5,1,0,83,2022,Round 17,2022-07-10,10683
Adelaide,Taylor Walker,4,7,6,54.5,1,0,3,2,0,0,1,4,211,4,2,3,93,2022,Round 17,2022-07-10,10683
Adelaide,Nick Murray,5,7,11,100.0,1,0,0,6,0,0,1,0,186,1,3,0,86,2022,Round 17,2022-07-10,10683
Adelaide,Darcy Fogarty,7,3,7,70.0,1,0,2,0,0,0,0,5,96,3,1,1,83,2022,Round 17,2022-07-10,10683
Adelaide,Jordon Butts,3,7,8,80.0,0,0,0,4,0,0,0,1,125,1,3,0,94,2022,Round 17,2022-07-10,10683
Adelaide,Wayne Milera,2,7,9,100.0,0,1,1,3,1,0,0,2,180,0,1,2,77,2022,Round 17,2022-07-10,10683
Adelaide,James Rowe,6,1,6,85.7,0,1,0,0,0,0,1,1,157,2,1,2,73,2022,Round 17,2022-07-10,10683
Western Bulldogs,Marcus Bontempelli,17,21,23,67.6,2,3,2,5,1,3,2,12,546,8,8,0,87,2022,Round 18,2022-07-15,10693
Western Bulldogs,Thomas Liberatore,16,15,26,83.9,0,1,0,3,0,3,8,6,259,2,3,0,82,2022,Round 18,2022-07-15,10693
Western Bulldogs,Jackson Macrae,9,23,27,87.1,0,2,0,2,0,2,3,5,362,5,3,0,77,2022,Round 18,2022-07-15,10693
Western Bulldogs,Bailey Dale,7,14,27,90.0,0,0,0,2,2,0,3,4,705,4,4,0,82,2022,Round 18,2022-07-15,10693
Western Bulldogs,Bailey Smith,8,21,18,62.1,0,0,0,1,1,1,6,7,436,7,2,1,84,2022,Round 18,2022-07-15,10693
Western Bulldogs,Adam Treloar,4,17,17,68.0,1,0,1,1,2,0,0,5,484,7,4,0,82,2022,Round 18,2022-07-15,10693
Western Bulldogs,Ed Richards,5,16,18,81.8,1,1,1,2,3,0,1,4,418,1,4,0,81,2022,Round 18,2022-07-15,10693
Western Bulldogs,Josh Dunkley,4,15,15,83.3,0,0,1,1,1,2,0,3,184,1,0,0,82,2022,Round 18,2022-07-15,10693
Western Bulldogs,Buku Khamis,4,14,12,66.7,2,0,0,4,0,0,0,3,157,5,6,0,81,2022,Round 18,2022-07-15,10693
Western Bulldogs,Mitchell Hannan,5,12,12,70.6,0,0,0,1,0,0,0,5,366,6,4,0,80,2022,Round 18,2022-07-15,10693
Western Bulldogs,Riley Garcia,8,9,12,70.6,0,0,1,1,2,0,3,6,297,4,1,0,77,2022,Round 18,2022-07-15,10693
Western Bulldogs,Jason Johannisen,5,11,13,81.2,0,3,2,0,0,0,0,8,218,2,2,0,86,2022,Round 18,2022-07-15,10693
Western Bulldogs,Ryan Gardner,6,10,11,73.3,1,0,0,8,0,0,0,2,129,1,8,0,100,2022,Round 18,2022-07-15,10693
Western Bulldogs,Bailey Williams,3,10,11,78.6,1,0,0,1,0,0,1,3,153,3,3,1,81,2022,Round 18,2022-07-15,10693
Western Bulldogs,Lachlan Mcneil,4,10,11,78.6,0,0,1,0,1,1,1,2,159,2,0,1,78,2022,Round 18,2022-07-15,10693
Western Bulldogs,Rhylee West,3,8,8,72.7,1,0,2,0,0,0,0,3,278,4,0,2,80,2022,Round 18,2022-07-15,10693
Western Bulldogs,Timothy English,1,7,6,75.0,0,0,0,4,0,0,0,3,64,4,2,0,88,2022,Round 18,2022-07-15,10693
Western Bulldogs,Cody Weightman,2,5,2,28.6,0,0,0,1,0,0,0,2,162,4,0,0,78,2022,Round 18,2022-07-15,10693
Western Bulldogs,Jordon Sweet,2,4,4,66.7,0,0,0,1,0,0,1,2,61,3,0,0,61,2022,Round 18,2022-07-15,10693
Western Bulldogs,Jamarra Ugle Hagan,1,5,6,100.0,0,0,1,1,0,0,0,3,125,1,0,0,74,2022,Round 18,2022-07-15,10693
Western Bulldogs,Alex Keath,1,5,2,40.0,0,0,0,2,0,0,0,0,67,3,3,0,94,2022,Round 18,2022-07-15,10693
Western Bulldogs,Josh Bruce,3,1,3,100.0,0,0,0,3,0,0,0,2,81,2,0,1,83,2022,Round 18,2022-07-15,10693
St Kilda,Jack Sinclair,14,20,22,61.1,0,0,0,4,1,0,2,5,639,7,10,0,88,2022,Round 18,2022-07-15,10693
St Kilda,Callum Wilkie,7,17,24,88.9,3,0,0,3,0,0,0,1,379,2,14,0,100,2022,Round 18,2022-07-15,10693
St Kilda,Jack Steele,14,10,21,80.8,0,0,0,3,0,1,4,4,107,3,6,0,87,2022,Round 18,2022-07-15,10693
St Kilda,Jimmy Webster,5,20,22,88.0,0,0,0,1,1,0,0,2,304,4,4,0,84,2022,Round 18,2022-07-15,10693
St Kilda,Jade Gresham,9,15,18,75.0,0,0,0,0,2,4,0,10,303,1,2,0,83,2022,Round 18,2022-07-15,10693
St Kilda,Brad Crouch,5,14,16,72.7,0,0,0,1,0,1,0,6,235,4,4,0,82,2022,Round 18,2022-07-15,10693
St Kilda,Josh Battle,2,18,21,95.5,2,0,0,3,0,0,0,3,304,1,6,0,86,2022,Round 18,2022-07-15,10693
St Kilda,Mason Wood,3,17,15,71.4,0,0,3,0,0,0,0,6,272,4,4,1,70,2022,Round 18,2022-07-15,10693
St Kilda,Jack Billings,7,14,17,81.0,1,0,1,2,0,0,1,6,313,2,4,1,75,2022,Round 18,2022-07-15,10693
St Kilda,Tim Membrey,4,14,11,61.1,1,2,0,2,1,0,0,6,429,3,4,0,90,2022,Round 18,2022-07-15,10693
St Kilda,Zak Jones,8,10,17,94.4,0,0,1,1,0,2,0,4,153,1,4,0,82,2022,Round 18,2022-07-15,10693
St Kilda,Jack Higgins,7,10,10,58.8,0,0,0,0,0,0,0,8,264,2,2,0,69,2022,Round 18,2022-07-15,10693
St Kilda,Ryan Byrnes,5,14,9,52.9,0,1,0,1,0,0,1,2,245,3,2,1,73,2022,Round 18,2022-07-15,10693
St Kilda,Rowan Marshall,7,9,9,60.0,1,0,1,1,0,0,1,2,237,3,4,0,90,2022,Round 18,2022-07-15,10693
St Kilda,Cooper Sharman,2,12,11,78.6,0,0,0,1,1,0,1,1,233,2,3,0,83,2022,Round 18,2022-07-15,10693
St Kilda,Max King 1,6,6,9,75.0,2,1,3,0,0,0,0,6,277,5,1,2,93,2022,Round 18,2022-07-15,10693
St Kilda,Bradley Hill,2,9,7,63.6,0,0,0,2,1,0,0,1,204,3,2,0,87,2022,Round 18,2022-07-15,10693
St Kilda,Tom Highmore,0,11,9,81.8,0,0,0,2,0,0,0,3,67,1,2,0,74,2022,Round 18,2022-07-15,10693
St Kilda,Nasiah Wanganeen Milera,2,10,9,81.8,0,0,0,0,0,0,1,0,197,2,2,0,69,2022,Round 18,2022-07-15,10693
St Kilda,Ben Long,5,4,6,60.0,0,1,0,0,0,0,1,3,180,0,0,0,26,2022,Round 18,2022-07-15,10693
St Kilda,Ben Paton,4,6,8,80.0,0,0,0,0,0,0,0,6,220,2,0,0,81,2022,Round 18,2022-07-15,10693
St Kilda,Daniel Butler,1,5,4,57.1,0,1,1,0,0,0,0,4,92,0,0,1,77,2022,Round 18,2022-07-15,10693
St Kilda,Patrick Ryder,2,2,3,75.0,0,0,0,1,0,0,1,2,31,1,0,0,53,2022,Round 18,2022-07-15,10693
Adelaide,Rory Laird,17,13,17,54.8,0,0,0,1,0,4,5,4,558,10,6,0,81,2022,Round 18,2022-07-16,10694
Adelaide,Ben Keays,12,7,12,54.5,0,2,0,0,0,4,6,4,436,10,2,0,86,2022,Round 18,2022-07-16,10694
Adelaide,Sam Berry,13,9,12,57.1,0,0,0,3,0,2,3,4,256,4,2,1,81,2022,Round 18,2022-07-16,10694
Adelaide,Jordan Dawson,3,10,18,90.0,0,0,0,7,1,0,1,4,589,4,6,0,94,2022,Round 18,2022-07-16,10694
Adelaide,Brodie Smith,4,10,14,73.7,0,0,0,2,0,0,2,1,693,5,7,0,79,2022,Round 18,2022-07-16,10694
Adelaide,Chayce Jones,10,9,11,57.9,0,0,0,1,0,0,3,1,458,7,6,0,80,2022,Round 18,2022-07-16,10694
Adelaide,Riley Thilthorpe,12,4,10,58.8,3,0,3,0,1,2,1,5,356,4,3,0,53,2022,Round 18,2022-07-16,10694
Adelaide,Jake Soligo,10,6,9,52.9,0,0,0,0,0,0,3,0,314,4,2,0,89,2022,Round 18,2022-07-16,10694
Adelaide,Mitchell Hinge,6,8,14,87.5,0,0,0,0,0,0,1,6,357,2,9,1,77,2022,Round 18,2022-07-16,10694
Adelaide,Harry Schoenberg,10,8,9,56.2,0,1,0,0,0,0,3,1,166,5,3,1,62,2022,Round 18,2022-07-16,10694
Adelaide,Will Hamill,8,6,8,57.1,0,0,0,2,0,0,1,1,251,2,5,0,80,2022,Round 18,2022-07-16,10694
Adelaide,Taylor Walker,9,6,7,53.8,1,2,3,3,0,0,0,9,332,4,0,2,92,2022,Round 18,2022-07-16,10694
Adelaide,Reilly O Brien,9,3,6,46.2,0,0,0,4,0,2,2,0,103,4,3,0,86,2022,Round 18,2022-07-16,10694
Adelaide,Wayne Milera,6,7,9,81.8,0,0,0,2,0,0,1,2,144,2,3,0,77,2022,Round 18,2022-07-16,10694
Adelaide,Shane Mcadam,2,9,7,63.6,0,0,2,1,0,0,0,3,64,3,0,0,79,2022,Round 18,2022-07-16,10694
Adelaide,Edward Mchenry,5,6,5,50.0,0,0,0,1,0,0,0,1,170,5,2,0,79,2022,Round 18,2022-07-16,10694
Adelaide,Patrick Parnell,3,6,7,70.0,0,1,0,2,0,0,0,2,225,1,7,0,76,2022,Round 18,2022-07-16,10694
Adelaide,Tom Doedee,5,3,4,44.4,0,0,0,3,0,0,0,0,38,3,5,0,91,2022,Round 18,2022-07-16,10694
Adelaide,Darcy Fogarty,6,3,7,77.8,3,0,1,1,0,0,1,4,80,1,1,0,91,2022,Round 18,2022-07-16,10694
Adelaide,Jordon Butts,3,5,6,75.0,0,0,0,4,0,0,0,0,203,1,6,0,94,2022,Round 18,2022-07-16,10694
Adelaide,Lachlan Murphy,3,4,5,83.3,0,1,0,1,0,0,0,5,203,1,0,0,79,2022,Round 18,2022-07-16,10694
Adelaide,Nick Murray,3,3,4,80.0,1,0,0,8,0,0,0,1,78,0,5,0,96,2022,Round 18,2022-07-16,10694
Collingwood,Nick Daicos,9,23,33,82.5,0,0,0,0,1,0,2,4,747,7,10,0,86,2022,Round 18,2022-07-16,10694
Collingwood,Scott Pendlebury,11,16,17,58.6,0,2,0,4,0,1,3,6,320,5,5,1,77,2022,Round 18,2022-07-16,10694
Collingwood,Patrick Lipinski,9,15,16,57.1,0,2,0,0,0,1,5,8,301,4,0,2,84,2022,Round 18,2022-07-16,10694
Collingwood,Josh Daicos,9,13,11,45.8,0,0,0,0,0,1,3,2,428,7,2,0,85,2022,Round 18,2022-07-16,10694
Collingwood,Josh Carmichael,7,8,6,25.0,0,0,0,1,0,0,6,3,448,5,0,1,61,2022,Round 18,2022-07-16,10694
Collingwood,Steele Sidebottom,11,6,12,60.0,0,1,0,3,0,1,3,5,290,4,5,2,86,2022,Round 18,2022-07-16,10694
Collingwood,Trent Bianco,9,13,18,90.0,0,0,0,0,0,0,1,5,308,3,7,0,74,2022,Round 18,2022-07-16,10694
Collingwood,Jamie Elliott 1,8,10,10,55.6,0,1,2,0,0,1,2,7,197,4,1,2,90,2022,Round 18,2022-07-16,10694
Collingwood,Jack Crisp,7,9,11,61.1,0,0,0,1,0,1,3,4,381,5,6,1,80,2022,Round 18,2022-07-16,10694
Collingwood,Darcy Cameron,10,6,9,52.9,0,0,0,2,0,0,2,2,222,3,5,0,77,2022,Round 18,2022-07-16,10694
Collingwood,Brayden Maynard,7,10,11,68.8,0,1,0,5,0,1,2,5,385,3,5,0,91,2022,Round 18,2022-07-16,10694
Collingwood,Jeremy Howe,5,7,12,85.7,0,0,0,9,1,0,0,3,197,2,7,0,96,2022,Round 18,2022-07-16,10694
Collingwood,John Noble,5,7,10,76.9,0,0,0,1,0,0,1,1,302,4,5,0,73,2022,Round 18,2022-07-16,10694
Collingwood,Trey Ruscoe,6,8,8,61.5,0,1,0,3,0,0,0,2,183,2,8,0,75,2022,Round 18,2022-07-16,10694
Collingwood,Jack Ginnivan,8,6,9,69.2,0,0,1,0,0,0,2,4,150,3,1,0,81,2022,Round 18,2022-07-16,10694
Collingwood,Beau Mccreery,5,6,8,66.7,0,0,1,2,0,0,2,4,288,2,1,4,75,2022,Round 18,2022-07-16,10694
Collingwood,Darcy Moore,5,4,10,90.9,1,0,0,7,0,0,0,1,255,3,6,0,98,2022,Round 18,2022-07-16,10694
Collingwood,Ash Johnson,6,2,8,72.7,0,0,1,2,0,0,0,4,100,3,0,0,77,2022,Round 18,2022-07-16,10694
Collingwood,Brody Mihocek,4,2,5,50.0,0,1,1,0,0,0,0,4,170,4,0,4,90,2022,Round 18,2022-07-16,10694
Collingwood,Will Hoskin Elliott,3,4,5,55.6,0,0,0,0,0,0,1,1,159,4,4,2,94,2022,Round 18,2022-07-16,10694
Collingwood,Mason Cox,3,2,5,62.5,0,0,0,5,0,2,3,4,165,3,1,2,70,2022,Round 18,2022-07-16,10694
Collingwood,Nathan Murphy,2,4,5,83.3,0,0,0,5,0,0,1,0,200,3,3,0,79,2022,Round 18,2022-07-16,10694
Greater Western Sydney,Harrison Himmelberg,9,15,24,82.8,2,0,0,4,0,0,0,7,664,5,10,0,91,2022,Round 18,2022-07-16,10690
Greater Western Sydney,Tim Taranto,10,20,21,72.4,0,1,0,0,0,1,1,8,335,5,3,0,82,2022,Round 18,2022-07-16,10690
Greater Western Sydney,Stephen Coniglio,14,10,13,56.5,0,1,0,1,0,3,1,6,182,2,3,0,85,2022,Round 18,2022-07-16,10690
Greater Western Sydney,Callan Ward,5,16,14,70.0,0,0,0,0,0,1,0,2,259,5,4,0,79,2022,Round 18,2022-07-16,10690
Greater Western Sydney,Sam Taylor,14,6,17,85.0,3,0,0,4,0,0,0,2,143,3,15,0,97,2022,Round 18,2022-07-16,10690
Greater Western Sydney,Isaac Cumming,3,11,14,77.8,0,0,0,5,0,0,0,2,485,7,8,2,86,2022,Round 18,2022-07-16,10690
Greater Western Sydney,Nick Haynes,3,13,13,76.5,0,0,0,4,0,0,0,3,288,1,7,0,86,2022,Round 18,2022-07-16,10690
Greater Western Sydney,Xavier O Halloran,2,13,13,86.7,0,1,0,1,1,0,0,3,384,4,1,0,80,2022,Round 18,2022-07-16,10690
Greater Western Sydney,Jacob Wehr,9,7,14,93.3,0,0,0,3,0,0,2,4,259,2,5,0,82,2022,Round 18,2022-07-16,10690
Greater Western Sydney,Toby Greene,3,11,11,78.6,0,1,3,0,0,1,0,7,432,1,0,0,91,2022,Round 18,2022-07-16,10690
Greater Western Sydney,Joshua Kelly,4,10,8,57.1,0,0,0,1,0,0,2,5,330,4,0,0,73,2022,Round 18,2022-07-16,10690
Greater Western Sydney,Jacob Hopper,9,5,9,64.3,0,0,0,2,0,3,2,3,166,1,0,0,77,2022,Round 18,2022-07-16,10690
Greater Western Sydney,Tom Green,7,7,8,57.1,0,1,0,0,0,1,1,4,120,4,1,0,83,2022,Round 18,2022-07-16,10690
Greater Western Sydney,Lachlan Ash,2,13,7,50.0,0,1,0,3,0,0,0,3,320,4,1,1,81,2022,Round 18,2022-07-16,10690
Greater Western Sydney,Lachlan Keeffe,5,8,11,84.6,2,0,0,1,0,0,0,1,163,0,4,0,79,2022,Round 18,2022-07-16,10690
Greater Western Sydney,Jake Riccardi,5,7,5,38.5,1,1,1,1,0,0,1,5,298,3,1,0,76,2022,Round 18,2022-07-16,10690
Greater Western Sydney,Daniel Lloyd,3,9,8,66.7,0,0,1,1,0,0,2,2,271,4,0,0,90,2022,Round 18,2022-07-16,10690
Greater Western Sydney,Connor Idun,2,10,10,83.3,0,0,0,4,0,0,0,3,139,3,2,0,83,2022,Round 18,2022-07-16,10690
Greater Western Sydney,James Peatling,2,10,8,66.7,0,0,0,0,0,0,0,3,147,5,2,0,61,2022,Round 18,2022-07-16,10690
Greater Western Sydney,Jesse Hogan,6,4,8,80.0,3,1,3,0,0,0,0,3,16,0,0,1,85,2022,Round 18,2022-07-16,10690
Greater Western Sydney,Tanner Bruhn,6,6,6,60.0,0,0,0,1,0,0,0,1,22,2,3,1,75,2022,Round 18,2022-07-16,10690
Greater Western Sydney,Matthew Flynn,4,2,4,66.7,2,0,0,2,0,1,1,2,107,1,1,0,77,2022,Round 18,2022-07-16,10690
Brisbane Lions,Hugh Mccluggage,9,21,19,65.5,0,0,3,0,0,1,3,6,542,5,0,2,80,2022,Round 18,2022-07-16,10690
Brisbane Lions,Lachie Neale,12,15,19,73.1,0,1,0,2,0,1,3,4,495,3,3,0,87,2022,Round 18,2022-07-16,10690
Brisbane Lions,Keidean Coleman,5,17,21,84.0,0,1,0,3,0,0,1,7,454,0,5,0,70,2022,Round 18,2022-07-16,10690
Brisbane Lions,Rhys Mathieson,17,8,18,78.3,0,1,0,2,0,2,8,3,409,6,5,0,69,2022,Round 18,2022-07-16,10690
Brisbane Lions,Mitch Robinson,8,13,14,66.7,1,0,0,2,0,1,1,2,454,5,7,0,78,2022,Round 18,2022-07-16,10690
Brisbane Lions,Cameron Rayner,10,12,13,68.4,0,2,1,1,0,0,0,8,352,4,4,3,82,2022,Round 18,2022-07-16,10690
Brisbane Lions,Darcy Fort,17,3,10,52.6,0,1,0,4,0,5,2,2,321,4,4,0,84,2022,Round 18,2022-07-16,10690
Brisbane Lions,Jarryd Lyons,9,9,14,77.8,0,1,0,0,0,0,6,1,256,4,1,0,77,2022,Round 18,2022-07-16,10690
Brisbane Lions,Brandon Starcevich,6,10,13,72.2,1,0,0,1,0,0,2,1,205,4,7,0,96,2022,Round 18,2022-07-16,10690
Brisbane Lions,Zac Bailey,6,12,13,76.5,0,0,1,0,0,1,1,4,187,4,3,1,85,2022,Round 18,2022-07-16,10690
Brisbane Lions,Daniel Mcstay,8,7,11,73.3,2,1,0,1,0,1,5,11,363,2,0,1,78,2022,Round 18,2022-07-16,10690
Brisbane Lions,Nakia Cockatoo,3,11,14,93.3,1,1,0,4,0,0,0,3,200,2,6,0,82,2022,Round 18,2022-07-16,10690
Brisbane Lions,Callum Ah Chee,6,9,11,73.3,0,0,0,2,0,0,0,2,51,3,3,2,77,2022,Round 18,2022-07-16,10690
Brisbane Lions,Noah Answerth,1,14,12,80.0,0,1,0,2,0,0,0,3,355,5,2,0,79,2022,Round 18,2022-07-16,10690
Brisbane Lions,Darcy Gardiner,5,8,11,84.6,1,0,0,5,0,0,2,3,52,0,4,0,89,2022,Round 18,2022-07-16,10690
Brisbane Lions,Charlie Cameron,4,8,7,58.3,0,1,2,1,0,0,1,4,126,1,1,1,81,2022,Round 18,2022-07-16,10690
Brisbane Lions,Harris Andrews,5,8,12,100.0,1,0,0,12,0,0,0,2,53,1,7,0,92,2022,Round 18,2022-07-16,10690
Brisbane Lions,Jack Payne,2,10,10,83.3,2,0,0,7,0,0,0,1,222,1,3,0,92,2022,Round 18,2022-07-16,10690
Brisbane Lions,Lincoln Mccarthy,2,9,8,72.7,0,0,0,1,0,0,0,3,233,4,1,0,73,2022,Round 18,2022-07-16,10690
Brisbane Lions,Joe Daniher,1,10,4,36.4,0,1,2,0,0,0,0,2,257,4,0,0,95,2022,Round 18,2022-07-16,10690
Brisbane Lions,Eric Hipwood,6,6,6,54.5,1,0,2,2,0,0,1,5,217,3,1,1,84,2022,Round 18,2022-07-16,10690
Brisbane Lions,Harry Sharp,2,9,5,50.0,0,0,0,0,0,0,1,0,221,6,0,0,71,2022,Round 18,2022-07-16,10690
North Melbourne,Jy Simpkin,18,19,20,58.8,0,1,0,1,1,2,7,9,502,9,4,0,83,2022,Round 18,2022-07-16,10692
North Melbourne,Luke Davies Uniacke,9,22,21,75.0,0,0,0,1,0,0,3,5,560,7,3,0,84,2022,Round 18,2022-07-16,10692
North Melbourne,Bailey Scott,4,20,20,76.9,0,0,1,0,0,0,1,5,528,5,4,0,84,2022,Round 18,2022-07-16,10692
North Melbourne,Hugh Greenwood,12,10,21,87.5,1,0,0,1,0,3,4,7,181,1,3,0,75,2022,Round 18,2022-07-16,10692
North Melbourne,Jaidyn Stephenson,4,10,20,87.0,0,1,0,0,1,0,1,4,835,5,4,0,81,2022,Round 18,2022-07-16,10692
North Melbourne,Jed Anderson,4,18,16,72.7,0,0,0,1,0,0,2,4,329,2,0,0,69,2022,Round 18,2022-07-16,10692
North Melbourne,Luke Mcdonald,1,15,16,84.2,0,0,1,6,0,0,0,1,416,3,2,0,91,2022,Round 18,2022-07-16,10692
North Melbourne,Callum Coleman Jones,10,7,11,61.1,1,1,1,2,0,3,1,5,164,4,2,0,87,2022,Round 18,2022-07-16,10692
North Melbourne,Tom Powell,4,13,15,88.2,0,1,0,0,3,0,3,4,344,1,0,0,81,2022,Round 18,2022-07-16,10692
North Melbourne,Curtis Taylor,5,11,12,75.0,0,0,0,1,1,0,2,3,224,2,1,0,81,2022,Round 18,2022-07-16,10692
North Melbourne,Todd Goldstein,10,6,14,93.3,0,2,0,3,0,1,4,7,197,2,0,1,85,2022,Round 18,2022-07-16,10692
North Melbourne,Flynn Perez,3,11,9,60.0,0,1,0,1,0,0,0,2,302,6,5,0,87,2022,Round 18,2022-07-16,10692
North Melbourne,Aiden Bonar,5,11,11,78.6,0,0,0,5,0,0,1,3,62,0,3,0,73,2022,Round 18,2022-07-16,10692
North Melbourne,Paul Curtis,8,6,9,64.3,2,0,2,0,1,0,0,5,188,1,1,1,81,2022,Round 18,2022-07-16,10692
North Melbourne,Ben Mckay,9,5,10,76.9,4,0,0,5,0,0,0,1,107,3,11,0,95,2022,Round 18,2022-07-16,10692
North Melbourne,Lachie Young,3,11,10,76.9,0,0,0,4,1,0,0,1,338,5,3,1,85,2022,Round 18,2022-07-16,10692
North Melbourne,Cameron Zurhaar,8,4,9,75.0,0,0,2,2,0,0,2,9,229,1,1,1,86,2022,Round 18,2022-07-16,10692
North Melbourne,Jason Horne Francis,3,9,10,83.3,0,0,0,1,1,0,0,1,203,4,2,0,71,2022,Round 18,2022-07-16,10692
North Melbourne,Jack Ziebell,4,6,7,70.0,0,2,0,2,0,0,0,5,28,3,1,3,81,2022,Round 18,2022-07-16,10692
North Melbourne,Aidan Corr,3,2,8,80.0,1,0,0,12,0,0,0,1,147,0,4,0,87,2022,Round 18,2022-07-16,10692
North Melbourne,Phoenix Spicer,3,5,5,62.5,0,2,0,0,0,1,0,4,22,1,1,1,70,2022,Round 18,2022-07-16,10692
North Melbourne,Nick Larkey,4,4,7,100.0,0,1,0,0,0,0,0,1,60,2,0,0,65,2022,Round 18,2022-07-16,10692
North Melbourne,Charlie Lazzaro,2,2,2,50.0,0,0,0,0,0,1,1,3,42,0,0,0,16,2022,Round 18,2022-07-16,10692
Richmond,Dion Prestia,11,18,20,76.9,0,1,1,2,0,3,1,6,320,7,3,0,79,2022,Round 18,2022-07-16,10692
Richmond,Trent Cotchin,12,12,22,91.7,0,1,0,0,0,2,3,7,310,3,9,0,78,2022,Round 18,2022-07-16,10692
Richmond,Jayden Short,7,17,17,70.8,0,0,1,1,0,0,3,9,533,4,2,1,74,2022,Round 18,2022-07-16,10692
Richmond,Nick Vlastuin,8,15,20,90.9,0,2,0,1,0,0,0,7,376,2,6,0,81,2022,Round 18,2022-07-16,10692
Richmond,Jack Graham,9,13,13,59.1,0,1,0,0,1,0,1,6,407,6,2,3,77,2022,Round 18,2022-07-16,10692
Richmond,Toby Nankervis,9,13,12,60.0,0,2,0,4,0,3,2,8,326,4,1,2,84,2022,Round 18,2022-07-16,10692
Richmond,Tyler Sonsie,5,13,16,84.2,0,1,0,1,1,1,3,5,379,1,2,0,74,2022,Round 18,2022-07-16,10692
Richmond,Shai Bolton,8,9,10,55.6,0,0,1,2,2,3,3,4,425,4,1,0,85,2022,Round 18,2022-07-16,10692
Richmond,Jack Riewoldt,5,11,6,37.5,1,0,5,2,0,0,1,12,336,4,0,2,97,2022,Round 18,2022-07-16,10692
Richmond,Kamdyn Mcintosh,3,11,11,73.3,1,0,1,0,0,0,0,6,257,4,4,0,83,2022,Round 18,2022-07-16,10692
Richmond,Marlion Pickett,3,11,13,92.9,0,0,0,0,0,1,0,3,202,1,3,1,84,2022,Round 18,2022-07-16,10692
Richmond,Noah Cumberland,9,5,8,57.1,1,0,2,2,0,0,2,11,345,0,1,2,80,2022,Round 18,2022-07-16,10692
Richmond,Dylan Grimes,7,5,9,75.0,3,0,0,11,0,0,0,2,92,1,10,0,92,2022,Round 18,2022-07-16,10692
Richmond,Daniel Rioli,5,7,10,83.3,1,0,0,2,2,0,0,5,297,3,5,0,79,2022,Round 18,2022-07-16,10692
Richmond,Ben Miller,3,7,10,83.3,0,1,0,6,0,0,0,5,308,2,4,0,98,2022,Round 18,2022-07-16,10692
Richmond,Hugo Ralphsmith,1,10,10,83.3,0,0,0,0,1,0,0,4,229,4,3,0,66,2022,Round 18,2022-07-16,10692
Richmond,Shane Edwards,5,6,11,100.0,0,0,0,0,0,0,1,3,165,0,1,0,74,2022,Round 18,2022-07-16,10692
Richmond,Robert Tarrant,7,4,10,90.9,3,0,0,9,0,0,0,2,210,0,8,0,90,2022,Round 18,2022-07-16,10692
Richmond,Nathan Broad,2,8,10,90.9,0,0,0,3,0,0,0,1,169,1,3,0,96,2022,Round 18,2022-07-16,10692
Richmond,Liam Baker,1,8,6,66.7,0,0,2,1,0,0,0,7,107,0,0,4,81,2022,Round 18,2022-07-16,10692
Richmond,Noah Balta,6,2,4,50.0,1,0,2,2,0,0,1,3,175,1,0,0,77,2022,Round 18,2022-07-16,10692
Richmond,Josh Gibcus,1,3,1,33.3,0,0,1,1,0,0,0,2,44,2,0,0,52,2022,Round 18,2022-07-16,10692
Richmond,Jake Aarts,0,2,1,50.0,0,0,1,0,0,0,0,1,18,0,0,0,19,2022,Round 18,2022-07-16,10692
Fremantle,Will Brodie,8,17,14,58.3,0,0,0,1,0,3,1,5,357,4,0,0,71,2022,Round 18,2022-07-16,10696
Fremantle,Luke Ryan,7,10,21,87.5,1,0,0,4,0,0,1,0,709,7,5,0,94,2022,Round 18,2022-07-16,10696
Fremantle,Hayden Young,6,14,19,82.6,1,0,0,1,0,0,0,3,459,4,7,0,80,2022,Round 18,2022-07-16,10696
Fremantle,David Mundy,10,12,13,61.9,0,0,1,1,0,3,2,5,318,4,0,0,69,2022,Round 18,2022-07-16,10696
Fremantle,Andrew Brayshaw,6,14,19,95.0,0,0,0,3,0,1,0,8,134,0,3,1,83,2022,Round 18,2022-07-16,10696
Fremantle,Caleb Serong,8,12,13,65.0,0,0,0,0,0,1,3,5,321,8,2,1,78,2022,Round 18,2022-07-16,10696
Fremantle,Blake Acres,5,15,11,57.9,0,0,0,0,0,0,3,4,322,3,1,0,79,2022,Round 18,2022-07-16,10696
Fremantle,Heath Chapman,9,11,15,78.9,2,1,0,1,0,0,1,3,365,3,7,0,77,2022,Round 18,2022-07-16,10696
Fremantle,Travis Colyer,7,12,13,72.2,0,0,0,2,1,0,3,4,384,4,5,1,72,2022,Round 18,2022-07-16,10696
Fremantle,Jordan Clark,5,11,14,82.4,0,0,0,5,0,0,2,1,172,2,1,0,89,2022,Round 18,2022-07-16,10696
Fremantle,Michael Walters,7,7,10,62.5,0,1,0,1,0,1,3,6,279,5,1,2,86,2022,Round 18,2022-07-16,10696
Fremantle,Nathan Fyfe,8,7,13,86.7,0,2,0,1,1,1,1,5,67,2,2,2,82,2022,Round 18,2022-07-16,10696
Fremantle,Brennan Cox,9,6,12,80.0,3,0,0,4,0,0,0,2,304,1,10,0,77,2022,Round 18,2022-07-16,10696
Fremantle,Brandon Walker,3,12,11,73.3,0,0,0,1,0,0,0,2,292,5,4,0,91,2022,Round 18,2022-07-16,10696
Fremantle,Bailey Banfield,8,9,11,78.6,0,0,1,1,0,0,0,3,290,3,2,2,72,2022,Round 18,2022-07-16,10696
Fremantle,Matthew Taberner,5,8,6,46.2,1,0,2,3,0,0,0,5,171,2,0,0,79,2022,Round 18,2022-07-16,10696
Fremantle,Rory Lobb,4,8,7,53.8,1,1,3,3,0,0,0,8,258,3,3,1,100,2022,Round 18,2022-07-16,10696
Fremantle,James Aish,3,10,7,58.3,0,0,0,1,0,0,1,1,135,4,2,1,81,2022,Round 18,2022-07-16,10696
Fremantle,Lachlan Schultz,4,7,7,77.8,0,2,0,3,0,0,1,4,135,2,0,2,85,2022,Round 18,2022-07-16,10696
Fremantle,Minairo Frederick,3,6,4,44.4,0,0,1,0,0,0,0,3,110,3,1,1,85,2022,Round 18,2022-07-16,10696
Fremantle,Sean Darcy,4,4,8,100.0,0,0,0,3,0,0,3,5,167,2,2,1,80,2022,Round 18,2022-07-16,10696
Fremantle,Griffin Logue,2,4,6,100.0,0,0,0,6,0,0,0,0,-19,0,4,0,93,2022,Round 18,2022-07-16,10696
Sydney,Chad Warner,15,20,27,77.1,0,2,0,0,1,5,2,11,800,6,8,0,81,2022,Round 18,2022-07-16,10696
Sydney,Callum Mills,6,19,17,65.4,0,1,2,1,0,1,2,8,471,5,3,1,86,2022,Round 18,2022-07-16,10696
Sydney,Jake Lloyd,2,20,21,84.0,0,0,0,0,1,0,0,2,325,2,2,0,80,2022,Round 18,2022-07-16,10696
Sydney,Luke Parker,10,14,18,75.0,1,0,0,1,0,0,4,8,310,4,3,0,87,2022,Round 18,2022-07-16,10696
Sydney,Robbie Fox,7,18,22,91.7,1,0,0,8,0,0,1,5,290,3,7,0,80,2022,Round 18,2022-07-16,10696
Sydney,Errol Gulden,7,16,18,78.3,1,1,1,0,0,0,1,5,393,5,2,1,81,2022,Round 18,2022-07-16,10696
Sydney,Oliver Florent,4,17,14,66.7,0,0,0,1,2,0,1,3,584,6,6,0,88,2022,Round 18,2022-07-16,10696
Sydney,Dane Rampe,3,14,16,88.9,0,0,0,6,0,0,0,3,395,5,7,0,96,2022,Round 18,2022-07-16,10696
Sydney,Isaac Heeney,7,10,12,66.7,1,3,2,2,0,0,2,9,191,2,1,2,86,2022,Round 18,2022-07-16,10696
Sydney,Tom Papley,8,7,12,70.6,0,1,2,2,0,1,2,7,207,2,1,1,80,2022,Round 18,2022-07-16,10696
Sydney,Will Hayward,9,8,15,88.2,2,1,2,1,0,0,1,6,263,2,0,0,77,2022,Round 18,2022-07-16,10696
Sydney,Tom Mccartin,9,8,13,81.2,0,0,0,9,0,0,1,3,156,1,8,0,96,2022,Round 18,2022-07-16,10696
Sydney,Justin Mcinerney,4,12,12,75.0,1,0,0,1,0,0,0,4,161,2,4,0,84,2022,Round 18,2022-07-16,10696
Sydney,Nick Blakey,3,5,10,76.9,0,0,0,3,0,0,1,2,115,2,2,0,75,2022,Round 18,2022-07-16,10696
Sydney,Dylan Stephens,3,9,9,69.2,0,0,0,1,0,0,0,2,357,3,5,0,78,2022,Round 18,2022-07-16,10696
Sydney,Ryan Clarke,4,10,11,91.7,0,0,0,1,0,0,1,4,14,2,1,1,89,2022,Round 18,2022-07-16,10696
Sydney,James Rowbottom,4,8,10,83.3,0,1,0,0,0,1,1,4,155,1,1,0,78,2022,Round 18,2022-07-16,10696
Sydney,Paddy Mccartin,4,6,7,63.6,1,0,0,5,0,0,0,2,186,3,6,0,76,2022,Round 18,2022-07-16,10696
Sydney,Sam Reid 1,3,6,8,88.9,0,0,1,3,0,0,0,4,96,1,2,0,89,2022,Round 18,2022-07-16,10696
Sydney,Tom Hickey,6,3,4,44.4,1,0,0,4,0,1,0,5,95,3,3,0,71,2022,Round 18,2022-07-16,10696
Sydney,Lance Franklin,5,2,4,57.1,2,0,1,0,0,0,0,4,85,1,0,2,89,2022,Round 18,2022-07-16,10696
Sydney,Joel Amartey,0,5,4,80.0,0,0,1,1,0,0,0,3,116,1,0,0,54,2022,Round 18,2022-07-16,10696
Carlton,Sam Walsh,12,23,29,87.9,0,0,0,0,3,1,7,5,308,3,2,0,82,2022,Round 18,2022-07-16,10688
Carlton,Sam Docherty,5,22,23,79.3,0,0,0,4,0,0,0,4,448,8,3,0,88,2022,Round 18,2022-07-16,10688
Carlton,Zac Fisher,6,21,18,66.7,0,0,1,0,0,0,0,5,450,5,2,1,78,2022,Round 18,2022-07-16,10688
Carlton,George Hewett,9,17,19,73.1,0,0,1,1,0,2,3,6,282,4,1,0,80,2022,Round 18,2022-07-16,10688
Carlton,Nic Newman,10,13,20,76.9,0,0,0,3,0,0,1,4,417,5,8,0,82,2022,Round 18,2022-07-16,10688
Carlton,Matthew Kennedy 1,7,17,19,82.6,0,0,0,1,0,1,1,3,193,4,3,1,77,2022,Round 18,2022-07-16,10688
Carlton,Adam Cerra,10,14,18,78.3,0,1,0,3,0,0,5,4,210,3,2,0,77,2022,Round 18,2022-07-16,10688
Carlton,Will Hayes,9,15,17,73.9,0,1,1,1,0,0,2,2,368,7,5,0,77,2022,Round 18,2022-07-16,10688
Carlton,Patrick Cripps,8,8,12,70.6,0,0,0,1,0,1,3,2,197,3,3,1,82,2022,Round 18,2022-07-16,10688
Carlton,Adam Saad,2,12,12,70.6,0,0,0,1,4,0,0,0,226,2,7,0,79,2022,Round 18,2022-07-16,10688
Carlton,Jack Silvagni,8,9,13,76.5,0,1,0,2,0,1,1,6,233,4,2,0,82,2022,Round 18,2022-07-16,10688
Carlton,Lewis Young,6,10,11,73.3,0,0,0,12,0,0,0,1,239,5,8,0,100,2022,Round 18,2022-07-16,10688
Carlton,Liam Stocker,4,9,10,66.7,0,0,0,2,0,0,0,1,281,4,6,0,82,2022,Round 18,2022-07-16,10688
Carlton,Tom De Koning,8,5,8,57.1,2,0,0,3,0,0,5,4,195,4,2,0,80,2022,Round 18,2022-07-16,10688
Carlton,Matt Cottrell,4,9,12,92.3,0,1,0,1,0,0,0,4,63,0,4,0,85,2022,Round 18,2022-07-16,10688
Carlton,Jack Newnes,2,11,8,66.7,0,0,0,2,0,0,1,2,152,4,1,0,79,2022,Round 18,2022-07-16,10688
Carlton,Jesse Motlop,4,6,8,72.7,0,0,1,1,0,0,0,2,53,4,1,1,71,2022,Round 18,2022-07-16,10688
Carlton,Lachlan Plowman,5,5,8,80.0,0,0,0,3,0,0,0,3,94,0,7,0,73,2022,Round 18,2022-07-16,10688
Carlton,Charlie Curnow,8,2,6,60.0,2,0,2,1,0,0,0,5,232,2,0,2,90,2022,Round 18,2022-07-16,10688
Carlton,Harry Mckay,2,7,7,77.8,0,0,1,1,0,0,0,4,253,2,0,0,91,2022,Round 18,2022-07-16,10688
Carlton,Corey Durdin,3,6,3,33.3,0,0,1,2,0,0,0,0,112,4,0,0,66,2022,Round 18,2022-07-16,10688
Carlton,Jacob Weitering,3,5,4,57.1,0,0,0,4,0,0,0,0,103,2,3,0,100,2022,Round 18,2022-07-16,10688
Geelong,Mitchell Duncan,3,19,22,84.6,1,0,0,1,1,0,1,4,459,5,4,0,81,2022,Round 18,2022-07-16,10688
Geelong,Joel Selwood,8,17,20,80.0,1,2,2,2,0,2,1,10,392,3,5,0,70,2022,Round 18,2022-07-16,10688
Geelong,Zach Tuohy,7,14,17,70.8,0,0,0,2,1,0,3,4,471,5,8,0,81,2022,Round 18,2022-07-16,10688
Geelong,Cameron Guthrie,12,12,14,60.9,0,0,0,0,0,5,0,5,177,5,3,0,74,2022,Round 18,2022-07-16,10688
Geelong,Patrick Dangerfield,11,9,14,63.6,2,0,1,0,0,0,3,4,371,5,4,0,62,2022,Round 18,2022-07-16,10688
Geelong,Mark Blicavs,11,10,17,85.0,3,0,0,1,0,2,3,4,253,3,2,1,78,2022,Round 18,2022-07-16,10688
Geelong,Jeremy Cameron,3,13,9,50.0,0,2,4,2,0,0,0,11,417,4,2,2,96,2022,Round 18,2022-07-16,10688
Geelong,Bradley Close,5,13,11,61.1,0,1,2,0,0,0,1,9,170,1,2,2,79,2022,Round 18,2022-07-16,10688
Geelong,Tyson Stengle,8,9,10,58.8,0,0,2,2,1,0,1,6,271,3,1,1,80,2022,Round 18,2022-07-16,10688
Geelong,Tom Atkins,6,11,13,76.5,0,0,0,0,0,1,0,4,152,3,2,1,66,2022,Round 18,2022-07-16,10688
Geelong,Isaac Smith,1,10,10,62.5,0,0,0,0,0,0,1,2,258,5,0,0,83,2022,Round 18,2022-07-16,10688
Geelong,Gryan Miers,6,9,12,75.0,0,0,0,1,0,0,1,6,162,3,1,1,78,2022,Round 18,2022-07-16,10688
Geelong,Max Holmes,3,11,10,66.7,0,0,1,1,0,0,1,4,357,1,5,0,84,2022,Round 18,2022-07-16,10688
Geelong,Tom Hawkins,7,9,9,64.3,1,0,3,5,0,0,1,9,230,2,1,1,97,2022,Round 18,2022-07-16,10688
Geelong,Rhys Stanley,5,10,8,57.1,0,0,1,4,0,1,2,4,128,4,0,0,75,2022,Round 18,2022-07-16,10688
Geelong,Jed Bews,4,9,10,71.4,0,0,0,1,0,0,1,3,224,3,5,0,57,2022,Round 18,2022-07-16,10688
Geelong,Jack Henry,6,8,11,84.6,0,0,0,8,0,0,0,1,209,3,10,0,100,2022,Round 18,2022-07-16,10688
Geelong,Mark O Connor,7,6,8,66.7,0,0,0,2,0,0,0,0,198,5,7,0,81,2022,Round 18,2022-07-16,10688
Geelong,Zach Guthrie,2,8,12,100.0,1,0,0,0,0,0,0,4,369,2,6,0,80,2022,Round 18,2022-07-16,10688
Geelong,Sam De Koning,4,8,9,81.8,2,0,0,5,0,0,0,1,248,3,7,0,96,2022,Round 18,2022-07-16,10688
Geelong,Jake Kolodjashnij,4,4,6,85.7,0,0,0,6,1,0,1,1,59,0,3,0,98,2022,Round 18,2022-07-16,10688
Geelong,Gary Rohan,4,3,3,60.0,0,2,0,2,0,0,0,4,111,1,1,0,83,2022,Round 18,2022-07-16,10688
Geelong,Sam Menegola,1,0,1,100.0,0,1,0,0,0,0,0,1,42,0,1,0,20,2022,Round 18,2022-07-16,10688
Hawthorn,Josh Ward,12,22,24,70.6,0,0,0,0,0,1,5,8,618,6,3,0,84,2022,Round 18,2022-07-17,10691
Hawthorn,Tom Mitchell,17,16,18,54.5,0,1,0,0,0,1,1,6,292,4,3,0,77,2022,Round 18,2022-07-17,10691
Hawthorn,Jai Newcombe,13,16,19,67.9,0,1,1,1,1,1,4,6,391,2,3,1,79,2022,Round 18,2022-07-17,10691
Hawthorn,Dylan Moore,12,15,15,60.0,0,1,1,2,1,4,3,5,283,4,1,2,84,2022,Round 18,2022-07-17,10691
Hawthorn,James Sicily,12,11,20,83.3,1,0,0,14,2,0,0,6,542,6,12,0,100,2022,Round 18,2022-07-17,10691
Hawthorn,Changkuoth Jiath,8,18,17,70.8,1,0,0,0,0,0,1,4,450,8,5,0,89,2022,Round 18,2022-07-17,10691
Hawthorn,Jack Scrimshaw,5,18,20,87.0,0,0,1,2,1,0,0,5,277,0,8,0,83,2022,Round 18,2022-07-17,10691
Hawthorn,Blake Hardwick,4,15,19,86.4,0,0,0,4,0,0,0,3,404,4,5,0,87,2022,Round 18,2022-07-17,10691
Hawthorn,Finn Maginness,9,12,13,61.9,0,1,0,0,0,1,1,12,346,1,2,0,82,2022,Round 18,2022-07-17,10691
Hawthorn,Jaeger O Meara,6,9,12,66.7,0,0,0,3,0,3,2,5,187,5,2,0,76,2022,Round 18,2022-07-17,10691
Hawthorn,Conor Nash,9,8,13,72.2,0,0,0,1,0,0,4,3,90,1,0,1,74,2022,Round 18,2022-07-17,10691
Hawthorn,Harry Morrison,3,14,14,77.8,0,1,0,1,0,0,1,3,329,4,2,1,73,2022,Round 18,2022-07-17,10691
Hawthorn,Ben Mcevoy,7,7,10,66.7,1,1,0,4,0,0,0,5,153,0,4,0,81,2022,Round 18,2022-07-17,10691
Hawthorn,Luke Breust,11,6,11,73.3,1,0,1,2,0,0,1,11,372,2,2,2,85,2022,Round 18,2022-07-17,10691
Hawthorn,Jarman Impey,8,5,9,69.2,0,0,0,0,0,0,1,5,161,3,1,3,78,2022,Round 18,2022-07-17,10691
Hawthorn,Connor Macdonald,4,10,8,61.5,0,0,1,3,0,0,1,5,164,2,1,3,76,2022,Round 18,2022-07-17,10691
Hawthorn,Josh Morris,3,8,6,54.5,1,1,0,4,0,0,0,2,153,5,3,0,74,2022,Round 18,2022-07-17,10691
Hawthorn,Denver Grainger Barras,7,5,8,72.7,1,0,0,6,0,0,0,4,43,1,8,0,78,2022,Round 18,2022-07-17,10691
Hawthorn,Mitchell Lewis,6,3,7,77.8,1,1,0,3,0,0,1,4,69,1,0,1,100,2022,Round 18,2022-07-17,10691
Hawthorn,Ned Reeves,4,4,5,55.6,1,0,1,3,0,1,1,5,205,1,0,1,73,2022,Round 18,2022-07-17,10691
Hawthorn,Will Day,1,8,8,88.9,0,1,1,1,0,0,0,5,128,1,0,2,78,2022,Round 18,2022-07-17,10691
Hawthorn,James Blanck,3,4,6,85.7,0,0,0,8,0,0,0,0,23,1,3,0,90,2022,Round 18,2022-07-17,10691
West Coast,Andrew Gaff,10,20,21,70.0,0,0,0,0,0,2,3,0,375,3,3,0,88,2022,Round 18,2022-07-17,10691
West Coast,Tom Barrass,4,24,28,93.3,2,0,0,8,1,0,1,0,346,6,11,0,100,2022,Round 18,2022-07-17,10691
West Coast,Shannon Hurn,5,16,23,82.1,0,0,0,6,1,0,0,0,454,5,5,0,84,2022,Round 18,2022-07-17,10691
West Coast,Alex Witherden,7,14,21,91.3,1,0,0,3,1,0,1,0,415,4,5,0,82,2022,Round 18,2022-07-17,10691
West Coast,Tim Kelly,12,8,16,76.2,0,0,0,0,0,3,4,4,318,4,2,1,77,2022,Round 18,2022-07-17,10691
West Coast,Liam Duggan,7,14,15,75.0,0,0,0,2,1,0,1,1,252,2,8,0,82,2022,Round 18,2022-07-17,10691
West Coast,Luke Shuey,4,13,15,88.2,0,0,0,5,0,1,1,2,269,4,2,0,74,2022,Round 18,2022-07-17,10691
West Coast,Xavier O Neill,9,9,11,64.7,0,2,0,1,0,3,0,2,274,4,1,4,74,2022,Round 18,2022-07-17,10691
West Coast,Liam Ryan,8,6,7,43.8,0,0,0,1,0,1,2,5,277,6,2,0,88,2022,Round 18,2022-07-17,10691
West Coast,Jack Redden,6,7,12,80.0,0,0,0,2,0,1,3,1,92,1,4,0,85,2022,Round 18,2022-07-17,10691
West Coast,Jamaine Jones,3,12,12,80.0,0,0,0,1,0,0,0,0,221,4,4,0,80,2022,Round 18,2022-07-17,10691
West Coast,Jack Darling,10,4,10,71.4,3,1,2,1,0,0,1,6,336,2,3,1,100,2022,Round 18,2022-07-17,10691
West Coast,Jamie Cripps,6,7,8,61.5,0,0,1,2,0,0,3,5,311,3,2,2,86,2022,Round 18,2022-07-17,10691
West Coast,Rhett Bazzo,3,10,8,66.7,1,0,0,5,0,0,0,0,168,5,4,0,83,2022,Round 18,2022-07-17,10691
West Coast,Jai Culley,11,2,7,58.3,0,1,0,2,0,1,6,2,131,1,1,2,66,2022,Round 18,2022-07-17,10691
West Coast,Joshua Kennedy,5,5,7,70.0,0,0,1,2,0,0,0,4,64,1,3,1,92,2022,Round 18,2022-07-17,10691
West Coast,Bailey Williams 1,6,3,6,60.0,0,1,0,4,0,2,3,1,133,3,0,0,73,2022,Round 18,2022-07-17,10691
West Coast,Harry Edwards,1,9,10,100.0,0,0,0,5,1,0,0,0,146,1,1,0,89,2022,Round 18,2022-07-17,10691
West Coast,Callum Jamieson,5,5,8,80.0,0,1,0,2,0,2,0,2,205,3,0,0,49,2022,Round 18,2022-07-17,10691
West Coast,Brady Hough,1,9,5,50.0,0,1,1,2,0,0,0,2,163,4,1,0,79,2022,Round 18,2022-07-17,10691
West Coast,Luke Foley,1,6,2,28.6,0,0,0,1,0,0,1,0,121,1,0,1,77,2022,Round 18,2022-07-17,10691
West Coast,Jake Waterman,5,1,5,83.3,2,1,2,3,0,0,0,5,104,1,0,0,85,2022,Round 18,2022-07-17,10691
West Coast,Sam Petrevski Seton,0,0,0,0.0,0,0,0,0,0,0,0,0,0,0,0,0,7,2022,Round 18,2022-07-17,10691
Melbourne,Christian Petracca,17,15,25,83.3,0,3,0,3,0,4,6,9,586,2,7,0,88,2022,Round 18,2022-07-17,10695
Melbourne,Jack Viney,6,20,19,67.9,0,1,1,2,0,2,1,6,473,10,3,0,80,2022,Round 18,2022-07-17,10695
Melbourne,Ed Langdon,6,19,19,79.2,0,0,0,1,0,0,1,5,499,5,3,0,100,2022,Round 18,2022-07-17,10695
Melbourne,Angus Brayshaw,3,16,19,95.0,0,0,0,0,0,0,0,5,416,3,6,0,83,2022,Round 18,2022-07-17,10695
Melbourne,James Jordon,4,16,11,57.9,0,0,0,4,0,0,0,5,386,6,7,1,82,2022,Round 18,2022-07-17,10695
Melbourne,Steven May,4,9,15,83.3,1,0,0,9,0,0,0,3,546,3,5,0,95,2022,Round 18,2022-07-17,10695
Melbourne,Tom Sparrow,6,12,8,44.4,0,1,0,2,0,1,0,4,202,6,1,0,80,2022,Round 18,2022-07-17,10695
Melbourne,James Harmes,8,9,12,70.6,0,0,0,2,0,1,2,1,167,4,0,0,69,2022,Round 18,2022-07-17,10695
Melbourne,Charlie Spargo,3,14,12,70.6,0,0,0,1,1,0,0,6,336,2,0,0,72,2022,Round 18,2022-07-17,10695
Melbourne,Max Gawn,4,12,11,68.8,0,0,1,4,0,2,1,2,199,5,4,0,89,2022,Round 18,2022-07-17,10695
Melbourne,Christian Salem,7,9,11,68.8,0,0,0,2,0,0,1,1,245,6,8,0,83,2022,Round 18,2022-07-17,10695
Melbourne,Adam Tomlinson,6,9,14,93.3,1,0,0,4,0,0,0,4,116,2,9,0,100,2022,Round 18,2022-07-17,10695
Melbourne,Bayley Fritsch,7,9,10,66.7,1,3,4,0,0,0,0,10,251,1,1,1,83,2022,Round 18,2022-07-17,10695
Melbourne,Michael Hibberd,3,9,12,85.7,0,0,0,2,0,0,0,2,278,2,5,0,84,2022,Round 18,2022-07-17,10695
Melbourne,Ben Brown,8,7,11,78.6,3,0,3,3,0,0,1,7,225,2,0,1,78,2022,Round 18,2022-07-17,10695
Melbourne,Alex Neal Bullen,5,9,11,78.6,0,0,0,0,0,0,2,4,181,2,1,0,76,2022,Round 18,2022-07-17,10695
Melbourne,Kysaiah Pickett,8,5,12,85.7,0,0,2,1,1,0,0,8,326,1,4,0,84,2022,Round 18,2022-07-17,10695
Melbourne,Luke Jackson,9,5,11,84.6,0,0,1,1,0,1,0,5,122,1,3,1,74,2022,Round 18,2022-07-17,10695
Melbourne,Trent Rivers,2,9,9,81.8,0,0,0,2,0,0,0,3,77,1,2,0,65,2022,Round 18,2022-07-17,10695
Melbourne,Jake Lever,3,2,5,71.4,0,0,0,2,0,0,0,0,143,1,4,0,90,2022,Round 18,2022-07-17,10695
Melbourne,Jake Melksham,2,4,4,66.7,0,1,1,0,2,0,0,4,118,1,2,2,76,2022,Round 18,2022-07-17,10695
Melbourne,Toby Bedford,3,3,5,100.0,0,0,0,1,0,0,1,2,89,1,1,0,69,2022,Round 18,2022-07-17,10695
Port Adelaide,Connor Rozee,11,22,26,78.8,0,1,0,1,0,1,3,6,446,6,5,1,86,2022,Round 18,2022-07-17,10695
Port Adelaide,Travis Boak,9,19,22,75.9,0,0,0,2,0,2,3,5,550,4,2,0,82,2022,Round 18,2022-07-17,10695
Port Adelaide,Dan Houston,8,18,21,75.0,0,0,0,1,0,0,2,2,249,3,5,0,82,2022,Round 18,2022-07-17,10695
Port Adelaide,Oliver Wines,8,19,22,81.5,0,2,1,0,0,1,2,10,261,3,4,0,81,2022,Round 18,2022-07-17,10695
Port Adelaide,Karl Amon,3,21,20,80.0,0,0,1,3,2,0,0,2,501,5,3,0,81,2022,Round 18,2022-07-17,10695
Port Adelaide,Darcy Byrne Jones,6,19,21,87.5,0,1,0,0,1,1,0,5,184,1,7,0,79,2022,Round 18,2022-07-17,10695
Port Adelaide,Robert Gray,9,15,19,82.6,0,0,1,1,0,2,3,6,136,3,3,0,71,2022,Round 18,2022-07-17,10695
Port Adelaide,Willem Drew,10,13,17,73.9,0,1,2,2,0,2,2,7,311,5,3,1,83,2022,Round 18,2022-07-17,10695
Port Adelaide,Sam Powell Pepper,5,15,12,57.1,1,0,0,0,1,0,0,5,536,8,3,1,85,2022,Round 18,2022-07-17,10695
Port Adelaide,Ryan Burton,2,15,16,80.0,0,0,0,1,0,0,0,4,694,4,3,0,83,2022,Round 18,2022-07-17,10695
Port Adelaide,Zak Butters,7,13,17,85.0,0,0,0,0,0,1,2,3,180,2,1,0,82,2022,Round 18,2022-07-17,10695
Port Adelaide,Thomas Jonas,4,13,14,82.4,0,0,0,8,0,0,0,0,285,4,7,0,96,2022,Round 18,2022-07-17,10695
Port Adelaide,Jeremy Finlayson,8,8,10,58.8,2,0,2,1,0,2,3,4,308,3,0,0,83,2022,Round 18,2022-07-17,10695
Port Adelaide,Aliir Aliir,6,11,12,75.0,1,0,0,6,1,0,0,2,112,5,7,0,95,2022,Round 18,2022-07-17,10695
Port Adelaide,Riley Bonner,2,12,13,81.2,0,0,0,0,0,0,1,1,330,5,2,0,71,2022,Round 18,2022-07-17,10695
Port Adelaide,Miles Bergman,6,10,12,75.0,0,0,1,3,1,1,1,3,255,3,4,0,76,2022,Round 18,2022-07-17,10695
Port Adelaide,Charlie Dixon,8,7,11,73.3,3,1,0,1,0,0,2,3,203,3,2,0,86,2022,Round 18,2022-07-17,10695
Port Adelaide,Todd Marshall,3,7,8,80.0,2,2,2,0,0,0,0,4,159,2,0,1,86,2022,Round 18,2022-07-17,10695
Port Adelaide,Jackson Mead,4,4,5,55.6,0,0,0,0,0,0,3,2,75,4,1,2,68,2022,Round 18,2022-07-17,10695
Port Adelaide,Tom Clurey,3,6,8,100.0,1,0,0,7,2,0,0,0,153,0,5,0,93,2022,Round 18,2022-07-17,10695
Port Adelaide,Kane Farrell,3,4,4,66.7,0,0,1,3,0,0,0,2,51,2,1,0,72,2022,Round 18,2022-07-17,10695
Port Adelaide,Mitch Georgiades,0,4,1,25.0,0,0,1,1,0,0,0,1,18,1,0,0,78,2022,Round 18,2022-07-17,10695
Essendon,Zachary Merrett,9,26,31,86.1,0,0,0,0,0,3,6,14,444,2,1,0,83,2022,Round 18,2022-07-17,10689
Essendon,Mason Redman,8,25,26,76.5,1,2,0,1,0,0,0,9,643,4,11,0,81,2022,Round 18,2022-07-17,10689
Essendon,Dylan Shiel,14,17,21,72.4,0,0,0,4,4,3,4,8,452,1,3,2,83,2022,Round 18,2022-07-17,10689
Essendon,Andrew Mcgrath,4,23,23,79.3,0,1,0,1,2,0,0,8,319,4,7,0,86,2022,Round 18,2022-07-17,10689
Essendon,Nick Hind,8,20,19,73.1,0,1,0,2,9,0,1,7,662,8,10,0,76,2022,Round 18,2022-07-17,10689
Essendon,Nicholas Martin,7,18,17,68.0,0,0,3,0,0,0,1,7,343,3,1,0,90,2022,Round 18,2022-07-17,10689
Essendon,Jye Caldwell,7,14,15,71.4,1,2,2,0,0,2,1,8,379,2,1,0,81,2022,Round 18,2022-07-17,10689
Essendon,Dyson Heppell,7,12,15,78.9,1,1,0,0,0,0,0,6,355,4,3,0,78,2022,Round 18,2022-07-17,10689
Essendon,Kyle Langford,7,13,13,68.4,0,2,2,0,0,0,0,10,244,1,3,1,77,2022,Round 18,2022-07-17,10689
Essendon,Jordan Ridley,3,13,18,100.0,1,0,0,7,1,0,0,5,224,1,4,0,93,2022,Round 18,2022-07-17,10689
Essendon,Jake Stringer,5,10,10,62.5,0,0,3,1,0,1,0,10,259,2,1,0,78,2022,Round 18,2022-07-17,10689
Essendon,Ben Hobbs,9,6,9,60.0,0,2,0,0,1,1,2,7,264,0,1,2,65,2022,Round 18,2022-07-17,10689
Essendon,Jake Kelly,6,8,14,100.0,0,0,0,4,0,0,0,5,163,1,6,0,88,2022,Round 18,2022-07-17,10689
Essendon,Jayden Laverde,4,10,12,85.7,0,0,0,3,0,0,0,3,76,1,6,0,87,2022,Round 18,2022-07-17,10689
Essendon,Matt Guelfi,5,9,13,92.9,1,1,0,1,0,0,0,5,233,4,3,8,79,2022,Round 18,2022-07-17,10689
Essendon,Peter Wright,6,8,7,53.8,3,0,2,4,0,0,0,5,378,0,2,0,100,2022,Round 18,2022-07-17,10689
Essendon,Will Snelling,6,7,8,61.5,0,0,0,1,0,0,2,6,59,5,1,1,74,2022,Round 18,2022-07-17,10689
Essendon,Sam Draper,8,4,9,69.2,1,0,1,3,0,1,4,7,266,3,2,1,78,2022,Round 18,2022-07-17,10689
Essendon,Sam Durham,6,7,7,53.8,0,0,2,3,0,0,2,4,123,2,2,0,84,2022,Round 18,2022-07-17,10689
Essendon,Brandon Zerk Thatcher,2,9,11,91.7,0,0,0,7,1,0,0,4,197,2,5,0,89,2022,Round 18,2022-07-17,10689
Essendon,Harrison Jones 1,6,2,5,62.5,2,0,3,0,0,0,1,2,128,1,0,0,83,2022,Round 18,2022-07-17,10689
Essendon,Andrew Phillips 1,3,4,7,100.0,0,0,1,2,0,0,1,4,121,1,1,1,68,2022,Round 18,2022-07-17,10689
Gold Coast,Touk Miller,15,14,18,64.3,0,1,0,0,0,6,2,5,619,6,2,1,85,2022,Round 18,2022-07-17,10689
Gold Coast,Noah Anderson,12,12,15,62.5,0,0,0,1,0,3,4,3,538,6,4,0,87,2022,Round 18,2022-07-17,10689
Gold Coast,Jack Lukosius,5,12,16,72.7,0,0,1,2,0,0,0,2,539,8,6,1,85,2022,Round 18,2022-07-17,10689
Gold Coast,Brandon Ellis,3,13,19,90.5,0,0,0,1,0,0,1,3,396,6,3,0,89,2022,Round 18,2022-07-17,10689
Gold Coast,Oleg Markov,4,12,15,83.3,0,0,0,4,2,0,0,2,400,3,3,0,80,2022,Round 18,2022-07-17,10689
Gold Coast,David Swallow,7,10,10,58.8,0,1,0,2,1,0,3,1,268,3,1,0,83,2022,Round 18,2022-07-17,10689
Gold Coast,Brayden Fiorini,7,9,9,60.0,0,0,0,2,0,0,1,1,150,2,1,0,65,2022,Round 18,2022-07-17,10689
Gold Coast,Sam Flanders,6,9,10,66.7,1,1,0,1,0,0,1,2,156,3,2,2,72,2022,Round 18,2022-07-17,10689
Gold Coast,Sean Lemmens,4,9,11,78.6,0,0,0,1,0,0,0,1,251,3,3,0,84,2022,Round 18,2022-07-17,10689
Gold Coast,Matt Rowell,10,5,9,64.3,0,0,0,0,0,2,5,3,123,4,0,2,70,2022,Round 18,2022-07-17,10689
Gold Coast,Samuel Collins,5,7,9,75.0,1,0,0,1,0,0,0,0,191,3,8,0,98,2022,Round 18,2022-07-17,10689
Gold Coast,Ben Ainsworth,3,10,9,75.0,0,0,0,1,0,0,0,3,242,3,0,0,88,2022,Round 18,2022-07-17,10689
Gold Coast,Jarrod Witts,6,5,5,45.5,0,0,0,2,0,1,2,3,161,2,2,0,83,2022,Round 18,2022-07-17,10689
Gold Coast,Jack Bowes,0,8,10,90.9,0,0,0,1,2,0,1,1,194,2,2,0,74,2022,Round 18,2022-07-17,10689
Gold Coast,Izak Rankine,6,4,5,45.5,0,0,1,1,2,0,2,3,277,6,1,2,89,2022,Round 18,2022-07-17,10689
Gold Coast,Mabior Chol,5,3,3,37.5,1,0,1,3,0,0,0,4,198,2,0,0,80,2022,Round 18,2022-07-17,10689
Gold Coast,Charlie Ballard,3,6,6,75.0,2,0,0,6,0,0,0,2,126,2,4,0,81,2022,Round 18,2022-07-17,10689
Gold Coast,Nicholas Holman,6,3,6,75.0,0,0,0,2,0,0,0,4,95,5,4,0,88,2022,Round 18,2022-07-17,10689
Gold Coast,Caleb Graham,4,4,6,75.0,1,0,0,13,0,0,0,0,98,1,4,0,96,2022,Round 18,2022-07-17,10689
Gold Coast,Sam Day,3,3,5,83.3,1,0,2,3,0,0,0,3,143,1,1,1,80,2022,Round 18,2022-07-17,10689
Gold Coast,Levi Casboult,3,2,5,100.0,1,0,1,3,0,0,0,2,43,1,0,0,74,2022,Round 18,2022-07-17,10689
Gold Coast,Hewago Oea,1,4,3,60.0,0,0,0,0,1,0,0,1,102,2,1,2,69,2022,Round 18,2022-07-17,10689
Richmond,Dion Prestia,16,13,21,70.0,0,1,0,0,0,4,4,7,347,4,5,0,87,2022,Round 19,2022-07-22,10701
Richmond,Trent Cotchin,10,11,13,56.5,0,0,0,0,0,1,3,2,255,4,3,0,83,2022,Round 19,2022-07-22,10701
Richmond,Nick Vlastuin,8,11,20,87.0,0,0,0,4,0,0,0,3,266,0,8,0,81,2022,Round 19,2022-07-22,10701
Richmond,Nathan Broad,2,21,19,86.4,0,0,0,6,0,0,0,3,362,3,3,0,96,2022,Round 19,2022-07-22,10701
Richmond,Liam Baker,8,12,11,52.4,0,0,2,1,0,0,0,2,349,4,3,1,83,2022,Round 19,2022-07-22,10701
Richmond,Dylan Grimes,6,10,16,94.1,0,0,0,6,0,0,0,3,192,3,8,0,81,2022,Round 19,2022-07-22,10701
Richmond,Kamdyn Mcintosh,6,12,14,87.5,0,0,0,2,0,0,2,4,409,4,1,1,80,2022,Round 19,2022-07-22,10701
Richmond,Shane Edwards,4,11,8,53.3,0,1,0,0,0,0,1,1,279,3,1,0,71,2022,Round 19,2022-07-22,10701
Richmond,Jayden Short,5,10,12,80.0,0,0,0,0,0,1,1,3,197,2,2,1,81,2022,Round 19,2022-07-22,10701
Richmond,Daniel Rioli,5,9,14,93.3,0,0,0,2,0,0,0,3,197,2,7,0,81,2022,Round 19,2022-07-22,10701
Richmond,Shai Bolton,8,9,11,73.3,0,0,1,1,3,2,0,6,284,3,3,1,88,2022,Round 19,2022-07-22,10701
Richmond,Robert Tarrant,4,10,11,78.6,0,0,0,6,0,0,0,1,200,0,5,0,92,2022,Round 19,2022-07-22,10701
Richmond,Noah Balta,10,3,5,38.5,3,0,1,0,0,1,0,5,291,6,3,0,80,2022,Round 19,2022-07-22,10701
Richmond,Ben Miller,3,10,12,92.3,0,0,1,8,0,0,0,2,350,1,4,0,82,2022,Round 19,2022-07-22,10701
Richmond,Marlion Pickett,6,8,9,69.2,0,0,0,3,0,0,2,3,381,5,3,0,82,2022,Round 19,2022-07-22,10701
Richmond,Jack Riewoldt,2,10,5,41.7,0,0,2,2,0,0,0,5,325,4,0,1,84,2022,Round 19,2022-07-22,10701
Richmond,Noah Cumberland,7,5,7,58.3,1,1,1,0,0,0,0,5,321,4,4,4,81,2022,Round 19,2022-07-22,10701
Richmond,Jack Graham,4,7,6,54.5,0,0,0,1,0,0,1,2,145,3,1,0,87,2022,Round 19,2022-07-22,10701
Richmond,Tyler Sonsie,6,6,7,63.6,0,0,0,2,0,0,3,2,158,3,2,0,67,2022,Round 19,2022-07-22,10701
Richmond,Toby Nankervis,6,3,3,30.0,1,0,1,4,0,0,0,1,66,1,0,3,74,2022,Round 19,2022-07-22,10701
Richmond,Ivan Soldo,2,7,7,70.0,0,0,1,2,0,0,2,5,96,2,2,1,77,2022,Round 19,2022-07-22,10701
Richmond,Hugo Ralphsmith,1,8,5,55.6,0,0,0,1,0,0,0,1,128,0,2,0,74,2022,Round 19,2022-07-22,10701
Richmond,Maurice Rioli 1,2,0,2,100.0,0,0,0,0,0,0,0,0,42,1,1,1,11,2022,Round 19,2022-07-22,10701
Fremantle,Hayden Young,8,22,26,83.9,1,0,0,1,1,0,0,2,467,4,10,0,80,2022,Round 19,2022-07-22,10701
Fremantle,Andrew Brayshaw,9,19,22,78.6,0,0,0,2,0,2,1,9,156,3,5,2,78,2022,Round 19,2022-07-22,10701
Fremantle,Caleb Serong,11,15,20,74.1,0,2,0,0,0,1,5,5,240,4,3,0,73,2022,Round 19,2022-07-22,10701
Fremantle,Will Brodie,11,16,17,65.4,0,0,0,2,0,1,3,3,327,10,6,1,76,2022,Round 19,2022-07-22,10701
Fremantle,Luke Ryan,7,14,20,83.3,0,0,0,5,1,0,2,2,393,5,4,0,88,2022,Round 19,2022-07-22,10701
Fremantle,Jordan Clark,8,18,18,75.0,0,1,0,4,0,0,3,5,425,6,4,0,90,2022,Round 19,2022-07-22,10701
Fremantle,David Mundy,13,11,15,65.2,0,0,0,2,0,2,4,1,205,5,1,0,74,2022,Round 19,2022-07-22,10701
Fremantle,James Aish,5,18,21,91.3,0,0,0,0,0,0,1,5,347,1,1,0,87,2022,Round 19,2022-07-22,10701
Fremantle,Brennan Cox,6,14,21,91.3,2,0,0,9,0,0,0,4,338,0,7,0,97,2022,Round 19,2022-07-22,10701
Fremantle,Blake Acres,5,18,14,63.6,0,0,0,0,0,1,2,4,491,8,0,0,78,2022,Round 19,2022-07-22,10701
Fremantle,Heath Chapman,5,11,12,75.0,0,0,0,0,1,0,1,1,192,3,5,0,89,2022,Round 19,2022-07-22,10701
Fremantle,Brandon Walker,4,12,13,81.2,0,0,0,2,0,0,0,2,315,6,5,0,71,2022,Round 19,2022-07-22,10701
Fremantle,Alex Pearce,4,10,12,80.0,1,0,0,1,0,0,0,2,172,2,6,0,85,2022,Round 19,2022-07-22,10701
Fremantle,Liam Henry,2,11,12,92.3,0,0,0,0,0,0,0,5,133,0,1,0,70,2022,Round 19,2022-07-22,10701
Fremantle,Minairo Frederick,2,11,8,61.5,0,0,1,1,1,0,0,5,288,1,1,0,77,2022,Round 19,2022-07-22,10701
Fremantle,Lachlan Schultz,4,8,9,75.0,0,0,0,0,0,0,0,3,65,3,1,1,82,2022,Round 19,2022-07-22,10701
Fremantle,Griffin Logue,5,7,10,90.9,0,0,1,4,0,0,2,5,37,1,0,2,99,2022,Round 19,2022-07-22,10701
Fremantle,Sean Darcy,8,4,7,63.6,0,0,0,3,0,0,4,4,110,0,2,1,83,2022,Round 19,2022-07-22,10701
Fremantle,Michael Walters,4,6,7,70.0,0,0,0,0,0,0,1,4,162,3,0,1,84,2022,Round 19,2022-07-22,10701
Fremantle,Travis Colyer,1,8,6,75.0,0,0,0,0,0,0,0,2,168,2,0,1,35,2022,Round 19,2022-07-22,10701
Fremantle,Matthew Taberner,5,3,6,75.0,3,0,2,1,0,0,0,3,94,2,0,1,79,2022,Round 19,2022-07-22,10701
Fremantle,Nathan Fyfe,5,3,3,42.9,2,0,2,1,0,1,1,4,148,2,0,1,47,2022,Round 19,2022-07-22,10701
Fremantle,Bailey Banfield,3,5,4,57.1,0,1,0,2,0,0,1,5,105,0,0,2,80,2022,Round 19,2022-07-22,10701
North Melbourne,Aaron Hall,7,19,22,73.3,1,0,0,2,1,0,0,6,745,7,7,0,80,2022,Round 19,2022-07-23,10700
North Melbourne,Luke Davies Uniacke,11,18,23,76.7,0,0,1,2,0,4,2,6,407,3,2,0,84,2022,Round 19,2022-07-23,10700
North Melbourne,Bailey Scott,10,19,19,73.1,0,0,0,3,2,1,3,4,274,3,4,0,86,2022,Round 19,2022-07-23,10700
North Melbourne,Jed Anderson,8,16,19,76.0,0,1,0,1,0,0,2,3,190,3,0,0,73,2022,Round 19,2022-07-23,10700
North Melbourne,Hugh Greenwood,10,15,17,70.8,0,0,0,0,0,1,2,5,142,2,3,1,70,2022,Round 19,2022-07-23,10700
North Melbourne,Jack Ziebell,7,12,13,65.0,0,0,2,1,0,0,3,9,271,3,2,1,85,2022,Round 19,2022-07-23,10700
North Melbourne,Luke Mcdonald,9,12,17,85.0,1,0,0,6,0,0,0,2,413,6,10,0,88,2022,Round 19,2022-07-23,10700
North Melbourne,Flynn Perez,3,17,13,65.0,1,1,0,2,2,0,0,2,312,3,4,0,87,2022,Round 19,2022-07-23,10700
North Melbourne,Tom Powell,6,12,15,78.9,0,0,0,0,0,0,3,3,95,2,3,0,73,2022,Round 19,2022-07-23,10700
North Melbourne,Jaidyn Stephenson,5,14,13,72.2,1,1,1,0,0,0,2,5,205,4,0,0,87,2022,Round 19,2022-07-23,10700
North Melbourne,Ben Mckay,5,11,16,94.1,3,0,0,3,1,0,0,0,199,1,12,0,89,2022,Round 19,2022-07-23,10700
North Melbourne,Lachie Young,3,14,14,82.4,0,1,0,3,2,0,0,3,289,2,3,0,83,2022,Round 19,2022-07-23,10700
North Melbourne,Curtis Taylor,5,10,12,80.0,1,0,1,0,1,0,2,3,273,3,2,0,73,2022,Round 19,2022-07-23,10700
North Melbourne,Jy Simpkin,5,9,6,42.9,0,0,0,0,0,2,0,1,81,3,2,0,85,2022,Round 19,2022-07-23,10700
North Melbourne,Aidan Corr,7,6,7,53.8,0,0,0,6,0,0,1,0,178,5,7,0,90,2022,Round 19,2022-07-23,10700
North Melbourne,Cameron Zurhaar,3,10,8,61.5,0,1,4,0,0,0,0,5,321,3,1,0,87,2022,Round 19,2022-07-23,10700
North Melbourne,Aiden Bonar,4,9,9,69.2,0,0,0,6,2,0,1,0,215,3,2,0,82,2022,Round 19,2022-07-23,10700
North Melbourne,Callum Coleman Jones,7,7,10,76.9,0,1,2,0,0,1,0,7,81,3,1,0,83,2022,Round 19,2022-07-23,10700
North Melbourne,Todd Goldstein,5,6,8,72.7,1,1,0,1,0,0,2,2,171,2,2,0,76,2022,Round 19,2022-07-23,10700
North Melbourne,Jason Horne Francis,3,9,9,81.8,0,2,0,0,1,0,0,5,304,3,0,0,73,2022,Round 19,2022-07-23,10700
North Melbourne,Paul Curtis,3,5,5,71.4,0,1,1,2,0,0,0,5,133,1,2,1,81,2022,Round 19,2022-07-23,10700
North Melbourne,Phoenix Spicer,3,3,2,40.0,0,0,1,0,0,0,0,2,71,3,0,0,84,2022,Round 19,2022-07-23,10700
Hawthorn,Tom Mitchell,9,25,29,90.6,0,2,1,2,1,3,2,10,397,5,4,0,77,2022,Round 19,2022-07-23,10700
Hawthorn,Jai Newcombe,15,13,22,73.3,1,0,1,1,2,2,7,7,580,5,4,0,76,2022,Round 19,2022-07-23,10700
Hawthorn,Dylan Moore,11,15,22,88.0,1,2,1,0,1,2,2,8,245,1,3,1,80,2022,Round 19,2022-07-23,10700
Hawthorn,James Sicily,6,16,18,75.0,1,0,0,1,0,0,1,3,583,5,5,0,100,2022,Round 19,2022-07-23,10700
Hawthorn,Blake Hardwick,5,13,21,91.3,0,1,0,2,0,0,0,3,458,5,9,0,92,2022,Round 19,2022-07-23,10700
Hawthorn,Jack Scrimshaw,6,17,17,77.3,3,0,0,4,0,0,0,4,310,4,6,0,77,2022,Round 19,2022-07-23,10700
Hawthorn,Josh Ward,7,14,14,63.6,1,0,0,2,0,2,1,4,190,3,3,0,81,2022,Round 19,2022-07-23,10700
Hawthorn,Jaeger O Meara,14,8,12,60.0,1,1,1,1,3,4,1,7,328,4,3,1,77,2022,Round 19,2022-07-23,10700
Hawthorn,Conor Nash,6,14,11,61.1,0,0,0,3,1,2,2,5,289,5,0,0,72,2022,Round 19,2022-07-23,10700
Hawthorn,Ben Mcevoy,11,8,15,88.2,0,0,0,3,0,0,3,3,27,1,4,0,74,2022,Round 19,2022-07-23,10700
Hawthorn,Jack Gunston,5,13,9,52.9,0,1,6,4,0,0,0,11,410,4,1,3,86,2022,Round 19,2022-07-23,10700
Hawthorn,Connor Macdonald,8,8,13,81.2,1,1,0,0,0,2,1,5,356,4,3,0,84,2022,Round 19,2022-07-23,10700
Hawthorn,Josh Morris,5,10,6,42.9,1,0,0,1,0,0,1,4,249,3,7,0,80,2022,Round 19,2022-07-23,10700
Hawthorn,Harry Morrison,2,11,8,66.7,0,0,0,0,0,0,1,3,266,3,2,0,82,2022,Round 19,2022-07-23,10700
Hawthorn,Jarman Impey,4,8,8,72.7,0,2,0,1,1,0,0,8,262,1,1,2,75,2022,Round 19,2022-07-23,10700
Hawthorn,Mitchell Lewis,5,7,8,72.7,1,1,1,3,0,0,0,3,142,1,2,1,94,2022,Round 19,2022-07-23,10700
Hawthorn,Will Day,2,8,7,70.0,0,0,0,2,0,0,1,2,219,3,3,0,84,2022,Round 19,2022-07-23,10700
Hawthorn,Ned Reeves,5,3,5,55.6,1,0,1,2,0,0,1,5,139,1,2,0,73,2022,Round 19,2022-07-23,10700
Hawthorn,Finn Maginness,1,8,3,33.3,0,1,0,1,0,1,0,2,141,4,0,2,87,2022,Round 19,2022-07-23,10700
Hawthorn,Luke Breust,5,3,4,50.0,1,1,1,0,0,0,0,3,171,4,2,4,83,2022,Round 19,2022-07-23,10700
Hawthorn,James Blanck,3,5,3,42.9,0,0,0,5,0,0,0,0,129,2,4,0,88,2022,Round 19,2022-07-23,10700
Hawthorn,Denver Grainger Barras,0,3,3,100.0,0,0,0,4,1,0,0,0,74,0,1,0,78,2022,Round 19,2022-07-23,10700
Sydney,Luke Parker,18,10,15,51.7,0,0,0,0,0,3,5,4,158,3,1,2,89,2022,Round 19,2022-07-23,10702
Sydney,Callum Mills,8,19,21,77.8,1,1,0,0,0,0,3,3,342,4,4,0,83,2022,Round 19,2022-07-23,10702
Sydney,Nick Blakey,7,13,19,73.1,2,0,0,4,1,0,0,5,618,7,8,0,78,2022,Round 19,2022-07-23,10702
Sydney,James Rowbottom,14,11,17,65.4,0,1,0,1,0,0,8,5,335,2,2,1,72,2022,Round 19,2022-07-23,10702
Sydney,Robbie Fox,6,16,18,72.0,0,0,0,7,0,0,2,2,335,3,7,0,82,2022,Round 19,2022-07-23,10702
Sydney,Justin Mcinerney,7,19,19,76.0,0,0,0,1,0,0,1,3,336,3,3,0,80,2022,Round 19,2022-07-23,10702
Sydney,Dylan Stephens,12,17,18,72.0,0,0,0,4,1,0,3,4,429,5,8,0,73,2022,Round 19,2022-07-23,10702
Sydney,Chad Warner,10,13,15,60.0,0,1,0,0,3,0,5,6,535,3,0,2,88,2022,Round 19,2022-07-23,10702
Sydney,Jake Lloyd,6,13,18,81.8,0,0,0,0,0,1,0,2,346,1,6,0,85,2022,Round 19,2022-07-23,10702
Sydney,Tom Papley,11,10,13,59.1,0,3,2,0,1,2,3,12,391,3,2,3,82,2022,Round 19,2022-07-23,10702
Sydney,Tom Hickey,9,7,8,47.1,1,0,0,2,0,2,2,3,295,5,2,2,63,2022,Round 19,2022-07-23,10702
Sydney,Ryan Clarke,8,7,8,50.0,0,0,0,0,0,0,0,5,164,4,1,1,88,2022,Round 19,2022-07-23,10702
Sydney,Errol Gulden,8,9,12,75.0,0,1,0,0,0,1,1,5,355,5,3,1,78,2022,Round 19,2022-07-23,10702
Sydney,Isaac Heeney,11,5,10,66.7,1,1,1,2,0,1,3,7,303,1,2,5,83,2022,Round 19,2022-07-23,10702
Sydney,Sam Reid 1,7,7,9,64.3,0,0,4,4,0,1,0,9,218,1,1,0,89,2022,Round 19,2022-07-23,10702
Sydney,Will Hayward,9,4,11,78.6,1,1,0,3,0,1,0,5,176,3,2,2,86,2022,Round 19,2022-07-23,10702
Sydney,Oliver Florent,4,11,9,69.2,0,0,0,2,0,0,1,3,377,2,4,0,90,2022,Round 19,2022-07-23,10702
Sydney,Dane Rampe,1,9,9,75.0,0,0,0,6,0,0,0,1,120,1,3,0,92,2022,Round 19,2022-07-23,10702
Sydney,Lance Franklin,8,3,8,80.0,1,2,3,2,0,0,2,8,177,4,2,1,87,2022,Round 19,2022-07-23,10702
Sydney,Paddy Mccartin,5,5,8,80.0,2,0,0,7,0,0,0,1,128,1,5,0,79,2022,Round 19,2022-07-23,10702
Sydney,Joel Amartey,5,4,5,55.6,1,0,0,0,0,0,0,4,86,2,1,2,59,2022,Round 19,2022-07-23,10702
Sydney,Tom Mccartin,5,4,8,100.0,1,0,0,11,0,0,0,0,21,0,7,0,94,2022,Round 19,2022-07-23,10702
Adelaide,Rory Laird,21,17,24,63.2,0,0,0,0,0,5,6,7,848,13,7,0,80,2022,Round 19,2022-07-23,10702
Adelaide,Sam Berry,20,7,15,62.5,0,2,0,4,0,2,5,7,371,4,4,0,80,2022,Round 19,2022-07-23,10702
Adelaide,Ben Keays,14,10,15,68.2,0,0,0,3,0,3,4,2,290,7,4,1,80,2022,Round 19,2022-07-23,10702
Adelaide,Brodie Smith,8,7,14,70.0,0,0,0,0,0,0,0,1,600,6,7,0,81,2022,Round 19,2022-07-23,10702
Adelaide,Jordan Dawson,5,12,13,65.0,1,0,1,4,0,1,1,4,602,7,3,2,93,2022,Round 19,2022-07-23,10702
Adelaide,Jake Soligo,9,12,13,65.0,0,1,0,4,0,0,1,7,302,4,4,1,83,2022,Round 19,2022-07-23,10702
Adelaide,Harry Schoenberg,8,9,12,66.7,0,1,0,1,0,2,3,6,372,2,0,0,65,2022,Round 19,2022-07-23,10702
Adelaide,Nick Murray,8,5,10,66.7,0,0,0,9,0,0,0,0,218,3,6,0,93,2022,Round 19,2022-07-23,10702
Adelaide,Lachlan Murphy,7,5,11,84.6,0,0,0,2,0,0,3,5,179,1,1,0,83,2022,Round 19,2022-07-23,10702
Adelaide,Taylor Walker,6,6,7,63.6,1,0,2,1,0,0,0,6,197,3,0,2,91,2022,Round 19,2022-07-23,10702
Adelaide,Reilly O Brien,9,3,6,54.5,0,1,0,8,0,3,1,7,103,2,3,0,88,2022,Round 19,2022-07-23,10702
Adelaide,Mitchell Hinge,6,5,9,81.8,0,0,0,3,0,0,3,2,161,1,2,0,85,2022,Round 19,2022-07-23,10702
Adelaide,Jordon Butts,7,2,8,72.7,3,0,0,7,0,0,0,1,119,3,10,0,100,2022,Round 19,2022-07-23,10702
Adelaide,Tom Doedee,3,4,8,80.0,0,0,0,8,0,0,0,0,136,2,4,0,95,2022,Round 19,2022-07-23,10702
Adelaide,Wayne Milera,3,6,9,100.0,0,1,0,2,0,0,0,4,103,1,1,1,70,2022,Round 19,2022-07-23,10702
Adelaide,Chayce Jones,4,5,6,66.7,0,0,1,0,1,1,1,1,111,2,1,0,83,2022,Round 19,2022-07-23,10702
Adelaide,Edward Mchenry,6,6,5,55.6,0,0,0,1,0,0,0,5,168,2,1,1,80,2022,Round 19,2022-07-23,10702
Adelaide,Patrick Parnell,3,4,5,55.6,0,0,0,2,0,0,0,1,42,1,2,0,76,2022,Round 19,2022-07-23,10702
Adelaide,Darcy Fogarty,3,5,5,62.5,2,0,1,0,0,0,0,5,194,1,0,0,87,2022,Round 19,2022-07-23,10702
Adelaide,Will Hamill,4,3,5,71.4,1,0,0,6,0,0,0,0,92,1,2,0,79,2022,Round 19,2022-07-23,10702
Adelaide,Riley Thilthorpe,4,3,3,42.9,1,0,0,4,0,0,0,3,129,3,1,0,60,2022,Round 19,2022-07-23,10702
Adelaide,Brayden Cook,0,4,2,40.0,0,0,0,0,0,0,0,1,121,2,0,1,57,2022,Round 19,2022-07-23,10702
Adelaide,Shane Mcadam,0,2,2,66.7,0,1,0,0,0,0,0,2,57,1,0,0,12,2022,Round 19,2022-07-23,10702
Port Adelaide,Karl Amon,3,22,18,72.0,0,0,1,0,0,1,1,6,606,7,4,0,73,2022,Round 19,2022-07-23,10704
Port Adelaide,Ryan Burton,8,16,18,75.0,0,0,0,1,0,0,0,3,459,2,5,0,78,2022,Round 19,2022-07-23,10704
Port Adelaide,Travis Boak,12,16,17,73.9,0,1,1,5,0,1,1,7,285,3,3,0,82,2022,Round 19,2022-07-23,10704
Port Adelaide,Charlie Dixon,15,9,14,60.9,3,3,2,8,0,1,1,12,294,4,2,0,86,2022,Round 19,2022-07-23,10704
Port Adelaide,Aliir Aliir,10,14,17,73.9,2,0,0,4,0,0,1,2,213,8,11,0,97,2022,Round 19,2022-07-23,10704
Port Adelaide,Oliver Wines,9,12,17,77.3,0,1,0,1,0,4,2,6,234,3,2,0,82,2022,Round 19,2022-07-23,10704
Port Adelaide,Connor Rozee,7,14,17,81.0,0,0,1,2,0,3,1,3,173,1,1,1,90,2022,Round 19,2022-07-23,10704
Port Adelaide,Jeremy Finlayson,12,6,14,70.0,3,2,1,2,0,4,1,5,289,2,5,0,84,2022,Round 19,2022-07-23,10704
Port Adelaide,Zak Butters,5,15,18,90.0,0,4,0,0,0,0,2,6,265,1,2,1,83,2022,Round 19,2022-07-23,10704
Port Adelaide,Sam Powell Pepper,4,17,11,57.9,0,1,1,2,0,0,0,5,457,4,0,2,88,2022,Round 19,2022-07-23,10704
Port Adelaide,Miles Bergman,3,13,13,76.5,1,1,0,2,0,0,1,2,241,2,4,0,74,2022,Round 19,2022-07-23,10704
Port Adelaide,Robert Gray,8,10,13,81.2,0,0,0,2,0,1,0,6,99,1,2,0,67,2022,Round 19,2022-07-23,10704
Port Adelaide,Dan Houston,7,8,10,62.5,0,0,0,1,0,0,3,3,225,4,3,0,57,2022,Round 19,2022-07-23,10704
Port Adelaide,Thomas Jonas,6,9,12,80.0,3,0,0,3,0,0,0,1,200,3,8,0,94,2022,Round 19,2022-07-23,10704
Port Adelaide,Darcy Byrne Jones,10,7,10,66.7,0,0,0,1,0,0,3,4,149,3,5,0,79,2022,Round 19,2022-07-23,10704
Port Adelaide,Jed Mcentee,5,9,9,69.2,0,0,0,1,0,0,1,2,125,3,1,1,62,2022,Round 19,2022-07-23,10704
Port Adelaide,Kane Farrell,3,11,9,75.0,0,0,0,3,1,0,0,6,409,7,3,1,81,2022,Round 19,2022-07-23,10704
Port Adelaide,Willem Drew,3,8,7,63.6,0,0,0,3,0,1,2,2,131,3,1,0,88,2022,Round 19,2022-07-23,10704
Port Adelaide,Jase Burgoyne,3,8,8,72.7,0,0,0,2,0,0,0,2,136,1,2,0,75,2022,Round 19,2022-07-23,10704
Port Adelaide,Todd Marshall,3,7,7,70.0,1,1,2,2,0,0,0,6,225,1,0,0,96,2022,Round 19,2022-07-23,10704
Port Adelaide,Mitch Georgiades,4,6,7,70.0,2,0,3,0,0,0,0,4,122,1,0,2,65,2022,Round 19,2022-07-23,10704
Port Adelaide,Tom Clurey,1,5,5,83.3,0,0,0,0,0,0,0,0,87,1,1,0,97,2022,Round 19,2022-07-23,10704
Port Adelaide,Riley Bonner,1,3,5,83.3,0,0,0,0,0,0,0,0,100,1,1,0,24,2022,Round 19,2022-07-23,10704
Geelong,Zach Tuohy,4,18,21,77.8,0,1,0,1,0,0,1,3,713,11,4,0,90,2022,Round 19,2022-07-23,10704
Geelong,Cameron Guthrie,6,15,14,58.3,0,0,0,0,0,2,1,9,223,3,2,1,70,2022,Round 19,2022-07-23,10704
Geelong,Tom Atkins,14,10,13,54.2,0,0,0,1,0,2,3,4,270,3,7,2,70,2022,Round 19,2022-07-23,10704
Geelong,Gryan Miers,7,12,9,45.0,0,0,0,0,0,0,1,6,349,6,1,0,74,2022,Round 19,2022-07-23,10704
Geelong,Mitchell Duncan,5,12,13,72.2,1,2,0,0,0,1,1,7,438,2,3,1,85,2022,Round 19,2022-07-23,10704
Geelong,Isaac Smith,5,10,12,70.6,0,0,1,0,0,0,1,5,515,5,6,0,85,2022,Round 19,2022-07-23,10704
Geelong,Tom Hawkins,12,3,14,93.3,4,2,3,0,0,0,2,11,256,1,0,0,97,2022,Round 19,2022-07-23,10704
Geelong,Jake Kolodjashnij,4,10,13,86.7,1,0,0,4,0,0,0,1,164,1,8,0,85,2022,Round 19,2022-07-23,10704
Geelong,Mark O Connor,5,10,15,100.0,0,1,1,1,0,0,0,3,283,1,4,0,86,2022,Round 19,2022-07-23,10704
Geelong,Bradley Close,4,12,13,86.7,0,3,0,1,0,1,0,7,148,4,3,0,81,2022,Round 19,2022-07-23,10704
Geelong,Jed Bews,8,5,11,78.6,1,0,0,1,0,1,1,5,165,1,5,0,82,2022,Round 19,2022-07-23,10704
Geelong,Jack Henry,4,9,12,85.7,2,0,1,1,1,0,0,2,206,2,5,0,94,2022,Round 19,2022-07-23,10704
Geelong,Max Holmes,2,11,7,50.0,0,0,2,0,0,1,0,3,388,5,4,1,64,2022,Round 19,2022-07-23,10704
Geelong,Joel Selwood,7,7,9,69.2,0,0,0,0,0,0,3,2,84,1,2,0,74,2022,Round 19,2022-07-23,10704
Geelong,Tyson Stengle,4,7,9,69.2,0,1,1,0,1,1,1,9,277,2,0,2,86,2022,Round 19,2022-07-23,10704
Geelong,Rhys Stanley,10,3,7,58.3,0,0,0,3,0,2,6,3,216,1,2,0,41,2022,Round 19,2022-07-23,10704
Geelong,Mark Blicavs,5,7,8,66.7,1,0,0,3,0,0,2,2,76,4,0,2,85,2022,Round 19,2022-07-23,10704
Geelong,Jeremy Cameron,6,6,10,83.3,3,0,3,0,0,0,0,7,220,1,0,0,100,2022,Round 19,2022-07-23,10704
Geelong,Sam De Koning,2,10,10,83.3,1,0,0,5,0,0,0,1,148,1,6,0,96,2022,Round 19,2022-07-23,10704
Geelong,Patrick Dangerfield,7,4,5,45.5,0,0,0,2,0,1,1,2,145,5,1,0,70,2022,Round 19,2022-07-23,10704
Geelong,Gary Rohan,4,6,7,70.0,1,1,2,0,0,0,0,6,263,3,1,1,78,2022,Round 19,2022-07-23,10704
Geelong,Shannon Neale,5,1,4,66.7,1,0,0,2,0,0,2,1,12,2,1,0,30,2022,Round 19,2022-07-23,10704
Geelong,Zach Guthrie,1,3,2,66.7,0,0,0,2,0,0,0,0,48,1,1,0,78,2022,Round 19,2022-07-23,10704
Brisbane Lions,Lachie Neale,18,15,26,81.2,0,0,0,1,3,5,5,5,411,5,3,0,88,2022,Round 19,2022-07-23,10697
Brisbane Lions,Hugh Mccluggage,5,20,21,84.0,0,0,1,0,0,2,1,6,315,1,2,0,80,2022,Round 19,2022-07-23,10697
Brisbane Lions,Zac Bailey,10,13,14,58.3,0,0,1,0,0,3,3,6,442,5,5,1,80,2022,Round 19,2022-07-23,10697
Brisbane Lions,Jarryd Lyons,9,11,12,57.1,0,2,0,1,0,1,4,6,260,3,0,3,80,2022,Round 19,2022-07-23,10697
Brisbane Lions,Dayne Zorko,4,15,14,70.0,0,1,1,1,0,1,0,8,468,4,3,0,80,2022,Round 19,2022-07-23,10697
Brisbane Lions,Rhys Mathieson,8,8,12,66.7,0,1,1,0,0,2,1,5,201,2,0,0,74,2022,Round 19,2022-07-23,10697
Brisbane Lions,Marcus Adams,7,8,11,64.7,1,0,0,6,0,0,1,3,386,6,7,0,92,2022,Round 19,2022-07-23,10697
Brisbane Lions,Mitch Robinson,9,4,8,53.3,0,1,0,0,0,2,3,3,237,5,5,0,62,2022,Round 19,2022-07-23,10697
Brisbane Lions,Daniel Rich,3,8,10,71.4,0,0,0,4,0,0,1,5,292,3,2,0,74,2022,Round 19,2022-07-23,10697
Brisbane Lions,Darcy Gardiner,6,8,10,71.4,1,0,0,1,0,0,0,4,154,3,7,0,81,2022,Round 19,2022-07-23,10697
Brisbane Lions,Harris Andrews,7,7,11,78.6,1,0,0,11,0,0,0,1,118,3,7,0,96,2022,Round 19,2022-07-23,10697
Brisbane Lions,Callum Ah Chee,7,7,11,78.6,1,1,0,2,0,0,0,6,208,1,10,0,74,2022,Round 19,2022-07-23,10697
Brisbane Lions,Brandon Starcevich,3,9,10,71.4,1,0,0,1,0,0,1,2,262,3,4,0,93,2022,Round 19,2022-07-23,10697
Brisbane Lions,Charlie Cameron,6,5,6,46.2,0,1,2,1,0,0,1,7,270,2,3,8,86,2022,Round 19,2022-07-23,10697
Brisbane Lions,Jarrod Berry,3,11,5,38.5,0,0,0,3,0,0,1,4,392,4,1,1,75,2022,Round 19,2022-07-23,10697
Brisbane Lions,Noah Answerth,4,10,12,92.3,1,0,0,2,0,0,0,3,368,2,3,0,79,2022,Round 19,2022-07-23,10697
Brisbane Lions,Daniel Mcstay,6,6,8,72.7,1,0,0,1,0,0,0,5,147,1,0,1,78,2022,Round 19,2022-07-23,10697
Brisbane Lions,Joe Daniher,4,6,5,50.0,1,0,3,0,0,0,0,7,222,1,1,0,92,2022,Round 19,2022-07-23,10697
Brisbane Lions,Cameron Rayner,4,6,8,80.0,0,1,0,0,0,0,0,2,59,1,1,2,70,2022,Round 19,2022-07-23,10697
Brisbane Lions,Lincoln Mccarthy,6,5,8,88.9,1,1,1,0,0,0,2,6,179,2,0,0,77,2022,Round 19,2022-07-23,10697
Brisbane Lions,Eric Hipwood,4,5,7,77.8,1,0,1,1,0,0,1,7,87,3,1,0,88,2022,Round 19,2022-07-23,10697
Brisbane Lions,Oscar Mcinerney,4,5,4,57.1,0,0,0,5,0,1,2,4,59,1,0,0,86,2022,Round 19,2022-07-23,10697
Brisbane Lions,Darcy Fort,0,0,0,0.0,0,0,0,0,0,0,0,0,0,0,0,0,13,2022,Round 19,2022-07-23,10697
Gold Coast,Touk Miller,13,20,22,64.7,0,1,0,2,0,0,4,10,604,5,0,1,90,2022,Round 19,2022-07-23,10697
Gold Coast,Noah Anderson,13,19,24,77.4,0,1,0,0,0,2,3,8,642,7,6,1,87,2022,Round 19,2022-07-23,10697
Gold Coast,Brandon Ellis,7,16,21,72.4,0,0,0,3,0,1,0,6,448,3,5,0,86,2022,Round 19,2022-07-23,10697
Gold Coast,Rory Atkins,5,16,15,71.4,0,0,0,2,1,0,1,4,473,6,4,0,67,2022,Round 19,2022-07-23,10697
Gold Coast,Matt Rowell,12,8,15,71.4,0,0,1,1,0,5,4,7,169,2,2,0,80,2022,Round 19,2022-07-23,10697
Gold Coast,Jarrod Witts,8,5,7,50.0,0,0,0,0,0,0,3,4,37,3,5,0,87,2022,Round 19,2022-07-23,10697
Gold Coast,Caleb Graham,5,8,9,69.2,2,0,0,10,0,0,0,2,136,4,6,0,96,2022,Round 19,2022-07-23,10697
Gold Coast,Ben Ainsworth,3,7,10,90.9,0,3,1,0,0,0,1,6,261,2,2,0,76,2022,Round 19,2022-07-23,10697
Gold Coast,Jack Lukosius,4,8,5,45.5,0,2,1,5,0,0,1,7,221,2,0,2,78,2022,Round 19,2022-07-23,10697
Gold Coast,Sam Flanders,4,8,9,81.8,0,0,0,0,0,1,0,3,54,2,1,0,70,2022,Round 19,2022-07-23,10697
Gold Coast,Jy Farrar,1,8,9,81.8,0,0,0,3,2,0,1,3,344,4,1,0,82,2022,Round 19,2022-07-23,10697
Gold Coast,David Swallow,4,7,9,90.0,1,0,1,2,0,1,2,3,120,2,1,1,77,2022,Round 19,2022-07-23,10697
Gold Coast,Samuel Collins,5,5,8,80.0,2,0,0,8,0,0,0,2,169,1,9,0,100,2022,Round 19,2022-07-23,10697
Gold Coast,Charlie Ballard,3,7,7,70.0,0,0,0,4,1,0,1,1,117,3,4,0,61,2022,Round 19,2022-07-23,10697
Gold Coast,Izak Rankine,2,7,6,60.0,0,1,1,1,0,0,1,3,187,1,1,1,87,2022,Round 19,2022-07-23,10697
Gold Coast,Elijah Hollands,4,6,5,50.0,1,0,2,0,0,0,1,5,184,2,2,0,80,2022,Round 19,2022-07-23,10697
Gold Coast,Mabior Chol,4,7,4,50.0,1,0,4,1,0,1,0,6,253,6,1,0,82,2022,Round 19,2022-07-23,10697
Gold Coast,Nicholas Holman,5,3,6,75.0,0,0,0,0,0,0,0,2,17,1,2,1,79,2022,Round 19,2022-07-23,10697
Gold Coast,Jeremy Sharp,2,7,6,75.0,0,0,0,2,0,0,0,2,269,2,2,0,72,2022,Round 19,2022-07-23,10697
Gold Coast,Levi Casboult,7,0,7,100.0,4,0,4,2,0,0,0,4,106,1,1,0,95,2022,Round 19,2022-07-23,10697
Gold Coast,Darcy Macpherson,5,3,4,57.1,0,2,0,0,0,0,0,3,82,2,2,3,58,2022,Round 19,2022-07-23,10697
Gold Coast,Oleg Markov,1,5,4,57.1,0,0,0,1,2,0,0,1,208,2,2,0,22,2022,Round 19,2022-07-23,10697
Gold Coast,Sean Lemmens,4,1,3,75.0,0,0,0,4,0,0,1,1,72,2,3,0,85,2022,Round 19,2022-07-23,10697
Western Bulldogs,Jackson Macrae,7,24,20,69.0,0,1,0,3,0,3,2,4,387,5,1,0,72,2022,Round 19,2022-07-23,10703
Western Bulldogs,Adam Treloar,7,18,23,82.1,0,0,0,1,5,0,3,6,479,10,5,0,64,2022,Round 19,2022-07-23,10703
Western Bulldogs,Bailey Smith,7,22,20,71.4,0,1,0,1,0,1,4,9,478,6,1,1,82,2022,Round 19,2022-07-23,10703
Western Bulldogs,Bailey Dale,7,17,19,70.4,0,1,0,5,0,0,2,4,551,4,7,0,81,2022,Round 19,2022-07-23,10703
Western Bulldogs,Marcus Bontempelli,19,10,16,61.5,3,1,2,9,0,3,7,7,461,6,2,1,86,2022,Round 19,2022-07-23,10703
Western Bulldogs,Josh Dunkley,8,15,16,66.7,0,0,1,3,0,3,2,7,215,7,3,1,83,2022,Round 19,2022-07-23,10703
Western Bulldogs,Ed Richards,9,15,23,95.8,1,0,0,5,1,1,1,2,442,1,9,0,87,2022,Round 19,2022-07-23,10703
Western Bulldogs,Thomas Liberatore,13,9,17,77.3,0,1,0,1,0,1,5,8,179,1,3,0,79,2022,Round 19,2022-07-23,10703
Western Bulldogs,Timothy English,8,11,16,80.0,4,0,1,6,0,1,1,2,267,2,7,0,88,2022,Round 19,2022-07-23,10703
Western Bulldogs,Mitchell Hannan,5,10,13,81.2,0,1,0,2,1,0,0,2,442,4,6,0,80,2022,Round 19,2022-07-23,10703
Western Bulldogs,Riley Garcia,4,9,8,57.1,0,1,2,1,0,0,0,3,216,2,1,0,76,2022,Round 19,2022-07-23,10703
Western Bulldogs,Alex Keath,5,8,11,84.6,2,0,0,2,0,0,0,1,120,2,4,0,89,2022,Round 19,2022-07-23,10703
Western Bulldogs,Lachlan Mcneil,3,8,7,58.3,0,1,0,1,0,0,0,3,118,3,3,1,73,2022,Round 19,2022-07-23,10703
Western Bulldogs,Jason Johannisen,2,9,10,90.9,0,0,0,1,0,0,1,1,245,3,1,0,75,2022,Round 19,2022-07-23,10703
Western Bulldogs,Rhylee West,4,7,9,81.8,0,1,0,0,0,0,0,3,107,1,1,1,78,2022,Round 19,2022-07-23,10703
Western Bulldogs,Buku Khamis,5,6,10,90.9,2,0,0,6,0,0,0,2,230,2,5,0,88,2022,Round 19,2022-07-23,10703
Western Bulldogs,Ryan Gardner,4,7,9,90.0,2,1,0,11,1,0,0,1,186,2,6,0,100,2022,Round 19,2022-07-23,10703
Western Bulldogs,Jamarra Ugle Hagan,4,6,8,80.0,1,0,3,4,0,0,0,5,365,6,0,0,77,2022,Round 19,2022-07-23,10703
Western Bulldogs,Bailey Williams,7,4,7,77.8,2,1,0,2,0,0,2,2,189,1,2,1,83,2022,Round 19,2022-07-23,10703
Western Bulldogs,Aaron Naughton,8,1,6,66.7,0,0,1,2,0,0,2,4,134,2,1,2,87,2022,Round 19,2022-07-23,10703
Western Bulldogs,Cody Weightman,2,7,5,55.6,0,0,0,0,0,0,0,3,234,3,0,0,74,2022,Round 19,2022-07-23,10703
Western Bulldogs,Robbie Mccomb,2,1,3,100.0,0,0,0,1,0,0,0,0,18,0,2,0,16,2022,Round 19,2022-07-23,10703
Western Bulldogs,Josh Bruce,0,2,2,100.0,0,0,0,1,0,0,0,1,22,0,0,1,81,2022,Round 19,2022-07-23,10703
Melbourne,Angus Brayshaw,11,20,19,65.5,2,0,0,2,0,0,0,3,565,6,11,0,85,2022,Round 19,2022-07-23,10703
Melbourne,Clayton Oliver,21,8,17,60.7,0,2,0,1,0,6,7,4,430,4,2,0,89,2022,Round 19,2022-07-23,10703
Melbourne,Max Gawn,13,13,14,56.0,3,0,1,0,0,4,1,7,417,5,3,0,92,2022,Round 19,2022-07-23,10703
Melbourne,Jack Viney,15,8,14,58.3,0,0,0,0,0,5,0,3,250,5,6,0,79,2022,Round 19,2022-07-23,10703
Melbourne,Christian Petracca,18,7,16,66.7,0,0,0,3,0,2,5,8,330,4,3,0,88,2022,Round 19,2022-07-23,10703
Melbourne,Steven May,9,4,15,78.9,5,0,0,5,0,0,0,1,261,3,8,0,93,2022,Round 19,2022-07-23,10703
Melbourne,Christian Salem,2,17,17,89.5,0,0,0,2,0,0,0,3,340,3,2,0,87,2022,Round 19,2022-07-23,10703
Melbourne,Tom Sparrow,10,8,15,83.3,1,1,0,0,0,0,2,4,290,3,3,0,65,2022,Round 19,2022-07-23,10703
Melbourne,Michael Hibberd,2,12,13,76.5,0,0,0,2,0,0,0,2,456,5,5,0,86,2022,Round 19,2022-07-23,10703
Melbourne,James Jordon,1,16,16,100.0,0,0,0,0,0,0,0,2,357,2,1,0,81,2022,Round 19,2022-07-23,10703
Melbourne,Ed Langdon,4,10,10,76.9,0,1,0,1,0,0,0,3,165,2,3,0,100,2022,Round 19,2022-07-23,10703
Melbourne,Adam Tomlinson,4,8,7,58.3,0,0,0,4,0,0,0,2,286,5,5,0,100,2022,Round 19,2022-07-23,10703
Melbourne,Bayley Fritsch,7,5,9,75.0,0,2,2,2,0,0,0,10,178,2,0,0,87,2022,Round 19,2022-07-23,10703
Melbourne,Harrison Petty,7,6,10,83.3,2,0,0,9,0,0,0,2,231,4,8,0,92,2022,Round 19,2022-07-23,10703
Melbourne,Alex Neal Bullen,5,7,11,100.0,0,1,1,0,0,0,0,5,196,4,5,0,77,2022,Round 19,2022-07-23,10703
Melbourne,Luke Jackson,7,4,8,72.7,1,0,2,1,0,2,1,8,89,0,3,0,69,2022,Round 19,2022-07-23,10703
Melbourne,Charlie Spargo,2,9,7,70.0,0,1,0,0,0,0,0,3,173,2,0,0,63,2022,Round 19,2022-07-23,10703
Melbourne,Sam Weideman,6,4,7,70.0,0,1,2,2,0,0,1,8,145,2,0,0,72,2022,Round 19,2022-07-23,10703
Melbourne,Kysaiah Pickett,3,6,6,60.0,1,0,3,0,0,0,0,6,244,2,0,0,84,2022,Round 19,2022-07-23,10703
Melbourne,Trent Rivers,5,6,8,80.0,1,0,0,3,2,0,0,0,158,3,5,0,57,2022,Round 19,2022-07-23,10703
Melbourne,Jake Melksham,2,7,5,55.6,0,1,2,1,0,0,1,9,251,0,0,0,80,2022,Round 19,2022-07-23,10703
Melbourne,James Harmes,2,7,5,55.6,0,0,0,2,0,1,0,4,164,4,0,0,74,2022,Round 19,2022-07-23,10703
Carlton,Patrick Cripps,10,23,19,55.9,1,0,1,2,0,2,2,6,465,7,3,4,87,2022,Round 19,2022-07-24,10698
Carlton,Sam Walsh,15,18,23,74.2,0,0,0,1,2,4,3,7,313,7,5,0,73,2022,Round 19,2022-07-24,10698
Carlton,Matthew Kennedy 1,10,20,21,77.8,0,0,0,1,0,0,4,6,361,5,2,0,82,2022,Round 19,2022-07-24,10698
Carlton,Adam Cerra,8,18,22,81.5,0,0,0,1,0,0,5,5,315,4,2,1,83,2022,Round 19,2022-07-24,10698
Carlton,Sam Docherty,4,20,20,76.9,0,1,0,1,0,0,0,8,302,5,7,0,86,2022,Round 19,2022-07-24,10698
Carlton,Adam Saad,5,20,23,92.0,2,1,0,3,6,0,0,6,581,3,8,0,80,2022,Round 19,2022-07-24,10698
Carlton,Will Setterfield,4,20,20,83.3,0,0,1,2,0,1,1,9,258,2,4,1,77,2022,Round 19,2022-07-24,10698
Carlton,Nic Newman,7,15,18,78.3,0,0,0,4,1,0,2,6,459,1,7,0,81,2022,Round 19,2022-07-24,10698
Carlton,Zac Fisher,6,16,19,86.4,0,0,0,1,1,0,1,5,220,2,3,1,78,2022,Round 19,2022-07-24,10698
Carlton,Lochie O Brien,4,15,15,78.9,0,2,0,1,0,0,2,4,422,3,1,0,86,2022,Round 19,2022-07-24,10698
Carlton,Lachlan Plowman,8,10,18,100.0,0,0,0,4,0,0,0,4,225,0,10,0,81,2022,Round 19,2022-07-24,10698
Carlton,Charlie Curnow,8,11,11,61.1,3,1,5,3,0,0,0,9,398,8,0,1,96,2022,Round 19,2022-07-24,10698
Carlton,Harry Mckay,8,10,11,61.1,2,1,5,2,0,0,1,10,284,2,0,0,86,2022,Round 19,2022-07-24,10698
Carlton,Matt Cottrell,7,9,13,81.2,0,0,2,1,1,0,0,6,217,2,4,1,79,2022,Round 19,2022-07-24,10698
Carlton,Jack Silvagni,9,7,12,80.0,2,0,1,2,1,0,2,6,297,3,3,0,87,2022,Round 19,2022-07-24,10698
Carlton,Jacob Weitering,2,13,14,93.3,0,0,0,6,0,0,0,2,314,3,3,0,96,2022,Round 19,2022-07-24,10698
Carlton,Josh Honey,5,7,11,78.6,0,1,2,1,0,0,0,7,83,1,2,0,69,2022,Round 19,2022-07-24,10698
Carlton,Tom De Koning,9,5,8,66.7,0,0,0,4,0,1,2,5,125,1,4,0,78,2022,Round 19,2022-07-24,10698
Carlton,Lewis Young,2,10,10,90.9,0,0,0,8,0,0,0,2,103,2,2,0,100,2022,Round 19,2022-07-24,10698
Carlton,Mitch Mcgovern,2,8,8,80.0,1,0,0,2,0,0,0,2,141,1,5,0,71,2022,Round 19,2022-07-24,10698
Carlton,Corey Durdin,3,3,4,66.7,1,0,1,1,0,0,0,3,147,1,0,2,73,2022,Round 19,2022-07-24,10698
Carlton,Jesse Motlop,3,2,3,60.0,0,0,0,0,0,0,0,0,3,2,1,1,70,2022,Round 19,2022-07-24,10698
Greater Western Sydney,Tim Taranto,8,21,24,80.0,0,1,0,1,0,1,5,2,388,5,1,0,86,2022,Round 19,2022-07-24,10698
Greater Western Sydney,Callan Ward,6,19,18,72.0,0,1,0,3,0,2,1,2,236,4,1,0,84,2022,Round 19,2022-07-24,10698
Greater Western Sydney,Harrison Himmelberg,7,15,19,76.0,0,0,0,5,4,0,0,4,617,6,10,0,91,2022,Round 19,2022-07-24,10698
Greater Western Sydney,Jacob Hopper,8,16,14,58.3,0,0,0,1,0,4,2,3,264,7,2,1,70,2022,Round 19,2022-07-24,10698
Greater Western Sydney,Xavier O Halloran,7,17,16,69.6,0,1,1,1,0,0,1,3,493,3,6,0,78,2022,Round 19,2022-07-24,10698
Greater Western Sydney,Stephen Coniglio,6,15,20,95.2,0,0,0,0,1,1,5,5,286,1,0,1,84,2022,Round 19,2022-07-24,10698
Greater Western Sydney,Braydon Preuss,11,6,10,52.6,2,0,0,0,0,1,4,1,406,5,4,0,78,2022,Round 19,2022-07-24,10698
Greater Western Sydney,Isaac Cumming,5,7,12,70.6,0,0,0,1,0,0,1,1,374,5,5,0,77,2022,Round 19,2022-07-24,10698
Greater Western Sydney,Callum Brown 1,4,10,17,100.0,1,1,0,6,0,0,0,3,335,2,10,0,83,2022,Round 19,2022-07-24,10698
Greater Western Sydney,Lachlan Ash,4,13,14,82.4,0,0,0,0,0,0,1,2,285,5,4,1,82,2022,Round 19,2022-07-24,10698
Greater Western Sydney,Nick Haynes,4,10,11,73.3,0,0,0,2,0,0,0,0,269,7,7,0,81,2022,Round 19,2022-07-24,10698
Greater Western Sydney,Toby Greene,6,7,6,40.0,1,0,2,1,0,0,1,5,347,6,0,0,91,2022,Round 19,2022-07-24,10698
Greater Western Sydney,Adam Kennedy,1,12,11,78.6,0,0,0,0,0,0,0,2,333,3,2,0,82,2022,Round 19,2022-07-24,10698
Greater Western Sydney,James Peatling,4,10,8,57.1,0,1,1,0,0,0,2,3,144,4,2,0,78,2022,Round 19,2022-07-24,10698
Greater Western Sydney,Tanner Bruhn,4,8,9,75.0,0,0,0,0,0,1,1,0,5,1,0,0,79,2022,Round 19,2022-07-24,10698
Greater Western Sydney,Daniel Lloyd,3,8,7,63.6,0,1,0,0,0,0,0,2,167,4,1,2,83,2022,Round 19,2022-07-24,10698
Greater Western Sydney,Sam Taylor,7,2,9,100.0,2,0,0,5,0,0,1,0,116,2,7,0,98,2022,Round 19,2022-07-24,10698
Greater Western Sydney,Jacob Wehr,5,5,6,75.0,1,0,0,2,0,0,0,1,149,2,2,1,80,2022,Round 19,2022-07-24,10698
Greater Western Sydney,Lachlan Keeffe,2,5,5,71.4,2,0,0,5,0,0,0,0,83,2,1,0,92,2022,Round 19,2022-07-24,10698
Greater Western Sydney,Jake Riccardi,3,4,6,85.7,0,0,2,1,0,0,0,4,118,0,0,1,84,2022,Round 19,2022-07-24,10698
Greater Western Sydney,Zachary Sproule,2,4,4,66.7,0,0,0,0,0,0,0,0,47,1,0,1,74,2022,Round 19,2022-07-24,10698
Greater Western Sydney,Kieren Briggs,6,1,3,50.0,1,0,2,3,0,2,1,4,163,1,0,0,65,2022,Round 19,2022-07-24,10698
West Coast,Tom Barrass,13,13,19,73.1,3,0,0,11,0,0,0,1,333,4,10,0,97,2022,Round 19,2022-07-24,10705
West Coast,Jack Redden,7,18,19,76.0,0,0,0,1,0,1,3,3,117,3,2,0,84,2022,Round 19,2022-07-24,10705
West Coast,Liam Duggan,8,16,16,66.7,0,0,0,2,1,0,0,5,351,4,9,0,81,2022,Round 19,2022-07-24,10705
West Coast,Alex Witherden,5,13,14,73.7,0,0,0,2,0,0,0,2,427,4,7,0,84,2022,Round 19,2022-07-24,10705
West Coast,Jamaine Jones,6,13,13,68.4,0,1,0,0,1,0,0,3,388,4,6,1,81,2022,Round 19,2022-07-24,10705
West Coast,Jai Culley,8,9,13,68.4,0,1,1,0,0,1,2,5,317,4,3,0,74,2022,Round 19,2022-07-24,10705
West Coast,Luke Shuey,7,10,13,72.2,0,0,0,5,0,1,4,1,233,2,1,1,71,2022,Round 19,2022-07-24,10705
West Coast,Bailey Williams 1,13,3,11,61.1,2,0,1,1,0,4,6,3,340,8,3,0,70,2022,Round 19,2022-07-24,10705
West Coast,Shannon Hurn,3,11,15,88.2,1,0,0,0,0,0,0,1,269,2,5,0,83,2022,Round 19,2022-07-24,10705
West Coast,Andrew Gaff,9,8,12,70.6,0,0,0,1,0,0,5,1,261,5,1,0,83,2022,Round 19,2022-07-24,10705
West Coast,Rhett Bazzo,4,13,12,75.0,0,0,0,2,0,0,0,1,252,3,4,0,82,2022,Round 19,2022-07-24,10705
West Coast,Josh Rotham,4,11,11,78.6,0,0,2,2,0,0,0,4,285,2,1,1,67,2022,Round 19,2022-07-24,10705
West Coast,Harry Edwards,4,11,11,78.6,0,0,0,4,0,0,1,1,141,3,4,0,92,2022,Round 19,2022-07-24,10705
West Coast,Brady Hough,2,12,8,57.1,0,1,0,0,0,0,0,3,328,3,1,0,77,2022,Round 19,2022-07-24,10705
West Coast,Jamie Cripps,9,4,5,38.5,0,1,0,0,0,1,4,2,251,5,0,2,86,2022,Round 19,2022-07-24,10705
West Coast,Liam Ryan,5,9,8,61.5,0,1,1,1,0,0,1,3,302,4,1,0,81,2022,Round 19,2022-07-24,10705
West Coast,Joshua Kennedy,4,7,8,80.0,1,0,2,1,0,0,0,3,156,2,1,2,88,2022,Round 19,2022-07-24,10705
West Coast,Xavier O Neill,7,3,6,66.7,0,0,0,0,0,1,2,0,124,2,3,1,71,2022,Round 19,2022-07-24,10705
West Coast,Jack Darling,4,5,5,62.5,0,0,2,1,0,0,0,3,98,3,3,2,100,2022,Round 19,2022-07-24,10705
West Coast,Jake Waterman,2,4,4,66.7,1,0,1,2,0,0,0,3,90,1,1,1,82,2022,Round 19,2022-07-24,10705
West Coast,Luke Foley,4,2,4,80.0,0,0,0,1,0,0,1,2,92,1,2,0,82,2022,Round 19,2022-07-24,10705
West Coast,Tim Kelly,3,1,3,75.0,1,0,0,2,0,1,1,0,-10,1,0,1,84,2022,Round 19,2022-07-24,10705
St Kilda,Jack Steele,14,25,32,80.0,0,0,0,1,0,4,7,4,410,5,2,0,92,2022,Round 19,2022-07-24,10705
St Kilda,Brad Crouch,15,16,19,61.3,1,0,0,0,0,1,7,5,357,4,3,3,76,2022,Round 19,2022-07-24,10705
St Kilda,Sebastian Ross,11,17,17,63.0,0,1,0,2,0,1,2,5,336,3,4,0,85,2022,Round 19,2022-07-24,10705
St Kilda,Jack Sinclair,11,15,22,81.5,0,0,0,3,1,0,1,3,376,4,12,0,87,2022,Round 19,2022-07-24,10705
St Kilda,Marcus Windhager,6,19,15,65.2,0,1,1,1,1,1,1,4,523,7,1,0,87,2022,Round 19,2022-07-24,10705
St Kilda,Mason Wood,10,12,16,76.2,1,0,0,2,0,0,3,4,161,0,6,1,81,2022,Round 19,2022-07-24,10705
St Kilda,Bradley Hill,5,16,15,78.9,0,2,0,1,1,0,1,4,144,4,2,0,86,2022,Round 19,2022-07-24,10705
St Kilda,Jimmy Webster,8,12,17,94.4,0,0,0,3,0,1,0,1,191,3,6,0,80,2022,Round 19,2022-07-24,10705
St Kilda,Hunter Clark,7,11,12,66.7,0,0,0,2,0,0,0,2,306,6,7,0,78,2022,Round 19,2022-07-24,10705
St Kilda,Ryan Byrnes,5,12,14,77.8,0,0,0,2,1,1,0,1,321,3,1,0,79,2022,Round 19,2022-07-24,10705
St Kilda,Tim Membrey,4,14,15,88.2,1,1,1,1,0,0,1,6,368,3,1,1,96,2022,Round 19,2022-07-24,10705
St Kilda,Jarrod Lienert,7,9,12,75.0,0,0,0,2,0,2,0,2,246,2,3,0,60,2022,Round 19,2022-07-24,10705
St Kilda,Rowan Marshall,9,6,9,60.0,1,0,0,1,0,1,1,5,175,3,2,1,80,2022,Round 19,2022-07-24,10705
St Kilda,Jack Higgins,8,7,10,66.7,1,2,3,0,0,0,0,6,237,4,1,1,82,2022,Round 19,2022-07-24,10705
St Kilda,Ben Paton,6,10,13,86.7,0,0,0,3,0,0,0,2,161,2,6,0,80,2022,Round 19,2022-07-24,10705
St Kilda,Daniel Butler,4,10,9,64.3,1,2,2,1,0,0,0,7,255,5,0,0,83,2022,Round 19,2022-07-24,10705
St Kilda,Jade Gresham,7,7,10,71.4,0,0,0,0,2,1,1,3,89,2,2,1,61,2022,Round 19,2022-07-24,10705
St Kilda,Callum Wilkie,4,11,12,85.7,0,0,0,8,1,0,0,4,253,2,5,0,100,2022,Round 19,2022-07-24,10705
St Kilda,Cooper Sharman,2,10,12,85.7,0,0,0,4,0,0,0,1,153,2,5,0,80,2022,Round 19,2022-07-24,10705
St Kilda,Max King 1,6,6,7,58.3,1,1,1,1,0,0,0,8,228,2,0,0,89,2022,Round 19,2022-07-24,10705
St Kilda,Josh Battle,1,7,8,100.0,0,0,0,7,0,0,0,0,138,0,1,0,95,2022,Round 19,2022-07-24,10705
St Kilda,Ben Long,1,4,4,80.0,0,0,0,1,0,0,1,3,136,2,0,6,62,2022,Round 19,2022-07-24,10705
St Kilda,Jack Billings,0,0,0,0.0,0,0,0,0,0,0,0,0,0,0,0,0,1,2022,Round 19,2022-07-24,10705
Collingwood,Taylor Adams,17,9,16,57.1,0,1,0,0,0,4,3,3,290,4,2,1,82,2022,Round 19,2022-07-24,10699
Collingwood,Jack Crisp,10,13,15,65.2,0,1,0,0,1,0,3,7,431,4,4,0,84,2022,Round 19,2022-07-24,10699
Collingwood,Nick Daicos,3,16,15,71.4,0,0,1,0,2,0,1,4,401,4,2,0,85,2022,Round 19,2022-07-24,10699
Collingwood,Jeremy Howe,5,14,13,65.0,1,0,0,6,0,0,0,5,378,6,8,0,94,2022,Round 19,2022-07-24,10699
Collingwood,Josh Daicos,8,12,15,78.9,0,2,0,0,4,2,3,4,475,2,1,0,91,2022,Round 19,2022-07-24,10699
Collingwood,Patrick Lipinski,7,9,13,76.5,0,0,0,2,0,1,2,4,285,3,1,1,77,2022,Round 19,2022-07-24,10699
Collingwood,Scott Pendlebury,6,10,11,68.8,0,1,0,2,0,2,0,5,308,4,5,1,83,2022,Round 19,2022-07-24,10699
Collingwood,Jamie Elliott 1,7,6,8,57.1,1,0,2,0,1,0,1,7,188,1,2,1,86,2022,Round 19,2022-07-24,10699
Collingwood,Trent Bianco,4,9,7,53.8,0,1,0,1,0,0,0,4,298,4,3,0,70,2022,Round 19,2022-07-24,10699
Collingwood,Beau Mccreery,4,10,10,76.9,0,0,0,2,0,0,0,6,281,2,1,0,80,2022,Round 19,2022-07-24,10699
Collingwood,Steele Sidebottom,3,9,8,66.7,0,0,0,1,1,0,1,6,188,1,1,0,72,2022,Round 19,2022-07-24,10699
Collingwood,Darcy Moore,3,3,9,75.0,2,0,0,10,1,0,0,5,397,3,7,0,92,2022,Round 19,2022-07-24,10699
Collingwood,Brody Mihocek,6,4,6,50.0,1,1,1,1,0,0,0,6,122,3,2,0,96,2022,Round 19,2022-07-24,10699
Collingwood,Isaac Quaynor,5,7,7,58.3,2,0,0,4,2,0,0,0,291,5,6,0,79,2022,Round 19,2022-07-24,10699
Collingwood,Will Hoskin Elliott,3,6,7,63.6,0,0,0,1,0,0,1,3,199,3,0,1,86,2022,Round 19,2022-07-24,10699
Collingwood,John Noble,4,7,10,90.9,0,0,0,0,0,0,1,3,85,2,4,0,80,2022,Round 19,2022-07-24,10699
Collingwood,Nathan Murphy,6,5,6,60.0,0,0,0,4,0,0,0,5,208,0,8,0,92,2022,Round 19,2022-07-24,10699
Collingwood,Brayden Maynard,3,6,8,88.9,0,0,0,2,0,0,0,2,98,2,5,0,56,2022,Round 19,2022-07-24,10699
Collingwood,Mason Cox,5,4,4,50.0,2,0,0,4,0,0,0,2,145,3,2,0,78,2022,Round 19,2022-07-24,10699
Collingwood,Ash Johnson,3,3,4,66.7,2,1,3,1,0,0,0,5,130,1,0,0,60,2022,Round 19,2022-07-24,10699
Collingwood,Jack Ginnivan,2,4,3,60.0,0,1,0,0,0,0,1,2,182,2,0,1,81,2022,Round 19,2022-07-24,10699
Collingwood,Josh Carmichael,1,3,3,60.0,0,0,2,0,0,0,0,2,90,1,0,0,17,2022,Round 19,2022-07-24,10699
Collingwood,Darcy Cameron,4,1,4,100.0,1,1,1,5,0,0,0,2,115,1,1,0,80,2022,Round 19,2022-07-24,10699
Essendon,Zachary Merrett,15,23,23,60.5,0,2,0,1,0,3,6,7,630,10,3,0,81,2022,Round 19,2022-07-24,10699
Essendon,Dylan Shiel,8,20,24,80.0,0,0,0,1,3,2,2,7,503,3,3,1,79,2022,Round 19,2022-07-24,10699
Essendon,Dyson Heppell,5,22,21,80.8,0,1,0,1,0,0,1,6,365,4,3,0,83,2022,Round 19,2022-07-24,10699
Essendon,Sam Durham,8,16,19,82.6,1,0,1,2,0,0,1,5,170,1,3,0,85,2022,Round 19,2022-07-24,10699
Essendon,Nicholas Martin,5,18,15,68.2,0,0,1,2,0,0,2,5,309,5,3,0,92,2022,Round 19,2022-07-24,10699
Essendon,Will Snelling,6,13,15,75.0,0,0,1,1,0,0,1,3,208,3,2,2,87,2022,Round 19,2022-07-24,10699
Essendon,Nick Hind,5,12,18,94.7,0,0,0,0,0,0,1,3,298,1,4,0,82,2022,Round 19,2022-07-24,10699
Essendon,Jordan Ridley,6,8,13,72.2,1,0,0,4,1,0,0,4,346,1,8,0,85,2022,Round 19,2022-07-24,10699
Essendon,Matt Guelfi,7,11,10,58.8,1,0,1,2,0,0,1,5,193,7,3,2,85,2022,Round 19,2022-07-24,10699
Essendon,Andrew Mcgrath,3,14,12,75.0,0,0,0,2,1,0,1,3,321,3,2,0,79,2022,Round 19,2022-07-24,10699
Essendon,Sam Draper,11,3,9,56.2,3,1,1,4,0,1,6,5,227,2,6,0,60,2022,Round 19,2022-07-24,10699
Essendon,Jake Stringer,7,8,7,46.7,0,0,0,1,0,4,1,5,426,3,1,3,78,2022,Round 19,2022-07-24,10699
Essendon,Jye Caldwell,8,7,12,80.0,0,1,0,0,0,2,3,4,122,2,0,0,86,2022,Round 19,2022-07-24,10699
Essendon,Ben Hobbs,8,8,12,80.0,0,0,0,1,1,0,0,2,222,2,2,2,65,2022,Round 19,2022-07-24,10699
Essendon,Jayden Laverde,2,11,11,84.6,1,0,0,1,0,0,1,0,234,6,4,0,76,2022,Round 19,2022-07-24,10699
Essendon,Peter Wright,5,8,10,83.3,1,1,3,6,0,0,0,5,342,3,0,0,100,2022,Round 19,2022-07-24,10699
Essendon,Jake Kelly,5,5,10,90.9,0,0,0,2,0,0,0,4,103,1,6,0,97,2022,Round 19,2022-07-24,10699
Essendon,Mason Redman,3,5,9,90.0,0,0,0,1,0,0,0,0,242,2,3,0,43,2022,Round 19,2022-07-24,10699
Essendon,Kyle Langford,6,3,4,44.4,2,0,1,0,0,0,0,5,101,3,0,0,83,2022,Round 19,2022-07-24,10699
Essendon,Harrison Jones 1,4,4,6,75.0,2,0,1,1,0,0,0,3,136,2,2,2,90,2022,Round 19,2022-07-24,10699
Essendon,Brandon Zerk Thatcher,2,5,6,85.7,1,0,0,9,0,0,0,0,100,1,3,0,95,2022,Round 19,2022-07-24,10699
Essendon,Andrew Phillips 1,3,1,5,100.0,1,1,1,3,0,1,1,3,89,0,0,0,53,2022,Round 19,2022-07-24,10699
Essendon,Brayden Ham,0,1,1,100.0,0,0,0,0,0,0,0,1,4,0,0,1,36,2022,Round 19,2022-07-24,10699
Fremantle,David Mundy,15,20,26,74.3,0,0,0,0,0,4,6,5,373,7,4,0,69,2022,Round 20,2022-07-29,10714
Fremantle,Will Brodie,15,17,21,60.0,0,0,1,0,0,2,5,2,331,7,3,1,64,2022,Round 20,2022-07-29,10714
Fremantle,Andrew Brayshaw,7,23,28,93.3,0,0,1,2,0,0,3,3,259,1,4,0,81,2022,Round 20,2022-07-29,10714
Fremantle,James Aish,8,19,25,89.3,0,0,0,0,0,4,2,5,501,6,3,0,78,2022,Round 20,2022-07-29,10714
Fremantle,Hayden Young,10,17,20,76.9,0,0,0,3,0,0,2,3,405,2,6,0,87,2022,Round 20,2022-07-29,10714
Fremantle,Luke Ryan,6,12,21,84.0,0,0,0,7,1,0,1,3,613,5,6,0,86,2022,Round 20,2022-07-29,10714
Fremantle,Caleb Serong,11,14,18,72.0,0,0,0,1,0,2,1,1,321,6,4,1,71,2022,Round 20,2022-07-29,10714
Fremantle,Blake Acres,5,14,14,73.7,0,0,0,0,0,0,0,2,219,3,3,0,79,2022,Round 20,2022-07-29,10714
Fremantle,Sean Darcy,11,6,13,68.4,1,1,0,5,0,0,4,4,94,4,4,1,84,2022,Round 20,2022-07-29,10714
Fremantle,Jordan Clark,6,9,14,82.4,0,0,0,4,0,0,1,1,214,5,5,0,87,2022,Round 20,2022-07-29,10714
Fremantle,Liam Henry,3,15,11,64.7,0,0,0,2,0,0,1,0,204,3,2,0,76,2022,Round 20,2022-07-29,10714
Fremantle,Brandon Walker,6,9,12,75.0,0,0,0,1,1,0,1,2,238,3,5,0,81,2022,Round 20,2022-07-29,10714
Fremantle,Michael Walters,6,7,11,78.6,0,0,0,0,0,0,0,3,174,6,1,1,85,2022,Round 20,2022-07-29,10714
Fremantle,Brennan Cox,2,8,14,100.0,1,0,0,4,0,0,1,0,382,3,4,0,85,2022,Round 20,2022-07-29,10714
Fremantle,Alex Pearce,5,8,9,75.0,2,0,0,16,0,0,0,0,133,3,4,0,94,2022,Round 20,2022-07-29,10714
Fremantle,Griffin Logue,6,5,9,81.8,2,0,2,2,0,0,0,4,85,1,0,1,93,2022,Round 20,2022-07-29,10714
Fremantle,Minairo Frederick,4,6,6,60.0,1,0,2,1,0,0,0,5,232,2,2,1,85,2022,Round 20,2022-07-29,10714
Fremantle,Heath Chapman,2,8,7,70.0,0,0,0,2,0,0,0,0,180,3,2,0,79,2022,Round 20,2022-07-29,10714
Fremantle,Rory Lobb,2,6,5,62.5,1,0,0,4,0,0,0,1,107,3,1,1,92,2022,Round 20,2022-07-29,10714
Fremantle,Lachlan Schultz,3,6,3,37.5,0,0,1,2,0,0,1,2,93,1,0,2,86,2022,Round 20,2022-07-29,10714
Fremantle,Travis Colyer,0,7,3,50.0,0,1,0,0,1,0,0,3,188,2,0,0,76,2022,Round 20,2022-07-29,10714
Fremantle,Matthew Taberner,4,2,5,83.3,1,1,1,4,0,0,0,2,114,0,1,4,82,2022,Round 20,2022-07-29,10714
Melbourne,Jack Viney,16,15,17,51.5,1,0,0,1,0,2,2,9,523,4,7,1,82,2022,Round 20,2022-07-29,10714
Melbourne,Christian Petracca,16,15,26,86.7,1,1,1,1,0,1,5,10,491,2,0,3,87,2022,Round 20,2022-07-29,10714
Melbourne,Angus Brayshaw,13,16,20,71.4,0,1,0,1,0,0,4,7,564,4,9,0,77,2022,Round 20,2022-07-29,10714
Melbourne,Ed Langdon,10,13,17,73.9,0,0,1,0,0,0,3,6,267,4,8,0,100,2022,Round 20,2022-07-29,10714
Melbourne,Clayton Oliver,13,8,10,47.6,0,1,0,1,0,0,5,4,242,1,2,3,83,2022,Round 20,2022-07-29,10714
Melbourne,James Jordon,6,13,16,80.0,0,0,0,1,0,0,2,1,339,5,3,0,77,2022,Round 20,2022-07-29,10714
Melbourne,Christian Salem,9,9,12,70.6,1,0,0,0,0,0,2,1,204,4,6,0,83,2022,Round 20,2022-07-29,10714
Melbourne,Tom Sparrow,9,8,12,70.6,0,0,0,0,0,2,2,3,336,6,0,1,64,2022,Round 20,2022-07-29,10714
Melbourne,Michael Hibberd,6,8,14,87.5,0,0,0,6,0,0,0,3,461,3,10,0,85,2022,Round 20,2022-07-29,10714
Melbourne,Trent Rivers,7,11,11,68.8,1,0,0,2,0,0,2,2,364,2,5,0,65,2022,Round 20,2022-07-29,10714
Melbourne,Max Gawn,12,4,8,57.1,2,1,2,6,0,2,2,7,297,5,0,1,88,2022,Round 20,2022-07-29,10714
Melbourne,Bayley Fritsch,5,9,8,57.1,0,1,4,1,0,0,0,5,304,1,0,0,81,2022,Round 20,2022-07-29,10714
Melbourne,Steven May,1,4,12,92.3,0,0,0,12,0,0,0,1,357,3,7,0,90,2022,Round 20,2022-07-29,10714
Melbourne,Luke Jackson,11,3,8,61.5,1,0,0,0,1,0,2,4,127,2,1,0,72,2022,Round 20,2022-07-29,10714
Melbourne,Jayden Hunt,3,9,11,91.7,1,0,0,1,0,0,0,3,273,1,2,0,86,2022,Round 20,2022-07-29,10714
Melbourne,Kysaiah Pickett,8,4,6,50.0,1,0,2,1,0,0,0,7,141,2,1,2,81,2022,Round 20,2022-07-29,10714
Melbourne,Jake Melksham,3,8,6,54.5,1,1,3,1,0,0,0,7,316,2,2,0,81,2022,Round 20,2022-07-29,10714
Melbourne,Jake Lever,4,8,8,72.7,0,0,0,7,0,0,0,1,234,6,8,0,91,2022,Round 20,2022-07-29,10714
Melbourne,Charlie Spargo,3,7,8,72.7,0,0,0,0,0,0,1,6,187,2,1,2,71,2022,Round 20,2022-07-29,10714
Melbourne,Harrison Petty,5,4,8,88.9,0,0,0,6,0,0,1,2,81,1,5,0,98,2022,Round 20,2022-07-29,10714
Melbourne,Alex Neal Bullen,2,6,4,57.1,0,0,0,1,0,0,1,2,107,3,0,1,78,2022,Round 20,2022-07-29,10714
Melbourne,Sam Weideman,1,0,1,100.0,1,0,1,1,0,0,0,1,5,0,0,1,77,2022,Round 20,2022-07-29,10714
Collingwood,Josh Daicos,9,15,13,50.0,0,0,1,1,4,2,1,5,659,8,7,0,89,2022,Round 20,2022-07-30,10706
Collingwood,Jordan De Goey,13,10,12,52.2,1,1,2,4,1,3,2,7,470,7,4,0,85,2022,Round 20,2022-07-30,10706
Collingwood,Brayden Maynard,8,12,14,66.7,0,0,0,3,0,0,0,3,469,5,11,0,89,2022,Round 20,2022-07-30,10706
Collingwood,Patrick Lipinski,8,11,16,76.2,2,1,0,0,0,2,2,6,316,3,1,1,83,2022,Round 20,2022-07-30,10706
Collingwood,Nick Daicos,6,11,17,81.0,0,0,0,0,1,0,1,2,405,4,6,0,89,2022,Round 20,2022-07-30,10706
Collingwood,Scott Pendlebury,6,11,14,87.5,0,1,0,0,0,2,4,8,345,2,2,0,82,2022,Round 20,2022-07-30,10706
Collingwood,Jack Crisp,9,8,10,62.5,0,0,0,2,0,1,2,6,276,3,1,0,90,2022,Round 20,2022-07-30,10706
Collingwood,Darcy Cameron,12,4,6,37.5,2,0,0,3,0,1,2,3,267,5,7,0,89,2022,Round 20,2022-07-30,10706
Collingwood,Steele Sidebottom,6,8,7,53.8,0,1,1,1,0,1,0,5,196,3,6,0,88,2022,Round 20,2022-07-30,10706
Collingwood,Nathan Murphy,3,11,13,100.0,0,0,0,4,0,0,0,1,213,1,6,0,93,2022,Round 20,2022-07-30,10706
Collingwood,John Noble,6,6,10,76.9,0,0,0,0,2,0,1,2,310,3,6,0,79,2022,Round 20,2022-07-30,10706
Collingwood,Will Hoskin Elliott,1,11,10,83.3,1,0,0,1,0,0,0,4,401,4,0,0,86,2022,Round 20,2022-07-30,10706
Collingwood,Darcy Moore,4,4,10,83.3,1,0,0,9,0,0,0,1,329,3,8,0,92,2022,Round 20,2022-07-30,10706
Collingwood,Ash Johnson,9,4,7,58.3,1,1,1,0,0,0,0,3,294,5,0,1,81,2022,Round 20,2022-07-30,10706
Collingwood,Josh Carmichael,4,7,6,50.0,0,0,1,1,0,0,1,5,314,1,1,0,40,2022,Round 20,2022-07-30,10706
Collingwood,Jamie Elliott 1,3,7,6,54.5,0,2,2,0,0,0,0,5,167,3,0,1,81,2022,Round 20,2022-07-30,10706
Collingwood,Trent Bianco,3,8,7,63.6,0,2,0,0,0,0,0,4,133,4,2,0,68,2022,Round 20,2022-07-30,10706
Collingwood,Jeremy Howe,5,4,5,55.6,0,0,0,4,1,0,1,0,155,3,6,0,62,2022,Round 20,2022-07-30,10706
Collingwood,Taylor Adams,6,3,4,44.4,0,0,0,0,0,3,1,3,152,1,1,0,37,2022,Round 20,2022-07-30,10706
Collingwood,Mason Cox,4,5,6,75.0,0,0,1,3,0,0,2,3,122,3,1,1,71,2022,Round 20,2022-07-30,10706
Collingwood,Isaac Quaynor,4,3,6,75.0,0,0,0,5,0,0,1,2,223,2,4,0,82,2022,Round 20,2022-07-30,10706
Collingwood,Jack Ginnivan,5,4,5,62.5,0,1,1,1,0,0,0,5,98,2,1,1,67,2022,Round 20,2022-07-30,10706
Collingwood,Beau Mccreery,2,4,5,71.4,0,0,0,0,0,0,0,1,171,1,1,1,77,2022,Round 20,2022-07-30,10706
Port Adelaide,Connor Rozee,10,24,28,80.0,0,0,0,1,0,1,3,5,472,5,4,0,83,2022,Round 20,2022-07-30,10706
Port Adelaide,Oliver Wines,12,19,23,76.7,0,2,0,3,0,3,3,6,563,9,2,3,86,2022,Round 20,2022-07-30,10706
Port Adelaide,Darcy Byrne Jones,14,18,24,80.0,0,0,0,2,0,0,5,3,199,2,9,0,72,2022,Round 20,2022-07-30,10706
Port Adelaide,Travis Boak,10,18,20,74.1,0,2,1,0,0,2,1,8,250,4,4,0,74,2022,Round 20,2022-07-30,10706
Port Adelaide,Karl Amon,6,20,21,80.8,1,0,1,0,0,0,3,5,545,3,3,0,68,2022,Round 20,2022-07-30,10706
Port Adelaide,Zak Butters,10,15,17,68.0,1,1,1,1,1,1,3,7,441,5,3,0,84,2022,Round 20,2022-07-30,10706
Port Adelaide,Xavier Duursma,3,19,17,81.0,1,1,0,1,0,0,1,4,215,4,1,0,70,2022,Round 20,2022-07-30,10706
Port Adelaide,Jeremy Finlayson,12,9,14,70.0,1,0,0,6,0,2,4,5,429,4,4,0,79,2022,Round 20,2022-07-30,10706
Port Adelaide,Kane Farrell,4,16,15,75.0,0,0,0,1,0,0,1,2,538,7,3,0,84,2022,Round 20,2022-07-30,10706
Port Adelaide,Robert Gray,8,9,13,72.2,0,0,0,0,0,2,2,5,127,3,4,1,74,2022,Round 20,2022-07-30,10706
Port Adelaide,Sam Powell Pepper,7,11,13,72.2,2,0,1,0,1,1,1,4,402,2,2,1,90,2022,Round 20,2022-07-30,10706
Port Adelaide,Ryan Burton,4,6,11,64.7,1,0,0,1,0,0,0,0,425,4,5,0,79,2022,Round 20,2022-07-30,10706
Port Adelaide,Jase Burgoyne,3,14,15,88.2,0,0,1,0,1,0,1,2,386,3,3,0,83,2022,Round 20,2022-07-30,10706
Port Adelaide,Todd Marshall,6,9,6,42.9,0,0,2,2,0,0,0,4,140,5,1,2,94,2022,Round 20,2022-07-30,10706
Port Adelaide,Miles Bergman,4,9,9,64.3,1,0,0,3,0,0,0,3,353,4,1,1,83,2022,Round 20,2022-07-30,10706
Port Adelaide,Aliir Aliir,7,7,10,76.9,1,0,0,5,0,0,0,0,111,2,7,0,97,2022,Round 20,2022-07-30,10706
Port Adelaide,Thomas Jonas,9,4,8,66.7,1,0,0,7,0,0,0,1,92,1,11,0,98,2022,Round 20,2022-07-30,10706
Port Adelaide,Lachlan Jones,1,10,8,72.7,0,0,0,4,0,0,1,1,176,3,1,0,78,2022,Round 20,2022-07-30,10706
Port Adelaide,Jed Mcentee,6,4,4,40.0,0,0,1,0,0,0,0,4,149,4,3,1,78,2022,Round 20,2022-07-30,10706
Port Adelaide,Trent Mckenzie,4,2,9,100.0,0,0,0,5,0,0,1,0,116,0,4,0,91,2022,Round 20,2022-07-30,10706
Port Adelaide,Charlie Dixon,7,1,5,55.6,1,2,1,1,0,0,2,3,149,4,2,0,86,2022,Round 20,2022-07-30,10706
Port Adelaide,Mitch Georgiades,4,2,3,60.0,1,0,1,0,0,0,0,3,68,4,0,1,68,2022,Round 20,2022-07-30,10706
Sydney,Luke Parker,16,17,21,61.8,1,1,1,1,0,3,3,8,325,7,4,2,82,2022,Round 20,2022-07-30,10712
Sydney,Errol Gulden,9,24,22,66.7,1,1,1,0,0,0,3,6,692,7,2,1,74,2022,Round 20,2022-07-30,10712
Sydney,Jake Lloyd,4,18,23,85.2,0,0,0,1,0,0,0,2,382,1,3,0,84,2022,Round 20,2022-07-30,10712
Sydney,Callum Mills,10,17,20,74.1,1,0,0,2,0,0,3,7,442,4,3,1,84,2022,Round 20,2022-07-30,10712
Sydney,James Rowbottom,9,15,15,65.2,0,1,0,0,0,0,4,6,413,5,3,0,81,2022,Round 20,2022-07-30,10712
Sydney,Nick Blakey,8,11,19,90.5,1,1,0,3,0,0,1,6,269,0,11,0,76,2022,Round 20,2022-07-30,10712
Sydney,Justin Mcinerney,5,16,17,81.0,0,0,0,2,4,1,2,4,292,2,3,0,72,2022,Round 20,2022-07-30,10712
Sydney,Dane Rampe,4,17,16,80.0,0,1,0,3,0,0,1,2,346,4,3,0,87,2022,Round 20,2022-07-30,10712
Sydney,Chad Warner,8,12,11,55.0,0,0,0,2,2,0,2,7,393,4,3,0,81,2022,Round 20,2022-07-30,10712
Sydney,Tom Papley,10,9,6,31.6,0,0,1,0,1,0,4,5,356,7,1,2,80,2022,Round 20,2022-07-30,10712
Sydney,Oliver Florent,3,14,14,73.7,0,0,0,0,1,0,1,3,334,3,5,0,86,2022,Round 20,2022-07-30,10712
Sydney,Robbie Fox,8,10,18,94.7,0,0,0,2,0,0,0,5,116,1,8,0,92,2022,Round 20,2022-07-30,10712
Sydney,Sam Reid 1,12,5,15,83.3,2,1,2,4,0,3,1,7,279,2,2,1,85,2022,Round 20,2022-07-30,10712
Sydney,Dylan Stephens,7,12,12,66.7,0,0,0,2,0,0,1,1,175,1,5,0,77,2022,Round 20,2022-07-30,10712
Sydney,Isaac Heeney,8,9,11,64.7,1,0,3,0,0,0,3,7,296,6,0,3,81,2022,Round 20,2022-07-30,10712
Sydney,Paddy Mccartin,8,7,14,87.5,4,0,0,4,0,1,0,3,152,2,9,0,87,2022,Round 20,2022-07-30,10712
Sydney,Lance Franklin,5,10,7,53.8,0,0,1,2,0,0,0,7,287,3,0,4,88,2022,Round 20,2022-07-30,10712
Sydney,Ryan Clarke,5,7,7,58.3,0,1,1,0,0,0,1,5,133,1,2,2,93,2022,Round 20,2022-07-30,10712
Sydney,Will Hayward,0,12,10,83.3,0,2,0,0,0,0,0,3,185,2,0,2,78,2022,Round 20,2022-07-30,10712
Sydney,Tom Mccartin,3,8,11,100.0,2,0,0,7,0,0,0,0,80,1,3,0,89,2022,Round 20,2022-07-30,10712
Sydney,Tom Hickey,6,5,6,60.0,0,1,0,1,0,2,2,5,186,1,0,0,71,2022,Round 20,2022-07-30,10712
Sydney,Joel Amartey,3,4,5,62.5,2,1,2,3,0,1,0,4,125,3,0,2,72,2022,Round 20,2022-07-30,10712
Greater Western Sydney,Joshua Kelly,12,13,16,64.0,0,0,0,0,0,1,3,3,268,7,5,1,92,2022,Round 20,2022-07-30,10712
Greater Western Sydney,Lachie Whitfield,8,11,16,72.7,0,0,0,1,0,0,2,0,311,2,7,0,85,2022,Round 20,2022-07-30,10712
Greater Western Sydney,Harry Perryman,12,10,11,50.0,0,0,0,0,0,2,2,3,295,4,4,0,85,2022,Round 20,2022-07-30,10712
Greater Western Sydney,Callan Ward,9,11,13,61.9,0,0,0,1,0,2,4,4,158,4,3,0,73,2022,Round 20,2022-07-30,10712
Greater Western Sydney,Sam Taylor,15,6,15,71.4,5,0,0,6,0,0,1,3,274,3,13,0,100,2022,Round 20,2022-07-30,10712
Greater Western Sydney,Isaac Cumming,0,13,11,61.1,0,0,0,3,0,0,0,1,551,4,2,0,84,2022,Round 20,2022-07-30,10712
Greater Western Sydney,Tom Green,6,11,11,64.7,0,0,0,0,0,2,1,1,168,2,1,0,79,2022,Round 20,2022-07-30,10712
Greater Western Sydney,Harrison Himmelberg,6,8,12,75.0,2,1,1,2,1,0,0,2,450,6,4,0,93,2022,Round 20,2022-07-30,10712
Greater Western Sydney,Tim Taranto,6,10,10,62.5,0,0,0,1,0,1,2,2,298,4,1,0,84,2022,Round 20,2022-07-30,10712
Greater Western Sydney,Jacob Hopper,8,10,10,66.7,0,1,0,2,0,2,2,3,178,4,2,0,72,2022,Round 20,2022-07-30,10712
Greater Western Sydney,Nick Haynes,5,8,8,61.5,1,0,0,5,0,0,0,1,202,1,8,0,88,2022,Round 20,2022-07-30,10712
Greater Western Sydney,Jesse Hogan,6,6,10,83.3,1,1,3,1,0,0,0,6,90,0,0,1,82,2022,Round 20,2022-07-30,10712
Greater Western Sydney,Toby Greene,7,4,4,36.4,1,0,2,2,0,0,1,5,297,6,2,1,97,2022,Round 20,2022-07-30,10712
Greater Western Sydney,James Peatling,2,9,7,63.6,0,1,0,0,0,1,0,4,211,4,0,0,62,2022,Round 20,2022-07-30,10712
Greater Western Sydney,Adam Kennedy,5,5,5,50.0,0,0,0,1,0,0,0,0,146,4,3,0,75,2022,Round 20,2022-07-30,10712
Greater Western Sydney,Braydon Preuss,6,4,4,40.0,1,0,1,0,0,0,1,4,205,3,3,0,72,2022,Round 20,2022-07-30,10712
Greater Western Sydney,Lachlan Ash,4,3,8,80.0,0,0,0,3,0,0,1,0,144,1,4,0,85,2022,Round 20,2022-07-30,10712
Greater Western Sydney,Jacob Wehr,6,4,4,40.0,0,0,0,1,0,0,2,1,162,3,1,0,79,2022,Round 20,2022-07-30,10712
Greater Western Sydney,Daniel Lloyd,4,3,4,57.1,0,0,0,0,0,0,0,2,52,2,1,2,79,2022,Round 20,2022-07-30,10712
Greater Western Sydney,Xavier O Halloran,4,3,2,28.6,0,0,0,0,0,0,1,1,172,3,0,1,85,2022,Round 20,2022-07-30,10712
Greater Western Sydney,Leek Aleer,0,5,3,60.0,0,0,0,1,0,0,0,1,40,1,1,0,70,2022,Round 20,2022-07-30,10712
Greater Western Sydney,Callum Brown 1,1,2,1,50.0,0,0,0,2,0,0,0,0,40,2,2,0,79,2022,Round 20,2022-07-30,10712
St Kilda,Jack Steele,10,18,25,80.6,0,0,0,0,1,3,2,6,395,5,3,0,84,2022,Round 20,2022-07-30,10711
St Kilda,Brad Crouch,15,13,17,56.7,0,0,0,2,0,2,7,9,274,7,3,4,79,2022,Round 20,2022-07-30,10711
St Kilda,Rowan Marshall,13,16,22,73.3,2,1,0,4,0,1,6,9,465,6,10,1,85,2022,Round 20,2022-07-30,10711
St Kilda,Daniel Hannebery,10,17,19,70.4,0,1,0,0,1,2,3,7,393,5,4,0,63,2022,Round 20,2022-07-30,10711
St Kilda,Sebastian Ross,10,16,21,80.8,0,0,0,2,0,1,3,7,363,5,4,2,77,2022,Round 20,2022-07-30,10711
St Kilda,Ben Paton,13,12,19,76.0,1,0,0,4,0,0,0,4,358,6,13,0,86,2022,Round 20,2022-07-30,10711
St Kilda,Jack Sinclair,7,14,20,83.3,0,0,0,2,1,0,1,5,372,3,6,0,87,2022,Round 20,2022-07-30,10711
St Kilda,Hunter Clark,5,16,13,59.1,0,0,0,1,0,1,0,2,387,5,4,0,71,2022,Round 20,2022-07-30,10711
St Kilda,Mason Wood,8,10,16,88.9,2,0,1,2,0,0,1,4,243,3,4,2,80,2022,Round 20,2022-07-30,10711
St Kilda,Max King 1,10,9,10,55.6,1,0,4,0,0,0,2,11,360,3,1,1,91,2022,Round 20,2022-07-30,10711
St Kilda,Tim Membrey,2,14,11,68.8,1,1,2,4,2,0,0,9,397,3,1,0,92,2022,Round 20,2022-07-30,10711
St Kilda,Bradley Hill,5,10,11,73.3,0,0,1,2,0,0,0,4,84,1,4,1,82,2022,Round 20,2022-07-30,10711
St Kilda,Jack Higgins,5,11,11,73.3,0,2,1,2,0,0,0,8,285,2,0,3,85,2022,Round 20,2022-07-30,10711
St Kilda,Ben Long,5,10,12,85.7,0,1,0,3,0,0,0,4,254,3,1,8,78,2022,Round 20,2022-07-30,10711
St Kilda,Callum Wilkie,3,11,13,92.9,0,0,0,8,0,0,0,3,144,1,6,0,100,2022,Round 20,2022-07-30,10711
St Kilda,Josh Battle,3,7,8,61.5,0,0,0,5,1,0,0,0,231,3,6,0,85,2022,Round 20,2022-07-30,10711
St Kilda,Jarrod Lienert,2,11,8,61.5,0,0,0,2,0,0,0,2,317,6,1,1,72,2022,Round 20,2022-07-30,10711
St Kilda,Jimmy Webster,1,11,9,75.0,0,0,0,5,0,0,0,0,180,1,2,0,82,2022,Round 20,2022-07-30,10711
St Kilda,Daniel Butler,3,6,6,54.5,0,0,0,0,2,0,0,1,198,1,0,0,75,2022,Round 20,2022-07-30,10711
St Kilda,Marcus Windhager,3,8,9,81.8,0,0,0,1,0,1,2,3,198,1,0,0,82,2022,Round 20,2022-07-30,10711
St Kilda,Mitchito Owens,6,4,7,63.6,1,0,1,2,0,0,0,5,134,1,1,1,74,2022,Round 20,2022-07-30,10711
St Kilda,Cooper Sharman,4,1,4,50.0,1,0,0,14,0,0,1,1,68,1,4,0,89,2022,Round 20,2022-07-30,10711
Hawthorn,Tom Mitchell,10,21,25,80.6,0,0,0,1,0,1,3,6,165,4,2,0,84,2022,Round 20,2022-07-30,10711
Hawthorn,Josh Ward,7,19,17,65.4,0,0,0,1,0,1,2,6,446,6,5,2,77,2022,Round 20,2022-07-30,10711
Hawthorn,Harry Morrison,7,16,19,79.2,0,1,0,2,0,1,0,4,558,6,7,0,86,2022,Round 20,2022-07-30,10711
Hawthorn,Finn Maginness,5,17,14,63.6,0,1,0,0,0,2,1,3,364,7,1,1,96,2022,Round 20,2022-07-30,10711
Hawthorn,Jaeger O Meara,11,10,15,71.4,0,1,0,0,0,2,2,6,315,4,2,0,79,2022,Round 20,2022-07-30,10711
Hawthorn,Conor Nash,8,13,19,90.5,0,0,0,1,0,0,1,2,285,2,3,1,78,2022,Round 20,2022-07-30,10711
Hawthorn,Dylan Moore,6,16,15,71.4,0,0,3,0,0,0,1,8,329,4,1,2,84,2022,Round 20,2022-07-30,10711
Hawthorn,Jai Newcombe,11,9,11,52.4,1,0,1,0,0,0,2,7,315,6,5,0,85,2022,Round 20,2022-07-30,10711
Hawthorn,Blake Hardwick,3,12,18,94.7,0,0,0,1,0,0,0,3,437,6,5,0,89,2022,Round 20,2022-07-30,10711
Hawthorn,Will Day,8,8,14,73.7,1,0,0,4,0,0,0,1,463,5,9,0,75,2022,Round 20,2022-07-30,10711
Hawthorn,Connor Macdonald,2,17,16,84.2,0,1,0,0,0,0,0,5,460,5,3,1,78,2022,Round 20,2022-07-30,10711
Hawthorn,James Sicily,6,9,14,87.5,0,0,0,11,0,0,0,1,350,3,9,0,100,2022,Round 20,2022-07-30,10711
Hawthorn,Jack Scrimshaw,5,8,11,73.3,2,0,2,1,0,0,0,4,242,3,2,0,81,2022,Round 20,2022-07-30,10711
Hawthorn,Ben Mcevoy,7,9,10,71.4,2,0,2,11,0,1,2,6,125,3,1,1,85,2022,Round 20,2022-07-30,10711
Hawthorn,Changkuoth Jiath,3,11,12,85.7,2,0,1,3,1,0,0,3,231,1,2,0,83,2022,Round 20,2022-07-30,10711
Hawthorn,Luke Breust,6,4,6,60.0,0,0,0,1,0,0,1,5,93,3,0,1,80,2022,Round 20,2022-07-30,10711
Hawthorn,Josh Morris,5,6,8,80.0,0,0,0,5,0,0,0,1,197,2,4,0,39,2022,Round 20,2022-07-30,10711
Hawthorn,Sam Butler 1,5,4,5,55.6,0,0,1,0,0,0,0,5,104,0,0,3,76,2022,Round 20,2022-07-30,10711
Hawthorn,Jack Gunston,4,4,4,50.0,0,1,0,2,0,0,0,5,155,1,3,0,94,2022,Round 20,2022-07-30,10711
Hawthorn,Emerson Jeka,3,4,7,87.5,1,0,0,1,0,0,0,1,134,1,4,0,44,2022,Round 20,2022-07-30,10711
Hawthorn,James Blanck,3,5,5,71.4,0,0,0,6,0,0,0,0,82,3,4,0,92,2022,Round 20,2022-07-30,10711
Hawthorn,Jacob Koschitzke,2,2,2,50.0,0,0,1,2,0,0,0,2,16,0,1,1,67,2022,Round 20,2022-07-30,10711
Hawthorn,Mitchell Lewis,3,0,0,0.0,1,0,0,3,0,0,1,1,88,2,0,0,47,2022,Round 20,2022-07-30,10711
Adelaide,Brodie Smith,11,23,29,78.4,1,1,0,0,0,0,1,7,1019,5,13,0,93,2022,Round 20,2022-07-30,10713
Adelaide,Rory Laird,15,16,25,78.1,0,0,0,0,0,3,5,8,592,4,3,2,82,2022,Round 20,2022-07-30,10713
Adelaide,Jordan Dawson,6,14,22,88.0,0,0,0,5,2,0,1,6,658,6,6,0,96,2022,Round 20,2022-07-30,10713
Adelaide,Chayce Jones,6,15,13,56.5,0,0,0,2,0,0,1,2,455,6,5,0,81,2022,Round 20,2022-07-30,10713
Adelaide,Taylor Walker,11,9,15,71.4,2,0,1,1,0,0,2,10,345,4,1,3,77,2022,Round 20,2022-07-30,10713
Adelaide,Ben Keays,6,14,12,57.1,0,4,2,2,1,0,0,11,374,5,0,1,90,2022,Round 20,2022-07-30,10713
Adelaide,Edward Mchenry,10,12,13,61.9,0,1,2,1,0,0,0,4,242,7,4,0,91,2022,Round 20,2022-07-30,10713
Adelaide,Wayne Milera,9,9,14,73.7,0,0,1,1,0,0,0,8,442,2,7,1,72,2022,Round 20,2022-07-30,10713
Adelaide,Jake Soligo,7,13,14,73.7,0,1,0,0,0,0,3,4,304,4,5,0,65,2022,Round 20,2022-07-30,10713
Adelaide,Mitchell Hinge,5,13,12,70.6,0,0,0,1,0,1,2,3,336,5,6,0,77,2022,Round 20,2022-07-30,10713
Adelaide,Harry Schoenberg,6,11,14,82.4,0,1,0,1,0,3,1,7,141,1,2,2,72,2022,Round 20,2022-07-30,10713
Adelaide,Josh Worrell,8,6,14,82.4,2,0,0,6,0,0,1,2,447,4,12,0,80,2022,Round 20,2022-07-30,10713
Adelaide,Lachlan Murphy,7,9,9,56.2,0,0,1,1,0,0,2,6,146,3,0,2,84,2022,Round 20,2022-07-30,10713
Adelaide,Sam Berry,8,6,14,87.5,0,0,0,1,0,1,3,3,286,3,5,1,82,2022,Round 20,2022-07-30,10713
Adelaide,Shane Mcadam,7,5,9,69.2,2,0,2,1,0,0,0,3,144,4,1,0,82,2022,Round 20,2022-07-30,10713
Adelaide,Patrick Parnell,4,10,10,76.9,0,0,0,0,0,0,1,0,357,5,5,0,74,2022,Round 20,2022-07-30,10713
Adelaide,Darcy Fogarty,7,6,9,75.0,2,2,1,0,0,0,1,5,233,2,2,1,91,2022,Round 20,2022-07-30,10713
Adelaide,Reilly O Brien,6,2,3,33.3,0,0,0,5,0,1,4,2,112,3,0,1,85,2022,Round 20,2022-07-30,10713
Adelaide,Elliot Himmelberg,7,2,6,75.0,1,0,0,7,0,0,0,3,82,2,2,1,72,2022,Round 20,2022-07-30,10713
Adelaide,Will Hamill,2,7,8,100.0,0,0,0,4,0,0,0,2,71,0,2,0,73,2022,Round 20,2022-07-30,10713
Adelaide,Jordon Butts,6,2,7,87.5,0,0,0,17,0,0,0,1,96,1,7,0,97,2022,Round 20,2022-07-30,10713
Adelaide,Nick Murray,1,1,1,100.0,0,0,0,6,0,0,0,0,51,1,1,0,83,2022,Round 20,2022-07-30,10713
Carlton,Patrick Cripps,21,13,30,73.2,0,2,0,1,1,4,9,6,596,5,6,0,88,2022,Round 20,2022-07-30,10713
Carlton,Sam Walsh,15,26,24,60.0,0,0,0,0,0,3,3,3,444,7,4,0,81,2022,Round 20,2022-07-30,10713
Carlton,Sam Docherty,5,24,22,68.8,0,0,0,2,0,0,2,2,706,11,3,0,85,2022,Round 20,2022-07-30,10713
Carlton,Adam Saad,7,13,19,73.1,2,0,0,1,4,0,0,1,388,4,9,0,82,2022,Round 20,2022-07-30,10713
Carlton,Matthew Kennedy 1,15,9,16,66.7,0,0,0,0,0,1,3,1,305,6,6,0,67,2022,Round 20,2022-07-30,10713
Carlton,Adam Cerra,9,20,21,87.5,1,0,0,5,0,0,4,2,242,4,1,2,78,2022,Round 20,2022-07-30,10713
Carlton,Mitch Mcgovern,3,15,16,88.9,0,1,0,4,0,0,0,4,341,7,7,0,77,2022,Round 20,2022-07-30,10713
Carlton,Lochie O Brien,2,15,12,66.7,1,0,0,1,1,0,0,2,535,4,3,0,81,2022,Round 20,2022-07-30,10713
Carlton,Zac Fisher,5,11,9,52.9,0,1,0,0,0,0,5,2,347,9,1,1,78,2022,Round 20,2022-07-30,10713
Carlton,Will Setterfield,5,12,12,75.0,0,0,0,2,0,0,0,0,198,3,5,0,83,2022,Round 20,2022-07-30,10713
Carlton,Lewis Young,5,8,10,71.4,1,0,0,18,0,0,0,1,229,3,8,0,100,2022,Round 20,2022-07-30,10713
Carlton,Jack Silvagni,4,7,12,92.3,1,0,1,0,1,0,2,3,235,1,0,1,50,2022,Round 20,2022-07-30,10713
Carlton,Jesse Motlop,9,5,9,69.2,0,1,0,2,0,0,0,4,133,2,1,2,84,2022,Round 20,2022-07-30,10713
Carlton,Lachlan Plowman,6,5,7,63.6,1,0,0,2,0,0,2,0,152,3,7,0,84,2022,Round 20,2022-07-30,10713
Carlton,Jacob Weitering,5,7,9,81.8,1,0,0,6,0,0,0,3,345,2,10,0,100,2022,Round 20,2022-07-30,10713
Carlton,Matt Cottrell,2,8,8,80.0,1,0,2,0,1,0,1,4,271,3,0,0,92,2022,Round 20,2022-07-30,10713
Carlton,Marc Pittonet,5,2,7,87.5,1,0,0,2,0,0,2,1,51,2,2,0,75,2022,Round 20,2022-07-30,10713
Carlton,Charlie Curnow,3,4,6,75.0,0,1,0,5,0,0,0,6,211,1,1,0,94,2022,Round 20,2022-07-30,10713
Carlton,Tom De Koning,3,6,6,75.0,0,1,0,2,0,0,0,4,145,4,0,0,83,2022,Round 20,2022-07-30,10713
Carlton,Matt Owies,3,6,5,62.5,0,0,2,2,0,0,0,3,87,3,0,1,83,2022,Round 20,2022-07-30,10713
Carlton,Harry Mckay,5,3,5,71.4,3,0,2,1,0,0,0,4,104,0,1,1,92,2022,Round 20,2022-07-30,10713
Carlton,Nic Newman,3,2,2,40.0,0,0,0,3,0,0,0,1,152,1,2,0,33,2022,Round 20,2022-07-30,10713
Carlton,Corey Durdin,1,3,0,0.0,0,0,0,0,0,0,0,0,119,4,1,0,29,2022,Round 20,2022-07-30,10713
Geelong,Patrick Dangerfield,10,14,12,46.2,0,0,1,4,0,4,3,7,537,4,2,0,63,2022,Round 20,2022-07-30,10708
Geelong,Isaac Smith,7,17,17,65.4,0,1,2,0,0,0,0,9,499,6,4,0,88,2022,Round 20,2022-07-30,10708
Geelong,Cameron Guthrie,16,9,12,48.0,1,0,2,1,0,0,5,6,324,3,4,1,70,2022,Round 20,2022-07-30,10708
Geelong,Mitchell Duncan,3,18,17,73.9,0,0,0,3,0,1,1,6,421,4,2,0,91,2022,Round 20,2022-07-30,10708
Geelong,Thomas Stewart,4,14,20,90.9,1,1,0,5,0,0,0,4,490,3,7,0,88,2022,Round 20,2022-07-30,10708
Geelong,Zach Guthrie,5,15,17,81.0,0,1,0,4,0,0,0,6,377,4,5,0,77,2022,Round 20,2022-07-30,10708
Geelong,Bradley Close,3,16,14,73.7,0,2,1,2,0,0,0,8,304,1,2,3,83,2022,Round 20,2022-07-30,10708
Geelong,Jeremy Cameron,7,14,12,66.7,2,0,3,2,0,0,1,7,277,5,2,0,98,2022,Round 20,2022-07-30,10708
Geelong,Max Holmes,5,13,14,77.8,0,3,0,2,0,0,1,4,368,5,2,0,86,2022,Round 20,2022-07-30,10708
Geelong,Tyson Stengle,6,10,12,75.0,0,1,0,2,0,0,2,7,313,5,1,0,84,2022,Round 20,2022-07-30,10708
Geelong,Tom Atkins,6,7,10,66.7,0,0,0,1,0,0,1,2,208,3,3,0,63,2022,Round 20,2022-07-30,10708
Geelong,Gryan Miers,5,10,12,85.7,0,2,2,1,0,1,0,7,228,0,2,1,81,2022,Round 20,2022-07-30,10708
Geelong,Sam De Koning,5,9,13,92.9,2,0,0,8,0,0,0,1,214,0,6,0,90,2022,Round 20,2022-07-30,10708
Geelong,Joel Selwood,9,4,8,61.5,0,0,0,2,0,3,1,3,78,2,3,0,67,2022,Round 20,2022-07-30,10708
Geelong,Mark Blicavs,7,7,7,53.8,1,0,0,5,0,2,0,1,217,7,2,1,83,2022,Round 20,2022-07-30,10708
Geelong,Jack Henry,4,7,9,69.2,0,0,0,3,0,0,0,2,104,2,6,0,100,2022,Round 20,2022-07-30,10708
Geelong,Jake Kolodjashnij,5,6,11,91.7,1,0,0,4,0,0,1,2,116,1,3,0,83,2022,Round 20,2022-07-30,10708
Geelong,Jonathon Ceglar,11,1,5,45.5,0,0,0,5,0,2,2,2,161,3,1,0,65,2022,Round 20,2022-07-30,10708
Geelong,Tom Hawkins,3,8,5,50.0,1,1,4,1,0,0,1,9,325,2,0,2,95,2022,Round 20,2022-07-30,10708
Geelong,Mark O Connor,3,7,6,60.0,0,0,0,1,0,0,0,1,155,1,3,0,81,2022,Round 20,2022-07-30,10708
Geelong,Jed Bews,2,6,8,88.9,0,0,0,0,0,0,0,1,144,1,3,0,87,2022,Round 20,2022-07-30,10708
Geelong,Gary Rohan,2,6,5,71.4,0,0,1,1,0,1,0,4,106,1,1,1,53,2022,Round 20,2022-07-30,10708
Geelong,Brandan Parfitt,2,2,4,100.0,0,0,1,0,0,0,0,1,16,0,1,0,24,2022,Round 20,2022-07-30,10708
Western Bulldogs,Thomas Liberatore,16,12,21,75.0,0,0,1,1,0,3,7,8,373,4,4,1,81,2022,Round 20,2022-07-30,10708
Western Bulldogs,Ed Richards,8,19,22,78.6,1,0,0,1,1,0,1,6,456,1,6,0,81,2022,Round 20,2022-07-30,10708
Western Bulldogs,Bailey Dale,1,19,20,80.0,0,1,0,3,1,0,1,4,615,3,4,0,81,2022,Round 20,2022-07-30,10708
Western Bulldogs,Caleb Daniel,5,16,16,64.0,0,0,0,2,1,0,0,3,260,5,5,0,79,2022,Round 20,2022-07-30,10708
Western Bulldogs,Josh Dunkley,14,11,17,68.0,2,1,3,0,0,1,2,8,239,4,6,5,84,2022,Round 20,2022-07-30,10708
Western Bulldogs,Marcus Bontempelli,5,17,16,69.6,1,0,0,2,0,1,2,6,430,3,1,3,82,2022,Round 20,2022-07-30,10708
Western Bulldogs,Jackson Macrae,10,13,16,76.2,0,1,0,2,1,5,2,4,197,4,1,0,80,2022,Round 20,2022-07-30,10708
Western Bulldogs,Bailey Smith,8,15,12,57.1,0,1,0,1,0,1,1,2,350,6,3,0,83,2022,Round 20,2022-07-30,10708
Western Bulldogs,Robbie Mccomb,7,14,13,68.4,0,0,0,1,0,0,0,4,235,6,2,0,76,2022,Round 20,2022-07-30,10708
Western Bulldogs,Bailey Williams,5,11,8,50.0,0,1,0,4,0,0,2,5,331,3,3,1,81,2022,Round 20,2022-07-30,10708
Western Bulldogs,Buku Khamis,6,7,11,84.6,0,0,0,4,0,0,1,3,207,2,7,0,85,2022,Round 20,2022-07-30,10708
Western Bulldogs,Cody Weightman,3,10,9,69.2,0,0,2,1,0,0,0,7,238,2,0,3,75,2022,Round 20,2022-07-30,10708
Western Bulldogs,Jason Johannisen,4,8,9,75.0,0,0,1,0,0,0,1,3,244,2,0,1,77,2022,Round 20,2022-07-30,10708
Western Bulldogs,Zaine Cordy,4,9,9,75.0,0,0,0,7,0,0,1,1,73,1,5,0,96,2022,Round 20,2022-07-30,10708
Western Bulldogs,Riley Garcia,2,10,12,100.0,0,1,0,0,0,0,0,2,121,0,1,0,77,2022,Round 20,2022-07-30,10708
Western Bulldogs,Ryan Gardner,6,5,9,81.8,2,0,0,7,0,0,0,0,68,3,7,0,100,2022,Round 20,2022-07-30,10708
Western Bulldogs,Timothy English,7,4,7,63.6,0,0,0,2,0,0,2,6,127,0,3,0,85,2022,Round 20,2022-07-30,10708
Western Bulldogs,Mitchell Hannan,5,6,6,60.0,0,0,0,1,0,0,1,2,172,4,3,0,77,2022,Round 20,2022-07-30,10708
Western Bulldogs,Rhylee West,5,6,4,40.0,1,0,1,1,1,0,0,2,280,5,1,3,74,2022,Round 20,2022-07-30,10708
Western Bulldogs,Josh Bruce,3,7,6,66.7,1,0,1,1,0,0,0,2,133,3,1,0,79,2022,Round 20,2022-07-30,10708
Western Bulldogs,Jamarra Ugle Hagan,4,5,6,66.7,1,0,3,1,0,0,0,4,214,3,0,1,81,2022,Round 20,2022-07-30,10708
Western Bulldogs,Aaron Naughton,5,3,4,50.0,2,1,0,0,0,0,0,4,181,1,1,1,85,2022,Round 20,2022-07-30,10708
Gold Coast,Touk Miller,21,11,16,51.6,0,3,0,0,0,4,12,7,591,10,1,0,92,2022,Round 20,2022-07-31,10709
Gold Coast,Noah Anderson,11,19,21,72.4,0,3,0,0,0,2,4,9,307,7,4,0,83,2022,Round 20,2022-07-31,10709
Gold Coast,David Swallow,13,9,17,77.3,1,0,0,1,0,5,2,5,145,2,4,1,78,2022,Round 20,2022-07-31,10709
Gold Coast,Matt Rowell,14,5,15,78.9,0,0,0,1,0,3,3,4,254,4,3,0,85,2022,Round 20,2022-07-31,10709
Gold Coast,Jeremy Sharp,3,15,14,73.7,0,0,1,0,2,0,0,6,607,3,3,0,75,2022,Round 20,2022-07-31,10709
Gold Coast,Rory Atkins,5,10,8,47.1,0,0,0,0,2,0,0,3,445,8,4,0,75,2022,Round 20,2022-07-31,10709
Gold Coast,Darcy Macpherson,5,11,6,37.5,0,1,2,1,0,1,0,4,261,1,3,1,60,2022,Round 20,2022-07-31,10709
Gold Coast,Elijah Hollands,7,7,12,85.7,0,1,0,1,0,1,2,3,196,2,2,0,75,2022,Round 20,2022-07-31,10709
Gold Coast,Oleg Markov,4,9,10,76.9,0,1,0,0,0,0,1,3,288,2,3,0,78,2022,Round 20,2022-07-31,10709
Gold Coast,Jack Lukosius,6,6,9,69.2,1,0,0,1,0,0,2,5,325,3,2,1,87,2022,Round 20,2022-07-31,10709
Gold Coast,Sean Lemmens,5,5,9,75.0,0,0,0,2,0,0,0,3,188,3,5,0,87,2022,Round 20,2022-07-31,10709
Gold Coast,Ben Ainsworth,1,11,7,58.3,0,2,2,0,0,0,0,8,280,2,0,2,83,2022,Round 20,2022-07-31,10709
Gold Coast,Izak Rankine,5,7,9,75.0,0,1,2,1,0,0,0,7,285,2,2,1,84,2022,Round 20,2022-07-31,10709
Gold Coast,Samuel Collins,7,5,9,81.8,1,0,0,9,0,0,0,3,79,0,9,0,100,2022,Round 20,2022-07-31,10709
Gold Coast,Jarrod Witts,6,4,6,60.0,2,1,1,1,0,1,1,5,116,4,3,0,88,2022,Round 20,2022-07-31,10709
Gold Coast,Malcolm Rosas,4,7,6,66.7,0,0,0,0,0,0,1,3,200,3,1,1,59,2022,Round 20,2022-07-31,10709
Gold Coast,Mac Andrew,3,6,8,88.9,0,0,0,2,0,0,0,2,172,0,3,0,77,2022,Round 20,2022-07-31,10709
Gold Coast,Jy Farrar,1,7,5,62.5,1,0,0,3,1,0,0,1,136,1,1,0,83,2022,Round 20,2022-07-31,10709
Gold Coast,Mabior Chol,7,2,7,100.0,3,0,4,2,0,0,0,5,141,0,1,0,86,2022,Round 20,2022-07-31,10709
Gold Coast,Nicholas Holman,6,3,6,85.7,0,1,0,1,2,0,0,3,120,2,1,4,81,2022,Round 20,2022-07-31,10709
Gold Coast,Levi Casboult,4,2,4,66.7,0,0,1,2,0,0,1,5,59,0,1,1,84,2022,Round 20,2022-07-31,10709
Gold Coast,Caleb Graham,1,5,5,83.3,1,0,0,6,0,0,0,1,132,2,1,0,100,2022,Round 20,2022-07-31,10709
West Coast,Tim Kelly,11,19,21,75.0,0,3,0,0,1,5,2,10,607,5,3,1,85,2022,Round 20,2022-07-31,10709
West Coast,Shannon Hurn,6,14,26,100.0,1,1,0,0,1,0,1,4,364,0,4,0,78,2022,Round 20,2022-07-31,10709
West Coast,Luke Shuey,9,15,17,70.8,0,3,0,1,0,1,3,6,197,3,3,0,75,2022,Round 20,2022-07-31,10709
West Coast,Jack Redden,8,15,20,87.0,0,0,1,1,0,1,0,9,217,2,6,0,87,2022,Round 20,2022-07-31,10709
West Coast,Andrew Gaff,6,19,15,65.2,1,0,0,0,0,0,1,3,238,7,4,1,89,2022,Round 20,2022-07-31,10709
West Coast,Liam Duggan,5,14,18,81.8,0,1,0,2,2,0,0,5,320,3,4,1,84,2022,Round 20,2022-07-31,10709
West Coast,Luke Foley,7,13,16,72.7,0,0,0,1,2,0,2,1,300,4,9,0,93,2022,Round 20,2022-07-31,10709
West Coast,Tom Barrass,4,15,17,89.5,3,0,0,5,0,0,0,0,321,3,6,0,100,2022,Round 20,2022-07-31,10709
West Coast,Jamaine Jones,9,8,14,77.8,0,0,0,1,1,0,2,6,279,2,5,0,79,2022,Round 20,2022-07-31,10709
West Coast,Xavier O Neill,5,11,10,58.8,0,0,0,0,0,0,1,4,327,5,2,0,77,2022,Round 20,2022-07-31,10709
West Coast,Connor West,3,14,11,64.7,0,0,1,0,1,0,1,4,263,2,0,0,59,2022,Round 20,2022-07-31,10709
West Coast,Liam Ryan,7,9,8,50.0,1,2,2,2,3,0,0,5,265,4,5,0,81,2022,Round 20,2022-07-31,10709
West Coast,Nicholas Naitanui,11,5,10,66.7,0,0,0,5,0,2,1,4,30,0,1,2,72,2022,Round 20,2022-07-31,10709
West Coast,Jack Darling,6,7,12,85.7,3,0,5,0,0,0,0,7,200,2,1,0,100,2022,Round 20,2022-07-31,10709
West Coast,Willie Rioli,5,11,11,78.6,0,1,0,2,0,2,2,6,179,1,0,1,83,2022,Round 20,2022-07-31,10709
West Coast,Jamie Cripps,4,10,8,61.5,0,1,3,0,1,0,1,7,241,4,0,1,90,2022,Round 20,2022-07-31,10709
West Coast,Jack Petruccelle,4,9,7,53.8,1,0,2,0,1,1,0,6,398,2,2,1,66,2022,Round 20,2022-07-31,10709
West Coast,Brady Hough,1,8,8,72.7,0,0,0,1,0,0,0,1,240,4,3,0,73,2022,Round 20,2022-07-31,10709
West Coast,Jai Culley,3,8,7,70.0,0,0,0,1,0,1,0,1,117,1,0,0,54,2022,Round 20,2022-07-31,10709
West Coast,Jake Waterman,4,5,6,75.0,0,0,2,1,0,0,0,4,56,0,0,0,92,2022,Round 20,2022-07-31,10709
West Coast,Bailey Williams 1,3,2,4,66.7,0,0,1,1,0,0,2,2,82,1,0,0,70,2022,Round 20,2022-07-31,10709
West Coast,Harry Edwards,2,4,5,83.3,2,0,0,2,0,0,0,1,47,0,4,0,94,2022,Round 20,2022-07-31,10709
West Coast,Hugh Dixon,1,1,3,100.0,0,2,0,1,0,0,0,2,14,0,0,0,19,2022,Round 20,2022-07-31,10709
Richmond,Dion Prestia,12,13,16,61.5,0,0,0,2,1,3,2,5,524,8,5,0,82,2022,Round 20,2022-07-31,10710
Richmond,Trent Cotchin,8,14,11,45.8,0,1,1,0,0,2,2,6,271,5,5,0,82,2022,Round 20,2022-07-31,10710
Richmond,Shai Bolton,5,19,16,66.7,1,1,3,2,2,4,0,12,711,2,1,0,90,2022,Round 20,2022-07-31,10710
Richmond,Kamdyn Mcintosh,7,12,14,70.0,0,0,0,6,1,0,1,5,335,3,2,0,86,2022,Round 20,2022-07-31,10710
Richmond,Tyler Sonsie,9,11,17,85.0,0,0,0,0,0,1,1,6,279,3,5,0,79,2022,Round 20,2022-07-31,10710
Richmond,Nick Vlastuin,2,14,17,89.5,0,1,0,5,0,1,0,5,436,2,5,0,81,2022,Round 20,2022-07-31,10710
Richmond,Toby Nankervis,9,8,11,57.9,0,1,0,4,0,1,5,4,91,5,1,0,76,2022,Round 20,2022-07-31,10710
Richmond,Jayden Short,8,9,11,64.7,0,0,0,3,0,0,2,3,286,6,4,0,79,2022,Round 20,2022-07-31,10710
Richmond,Daniel Rioli,6,8,16,100.0,1,0,0,2,1,0,0,6,289,0,6,0,78,2022,Round 20,2022-07-31,10710
Richmond,Thomas Lynch,11,6,8,53.3,5,0,4,1,0,0,0,7,298,6,2,0,94,2022,Round 20,2022-07-31,10710
Richmond,Liam Baker,8,7,9,60.0,0,0,0,2,0,0,1,6,178,2,8,0,82,2022,Round 20,2022-07-31,10710
Richmond,Marlion Pickett,7,5,7,53.8,0,1,0,0,1,1,0,4,263,5,4,0,73,2022,Round 20,2022-07-31,10710
Richmond,Jack Ross,3,10,11,84.6,0,0,0,0,0,1,1,2,267,1,0,0,67,2022,Round 20,2022-07-31,10710
Richmond,Shane Edwards,4,6,11,91.7,1,1,1,0,0,1,0,5,189,0,1,0,77,2022,Round 20,2022-07-31,10710
Richmond,Jack Riewoldt,6,5,10,90.9,1,1,2,1,0,0,0,9,258,1,1,1,89,2022,Round 20,2022-07-31,10710
Richmond,Jack Graham,4,7,8,72.7,0,0,1,2,0,0,1,4,251,1,0,0,84,2022,Round 20,2022-07-31,10710
Richmond,Noah Balta,6,4,3,30.0,1,0,1,1,1,0,0,2,162,4,4,1,84,2022,Round 20,2022-07-31,10710
Richmond,Nathan Broad,3,5,6,75.0,0,0,0,5,0,0,0,1,190,1,4,0,80,2022,Round 20,2022-07-31,10710
Richmond,Noah Cumberland,4,3,7,87.5,0,1,1,0,0,0,1,6,168,2,0,3,84,2022,Round 20,2022-07-31,10710
Richmond,Robert Tarrant,1,3,6,100.0,0,0,0,3,0,0,0,2,131,0,3,0,98,2022,Round 20,2022-07-31,10710
Richmond,Dylan Grimes,1,3,4,80.0,0,0,0,7,0,0,0,0,29,1,1,0,46,2022,Round 20,2022-07-31,10710
Richmond,Ben Miller,2,3,5,100.0,0,0,0,8,0,0,1,1,104,1,2,0,71,2022,Round 20,2022-07-31,10710
Richmond,Maurice Rioli 1,0,2,2,66.7,0,1,0,0,2,0,0,3,108,0,0,1,39,2022,Round 20,2022-07-31,10710
Brisbane Lions,Lachie Neale,18,15,21,67.7,0,0,0,1,0,6,2,7,388,5,5,0,88,2022,Round 20,2022-07-31,10710
Brisbane Lions,Keidean Coleman,7,20,21,70.0,0,1,0,2,0,0,1,7,742,7,9,0,74,2022,Round 20,2022-07-31,10710
Brisbane Lions,Hugh Mccluggage,10,17,18,69.2,0,0,0,1,1,1,5,9,406,2,1,1,80,2022,Round 20,2022-07-31,10710
Brisbane Lions,Dayne Zorko,4,20,16,64.0,0,0,0,1,0,0,1,6,365,4,0,0,88,2022,Round 20,2022-07-31,10710
Brisbane Lions,Jarryd Lyons,7,14,17,81.0,1,0,1,0,1,1,1,6,378,4,1,0,74,2022,Round 20,2022-07-31,10710
Brisbane Lions,Rhys Mathieson,13,6,14,73.7,0,0,0,0,0,2,6,4,212,5,2,0,77,2022,Round 20,2022-07-31,10710
Brisbane Lions,Cameron Rayner,10,8,11,68.8,0,1,0,2,0,0,2,6,253,3,1,0,75,2022,Round 20,2022-07-31,10710
Brisbane Lions,Darcy Gardiner,7,8,12,80.0,1,0,0,2,0,0,0,4,198,5,8,0,89,2022,Round 20,2022-07-31,10710
Brisbane Lions,Daniel Mcstay,4,10,10,66.7,1,0,1,1,0,0,0,5,292,3,1,0,85,2022,Round 20,2022-07-31,10710
Brisbane Lions,Callum Ah Chee,7,6,12,80.0,1,0,0,1,0,1,0,2,181,2,6,0,83,2022,Round 20,2022-07-31,10710
Brisbane Lions,Mitch Robinson,9,6,9,64.3,0,0,0,2,0,0,3,7,372,2,3,1,72,2022,Round 20,2022-07-31,10710
Brisbane Lions,Jarrod Berry,5,10,10,71.4,1,1,0,1,0,0,2,5,283,1,1,0,76,2022,Round 20,2022-07-31,10710
Brisbane Lions,Lincoln Mccarthy,3,11,11,84.6,2,0,3,0,0,0,1,4,228,3,0,0,70,2022,Round 20,2022-07-31,10710
Brisbane Lions,Joe Daniher,5,7,6,46.2,0,0,1,0,0,1,0,5,293,5,0,1,96,2022,Round 20,2022-07-31,10710
Brisbane Lions,Charlie Cameron,2,8,6,54.5,0,1,4,0,0,0,1,8,267,3,0,2,88,2022,Round 20,2022-07-31,10710
Brisbane Lions,Eric Hipwood,4,6,6,60.0,1,0,5,0,0,0,0,8,238,0,0,0,85,2022,Round 20,2022-07-31,10710
Brisbane Lions,Oscar Mcinerney,6,6,8,80.0,0,0,0,2,0,1,1,5,48,2,1,0,85,2022,Round 20,2022-07-31,10710
Brisbane Lions,Noah Answerth,5,3,9,90.0,1,0,0,3,0,1,0,3,189,0,4,0,86,2022,Round 20,2022-07-31,10710
Brisbane Lions,Nakia Cockatoo,3,6,7,77.8,1,1,0,3,0,0,0,1,199,1,5,0,76,2022,Round 20,2022-07-31,10710
Brisbane Lions,Zac Bailey,2,7,8,88.9,0,0,0,0,0,0,0,5,153,0,2,0,30,2022,Round 20,2022-07-31,10710
Brisbane Lions,Harris Andrews,2,3,6,100.0,1,0,0,12,0,0,0,0,158,1,4,0,94,2022,Round 20,2022-07-31,10710
Brisbane Lions,Marcus Adams,2,5,4,66.7,0,1,0,4,0,0,0,2,217,4,2,0,97,2022,Round 20,2022-07-31,10710
Brisbane Lions,Darcy Fort,5,0,3,60.0,0,0,0,2,0,0,2,2,37,1,3,0,32,2022,Round 20,2022-07-31,10710
Essendon,Zachary Merrett,13,25,23,60.5,0,0,0,0,0,2,6,10,688,7,4,4,86,2022,Round 20,2022-07-31,10707
Essendon,Mason Redman,5,26,31,96.9,2,1,0,3,0,0,0,8,607,2,8,0,85,2022,Round 20,2022-07-31,10707
Essendon,Dyson Heppell,5,22,26,92.9,1,0,0,3,0,0,2,5,321,2,2,0,83,2022,Round 20,2022-07-31,10707
Essendon,Nick Hind,5,17,18,75.0,1,1,0,3,4,0,0,4,553,8,7,0,75,2022,Round 20,2022-07-31,10707
Essendon,Jayden Laverde,8,15,20,87.0,1,2,0,2,0,0,1,5,365,3,9,1,90,2022,Round 20,2022-07-31,10707
Essendon,Kyle Langford,4,17,18,85.7,0,0,1,0,0,1,1,6,416,3,3,2,87,2022,Round 20,2022-07-31,10707
Essendon,Jordan Ridley,4,12,17,85.0,0,0,0,3,0,0,1,6,362,2,5,0,85,2022,Round 20,2022-07-31,10707
Essendon,Jake Kelly,3,16,17,89.5,1,0,0,3,0,0,0,2,248,7,6,0,93,2022,Round 20,2022-07-31,10707
Essendon,Will Snelling,6,14,18,94.7,0,0,1,1,0,0,0,6,227,4,2,3,78,2022,Round 20,2022-07-31,10707
Essendon,Sam Durham,2,16,17,94.4,0,1,0,2,4,0,0,4,230,3,4,0,83,2022,Round 20,2022-07-31,10707
Essendon,Ben Hobbs,2,15,14,82.4,0,0,0,0,0,0,0,4,189,1,0,1,71,2022,Round 20,2022-07-31,10707
Essendon,Nicholas Martin,7,11,15,88.2,0,1,0,1,0,1,0,4,111,1,4,1,79,2022,Round 20,2022-07-31,10707
Essendon,Jake Stringer,4,9,10,71.4,0,1,2,2,0,0,1,11,380,1,2,3,79,2022,Round 20,2022-07-31,10707
Essendon,Brandon Zerk Thatcher,4,11,12,85.7,0,0,0,11,0,0,0,2,146,1,9,0,87,2022,Round 20,2022-07-31,10707
Essendon,James Stewart,4,10,10,76.9,2,2,3,2,0,0,0,5,112,3,2,0,75,2022,Round 20,2022-07-31,10707
Essendon,Peter Wright,2,12,7,53.8,1,0,3,2,0,0,0,6,207,4,1,0,100,2022,Round 20,2022-07-31,10707
Essendon,Matt Guelfi,5,8,9,69.2,1,1,0,3,0,0,2,7,228,3,0,0,79,2022,Round 20,2022-07-31,10707
Essendon,Jye Caldwell,7,9,11,84.6,1,2,0,1,0,0,2,5,34,2,2,0,58,2022,Round 20,2022-07-31,10707
Essendon,Massimo D Ambrosio,4,9,11,84.6,0,0,0,0,0,0,0,1,177,2,4,0,84,2022,Round 20,2022-07-31,10707
Essendon,Jye Menzie,3,6,10,100.0,0,1,0,0,0,0,0,3,88,0,2,1,25,2022,Round 20,2022-07-31,10707
Essendon,Archie Perkins,4,5,8,88.9,0,2,1,0,0,0,0,5,104,1,2,0,74,2022,Round 20,2022-07-31,10707
Essendon,Sam Draper,4,6,6,75.0,0,0,0,6,0,2,0,6,121,1,1,0,75,2022,Round 20,2022-07-31,10707
Essendon,Harrison Jones 1,2,5,7,100.0,2,0,2,0,0,0,0,4,98,1,0,0,68,2022,Round 20,2022-07-31,10707
North Melbourne,Jy Simpkin,10,31,29,70.7,0,0,0,2,0,4,2,7,555,10,2,0,91,2022,Round 20,2022-07-31,10707
North Melbourne,Jaidyn Stephenson,8,17,26,76.5,0,1,0,1,0,0,2,3,551,6,8,0,85,2022,Round 20,2022-07-31,10707
North Melbourne,Luke Davies Uniacke,6,17,21,91.3,0,0,0,1,1,4,1,5,416,4,1,0,83,2022,Round 20,2022-07-31,10707
North Melbourne,Luke Mcdonald,5,11,19,90.5,2,0,0,6,0,0,0,1,418,3,8,0,90,2022,Round 20,2022-07-31,10707
North Melbourne,Jason Horne Francis,9,14,16,76.2,1,0,0,0,0,0,3,5,239,3,3,0,76,2022,Round 20,2022-07-31,10707
North Melbourne,Jed Anderson,6,14,12,60.0,0,0,1,1,0,2,0,6,346,3,2,0,72,2022,Round 20,2022-07-31,10707
North Melbourne,Tom Powell,7,14,13,65.0,0,0,0,0,1,2,2,4,355,6,3,0,65,2022,Round 20,2022-07-31,10707
North Melbourne,Bailey Scott,2,17,13,68.4,0,0,0,1,1,0,1,6,364,1,0,0,81,2022,Round 20,2022-07-31,10707
North Melbourne,Todd Goldstein,12,8,10,55.6,0,0,0,1,0,2,5,7,297,4,1,0,94,2022,Round 20,2022-07-31,10707
North Melbourne,Cameron Zurhaar,6,11,15,83.3,1,0,2,0,0,1,0,7,347,5,1,0,83,2022,Round 20,2022-07-31,10707
North Melbourne,Hugh Greenwood,9,9,15,88.2,1,0,1,1,0,5,2,3,113,2,1,0,69,2022,Round 20,2022-07-31,10707
North Melbourne,Jack Ziebell,7,10,11,68.8,0,1,0,1,0,0,1,4,11,4,3,1,75,2022,Round 20,2022-07-31,10707
North Melbourne,Kayne Turner,5,10,13,81.2,0,0,0,1,0,0,0,4,177,3,6,0,81,2022,Round 20,2022-07-31,10707
North Melbourne,Callum Coleman Jones,4,11,10,66.7,0,0,0,0,0,0,0,1,158,5,4,0,68,2022,Round 20,2022-07-31,10707
North Melbourne,Curtis Taylor,4,13,10,66.7,0,0,0,2,0,0,0,1,248,7,5,0,88,2022,Round 20,2022-07-31,10707
North Melbourne,Kallan Dawson,2,12,11,84.6,0,0,0,5,1,0,0,2,202,2,2,0,93,2022,Round 20,2022-07-31,10707
North Melbourne,Aiden Bonar,1,8,9,90.0,0,0,0,6,0,0,1,0,166,2,1,0,78,2022,Round 20,2022-07-31,10707
North Melbourne,Charlie Lazzaro,4,6,9,90.0,0,1,0,0,0,0,1,3,137,1,1,1,83,2022,Round 20,2022-07-31,10707
North Melbourne,Ben Mckay,7,2,6,85.7,0,0,0,10,0,0,0,2,31,1,7,0,93,2022,Round 20,2022-07-31,10707
North Melbourne,Nick Larkey,3,4,4,57.1,2,0,3,0,0,0,0,4,123,2,1,0,93,2022,Round 20,2022-07-31,10707
North Melbourne,Phoenix Spicer,2,5,4,57.1,0,1,0,0,0,0,0,3,116,2,2,0,77,2022,Round 20,2022-07-31,10707
North Melbourne,Jackson Archer,3,3,5,83.3,0,0,0,3,0,0,1,1,88,2,1,1,80,2022,Round 20,2022-07-31,10707
Melbourne,Clayton Oliver,24,21,29,69.0,0,1,0,2,0,3,11,7,412,10,3,0,88,2022,Round 21,2022-08-05,10719
Melbourne,Christian Petracca,12,24,25,69.4,0,1,0,0,0,1,2,10,553,5,2,1,88,2022,Round 21,2022-08-05,10719
Melbourne,Angus Brayshaw,14,17,19,59.4,0,1,0,1,0,3,2,5,472,7,4,0,74,2022,Round 21,2022-08-05,10719
Melbourne,Max Gawn,14,14,15,48.4,4,1,2,5,0,5,5,8,490,9,5,1,91,2022,Round 21,2022-08-05,10719
Melbourne,Jack Viney,13,17,20,66.7,0,1,0,2,0,6,2,6,368,6,1,2,87,2022,Round 21,2022-08-05,10719
Melbourne,Christian Salem,6,13,19,79.2,0,0,0,1,0,1,1,9,389,1,5,1,84,2022,Round 21,2022-08-05,10719
Melbourne,James Jordon,7,17,20,83.3,0,0,0,0,0,0,1,3,315,4,5,0,85,2022,Round 21,2022-08-05,10719
Melbourne,Ed Langdon,5,18,14,63.6,0,0,1,1,0,0,0,3,371,8,4,0,100,2022,Round 21,2022-08-05,10719
Melbourne,Steven May,8,5,14,77.8,2,0,0,6,0,0,0,2,196,3,12,0,100,2022,Round 21,2022-08-05,10719
Melbourne,Luke Jackson,11,5,11,64.7,2,2,0,2,0,2,1,5,158,1,1,1,69,2022,Round 21,2022-08-05,10719
Melbourne,Ben Brown,7,11,11,68.8,3,0,4,4,0,0,0,8,206,5,1,0,76,2022,Round 21,2022-08-05,10719
Melbourne,Jake Lever,4,8,10,71.4,1,0,0,3,0,0,0,1,135,1,7,0,89,2022,Round 21,2022-08-05,10719
Melbourne,Alex Neal Bullen,2,13,11,78.6,0,0,0,1,0,0,1,5,256,3,1,0,79,2022,Round 21,2022-08-05,10719
Melbourne,Kysaiah Pickett,5,5,9,69.2,0,0,0,1,0,0,1,3,163,0,1,0,77,2022,Round 21,2022-08-05,10719
Melbourne,Trent Rivers,5,6,7,58.3,1,0,0,0,0,0,2,1,201,2,3,0,63,2022,Round 21,2022-08-05,10719
Melbourne,Michael Hibberd,4,7,9,81.8,0,0,0,4,0,0,0,1,307,1,4,0,87,2022,Round 21,2022-08-05,10719
Melbourne,Bayley Fritsch,6,7,9,81.8,1,1,1,0,0,0,1,4,149,2,0,0,87,2022,Round 21,2022-08-05,10719
Melbourne,Jayden Hunt,6,4,7,77.8,0,0,0,2,0,0,1,4,108,0,3,0,82,2022,Round 21,2022-08-05,10719
Melbourne,Charlie Spargo,0,9,7,77.8,0,0,0,5,0,0,0,4,157,0,0,0,59,2022,Round 21,2022-08-05,10719
Melbourne,Tom Sparrow,3,7,8,88.9,0,0,1,0,0,0,0,2,32,1,1,0,63,2022,Round 21,2022-08-05,10719
Melbourne,Jake Melksham,5,3,6,75.0,0,1,2,0,0,0,0,3,86,1,0,2,77,2022,Round 21,2022-08-05,10719
Melbourne,Harrison Petty,1,6,7,100.0,1,0,0,6,0,0,0,1,158,1,1,0,96,2022,Round 21,2022-08-05,10719
Collingwood,Nick Daicos,10,17,25,80.6,0,1,0,1,2,0,1,3,464,3,10,0,82,2022,Round 21,2022-08-05,10719
Collingwood,Jordan De Goey,12,12,17,68.0,0,1,0,0,1,4,5,6,476,6,1,0,89,2022,Round 21,2022-08-05,10719
Collingwood,Jack Crisp,13,11,18,75.0,0,0,0,1,0,1,3,4,542,1,6,1,83,2022,Round 21,2022-08-05,10719
Collingwood,Scott Pendlebury,11,12,14,70.0,0,1,0,3,0,0,2,7,205,4,6,0,86,2022,Round 21,2022-08-05,10719
Collingwood,Steele Sidebottom,8,13,14,70.0,0,1,0,5,1,0,2,4,426,6,4,0,97,2022,Round 21,2022-08-05,10719
Collingwood,Jeremy Howe,10,10,16,88.9,1,1,0,6,1,0,0,4,318,2,9,0,97,2022,Round 21,2022-08-05,10719
Collingwood,Brayden Maynard,6,13,14,77.8,1,0,0,4,0,0,1,1,351,6,6,0,80,2022,Round 21,2022-08-05,10719
Collingwood,Patrick Lipinski,7,10,12,70.6,0,2,1,1,0,0,5,6,316,2,0,3,77,2022,Round 21,2022-08-05,10719
Collingwood,Josh Carmichael,10,5,6,35.3,0,0,0,0,0,0,2,4,210,6,5,0,64,2022,Round 21,2022-08-05,10719
Collingwood,Josh Daicos,4,12,9,60.0,0,0,0,0,0,1,0,4,266,6,1,1,88,2022,Round 21,2022-08-05,10719
Collingwood,Nathan Murphy,3,9,12,80.0,0,0,0,2,0,0,0,2,309,4,6,0,85,2022,Round 21,2022-08-05,10719
Collingwood,John Noble,2,12,12,80.0,0,0,0,1,0,0,0,3,338,2,2,0,83,2022,Round 21,2022-08-05,10719
Collingwood,Jamie Elliott 1,7,6,7,53.8,1,0,2,1,0,0,1,4,172,4,2,3,84,2022,Round 21,2022-08-05,10719
Collingwood,Darcy Moore,6,4,10,83.3,2,0,0,8,1,0,1,3,182,1,6,0,91,2022,Round 21,2022-08-05,10719
Collingwood,Brody Mihocek,3,6,6,66.7,1,1,1,1,0,0,0,5,92,2,0,1,97,2022,Round 21,2022-08-05,10719
Collingwood,Isaac Quaynor,2,6,7,77.8,0,0,0,4,0,0,0,2,313,3,3,0,83,2022,Round 21,2022-08-05,10719
Collingwood,Mason Cox,5,2,3,37.5,1,0,1,5,0,1,1,1,223,4,1,0,50,2022,Round 21,2022-08-05,10719
Collingwood,Ash Johnson,5,3,6,85.7,2,0,3,1,0,0,0,6,187,1,0,2,78,2022,Round 21,2022-08-05,10719
Collingwood,Darcy Cameron,5,2,3,50.0,0,1,0,2,0,0,1,2,21,0,0,1,79,2022,Round 21,2022-08-05,10719
Collingwood,Beau Mccreery,3,3,3,60.0,1,1,1,2,0,0,0,3,117,0,1,4,81,2022,Round 21,2022-08-05,10719
Collingwood,Jack Ginnivan,5,1,3,60.0,0,0,0,0,0,0,0,3,68,0,1,1,70,2022,Round 21,2022-08-05,10719
Collingwood,Will Hoskin Elliott,1,2,1,25.0,0,0,0,0,2,0,0,2,134,1,0,0,44,2022,Round 21,2022-08-05,10719
Collingwood,Trent Bianco,0,3,3,100.0,0,0,0,1,0,0,0,0,39,0,1,1,34,2022,Round 21,2022-08-05,10719
Hawthorn,Jai Newcombe,11,16,21,77.8,0,0,0,1,1,0,3,3,399,2,6,0,76,2022,Round 21,2022-08-06,10718
Hawthorn,James Sicily,4,18,23,88.5,1,0,0,7,1,0,0,3,587,5,7,0,100,2022,Round 21,2022-08-06,10718
Hawthorn,Dylan Moore,15,13,18,69.2,0,1,0,2,0,3,5,5,450,2,0,2,84,2022,Round 21,2022-08-06,10718
Hawthorn,Tom Mitchell,12,13,21,84.0,0,0,0,2,0,1,3,3,334,3,2,0,76,2022,Round 21,2022-08-06,10718
Hawthorn,Jack Scrimshaw,9,10,13,61.9,0,0,0,3,2,0,1,3,327,8,11,0,70,2022,Round 21,2022-08-06,10718
Hawthorn,Jaeger O Meara,13,10,11,55.0,1,1,2,2,0,2,6,4,404,4,1,2,75,2022,Round 21,2022-08-06,10718
Hawthorn,Harry Morrison,4,14,8,40.0,0,0,0,2,0,1,2,5,316,4,4,0,88,2022,Round 21,2022-08-06,10718
Hawthorn,Will Day,7,12,15,75.0,0,0,0,1,0,0,0,3,360,4,12,0,82,2022,Round 21,2022-08-06,10718
Hawthorn,Josh Ward,8,11,16,80.0,0,3,0,1,1,0,4,7,356,4,2,0,83,2022,Round 21,2022-08-06,10718
Hawthorn,Conor Nash,7,12,16,84.2,0,0,0,0,1,1,0,4,458,3,3,0,82,2022,Round 21,2022-08-06,10718
Hawthorn,Blake Hardwick,6,8,10,62.5,0,0,0,3,0,0,2,3,221,6,3,0,87,2022,Round 21,2022-08-06,10718
Hawthorn,Emerson Jeka,4,12,11,68.8,2,0,0,4,0,0,0,2,267,8,6,0,94,2022,Round 21,2022-08-06,10718
Hawthorn,Luke Breust,9,7,9,60.0,0,0,2,0,0,0,1,7,295,6,1,1,74,2022,Round 21,2022-08-06,10718
Hawthorn,Jack Gunston,5,9,12,85.7,2,1,5,2,0,0,0,9,323,3,1,0,94,2022,Round 21,2022-08-06,10718
Hawthorn,Connor Macdonald,7,8,6,42.9,0,0,0,0,0,0,0,3,159,4,6,1,76,2022,Round 21,2022-08-06,10718
Hawthorn,Jacob Koschitzke,4,7,10,76.9,1,0,1,2,0,0,0,4,226,3,3,1,78,2022,Round 21,2022-08-06,10718
Hawthorn,Jarman Impey,2,9,6,60.0,0,0,0,0,0,0,0,2,114,3,2,0,79,2022,Round 21,2022-08-06,10718
Hawthorn,Finn Maginness,1,8,5,50.0,0,1,0,0,0,0,1,5,186,3,0,0,89,2022,Round 21,2022-08-06,10718
Hawthorn,Jai Serong,5,6,7,77.8,1,1,0,1,0,0,0,4,113,3,1,1,70,2022,Round 21,2022-08-06,10718
Hawthorn,Ben Mcevoy,4,5,5,62.5,1,0,0,9,1,0,1,4,176,2,3,0,88,2022,Round 21,2022-08-06,10718
Hawthorn,Denver Grainger Barras,0,6,5,83.3,0,0,0,6,0,0,0,2,100,0,3,0,81,2022,Round 21,2022-08-06,10718
Hawthorn,Sam Butler 1,4,3,4,66.7,0,1,0,1,0,0,0,1,112,3,1,0,75,2022,Round 21,2022-08-06,10718
Gold Coast,David Swallow,15,18,19,57.6,0,0,0,1,0,1,5,3,494,2,3,2,83,2022,Round 21,2022-08-06,10718
Gold Coast,Brandon Ellis,6,19,23,76.7,0,0,0,2,0,0,2,2,408,2,4,0,85,2022,Round 21,2022-08-06,10718
Gold Coast,Noah Anderson,10,15,17,65.4,0,0,0,0,0,2,3,8,580,4,4,0,93,2022,Round 21,2022-08-06,10718
Gold Coast,Elijah Hollands,6,17,18,78.3,1,0,1,2,1,0,1,4,521,7,5,0,80,2022,Round 21,2022-08-06,10718
Gold Coast,Touk Miller,18,3,12,57.1,0,0,0,0,0,4,3,2,82,3,3,2,84,2022,Round 21,2022-08-06,10718
Gold Coast,Jy Farrar,5,13,15,75.0,0,0,0,3,2,0,0,4,555,4,6,0,80,2022,Round 21,2022-08-06,10718
Gold Coast,Darcy Macpherson,11,9,13,68.4,0,0,0,3,0,0,0,3,283,6,11,1,78,2022,Round 21,2022-08-06,10718
Gold Coast,Ben Ainsworth,5,12,10,58.8,0,1,2,1,0,0,0,5,341,4,2,3,91,2022,Round 21,2022-08-06,10718
Gold Coast,Jack Lukosius,6,10,9,52.9,0,0,1,3,0,1,0,6,409,6,3,0,86,2022,Round 21,2022-08-06,10718
Gold Coast,Matt Rowell,8,7,10,66.7,0,1,0,1,0,2,3,3,220,4,3,0,78,2022,Round 21,2022-08-06,10718
Gold Coast,Jarrod Witts,10,4,8,57.1,1,0,0,7,0,0,6,6,174,1,1,0,91,2022,Round 21,2022-08-06,10718
Gold Coast,Caleb Graham,5,10,9,64.3,0,0,0,11,0,0,1,0,295,3,6,0,91,2022,Round 21,2022-08-06,10718
Gold Coast,Mac Andrew,4,10,9,64.3,2,0,1,2,0,0,0,3,351,3,6,0,79,2022,Round 21,2022-08-06,10718
Gold Coast,Sean Lemmens,6,4,8,66.7,1,0,0,5,0,0,0,0,215,3,6,0,88,2022,Round 21,2022-08-06,10718
Gold Coast,Nicholas Holman,8,5,8,66.7,0,0,1,3,0,0,1,7,201,1,3,4,79,2022,Round 21,2022-08-06,10718
Gold Coast,Izak Rankine,8,5,4,36.4,0,1,0,1,0,0,1,3,218,6,1,3,87,2022,Round 21,2022-08-06,10718
Gold Coast,Jeremy Sharp,2,9,6,54.5,0,0,0,2,0,0,0,2,300,3,2,0,61,2022,Round 21,2022-08-06,10718
Gold Coast,Alex Davies,6,4,4,40.0,0,0,0,0,0,0,0,0,94,4,1,0,53,2022,Round 21,2022-08-06,10718
Gold Coast,Malcolm Rosas,6,3,6,66.7,0,1,0,0,1,0,0,4,104,2,6,1,59,2022,Round 21,2022-08-06,10718
Gold Coast,Samuel Collins,7,2,5,62.5,1,0,0,6,0,0,0,1,102,3,7,0,100,2022,Round 21,2022-08-06,10718
Gold Coast,Mabior Chol,2,5,4,50.0,1,0,2,1,0,0,0,3,158,2,0,0,81,2022,Round 21,2022-08-06,10718
Gold Coast,Levi Casboult,3,2,3,75.0,1,0,2,2,0,0,0,3,20,3,0,1,93,2022,Round 21,2022-08-06,10718
Greater Western Sydney,Lachie Whitfield,10,19,21,72.4,1,1,1,1,0,0,3,7,544,5,5,1,78,2022,Round 21,2022-08-06,10717
Greater Western Sydney,Callan Ward,7,18,20,80.0,1,2,0,0,0,2,3,4,336,3,3,0,77,2022,Round 21,2022-08-06,10717
Greater Western Sydney,Harrison Himmelberg,5,14,19,82.6,0,0,0,3,1,0,0,5,352,2,6,0,89,2022,Round 21,2022-08-06,10717
Greater Western Sydney,Harry Perryman,12,11,18,78.3,0,0,0,1,0,3,3,5,231,4,4,0,86,2022,Round 21,2022-08-06,10717
Greater Western Sydney,Jacob Hopper,13,8,12,57.1,0,1,0,1,0,2,6,6,16,2,2,0,73,2022,Round 21,2022-08-06,10717
Greater Western Sydney,Isaac Cumming,6,12,17,81.0,0,0,0,1,0,0,0,3,458,6,4,0,85,2022,Round 21,2022-08-06,10717
Greater Western Sydney,Stephen Coniglio,2,16,13,65.0,0,1,0,3,2,2,1,4,324,3,0,1,86,2022,Round 21,2022-08-06,10717
Greater Western Sydney,Tom Green,11,10,15,75.0,0,0,0,1,0,1,2,1,204,4,4,0,72,2022,Round 21,2022-08-06,10717
Greater Western Sydney,Joshua Kelly,1,18,14,73.7,0,0,0,2,1,0,0,6,352,5,0,1,82,2022,Round 21,2022-08-06,10717
Greater Western Sydney,Adam Kennedy,3,15,17,94.4,0,1,0,2,1,0,0,3,290,1,3,0,88,2022,Round 21,2022-08-06,10717
Greater Western Sydney,Nick Haynes,3,14,14,82.4,0,0,0,2,0,0,0,1,218,1,4,0,84,2022,Round 21,2022-08-06,10717
Greater Western Sydney,Jesse Hogan,8,10,13,76.5,3,0,4,2,0,0,0,8,301,4,1,3,87,2022,Round 21,2022-08-06,10717
Greater Western Sydney,Jake Riccardi,5,12,12,70.6,1,1,2,2,1,0,1,4,195,4,3,1,77,2022,Round 21,2022-08-06,10717
Greater Western Sydney,Toby Greene,4,9,9,64.3,1,0,2,0,0,0,0,8,237,2,1,3,93,2022,Round 21,2022-08-06,10717
Greater Western Sydney,Sam Taylor,7,6,13,92.9,2,0,0,3,0,0,0,2,36,0,9,1,95,2022,Round 21,2022-08-06,10717
Greater Western Sydney,Lachlan Ash,5,9,10,76.9,1,1,0,2,0,0,0,4,203,3,3,0,82,2022,Round 21,2022-08-06,10717
Greater Western Sydney,Daniel Lloyd,1,10,8,80.0,0,0,1,1,0,0,0,2,255,5,1,3,83,2022,Round 21,2022-08-06,10717
Greater Western Sydney,Kieren Briggs,7,2,6,60.0,2,0,0,2,0,0,2,1,111,0,3,1,65,2022,Round 21,2022-08-06,10717
Greater Western Sydney,Tanner Bruhn,6,5,7,70.0,0,0,0,1,0,0,1,4,53,5,0,0,62,2022,Round 21,2022-08-06,10717
Greater Western Sydney,Braydon Preuss,5,4,4,44.4,2,1,0,0,0,1,2,4,272,4,2,0,72,2022,Round 21,2022-08-06,10717
Greater Western Sydney,Lachlan Keeffe,1,7,7,87.5,0,0,0,4,0,0,0,1,81,0,1,0,79,2022,Round 21,2022-08-06,10717
Greater Western Sydney,Leek Aleer,3,4,5,71.4,2,0,0,5,0,0,0,1,109,1,3,1,79,2022,Round 21,2022-08-06,10717
Greater Western Sydney,James Peatling,1,0,0,0.0,0,0,0,1,0,0,1,1,28,0,0,0,27,2022,Round 21,2022-08-06,10717
Essendon,Darcy Parish,14,13,22,78.6,0,1,0,0,0,3,4,8,386,3,5,0,85,2022,Round 21,2022-08-06,10717
Essendon,Sam Durham,9,13,17,73.9,0,1,0,0,0,0,1,5,303,5,5,0,82,2022,Round 21,2022-08-06,10717
Essendon,Zachary Merrett,8,12,11,61.1,0,2,0,2,0,1,1,6,339,3,1,0,85,2022,Round 21,2022-08-06,10717
Essendon,Kyle Langford,2,16,14,77.8,0,0,1,0,0,0,1,5,286,3,1,0,87,2022,Round 21,2022-08-06,10717
Essendon,Nick Hind,6,8,14,77.8,0,0,0,2,0,0,0,3,405,4,7,0,85,2022,Round 21,2022-08-06,10717
Essendon,Jayden Laverde,6,12,15,88.2,0,0,0,2,0,0,2,3,196,2,6,0,84,2022,Round 21,2022-08-06,10717
Essendon,Nicholas Martin,5,12,14,82.4,0,0,0,0,1,1,0,4,132,2,2,0,84,2022,Round 21,2022-08-06,10717
Essendon,Jordan Ridley,2,9,12,75.0,0,0,0,7,1,0,0,2,474,4,2,0,96,2022,Round 21,2022-08-06,10717
Essendon,Brandon Zerk Thatcher,4,10,13,81.2,1,0,0,2,0,0,0,1,315,3,10,0,78,2022,Round 21,2022-08-06,10717
Essendon,Mason Redman,4,9,11,73.3,0,1,0,0,0,0,0,3,345,3,4,0,79,2022,Round 21,2022-08-06,10717
Essendon,Dyson Heppell,3,10,9,69.2,0,0,1,0,0,0,1,5,231,3,1,0,78,2022,Round 21,2022-08-06,10717
Essendon,Will Snelling,4,8,12,92.3,0,0,0,0,0,0,0,2,90,3,2,0,81,2022,Round 21,2022-08-06,10717
Essendon,Andrew Mcgrath,5,7,7,53.8,1,1,0,1,0,0,2,3,140,4,5,0,78,2022,Round 21,2022-08-06,10717
Essendon,Sam Draper,10,0,7,53.8,1,1,0,0,0,4,2,7,302,2,2,0,76,2022,Round 21,2022-08-06,10717
Essendon,Ben Hobbs,6,9,11,84.6,0,0,0,0,0,0,0,5,112,3,0,0,70,2022,Round 21,2022-08-06,10717
Essendon,Jake Stringer,2,10,7,58.3,0,0,1,0,1,2,0,4,202,0,0,0,76,2022,Round 21,2022-08-06,10717
Essendon,Jake Kelly,4,9,10,83.3,0,0,0,4,0,0,0,1,115,1,5,0,96,2022,Round 21,2022-08-06,10717
Essendon,Peter Wright,5,6,8,72.7,2,0,1,4,0,1,0,5,221,3,1,0,100,2022,Round 21,2022-08-06,10717
Essendon,James Stewart,4,6,8,80.0,0,0,1,0,0,0,3,1,138,2,1,1,72,2022,Round 21,2022-08-06,10717
Essendon,Archie Perkins,4,8,7,70.0,1,0,2,1,0,0,1,5,104,3,1,0,76,2022,Round 21,2022-08-06,10717
Essendon,Matt Guelfi,6,3,5,55.6,2,0,3,0,0,0,0,6,200,2,2,0,75,2022,Round 21,2022-08-06,10717
Essendon,Harrison Jones 1,2,3,2,40.0,0,0,0,1,0,0,0,0,74,3,1,0,75,2022,Round 21,2022-08-06,10717
Western Bulldogs,Josh Dunkley,21,14,25,75.8,1,1,0,4,0,1,5,10,239,1,5,1,84,2022,Round 21,2022-08-06,10721
Western Bulldogs,Bailey Smith,7,23,19,63.3,0,0,0,1,1,1,1,8,491,9,2,0,85,2022,Round 21,2022-08-06,10721
Western Bulldogs,Jackson Macrae,7,25,22,75.9,0,2,0,4,0,1,2,7,420,4,1,1,81,2022,Round 21,2022-08-06,10721
Western Bulldogs,Thomas Liberatore,15,15,20,71.4,0,0,0,1,0,5,3,9,369,3,0,1,80,2022,Round 21,2022-08-06,10721
Western Bulldogs,Adam Treloar,4,15,21,87.5,0,0,0,1,3,0,2,2,274,3,4,0,82,2022,Round 21,2022-08-06,10721
Western Bulldogs,Ed Richards,3,20,20,87.0,1,0,0,4,3,0,0,2,584,2,4,0,87,2022,Round 21,2022-08-06,10721
Western Bulldogs,Marcus Bontempelli,12,12,12,57.1,0,2,0,5,4,3,4,4,388,5,0,0,82,2022,Round 21,2022-08-06,10721
Western Bulldogs,Bailey Dale,4,14,17,81.0,1,0,0,2,3,0,1,1,370,5,3,0,88,2022,Round 21,2022-08-06,10721
Western Bulldogs,Caleb Daniel,3,12,18,90.0,0,0,0,1,0,0,0,1,295,1,3,0,86,2022,Round 21,2022-08-06,10721
Western Bulldogs,Timothy English,8,10,10,58.8,1,0,1,3,1,2,0,5,364,5,7,0,83,2022,Round 21,2022-08-06,10721
Western Bulldogs,Riley Garcia,7,8,7,53.8,1,0,0,0,0,0,0,3,81,3,5,0,79,2022,Round 21,2022-08-06,10721
Western Bulldogs,Lachlan Mcneil,7,7,9,69.2,0,0,0,3,0,1,0,4,139,1,3,1,79,2022,Round 21,2022-08-06,10721
Western Bulldogs,Jamarra Ugle Hagan,4,9,3,25.0,0,0,4,2,1,0,0,7,261,4,2,0,76,2022,Round 21,2022-08-06,10721
Western Bulldogs,Alex Keath,3,7,10,90.9,0,0,0,6,0,0,0,0,103,2,6,0,94,2022,Round 21,2022-08-06,10721
Western Bulldogs,Josh Bruce,3,7,10,90.9,1,0,2,1,0,1,1,5,173,1,1,0,80,2022,Round 21,2022-08-06,10721
Western Bulldogs,Laitham Vandermeer,7,4,9,81.8,0,1,0,0,0,0,0,7,96,0,1,2,77,2022,Round 21,2022-08-06,10721
Western Bulldogs,Sam Darcy,4,6,8,80.0,2,0,0,3,0,0,0,1,50,2,7,0,75,2022,Round 21,2022-08-06,10721
Western Bulldogs,Aaron Naughton,4,5,7,77.8,2,1,1,1,0,0,1,6,237,4,1,4,82,2022,Round 21,2022-08-06,10721
Western Bulldogs,Bailey Williams,3,5,5,71.4,0,0,0,0,0,0,1,2,196,2,0,0,77,2022,Round 21,2022-08-06,10721
Western Bulldogs,Cody Weightman,3,4,6,85.7,0,0,1,0,0,0,0,4,77,2,1,2,76,2022,Round 21,2022-08-06,10721
Western Bulldogs,Rhylee West,3,3,3,50.0,0,0,0,0,0,0,0,2,95,2,0,1,72,2022,Round 21,2022-08-06,10721
Western Bulldogs,Zaine Cordy,1,3,4,100.0,0,0,0,5,0,0,0,0,-5,0,2,0,92,2022,Round 21,2022-08-06,10721
Fremantle,Luke Ryan,3,22,31,96.9,0,0,0,5,1,0,1,9,573,5,7,0,86,2022,Round 21,2022-08-06,10721
Fremantle,Jordan Clark,3,20,24,92.3,0,0,0,4,0,0,1,6,298,5,6,0,86,2022,Round 21,2022-08-06,10721
Fremantle,Caleb Serong,11,14,20,83.3,0,0,0,1,0,6,2,7,412,2,2,0,76,2022,Round 21,2022-08-06,10721
Fremantle,Heath Chapman,2,23,21,87.5,1,1,0,1,0,0,0,5,260,3,3,0,86,2022,Round 21,2022-08-06,10721
Fremantle,David Mundy,6,16,18,81.8,0,0,0,0,0,0,2,8,297,2,1,1,67,2022,Round 21,2022-08-06,10721
Fremantle,Andrew Brayshaw,9,8,13,61.9,0,0,1,1,0,0,5,5,188,2,1,0,76,2022,Round 21,2022-08-06,10721
Fremantle,Nathan O Driscoll,5,15,17,85.0,0,1,0,2,2,0,0,7,200,2,5,0,70,2022,Round 21,2022-08-06,10721
Fremantle,James Aish,6,13,17,89.5,0,0,0,1,0,1,1,5,260,4,3,0,84,2022,Round 21,2022-08-06,10721
Fremantle,Blake Acres,3,16,16,84.2,0,2,1,0,0,0,0,6,378,4,3,0,81,2022,Round 21,2022-08-06,10721
Fremantle,Hayden Young,3,16,16,84.2,1,0,0,1,0,0,0,2,143,2,4,0,79,2022,Round 21,2022-08-06,10721
Fremantle,Darcy Tucker,6,12,13,72.2,0,2,1,0,1,0,3,10,203,3,0,0,83,2022,Round 21,2022-08-06,10721
Fremantle,Brennan Cox,7,9,13,72.2,1,0,0,13,0,0,1,4,194,3,5,0,89,2022,Round 21,2022-08-06,10721
Fremantle,Will Brodie,5,12,11,64.7,0,1,0,0,0,0,1,7,226,5,3,0,62,2022,Round 21,2022-08-06,10721
Fremantle,Alex Pearce,5,11,11,73.3,1,0,0,6,0,0,0,1,147,2,8,0,95,2022,Round 21,2022-08-06,10721
Fremantle,Griffin Logue,8,9,13,86.7,2,0,2,7,0,1,2,7,180,1,2,0,96,2022,Round 21,2022-08-06,10721
Fremantle,Lachlan Schultz,7,9,14,93.3,0,3,0,1,0,1,0,8,281,2,2,2,85,2022,Round 21,2022-08-06,10721
Fremantle,Brandon Walker,1,11,9,69.2,0,0,0,3,0,0,0,5,188,2,2,0,77,2022,Round 21,2022-08-06,10721
Fremantle,Sean Darcy,3,9,11,91.7,1,1,0,1,0,1,0,8,252,2,2,0,82,2022,Round 21,2022-08-06,10721
Fremantle,Michael Walters,4,8,11,100.0,1,1,1,1,0,0,0,7,147,1,0,1,82,2022,Round 21,2022-08-06,10721
Fremantle,Matthew Taberner,1,8,6,66.7,1,0,3,0,0,0,0,4,124,1,0,0,56,2022,Round 21,2022-08-06,10721
Fremantle,Minairo Frederick,1,8,9,100.0,0,0,3,0,0,0,0,5,190,0,2,1,77,2022,Round 21,2022-08-06,10721
Fremantle,Rory Lobb,2,5,5,71.4,2,0,6,7,0,0,0,6,285,2,0,1,100,2022,Round 21,2022-08-06,10721
Fremantle,Liam Henry,3,0,2,66.7,0,0,0,0,0,0,0,0,38,3,1,0,22,2022,Round 21,2022-08-06,10721
Port Adelaide,Oliver Wines,13,18,25,78.1,0,0,0,1,0,1,3,6,246,4,9,2,86,2022,Round 21,2022-08-06,10722
Port Adelaide,Zak Butters,13,14,21,75.0,0,1,0,0,0,0,1,6,328,6,6,0,81,2022,Round 21,2022-08-06,10722
Port Adelaide,Travis Boak,15,12,21,77.8,1,0,0,2,1,1,7,5,204,5,4,0,81,2022,Round 21,2022-08-06,10722
Port Adelaide,Willem Drew,7,19,22,88.0,0,0,0,0,0,0,2,4,330,5,2,0,81,2022,Round 21,2022-08-06,10722
Port Adelaide,Dan Houston,5,16,14,58.3,0,0,0,2,0,1,3,4,497,5,4,0,78,2022,Round 21,2022-08-06,10722
Port Adelaide,Karl Amon,4,16,17,81.0,0,1,0,1,1,0,1,5,445,4,4,0,84,2022,Round 21,2022-08-06,10722
Port Adelaide,Miles Bergman,8,12,12,60.0,0,0,1,2,0,0,2,3,241,4,4,0,78,2022,Round 21,2022-08-06,10722
Port Adelaide,Ryan Burton,4,11,14,77.8,0,0,0,1,1,1,1,3,530,3,4,0,81,2022,Round 21,2022-08-06,10722
Port Adelaide,Darcy Byrne Jones,10,9,10,58.8,0,0,0,1,0,1,1,3,253,5,7,0,67,2022,Round 21,2022-08-06,10722
Port Adelaide,Kane Farrell,7,8,16,94.1,1,2,0,2,0,0,0,3,292,2,5,0,79,2022,Round 21,2022-08-06,10722
Port Adelaide,Connor Rozee,7,10,12,70.6,1,0,1,1,0,2,1,5,239,3,2,0,71,2022,Round 21,2022-08-06,10722
Port Adelaide,Trent Mckenzie,5,6,11,73.3,1,0,0,5,0,0,1,1,322,6,4,0,91,2022,Round 21,2022-08-06,10722
Port Adelaide,Jase Burgoyne,3,11,11,73.3,0,0,0,1,0,0,1,2,417,8,3,0,78,2022,Round 21,2022-08-06,10722
Port Adelaide,Robert Gray,4,8,11,78.6,0,0,1,0,0,0,0,5,95,4,2,0,77,2022,Round 21,2022-08-06,10722
Port Adelaide,Charlie Dixon,9,4,10,83.3,3,0,1,3,0,0,1,4,162,4,1,0,92,2022,Round 21,2022-08-06,10722
Port Adelaide,Sam Powell Pepper,4,7,9,75.0,0,2,0,1,0,0,1,6,352,2,2,2,82,2022,Round 21,2022-08-06,10722
Port Adelaide,Xavier Duursma,4,8,7,58.3,0,0,1,2,1,1,1,3,255,3,3,1,79,2022,Round 21,2022-08-06,10722
Port Adelaide,Brynn Teakle,7,5,9,75.0,1,0,0,3,0,1,2,1,48,2,1,1,78,2022,Round 21,2022-08-06,10722
Port Adelaide,Aliir Aliir,3,6,9,90.0,1,0,0,12,0,0,0,1,158,2,5,0,92,2022,Round 21,2022-08-06,10722
Port Adelaide,Jeremy Finlayson,4,6,5,50.0,0,1,0,1,0,0,1,5,252,4,1,2,89,2022,Round 21,2022-08-06,10722
Port Adelaide,Thomas Jonas,1,7,5,62.5,0,0,0,5,0,0,0,1,88,3,2,0,97,2022,Round 21,2022-08-06,10722
Port Adelaide,Jed Mcentee,3,5,6,85.7,0,0,1,4,0,0,0,6,21,0,1,0,78,2022,Round 21,2022-08-06,10722
Richmond,Dion Prestia,23,9,17,53.1,0,1,0,2,0,4,6,8,476,6,4,2,84,2022,Round 21,2022-08-06,10722
Richmond,Trent Cotchin,17,13,17,54.8,0,3,0,4,0,3,3,6,278,4,2,1,80,2022,Round 21,2022-08-06,10722
Richmond,Toby Nankervis,14,14,21,72.4,1,1,0,6,0,1,7,5,304,1,5,0,78,2022,Round 21,2022-08-06,10722
Richmond,Daniel Rioli,7,17,19,76.0,0,1,2,1,1,0,0,4,510,7,8,0,79,2022,Round 21,2022-08-06,10722
Richmond,Jayden Short,7,14,14,60.9,0,0,1,0,0,1,4,9,539,5,3,0,77,2022,Round 21,2022-08-06,10722
Richmond,Kamdyn Mcintosh,3,16,15,68.2,0,0,0,6,2,1,0,0,292,5,6,0,84,2022,Round 21,2022-08-06,10722
Richmond,Liam Baker,5,14,15,75.0,0,1,0,5,0,0,0,2,368,7,7,0,85,2022,Round 21,2022-08-06,10722
Richmond,Tyler Sonsie,8,11,12,60.0,0,1,2,3,0,0,1,9,289,1,4,0,83,2022,Round 21,2022-08-06,10722
Richmond,Jack Riewoldt,8,11,15,78.9,2,0,1,1,0,0,1,6,454,2,2,0,89,2022,Round 21,2022-08-06,10722
Richmond,Jack Graham,8,10,7,36.8,0,0,0,0,0,0,2,3,243,4,2,1,82,2022,Round 21,2022-08-06,10722
Richmond,Jack Ross,5,16,13,68.4,0,0,2,3,0,2,1,8,397,4,3,1,81,2022,Round 21,2022-08-06,10722
Richmond,Shai Bolton,11,7,11,64.7,2,0,4,2,0,1,3,10,393,1,0,0,87,2022,Round 21,2022-08-06,10722
Richmond,Noah Balta,8,4,13,76.5,2,0,0,6,0,0,0,2,470,7,6,0,92,2022,Round 21,2022-08-06,10722
Richmond,Thomas Lynch,8,7,10,62.5,3,0,2,2,0,0,0,5,261,6,3,1,86,2022,Round 21,2022-08-06,10722
Richmond,Maurice Rioli 1,7,8,5,41.7,0,0,0,3,2,0,0,4,166,5,3,3,76,2022,Round 21,2022-08-06,10722
Richmond,Nathan Broad,6,5,8,80.0,1,0,0,2,0,0,0,1,149,2,7,0,90,2022,Round 21,2022-08-06,10722
Richmond,Noah Cumberland,5,3,6,60.0,0,2,0,1,0,0,1,6,93,0,1,1,79,2022,Round 21,2022-08-06,10722
Richmond,Robert Tarrant,6,4,4,44.4,0,0,0,6,0,0,0,2,124,4,6,0,94,2022,Round 21,2022-08-06,10722
Richmond,Jason Castagna,3,7,7,77.8,0,0,0,0,0,0,0,0,104,2,1,1,43,2022,Round 21,2022-08-06,10722
Richmond,Nick Vlastuin,1,4,7,87.5,0,0,0,1,0,0,0,1,205,1,3,0,37,2022,Round 21,2022-08-06,10722
Richmond,Marlion Pickett,2,7,6,75.0,0,0,0,2,0,0,1,3,88,1,2,0,64,2022,Round 21,2022-08-06,10722
Richmond,Ben Miller,6,2,6,85.7,3,0,1,4,0,0,2,3,40,0,2,0,64,2022,Round 21,2022-08-06,10722
Richmond,Josh Gibcus,3,2,4,100.0,1,0,0,5,0,0,0,1,14,1,4,0,84,2022,Round 21,2022-08-06,10722
Geelong,Sam Menegola,8,17,17,68.0,0,2,0,3,0,0,2,10,449,4,2,0,86,2022,Round 21,2022-08-06,10716
Geelong,Brandan Parfitt,17,9,19,76.0,0,1,0,3,0,4,6,5,226,1,3,1,66,2022,Round 21,2022-08-06,10716
Geelong,Max Holmes,10,14,17,70.8,0,0,1,0,0,1,1,6,531,3,3,0,75,2022,Round 21,2022-08-06,10716
Geelong,Mitchell Duncan,7,17,19,82.6,0,0,1,0,1,0,1,7,361,4,6,0,83,2022,Round 21,2022-08-06,10716
Geelong,Zach Tuohy,5,15,16,72.7,0,1,1,0,0,0,0,8,220,3,6,0,84,2022,Round 21,2022-08-06,10716
Geelong,Cameron Guthrie,10,12,12,54.5,0,0,0,2,0,4,2,5,253,3,1,2,72,2022,Round 21,2022-08-06,10716
Geelong,Zach Guthrie,5,14,18,81.8,1,2,1,2,0,0,1,6,383,6,7,0,82,2022,Round 21,2022-08-06,10716
Geelong,Isaac Smith,3,19,17,81.0,0,2,1,2,1,0,0,11,493,2,2,0,80,2022,Round 21,2022-08-06,10716
Geelong,Luke Dahlhaus,7,10,13,72.2,0,0,0,2,0,0,0,5,63,2,3,0,66,2022,Round 21,2022-08-06,10716
Geelong,Thomas Stewart,4,12,13,72.2,0,0,0,2,0,0,0,1,323,3,4,0,84,2022,Round 21,2022-08-06,10716
Geelong,Rhys Stanley,7,10,15,93.8,2,0,0,5,0,1,4,7,317,3,2,0,83,2022,Round 21,2022-08-06,10716
Geelong,Jed Bews,4,13,14,87.5,1,0,0,3,0,0,0,3,347,1,5,0,76,2022,Round 21,2022-08-06,10716
Geelong,Tom Atkins,10,7,10,62.5,0,1,0,0,0,1,2,4,106,2,3,0,66,2022,Round 21,2022-08-06,10716
Geelong,Jeremy Cameron,1,13,11,73.3,0,2,2,3,0,0,0,7,141,2,1,0,100,2022,Round 21,2022-08-06,10716
Geelong,Jake Kolodjashnij,9,7,12,80.0,2,0,0,7,0,0,0,7,191,5,11,0,88,2022,Round 21,2022-08-06,10716
Geelong,Tyson Stengle,8,7,10,66.7,1,0,2,2,0,0,2,5,143,4,2,0,90,2022,Round 21,2022-08-06,10716
Geelong,Gryan Miers,5,10,10,66.7,0,3,1,0,0,0,0,7,239,2,3,1,81,2022,Round 21,2022-08-06,10716
Geelong,Tom Hawkins,9,5,8,57.1,1,0,3,1,0,0,2,9,238,3,1,0,97,2022,Round 21,2022-08-06,10716
Geelong,Bradley Close,4,10,7,50.0,0,0,2,1,0,0,0,5,151,3,0,1,85,2022,Round 21,2022-08-06,10716
Geelong,Mark O Connor,2,11,9,69.2,0,0,0,3,0,0,0,3,284,5,4,0,87,2022,Round 21,2022-08-06,10716
Geelong,Sam De Koning,4,6,9,81.8,1,0,0,8,0,0,0,2,243,3,8,0,92,2022,Round 21,2022-08-06,10716
Geelong,Jack Henry,5,4,8,88.9,2,1,2,1,0,0,1,6,160,0,1,0,78,2022,Round 21,2022-08-06,10716
St Kilda,Brad Crouch,12,14,16,57.1,0,0,0,0,0,3,1,1,182,4,1,4,75,2022,Round 21,2022-08-06,10716
St Kilda,Bradley Hill,6,20,19,73.1,0,1,0,2,1,1,3,3,291,5,2,2,86,2022,Round 21,2022-08-06,10716
St Kilda,Sebastian Ross,8,10,16,69.6,0,0,0,0,1,2,3,5,274,5,5,0,82,2022,Round 21,2022-08-06,10716
St Kilda,Jack Sinclair,7,12,21,91.3,0,0,1,3,0,0,2,4,423,1,7,0,84,2022,Round 21,2022-08-06,10716
St Kilda,Rowan Marshall,13,6,13,61.9,1,0,0,2,0,1,6,0,238,6,3,0,87,2022,Round 21,2022-08-06,10716
St Kilda,Mason Wood,9,10,13,65.0,1,0,0,2,0,0,2,4,383,5,4,0,76,2022,Round 21,2022-08-06,10716
St Kilda,Jack Steele,9,9,12,60.0,0,1,0,1,1,2,5,3,378,3,1,1,88,2022,Round 21,2022-08-06,10716
St Kilda,Hunter Clark,3,16,13,72.2,0,0,0,3,0,0,1,1,305,5,4,0,80,2022,Round 21,2022-08-06,10716
St Kilda,Ben Paton,3,16,16,88.9,0,1,0,1,1,0,0,4,331,2,7,0,76,2022,Round 21,2022-08-06,10716
St Kilda,Tim Membrey,6,11,13,76.5,1,0,2,1,0,0,1,2,311,5,3,1,85,2022,Round 21,2022-08-06,10716
St Kilda,Marcus Windhager,5,12,9,52.9,0,0,1,1,0,1,0,6,156,3,2,0,79,2022,Round 21,2022-08-06,10716
St Kilda,Jimmy Webster,1,13,14,93.3,0,0,0,2,0,0,0,2,147,3,2,0,83,2022,Round 21,2022-08-06,10716
St Kilda,Callum Wilkie,3,11,13,86.7,0,0,0,5,0,0,0,2,183,2,5,0,100,2022,Round 21,2022-08-06,10716
St Kilda,Ben Long,7,8,6,42.9,1,0,3,2,1,0,1,3,289,7,2,0,77,2022,Round 21,2022-08-06,10716
St Kilda,Josh Battle,6,6,9,64.3,1,0,0,5,0,0,2,2,192,2,4,0,79,2022,Round 21,2022-08-06,10716
St Kilda,Jack Higgins,6,7,6,50.0,0,1,0,1,0,0,0,3,259,6,0,0,80,2022,Round 21,2022-08-06,10716
St Kilda,Cooper Sharman,5,7,10,83.3,1,0,0,3,0,0,0,2,104,2,2,0,76,2022,Round 21,2022-08-06,10716
St Kilda,Daniel Hannebery,6,5,7,63.6,0,0,0,1,0,3,0,2,154,2,2,0,50,2022,Round 21,2022-08-06,10716
St Kilda,Daniel Butler,4,6,6,54.5,0,1,1,0,0,0,0,5,193,1,2,0,76,2022,Round 21,2022-08-06,10716
St Kilda,Mitchito Owens,6,5,6,54.5,0,0,1,3,0,0,1,4,193,4,1,1,83,2022,Round 21,2022-08-06,10716
St Kilda,Dougal Howard,3,6,8,88.9,1,0,0,3,0,0,0,0,105,1,4,0,95,2022,Round 21,2022-08-06,10716
St Kilda,Max King 1,4,3,5,62.5,1,1,1,0,0,0,0,4,71,3,1,0,90,2022,Round 21,2022-08-06,10716
St Kilda,Zak Jones,1,3,3,75.0,0,0,0,0,0,0,1,0,64,1,0,0,14,2022,Round 21,2022-08-06,10716
North Melbourne,Jy Simpkin,12,19,19,61.3,0,2,1,1,0,1,5,7,486,5,3,1,85,2022,Round 21,2022-08-07,10720
North Melbourne,Jaidyn Stephenson,3,20,25,80.6,0,0,0,0,0,0,0,1,503,5,2,0,78,2022,Round 21,2022-08-07,10720
North Melbourne,Luke Davies Uniacke,14,15,20,66.7,0,2,0,1,2,5,0,9,509,3,5,0,79,2022,Round 21,2022-08-07,10720
North Melbourne,Jed Anderson,13,13,16,59.3,1,0,0,1,0,1,6,6,337,4,0,0,70,2022,Round 21,2022-08-07,10720
North Melbourne,Curtis Taylor,9,15,18,78.3,0,0,3,1,0,0,0,6,249,4,4,0,90,2022,Round 21,2022-08-07,10720
North Melbourne,Aaron Hall,5,10,13,65.0,1,0,0,1,0,0,0,1,412,4,8,0,79,2022,Round 21,2022-08-07,10720
North Melbourne,Todd Goldstein,10,10,14,73.7,1,1,0,3,0,0,3,7,134,2,4,2,87,2022,Round 21,2022-08-07,10720
North Melbourne,Luke Mcdonald,6,11,15,88.2,0,0,0,2,0,1,1,0,274,4,5,0,93,2022,Round 21,2022-08-07,10720
North Melbourne,Bailey Scott,3,14,9,60.0,0,0,0,1,2,0,0,3,226,3,4,0,84,2022,Round 21,2022-08-07,10720
North Melbourne,Kallan Dawson,5,7,10,71.4,0,0,0,2,0,0,0,2,221,4,7,1,83,2022,Round 21,2022-08-07,10720
North Melbourne,Lachie Young,3,10,10,76.9,0,0,0,6,0,0,1,2,331,2,2,0,85,2022,Round 21,2022-08-07,10720
North Melbourne,Tom Powell,2,10,8,61.5,0,1,0,0,0,1,0,4,135,2,2,0,63,2022,Round 21,2022-08-07,10720
North Melbourne,Jason Horne Francis,9,6,9,69.2,0,0,1,2,1,2,3,3,186,5,1,0,71,2022,Round 21,2022-08-07,10720
North Melbourne,Joshua Walker,5,7,10,83.3,3,0,0,2,0,0,0,0,264,3,7,0,88,2022,Round 21,2022-08-07,10720
North Melbourne,Charlie Lazzaro,3,9,8,66.7,0,1,1,1,0,0,1,3,140,1,0,0,80,2022,Round 21,2022-08-07,10720
North Melbourne,Nick Larkey,8,2,9,81.8,3,0,3,0,0,0,0,8,218,1,0,1,91,2022,Round 21,2022-08-07,10720
North Melbourne,Paul Curtis,4,9,7,63.6,0,1,0,2,0,0,0,2,255,4,1,0,80,2022,Round 21,2022-08-07,10720
North Melbourne,Aidan Corr,4,6,8,80.0,2,0,0,8,0,0,0,2,221,1,4,0,94,2022,Round 21,2022-08-07,10720
North Melbourne,Callum Coleman Jones,5,4,6,60.0,1,0,1,2,0,1,1,4,160,3,1,0,63,2022,Round 21,2022-08-07,10720
North Melbourne,Hugh Greenwood,7,4,7,77.8,0,1,0,3,0,4,0,5,67,0,1,0,78,2022,Round 21,2022-08-07,10720
North Melbourne,Cameron Zurhaar,3,5,5,55.6,0,0,2,0,0,0,0,4,168,3,1,0,92,2022,Round 21,2022-08-07,10720
North Melbourne,Jack Ziebell,3,8,5,62.5,0,0,0,2,0,0,0,3,95,1,1,0,87,2022,Round 21,2022-08-07,10720
Sydney,Luke Parker,12,17,18,62.1,0,0,1,1,0,3,4,7,380,5,2,1,80,2022,Round 21,2022-08-07,10720
Sydney,Callum Mills,12,9,17,73.9,0,1,0,3,0,3,2,6,308,4,3,0,85,2022,Round 21,2022-08-07,10720
Sydney,James Rowbottom,11,10,13,59.1,0,2,0,0,0,0,2,6,260,4,1,0,76,2022,Round 21,2022-08-07,10720
Sydney,Isaac Heeney,11,9,15,71.4,1,0,2,1,0,1,1,11,168,3,3,5,88,2022,Round 21,2022-08-07,10720
Sydney,Nick Blakey,5,11,15,71.4,1,1,0,3,1,1,0,7,411,4,5,0,79,2022,Round 21,2022-08-07,10720
Sydney,Tom Hickey,15,5,12,60.0,1,1,0,0,0,4,5,4,286,3,3,0,75,2022,Round 21,2022-08-07,10720
Sydney,Jake Lloyd,5,11,16,80.0,1,0,0,1,0,0,1,5,292,1,5,0,88,2022,Round 21,2022-08-07,10720
Sydney,Justin Mcinerney,4,15,15,75.0,0,0,0,0,0,0,2,7,208,1,3,0,74,2022,Round 21,2022-08-07,10720
Sydney,Chad Warner,10,11,15,75.0,0,0,1,1,0,3,3,11,633,5,2,0,82,2022,Round 21,2022-08-07,10720
Sydney,Oliver Florent,7,12,15,88.2,0,2,1,0,1,0,0,7,393,2,8,0,80,2022,Round 21,2022-08-07,10720
Sydney,Tom Mccartin,9,9,11,64.7,1,0,0,5,0,0,1,5,75,3,7,0,91,2022,Round 21,2022-08-07,10720
Sydney,Errol Gulden,6,11,14,82.4,0,1,0,5,0,1,1,6,340,2,2,0,77,2022,Round 21,2022-08-07,10720
Sydney,Tom Papley,5,10,9,56.2,0,1,2,1,0,0,0,6,303,4,3,1,78,2022,Round 21,2022-08-07,10720
Sydney,Will Hayward,8,9,11,68.8,2,0,1,1,0,0,2,6,240,2,3,3,85,2022,Round 21,2022-08-07,10720
Sydney,Dane Rampe,1,12,12,80.0,0,0,0,10,0,0,0,0,380,4,4,0,92,2022,Round 21,2022-08-07,10720
Sydney,Dylan Stephens,2,12,8,57.1,0,0,0,3,0,0,0,3,226,4,1,0,72,2022,Round 21,2022-08-07,10720
Sydney,Lance Franklin,3,9,7,58.3,0,0,3,0,0,0,0,8,196,0,1,2,84,2022,Round 21,2022-08-07,10720
Sydney,Robbie Fox,3,7,9,75.0,0,0,0,1,1,0,0,3,299,3,1,0,90,2022,Round 21,2022-08-07,10720
Sydney,Ryan Clarke,5,6,4,44.4,0,0,1,5,0,0,1,3,163,3,0,1,83,2022,Round 21,2022-08-07,10720
Sydney,Logan Mcdonald,4,5,6,66.7,0,1,1,2,0,0,0,7,163,2,0,4,74,2022,Round 21,2022-08-07,10720
Sydney,Sam Reid 1,5,4,5,62.5,1,0,2,2,0,0,2,4,182,3,1,1,83,2022,Round 21,2022-08-07,10720
Sydney,Paddy Mccartin,6,2,6,100.0,0,1,0,8,0,0,0,1,114,1,7,0,84,2022,Round 21,2022-08-07,10720
West Coast,Tim Kelly,13,12,17,65.4,0,1,0,0,1,4,3,6,267,4,1,0,84,2022,Round 21,2022-08-07,10723
West Coast,Shannon Hurn,2,14,21,84.0,0,0,0,3,1,0,0,3,508,3,8,0,82,2022,Round 21,2022-08-07,10723
West Coast,Andrew Gaff,11,15,18,72.0,0,0,0,2,0,0,3,5,255,4,4,0,87,2022,Round 21,2022-08-07,10723
West Coast,Jamaine Jones,12,13,13,54.2,0,0,0,0,1,0,2,2,401,6,3,0,83,2022,Round 21,2022-08-07,10723
West Coast,Luke Shuey,11,13,14,60.9,0,2,0,0,0,1,5,4,209,3,2,1,78,2022,Round 21,2022-08-07,10723
West Coast,Liam Duggan,2,18,15,78.9,0,0,0,1,0,0,0,2,398,4,2,0,87,2022,Round 21,2022-08-07,10723
West Coast,Jack Redden,9,8,13,76.5,0,0,0,2,0,1,2,3,-11,1,1,0,84,2022,Round 21,2022-08-07,10723
West Coast,Liam Ryan,1,12,10,62.5,1,3,1,1,1,0,0,8,470,4,2,0,83,2022,Round 21,2022-08-07,10723
West Coast,Xavier O Neill,7,8,11,68.8,0,2,0,0,0,1,1,5,347,1,2,1,69,2022,Round 21,2022-08-07,10723
West Coast,Joshua Kennedy,6,10,11,73.3,0,0,8,1,0,0,0,11,331,0,1,1,88,2022,Round 21,2022-08-07,10723
West Coast,Nicholas Naitanui,12,5,11,73.3,0,0,0,5,0,5,4,8,171,2,0,1,73,2022,Round 21,2022-08-07,10723
West Coast,Jake Waterman,5,11,13,86.7,0,0,1,0,0,0,0,3,239,2,3,0,82,2022,Round 21,2022-08-07,10723
West Coast,Willie Rioli,8,7,11,73.3,1,0,0,0,0,2,1,3,191,3,3,3,77,2022,Round 21,2022-08-07,10723
West Coast,Jamie Cripps,3,12,12,85.7,0,1,0,0,0,0,1,6,242,1,1,0,88,2022,Round 21,2022-08-07,10723
West Coast,Tom Barrass,8,7,10,71.4,5,0,0,6,0,0,1,1,244,5,9,0,96,2022,Round 21,2022-08-07,10723
West Coast,Sam Petrevski Seton,5,7,9,75.0,1,0,0,3,0,0,0,2,81,1,5,0,73,2022,Round 21,2022-08-07,10723
West Coast,Jack Darling,8,2,8,80.0,1,1,1,1,0,0,1,5,156,1,0,3,100,2022,Round 21,2022-08-07,10723
West Coast,Luke Foley,3,8,8,80.0,0,0,0,3,0,0,0,2,89,1,3,0,86,2022,Round 21,2022-08-07,10723
West Coast,Brady Hough,1,9,6,60.0,0,0,1,0,0,0,0,4,245,1,1,0,80,2022,Round 21,2022-08-07,10723
West Coast,Zac Giles Langdon,3,5,6,75.0,0,1,0,1,0,0,0,3,75,1,0,3,70,2022,Round 21,2022-08-07,10723
West Coast,Harry Edwards,3,5,7,87.5,0,0,0,7,0,0,0,0,84,1,5,0,83,2022,Round 21,2022-08-07,10723
West Coast,Bailey Williams 1,6,0,2,40.0,0,0,0,1,0,0,3,3,68,1,1,0,69,2022,Round 21,2022-08-07,10723
Adelaide,Rory Laird,20,15,21,58.3,0,1,0,1,0,6,4,7,484,6,6,0,80,2022,Round 21,2022-08-07,10723
Adelaide,Jordan Dawson,9,12,16,59.3,1,0,0,5,0,0,1,0,691,5,7,0,87,2022,Round 21,2022-08-07,10723
Adelaide,Mitchell Hinge,10,11,12,57.1,1,0,0,2,1,0,2,5,445,4,5,0,76,2022,Round 21,2022-08-07,10723
Adelaide,Lachlan Murphy,7,13,13,68.4,1,2,1,1,0,0,3,4,414,5,1,0,86,2022,Round 21,2022-08-07,10723
Adelaide,Sam Berry,16,7,13,68.4,0,0,0,1,0,5,3,5,419,3,2,0,85,2022,Round 21,2022-08-07,10723
Adelaide,Shane Mcadam,7,9,14,87.5,1,2,3,1,1,1,0,8,242,1,0,1,67,2022,Round 21,2022-08-07,10723
Adelaide,Ben Keays,5,10,9,64.3,0,0,0,0,0,1,0,1,85,1,0,0,85,2022,Round 21,2022-08-07,10723
Adelaide,Jake Soligo,5,9,12,85.7,0,1,0,3,0,0,1,4,121,2,3,2,73,2022,Round 21,2022-08-07,10723
Adelaide,Reilly O Brien,10,5,7,53.8,3,0,0,5,0,0,2,2,123,4,5,0,92,2022,Round 21,2022-08-07,10723
Adelaide,Darcy Fogarty,7,8,7,53.8,3,0,5,3,0,0,1,8,319,3,0,1,86,2022,Round 21,2022-08-07,10723
Adelaide,Harry Schoenberg,8,5,9,69.2,0,1,0,0,0,0,3,3,158,4,1,0,68,2022,Round 21,2022-08-07,10723
Adelaide,Josh Worrell,8,5,8,66.7,1,0,0,6,0,0,2,0,240,3,6,0,81,2022,Round 21,2022-08-07,10723
Adelaide,Edward Mchenry,6,6,5,50.0,0,0,0,1,0,0,2,4,148,3,1,0,86,2022,Round 21,2022-08-07,10723
Adelaide,Wayne Milera,4,5,8,88.9,0,0,0,0,0,0,3,4,203,2,0,0,77,2022,Round 21,2022-08-07,10723
Adelaide,Patrick Parnell,1,7,8,100.0,0,0,0,0,0,0,0,2,152,1,2,0,79,2022,Round 21,2022-08-07,10723
Adelaide,Brodie Smith,0,7,5,71.4,0,0,0,0,0,0,0,1,122,1,1,0,78,2022,Round 21,2022-08-07,10723
Adelaide,Chayce Jones,4,3,7,100.0,1,0,0,2,0,0,0,1,34,1,4,0,84,2022,Round 21,2022-08-07,10723
Adelaide,Jordon Butts,0,7,6,85.7,0,0,0,7,0,0,0,0,135,0,3,0,96,2022,Round 21,2022-08-07,10723
Adelaide,Ben Davis,2,4,6,100.0,0,1,0,0,0,0,0,1,69,1,3,0,48,2022,Round 21,2022-08-07,10723
Adelaide,Elliot Himmelberg,4,4,5,83.3,0,1,1,3,0,0,1,3,96,1,0,0,73,2022,Round 21,2022-08-07,10723
Adelaide,Taylor Walker,4,3,2,40.0,0,1,2,1,0,0,1,6,148,2,0,0,83,2022,Round 21,2022-08-07,10723
Adelaide,Nick Murray,2,3,2,40.0,0,0,0,11,0,0,1,0,66,3,1,0,100,2022,Round 21,2022-08-07,10723
Adelaide,Will Hamill,0,1,1,100.0,0,0,0,1,0,0,0,0,0,0,0,0,30,2022,Round 21,2022-08-07,10723
Brisbane Lions,Lachie Neale,20,12,23,71.9,1,0,0,1,3,6,3,10,414,6,4,1,90,2022,Round 21,2022-08-07,10715
Brisbane Lions,Hugh Mccluggage,7,21,18,64.3,0,1,0,1,2,4,0,10,357,6,1,1,85,2022,Round 21,2022-08-07,10715
Brisbane Lions,Rhys Mathieson,11,13,18,75.0,0,1,1,2,0,1,4,8,408,5,4,0,75,2022,Round 21,2022-08-07,10715
Brisbane Lions,Dayne Zorko,5,16,15,68.2,0,2,1,1,0,1,3,9,435,3,1,0,80,2022,Round 21,2022-08-07,10715
Brisbane Lions,Jarrod Berry,10,12,17,77.3,0,0,1,2,0,0,4,5,219,4,5,0,89,2022,Round 21,2022-08-07,10715
Brisbane Lions,Jarryd Lyons,12,8,14,70.0,0,0,0,1,0,2,4,4,294,3,4,0,78,2022,Round 21,2022-08-07,10715
Brisbane Lions,Oscar Mcinerney,16,6,8,42.1,1,0,1,2,0,6,2,7,356,6,2,0,81,2022,Round 21,2022-08-07,10715
Brisbane Lions,Zac Bailey,3,16,13,68.4,0,2,2,2,0,0,0,10,575,5,2,1,77,2022,Round 21,2022-08-07,10715
Brisbane Lions,Daniel Rich,2,11,16,88.9,0,1,0,3,0,0,0,5,434,4,3,1,89,2022,Round 21,2022-08-07,10715
Brisbane Lions,Lincoln Mccarthy,6,12,13,76.5,0,1,1,1,1,2,1,7,308,4,2,1,73,2022,Round 21,2022-08-07,10715
Brisbane Lions,Daniel Mcstay,9,8,10,62.5,3,1,3,1,0,0,2,6,250,6,2,0,84,2022,Round 21,2022-08-07,10715
Brisbane Lions,Cameron Rayner,2,13,14,87.5,0,2,0,1,0,2,0,9,299,0,1,0,77,2022,Round 21,2022-08-07,10715
Brisbane Lions,Brandon Starcevich,5,10,13,86.7,0,0,0,1,0,0,0,2,157,1,8,0,85,2022,Round 21,2022-08-07,10715
Brisbane Lions,Darcy Gardiner,5,10,12,85.7,1,0,0,5,0,0,0,1,257,3,6,0,94,2022,Round 21,2022-08-07,10715
Brisbane Lions,Keidean Coleman,5,9,11,78.6,0,1,0,3,0,0,0,4,302,2,4,0,78,2022,Round 21,2022-08-07,10715
Brisbane Lions,Mitch Robinson,3,10,10,76.9,0,1,0,1,1,0,1,4,316,1,2,0,41,2022,Round 21,2022-08-07,10715
Brisbane Lions,Eric Hipwood,4,9,9,69.2,2,1,2,1,0,0,0,5,227,2,0,1,84,2022,Round 21,2022-08-07,10715
Brisbane Lions,Charlie Cameron,3,7,8,72.7,0,2,2,1,0,0,0,8,130,2,1,3,83,2022,Round 21,2022-08-07,10715
Brisbane Lions,Harris Andrews,4,7,10,90.9,2,0,0,11,0,0,0,0,50,1,4,0,98,2022,Round 21,2022-08-07,10715
Brisbane Lions,Noah Answerth,2,7,7,77.8,0,0,0,1,0,0,0,0,115,3,4,0,74,2022,Round 21,2022-08-07,10715
Brisbane Lions,Joe Daniher,2,5,5,71.4,1,0,0,0,0,0,0,3,202,1,1,0,95,2022,Round 21,2022-08-07,10715
Brisbane Lions,Callum Ah Chee,1,5,5,83.3,0,0,0,0,0,0,0,1,104,2,1,1,26,2022,Round 21,2022-08-07,10715
Brisbane Lions,Marcus Adams,0,3,2,100.0,0,0,0,5,0,0,0,1,21,0,1,0,65,2022,Round 21,2022-08-07,10715
Carlton,Sam Docherty,7,21,21,75.0,0,1,0,3,2,0,2,6,420,2,7,0,92,2022,Round 21,2022-08-07,10715
Carlton,Sam Walsh,10,17,22,81.5,0,0,0,1,3,2,4,7,346,5,4,0,88,2022,Round 21,2022-08-07,10715
Carlton,Patrick Cripps,17,7,16,66.7,0,1,1,0,0,0,7,7,156,4,3,0,90,2022,Round 21,2022-08-07,10715
Carlton,Adam Saad,11,8,19,79.2,0,0,0,5,9,0,2,2,500,5,10,0,84,2022,Round 21,2022-08-07,10715
Carlton,Adam Cerra,10,14,12,54.5,0,0,0,2,0,2,2,3,468,6,4,0,84,2022,Round 21,2022-08-07,10715
Carlton,Mitch Mcgovern,2,12,14,77.8,1,0,0,2,0,0,0,3,406,2,2,0,80,2022,Round 21,2022-08-07,10715
Carlton,Will Setterfield,6,13,11,61.1,0,0,0,2,1,0,1,2,270,3,1,0,81,2022,Round 21,2022-08-07,10715
Carlton,Lochie O Brien,4,14,14,77.8,0,1,1,1,0,0,2,3,250,4,3,1,73,2022,Round 21,2022-08-07,10715
Carlton,Matt Cottrell,5,15,12,70.6,0,1,0,2,0,0,1,8,313,2,4,0,89,2022,Round 21,2022-08-07,10715
Carlton,Jacob Weitering,8,8,12,75.0,4,0,0,3,0,0,0,2,218,2,9,0,97,2022,Round 21,2022-08-07,10715
Carlton,Zac Fisher,6,11,12,75.0,0,0,0,1,0,0,2,7,391,5,1,0,74,2022,Round 21,2022-08-07,10715
Carlton,Jack Newnes,5,8,7,53.8,0,1,1,1,4,0,1,3,332,4,4,0,80,2022,Round 21,2022-08-07,10715
Carlton,Paddy Dow,6,7,7,53.8,0,0,0,0,0,3,0,2,146,3,0,0,64,2022,Round 21,2022-08-07,10715
Carlton,Jack Martin,3,9,6,50.0,0,0,2,3,0,0,1,4,174,0,0,2,60,2022,Round 21,2022-08-07,10715
Carlton,Charlie Curnow,6,5,9,75.0,1,2,3,1,0,0,0,5,336,1,0,0,92,2022,Round 21,2022-08-07,10715
Carlton,Lewis Young,5,9,8,66.7,0,0,0,11,0,0,0,3,31,4,8,0,91,2022,Round 21,2022-08-07,10715
Carlton,Jack Silvagni,4,5,9,100.0,1,0,0,1,0,0,1,1,222,2,3,0,74,2022,Round 21,2022-08-07,10715
Carlton,Harry Mckay,4,6,6,66.7,2,0,2,2,0,0,0,3,238,3,0,0,96,2022,Round 21,2022-08-07,10715
Carlton,Caleb Marchbank,2,6,7,87.5,0,0,0,3,0,0,0,0,162,1,4,0,77,2022,Round 21,2022-08-07,10715
Carlton,Matt Owies,4,4,6,75.0,0,1,1,4,0,0,1,5,90,1,0,1,79,2022,Round 21,2022-08-07,10715
Carlton,Tom De Koning,7,0,2,33.3,2,0,0,6,0,1,1,3,180,3,3,1,77,2022,Round 21,2022-08-07,10715
Carlton,Jesse Motlop,4,2,6,100.0,1,0,1,0,0,0,0,2,67,1,0,1,63,2022,Round 21,2022-08-07,10715
Carlton,Corey Durdin,2,1,2,66.7,0,0,0,0,0,0,1,2,36,0,0,0,16,2022,Round 21,2022-08-07,10715
St Kilda,Sebastian Ross,15,16,22,68.8,0,1,0,2,0,1,6,10,291,4,4,0,78,2022,Round 22,2022-08-12,10728
St Kilda,Brad Crouch,12,12,14,56.0,0,1,0,1,0,3,5,5,244,5,0,1,75,2022,Round 22,2022-08-12,10728
St Kilda,Jack Sinclair,6,13,21,84.0,0,0,0,1,0,1,0,3,511,2,7,0,87,2022,Round 22,2022-08-12,10728
St Kilda,Callum Wilkie,5,18,15,68.2,1,0,0,9,0,0,1,3,261,3,6,0,100,2022,Round 22,2022-08-12,10728
St Kilda,Marcus Windhager,8,14,12,57.1,0,1,1,0,0,1,4,3,341,4,2,0,88,2022,Round 22,2022-08-12,10728
St Kilda,Rowan Marshall,13,7,9,45.0,1,0,0,1,0,2,5,4,401,5,3,1,87,2022,Round 22,2022-08-12,10728
St Kilda,Zak Jones,7,11,16,94.1,0,1,0,0,0,0,1,3,42,1,4,0,55,2022,Round 22,2022-08-12,10728
St Kilda,Mason Wood,7,8,12,80.0,1,0,2,0,0,0,1,6,299,4,3,1,87,2022,Round 22,2022-08-12,10728
St Kilda,Jarrod Lienert,4,10,13,86.7,0,0,0,5,0,1,1,4,210,2,3,0,88,2022,Round 22,2022-08-12,10728
St Kilda,Jack Steele,7,6,9,69.2,0,0,0,0,0,0,1,2,128,2,1,2,88,2022,Round 22,2022-08-12,10728
St Kilda,Dougal Howard,2,9,13,100.0,0,0,0,8,0,0,0,1,185,1,7,0,100,2022,Round 22,2022-08-12,10728
St Kilda,Hunter Clark,4,8,10,83.3,0,0,0,0,0,0,0,1,210,4,3,0,69,2022,Round 22,2022-08-12,10728
St Kilda,Nasiah Wanganeen Milera,2,10,11,91.7,0,1,1,1,0,0,1,2,232,2,1,0,67,2022,Round 22,2022-08-12,10728
St Kilda,Bradley Hill,5,5,9,81.8,0,0,0,3,0,0,2,2,91,1,1,2,89,2022,Round 22,2022-08-12,10728
St Kilda,Ben Long,3,8,7,63.6,1,0,0,1,0,0,0,1,272,4,2,1,70,2022,Round 22,2022-08-12,10728
St Kilda,Jack Higgins,3,7,7,63.6,0,0,1,0,2,0,0,4,370,0,1,1,78,2022,Round 22,2022-08-12,10728
St Kilda,Tim Membrey,2,8,6,60.0,1,0,5,1,0,0,0,6,205,2,0,0,89,2022,Round 22,2022-08-12,10728
St Kilda,Mitchito Owens,6,7,5,50.0,1,1,0,2,1,0,0,2,216,5,4,2,83,2022,Round 22,2022-08-12,10728
St Kilda,Daniel Butler,6,3,5,55.6,0,1,0,3,1,0,1,3,164,2,1,0,74,2022,Round 22,2022-08-12,10728
St Kilda,Max King 1,4,4,2,25.0,2,0,3,2,0,0,0,6,168,1,0,0,93,2022,Round 22,2022-08-12,10728
St Kilda,Ben Paton,2,5,6,85.7,1,0,0,1,0,0,0,0,60,0,2,0,85,2022,Round 22,2022-08-12,10728
St Kilda,Cooper Sharman,2,3,4,66.7,0,0,0,5,0,0,0,1,137,2,4,0,55,2022,Round 22,2022-08-12,10728
St Kilda,Jimmy Webster,0,1,2,100.0,0,0,0,0,0,0,0,0,68,1,0,0,16,2022,Round 22,2022-08-12,10728
Brisbane Lions,Daniel Rich,7,13,22,84.6,1,0,0,6,0,0,0,3,568,5,7,0,84,2022,Round 22,2022-08-12,10728
Brisbane Lions,Hugh Mccluggage,11,15,19,79.2,0,2,1,1,2,3,2,10,317,0,3,1,81,2022,Round 22,2022-08-12,10728
Brisbane Lions,Dayne Zorko,8,14,13,59.1,1,0,0,1,0,0,3,4,465,6,5,1,76,2022,Round 22,2022-08-12,10728
Brisbane Lions,Cameron Rayner,10,8,11,61.1,2,0,1,1,0,0,1,5,351,3,0,0,76,2022,Round 22,2022-08-12,10728
Brisbane Lions,Jarryd Lyons,7,10,9,52.9,0,1,1,0,0,0,3,5,214,4,3,1,81,2022,Round 22,2022-08-12,10728
Brisbane Lions,Jarrod Berry,5,13,14,82.4,0,0,0,0,0,0,2,3,175,4,2,0,75,2022,Round 22,2022-08-12,10728
Brisbane Lions,Lachie Neale,11,5,13,81.2,0,1,0,0,0,5,3,4,183,2,2,0,88,2022,Round 22,2022-08-12,10728
Brisbane Lions,Oscar Mcinerney,9,7,12,75.0,1,0,0,2,0,2,3,5,269,2,4,0,83,2022,Round 22,2022-08-12,10728
Brisbane Lions,Noah Answerth,3,12,12,85.7,2,0,0,4,0,0,0,2,274,4,4,1,86,2022,Round 22,2022-08-12,10728
Brisbane Lions,Jaxon Prior,6,8,8,57.1,0,0,0,1,0,0,1,1,141,3,2,0,77,2022,Round 22,2022-08-12,10728
Brisbane Lions,Rhys Mathieson,6,7,11,84.6,0,0,0,2,0,0,4,2,71,1,0,0,75,2022,Round 22,2022-08-12,10728
Brisbane Lions,Brandon Starcevich,6,9,10,76.9,0,0,0,6,0,1,1,2,275,1,5,0,90,2022,Round 22,2022-08-12,10728
Brisbane Lions,Keidean Coleman,5,10,11,84.6,0,1,0,5,0,0,2,3,102,2,3,0,73,2022,Round 22,2022-08-12,10728
Brisbane Lions,Lincoln Mccarthy,4,8,6,50.0,1,0,2,0,1,0,1,3,124,4,0,0,76,2022,Round 22,2022-08-12,10728
Brisbane Lions,Zac Bailey,1,10,7,58.3,0,0,1,0,0,1,0,3,322,5,1,0,71,2022,Round 22,2022-08-12,10728
Brisbane Lions,Harris Andrews,5,7,9,81.8,1,0,0,10,0,0,0,2,160,2,5,0,100,2022,Round 22,2022-08-12,10728
Brisbane Lions,Charlie Cameron,6,2,3,30.0,2,1,3,3,0,0,0,4,192,3,2,5,87,2022,Round 22,2022-08-12,10728
Brisbane Lions,Joe Daniher,5,4,8,88.9,3,1,2,0,3,0,0,7,206,1,0,0,91,2022,Round 22,2022-08-12,10728
Brisbane Lions,Eric Hipwood,5,4,7,77.8,0,1,1,4,0,0,0,6,180,0,0,2,85,2022,Round 22,2022-08-12,10728
Brisbane Lions,Jack Payne,3,6,6,66.7,1,0,0,8,0,0,0,3,216,2,5,0,73,2022,Round 22,2022-08-12,10728
Brisbane Lions,Daniel Mcstay,3,4,3,37.5,2,0,2,2,0,1,0,2,152,1,1,0,76,2022,Round 22,2022-08-12,10728
Brisbane Lions,Darcy Gardiner,4,3,4,57.1,0,0,0,5,0,0,1,0,196,2,3,0,95,2022,Round 22,2022-08-12,10728
Adelaide,Jordan Dawson,5,25,27,81.8,2,1,0,6,0,0,1,9,830,7,6,0,88,2022,Round 22,2022-08-13,10731
Adelaide,Rory Laird,8,17,17,68.0,0,2,1,0,0,0,4,10,476,4,3,1,80,2022,Round 22,2022-08-13,10731
Adelaide,Jake Soligo,8,14,15,68.2,0,1,1,0,1,0,2,6,282,4,4,0,78,2022,Round 22,2022-08-13,10731
Adelaide,Brodie Smith,1,12,15,78.9,0,0,1,1,4,0,0,6,605,1,3,0,87,2022,Round 22,2022-08-13,10731
Adelaide,Ben Keays,4,14,14,73.7,0,1,1,0,0,1,2,7,294,2,1,0,78,2022,Round 22,2022-08-13,10731
Adelaide,Harry Schoenberg,11,8,11,61.1,0,0,0,2,0,3,2,5,229,3,1,0,67,2022,Round 22,2022-08-13,10731
Adelaide,Josh Worrell,8,6,17,100.0,1,0,0,4,0,0,0,3,252,1,7,0,80,2022,Round 22,2022-08-13,10731
Adelaide,Taylor Walker,5,11,13,81.2,1,2,3,0,0,0,1,9,288,4,0,0,88,2022,Round 22,2022-08-13,10731
Adelaide,Tom Doedee,7,8,15,93.8,0,0,0,11,0,0,1,4,113,1,8,0,86,2022,Round 22,2022-08-13,10731
Adelaide,Edward Mchenry,5,11,16,100.0,0,2,1,1,0,0,1,5,232,2,1,1,84,2022,Round 22,2022-08-13,10731
Adelaide,Mitchell Hinge,5,10,14,93.3,0,0,0,2,0,0,2,4,327,0,2,0,82,2022,Round 22,2022-08-13,10731
Adelaide,Chayce Jones,7,9,11,73.3,0,2,0,2,0,0,2,5,279,2,1,0,78,2022,Round 22,2022-08-13,10731
Adelaide,Sam Berry,10,7,10,66.7,1,0,0,3,0,2,4,4,181,4,3,1,78,2022,Round 22,2022-08-13,10731
Adelaide,James Rowe,6,7,12,80.0,0,0,0,0,0,0,0,8,190,2,3,0,72,2022,Round 22,2022-08-13,10731
Adelaide,Patrick Parnell,4,12,14,93.3,0,0,0,4,1,0,1,5,339,2,2,0,78,2022,Round 22,2022-08-13,10731
Adelaide,Lachlan Murphy,6,9,9,64.3,1,1,1,1,0,0,2,9,286,1,0,0,84,2022,Round 22,2022-08-13,10731
Adelaide,Darcy Fogarty,2,9,10,90.9,0,0,4,1,0,0,0,7,234,3,0,1,86,2022,Round 22,2022-08-13,10731
Adelaide,Shane Mcadam,5,6,7,63.6,0,0,5,1,0,0,0,7,123,1,1,3,75,2022,Round 22,2022-08-13,10731
Adelaide,Riley Thilthorpe,6,6,6,54.5,2,1,1,4,0,0,0,6,316,4,0,0,76,2022,Round 22,2022-08-13,10731
Adelaide,Jordon Butts,5,5,9,90.0,0,0,0,6,0,0,0,2,47,0,5,0,87,2022,Round 22,2022-08-13,10731
Adelaide,Reilly O Brien,7,2,7,77.8,2,0,0,1,0,1,3,3,35,2,2,0,91,2022,Round 22,2022-08-13,10731
Adelaide,Nick Murray,2,5,3,42.9,0,0,0,5,0,0,0,1,192,2,2,0,94,2022,Round 22,2022-08-13,10731
Adelaide,Ben Davis,0,0,0,0.0,0,0,0,0,0,0,0,0,0,0,0,0,3,2022,Round 22,2022-08-13,10731
North Melbourne,Luke Davies Uniacke,15,22,29,78.4,0,0,0,0,1,8,3,6,742,4,3,0,86,2022,Round 22,2022-08-13,10731
North Melbourne,Jy Simpkin,13,16,23,76.7,0,1,0,2,0,7,3,9,393,2,1,1,86,2022,Round 22,2022-08-13,10731
North Melbourne,Aaron Hall,1,21,22,78.6,0,0,0,0,1,0,0,4,850,8,1,0,80,2022,Round 22,2022-08-13,10731
North Melbourne,Bailey Scott,7,13,19,90.5,0,0,0,2,1,0,0,7,377,2,3,0,93,2022,Round 22,2022-08-13,10731
North Melbourne,Luke Mcdonald,9,4,11,57.9,2,0,0,1,0,0,1,1,302,3,4,0,85,2022,Round 22,2022-08-13,10731
North Melbourne,Lachie Young,5,14,13,72.2,0,0,0,4,0,0,0,4,372,1,7,0,90,2022,Round 22,2022-08-13,10731
North Melbourne,Ben Cunnington,6,11,12,70.6,0,0,0,1,0,1,2,4,197,2,1,0,67,2022,Round 22,2022-08-13,10731
North Melbourne,Curtis Taylor,4,13,13,76.5,0,1,1,1,0,0,0,5,269,1,1,0,79,2022,Round 22,2022-08-13,10731
North Melbourne,Jed Anderson,4,11,12,80.0,0,1,1,0,0,0,1,3,185,1,2,0,47,2022,Round 22,2022-08-13,10731
North Melbourne,Charlie Lazzaro,2,13,10,66.7,0,1,0,1,0,0,1,5,199,2,0,0,92,2022,Round 22,2022-08-13,10731
North Melbourne,Cameron Zurhaar,8,8,9,64.3,1,2,3,2,0,0,1,9,310,4,0,0,90,2022,Round 22,2022-08-13,10731
North Melbourne,Kallan Dawson,6,8,13,92.9,2,0,0,7,0,0,0,5,352,4,6,0,86,2022,Round 22,2022-08-13,10731
North Melbourne,Ben Mckay,7,5,10,76.9,3,0,0,3,0,0,1,0,150,2,9,0,90,2022,Round 22,2022-08-13,10731
North Melbourne,Tom Powell,5,10,11,84.6,0,0,0,2,0,1,2,3,132,2,1,2,75,2022,Round 22,2022-08-13,10731
North Melbourne,Jackson Archer,6,7,10,83.3,0,0,0,1,0,0,1,5,79,2,7,0,87,2022,Round 22,2022-08-13,10731
North Melbourne,Aidan Corr,2,8,10,90.9,0,0,0,6,0,0,0,2,294,1,2,0,91,2022,Round 22,2022-08-13,10731
North Melbourne,Callum Coleman Jones,7,4,8,72.7,0,0,1,3,0,0,2,5,125,4,0,1,79,2022,Round 22,2022-08-13,10731
North Melbourne,Todd Goldstein,3,7,5,50.0,0,1,0,6,0,0,2,6,140,1,1,0,88,2022,Round 22,2022-08-13,10731
North Melbourne,Jaidyn Stephenson,3,6,7,77.8,0,1,0,0,0,0,0,5,142,2,1,1,47,2022,Round 22,2022-08-13,10731
North Melbourne,Nick Larkey,4,4,5,62.5,2,0,1,2,0,0,1,2,147,2,0,0,96,2022,Round 22,2022-08-13,10731
North Melbourne,Paul Curtis,4,5,5,62.5,2,0,2,0,0,0,0,5,188,2,1,2,80,2022,Round 22,2022-08-13,10731
North Melbourne,Jack Ziebell,2,6,5,71.4,0,0,0,0,0,0,0,3,94,2,0,0,46,2022,Round 22,2022-08-13,10731
North Melbourne,Hugh Greenwood,2,5,5,83.3,0,0,0,0,0,2,0,1,60,1,1,0,41,2022,Round 22,2022-08-13,10731
Western Bulldogs,Jackson Macrae,14,17,25,80.6,0,0,0,1,0,0,2,5,211,0,5,0,79,2022,Round 22,2022-08-13,10730
Western Bulldogs,Caleb Daniel,10,20,24,82.8,0,0,0,0,1,0,2,3,548,4,8,0,83,2022,Round 22,2022-08-13,10730
Western Bulldogs,Marcus Bontempelli,11,16,22,84.6,0,0,0,2,0,2,4,6,206,3,2,1,86,2022,Round 22,2022-08-13,10730
Western Bulldogs,Bailey Dale,2,19,21,80.8,1,0,1,2,0,0,0,7,427,5,7,0,88,2022,Round 22,2022-08-13,10730
Western Bulldogs,Josh Dunkley,10,18,21,80.8,0,0,0,2,0,1,2,1,115,3,3,1,86,2022,Round 22,2022-08-13,10730
Western Bulldogs,Bailey Smith,7,18,18,69.2,0,2,0,0,1,1,3,5,456,5,3,0,86,2022,Round 22,2022-08-13,10730
Western Bulldogs,Adam Treloar,5,17,19,79.2,0,0,0,1,6,0,0,4,409,3,6,0,85,2022,Round 22,2022-08-13,10730
Western Bulldogs,Ed Richards,5,19,18,75.0,1,0,0,5,4,0,0,5,574,7,9,0,91,2022,Round 22,2022-08-13,10730
Western Bulldogs,Thomas Liberatore,10,9,19,95.0,0,0,0,1,0,1,5,4,145,1,3,0,74,2022,Round 22,2022-08-13,10730
Western Bulldogs,Lachlan Hunter,2,17,13,76.5,1,0,0,3,0,0,1,2,184,5,0,0,83,2022,Round 22,2022-08-13,10730
Western Bulldogs,Sam Darcy,6,9,10,66.7,1,0,0,1,0,0,0,3,274,4,7,0,70,2022,Round 22,2022-08-13,10730
Western Bulldogs,Bailey Williams,5,10,13,92.9,0,1,1,0,0,0,2,3,302,4,3,0,82,2022,Round 22,2022-08-13,10730
Western Bulldogs,Aaron Naughton,7,6,8,61.5,1,0,2,0,0,0,0,5,198,4,1,1,90,2022,Round 22,2022-08-13,10730
Western Bulldogs,Rhylee West,6,7,10,76.9,0,1,0,0,0,0,0,6,90,4,3,1,74,2022,Round 22,2022-08-13,10730
Western Bulldogs,Jamarra Ugle Hagan,8,4,8,66.7,2,0,4,1,0,0,0,4,286,0,1,0,84,2022,Round 22,2022-08-13,10730
Western Bulldogs,Zaine Cordy,3,9,10,90.9,0,0,0,6,0,0,1,4,132,2,2,0,89,2022,Round 22,2022-08-13,10730
Western Bulldogs,Ryan Gardner,3,8,6,54.5,1,0,0,9,0,0,0,1,174,2,5,0,100,2022,Round 22,2022-08-13,10730
Western Bulldogs,Timothy English,6,7,8,80.0,0,0,0,1,0,1,1,4,103,2,2,1,86,2022,Round 22,2022-08-13,10730
Western Bulldogs,Laitham Vandermeer,1,8,4,44.4,0,2,1,0,0,0,0,4,213,3,0,1,81,2022,Round 22,2022-08-13,10730
Western Bulldogs,Cody Weightman,4,4,5,62.5,0,0,0,4,0,0,0,3,85,3,0,1,75,2022,Round 22,2022-08-13,10730
Western Bulldogs,Lachlan Mcneil,3,6,4,50.0,0,1,0,3,0,0,1,3,179,1,0,0,70,2022,Round 22,2022-08-13,10730
Western Bulldogs,Stefan Martin,4,3,5,83.3,0,0,0,0,0,1,1,2,84,1,1,0,59,2022,Round 22,2022-08-13,10730
Greater Western Sydney,Joshua Kelly,9,24,29,82.9,1,0,0,0,1,1,4,4,600,5,3,0,82,2022,Round 22,2022-08-13,10730
Greater Western Sydney,Stephen Coniglio,9,20,25,80.6,1,1,0,0,0,3,0,6,232,4,3,0,90,2022,Round 22,2022-08-13,10730
Greater Western Sydney,Harrison Himmelberg,6,21,24,80.0,0,0,0,4,0,0,0,2,504,5,5,0,98,2022,Round 22,2022-08-13,10730
Greater Western Sydney,Callan Ward,10,20,22,75.9,0,0,0,0,0,1,4,3,494,3,3,0,78,2022,Round 22,2022-08-13,10730
Greater Western Sydney,Lachie Whitfield,3,26,24,82.8,0,0,0,1,0,0,1,4,389,6,4,0,80,2022,Round 22,2022-08-13,10730
Greater Western Sydney,Tom Green,13,17,23,79.3,0,2,0,3,0,1,3,4,116,3,4,0,70,2022,Round 22,2022-08-13,10730
Greater Western Sydney,Jacob Hopper,9,19,18,69.2,0,1,0,0,0,0,4,5,244,5,3,0,75,2022,Round 22,2022-08-13,10730
Greater Western Sydney,Nick Haynes,3,22,19,76.0,1,0,0,3,0,0,0,5,575,8,7,0,79,2022,Round 22,2022-08-13,10730
Greater Western Sydney,Harry Perryman,7,16,21,91.3,0,0,0,1,0,1,2,2,266,2,2,1,81,2022,Round 22,2022-08-13,10730
Greater Western Sydney,Isaac Cumming,7,11,18,81.8,0,0,0,5,0,0,1,3,391,4,6,0,87,2022,Round 22,2022-08-13,10730
Greater Western Sydney,Adam Kennedy,2,13,14,93.3,1,0,0,2,0,0,0,2,14,1,2,0,65,2022,Round 22,2022-08-13,10730
Greater Western Sydney,Lachlan Ash,2,13,10,66.7,0,1,1,3,1,0,0,5,279,2,3,1,87,2022,Round 22,2022-08-13,10730
Greater Western Sydney,Leek Aleer,6,8,11,78.6,0,0,0,6,0,0,0,3,84,3,7,0,88,2022,Round 22,2022-08-13,10730
Greater Western Sydney,Daniel Lloyd,6,6,8,61.5,1,1,0,2,0,0,1,5,232,2,2,0,93,2022,Round 22,2022-08-13,10730
Greater Western Sydney,Sam Taylor,6,8,11,84.6,1,1,0,10,0,0,0,1,140,1,6,0,96,2022,Round 22,2022-08-13,10730
Greater Western Sydney,Lachlan Keeffe,3,9,9,75.0,0,0,0,3,0,0,0,4,173,0,3,0,65,2022,Round 22,2022-08-13,10730
Greater Western Sydney,Jesse Hogan,4,8,8,66.7,4,0,4,1,0,0,0,3,107,4,1,1,90,2022,Round 22,2022-08-13,10730
Greater Western Sydney,Jake Riccardi,2,10,10,83.3,1,0,2,0,0,0,0,3,137,1,0,0,82,2022,Round 22,2022-08-13,10730
Greater Western Sydney,Tanner Bruhn,3,9,10,83.3,0,0,0,0,0,1,1,6,144,3,0,3,80,2022,Round 22,2022-08-13,10730
Greater Western Sydney,Callum Brown 1,1,10,10,90.9,0,0,0,4,0,0,0,1,210,2,1,0,81,2022,Round 22,2022-08-13,10730
Greater Western Sydney,Kieren Briggs,4,3,6,75.0,0,0,0,3,0,1,2,1,47,1,2,0,63,2022,Round 22,2022-08-13,10730
Greater Western Sydney,Jake Stein,0,6,5,71.4,0,0,1,0,0,0,0,1,142,4,0,1,74,2022,Round 22,2022-08-13,10730
Greater Western Sydney,Xavier O Halloran,0,5,3,60.0,0,0,0,0,0,0,0,0,8,2,0,0,17,2022,Round 22,2022-08-13,10730
Gold Coast,Touk Miller,14,24,22,61.1,0,0,0,2,0,3,2,3,734,8,3,0,93,2022,Round 22,2022-08-13,10725
Gold Coast,Brandon Ellis,8,15,29,90.6,0,0,0,0,1,1,2,2,552,3,7,0,90,2022,Round 22,2022-08-13,10725
Gold Coast,Noah Anderson,7,16,15,57.7,0,1,0,1,0,2,4,3,432,3,1,0,88,2022,Round 22,2022-08-13,10725
Gold Coast,David Swallow,8,11,12,63.2,0,0,0,1,0,2,2,1,447,6,5,1,79,2022,Round 22,2022-08-13,10725
Gold Coast,Ben Ainsworth,4,16,12,63.2,0,4,1,0,0,0,0,7,224,4,1,2,91,2022,Round 22,2022-08-13,10725
Gold Coast,Jy Farrar,4,14,13,72.2,0,0,0,5,3,0,1,1,409,5,3,0,91,2022,Round 22,2022-08-13,10725
Gold Coast,Elijah Hollands,8,11,13,72.2,1,0,0,1,0,2,1,6,265,3,2,0,83,2022,Round 22,2022-08-13,10725
Gold Coast,Jarrod Witts,9,8,11,68.8,0,0,1,4,0,1,3,1,111,2,4,0,85,2022,Round 22,2022-08-13,10725
Gold Coast,Darcy Macpherson,4,8,11,68.8,0,0,0,0,0,0,0,3,136,5,6,0,65,2022,Round 22,2022-08-13,10725
Gold Coast,Jack Lukosius,4,10,8,53.3,1,0,2,3,0,0,0,4,324,5,2,0,76,2022,Round 22,2022-08-13,10725
Gold Coast,Samuel Collins,6,9,11,78.6,0,0,0,9,0,0,1,2,146,1,7,0,95,2022,Round 22,2022-08-13,10725
Gold Coast,Izak Rankine,6,7,10,71.4,0,0,0,0,0,0,1,5,231,2,1,2,81,2022,Round 22,2022-08-13,10725
Gold Coast,Mac Andrew,4,9,8,66.7,3,1,1,1,0,0,0,4,176,4,3,0,88,2022,Round 22,2022-08-13,10725
Gold Coast,Sean Lemmens,7,5,9,81.8,0,0,0,2,0,0,1,1,197,2,7,0,90,2022,Round 22,2022-08-13,10725
Gold Coast,Malcolm Rosas,5,6,8,72.7,0,0,0,2,0,0,1,4,198,5,3,1,75,2022,Round 22,2022-08-13,10725
Gold Coast,Caleb Graham,4,5,9,90.0,0,0,0,5,0,0,1,0,106,1,6,0,90,2022,Round 22,2022-08-13,10725
Gold Coast,Sam Flanders,3,8,6,60.0,0,0,0,0,0,0,0,3,89,4,1,0,72,2022,Round 22,2022-08-13,10725
Gold Coast,Alex Davies,8,3,8,80.0,0,0,0,2,0,2,0,1,103,1,3,1,55,2022,Round 22,2022-08-13,10725
Gold Coast,Matt Rowell,5,4,7,77.8,0,0,0,1,0,0,4,1,243,5,0,2,71,2022,Round 22,2022-08-13,10725
Gold Coast,Mabior Chol,2,4,2,33.3,0,0,0,2,0,1,0,3,178,1,1,0,86,2022,Round 22,2022-08-13,10725
Gold Coast,Sam Day,3,2,3,75.0,0,0,1,1,0,0,0,1,117,1,0,0,41,2022,Round 22,2022-08-13,10725
Gold Coast,Jeremy Sharp,2,2,3,75.0,0,0,1,0,0,0,0,1,107,1,2,0,32,2022,Round 22,2022-08-13,10725
Gold Coast,Levi Casboult,1,0,1,100.0,1,0,1,1,0,0,0,0,4,4,0,1,80,2022,Round 22,2022-08-13,10725
Geelong,Cameron Guthrie,10,18,24,80.0,1,0,0,1,1,1,3,6,424,2,0,2,72,2022,Round 22,2022-08-13,10725
Geelong,Brandan Parfitt,10,16,14,50.0,0,0,1,2,0,1,3,8,277,8,3,1,72,2022,Round 22,2022-08-13,10725
Geelong,Mark Blicavs,13,14,20,74.1,1,0,1,0,0,1,2,5,229,4,2,1,82,2022,Round 22,2022-08-13,10725
Geelong,Patrick Dangerfield,15,11,16,66.7,1,1,3,5,0,4,3,9,350,3,2,0,69,2022,Round 22,2022-08-13,10725
Geelong,Joel Selwood,8,12,12,57.1,0,0,1,4,0,4,2,5,283,3,0,0,65,2022,Round 22,2022-08-13,10725
Geelong,Jeremy Cameron,7,14,14,66.7,3,1,4,0,0,0,2,10,474,3,0,1,87,2022,Round 22,2022-08-13,10725
Geelong,Thomas Stewart,10,10,15,71.4,0,1,0,4,0,0,1,3,502,5,12,0,85,2022,Round 22,2022-08-13,10725
Geelong,Gryan Miers,8,15,15,71.4,0,1,1,1,0,0,1,8,432,6,7,0,81,2022,Round 22,2022-08-13,10725
Geelong,Max Holmes,7,13,10,50.0,0,1,0,3,1,0,0,6,545,6,8,0,74,2022,Round 22,2022-08-13,10725
Geelong,Sam Menegola,2,17,14,73.7,0,0,0,1,0,0,0,6,411,5,1,1,74,2022,Round 22,2022-08-13,10725
Geelong,Zach Tuohy,4,12,16,88.9,1,0,0,4,1,0,1,2,377,5,5,0,87,2022,Round 22,2022-08-13,10725
Geelong,Zach Guthrie,7,12,17,94.4,0,1,0,7,0,0,1,7,412,2,5,0,84,2022,Round 22,2022-08-13,10725
Geelong,Bradley Close,8,10,13,72.2,0,0,0,0,0,0,1,2,151,1,3,1,83,2022,Round 22,2022-08-13,10725
Geelong,Tyson Stengle,4,12,8,53.3,1,0,4,0,0,0,1,8,257,4,2,1,83,2022,Round 22,2022-08-13,10725
Geelong,Tom Atkins,6,11,12,80.0,0,1,0,2,0,1,2,5,129,1,1,5,73,2022,Round 22,2022-08-13,10725
Geelong,Tom Hawkins,7,7,8,61.5,2,4,3,5,0,0,1,9,139,0,0,2,91,2022,Round 22,2022-08-13,10725
Geelong,Jake Kolodjashnij,2,12,12,92.3,1,0,0,2,0,0,0,3,287,1,5,0,87,2022,Round 22,2022-08-13,10725
Geelong,Jack Henry,5,7,10,83.3,1,1,0,5,0,1,0,3,153,3,6,0,96,2022,Round 22,2022-08-13,10725
Geelong,Jed Bews,5,6,7,63.6,0,0,0,2,0,0,0,0,126,3,4,0,84,2022,Round 22,2022-08-13,10725
Geelong,Sam De Koning,8,4,8,72.7,1,0,0,4,0,0,0,0,76,1,8,0,96,2022,Round 22,2022-08-13,10725
Geelong,Gary Rohan,2,6,6,75.0,0,0,0,3,0,0,0,4,255,2,1,0,90,2022,Round 22,2022-08-13,10725
Geelong,Mark O Connor,2,6,8,100.0,0,0,0,2,0,0,0,3,119,0,1,0,40,2022,Round 22,2022-08-13,10725
Geelong,Rhys Stanley,2,2,4,100.0,0,1,0,3,0,1,0,2,56,0,1,0,44,2022,Round 22,2022-08-13,10725
Fremantle,Blake Acres,8,19,23,79.3,0,0,0,1,1,0,3,8,567,5,4,0,82,2022,Round 22,2022-08-13,10732
Fremantle,Will Brodie,15,12,21,75.0,0,0,0,2,0,3,4,4,239,3,3,2,68,2022,Round 22,2022-08-13,10732
Fremantle,David Mundy,12,14,16,64.0,0,0,0,4,0,3,5,7,377,3,2,0,68,2022,Round 22,2022-08-13,10732
Fremantle,Caleb Serong,9,15,18,72.0,0,0,0,0,0,3,2,6,308,2,2,1,72,2022,Round 22,2022-08-13,10732
Fremantle,James Aish,6,16,9,40.9,0,0,0,2,0,0,2,3,438,4,7,1,77,2022,Round 22,2022-08-13,10732
Fremantle,Andrew Brayshaw,9,13,18,81.8,0,1,0,1,0,1,3,8,234,1,4,0,80,2022,Round 22,2022-08-13,10732
Fremantle,Brandon Walker,8,13,17,77.3,0,0,0,2,1,0,2,2,280,2,7,0,79,2022,Round 22,2022-08-13,10732
Fremantle,Jordan Clark,7,12,16,80.0,1,0,0,1,0,0,1,3,350,5,6,0,87,2022,Round 22,2022-08-13,10732
Fremantle,Michael Walters,6,13,14,73.7,1,1,0,0,0,0,1,7,260,3,0,2,86,2022,Round 22,2022-08-13,10732
Fremantle,Hayden Young,6,12,14,82.4,0,0,0,4,0,0,1,1,287,3,7,0,82,2022,Round 22,2022-08-13,10732
Fremantle,Heath Chapman,5,12,14,82.4,0,0,0,5,0,0,0,1,260,3,6,0,85,2022,Round 22,2022-08-13,10732
Fremantle,Sean Darcy,7,6,4,25.0,2,1,2,3,0,0,4,8,368,5,4,1,82,2022,Round 22,2022-08-13,10732
Fremantle,Griffin Logue,12,4,8,53.3,2,1,0,5,2,0,2,6,137,5,2,3,97,2022,Round 22,2022-08-13,10732
Fremantle,Nathan O Driscoll,5,9,9,60.0,0,0,0,1,0,0,1,0,215,3,3,0,71,2022,Round 22,2022-08-13,10732
Fremantle,Luke Ryan,5,8,11,78.6,0,0,0,5,0,0,1,1,367,8,4,0,80,2022,Round 22,2022-08-13,10732
Fremantle,Sam Switkowski,7,4,11,78.6,0,2,0,1,3,0,1,5,222,2,2,1,69,2022,Round 22,2022-08-13,10732
Fremantle,Lachlan Schultz,4,9,5,35.7,0,0,1,1,0,0,0,5,170,2,1,2,86,2022,Round 22,2022-08-13,10732
Fremantle,Alex Pearce,9,2,8,72.7,1,0,0,7,0,0,1,1,156,2,8,0,100,2022,Round 22,2022-08-13,10732
Fremantle,Brennan Cox,1,3,7,70.0,0,0,0,5,0,0,0,2,191,5,4,0,87,2022,Round 22,2022-08-13,10732
Fremantle,Minairo Frederick,0,10,5,50.0,0,0,2,1,0,0,0,4,250,2,0,1,86,2022,Round 22,2022-08-13,10732
Fremantle,Rory Lobb,5,4,2,28.6,1,0,1,7,0,0,0,4,115,4,0,0,93,2022,Round 22,2022-08-13,10732
Fremantle,Darcy Tucker,3,5,4,57.1,0,0,0,1,0,0,2,4,118,1,1,0,77,2022,Round 22,2022-08-13,10732
Fremantle,Bailey Banfield,0,2,1,50.0,0,0,1,0,0,0,0,1,45,1,0,0,5,2022,Round 22,2022-08-13,10732
West Coast,Liam Duggan,6,23,22,73.3,0,1,0,3,2,0,2,3,791,7,5,0,79,2022,Round 22,2022-08-13,10732
West Coast,Shannon Hurn,5,13,22,78.6,1,0,0,3,0,0,0,0,661,9,8,0,77,2022,Round 22,2022-08-13,10732
West Coast,Luke Shuey,9,13,15,68.2,0,0,0,1,0,1,3,0,294,7,2,1,71,2022,Round 22,2022-08-13,10732
West Coast,Andrew Gaff,6,16,13,59.1,0,0,0,0,0,0,1,1,162,4,1,0,80,2022,Round 22,2022-08-13,10732
West Coast,Tom Barrass,9,11,19,95.0,3,0,0,5,0,0,0,2,242,2,14,0,97,2022,Round 22,2022-08-13,10732
West Coast,Jack Redden,8,12,13,68.4,1,0,0,1,0,1,2,3,303,2,1,0,87,2022,Round 22,2022-08-13,10732
West Coast,Xavier O Neill,9,10,12,63.2,0,1,0,1,0,0,3,2,387,5,5,1,79,2022,Round 22,2022-08-13,10732
West Coast,Luke Foley,5,7,8,61.5,0,0,0,5,0,0,0,1,146,4,5,0,89,2022,Round 22,2022-08-13,10732
West Coast,Jamie Cripps,8,5,6,50.0,0,1,0,0,0,0,3,4,202,3,2,1,92,2022,Round 22,2022-08-13,10732
West Coast,Jackson Nelson,6,5,7,58.3,0,0,0,0,0,1,3,0,195,5,1,1,81,2022,Round 22,2022-08-13,10732
West Coast,Liam Ryan,6,7,5,41.7,0,0,0,1,0,0,2,3,221,4,3,0,80,2022,Round 22,2022-08-13,10732
West Coast,Harry Edwards,4,8,10,83.3,1,0,0,7,0,0,0,1,156,0,6,0,90,2022,Round 22,2022-08-13,10732
West Coast,Zac Giles Langdon,5,6,9,81.8,0,0,0,0,0,0,0,2,157,2,3,2,86,2022,Round 22,2022-08-13,10732
West Coast,Rhett Bazzo,5,6,8,72.7,0,0,0,7,0,0,0,0,294,4,4,0,85,2022,Round 22,2022-08-13,10732
West Coast,Brady Hough,4,7,10,90.9,0,0,0,2,0,0,1,0,181,1,4,0,78,2022,Round 22,2022-08-13,10732
West Coast,Nicholas Naitanui,7,3,6,66.7,1,0,0,4,0,2,5,1,186,4,2,0,66,2022,Round 22,2022-08-13,10732
West Coast,Sam Petrevski Seton,4,6,4,44.4,0,0,0,0,0,0,0,1,48,2,2,1,60,2022,Round 22,2022-08-13,10732
West Coast,Jack Darling,5,2,6,75.0,2,1,2,3,0,0,0,3,208,2,1,3,100,2022,Round 22,2022-08-13,10732
West Coast,Josh Rotham,3,5,7,87.5,0,0,0,1,0,0,0,2,163,1,3,0,81,2022,Round 22,2022-08-13,10732
West Coast,Jamaine Jones,3,7,4,50.0,0,0,0,1,0,0,1,1,94,4,2,0,51,2022,Round 22,2022-08-13,10732
West Coast,Hugh Dixon,4,3,6,75.0,1,0,0,1,0,0,2,2,78,1,1,1,71,2022,Round 22,2022-08-13,10732
West Coast,Greg Clark,2,3,3,60.0,0,0,0,1,0,0,1,2,142,2,1,0,30,2022,Round 22,2022-08-13,10732
West Coast,Jake Waterman,1,4,3,75.0,0,0,2,1,0,0,0,3,106,0,0,2,89,2022,Round 22,2022-08-13,10732
Melbourne,Angus Brayshaw,19,21,21,55.3,0,0,0,1,0,1,11,2,572,12,4,1,82,2022,Round 22,2022-08-13,10726
Melbourne,Clayton Oliver,19,10,20,69.0,0,1,0,2,0,4,2,7,418,8,5,1,89,2022,Round 22,2022-08-13,10726
Melbourne,Jack Viney,15,12,17,65.4,0,0,0,1,0,2,4,3,320,5,3,1,80,2022,Round 22,2022-08-13,10726
Melbourne,Steven May,8,9,23,92.0,2,0,0,6,0,0,1,3,736,6,10,0,97,2022,Round 22,2022-08-13,10726
Melbourne,Christian Petracca,10,14,19,79.2,0,1,0,1,0,0,3,7,352,3,2,0,88,2022,Round 22,2022-08-13,10726
Melbourne,Christian Salem,6,15,16,72.7,2,1,0,3,0,0,0,2,445,4,7,0,83,2022,Round 22,2022-08-13,10726
Melbourne,Max Gawn,14,6,11,55.0,5,0,2,2,0,1,3,8,340,4,2,0,89,2022,Round 22,2022-08-13,10726
Melbourne,Jayden Hunt,7,12,17,89.5,1,0,0,4,1,1,0,3,449,4,9,0,80,2022,Round 22,2022-08-13,10726
Melbourne,James Jordon,4,13,11,64.7,0,0,0,0,0,0,1,2,177,4,5,1,84,2022,Round 22,2022-08-13,10726
Melbourne,Michael Hibberd,5,9,14,87.5,2,0,0,0,0,0,0,2,357,3,6,0,92,2022,Round 22,2022-08-13,10726
Melbourne,Jake Melksham,9,7,7,46.7,4,1,5,1,2,0,1,10,384,2,1,1,92,2022,Round 22,2022-08-13,10726
Melbourne,Trent Rivers,8,6,12,85.7,0,1,0,8,0,0,2,1,299,3,6,0,69,2022,Round 22,2022-08-13,10726
Melbourne,Alex Neal Bullen,10,3,8,61.5,0,0,0,0,0,0,1,3,221,3,4,1,77,2022,Round 22,2022-08-13,10726
Melbourne,Ed Langdon,5,7,6,46.2,0,0,0,0,0,0,1,1,244,3,2,0,89,2022,Round 22,2022-08-13,10726
Melbourne,Kysaiah Pickett,7,5,6,50.0,0,0,0,1,0,0,1,7,250,3,1,1,78,2022,Round 22,2022-08-13,10726
Melbourne,Luke Jackson,9,3,7,58.3,4,0,2,0,0,0,1,5,172,2,2,0,64,2022,Round 22,2022-08-13,10726
Melbourne,Tom Sparrow,6,7,6,60.0,0,1,0,2,0,0,1,3,91,4,3,2,67,2022,Round 22,2022-08-13,10726
Melbourne,Harrison Petty,3,6,9,100.0,0,0,0,9,0,0,0,1,159,0,5,0,95,2022,Round 22,2022-08-13,10726
Melbourne,Ben Brown,4,5,4,50.0,2,0,1,5,0,0,1,6,110,0,0,2,78,2022,Round 22,2022-08-13,10726
Melbourne,Jake Lever,4,3,5,71.4,0,0,0,6,0,0,1,1,101,2,4,0,85,2022,Round 22,2022-08-13,10726
Melbourne,Charlie Spargo,1,3,2,50.0,0,0,1,1,0,0,0,2,28,0,0,4,64,2022,Round 22,2022-08-13,10726
Melbourne,Bayley Fritsch,2,2,2,50.0,0,0,0,2,0,0,0,1,19,3,0,5,77,2022,Round 22,2022-08-13,10726
Carlton,Sam Docherty,12,17,16,57.1,0,0,0,1,0,4,2,3,473,5,4,0,78,2022,Round 22,2022-08-13,10726
Carlton,Sam Walsh,15,13,16,59.3,0,0,0,0,0,0,6,4,230,8,6,0,80,2022,Round 22,2022-08-13,10726
Carlton,Patrick Cripps,16,11,19,73.1,1,0,0,2,0,1,9,6,187,3,2,4,89,2022,Round 22,2022-08-13,10726
Carlton,Will Setterfield,12,16,21,80.8,0,0,0,1,0,3,2,4,525,3,5,0,78,2022,Round 22,2022-08-13,10726
Carlton,Adam Saad,8,11,18,81.8,0,0,0,3,3,1,1,3,592,7,5,0,82,2022,Round 22,2022-08-13,10726
Carlton,Zac Fisher,8,11,12,63.2,0,0,0,1,0,0,2,3,208,6,1,0,83,2022,Round 22,2022-08-13,10726
Carlton,Mitch Mcgovern,7,5,14,77.8,0,1,0,8,0,0,1,2,673,4,9,0,76,2022,Round 22,2022-08-13,10726
Carlton,Lewis Young,7,11,15,83.3,3,0,0,25,0,0,0,4,199,3,12,0,100,2022,Round 22,2022-08-13,10726
Carlton,Matt Cottrell,7,9,12,66.7,1,1,0,2,0,0,2,2,353,3,6,0,92,2022,Round 22,2022-08-13,10726
Carlton,Jack Silvagni,9,8,9,56.2,0,1,0,1,0,1,6,8,329,2,1,3,79,2022,Round 22,2022-08-13,10726
Carlton,Liam Stocker,3,12,9,60.0,0,0,0,2,0,0,2,1,334,6,4,0,76,2022,Round 22,2022-08-13,10726
Carlton,Charlie Curnow,6,7,5,35.7,1,2,1,4,1,0,0,7,399,5,1,2,94,2022,Round 22,2022-08-13,10726
Carlton,Jack Newnes,5,7,7,58.3,1,0,0,0,0,0,0,2,120,1,4,0,79,2022,Round 22,2022-08-13,10726
Carlton,Lochie O Brien,5,7,6,50.0,0,0,0,0,0,0,0,1,173,2,6,1,74,2022,Round 22,2022-08-13,10726
Carlton,Caleb Marchbank,1,10,9,81.8,0,0,0,5,0,0,0,1,196,2,1,0,87,2022,Round 22,2022-08-13,10726
Carlton,Corey Durdin,6,6,5,45.5,0,1,0,2,0,0,2,4,186,4,0,1,70,2022,Round 22,2022-08-13,10726
Carlton,Harry Mckay,7,3,5,50.0,4,0,4,4,0,0,0,6,262,2,1,2,92,2022,Round 22,2022-08-13,10726
Carlton,Matt Owies,6,5,5,50.0,0,0,0,1,0,0,1,3,156,1,1,1,72,2022,Round 22,2022-08-13,10726
Carlton,Jack Martin,6,4,4,44.4,1,0,2,0,0,0,0,4,254,3,1,0,63,2022,Round 22,2022-08-13,10726
Carlton,Jacob Weitering,4,3,3,42.9,0,0,0,4,0,0,0,1,176,5,5,0,100,2022,Round 22,2022-08-13,10726
Carlton,Jesse Motlop,4,1,3,50.0,0,0,0,2,0,0,0,1,41,4,1,2,79,2022,Round 22,2022-08-13,10726
Carlton,Marc Pittonet,2,3,3,75.0,0,0,0,3,0,0,1,1,40,2,2,0,78,2022,Round 22,2022-08-13,10726
Richmond,Trent Cotchin,17,14,15,50.0,0,1,1,2,0,3,5,9,401,5,1,1,70,2022,Round 22,2022-08-14,10727
Richmond,Dion Prestia,16,16,21,70.0,0,0,0,3,0,5,6,7,436,3,0,0,77,2022,Round 22,2022-08-14,10727
Richmond,Jayden Short,7,19,20,76.9,0,2,0,2,0,2,2,10,535,2,3,0,87,2022,Round 22,2022-08-14,10727
Richmond,Daniel Rioli,7,16,20,80.0,0,0,0,3,3,0,1,5,357,6,5,0,83,2022,Round 22,2022-08-14,10727
Richmond,Nick Vlastuin,4,14,18,78.3,0,0,0,4,0,0,1,5,497,4,6,0,81,2022,Round 22,2022-08-14,10727
Richmond,Nathan Broad,7,13,14,63.6,0,0,0,2,2,0,1,5,403,3,4,0,82,2022,Round 22,2022-08-14,10727
Richmond,Thomas Lynch,10,9,15,83.3,7,1,9,1,0,0,0,13,393,5,0,0,90,2022,Round 22,2022-08-14,10727
Richmond,Liam Baker,5,12,17,94.4,0,0,0,3,3,0,1,6,279,3,5,0,87,2022,Round 22,2022-08-14,10727
Richmond,Kamdyn Mcintosh,9,9,13,76.5,0,1,0,6,0,0,0,6,278,4,7,0,87,2022,Round 22,2022-08-14,10727
Richmond,Tyler Sonsie,5,12,9,52.9,0,1,1,0,0,0,2,6,242,3,1,0,79,2022,Round 22,2022-08-14,10727
Richmond,Marlion Pickett,6,11,12,75.0,1,0,0,3,0,1,0,4,178,2,7,0,85,2022,Round 22,2022-08-14,10727
Richmond,Shane Edwards,2,10,11,84.6,0,3,1,1,0,0,0,9,267,3,0,1,74,2022,Round 22,2022-08-14,10727
Richmond,Shai Bolton,7,7,6,46.2,0,0,0,1,0,4,0,5,200,7,1,0,85,2022,Round 22,2022-08-14,10727
Richmond,Noah Cumberland,4,7,7,58.3,0,3,2,1,0,0,0,9,144,1,1,0,83,2022,Round 22,2022-08-14,10727
Richmond,Maurice Rioli 1,4,9,8,66.7,0,1,2,2,1,0,1,9,337,2,1,0,72,2022,Round 22,2022-08-14,10727
Richmond,Josh Gibcus,4,7,12,100.0,1,1,0,6,0,0,0,4,181,1,5,0,87,2022,Round 22,2022-08-14,10727
Richmond,Jack Riewoldt,7,4,8,72.7,2,0,0,2,0,0,1,6,247,1,0,0,87,2022,Round 22,2022-08-14,10727
Richmond,Jack Graham,2,8,9,81.8,0,2,0,0,0,1,1,5,212,1,1,0,56,2022,Round 22,2022-08-14,10727
Richmond,Toby Nankervis,7,2,4,40.0,0,0,0,2,0,1,0,5,65,2,0,0,72,2022,Round 22,2022-08-14,10727
Richmond,Noah Balta,4,6,7,77.8,2,0,0,7,2,0,0,2,71,0,6,0,94,2022,Round 22,2022-08-14,10727
Richmond,Ben Miller,3,5,7,87.5,0,0,1,5,0,0,2,4,116,1,0,0,70,2022,Round 22,2022-08-14,10727
Richmond,Robert Tarrant,1,6,6,100.0,0,0,0,7,0,0,0,1,95,1,3,0,87,2022,Round 22,2022-08-14,10727
Richmond,Jason Castagna,3,1,3,75.0,0,0,0,0,0,0,0,1,19,0,0,1,25,2022,Round 22,2022-08-14,10727
Hawthorn,Tom Mitchell,11,22,26,81.2,0,2,0,2,1,1,2,9,387,6,2,0,72,2022,Round 22,2022-08-14,10727
Hawthorn,James Sicily,9,19,20,66.7,3,0,1,3,1,0,2,5,715,6,3,0,96,2022,Round 22,2022-08-14,10727
Hawthorn,Jai Newcombe,10,20,21,72.4,0,1,0,1,1,3,1,6,400,4,2,0,83,2022,Round 22,2022-08-14,10727
Hawthorn,Dylan Moore,9,16,16,66.7,0,1,0,0,1,1,2,8,203,3,1,1,83,2022,Round 22,2022-08-14,10727
Hawthorn,Blake Hardwick,5,12,16,80.0,0,0,0,1,2,0,0,5,335,5,6,0,88,2022,Round 22,2022-08-14,10727
Hawthorn,Josh Ward,3,14,11,64.7,0,0,0,0,0,1,0,5,335,3,1,0,82,2022,Round 22,2022-08-14,10727
Hawthorn,Jaeger O Meara,5,9,11,73.3,0,0,1,1,0,2,1,4,157,2,0,0,81,2022,Round 22,2022-08-14,10727
Hawthorn,Harry Morrison,9,8,12,80.0,1,0,0,2,0,0,1,6,219,1,3,0,80,2022,Round 22,2022-08-14,10727
Hawthorn,Liam Shiels,6,7,10,71.4,0,0,1,2,0,1,0,6,235,3,1,0,74,2022,Round 22,2022-08-14,10727
Hawthorn,Jarman Impey,4,10,11,78.6,0,0,0,1,1,0,0,3,222,2,1,0,86,2022,Round 22,2022-08-14,10727
Hawthorn,Jack Scrimshaw,9,5,13,92.9,1,2,0,3,1,0,0,3,229,2,11,0,77,2022,Round 22,2022-08-14,10727
Hawthorn,Will Day,3,8,11,78.6,0,0,0,1,0,0,0,3,224,1,4,0,74,2022,Round 22,2022-08-14,10727
Hawthorn,Ben Mcevoy,11,3,10,76.9,1,0,1,3,0,1,3,5,122,0,4,1,78,2022,Round 22,2022-08-14,10727
Hawthorn,James Blanck,7,3,5,45.5,1,0,0,5,0,0,1,3,184,3,7,0,91,2022,Round 22,2022-08-14,10727
Hawthorn,Jack Gunston,4,6,5,50.0,0,1,5,0,0,0,0,6,194,2,0,0,88,2022,Round 22,2022-08-14,10727
Hawthorn,Conor Nash,2,8,9,90.0,0,0,0,2,0,1,0,2,109,2,1,0,74,2022,Round 22,2022-08-14,10727
Hawthorn,Finn Maginness,6,4,8,80.0,0,0,0,1,0,0,3,2,205,4,3,0,86,2022,Round 22,2022-08-14,10727
Hawthorn,Emerson Jeka,5,6,9,90.0,2,0,0,5,0,0,0,0,61,1,6,0,90,2022,Round 22,2022-08-14,10727
Hawthorn,Denver Grainger Barras,2,6,4,44.4,0,0,0,2,0,0,0,1,103,3,3,0,79,2022,Round 22,2022-08-14,10727
Hawthorn,Luke Breust,2,5,2,25.0,0,0,3,0,0,0,0,7,301,2,0,0,82,2022,Round 22,2022-08-14,10727
Hawthorn,Jacob Koschitzke,4,2,4,57.1,2,0,1,1,0,0,2,3,174,0,0,1,86,2022,Round 22,2022-08-14,10727
Hawthorn,Jai Serong,1,3,2,50.0,0,0,2,0,0,0,0,2,121,2,1,0,70,2022,Round 22,2022-08-14,10727
Sydney,Callum Mills,13,17,20,69.0,1,0,1,2,0,1,4,7,535,8,4,3,88,2022,Round 22,2022-08-14,10729
Sydney,Luke Parker,13,14,16,61.5,0,0,0,1,0,1,7,5,368,4,2,1,88,2022,Round 22,2022-08-14,10729
Sydney,Chad Warner,12,13,14,56.0,1,1,0,0,0,2,3,7,555,8,1,0,85,2022,Round 22,2022-08-14,10729
Sydney,James Rowbottom,13,11,12,50.0,0,0,0,2,0,2,5,5,497,5,1,1,71,2022,Round 22,2022-08-14,10729
Sydney,Dylan Stephens,7,15,16,76.2,0,0,0,1,0,0,1,4,406,2,5,0,70,2022,Round 22,2022-08-14,10729
Sydney,Tom Hickey,18,3,11,57.9,1,0,0,5,0,0,3,3,183,2,5,0,75,2022,Round 22,2022-08-14,10729
Sydney,Robbie Fox,5,15,15,78.9,0,0,0,2,0,0,0,0,397,3,6,0,97,2022,Round 22,2022-08-14,10729
Sydney,Jake Lloyd,4,10,15,83.3,0,0,0,2,0,0,2,2,284,4,3,1,85,2022,Round 22,2022-08-14,10729
Sydney,Justin Mcinerney,4,14,13,72.2,0,1,0,0,0,0,2,3,425,3,2,0,72,2022,Round 22,2022-08-14,10729
Sydney,Errol Gulden,4,14,13,72.2,0,0,0,0,0,0,1,5,447,5,1,1,77,2022,Round 22,2022-08-14,10729
Sydney,Sam Reid 1,10,7,13,76.5,3,0,2,5,0,0,3,5,241,3,3,1,80,2022,Round 22,2022-08-14,10729
Sydney,Isaac Heeney,7,10,11,64.7,0,1,2,2,0,1,0,10,229,3,1,2,82,2022,Round 22,2022-08-14,10729
Sydney,Paddy Mccartin,8,11,14,82.4,1,0,0,5,0,0,1,4,138,2,9,0,78,2022,Round 22,2022-08-14,10729
Sydney,Ryan Clarke,7,11,8,47.1,0,0,0,1,0,0,3,5,105,5,1,1,92,2022,Round 22,2022-08-14,10729
Sydney,Oliver Florent,7,11,16,94.1,1,1,0,2,0,0,0,6,338,2,6,0,84,2022,Round 22,2022-08-14,10729
Sydney,Will Hayward,5,11,11,68.8,2,1,1,0,0,0,1,6,145,3,2,0,80,2022,Round 22,2022-08-14,10729
Sydney,Lance Franklin,6,7,10,66.7,0,2,1,2,1,0,0,9,230,4,1,1,95,2022,Round 22,2022-08-14,10729
Sydney,Tom Papley,5,10,10,71.4,1,0,1,2,0,0,2,6,166,1,2,1,80,2022,Round 22,2022-08-14,10729
Sydney,Nick Blakey,4,7,10,71.4,0,0,0,4,2,0,0,4,296,6,7,0,75,2022,Round 22,2022-08-14,10729
Sydney,Dane Rampe,2,9,8,66.7,0,0,0,7,0,0,0,1,183,2,4,0,85,2022,Round 22,2022-08-14,10729
Sydney,Logan Mcdonald,8,4,8,80.0,0,0,1,4,0,0,0,5,59,1,3,0,65,2022,Round 22,2022-08-14,10729
Sydney,Tom Mccartin,4,3,6,85.7,1,0,0,10,0,0,0,0,89,2,5,0,96,2022,Round 22,2022-08-14,10729
Collingwood,Scott Pendlebury,15,11,14,53.8,0,2,0,3,0,2,7,5,480,6,6,0,87,2022,Round 22,2022-08-14,10729
Collingwood,Josh Daicos,13,11,15,60.0,0,0,0,0,0,7,0,7,489,6,5,1,88,2022,Round 22,2022-08-14,10729
Collingwood,Jeremy Howe,8,9,17,85.0,3,0,0,7,0,0,1,1,390,4,8,0,95,2022,Round 22,2022-08-14,10729
Collingwood,John Noble,1,18,14,70.0,0,0,0,2,2,0,0,0,512,5,3,1,82,2022,Round 22,2022-08-14,10729
Collingwood,Nick Daicos,11,6,12,60.0,0,0,1,1,0,0,3,4,368,6,5,0,80,2022,Round 22,2022-08-14,10729
Collingwood,Jack Crisp,7,13,10,52.6,0,0,0,1,0,1,3,2,442,5,3,0,82,2022,Round 22,2022-08-14,10729
Collingwood,Brayden Maynard,3,12,12,66.7,0,0,0,2,2,1,0,3,541,5,5,0,92,2022,Round 22,2022-08-14,10729
Collingwood,Steele Sidebottom,8,6,10,66.7,0,0,0,1,0,1,2,1,130,2,2,1,81,2022,Round 22,2022-08-14,10729
Collingwood,Patrick Lipinski,4,11,9,60.0,0,0,0,1,0,1,0,2,184,3,0,0,79,2022,Round 22,2022-08-14,10729
Collingwood,Darcy Cameron,8,7,9,60.0,1,0,0,3,0,0,1,3,243,4,1,1,77,2022,Round 22,2022-08-14,10729
Collingwood,Callum Brown,4,10,12,85.7,1,0,0,1,1,0,0,2,171,0,4,0,46,2022,Round 22,2022-08-14,10729
Collingwood,Nathan Murphy,5,7,12,85.7,0,0,0,2,0,0,0,1,166,0,10,0,87,2022,Round 22,2022-08-14,10729
Collingwood,Trent Bianco,3,9,11,78.6,0,0,0,3,0,0,2,0,397,4,3,0,79,2022,Round 22,2022-08-14,10729
Collingwood,Mason Cox,7,3,6,54.5,2,0,1,2,0,0,0,1,110,2,4,0,58,2022,Round 22,2022-08-14,10729
Collingwood,Josh Carmichael,9,4,4,36.4,0,0,0,3,0,0,5,2,112,4,2,0,74,2022,Round 22,2022-08-14,10729
Collingwood,Darcy Moore,4,4,10,100.0,1,0,0,6,1,0,0,0,168,1,7,0,90,2022,Round 22,2022-08-14,10729
Collingwood,Beau Mccreery,3,5,5,50.0,0,2,0,0,2,0,0,3,230,3,0,2,77,2022,Round 22,2022-08-14,10729
Collingwood,Will Hoskin Elliott,7,6,3,33.3,0,0,0,0,0,0,0,0,229,5,0,2,67,2022,Round 22,2022-08-14,10729
Collingwood,Isaac Quaynor,4,5,6,66.7,0,0,0,1,0,0,0,0,214,2,6,0,79,2022,Round 22,2022-08-14,10729
Collingwood,Ash Johnson,5,3,4,50.0,2,0,2,1,0,0,0,3,134,1,1,0,79,2022,Round 22,2022-08-14,10729
Collingwood,Jack Ginnivan,6,3,7,100.0,0,0,0,1,0,0,1,3,149,0,1,0,36,2022,Round 22,2022-08-14,10729
Collingwood,Jamie Elliott 1,1,3,4,66.7,0,0,1,2,0,0,0,1,94,2,0,2,89,2022,Round 22,2022-08-14,10729
Collingwood,Brody Mihocek,1,4,4,66.7,0,0,0,2,0,0,0,1,82,3,1,2,96,2022,Round 22,2022-08-14,10729
Essendon,Jordan Ridley,10,16,26,86.7,3,0,0,3,1,0,0,2,277,5,11,0,91,2022,Round 22,2022-08-14,10724
Essendon,Darcy Parish,11,18,22,75.9,0,0,0,0,0,2,2,5,400,5,6,1,81,2022,Round 22,2022-08-14,10724
Essendon,Dylan Shiel,19,10,22,81.5,0,2,0,2,0,8,4,7,37,2,1,1,78,2022,Round 22,2022-08-14,10724
Essendon,Zachary Merrett,10,18,16,61.5,0,0,0,6,1,3,1,2,373,8,3,0,85,2022,Round 22,2022-08-14,10724
Essendon,Andrew Mcgrath,8,18,19,73.1,0,0,0,1,0,1,2,1,253,3,6,0,82,2022,Round 22,2022-08-14,10724
Essendon,Jake Stringer,8,11,12,54.5,0,0,0,0,0,0,3,5,280,6,2,0,84,2022,Round 22,2022-08-14,10724
Essendon,Nicholas Martin,7,16,17,77.3,0,0,0,5,1,1,0,5,176,5,3,0,91,2022,Round 22,2022-08-14,10724
Essendon,Dyson Heppell,6,15,16,76.2,0,0,0,1,0,0,2,3,188,3,3,1,83,2022,Round 22,2022-08-14,10724
Essendon,Jayden Laverde,2,17,14,70.0,0,0,0,2,0,0,0,0,348,5,5,0,90,2022,Round 22,2022-08-14,10724
Essendon,Mason Redman,3,13,14,73.7,0,1,0,2,1,0,0,5,379,3,3,0,86,2022,Round 22,2022-08-14,10724
Essendon,Jye Caldwell,12,5,13,76.5,0,0,0,1,0,2,2,4,249,5,4,0,67,2022,Round 22,2022-08-14,10724
Essendon,Sam Durham,6,10,10,62.5,0,0,0,3,0,0,0,2,272,4,4,0,80,2022,Round 22,2022-08-14,10724
Essendon,Brandon Zerk Thatcher,2,11,11,84.6,1,0,0,4,0,0,0,1,186,0,5,0,88,2022,Round 22,2022-08-14,10724
Essendon,Jake Kelly,3,9,9,75.0,0,0,0,2,0,0,0,2,149,2,2,0,81,2022,Round 22,2022-08-14,10724
Essendon,Nick Hind,2,10,10,83.3,0,2,0,2,1,0,1,8,252,1,1,1,81,2022,Round 22,2022-08-14,10724
Essendon,Archie Perkins,2,9,6,54.5,1,0,4,0,0,0,0,4,279,2,1,0,80,2022,Round 22,2022-08-14,10724
Essendon,Kyle Langford,1,10,6,66.7,0,0,1,0,0,0,0,3,170,3,0,0,86,2022,Round 22,2022-08-14,10724
Essendon,Massimo D Ambrosio,4,5,7,77.8,2,0,2,0,0,0,0,3,194,4,0,1,75,2022,Round 22,2022-08-14,10724
Essendon,Peter Wright,3,6,7,87.5,0,1,0,5,0,0,0,5,124,3,1,2,98,2022,Round 22,2022-08-14,10724
Essendon,Matt Guelfi,1,6,4,50.0,1,1,0,0,0,0,0,3,83,4,2,1,81,2022,Round 22,2022-08-14,10724
Essendon,Sam Draper,3,2,1,20.0,1,0,0,4,0,1,1,2,94,3,2,0,74,2022,Round 22,2022-08-14,10724
Essendon,Nick Bryan,2,3,4,80.0,0,1,0,2,0,0,1,2,75,2,1,0,55,2022,Round 22,2022-08-14,10724
Port Adelaide,Dan Houston,12,18,22,68.8,1,0,0,3,1,0,1,4,572,9,13,0,82,2022,Round 22,2022-08-14,10724
Port Adelaide,Oliver Wines,17,14,24,77.4,1,1,0,1,1,4,1,9,538,2,9,1,77,2022,Round 22,2022-08-14,10724
Port Adelaide,Connor Rozee,7,23,16,57.1,0,0,2,1,2,0,1,9,333,5,2,1,83,2022,Round 22,2022-08-14,10724
Port Adelaide,Travis Boak,6,19,21,77.8,0,2,0,1,0,0,0,13,269,2,5,0,86,2022,Round 22,2022-08-14,10724
Port Adelaide,Jeremy Finlayson,9,16,20,80.0,0,2,2,5,0,4,0,10,616,4,4,0,80,2022,Round 22,2022-08-14,10724
Port Adelaide,Zak Butters,11,13,19,76.0,0,1,2,0,1,1,5,10,363,4,5,0,79,2022,Round 22,2022-08-14,10724
Port Adelaide,Darcy Byrne Jones,5,15,20,90.9,0,0,0,2,0,0,0,2,72,1,8,0,84,2022,Round 22,2022-08-14,10724
Port Adelaide,Sam Powell Pepper,8,15,16,72.7,0,1,1,2,0,0,1,6,331,4,1,0,89,2022,Round 22,2022-08-14,10724
Port Adelaide,Kane Farrell,5,14,18,90.0,0,0,0,3,0,0,0,8,389,3,4,0,77,2022,Round 22,2022-08-14,10724
Port Adelaide,Karl Amon,1,18,16,84.2,0,0,1,3,1,1,0,8,280,2,1,0,82,2022,Round 22,2022-08-14,10724
Port Adelaide,Riley Bonner,2,17,17,89.5,1,3,0,0,0,2,0,6,395,2,0,0,78,2022,Round 22,2022-08-14,10724
Port Adelaide,Aliir Aliir,8,10,15,83.3,2,0,0,9,0,0,0,1,264,4,9,0,95,2022,Round 22,2022-08-14,10724
Port Adelaide,Willem Drew,6,13,16,88.9,0,0,0,0,0,1,2,10,183,1,1,1,85,2022,Round 22,2022-08-14,10724
Port Adelaide,Ryan Burton,4,11,13,76.5,0,1,0,3,0,1,1,3,268,4,2,0,84,2022,Round 22,2022-08-14,10724
Port Adelaide,Charlie Dixon,11,3,13,81.2,2,0,3,1,0,1,1,9,211,2,3,3,87,2022,Round 22,2022-08-14,10724
Port Adelaide,Xavier Duursma,1,13,12,85.7,0,2,1,3,0,0,0,7,108,2,1,0,75,2022,Round 22,2022-08-14,10724
Port Adelaide,Todd Marshall,6,8,12,92.3,3,3,4,6,0,0,0,11,236,0,2,0,85,2022,Round 22,2022-08-14,10724
Port Adelaide,Miles Bergman,4,10,10,76.9,0,0,1,0,0,0,0,4,248,5,3,1,65,2022,Round 22,2022-08-14,10724
Port Adelaide,Jed Mcentee,3,10,12,92.3,0,0,1,0,0,0,0,8,166,3,0,0,70,2022,Round 22,2022-08-14,10724
Port Adelaide,Jase Burgoyne,2,10,9,75.0,1,0,0,2,0,0,0,0,158,3,2,0,82,2022,Round 22,2022-08-14,10724
Port Adelaide,Mitch Georgiades,6,5,7,63.6,1,0,2,2,0,0,0,8,42,3,1,0,79,2022,Round 22,2022-08-14,10724
Port Adelaide,Thomas Jonas,2,9,9,90.0,0,0,0,2,0,0,0,1,128,1,2,0,96,2022,Round 22,2022-08-14,10724
Brisbane Lions,Lachie Neale,16,13,14,48.3,0,3,0,0,1,3,1,4,437,8,5,1,89,2022,Round 23,2022-08-19,10733
Brisbane Lions,Hugh Mccluggage,11,14,15,62.5,0,0,1,0,0,2,2,4,330,6,0,0,80,2022,Round 23,2022-08-19,10733
Brisbane Lions,Rhys Mathieson,12,11,17,73.9,0,0,0,1,0,3,4,6,285,3,2,0,74,2022,Round 23,2022-08-19,10733
Brisbane Lions,Daniel Rich,4,13,19,86.4,0,1,0,2,0,0,0,2,617,5,7,0,81,2022,Round 23,2022-08-19,10733
Brisbane Lions,Zac Bailey,10,12,16,80.0,0,0,0,3,0,0,3,2,288,5,3,0,83,2022,Round 23,2022-08-19,10733
Brisbane Lions,Jarryd Lyons,7,12,14,73.7,0,1,0,1,0,0,2,3,139,2,5,1,75,2022,Round 23,2022-08-19,10733
Brisbane Lions,Dayne Zorko,6,11,13,72.2,0,0,0,1,2,1,3,2,302,5,1,1,72,2022,Round 23,2022-08-19,10733
Brisbane Lions,Darcy Gardiner,6,9,14,82.4,0,0,0,8,0,0,1,1,275,2,9,0,88,2022,Round 23,2022-08-19,10733
Brisbane Lions,Cameron Rayner,8,9,15,88.2,1,1,0,1,0,3,1,3,202,1,0,2,79,2022,Round 23,2022-08-19,10733
Brisbane Lions,Keidean Coleman,4,14,16,94.1,2,0,0,0,0,0,0,5,349,1,4,0,81,2022,Round 23,2022-08-19,10733
Brisbane Lions,Noah Answerth,4,8,8,50.0,1,1,0,2,0,0,0,2,193,4,9,0,83,2022,Round 23,2022-08-19,10733
Brisbane Lions,Jaxon Prior,5,10,10,71.4,0,0,0,6,0,0,0,2,339,4,7,1,73,2022,Round 23,2022-08-19,10733
Brisbane Lions,Harris Andrews,6,6,11,84.6,1,0,0,16,0,0,0,2,120,2,7,0,96,2022,Round 23,2022-08-19,10733
Brisbane Lions,Jack Payne,2,9,10,76.9,1,0,0,6,1,0,0,1,341,2,3,0,91,2022,Round 23,2022-08-19,10733
Brisbane Lions,Joe Daniher,3,9,6,50.0,0,0,2,2,0,0,0,4,275,7,0,0,89,2022,Round 23,2022-08-19,10733
Brisbane Lions,Oscar Mcinerney,8,5,8,66.7,1,0,1,3,0,2,2,4,266,3,3,0,86,2022,Round 23,2022-08-19,10733
Brisbane Lions,Brandon Starcevich,1,10,10,83.3,0,0,0,2,0,0,0,0,97,1,1,0,79,2022,Round 23,2022-08-19,10733
Brisbane Lions,Jarrod Berry,3,8,7,63.6,0,0,0,2,0,1,0,0,111,4,2,1,59,2022,Round 23,2022-08-19,10733
Brisbane Lions,Daniel Mcstay,4,5,6,60.0,1,0,2,1,0,0,1,1,173,3,2,1,79,2022,Round 23,2022-08-19,10733
Brisbane Lions,Charlie Cameron,5,6,5,50.0,0,0,2,0,0,0,0,2,140,0,2,2,80,2022,Round 23,2022-08-19,10733
Brisbane Lions,Lincoln Mccarthy,1,6,4,50.0,0,0,3,1,0,0,0,3,162,2,1,2,76,2022,Round 23,2022-08-19,10733
Brisbane Lions,Eric Hipwood,3,3,2,33.3,1,0,1,3,0,0,0,2,102,2,0,0,88,2022,Round 23,2022-08-19,10733
Brisbane Lions,Mitch Robinson,1,4,5,100.0,0,0,1,1,0,1,0,2,116,0,1,0,19,2022,Round 23,2022-08-19,10733
Melbourne,Clayton Oliver,20,12,20,66.7,0,0,0,2,0,4,9,8,578,6,2,1,85,2022,Round 23,2022-08-19,10733
Melbourne,Angus Brayshaw,12,17,12,44.4,0,0,0,3,0,1,5,5,450,7,1,0,85,2022,Round 23,2022-08-19,10733
Melbourne,Christian Petracca,10,13,17,73.9,1,2,1,1,0,0,3,10,411,7,2,0,87,2022,Round 23,2022-08-19,10733
Melbourne,Steven May,4,9,17,85.0,1,0,0,5,0,0,0,4,552,4,6,0,98,2022,Round 23,2022-08-19,10733
Melbourne,James Harmes,6,13,17,85.0,1,1,0,1,0,0,3,5,351,4,1,1,79,2022,Round 23,2022-08-19,10733
Melbourne,Jayden Hunt,8,11,9,50.0,1,0,0,1,0,0,1,2,399,6,9,0,87,2022,Round 23,2022-08-19,10733
Melbourne,Ed Langdon,6,12,11,61.1,1,2,1,1,0,0,0,7,339,5,2,0,100,2022,Round 23,2022-08-19,10733
Melbourne,Trent Rivers,4,11,11,73.3,0,1,0,2,2,0,1,6,293,3,5,0,76,2022,Round 23,2022-08-19,10733
Melbourne,Jack Viney,8,9,10,71.4,0,0,0,3,0,0,1,3,215,2,4,1,71,2022,Round 23,2022-08-19,10733
Melbourne,Alex Neal Bullen,4,11,11,78.6,0,1,2,1,0,0,0,8,271,4,1,1,77,2022,Round 23,2022-08-19,10733
Melbourne,Tom Sparrow,8,8,11,78.6,0,0,0,2,0,0,4,1,282,3,1,0,66,2022,Round 23,2022-08-19,10733
Melbourne,Jake Lever,5,9,13,100.0,1,1,0,8,0,0,1,3,414,3,9,0,96,2022,Round 23,2022-08-19,10733
Melbourne,Bayley Fritsch,3,11,9,69.2,0,0,2,1,0,0,0,6,342,4,1,0,79,2022,Round 23,2022-08-19,10733
Melbourne,Luke Jackson,8,5,12,92.3,1,1,1,1,0,2,2,9,253,2,4,0,69,2022,Round 23,2022-08-19,10733
Melbourne,Harrison Petty,4,7,11,91.7,1,0,0,7,0,0,0,0,168,4,6,0,91,2022,Round 23,2022-08-19,10733
Melbourne,Max Gawn,9,3,8,72.7,2,0,0,4,0,2,1,5,74,2,6,0,91,2022,Round 23,2022-08-19,10733
Melbourne,Kysaiah Pickett,3,8,8,72.7,0,1,3,0,0,0,0,9,220,1,1,0,75,2022,Round 23,2022-08-19,10733
Melbourne,Jake Bowey,5,7,9,81.8,0,0,0,0,0,0,0,0,25,0,5,0,65,2022,Round 23,2022-08-19,10733
Melbourne,Jake Melksham,6,4,8,80.0,0,3,0,0,0,0,0,7,197,1,0,1,93,2022,Round 23,2022-08-19,10733
Melbourne,Michael Hibberd,4,5,10,100.0,0,0,0,2,0,0,0,2,193,1,4,0,86,2022,Round 23,2022-08-19,10733
Melbourne,Charlie Spargo,1,8,7,77.8,0,0,0,2,0,0,0,3,131,2,1,0,66,2022,Round 23,2022-08-19,10733
Melbourne,Ben Brown,2,7,6,85.7,1,0,3,1,0,0,0,3,250,2,1,1,68,2022,Round 23,2022-08-19,10733
Melbourne,James Jordon,0,2,2,100.0,0,0,0,0,0,0,0,0,42,1,0,0,8,2022,Round 23,2022-08-19,10733
Greater Western Sydney,Harry Perryman,12,11,14,58.3,0,0,1,0,0,2,3,6,261,7,7,0,83,2022,Round 23,2022-08-20,10737
Greater Western Sydney,Isaac Cumming,6,12,18,78.3,1,1,0,3,0,0,1,5,640,8,5,0,82,2022,Round 23,2022-08-20,10737
Greater Western Sydney,Sam Taylor,8,12,17,85.0,5,0,0,10,0,0,0,2,370,5,12,0,100,2022,Round 23,2022-08-20,10737
Greater Western Sydney,Stephen Coniglio,9,11,10,52.6,0,0,0,1,0,2,4,4,425,5,1,0,87,2022,Round 23,2022-08-20,10737
Greater Western Sydney,Joshua Kelly,6,15,16,84.2,0,0,0,3,0,0,1,3,450,4,4,0,80,2022,Round 23,2022-08-20,10737
Greater Western Sydney,Tim Taranto,6,12,16,84.2,0,1,0,1,0,0,3,6,124,1,2,2,85,2022,Round 23,2022-08-20,10737
Greater Western Sydney,Jacob Hopper,8,10,15,83.3,0,0,0,0,0,0,2,5,140,1,1,1,79,2022,Round 23,2022-08-20,10737
Greater Western Sydney,Tom Green,9,9,9,50.0,0,0,0,0,0,0,0,5,278,4,3,0,73,2022,Round 23,2022-08-20,10737
Greater Western Sydney,Callan Ward,3,14,12,70.6,0,0,0,0,1,0,1,4,297,2,1,0,81,2022,Round 23,2022-08-20,10737
Greater Western Sydney,Harrison Himmelberg,7,8,12,75.0,2,0,0,5,0,0,1,1,344,5,8,0,89,2022,Round 23,2022-08-20,10737
Greater Western Sydney,Lachie Whitfield,2,12,13,86.7,0,0,0,1,0,0,1,5,360,3,0,0,83,2022,Round 23,2022-08-20,10737
Greater Western Sydney,Adam Kennedy,4,9,12,85.7,0,0,0,2,0,0,0,1,194,4,8,0,84,2022,Round 23,2022-08-20,10737
Greater Western Sydney,Jesse Hogan,4,11,11,78.6,2,1,3,4,0,0,0,6,259,1,0,2,85,2022,Round 23,2022-08-20,10737
Greater Western Sydney,Jake Riccardi,3,11,10,71.4,0,1,1,1,0,0,1,8,175,1,2,2,78,2022,Round 23,2022-08-20,10737
Greater Western Sydney,Nick Haynes,4,9,8,61.5,0,0,0,2,0,0,0,1,336,8,5,0,82,2022,Round 23,2022-08-20,10737
Greater Western Sydney,Kieren Briggs,12,1,10,76.9,0,1,0,4,0,4,3,4,299,3,2,0,77,2022,Round 23,2022-08-20,10737
Greater Western Sydney,Lachlan Ash,3,9,7,58.3,0,0,1,0,0,0,1,4,211,1,1,0,77,2022,Round 23,2022-08-20,10737
Greater Western Sydney,Leek Aleer,7,5,9,75.0,2,0,0,6,0,0,0,1,116,3,8,0,83,2022,Round 23,2022-08-20,10737
Greater Western Sydney,Callum Brown 1,4,7,9,81.8,1,0,0,1,0,0,0,1,371,4,4,0,86,2022,Round 23,2022-08-20,10737
Greater Western Sydney,James Peatling,7,4,8,72.7,2,1,0,0,0,0,0,3,15,1,1,1,68,2022,Round 23,2022-08-20,10737
Greater Western Sydney,Jake Stein,5,4,9,100.0,1,1,1,4,0,0,1,4,83,1,2,0,70,2022,Round 23,2022-08-20,10737
Greater Western Sydney,Daniel Lloyd,4,6,5,62.5,0,0,1,1,0,0,0,4,123,3,0,3,87,2022,Round 23,2022-08-20,10737
Fremantle,Caleb Serong,15,17,24,75.0,0,0,0,1,0,5,6,8,422,6,0,1,82,2022,Round 23,2022-08-20,10737
Fremantle,David Mundy,12,18,22,73.3,0,1,0,2,0,2,4,7,252,5,2,1,75,2022,Round 23,2022-08-20,10737
Fremantle,Will Brodie,10,19,24,80.0,0,1,0,0,0,4,1,6,368,4,3,1,72,2022,Round 23,2022-08-20,10737
Fremantle,Andrew Brayshaw,8,18,18,72.0,0,0,0,2,0,1,1,3,317,5,5,2,82,2022,Round 23,2022-08-20,10737
Fremantle,Hayden Young,5,17,18,72.0,0,0,0,1,0,0,0,3,579,4,5,0,82,2022,Round 23,2022-08-20,10737
Fremantle,Blake Acres,4,16,16,72.7,0,0,0,1,0,0,0,7,346,7,4,1,85,2022,Round 23,2022-08-20,10737
Fremantle,Luke Ryan,7,10,18,81.8,3,0,0,3,0,0,0,2,437,4,10,0,90,2022,Round 23,2022-08-20,10737
Fremantle,Jordan Clark,5,17,21,95.5,1,0,0,2,2,0,1,4,418,0,4,0,92,2022,Round 23,2022-08-20,10737
Fremantle,James Aish,6,14,15,71.4,0,3,0,0,2,0,1,5,435,6,4,1,83,2022,Round 23,2022-08-20,10737
Fremantle,Lachlan Schultz,9,11,15,75.0,0,0,1,0,0,0,0,4,337,6,4,0,83,2022,Round 23,2022-08-20,10737
Fremantle,Nathan O Driscoll,9,8,11,64.7,0,0,0,0,0,0,5,5,329,4,2,3,83,2022,Round 23,2022-08-20,10737
Fremantle,Alex Pearce,9,7,14,87.5,3,0,0,6,0,0,1,4,336,2,7,0,92,2022,Round 23,2022-08-20,10737
Fremantle,Lloyd Meek,9,8,11,73.3,0,0,0,4,0,2,2,5,142,1,2,1,82,2022,Round 23,2022-08-20,10737
Fremantle,Michael Walters,5,9,11,78.6,0,0,2,1,0,0,0,6,249,2,2,2,79,2022,Round 23,2022-08-20,10737
Fremantle,Brennan Cox,7,6,11,78.6,2,0,0,9,0,0,0,2,220,2,10,0,85,2022,Round 23,2022-08-20,10737
Fremantle,Heath Chapman,3,10,11,78.6,0,1,0,2,4,0,0,2,303,4,5,0,84,2022,Round 23,2022-08-20,10737
Fremantle,Brandon Walker,3,11,11,78.6,1,0,0,1,0,0,0,4,201,2,6,0,76,2022,Round 23,2022-08-20,10737
Fremantle,Sam Switkowski,7,5,5,45.5,0,1,0,2,0,0,0,3,215,3,2,1,71,2022,Round 23,2022-08-20,10737
Fremantle,Minairo Frederick,5,5,6,60.0,0,0,0,0,0,0,0,5,167,2,0,1,84,2022,Round 23,2022-08-20,10737
Fremantle,Nathan Fyfe,4,5,5,55.6,1,0,2,0,0,1,0,3,114,3,0,2,69,2022,Round 23,2022-08-20,10737
Fremantle,Sean Darcy,7,2,5,55.6,1,0,1,6,0,0,4,3,132,1,0,0,85,2022,Round 23,2022-08-20,10737
Fremantle,Bailey Banfield,1,4,2,40.0,0,1,0,0,0,0,0,3,108,3,0,0,86,2022,Round 23,2022-08-20,10737
North Melbourne,Aidan Corr,6,15,23,82.1,1,0,0,3,0,0,0,4,775,5,8,0,84,2022,Round 23,2022-08-20,10739
North Melbourne,Luke Davies Uniacke,16,13,20,76.9,0,0,0,0,1,3,4,4,344,5,4,0,80,2022,Round 23,2022-08-20,10739
North Melbourne,Lachie Young,3,24,23,88.5,0,1,0,3,1,0,0,5,352,2,3,0,88,2022,Round 23,2022-08-20,10739
North Melbourne,Jy Simpkin,9,17,22,88.0,0,0,0,0,1,2,1,5,438,2,0,1,87,2022,Round 23,2022-08-20,10739
North Melbourne,Curtis Taylor,2,20,15,60.0,1,0,2,0,0,0,0,5,424,4,1,0,92,2022,Round 23,2022-08-20,10739
North Melbourne,Flynn Perez,5,17,21,87.5,0,0,0,1,0,0,0,2,401,4,5,0,88,2022,Round 23,2022-08-20,10739
North Melbourne,Luke Mcdonald,5,13,19,82.6,2,0,0,5,1,0,0,5,627,11,7,0,86,2022,Round 23,2022-08-20,10739
North Melbourne,Hugh Greenwood,11,12,19,82.6,0,0,0,3,0,1,3,8,149,1,3,4,79,2022,Round 23,2022-08-20,10739
North Melbourne,Bailey Scott,4,19,17,73.9,0,0,0,2,2,0,1,4,287,4,1,0,85,2022,Round 23,2022-08-20,10739
North Melbourne,Josh Goater,6,15,14,66.7,0,0,0,2,1,0,0,4,237,5,5,0,80,2022,Round 23,2022-08-20,10739
North Melbourne,Jason Horne Francis,7,15,12,60.0,0,1,0,1,2,0,1,6,384,6,1,0,73,2022,Round 23,2022-08-20,10739
North Melbourne,Tom Powell,5,12,14,82.4,0,0,0,0,2,0,1,4,235,1,2,0,68,2022,Round 23,2022-08-20,10739
North Melbourne,Todd Goldstein,4,14,14,87.5,0,0,0,6,0,0,2,3,189,2,2,0,90,2022,Round 23,2022-08-20,10739
North Melbourne,Kallan Dawson,3,12,13,86.7,0,0,0,3,0,0,0,3,167,1,3,0,83,2022,Round 23,2022-08-20,10739
North Melbourne,Ben Cunnington,5,9,13,92.9,0,0,0,1,0,0,2,1,78,1,2,0,67,2022,Round 23,2022-08-20,10739
North Melbourne,Nick Larkey,6,8,11,78.6,3,0,2,2,0,0,0,4,179,1,0,1,93,2022,Round 23,2022-08-20,10739
North Melbourne,Aiden Bonar,5,8,10,71.4,0,0,0,3,0,0,0,3,161,3,5,0,83,2022,Round 23,2022-08-20,10739
North Melbourne,Ben Mckay,5,8,9,69.2,2,0,0,6,0,0,0,2,109,1,9,0,88,2022,Round 23,2022-08-20,10739
North Melbourne,Cameron Zurhaar,8,3,5,41.7,0,1,0,0,0,0,2,4,150,3,1,0,87,2022,Round 23,2022-08-20,10739
North Melbourne,Jack Mahony,1,8,7,87.5,0,0,0,1,0,0,0,2,144,2,0,0,73,2022,Round 23,2022-08-20,10739
North Melbourne,Charlie Lazzaro,4,5,6,75.0,0,1,0,0,1,0,2,4,118,1,0,1,75,2022,Round 23,2022-08-20,10739
North Melbourne,Charlie Comben,2,4,4,66.7,0,0,2,0,0,0,1,3,84,1,0,1,71,2022,Round 23,2022-08-20,10739
Gold Coast,David Swallow,18,17,24,72.7,0,0,0,5,0,5,4,8,602,6,4,1,82,2022,Round 23,2022-08-20,10739
Gold Coast,Noah Anderson,7,22,23,76.7,0,1,0,2,6,4,3,13,671,5,2,2,86,2022,Round 23,2022-08-20,10739
Gold Coast,Touk Miller,13,13,19,76.0,0,0,0,2,0,3,5,7,400,2,3,0,92,2022,Round 23,2022-08-20,10739
Gold Coast,Brandon Ellis,4,14,22,91.7,0,0,0,2,3,0,0,6,438,3,4,0,75,2022,Round 23,2022-08-20,10739
Gold Coast,Ben Ainsworth,3,20,16,66.7,0,1,2,0,1,0,0,8,401,2,1,0,78,2022,Round 23,2022-08-20,10739
Gold Coast,Darcy Macpherson,10,10,16,80.0,1,0,0,0,0,1,0,3,304,3,8,0,83,2022,Round 23,2022-08-20,10739
Gold Coast,Jack Lukosius,7,12,12,60.0,0,3,1,4,0,0,0,7,502,4,3,0,80,2022,Round 23,2022-08-20,10739
Gold Coast,Elijah Hollands,9,11,10,50.0,0,0,1,0,0,1,2,6,408,3,3,0,88,2022,Round 23,2022-08-20,10739
Gold Coast,Mabior Chol,11,8,13,72.2,3,1,3,3,0,0,1,8,433,4,1,0,84,2022,Round 23,2022-08-20,10739
Gold Coast,Sam Flanders,4,12,12,66.7,1,0,1,2,2,0,0,4,292,3,2,0,81,2022,Round 23,2022-08-20,10739
Gold Coast,Sean Lemmens,7,7,13,86.7,1,0,0,3,0,0,2,2,271,2,5,0,70,2022,Round 23,2022-08-20,10739
Gold Coast,Matt Rowell,9,7,11,73.3,0,1,0,1,0,1,2,3,242,0,3,1,75,2022,Round 23,2022-08-20,10739
Gold Coast,Alex Davies,11,4,11,73.3,0,1,0,2,0,0,1,5,300,4,3,3,78,2022,Round 23,2022-08-20,10739
Gold Coast,Alex Sexton,4,11,8,57.1,1,0,3,1,1,0,0,10,370,3,1,0,83,2022,Round 23,2022-08-20,10739
Gold Coast,Malcolm Rosas,5,10,10,71.4,0,1,1,0,0,0,2,8,257,2,1,1,74,2022,Round 23,2022-08-20,10739
Gold Coast,Samuel Collins,1,11,12,100.0,0,0,0,3,0,0,0,0,232,0,5,0,95,2022,Round 23,2022-08-20,10739
Gold Coast,Jarrod Witts,9,4,8,72.7,1,3,1,3,0,1,5,8,115,3,0,1,83,2022,Round 23,2022-08-20,10739
Gold Coast,Caleb Graham,2,8,10,90.9,1,0,0,10,0,0,0,2,122,0,4,0,92,2022,Round 23,2022-08-20,10739
Gold Coast,Hewago Oea,2,7,8,80.0,0,0,0,1,0,0,0,4,143,4,1,1,65,2022,Round 23,2022-08-20,10739
Gold Coast,Jy Farrar,4,7,9,90.0,0,0,0,4,1,0,0,3,142,4,6,0,83,2022,Round 23,2022-08-20,10739
Gold Coast,Levi Casboult,0,7,2,28.6,0,1,3,2,0,0,0,3,109,3,0,0,87,2022,Round 23,2022-08-20,10739
Gold Coast,Mac Andrew,7,2,7,100.0,0,0,0,3,0,0,1,5,119,1,6,0,78,2022,Round 23,2022-08-20,10739
Gold Coast,Charlie Constable,0,3,3,75.0,0,0,0,0,0,0,0,0,128,1,0,0,10,2022,Round 23,2022-08-20,10739
Geelong,Joel Selwood,10,19,21,75.0,0,0,2,1,0,2,3,8,224,4,2,0,70,2022,Round 23,2022-08-20,10736
Geelong,Brandan Parfitt,12,12,21,75.0,0,1,0,0,0,4,3,7,187,4,2,0,71,2022,Round 23,2022-08-20,10736
Geelong,Mark Blicavs,11,15,20,80.0,0,0,1,1,0,2,1,11,60,1,5,0,82,2022,Round 23,2022-08-20,10736
Geelong,Zach Tuohy,3,20,17,70.8,0,0,1,1,0,0,1,9,625,6,4,0,87,2022,Round 23,2022-08-20,10736
Geelong,Jonathon Ceglar,15,9,16,66.7,0,0,0,5,0,3,8,8,228,4,2,0,69,2022,Round 23,2022-08-20,10736
Geelong,Isaac Smith,1,20,16,69.6,0,2,0,2,2,0,0,10,655,3,2,0,87,2022,Round 23,2022-08-20,10736
Geelong,Patrick Dangerfield,11,12,10,45.5,0,0,1,2,0,1,0,9,423,7,4,0,81,2022,Round 23,2022-08-20,10736
Geelong,Thomas Stewart,8,15,18,81.8,0,0,0,4,0,0,0,6,355,5,11,0,91,2022,Round 23,2022-08-20,10736
Geelong,Bradley Close,9,15,19,86.4,0,0,1,2,1,1,2,10,258,0,4,1,90,2022,Round 23,2022-08-20,10736
Geelong,Max Holmes,7,14,15,71.4,0,2,1,1,0,1,1,10,359,3,3,0,86,2022,Round 23,2022-08-20,10736
Geelong,Tyson Stengle,7,11,12,66.7,0,0,2,0,1,1,1,12,344,2,2,2,90,2022,Round 23,2022-08-20,10736
Geelong,Tom Hawkins,9,9,9,52.9,1,0,6,2,0,0,0,13,353,3,1,2,95,2022,Round 23,2022-08-20,10736
Geelong,Tom Atkins,4,13,11,64.7,0,1,0,0,0,0,3,4,215,3,0,1,53,2022,Round 23,2022-08-20,10736
Geelong,Gryan Miers,3,13,15,93.8,0,3,0,0,0,0,0,12,187,2,1,0,85,2022,Round 23,2022-08-20,10736
Geelong,Jed Bews,2,10,10,76.9,1,1,1,1,0,0,1,6,128,0,3,0,87,2022,Round 23,2022-08-20,10736
Geelong,Mark O Connor,4,9,10,76.9,0,0,0,1,0,0,0,4,143,1,4,0,90,2022,Round 23,2022-08-20,10736
Geelong,Jack Henry,4,7,12,100.0,0,3,2,0,0,0,0,7,191,2,4,0,98,2022,Round 23,2022-08-20,10736
Geelong,Gary Rohan,1,11,10,90.9,0,0,0,2,0,0,0,6,224,3,1,0,69,2022,Round 23,2022-08-20,10736
Geelong,Zach Guthrie,5,7,9,81.8,1,0,0,5,0,0,0,1,190,3,4,0,88,2022,Round 23,2022-08-20,10736
Geelong,Sam De Koning,3,8,8,72.7,1,0,0,1,0,0,0,1,132,1,5,0,100,2022,Round 23,2022-08-20,10736
Geelong,Cameron Guthrie,2,5,7,77.8,0,0,0,0,0,1,2,6,124,0,0,0,27,2022,Round 23,2022-08-20,10736
Geelong,Esava Ratugolea,2,4,7,100.0,1,0,0,6,0,0,0,1,57,0,4,0,88,2022,Round 23,2022-08-20,10736
Geelong,Jake Kolodjashnij,1,2,3,100.0,0,0,0,2,0,0,0,0,10,0,1,0,18,2022,Round 23,2022-08-20,10736
West Coast,Shannon Hurn,6,15,28,87.5,0,1,0,2,0,0,1,1,287,3,6,0,84,2022,Round 23,2022-08-20,10736
West Coast,Jamaine Jones,6,18,19,67.9,0,0,0,1,0,0,1,2,525,9,6,0,81,2022,Round 23,2022-08-20,10736
West Coast,Tim Kelly,13,15,18,64.3,0,0,1,1,0,1,1,3,396,3,4,0,84,2022,Round 23,2022-08-20,10736
West Coast,Jack Redden,3,20,20,80.0,0,3,1,2,0,1,0,5,263,3,2,0,79,2022,Round 23,2022-08-20,10736
West Coast,Bailey Williams 1,17,10,18,72.0,2,1,1,4,0,3,2,2,271,3,5,2,80,2022,Round 23,2022-08-20,10736
West Coast,Liam Duggan,3,21,18,75.0,1,0,0,3,1,0,1,2,283,4,3,0,84,2022,Round 23,2022-08-20,10736
West Coast,Luke Shuey,8,14,16,80.0,0,0,0,2,0,2,4,2,116,6,1,0,67,2022,Round 23,2022-08-20,10736
West Coast,Tom Barrass,7,11,14,77.8,1,0,0,8,0,0,1,1,194,6,6,0,97,2022,Round 23,2022-08-20,10736
West Coast,Sam Petrevski Seton,3,12,15,93.8,0,0,0,3,0,0,1,0,221,2,2,0,78,2022,Round 23,2022-08-20,10736
West Coast,Rhett Bazzo,3,12,13,86.7,1,0,0,1,0,0,0,1,371,2,4,0,82,2022,Round 23,2022-08-20,10736
West Coast,Jamie Cripps,4,8,9,69.2,0,1,3,0,0,0,1,6,307,1,2,0,87,2022,Round 23,2022-08-20,10736
West Coast,Liam Ryan,7,7,8,61.5,3,0,2,0,0,0,0,6,177,4,2,0,80,2022,Round 23,2022-08-20,10736
West Coast,Zac Giles Langdon,1,12,11,84.6,0,0,0,0,0,0,0,1,-13,2,1,0,86,2022,Round 23,2022-08-20,10736
West Coast,Jackson Nelson,5,7,10,83.3,0,0,0,1,0,1,2,0,51,2,1,0,76,2022,Round 23,2022-08-20,10736
West Coast,Jai Culley,4,6,8,66.7,0,0,0,0,0,1,2,2,187,3,1,1,73,2022,Round 23,2022-08-20,10736
West Coast,Xavier O Neill,2,9,8,72.7,0,0,0,1,0,1,0,3,155,3,0,0,73,2022,Round 23,2022-08-20,10736
West Coast,Harry Edwards,6,6,11,100.0,2,0,0,4,0,0,0,1,84,0,6,0,82,2022,Round 23,2022-08-20,10736
West Coast,Jack Darling,4,5,5,55.6,2,0,1,1,0,0,0,3,155,3,0,2,100,2022,Round 23,2022-08-20,10736
West Coast,Luke Foley,3,5,7,87.5,0,0,0,0,0,0,2,0,121,2,1,0,83,2022,Round 23,2022-08-20,10736
West Coast,Josh Rotham,0,5,3,60.0,0,1,0,1,0,0,0,1,128,4,0,1,81,2022,Round 23,2022-08-20,10736
West Coast,Greg Clark,1,4,4,80.0,0,0,0,0,0,0,0,0,18,0,1,0,19,2022,Round 23,2022-08-20,10736
West Coast,Hugh Dixon,1,3,4,100.0,0,0,0,3,0,0,0,1,37,1,2,0,76,2022,Round 23,2022-08-20,10736
West Coast,Willie Rioli,1,2,1,33.3,0,0,0,1,1,0,0,0,58,2,1,1,66,2022,Round 23,2022-08-20,10736
Port Adelaide,Oliver Wines,17,19,21,60.0,1,2,0,0,0,4,4,9,273,6,2,0,80,2022,Round 23,2022-08-20,10741
Port Adelaide,Connor Rozee,10,25,27,79.4,0,2,0,1,0,1,4,8,527,7,2,1,88,2022,Round 23,2022-08-20,10741
Port Adelaide,Karl Amon,7,24,20,64.5,0,0,0,1,0,1,0,7,520,4,7,1,82,2022,Round 23,2022-08-20,10741
Port Adelaide,Zak Butters,12,13,18,69.2,0,2,1,4,0,1,8,7,325,4,2,3,81,2022,Round 23,2022-08-20,10741
Port Adelaide,Travis Boak,13,12,16,66.7,0,0,0,3,0,3,3,8,347,2,0,1,83,2022,Round 23,2022-08-20,10741
Port Adelaide,Willem Drew,6,15,19,90.5,0,0,0,2,0,0,2,4,85,1,3,2,84,2022,Round 23,2022-08-20,10741
Port Adelaide,Kane Farrell,5,15,17,85.0,2,0,0,5,0,0,1,4,548,2,6,0,83,2022,Round 23,2022-08-20,10741
Port Adelaide,Xavier Duursma,8,12,14,70.0,0,1,1,3,1,1,1,6,479,6,4,0,74,2022,Round 23,2022-08-20,10741
Port Adelaide,Dan Houston,4,8,17,89.5,1,0,0,4,0,0,2,5,430,1,5,0,83,2022,Round 23,2022-08-20,10741
Port Adelaide,Charlie Dixon,11,4,12,75.0,3,0,0,7,0,0,5,6,26,0,0,2,86,2022,Round 23,2022-08-20,10741
Port Adelaide,Darcy Byrne Jones,6,10,11,68.8,1,0,0,4,0,0,1,1,310,2,5,0,83,2022,Round 23,2022-08-20,10741
Port Adelaide,Todd Marshall,4,11,6,37.5,1,0,5,1,0,0,0,8,361,3,4,1,87,2022,Round 23,2022-08-20,10741
Port Adelaide,Jeremy Finlayson,4,10,9,60.0,0,1,1,2,0,1,0,4,360,4,1,0,73,2022,Round 23,2022-08-20,10741
Port Adelaide,Ryan Burton,1,6,11,73.3,0,0,0,1,0,0,0,1,431,2,3,0,78,2022,Round 23,2022-08-20,10741
Port Adelaide,Sam Powell Pepper,4,8,8,61.5,1,0,3,0,0,0,1,6,199,1,1,0,83,2022,Round 23,2022-08-20,10741
Port Adelaide,Miles Bergman,4,8,8,61.5,0,0,1,2,0,0,0,5,370,2,3,2,72,2022,Round 23,2022-08-20,10741
Port Adelaide,Jase Burgoyne,5,7,8,61.5,0,0,0,2,0,0,1,1,175,3,5,0,81,2022,Round 23,2022-08-20,10741
Port Adelaide,Robert Gray,5,7,6,50.0,1,3,5,0,0,0,0,9,116,3,2,1,91,2022,Round 23,2022-08-20,10741
Port Adelaide,Aliir Aliir,5,6,11,100.0,3,0,0,4,0,0,0,2,143,0,9,0,94,2022,Round 23,2022-08-20,10741
Port Adelaide,Jed Mcentee,6,4,10,90.9,1,0,0,1,0,0,0,5,9,1,1,5,66,2022,Round 23,2022-08-20,10741
Port Adelaide,Thomas Jonas,5,5,6,75.0,2,0,0,7,0,0,0,0,188,2,5,0,99,2022,Round 23,2022-08-20,10741
Port Adelaide,Riley Bonner,1,5,6,100.0,0,0,0,0,1,0,0,3,130,1,0,0,19,2022,Round 23,2022-08-20,10741
Port Adelaide,Mitch Georgiades,3,2,6,100.0,1,0,1,0,0,0,0,2,85,2,3,2,52,2022,Round 23,2022-08-20,10741
Adelaide,Rory Laird,14,13,18,69.2,0,0,1,1,0,3,3,10,331,4,6,2,82,2022,Round 23,2022-08-20,10741
Adelaide,Jordan Dawson,5,12,12,54.5,0,1,0,3,0,0,0,4,534,7,6,0,90,2022,Round 23,2022-08-20,10741
Adelaide,Sam Berry,12,7,11,52.4,0,0,0,1,0,4,2,2,358,6,2,1,75,2022,Round 23,2022-08-20,10741
Adelaide,Reilly O Brien,16,2,9,50.0,3,0,1,12,0,1,6,5,167,4,2,0,87,2022,Round 23,2022-08-20,10741
Adelaide,Harry Schoenberg,10,9,11,61.1,0,0,0,3,0,3,2,4,297,6,2,1,75,2022,Round 23,2022-08-20,10741
Adelaide,Jake Soligo,10,7,12,66.7,0,0,0,1,0,1,3,2,303,4,4,1,68,2022,Round 23,2022-08-20,10741
Adelaide,Mitchell Hinge,3,11,10,71.4,0,0,0,1,0,0,1,2,239,3,4,0,74,2022,Round 23,2022-08-20,10741
Adelaide,Ben Keays,6,4,7,53.8,0,0,0,0,0,0,2,4,128,4,0,2,89,2022,Round 23,2022-08-20,10741
Adelaide,Riley Thilthorpe,11,2,8,61.5,5,0,2,3,0,0,0,3,46,3,3,0,80,2022,Round 23,2022-08-20,10741
Adelaide,Brodie Smith,5,4,8,66.7,0,0,0,1,0,1,0,2,317,2,1,0,79,2022,Round 23,2022-08-20,10741
Adelaide,Chayce Jones,8,5,7,58.3,0,0,1,0,0,0,2,3,310,3,3,0,88,2022,Round 23,2022-08-20,10741
Adelaide,Taylor Walker,8,2,8,72.7,3,0,0,1,0,0,1,5,196,1,0,4,79,2022,Round 23,2022-08-20,10741
Adelaide,Edward Mchenry,4,8,8,72.7,0,0,0,1,0,0,0,2,239,3,2,0,71,2022,Round 23,2022-08-20,10741
Adelaide,Jordon Butts,3,8,6,54.5,0,0,0,7,0,0,0,1,187,2,4,0,96,2022,Round 23,2022-08-20,10741
Adelaide,Josh Worrell,7,4,7,63.6,1,0,0,5,0,0,1,2,175,7,9,0,77,2022,Round 23,2022-08-20,10741
Adelaide,Tom Doedee,4,4,8,80.0,0,0,0,8,0,0,0,0,148,3,4,0,94,2022,Round 23,2022-08-20,10741
Adelaide,Lachlan Murphy,4,6,6,60.0,1,2,1,0,0,0,2,5,276,3,1,1,74,2022,Round 23,2022-08-20,10741
Adelaide,Wayne Milera,4,4,4,50.0,0,0,0,1,0,0,1,2,92,2,1,1,68,2022,Round 23,2022-08-20,10741
Adelaide,Darcy Fogarty,4,4,5,71.4,3,0,2,4,0,0,0,6,289,0,0,1,94,2022,Round 23,2022-08-20,10741
Adelaide,Patrick Parnell,2,5,5,71.4,0,0,0,1,0,0,0,1,107,1,2,0,78,2022,Round 23,2022-08-20,10741
Adelaide,Ben Davis,1,3,5,100.0,1,1,0,1,0,0,0,2,219,1,2,0,17,2022,Round 23,2022-08-20,10741
Adelaide,Nick Murray,3,3,2,40.0,2,0,0,4,0,0,0,1,129,4,1,0,90,2022,Round 23,2022-08-20,10741
Adelaide,James Rowe,2,2,4,100.0,0,1,0,1,0,0,1,3,42,0,0,1,76,2022,Round 23,2022-08-20,10741
Essendon,Zachary Merrett,19,17,30,81.1,0,0,0,0,0,4,4,8,432,7,12,0,85,2022,Round 23,2022-08-20,10735
Essendon,Dylan Shiel,10,15,18,64.3,0,1,0,1,1,5,2,10,355,4,4,1,83,2022,Round 23,2022-08-20,10735
Essendon,Darcy Parish,12,16,21,75.0,0,0,0,0,0,4,2,6,207,2,2,0,77,2022,Round 23,2022-08-20,10735
Essendon,Nick Hind,5,11,16,80.0,0,1,0,0,0,0,0,2,555,8,4,0,80,2022,Round 23,2022-08-20,10735
Essendon,Nicholas Martin,10,9,10,52.6,0,0,0,1,1,0,1,2,137,8,5,1,83,2022,Round 23,2022-08-20,10735
Essendon,Andrew Mcgrath,5,13,17,94.4,1,0,0,0,1,0,0,5,242,2,6,0,86,2022,Round 23,2022-08-20,10735
Essendon,Jye Caldwell,4,13,12,66.7,0,1,0,1,0,0,1,7,248,3,1,2,72,2022,Round 23,2022-08-20,10735
Essendon,Dyson Heppell,6,12,13,76.5,0,0,0,3,0,1,0,3,185,4,3,1,86,2022,Round 23,2022-08-20,10735
Essendon,Jake Kelly,5,11,15,88.2,0,0,1,1,0,0,1,3,129,3,4,0,82,2022,Round 23,2022-08-20,10735
Essendon,Jordan Ridley,4,12,11,68.8,1,0,0,6,0,0,0,1,402,4,4,0,82,2022,Round 23,2022-08-20,10735
Essendon,Mason Redman,1,12,15,100.0,0,0,0,2,0,0,0,4,234,2,2,0,82,2022,Round 23,2022-08-20,10735
Essendon,Peter Wright,7,7,7,63.6,2,1,5,1,0,0,0,6,232,1,1,0,97,2022,Round 23,2022-08-20,10735
Essendon,Jayden Laverde,1,10,10,90.9,0,0,0,2,0,0,0,0,234,2,2,0,88,2022,Round 23,2022-08-20,10735
Essendon,Sam Draper,8,1,6,54.5,1,0,0,7,0,3,4,8,275,1,1,0,77,2022,Round 23,2022-08-20,10735
Essendon,Matt Guelfi,5,3,6,60.0,1,0,0,4,0,0,1,4,157,5,0,0,83,2022,Round 23,2022-08-20,10735
Essendon,Massimo D Ambrosio,4,5,5,55.6,0,1,1,0,0,0,0,3,178,4,1,1,82,2022,Round 23,2022-08-20,10735
Essendon,Jye Menzie,4,5,8,88.9,0,0,1,1,0,1,0,4,87,2,0,1,56,2022,Round 23,2022-08-20,10735
Essendon,Archie Perkins,2,5,3,42.9,1,1,1,0,0,0,0,3,264,2,0,1,77,2022,Round 23,2022-08-20,10735
Essendon,Zach Reid,2,4,4,57.1,0,0,0,2,0,0,0,1,56,4,1,0,77,2022,Round 23,2022-08-20,10735
Essendon,Michael Hurley,2,5,5,83.3,0,0,2,1,0,0,0,2,151,2,0,0,75,2022,Round 23,2022-08-20,10735
Essendon,Brandon Zerk Thatcher,3,5,5,83.3,1,0,0,4,0,0,0,0,13,2,4,0,94,2022,Round 23,2022-08-20,10735
Essendon,Sam Durham,4,3,6,100.0,0,0,0,2,0,0,1,0,90,1,3,0,70,2022,Round 23,2022-08-20,10735
Essendon,Jake Stringer,2,1,3,100.0,0,0,0,0,0,0,0,2,81,0,0,0,25,2022,Round 23,2022-08-20,10735
Richmond,Dion Prestia,7,23,19,61.3,0,0,1,1,0,5,0,10,574,7,4,1,78,2022,Round 23,2022-08-20,10735
Richmond,Liam Baker,8,16,24,92.3,0,0,0,3,1,0,0,10,277,2,10,0,85,2022,Round 23,2022-08-20,10735
Richmond,Trent Cotchin,12,12,18,72.0,0,1,0,1,0,1,3,11,244,2,5,0,76,2022,Round 23,2022-08-20,10735
Richmond,Jayden Short,7,18,23,92.0,0,2,0,1,3,3,2,7,481,4,1,0,85,2022,Round 23,2022-08-20,10735
Richmond,Nick Vlastuin,4,11,18,85.7,1,0,0,3,1,0,0,3,252,2,5,0,83,2022,Round 23,2022-08-20,10735
Richmond,Toby Nankervis,4,15,15,71.4,0,0,1,4,0,3,1,8,292,4,1,0,76,2022,Round 23,2022-08-20,10735
Richmond,Daniel Rioli,8,13,20,95.2,0,1,0,1,1,0,0,6,449,4,10,0,85,2022,Round 23,2022-08-20,10735
Richmond,Jack Ross,3,18,20,95.2,0,2,0,3,1,0,1,14,322,0,1,0,80,2022,Round 23,2022-08-20,10735
Richmond,Thomas Lynch,12,8,11,57.9,4,0,4,1,0,0,0,11,358,5,1,1,72,2022,Round 23,2022-08-20,10735
Richmond,Tyler Sonsie,6,13,12,63.2,0,1,2,0,1,0,0,14,234,2,4,0,81,2022,Round 23,2022-08-20,10735
Richmond,Noah Balta,3,13,12,70.6,2,0,0,3,0,0,0,5,397,8,3,0,84,2022,Round 23,2022-08-20,10735
Richmond,Nathan Broad,2,12,13,92.9,0,0,0,5,0,0,0,3,229,1,2,0,92,2022,Round 23,2022-08-20,10735
Richmond,Jack Riewoldt,11,3,9,75.0,2,5,3,3,0,0,1,9,158,3,3,0,90,2022,Round 23,2022-08-20,10735
Richmond,Shane Edwards,3,9,9,75.0,0,0,1,0,1,0,0,4,321,3,1,0,74,2022,Round 23,2022-08-20,10735
Richmond,Shai Bolton,6,8,10,83.3,0,1,2,2,1,1,0,8,335,2,0,1,81,2022,Round 23,2022-08-20,10735
Richmond,Marlion Pickett,6,7,11,91.7,1,0,1,3,0,1,0,8,239,1,4,0,84,2022,Round 23,2022-08-20,10735
Richmond,Noah Cumberland,6,6,8,66.7,1,0,1,2,1,0,1,7,141,2,0,0,76,2022,Round 23,2022-08-20,10735
Richmond,Maurice Rioli 1,1,10,5,45.5,0,0,3,1,1,0,0,6,199,3,2,3,80,2022,Round 23,2022-08-20,10735
Richmond,Robert Tarrant,2,7,9,90.0,0,0,0,4,0,0,0,2,92,2,3,0,92,2022,Round 23,2022-08-20,10735
Richmond,Kamdyn Mcintosh,3,8,9,90.0,0,0,2,3,1,0,2,5,183,0,1,0,82,2022,Round 23,2022-08-20,10735
Richmond,Ben Miller,7,3,8,100.0,0,1,0,3,0,1,0,7,114,1,4,2,72,2022,Round 23,2022-08-20,10735
Richmond,Josh Gibcus,8,3,6,75.0,1,0,0,7,0,0,0,3,102,1,8,0,79,2022,Round 23,2022-08-20,10735
Richmond,Jason Castagna,0,0,0,0.0,0,0,0,0,0,0,0,0,0,0,0,0,14,2022,Round 23,2022-08-20,10735
Hawthorn,James Sicily,9,22,24,72.7,2,0,0,3,0,0,0,2,748,7,9,0,98,2022,Round 23,2022-08-21,10738
Hawthorn,Blake Hardwick,7,18,23,88.5,0,0,0,1,0,0,0,4,416,3,8,0,83,2022,Round 23,2022-08-21,10738
Hawthorn,Will Day,9,12,18,72.0,1,0,0,1,0,0,1,2,466,3,6,0,76,2022,Round 23,2022-08-21,10738
Hawthorn,Daniel Howe,7,14,17,70.8,1,0,0,3,0,1,0,2,175,3,4,1,71,2022,Round 23,2022-08-21,10738
Hawthorn,Josh Ward,10,15,17,70.8,0,1,0,1,0,0,0,2,325,4,5,0,73,2022,Round 23,2022-08-21,10738
Hawthorn,Jaeger O Meara,12,8,15,75.0,2,1,1,0,0,1,2,5,431,5,3,1,80,2022,Round 23,2022-08-21,10738
Hawthorn,Jack Scrimshaw,6,11,15,75.0,0,0,0,4,2,0,0,4,379,3,8,0,86,2022,Round 23,2022-08-21,10738
Hawthorn,Tom Mitchell,13,9,13,68.4,0,0,1,0,0,3,2,6,92,1,3,0,72,2022,Round 23,2022-08-21,10738
Hawthorn,Dylan Moore,4,15,14,73.7,1,0,3,1,0,0,1,3,258,2,1,0,85,2022,Round 23,2022-08-21,10738
Hawthorn,Harry Morrison,3,14,10,58.8,0,0,0,1,0,0,2,3,424,6,1,0,82,2022,Round 23,2022-08-21,10738
Hawthorn,Conor Nash,7,9,11,68.8,0,0,1,1,0,0,1,3,228,4,4,0,74,2022,Round 23,2022-08-21,10738
Hawthorn,Jai Newcombe,7,8,10,62.5,0,3,1,0,0,0,3,5,350,1,3,0,76,2022,Round 23,2022-08-21,10738
Hawthorn,Connor Macdonald,2,13,12,80.0,0,1,0,0,0,0,0,2,311,2,0,0,80,2022,Round 23,2022-08-21,10738
Hawthorn,Jack Gunston,3,9,9,69.2,1,0,4,2,0,0,0,4,291,5,0,1,100,2022,Round 23,2022-08-21,10738
Hawthorn,Max Lynch,7,5,8,72.7,1,1,0,1,0,1,1,4,178,3,4,0,80,2022,Round 23,2022-08-21,10738
Hawthorn,Ned Long,3,9,9,81.8,1,0,0,1,0,0,1,2,303,5,0,0,74,2022,Round 23,2022-08-21,10738
Hawthorn,Luke Breust,3,7,5,50.0,0,1,0,1,1,0,0,2,240,5,1,0,72,2022,Round 23,2022-08-21,10738
Hawthorn,Denver Grainger Barras,5,5,10,100.0,3,0,0,7,1,0,0,0,66,0,5,0,79,2022,Round 23,2022-08-21,10738
Hawthorn,Finn Maginness,4,5,7,77.8,0,0,0,2,0,0,1,2,35,0,1,0,94,2022,Round 23,2022-08-21,10738
Hawthorn,Jack Saunders,2,5,6,85.7,0,1,0,0,0,0,0,3,138,1,0,1,75,2022,Round 23,2022-08-21,10738
Hawthorn,James Blanck,2,7,7,100.0,0,0,0,11,0,0,0,1,69,0,2,0,96,2022,Round 23,2022-08-21,10738
Hawthorn,Ben Mcevoy,3,3,5,100.0,0,0,1,5,0,0,1,3,34,0,0,0,94,2022,Round 23,2022-08-21,10738
Western Bulldogs,Josh Dunkley,17,15,20,69.0,2,0,1,3,0,3,5,10,279,4,2,2,83,2022,Round 23,2022-08-21,10738
Western Bulldogs,Adam Treloar,11,15,16,64.0,0,0,0,0,0,1,4,8,381,2,3,3,84,2022,Round 23,2022-08-21,10738
Western Bulldogs,Jackson Macrae,8,19,18,72.0,0,1,0,2,0,2,3,7,305,7,1,1,79,2022,Round 23,2022-08-21,10738
Western Bulldogs,Caleb Daniel,3,19,19,76.0,0,0,0,1,1,0,1,6,539,4,2,0,82,2022,Round 23,2022-08-21,10738
Western Bulldogs,Bailey Dale,10,11,20,83.3,1,0,0,2,0,0,3,2,530,8,7,0,87,2022,Round 23,2022-08-21,10738
Western Bulldogs,Bailey Smith,9,12,14,58.3,0,1,0,0,0,3,0,4,256,4,2,1,91,2022,Round 23,2022-08-21,10738
Western Bulldogs,Lachlan Hunter,6,17,20,87.0,0,0,2,0,0,0,0,13,585,2,6,1,81,2022,Round 23,2022-08-21,10738
Western Bulldogs,Ed Richards,5,20,18,78.3,0,1,0,7,0,0,1,5,513,4,4,0,84,2022,Round 23,2022-08-21,10738
Western Bulldogs,Marcus Bontempelli,12,11,16,80.0,1,1,1,4,1,3,4,10,512,3,2,5,82,2022,Round 23,2022-08-21,10738
Western Bulldogs,Roarke Smith,8,11,15,78.9,0,0,0,2,0,0,2,8,235,2,2,1,74,2022,Round 23,2022-08-21,10738
Western Bulldogs,Thomas Liberatore,10,7,14,77.8,0,0,0,1,0,3,5,3,158,3,0,3,81,2022,Round 23,2022-08-21,10738
Western Bulldogs,Timothy English,6,11,12,70.6,1,0,2,5,0,2,2,5,355,4,5,0,87,2022,Round 23,2022-08-21,10738
Western Bulldogs,Bailey Williams,6,10,12,75.0,0,1,0,0,0,0,1,3,274,5,5,0,77,2022,Round 23,2022-08-21,10738
Western Bulldogs,Aaron Naughton,6,9,9,60.0,0,0,2,2,0,0,0,6,245,4,2,1,88,2022,Round 23,2022-08-21,10738
Western Bulldogs,Laitham Vandermeer,2,11,7,53.8,0,1,0,2,0,0,0,3,354,3,1,0,73,2022,Round 23,2022-08-21,10738
Western Bulldogs,Sam Darcy,8,6,9,69.2,3,0,4,1,0,0,0,4,162,2,5,0,73,2022,Round 23,2022-08-21,10738
Western Bulldogs,Taylor Duryea,3,9,11,91.7,0,0,0,4,0,0,0,5,229,1,3,0,75,2022,Round 23,2022-08-21,10738
Western Bulldogs,Zaine Cordy,4,8,10,83.3,0,0,0,4,0,0,0,1,182,2,4,0,96,2022,Round 23,2022-08-21,10738
Western Bulldogs,Cody Weightman,7,4,8,72.7,0,0,2,2,0,0,0,5,97,1,1,2,79,2022,Round 23,2022-08-21,10738
Western Bulldogs,Jamarra Ugle Hagan,4,7,6,60.0,0,1,1,0,0,0,0,5,130,1,1,3,71,2022,Round 23,2022-08-21,10738
Western Bulldogs,Ryan Gardner,3,6,8,88.9,0,0,0,8,0,0,0,2,51,0,5,0,100,2022,Round 23,2022-08-21,10738
Western Bulldogs,Josh Bruce,5,1,3,60.0,1,0,0,6,0,0,1,2,-42,2,2,1,77,2022,Round 23,2022-08-21,10738
Western Bulldogs,Robbie Mccomb,0,0,0,0.0,0,0,0,0,0,0,0,0,0,0,0,0,0,2022,Round 23,2022-08-21,10738
Carlton,Patrick Cripps,27,10,21,60.0,0,1,0,2,0,3,9,3,293,5,3,0,86,2022,Round 23,2022-08-21,10734
Carlton,Sam Docherty,10,19,19,65.5,0,1,0,0,1,2,4,4,786,4,1,0,85,2022,Round 23,2022-08-21,10734
Carlton,Adam Cerra,12,15,21,77.8,0,0,0,0,0,3,3,5,460,2,2,0,76,2022,Round 23,2022-08-21,10734
Carlton,Will Setterfield,9,15,13,54.2,0,0,1,1,0,1,4,6,525,7,3,0,72,2022,Round 23,2022-08-21,10734
Carlton,Adam Saad,9,8,17,81.0,1,0,0,2,2,0,2,3,267,4,7,0,82,2022,Round 23,2022-08-21,10734
Carlton,Lewis Young,10,11,14,70.0,1,0,0,8,0,0,0,1,231,3,15,0,100,2022,Round 23,2022-08-21,10734
Carlton,Lochie O Brien,2,17,13,68.4,0,0,0,2,0,0,0,4,469,2,3,0,83,2022,Round 23,2022-08-21,10734
Carlton,Charlie Curnow,11,6,8,47.1,5,0,5,4,0,0,1,8,492,5,0,0,96,2022,Round 23,2022-08-21,10734
Carlton,Zachary Williams,8,6,13,81.2,0,0,0,0,1,0,2,4,421,5,7,0,67,2022,Round 23,2022-08-21,10734
Carlton,Harry Mckay,7,10,9,56.2,3,0,4,3,0,0,0,7,227,3,0,1,93,2022,Round 23,2022-08-21,10734
Carlton,Marc Pittonet,9,6,9,60.0,0,0,0,4,0,1,4,5,241,4,0,0,69,2022,Round 23,2022-08-21,10734
Carlton,Matt Cottrell,4,11,10,66.7,0,1,0,0,0,0,0,5,297,1,4,2,83,2022,Round 23,2022-08-21,10734
Carlton,Mitch Mcgovern,5,4,11,84.6,1,0,0,2,0,0,0,3,319,2,6,1,80,2022,Round 23,2022-08-21,10734
Carlton,Zac Fisher,8,8,10,76.9,0,0,0,3,0,0,1,5,181,2,3,0,82,2022,Round 23,2022-08-21,10734
Carlton,Matt Owies,9,6,8,61.5,0,1,1,1,0,1,1,5,143,3,1,3,73,2022,Round 23,2022-08-21,10734
Carlton,Jack Martin,6,5,8,72.7,2,1,0,1,0,0,0,4,100,0,0,3,81,2022,Round 23,2022-08-21,10734
Carlton,Caleb Marchbank,4,6,8,80.0,0,0,0,5,0,0,0,1,236,4,6,0,97,2022,Round 23,2022-08-21,10734
Carlton,Jacob Weitering,4,6,7,70.0,1,0,0,8,0,0,0,2,247,3,6,0,100,2022,Round 23,2022-08-21,10734
Carlton,Jack Silvagni,8,3,7,77.8,0,0,0,2,0,0,2,4,-25,2,1,2,79,2022,Round 23,2022-08-21,10734
Carlton,Corey Durdin,5,2,4,66.7,0,0,0,1,1,0,1,1,103,2,2,2,72,2022,Round 23,2022-08-21,10734
Carlton,Jesse Motlop,8,1,4,66.7,0,0,0,3,0,0,2,3,93,3,0,1,71,2022,Round 23,2022-08-21,10734
Carlton,Liam Stocker,2,4,4,80.0,1,0,0,3,0,0,0,0,88,1,2,0,74,2022,Round 23,2022-08-21,10734
Collingwood,Josh Daicos,9,20,19,67.9,0,0,0,0,0,1,2,7,640,10,3,1,91,2022,Round 23,2022-08-21,10734
Collingwood,Scott Pendlebury,10,15,21,80.8,0,2,0,1,0,2,5,8,245,2,2,0,88,2022,Round 23,2022-08-21,10734
Collingwood,Nick Daicos,8,13,16,64.0,0,1,0,1,0,0,1,5,502,4,4,0,83,2022,Round 23,2022-08-21,10734
Collingwood,Darcy Moore,7,11,23,95.8,2,0,0,12,0,0,0,4,567,5,11,0,96,2022,Round 23,2022-08-21,10734
Collingwood,Jack Crisp,6,13,13,68.4,0,0,0,3,1,0,1,3,245,4,3,0,80,2022,Round 23,2022-08-21,10734
Collingwood,Patrick Lipinski,7,13,17,89.5,0,0,0,1,0,1,1,7,283,3,1,0,83,2022,Round 23,2022-08-21,10734
Collingwood,Brayden Maynard,8,8,12,66.7,3,0,0,8,0,0,3,6,546,5,7,1,84,2022,Round 23,2022-08-21,10734
Collingwood,Steele Sidebottom,6,9,14,82.4,0,0,0,2,0,0,1,3,102,1,5,0,89,2022,Round 23,2022-08-21,10734
Collingwood,Jeremy Howe,6,7,13,81.2,3,0,0,8,0,0,0,3,433,5,7,0,97,2022,Round 23,2022-08-21,10734
Collingwood,Jordan De Goey,8,10,11,68.8,1,0,1,5,0,3,1,6,253,2,0,0,89,2022,Round 23,2022-08-21,10734
Collingwood,John Noble,3,14,15,93.8,0,2,0,2,0,0,1,5,391,4,6,0,81,2022,Round 23,2022-08-21,10734
Collingwood,Beau Mccreery,7,7,9,64.3,0,0,0,1,3,0,0,3,336,2,1,1,70,2022,Round 23,2022-08-21,10734
Collingwood,Darcy Cameron,8,4,7,53.8,1,0,1,3,0,0,3,4,148,4,3,0,68,2022,Round 23,2022-08-21,10734
Collingwood,Jamie Elliott 1,4,9,6,50.0,1,0,1,1,0,0,0,5,324,4,1,0,87,2022,Round 23,2022-08-21,10734
Collingwood,Isaac Quaynor,4,8,10,90.9,1,1,0,3,0,0,0,4,88,0,5,0,82,2022,Round 23,2022-08-21,10734
Collingwood,Finlay Macrae,4,8,6,54.5,0,0,0,2,0,0,0,2,85,3,1,0,65,2022,Round 23,2022-08-21,10734
Collingwood,Will Hoskin Elliott,3,7,7,70.0,0,2,0,2,0,0,0,3,216,3,0,0,83,2022,Round 23,2022-08-21,10734
Collingwood,Mason Cox,6,3,3,33.3,0,0,1,6,0,3,3,2,185,4,2,0,66,2022,Round 23,2022-08-21,10734
Collingwood,Jack Ginnivan,2,6,5,62.5,0,0,1,1,0,0,1,5,224,1,0,0,80,2022,Round 23,2022-08-21,10734
Collingwood,Nathan Murphy,5,2,5,71.4,2,0,0,2,0,0,0,0,100,1,5,0,79,2022,Round 23,2022-08-21,10734
Collingwood,Brody Mihocek,1,4,1,16.7,1,0,3,0,0,0,0,4,130,3,0,0,83,2022,Round 23,2022-08-21,10734
Collingwood,Ash Johnson,1,2,2,66.7,0,0,1,1,0,0,0,2,70,2,0,0,79,2022,Round 23,2022-08-21,10734
St Kilda,Daniel Hannebery,13,17,20,66.7,0,0,0,0,0,3,4,4,585,6,4,0,70,2022,Round 23,2022-08-21,10740
St Kilda,Sebastian Ross,14,18,17,58.6,0,0,0,3,0,5,2,3,257,10,1,0,86,2022,Round 23,2022-08-21,10740
St Kilda,Jack Steele,12,16,21,77.8,1,1,2,4,0,2,4,8,370,5,3,0,85,2022,Round 23,2022-08-21,10740
St Kilda,Jack Sinclair,13,8,18,66.7,0,2,0,2,3,1,0,8,499,6,10,0,87,2022,Round 23,2022-08-21,10740
St Kilda,Ben Long,11,15,26,96.3,5,0,0,1,0,0,0,5,346,1,13,0,84,2022,Round 23,2022-08-21,10740
St Kilda,Jarrod Lienert,4,14,16,80.0,0,0,0,7,0,0,1,0,456,6,5,0,71,2022,Round 23,2022-08-21,10740
St Kilda,Ben Paton,6,13,16,80.0,0,0,0,2,0,0,0,2,203,5,7,0,77,2022,Round 23,2022-08-21,10740
St Kilda,Nasiah Wanganeen Milera,5,13,11,57.9,0,1,0,0,1,0,1,6,360,6,5,0,82,2022,Round 23,2022-08-21,10740
St Kilda,Bradley Hill,2,17,13,72.2,0,0,0,4,0,0,0,3,302,2,1,1,82,2022,Round 23,2022-08-21,10740
St Kilda,Mitchito Owens,9,9,10,55.6,0,0,0,1,0,2,1,4,131,3,3,0,87,2022,Round 23,2022-08-21,10740
St Kilda,Tim Membrey,2,12,9,64.3,1,0,2,2,0,0,0,5,241,2,0,0,92,2022,Round 23,2022-08-21,10740
St Kilda,Zak Jones,2,13,10,71.4,0,0,0,1,0,0,0,2,185,2,2,0,76,2022,Round 23,2022-08-21,10740
St Kilda,Josh Battle,3,10,8,61.5,0,0,0,1,0,0,0,2,214,5,5,0,49,2022,Round 23,2022-08-21,10740
St Kilda,Jack Higgins,6,9,6,46.2,0,0,2,2,0,0,0,4,224,3,0,0,73,2022,Round 23,2022-08-21,10740
St Kilda,Callum Wilkie,3,10,13,100.0,0,0,0,7,0,0,0,2,149,2,4,0,100,2022,Round 23,2022-08-21,10740
St Kilda,Tom Campbell,10,2,9,75.0,3,0,0,5,0,1,4,3,190,3,4,2,84,2022,Round 23,2022-08-21,10740
St Kilda,Dougal Howard,2,10,7,58.3,0,0,0,5,0,0,0,0,144,3,3,0,100,2022,Round 23,2022-08-21,10740
St Kilda,Max King 1,5,7,11,91.7,1,0,3,1,0,0,0,9,291,2,0,0,94,2022,Round 23,2022-08-21,10740
St Kilda,Daniel Butler,7,3,5,45.5,0,0,0,1,0,0,0,3,176,5,4,4,76,2022,Round 23,2022-08-21,10740
St Kilda,Marcus Windhager,3,9,6,54.5,0,0,1,1,0,1,0,3,124,2,0,0,90,2022,Round 23,2022-08-21,10740
St Kilda,Rowan Marshall,6,3,5,62.5,0,0,0,1,0,1,0,2,64,1,3,0,84,2022,Round 23,2022-08-21,10740
St Kilda,Dean Kent,0,4,4,100.0,0,2,0,1,0,0,0,2,87,0,0,1,38,2022,Round 23,2022-08-21,10740
St Kilda,Hunter Clark,1,3,3,75.0,0,0,0,0,0,0,2,1,139,1,0,0,34,2022,Round 23,2022-08-21,10740
Sydney,Jake Lloyd,3,16,21,87.5,0,1,0,3,0,0,1,6,336,3,3,0,89,2022,Round 23,2022-08-21,10740
Sydney,James Rowbottom,15,9,16,66.7,0,0,0,2,0,2,5,6,408,5,4,0,79,2022,Round 23,2022-08-21,10740
Sydney,Isaac Heeney,15,10,16,69.6,2,0,1,0,0,1,1,9,393,6,6,1,86,2022,Round 23,2022-08-21,10740
Sydney,Oliver Florent,10,13,13,61.9,0,0,1,3,0,0,2,3,414,5,9,0,86,2022,Round 23,2022-08-21,10740
Sydney,Luke Parker,11,9,16,80.0,0,0,1,1,0,2,5,2,293,2,3,0,82,2022,Round 23,2022-08-21,10740
Sydney,Chad Warner,11,8,11,55.0,0,0,0,1,1,0,2,5,401,2,6,1,89,2022,Round 23,2022-08-21,10740
Sydney,Errol Gulden,5,14,13,65.0,0,0,1,0,0,0,1,5,362,7,5,1,77,2022,Round 23,2022-08-21,10740
Sydney,Callum Mills,8,11,15,83.3,1,1,0,1,0,0,1,4,261,0,5,1,82,2022,Round 23,2022-08-21,10740
Sydney,Robbie Fox,3,15,12,70.6,0,0,0,0,0,0,0,2,250,4,5,0,88,2022,Round 23,2022-08-21,10740
Sydney,Nick Blakey,4,9,14,82.4,0,1,0,3,1,0,0,2,404,4,5,0,74,2022,Round 23,2022-08-21,10740
Sydney,Dylan Stephens,6,14,11,64.7,0,1,0,0,0,0,1,2,393,6,4,1,77,2022,Round 23,2022-08-21,10740
Sydney,Justin Mcinerney,3,13,14,87.5,1,0,0,2,0,0,0,4,361,5,4,0,72,2022,Round 23,2022-08-21,10740
Sydney,Will Hayward,4,11,13,86.7,1,1,1,1,0,0,0,9,313,3,2,0,89,2022,Round 23,2022-08-21,10740
Sydney,Dane Rampe,3,10,12,92.3,0,1,0,5,0,0,0,2,219,1,2,0,98,2022,Round 23,2022-08-21,10740
Sydney,Sam Reid 1,10,2,8,66.7,3,0,0,2,0,0,2,5,106,3,4,0,79,2022,Round 23,2022-08-21,10740
Sydney,Lance Franklin,7,5,5,45.5,2,1,1,1,1,0,0,5,337,7,1,0,93,2022,Round 23,2022-08-21,10740
Sydney,Logan Mcdonald,4,8,8,72.7,0,1,1,1,0,0,1,5,94,3,1,0,68,2022,Round 23,2022-08-21,10740
Sydney,Tom Hickey,9,3,8,80.0,1,1,0,5,0,1,1,4,133,2,4,1,72,2022,Round 23,2022-08-21,10740
Sydney,Ryan Clarke,4,7,7,70.0,0,1,0,3,0,0,1,3,94,1,0,1,86,2022,Round 23,2022-08-21,10740
Sydney,Sam Wicks,8,2,6,60.0,0,0,1,0,0,0,0,2,80,2,2,1,39,2022,Round 23,2022-08-21,10740
Sydney,Paddy Mccartin,6,2,5,62.5,0,0,0,7,0,0,1,0,99,2,5,0,69,2022,Round 23,2022-08-21,10740
Sydney,Tom Papley,3,5,5,62.5,0,0,1,0,0,0,0,1,166,2,1,0,31,2022,Round 23,2022-08-21,10740
Sydney,Tom Mccartin,1,1,1,50.0,0,0,0,7,0,0,0,0,41,1,1,0,95,2022,Round 23,2022-08-21,10740
Brisbane Lions,Lachie Neale,21,19,28,71.8,0,1,0,2,0,7,8,9,455,5,3,0,95,2022,Elimination Final,2022-09-01,10742
Brisbane Lions,Hugh Mccluggage,11,15,19,73.1,0,1,1,0,0,1,4,6,480,6,5,1,89,2022,Elimination Final,2022-09-01,10742
Brisbane Lions,Zac Bailey,11,9,15,62.5,0,2,1,1,0,0,2,8,438,4,4,2,86,2022,Elimination Final,2022-09-01,10742
Brisbane Lions,Daniel Mcstay,6,16,17,73.9,0,0,1,6,0,0,4,9,306,3,1,0,89,2022,Elimination Final,2022-09-01,10742
Brisbane Lions,Dayne Zorko,6,14,14,66.7,0,1,0,1,0,1,3,5,413,4,1,1,79,2022,Elimination Final,2022-09-01,10742
Brisbane Lions,Daniel Rich,4,7,12,70.6,0,1,0,1,0,0,1,5,519,5,5,0,83,2022,Elimination Final,2022-09-01,10742
Brisbane Lions,Keidean Coleman,6,11,11,68.8,0,0,0,2,0,0,1,1,441,5,5,0,74,2022,Elimination Final,2022-09-01,10742
Brisbane Lions,Joe Daniher,5,6,8,57.1,0,0,0,1,0,1,0,3,250,5,1,0,96,2022,Elimination Final,2022-09-01,10742
Brisbane Lions,Rhys Mathieson,9,6,10,71.4,0,0,0,1,0,0,0,5,158,2,5,0,68,2022,Elimination Final,2022-09-01,10742
Brisbane Lions,Jarrod Berry,6,7,11,78.6,0,1,0,3,0,0,1,2,337,1,2,0,76,2022,Elimination Final,2022-09-01,10742
Brisbane Lions,Brandon Starcevich,5,12,8,61.5,0,0,0,1,0,0,1,1,204,3,5,0,90,2022,Elimination Final,2022-09-01,10742
Brisbane Lions,Deven Robertson,9,3,8,66.7,0,1,0,0,0,1,0,2,4,2,3,0,73,2022,Elimination Final,2022-09-01,10742
Brisbane Lions,Jaxon Prior,3,9,8,66.7,0,0,0,1,0,0,3,0,339,6,2,0,70,2022,Elimination Final,2022-09-01,10742
Brisbane Lions,Charlie Cameron,7,4,6,54.5,1,1,1,2,0,0,1,6,189,2,1,2,85,2022,Elimination Final,2022-09-01,10742
Brisbane Lions,Harris Andrews,6,5,10,90.9,2,0,0,13,0,0,0,2,271,2,6,0,98,2022,Elimination Final,2022-09-01,10742
Brisbane Lions,Eric Hipwood,9,3,5,45.5,1,0,1,0,0,0,2,5,243,2,1,0,89,2022,Elimination Final,2022-09-01,10742
Brisbane Lions,Jack Payne,7,5,6,54.5,0,0,0,11,0,0,0,3,243,5,7,0,97,2022,Elimination Final,2022-09-01,10742
Brisbane Lions,Darcy Wilmot,3,7,8,72.7,0,0,0,2,0,0,2,2,243,1,4,0,69,2022,Elimination Final,2022-09-01,10742
Brisbane Lions,Mitch Robinson,6,6,6,60.0,0,0,0,2,0,0,1,3,168,2,2,0,61,2022,Elimination Final,2022-09-01,10742
Brisbane Lions,Lincoln Mccarthy,3,9,8,80.0,0,0,2,0,0,0,1,3,336,4,1,3,82,2022,Elimination Final,2022-09-01,10742
Brisbane Lions,Darcy Gardiner,4,3,5,62.5,1,0,0,2,0,1,0,2,85,3,4,0,90,2022,Elimination Final,2022-09-01,10742
Brisbane Lions,Callum Ah Chee,2,6,5,71.4,0,0,1,0,0,0,0,5,155,1,0,0,59,2022,Elimination Final,2022-09-01,10742
Brisbane Lions,Oscar Mcinerney,0,0,1,100.0,0,0,0,1,0,0,0,0,-8,0,0,0,3,2022,Elimination Final,2022-09-01,10742
Richmond,Toby Nankervis,18,7,10,38.5,1,0,0,5,0,5,4,5,355,4,1,0,81,2022,Elimination Final,2022-09-01,10742
Richmond,Marlion Pickett,9,15,14,60.9,0,1,0,3,0,0,3,5,447,6,6,0,88,2022,Elimination Final,2022-09-01,10742
Richmond,Jack Ross,9,14,21,91.3,0,3,1,0,0,1,1,8,296,1,4,0,78,2022,Elimination Final,2022-09-01,10742
Richmond,Nick Vlastuin,6,9,16,76.2,1,0,0,7,0,0,0,3,480,5,11,0,80,2022,Elimination Final,2022-09-01,10742
Richmond,Jayden Short,3,15,14,70.0,0,0,0,0,2,0,0,6,542,3,3,0,82,2022,Elimination Final,2022-09-01,10742
Richmond,Daniel Rioli,4,12,14,82.4,0,1,1,0,1,0,0,3,411,3,3,0,89,2022,Elimination Final,2022-09-01,10742
Richmond,Tyler Sonsie,7,8,8,47.1,0,0,0,1,0,1,3,5,348,2,2,0,73,2022,Elimination Final,2022-09-01,10742
Richmond,Liam Baker,5,10,10,62.5,1,0,1,4,0,0,0,2,292,4,5,0,81,2022,Elimination Final,2022-09-01,10742
Richmond,Dustin Martin,8,6,9,60.0,1,0,0,0,0,1,0,4,225,2,1,0,78,2022,Elimination Final,2022-09-01,10742
Richmond,Trent Cotchin,9,5,7,50.0,0,3,2,2,0,3,1,4,243,3,0,1,84,2022,Elimination Final,2022-09-01,10742
Richmond,Thomas Lynch,7,7,8,57.1,4,0,5,2,0,0,0,7,300,5,1,0,97,2022,Elimination Final,2022-09-01,10742
Richmond,Kamdyn Mcintosh,6,7,10,71.4,0,0,0,1,0,2,2,2,298,4,4,0,87,2022,Elimination Final,2022-09-01,10742
Richmond,Nathan Broad,2,8,8,61.5,0,0,0,5,1,0,1,3,330,3,5,0,94,2022,Elimination Final,2022-09-01,10742
Richmond,Dion Prestia,5,6,10,83.3,0,1,0,0,0,4,2,3,243,6,1,0,39,2022,Elimination Final,2022-09-01,10742
Richmond,Maurice Rioli 1,6,6,8,66.7,1,1,2,2,1,0,0,4,158,3,4,1,79,2022,Elimination Final,2022-09-01,10742
Richmond,Shai Bolton,7,6,6,60.0,0,0,0,1,1,0,2,3,179,3,1,0,84,2022,Elimination Final,2022-09-01,10742
Richmond,Noah Balta,7,4,10,100.0,2,1,0,3,0,0,1,5,162,1,6,0,71,2022,Elimination Final,2022-09-01,10742
Richmond,Jack Riewoldt,5,4,4,50.0,1,0,4,3,0,0,0,5,233,4,0,3,90,2022,Elimination Final,2022-09-01,10742
Richmond,Ben Miller,7,1,5,62.5,3,0,0,1,0,2,0,1,5,2,1,2,46,2022,Elimination Final,2022-09-01,10742
Richmond,Josh Gibcus,5,2,4,50.0,0,0,0,12,0,0,0,1,106,1,6,0,94,2022,Elimination Final,2022-09-01,10742
Richmond,Noah Cumberland,1,6,5,71.4,0,1,1,1,0,0,0,4,173,0,2,0,69,2022,Elimination Final,2022-09-01,10742
Richmond,Shane Edwards,5,0,5,83.3,0,1,0,0,0,0,2,2,45,1,3,0,44,2022,Elimination Final,2022-09-01,10742
Richmond,Robert Tarrant,3,4,6,100.0,0,0,0,5,0,0,0,1,207,2,3,0,91,2022,Elimination Final,2022-09-01,10742
Melbourne,Clayton Oliver,19,10,24,82.8,0,2,0,3,0,2,6,10,420,1,5,3,86,2022,Qualifying Final,2022-09-02,10743
Melbourne,Christian Petracca,14,10,11,45.8,0,0,0,1,0,1,3,5,473,5,3,0,89,2022,Qualifying Final,2022-09-02,10743
Melbourne,Steven May,12,6,18,78.3,5,0,0,8,1,0,0,1,583,5,16,0,96,2022,Qualifying Final,2022-09-02,10743
Melbourne,Jack Viney,15,10,13,56.5,0,0,0,1,0,2,5,3,233,9,2,2,76,2022,Qualifying Final,2022-09-02,10743
Melbourne,James Harmes,10,16,16,69.6,1,0,0,2,0,1,1,4,486,5,8,1,74,2022,Qualifying Final,2022-09-02,10743
Melbourne,Ed Langdon,8,14,10,47.6,0,1,0,1,0,0,1,2,400,5,6,0,100,2022,Qualifying Final,2022-09-02,10743
Melbourne,Angus Brayshaw,7,14,9,45.0,0,0,0,1,0,1,2,0,272,11,2,1,84,2022,Qualifying Final,2022-09-02,10743
Melbourne,Max Gawn,14,3,10,52.6,3,0,1,4,0,1,2,6,284,7,4,0,91,2022,Qualifying Final,2022-09-02,10743
Melbourne,Jayden Hunt,3,12,11,73.3,0,0,0,3,0,0,0,1,279,3,5,0,79,2022,Qualifying Final,2022-09-02,10743
Melbourne,Alex Neal Bullen,8,9,9,64.3,0,1,0,1,0,1,0,5,192,1,1,1,77,2022,Qualifying Final,2022-09-02,10743
Melbourne,Tom Sparrow,4,9,11,78.6,0,0,1,0,0,1,1,4,292,1,1,1,71,2022,Qualifying Final,2022-09-02,10743
Melbourne,Charlie Spargo,5,8,11,84.6,0,1,1,1,1,0,1,3,218,1,1,0,70,2022,Qualifying Final,2022-09-02,10743
Melbourne,Bayley Fritsch,5,8,10,76.9,1,0,3,0,0,0,0,5,274,2,0,1,86,2022,Qualifying Final,2022-09-02,10743
Melbourne,Harrison Petty,6,6,12,92.3,2,0,0,7,0,0,0,2,195,1,7,0,95,2022,Qualifying Final,2022-09-02,10743
Melbourne,Trent Rivers,4,10,8,61.5,0,0,0,3,0,0,0,2,163,2,4,1,69,2022,Qualifying Final,2022-09-02,10743
Melbourne,Christian Salem,5,7,10,83.3,0,0,0,4,0,0,0,0,207,4,3,0,84,2022,Qualifying Final,2022-09-02,10743
Melbourne,Michael Hibberd,6,4,7,63.6,0,0,0,4,0,0,0,0,117,2,6,0,87,2022,Qualifying Final,2022-09-02,10743
Melbourne,Jake Lever,4,5,7,87.5,1,0,0,6,0,0,0,1,150,3,6,0,90,2022,Qualifying Final,2022-09-02,10743
Melbourne,Ben Brown,5,3,6,85.7,2,0,1,0,0,0,0,2,88,2,0,0,73,2022,Qualifying Final,2022-09-02,10743
Melbourne,Luke Jackson,8,0,3,42.9,1,0,0,3,0,0,1,0,47,2,1,1,65,2022,Qualifying Final,2022-09-02,10743
Melbourne,Jake Melksham,3,3,1,20.0,0,1,2,1,0,0,0,4,88,2,0,1,85,2022,Qualifying Final,2022-09-02,10743
Melbourne,Kysaiah Pickett,2,1,2,50.0,1,0,2,1,0,0,1,2,81,1,0,0,74,2022,Qualifying Final,2022-09-02,10743
Sydney,Luke Parker,17,8,15,60.0,0,0,1,1,0,5,4,1,260,8,5,0,84,2022,Qualifying Final,2022-09-02,10743
Sydney,Jake Lloyd,3,18,18,72.0,0,0,0,2,0,0,0,3,492,3,3,0,81,2022,Qualifying Final,2022-09-02,10743
Sydney,James Rowbottom,15,9,15,62.5,0,1,0,1,0,1,5,3,642,10,7,3,76,2022,Qualifying Final,2022-09-02,10743
Sydney,Callum Mills,10,14,15,65.2,0,1,0,3,0,1,3,3,606,6,5,2,85,2022,Qualifying Final,2022-09-02,10743
Sydney,Oliver Florent,8,12,14,70.0,1,2,0,3,0,0,3,2,490,4,6,0,77,2022,Qualifying Final,2022-09-02,10743
Sydney,Robbie Fox,5,12,15,83.3,0,0,0,6,0,0,0,0,266,1,6,0,95,2022,Qualifying Final,2022-09-02,10743
Sydney,Dylan Stephens,4,15,13,72.2,0,1,0,0,0,0,0,4,351,6,2,0,76,2022,Qualifying Final,2022-09-02,10743
Sydney,Tom Hickey,14,5,14,82.4,1,0,1,4,0,2,3,3,187,6,7,1,81,2022,Qualifying Final,2022-09-02,10743
Sydney,Errol Gulden,6,10,13,81.2,0,0,0,1,0,0,2,3,363,2,2,2,80,2022,Qualifying Final,2022-09-02,10743
Sydney,Dane Rampe,4,11,11,73.3,0,0,0,11,2,0,0,2,180,1,4,0,94,2022,Qualifying Final,2022-09-02,10743
Sydney,Tom Papley,8,8,9,60.0,0,0,1,3,0,2,1,5,246,7,1,1,82,2022,Qualifying Final,2022-09-02,10743
Sydney,Chad Warner,7,6,6,46.2,0,1,0,1,1,0,0,5,236,5,5,1,82,2022,Qualifying Final,2022-09-02,10743
Sydney,Paddy Mccartin,6,5,8,66.7,0,0,0,6,0,0,0,0,227,4,6,0,84,2022,Qualifying Final,2022-09-02,10743
Sydney,Sam Reid 1,6,6,9,81.8,2,0,2,0,0,0,2,4,208,1,1,1,78,2022,Qualifying Final,2022-09-02,10743
Sydney,Justin Mcinerney,3,7,6,54.5,0,0,0,0,0,0,1,0,210,5,4,2,78,2022,Qualifying Final,2022-09-02,10743
Sydney,Ryan Clarke,7,2,8,80.0,1,0,0,2,1,0,2,2,107,1,2,3,85,2022,Qualifying Final,2022-09-02,10743
Sydney,Nick Blakey,4,4,9,90.0,0,0,0,1,0,0,1,0,175,1,4,0,73,2022,Qualifying Final,2022-09-02,10743
Sydney,Tom Mccartin,2,8,8,80.0,0,0,0,17,0,0,0,0,168,2,3,0,96,2022,Qualifying Final,2022-09-02,10743
Sydney,Will Hayward,5,5,7,77.8,0,0,0,2,0,0,0,3,160,1,1,2,82,2022,Qualifying Final,2022-09-02,10743
Sydney,Isaac Heeney,3,5,5,62.5,0,0,2,0,0,0,1,4,123,1,1,4,81,2022,Qualifying Final,2022-09-02,10743
Sydney,Lance Franklin,4,4,6,85.7,0,0,0,2,0,0,0,3,102,5,1,1,90,2022,Qualifying Final,2022-09-02,10743
Sydney,Logan Mcdonald,1,3,3,75.0,1,0,0,2,0,0,0,1,88,1,0,2,59,2022,Qualifying Final,2022-09-02,10743
Geelong,Joel Selwood,12,15,14,56.0,0,1,0,1,0,2,3,7,424,6,3,1,66,2022,Qualifying Final,2022-09-03,10744
Geelong,Mitchell Duncan,6,14,17,73.9,0,0,1,2,0,2,1,5,365,3,5,1,89,2022,Qualifying Final,2022-09-03,10744
Geelong,Cameron Guthrie,11,11,15,65.2,0,0,0,0,0,0,2,4,248,4,5,0,68,2022,Qualifying Final,2022-09-03,10744
Geelong,Tom Atkins,16,4,14,60.9,0,0,0,1,0,3,5,5,260,3,5,0,69,2022,Qualifying Final,2022-09-03,10744
Geelong,Patrick Dangerfield,12,9,12,54.5,1,0,0,4,0,2,6,3,318,9,1,0,74,2022,Qualifying Final,2022-09-03,10744
Geelong,Thomas Stewart,7,11,18,81.8,2,0,0,4,0,0,0,2,611,4,10,0,90,2022,Qualifying Final,2022-09-03,10744
Geelong,Isaac Smith,4,15,14,70.0,0,0,0,0,2,0,0,5,509,5,5,1,88,2022,Qualifying Final,2022-09-03,10744
Geelong,Max Holmes,7,11,12,66.7,0,1,0,2,2,0,1,5,423,5,4,1,69,2022,Qualifying Final,2022-09-03,10744
Geelong,Jeremy Cameron,5,11,13,76.5,2,2,2,1,0,0,1,12,414,1,2,0,97,2022,Qualifying Final,2022-09-03,10744
Geelong,Zach Guthrie,5,11,13,76.5,2,1,0,4,1,0,0,2,586,9,8,1,77,2022,Qualifying Final,2022-09-03,10744
Geelong,Zach Tuohy,6,6,13,86.7,1,1,0,0,1,0,0,3,378,3,3,0,91,2022,Qualifying Final,2022-09-03,10744
Geelong,Gary Rohan,7,6,10,71.4,2,1,4,1,0,0,3,7,200,3,0,0,80,2022,Qualifying Final,2022-09-03,10744
Geelong,Jed Bews,8,7,10,71.4,0,1,0,1,0,0,0,2,199,3,6,0,85,2022,Qualifying Final,2022-09-03,10744
Geelong,Tyson Stengle,7,8,7,50.0,0,1,1,1,1,0,3,3,211,6,2,3,83,2022,Qualifying Final,2022-09-03,10744
Geelong,Rhys Stanley,9,3,7,58.3,0,0,0,5,0,1,1,1,45,1,3,0,73,2022,Qualifying Final,2022-09-03,10744
Geelong,Sam De Koning,4,7,9,75.0,1,0,0,2,0,0,0,0,116,2,7,0,90,2022,Qualifying Final,2022-09-03,10744
Geelong,Mark Blicavs,7,4,10,90.9,0,0,0,6,0,0,3,1,197,5,6,0,85,2022,Qualifying Final,2022-09-03,10744
Geelong,Bradley Close,3,9,7,63.6,1,0,0,1,0,0,0,4,139,2,1,1,82,2022,Qualifying Final,2022-09-03,10744
Geelong,Tom Hawkins,8,3,7,70.0,1,0,1,2,0,0,2,7,63,1,0,3,98,2022,Qualifying Final,2022-09-03,10744
Geelong,Mark O Connor,6,3,6,66.7,0,0,0,2,0,0,0,1,200,3,6,0,52,2022,Qualifying Final,2022-09-03,10744
Geelong,Gryan Miers,2,7,5,55.6,0,1,0,1,0,0,0,6,116,1,1,0,69,2022,Qualifying Final,2022-09-03,10744
Geelong,Jack Henry,2,6,6,75.0,0,0,0,5,0,0,0,2,68,2,2,0,100,2022,Qualifying Final,2022-09-03,10744
Geelong,Jake Kolodjashnij,1,1,1,50.0,0,0,0,1,0,0,0,0,-2,0,1,0,26,2022,Qualifying Final,2022-09-03,10744
Collingwood,Scott Pendlebury,15,16,22,64.7,0,1,0,4,1,2,3,6,318,8,7,0,81,2022,Qualifying Final,2022-09-03,10744
Collingwood,Josh Daicos,5,24,24,82.8,0,0,1,0,1,0,2,3,519,7,3,0,86,2022,Qualifying Final,2022-09-03,10744
Collingwood,John Noble,5,20,20,74.1,0,0,0,0,0,0,0,2,485,7,6,0,78,2022,Qualifying Final,2022-09-03,10744
Collingwood,Jordan De Goey,12,15,19,73.1,0,1,0,3,0,4,4,7,465,3,0,0,85,2022,Qualifying Final,2022-09-03,10744
Collingwood,Nick Daicos,7,17,20,80.0,0,0,0,2,0,1,1,2,411,7,7,0,81,2022,Qualifying Final,2022-09-03,10744
Collingwood,Steele Sidebottom,13,11,13,56.5,1,0,0,2,0,0,3,5,474,5,10,0,87,2022,Qualifying Final,2022-09-03,10744
Collingwood,Jack Crisp,10,14,13,56.5,0,0,0,2,0,0,4,5,485,6,2,0,76,2022,Qualifying Final,2022-09-03,10744
Collingwood,Darcy Moore,3,12,18,85.7,1,0,0,9,0,0,0,1,366,1,10,0,100,2022,Qualifying Final,2022-09-03,10744
Collingwood,Brayden Maynard,6,12,13,68.4,1,0,0,3,0,0,0,3,346,5,7,0,83,2022,Qualifying Final,2022-09-03,10744
Collingwood,Patrick Lipinski,8,10,15,83.3,0,3,1,1,0,0,3,6,256,2,4,2,93,2022,Qualifying Final,2022-09-03,10744
Collingwood,Jeremy Howe,5,9,14,87.5,1,0,0,3,0,0,1,0,253,3,5,0,96,2022,Qualifying Final,2022-09-03,10744
Collingwood,Taylor Adams,5,9,12,75.0,0,0,0,2,0,1,5,2,92,3,1,2,61,2022,Qualifying Final,2022-09-03,10744
Collingwood,Will Hoskin Elliott,3,10,8,57.1,0,1,2,1,0,0,1,5,313,3,1,1,73,2022,Qualifying Final,2022-09-03,10744
Collingwood,Darcy Cameron,8,6,6,42.9,1,0,0,5,0,2,2,2,159,3,4,1,83,2022,Qualifying Final,2022-09-03,10744
Collingwood,Beau Mccreery,6,8,11,78.6,0,1,0,1,2,0,2,3,316,5,2,0,77,2022,Qualifying Final,2022-09-03,10744
Collingwood,Isaac Quaynor,4,8,8,72.7,1,1,0,4,0,0,1,2,133,4,3,0,81,2022,Qualifying Final,2022-09-03,10744
Collingwood,Jack Ginnivan,3,4,4,44.4,0,0,1,2,0,0,0,3,152,2,0,0,83,2022,Qualifying Final,2022-09-03,10744
Collingwood,Ash Johnson,3,7,7,77.8,1,0,3,0,0,0,0,4,219,4,1,2,74,2022,Qualifying Final,2022-09-03,10744
Collingwood,Jamie Elliott 1,1,8,3,37.5,0,0,4,3,0,0,0,7,209,1,0,1,91,2022,Qualifying Final,2022-09-03,10744
Collingwood,Mason Cox,5,0,4,66.7,2,0,0,2,0,0,0,2,22,0,2,0,46,2022,Qualifying Final,2022-09-03,10744
Collingwood,Brody Mihocek,3,3,3,50.0,0,0,1,2,0,0,0,2,124,3,2,1,93,2022,Qualifying Final,2022-09-03,10744
Collingwood,Nathan Murphy,4,2,2,50.0,0,0,0,4,0,0,0,0,91,3,4,0,81,2022,Qualifying Final,2022-09-03,10744
Collingwood,Nathan Kreuger,0,1,1,100.0,0,0,0,0,0,0,0,0,42,0,0,0,9,2022,Qualifying Final,2022-09-03,10744
Fremantle,Caleb Serong,16,17,23,69.7,0,0,0,1,0,4,6,5,333,5,2,0,72,2022,Elimination Final,2022-09-03,10745
Fremantle,Andrew Brayshaw,6,26,22,68.8,0,1,1,2,0,0,0,2,478,6,4,1,77,2022,Elimination Final,2022-09-03,10745
Fremantle,Luke Ryan,7,18,27,87.1,2,0,0,1,0,0,1,1,680,8,9,0,88,2022,Elimination Final,2022-09-03,10745
Fremantle,Hayden Young,7,22,25,89.3,2,1,0,3,0,0,2,5,361,2,7,0,83,2022,Elimination Final,2022-09-03,10745
Fremantle,Heath Chapman,6,20,26,96.3,0,0,0,4,1,0,1,2,190,1,6,0,91,2022,Elimination Final,2022-09-03,10745
Fremantle,Brennan Cox,9,11,24,92.3,4,0,0,3,0,0,0,4,507,5,7,0,94,2022,Elimination Final,2022-09-03,10745
Fremantle,Blake Acres,6,17,17,70.8,0,0,0,2,0,0,0,3,544,7,5,0,82,2022,Elimination Final,2022-09-03,10745
Fremantle,David Mundy,8,12,15,75.0,0,0,0,0,0,3,3,1,338,4,0,0,65,2022,Elimination Final,2022-09-03,10745
Fremantle,Will Brodie,8,10,10,52.6,0,0,1,0,0,3,2,3,270,5,4,1,64,2022,Elimination Final,2022-09-03,10745
Fremantle,Michael Walters,7,10,12,66.7,0,0,2,1,0,0,0,7,214,1,4,3,91,2022,Elimination Final,2022-09-03,10745
Fremantle,Jordan Clark,8,10,15,88.2,1,0,0,5,0,0,0,2,118,1,7,0,80,2022,Elimination Final,2022-09-03,10745
Fremantle,James Aish,7,9,9,56.2,0,0,1,0,0,2,2,2,206,4,4,1,76,2022,Elimination Final,2022-09-03,10745
Fremantle,Sean Darcy,7,8,7,46.7,0,0,0,1,0,1,3,2,264,8,0,2,82,2022,Elimination Final,2022-09-03,10745
Fremantle,Sam Switkowski,8,6,12,85.7,0,2,0,2,1,0,0,2,224,1,3,2,82,2022,Elimination Final,2022-09-03,10745
Fremantle,Lachlan Schultz,5,9,11,78.6,0,0,0,0,0,0,0,2,359,7,2,0,86,2022,Elimination Final,2022-09-03,10745
Fremantle,Minairo Frederick,3,10,8,61.5,0,2,0,1,3,0,1,3,277,0,0,2,78,2022,Elimination Final,2022-09-03,10745
Fremantle,Rory Lobb,5,6,9,81.8,2,1,3,5,0,0,0,7,197,2,0,1,100,2022,Elimination Final,2022-09-03,10745
Fremantle,Nathan O Driscoll,4,6,8,72.7,0,0,0,1,0,0,2,3,168,1,4,1,69,2022,Elimination Final,2022-09-03,10745
Fremantle,Brandon Walker,4,5,5,55.6,0,0,0,3,0,0,1,0,107,5,3,0,76,2022,Elimination Final,2022-09-03,10745
Fremantle,Griffin Logue,5,4,6,75.0,0,0,0,3,0,0,0,2,91,1,2,0,92,2022,Elimination Final,2022-09-03,10745
Fremantle,Jye Amiss,3,5,3,42.9,3,0,4,0,0,0,0,3,141,2,0,0,84,2022,Elimination Final,2022-09-03,10745
Fremantle,Alex Pearce,3,3,4,66.7,1,0,0,3,0,0,0,1,100,1,3,0,88,2022,Elimination Final,2022-09-03,10745
Western Bulldogs,Jackson Macrae,13,23,24,70.6,0,0,0,2,0,0,5,9,577,6,6,0,81,2022,Elimination Final,2022-09-03,10745
Western Bulldogs,Marcus Bontempelli,12,18,25,83.3,0,0,2,5,0,2,1,7,635,6,6,0,80,2022,Elimination Final,2022-09-03,10745
Western Bulldogs,Caleb Daniel,5,22,23,79.3,0,0,0,2,2,0,2,6,456,2,7,0,88,2022,Elimination Final,2022-09-03,10745
Western Bulldogs,Adam Treloar,9,16,18,69.2,0,1,0,0,1,0,3,2,409,8,2,0,83,2022,Elimination Final,2022-09-03,10745
Western Bulldogs,Lachlan Hunter,10,15,18,72.0,0,1,0,4,0,0,1,4,450,5,8,1,84,2022,Elimination Final,2022-09-03,10745
Western Bulldogs,Josh Dunkley,15,7,13,56.5,0,0,1,0,0,5,2,5,299,2,4,4,78,2022,Elimination Final,2022-09-03,10745
Western Bulldogs,Toby Mclean,11,11,13,61.9,1,0,0,1,0,0,4,5,300,4,2,5,79,2022,Elimination Final,2022-09-03,10745
Western Bulldogs,Bailey Smith,6,16,16,76.2,0,1,0,0,0,1,2,2,616,5,1,1,81,2022,Elimination Final,2022-09-03,10745
Western Bulldogs,Alex Keath,5,14,13,76.5,0,0,0,4,0,0,0,0,230,7,9,0,86,2022,Elimination Final,2022-09-03,10745
Western Bulldogs,Bailey Dale,6,9,14,93.3,1,0,0,3,0,0,1,2,196,2,6,0,81,2022,Elimination Final,2022-09-03,10745
Western Bulldogs,Timothy English,6,9,10,66.7,0,1,0,5,1,0,2,3,193,2,2,0,84,2022,Elimination Final,2022-09-03,10745
Western Bulldogs,Roarke Smith,10,6,9,69.2,2,0,1,2,0,0,2,4,169,4,2,0,75,2022,Elimination Final,2022-09-03,10745
Western Bulldogs,Bailey Williams,5,8,10,76.9,0,0,0,1,0,0,1,2,291,4,6,0,83,2022,Elimination Final,2022-09-03,10745
Western Bulldogs,Ed Richards,5,9,8,61.5,0,0,0,3,2,0,0,2,208,3,3,0,91,2022,Elimination Final,2022-09-03,10745
Western Bulldogs,Ryan Gardner,5,7,10,83.3,1,0,0,18,0,0,0,1,208,1,6,0,100,2022,Elimination Final,2022-09-03,10745
Western Bulldogs,Aaron Naughton,6,5,8,72.7,1,0,1,0,0,0,1,4,241,3,1,2,84,2022,Elimination Final,2022-09-03,10745
Western Bulldogs,Laitham Vandermeer,4,6,6,54.5,0,1,0,1,0,0,1,3,22,3,1,0,79,2022,Elimination Final,2022-09-03,10745
Western Bulldogs,Zaine Cordy,5,5,8,80.0,1,0,0,4,0,0,0,1,161,3,3,2,80,2022,Elimination Final,2022-09-03,10745
Western Bulldogs,Jason Johannisen,5,4,6,75.0,1,0,1,3,0,0,1,4,78,0,2,0,72,2022,Elimination Final,2022-09-03,10745
Western Bulldogs,Cody Weightman,4,4,4,50.0,1,1,1,2,0,0,0,4,95,2,0,0,79,2022,Elimination Final,2022-09-03,10745
Western Bulldogs,Sam Darcy,4,4,5,62.5,1,0,2,0,0,0,0,5,90,2,0,1,70,2022,Elimination Final,2022-09-03,10745
Western Bulldogs,Jamarra Ugle Hagan,4,3,6,85.7,2,0,0,1,0,0,0,1,122,1,1,0,78,2022,Elimination Final,2022-09-03,10745
Western Bulldogs,Robbie Mccomb,0,0,0,0.0,0,0,0,0,0,0,0,0,0,1,0,0,4,2022,Elimination Final,2022-09-03,10745
Melbourne,Christian Petracca,12,14,14,51.9,0,0,0,0,0,0,5,7,273,6,2,0,82,2022,Semi Final,2022-09-09,10746
Melbourne,Ed Langdon,10,13,15,62.5,0,0,1,0,0,0,6,5,467,4,1,0,100,2022,Semi Final,2022-09-09,10746
Melbourne,Clayton Oliver,18,3,11,52.4,0,0,0,3,0,4,5,2,321,3,3,2,84,2022,Semi Final,2022-09-09,10746
Melbourne,Jack Viney,14,5,9,45.0,0,0,0,4,0,3,4,4,397,7,4,2,84,2022,Semi Final,2022-09-09,10746
Melbourne,James Harmes,9,10,13,65.0,0,0,0,4,0,1,4,8,325,1,3,0,87,2022,Semi Final,2022-09-09,10746
Melbourne,Angus Brayshaw,9,8,12,66.7,0,0,0,1,1,1,5,4,463,5,1,0,79,2022,Semi Final,2022-09-09,10746
Melbourne,Harrison Petty,12,6,15,83.3,3,1,1,7,0,0,0,3,373,4,11,0,97,2022,Semi Final,2022-09-09,10746
Melbourne,Steven May,8,6,14,82.4,2,0,0,4,0,0,0,4,524,1,9,0,93,2022,Semi Final,2022-09-09,10746
Melbourne,Tom Sparrow,7,12,11,64.7,0,0,1,2,0,1,2,6,339,5,1,0,69,2022,Semi Final,2022-09-09,10746
Melbourne,Max Gawn,10,5,7,46.7,2,0,0,1,0,2,3,6,228,4,4,0,82,2022,Semi Final,2022-09-09,10746
Melbourne,Michael Hibberd,4,9,11,78.6,0,0,0,2,0,0,0,1,199,0,8,0,82,2022,Semi Final,2022-09-09,10746
Melbourne,Alex Neal Bullen,3,11,9,69.2,0,1,2,0,0,0,0,8,330,3,0,1,74,2022,Semi Final,2022-09-09,10746
Melbourne,Christian Salem,2,6,7,63.6,0,0,0,0,0,0,0,1,261,4,2,0,85,2022,Semi Final,2022-09-09,10746
Melbourne,Jake Melksham,4,7,8,80.0,2,1,2,0,0,0,0,2,136,3,0,0,69,2022,Semi Final,2022-09-09,10746
Melbourne,Ben Brown,6,5,10,100.0,1,1,0,0,0,0,0,4,156,2,0,2,78,2022,Semi Final,2022-09-09,10746
Melbourne,Charlie Spargo,5,6,8,80.0,0,0,1,2,1,0,1,1,122,3,1,1,63,2022,Semi Final,2022-09-09,10746
Melbourne,Kysaiah Pickett,5,5,5,50.0,0,0,0,0,1,0,0,4,129,3,1,3,78,2022,Semi Final,2022-09-09,10746
Melbourne,Jayden Hunt,1,8,5,55.6,0,0,0,2,0,0,0,1,229,2,3,0,79,2022,Semi Final,2022-09-09,10746
Melbourne,Jake Lever,5,5,8,88.9,2,0,0,6,0,0,0,1,153,3,8,0,98,2022,Semi Final,2022-09-09,10746
Melbourne,Luke Jackson,6,2,7,77.8,0,1,0,1,0,2,2,4,144,0,1,1,77,2022,Semi Final,2022-09-09,10746
Melbourne,Bayley Fritsch,3,5,4,57.1,1,0,2,2,0,0,0,3,170,2,2,0,83,2022,Semi Final,2022-09-09,10746
Melbourne,Trent Rivers,3,6,5,71.4,0,0,0,3,0,0,0,3,100,2,1,0,76,2022,Semi Final,2022-09-09,10746
Brisbane Lions,Daniel Rich,9,15,20,66.7,0,0,0,3,0,0,5,6,721,8,5,0,86,2022,Semi Final,2022-09-09,10746
Brisbane Lions,Lachie Neale,18,11,17,63.0,0,0,0,3,1,3,7,4,226,3,4,0,89,2022,Semi Final,2022-09-09,10746
Brisbane Lions,Jarrod Berry,9,16,20,76.9,1,0,0,2,0,2,2,6,339,4,3,0,84,2022,Semi Final,2022-09-09,10746
Brisbane Lions,Hugh Mccluggage,8,17,17,68.0,0,1,0,2,1,0,1,8,361,2,1,0,77,2022,Semi Final,2022-09-09,10746
Brisbane Lions,Dayne Zorko,7,16,16,72.7,0,1,0,3,0,3,1,3,461,8,3,0,79,2022,Semi Final,2022-09-09,10746
Brisbane Lions,Keidean Coleman,6,11,15,78.9,1,0,0,1,0,0,0,5,327,5,10,0,77,2022,Semi Final,2022-09-09,10746
Brisbane Lions,Eric Hipwood,6,8,13,76.5,2,2,4,3,2,0,0,10,444,7,1,0,87,2022,Semi Final,2022-09-09,10746
Brisbane Lions,Zac Bailey,9,6,11,68.8,1,0,1,2,0,0,1,3,229,3,0,0,82,2022,Semi Final,2022-09-09,10746
Brisbane Lions,Darcy Wilmot,8,7,6,40.0,0,0,0,2,0,0,1,1,254,3,7,0,75,2022,Semi Final,2022-09-09,10746
Brisbane Lions,Deven Robertson,4,11,11,78.6,0,1,0,1,0,0,2,3,183,1,3,0,82,2022,Semi Final,2022-09-09,10746
Brisbane Lions,Jack Payne,1,11,9,69.2,0,0,0,9,0,0,0,3,321,3,3,0,90,2022,Semi Final,2022-09-09,10746
Brisbane Lions,Daniel Mcstay,8,6,7,58.3,1,2,0,4,0,0,0,8,246,3,3,2,96,2022,Semi Final,2022-09-09,10746
Brisbane Lions,Harris Andrews,0,8,12,100.0,0,0,0,18,0,0,0,4,207,0,4,0,98,2022,Semi Final,2022-09-09,10746
Brisbane Lions,Cameron Rayner,6,5,7,58.3,0,0,0,1,0,0,1,4,92,0,2,0,75,2022,Semi Final,2022-09-09,10746
Brisbane Lions,Brandon Starcevich,4,7,5,41.7,0,0,0,2,0,0,0,3,265,2,5,0,83,2022,Semi Final,2022-09-09,10746
Brisbane Lions,Darcy Fort,7,4,5,41.7,0,0,0,4,0,3,1,2,180,4,1,1,85,2022,Semi Final,2022-09-09,10746
Brisbane Lions,Lincoln Mccarthy,6,7,8,72.7,0,0,0,2,0,0,0,4,155,2,1,0,79,2022,Semi Final,2022-09-09,10746
Brisbane Lions,Darcy Gardiner,4,8,10,90.9,1,0,0,3,0,0,0,3,108,2,5,0,91,2022,Semi Final,2022-09-09,10746
Brisbane Lions,Callum Ah Chee,4,6,6,60.0,0,0,0,0,0,0,1,1,104,0,3,0,69,2022,Semi Final,2022-09-09,10746
Brisbane Lions,Tom Fullarton,6,5,5,50.0,0,0,0,2,0,0,2,2,198,2,2,1,63,2022,Semi Final,2022-09-09,10746
Brisbane Lions,Noah Answerth,4,6,6,66.7,0,1,0,2,0,0,1,2,209,3,1,0,72,2022,Semi Final,2022-09-09,10746
Brisbane Lions,Charlie Cameron,3,3,3,60.0,0,0,3,1,0,0,0,4,121,1,1,1,81,2022,Semi Final,2022-09-09,10746
Collingwood,Nick Daicos,4,20,20,80.0,0,0,0,0,0,0,1,4,346,3,6,0,88,2022,Semi Final,2022-09-10,10747
Collingwood,Scott Pendlebury,15,9,18,75.0,0,0,0,2,0,1,4,3,181,2,8,0,80,2022,Semi Final,2022-09-10,10747
Collingwood,Jack Crisp,9,15,14,58.3,0,0,1,2,5,1,5,7,600,6,2,1,84,2022,Semi Final,2022-09-10,10747
Collingwood,Jordan De Goey,13,13,17,70.8,0,2,0,3,2,5,1,12,626,6,2,0,89,2022,Semi Final,2022-09-10,10747
Collingwood,Patrick Lipinski,9,13,13,61.9,0,1,0,1,1,0,2,5,314,6,1,2,81,2022,Semi Final,2022-09-10,10747
Collingwood,John Noble,7,16,17,81.0,0,0,0,0,0,0,0,5,396,5,5,1,84,2022,Semi Final,2022-09-10,10747
Collingwood,Steele Sidebottom,2,17,17,89.5,0,1,0,0,0,0,2,2,268,2,2,1,83,2022,Semi Final,2022-09-10,10747
Collingwood,Jeremy Howe,9,8,16,94.1,1,0,0,6,1,0,0,1,387,1,13,0,95,2022,Semi Final,2022-09-10,10747
Collingwood,Josh Daicos,6,9,7,41.2,0,0,1,1,0,1,1,3,371,4,1,0,85,2022,Semi Final,2022-09-10,10747
Collingwood,Trent Bianco,7,9,12,75.0,0,0,0,2,0,0,1,4,196,3,4,0,75,2022,Semi Final,2022-09-10,10747
Collingwood,Jamie Elliott 1,8,8,8,53.3,0,0,1,2,0,0,0,6,205,4,2,5,84,2022,Semi Final,2022-09-10,10747
Collingwood,Darcy Moore,7,5,14,93.3,0,0,0,7,0,0,0,2,289,4,8,0,95,2022,Semi Final,2022-09-10,10747
Collingwood,Will Hoskin Elliott,4,7,6,50.0,0,0,2,4,0,0,1,6,182,1,2,1,82,2022,Semi Final,2022-09-10,10747
Collingwood,Jack Ginnivan,4,7,6,54.5,1,0,3,0,0,0,0,6,206,3,1,1,74,2022,Semi Final,2022-09-10,10747
Collingwood,Mason Cox,9,3,7,70.0,3,0,0,4,0,0,2,4,252,3,2,1,77,2022,Semi Final,2022-09-10,10747
Collingwood,Brayden Maynard,5,7,9,90.0,1,0,0,7,2,0,1,5,227,1,5,0,83,2022,Semi Final,2022-09-10,10747
Collingwood,Darcy Cameron,7,2,8,80.0,0,0,1,2,0,2,1,1,59,1,3,0,77,2022,Semi Final,2022-09-10,10747
Collingwood,Brody Mihocek,4,6,7,77.8,2,0,4,1,0,0,0,7,130,1,1,0,84,2022,Semi Final,2022-09-10,10747
Collingwood,Isaac Quaynor,3,7,7,77.8,0,0,0,1,0,0,0,1,157,3,3,0,79,2022,Semi Final,2022-09-10,10747
Collingwood,Nathan Murphy,2,6,5,62.5,0,0,0,5,0,0,0,0,172,3,4,0,76,2022,Semi Final,2022-09-10,10747
Collingwood,Ash Johnson,4,6,5,62.5,1,2,0,0,0,0,0,6,140,1,0,0,71,2022,Semi Final,2022-09-10,10747
Collingwood,Beau Mccreery,4,4,6,100.0,0,0,0,0,2,0,1,0,147,3,1,1,74,2022,Semi Final,2022-09-10,10747
Fremantle,Caleb Serong,16,19,24,70.6,0,1,0,0,0,3,2,2,419,7,3,0,73,2022,Semi Final,2022-09-10,10747
Fremantle,Andrew Brayshaw,10,20,18,56.2,0,1,0,1,0,0,3,4,349,9,4,0,74,2022,Semi Final,2022-09-10,10747
Fremantle,Blake Acres,8,19,22,81.5,0,1,0,3,1,0,2,5,569,5,7,1,73,2022,Semi Final,2022-09-10,10747
Fremantle,Luke Ryan,5,9,21,91.3,0,0,0,2,0,0,0,0,588,6,7,0,87,2022,Semi Final,2022-09-10,10747
Fremantle,Hayden Young,6,16,18,85.7,0,0,0,3,0,0,0,1,328,2,8,0,85,2022,Semi Final,2022-09-10,10747
Fremantle,Brandon Walker,5,12,11,57.9,0,0,0,0,0,0,1,0,296,5,3,0,65,2022,Semi Final,2022-09-10,10747
Fremantle,David Mundy,8,11,16,88.9,0,0,0,0,0,1,2,2,299,3,4,1,71,2022,Semi Final,2022-09-10,10747
Fremantle,Jordan Clark,8,10,14,77.8,1,0,0,2,0,0,2,3,217,5,8,0,84,2022,Semi Final,2022-09-10,10747
Fremantle,Will Brodie,12,5,12,70.6,0,1,0,1,1,3,3,2,94,0,1,0,66,2022,Semi Final,2022-09-10,10747
Fremantle,Heath Chapman,3,13,15,88.2,0,0,0,0,0,0,0,2,190,3,2,0,86,2022,Semi Final,2022-09-10,10747
Fremantle,Lachlan Schultz,8,8,13,86.7,0,1,2,1,0,1,0,4,178,3,2,1,89,2022,Semi Final,2022-09-10,10747
Fremantle,James Aish,7,8,7,50.0,0,0,0,0,0,0,3,1,186,4,1,1,82,2022,Semi Final,2022-09-10,10747
Fremantle,Sean Darcy,8,6,4,30.8,0,0,0,4,0,1,4,4,260,3,2,1,85,2022,Semi Final,2022-09-10,10747
Fremantle,Brennan Cox,5,7,12,92.3,1,0,0,6,0,0,0,1,277,4,6,0,92,2022,Semi Final,2022-09-10,10747
Fremantle,Nathan O Driscoll,5,7,8,61.5,0,0,1,1,0,0,1,2,189,3,2,0,69,2022,Semi Final,2022-09-10,10747
Fremantle,Rory Lobb,8,5,8,66.7,3,0,1,4,0,0,0,5,205,4,0,0,100,2022,Semi Final,2022-09-10,10747
Fremantle,Jye Amiss,10,2,8,66.7,2,2,0,0,0,0,0,4,210,1,1,1,80,2022,Semi Final,2022-09-10,10747
Fremantle,Michael Walters,8,4,7,63.6,1,0,1,2,0,0,0,4,179,1,1,2,88,2022,Semi Final,2022-09-10,10747
Fremantle,Alex Pearce,2,8,9,90.0,1,0,0,3,0,0,0,2,74,1,2,0,100,2022,Semi Final,2022-09-10,10747
Fremantle,Sam Switkowski,6,4,7,77.8,1,0,0,2,0,0,1,1,45,1,2,0,75,2022,Semi Final,2022-09-10,10747
Fremantle,Griffin Logue,2,6,7,87.5,0,0,1,2,0,0,0,4,117,3,0,0,96,2022,Semi Final,2022-09-10,10747
Fremantle,Minairo Frederick,1,7,5,62.5,0,0,0,1,0,0,0,3,169,2,1,1,80,2022,Semi Final,2022-09-10,10747
Geelong,Patrick Dangerfield,16,13,16,57.1,2,1,3,5,1,3,5,8,720,5,1,1,76,2022,Semi Final,2022-09-16,10748
Geelong,Mitchell Duncan,2,23,22,84.6,0,1,0,2,0,0,0,5,341,3,3,0,86,2022,Semi Final,2022-09-16,10748
Geelong,Zach Tuohy,5,18,18,75.0,0,0,0,1,2,0,2,4,345,4,4,0,91,2022,Semi Final,2022-09-16,10748
Geelong,Jake Kolodjashnij,10,10,22,95.7,4,0,0,3,1,0,0,7,309,2,13,0,77,2022,Semi Final,2022-09-16,10748
Geelong,Gryan Miers,7,16,17,77.3,0,3,1,1,1,0,0,10,310,4,2,2,77,2022,Semi Final,2022-09-16,10748
Geelong,Bradley Close,9,12,16,72.7,0,2,1,1,1,0,4,9,335,4,1,0,82,2022,Semi Final,2022-09-16,10748
Geelong,Cameron Guthrie,5,16,16,76.2,0,1,0,4,0,1,1,5,105,1,1,0,63,2022,Semi Final,2022-09-16,10748
Geelong,Mark Blicavs,11,8,14,73.7,0,0,0,4,0,1,4,5,190,3,3,0,83,2022,Semi Final,2022-09-16,10748
Geelong,Zach Guthrie,5,14,14,73.7,0,1,1,2,1,0,0,6,405,3,6,0,80,2022,Semi Final,2022-09-16,10748
Geelong,Isaac Smith,4,11,10,62.5,1,0,1,1,0,0,0,5,329,2,1,1,89,2022,Semi Final,2022-09-16,10748
Geelong,Thomas Stewart,2,10,14,93.3,1,0,0,1,0,0,0,2,471,3,6,0,79,2022,Semi Final,2022-09-16,10748
Geelong,Tom Hawkins,5,9,8,57.1,1,1,5,1,0,0,0,13,232,1,0,4,77,2022,Semi Final,2022-09-16,10748
Geelong,Jack Henry,2,12,14,100.0,0,0,0,4,0,0,0,1,191,0,6,0,100,2022,Semi Final,2022-09-16,10748
Geelong,Joel Selwood,9,3,10,83.3,1,1,0,0,0,3,3,6,282,1,2,0,68,2022,Semi Final,2022-09-16,10748
Geelong,Jeremy Cameron,7,6,7,58.3,1,1,1,3,0,0,1,5,241,2,1,0,89,2022,Semi Final,2022-09-16,10748
Geelong,Max Holmes,5,8,9,75.0,2,2,0,2,1,0,1,6,359,1,3,1,56,2022,Semi Final,2022-09-16,10748
Geelong,Tom Atkins,4,7,7,63.6,0,0,0,1,0,1,3,2,189,3,0,2,67,2022,Semi Final,2022-09-16,10748
Geelong,Gary Rohan,3,6,7,70.0,1,0,1,1,0,0,0,4,292,4,0,0,86,2022,Semi Final,2022-09-16,10748
Geelong,Jed Bews,4,5,7,70.0,0,0,0,2,0,0,0,3,125,2,5,0,83,2022,Semi Final,2022-09-16,10748
Geelong,Tyson Stengle,2,9,8,80.0,0,0,1,2,0,0,2,4,230,3,0,2,85,2022,Semi Final,2022-09-16,10748
Geelong,Rhys Stanley,5,4,7,77.8,0,0,0,5,0,0,1,4,134,1,2,0,76,2022,Semi Final,2022-09-16,10748
Geelong,Sam De Koning,2,7,7,100.0,1,0,0,2,0,0,0,0,86,1,4,0,95,2022,Semi Final,2022-09-16,10748
Geelong,Mark O Connor,1,3,4,80.0,0,0,0,0,0,0,1,1,78,2,2,0,33,2022,Semi Final,2022-09-16,10748
Brisbane Lions,Lachie Neale,11,9,16,80.0,0,0,0,1,0,6,0,5,86,2,4,0,96,2022,Semi Final,2022-09-16,10748
Brisbane Lions,Jarrod Berry,7,14,16,84.2,0,1,1,0,0,0,3,2,206,4,5,3,83,2022,Semi Final,2022-09-16,10748
Brisbane Lions,Zac Bailey,2,18,12,63.2,0,0,1,0,0,0,0,5,478,4,0,0,88,2022,Semi Final,2022-09-16,10748
Brisbane Lions,Daniel Rich,3,8,14,82.4,1,0,0,3,0,0,0,2,377,2,5,0,85,2022,Semi Final,2022-09-16,10748
Brisbane Lions,Hugh Mccluggage,6,10,9,52.9,0,0,0,1,0,0,2,3,273,4,1,2,77,2022,Semi Final,2022-09-16,10748
Brisbane Lions,Deven Robertson,9,9,7,41.2,2,0,1,0,0,0,0,2,301,5,6,1,78,2022,Semi Final,2022-09-16,10748
Brisbane Lions,Darcy Gardiner,5,9,12,75.0,2,0,0,3,0,0,2,2,288,2,6,0,91,2022,Semi Final,2022-09-16,10748
Brisbane Lions,Joe Daniher,2,12,8,57.1,0,1,2,1,0,0,0,6,363,4,0,0,87,2022,Semi Final,2022-09-16,10748
Brisbane Lions,Keidean Coleman,1,11,10,71.4,0,1,0,1,0,0,0,1,295,2,3,0,79,2022,Semi Final,2022-09-16,10748
Brisbane Lions,Rhys Mathieson,10,3,9,69.2,0,0,0,0,0,3,3,3,114,2,1,0,31,2022,Semi Final,2022-09-16,10748
Brisbane Lions,Brandon Starcevich,6,7,11,84.6,0,0,0,2,0,0,3,2,180,2,2,0,82,2022,Semi Final,2022-09-16,10748
Brisbane Lions,Darcy Wilmot,9,4,8,66.7,0,0,0,0,1,0,2,1,108,1,6,0,74,2022,Semi Final,2022-09-16,10748
Brisbane Lions,Dayne Zorko,4,6,5,45.5,0,0,0,1,0,1,1,2,104,3,3,0,72,2022,Semi Final,2022-09-16,10748
Brisbane Lions,Lincoln Mccarthy,4,8,6,54.5,1,1,1,1,0,0,1,3,285,6,0,1,80,2022,Semi Final,2022-09-16,10748
Brisbane Lions,Jack Payne,6,6,8,72.7,1,0,0,4,0,0,0,1,113,4,7,0,94,2022,Semi Final,2022-09-16,10748
Brisbane Lions,Daniel Mcstay,8,2,9,90.0,0,1,0,1,0,1,1,2,198,0,1,1,81,2022,Semi Final,2022-09-16,10748
Brisbane Lions,Oscar Mcinerney,7,4,5,50.0,1,0,0,3,0,2,6,6,132,5,1,0,77,2022,Semi Final,2022-09-16,10748
Brisbane Lions,Noah Answerth,3,7,6,60.0,0,1,0,2,0,0,1,1,188,3,1,1,67,2022,Semi Final,2022-09-16,10748
Brisbane Lions,Harris Andrews,1,8,7,77.8,0,0,0,8,0,0,0,2,161,1,1,0,95,2022,Semi Final,2022-09-16,10748
Brisbane Lions,Eric Hipwood,4,7,4,44.4,0,0,2,3,0,0,0,5,287,5,0,0,92,2022,Semi Final,2022-09-16,10748
Brisbane Lions,Charlie Cameron,5,3,5,62.5,0,0,2,1,0,0,0,2,86,1,1,1,79,2022,Semi Final,2022-09-16,10748
Brisbane Lions,Callum Ah Chee,1,7,6,75.0,0,0,1,1,0,0,0,1,172,2,1,0,72,2022,Semi Final,2022-09-16,10748
Brisbane Lions,Cameron Rayner,3,5,7,87.5,0,1,0,0,0,1,1,2,111,2,0,0,42,2022,Semi Final,2022-09-16,10748
Sydney,Callum Mills,10,16,19,70.4,0,0,0,3,0,0,3,6,269,3,4,0,85,2022,Semi Final,2022-09-17,10749
Sydney,Luke Parker,11,10,11,47.8,0,0,0,1,0,2,2,4,335,3,1,1,87,2022,Semi Final,2022-09-17,10749
Sydney,Chad Warner,12,9,16,72.7,1,2,1,0,0,3,1,4,644,4,5,0,73,2022,Semi Final,2022-09-17,10749
Sydney,Jake Lloyd,6,7,18,85.7,0,0,0,3,0,1,2,0,274,1,3,0,89,2022,Semi Final,2022-09-17,10749
Sydney,Errol Gulden,10,10,12,60.0,1,0,1,4,0,1,2,4,261,1,2,0,71,2022,Semi Final,2022-09-17,10749
Sydney,Nick Blakey,3,12,15,78.9,0,0,0,4,0,0,0,2,400,5,9,0,79,2022,Semi Final,2022-09-17,10749
Sydney,Oliver Florent,6,12,10,55.6,0,0,0,1,1,0,2,1,273,6,3,0,83,2022,Semi Final,2022-09-17,10749
Sydney,James Rowbottom,13,7,10,55.6,0,1,0,1,0,2,4,6,437,6,4,1,82,2022,Semi Final,2022-09-17,10749
Sydney,Isaac Heeney,7,8,10,62.5,2,1,3,0,0,0,1,6,306,6,2,3,88,2022,Semi Final,2022-09-17,10749
Sydney,Tom Papley,11,7,8,50.0,2,0,2,1,0,1,1,5,368,8,5,0,86,2022,Semi Final,2022-09-17,10749
Sydney,Tom Hickey,11,5,11,73.3,2,1,0,1,0,3,2,6,429,3,2,0,84,2022,Semi Final,2022-09-17,10749
Sydney,Robbie Fox,5,8,11,78.6,0,0,1,2,1,0,1,1,247,2,6,0,89,2022,Semi Final,2022-09-17,10749
Sydney,Justin Mcinerney,7,6,12,92.3,0,0,0,1,2,0,4,4,221,0,6,0,80,2022,Semi Final,2022-09-17,10749
Sydney,Lance Franklin,3,9,9,81.8,3,0,3,1,1,0,0,5,236,3,0,0,90,2022,Semi Final,2022-09-17,10749
Sydney,Dylan Stephens,1,9,9,81.8,0,0,0,2,0,0,0,4,274,4,0,0,78,2022,Semi Final,2022-09-17,10749
Sydney,Will Hayward,6,3,7,77.8,0,0,0,2,0,0,2,1,163,2,2,0,88,2022,Semi Final,2022-09-17,10749
Sydney,Tom Mccartin,4,5,4,50.0,1,0,0,11,0,0,0,1,136,0,5,0,96,2022,Semi Final,2022-09-17,10749
Sydney,Dane Rampe,2,5,6,85.7,0,0,0,4,0,0,2,1,216,2,0,0,92,2022,Semi Final,2022-09-17,10749
Sydney,Ryan Clarke,2,5,7,100.0,0,0,0,1,0,0,0,3,105,0,1,0,79,2022,Semi Final,2022-09-17,10749
Sydney,Braeden Campbell,4,4,5,71.4,0,1,0,0,0,1,0,1,130,1,1,1,29,2022,Semi Final,2022-09-17,10749
Sydney,Sam Reid 1,4,2,5,83.3,2,0,2,1,0,0,1,5,72,0,1,1,33,2022,Semi Final,2022-09-17,10749
Sydney,Paddy Mccartin,1,5,5,83.3,0,0,0,3,0,0,0,0,82,0,3,0,76,2022,Semi Final,2022-09-17,10749
Sydney,Logan Mcdonald,5,2,4,66.7,2,0,1,2,0,0,0,1,105,2,2,0,65,2022,Semi Final,2022-09-17,10749
Collingwood,Scott Pendlebury,12,14,18,62.1,0,1,0,1,0,2,4,3,451,4,4,2,93,2022,Semi Final,2022-09-17,10749
Collingwood,Jack Crisp,20,9,18,62.1,0,0,0,2,0,5,6,9,643,8,3,1,86,2022,Semi Final,2022-09-17,10749
Collingwood,Nick Daicos,6,11,14,60.9,0,0,0,0,1,0,0,7,442,3,4,0,89,2022,Semi Final,2022-09-17,10749
Collingwood,Darcy Moore,10,8,16,80.0,2,0,0,9,2,0,1,2,241,2,10,0,95,2022,Semi Final,2022-09-17,10749
Collingwood,Steele Sidebottom,6,9,11,57.9,1,0,0,2,1,1,2,4,520,4,3,1,84,2022,Semi Final,2022-09-17,10749
Collingwood,Patrick Lipinski,6,13,14,73.7,0,1,0,2,0,0,5,6,204,2,1,4,82,2022,Semi Final,2022-09-17,10749
Collingwood,Isaac Quaynor,10,10,12,66.7,0,0,0,2,0,0,0,3,345,4,10,0,86,2022,Semi Final,2022-09-17,10749
Collingwood,Darcy Cameron,10,4,10,58.8,1,3,1,2,0,3,2,6,311,3,4,1,82,2022,Semi Final,2022-09-17,10749
Collingwood,Josh Daicos,5,11,9,64.3,0,0,0,0,0,2,1,7,413,7,1,0,89,2022,Semi Final,2022-09-17,10749
Collingwood,John Noble,5,10,9,64.3,0,0,0,1,1,0,0,0,246,3,6,0,79,2022,Semi Final,2022-09-17,10749
Collingwood,Jeremy Howe,2,8,11,91.7,0,0,0,8,0,0,0,0,234,1,6,0,96,2022,Semi Final,2022-09-17,10749
Collingwood,Jordan De Goey,10,6,8,66.7,0,0,0,4,1,1,5,5,195,3,1,3,85,2022,Semi Final,2022-09-17,10749
Collingwood,Brayden Maynard,3,8,8,66.7,1,0,0,3,0,0,1,0,297,4,4,0,82,2022,Semi Final,2022-09-17,10749
Collingwood,Will Hoskin Elliott,3,7,9,81.8,0,1,0,1,0,0,2,5,162,1,1,2,77,2022,Semi Final,2022-09-17,10749
Collingwood,Beau Mccreery,2,7,7,77.8,0,0,2,0,3,0,0,3,265,2,0,1,71,2022,Semi Final,2022-09-17,10749
Collingwood,Brody Mihocek,6,2,5,62.5,2,0,1,0,0,0,0,1,229,3,0,3,80,2022,Semi Final,2022-09-17,10749
Collingwood,Trent Bianco,3,5,8,100.0,0,0,0,1,0,0,1,2,128,0,0,1,49,2022,Semi Final,2022-09-17,10749
Collingwood,Jamie Elliott 1,3,5,4,57.1,0,0,2,1,0,0,0,4,158,2,0,1,90,2022,Semi Final,2022-09-17,10749
Collingwood,Jack Ginnivan,5,3,2,28.6,0,1,1,1,0,0,0,2,87,3,0,1,76,2022,Semi Final,2022-09-17,10749
Collingwood,Mason Cox,3,2,2,40.0,1,0,1,0,0,1,0,2,104,1,1,0,49,2022,Semi Final,2022-09-17,10749
Collingwood,Nathan Murphy,2,2,3,75.0,1,0,0,9,0,0,0,0,37,2,3,0,78,2022,Semi Final,2022-09-17,10749
Collingwood,Nathan Kreuger,1,2,2,50.0,0,0,0,2,0,0,2,3,110,1,0,0,35,2022,Semi Final,2022-09-17,10749
Collingwood,Ash Johnson,1,1,1,50.0,1,0,0,0,0,0,0,0,63,2,0,1,66,2022,Semi Final,2022-09-17,10749
Geelong,Isaac Smith,11,21,27,84.4,0,1,0,1,0,1,4,14,771,6,4,0,86,2022,Grand Final,2022-09-24,10750
Geelong,Patrick Dangerfield,19,8,18,66.7,1,6,2,2,0,5,4,13,468,4,3,0,78,2022,Grand Final,2022-09-24,10750
Geelong,Mitchell Duncan,7,22,21,77.8,0,0,1,1,0,0,0,6,191,1,6,1,84,2022,Grand Final,2022-09-24,10750
Geelong,Joel Selwood,6,21,20,76.9,1,1,0,2,0,0,0,6,221,5,5,0,66,2022,Grand Final,2022-09-24,10750
Geelong,Mark Blicavs,14,10,16,69.6,0,0,1,4,0,3,1,7,300,3,1,2,87,2022,Grand Final,2022-09-24,10750
Geelong,Zach Tuohy,6,13,19,90.5,0,0,0,0,0,0,1,5,311,2,6,0,92,2022,Grand Final,2022-09-24,10750
Geelong,Jeremy Cameron,5,14,13,72.2,1,1,2,1,0,0,0,7,276,4,2,3,93,2022,Grand Final,2022-09-24,10750
Geelong,Gryan Miers,6,12,11,61.1,0,0,1,1,1,0,0,5,260,2,1,1,65,2022,Grand Final,2022-09-24,10750
Geelong,Bradley Close,9,12,15,83.3,0,2,2,6,0,0,0,8,97,1,3,1,84,2022,Grand Final,2022-09-24,10750
Geelong,Jake Kolodjashnij,4,14,15,88.2,0,0,0,1,0,0,0,2,182,2,5,0,83,2022,Grand Final,2022-09-24,10750
Geelong,Rhys Stanley,5,12,11,68.8,0,0,0,3,0,2,0,5,281,1,0,1,77,2022,Grand Final,2022-09-24,10750
Geelong,Cameron Guthrie,7,9,12,75.0,0,0,0,0,1,1,2,5,299,3,3,4,58,2022,Grand Final,2022-09-24,10750
Geelong,Thomas Stewart,7,6,13,81.2,0,0,0,2,0,0,1,3,283,2,8,0,87,2022,Grand Final,2022-09-24,10750
Geelong,Tom Atkins,10,7,13,81.2,0,1,0,1,0,1,3,4,241,1,3,3,64,2022,Grand Final,2022-09-24,10750
Geelong,Sam De Koning,5,11,12,75.0,2,0,0,4,0,0,0,3,160,4,6,0,89,2022,Grand Final,2022-09-24,10750
Geelong,Tyson Stengle,4,12,10,66.7,0,0,3,2,2,0,1,9,364,1,0,1,82,2022,Grand Final,2022-09-24,10750
Geelong,Zach Guthrie,5,10,10,66.7,0,0,0,0,1,0,0,3,238,4,5,0,80,2022,Grand Final,2022-09-24,10750
Geelong,Tom Hawkins,6,9,5,35.7,0,0,4,3,0,0,2,7,284,2,1,1,91,2022,Grand Final,2022-09-24,10750
Geelong,Mark O Connor,5,8,12,92.3,1,0,0,2,0,0,0,2,207,3,5,0,82,2022,Grand Final,2022-09-24,10750
Geelong,Jack Henry,2,8,8,80.0,0,0,0,5,0,0,0,1,143,1,4,0,100,2022,Grand Final,2022-09-24,10750
Geelong,Brandan Parfitt,3,4,7,87.5,0,1,0,0,0,0,1,3,64,0,1,0,14,2022,Grand Final,2022-09-24,10750
Geelong,Gary Rohan,2,5,4,57.1,0,0,1,1,0,0,0,1,102,2,1,0,78,2022,Grand Final,2022-09-24,10750
Geelong,Jed Bews,3,5,4,66.7,0,1,0,1,0,0,0,1,106,3,3,1,79,2022,Grand Final,2022-09-24,10750
Sydney,Chad Warner,18,13,21,72.4,0,1,0,0,3,4,6,6,583,8,7,1,78,2022,Grand Final,2022-09-24,10750
Sydney,Robbie Fox,7,19,24,92.3,1,0,0,4,0,0,0,2,402,4,6,0,91,2022,Grand Final,2022-09-24,10750
Sydney,Luke Parker,10,11,16,69.6,0,0,0,1,0,3,1,2,197,4,4,2,86,2022,Grand Final,2022-09-24,10750
Sydney,Tom Papley,8,11,12,60.0,0,0,0,2,2,1,3,6,244,5,3,1,82,2022,Grand Final,2022-09-24,10750
Sydney,Jake Lloyd,2,11,14,77.8,0,0,0,3,0,0,0,1,317,4,2,0,85,2022,Grand Final,2022-09-24,10750
Sydney,Dane Rampe,2,11,10,62.5,0,0,0,6,1,0,0,1,337,5,4,0,90,2022,Grand Final,2022-09-24,10750
Sydney,James Rowbottom,9,9,14,87.5,0,1,0,4,0,1,7,2,230,3,2,1,72,2022,Grand Final,2022-09-24,10750
Sydney,Nick Blakey,2,6,11,73.3,0,0,0,3,1,0,0,0,159,3,3,0,71,2022,Grand Final,2022-09-24,10750
Sydney,Ryan Clarke,5,7,9,64.3,0,1,0,1,0,0,0,3,179,3,1,1,83,2022,Grand Final,2022-09-24,10750
Sydney,Errol Gulden,4,11,9,64.3,0,0,0,3,3,0,1,1,365,5,3,1,83,2022,Grand Final,2022-09-24,10750
Sydney,Tom Hickey,6,7,11,84.6,1,0,0,4,0,1,1,1,156,5,3,0,82,2022,Grand Final,2022-09-24,10750
Sydney,Callum Mills,3,11,12,92.3,0,0,1,2,0,0,1,3,193,5,2,0,91,2022,Grand Final,2022-09-24,10750
Sydney,Oliver Florent,2,12,10,76.9,0,0,0,0,1,0,0,1,201,5,1,0,86,2022,Grand Final,2022-09-24,10750
Sydney,Dylan Stephens,2,11,9,75.0,0,1,1,0,3,1,1,1,326,3,0,0,78,2022,Grand Final,2022-09-24,10750
Sydney,Isaac Heeney,7,5,10,90.9,1,0,1,2,0,2,0,4,105,2,1,2,85,2022,Grand Final,2022-09-24,10750
Sydney,Will Hayward,4,8,7,63.6,0,0,0,0,0,0,0,2,264,5,2,1,81,2022,Grand Final,2022-09-24,10750
Sydney,Tom Mccartin,7,5,7,77.8,0,0,0,7,0,0,2,1,41,3,7,0,95,2022,Grand Final,2022-09-24,10750
Sydney,Paddy Mccartin,4,3,6,85.7,1,0,0,2,0,0,0,2,27,0,1,0,76,2022,Grand Final,2022-09-24,10750
Sydney,Justin Mcinerney,2,5,6,85.7,0,0,0,0,0,0,0,1,97,1,2,0,62,2022,Grand Final,2022-09-24,10750
Sydney,Lance Franklin,1,4,3,60.0,0,0,0,0,0,0,0,2,68,1,0,0,92,2022,Grand Final,2022-09-24,10750
Sydney,Sam Reid 1,1,3,4,100.0,0,0,0,1,0,0,0,1,-2,0,1,0,38,2022,Grand Final,2022-09-24,10750
Sydney,Hayden Mclean,3,3,4,100.0,1,1,1,2,0,1,0,3,32,0,1,0,78,2022,Grand Final,2022-09-24,10750
Sydney,Braeden Campbell,1,3,3,75.0,0,0,0,2,0,0,0,0,85,2,1,0,35,2022,Grand Final,2022-09-24,10750
