Team,Player_fw,Contested_Possessions_fw,Uncontested_Possessions_fw,Effective_Disposals,Disposal_Efficiency_Pct,Contested_Marks_fw,Goal_Assists_fw,Marks_Inside_50_fw,One_Percenters_fw,Bounces_fw,Time_On_Ground_Pct,Season,Round_fw,Date,mid
Richmond,Daniel Connors,8,15,16,66.7,0,0,0,1,0,69,2010,Round 1,2010-03-25,5089
Richmond,Daniel Jackson,11,10,14,60.9,1,0,0,0,0,80,2010,Round 1,2010-03-25,5089
Richmond,Brett Deledio,7,14,16,76.2,0,0,0,0,0,89,2010,Round 1,2010-03-25,5089
Richmond,Ben Cousins,9,10,11,57.9,0,1,0,0,0,69,2010,Round 1,2010-03-25,5089
Richmond,Trent Cotchin,8,10,13,68.4,1,0,0,0,1,77,2010,Round 1,2010-03-25,5089
Richmond,Dustin Martin,6,12,16,88.9,0,0,0,1,0,81,2010,Round 1,2010-03-25,5089
Richmond,Shane Edwards,7,10,13,76.5,0,0,0,5,0,84,2010,Round 1,2010-03-25,5089
Richmond,Adam Thomson,7,6,7,50.0,0,1,2,2,0,80,2010,Round 1,2010-03-25,5089
Richmond,Luke Mcguane,6,7,10,76.9,1,0,0,5,0,100,2010,Round 1,2010-03-25,5089
Richmond,Robin Nahas,7,5,7,53.8,0,0,0,1,0,88,2010,Round 1,2010-03-25,5089
Richmond,Richard Tambling,8,4,9,75.0,1,0,1,0,0,81,2010,Round 1,2010-03-25,5089
Richmond,Jack Riewoldt,6,6,6,50.0,1,0,2,1,0,92,2010,Round 1,2010-03-25,5089
Richmond,Chris Newman,1,7,6,54.5,0,0,0,2,0,90,2010,Round 1,2010-03-25,5089
Richmond,Tom Hislop,6,6,9,81.8,0,0,0,1,0,85,2010,Round 1,2010-03-25,5089
Richmond,Mitchell Farmer,2,7,10,90.9,0,0,0,0,0,70,2010,Round 1,2010-03-25,5089
Richmond,Kelvin Moore,2,9,8,80.0,0,0,0,6,0,87,2010,Round 1,2010-03-25,5089
Richmond,Ben Nason,3,7,5,50.0,1,0,1,1,1,84,2010,Round 1,2010-03-25,5089
Richmond,Troy Simmonds,5,4,4,44.4,0,0,0,1,0,71,2010,Round 1,2010-03-25,5089
Richmond,Will Thursfield,3,7,8,88.9,0,0,0,7,0,100,2010,Round 1,2010-03-25,5089
Richmond,Mitch Morton,2,5,4,57.1,0,0,1,0,0,80,2010,Round 1,2010-03-25,5089
Richmond,Relton Roberts,1,6,3,42.9,1,0,0,0,1,71,2010,Round 1,2010-03-25,5089
Richmond,Tyrone Vickery,4,3,3,60.0,0,0,0,2,0,78,2010,Round 1,2010-03-25,5089
Carlton,Andrew Carrazzo,8,33,32,80.0,0,0,0,0,0,87,2010,Round 1,2010-03-25,5089
Carlton,Heath Scotland,7,25,24,75.0,0,1,0,0,0,80,2010,Round 1,2010-03-25,5089
Carlton,Kade Simpson,9,19,22,78.6,0,0,1,1,1,82,2010,Round 1,2010-03-25,5089
Carlton,Ryan Houlihan,8,18,19,73.1,0,1,0,4,1,87,2010,Round 1,2010-03-25,5089
Carlton,Brock Mclean,10,17,22,84.6,0,0,0,4,1,76,2010,Round 1,2010-03-25,5089
Carlton,Jordan Russell,4,21,23,88.5,0,0,0,4,1,88,2010,Round 1,2010-03-25,5089
Carlton,Paul Bower,4,18,24,96.0,2,0,0,9,0,95,2010,Round 1,2010-03-25,5089
Carlton,Marc Murphy,7,18,19,79.2,0,1,0,1,2,71,2010,Round 1,2010-03-25,5089
Carlton,Bryce Gibbs,8,15,16,69.6,2,0,3,0,0,83,2010,Round 1,2010-03-25,5089
Carlton,Bret Thornton,0,20,17,85.0,0,0,0,3,0,91,2010,Round 1,2010-03-25,5089
Carlton,Edward Betts,11,7,13,68.4,1,2,3,3,0,91,2010,Round 1,2010-03-25,5089
Carlton,Andrew Walker,7,12,14,77.8,1,0,0,0,0,79,2010,Round 1,2010-03-25,5089
Carlton,Jarrad Waite,4,13,11,64.7,1,1,2,3,1,77,2010,Round 1,2010-03-25,5089
Carlton,Robert Warnock,7,8,10,62.5,1,0,0,5,0,61,2010,Round 1,2010-03-25,5089
Carlton,Joe Anderson,6,10,11,68.8,0,0,0,0,0,88,2010,Round 1,2010-03-25,5089
Carlton,Matthew Kreuzer,10,6,14,87.5,1,2,0,6,0,65,2010,Round 1,2010-03-25,5089
Carlton,Mitch Robinson,5,9,13,100.0,0,0,0,1,0,83,2010,Round 1,2010-03-25,5089
Carlton,Setanta O Hailpin,6,6,8,66.7,2,1,4,3,0,89,2010,Round 1,2010-03-25,5089
Carlton,Christopher Yarran,4,7,7,63.6,0,2,1,0,0,68,2010,Round 1,2010-03-25,5089
Carlton,Aaron Joseph,1,9,7,70.0,1,1,0,2,1,86,2010,Round 1,2010-03-25,5089
Carlton,Lachlan Henderson,3,5,5,62.5,1,1,2,1,1,92,2010,Round 1,2010-03-25,5089
Carlton,Michael Jamison,0,6,5,83.3,0,0,0,4,0,80,2010,Round 1,2010-03-25,5089
Geelong,Gary Jnr Ablett,9,27,26,70.3,0,1,1,2,3,92,2010,Round 1,2010-03-26,5090
Geelong,Cameron Ling,6,23,25,86.2,0,0,0,2,0,86,2010,Round 1,2010-03-26,5090
Geelong,James Bartel,12,16,20,69.0,0,2,2,3,0,91,2010,Round 1,2010-03-26,5090
Geelong,Paul Chapman,8,20,19,70.4,0,3,1,1,0,84,2010,Round 1,2010-03-26,5090
Geelong,Joel Corey,6,20,14,51.9,0,1,0,2,0,72,2010,Round 1,2010-03-26,5090
Geelong,Corey Enright,9,18,22,81.5,1,0,0,2,0,80,2010,Round 1,2010-03-26,5090
Geelong,Shannon Byrnes,8,18,16,61.5,1,1,4,0,3,78,2010,Round 1,2010-03-26,5090
Geelong,Steve Johnson,8,18,16,64.0,1,2,2,3,0,87,2010,Round 1,2010-03-26,5090
Geelong,Joel Selwood,9,13,21,91.3,0,0,0,4,1,78,2010,Round 1,2010-03-26,5090
Geelong,James Kelly,6,14,14,66.7,0,0,1,0,0,88,2010,Round 1,2010-03-26,5090
Geelong,Andrew Mackie,3,17,16,80.0,1,1,0,4,0,88,2010,Round 1,2010-03-26,5090
Geelong,Darren Milburn,6,14,14,73.7,0,0,0,6,0,69,2010,Round 1,2010-03-26,5090
Geelong,Tom Lonergan,5,12,15,88.2,1,0,0,6,0,91,2010,Round 1,2010-03-26,5090
Geelong,Matthew Scarlett,5,8,12,80.0,0,0,0,1,0,96,2010,Round 1,2010-03-26,5090
Geelong,David Wojcinski,5,10,12,80.0,0,1,0,3,0,80,2010,Round 1,2010-03-26,5090
Geelong,Joshua Hunt,5,11,13,86.7,0,0,0,2,0,90,2010,Round 1,2010-03-26,5090
Geelong,Tom Hawkins,6,8,10,71.4,2,1,3,1,0,87,2010,Round 1,2010-03-26,5090
Geelong,Cameron Mooney,2,10,9,75.0,0,0,2,1,1,89,2010,Round 1,2010-03-26,5090
Geelong,Harry Taylor,4,8,9,75.0,0,0,0,5,0,85,2010,Round 1,2010-03-26,5090
Geelong,Brad Ottens,5,6,9,81.8,1,0,1,0,0,67,2010,Round 1,2010-03-26,5090
Geelong,Mitchell Duncan,2,9,7,70.0,0,0,0,0,1,71,2010,Round 1,2010-03-26,5090
Geelong,Mark Blake,1,4,5,100.0,0,0,0,1,0,53,2010,Round 1,2010-03-26,5090
Essendon,Brent Stanton,8,25,19,57.6,1,0,1,1,3,79,2010,Round 1,2010-03-26,5090
Essendon,Andrew Welsh,10,12,14,63.6,0,0,0,0,0,77,2010,Round 1,2010-03-26,5090
Essendon,Brent Prismall,6,16,12,54.5,0,0,0,0,1,68,2010,Round 1,2010-03-26,5090
Essendon,David Zaharakis,13,6,14,73.7,4,1,3,1,2,75,2010,Round 1,2010-03-26,5090
Essendon,Jobe Watson,13,6,10,55.6,0,0,0,2,2,78,2010,Round 1,2010-03-26,5090
Essendon,David Hille,6,10,12,70.6,1,0,1,2,0,77,2010,Round 1,2010-03-26,5090
Essendon,Jason Winderlich,5,14,11,64.7,0,0,0,1,0,85,2010,Round 1,2010-03-26,5090
Essendon,Heath Hocking,6,11,11,64.7,0,0,1,4,0,83,2010,Round 1,2010-03-26,5090
Essendon,Cale Hooker,9,6,12,70.6,0,0,0,6,0,87,2010,Round 1,2010-03-26,5090
Essendon,Dustin Fletcher,7,9,11,68.8,0,0,0,5,0,91,2010,Round 1,2010-03-26,5090
Essendon,Angus Monfries,8,7,12,75.0,1,0,1,1,0,89,2010,Round 1,2010-03-26,5090
Essendon,Courtenay Dempsey,5,10,11,68.8,0,0,0,6,0,86,2010,Round 1,2010-03-26,5090
Essendon,Tayte Pears,8,9,10,62.5,1,0,0,5,1,91,2010,Round 1,2010-03-26,5090
Essendon,Ben Howlett,7,9,7,43.8,0,0,1,0,0,72,2010,Round 1,2010-03-26,5090
Essendon,Rick Dyson,1,12,11,78.6,0,0,0,2,0,90,2010,Round 1,2010-03-26,5090
Essendon,Kyle Reimers,9,5,10,71.4,3,0,1,0,0,83,2010,Round 1,2010-03-26,5090
Essendon,Henry Slattery,6,5,8,72.7,0,0,0,6,0,94,2010,Round 1,2010-03-26,5090
Essendon,Patrick Ryder,8,3,7,63.6,0,1,1,3,0,84,2010,Round 1,2010-03-26,5090
Essendon,Alwyn Davey,3,6,7,70.0,0,0,0,1,0,65,2010,Round 1,2010-03-26,5090
Essendon,Jay Neagle,7,3,5,55.6,1,0,1,1,0,72,2010,Round 1,2010-03-26,5090
Essendon,Mark Williams,3,5,8,100.0,0,2,0,1,0,93,2010,Round 1,2010-03-26,5090
Essendon,Scott Gumbleton,2,1,2,66.7,0,0,0,1,0,81,2010,Round 1,2010-03-26,5090
Melbourne,Cameron Bruce,6,17,16,69.6,0,1,0,3,1,78,2010,Round 1,2010-03-27,5091
Melbourne,James Frawley,8,13,17,73.9,2,0,0,3,0,96,2010,Round 1,2010-03-27,5091
Melbourne,Jack Trengove,8,15,13,56.5,0,0,0,0,0,83,2010,Round 1,2010-03-27,5091
Melbourne,Brent Moloney,6,16,19,86.4,0,0,1,0,1,81,2010,Round 1,2010-03-27,5091
Melbourne,James Mcdonald,10,11,12,57.1,0,0,0,4,0,93,2010,Round 1,2010-03-27,5091
Melbourne,Joel Macdonald,9,13,13,61.9,2,0,0,2,0,79,2010,Round 1,2010-03-27,5091
Melbourne,Jack Grimes,7,15,16,76.2,0,0,0,0,2,85,2010,Round 1,2010-03-27,5091
Melbourne,Tom Scully,9,11,13,65.0,0,0,0,0,2,84,2010,Round 1,2010-03-27,5091
Melbourne,Nathan Jones,6,12,9,50.0,0,1,1,2,1,86,2010,Round 1,2010-03-27,5091
Melbourne,Jared Rivers,10,8,14,82.4,2,0,0,4,0,75,2010,Round 1,2010-03-27,5091
Melbourne,Aaron Davey,5,12,10,58.8,0,0,0,2,1,76,2010,Round 1,2010-03-27,5091
Melbourne,Lynden Dunn,5,11,12,75.0,0,0,1,1,0,90,2010,Round 1,2010-03-27,5091
Melbourne,Matthew Bate,2,12,10,66.7,0,1,0,2,1,80,2010,Round 1,2010-03-27,5091
Melbourne,Jordie Mckenzie,7,9,11,73.3,0,1,0,0,0,67,2010,Round 1,2010-03-27,5091
Melbourne,Brad Green,5,7,10,71.4,1,2,1,1,0,61,2010,Round 1,2010-03-27,5091
Melbourne,Jamie Bennell,3,10,10,76.9,0,0,0,2,1,88,2010,Round 1,2010-03-27,5091
Melbourne,Mark Jamar,6,4,11,100.0,3,0,1,2,0,81,2010,Round 1,2010-03-27,5091
Melbourne,Matthew Warnock,2,7,10,90.9,0,0,0,11,0,97,2010,Round 1,2010-03-27,5091
Melbourne,Ricky Petterd,4,7,7,70.0,0,0,4,0,0,91,2010,Round 1,2010-03-27,5091
Melbourne,Brad Miller,3,6,7,77.8,0,0,1,1,0,87,2010,Round 1,2010-03-27,5091
Melbourne,James Strauss,2,7,4,44.4,0,0,0,1,0,75,2010,Round 1,2010-03-27,5091
Melbourne,Jake Spencer,1,1,2,100.0,0,0,0,1,0,67,2010,Round 1,2010-03-27,5091
Hawthorn,Luke Hodge,11,22,22,64.7,1,0,1,3,0,84,2010,Round 1,2010-03-27,5091
Hawthorn,Sam Mitchell,11,17,20,74.1,0,0,0,1,0,93,2010,Round 1,2010-03-27,5091
Hawthorn,Jordan Lewis,8,21,19,70.4,1,0,0,1,0,83,2010,Round 1,2010-03-27,5091
Hawthorn,Grant Birchall,7,19,20,74.1,0,0,0,2,0,81,2010,Round 1,2010-03-27,5091
Hawthorn,Joshua Gibson,6,15,19,86.4,1,0,0,8,0,92,2010,Round 1,2010-03-27,5091
Hawthorn,Matthew Suckling,10,12,15,68.2,2,0,0,1,0,77,2010,Round 1,2010-03-27,5091
Hawthorn,Rick Ladson,4,17,14,66.7,1,1,0,4,1,85,2010,Round 1,2010-03-27,5091
Hawthorn,Thomas Murphy,6,15,19,90.5,0,0,0,3,0,89,2010,Round 1,2010-03-27,5091
Hawthorn,Xavier Ellis,5,16,18,85.7,0,1,0,1,0,78,2010,Round 1,2010-03-27,5091
Hawthorn,Ryan Schoenmakers,5,15,12,60.0,0,0,0,3,0,91,2010,Round 1,2010-03-27,5091
Hawthorn,Jarryd Morton,5,12,14,82.4,0,2,0,1,0,91,2010,Round 1,2010-03-27,5091
Hawthorn,Carl Peterson,9,10,11,64.7,0,0,1,0,1,56,2010,Round 1,2010-03-27,5091
Hawthorn,Jarrod Kayler Thomson,1,16,16,94.1,0,0,0,0,1,69,2010,Round 1,2010-03-27,5091
Hawthorn,Garry Moss,2,11,10,62.5,0,0,3,1,0,76,2010,Round 1,2010-03-27,5091
Hawthorn,Brent Guerra,4,10,11,73.3,0,1,0,5,0,79,2010,Round 1,2010-03-27,5091
Hawthorn,Stephen Gilham,3,12,10,66.7,0,0,0,3,1,93,2010,Round 1,2010-03-27,5091
Hawthorn,Liam Shiels,5,10,12,80.0,1,1,0,1,1,74,2010,Round 1,2010-03-27,5091
Hawthorn,Jarryd Roughead,7,7,5,35.7,2,1,7,1,0,96,2010,Round 1,2010-03-27,5091
Hawthorn,Rhan Hooper,6,8,10,71.4,0,1,1,1,0,88,2010,Round 1,2010-03-27,5091
Hawthorn,Campbell Brown,3,9,10,83.3,0,1,2,5,0,96,2010,Round 1,2010-03-27,5091
Hawthorn,Michael Osborne,2,8,7,70.0,0,0,1,0,1,72,2010,Round 1,2010-03-27,5091
Hawthorn,Brent Renouf,6,3,8,88.9,2,0,0,1,0,59,2010,Round 1,2010-03-27,5091
Sydney,Ryan O Keefe,8,25,19,57.6,0,0,1,0,0,84,2010,Round 1,2010-03-27,5093
Sydney,Jarrad Mcveigh,12,16,20,69.0,0,1,1,4,1,92,2010,Round 1,2010-03-27,5093
Sydney,Tadhg Kennelly,7,21,17,60.7,0,0,0,2,2,89,2010,Round 1,2010-03-27,5093
Sydney,Nick Malceski,13,11,21,84.0,1,1,0,2,0,76,2010,Round 1,2010-03-27,5093
Sydney,Jude Bolton,13,10,12,52.2,0,0,0,2,0,81,2010,Round 1,2010-03-27,5093
Sydney,Kieran Jack,10,9,9,42.9,1,0,1,1,0,83,2010,Round 1,2010-03-27,5093
Sydney,Rhyce Shaw,4,16,19,95.0,0,1,0,0,0,81,2010,Round 1,2010-03-27,5093
Sydney,Heath Grundy,5,14,18,90.0,2,0,0,6,0,95,2010,Round 1,2010-03-27,5093
Sydney,Jarred Moore,12,7,11,57.9,0,1,0,1,0,91,2010,Round 1,2010-03-27,5093
Sydney,Craig Bolton,6,11,11,61.1,0,0,0,2,1,84,2010,Round 1,2010-03-27,5093
Sydney,Josh P  Kennedy,7,11,12,66.7,0,0,0,1,0,68,2010,Round 1,2010-03-27,5093
Sydney,Adam Goodes,6,8,13,81.2,1,4,3,0,0,100,2010,Round 1,2010-03-27,5093
Sydney,Brett Kirk,6,10,13,81.2,0,0,0,0,0,78,2010,Round 1,2010-03-27,5093
Sydney,Mark Seaby,6,7,13,92.9,3,0,0,3,0,63,2010,Round 1,2010-03-27,5093
Sydney,Lewis Jetta,2,10,8,66.7,0,0,0,3,0,69,2010,Round 1,2010-03-27,5093
Sydney,Ted Richards,0,10,9,81.8,0,0,0,2,0,75,2010,Round 1,2010-03-27,5093
Sydney,Ben Mcglynn,5,6,9,81.8,0,0,0,2,0,80,2010,Round 1,2010-03-27,5093
Sydney,Daniel Bradshaw,3,7,6,60.0,0,1,1,1,0,89,2010,Round 1,2010-03-27,5093
Sydney,Lewis Roberts Thomson,5,5,8,80.0,0,0,0,9,0,88,2010,Round 1,2010-03-27,5093
Sydney,Martin Mattner,5,5,8,88.9,0,0,1,4,0,87,2010,Round 1,2010-03-27,5093
Sydney,Shane Mumford,6,3,5,55.6,0,0,1,4,0,56,2010,Round 1,2010-03-27,5093
Sydney,Jesse White,3,4,7,100.0,0,0,1,0,0,89,2010,Round 1,2010-03-27,5093
St Kilda,Leigh Montagna,13,13,15,57.7,0,1,1,1,0,80,2010,Round 1,2010-03-27,5093
St Kilda,Brendon Goddard,13,9,18,78.3,2,1,0,1,1,88,2010,Round 1,2010-03-27,5093
St Kilda,Nick Riewoldt,12,9,17,77.3,1,1,0,5,0,95,2010,Round 1,2010-03-27,5093
St Kilda,Nick Dal Santo,8,13,12,54.5,0,1,0,1,2,77,2010,Round 1,2010-03-27,5093
St Kilda,Lenny Hayes,5,17,11,52.4,0,0,0,1,0,66,2010,Round 1,2010-03-27,5093
St Kilda,Sam Gilbert,6,15,17,81.0,2,0,0,4,0,92,2010,Round 1,2010-03-27,5093
St Kilda,Jason Blake,6,13,19,95.0,1,0,0,8,1,100,2010,Round 1,2010-03-27,5093
St Kilda,Jason Gram,5,11,13,76.5,0,0,0,2,1,96,2010,Round 1,2010-03-27,5093
St Kilda,Clinton Jones,7,10,12,70.6,0,0,0,1,0,89,2010,Round 1,2010-03-27,5093
St Kilda,Farren Ray,2,14,16,100.0,1,1,0,1,1,79,2010,Round 1,2010-03-27,5093
St Kilda,Andrew Mcqualter,8,8,10,62.5,0,0,0,1,0,69,2010,Round 1,2010-03-27,5093
St Kilda,James Gwilt,6,9,10,66.7,0,0,0,3,0,100,2010,Round 1,2010-03-27,5093
St Kilda,Jarryn Geary,10,5,8,53.3,0,1,1,1,0,71,2010,Round 1,2010-03-27,5093
St Kilda,Brett Peake,3,11,10,71.4,0,1,0,0,0,78,2010,Round 1,2010-03-27,5093
St Kilda,Adam Schneider,4,8,10,83.3,1,1,1,0,0,80,2010,Round 1,2010-03-27,5093
St Kilda,Stephen Milne,4,8,6,54.5,0,0,1,1,0,80,2010,Round 1,2010-03-27,5093
St Kilda,Zac Dawson,0,9,8,80.0,0,0,0,3,1,100,2010,Round 1,2010-03-27,5093
St Kilda,David Armitage,4,6,6,60.0,0,1,0,0,0,69,2010,Round 1,2010-03-27,5093
St Kilda,Justin Koschitzke,4,5,7,77.8,0,1,1,4,0,85,2010,Round 1,2010-03-27,5093
St Kilda,Steven Baker,4,4,7,87.5,0,0,0,2,0,96,2010,Round 1,2010-03-27,5093
St Kilda,Steven King,3,3,5,71.4,0,0,0,2,0,51,2010,Round 1,2010-03-27,5093
St Kilda,Ben Mcevoy,3,4,4,57.1,0,0,0,1,0,60,2010,Round 1,2010-03-27,5093
Brisbane Lions,Jared Brennan,14,18,20,64.5,0,0,0,2,0,78,2010,Round 1,2010-03-27,5092
Brisbane Lions,Michael Rischitelli,10,18,24,85.7,1,2,0,3,1,83,2010,Round 1,2010-03-27,5092
Brisbane Lions,Simon Black,11,17,20,74.1,0,1,0,2,0,86,2010,Round 1,2010-03-27,5092
Brisbane Lions,Josh Drummond,11,10,18,75.0,1,1,0,4,0,80,2010,Round 1,2010-03-27,5092
Brisbane Lions,Travis Johnstone,6,17,17,73.9,0,1,0,2,0,89,2010,Round 1,2010-03-27,5092
Brisbane Lions,Justin Sherman,8,15,12,52.2,0,1,0,0,1,89,2010,Round 1,2010-03-27,5092
Brisbane Lions,Jonathan Brown,7,15,13,59.1,2,0,6,0,0,98,2010,Round 1,2010-03-27,5092
Brisbane Lions,Luke Power,9,11,17,85.0,0,0,1,2,0,85,2010,Round 1,2010-03-27,5092
Brisbane Lions,Brendan Fevola,5,10,6,33.3,2,0,9,1,0,97,2010,Round 1,2010-03-27,5092
Brisbane Lions,Daniel Rich,6,11,15,83.3,0,0,0,4,0,89,2010,Round 1,2010-03-27,5092
Brisbane Lions,Jack Redden,8,11,14,77.8,0,0,1,0,0,85,2010,Round 1,2010-03-27,5092
Brisbane Lions,Todd Banfield,8,9,7,41.2,0,1,1,3,0,86,2010,Round 1,2010-03-27,5092
Brisbane Lions,Ashley Mcgrath,4,10,14,87.5,0,0,0,7,1,93,2010,Round 1,2010-03-27,5092
Brisbane Lions,Matthew Leuenberger,8,8,14,87.5,0,3,0,5,0,73,2010,Round 1,2010-03-27,5092
Brisbane Lions,Matthew Maguire,3,11,10,71.4,1,0,0,3,0,84,2010,Round 1,2010-03-27,5092
Brisbane Lions,Andrew Raines,4,10,9,64.3,0,0,0,0,1,76,2010,Round 1,2010-03-27,5092
Brisbane Lions,Joel Patfull,4,9,8,61.5,0,0,0,4,0,91,2010,Round 1,2010-03-27,5092
Brisbane Lions,Brent Staker,6,6,9,75.0,3,1,2,3,0,94,2010,Round 1,2010-03-27,5092
Brisbane Lions,Mitchell Clark,3,6,7,77.8,1,1,0,1,0,73,2010,Round 1,2010-03-27,5092
Brisbane Lions,Jed Adcock,0,6,5,62.5,0,0,0,5,0,53,2010,Round 1,2010-03-27,5092
Brisbane Lions,Amon Buchanan,0,4,4,100.0,0,0,0,1,0,19,2010,Round 1,2010-03-27,5092
Brisbane Lions,Daniel Merrett,3,0,2,66.7,1,0,0,8,0,99,2010,Round 1,2010-03-27,5092
West Coast,Adam Selwood,4,25,20,64.5,0,0,0,1,0,84,2010,Round 1,2010-03-27,5092
West Coast,Matthew Priddis,10,19,22,75.9,0,0,0,0,0,81,2010,Round 1,2010-03-27,5092
West Coast,Daniel Kerr,13,14,18,66.7,0,0,0,1,0,87,2010,Round 1,2010-03-27,5092
West Coast,Sam Butler,5,21,18,69.2,0,0,0,7,0,85,2010,Round 1,2010-03-27,5092
West Coast,Andrew Embley,12,13,15,60.0,1,1,1,2,0,86,2010,Round 1,2010-03-27,5092
West Coast,Patrick Mcginnity,8,15,17,70.8,0,0,0,1,0,76,2010,Round 1,2010-03-27,5092
West Coast,Beau Waters,6,14,17,81.0,0,0,0,2,3,77,2010,Round 1,2010-03-27,5092
West Coast,Shannon Hurn,5,12,17,85.0,0,0,0,3,2,81,2010,Round 1,2010-03-27,5092
West Coast,Bradley Ebert,2,18,11,55.0,1,1,0,0,1,87,2010,Round 1,2010-03-27,5092
West Coast,Mitchell Brown,6,12,13,72.2,0,0,0,3,0,88,2010,Round 1,2010-03-27,5092
West Coast,Chris Masten,4,13,12,66.7,0,0,0,2,0,74,2010,Round 1,2010-03-27,5092
West Coast,Luke Shuey,8,9,14,77.8,0,0,1,0,1,72,2010,Round 1,2010-03-27,5092
West Coast,Mark Nicoski,5,12,13,76.5,0,2,1,0,0,84,2010,Round 1,2010-03-27,5092
West Coast,Quinten Lynch,5,11,13,81.2,0,1,1,0,0,99,2010,Round 1,2010-03-27,5092
West Coast,Joshua Kennedy,3,13,14,87.5,2,1,3,2,0,92,2010,Round 1,2010-03-27,5092
West Coast,Brett Jones,4,9,10,76.9,0,0,0,3,0,82,2010,Round 1,2010-03-27,5092
West Coast,Mark Lecras,7,2,7,63.6,1,0,2,0,0,73,2010,Round 1,2010-03-27,5092
West Coast,Nicholas Naitanui,9,3,6,54.5,1,1,0,4,0,73,2010,Round 1,2010-03-27,5092
West Coast,Tom Swift,3,8,7,63.6,0,0,0,0,0,60,2010,Round 1,2010-03-27,5092
West Coast,Dean Cox,0,7,7,100.0,0,0,0,0,0,63,2010,Round 1,2010-03-27,5092
West Coast,Eric Mackenzie,3,4,6,85.7,1,0,0,5,0,97,2010,Round 1,2010-03-27,5092
West Coast,Darren Glass,1,4,5,83.3,0,0,0,8,0,98,2010,Round 1,2010-03-27,5092
Port Adelaide,Kane Cornes,16,23,29,74.4,0,0,0,2,0,94,2010,Round 1,2010-03-28,5094
Port Adelaide,Travis Boak,15,9,14,58.3,0,0,0,1,0,72,2010,Round 1,2010-03-28,5094
Port Adelaide,Steven Salopek,7,14,15,68.2,0,1,0,6,0,81,2010,Round 1,2010-03-28,5094
Port Adelaide,Domenic Cassisi,13,6,12,63.2,0,1,0,4,0,79,2010,Round 1,2010-03-28,5094
Port Adelaide,Brett Ebert,12,6,9,47.4,3,0,4,2,0,83,2010,Round 1,2010-03-28,5094
Port Adelaide,Jacob Surjan,5,13,11,57.9,0,0,0,2,0,90,2010,Round 1,2010-03-28,5094
Port Adelaide,Matt Thomas,10,9,13,68.4,0,1,1,3,0,81,2010,Round 1,2010-03-28,5094
Port Adelaide,Danyle Pearce,8,9,13,72.2,0,0,0,1,0,88,2010,Round 1,2010-03-28,5094
Port Adelaide,Mitchell Banner,10,8,13,72.2,0,0,0,1,0,70,2010,Round 1,2010-03-28,5094
Port Adelaide,Chad Cornes,6,9,15,88.2,1,0,0,9,0,93,2010,Round 1,2010-03-28,5094
Port Adelaide,Paul Stewart,5,14,13,76.5,0,0,0,5,0,86,2010,Round 1,2010-03-28,5094
Port Adelaide,Nathan Krakouer,3,9,12,80.0,0,0,0,4,0,77,2010,Round 1,2010-03-28,5094
Port Adelaide,Andrew Moore,4,10,6,42.9,0,0,1,2,0,73,2010,Round 1,2010-03-28,5094
Port Adelaide,Warren Tredrea,7,6,7,53.8,1,0,1,0,0,91,2010,Round 1,2010-03-28,5094
Port Adelaide,Jason Davenport,5,7,8,61.5,2,0,1,4,0,80,2010,Round 1,2010-03-28,5094
Port Adelaide,Cameron Hitchcock,5,7,9,69.2,0,0,1,0,0,91,2010,Round 1,2010-03-28,5094
Port Adelaide,Jay Schulz,3,8,8,72.7,0,2,0,5,0,84,2010,Round 1,2010-03-28,5094
Port Adelaide,Justin Westhoff,8,2,6,60.0,0,1,1,1,0,78,2010,Round 1,2010-03-28,5094
Port Adelaide,Alipate Carlile,6,3,5,55.6,0,0,0,6,0,93,2010,Round 1,2010-03-28,5094
Port Adelaide,Jackson Trengove,4,5,6,66.7,0,0,0,4,0,79,2010,Round 1,2010-03-28,5094
Port Adelaide,Dean Brogan,2,4,3,50.0,0,0,0,6,0,70,2010,Round 1,2010-03-28,5094
Port Adelaide,Scott Harding,1,4,3,60.0,0,0,1,1,0,67,2010,Round 1,2010-03-28,5094
North Melbourne,Liam Anthony,10,16,17,65.4,0,0,0,2,0,73,2010,Round 1,2010-03-28,5094
North Melbourne,Brady Rawlings,6,18,16,64.0,0,0,0,0,0,97,2010,Round 1,2010-03-28,5094
North Melbourne,Brent Harvey,9,15,16,69.6,0,1,0,0,3,93,2010,Round 1,2010-03-28,5094
North Melbourne,Lachlan Hansen,5,17,16,69.6,1,0,0,4,0,93,2010,Round 1,2010-03-28,5094
North Melbourne,Ryan Bastinac,10,12,14,60.9,0,1,0,0,0,69,2010,Round 1,2010-03-28,5094
North Melbourne,Jack Ziebell,13,9,16,72.7,0,0,0,1,0,66,2010,Round 1,2010-03-28,5094
North Melbourne,Michael Firrito,7,13,16,80.0,0,0,0,2,0,96,2010,Round 1,2010-03-28,5094
North Melbourne,Matt Campbell,5,14,13,68.4,0,2,0,3,0,72,2010,Round 1,2010-03-28,5094
North Melbourne,Scott Mcmahon,3,10,16,88.9,0,0,0,7,0,94,2010,Round 1,2010-03-28,5094
North Melbourne,Gavin Urquhart,5,11,13,72.2,0,0,0,1,0,70,2010,Round 1,2010-03-28,5094
North Melbourne,Ben Ross,6,12,15,83.3,1,2,0,1,0,73,2010,Round 1,2010-03-28,5094
North Melbourne,Leigh Harding,1,15,15,88.2,0,0,0,0,0,67,2010,Round 1,2010-03-28,5094
North Melbourne,Daniel Wells,8,10,9,56.2,0,0,0,1,0,85,2010,Round 1,2010-03-28,5094
North Melbourne,Todd Goldstein,7,7,8,57.1,1,0,0,1,0,77,2010,Round 1,2010-03-28,5094
North Melbourne,Samuel Wright,9,5,12,92.3,1,0,0,0,0,96,2010,Round 1,2010-03-28,5094
North Melbourne,Hamish Mcintosh,10,2,7,58.3,2,0,2,0,0,71,2010,Round 1,2010-03-28,5094
North Melbourne,Lindsay Thomas,1,8,8,66.7,1,1,0,2,0,66,2010,Round 1,2010-03-28,5094
North Melbourne,Ben Warren,7,5,8,66.7,1,0,1,0,0,88,2010,Round 1,2010-03-28,5094
North Melbourne,Leigh Adams,5,7,10,83.3,0,1,1,1,0,81,2010,Round 1,2010-03-28,5094
North Melbourne,Andrew Swallow,3,7,5,50.0,0,0,1,2,0,82,2010,Round 1,2010-03-28,5094
North Melbourne,Scott Thompson 1,4,5,8,80.0,1,0,0,8,0,92,2010,Round 1,2010-03-28,5094
North Melbourne,David Hale,2,2,3,75.0,2,0,2,0,0,100,2010,Round 1,2010-03-28,5094
Western Bulldogs,Matthew Boyd,15,23,22,57.9,0,0,0,0,0,89,2010,Round 1,2010-03-28,5095
Western Bulldogs,Daniel Cross,12,17,22,75.9,1,1,0,4,0,89,2010,Round 1,2010-03-28,5095
Western Bulldogs,Adam Cooney,9,17,19,73.1,0,1,0,1,0,85,2010,Round 1,2010-03-28,5095
Western Bulldogs,Robert Murphy,9,14,20,87.0,3,0,1,2,0,87,2010,Round 1,2010-03-28,5095
Western Bulldogs,Shaun Higgins,6,17,20,87.0,0,0,0,0,1,78,2010,Round 1,2010-03-28,5095
Western Bulldogs,Jarrod Harbrow,5,15,16,72.7,0,0,0,0,0,89,2010,Round 1,2010-03-28,5095
Western Bulldogs,Ryan Griffen,6,13,10,52.6,1,0,0,4,2,78,2010,Round 1,2010-03-28,5095
Western Bulldogs,Lindsay Gilbee,6,9,13,76.5,0,0,0,1,3,81,2010,Round 1,2010-03-28,5095
Western Bulldogs,Will Minson,9,8,14,82.4,1,0,1,1,0,72,2010,Round 1,2010-03-28,5095
Western Bulldogs,Andrejs Everitt,3,10,11,68.8,0,1,0,6,0,81,2010,Round 1,2010-03-28,5095
Western Bulldogs,Jason Akermanis,4,11,11,73.3,0,3,0,2,1,78,2010,Round 1,2010-03-28,5095
Western Bulldogs,Mitchell Hahn,7,7,10,71.4,2,0,2,1,0,88,2010,Round 1,2010-03-28,5095
Western Bulldogs,Ryan Hargrave,5,7,12,85.7,0,0,0,3,0,87,2010,Round 1,2010-03-28,5095
Western Bulldogs,Daniel Giansiracusa,5,11,9,69.2,0,1,0,1,0,86,2010,Round 1,2010-03-28,5095
Western Bulldogs,Brad Johnson,2,10,9,69.2,1,2,1,1,0,66,2010,Round 1,2010-03-28,5095
Western Bulldogs,Josh Hill,2,11,10,76.9,1,0,1,1,0,84,2010,Round 1,2010-03-28,5095
Western Bulldogs,Brian Harris,5,7,6,50.0,0,0,1,8,0,87,2010,Round 1,2010-03-28,5095
Western Bulldogs,Tom Williams,5,8,8,66.7,2,0,0,4,0,81,2010,Round 1,2010-03-28,5095
Western Bulldogs,Ben Hudson,8,2,8,72.7,0,0,0,1,0,68,2010,Round 1,2010-03-28,5095
Western Bulldogs,Dylan Addison,1,8,6,66.7,0,0,0,4,0,70,2010,Round 1,2010-03-28,5095
Western Bulldogs,Liam Picken,5,3,5,55.6,1,0,0,1,0,93,2010,Round 1,2010-03-28,5095
Western Bulldogs,Barry Hall,3,5,3,42.9,0,0,4,2,0,84,2010,Round 1,2010-03-28,5095
Collingwood,Heath Shaw,8,26,28,77.8,1,0,0,6,4,96,2010,Round 1,2010-03-28,5095
Collingwood,Dane Swan,7,26,25,80.6,0,2,1,0,1,80,2010,Round 1,2010-03-28,5095
Collingwood,Heritier O Brien,8,14,22,88.0,1,0,0,4,8,100,2010,Round 1,2010-03-28,5095
Collingwood,Ben Johnson,2,20,19,82.6,0,3,0,1,5,86,2010,Round 1,2010-03-28,5095
Collingwood,Sharrod Wellingham,10,12,17,73.9,0,1,1,1,0,74,2010,Round 1,2010-03-28,5095
Collingwood,Alan Didak,3,19,18,81.8,0,0,2,1,1,76,2010,Round 1,2010-03-28,5095
Collingwood,Tarkyn Lockyer,7,13,15,71.4,0,2,2,1,0,88,2010,Round 1,2010-03-28,5095
Collingwood,Dale Thomas,6,13,18,85.7,0,2,1,1,0,82,2010,Round 1,2010-03-28,5095
Collingwood,Scott Pendlebury,7,14,16,76.2,1,0,2,4,1,75,2010,Round 1,2010-03-28,5095
Collingwood,Luke Ball,5,13,13,72.2,0,0,0,3,0,76,2010,Round 1,2010-03-28,5095
Collingwood,Josh Fraser,11,6,11,64.7,0,0,1,2,0,58,2010,Round 1,2010-03-28,5095
Collingwood,Nick Maxwell,8,8,14,82.4,1,0,0,6,0,100,2010,Round 1,2010-03-28,5095
Collingwood,Steele Sidebottom,3,11,10,66.7,0,0,2,1,0,71,2010,Round 1,2010-03-28,5095
Collingwood,Shane O Bree,4,9,12,85.7,0,1,0,0,0,66,2010,Round 1,2010-03-28,5095
Collingwood,Paul Medhurst,8,5,10,76.9,2,1,4,1,1,84,2010,Round 1,2010-03-28,5095
Collingwood,Leigh Brown,7,6,9,69.2,1,3,3,3,0,84,2010,Round 1,2010-03-28,5095
Collingwood,Travis Cloke,3,9,12,92.3,0,0,1,1,0,90,2010,Round 1,2010-03-28,5095
Collingwood,Leon Davis,6,5,8,72.7,1,0,0,1,0,76,2010,Round 1,2010-03-28,5095
Collingwood,John Anthony,4,5,5,55.6,1,1,2,3,0,82,2010,Round 1,2010-03-28,5095
Collingwood,Alan Toovey,4,5,6,66.7,0,0,0,4,0,97,2010,Round 1,2010-03-28,5095
Collingwood,Darren Jolly,6,2,7,87.5,0,1,0,1,0,72,2010,Round 1,2010-03-28,5095
Collingwood,Simon Prestigiacomo,2,3,3,75.0,0,0,0,8,0,88,2010,Round 1,2010-03-28,5095
Fremantle,Michael Barlow,10,24,26,78.8,0,3,1,2,0,78,2010,Round 1,2010-03-28,5096
Fremantle,Paul Duffield,9,21,23,71.9,1,0,0,1,1,92,2010,Round 1,2010-03-28,5096
Fremantle,Greg Broughton,5,29,24,75.0,0,0,0,2,1,90,2010,Round 1,2010-03-28,5096
Fremantle,Luke Mcpharlin,6,22,26,89.7,2,1,0,4,1,97,2010,Round 1,2010-03-28,5096
Fremantle,David Mundy,9,20,17,60.7,0,0,0,3,0,78,2010,Round 1,2010-03-28,5096
Fremantle,Stephen Hill,8,16,19,76.0,0,0,1,1,4,83,2010,Round 1,2010-03-28,5096
Fremantle,Matthew Pavlich,8,14,14,63.6,0,0,0,1,1,93,2010,Round 1,2010-03-28,5096
Fremantle,Nicholas Suban,6,15,12,54.5,1,1,2,0,1,76,2010,Round 1,2010-03-28,5096
Fremantle,Aaron Sandilands,6,14,16,76.2,0,0,1,6,0,96,2010,Round 1,2010-03-28,5096
Fremantle,Paul Hasleby,5,15,13,65.0,0,2,0,2,0,66,2010,Round 1,2010-03-28,5096
Fremantle,Michael Johnson,4,16,16,80.0,0,0,0,3,0,93,2010,Round 1,2010-03-28,5096
Fremantle,Ryan Crowley,5,14,15,78.9,0,2,0,1,0,87,2010,Round 1,2010-03-28,5096
Fremantle,Roger Hayden,3,14,17,94.4,1,1,0,1,1,77,2010,Round 1,2010-03-28,5096
Fremantle,Chris Tarrant,3,13,15,88.2,0,0,0,3,1,100,2010,Round 1,2010-03-28,5096
Fremantle,Jay Van Berlo,8,7,9,60.0,1,0,0,0,0,85,2010,Round 1,2010-03-28,5096
Fremantle,Alex Silvagni,6,10,13,92.9,1,0,0,1,0,72,2010,Round 1,2010-03-28,5096
Fremantle,Anthony Morabito,3,10,9,69.2,0,0,0,3,2,63,2010,Round 1,2010-03-28,5096
Fremantle,Christopher Mayne,3,9,7,58.3,1,2,4,0,0,80,2010,Round 1,2010-03-28,5096
Fremantle,Hayden Ballantyne,1,11,8,66.7,0,1,2,2,1,77,2010,Round 1,2010-03-28,5096
Fremantle,Des Headland,3,8,7,63.6,1,0,1,2,0,79,2010,Round 1,2010-03-28,5096
Fremantle,Garrick Ibbotson,1,7,6,54.5,0,0,1,2,0,82,2010,Round 1,2010-03-28,5096
Fremantle,Adam Mcphee,1,5,4,66.7,1,0,1,1,0,57,2010,Round 1,2010-03-28,5096
Adelaide,Tyson Edwards,6,18,15,60.0,1,0,0,1,2,83,2010,Round 1,2010-03-28,5096
Adelaide,Simon Goodwin,5,17,23,95.8,0,0,0,2,0,91,2010,Round 1,2010-03-28,5096
Adelaide,Scott Thompson,5,16,15,65.2,0,0,0,1,0,91,2010,Round 1,2010-03-28,5096
Adelaide,Bernie Vince,5,17,18,81.8,1,0,0,1,2,78,2010,Round 1,2010-03-28,5096
Adelaide,Andrew Mcleod,6,16,17,81.0,0,1,0,3,0,86,2010,Round 1,2010-03-28,5096
Adelaide,Nathan Van Berlo,8,15,18,85.7,1,1,0,0,2,95,2010,Round 1,2010-03-28,5096
Adelaide,Myke Cook,8,14,18,85.7,0,0,0,1,1,78,2010,Round 1,2010-03-28,5096
Adelaide,David Mackay,6,15,15,75.0,1,0,1,3,0,86,2010,Round 1,2010-03-28,5096
Adelaide,Patrick Dangerfield,11,9,10,50.0,0,0,1,2,5,82,2010,Round 1,2010-03-28,5096
Adelaide,Brent Reilly,8,11,17,89.5,1,0,0,0,0,76,2010,Round 1,2010-03-28,5096
Adelaide,Michael Doughty,4,12,15,88.2,0,0,0,4,0,91,2010,Round 1,2010-03-28,5096
Adelaide,Nathan Bock,2,14,13,76.5,0,0,0,6,0,98,2010,Round 1,2010-03-28,5096
Adelaide,Trent Hentschel,6,8,12,85.7,0,0,0,1,0,78,2010,Round 1,2010-03-28,5096
Adelaide,Richard Douglas,3,9,7,58.3,0,0,0,1,1,74,2010,Round 1,2010-03-28,5096
Adelaide,Scott Stevens,4,6,8,72.7,0,1,0,1,0,70,2010,Round 1,2010-03-28,5096
Adelaide,Tony Armstrong,3,9,9,81.8,0,0,0,1,0,74,2010,Round 1,2010-03-28,5096
Adelaide,Taylor Walker,5,6,6,54.5,3,0,4,0,1,85,2010,Round 1,2010-03-28,5096
Adelaide,Ben Rutten,3,5,6,66.7,0,0,0,1,1,100,2010,Round 1,2010-03-28,5096
Adelaide,Jared Petrenko,4,6,7,77.8,0,1,1,2,0,88,2010,Round 1,2010-03-28,5096
Adelaide,Jonathon Griffin,1,7,6,75.0,1,1,0,1,0,71,2010,Round 1,2010-03-28,5096
Adelaide,Kurt Tippett,4,3,2,25.0,2,1,4,2,0,92,2010,Round 1,2010-03-28,5096
Adelaide,Rory Sloane,4,5,7,87.5,0,0,0,0,0,39,2010,Round 1,2010-03-28,5096
Brisbane Lions,Luke Power,8,19,20,74.1,0,0,0,1,2,85,2010,Round 2,2010-04-01,5081
Brisbane Lions,Travis Johnstone,5,21,21,87.5,0,1,0,1,3,82,2010,Round 2,2010-04-01,5081
Brisbane Lions,Jared Brennan,7,15,13,59.1,1,1,1,5,0,84,2010,Round 2,2010-04-01,5081
Brisbane Lions,Jonathan Brown,12,9,15,71.4,5,1,6,0,0,99,2010,Round 2,2010-04-01,5081
Brisbane Lions,Andrew Raines,2,16,15,71.4,0,1,0,3,2,85,2010,Round 2,2010-04-01,5081
Brisbane Lions,Josh Drummond,5,14,12,57.1,1,1,0,2,1,78,2010,Round 2,2010-04-01,5081
Brisbane Lions,Simon Black,7,13,11,55.0,0,0,1,1,0,78,2010,Round 2,2010-04-01,5081
Brisbane Lions,Daniel Merrett,10,7,16,88.9,0,0,0,7,0,98,2010,Round 2,2010-04-01,5081
Brisbane Lions,Michael Rischitelli,5,13,8,44.4,0,0,0,2,0,71,2010,Round 2,2010-04-01,5081
Brisbane Lions,Daniel Rich,8,6,14,87.5,0,1,0,1,0,76,2010,Round 2,2010-04-01,5081
Brisbane Lions,Matthew Maguire,5,11,10,66.7,2,0,0,14,0,95,2010,Round 2,2010-04-01,5081
Brisbane Lions,Joel Patfull,6,9,9,64.3,0,0,0,3,0,93,2010,Round 2,2010-04-01,5081
Brisbane Lions,Jack Redden,7,7,10,71.4,0,1,0,0,0,91,2010,Round 2,2010-04-01,5081
Brisbane Lions,Ashley Mcgrath,4,7,12,92.3,0,0,0,3,0,90,2010,Round 2,2010-04-01,5081
Brisbane Lions,Cheynee Stiller,2,11,12,92.3,0,0,0,2,0,78,2010,Round 2,2010-04-01,5081
Brisbane Lions,Brent Staker,3,9,9,75.0,1,1,1,2,0,90,2010,Round 2,2010-04-01,5081
Brisbane Lions,Jed Adcock,2,8,9,75.0,0,0,0,1,0,31,2010,Round 2,2010-04-01,5081
Brisbane Lions,Justin Sherman,5,7,8,66.7,0,0,0,0,1,88,2010,Round 2,2010-04-01,5081
Brisbane Lions,Todd Banfield,5,6,6,54.5,0,2,2,1,0,85,2010,Round 2,2010-04-01,5081
Brisbane Lions,Mitchell Clark,6,5,6,60.0,0,0,0,1,0,69,2010,Round 2,2010-04-01,5081
Brisbane Lions,Matthew Leuenberger,3,6,7,77.8,0,0,0,2,0,57,2010,Round 2,2010-04-01,5081
Brisbane Lions,Brendan Fevola,2,2,4,66.7,1,0,2,1,0,98,2010,Round 2,2010-04-01,5081
Carlton,Marc Murphy,15,20,25,73.5,0,0,0,2,1,83,2010,Round 2,2010-04-01,5081
Carlton,Heath Scotland,12,21,25,75.8,0,1,0,2,0,84,2010,Round 2,2010-04-01,5081
Carlton,Bryce Gibbs,9,19,18,64.3,0,0,0,0,0,83,2010,Round 2,2010-04-01,5081
Carlton,Brock Mclean,14,14,15,55.6,0,0,0,2,0,73,2010,Round 2,2010-04-01,5081
Carlton,Ryan Houlihan,10,13,18,72.0,0,0,0,2,0,87,2010,Round 2,2010-04-01,5081
Carlton,Andrew Carrazzo,5,18,15,65.2,0,2,0,0,0,79,2010,Round 2,2010-04-01,5081
Carlton,Kade Simpson,8,14,15,68.2,0,1,2,2,0,89,2010,Round 2,2010-04-01,5081
Carlton,Jordan Russell,8,10,15,83.3,0,0,0,4,0,93,2010,Round 2,2010-04-01,5081
Carlton,Jarrad Waite,6,11,10,62.5,0,1,1,3,1,87,2010,Round 2,2010-04-01,5081
Carlton,Setanta O Hailpin,6,8,9,56.2,3,0,4,2,0,93,2010,Round 2,2010-04-01,5081
Carlton,Matthew Kreuzer,7,8,10,66.7,0,0,0,5,0,60,2010,Round 2,2010-04-01,5081
Carlton,Bret Thornton,5,9,12,85.7,1,0,0,5,0,96,2010,Round 2,2010-04-01,5081
Carlton,Joe Anderson,3,9,11,84.6,0,0,0,6,0,68,2010,Round 2,2010-04-01,5081
Carlton,Mitch Robinson,7,8,7,53.8,1,0,0,2,0,70,2010,Round 2,2010-04-01,5081
Carlton,Andrew Walker,2,9,11,91.7,0,0,0,0,0,92,2010,Round 2,2010-04-01,5081
Carlton,Edward Betts,5,6,7,63.6,0,2,1,4,0,85,2010,Round 2,2010-04-01,5081
Carlton,Aaron Joseph,3,7,8,80.0,1,0,0,1,0,74,2010,Round 2,2010-04-01,5081
Carlton,Christopher Yarran,7,2,4,40.0,1,1,0,5,0,75,2010,Round 2,2010-04-01,5081
Carlton,Dennis Armfield,1,9,5,55.6,0,0,0,3,1,94,2010,Round 2,2010-04-01,5081
Carlton,Lachlan Henderson,2,6,6,75.0,0,1,0,1,0,86,2010,Round 2,2010-04-01,5081
Carlton,Robert Warnock,3,2,3,60.0,0,0,0,2,0,39,2010,Round 2,2010-04-01,5081
Carlton,Michael Jamison,2,2,4,100.0,0,0,0,6,0,100,2010,Round 2,2010-04-01,5081
Collingwood,Dayne Beams,5,22,22,81.5,0,2,0,0,3,75,2010,Round 2,2010-04-03,5082
Collingwood,Dale Thomas,9,15,16,64.0,1,0,0,4,0,85,2010,Round 2,2010-04-03,5082
Collingwood,Sharrod Wellingham,7,17,15,62.5,1,1,0,3,3,84,2010,Round 2,2010-04-03,5082
Collingwood,Scott Pendlebury,9,14,18,78.3,0,1,0,1,1,73,2010,Round 2,2010-04-03,5082
Collingwood,Dane Swan,8,13,18,85.7,0,0,0,2,1,74,2010,Round 2,2010-04-03,5082
Collingwood,Steele Sidebottom,10,10,15,71.4,0,1,0,3,2,72,2010,Round 2,2010-04-03,5082
Collingwood,Nick Maxwell,5,14,14,73.7,2,0,0,12,3,100,2010,Round 2,2010-04-03,5082
Collingwood,Luke Ball,6,13,9,50.0,0,0,0,2,0,74,2010,Round 2,2010-04-03,5082
Collingwood,Tarkyn Lockyer,6,12,12,66.7,1,0,2,1,0,85,2010,Round 2,2010-04-03,5082
Collingwood,Heath Shaw,6,8,12,70.6,1,0,0,7,3,94,2010,Round 2,2010-04-03,5082
Collingwood,Heritier O Brien,5,12,14,82.4,0,0,0,6,3,100,2010,Round 2,2010-04-03,5082
Collingwood,Alan Didak,8,7,9,60.0,1,2,0,1,1,81,2010,Round 2,2010-04-03,5082
Collingwood,Ben Johnson,3,11,12,85.7,0,0,0,1,1,36,2010,Round 2,2010-04-03,5082
Collingwood,Leon Davis,12,1,11,84.6,1,0,1,1,0,83,2010,Round 2,2010-04-03,5082
Collingwood,Ben Reid,2,10,10,83.3,1,0,0,4,0,94,2010,Round 2,2010-04-03,5082
Collingwood,Leigh Brown,8,2,7,70.0,1,0,0,4,0,87,2010,Round 2,2010-04-03,5082
Collingwood,Paul Medhurst,4,5,5,55.6,0,0,0,0,0,86,2010,Round 2,2010-04-03,5082
Collingwood,Travis Cloke,5,5,4,50.0,3,1,3,2,0,91,2010,Round 2,2010-04-03,5082
Collingwood,Alan Toovey,1,4,4,57.1,0,0,0,2,2,100,2010,Round 2,2010-04-03,5082
Collingwood,Josh Fraser,5,1,1,16.7,1,0,1,0,0,61,2010,Round 2,2010-04-03,5082
Collingwood,John Anthony,2,4,6,100.0,1,0,2,3,0,89,2010,Round 2,2010-04-03,5082
Collingwood,Darren Jolly,2,2,3,60.0,0,0,0,1,0,77,2010,Round 2,2010-04-03,5082
Melbourne,Aaron Davey,11,16,18,66.7,0,0,0,3,3,68,2010,Round 2,2010-04-03,5082
Melbourne,James Mcdonald,6,18,15,60.0,0,0,0,1,1,70,2010,Round 2,2010-04-03,5082
Melbourne,Brent Moloney,10,14,19,79.2,0,1,0,1,2,77,2010,Round 2,2010-04-03,5082
Melbourne,Jack Grimes,7,17,16,69.6,3,0,0,3,9,93,2010,Round 2,2010-04-03,5082
Melbourne,Brad Green,7,13,13,61.9,2,1,3,1,4,91,2010,Round 2,2010-04-03,5082
Melbourne,Cameron Bruce,6,11,14,73.7,0,0,0,4,1,93,2010,Round 2,2010-04-03,5082
Melbourne,Joel Macdonald,7,10,12,63.2,3,0,0,4,0,86,2010,Round 2,2010-04-03,5082
Melbourne,Nathan Jones,6,14,13,68.4,0,0,0,0,0,68,2010,Round 2,2010-04-03,5082
Melbourne,Jordie Mckenzie,2,15,13,72.2,0,1,0,1,1,78,2010,Round 2,2010-04-03,5082
Melbourne,Ricky Petterd,6,11,12,70.6,1,2,4,0,0,88,2010,Round 2,2010-04-03,5082
Melbourne,Matthew Bate,3,13,13,81.2,0,1,0,1,0,91,2010,Round 2,2010-04-03,5082
Melbourne,James Frawley,6,7,12,80.0,0,0,0,4,0,92,2010,Round 2,2010-04-03,5082
Melbourne,Rohan Bail,8,7,9,60.0,1,2,1,1,1,83,2010,Round 2,2010-04-03,5082
Melbourne,Tom Scully,2,13,9,60.0,0,0,0,0,1,74,2010,Round 2,2010-04-03,5082
Melbourne,Mark Jamar,13,1,10,71.4,1,0,0,1,0,83,2010,Round 2,2010-04-03,5082
Melbourne,Jack Trengove,5,8,7,53.8,0,0,0,4,1,81,2010,Round 2,2010-04-03,5082
Melbourne,Lynden Dunn,4,8,8,66.7,0,0,1,2,0,79,2010,Round 2,2010-04-03,5082
Melbourne,Matthew Warnock,6,6,8,66.7,0,0,0,6,0,100,2010,Round 2,2010-04-03,5082
Melbourne,Clint Bartram,3,6,7,77.8,0,0,0,3,0,84,2010,Round 2,2010-04-03,5082
Melbourne,Jamie Bennell,2,6,6,75.0,0,0,2,1,0,84,2010,Round 2,2010-04-03,5082
Melbourne,James Strauss,3,4,5,71.4,0,0,0,5,1,61,2010,Round 2,2010-04-03,5082
Melbourne,Michael Newton,3,2,4,100.0,0,0,1,1,0,76,2010,Round 2,2010-04-03,5082
West Coast,Adam Selwood,16,13,19,63.3,0,0,0,4,0,86,2010,Round 2,2010-04-03,5083
West Coast,Andrew Embley,6,19,15,62.5,0,0,0,3,1,92,2010,Round 2,2010-04-03,5083
West Coast,Beau Waters,10,13,14,60.9,2,0,0,4,0,75,2010,Round 2,2010-04-03,5083
West Coast,Bradley Ebert,8,14,12,54.5,0,0,0,0,1,83,2010,Round 2,2010-04-03,5083
West Coast,Matthew Priddis,7,14,15,71.4,1,2,0,0,0,81,2010,Round 2,2010-04-03,5083
West Coast,Patrick Mcginnity,10,11,12,57.1,1,0,0,4,0,80,2010,Round 2,2010-04-03,5083
West Coast,Nicholas Naitanui,20,2,7,33.3,1,1,0,6,0,84,2010,Round 2,2010-04-03,5083
West Coast,Daniel Kerr,12,9,14,70.0,0,0,0,0,1,90,2010,Round 2,2010-04-03,5083
West Coast,Chris Masten,7,14,13,65.0,0,3,0,1,1,86,2010,Round 2,2010-04-03,5083
West Coast,Brett Jones,5,11,15,83.3,1,0,0,3,1,92,2010,Round 2,2010-04-03,5083
West Coast,Shannon Hurn,5,9,15,83.3,0,0,0,1,0,91,2010,Round 2,2010-04-03,5083
West Coast,Mitchell Brown,6,11,10,58.8,1,0,0,0,0,90,2010,Round 2,2010-04-03,5083
West Coast,Tom Swift,5,12,12,70.6,0,0,0,0,0,66,2010,Round 2,2010-04-03,5083
West Coast,Eric Mackenzie,6,9,7,43.8,2,0,0,8,0,97,2010,Round 2,2010-04-03,5083
West Coast,Luke Shuey,6,10,9,60.0,0,0,0,1,0,80,2010,Round 2,2010-04-03,5083
West Coast,Sam Butler,5,9,11,84.6,1,0,0,6,0,82,2010,Round 2,2010-04-03,5083
West Coast,Scott Selwood,5,8,6,46.2,0,0,0,4,0,78,2010,Round 2,2010-04-03,5083
West Coast,Joshua Kennedy,4,6,10,90.9,0,0,3,5,0,99,2010,Round 2,2010-04-03,5083
West Coast,Darren Glass,5,6,7,70.0,0,0,0,3,0,97,2010,Round 2,2010-04-03,5083
West Coast,Mark Nicoski,0,6,6,75.0,0,0,0,0,0,20,2010,Round 2,2010-04-03,5083
West Coast,Dean Cox,5,2,5,71.4,0,0,0,0,0,64,2010,Round 2,2010-04-03,5083
West Coast,Matthew Spangher,3,4,5,71.4,1,0,0,6,0,85,2010,Round 2,2010-04-03,5083
Port Adelaide,Troy Chaplin,8,15,21,77.8,0,0,0,10,0,97,2010,Round 2,2010-04-03,5083
Port Adelaide,Justin Westhoff,12,13,16,59.3,4,0,1,2,1,82,2010,Round 2,2010-04-03,5083
Port Adelaide,Travis Boak,10,16,16,61.5,0,1,0,1,0,80,2010,Round 2,2010-04-03,5083
Port Adelaide,Tom Logan,10,12,13,61.9,1,0,0,1,0,78,2010,Round 2,2010-04-03,5083
Port Adelaide,Steven Salopek,7,12,15,75.0,1,1,0,4,0,78,2010,Round 2,2010-04-03,5083
Port Adelaide,Chad Cornes,5,13,14,73.7,0,0,0,9,0,92,2010,Round 2,2010-04-03,5083
Port Adelaide,Alipate Carlile,6,11,17,89.5,0,0,0,9,0,97,2010,Round 2,2010-04-03,5083
Port Adelaide,Danyle Pearce,9,9,12,66.7,0,0,0,1,1,89,2010,Round 2,2010-04-03,5083
Port Adelaide,Matt Thomas,8,9,12,66.7,0,0,0,0,0,87,2010,Round 2,2010-04-03,5083
Port Adelaide,Kane Cornes,5,13,10,58.8,0,1,0,0,0,93,2010,Round 2,2010-04-03,5083
Port Adelaide,Jacob Surjan,5,11,13,76.5,0,0,0,5,0,87,2010,Round 2,2010-04-03,5083
Port Adelaide,Nathan Krakouer,7,9,12,70.6,0,0,0,2,0,76,2010,Round 2,2010-04-03,5083
Port Adelaide,Jason Davenport,6,10,12,70.6,1,1,2,1,0,91,2010,Round 2,2010-04-03,5083
Port Adelaide,Mitchell Banner,6,9,8,53.3,0,0,1,1,0,72,2010,Round 2,2010-04-03,5083
Port Adelaide,Brett Ebert,4,9,12,92.3,2,2,3,1,0,85,2010,Round 2,2010-04-03,5083
Port Adelaide,Jay Schulz,4,8,6,50.0,2,0,2,0,0,89,2010,Round 2,2010-04-03,5083
Port Adelaide,Dean Brogan,5,5,6,60.0,0,0,0,0,0,72,2010,Round 2,2010-04-03,5083
Port Adelaide,Domenic Cassisi,4,5,2,22.2,0,0,0,1,0,80,2010,Round 2,2010-04-03,5083
Port Adelaide,Paul Stewart,4,6,5,55.6,0,0,0,2,0,39,2010,Round 2,2010-04-03,5083
Port Adelaide,Jackson Trengove,2,6,8,100.0,0,0,0,6,0,80,2010,Round 2,2010-04-03,5083
Port Adelaide,Cameron Hitchcock,2,5,5,62.5,0,0,0,1,0,82,2010,Round 2,2010-04-03,5083
Port Adelaide,Warren Tredrea,3,4,7,100.0,0,1,0,0,0,74,2010,Round 2,2010-04-03,5083
St Kilda,Leigh Montagna,9,27,27,77.1,0,1,0,1,2,85,2010,Round 2,2010-04-03,5084
St Kilda,Nick Dal Santo,7,25,23,69.7,1,1,3,2,5,86,2010,Round 2,2010-04-03,5084
St Kilda,Brendon Goddard,10,20,23,79.3,3,1,3,0,0,87,2010,Round 2,2010-04-03,5084
St Kilda,Jason Gram,5,23,18,64.3,0,1,0,0,0,87,2010,Round 2,2010-04-03,5084
St Kilda,James Gwilt,3,26,25,89.3,0,0,0,2,0,98,2010,Round 2,2010-04-03,5084
St Kilda,Sam Gilbert,9,20,19,67.9,1,0,0,8,2,87,2010,Round 2,2010-04-03,5084
St Kilda,Farren Ray,3,22,22,88.0,1,0,0,0,0,92,2010,Round 2,2010-04-03,5084
St Kilda,Stephen Milne,4,19,11,47.8,0,0,4,0,1,89,2010,Round 2,2010-04-03,5084
St Kilda,Nick Riewoldt,11,12,19,82.6,5,2,7,0,0,84,2010,Round 2,2010-04-03,5084
St Kilda,David Armitage,10,11,14,66.7,0,0,1,1,0,69,2010,Round 2,2010-04-03,5084
St Kilda,Lenny Hayes,9,11,17,85.0,0,2,0,1,1,64,2010,Round 2,2010-04-03,5084
St Kilda,Steven Baker,5,13,17,89.5,0,0,0,2,1,92,2010,Round 2,2010-04-03,5084
St Kilda,Adam Schneider,5,13,16,84.2,1,0,1,1,2,76,2010,Round 2,2010-04-03,5084
St Kilda,Clinton Jones,6,12,14,77.8,0,0,0,1,2,92,2010,Round 2,2010-04-03,5084
St Kilda,Jason Blake,2,14,15,88.2,0,0,0,7,1,96,2010,Round 2,2010-04-03,5084
St Kilda,Brett Peake,4,10,12,85.7,1,0,1,0,2,69,2010,Round 2,2010-04-03,5084
St Kilda,Zac Dawson,2,11,13,92.9,0,0,0,8,0,94,2010,Round 2,2010-04-03,5084
St Kilda,Jarryn Geary,8,5,12,85.7,0,1,1,1,0,67,2010,Round 2,2010-04-03,5084
St Kilda,Andrew Mcqualter,3,8,8,72.7,0,2,1,1,0,82,2010,Round 2,2010-04-03,5084
St Kilda,Michael S  Gardiner,5,5,8,80.0,4,0,0,1,0,59,2010,Round 2,2010-04-03,5084
St Kilda,Adam Pattison,3,4,5,62.5,0,1,1,1,0,82,2010,Round 2,2010-04-03,5084
St Kilda,Ben Mcevoy,3,2,3,60.0,0,1,0,2,0,63,2010,Round 2,2010-04-03,5084
North Melbourne,Brady Rawlings,4,28,31,91.2,0,0,0,0,0,99,2010,Round 2,2010-04-03,5084
North Melbourne,Liam Anthony,8,15,11,45.8,0,0,0,1,1,73,2010,Round 2,2010-04-03,5084
North Melbourne,Michael Firrito,8,12,16,80.0,0,0,0,2,0,97,2010,Round 2,2010-04-03,5084
North Melbourne,Scott Thompson 1,9,11,16,80.0,0,0,0,3,0,91,2010,Round 2,2010-04-03,5084
North Melbourne,Lachlan Hansen,6,14,16,84.2,2,0,0,2,0,79,2010,Round 2,2010-04-03,5084
North Melbourne,Andrew Swallow,9,9,13,76.5,0,0,0,0,0,82,2010,Round 2,2010-04-03,5084
North Melbourne,Hamish Mcintosh,5,10,7,43.8,1,0,0,2,0,78,2010,Round 2,2010-04-03,5084
North Melbourne,Nathan Grima,2,13,14,87.5,0,0,0,8,0,83,2010,Round 2,2010-04-03,5084
North Melbourne,Daniel Wells,4,11,12,80.0,0,1,0,2,1,80,2010,Round 2,2010-04-03,5084
North Melbourne,Todd Goldstein,9,5,10,66.7,2,0,0,4,0,88,2010,Round 2,2010-04-03,5084
North Melbourne,Matt Campbell,5,10,13,86.7,0,0,0,0,1,75,2010,Round 2,2010-04-03,5084
North Melbourne,Ben Warren,3,11,7,50.0,0,0,3,1,0,85,2010,Round 2,2010-04-03,5084
North Melbourne,Ryan Bastinac,5,7,9,75.0,0,0,0,0,0,67,2010,Round 2,2010-04-03,5084
North Melbourne,Lindsay Thomas,1,11,7,63.6,0,0,0,1,0,74,2010,Round 2,2010-04-03,5084
North Melbourne,Samuel Wright,2,8,11,100.0,0,0,0,2,0,86,2010,Round 2,2010-04-03,5084
North Melbourne,David Hale,6,4,8,80.0,3,1,4,2,0,96,2010,Round 2,2010-04-03,5084
North Melbourne,Gavin Urquhart,1,8,9,90.0,0,1,1,1,0,82,2010,Round 2,2010-04-03,5084
North Melbourne,Leigh Adams,1,8,7,77.8,0,0,0,0,0,71,2010,Round 2,2010-04-03,5084
North Melbourne,Jack Ziebell,3,6,5,55.6,0,0,0,2,0,66,2010,Round 2,2010-04-03,5084
North Melbourne,Ben Ross,3,6,5,62.5,1,0,0,1,0,68,2010,Round 2,2010-04-03,5084
North Melbourne,Corey Jones,2,4,3,50.0,0,0,1,0,0,91,2010,Round 2,2010-04-03,5084
North Melbourne,Brent Harvey,1,4,3,60.0,0,0,0,1,0,89,2010,Round 2,2010-04-03,5084
Adelaide,Scott Thompson,11,15,14,51.9,0,0,0,3,0,84,2010,Round 2,2010-04-04,5085
Adelaide,Simon Goodwin,9,13,21,95.5,0,1,0,3,4,79,2010,Round 2,2010-04-04,5085
Adelaide,Richard Douglas,6,15,12,54.5,1,1,1,1,3,81,2010,Round 2,2010-04-04,5085
Adelaide,Nathan Bock,3,18,16,76.2,0,0,0,4,7,96,2010,Round 2,2010-04-04,5085
Adelaide,David Mackay,5,16,20,95.2,0,2,0,0,11,90,2010,Round 2,2010-04-04,5085
Adelaide,Brent Reilly,5,16,14,70.0,0,1,0,1,0,90,2010,Round 2,2010-04-04,5085
Adelaide,Andrew Mcleod,4,14,15,83.3,0,0,0,2,1,77,2010,Round 2,2010-04-04,5085
Adelaide,Myke Cook,2,17,14,82.4,0,0,1,1,1,68,2010,Round 2,2010-04-04,5085
Adelaide,Tyson Edwards,6,10,13,81.2,0,0,0,0,0,81,2010,Round 2,2010-04-04,5085
Adelaide,Michael Doughty,4,12,13,81.2,0,0,0,3,0,95,2010,Round 2,2010-04-04,5085
Adelaide,Ben Rutten,6,10,14,87.5,1,0,0,5,2,100,2010,Round 2,2010-04-04,5085
Adelaide,Bernie Vince,4,10,11,68.8,1,1,0,1,0,87,2010,Round 2,2010-04-04,5085
Adelaide,Patrick Dangerfield,8,8,11,68.8,3,0,5,0,1,88,2010,Round 2,2010-04-04,5085
Adelaide,Trent Hentschel,3,11,13,92.9,1,1,0,1,3,88,2010,Round 2,2010-04-04,5085
Adelaide,Brett Burton,3,9,11,84.6,0,0,1,0,0,76,2010,Round 2,2010-04-04,5085
Adelaide,Jason Porplyzia,5,8,7,58.3,0,0,1,0,0,87,2010,Round 2,2010-04-04,5085
Adelaide,Jared Petrenko,5,7,10,90.9,0,0,0,1,1,69,2010,Round 2,2010-04-04,5085
Adelaide,Ivan Maric,2,8,9,90.0,0,0,0,3,0,78,2010,Round 2,2010-04-04,5085
Adelaide,Taylor Walker,2,8,3,30.0,0,0,0,3,0,88,2010,Round 2,2010-04-04,5085
Adelaide,William Young,2,8,4,40.0,0,0,0,2,1,83,2010,Round 2,2010-04-04,5085
Adelaide,James Sellar,2,5,6,85.7,0,0,0,3,1,27,2010,Round 2,2010-04-04,5085
Adelaide,Kurt Tippett,4,3,3,42.9,1,1,2,1,0,86,2010,Round 2,2010-04-04,5085
Sydney,Ryan O Keefe,11,17,21,72.4,0,3,2,0,0,88,2010,Round 2,2010-04-04,5085
Sydney,Heath Grundy,9,17,23,88.5,2,0,0,1,1,90,2010,Round 2,2010-04-04,5085
Sydney,Ben Mcglynn,7,16,14,60.9,1,1,5,2,0,88,2010,Round 2,2010-04-04,5085
Sydney,Daniel Hannebery,11,12,18,78.3,0,0,0,1,0,77,2010,Round 2,2010-04-04,5085
Sydney,Adam Goodes,3,18,13,61.9,0,2,2,1,0,91,2010,Round 2,2010-04-04,5085
Sydney,Jarrad Mcveigh,5,14,15,75.0,0,1,1,2,0,89,2010,Round 2,2010-04-04,5085
Sydney,Nick Malceski,3,16,16,84.2,1,1,1,4,1,85,2010,Round 2,2010-04-04,5085
Sydney,Mark Seaby,6,13,15,78.9,0,1,2,1,0,63,2010,Round 2,2010-04-04,5085
Sydney,Josh P  Kennedy,3,16,14,73.7,0,3,2,0,0,70,2010,Round 2,2010-04-04,5085
Sydney,Brett Kirk,7,11,16,88.9,0,0,1,0,0,80,2010,Round 2,2010-04-04,5085
Sydney,Tadhg Kennelly,1,17,14,82.4,0,0,0,2,0,88,2010,Round 2,2010-04-04,5085
Sydney,Jarred Moore,8,9,16,94.1,0,1,1,2,1,88,2010,Round 2,2010-04-04,5085
Sydney,Lewis Jetta,4,14,15,88.2,0,0,0,3,7,68,2010,Round 2,2010-04-04,5085
Sydney,Martin Mattner,3,9,14,87.5,0,0,0,5,3,91,2010,Round 2,2010-04-04,5085
Sydney,Rhyce Shaw,5,8,12,75.0,0,0,0,2,1,83,2010,Round 2,2010-04-04,5085
Sydney,Kieran Jack,8,9,6,37.5,0,1,1,0,0,82,2010,Round 2,2010-04-04,5085
Sydney,Craig Bolton,5,6,10,83.3,0,0,0,4,0,86,2010,Round 2,2010-04-04,5085
Sydney,Jude Bolton,4,7,9,75.0,0,1,1,0,0,77,2010,Round 2,2010-04-04,5085
Sydney,Lewis Roberts Thomson,2,9,10,90.9,1,0,0,6,0,89,2010,Round 2,2010-04-04,5085
Sydney,Jesse White,4,8,7,63.6,1,0,0,1,0,90,2010,Round 2,2010-04-04,5085
Sydney,Shane Mumford,6,5,8,72.7,0,0,0,3,0,48,2010,Round 2,2010-04-04,5085
Sydney,Daniel Bradshaw,3,5,7,87.5,0,0,2,0,0,87,2010,Round 2,2010-04-04,5085
Essendon,Jobe Watson,13,15,20,71.4,0,0,1,1,0,80,2010,Round 2,2010-04-04,5086
Essendon,Brent Prismall,11,15,17,65.4,0,0,2,0,0,80,2010,Round 2,2010-04-04,5086
Essendon,Brent Stanton,4,19,15,62.5,0,0,0,1,0,78,2010,Round 2,2010-04-04,5086
Essendon,Courtenay Dempsey,13,9,16,66.7,0,1,0,0,3,84,2010,Round 2,2010-04-04,5086
Essendon,Rick Dyson,2,15,14,63.6,0,0,2,0,0,73,2010,Round 2,2010-04-04,5086
Essendon,Heath Hocking,6,15,17,81.0,1,1,2,4,3,79,2010,Round 2,2010-04-04,5086
Essendon,Tayte Pears,6,12,14,73.7,1,0,0,6,1,90,2010,Round 2,2010-04-04,5086
Essendon,Cale Hooker,7,11,16,88.9,1,0,0,2,0,88,2010,Round 2,2010-04-04,5086
Essendon,Ben Howlett,10,9,10,55.6,0,1,0,1,1,79,2010,Round 2,2010-04-04,5086
Essendon,Andrew Welsh,5,12,12,70.6,0,1,1,1,0,75,2010,Round 2,2010-04-04,5086
Essendon,Angus Monfries,5,10,10,62.5,0,0,3,2,0,91,2010,Round 2,2010-04-04,5086
Essendon,Dustin Fletcher,5,8,9,60.0,0,0,0,11,0,83,2010,Round 2,2010-04-04,5086
Essendon,Mark Mcveigh,8,7,12,80.0,0,0,1,3,0,92,2010,Round 2,2010-04-04,5086
Essendon,Jason Winderlich,4,12,11,73.3,1,1,3,1,0,83,2010,Round 2,2010-04-04,5086
Essendon,David Myers,2,12,12,80.0,0,0,0,3,0,76,2010,Round 2,2010-04-04,5086
Essendon,David Hille,8,7,7,50.0,1,0,0,1,0,70,2010,Round 2,2010-04-04,5086
Essendon,Alwyn Davey,6,7,11,91.7,0,0,1,1,0,86,2010,Round 2,2010-04-04,5086
Essendon,David Zaharakis,4,8,7,58.3,2,0,3,1,0,83,2010,Round 2,2010-04-04,5086
Essendon,Scott Gumbleton,3,8,7,63.6,1,0,2,1,0,83,2010,Round 2,2010-04-04,5086
Essendon,Mark Williams,3,6,8,88.9,0,1,0,1,0,86,2010,Round 2,2010-04-04,5086
Essendon,Henry Slattery,3,6,8,88.9,1,0,0,2,1,86,2010,Round 2,2010-04-04,5086
Essendon,Patrick Ryder,2,4,6,100.0,0,1,1,4,0,74,2010,Round 2,2010-04-04,5086
Fremantle,Michael Barlow,12,22,23,67.6,1,0,1,2,1,79,2010,Round 2,2010-04-04,5086
Fremantle,Paul Hasleby,9,18,24,88.9,2,1,1,1,0,72,2010,Round 2,2010-04-04,5086
Fremantle,Greg Broughton,6,21,19,70.4,0,0,0,4,2,96,2010,Round 2,2010-04-04,5086
Fremantle,Aaron Sandilands,7,15,16,72.7,3,2,3,2,0,94,2010,Round 2,2010-04-04,5086
Fremantle,Stephen Hill,7,14,16,84.2,0,2,0,0,2,82,2010,Round 2,2010-04-04,5086
Fremantle,Luke Mcpharlin,2,16,17,94.4,1,0,0,6,4,98,2010,Round 2,2010-04-04,5086
Fremantle,Roger Hayden,5,11,14,82.4,1,0,0,1,0,79,2010,Round 2,2010-04-04,5086
Fremantle,Matthew Pavlich,7,11,12,70.6,2,0,5,0,1,94,2010,Round 2,2010-04-04,5086
Fremantle,Michael Johnson,7,8,11,68.8,0,2,1,3,0,86,2010,Round 2,2010-04-04,5086
Fremantle,Chris Tarrant,6,10,13,86.7,1,0,0,9,0,100,2010,Round 2,2010-04-04,5086
Fremantle,David Mundy,5,10,13,86.7,1,0,0,0,4,82,2010,Round 2,2010-04-04,5086
Fremantle,Anthony Morabito,4,11,10,66.7,0,0,0,1,0,69,2010,Round 2,2010-04-04,5086
Fremantle,Christopher Mayne,5,9,10,71.4,1,1,1,2,0,91,2010,Round 2,2010-04-04,5086
Fremantle,Hayden Ballantyne,3,11,8,57.1,0,1,3,0,2,72,2010,Round 2,2010-04-04,5086
Fremantle,Alex Silvagni,8,5,12,92.3,2,0,0,5,0,87,2010,Round 2,2010-04-04,5086
Fremantle,Paul Duffield,2,9,9,75.0,0,2,1,3,2,85,2010,Round 2,2010-04-04,5086
Fremantle,Ryan Crowley,2,9,6,54.5,0,0,2,3,0,81,2010,Round 2,2010-04-04,5086
Fremantle,Des Headland,1,9,8,80.0,0,0,1,0,0,74,2010,Round 2,2010-04-04,5086
Fremantle,Adam Mcphee,4,6,6,60.0,1,1,1,3,0,80,2010,Round 2,2010-04-04,5086
Fremantle,Jay Van Berlo,3,7,9,90.0,0,0,0,3,0,91,2010,Round 2,2010-04-04,5086
Fremantle,Nicholas Suban,1,5,6,100.0,0,0,0,1,0,66,2010,Round 2,2010-04-04,5086
Fremantle,Garrick Ibbotson,3,1,2,50.0,0,0,0,0,0,42,2010,Round 2,2010-04-04,5086
Richmond,Chris Newman,8,15,23,95.8,2,0,0,2,2,89,2010,Round 2,2010-04-04,5087
Richmond,Daniel Jackson,3,18,16,72.7,0,0,0,3,0,80,2010,Round 2,2010-04-04,5087
Richmond,Brett Deledio,5,16,16,72.7,0,0,0,2,2,87,2010,Round 2,2010-04-04,5087
Richmond,Daniel Connors,4,19,16,72.7,1,0,0,1,1,68,2010,Round 2,2010-04-04,5087
Richmond,Trent Cotchin,7,15,18,81.8,0,0,0,0,0,77,2010,Round 2,2010-04-04,5087
Richmond,Dustin Martin,7,14,17,81.0,0,0,0,3,1,76,2010,Round 2,2010-04-04,5087
Richmond,Kelvin Moore,5,14,15,75.0,1,1,0,1,0,87,2010,Round 2,2010-04-04,5087
Richmond,Adam Thomson,6,11,15,83.3,0,0,0,1,0,80,2010,Round 2,2010-04-04,5087
Richmond,Luke Mcguane,6,11,14,77.8,0,0,0,11,1,93,2010,Round 2,2010-04-04,5087
Richmond,Shane Edwards,5,13,14,77.8,0,0,0,5,0,88,2010,Round 2,2010-04-04,5087
Richmond,Richard Tambling,5,10,13,81.2,0,0,0,3,0,77,2010,Round 2,2010-04-04,5087
Richmond,Mitch Morton,7,8,10,66.7,0,1,2,1,0,90,2010,Round 2,2010-04-04,5087
Richmond,Mitchell Farmer,3,11,8,57.1,0,0,0,3,0,89,2010,Round 2,2010-04-04,5087
Richmond,Ben Nason,6,8,10,71.4,0,0,0,2,0,85,2010,Round 2,2010-04-04,5087
Richmond,Robin Nahas,4,9,8,61.5,0,0,0,1,0,94,2010,Round 2,2010-04-04,5087
Richmond,Tom Hislop,3,10,8,72.7,1,1,0,0,0,77,2010,Round 2,2010-04-04,5087
Richmond,Jack Riewoldt,5,4,5,50.0,1,0,1,2,0,97,2010,Round 2,2010-04-04,5087
Richmond,Jake King,5,7,5,50.0,0,1,0,1,0,84,2010,Round 2,2010-04-04,5087
Richmond,Troy Simmonds,3,5,6,75.0,0,0,0,0,0,62,2010,Round 2,2010-04-04,5087
Richmond,Will Thursfield,2,5,6,85.7,0,0,0,2,0,79,2010,Round 2,2010-04-04,5087
Richmond,Jaydyn Post,1,7,4,57.1,0,0,1,1,0,90,2010,Round 2,2010-04-04,5087
Richmond,Tyrone Vickery,2,2,4,100.0,0,0,0,1,0,51,2010,Round 2,2010-04-04,5087
Western Bulldogs,Lindsay Gilbee,4,24,26,86.7,0,1,0,5,2,90,2010,Round 2,2010-04-04,5087
Western Bulldogs,Daniel Cross,10,19,21,75.0,1,0,0,6,0,80,2010,Round 2,2010-04-04,5087
Western Bulldogs,Matthew Boyd,12,16,17,65.4,0,1,0,0,1,93,2010,Round 2,2010-04-04,5087
Western Bulldogs,Adam Cooney,11,15,22,84.6,2,3,2,1,0,79,2010,Round 2,2010-04-04,5087
Western Bulldogs,Jason Akermanis,7,18,17,68.0,0,1,1,0,0,80,2010,Round 2,2010-04-04,5087
Western Bulldogs,Daniel Giansiracusa,4,21,21,84.0,0,0,2,1,0,84,2010,Round 2,2010-04-04,5087
Western Bulldogs,Mitchell Hahn,6,19,15,60.0,0,0,6,0,0,80,2010,Round 2,2010-04-04,5087
Western Bulldogs,Shaun Higgins,6,18,20,80.0,0,1,1,0,2,75,2010,Round 2,2010-04-04,5087
Western Bulldogs,Ryan Griffen,6,17,19,82.6,0,2,0,3,2,76,2010,Round 2,2010-04-04,5087
Western Bulldogs,Robert Murphy,5,18,16,72.7,0,2,1,1,1,86,2010,Round 2,2010-04-04,5087
Western Bulldogs,Brodie Moles,0,0,0,0.0,0,1,0,0,0,0,2010,Round 2,2010-04-04,5087
Western Bulldogs,Brian Harris,7,11,15,75.0,2,0,1,3,1,90,2010,Round 2,2010-04-04,5087
Western Bulldogs,Ryan Hargrave,5,15,15,75.0,0,0,0,1,0,88,2010,Round 2,2010-04-04,5087
Western Bulldogs,Andrejs Everitt,5,15,18,90.0,2,0,0,3,0,71,2010,Round 2,2010-04-04,5087
Western Bulldogs,Ben Hudson,4,11,10,62.5,0,0,0,6,0,72,2010,Round 2,2010-04-04,5087
Western Bulldogs,Jarrod Harbrow,4,13,15,93.8,0,1,0,3,1,89,2010,Round 2,2010-04-04,5087
Western Bulldogs,Tom Williams,7,7,12,85.7,1,0,0,3,0,80,2010,Round 2,2010-04-04,5087
Western Bulldogs,Liam Picken,8,4,9,69.2,0,0,0,2,0,83,2010,Round 2,2010-04-04,5087
Western Bulldogs,Josh Hill,3,7,10,90.9,1,1,3,3,0,82,2010,Round 2,2010-04-04,5087
Western Bulldogs,Will Minson,3,7,5,50.0,1,0,1,1,0,74,2010,Round 2,2010-04-04,5087
Western Bulldogs,Barry Hall,3,5,5,62.5,2,1,4,0,0,86,2010,Round 2,2010-04-04,5087
Western Bulldogs,Dale Morris,3,2,4,80.0,1,0,0,2,0,93,2010,Round 2,2010-04-04,5087
Hawthorn,Sam Mitchell,9,21,18,60.0,0,0,1,1,1,98,2010,Round 2,2010-04-05,5088
Hawthorn,Xavier Ellis,7,17,17,70.8,0,0,0,1,1,84,2010,Round 2,2010-04-05,5088
Hawthorn,Luke Hodge,9,12,16,72.7,0,1,0,2,0,84,2010,Round 2,2010-04-05,5088
Hawthorn,Chance Bateman,5,15,15,75.0,0,0,0,1,0,69,2010,Round 2,2010-04-05,5088
Hawthorn,Jordan Lewis,6,13,16,84.2,0,0,0,2,0,64,2010,Round 2,2010-04-05,5088
Hawthorn,Grant Birchall,7,13,14,73.7,0,0,0,2,0,82,2010,Round 2,2010-04-05,5088
Hawthorn,Carl Peterson,9,11,14,73.7,1,0,0,3,0,79,2010,Round 2,2010-04-05,5088
Hawthorn,Rick Ladson,5,12,13,72.2,0,0,0,2,0,83,2010,Round 2,2010-04-05,5088
Hawthorn,Thomas Murphy,6,10,15,83.3,1,0,0,4,0,91,2010,Round 2,2010-04-05,5088
Hawthorn,Ryan Schoenmakers,5,12,11,61.1,1,0,1,5,0,93,2010,Round 2,2010-04-05,5088
Hawthorn,Brent Guerra,3,12,13,81.2,0,0,0,5,1,79,2010,Round 2,2010-04-05,5088
Hawthorn,Lance Franklin,8,9,10,62.5,1,1,3,1,1,100,2010,Round 2,2010-04-05,5088
Hawthorn,Brent Renouf,6,8,10,71.4,0,0,1,2,0,82,2010,Round 2,2010-04-05,5088
Hawthorn,Jarryd Roughead,6,7,9,69.2,1,3,5,0,0,95,2010,Round 2,2010-04-05,5088
Hawthorn,Joshua Gibson,3,10,13,100.0,0,0,0,10,0,97,2010,Round 2,2010-04-05,5088
Hawthorn,Jarryd Morton,1,12,9,69.2,0,1,2,1,0,93,2010,Round 2,2010-04-05,5088
Hawthorn,Liam Shiels,6,6,10,83.3,0,1,1,1,3,78,2010,Round 2,2010-04-05,5088
Hawthorn,Michael Osborne,2,9,6,60.0,0,0,0,1,5,85,2010,Round 2,2010-04-05,5088
Hawthorn,Stephen Gilham,2,6,10,100.0,0,0,0,1,0,90,2010,Round 2,2010-04-05,5088
Hawthorn,Cyril Rioli,7,3,5,50.0,1,2,1,0,1,72,2010,Round 2,2010-04-05,5088
Hawthorn,Campbell Brown,3,0,2,66.7,0,1,0,1,0,93,2010,Round 2,2010-04-05,5088
Hawthorn,Rhan Hooper,0,2,2,100.0,0,0,0,0,0,9,2010,Round 2,2010-04-05,5088
Geelong,Gary Jnr Ablett,15,26,27,71.1,0,0,0,1,0,91,2010,Round 2,2010-04-05,5088
Geelong,Corey Enright,5,27,30,93.8,0,1,0,3,0,96,2010,Round 2,2010-04-05,5088
Geelong,Paul Chapman,7,24,23,74.2,0,0,1,0,1,86,2010,Round 2,2010-04-05,5088
Geelong,James Bartel,15,16,18,62.1,1,0,2,5,0,86,2010,Round 2,2010-04-05,5088
Geelong,Joel Corey,8,16,18,75.0,0,0,0,2,0,84,2010,Round 2,2010-04-05,5088
Geelong,Harry Taylor,9,13,22,95.7,5,0,1,4,0,92,2010,Round 2,2010-04-05,5088
Geelong,Joel Selwood,4,19,19,86.4,0,1,0,1,0,78,2010,Round 2,2010-04-05,5088
Geelong,James Kelly,10,12,13,61.9,0,0,0,4,0,89,2010,Round 2,2010-04-05,5088
Geelong,Cameron Ling,4,16,16,76.2,0,0,0,0,0,94,2010,Round 2,2010-04-05,5088
Geelong,Joshua Hunt,3,14,16,84.2,0,0,0,0,0,83,2010,Round 2,2010-04-05,5088
Geelong,Andrew Mackie,2,16,15,78.9,0,0,0,0,0,88,2010,Round 2,2010-04-05,5088
Geelong,Steve Johnson,8,12,14,77.8,2,0,2,1,0,87,2010,Round 2,2010-04-05,5088
Geelong,Shannon Byrnes,1,17,13,72.2,0,0,2,2,0,89,2010,Round 2,2010-04-05,5088
Geelong,Mitchell Duncan,9,9,8,47.1,0,1,1,1,2,77,2010,Round 2,2010-04-05,5088
Geelong,David Wojcinski,4,12,12,75.0,0,1,0,2,0,74,2010,Round 2,2010-04-05,5088
Geelong,Tom Lonergan,4,12,15,93.8,0,0,0,8,0,94,2010,Round 2,2010-04-05,5088
Geelong,Matthew Scarlett,5,9,13,86.7,0,1,0,1,0,96,2010,Round 2,2010-04-05,5088
Geelong,Brad Ottens,11,4,13,86.7,2,1,3,3,0,77,2010,Round 2,2010-04-05,5088
Geelong,Cameron Mooney,7,6,9,69.2,6,0,5,2,0,90,2010,Round 2,2010-04-05,5088
Geelong,Tom Hawkins,6,5,8,72.7,3,0,1,0,0,80,2010,Round 2,2010-04-05,5088
Geelong,Mark Blake,5,3,5,62.5,0,0,0,0,0,51,2010,Round 2,2010-04-05,5088
Geelong,Steven Motlop,0,1,2,100.0,0,0,0,0,0,16,2010,Round 2,2010-04-05,5088
St Kilda,Sam Gilbert,6,25,26,81.2,1,0,1,6,2,100,2010,Round 3,2010-04-09,4985
St Kilda,Jason Gram,6,22,22,75.9,0,1,1,2,2,91,2010,Round 3,2010-04-09,4985
St Kilda,Steven Baker,9,19,26,92.9,0,0,0,4,2,100,2010,Round 3,2010-04-09,4985
St Kilda,Sam Fisher,7,21,20,71.4,3,0,1,4,0,75,2010,Round 3,2010-04-09,4985
St Kilda,Lenny Hayes,8,20,18,66.7,0,0,0,2,3,77,2010,Round 3,2010-04-09,4985
St Kilda,Nick Dal Santo,6,19,22,81.5,1,2,1,4,4,88,2010,Round 3,2010-04-09,4985
St Kilda,James Gwilt,8,18,21,80.8,0,1,1,2,0,97,2010,Round 3,2010-04-09,4985
St Kilda,Brendon Goddard,9,13,21,84.0,0,0,0,2,4,83,2010,Round 3,2010-04-09,4985
St Kilda,Leigh Montagna,11,13,15,60.0,0,0,1,2,0,81,2010,Round 3,2010-04-09,4985
St Kilda,Jason Blake,6,18,21,95.5,1,1,0,3,0,97,2010,Round 3,2010-04-09,4985
St Kilda,Clinton Jones,5,16,13,61.9,0,0,0,1,0,85,2010,Round 3,2010-04-09,4985
St Kilda,Stephen Milne,5,13,11,61.1,0,0,3,1,3,90,2010,Round 3,2010-04-09,4985
St Kilda,Farren Ray,7,8,12,80.0,1,0,0,2,0,89,2010,Round 3,2010-04-09,4985
St Kilda,Jarryn Geary,1,16,11,73.3,0,0,0,6,0,89,2010,Round 3,2010-04-09,4985
St Kilda,Steven King,7,5,11,78.6,1,1,0,2,0,51,2010,Round 3,2010-04-09,4985
St Kilda,David Armitage,7,8,7,50.0,0,1,0,1,0,66,2010,Round 3,2010-04-09,4985
St Kilda,Brett Peake,2,11,8,61.5,1,0,0,1,1,85,2010,Round 3,2010-04-09,4985
St Kilda,Andrew Mcqualter,6,7,6,46.2,0,0,1,0,0,74,2010,Round 3,2010-04-09,4985
St Kilda,Michael S  Gardiner,7,3,7,70.0,4,0,1,5,0,60,2010,Round 3,2010-04-09,4985
St Kilda,Adam Schneider,2,7,7,77.8,0,0,0,3,1,83,2010,Round 3,2010-04-09,4985
St Kilda,Zac Dawson,3,5,7,87.5,0,0,0,5,0,97,2010,Round 3,2010-04-09,4985
St Kilda,Nick Riewoldt,2,3,3,60.0,0,1,0,0,0,42,2010,Round 3,2010-04-09,4985
Collingwood,Luke Ball,11,17,20,71.4,1,0,1,3,0,82,2010,Round 3,2010-04-09,4985
Collingwood,Dane Swan,9,15,17,65.4,0,0,0,1,2,83,2010,Round 3,2010-04-09,4985
Collingwood,Sharrod Wellingham,12,14,14,53.8,0,0,0,2,2,81,2010,Round 3,2010-04-09,4985
Collingwood,Alan Didak,9,12,13,61.9,0,0,0,2,1,75,2010,Round 3,2010-04-09,4985
Collingwood,Heritier O Brien,7,11,11,55.0,0,1,0,8,3,99,2010,Round 3,2010-04-09,4985
Collingwood,Steele Sidebottom,7,13,11,55.0,0,0,2,2,0,80,2010,Round 3,2010-04-09,4985
Collingwood,Travis Cloke,8,9,10,58.8,3,0,3,1,0,80,2010,Round 3,2010-04-09,4985
Collingwood,Dale Thomas,7,9,14,82.4,1,0,0,3,2,84,2010,Round 3,2010-04-09,4985
Collingwood,Brent Macaffer,5,10,12,70.6,0,0,0,1,1,94,2010,Round 3,2010-04-09,4985
Collingwood,Nick Maxwell,5,12,14,87.5,1,0,0,7,0,94,2010,Round 3,2010-04-09,4985
Collingwood,Scott Pendlebury,4,13,12,75.0,0,0,0,2,0,80,2010,Round 3,2010-04-09,4985
Collingwood,Josh Fraser,9,5,9,69.2,1,0,1,2,0,60,2010,Round 3,2010-04-09,4985
Collingwood,Shane O Bree,8,4,8,61.5,0,0,0,0,0,67,2010,Round 3,2010-04-09,4985
Collingwood,Paul Medhurst,7,5,9,75.0,0,1,1,0,0,81,2010,Round 3,2010-04-09,4985
Collingwood,Darren Jolly,4,8,6,50.0,1,0,0,3,0,80,2010,Round 3,2010-04-09,4985
Collingwood,Tarkyn Lockyer,5,6,7,63.6,0,0,0,2,0,100,2010,Round 3,2010-04-09,4985
Collingwood,John Mccarthy 1,2,9,6,54.5,0,0,1,1,0,74,2010,Round 3,2010-04-09,4985
Collingwood,Leigh Brown,3,6,7,70.0,0,0,0,3,0,85,2010,Round 3,2010-04-09,4985
Collingwood,Dayne Beams,4,6,6,60.0,2,0,3,3,0,74,2010,Round 3,2010-04-09,4985
Collingwood,Leon Davis,5,3,4,50.0,0,1,0,1,1,67,2010,Round 3,2010-04-09,4985
Collingwood,Alan Toovey,6,4,4,50.0,1,0,0,2,0,97,2010,Round 3,2010-04-09,4985
Collingwood,Simon Prestigiacomo,4,1,3,60.0,1,0,0,9,0,85,2010,Round 3,2010-04-09,4985
North Melbourne,Brent Harvey,12,30,36,81.8,0,1,2,1,13,87,2010,Round 3,2010-04-10,4986
North Melbourne,Andrew Swallow,11,24,27,79.4,0,0,1,0,0,79,2010,Round 3,2010-04-10,4986
North Melbourne,Daniel Wells,8,25,26,78.8,0,0,1,4,0,83,2010,Round 3,2010-04-10,4986
North Melbourne,Brady Rawlings,7,24,29,93.5,0,0,0,4,0,98,2010,Round 3,2010-04-10,4986
North Melbourne,Michael Firrito,9,18,19,70.4,0,0,0,5,0,90,2010,Round 3,2010-04-10,4986
North Melbourne,Liam Anthony,6,21,24,88.9,0,2,0,1,0,73,2010,Round 3,2010-04-10,4986
North Melbourne,Ryan Bastinac,8,17,16,66.7,0,2,0,2,2,77,2010,Round 3,2010-04-10,4986
North Melbourne,Nathan Grima,5,17,19,86.4,0,0,0,7,0,89,2010,Round 3,2010-04-10,4986
North Melbourne,Gavin Urquhart,5,14,14,66.7,0,0,0,1,0,81,2010,Round 3,2010-04-10,4986
North Melbourne,Jack Ziebell,6,13,13,68.4,0,1,0,2,0,61,2010,Round 3,2010-04-10,4986
North Melbourne,Scott Mcmahon,4,11,14,82.4,0,0,0,6,0,72,2010,Round 3,2010-04-10,4986
North Melbourne,Lachlan Hansen,3,13,14,82.4,0,0,0,3,0,90,2010,Round 3,2010-04-10,4986
North Melbourne,Aaron Edwards,5,10,11,73.3,2,0,3,0,0,79,2010,Round 3,2010-04-10,4986
North Melbourne,Leigh Adams,3,14,11,73.3,0,0,0,1,0,67,2010,Round 3,2010-04-10,4986
North Melbourne,Scott Thompson 1,4,10,12,80.0,1,0,0,6,1,95,2010,Round 3,2010-04-10,4986
North Melbourne,Samuel Wright,6,7,7,53.8,0,0,0,1,1,86,2010,Round 3,2010-04-10,4986
North Melbourne,David Hale,5,7,9,75.0,0,0,2,2,0,90,2010,Round 3,2010-04-10,4986
North Melbourne,Ben Warren,8,4,9,75.0,1,0,1,0,0,83,2010,Round 3,2010-04-10,4986
North Melbourne,Hamish Mcintosh,4,7,7,63.6,1,0,0,2,0,78,2010,Round 3,2010-04-10,4986
North Melbourne,Todd Goldstein,2,9,8,72.7,1,1,3,2,0,83,2010,Round 3,2010-04-10,4986
North Melbourne,Leigh Harding,1,8,7,70.0,0,1,0,0,0,87,2010,Round 3,2010-04-10,4986
North Melbourne,Lindsay Thomas,3,2,3,50.0,1,0,1,4,0,73,2010,Round 3,2010-04-10,4986
West Coast,Matthew Priddis,19,17,28,77.8,0,1,1,0,0,86,2010,Round 3,2010-04-10,4986
West Coast,Matthew Rosa,6,24,21,72.4,0,0,0,2,0,83,2010,Round 3,2010-04-10,4986
West Coast,Bradley Ebert,5,20,17,65.4,0,2,0,1,0,80,2010,Round 3,2010-04-10,4986
West Coast,Andrew Embley,3,22,20,83.3,0,1,0,3,0,90,2010,Round 3,2010-04-10,4986
West Coast,Bradd Dalziell,8,16,19,79.2,0,1,0,1,0,84,2010,Round 3,2010-04-10,4986
West Coast,Brett Jones,6,17,19,82.6,1,0,0,3,0,90,2010,Round 3,2010-04-10,4986
West Coast,Will Schofield,5,14,18,81.8,0,0,0,8,0,93,2010,Round 3,2010-04-10,4986
West Coast,Daniel Kerr,8,14,15,71.4,0,1,0,1,1,87,2010,Round 3,2010-04-10,4986
West Coast,Adam Selwood,2,18,15,75.0,1,0,1,2,0,84,2010,Round 3,2010-04-10,4986
West Coast,Beau Waters,8,11,18,90.0,0,0,0,2,0,81,2010,Round 3,2010-04-10,4986
West Coast,Chris Masten,4,15,16,84.2,0,0,0,1,0,75,2010,Round 3,2010-04-10,4986
West Coast,Scott Selwood,7,13,14,73.7,0,0,0,2,0,87,2010,Round 3,2010-04-10,4986
West Coast,Dean Cox,4,12,14,87.5,1,1,0,1,0,68,2010,Round 3,2010-04-10,4986
West Coast,Luke Shuey,2,12,13,86.7,0,0,0,2,0,69,2010,Round 3,2010-04-10,4986
West Coast,Darren Glass,7,6,13,92.9,0,0,0,6,0,90,2010,Round 3,2010-04-10,4986
West Coast,Nicholas Naitanui,4,9,9,69.2,0,0,0,2,0,79,2010,Round 3,2010-04-10,4986
West Coast,Mark Lecras,4,7,10,83.3,0,1,0,1,0,88,2010,Round 3,2010-04-10,4986
West Coast,Mitchell Brown,2,10,9,75.0,0,1,1,2,0,88,2010,Round 3,2010-04-10,4986
West Coast,Ashley Hansen,1,11,4,36.4,0,1,4,0,0,84,2010,Round 3,2010-04-10,4986
West Coast,Matthew Spangher,0,12,7,63.6,0,0,0,5,1,85,2010,Round 3,2010-04-10,4986
West Coast,Tom Swift,2,9,9,81.8,0,0,0,1,0,47,2010,Round 3,2010-04-10,4986
West Coast,Joshua Kennedy,1,10,8,80.0,0,0,1,3,0,83,2010,Round 3,2010-04-10,4986
Port Adelaide,Kane Cornes,13,17,19,63.3,0,0,0,2,1,93,2010,Round 3,2010-04-10,4989
Port Adelaide,Steven Salopek,9,19,23,79.3,1,1,0,2,1,75,2010,Round 3,2010-04-10,4989
Port Adelaide,Nathan Krakouer,8,17,19,73.1,0,2,0,0,1,72,2010,Round 3,2010-04-10,4989
Port Adelaide,Danyle Pearce,8,13,16,69.6,0,0,0,0,1,82,2010,Round 3,2010-04-10,4989
Port Adelaide,Troy Chaplin,5,16,18,85.7,1,0,0,10,1,95,2010,Round 3,2010-04-10,4989
Port Adelaide,Alipate Carlile,6,12,15,71.4,0,0,0,6,1,91,2010,Round 3,2010-04-10,4989
Port Adelaide,Travis Boak,5,18,12,57.1,0,0,0,3,1,77,2010,Round 3,2010-04-10,4989
Port Adelaide,Tom Logan,6,13,13,68.4,0,0,1,1,0,71,2010,Round 3,2010-04-10,4989
Port Adelaide,Jacob Surjan,8,8,14,82.4,2,0,0,3,0,84,2010,Round 3,2010-04-10,4989
Port Adelaide,Justin Westhoff,11,6,8,47.1,1,0,0,4,2,91,2010,Round 3,2010-04-10,4989
Port Adelaide,Warren Tredrea,7,8,8,50.0,4,2,4,0,0,92,2010,Round 3,2010-04-10,4989
Port Adelaide,Domenic Cassisi,7,9,12,75.0,0,0,0,1,0,84,2010,Round 3,2010-04-10,4989
Port Adelaide,Cameron Cloke,9,7,12,75.0,1,0,0,2,0,67,2010,Round 3,2010-04-10,4989
Port Adelaide,Chad Cornes,6,9,11,73.3,0,0,0,4,0,96,2010,Round 3,2010-04-10,4989
Port Adelaide,Matt Thomas,6,9,9,60.0,0,1,0,0,0,77,2010,Round 3,2010-04-10,4989
Port Adelaide,Cameron Hitchcock,5,10,9,60.0,0,3,0,0,0,85,2010,Round 3,2010-04-10,4989
Port Adelaide,Jay Schulz,6,9,8,57.1,0,0,2,3,0,72,2010,Round 3,2010-04-10,4989
Port Adelaide,Paul Stewart,1,13,11,78.6,0,0,0,3,0,85,2010,Round 3,2010-04-10,4989
Port Adelaide,Jason Davenport,3,11,9,64.3,0,0,2,1,0,87,2010,Round 3,2010-04-10,4989
Port Adelaide,Jackson Trengove,5,9,11,78.6,1,0,0,1,1,71,2010,Round 3,2010-04-10,4989
Port Adelaide,Mitchell Banner,4,7,9,81.8,1,0,0,3,0,69,2010,Round 3,2010-04-10,4989
Port Adelaide,Brett Ebert,4,4,3,37.5,1,0,2,2,0,84,2010,Round 3,2010-04-10,4989
Brisbane Lions,Matthew Maguire,7,19,18,66.7,0,0,0,2,0,95,2010,Round 3,2010-04-10,4989
Brisbane Lions,Michael Rischitelli,9,19,23,85.2,0,0,0,1,0,82,2010,Round 3,2010-04-10,4989
Brisbane Lions,Tom Rockliff,2,19,16,69.6,0,0,1,1,2,80,2010,Round 3,2010-04-10,4989
Brisbane Lions,James Polkinghorne,7,14,17,81.0,0,2,0,1,0,86,2010,Round 3,2010-04-10,4989
Brisbane Lions,Brent Staker,7,13,7,35.0,1,0,2,3,0,87,2010,Round 3,2010-04-10,4989
Brisbane Lions,Ashley Mcgrath,6,15,18,90.0,0,0,0,5,0,86,2010,Round 3,2010-04-10,4989
Brisbane Lions,Justin Sherman,3,18,14,70.0,0,0,1,1,2,89,2010,Round 3,2010-04-10,4989
Brisbane Lions,Josh Drummond,5,9,17,85.0,0,0,0,2,1,86,2010,Round 3,2010-04-10,4989
Brisbane Lions,Daniel Rich,8,12,15,75.0,0,1,0,0,0,81,2010,Round 3,2010-04-10,4989
Brisbane Lions,Luke Power,4,13,14,77.8,0,1,0,2,0,91,2010,Round 3,2010-04-10,4989
Brisbane Lions,Andrew Raines,2,17,14,77.8,0,0,0,2,1,82,2010,Round 3,2010-04-10,4989
Brisbane Lions,Jack Redden,6,12,15,83.3,1,0,0,1,0,86,2010,Round 3,2010-04-10,4989
Brisbane Lions,Matthew Leuenberger,7,10,14,82.4,1,0,0,0,0,71,2010,Round 3,2010-04-10,4989
Brisbane Lions,Jonathan Brown,8,7,11,68.8,1,2,3,3,0,96,2010,Round 3,2010-04-10,4989
Brisbane Lions,Travis Johnstone,3,14,12,80.0,0,0,0,0,1,77,2010,Round 3,2010-04-10,4989
Brisbane Lions,Brendan Fevola,5,8,10,71.4,2,4,3,1,0,97,2010,Round 3,2010-04-10,4989
Brisbane Lions,James Hawksley,3,11,9,64.3,0,0,0,0,0,81,2010,Round 3,2010-04-10,4989
Brisbane Lions,Todd Banfield,7,8,8,57.1,0,2,0,2,0,82,2010,Round 3,2010-04-10,4989
Brisbane Lions,Mitchell Clark,4,8,7,53.8,0,1,0,2,0,78,2010,Round 3,2010-04-10,4989
Brisbane Lions,Joel Patfull,8,4,9,75.0,0,0,1,5,0,75,2010,Round 3,2010-04-10,4989
Brisbane Lions,Simon Black,4,6,7,70.0,1,0,0,0,0,24,2010,Round 3,2010-04-10,4989
Brisbane Lions,Daniel Merrett,2,7,9,90.0,1,0,0,5,1,89,2010,Round 3,2010-04-10,4989
Sydney,Jude Bolton,15,18,28,84.8,0,1,1,2,0,74,2010,Round 3,2010-04-10,4987
Sydney,Heath Grundy,8,26,28,84.8,2,0,0,1,0,93,2010,Round 3,2010-04-10,4987
Sydney,Ben Mcglynn,7,24,20,64.5,0,2,2,1,1,93,2010,Round 3,2010-04-10,4987
Sydney,Jarrad Mcveigh,8,22,24,80.0,0,2,0,2,1,84,2010,Round 3,2010-04-10,4987
Sydney,Nick Malceski,2,22,23,85.2,0,1,1,2,2,94,2010,Round 3,2010-04-10,4987
Sydney,Josh P  Kennedy,7,17,17,70.8,1,0,1,0,0,75,2010,Round 3,2010-04-10,4987
Sydney,Rhyce Shaw,4,17,20,87.0,0,0,0,2,3,84,2010,Round 3,2010-04-10,4987
Sydney,Tadhg Kennelly,2,18,17,77.3,0,0,0,1,3,91,2010,Round 3,2010-04-10,4987
Sydney,Brett Kirk,5,16,19,90.5,0,1,0,0,0,80,2010,Round 3,2010-04-10,4987
Sydney,Ryan O Keefe,7,14,17,81.0,1,0,3,3,1,86,2010,Round 3,2010-04-10,4987
Sydney,Adam Goodes,5,13,11,61.1,2,2,2,0,1,94,2010,Round 3,2010-04-10,4987
Sydney,Lewis Roberts Thomson,4,14,11,61.1,1,0,0,6,0,95,2010,Round 3,2010-04-10,4987
Sydney,Kieran Jack,8,9,12,66.7,0,1,0,1,0,89,2010,Round 3,2010-04-10,4987
Sydney,Daniel Hannebery,7,12,12,66.7,0,1,0,0,0,75,2010,Round 3,2010-04-10,4987
Sydney,Lewis Jetta,7,8,9,60.0,0,0,0,1,3,72,2010,Round 3,2010-04-10,4987
Sydney,Martin Mattner,3,10,13,92.9,0,0,0,4,3,89,2010,Round 3,2010-04-10,4987
Sydney,Shane Mumford,4,11,10,71.4,0,1,1,4,0,56,2010,Round 3,2010-04-10,4987
Sydney,Jarred Moore,3,10,9,69.2,0,1,2,1,1,69,2010,Round 3,2010-04-10,4987
Sydney,Craig Bolton,2,10,12,100.0,0,0,0,2,0,74,2010,Round 3,2010-04-10,4987
Sydney,Daniel Bradshaw,3,8,6,50.0,1,0,6,0,0,84,2010,Round 3,2010-04-10,4987
Sydney,Jesse White,2,7,9,90.0,0,0,0,4,0,81,2010,Round 3,2010-04-10,4987
Sydney,Mark Seaby,3,4,6,85.7,0,0,0,1,0,67,2010,Round 3,2010-04-10,4987
Richmond,Daniel Jackson,12,13,17,68.0,0,0,0,3,0,85,2010,Round 3,2010-04-10,4987
Richmond,Dustin Martin,9,14,13,59.1,0,0,0,0,1,81,2010,Round 3,2010-04-10,4987
Richmond,Brett Deledio,6,14,18,90.0,0,0,0,1,2,90,2010,Round 3,2010-04-10,4987
Richmond,Shane Edwards,9,11,14,70.0,0,0,0,2,2,78,2010,Round 3,2010-04-10,4987
Richmond,Daniel Connors,3,14,12,70.6,0,0,0,2,0,68,2010,Round 3,2010-04-10,4987
Richmond,Shane Tuck,4,12,12,75.0,0,0,0,4,0,88,2010,Round 3,2010-04-10,4987
Richmond,Jack Riewoldt,7,8,8,50.0,2,1,3,0,0,97,2010,Round 3,2010-04-10,4987
Richmond,Ben Nason,5,10,10,66.7,0,1,2,0,0,84,2010,Round 3,2010-04-10,4987
Richmond,Chris Newman,6,5,9,64.3,1,0,0,4,0,67,2010,Round 3,2010-04-10,4987
Richmond,Ben Cousins,3,10,9,69.2,1,0,1,0,0,80,2010,Round 3,2010-04-10,4987
Richmond,Dean Polo,2,11,10,76.9,1,0,0,0,2,97,2010,Round 3,2010-04-10,4987
Richmond,Troy Simmonds,7,5,10,83.3,1,0,1,0,0,76,2010,Round 3,2010-04-10,4987
Richmond,Tyrone Vickery,7,5,9,75.0,1,0,0,3,0,64,2010,Round 3,2010-04-10,4987
Richmond,Mitch Morton,4,6,5,45.5,0,0,0,1,0,88,2010,Round 3,2010-04-10,4987
Richmond,Luke Mcguane,2,8,6,60.0,0,0,0,4,1,92,2010,Round 3,2010-04-10,4987
Richmond,Matthew White,2,8,7,70.0,0,0,0,1,0,81,2010,Round 3,2010-04-10,4987
Richmond,Richard Tambling,2,7,7,77.8,0,1,0,3,0,85,2010,Round 3,2010-04-10,4987
Richmond,Trent Cotchin,4,6,8,88.9,0,0,0,2,0,79,2010,Round 3,2010-04-10,4987
Richmond,Kelvin Moore,1,6,7,100.0,0,0,0,4,0,92,2010,Round 3,2010-04-10,4987
Richmond,Alex Rance,5,2,6,85.7,0,0,0,2,0,93,2010,Round 3,2010-04-10,4987
Richmond,Jaydyn Post,3,4,6,85.7,1,0,0,1,1,78,2010,Round 3,2010-04-10,4987
Richmond,Relton Roberts,1,2,4,66.7,0,0,0,0,0,58,2010,Round 3,2010-04-10,4987
Carlton,Andrew Carrazzo,12,14,17,65.4,0,0,1,1,0,79,2010,Round 3,2010-04-10,4988
Carlton,Kade Simpson,10,14,14,58.3,1,1,1,4,1,89,2010,Round 3,2010-04-10,4988
Carlton,Marc Murphy,14,9,18,78.3,0,1,0,2,0,90,2010,Round 3,2010-04-10,4988
Carlton,Heath Scotland,10,9,9,45.0,0,0,0,2,2,87,2010,Round 3,2010-04-10,4988
Carlton,Bryce Gibbs,9,11,15,75.0,0,0,0,3,1,87,2010,Round 3,2010-04-10,4988
Carlton,Andrew Walker,4,14,12,63.2,0,0,0,9,1,95,2010,Round 3,2010-04-10,4988
Carlton,Edward Betts,8,7,9,56.2,0,3,4,1,0,86,2010,Round 3,2010-04-10,4988
Carlton,Kane Lucas,6,10,12,75.0,1,0,0,4,1,74,2010,Round 3,2010-04-10,4988
Carlton,Ryan Houlihan,5,10,8,53.3,0,1,0,1,0,78,2010,Round 3,2010-04-10,4988
Carlton,Jordan Russell,5,8,12,85.7,0,0,0,2,0,88,2010,Round 3,2010-04-10,4988
Carlton,Lachlan Henderson,4,10,9,64.3,2,0,2,0,0,86,2010,Round 3,2010-04-10,4988
Carlton,Jarrad Waite,1,12,5,38.5,0,0,2,1,0,87,2010,Round 3,2010-04-10,4988
Carlton,Mitch Robinson,4,8,12,92.3,0,0,0,1,1,80,2010,Round 3,2010-04-10,4988
Carlton,Christopher Yarran,4,8,8,66.7,1,1,1,3,4,72,2010,Round 3,2010-04-10,4988
Carlton,Matthew Kreuzer,3,8,6,54.5,0,0,0,1,0,72,2010,Round 3,2010-04-10,4988
Carlton,Bret Thornton,2,8,8,80.0,1,0,0,9,0,97,2010,Round 3,2010-04-10,4988
Carlton,Robert Warnock,5,4,5,55.6,0,0,0,1,0,53,2010,Round 3,2010-04-10,4988
Carlton,Dennis Armfield,6,3,5,55.6,0,0,0,3,0,87,2010,Round 3,2010-04-10,4988
Carlton,Setanta O Hailpin,3,4,4,50.0,0,1,0,1,1,81,2010,Round 3,2010-04-10,4988
Carlton,Michael Jamison,2,6,6,75.0,0,0,0,6,0,97,2010,Round 3,2010-04-10,4988
Carlton,Aaron Joseph,4,3,5,71.4,1,0,0,4,0,86,2010,Round 3,2010-04-10,4988
Carlton,Brock Mclean,5,2,3,50.0,0,0,0,1,0,48,2010,Round 3,2010-04-10,4988
Essendon,Nathan Lovett Murray,11,19,23,74.2,0,0,0,1,1,71,2010,Round 3,2010-04-10,4988
Essendon,Rick Dyson,8,15,23,82.1,0,1,0,2,5,88,2010,Round 3,2010-04-10,4988
Essendon,Brent Stanton,6,21,17,63.0,0,0,0,1,0,74,2010,Round 3,2010-04-10,4988
Essendon,Jobe Watson,16,9,19,73.1,0,1,0,1,0,77,2010,Round 3,2010-04-10,4988
Essendon,Bachar Houli,4,21,18,72.0,0,0,0,4,4,83,2010,Round 3,2010-04-10,4988
Essendon,Courtenay Dempsey,5,14,16,72.7,0,1,0,5,1,83,2010,Round 3,2010-04-10,4988
Essendon,Tayte Pears,10,13,17,77.3,2,0,0,5,0,84,2010,Round 3,2010-04-10,4988
Essendon,Dustin Fletcher,5,15,18,90.0,0,0,0,11,0,87,2010,Round 3,2010-04-10,4988
Essendon,Travis Colyer,6,13,12,63.2,0,0,0,0,2,76,2010,Round 3,2010-04-10,4988
Essendon,Jake Melksham,14,4,7,38.9,0,1,0,5,0,73,2010,Round 3,2010-04-10,4988
Essendon,Jason Winderlich,3,14,13,76.5,0,1,0,1,0,76,2010,Round 3,2010-04-10,4988
Essendon,Kyle Reimers,5,13,12,70.6,2,2,4,0,1,86,2010,Round 3,2010-04-10,4988
Essendon,Andrew Welsh,7,9,13,81.2,1,0,0,0,0,77,2010,Round 3,2010-04-10,4988
Essendon,Heath Hocking,5,11,11,68.8,0,0,1,2,2,85,2010,Round 3,2010-04-10,4988
Essendon,Cale Hooker,4,10,11,68.8,0,0,0,6,1,82,2010,Round 3,2010-04-10,4988
Essendon,David Hille,3,12,12,80.0,0,0,0,2,0,88,2010,Round 3,2010-04-10,4988
Essendon,David Zaharakis,10,4,5,33.3,0,1,2,0,1,83,2010,Round 3,2010-04-10,4988
Essendon,Henry Slattery,3,9,10,83.3,0,0,0,5,0,91,2010,Round 3,2010-04-10,4988
Essendon,Patrick Ryder,4,7,9,75.0,2,0,2,2,0,89,2010,Round 3,2010-04-10,4988
Essendon,Samuel Lonergan,3,9,9,75.0,0,0,0,0,0,85,2010,Round 3,2010-04-10,4988
Essendon,Scott Gumbleton,5,5,6,60.0,2,0,2,3,0,83,2010,Round 3,2010-04-10,4988
Essendon,Mark Williams,2,4,7,87.5,1,0,2,0,0,80,2010,Round 3,2010-04-10,4988
Melbourne,James Frawley,7,16,21,84.0,1,0,0,6,1,95,2010,Round 3,2010-04-11,4990
Melbourne,James Mcdonald,9,16,15,62.5,0,0,1,2,0,76,2010,Round 3,2010-04-11,4990
Melbourne,Cameron Bruce,4,18,19,82.6,0,0,1,5,4,88,2010,Round 3,2010-04-11,4990
Melbourne,Brent Moloney,8,15,15,65.2,0,0,1,0,7,78,2010,Round 3,2010-04-11,4990
Melbourne,Jack Trengove,5,19,14,60.9,0,0,0,1,3,81,2010,Round 3,2010-04-11,4990
Melbourne,Brad Green,9,12,12,57.1,2,1,3,1,1,93,2010,Round 3,2010-04-11,4990
Melbourne,Rohan Bail,7,13,14,66.7,0,1,1,1,0,91,2010,Round 3,2010-04-11,4990
Melbourne,Aaron Davey,7,13,17,85.0,0,0,0,0,2,66,2010,Round 3,2010-04-11,4990
Melbourne,Lynden Dunn,5,16,12,60.0,0,1,2,0,0,85,2010,Round 3,2010-04-11,4990
Melbourne,Nathan Jones,6,14,17,85.0,0,0,0,2,0,70,2010,Round 3,2010-04-11,4990
Melbourne,Clint Bartram,9,12,18,90.0,0,0,0,1,1,86,2010,Round 3,2010-04-11,4990
Melbourne,Jack Grimes,5,13,15,75.0,2,0,0,1,2,90,2010,Round 3,2010-04-11,4990
Melbourne,Jamie Bennell,6,14,15,75.0,2,0,1,2,0,83,2010,Round 3,2010-04-11,4990
Melbourne,Joel Macdonald,7,11,16,84.2,1,0,1,3,0,65,2010,Round 3,2010-04-11,4990
Melbourne,Tom Scully,3,15,12,66.7,0,0,1,0,2,81,2010,Round 3,2010-04-11,4990
Melbourne,Matthew Bate,2,15,11,68.8,0,0,0,1,0,80,2010,Round 3,2010-04-11,4990
Melbourne,Jordie Mckenzie,6,10,12,75.0,0,0,0,0,0,69,2010,Round 3,2010-04-11,4990
Melbourne,Michael Newton,4,7,7,63.6,1,0,0,3,0,71,2010,Round 3,2010-04-11,4990
Melbourne,Colin Garland,5,6,11,100.0,0,0,0,5,0,79,2010,Round 3,2010-04-11,4990
Melbourne,Matthew Warnock,5,4,8,80.0,0,0,0,7,0,96,2010,Round 3,2010-04-11,4990
Melbourne,Ricky Petterd,1,6,6,75.0,0,0,0,3,0,92,2010,Round 3,2010-04-11,4990
Melbourne,Mark Jamar,3,4,6,85.7,2,1,0,3,0,85,2010,Round 3,2010-04-11,4990
Adelaide,Bernie Vince,8,24,26,72.2,0,0,0,1,0,85,2010,Round 3,2010-04-11,4990
Adelaide,Simon Goodwin,8,26,29,82.9,1,0,0,6,1,92,2010,Round 3,2010-04-11,4990
Adelaide,David Mackay,3,23,25,96.2,0,0,0,1,7,90,2010,Round 3,2010-04-11,4990
Adelaide,Michael Doughty,4,21,18,72.0,0,1,0,5,0,97,2010,Round 3,2010-04-11,4990
Adelaide,Scott Thompson,7,16,17,70.8,0,1,0,0,0,83,2010,Round 3,2010-04-11,4990
Adelaide,Tyson Edwards,4,18,19,82.6,0,0,0,2,2,93,2010,Round 3,2010-04-11,4990
Adelaide,Richard Douglas,6,14,15,75.0,0,0,0,1,3,84,2010,Round 3,2010-04-11,4990
Adelaide,Chris Schmidt,4,15,18,90.0,0,0,0,4,2,83,2010,Round 3,2010-04-11,4990
Adelaide,Brent Reilly,3,16,16,84.2,0,0,0,2,0,90,2010,Round 3,2010-04-11,4990
Adelaide,Ivan Maric,8,9,15,83.3,3,0,0,5,0,88,2010,Round 3,2010-04-11,4990
Adelaide,Jared Petrenko,8,9,11,64.7,1,0,0,1,0,90,2010,Round 3,2010-04-11,4990
Adelaide,Brett Burton,10,4,9,56.2,6,0,4,3,0,92,2010,Round 3,2010-04-11,4990
Adelaide,Nathan Bock,4,13,11,68.8,1,0,1,3,2,46,2010,Round 3,2010-04-11,4990
Adelaide,Chris Knights,4,12,12,75.0,1,0,1,2,0,92,2010,Round 3,2010-04-11,4990
Adelaide,Jason Porplyzia,5,11,10,62.5,0,0,1,2,0,93,2010,Round 3,2010-04-11,4990
Adelaide,Andrew Mcleod,4,11,11,78.6,0,0,0,4,2,99,2010,Round 3,2010-04-11,4990
Adelaide,Ben Rutten,1,13,13,92.9,0,0,0,2,2,100,2010,Round 3,2010-04-11,4990
Adelaide,Taylor Walker,5,9,11,78.6,0,0,1,0,1,85,2010,Round 3,2010-04-11,4990
Adelaide,Myke Cook,3,10,10,83.3,0,0,0,0,0,81,2010,Round 3,2010-04-11,4990
Adelaide,Patrick Dangerfield,8,3,6,54.5,0,0,0,1,0,49,2010,Round 3,2010-04-11,4990
Adelaide,Kurt Tippett,6,1,3,42.9,2,0,1,1,0,80,2010,Round 3,2010-04-11,4990
Adelaide,Trent Hentschel,1,2,3,100.0,0,0,0,0,0,7,2010,Round 3,2010-04-11,4990
Western Bulldogs,Matthew Boyd,15,21,23,65.7,0,0,0,1,2,93,2010,Round 3,2010-04-11,4991
Western Bulldogs,Ryan Griffen,5,30,27,79.4,0,0,0,1,4,86,2010,Round 3,2010-04-11,4991
Western Bulldogs,Daniel Cross,10,18,22,78.6,0,2,0,4,0,92,2010,Round 3,2010-04-11,4991
Western Bulldogs,Brian Harris,10,17,19,70.4,2,0,0,6,2,98,2010,Round 3,2010-04-11,4991
Western Bulldogs,Adam Cooney,9,18,21,77.8,0,1,0,0,0,87,2010,Round 3,2010-04-11,4991
Western Bulldogs,Shaun Higgins,8,18,17,63.0,0,1,0,3,0,85,2010,Round 3,2010-04-11,4991
Western Bulldogs,Lindsay Gilbee,4,18,22,88.0,1,1,0,5,0,87,2010,Round 3,2010-04-11,4991
Western Bulldogs,Jarrod Harbrow,4,19,15,65.2,1,0,0,1,2,88,2010,Round 3,2010-04-11,4991
Western Bulldogs,Daniel Giansiracusa,0,17,16,88.9,0,1,0,1,0,82,2010,Round 3,2010-04-11,4991
Western Bulldogs,Will Minson,6,11,10,62.5,1,1,1,0,0,76,2010,Round 3,2010-04-11,4991
Western Bulldogs,Andrejs Everitt,6,9,13,81.2,1,1,0,1,0,88,2010,Round 3,2010-04-11,4991
Western Bulldogs,Josh Hill,5,8,10,71.4,1,1,2,2,0,94,2010,Round 3,2010-04-11,4991
Western Bulldogs,Barry Hall,6,7,8,61.5,3,0,8,1,0,98,2010,Round 3,2010-04-11,4991
Western Bulldogs,Robert Murphy,8,6,10,76.9,2,0,2,2,0,89,2010,Round 3,2010-04-11,4991
Western Bulldogs,Tom Williams,5,8,11,84.6,2,0,0,4,0,78,2010,Round 3,2010-04-11,4991
Western Bulldogs,Brodie Moles,0,0,0,0.0,0,0,0,0,0,0,2010,Round 3,2010-04-11,4991
Western Bulldogs,Mitchell Hahn,5,7,8,66.7,0,1,1,1,1,86,2010,Round 3,2010-04-11,4991
Western Bulldogs,Ben Hudson,5,8,10,83.3,0,1,0,2,0,73,2010,Round 3,2010-04-11,4991
Western Bulldogs,Jason Akermanis,5,5,5,50.0,1,0,0,1,0,51,2010,Round 3,2010-04-11,4991
Western Bulldogs,Liam Picken,3,7,5,50.0,0,0,0,3,0,88,2010,Round 3,2010-04-11,4991
Western Bulldogs,Dale Morris,2,6,7,87.5,1,0,0,8,0,100,2010,Round 3,2010-04-11,4991
Western Bulldogs,Ryan Hargrave,1,1,1,50.0,1,0,0,0,0,3,2010,Round 3,2010-04-11,4991
Hawthorn,Sam Mitchell,7,27,17,50.0,0,0,1,1,1,90,2010,Round 3,2010-04-11,4991
Hawthorn,Luke Hodge,11,21,29,85.3,0,0,0,4,2,85,2010,Round 3,2010-04-11,4991
Hawthorn,Cyril Rioli,11,14,17,70.8,0,0,0,0,0,72,2010,Round 3,2010-04-11,4991
Hawthorn,Grant Birchall,8,16,18,78.3,0,0,0,2,1,83,2010,Round 3,2010-04-11,4991
Hawthorn,Jordan Lewis,4,17,14,63.6,0,1,0,0,0,64,2010,Round 3,2010-04-11,4991
Hawthorn,Brent Guerra,5,14,19,90.5,0,1,1,3,0,79,2010,Round 3,2010-04-11,4991
Hawthorn,Xavier Ellis,6,15,13,61.9,0,0,1,1,0,83,2010,Round 3,2010-04-11,4991
Hawthorn,Rick Ladson,4,15,13,65.0,0,0,0,4,0,75,2010,Round 3,2010-04-11,4991
Hawthorn,Lance Franklin,7,13,16,80.0,0,0,0,2,0,96,2010,Round 3,2010-04-11,4991
Hawthorn,Carl Peterson,6,14,14,70.0,1,1,1,0,0,74,2010,Round 3,2010-04-11,4991
Hawthorn,Garry Moss,5,15,17,89.5,0,2,0,1,0,81,2010,Round 3,2010-04-11,4991
Hawthorn,Matthew Suckling,4,14,14,73.7,0,0,0,3,0,75,2010,Round 3,2010-04-11,4991
Hawthorn,Benjamin Stratton,5,10,8,53.3,2,0,0,3,0,95,2010,Round 3,2010-04-11,4991
Hawthorn,Campbell Brown,9,5,8,57.1,0,2,1,3,0,100,2010,Round 3,2010-04-11,4991
Hawthorn,Stephen Gilham,2,11,13,100.0,0,0,0,4,0,100,2010,Round 3,2010-04-11,4991
Hawthorn,Jarryd Roughead,7,7,7,53.8,3,1,5,2,0,100,2010,Round 3,2010-04-11,4991
Hawthorn,Brent Renouf,2,10,9,75.0,0,0,0,3,0,88,2010,Round 3,2010-04-11,4991
Hawthorn,Ryan Schoenmakers,3,8,9,81.8,0,1,0,3,0,85,2010,Round 3,2010-04-11,4991
Hawthorn,Chance Bateman,2,8,6,60.0,1,0,0,2,0,85,2010,Round 3,2010-04-11,4991
Hawthorn,Jarryd Morton,2,7,8,88.9,0,1,1,3,0,86,2010,Round 3,2010-04-11,4991
Hawthorn,Thomas Murphy,3,3,5,83.3,0,0,0,2,0,97,2010,Round 3,2010-04-11,4991
Hawthorn,Joshua Gibson,1,0,1,100.0,0,0,0,0,0,7,2010,Round 3,2010-04-11,4991
Fremantle,Matthew Pavlich,16,9,15,57.7,2,0,2,2,1,95,2010,Round 3,2010-04-11,4992
Fremantle,Paul Duffield,7,13,19,76.0,0,1,0,6,5,96,2010,Round 3,2010-04-11,4992
Fremantle,Stephen Hill,10,13,14,60.9,0,1,0,1,1,85,2010,Round 3,2010-04-11,4992
Fremantle,Paul Hasleby,1,19,13,68.4,0,2,3,2,0,61,2010,Round 3,2010-04-11,4992
Fremantle,David Mundy,4,15,14,73.7,0,0,1,1,0,77,2010,Round 3,2010-04-11,4992
Fremantle,Greg Broughton,6,13,17,89.5,2,0,0,4,2,91,2010,Round 3,2010-04-11,4992
Fremantle,Ryan Crowley,10,8,12,66.7,1,0,0,2,0,85,2010,Round 3,2010-04-11,4992
Fremantle,Christopher Mayne,4,12,12,70.6,0,2,1,1,0,86,2010,Round 3,2010-04-11,4992
Fremantle,Michael Barlow,5,12,11,64.7,0,0,0,0,0,76,2010,Round 3,2010-04-11,4992
Fremantle,Aaron Sandilands,11,5,11,68.8,2,1,0,5,0,95,2010,Round 3,2010-04-11,4992
Fremantle,Michael Johnson,7,7,12,80.0,1,0,1,3,0,95,2010,Round 3,2010-04-11,4992
Fremantle,Anthony Morabito,9,6,12,80.0,1,0,0,0,3,57,2010,Round 3,2010-04-11,4992
Fremantle,Luke Mcpharlin,5,9,11,78.6,2,0,0,5,0,96,2010,Round 3,2010-04-11,4992
Fremantle,Roger Hayden,3,10,9,69.2,0,0,1,3,0,77,2010,Round 3,2010-04-11,4992
Fremantle,Hayden Ballantyne,4,11,10,76.9,0,0,1,1,3,85,2010,Round 3,2010-04-11,4992
Fremantle,Des Headland,5,6,6,50.0,0,1,1,2,0,72,2010,Round 3,2010-04-11,4992
Fremantle,Nicholas Suban,3,7,9,81.8,0,1,0,1,1,66,2010,Round 3,2010-04-11,4992
Fremantle,Adam Mcphee,3,8,7,70.0,0,0,2,1,0,73,2010,Round 3,2010-04-11,4992
Fremantle,Steven Dodd,3,6,8,100.0,0,1,0,2,0,73,2010,Round 3,2010-04-11,4992
Fremantle,Jay Van Berlo,2,6,8,100.0,0,0,0,0,0,90,2010,Round 3,2010-04-11,4992
Fremantle,Matthew Deboer,3,4,5,71.4,0,0,0,0,0,75,2010,Round 3,2010-04-11,4992
Fremantle,Alex Silvagni,4,2,5,83.3,0,0,0,4,0,96,2010,Round 3,2010-04-11,4992
Geelong,Gary Jnr Ablett,19,13,23,69.7,0,0,0,1,3,87,2010,Round 3,2010-04-11,4992
Geelong,Paul Chapman,2,25,25,89.3,0,2,2,1,1,87,2010,Round 3,2010-04-11,4992
Geelong,Joel Selwood,11,16,20,74.1,0,0,0,1,0,80,2010,Round 3,2010-04-11,4992
Geelong,Corey Enright,8,16,20,76.9,0,0,0,6,0,94,2010,Round 3,2010-04-11,4992
Geelong,James Bartel,10,12,19,82.6,1,2,1,4,0,88,2010,Round 3,2010-04-11,4992
Geelong,Andrew Mackie,5,17,18,78.3,1,0,0,1,0,92,2010,Round 3,2010-04-11,4992
Geelong,Harry Taylor,8,13,15,65.2,2,0,0,8,1,95,2010,Round 3,2010-04-11,4992
Geelong,Joel Corey,11,12,17,77.3,0,1,0,2,0,85,2010,Round 3,2010-04-11,4992
Geelong,Cameron Ling,4,16,14,70.0,0,0,0,2,0,79,2010,Round 3,2010-04-11,4992
Geelong,Joshua Hunt,2,18,14,70.0,0,0,0,5,0,78,2010,Round 3,2010-04-11,4992
Geelong,Tom Lonergan,6,12,15,83.3,1,0,0,2,0,91,2010,Round 3,2010-04-11,4992
Geelong,James Podsiadly,10,7,12,70.6,6,2,5,2,0,93,2010,Round 3,2010-04-11,4992
Geelong,James Kelly,3,13,13,81.2,0,0,0,5,0,93,2010,Round 3,2010-04-11,4992
Geelong,Steve Johnson,1,16,11,68.8,1,0,2,3,2,91,2010,Round 3,2010-04-11,4992
Geelong,Shannon Byrnes,5,11,12,75.0,0,3,0,0,0,78,2010,Round 3,2010-04-11,4992
Geelong,Mark Blake,6,8,10,71.4,0,1,0,2,0,74,2010,Round 3,2010-04-11,4992
Geelong,Mitchell Duncan,7,7,9,69.2,2,0,0,2,0,80,2010,Round 3,2010-04-11,4992
Geelong,David Wojcinski,3,9,7,58.3,0,0,0,1,2,70,2010,Round 3,2010-04-11,4992
Geelong,Nathan Djerrkura,5,6,4,36.4,0,0,0,1,0,65,2010,Round 3,2010-04-11,4992
Geelong,Tom Hawkins,7,4,6,54.5,1,0,2,1,0,84,2010,Round 3,2010-04-11,4992
Geelong,Dawson Simpson,3,8,8,72.7,0,0,0,4,0,45,2010,Round 3,2010-04-11,4992
Geelong,Ryan Gamble,1,10,9,90.0,0,0,0,1,0,71,2010,Round 3,2010-04-11,4992
West Coast,Matthew Priddis,14,16,21,70.0,0,0,0,1,0,88,2010,Round 4,2010-04-16,5065
West Coast,Andrew Embley,10,16,13,46.4,0,0,0,0,0,83,2010,Round 4,2010-04-16,5065
West Coast,Beau Waters,5,25,19,67.9,0,0,0,2,1,84,2010,Round 4,2010-04-16,5065
West Coast,Bradley Ebert,8,13,15,71.4,0,0,0,4,0,81,2010,Round 4,2010-04-16,5065
West Coast,Dean Cox,12,7,13,68.4,0,0,0,0,0,76,2010,Round 4,2010-04-16,5065
West Coast,Adam Selwood,9,12,11,57.9,0,0,0,1,0,75,2010,Round 4,2010-04-16,5065
West Coast,Matthew Rosa,7,12,12,63.2,1,0,0,1,0,90,2010,Round 4,2010-04-16,5065
West Coast,Scott Selwood,4,15,14,73.7,0,1,0,3,0,87,2010,Round 4,2010-04-16,5065
West Coast,Chris Masten,3,14,9,52.9,0,1,0,4,0,73,2010,Round 4,2010-04-16,5065
West Coast,Bradd Dalziell,4,11,15,93.8,0,0,0,1,1,61,2010,Round 4,2010-04-16,5065
West Coast,Brett Jones,4,8,11,78.6,0,0,0,3,0,86,2010,Round 4,2010-04-16,5065
West Coast,Patrick Mcginnity,4,8,8,57.1,0,0,0,2,0,85,2010,Round 4,2010-04-16,5065
West Coast,Ashley Hansen,9,4,8,61.5,1,0,2,0,0,87,2010,Round 4,2010-04-16,5065
West Coast,Matthew Spangher,4,7,8,61.5,0,0,0,5,0,91,2010,Round 4,2010-04-16,5065
West Coast,Nicholas Naitanui,10,3,9,69.2,0,1,0,4,1,71,2010,Round 4,2010-04-16,5065
West Coast,Darren Glass,8,4,9,75.0,0,0,0,4,0,99,2010,Round 4,2010-04-16,5065
West Coast,Joshua Kennedy,6,6,8,66.7,1,1,1,2,0,87,2010,Round 4,2010-04-16,5065
West Coast,Mitchell Brown,6,6,6,50.0,1,0,1,2,0,91,2010,Round 4,2010-04-16,5065
West Coast,Daniel Kerr,6,4,9,90.0,0,0,0,1,0,43,2010,Round 4,2010-04-16,5065
West Coast,Will Schofield,3,7,10,100.0,0,0,0,7,0,88,2010,Round 4,2010-04-16,5065
West Coast,Ashton Hams,4,7,4,40.0,0,1,0,0,0,87,2010,Round 4,2010-04-16,5065
West Coast,Mark Lecras,2,5,6,75.0,0,0,2,1,0,88,2010,Round 4,2010-04-16,5065
Essendon,Jobe Watson,18,15,18,52.9,0,1,0,2,0,83,2010,Round 4,2010-04-16,5065
Essendon,Nathan Lovett Murray,6,14,9,40.9,0,0,0,2,0,80,2010,Round 4,2010-04-16,5065
Essendon,David Hille,6,13,11,52.4,1,0,2,4,0,79,2010,Round 4,2010-04-16,5065
Essendon,Andrew Welsh,7,14,14,66.7,0,1,0,0,0,81,2010,Round 4,2010-04-16,5065
Essendon,Dustin Fletcher,9,9,15,75.0,1,0,0,11,0,89,2010,Round 4,2010-04-16,5065
Essendon,Jason Winderlich,10,9,17,89.5,1,0,1,1,0,78,2010,Round 4,2010-04-16,5065
Essendon,Heath Hocking,5,14,14,73.7,0,1,0,0,1,82,2010,Round 4,2010-04-16,5065
Essendon,Bachar Houli,6,13,16,84.2,0,0,0,5,0,76,2010,Round 4,2010-04-16,5065
Essendon,Travis Colyer,7,12,10,52.6,0,1,0,2,3,67,2010,Round 4,2010-04-16,5065
Essendon,Jake Melksham,8,9,6,35.3,0,0,1,0,1,79,2010,Round 4,2010-04-16,5065
Essendon,Rick Dyson,8,8,12,75.0,0,0,0,3,0,87,2010,Round 4,2010-04-16,5065
Essendon,Cale Hooker,8,9,11,68.8,1,0,0,9,0,87,2010,Round 4,2010-04-16,5065
Essendon,Samuel Lonergan,5,9,6,40.0,1,0,0,0,0,88,2010,Round 4,2010-04-16,5065
Essendon,David Zaharakis,7,9,13,86.7,1,0,2,0,1,86,2010,Round 4,2010-04-16,5065
Essendon,Kyle Reimers,5,7,7,53.8,1,1,0,1,0,80,2010,Round 4,2010-04-16,5065
Essendon,Henry Slattery,5,7,8,66.7,0,0,0,2,1,86,2010,Round 4,2010-04-16,5065
Essendon,Patrick Ryder,8,5,10,83.3,0,0,1,1,0,81,2010,Round 4,2010-04-16,5065
Essendon,Courtenay Dempsey,2,10,8,66.7,0,0,0,2,1,81,2010,Round 4,2010-04-16,5065
Essendon,Tayte Pears,3,7,9,81.8,0,1,0,5,1,92,2010,Round 4,2010-04-16,5065
Essendon,Michael Hurley,4,5,6,66.7,1,1,1,2,0,78,2010,Round 4,2010-04-16,5065
Essendon,Scott Gumbleton,4,5,6,75.0,0,1,1,2,0,81,2010,Round 4,2010-04-16,5065
Essendon,Mark Williams,2,4,2,33.3,0,0,0,1,0,81,2010,Round 4,2010-04-16,5065
North Melbourne,Brent Harvey,4,20,19,76.0,1,1,1,0,2,91,2010,Round 4,2010-04-17,5066
North Melbourne,Leigh Adams,13,9,14,63.6,0,0,0,1,1,69,2010,Round 4,2010-04-17,5066
North Melbourne,Brady Rawlings,8,13,20,95.2,2,0,0,2,0,99,2010,Round 4,2010-04-17,5066
North Melbourne,Ryan Bastinac,3,16,10,50.0,0,0,1,0,3,79,2010,Round 4,2010-04-17,5066
North Melbourne,Daniel Wells,5,15,12,63.2,0,0,2,0,4,85,2010,Round 4,2010-04-17,5066
North Melbourne,Liam Anthony,3,15,11,64.7,0,0,0,0,0,67,2010,Round 4,2010-04-17,5066
North Melbourne,Hamish Mcintosh,7,7,9,64.3,1,0,0,1,0,79,2010,Round 4,2010-04-17,5066
North Melbourne,Andrew Swallow,8,5,8,61.5,1,1,0,0,0,76,2010,Round 4,2010-04-17,5066
North Melbourne,David Hale,6,6,7,58.3,0,0,2,3,0,84,2010,Round 4,2010-04-17,5066
North Melbourne,Gavin Urquhart,3,7,6,50.0,0,0,0,0,1,75,2010,Round 4,2010-04-17,5066
North Melbourne,Jack Ziebell,4,9,9,75.0,0,0,0,1,0,73,2010,Round 4,2010-04-17,5066
North Melbourne,Michael Firrito,3,7,7,63.6,0,0,0,4,0,96,2010,Round 4,2010-04-17,5066
North Melbourne,Aaron Edwards,4,6,7,70.0,0,0,2,1,0,86,2010,Round 4,2010-04-17,5066
North Melbourne,Scott Mcmahon,0,8,10,100.0,0,0,0,5,0,82,2010,Round 4,2010-04-17,5066
North Melbourne,Ben Warren,7,4,6,60.0,1,0,0,0,0,85,2010,Round 4,2010-04-17,5066
North Melbourne,Scott Thompson 1,3,6,9,90.0,0,0,0,4,1,95,2010,Round 4,2010-04-17,5066
North Melbourne,Lindsay Thomas,2,7,4,44.4,1,0,1,1,0,68,2010,Round 4,2010-04-17,5066
North Melbourne,Samuel Wright,4,5,4,44.4,0,0,0,1,0,81,2010,Round 4,2010-04-17,5066
North Melbourne,Lachlan Hansen,6,2,8,100.0,4,0,0,4,0,81,2010,Round 4,2010-04-17,5066
North Melbourne,Nathan Grima,2,5,7,100.0,0,0,0,6,2,95,2010,Round 4,2010-04-17,5066
North Melbourne,Leigh Harding,3,2,3,50.0,0,1,1,0,0,77,2010,Round 4,2010-04-17,5066
North Melbourne,Todd Goldstein,1,1,3,100.0,0,0,0,2,0,76,2010,Round 4,2010-04-17,5066
Sydney,Daniel Hannebery,12,15,20,74.1,1,0,1,1,2,77,2010,Round 4,2010-04-17,5066
Sydney,Tadhg Kennelly,1,23,21,87.5,0,0,0,2,1,92,2010,Round 4,2010-04-17,5066
Sydney,Jude Bolton,11,12,15,65.2,0,1,0,0,0,77,2010,Round 4,2010-04-17,5066
Sydney,Adam Goodes,4,16,13,61.9,0,1,0,1,0,88,2010,Round 4,2010-04-17,5066
Sydney,Rhyce Shaw,5,12,18,85.7,0,0,0,2,1,84,2010,Round 4,2010-04-17,5066
Sydney,Ryan O Keefe,3,16,15,78.9,0,1,4,1,1,90,2010,Round 4,2010-04-17,5066
Sydney,Kieran Jack,7,12,16,84.2,0,0,1,4,0,91,2010,Round 4,2010-04-17,5066
Sydney,Daniel Bradshaw,10,8,8,44.4,6,2,10,0,0,89,2010,Round 4,2010-04-17,5066
Sydney,Heath Grundy,5,11,14,82.4,1,0,0,5,0,96,2010,Round 4,2010-04-17,5066
Sydney,Lewis Jetta,4,13,13,76.5,0,0,1,1,1,75,2010,Round 4,2010-04-17,5066
Sydney,Brett Kirk,6,10,8,50.0,1,0,1,0,0,74,2010,Round 4,2010-04-17,5066
Sydney,Josh P  Kennedy,8,8,12,75.0,0,1,0,0,0,70,2010,Round 4,2010-04-17,5066
Sydney,Martin Mattner,5,9,11,73.3,0,0,0,1,4,87,2010,Round 4,2010-04-17,5066
Sydney,Jarred Moore,5,11,14,93.3,0,2,1,0,0,73,2010,Round 4,2010-04-17,5066
Sydney,Lewis Roberts Thomson,3,12,11,78.6,1,0,0,5,0,92,2010,Round 4,2010-04-17,5066
Sydney,Jarrad Mcveigh,3,11,9,64.3,0,0,0,2,0,84,2010,Round 4,2010-04-17,5066
Sydney,Nick Malceski,4,8,8,66.7,0,1,1,1,0,74,2010,Round 4,2010-04-17,5066
Sydney,Mark Seaby,6,5,9,75.0,0,0,0,4,0,58,2010,Round 4,2010-04-17,5066
Sydney,Shane Mumford,7,4,10,83.3,2,0,0,3,0,63,2010,Round 4,2010-04-17,5066
Sydney,Ben Mcglynn,7,5,8,72.7,0,0,0,1,0,85,2010,Round 4,2010-04-17,5066
Sydney,Craig Bolton,2,4,6,100.0,0,1,0,11,0,88,2010,Round 4,2010-04-17,5066
Sydney,Jesse White,2,3,5,100.0,2,0,1,2,0,93,2010,Round 4,2010-04-17,5066
Adelaide,Bernie Vince,5,25,24,77.4,0,0,0,3,0,79,2010,Round 4,2010-04-17,5067
Adelaide,Andrew Mcleod,3,21,26,100.0,0,0,0,1,0,88,2010,Round 4,2010-04-17,5067
Adelaide,Tyson Edwards,7,20,20,80.0,0,0,1,0,4,82,2010,Round 4,2010-04-17,5067
Adelaide,Chris Knights,6,17,18,78.3,0,0,2,0,0,82,2010,Round 4,2010-04-17,5067
Adelaide,David Mackay,2,16,14,73.7,0,1,0,0,4,68,2010,Round 4,2010-04-17,5067
Adelaide,Myke Cook,10,9,11,57.9,0,0,0,2,1,78,2010,Round 4,2010-04-17,5067
Adelaide,Brent Reilly,6,11,14,82.4,0,1,0,2,1,89,2010,Round 4,2010-04-17,5067
Adelaide,Scott Thompson,6,10,13,76.5,1,0,2,1,0,84,2010,Round 4,2010-04-17,5067
Adelaide,Brett Burton,6,10,9,56.2,1,0,3,0,0,77,2010,Round 4,2010-04-17,5067
Adelaide,Simon Goodwin,7,10,10,62.5,0,1,1,2,0,89,2010,Round 4,2010-04-17,5067
Adelaide,Phil Davis,3,13,15,93.8,1,0,0,4,2,88,2010,Round 4,2010-04-17,5067
Adelaide,Graham Johncock,2,13,12,80.0,1,0,1,7,0,84,2010,Round 4,2010-04-17,5067
Adelaide,Chris Schmidt,5,10,14,93.3,1,0,0,2,1,67,2010,Round 4,2010-04-17,5067
Adelaide,Taylor Walker,4,11,9,60.0,1,0,1,0,0,76,2010,Round 4,2010-04-17,5067
Adelaide,Patrick Dangerfield,8,8,6,42.9,0,0,2,4,1,79,2010,Round 4,2010-04-17,5067
Adelaide,Richard Douglas,3,11,9,69.2,0,0,2,1,0,72,2010,Round 4,2010-04-17,5067
Adelaide,Michael Doughty,5,7,11,91.7,1,0,0,6,0,83,2010,Round 4,2010-04-17,5067
Adelaide,Ben Rutten,1,11,11,91.7,0,0,0,1,2,100,2010,Round 4,2010-04-17,5067
Adelaide,Ivan Maric,2,8,8,80.0,0,0,0,2,0,82,2010,Round 4,2010-04-17,5067
Adelaide,Jason Porplyzia,6,5,5,50.0,0,0,0,0,0,87,2010,Round 4,2010-04-17,5067
Adelaide,Kurt Tippett,6,3,5,55.6,0,0,1,3,0,79,2010,Round 4,2010-04-17,5067
Adelaide,Jared Petrenko,3,7,7,77.8,1,0,0,0,0,85,2010,Round 4,2010-04-17,5067
Carlton,Andrew Walker,4,32,30,83.3,0,1,0,3,0,93,2010,Round 4,2010-04-17,5067
Carlton,Marc Murphy,4,28,27,84.4,0,1,2,1,0,77,2010,Round 4,2010-04-17,5067
Carlton,Chris Judd,15,17,20,66.7,0,0,0,1,0,87,2010,Round 4,2010-04-17,5067
Carlton,Kane Lucas,6,19,22,88.0,1,0,0,1,0,74,2010,Round 4,2010-04-17,5067
Carlton,Kade Simpson,5,19,20,83.3,0,1,2,1,1,84,2010,Round 4,2010-04-17,5067
Carlton,Bryce Gibbs,2,21,22,91.7,0,0,0,1,1,94,2010,Round 4,2010-04-17,5067
Carlton,Andrew Carrazzo,7,16,16,69.6,0,1,0,1,1,84,2010,Round 4,2010-04-17,5067
Carlton,Heath Scotland,6,16,20,90.9,0,0,0,0,0,80,2010,Round 4,2010-04-17,5067
Carlton,Ryan Houlihan,5,14,16,76.2,0,3,3,0,3,89,2010,Round 4,2010-04-17,5067
Carlton,Jordan Russell,2,17,15,78.9,0,0,0,3,1,87,2010,Round 4,2010-04-17,5067
Carlton,Simon White,2,16,15,83.3,0,0,1,3,0,77,2010,Round 4,2010-04-17,5067
Carlton,Edward Betts,6,13,13,76.5,0,1,3,1,0,84,2010,Round 4,2010-04-17,5067
Carlton,Matthew Kreuzer,3,11,11,78.6,0,0,0,3,0,59,2010,Round 4,2010-04-17,5067
Carlton,Lachlan Henderson,4,11,9,64.3,0,1,2,3,1,88,2010,Round 4,2010-04-17,5067
Carlton,Dennis Armfield,1,12,11,84.6,0,0,0,1,0,90,2010,Round 4,2010-04-17,5067
Carlton,Michael Jamison,2,10,11,91.7,1,0,0,6,0,94,2010,Round 4,2010-04-17,5067
Carlton,Jeff Gartlett,5,8,6,50.0,1,2,1,1,1,82,2010,Round 4,2010-04-17,5067
Carlton,Christopher Yarran,2,7,6,66.7,0,0,1,2,0,77,2010,Round 4,2010-04-17,5067
Carlton,Setanta O Hailpin,4,5,5,62.5,1,0,1,0,0,87,2010,Round 4,2010-04-17,5067
Carlton,Robert Warnock,7,2,6,75.0,0,0,0,3,0,60,2010,Round 4,2010-04-17,5067
Carlton,Mitch Robinson,4,3,7,100.0,0,0,0,2,0,68,2010,Round 4,2010-04-17,5067
Carlton,Aaron Joseph,2,4,5,83.3,0,0,0,1,0,83,2010,Round 4,2010-04-17,5067
Collingwood,Dane Swan,10,20,27,79.4,0,1,0,3,3,84,2010,Round 4,2010-04-17,5069
Collingwood,Alan Didak,8,22,23,79.3,0,1,0,1,0,73,2010,Round 4,2010-04-17,5069
Collingwood,Scott Pendlebury,4,23,22,81.5,0,0,0,2,1,82,2010,Round 4,2010-04-17,5069
Collingwood,Steele Sidebottom,9,17,22,81.5,0,0,0,2,0,77,2010,Round 4,2010-04-17,5069
Collingwood,Heath Shaw,2,18,23,88.5,1,0,0,3,6,92,2010,Round 4,2010-04-17,5069
Collingwood,Dale Thomas,7,16,20,76.9,1,0,1,3,1,73,2010,Round 4,2010-04-17,5069
Collingwood,Dayne Beams,8,17,20,80.0,0,2,0,0,0,73,2010,Round 4,2010-04-17,5069
Collingwood,Ben Johnson,3,19,18,81.8,0,1,0,1,0,89,2010,Round 4,2010-04-17,5069
Collingwood,Sharrod Wellingham,7,13,13,65.0,0,0,2,0,0,73,2010,Round 4,2010-04-17,5069
Collingwood,Paul Medhurst,5,12,15,88.2,0,2,1,2,0,84,2010,Round 4,2010-04-17,5069
Collingwood,Leon Davis,9,8,10,58.8,2,1,4,4,0,89,2010,Round 4,2010-04-17,5069
Collingwood,Travis Cloke,8,9,12,70.6,3,1,4,2,0,88,2010,Round 4,2010-04-17,5069
Collingwood,Nick Maxwell,7,9,13,81.2,1,0,0,5,3,83,2010,Round 4,2010-04-17,5069
Collingwood,Alan Toovey,6,8,10,66.7,0,0,0,3,1,96,2010,Round 4,2010-04-17,5069
Collingwood,Brent Macaffer,9,6,12,80.0,2,0,1,0,0,85,2010,Round 4,2010-04-17,5069
Collingwood,Luke Ball,3,11,9,64.3,0,0,0,2,0,65,2010,Round 4,2010-04-17,5069
Collingwood,Darren Jolly,8,6,9,64.3,2,0,1,1,0,78,2010,Round 4,2010-04-17,5069
Collingwood,Heritier O Brien,1,14,12,85.7,0,0,0,8,1,96,2010,Round 4,2010-04-17,5069
Collingwood,Tarkyn Lockyer,2,9,6,54.5,0,0,2,2,0,83,2010,Round 4,2010-04-17,5069
Collingwood,Josh Fraser,5,3,3,37.5,0,0,1,1,0,68,2010,Round 4,2010-04-17,5069
Collingwood,Simon Prestigiacomo,4,3,6,75.0,0,0,0,3,0,90,2010,Round 4,2010-04-17,5069
Collingwood,Leigh Brown,3,4,6,85.7,1,1,0,3,0,77,2010,Round 4,2010-04-17,5069
Hawthorn,Luke Hodge,14,18,27,79.4,1,0,0,0,0,86,2010,Round 4,2010-04-17,5069
Hawthorn,Chance Bateman,4,27,23,74.2,0,1,2,2,1,80,2010,Round 4,2010-04-17,5069
Hawthorn,Xavier Ellis,4,21,17,70.8,0,0,0,2,0,71,2010,Round 4,2010-04-17,5069
Hawthorn,Grant Birchall,7,17,18,75.0,0,0,0,2,0,84,2010,Round 4,2010-04-17,5069
Hawthorn,Sam Mitchell,5,18,15,65.2,0,0,0,2,0,64,2010,Round 4,2010-04-17,5069
Hawthorn,Brent Guerra,5,15,16,72.7,0,0,0,3,0,70,2010,Round 4,2010-04-17,5069
Hawthorn,Stephen Gilham,6,14,17,81.0,1,0,0,3,0,100,2010,Round 4,2010-04-17,5069
Hawthorn,Thomas Murphy,7,13,17,81.0,0,0,0,2,0,85,2010,Round 4,2010-04-17,5069
Hawthorn,Cyril Rioli,5,16,16,76.2,0,1,0,0,0,74,2010,Round 4,2010-04-17,5069
Hawthorn,Rick Ladson,3,13,14,77.8,0,0,0,4,1,79,2010,Round 4,2010-04-17,5069
Hawthorn,Jordan Lewis,7,10,12,70.6,1,0,0,0,0,82,2010,Round 4,2010-04-17,5069
Hawthorn,Brendan Whitecross,1,16,15,88.2,0,0,1,1,0,77,2010,Round 4,2010-04-17,5069
Hawthorn,Jarryd Morton,5,10,9,60.0,0,1,3,0,0,82,2010,Round 4,2010-04-17,5069
Hawthorn,Campbell Brown,3,11,10,71.4,1,0,2,2,0,90,2010,Round 4,2010-04-17,5069
Hawthorn,Ryan Schoenmakers,5,9,8,57.1,0,0,0,2,0,92,2010,Round 4,2010-04-17,5069
Hawthorn,Michael Osborne,4,8,9,75.0,0,0,0,0,2,70,2010,Round 4,2010-04-17,5069
Hawthorn,Jarryd Roughead,5,7,5,41.7,0,1,2,0,0,97,2010,Round 4,2010-04-17,5069
Hawthorn,Carl Peterson,3,10,8,72.7,0,1,1,0,0,74,2010,Round 4,2010-04-17,5069
Hawthorn,Clinton Young,1,10,6,60.0,0,0,1,2,1,73,2010,Round 4,2010-04-17,5069
Hawthorn,Brent Renouf,5,4,9,90.0,1,0,0,4,0,86,2010,Round 4,2010-04-17,5069
Hawthorn,Benjamin Stratton,5,5,4,40.0,1,0,0,2,0,97,2010,Round 4,2010-04-17,5069
Hawthorn,Garry Moss,1,7,4,50.0,1,0,0,2,0,88,2010,Round 4,2010-04-17,5069
Brisbane Lions,Luke Power,9,22,18,58.1,0,0,1,1,0,89,2010,Round 4,2010-04-17,5068
Brisbane Lions,Michael Rischitelli,11,17,22,78.6,0,0,0,3,0,81,2010,Round 4,2010-04-17,5068
Brisbane Lions,Jared Brennan,10,15,17,68.0,0,1,1,4,4,82,2010,Round 4,2010-04-17,5068
Brisbane Lions,Andrew Raines,10,15,20,83.3,1,1,0,0,1,88,2010,Round 4,2010-04-17,5068
Brisbane Lions,Travis Johnstone,6,13,15,71.4,0,0,1,5,1,91,2010,Round 4,2010-04-17,5068
Brisbane Lions,Tom Rockliff,5,16,14,70.0,0,1,1,2,0,81,2010,Round 4,2010-04-17,5068
Brisbane Lions,Jonathan Brown,7,14,8,42.1,1,0,6,2,0,96,2010,Round 4,2010-04-17,5068
Brisbane Lions,Albert Proud,5,14,15,78.9,0,2,1,3,1,66,2010,Round 4,2010-04-17,5068
Brisbane Lions,Justin Sherman,6,11,11,61.1,1,1,1,2,1,87,2010,Round 4,2010-04-17,5068
Brisbane Lions,James Hawksley,7,11,14,82.4,0,0,0,6,0,83,2010,Round 4,2010-04-17,5068
Brisbane Lions,Troy Selwood,5,9,14,87.5,0,1,0,1,0,67,2010,Round 4,2010-04-17,5068
Brisbane Lions,Josh Drummond,5,8,15,93.8,2,1,0,3,2,86,2010,Round 4,2010-04-17,5068
Brisbane Lions,Brendan Fevola,9,5,10,66.7,3,1,4,0,0,97,2010,Round 4,2010-04-17,5068
Brisbane Lions,Daniel Rich,3,11,11,73.3,0,0,0,1,0,77,2010,Round 4,2010-04-17,5068
Brisbane Lions,Brent Staker,4,10,9,64.3,0,0,1,2,0,92,2010,Round 4,2010-04-17,5068
Brisbane Lions,Matthew Leuenberger,4,11,6,42.9,0,0,0,3,1,76,2010,Round 4,2010-04-17,5068
Brisbane Lions,James Polkinghorne,4,9,9,64.3,0,0,0,2,0,75,2010,Round 4,2010-04-17,5068
Brisbane Lions,Jack Redden,6,8,8,57.1,1,0,1,3,0,69,2010,Round 4,2010-04-17,5068
Brisbane Lions,Joel Patfull,7,5,9,69.2,1,0,1,8,0,94,2010,Round 4,2010-04-17,5068
Brisbane Lions,Todd Banfield,7,6,8,66.7,0,0,0,1,2,82,2010,Round 4,2010-04-17,5068
Brisbane Lions,Daniel Merrett,3,7,8,80.0,0,0,0,5,0,99,2010,Round 4,2010-04-17,5068
Brisbane Lions,Matthew Maguire,5,3,4,57.1,2,0,0,2,0,39,2010,Round 4,2010-04-17,5068
Western Bulldogs,Matthew Boyd,13,14,15,55.6,1,0,0,2,0,91,2010,Round 4,2010-04-17,5068
Western Bulldogs,Ryan Griffen,8,19,19,73.1,0,1,0,1,3,85,2010,Round 4,2010-04-17,5068
Western Bulldogs,Daniel Cross,7,16,18,78.3,0,0,0,4,0,85,2010,Round 4,2010-04-17,5068
Western Bulldogs,Adam Cooney,8,16,16,69.6,0,0,0,0,0,86,2010,Round 4,2010-04-17,5068
Western Bulldogs,Shaun Higgins,5,18,16,69.6,0,0,1,1,1,84,2010,Round 4,2010-04-17,5068
Western Bulldogs,Jarrod Harbrow,8,12,18,85.7,0,1,0,2,0,83,2010,Round 4,2010-04-17,5068
Western Bulldogs,Brian Harris,10,7,14,77.8,2,0,0,8,0,96,2010,Round 4,2010-04-17,5068
Western Bulldogs,Ryan Hargrave,6,12,10,55.6,0,0,0,4,0,74,2010,Round 4,2010-04-17,5068
Western Bulldogs,Ben Hudson,12,5,11,64.7,1,0,0,1,0,69,2010,Round 4,2010-04-17,5068
Western Bulldogs,Dylan Addison,6,11,16,94.1,0,0,0,2,0,87,2010,Round 4,2010-04-17,5068
Western Bulldogs,Daniel Giansiracusa,5,9,9,60.0,1,0,2,1,0,82,2010,Round 4,2010-04-17,5068
Western Bulldogs,Nathan Eagleton,5,10,12,80.0,0,0,0,0,0,72,2010,Round 4,2010-04-17,5068
Western Bulldogs,Lindsay Gilbee,3,8,10,83.3,0,0,0,1,0,88,2010,Round 4,2010-04-17,5068
Western Bulldogs,Brodie Moles,0,0,0,0.0,0,1,0,0,0,0,2010,Round 4,2010-04-17,5068
Western Bulldogs,Tom Williams,2,6,8,72.7,1,0,0,2,0,51,2010,Round 4,2010-04-17,5068
Western Bulldogs,Josh Hill,1,10,10,90.9,0,0,1,1,1,81,2010,Round 4,2010-04-17,5068
Western Bulldogs,Andrejs Everitt,2,8,7,70.0,0,1,0,1,0,84,2010,Round 4,2010-04-17,5068
Western Bulldogs,Barry Hall,7,3,5,55.6,3,1,3,0,0,95,2010,Round 4,2010-04-17,5068
Western Bulldogs,Robert Murphy,1,8,8,88.9,0,0,1,0,1,78,2010,Round 4,2010-04-17,5068
Western Bulldogs,Dale Morris,7,2,7,77.8,0,0,0,6,0,97,2010,Round 4,2010-04-17,5068
Western Bulldogs,Will Minson,4,4,2,25.0,0,1,1,3,0,69,2010,Round 4,2010-04-17,5068
Western Bulldogs,Mitchell Hahn,2,4,4,57.1,0,2,0,1,0,89,2010,Round 4,2010-04-17,5068
Richmond,Shane Tuck,10,21,19,61.3,1,0,0,6,0,93,2010,Round 4,2010-04-18,5070
Richmond,Brett Deledio,5,21,23,85.2,0,0,0,4,0,87,2010,Round 4,2010-04-18,5070
Richmond,Andrew Collins 1,4,15,10,50.0,0,0,0,1,1,76,2010,Round 4,2010-04-18,5070
Richmond,Daniel Jackson,4,15,14,73.7,0,0,0,1,0,75,2010,Round 4,2010-04-18,5070
Richmond,Trent Cotchin,7,12,13,68.4,0,0,0,0,0,83,2010,Round 4,2010-04-18,5070
Richmond,Jack Riewoldt,12,6,11,61.1,4,1,2,4,0,97,2010,Round 4,2010-04-18,5070
Richmond,Kelvin Moore,6,11,14,82.4,2,0,0,10,0,95,2010,Round 4,2010-04-18,5070
Richmond,Shane Edwards,6,13,12,70.6,0,0,0,0,1,82,2010,Round 4,2010-04-18,5070
Richmond,Dustin Martin,9,8,12,70.6,0,0,0,3,0,78,2010,Round 4,2010-04-18,5070
Richmond,Tom Hislop,8,8,8,53.3,1,0,2,3,0,75,2010,Round 4,2010-04-18,5070
Richmond,Ben Nason,7,8,11,78.6,0,0,0,1,4,78,2010,Round 4,2010-04-18,5070
Richmond,Richard Tambling,5,7,8,66.7,1,0,0,0,0,84,2010,Round 4,2010-04-18,5070
Richmond,Mitch Morton,5,6,7,63.6,0,0,0,1,0,79,2010,Round 4,2010-04-18,5070
Richmond,Matthew White,5,6,9,81.8,0,0,0,1,0,84,2010,Round 4,2010-04-18,5070
Richmond,Mitchell Farmer,7,4,7,63.6,0,0,0,1,0,78,2010,Round 4,2010-04-18,5070
Richmond,Alex Rance,4,6,8,80.0,1,0,0,2,2,91,2010,Round 4,2010-04-18,5070
Richmond,Troy Simmonds,5,6,4,44.4,0,0,0,0,0,60,2010,Round 4,2010-04-18,5070
Richmond,Matthew Dea,4,6,7,77.8,0,0,0,1,0,82,2010,Round 4,2010-04-18,5070
Richmond,Troy Taylor,8,2,4,44.4,1,0,0,1,0,88,2010,Round 4,2010-04-18,5070
Richmond,Tyrone Vickery,5,3,5,62.5,0,1,0,1,0,55,2010,Round 4,2010-04-18,5070
Richmond,Jaydyn Post,1,7,7,87.5,0,0,0,3,0,89,2010,Round 4,2010-04-18,5070
Richmond,David Astbury,2,4,4,57.1,0,0,0,2,0,91,2010,Round 4,2010-04-18,5070
Melbourne,Brent Moloney,13,25,28,75.7,0,2,0,2,4,77,2010,Round 4,2010-04-18,5070
Melbourne,James Mcdonald,11,18,23,76.7,0,2,0,2,4,73,2010,Round 4,2010-04-18,5070
Melbourne,Cameron Bruce,7,22,26,89.7,1,0,0,0,1,88,2010,Round 4,2010-04-18,5070
Melbourne,Nathan Jones,4,23,20,74.1,0,1,1,1,0,83,2010,Round 4,2010-04-18,5070
Melbourne,Tom Scully,8,19,19,73.1,0,2,0,1,3,68,2010,Round 4,2010-04-18,5070
Melbourne,Brad Green,3,20,17,70.8,0,0,2,1,0,92,2010,Round 4,2010-04-18,5070
Melbourne,Jordie Mckenzie,9,13,16,72.7,1,0,0,2,0,70,2010,Round 4,2010-04-18,5070
Melbourne,Aaron Davey,5,15,16,76.2,0,1,0,2,0,59,2010,Round 4,2010-04-18,5070
Melbourne,Joel Macdonald,5,15,17,85.0,1,1,0,2,1,78,2010,Round 4,2010-04-18,5070
Melbourne,Colin Sylvia,7,15,15,75.0,1,2,6,0,1,86,2010,Round 4,2010-04-18,5070
Melbourne,Lynden Dunn,3,17,14,70.0,1,0,1,1,0,78,2010,Round 4,2010-04-18,5070
Melbourne,Jack Grimes,7,14,18,90.0,2,1,0,3,3,86,2010,Round 4,2010-04-18,5070
Melbourne,Jack Trengove,9,11,15,75.0,1,0,1,0,0,80,2010,Round 4,2010-04-18,5070
Melbourne,Matthew Bate,6,11,9,50.0,1,0,3,1,0,92,2010,Round 4,2010-04-18,5070
Melbourne,Ricky Petterd,5,11,10,62.5,1,1,2,5,0,83,2010,Round 4,2010-04-18,5070
Melbourne,Colin Garland,4,10,12,80.0,0,0,0,7,0,83,2010,Round 4,2010-04-18,5070
Melbourne,Clint Bartram,3,12,12,85.7,0,0,1,2,0,78,2010,Round 4,2010-04-18,5070
Melbourne,James Frawley,2,9,11,84.6,1,0,0,5,0,93,2010,Round 4,2010-04-18,5070
Melbourne,Rohan Bail,3,9,11,91.7,1,1,1,0,0,92,2010,Round 4,2010-04-18,5070
Melbourne,Mark Jamar,5,4,8,88.9,1,0,0,0,0,83,2010,Round 4,2010-04-18,5070
Melbourne,Matthew Warnock,3,6,7,77.8,1,0,0,6,2,94,2010,Round 4,2010-04-18,5070
Melbourne,Jamie Bennell,4,6,9,100.0,1,2,0,0,0,83,2010,Round 4,2010-04-18,5070
Geelong,Gary Jnr Ablett,9,28,31,83.8,0,1,2,1,1,94,2010,Round 4,2010-04-18,5071
Geelong,Joel Corey,9,27,29,78.4,0,4,0,2,1,78,2010,Round 4,2010-04-18,5071
Geelong,Corey Enright,9,23,30,90.9,2,0,0,3,0,87,2010,Round 4,2010-04-18,5071
Geelong,Harry Taylor,15,13,25,83.3,5,0,0,2,1,86,2010,Round 4,2010-04-18,5071
Geelong,Paul Chapman,6,24,23,82.1,2,2,2,2,0,85,2010,Round 4,2010-04-18,5071
Geelong,James Kelly,6,24,24,85.7,0,0,0,1,0,86,2010,Round 4,2010-04-18,5071
Geelong,Cameron Ling,9,17,21,80.8,0,0,0,2,0,83,2010,Round 4,2010-04-18,5071
Geelong,David Wojcinski,7,20,23,88.5,2,0,0,1,3,77,2010,Round 4,2010-04-18,5071
Geelong,James Bartel,6,17,20,76.9,1,3,2,3,0,89,2010,Round 4,2010-04-18,5071
Geelong,Darren Milburn,9,14,20,87.0,0,0,0,4,1,84,2010,Round 4,2010-04-18,5071
Geelong,Mitchell Duncan,6,14,16,80.0,1,1,1,3,0,80,2010,Round 4,2010-04-18,5071
Geelong,Tom Lonergan,6,13,15,78.9,1,0,0,6,1,88,2010,Round 4,2010-04-18,5071
Geelong,Andrew Mackie,2,17,17,89.5,0,0,0,1,0,87,2010,Round 4,2010-04-18,5071
Geelong,Joel Selwood,6,14,16,84.2,0,1,0,1,0,79,2010,Round 4,2010-04-18,5071
Geelong,Joshua Hunt,5,11,16,94.1,1,0,0,4,0,83,2010,Round 4,2010-04-18,5071
Geelong,Cameron Mooney,8,8,12,75.0,4,3,7,3,0,85,2010,Round 4,2010-04-18,5071
Geelong,Steve Johnson,4,11,11,68.8,1,1,4,1,0,82,2010,Round 4,2010-04-18,5071
Geelong,Tom Hawkins,4,11,11,73.3,1,2,2,3,0,87,2010,Round 4,2010-04-18,5071
Geelong,Shannon Byrnes,1,14,9,64.3,0,0,1,0,0,81,2010,Round 4,2010-04-18,5071
Geelong,James Podsiadly,5,10,9,64.3,1,1,5,0,0,81,2010,Round 4,2010-04-18,5071
Geelong,Mark Blake,3,6,8,88.9,1,0,0,3,0,51,2010,Round 4,2010-04-18,5071
Geelong,Brad Ottens,5,2,5,71.4,1,0,2,1,0,66,2010,Round 4,2010-04-18,5071
Port Adelaide,Kane Cornes,12,17,22,75.9,0,0,0,3,1,85,2010,Round 4,2010-04-18,5071
Port Adelaide,Danyle Pearce,6,20,21,84.0,0,0,0,1,2,83,2010,Round 4,2010-04-18,5071
Port Adelaide,Domenic Cassisi,9,13,14,63.6,0,1,0,0,0,88,2010,Round 4,2010-04-18,5071
Port Adelaide,Alipate Carlile,2,16,18,85.7,0,0,0,8,0,95,2010,Round 4,2010-04-18,5071
Port Adelaide,Steven Salopek,7,13,12,60.0,0,0,0,1,1,85,2010,Round 4,2010-04-18,5071
Port Adelaide,Troy Chaplin,6,13,14,73.7,3,0,0,6,0,100,2010,Round 4,2010-04-18,5071
Port Adelaide,Jason Davenport,8,11,17,89.5,0,3,1,2,0,83,2010,Round 4,2010-04-18,5071
Port Adelaide,Jacob Surjan,6,12,14,77.8,0,0,0,1,0,91,2010,Round 4,2010-04-18,5071
Port Adelaide,Nathan Krakouer,2,11,14,77.8,0,0,0,1,0,69,2010,Round 4,2010-04-18,5071
Port Adelaide,Robert Gray,6,12,13,72.2,0,0,0,1,2,74,2010,Round 4,2010-04-18,5071
Port Adelaide,Travis Boak,7,11,13,76.5,0,0,0,0,1,73,2010,Round 4,2010-04-18,5071
Port Adelaide,Tom Logan,6,10,13,81.2,1,0,0,0,0,84,2010,Round 4,2010-04-18,5071
Port Adelaide,Warren Tredrea,4,11,9,60.0,0,0,1,0,0,85,2010,Round 4,2010-04-18,5071
Port Adelaide,David Rodan,6,8,9,60.0,0,1,0,0,1,66,2010,Round 4,2010-04-18,5071
Port Adelaide,Justin Westhoff,5,9,10,66.7,1,1,0,0,0,83,2010,Round 4,2010-04-18,5071
Port Adelaide,Matt Thomas,2,11,7,53.8,0,0,0,1,1,67,2010,Round 4,2010-04-18,5071
Port Adelaide,Brett Ebert,2,9,7,63.6,1,0,0,0,0,90,2010,Round 4,2010-04-18,5071
Port Adelaide,Dean Brogan,5,3,7,77.8,1,1,0,1,0,77,2010,Round 4,2010-04-18,5071
Port Adelaide,Chad Cornes,3,6,8,88.9,1,0,0,3,0,70,2010,Round 4,2010-04-18,5071
Port Adelaide,Cameron Hitchcock,4,6,4,44.4,0,0,1,1,1,80,2010,Round 4,2010-04-18,5071
Port Adelaide,Jackson Trengove,0,8,5,71.4,0,0,0,1,0,90,2010,Round 4,2010-04-18,5071
Port Adelaide,Daniel Stewart,0,0,0,0.0,0,0,0,0,0,0,2010,Round 4,2010-04-18,5071
St Kilda,Nick Dal Santo,13,21,25,71.4,0,0,0,1,1,86,2010,Round 4,2010-04-18,5072
St Kilda,Clinton Jones,12,22,24,72.7,0,0,0,0,0,79,2010,Round 4,2010-04-18,5072
St Kilda,Leigh Montagna,9,20,15,53.6,0,2,0,0,0,82,2010,Round 4,2010-04-18,5072
St Kilda,Jason Gram,5,23,24,85.7,0,0,0,1,0,87,2010,Round 4,2010-04-18,5072
St Kilda,Lenny Hayes,14,13,18,66.7,0,0,0,4,0,70,2010,Round 4,2010-04-18,5072
St Kilda,Jarryn Geary,8,17,16,64.0,1,0,0,2,0,90,2010,Round 4,2010-04-18,5072
St Kilda,David Armitage,13,11,19,79.2,0,0,1,3,0,70,2010,Round 4,2010-04-18,5072
St Kilda,Stephen Milne,8,12,13,61.9,0,1,3,2,1,94,2010,Round 4,2010-04-18,5072
St Kilda,Brendon Goddard,6,15,15,71.4,4,1,3,1,1,91,2010,Round 4,2010-04-18,5072
St Kilda,Jason Blake,8,12,17,85.0,1,0,1,4,0,79,2010,Round 4,2010-04-18,5072
St Kilda,Adam Schneider,7,12,16,84.2,0,0,1,2,1,80,2010,Round 4,2010-04-18,5072
St Kilda,Andrew Mcqualter,9,10,15,78.9,0,2,0,0,0,77,2010,Round 4,2010-04-18,5072
St Kilda,Sam Gilbert,4,15,13,68.4,1,0,0,4,2,94,2010,Round 4,2010-04-18,5072
St Kilda,Steven Baker,3,15,17,94.4,0,0,0,1,0,94,2010,Round 4,2010-04-18,5072
St Kilda,James Gwilt,2,13,15,88.2,0,0,0,3,0,96,2010,Round 4,2010-04-18,5072
St Kilda,Sam Fisher,4,13,13,81.2,2,0,0,4,1,99,2010,Round 4,2010-04-18,5072
St Kilda,Michael S  Gardiner,3,7,10,76.9,0,0,0,3,0,58,2010,Round 4,2010-04-18,5072
St Kilda,Brett Peake,6,6,11,84.6,0,1,0,1,1,80,2010,Round 4,2010-04-18,5072
St Kilda,Raphael Clarke,4,9,12,92.3,0,1,0,6,1,69,2010,Round 4,2010-04-18,5072
St Kilda,Farren Ray,2,11,12,92.3,0,0,0,2,2,86,2010,Round 4,2010-04-18,5072
St Kilda,Zac Dawson,3,9,10,83.3,1,2,0,2,0,90,2010,Round 4,2010-04-18,5072
St Kilda,Steven King,4,3,6,85.7,0,0,0,1,0,48,2010,Round 4,2010-04-18,5072
Fremantle,Paul Duffield,2,28,26,72.2,0,0,0,3,0,97,2010,Round 4,2010-04-18,5072
Fremantle,Greg Broughton,5,23,22,75.9,0,0,0,5,0,87,2010,Round 4,2010-04-18,5072
Fremantle,Michael Barlow,8,21,20,71.4,0,2,0,1,1,72,2010,Round 4,2010-04-18,5072
Fremantle,Roger Hayden,5,20,23,85.2,0,0,0,2,1,83,2010,Round 4,2010-04-18,5072
Fremantle,David Mundy,10,16,18,66.7,0,0,0,3,0,81,2010,Round 4,2010-04-18,5072
Fremantle,Luke Mcpharlin,4,18,22,95.7,2,0,0,4,0,93,2010,Round 4,2010-04-18,5072
Fremantle,Aaron Sandilands,15,7,16,72.7,5,0,1,2,0,90,2010,Round 4,2010-04-18,5072
Fremantle,Alex Silvagni,6,15,15,71.4,0,0,0,5,0,70,2010,Round 4,2010-04-18,5072
Fremantle,Stephen Hill,7,14,16,80.0,0,1,1,1,1,81,2010,Round 4,2010-04-18,5072
Fremantle,Michael Johnson,8,9,12,70.6,0,0,0,2,0,91,2010,Round 4,2010-04-18,5072
Fremantle,Paul Hasleby,8,8,6,37.5,0,0,0,2,0,65,2010,Round 4,2010-04-18,5072
Fremantle,Matthew Pavlich,9,8,11,68.8,2,0,3,3,0,93,2010,Round 4,2010-04-18,5072
Fremantle,Chris Tarrant,5,11,13,86.7,1,0,0,11,0,94,2010,Round 4,2010-04-18,5072
Fremantle,Clancee Pearce,3,11,7,50.0,0,0,0,0,0,70,2010,Round 4,2010-04-18,5072
Fremantle,Anthony Morabito,2,11,8,57.1,0,1,0,1,1,74,2010,Round 4,2010-04-18,5072
Fremantle,Christopher Mayne,4,7,8,72.7,0,0,0,0,0,80,2010,Round 4,2010-04-18,5072
Fremantle,Adam Mcphee,7,3,9,90.0,1,0,0,0,0,85,2010,Round 4,2010-04-18,5072
Fremantle,Matthew Deboer,4,5,5,55.6,0,1,1,0,0,74,2010,Round 4,2010-04-18,5072
Fremantle,Des Headland,1,6,6,75.0,0,2,0,0,0,77,2010,Round 4,2010-04-18,5072
Fremantle,Jay Van Berlo,1,7,6,75.0,0,0,0,1,0,86,2010,Round 4,2010-04-18,5072
Fremantle,Ryan Crowley,5,2,4,57.1,0,0,0,2,0,80,2010,Round 4,2010-04-18,5072
Fremantle,Hayden Ballantyne,3,3,5,83.3,0,0,0,0,0,76,2010,Round 4,2010-04-18,5072
Western Bulldogs,Daniel Giansiracusa,12,22,25,71.4,0,0,0,0,0,80,2010,Round 5,2010-04-23,4993
Western Bulldogs,Ryan Griffen,9,22,26,81.2,0,1,1,4,4,78,2010,Round 5,2010-04-23,4993
Western Bulldogs,Lindsay Gilbee,3,23,24,92.3,0,0,0,2,1,86,2010,Round 5,2010-04-23,4993
Western Bulldogs,Brodie Moles,0,0,0,0.0,0,1,0,0,0,0,2010,Round 5,2010-04-23,4993
Western Bulldogs,Adam Cooney,8,17,15,60.0,0,0,0,2,0,82,2010,Round 5,2010-04-23,4993
Western Bulldogs,Brad Johnson,6,18,18,75.0,0,4,2,1,1,82,2010,Round 5,2010-04-23,4993
Western Bulldogs,Nathan Eagleton,0,22,14,63.6,0,0,3,0,2,73,2010,Round 5,2010-04-23,4993
Western Bulldogs,Daniel Cross,10,14,17,77.3,0,1,0,3,0,89,2010,Round 5,2010-04-23,4993
Western Bulldogs,Mitchell Hahn,4,15,15,71.4,0,2,3,1,0,92,2010,Round 5,2010-04-23,4993
Western Bulldogs,Jason Akermanis,6,13,15,75.0,1,0,0,3,0,75,2010,Round 5,2010-04-23,4993
Western Bulldogs,Robert Murphy,4,15,13,68.4,0,0,1,0,0,82,2010,Round 5,2010-04-23,4993
Western Bulldogs,Jarrod Harbrow,4,15,18,94.7,0,0,0,1,2,86,2010,Round 5,2010-04-23,4993
Western Bulldogs,Brian Harris,4,14,14,77.8,0,0,0,7,0,94,2010,Round 5,2010-04-23,4993
Western Bulldogs,Tom Williams,5,13,15,83.3,1,0,0,3,0,84,2010,Round 5,2010-04-23,4993
Western Bulldogs,Shaun Higgins,6,10,17,100.0,1,1,1,0,0,77,2010,Round 5,2010-04-23,4993
Western Bulldogs,Andrejs Everitt,3,13,12,75.0,0,1,0,2,0,80,2010,Round 5,2010-04-23,4993
Western Bulldogs,Jarrad Grant,5,9,12,85.7,0,1,1,2,0,78,2010,Round 5,2010-04-23,4993
Western Bulldogs,Barry Hall,6,7,8,66.7,3,1,7,2,0,87,2010,Round 5,2010-04-23,4993
Western Bulldogs,Dylan Addison,2,9,10,83.3,0,1,0,0,0,81,2010,Round 5,2010-04-23,4993
Western Bulldogs,Ben Hudson,7,2,9,90.0,1,0,0,3,0,76,2010,Round 5,2010-04-23,4993
Western Bulldogs,Dale Morris,4,5,10,100.0,0,0,0,5,0,95,2010,Round 5,2010-04-23,4993
Western Bulldogs,Jordan Roughead,5,4,6,66.7,2,1,2,0,0,69,2010,Round 5,2010-04-23,4993
Adelaide,Scott Thompson,7,25,23,74.2,1,0,0,1,1,78,2010,Round 5,2010-04-23,4993
Adelaide,Tyson Edwards,6,21,22,81.5,0,1,0,1,0,82,2010,Round 5,2010-04-23,4993
Adelaide,Bernie Vince,5,22,18,66.7,0,1,1,0,0,82,2010,Round 5,2010-04-23,4993
Adelaide,Graham Johncock,7,19,21,80.8,0,0,0,4,0,85,2010,Round 5,2010-04-23,4993
Adelaide,Brent Reilly,4,21,19,76.0,0,1,1,0,0,80,2010,Round 5,2010-04-23,4993
Adelaide,Andrew Mcleod,6,18,19,79.2,0,0,0,1,0,82,2010,Round 5,2010-04-23,4993
Adelaide,Simon Goodwin,4,18,16,76.2,0,1,0,1,0,86,2010,Round 5,2010-04-23,4993
Adelaide,Michael Doughty,3,16,17,89.5,0,0,0,8,0,89,2010,Round 5,2010-04-23,4993
Adelaide,Ben Rutten,3,15,16,84.2,1,0,0,6,1,100,2010,Round 5,2010-04-23,4993
Adelaide,Richard Douglas,7,12,13,68.4,1,0,1,2,0,79,2010,Round 5,2010-04-23,4993
Adelaide,Phil Davis,5,15,17,89.5,0,0,0,7,2,86,2010,Round 5,2010-04-23,4993
Adelaide,Myke Cook,4,14,14,77.8,0,0,0,3,1,76,2010,Round 5,2010-04-23,4993
Adelaide,Brett Burton,6,11,15,88.2,2,1,2,1,0,83,2010,Round 5,2010-04-23,4993
Adelaide,Chris Knights,3,14,16,94.1,0,0,1,0,1,79,2010,Round 5,2010-04-23,4993
Adelaide,Nathan Van Berlo,2,13,10,66.7,0,0,0,0,1,70,2010,Round 5,2010-04-23,4993
Adelaide,Chris Schmidt,0,15,13,86.7,0,0,0,1,3,73,2010,Round 5,2010-04-23,4993
Adelaide,Jason Porplyzia,4,8,7,58.3,2,1,2,0,0,84,2010,Round 5,2010-04-23,4993
Adelaide,Patrick Dangerfield,6,4,7,63.6,0,1,1,0,3,88,2010,Round 5,2010-04-23,4993
Adelaide,Ivan Maric,6,4,6,60.0,1,0,1,3,0,85,2010,Round 5,2010-04-23,4993
Adelaide,Kurt Tippett,6,1,4,57.1,5,0,5,2,0,83,2010,Round 5,2010-04-23,4993
Adelaide,Jared Petrenko,3,4,6,85.7,0,0,0,2,0,82,2010,Round 5,2010-04-23,4993
Adelaide,Ricky Henderson,2,4,3,50.0,1,0,0,1,1,68,2010,Round 5,2010-04-23,4993
Sydney,Nick Malceski,8,21,23,76.7,1,0,0,2,2,91,2010,Round 5,2010-04-24,4994
Sydney,Ryan O Keefe,10,18,18,66.7,0,0,1,1,1,83,2010,Round 5,2010-04-24,4994
Sydney,Heath Grundy,6,19,21,80.8,2,0,0,8,1,92,2010,Round 5,2010-04-24,4994
Sydney,Jude Bolton,12,14,20,80.0,0,2,1,0,0,89,2010,Round 5,2010-04-24,4994
Sydney,Kieran Jack,10,13,16,64.0,0,2,0,1,3,82,2010,Round 5,2010-04-24,4994
Sydney,Tadhg Kennelly,3,19,21,87.5,0,0,0,3,3,92,2010,Round 5,2010-04-24,4994
Sydney,Jarrad Mcveigh,7,16,15,65.2,1,3,3,1,0,88,2010,Round 5,2010-04-24,4994
Sydney,Adam Goodes,7,15,18,85.7,1,0,0,2,0,97,2010,Round 5,2010-04-24,4994
Sydney,Martin Mattner,6,13,13,68.4,0,0,1,4,1,89,2010,Round 5,2010-04-24,4994
Sydney,Rhyce Shaw,4,14,15,78.9,1,0,0,2,8,85,2010,Round 5,2010-04-24,4994
Sydney,Brett Kirk,8,10,11,61.1,0,0,0,0,0,88,2010,Round 5,2010-04-24,4994
Sydney,Josh P  Kennedy,7,11,15,83.3,0,0,0,1,0,76,2010,Round 5,2010-04-24,4994
Sydney,Lewis Roberts Thomson,7,10,15,88.2,1,0,0,7,0,97,2010,Round 5,2010-04-24,4994
Sydney,Jarred Moore,9,7,13,81.2,1,3,0,1,0,91,2010,Round 5,2010-04-24,4994
Sydney,Daniel Hannebery,8,8,10,62.5,0,1,0,1,0,70,2010,Round 5,2010-04-24,4994
Sydney,Lewis Jetta,4,12,10,62.5,0,0,0,1,3,71,2010,Round 5,2010-04-24,4994
Sydney,Nick Smith 1,3,12,13,86.7,0,0,0,5,3,74,2010,Round 5,2010-04-24,4994
Sydney,Shane Mumford,10,4,11,78.6,0,0,0,3,0,65,2010,Round 5,2010-04-24,4994
Sydney,Daniel Bradshaw,3,8,8,66.7,2,1,8,1,0,90,2010,Round 5,2010-04-24,4994
Sydney,Craig Bolton,2,9,8,72.7,0,0,0,2,0,45,2010,Round 5,2010-04-24,4994
Sydney,Mark Seaby,7,4,7,63.6,3,0,1,1,1,59,2010,Round 5,2010-04-24,4994
Sydney,Jesse White,4,7,10,90.9,1,1,1,0,1,87,2010,Round 5,2010-04-24,4994
West Coast,Beau Waters,9,14,15,62.5,1,0,0,2,1,82,2010,Round 5,2010-04-24,4994
West Coast,Adam Selwood,10,12,11,50.0,0,0,0,1,1,88,2010,Round 5,2010-04-24,4994
West Coast,Matthew Priddis,8,9,9,52.9,0,0,0,0,0,89,2010,Round 5,2010-04-24,4994
West Coast,Brett Jones,8,9,12,75.0,0,0,0,1,0,87,2010,Round 5,2010-04-24,4994
West Coast,Matthew Rosa,5,11,13,81.2,1,0,1,1,0,81,2010,Round 5,2010-04-24,4994
West Coast,Bradd Dalziell,4,13,12,75.0,0,0,0,0,1,77,2010,Round 5,2010-04-24,4994
West Coast,Dean Cox,7,8,11,73.3,2,0,0,0,0,67,2010,Round 5,2010-04-24,4994
West Coast,Shannon Hurn,5,9,13,86.7,1,0,2,3,0,87,2010,Round 5,2010-04-24,4994
West Coast,Matthew Spangher,5,11,9,60.0,0,0,0,6,0,82,2010,Round 5,2010-04-24,4994
West Coast,Andrew Embley,6,9,9,64.3,0,0,0,3,0,87,2010,Round 5,2010-04-24,4994
West Coast,Bradley Ebert,6,8,8,61.5,1,0,0,1,0,80,2010,Round 5,2010-04-24,4994
West Coast,Chris Masten,7,5,7,58.3,0,0,0,0,0,68,2010,Round 5,2010-04-24,4994
West Coast,Lewis Stevenson,2,10,10,83.3,0,0,0,1,0,78,2010,Round 5,2010-04-24,4994
West Coast,Ashton Hams,6,6,10,83.3,1,0,0,1,0,83,2010,Round 5,2010-04-24,4994
West Coast,Joshua Kennedy,6,4,8,72.7,3,0,1,1,0,87,2010,Round 5,2010-04-24,4994
West Coast,Mark Lecras,3,7,3,30.0,0,0,2,0,0,90,2010,Round 5,2010-04-24,4994
West Coast,Will Schofield,5,4,4,40.0,0,0,1,4,1,94,2010,Round 5,2010-04-24,4994
West Coast,Scott Selwood,4,4,5,55.6,0,0,0,3,0,72,2010,Round 5,2010-04-24,4994
West Coast,Patrick Mcginnity,1,6,5,71.4,0,0,0,1,0,74,2010,Round 5,2010-04-24,4994
West Coast,Nicholas Naitanui,3,2,4,80.0,0,1,0,1,0,68,2010,Round 5,2010-04-24,4994
West Coast,Darren Glass,3,1,4,100.0,2,0,0,7,0,91,2010,Round 5,2010-04-24,4994
West Coast,Mitchell Brown,1,3,4,100.0,0,0,0,1,0,86,2010,Round 5,2010-04-24,4994
Melbourne,Brent Moloney,8,22,21,67.7,0,0,0,1,0,78,2010,Round 5,2010-04-24,4995
Melbourne,Matthew Bate,11,15,18,69.2,2,0,1,1,0,89,2010,Round 5,2010-04-24,4995
Melbourne,Cameron Bruce,9,14,23,92.0,1,1,0,2,0,91,2010,Round 5,2010-04-24,4995
Melbourne,Nathan Jones,6,18,18,72.0,0,0,0,1,4,85,2010,Round 5,2010-04-24,4995
Melbourne,Jack Trengove,5,20,22,91.7,0,0,1,1,2,81,2010,Round 5,2010-04-24,4995
Melbourne,Brad Green,3,19,14,63.6,1,0,2,0,0,89,2010,Round 5,2010-04-24,4995
Melbourne,James Mcdonald,6,16,12,54.5,0,0,0,1,0,73,2010,Round 5,2010-04-24,4995
Melbourne,Colin Sylvia,11,14,14,63.6,1,1,1,1,0,88,2010,Round 5,2010-04-24,4995
Melbourne,Jordie Mckenzie,7,14,13,59.1,0,0,0,0,0,77,2010,Round 5,2010-04-24,4995
Melbourne,Aaron Davey,4,15,13,68.4,0,2,1,3,0,73,2010,Round 5,2010-04-24,4995
Melbourne,Joel Macdonald,3,14,16,88.9,0,0,0,5,0,74,2010,Round 5,2010-04-24,4995
Melbourne,Mark Jamar,8,8,9,52.9,0,0,0,0,0,80,2010,Round 5,2010-04-24,4995
Melbourne,Lynden Dunn,7,8,14,87.5,0,0,0,2,0,76,2010,Round 5,2010-04-24,4995
Melbourne,Jack Grimes,1,12,14,93.3,1,0,0,2,0,86,2010,Round 5,2010-04-24,4995
Melbourne,James Frawley,7,8,11,78.6,1,0,0,9,0,90,2010,Round 5,2010-04-24,4995
Melbourne,Ricky Petterd,10,6,7,50.0,2,1,2,2,0,81,2010,Round 5,2010-04-24,4995
Melbourne,Tom Scully,6,8,10,71.4,0,1,0,2,2,73,2010,Round 5,2010-04-24,4995
Melbourne,Clint Bartram,2,10,12,92.3,0,0,0,1,0,77,2010,Round 5,2010-04-24,4995
Melbourne,Colin Garland,3,5,7,77.8,2,0,0,10,0,86,2010,Round 5,2010-04-24,4995
Melbourne,Stefan Martin,4,4,5,55.6,1,0,0,0,0,72,2010,Round 5,2010-04-24,4995
Melbourne,Jamie Bennell,4,5,7,77.8,0,1,0,0,0,80,2010,Round 5,2010-04-24,4995
Melbourne,Matthew Warnock,3,3,7,100.0,0,0,0,12,0,100,2010,Round 5,2010-04-24,4995
Brisbane Lions,Simon Black,11,22,24,75.0,0,3,0,3,0,81,2010,Round 5,2010-04-24,4995
Brisbane Lions,Travis Johnstone,12,17,22,75.9,0,0,0,3,0,87,2010,Round 5,2010-04-24,4995
Brisbane Lions,Michael Rischitelli,6,20,18,72.0,0,0,0,2,0,77,2010,Round 5,2010-04-24,4995
Brisbane Lions,Andrew Raines,5,17,15,71.4,0,0,0,1,2,82,2010,Round 5,2010-04-24,4995
Brisbane Lions,James Hawksley,5,16,17,81.0,0,0,0,8,0,93,2010,Round 5,2010-04-24,4995
Brisbane Lions,Jared Brennan,6,15,12,60.0,0,0,0,0,1,81,2010,Round 5,2010-04-24,4995
Brisbane Lions,Matthew Maguire,5,16,13,65.0,0,0,0,9,0,88,2010,Round 5,2010-04-24,4995
Brisbane Lions,Josh Drummond,5,14,14,70.0,0,0,1,1,1,82,2010,Round 5,2010-04-24,4995
Brisbane Lions,Matthew Leuenberger,9,11,15,75.0,0,0,0,0,0,60,2010,Round 5,2010-04-24,4995
Brisbane Lions,James Polkinghorne,3,10,10,66.7,0,0,0,0,0,91,2010,Round 5,2010-04-24,4995
Brisbane Lions,Jack Redden,5,9,12,85.7,0,0,0,2,0,87,2010,Round 5,2010-04-24,4995
Brisbane Lions,Tom Rockliff,5,9,9,64.3,0,0,0,2,0,85,2010,Round 5,2010-04-24,4995
Brisbane Lions,Brent Staker,7,8,11,84.6,0,0,0,1,0,91,2010,Round 5,2010-04-24,4995
Brisbane Lions,Mitchell Clark,7,7,12,92.3,1,0,1,2,0,85,2010,Round 5,2010-04-24,4995
Brisbane Lions,Daniel Rich,5,7,9,69.2,1,2,0,3,0,73,2010,Round 5,2010-04-24,4995
Brisbane Lions,Brendan Fevola,5,6,6,50.0,2,0,5,0,0,100,2010,Round 5,2010-04-24,4995
Brisbane Lions,Ashley Mcgrath,5,7,9,75.0,0,0,0,2,0,91,2010,Round 5,2010-04-24,4995
Brisbane Lions,Joel Patfull,3,7,10,90.9,0,0,0,6,1,88,2010,Round 5,2010-04-24,4995
Brisbane Lions,Jonathan Brown,4,5,4,50.0,2,0,2,0,0,88,2010,Round 5,2010-04-24,4995
Brisbane Lions,Todd Banfield,6,2,4,50.0,0,0,1,0,0,78,2010,Round 5,2010-04-24,4995
Brisbane Lions,Albert Proud,5,2,5,71.4,0,1,0,3,0,69,2010,Round 5,2010-04-24,4995
Brisbane Lions,Daniel Merrett,1,1,1,50.0,0,0,0,2,0,44,2010,Round 5,2010-04-24,4995
Port Adelaide,Troy Chaplin,5,24,27,84.4,0,0,0,4,0,98,2010,Round 5,2010-04-24,4996
Port Adelaide,Chad Cornes,4,24,25,89.3,1,0,0,7,1,97,2010,Round 5,2010-04-24,4996
Port Adelaide,Domenic Cassisi,9,18,21,75.0,0,0,0,2,0,84,2010,Round 5,2010-04-24,4996
Port Adelaide,David Rodan,12,16,21,77.8,0,0,0,2,2,76,2010,Round 5,2010-04-24,4996
Port Adelaide,Paul Stewart,2,21,20,80.0,0,0,0,2,1,80,2010,Round 5,2010-04-24,4996
Port Adelaide,Steven Salopek,5,18,15,65.2,0,0,0,1,0,78,2010,Round 5,2010-04-24,4996
Port Adelaide,Danyle Pearce,4,17,16,69.6,1,1,0,1,3,85,2010,Round 5,2010-04-24,4996
Port Adelaide,Kane Cornes,3,18,19,86.4,0,1,0,0,0,99,2010,Round 5,2010-04-24,4996
Port Adelaide,Matt Thomas,10,13,18,81.8,0,0,0,3,0,88,2010,Round 5,2010-04-24,4996
Port Adelaide,Josh Carr,8,12,14,66.7,0,0,0,0,0,75,2010,Round 5,2010-04-24,4996
Port Adelaide,Travis Boak,10,10,9,42.9,0,0,0,0,0,84,2010,Round 5,2010-04-24,4996
Port Adelaide,Jacob Surjan,8,11,16,84.2,0,0,0,6,0,90,2010,Round 5,2010-04-24,4996
Port Adelaide,Alipate Carlile,3,13,17,100.0,0,0,0,6,0,92,2010,Round 5,2010-04-24,4996
Port Adelaide,Hamish Hartlett,4,13,14,82.4,1,1,0,4,0,52,2010,Round 5,2010-04-24,4996
Port Adelaide,Justin Westhoff,6,10,8,50.0,1,0,0,0,0,89,2010,Round 5,2010-04-24,4996
Port Adelaide,Brett Ebert,5,11,7,46.7,0,0,6,3,0,92,2010,Round 5,2010-04-24,4996
Port Adelaide,Tom Logan,4,10,9,64.3,0,0,0,4,0,70,2010,Round 5,2010-04-24,4996
Port Adelaide,Robert Gray,6,7,8,61.5,0,0,1,0,0,76,2010,Round 5,2010-04-24,4996
Port Adelaide,Warren Tredrea,6,4,6,60.0,1,0,0,1,0,88,2010,Round 5,2010-04-24,4996
Port Adelaide,Dean Brogan,6,4,7,77.8,1,0,0,3,0,72,2010,Round 5,2010-04-24,4996
Port Adelaide,Jay Schulz,2,6,5,62.5,1,1,3,4,0,89,2010,Round 5,2010-04-24,4996
Port Adelaide,Matthew Lobbe,2,1,2,66.7,0,0,0,3,0,47,2010,Round 5,2010-04-24,4996
St Kilda,Leigh Montagna,12,23,29,80.6,0,0,0,1,1,91,2010,Round 5,2010-04-24,4996
St Kilda,Clinton Jones,9,22,23,71.9,0,0,0,2,0,86,2010,Round 5,2010-04-24,4996
St Kilda,Sam Fisher,6,21,15,55.6,0,0,0,2,1,97,2010,Round 5,2010-04-24,4996
St Kilda,Adam Schneider,7,15,21,87.5,0,0,0,2,8,80,2010,Round 5,2010-04-24,4996
St Kilda,Sam Gilbert,9,16,13,54.2,2,0,0,3,1,100,2010,Round 5,2010-04-24,4996
St Kilda,Lenny Hayes,4,19,14,60.9,0,0,0,1,0,80,2010,Round 5,2010-04-24,4996
St Kilda,Brendon Goddard,11,10,15,75.0,1,2,0,4,1,88,2010,Round 5,2010-04-24,4996
St Kilda,Jarryn Geary,6,13,13,68.4,0,1,1,3,0,89,2010,Round 5,2010-04-24,4996
St Kilda,Jason Blake,3,15,14,77.8,1,0,0,6,0,100,2010,Round 5,2010-04-24,4996
St Kilda,Nick Dal Santo,7,10,10,55.6,1,0,0,0,0,87,2010,Round 5,2010-04-24,4996
St Kilda,Brett Peake,4,16,12,66.7,0,0,0,0,0,92,2010,Round 5,2010-04-24,4996
St Kilda,James Gwilt,6,10,14,77.8,0,0,0,1,0,86,2010,Round 5,2010-04-24,4996
St Kilda,Steven Baker,5,9,12,80.0,0,0,0,2,0,100,2010,Round 5,2010-04-24,4996
St Kilda,David Armitage,6,10,12,80.0,1,0,0,0,0,55,2010,Round 5,2010-04-24,4996
St Kilda,Robert Eddy,8,9,12,80.0,0,1,0,1,0,62,2010,Round 5,2010-04-24,4996
St Kilda,Stephen Milne,3,8,6,46.2,0,0,0,2,0,90,2010,Round 5,2010-04-24,4996
St Kilda,Raphael Clarke,5,7,11,84.6,0,0,0,5,1,74,2010,Round 5,2010-04-24,4996
St Kilda,Andrew Mcqualter,3,9,10,76.9,0,0,0,2,0,72,2010,Round 5,2010-04-24,4996
St Kilda,Zac Dawson,3,10,10,83.3,0,0,0,11,0,100,2010,Round 5,2010-04-24,4996
St Kilda,Justin Koschitzke,3,8,8,72.7,1,1,1,1,0,78,2010,Round 5,2010-04-24,4996
St Kilda,Michael S  Gardiner,2,4,5,71.4,1,0,0,3,0,40,2010,Round 5,2010-04-24,4996
St Kilda,Steven King,1,4,4,66.7,1,0,1,1,0,51,2010,Round 5,2010-04-24,4996
Collingwood,Scott Pendlebury,12,18,23,79.3,0,0,0,5,2,72,2010,Round 5,2010-04-25,4997
Collingwood,Alan Didak,9,15,20,74.1,0,3,0,3,2,80,2010,Round 5,2010-04-25,4997
Collingwood,Ben Johnson,5,22,24,88.9,0,0,0,2,1,81,2010,Round 5,2010-04-25,4997
Collingwood,Sharrod Wellingham,7,19,18,69.2,0,0,0,0,0,82,2010,Round 5,2010-04-25,4997
Collingwood,Dane Swan,7,17,20,80.0,1,2,1,0,2,81,2010,Round 5,2010-04-25,4997
Collingwood,Heath Shaw,10,12,20,80.0,2,0,0,2,9,79,2010,Round 5,2010-04-25,4997
Collingwood,Dale Thomas,2,22,16,66.7,0,0,1,0,4,83,2010,Round 5,2010-04-25,4997
Collingwood,Dayne Beams,2,20,18,78.3,0,3,1,0,0,78,2010,Round 5,2010-04-25,4997
Collingwood,Heritier O Brien,8,11,16,80.0,2,0,0,1,1,97,2010,Round 5,2010-04-25,4997
Collingwood,Josh Fraser,6,13,16,84.2,0,0,2,1,1,63,2010,Round 5,2010-04-25,4997
Collingwood,Nick Maxwell,11,7,13,72.2,1,1,0,5,0,93,2010,Round 5,2010-04-25,4997
Collingwood,Luke Ball,7,10,11,64.7,1,0,0,4,0,73,2010,Round 5,2010-04-25,4997
Collingwood,Travis Cloke,6,10,14,82.4,2,0,4,1,4,87,2010,Round 5,2010-04-25,4997
Collingwood,Alan Toovey,7,9,11,68.8,0,0,0,4,2,96,2010,Round 5,2010-04-25,4997
Collingwood,Steele Sidebottom,5,11,12,75.0,1,0,0,3,0,76,2010,Round 5,2010-04-25,4997
Collingwood,Chris Dawes,10,5,12,80.0,2,0,2,3,0,83,2010,Round 5,2010-04-25,4997
Collingwood,Darren Jolly,7,5,8,66.7,2,1,0,1,0,72,2010,Round 5,2010-04-25,4997
Collingwood,Brent Macaffer,2,9,8,72.7,0,0,1,1,0,82,2010,Round 5,2010-04-25,4997
Collingwood,Paul Medhurst,4,5,6,66.7,0,2,1,1,0,81,2010,Round 5,2010-04-25,4997
Collingwood,Leon Davis,4,3,4,44.4,0,1,0,0,1,80,2010,Round 5,2010-04-25,4997
Collingwood,Ben Reid,6,2,6,75.0,0,0,0,8,0,83,2010,Round 5,2010-04-25,4997
Collingwood,Nathan Brown,4,4,5,62.5,0,0,0,5,1,97,2010,Round 5,2010-04-25,4997
Essendon,Brent Stanton,8,27,22,64.7,0,0,0,0,1,78,2010,Round 5,2010-04-25,4997
Essendon,Jobe Watson,13,17,22,68.8,0,1,0,2,1,81,2010,Round 5,2010-04-25,4997
Essendon,Dustin Fletcher,7,19,22,75.9,0,0,0,5,0,87,2010,Round 5,2010-04-25,4997
Essendon,Nathan Lovett Murray,8,16,19,73.1,1,0,0,2,1,73,2010,Round 5,2010-04-25,4997
Essendon,Tayte Pears,7,16,20,87.0,0,0,0,7,1,92,2010,Round 5,2010-04-25,4997
Essendon,David Hille,13,9,10,45.5,0,0,3,1,0,87,2010,Round 5,2010-04-25,4997
Essendon,Heath Hocking,10,13,15,68.2,0,1,1,5,1,80,2010,Round 5,2010-04-25,4997
Essendon,Angus Monfries,9,11,13,61.9,0,1,0,1,0,81,2010,Round 5,2010-04-25,4997
Essendon,Scott Gumbleton,3,15,13,72.2,1,0,2,0,0,83,2010,Round 5,2010-04-25,4997
Essendon,Kyle Reimers,5,14,15,83.3,0,0,1,1,0,78,2010,Round 5,2010-04-25,4997
Essendon,Cale Hooker,7,9,10,58.8,1,0,2,4,0,88,2010,Round 5,2010-04-25,4997
Essendon,Rick Dyson,1,13,12,75.0,0,0,0,3,0,91,2010,Round 5,2010-04-25,4997
Essendon,David Zaharakis,5,9,10,66.7,0,1,0,0,0,77,2010,Round 5,2010-04-25,4997
Essendon,Courtenay Dempsey,8,7,9,64.3,1,0,1,2,0,84,2010,Round 5,2010-04-25,4997
Essendon,Travis Colyer,8,7,10,71.4,0,0,0,2,4,76,2010,Round 5,2010-04-25,4997
Essendon,Andrew Welsh,5,9,10,76.9,1,1,0,2,0,84,2010,Round 5,2010-04-25,4997
Essendon,Mark Mcveigh,3,9,9,75.0,0,0,1,2,0,84,2010,Round 5,2010-04-25,4997
Essendon,Henry Slattery,6,5,12,100.0,0,0,0,0,0,83,2010,Round 5,2010-04-25,4997
Essendon,Jason Winderlich,4,6,8,72.7,1,1,0,2,1,81,2010,Round 5,2010-04-25,4997
Essendon,Jake Melksham,0,9,8,88.9,0,0,0,0,0,65,2010,Round 5,2010-04-25,4997
Essendon,Michael Hurley,1,7,8,100.0,0,0,0,2,0,86,2010,Round 5,2010-04-25,4997
Essendon,Patrick Ryder,5,3,4,57.1,1,0,1,2,0,80,2010,Round 5,2010-04-25,4997
Hawthorn,Luke Hodge,16,20,14,42.4,0,0,0,2,0,82,2010,Round 5,2010-04-25,4998
Hawthorn,Brent Guerra,8,19,24,85.7,1,0,0,2,0,83,2010,Round 5,2010-04-25,4998
Hawthorn,Grant Birchall,5,21,26,96.3,1,0,0,3,0,81,2010,Round 5,2010-04-25,4998
Hawthorn,Jarrod Kayler Thomson,9,18,17,65.4,0,1,1,1,0,70,2010,Round 5,2010-04-25,4998
Hawthorn,Jordan Lewis,8,16,17,70.8,0,0,0,1,0,82,2010,Round 5,2010-04-25,4998
Hawthorn,Benjamin Stratton,2,19,18,85.7,0,0,0,6,0,100,2010,Round 5,2010-04-25,4998
Hawthorn,Xavier Ellis,6,14,15,75.0,0,0,1,1,0,79,2010,Round 5,2010-04-25,4998
Hawthorn,Rick Ladson,2,15,15,78.9,0,0,0,1,3,81,2010,Round 5,2010-04-25,4998
Hawthorn,Stephen Gilham,5,14,18,94.7,0,0,0,9,0,100,2010,Round 5,2010-04-25,4998
Hawthorn,Brad Sewell,11,8,14,77.8,0,2,0,3,0,78,2010,Round 5,2010-04-25,4998
Hawthorn,Jarryd Roughead,8,6,10,71.4,0,0,0,1,0,95,2010,Round 5,2010-04-25,4998
Hawthorn,Chance Bateman,4,10,9,69.2,0,0,1,1,0,79,2010,Round 5,2010-04-25,4998
Hawthorn,Campbell Brown,7,6,9,69.2,0,1,0,1,0,91,2010,Round 5,2010-04-25,4998
Hawthorn,Lance Franklin,8,6,9,69.2,3,0,3,2,1,100,2010,Round 5,2010-04-25,4998
Hawthorn,Michael Osborne,3,9,11,91.7,0,1,0,1,0,66,2010,Round 5,2010-04-25,4998
Hawthorn,Liam Shiels,0,12,7,58.3,0,0,0,1,0,94,2010,Round 5,2010-04-25,4998
Hawthorn,Brendan Whitecross,1,11,11,100.0,0,0,0,5,0,73,2010,Round 5,2010-04-25,4998
Hawthorn,Clinton Young,4,6,8,80.0,0,0,0,1,0,67,2010,Round 5,2010-04-25,4998
Hawthorn,Thomas Murphy,3,7,9,100.0,0,0,0,3,0,75,2010,Round 5,2010-04-25,4998
Hawthorn,Ryan Schoenmakers,3,7,7,77.8,0,1,0,2,0,85,2010,Round 5,2010-04-25,4998
Hawthorn,Cyril Rioli,2,6,6,75.0,0,0,0,3,0,78,2010,Round 5,2010-04-25,4998
Hawthorn,Carl Peterson,1,6,4,57.1,0,0,1,1,0,61,2010,Round 5,2010-04-25,4998
North Melbourne,Liam Anthony,7,17,16,66.7,0,0,0,0,0,78,2010,Round 5,2010-04-25,4998
North Melbourne,Brady Rawlings,4,17,17,81.0,0,0,1,1,0,97,2010,Round 5,2010-04-25,4998
North Melbourne,Michael Firrito,10,10,16,76.2,0,0,0,3,0,97,2010,Round 5,2010-04-25,4998
North Melbourne,Brent Harvey,5,13,16,80.0,0,2,0,1,0,94,2010,Round 5,2010-04-25,4998
North Melbourne,Daniel Wells,4,17,13,65.0,0,0,2,4,0,85,2010,Round 5,2010-04-25,4998
North Melbourne,Andrew Swallow,7,8,8,53.3,0,0,0,2,0,83,2010,Round 5,2010-04-25,4998
North Melbourne,Leigh Adams,7,8,12,80.0,0,1,0,2,0,67,2010,Round 5,2010-04-25,4998
North Melbourne,Ryan Bastinac,4,10,8,53.3,0,0,0,0,0,72,2010,Round 5,2010-04-25,4998
North Melbourne,Todd Goldstein,11,3,11,78.6,2,0,0,4,0,72,2010,Round 5,2010-04-25,4998
North Melbourne,Hamish Mcintosh,5,7,11,84.6,0,0,0,0,0,68,2010,Round 5,2010-04-25,4998
North Melbourne,Scott Mcmahon,1,10,9,69.2,0,0,0,1,0,76,2010,Round 5,2010-04-25,4998
North Melbourne,Gavin Urquhart,3,7,12,92.3,0,0,0,0,0,81,2010,Round 5,2010-04-25,4998
North Melbourne,Lachlan Hansen,4,8,9,75.0,0,0,0,1,0,100,2010,Round 5,2010-04-25,4998
North Melbourne,Scott Thompson 1,4,8,10,83.3,1,0,1,6,1,100,2010,Round 5,2010-04-25,4998
North Melbourne,Jack Ziebell,5,7,10,83.3,0,0,0,0,0,62,2010,Round 5,2010-04-25,4998
North Melbourne,Ben Cunnington,3,9,9,75.0,0,0,0,2,0,64,2010,Round 5,2010-04-25,4998
North Melbourne,Ben Warren,6,5,5,45.5,1,0,1,3,0,83,2010,Round 5,2010-04-25,4998
North Melbourne,Levi Greenwood,5,6,7,63.6,0,0,0,0,0,71,2010,Round 5,2010-04-25,4998
North Melbourne,Lindsay Thomas,3,5,5,50.0,0,1,1,0,0,72,2010,Round 5,2010-04-25,4998
North Melbourne,Aaron Edwards,8,1,7,77.8,0,1,0,0,0,87,2010,Round 5,2010-04-25,4998
North Melbourne,Nathan Grima,4,3,7,87.5,1,0,0,6,0,100,2010,Round 5,2010-04-25,4998
North Melbourne,David Hale,3,4,6,85.7,1,0,3,3,0,92,2010,Round 5,2010-04-25,4998
Fremantle,Michael Barlow,8,24,24,75.0,1,0,1,1,1,73,2010,Round 5,2010-04-25,4999
Fremantle,David Mundy,11,16,20,71.4,1,0,0,4,0,72,2010,Round 5,2010-04-25,4999
Fremantle,Greg Broughton,7,19,21,75.0,0,0,0,5,0,88,2010,Round 5,2010-04-25,4999
Fremantle,Adam Mcphee,10,16,18,69.2,0,0,0,0,0,69,2010,Round 5,2010-04-25,4999
Fremantle,Paul Hasleby,5,14,15,75.0,0,0,0,1,0,65,2010,Round 5,2010-04-25,4999
Fremantle,Paul Duffield,2,15,13,72.2,0,2,0,3,0,91,2010,Round 5,2010-04-25,4999
Fremantle,Matthew Pavlich,8,10,11,68.8,0,0,3,1,0,92,2010,Round 5,2010-04-25,4999
Fremantle,Aaron Sandilands,12,5,9,56.2,3,1,2,5,0,87,2010,Round 5,2010-04-25,4999
Fremantle,Roger Hayden,8,8,11,73.3,1,0,0,1,0,78,2010,Round 5,2010-04-25,4999
Fremantle,Hayden Ballantyne,5,10,11,73.3,0,1,1,2,2,88,2010,Round 5,2010-04-25,4999
Fremantle,Luke Mcpharlin,4,9,11,78.6,2,0,0,2,0,98,2010,Round 5,2010-04-25,4999
Fremantle,Ryan Crowley,5,8,8,57.1,1,0,1,1,0,84,2010,Round 5,2010-04-25,4999
Fremantle,Jay Van Berlo,6,8,9,64.3,0,0,1,3,0,89,2010,Round 5,2010-04-25,4999
Fremantle,Anthony Morabito,3,13,11,78.6,1,0,0,1,2,74,2010,Round 5,2010-04-25,4999
Fremantle,Christopher Mayne,3,10,11,84.6,0,0,4,2,0,81,2010,Round 5,2010-04-25,4999
Fremantle,Stephen Hill,2,12,10,76.9,0,0,1,1,1,86,2010,Round 5,2010-04-25,4999
Fremantle,Nathan Fyfe,7,6,8,61.5,3,1,3,1,0,73,2010,Round 5,2010-04-25,4999
Fremantle,Alex Silvagni,2,8,8,80.0,0,0,1,3,0,74,2010,Round 5,2010-04-25,4999
Fremantle,Michael Johnson,4,6,5,55.6,0,0,0,2,0,74,2010,Round 5,2010-04-25,4999
Fremantle,Chris Tarrant,3,5,5,62.5,0,0,1,6,0,95,2010,Round 5,2010-04-25,4999
Fremantle,Matthew Deboer,2,4,3,50.0,1,0,3,0,0,87,2010,Round 5,2010-04-25,4999
Fremantle,Clancee Pearce,3,3,5,83.3,0,0,0,0,0,82,2010,Round 5,2010-04-25,4999
Richmond,Shane Tuck,8,21,22,75.9,0,0,0,3,0,90,2010,Round 5,2010-04-25,4999
Richmond,Nathan Foley,14,12,21,84.0,0,0,0,1,0,78,2010,Round 5,2010-04-25,4999
Richmond,Brett Deledio,10,9,21,87.5,2,0,0,1,1,87,2010,Round 5,2010-04-25,4999
Richmond,Andrew Collins 1,8,15,17,70.8,0,0,0,1,0,82,2010,Round 5,2010-04-25,4999
Richmond,Ben Cousins,8,15,15,65.2,0,0,2,1,0,71,2010,Round 5,2010-04-25,4999
Richmond,Dustin Martin,7,12,13,61.9,0,1,0,2,0,81,2010,Round 5,2010-04-25,4999
Richmond,Chris Newman,3,17,16,80.0,1,0,0,2,0,85,2010,Round 5,2010-04-25,4999
Richmond,Trent Cotchin,11,9,11,55.0,1,0,0,1,1,81,2010,Round 5,2010-04-25,4999
Richmond,Shane Edwards,8,12,14,73.7,0,0,0,3,0,84,2010,Round 5,2010-04-25,4999
Richmond,Robin Nahas,6,15,13,72.2,0,0,0,0,0,78,2010,Round 5,2010-04-25,4999
Richmond,Matthew Dea,6,10,9,56.2,0,0,0,5,0,84,2010,Round 5,2010-04-25,4999
Richmond,Mitchell Farmer,2,10,13,86.7,0,0,0,3,0,77,2010,Round 5,2010-04-25,4999
Richmond,Troy Simmonds,2,10,8,57.1,0,0,2,0,0,69,2010,Round 5,2010-04-25,4999
Richmond,Luke Mcguane,3,8,9,75.0,0,0,0,5,0,96,2010,Round 5,2010-04-25,4999
Richmond,Alex Rance,4,9,9,75.0,0,0,0,6,1,93,2010,Round 5,2010-04-25,4999
Richmond,Ben Nason,3,9,6,50.0,0,0,1,0,0,82,2010,Round 5,2010-04-25,4999
Richmond,Kelvin Moore,0,9,6,66.7,0,0,0,5,0,93,2010,Round 5,2010-04-25,4999
Richmond,Jack Riewoldt,3,6,6,66.7,1,0,3,2,0,99,2010,Round 5,2010-04-25,4999
Richmond,Tyrone Vickery,7,3,5,62.5,0,0,0,5,0,76,2010,Round 5,2010-04-25,4999
Richmond,Richard Tambling,5,2,3,42.9,2,1,1,0,0,64,2010,Round 5,2010-04-25,4999
Richmond,David Astbury,2,4,3,50.0,0,0,0,1,0,87,2010,Round 5,2010-04-25,4999
Richmond,Troy Taylor,2,3,3,50.0,0,0,0,0,0,64,2010,Round 5,2010-04-25,4999
Carlton,Bryce Gibbs,5,23,24,85.7,0,0,0,2,2,91,2010,Round 5,2010-04-26,5000
Carlton,Chris Judd,15,13,19,70.4,1,0,0,0,0,86,2010,Round 5,2010-04-26,5000
Carlton,Andrew Carrazzo,2,25,18,66.7,0,1,0,0,0,78,2010,Round 5,2010-04-26,5000
Carlton,Heath Scotland,5,21,25,96.2,0,2,0,3,2,82,2010,Round 5,2010-04-26,5000
Carlton,Kade Simpson,7,17,19,79.2,0,1,1,1,0,89,2010,Round 5,2010-04-26,5000
Carlton,Jordan Russell,7,14,18,85.7,1,0,0,8,0,94,2010,Round 5,2010-04-26,5000
Carlton,Andrew Walker,1,16,10,55.6,1,0,0,4,2,69,2010,Round 5,2010-04-26,5000
Carlton,Dennis Armfield,8,10,13,72.2,0,0,0,5,0,81,2010,Round 5,2010-04-26,5000
Carlton,Jeff Gartlett,8,9,7,38.9,2,1,2,1,1,84,2010,Round 5,2010-04-26,5000
Carlton,Ryan Houlihan,7,10,12,70.6,1,0,2,1,0,89,2010,Round 5,2010-04-26,5000
Carlton,Brock Mclean,5,12,10,58.8,0,0,0,0,0,68,2010,Round 5,2010-04-26,5000
Carlton,Marc Murphy,5,12,10,58.8,0,0,0,0,0,82,2010,Round 5,2010-04-26,5000
Carlton,Edward Betts,5,10,12,80.0,0,1,2,2,0,87,2010,Round 5,2010-04-26,5000
Carlton,Matthew Kreuzer,7,4,7,63.6,2,0,2,1,0,68,2010,Round 5,2010-04-26,5000
Carlton,Christopher Yarran,2,9,11,100.0,0,1,2,1,0,76,2010,Round 5,2010-04-26,5000
Carlton,Kane Lucas,4,9,9,81.8,0,0,0,1,2,70,2010,Round 5,2010-04-26,5000
Carlton,Simon White,1,10,7,63.6,0,0,0,4,5,88,2010,Round 5,2010-04-26,5000
Carlton,Setanta O Hailpin,5,5,6,60.0,0,1,3,1,0,87,2010,Round 5,2010-04-26,5000
Carlton,Aaron Joseph,3,7,6,60.0,0,1,0,1,1,86,2010,Round 5,2010-04-26,5000
Carlton,Michael Jamison,1,7,7,87.5,0,0,0,8,0,100,2010,Round 5,2010-04-26,5000
Carlton,Robert Warnock,6,1,5,71.4,0,0,0,1,0,54,2010,Round 5,2010-04-26,5000
Carlton,Lachlan Henderson,2,2,3,75.0,0,1,0,3,0,92,2010,Round 5,2010-04-26,5000
Geelong,Gary Jnr Ablett,18,17,23,69.7,2,0,3,1,1,90,2010,Round 5,2010-04-26,5000
Geelong,Paul Chapman,5,21,20,71.4,0,0,0,1,2,87,2010,Round 5,2010-04-26,5000
Geelong,James Bartel,9,18,12,46.2,0,0,2,1,0,85,2010,Round 5,2010-04-26,5000
Geelong,Darren Milburn,6,18,20,80.0,1,0,1,6,0,86,2010,Round 5,2010-04-26,5000
Geelong,David Wojcinski,6,15,18,81.8,1,0,0,5,9,89,2010,Round 5,2010-04-26,5000
Geelong,Andrew Mackie,1,18,13,68.4,0,1,1,3,0,90,2010,Round 5,2010-04-26,5000
Geelong,Joel Selwood,5,13,14,73.7,0,1,0,3,0,80,2010,Round 5,2010-04-26,5000
Geelong,James Kelly,5,12,15,83.3,0,0,0,2,0,81,2010,Round 5,2010-04-26,5000
Geelong,Cameron Ling,3,14,13,76.5,0,0,0,1,0,86,2010,Round 5,2010-04-26,5000
Geelong,Corey Enright,6,10,12,75.0,2,0,0,1,0,95,2010,Round 5,2010-04-26,5000
Geelong,James Podsiadly,7,7,6,42.9,2,0,4,0,0,77,2010,Round 5,2010-04-26,5000
Geelong,Steve Johnson,3,9,10,83.3,0,1,1,1,0,91,2010,Round 5,2010-04-26,5000
Geelong,Joshua Hunt,4,7,7,63.6,0,1,0,2,0,84,2010,Round 5,2010-04-26,5000
Geelong,Brad Ottens,7,3,8,80.0,0,0,0,0,0,53,2010,Round 5,2010-04-26,5000
Geelong,Tom Lonergan,4,6,8,80.0,2,0,0,9,0,92,2010,Round 5,2010-04-26,5000
Geelong,Simon Hogan,2,8,8,80.0,2,0,1,0,0,68,2010,Round 5,2010-04-26,5000
Geelong,Harry Taylor,4,6,7,70.0,0,0,0,2,0,89,2010,Round 5,2010-04-26,5000
Geelong,Jarad Rooke,5,4,5,62.5,0,1,1,0,0,73,2010,Round 5,2010-04-26,5000
Geelong,Shannon Byrnes,2,6,6,75.0,0,0,0,0,2,85,2010,Round 5,2010-04-26,5000
Geelong,Tom Hawkins,4,4,7,87.5,0,1,1,1,0,79,2010,Round 5,2010-04-26,5000
Geelong,Cameron Mooney,1,3,5,83.3,1,0,1,2,0,94,2010,Round 5,2010-04-26,5000
Geelong,Mark Blake,1,5,4,66.7,0,0,0,1,0,47,2010,Round 5,2010-04-26,5000
Western Bulldogs,Adam Cooney,6,29,28,77.8,0,1,0,1,1,87,2010,Round 6,2010-04-30,5113
Western Bulldogs,Jarrod Harbrow,14,23,26,72.2,0,0,0,6,1,87,2010,Round 6,2010-04-30,5113
Western Bulldogs,Lindsay Gilbee,8,26,27,79.4,0,0,0,6,0,90,2010,Round 6,2010-04-30,5113
Western Bulldogs,Daniel Giansiracusa,4,24,17,58.6,0,0,1,2,0,85,2010,Round 6,2010-04-30,5113
Western Bulldogs,Daniel Cross,10,17,19,70.4,0,0,0,3,0,91,2010,Round 6,2010-04-30,5113
Western Bulldogs,Mitchell Hahn,6,18,20,80.0,1,0,4,2,0,94,2010,Round 6,2010-04-30,5113
Western Bulldogs,Ryan Hargrave,4,20,21,91.3,0,1,0,4,0,89,2010,Round 6,2010-04-30,5113
Western Bulldogs,Ryan Griffen,6,18,16,69.6,0,0,0,1,0,77,2010,Round 6,2010-04-30,5113
Western Bulldogs,Robert Murphy,7,15,15,68.2,0,0,1,0,0,86,2010,Round 6,2010-04-30,5113
Western Bulldogs,Brian Harris,7,14,18,90.0,3,0,0,7,1,92,2010,Round 6,2010-04-30,5113
Western Bulldogs,Jason Akermanis,3,15,15,78.9,0,0,1,2,0,79,2010,Round 6,2010-04-30,5113
Western Bulldogs,Shaun Higgins,7,11,11,57.9,0,0,0,2,0,83,2010,Round 6,2010-04-30,5113
Western Bulldogs,Brad Johnson,8,9,7,38.9,0,0,0,0,1,85,2010,Round 6,2010-04-30,5113
Western Bulldogs,Dale Morris,9,8,13,76.5,0,1,0,9,0,100,2010,Round 6,2010-04-30,5113
Western Bulldogs,Jarrad Grant,4,13,13,76.5,1,1,1,2,1,74,2010,Round 6,2010-04-30,5113
Western Bulldogs,Tom Williams,3,13,12,80.0,0,0,0,6,0,72,2010,Round 6,2010-04-30,5113
Western Bulldogs,Nathan Eagleton,2,12,10,71.4,0,0,1,3,0,72,2010,Round 6,2010-04-30,5113
Western Bulldogs,Dylan Addison,3,10,13,100.0,1,0,0,2,0,74,2010,Round 6,2010-04-30,5113
Western Bulldogs,Andrejs Everitt,2,9,10,83.3,0,0,1,3,0,71,2010,Round 6,2010-04-30,5113
Western Bulldogs,Jordan Roughead,6,3,7,87.5,1,0,0,1,0,50,2010,Round 6,2010-04-30,5113
Western Bulldogs,Ben Hudson,5,2,4,57.1,0,0,0,0,0,70,2010,Round 6,2010-04-30,5113
Western Bulldogs,Barry Hall,1,5,4,66.7,0,0,1,1,0,93,2010,Round 6,2010-04-30,5113
St Kilda,Lenny Hayes,9,25,31,88.6,0,0,0,1,0,81,2010,Round 6,2010-04-30,5113
St Kilda,Leigh Montagna,8,24,19,55.9,1,1,0,0,1,85,2010,Round 6,2010-04-30,5113
St Kilda,Nick Dal Santo,14,13,16,57.1,0,0,0,4,1,87,2010,Round 6,2010-04-30,5113
St Kilda,Brendon Goddard,8,17,21,77.8,3,1,1,2,1,88,2010,Round 6,2010-04-30,5113
St Kilda,Clinton Jones,8,17,17,68.0,0,0,0,2,0,87,2010,Round 6,2010-04-30,5113
St Kilda,Sam Fisher,6,18,22,91.7,1,0,0,4,0,97,2010,Round 6,2010-04-30,5113
St Kilda,Sam Gilbert,8,16,17,70.8,1,0,0,4,5,96,2010,Round 6,2010-04-30,5113
St Kilda,Steven Baker,6,17,19,82.6,0,0,0,5,1,96,2010,Round 6,2010-04-30,5113
St Kilda,Farren Ray,5,18,17,73.9,1,0,0,0,0,76,2010,Round 6,2010-04-30,5113
St Kilda,Jason Blake,5,19,20,90.9,0,0,0,1,2,88,2010,Round 6,2010-04-30,5113
St Kilda,Andrew Mcqualter,8,14,18,81.8,1,1,0,1,0,81,2010,Round 6,2010-04-30,5113
St Kilda,Raphael Clarke,5,13,15,78.9,0,0,0,4,0,93,2010,Round 6,2010-04-30,5113
St Kilda,James Gwilt,4,15,15,78.9,0,0,0,2,0,91,2010,Round 6,2010-04-30,5113
St Kilda,Adam Schneider,6,9,8,53.3,1,1,0,4,1,80,2010,Round 6,2010-04-30,5113
St Kilda,Jack Steven,6,7,10,76.9,0,0,0,2,0,77,2010,Round 6,2010-04-30,5113
St Kilda,Stephen Milne,3,10,6,50.0,0,0,2,2,2,87,2010,Round 6,2010-04-30,5113
St Kilda,Justin Koschitzke,5,6,6,54.5,1,0,1,0,0,82,2010,Round 6,2010-04-30,5113
St Kilda,Zac Dawson,5,6,10,90.9,0,0,0,5,0,97,2010,Round 6,2010-04-30,5113
St Kilda,David Armitage,4,5,9,90.0,0,0,0,3,0,69,2010,Round 6,2010-04-30,5113
St Kilda,Michael S  Gardiner,4,3,7,77.8,2,1,0,2,0,49,2010,Round 6,2010-04-30,5113
St Kilda,Steven King,2,7,6,66.7,1,0,0,3,0,48,2010,Round 6,2010-04-30,5113
St Kilda,Jarryn Geary,5,4,1,12.5,0,0,0,1,0,64,2010,Round 6,2010-04-30,5113
North Melbourne,Brady Rawlings,8,16,21,84.0,0,0,0,1,1,97,2010,Round 6,2010-05-01,5114
North Melbourne,Daniel Wells,7,17,18,75.0,1,1,1,1,4,83,2010,Round 6,2010-05-01,5114
North Melbourne,Michael Firrito,9,12,18,78.3,2,0,0,5,1,97,2010,Round 6,2010-05-01,5114
North Melbourne,Leigh Adams,6,17,23,100.0,0,2,1,2,0,73,2010,Round 6,2010-05-01,5114
North Melbourne,Andrew Swallow,10,11,15,71.4,0,1,2,0,0,85,2010,Round 6,2010-05-01,5114
North Melbourne,Scott Thompson 1,12,10,17,81.0,3,0,0,6,4,97,2010,Round 6,2010-05-01,5114
North Melbourne,Liam Anthony,5,16,13,61.9,0,1,2,1,0,82,2010,Round 6,2010-05-01,5114
North Melbourne,Hamish Mcintosh,6,13,14,73.7,1,0,2,2,0,72,2010,Round 6,2010-05-01,5114
North Melbourne,Aaron Edwards,10,8,8,42.1,0,1,1,1,1,79,2010,Round 6,2010-05-01,5114
North Melbourne,Levi Greenwood,3,14,11,61.1,0,0,0,3,0,81,2010,Round 6,2010-05-01,5114
North Melbourne,Brent Harvey,2,16,13,76.5,0,2,1,1,1,89,2010,Round 6,2010-05-01,5114
North Melbourne,Nathan Grima,7,10,14,82.4,0,0,0,2,0,94,2010,Round 6,2010-05-01,5114
North Melbourne,Lachlan Hansen,8,8,11,68.8,3,0,0,3,0,91,2010,Round 6,2010-05-01,5114
North Melbourne,Ryan Bastinac,5,11,11,68.8,0,0,0,1,2,76,2010,Round 6,2010-05-01,5114
North Melbourne,Scott Mcmahon,5,8,13,92.9,0,0,0,4,2,98,2010,Round 6,2010-05-01,5114
North Melbourne,Lindsay Thomas,5,10,8,57.1,1,1,0,1,0,66,2010,Round 6,2010-05-01,5114
North Melbourne,Jack Ziebell,5,8,9,69.2,0,0,1,2,0,76,2010,Round 6,2010-05-01,5114
North Melbourne,Ben Warren,6,4,7,70.0,0,0,0,1,1,93,2010,Round 6,2010-05-01,5114
North Melbourne,David Hale,6,3,6,66.7,1,0,1,1,0,73,2010,Round 6,2010-05-01,5114
North Melbourne,Ben Cunnington,2,8,5,55.6,0,0,0,5,0,61,2010,Round 6,2010-05-01,5114
North Melbourne,Todd Goldstein,3,4,4,57.1,0,0,1,2,0,73,2010,Round 6,2010-05-01,5114
North Melbourne,Samuel Wright,4,3,5,71.4,0,0,1,0,0,66,2010,Round 6,2010-05-01,5114
Melbourne,Jack Grimes,7,24,24,72.7,1,0,0,2,4,90,2010,Round 6,2010-05-01,5114
Melbourne,Cameron Bruce,5,26,25,78.1,1,0,0,5,2,92,2010,Round 6,2010-05-01,5114
Melbourne,Joel Macdonald,4,25,23,76.7,0,0,0,1,3,84,2010,Round 6,2010-05-01,5114
Melbourne,Nathan Jones,5,22,23,85.2,0,1,0,2,0,82,2010,Round 6,2010-05-01,5114
Melbourne,James Mcdonald,10,15,21,87.5,0,0,0,0,0,71,2010,Round 6,2010-05-01,5114
Melbourne,Aaron Davey,8,16,18,75.0,1,1,0,2,2,75,2010,Round 6,2010-05-01,5114
Melbourne,James Frawley,6,16,19,79.2,1,0,0,5,0,80,2010,Round 6,2010-05-01,5114
Melbourne,Lynden Dunn,7,12,16,72.7,1,2,1,1,0,83,2010,Round 6,2010-05-01,5114
Melbourne,Brad Green,5,16,15,71.4,0,2,2,0,0,91,2010,Round 6,2010-05-01,5114
Melbourne,Brent Moloney,10,12,14,66.7,0,0,0,1,1,78,2010,Round 6,2010-05-01,5114
Melbourne,Colin Garland,2,17,17,81.0,0,0,0,2,0,87,2010,Round 6,2010-05-01,5114
Melbourne,Tom Scully,4,17,16,76.2,0,1,0,0,0,76,2010,Round 6,2010-05-01,5114
Melbourne,Mark Jamar,11,6,13,76.5,2,1,1,1,0,80,2010,Round 6,2010-05-01,5114
Melbourne,Colin Sylvia,4,13,9,52.9,2,0,1,0,1,89,2010,Round 6,2010-05-01,5114
Melbourne,Jamie Bennell,5,12,13,76.5,0,0,0,0,0,76,2010,Round 6,2010-05-01,5114
Melbourne,Jack Trengove,5,11,11,68.8,0,0,0,2,0,79,2010,Round 6,2010-05-01,5114
Melbourne,Matthew Warnock,4,11,11,73.3,2,0,0,8,2,88,2010,Round 6,2010-05-01,5114
Melbourne,Jared Rivers,1,10,10,83.3,1,0,0,1,1,86,2010,Round 6,2010-05-01,5114
Melbourne,Ricky Petterd,7,5,9,75.0,2,2,2,1,0,72,2010,Round 6,2010-05-01,5114
Melbourne,Clint Bartram,1,9,7,77.8,0,0,0,3,1,86,2010,Round 6,2010-05-01,5114
Melbourne,Stefan Martin,4,5,7,77.8,0,0,0,0,0,66,2010,Round 6,2010-05-01,5114
Melbourne,Matthew Bate,5,3,4,50.0,1,0,1,0,0,88,2010,Round 6,2010-05-01,5114
Adelaide,Tyson Edwards,8,18,13,54.2,1,2,0,0,1,80,2010,Round 6,2010-05-01,5115
Adelaide,Graham Johncock,3,17,21,95.5,1,0,0,6,3,83,2010,Round 6,2010-05-01,5115
Adelaide,Brent Reilly,7,15,14,63.6,0,0,1,1,2,82,2010,Round 6,2010-05-01,5115
Adelaide,Andrew Mcleod,12,10,16,76.2,0,0,1,0,0,82,2010,Round 6,2010-05-01,5115
Adelaide,Scott Thompson,4,17,16,80.0,0,2,0,1,0,84,2010,Round 6,2010-05-01,5115
Adelaide,Bernie Vince,7,14,14,70.0,0,0,0,2,1,87,2010,Round 6,2010-05-01,5115
Adelaide,Jason Porplyzia,8,10,13,72.2,1,1,5,3,0,88,2010,Round 6,2010-05-01,5115
Adelaide,Simon Goodwin,7,9,11,64.7,0,0,0,1,0,77,2010,Round 6,2010-05-01,5115
Adelaide,Scott Stevens,10,7,7,41.2,2,0,3,0,0,72,2010,Round 6,2010-05-01,5115
Adelaide,Chris Schmidt,5,11,14,87.5,0,0,0,2,0,83,2010,Round 6,2010-05-01,5115
Adelaide,Nathan Bock,1,12,13,92.9,0,0,0,6,2,89,2010,Round 6,2010-05-01,5115
Adelaide,Myke Cook,5,9,10,71.4,0,0,0,2,0,65,2010,Round 6,2010-05-01,5115
Adelaide,Ben Rutten,2,13,12,92.3,0,0,0,3,0,100,2010,Round 6,2010-05-01,5115
Adelaide,Richard Douglas,3,11,9,69.2,0,1,1,0,3,86,2010,Round 6,2010-05-01,5115
Adelaide,Phil Davis,2,11,10,76.9,0,0,0,6,0,84,2010,Round 6,2010-05-01,5115
Adelaide,Brett Burton,1,10,9,81.8,0,3,1,2,1,79,2010,Round 6,2010-05-01,5115
Adelaide,Ivan Maric,6,5,10,90.9,1,0,0,4,0,80,2010,Round 6,2010-05-01,5115
Adelaide,Kurt Tippett,7,4,6,54.5,2,0,3,1,0,87,2010,Round 6,2010-05-01,5115
Adelaide,Jared Petrenko,2,9,11,100.0,0,1,0,2,1,68,2010,Round 6,2010-05-01,5115
Adelaide,Matthew Jaensch,0,11,9,81.8,0,0,0,0,1,77,2010,Round 6,2010-05-01,5115
Adelaide,Nathan Van Berlo,3,7,7,70.0,0,0,0,0,0,85,2010,Round 6,2010-05-01,5115
Adelaide,Michael Doughty,1,6,7,87.5,0,0,0,3,0,83,2010,Round 6,2010-05-01,5115
Port Adelaide,Kane Cornes,5,23,22,75.9,0,0,0,0,0,99,2010,Round 6,2010-05-01,5115
Port Adelaide,Steven Salopek,6,18,18,75.0,1,0,1,2,0,81,2010,Round 6,2010-05-01,5115
Port Adelaide,Danyle Pearce,7,14,14,66.7,0,0,0,2,4,89,2010,Round 6,2010-05-01,5115
Port Adelaide,Domenic Cassisi,12,8,14,70.0,0,1,1,0,0,80,2010,Round 6,2010-05-01,5115
Port Adelaide,Robert Gray,5,14,11,55.0,0,0,4,1,1,78,2010,Round 6,2010-05-01,5115
Port Adelaide,Travis Boak,5,14,12,63.2,0,2,0,1,0,70,2010,Round 6,2010-05-01,5115
Port Adelaide,Chad Cornes,3,13,16,88.9,0,0,1,3,0,96,2010,Round 6,2010-05-01,5115
Port Adelaide,David Rodan,12,6,17,94.4,0,3,0,2,2,79,2010,Round 6,2010-05-01,5115
Port Adelaide,Troy Chaplin,5,14,15,83.3,0,0,0,4,1,94,2010,Round 6,2010-05-01,5115
Port Adelaide,Paul Stewart,4,13,10,55.6,1,0,0,6,1,85,2010,Round 6,2010-05-01,5115
Port Adelaide,Matt Thomas,8,8,11,68.8,2,0,0,4,0,82,2010,Round 6,2010-05-01,5115
Port Adelaide,Jason Davenport,4,12,11,68.8,0,0,1,1,0,85,2010,Round 6,2010-05-01,5115
Port Adelaide,Dean Brogan,5,9,9,64.3,0,0,1,5,0,76,2010,Round 6,2010-05-01,5115
Port Adelaide,Warren Tredrea,5,9,8,57.1,2,0,1,0,1,81,2010,Round 6,2010-05-01,5115
Port Adelaide,Josh Carr,5,8,11,84.6,0,0,0,4,0,68,2010,Round 6,2010-05-01,5115
Port Adelaide,Alipate Carlile,3,8,10,83.3,1,0,0,4,0,98,2010,Round 6,2010-05-01,5115
Port Adelaide,Hamish Hartlett,5,7,9,75.0,1,0,0,2,0,67,2010,Round 6,2010-05-01,5115
Port Adelaide,Brett Ebert,4,5,5,55.6,2,0,1,1,0,89,2010,Round 6,2010-05-01,5115
Port Adelaide,Justin Westhoff,3,6,8,88.9,0,1,0,0,0,82,2010,Round 6,2010-05-01,5115
Port Adelaide,Jacob Surjan,3,5,8,100.0,0,0,0,2,0,91,2010,Round 6,2010-05-01,5115
Port Adelaide,Jay Schulz,2,2,4,100.0,0,0,0,1,0,86,2010,Round 6,2010-05-01,5115
Port Adelaide,Matthew Lobbe,3,0,3,100.0,2,0,0,0,0,43,2010,Round 6,2010-05-01,5115
Sydney,Ryan O Keefe,8,18,20,76.9,0,0,0,2,0,88,2010,Round 6,2010-05-01,5117
Sydney,Jarrad Mcveigh,9,16,18,72.0,0,0,0,1,2,90,2010,Round 6,2010-05-01,5117
Sydney,Kieran Jack,9,13,16,69.6,0,0,0,0,0,82,2010,Round 6,2010-05-01,5117
Sydney,Nick Malceski,8,13,12,57.1,1,2,1,1,1,86,2010,Round 6,2010-05-01,5117
Sydney,Jude Bolton,10,10,13,65.0,0,1,1,2,0,80,2010,Round 6,2010-05-01,5117
Sydney,Rhyce Shaw,6,13,10,50.0,1,2,0,2,3,90,2010,Round 6,2010-05-01,5117
Sydney,Heath Grundy,13,8,14,73.7,0,0,0,7,0,98,2010,Round 6,2010-05-01,5117
Sydney,Josh P  Kennedy,12,7,17,89.5,0,1,0,1,0,84,2010,Round 6,2010-05-01,5117
Sydney,Tadhg Kennelly,2,14,14,77.8,1,1,0,3,1,89,2010,Round 6,2010-05-01,5117
Sydney,Adam Goodes,1,14,10,66.7,0,0,1,2,0,100,2010,Round 6,2010-05-01,5117
Sydney,Jarred Moore,8,6,11,73.3,2,1,1,0,0,82,2010,Round 6,2010-05-01,5117
Sydney,Shane Mumford,8,7,12,80.0,2,0,1,2,0,82,2010,Round 6,2010-05-01,5117
Sydney,Daniel Hannebery,8,8,12,80.0,1,2,1,2,0,67,2010,Round 6,2010-05-01,5117
Sydney,Martin Mattner,1,10,10,76.9,0,0,0,1,3,84,2010,Round 6,2010-05-01,5117
Sydney,Ted Richards,5,8,12,92.3,1,0,0,2,1,83,2010,Round 6,2010-05-01,5117
Sydney,Lewis Roberts Thomson,4,9,10,76.9,0,0,0,7,0,100,2010,Round 6,2010-05-01,5117
Sydney,Daniel Bradshaw,8,3,6,54.5,4,0,6,1,0,100,2010,Round 6,2010-05-01,5117
Sydney,Brett Kirk,3,6,6,60.0,0,0,0,3,0,83,2010,Round 6,2010-05-01,5117
Sydney,Jesse White,4,4,4,50.0,0,0,0,2,1,71,2010,Round 6,2010-05-01,5117
Sydney,Nick Smith 1,2,5,5,62.5,0,0,0,0,0,86,2010,Round 6,2010-05-01,5117
Sydney,Lewis Jetta,2,3,1,20.0,1,0,0,1,2,74,2010,Round 6,2010-05-01,5117
Sydney,Mark Seaby,0,0,0,0.0,0,0,0,0,0,1,2010,Round 6,2010-05-01,5117
Brisbane Lions,Andrew Raines,8,14,17,73.9,1,1,0,1,2,89,2010,Round 6,2010-05-01,5117
Brisbane Lions,Michael Rischitelli,6,12,12,66.7,0,0,0,1,2,81,2010,Round 6,2010-05-01,5117
Brisbane Lions,Simon Black,7,11,13,76.5,1,2,0,1,0,82,2010,Round 6,2010-05-01,5117
Brisbane Lions,Travis Johnstone,5,11,9,52.9,0,1,0,0,0,88,2010,Round 6,2010-05-01,5117
Brisbane Lions,Jonathan Brown,11,7,11,64.7,3,2,2,1,0,98,2010,Round 6,2010-05-01,5117
Brisbane Lions,Josh Drummond,5,7,11,68.8,0,0,0,5,0,92,2010,Round 6,2010-05-01,5117
Brisbane Lions,Brent Staker,5,9,14,93.3,0,0,0,8,0,98,2010,Round 6,2010-05-01,5117
Brisbane Lions,Mitchell Clark,7,8,9,60.0,0,0,0,1,0,53,2010,Round 6,2010-05-01,5117
Brisbane Lions,Daniel Rich,9,5,9,60.0,0,1,0,3,0,86,2010,Round 6,2010-05-01,5117
Brisbane Lions,Todd Banfield,8,8,6,40.0,0,1,3,0,1,81,2010,Round 6,2010-05-01,5117
Brisbane Lions,Jared Brennan,3,11,9,64.3,1,0,0,1,0,83,2010,Round 6,2010-05-01,5117
Brisbane Lions,Troy Selwood,7,7,9,64.3,1,0,0,1,0,84,2010,Round 6,2010-05-01,5117
Brisbane Lions,Jack Redden,8,6,8,57.1,0,0,0,1,0,75,2010,Round 6,2010-05-01,5117
Brisbane Lions,James Polkinghorne,5,7,8,61.5,0,0,2,0,0,87,2010,Round 6,2010-05-01,5117
Brisbane Lions,Brendan Fevola,6,2,9,75.0,0,1,1,0,0,100,2010,Round 6,2010-05-01,5117
Brisbane Lions,Matthew Maguire,5,6,12,100.0,3,0,0,1,0,80,2010,Round 6,2010-05-01,5117
Brisbane Lions,Amon Buchanan,8,4,4,33.3,0,0,0,0,0,69,2010,Round 6,2010-05-01,5117
Brisbane Lions,Luke Power,5,6,5,45.5,0,0,1,1,0,85,2010,Round 6,2010-05-01,5117
Brisbane Lions,Ashley Mcgrath,2,6,7,87.5,1,0,0,2,0,86,2010,Round 6,2010-05-01,5117
Brisbane Lions,Joel Patfull,4,3,5,71.4,0,0,0,1,0,58,2010,Round 6,2010-05-01,5117
Brisbane Lions,Matt Austin,4,3,5,71.4,0,0,0,2,0,80,2010,Round 6,2010-05-01,5117
Brisbane Lions,Matthew Leuenberger,1,5,6,100.0,0,0,0,1,0,64,2010,Round 6,2010-05-01,5117
Essendon,Nathan Lovett Murray,11,21,22,68.8,0,1,0,1,4,78,2010,Round 6,2010-05-01,5116
Essendon,Brent Stanton,4,25,23,76.7,0,0,2,0,0,74,2010,Round 6,2010-05-01,5116
Essendon,Jason Winderlich,3,23,22,78.6,0,0,1,1,1,70,2010,Round 6,2010-05-01,5116
Essendon,Jobe Watson,11,18,23,82.1,0,0,1,1,0,75,2010,Round 6,2010-05-01,5116
Essendon,Brent Prismall,4,22,23,82.1,0,0,0,3,1,70,2010,Round 6,2010-05-01,5116
Essendon,Dustin Fletcher,5,18,20,80.0,0,0,0,6,0,97,2010,Round 6,2010-05-01,5116
Essendon,David Hille,10,13,16,69.6,2,0,1,1,0,69,2010,Round 6,2010-05-01,5116
Essendon,Andrew Welsh,4,15,13,65.0,0,1,0,4,0,80,2010,Round 6,2010-05-01,5116
Essendon,Mark Mcveigh,1,16,13,72.2,0,0,0,1,0,91,2010,Round 6,2010-05-01,5116
Essendon,Courtenay Dempsey,4,14,12,66.7,1,0,0,0,0,80,2010,Round 6,2010-05-01,5116
Essendon,Samuel Lonergan,10,7,13,72.2,1,0,0,2,0,91,2010,Round 6,2010-05-01,5116
Essendon,Angus Monfries,6,10,12,80.0,0,2,0,1,0,90,2010,Round 6,2010-05-01,5116
Essendon,Henry Slattery,7,7,13,86.7,0,0,0,2,0,88,2010,Round 6,2010-05-01,5116
Essendon,Heath Hocking,7,9,12,80.0,0,2,0,3,2,82,2010,Round 6,2010-05-01,5116
Essendon,Michael Hurley,7,9,14,93.3,1,0,1,1,0,81,2010,Round 6,2010-05-01,5116
Essendon,David Zaharakis,7,8,8,53.3,1,1,3,0,1,88,2010,Round 6,2010-05-01,5116
Essendon,Jarrod Atkinson,4,11,13,92.9,0,0,0,1,2,62,2010,Round 6,2010-05-01,5116
Essendon,Alwyn Davey,3,9,10,76.9,0,0,2,0,1,85,2010,Round 6,2010-05-01,5116
Essendon,Patrick Ryder,6,5,4,36.4,1,0,2,0,0,78,2010,Round 6,2010-05-01,5116
Essendon,Cale Hooker,6,4,10,90.9,1,0,0,11,0,100,2010,Round 6,2010-05-01,5116
Essendon,Scott Gumbleton,4,6,6,60.0,3,1,2,0,0,91,2010,Round 6,2010-05-01,5116
Essendon,Rick Dyson,3,7,6,66.7,0,0,0,0,0,79,2010,Round 6,2010-05-01,5116
Hawthorn,Clinton Young,6,15,14,63.6,0,1,0,1,5,72,2010,Round 6,2010-05-01,5116
Hawthorn,Chance Bateman,4,13,13,68.4,0,0,0,3,1,75,2010,Round 6,2010-05-01,5116
Hawthorn,Luke Hodge,8,11,15,78.9,1,1,0,6,0,84,2010,Round 6,2010-05-01,5116
Hawthorn,Michael Osborne,6,10,10,58.8,0,0,1,2,0,84,2010,Round 6,2010-05-01,5116
Hawthorn,Brad Sewell,7,10,11,64.7,0,0,0,0,1,90,2010,Round 6,2010-05-01,5116
Hawthorn,Brent Guerra,4,9,10,62.5,0,0,0,1,0,79,2010,Round 6,2010-05-01,5116
Hawthorn,Lance Franklin,7,9,8,50.0,2,0,3,2,0,100,2010,Round 6,2010-05-01,5116
Hawthorn,Benjamin Stratton,6,10,15,93.8,1,0,0,8,0,100,2010,Round 6,2010-05-01,5116
Hawthorn,Jordan Lewis,6,8,8,57.1,0,0,0,1,0,80,2010,Round 6,2010-05-01,5116
Hawthorn,Rick Ladson,5,9,10,76.9,0,0,0,2,0,79,2010,Round 6,2010-05-01,5116
Hawthorn,Stephen Gilham,4,9,12,92.3,0,0,0,9,0,100,2010,Round 6,2010-05-01,5116
Hawthorn,Thomas Murphy,4,7,12,92.3,1,0,0,1,0,87,2010,Round 6,2010-05-01,5116
Hawthorn,Xavier Ellis,7,6,9,69.2,0,0,0,2,0,70,2010,Round 6,2010-05-01,5116
Hawthorn,Campbell Brown,4,8,9,75.0,0,2,0,2,2,87,2010,Round 6,2010-05-01,5116
Hawthorn,Grant Birchall,3,9,9,75.0,0,0,0,2,0,80,2010,Round 6,2010-05-01,5116
Hawthorn,Cyril Rioli,3,9,7,58.3,1,0,1,4,0,89,2010,Round 6,2010-05-01,5116
Hawthorn,Brendan Whitecross,4,8,8,66.7,0,0,0,0,0,78,2010,Round 6,2010-05-01,5116
Hawthorn,Brent Renouf,2,9,8,72.7,0,0,1,0,0,68,2010,Round 6,2010-05-01,5116
Hawthorn,Jarrod Kayler Thomson,1,10,6,54.5,0,1,0,1,0,68,2010,Round 6,2010-05-01,5116
Hawthorn,Jarryd Roughead,6,4,4,40.0,2,1,2,4,0,97,2010,Round 6,2010-05-01,5116
Hawthorn,Liam Shiels,7,4,4,40.0,1,0,0,3,0,84,2010,Round 6,2010-05-01,5116
Hawthorn,Ryan Schoenmakers,3,5,4,57.1,0,0,0,2,0,49,2010,Round 6,2010-05-01,5116
Geelong,Joel Selwood,14,23,30,81.1,0,0,0,4,0,87,2010,Round 6,2010-05-02,5118
Geelong,Paul Chapman,6,27,25,75.8,0,2,1,0,0,83,2010,Round 6,2010-05-02,5118
Geelong,James Kelly,8,20,21,72.4,0,1,0,1,0,88,2010,Round 6,2010-05-02,5118
Geelong,Corey Enright,6,20,20,71.4,1,0,0,4,0,86,2010,Round 6,2010-05-02,5118
Geelong,Steve Johnson,4,22,19,73.1,1,2,5,1,1,83,2010,Round 6,2010-05-02,5118
Geelong,James Bartel,7,18,20,80.0,0,1,0,3,0,88,2010,Round 6,2010-05-02,5118
Geelong,Andrew Mackie,8,17,21,84.0,0,0,0,3,0,90,2010,Round 6,2010-05-02,5118
Geelong,Travis Varcoe,4,17,17,70.8,0,7,0,1,2,73,2010,Round 6,2010-05-02,5118
Geelong,Darren Milburn,5,17,17,77.3,0,0,1,3,0,93,2010,Round 6,2010-05-02,5118
Geelong,Simon Hogan,7,15,17,77.3,1,1,0,3,0,72,2010,Round 6,2010-05-02,5118
Geelong,David Wojcinski,7,14,17,81.0,0,0,0,0,1,86,2010,Round 6,2010-05-02,5118
Geelong,Shannon Byrnes,2,19,16,76.2,0,1,2,0,1,89,2010,Round 6,2010-05-02,5118
Geelong,Tom Hawkins,7,12,12,66.7,1,1,2,3,0,90,2010,Round 6,2010-05-02,5118
Geelong,Cameron Mooney,6,11,10,58.8,1,1,4,1,0,80,2010,Round 6,2010-05-02,5118
Geelong,Cameron Ling,3,12,11,68.8,0,0,0,1,0,84,2010,Round 6,2010-05-02,5118
Geelong,Tom Lonergan,4,10,14,87.5,0,0,0,6,2,90,2010,Round 6,2010-05-02,5118
Geelong,Harry Taylor,6,11,15,93.8,0,0,0,2,2,87,2010,Round 6,2010-05-02,5118
Geelong,Joshua Hunt,5,10,15,100.0,1,0,0,4,0,84,2010,Round 6,2010-05-02,5118
Geelong,James Podsiadly,11,4,10,66.7,5,1,3,0,0,85,2010,Round 6,2010-05-02,5118
Geelong,Mitchell Duncan,2,11,11,78.6,1,0,1,1,1,74,2010,Round 6,2010-05-02,5118
Geelong,Brad Ottens,6,4,4,44.4,0,0,1,1,0,60,2010,Round 6,2010-05-02,5118
Geelong,Mark Blake,1,2,3,100.0,0,0,0,1,0,48,2010,Round 6,2010-05-02,5118
Richmond,Shane Tuck,21,18,29,76.3,1,0,0,1,0,88,2010,Round 6,2010-05-02,5118
Richmond,Brett Deledio,6,27,24,70.6,1,0,0,0,0,90,2010,Round 6,2010-05-02,5118
Richmond,Chris Newman,8,18,21,75.0,1,1,0,4,0,87,2010,Round 6,2010-05-02,5118
Richmond,Ben Cousins,3,24,17,65.4,0,0,0,0,0,74,2010,Round 6,2010-05-02,5118
Richmond,Andrew Collins 1,6,13,14,73.7,0,0,0,1,0,76,2010,Round 6,2010-05-02,5118
Richmond,Dean Polo,6,11,12,66.7,2,0,0,5,3,91,2010,Round 6,2010-05-02,5118
Richmond,David Astbury,5,12,11,64.7,0,1,0,2,0,83,2010,Round 6,2010-05-02,5118
Richmond,Daniel Jackson,5,13,12,75.0,0,0,0,2,0,79,2010,Round 6,2010-05-02,5118
Richmond,Shane Edwards,6,10,15,93.8,0,0,0,0,0,78,2010,Round 6,2010-05-02,5118
Richmond,Troy Simmonds,5,9,11,78.6,0,0,0,3,0,66,2010,Round 6,2010-05-02,5118
Richmond,Alex Rance,3,11,9,64.3,0,1,0,1,0,88,2010,Round 6,2010-05-02,5118
Richmond,Mitch Morton,2,11,11,84.6,0,0,0,0,0,87,2010,Round 6,2010-05-02,5118
Richmond,Mitchell Farmer,3,9,10,76.9,0,1,0,1,0,83,2010,Round 6,2010-05-02,5118
Richmond,Ben Nason,4,9,11,84.6,0,0,0,0,1,85,2010,Round 6,2010-05-02,5118
Richmond,Kelvin Moore,5,7,9,75.0,0,0,0,1,1,81,2010,Round 6,2010-05-02,5118
Richmond,Jack Riewoldt,5,5,7,58.3,1,0,4,1,0,97,2010,Round 6,2010-05-02,5118
Richmond,Robin Nahas,3,9,9,75.0,0,0,0,2,3,89,2010,Round 6,2010-05-02,5118
Richmond,Nathan Foley,2,9,7,63.6,0,0,0,2,0,80,2010,Round 6,2010-05-02,5118
Richmond,Luke Mcguane,4,8,10,90.9,0,0,0,3,1,85,2010,Round 6,2010-05-02,5118
Richmond,Tyrone Vickery,4,6,9,90.0,1,0,0,0,0,56,2010,Round 6,2010-05-02,5118
Richmond,Will Thursfield,5,4,8,88.9,0,0,1,5,0,85,2010,Round 6,2010-05-02,5118
Richmond,Matthew Dea,2,4,6,100.0,0,0,0,0,0,75,2010,Round 6,2010-05-02,5118
Carlton,Chris Judd,18,20,25,67.6,1,0,0,0,3,84,2010,Round 6,2010-05-02,5119
Carlton,Paul Bower,8,23,26,83.9,1,0,0,6,3,88,2010,Round 6,2010-05-02,5119
Carlton,Bryce Gibbs,7,24,24,77.4,0,1,0,3,0,90,2010,Round 6,2010-05-02,5119
Carlton,Marc Murphy,9,20,23,76.7,1,1,1,0,0,86,2010,Round 6,2010-05-02,5119
Carlton,Kade Simpson,7,22,18,62.1,0,1,0,2,0,85,2010,Round 6,2010-05-02,5119
Carlton,Heath Scotland,9,16,21,80.8,0,0,0,1,0,85,2010,Round 6,2010-05-02,5119
Carlton,Jordan Russell,9,15,18,75.0,1,0,0,7,0,82,2010,Round 6,2010-05-02,5119
Carlton,Andrew Carrazzo,5,18,15,65.2,0,1,0,0,0,83,2010,Round 6,2010-05-02,5119
Carlton,Kane Lucas,6,15,13,61.9,0,1,0,2,0,64,2010,Round 6,2010-05-02,5119
Carlton,Simon White,5,14,16,84.2,0,1,1,5,0,88,2010,Round 6,2010-05-02,5119
Carlton,Setanta O Hailpin,10,8,10,55.6,1,1,3,3,0,95,2010,Round 6,2010-05-02,5119
Carlton,Dennis Armfield,7,9,13,72.2,0,0,0,3,1,72,2010,Round 6,2010-05-02,5119
Carlton,Christopher Yarran,5,13,11,61.1,0,0,2,0,2,80,2010,Round 6,2010-05-02,5119
Carlton,Ryan Houlihan,9,8,12,70.6,1,3,3,0,0,97,2010,Round 6,2010-05-02,5119
Carlton,Matthew Kreuzer,4,11,11,73.3,0,0,0,1,0,77,2010,Round 6,2010-05-02,5119
Carlton,Brock Mclean,3,9,10,83.3,0,0,0,3,0,65,2010,Round 6,2010-05-02,5119
Carlton,Edward Betts,6,6,9,75.0,0,1,0,2,0,88,2010,Round 6,2010-05-02,5119
Carlton,Michael Jamison,4,8,7,58.3,0,0,0,3,0,91,2010,Round 6,2010-05-02,5119
Carlton,Lachlan Henderson,1,8,7,77.8,0,1,0,3,0,88,2010,Round 6,2010-05-02,5119
Carlton,Aaron Joseph,2,7,6,75.0,0,0,0,7,1,83,2010,Round 6,2010-05-02,5119
Carlton,Sam Jacobs,5,2,7,100.0,1,0,0,3,0,58,2010,Round 6,2010-05-02,5119
Carlton,Jeff Gartlett,1,3,3,75.0,0,0,0,1,0,70,2010,Round 6,2010-05-02,5119
Collingwood,Dane Swan,6,23,22,71.0,0,1,0,1,0,78,2010,Round 6,2010-05-02,5119
Collingwood,Scott Pendlebury,14,15,18,62.1,0,1,1,0,1,71,2010,Round 6,2010-05-02,5119
Collingwood,Dale Thomas,9,13,16,69.6,0,1,0,1,1,80,2010,Round 6,2010-05-02,5119
Collingwood,Sharrod Wellingham,7,15,19,82.6,0,1,1,0,3,74,2010,Round 6,2010-05-02,5119
Collingwood,Ben Johnson,2,20,20,90.9,0,3,0,1,2,76,2010,Round 6,2010-05-02,5119
Collingwood,Alan Didak,7,13,15,71.4,0,2,0,3,0,84,2010,Round 6,2010-05-02,5119
Collingwood,Luke Ball,5,13,15,75.0,0,0,0,3,0,66,2010,Round 6,2010-05-02,5119
Collingwood,Heath Shaw,9,7,15,78.9,0,0,0,2,2,95,2010,Round 6,2010-05-02,5119
Collingwood,Travis Cloke,4,15,13,68.4,1,2,2,3,0,96,2010,Round 6,2010-05-02,5119
Collingwood,Steele Sidebottom,7,13,13,68.4,0,1,1,3,4,71,2010,Round 6,2010-05-02,5119
Collingwood,Dayne Beams,4,14,10,55.6,0,0,1,0,1,78,2010,Round 6,2010-05-02,5119
Collingwood,Nick Maxwell,5,11,12,70.6,0,0,0,4,1,90,2010,Round 6,2010-05-02,5119
Collingwood,Alan Toovey,6,11,12,70.6,0,1,0,4,0,94,2010,Round 6,2010-05-02,5119
Collingwood,Chris Dawes,9,8,7,41.2,4,1,6,1,0,89,2010,Round 6,2010-05-02,5119
Collingwood,Brent Macaffer,7,8,11,78.6,0,0,0,0,0,80,2010,Round 6,2010-05-02,5119
Collingwood,Heritier O Brien,6,6,12,92.3,0,1,0,2,1,100,2010,Round 6,2010-05-02,5119
Collingwood,Leon Davis,6,4,6,60.0,0,1,0,2,0,85,2010,Round 6,2010-05-02,5119
Collingwood,Ben Reid,2,6,8,100.0,0,0,0,7,0,97,2010,Round 6,2010-05-02,5119
Collingwood,Paul Medhurst,2,5,6,85.7,0,0,2,1,0,86,2010,Round 6,2010-05-02,5119
Collingwood,Darren Jolly,2,4,4,57.1,0,0,1,2,0,73,2010,Round 6,2010-05-02,5119
Collingwood,Nathan Brown,3,4,6,85.7,1,0,0,7,0,92,2010,Round 6,2010-05-02,5119
Collingwood,Josh Fraser,4,2,3,50.0,0,1,1,0,0,46,2010,Round 6,2010-05-02,5119
West Coast,Bradley Ebert,11,18,16,57.1,0,1,0,3,1,81,2010,Round 6,2010-05-02,5120
West Coast,Adam Selwood,13,13,18,69.2,1,0,0,0,0,84,2010,Round 6,2010-05-02,5120
West Coast,Eric Mackenzie,8,14,18,78.3,1,0,0,6,0,88,2010,Round 6,2010-05-02,5120
West Coast,Tom Swift,4,17,16,76.2,0,0,1,0,3,73,2010,Round 6,2010-05-02,5120
West Coast,Matthew Rosa,6,14,13,65.0,0,0,0,3,0,83,2010,Round 6,2010-05-02,5120
West Coast,Dean Cox,11,5,11,64.7,1,0,1,2,0,87,2010,Round 6,2010-05-02,5120
West Coast,Matthew Priddis,7,10,10,62.5,0,1,0,0,0,89,2010,Round 6,2010-05-02,5120
West Coast,Ashton Hams,9,7,9,56.2,0,1,0,0,0,83,2010,Round 6,2010-05-02,5120
West Coast,Andrew Embley,7,8,6,40.0,0,1,0,3,0,84,2010,Round 6,2010-05-02,5120
West Coast,Shannon Hurn,6,7,11,73.3,0,0,0,5,0,92,2010,Round 6,2010-05-02,5120
West Coast,Scott Selwood,7,8,11,73.3,1,0,0,2,0,81,2010,Round 6,2010-05-02,5120
West Coast,Patrick Mcginnity,9,6,9,60.0,0,0,0,4,0,74,2010,Round 6,2010-05-02,5120
West Coast,Brett Jones,2,12,13,92.9,0,0,0,2,0,76,2010,Round 6,2010-05-02,5120
West Coast,Mark Lecras,7,7,11,78.6,1,0,3,1,2,85,2010,Round 6,2010-05-02,5120
West Coast,Chris Masten,7,7,8,57.1,0,0,0,0,0,27,2010,Round 6,2010-05-02,5120
West Coast,Beau Waters,8,3,7,53.8,0,0,0,0,2,82,2010,Round 6,2010-05-02,5120
West Coast,Darren Glass,5,6,6,50.0,0,0,0,9,0,92,2010,Round 6,2010-05-02,5120
West Coast,Joshua Kennedy,6,4,8,72.7,2,0,2,0,0,93,2010,Round 6,2010-05-02,5120
West Coast,Nicholas Naitanui,8,3,9,81.8,0,0,0,4,0,73,2010,Round 6,2010-05-02,5120
West Coast,Quinten Lynch,1,7,3,30.0,0,1,0,2,0,94,2010,Round 6,2010-05-02,5120
West Coast,Will Schofield,6,4,6,60.0,1,0,1,1,0,93,2010,Round 6,2010-05-02,5120
West Coast,Benjamin Mckinley,3,4,2,28.6,0,0,2,1,0,86,2010,Round 6,2010-05-02,5120
Fremantle,Michael Barlow,11,14,20,80.0,1,2,0,2,1,68,2010,Round 6,2010-05-02,5120
Fremantle,Paul Duffield,5,15,19,79.2,1,2,0,1,3,91,2010,Round 6,2010-05-02,5120
Fremantle,Paul Hasleby,5,16,16,76.2,0,1,0,1,0,76,2010,Round 6,2010-05-02,5120
Fremantle,David Mundy,9,12,17,81.0,0,0,0,3,0,76,2010,Round 6,2010-05-02,5120
Fremantle,Greg Broughton,6,13,15,78.9,0,1,0,4,4,87,2010,Round 6,2010-05-02,5120
Fremantle,Rhys Palmer,5,14,16,88.9,1,0,1,1,0,64,2010,Round 6,2010-05-02,5120
Fremantle,Stephen Hill,5,12,10,58.8,0,0,0,2,0,80,2010,Round 6,2010-05-02,5120
Fremantle,Matthew Pavlich,7,9,9,56.2,3,1,6,3,0,97,2010,Round 6,2010-05-02,5120
Fremantle,Michael Johnson,4,10,12,75.0,1,0,1,3,0,87,2010,Round 6,2010-05-02,5120
Fremantle,Hayden Ballantyne,9,8,9,56.2,1,2,1,2,1,74,2010,Round 6,2010-05-02,5120
Fremantle,Luke Mcpharlin,7,7,10,71.4,0,0,0,4,1,96,2010,Round 6,2010-05-02,5120
Fremantle,Christopher Mayne,6,9,11,78.6,0,1,2,3,2,77,2010,Round 6,2010-05-02,5120
Fremantle,Dylan Roberton,5,9,10,71.4,0,1,0,4,2,66,2010,Round 6,2010-05-02,5120
Fremantle,Alex Silvagni,4,8,8,61.5,1,0,0,6,0,79,2010,Round 6,2010-05-02,5120
Fremantle,Aaron Sandilands,8,4,9,75.0,1,1,1,4,0,83,2010,Round 6,2010-05-02,5120
Fremantle,Adam Mcphee,4,8,8,66.7,0,0,0,3,0,80,2010,Round 6,2010-05-02,5120
Fremantle,Anthony Morabito,7,6,10,83.3,2,1,1,1,0,75,2010,Round 6,2010-05-02,5120
Fremantle,Ryan Crowley,5,6,8,72.7,1,0,0,1,0,89,2010,Round 6,2010-05-02,5120
Fremantle,Chris Tarrant,4,4,10,100.0,0,0,0,3,0,97,2010,Round 6,2010-05-02,5120
Fremantle,Matthew Deboer,4,6,6,60.0,0,0,0,0,0,90,2010,Round 6,2010-05-02,5120
Fremantle,Roger Hayden,2,6,8,88.9,0,0,0,5,0,89,2010,Round 6,2010-05-02,5120
Fremantle,Nathan Fyfe,1,6,6,85.7,0,1,1,2,0,70,2010,Round 6,2010-05-02,5120
Melbourne,Tom Scully,15,23,23,59.0,0,1,0,4,0,90,2010,Round 7,2010-05-07,4977
Melbourne,Nathan Jones,8,22,17,54.8,0,0,0,3,0,88,2010,Round 7,2010-05-07,4977
Melbourne,Cameron Bruce,9,18,24,80.0,1,0,0,2,0,87,2010,Round 7,2010-05-07,4977
Melbourne,Jack Grimes,11,15,16,57.1,0,0,0,4,0,90,2010,Round 7,2010-05-07,4977
Melbourne,Jack Trengove,11,13,16,61.5,1,1,0,3,0,87,2010,Round 7,2010-05-07,4977
Melbourne,Jordie Mckenzie,10,13,16,66.7,0,0,0,1,0,64,2010,Round 7,2010-05-07,4977
Melbourne,Brent Moloney,4,14,11,55.0,0,0,0,4,0,77,2010,Round 7,2010-05-07,4977
Melbourne,Lynden Dunn,6,13,12,63.2,0,0,1,3,0,84,2010,Round 7,2010-05-07,4977
Melbourne,James Mcdonald,5,13,15,83.3,0,0,0,3,0,79,2010,Round 7,2010-05-07,4977
Melbourne,Aaron Davey,8,10,12,66.7,0,0,0,0,1,74,2010,Round 7,2010-05-07,4977
Melbourne,Matthew Bate,10,8,8,44.4,1,0,1,5,0,90,2010,Round 7,2010-05-07,4977
Melbourne,Colin Sylvia,6,11,11,64.7,0,1,0,3,0,86,2010,Round 7,2010-05-07,4977
Melbourne,James Frawley,8,7,11,64.7,1,0,0,6,0,90,2010,Round 7,2010-05-07,4977
Melbourne,Brad Green,6,10,11,68.8,0,0,0,1,1,93,2010,Round 7,2010-05-07,4977
Melbourne,Matthew Warnock,8,8,9,56.2,0,0,0,13,0,93,2010,Round 7,2010-05-07,4977
Melbourne,Clint Bartram,8,8,13,81.2,0,0,0,3,0,75,2010,Round 7,2010-05-07,4977
Melbourne,Jared Rivers,8,5,10,76.9,0,0,0,8,0,75,2010,Round 7,2010-05-07,4977
Melbourne,Colin Garland,5,7,7,53.8,1,0,0,4,0,90,2010,Round 7,2010-05-07,4977
Melbourne,Danny Hughes 1,3,11,9,69.2,1,0,2,0,0,69,2010,Round 7,2010-05-07,4977
Melbourne,Jamie Bennell,6,7,10,83.3,1,1,0,1,0,86,2010,Round 7,2010-05-07,4977
Melbourne,Mark Jamar,6,2,8,88.9,1,0,0,3,0,71,2010,Round 7,2010-05-07,4977
Melbourne,Paul Johnson,3,4,5,71.4,0,1,0,1,0,62,2010,Round 7,2010-05-07,4977
Western Bulldogs,Daniel Giansiracusa,16,14,23,71.9,0,2,0,1,0,84,2010,Round 7,2010-05-07,4977
Western Bulldogs,Shaun Higgins,13,17,15,46.9,0,0,0,0,0,75,2010,Round 7,2010-05-07,4977
Western Bulldogs,Daniel Cross,13,13,21,80.8,0,0,0,2,0,89,2010,Round 7,2010-05-07,4977
Western Bulldogs,Ryan Griffen,5,17,10,43.5,0,0,0,2,0,78,2010,Round 7,2010-05-07,4977
Western Bulldogs,Ben Hudson,17,5,12,54.5,1,0,0,3,0,78,2010,Round 7,2010-05-07,4977
Western Bulldogs,Adam Cooney,9,12,15,71.4,0,0,0,0,0,86,2010,Round 7,2010-05-07,4977
Western Bulldogs,Jason Akermanis,9,8,14,73.7,1,1,1,2,0,77,2010,Round 7,2010-05-07,4977
Western Bulldogs,Matthew Boyd,12,7,9,47.4,1,0,0,2,0,89,2010,Round 7,2010-05-07,4977
Western Bulldogs,Robert Murphy,10,8,11,61.1,0,0,1,2,2,84,2010,Round 7,2010-05-07,4977
Western Bulldogs,Jarrod Harbrow,7,10,12,70.6,0,0,0,4,0,93,2010,Round 7,2010-05-07,4977
Western Bulldogs,Lindsay Gilbee,6,7,8,50.0,0,2,0,5,0,81,2010,Round 7,2010-05-07,4977
Western Bulldogs,Ryan Hargrave,3,10,12,80.0,0,0,0,7,0,89,2010,Round 7,2010-05-07,4977
Western Bulldogs,Andrejs Everitt,5,10,11,73.3,0,0,0,2,0,81,2010,Round 7,2010-05-07,4977
Western Bulldogs,Brian Harris,4,10,9,64.3,0,0,0,9,0,95,2010,Round 7,2010-05-07,4977
Western Bulldogs,Josh Hill,5,5,9,69.2,2,0,2,3,0,83,2010,Round 7,2010-05-07,4977
Western Bulldogs,Mitchell Hahn,5,6,5,41.7,1,0,1,1,0,88,2010,Round 7,2010-05-07,4977
Western Bulldogs,Barry Hall,9,1,7,63.6,0,1,0,0,0,87,2010,Round 7,2010-05-07,4977
Western Bulldogs,Jarrad Grant,5,6,9,81.8,0,0,0,2,0,76,2010,Round 7,2010-05-07,4977
Western Bulldogs,Dale Morris,6,3,9,90.0,1,0,0,10,0,97,2010,Round 7,2010-05-07,4977
Western Bulldogs,Brennan Stack,5,4,5,62.5,0,0,0,4,0,69,2010,Round 7,2010-05-07,4977
Western Bulldogs,Tom Williams,3,3,6,85.7,2,0,0,3,0,53,2010,Round 7,2010-05-07,4977
Western Bulldogs,Dylan Addison,3,3,3,50.0,0,0,0,3,0,68,2010,Round 7,2010-05-07,4977
West Coast,Adam Selwood,9,13,14,63.6,0,0,0,1,0,80,2010,Round 7,2010-05-08,4978
West Coast,Bradd Dalziell,4,18,14,63.6,0,0,0,0,0,87,2010,Round 7,2010-05-08,4978
West Coast,Matthew Priddis,11,9,11,55.0,0,0,0,0,0,84,2010,Round 7,2010-05-08,4978
West Coast,Nicholas Naitanui,16,2,13,68.4,3,1,0,2,1,76,2010,Round 7,2010-05-08,4978
West Coast,Tom Swift,4,16,15,78.9,1,1,0,0,0,68,2010,Round 7,2010-05-08,4978
West Coast,Bradley Ebert,6,10,10,58.8,1,0,0,0,2,81,2010,Round 7,2010-05-08,4978
West Coast,Lewis Stevenson,4,13,12,70.6,0,0,0,5,0,78,2010,Round 7,2010-05-08,4978
West Coast,Dean Cox,8,7,13,81.2,2,0,0,3,0,71,2010,Round 7,2010-05-08,4978
West Coast,Mark Lecras,3,11,10,62.5,0,0,1,3,1,88,2010,Round 7,2010-05-08,4978
West Coast,Quinten Lynch,7,8,10,66.7,2,0,4,1,0,95,2010,Round 7,2010-05-08,4978
West Coast,Joshua Kennedy,9,6,11,73.3,2,0,3,0,0,88,2010,Round 7,2010-05-08,4978
West Coast,Shannon Hurn,5,9,12,80.0,1,1,0,6,0,91,2010,Round 7,2010-05-08,4978
West Coast,Beau Waters,4,10,10,71.4,1,1,0,2,1,83,2010,Round 7,2010-05-08,4978
West Coast,Mark Nicoski,5,8,11,84.6,0,1,0,1,0,79,2010,Round 7,2010-05-08,4978
West Coast,Matthew Rosa,2,10,10,83.3,0,1,0,1,0,76,2010,Round 7,2010-05-08,4978
West Coast,Benjamin Mckinley,6,6,7,58.3,1,2,1,1,3,83,2010,Round 7,2010-05-08,4978
West Coast,Eric Mackenzie,5,7,11,91.7,2,0,0,5,0,87,2010,Round 7,2010-05-08,4978
West Coast,Will Schofield,3,6,8,72.7,0,0,0,6,0,84,2010,Round 7,2010-05-08,4978
West Coast,Darren Glass,5,5,10,100.0,2,0,0,6,0,89,2010,Round 7,2010-05-08,4978
West Coast,Bradley Sheppard,3,8,8,80.0,0,0,0,1,0,68,2010,Round 7,2010-05-08,4978
West Coast,Patrick Mcginnity,3,6,6,75.0,0,1,0,2,0,88,2010,Round 7,2010-05-08,4978
West Coast,Ashton Hams,4,4,7,87.5,0,1,0,0,0,76,2010,Round 7,2010-05-08,4978
Hawthorn,Jordan Lewis,16,16,19,61.3,0,2,0,0,0,84,2010,Round 7,2010-05-08,4978
Hawthorn,Luke Hodge,6,14,19,86.4,1,0,0,6,0,89,2010,Round 7,2010-05-08,4978
Hawthorn,Brent Guerra,3,15,15,75.0,0,0,0,2,6,52,2010,Round 7,2010-05-08,4978
Hawthorn,Campbell Brown,2,18,15,75.0,0,0,0,2,2,90,2010,Round 7,2010-05-08,4978
Hawthorn,Grant Birchall,4,16,18,90.0,0,2,0,1,0,88,2010,Round 7,2010-05-08,4978
Hawthorn,Jarryd Roughead,7,10,12,66.7,3,0,3,0,0,95,2010,Round 7,2010-05-08,4978
Hawthorn,Matthew Suckling,5,10,13,76.5,0,0,0,0,0,75,2010,Round 7,2010-05-08,4978
Hawthorn,Brad Sewell,8,7,10,66.7,0,0,0,0,0,81,2010,Round 7,2010-05-08,4978
Hawthorn,Clinton Young,2,13,14,93.3,0,1,0,0,9,88,2010,Round 7,2010-05-08,4978
Hawthorn,Xavier Ellis,7,8,9,60.0,0,1,0,3,0,75,2010,Round 7,2010-05-08,4978
Hawthorn,Beau Muston,8,8,11,73.3,1,0,0,1,0,72,2010,Round 7,2010-05-08,4978
Hawthorn,Cyril Rioli,6,9,9,60.0,0,0,0,2,0,90,2010,Round 7,2010-05-08,4978
Hawthorn,Carl Peterson,5,9,9,64.3,1,1,3,0,0,63,2010,Round 7,2010-05-08,4978
Hawthorn,Brendan Whitecross,4,10,9,64.3,1,0,1,1,0,84,2010,Round 7,2010-05-08,4978
Hawthorn,Brent Renouf,8,5,10,76.9,1,0,0,6,0,81,2010,Round 7,2010-05-08,4978
Hawthorn,Rick Ladson,2,10,11,91.7,0,0,0,0,0,79,2010,Round 7,2010-05-08,4978
Hawthorn,Stephen Gilham,2,10,12,100.0,0,0,0,6,0,99,2010,Round 7,2010-05-08,4978
Hawthorn,Jarryd Morton,5,7,11,91.7,1,0,0,0,0,90,2010,Round 7,2010-05-08,4978
Hawthorn,Chance Bateman,3,7,8,88.9,0,0,0,1,0,72,2010,Round 7,2010-05-08,4978
Hawthorn,Benjamin Stratton,4,6,6,75.0,2,0,0,4,0,96,2010,Round 7,2010-05-08,4978
Hawthorn,Liam Shiels,2,2,2,50.0,0,0,0,0,0,81,2010,Round 7,2010-05-08,4978
Hawthorn,Ryan Schoenmakers,1,2,2,66.7,0,0,0,2,0,77,2010,Round 7,2010-05-08,4978
Essendon,Jobe Watson,11,21,25,80.6,0,1,0,5,3,74,2010,Round 7,2010-05-08,4979
Essendon,Brent Stanton,11,16,16,59.3,1,0,0,2,1,82,2010,Round 7,2010-05-08,4979
Essendon,Angus Monfries,7,18,19,76.0,1,0,1,2,0,91,2010,Round 7,2010-05-08,4979
Essendon,Jason Winderlich,5,19,16,66.7,0,0,1,1,0,71,2010,Round 7,2010-05-08,4979
Essendon,Nathan Lovett Murray,6,18,20,83.3,0,0,1,4,3,81,2010,Round 7,2010-05-08,4979
Essendon,Brent Prismall,7,16,15,65.2,0,0,1,0,0,68,2010,Round 7,2010-05-08,4979
Essendon,Samuel Lonergan,7,15,13,61.9,0,1,1,2,0,87,2010,Round 7,2010-05-08,4979
Essendon,Jake Melksham,4,18,18,85.7,0,1,1,1,0,71,2010,Round 7,2010-05-08,4979
Essendon,Mark Mcveigh,6,13,14,70.0,1,2,0,2,0,91,2010,Round 7,2010-05-08,4979
Essendon,Cale Hooker,11,10,13,65.0,2,0,0,8,0,93,2010,Round 7,2010-05-08,4979
Essendon,Ben Howlett,11,9,12,60.0,0,0,0,2,0,71,2010,Round 7,2010-05-08,4979
Essendon,Courtenay Dempsey,8,10,15,78.9,1,0,0,4,0,90,2010,Round 7,2010-05-08,4979
Essendon,Heath Hocking,9,10,15,78.9,1,0,0,2,2,89,2010,Round 7,2010-05-08,4979
Essendon,David Zaharakis,2,13,13,81.2,0,4,3,0,0,83,2010,Round 7,2010-05-08,4979
Essendon,David Hille,6,9,9,60.0,0,1,1,4,1,74,2010,Round 7,2010-05-08,4979
Essendon,Dustin Fletcher,3,9,13,92.9,1,0,0,8,0,97,2010,Round 7,2010-05-08,4979
Essendon,Patrick Ryder,8,6,13,92.9,2,0,1,3,0,83,2010,Round 7,2010-05-08,4979
Essendon,Scott Gumbleton,3,10,11,78.6,1,1,1,1,0,87,2010,Round 7,2010-05-08,4979
Essendon,Alwyn Davey,7,9,13,92.9,0,0,2,0,0,86,2010,Round 7,2010-05-08,4979
Essendon,Michael Hurley,6,8,9,64.3,1,2,3,2,0,93,2010,Round 7,2010-05-08,4979
Essendon,Jarrod Atkinson,2,11,12,92.3,0,0,0,3,1,77,2010,Round 7,2010-05-08,4979
Essendon,Henry Slattery,1,3,3,75.0,0,0,0,0,0,61,2010,Round 7,2010-05-08,4979
Port Adelaide,Kane Cornes,6,21,16,55.2,0,0,0,3,0,91,2010,Round 7,2010-05-08,4979
Port Adelaide,Danyle Pearce,7,20,20,69.0,0,0,0,0,1,86,2010,Round 7,2010-05-08,4979
Port Adelaide,Travis Boak,13,16,17,63.0,0,0,0,0,0,79,2010,Round 7,2010-05-08,4979
Port Adelaide,Domenic Cassisi,14,9,17,77.3,0,0,0,2,0,73,2010,Round 7,2010-05-08,4979
Port Adelaide,Chad Cornes,6,15,18,85.7,0,0,0,9,0,95,2010,Round 7,2010-05-08,4979
Port Adelaide,David Rodan,7,12,12,63.2,0,5,0,2,8,69,2010,Round 7,2010-05-08,4979
Port Adelaide,Justin Westhoff,8,10,14,73.7,1,1,3,5,0,93,2010,Round 7,2010-05-08,4979
Port Adelaide,Brett Ebert,6,10,12,75.0,2,1,3,1,0,91,2010,Round 7,2010-05-08,4979
Port Adelaide,Paul Stewart,5,10,11,68.8,1,0,0,4,0,92,2010,Round 7,2010-05-08,4979
Port Adelaide,Nathan Krakouer,4,13,12,75.0,0,1,0,1,0,67,2010,Round 7,2010-05-08,4979
Port Adelaide,Steven Salopek,7,6,13,86.7,1,1,0,3,0,73,2010,Round 7,2010-05-08,4979
Port Adelaide,Alipate Carlile,3,12,12,80.0,0,1,0,7,0,97,2010,Round 7,2010-05-08,4979
Port Adelaide,Matt Thomas,4,12,11,73.3,1,0,0,3,0,78,2010,Round 7,2010-05-08,4979
Port Adelaide,Troy Chaplin,3,10,11,78.6,2,0,0,3,0,100,2010,Round 7,2010-05-08,4979
Port Adelaide,Daniel Motlop,5,9,9,69.2,1,0,3,0,0,82,2010,Round 7,2010-05-08,4979
Port Adelaide,Dean Brogan,9,3,7,58.3,2,1,0,3,0,84,2010,Round 7,2010-05-08,4979
Port Adelaide,Robert Gray,3,7,7,63.6,1,0,2,3,0,86,2010,Round 7,2010-05-08,4979
Port Adelaide,Jackson Trengove,3,8,9,81.8,1,1,1,3,0,73,2010,Round 7,2010-05-08,4979
Port Adelaide,Tom Logan,2,7,6,66.7,0,0,1,0,0,78,2010,Round 7,2010-05-08,4979
Port Adelaide,Jacob Surjan,3,6,9,100.0,1,0,0,2,0,97,2010,Round 7,2010-05-08,4979
Port Adelaide,Jason Davenport,3,6,7,77.8,0,3,0,1,1,91,2010,Round 7,2010-05-08,4979
Port Adelaide,Warren Tredrea,3,1,1,25.0,0,0,0,0,0,26,2010,Round 7,2010-05-08,4979
Brisbane Lions,Simon Black,9,28,25,69.4,0,2,0,2,0,79,2010,Round 7,2010-05-08,4980
Brisbane Lions,Michael Rischitelli,7,21,22,78.6,0,0,0,2,1,77,2010,Round 7,2010-05-08,4980
Brisbane Lions,Luke Power,8,14,14,60.9,0,2,0,2,0,88,2010,Round 7,2010-05-08,4980
Brisbane Lions,Ashley Mcgrath,7,17,15,65.2,0,1,2,0,0,90,2010,Round 7,2010-05-08,4980
Brisbane Lions,Justin Sherman,5,17,13,59.1,0,1,0,1,1,90,2010,Round 7,2010-05-08,4980
Brisbane Lions,Daniel Rich,10,11,18,85.7,1,2,1,0,0,78,2010,Round 7,2010-05-08,4980
Brisbane Lions,James Polkinghorne,7,11,13,68.4,1,0,0,3,0,85,2010,Round 7,2010-05-08,4980
Brisbane Lions,Jed Adcock,5,10,12,66.7,2,0,0,7,0,82,2010,Round 7,2010-05-08,4980
Brisbane Lions,Brent Staker,5,10,11,64.7,1,0,0,9,0,100,2010,Round 7,2010-05-08,4980
Brisbane Lions,Tom Rockliff,5,13,12,70.6,0,1,0,1,0,65,2010,Round 7,2010-05-08,4980
Brisbane Lions,Travis Johnstone,7,7,14,87.5,0,0,0,4,0,93,2010,Round 7,2010-05-08,4980
Brisbane Lions,Cheynee Stiller,5,12,13,81.2,0,2,3,0,0,72,2010,Round 7,2010-05-08,4980
Brisbane Lions,James Hawksley,7,9,15,93.8,0,0,0,5,0,95,2010,Round 7,2010-05-08,4980
Brisbane Lions,Jared Brennan,8,7,10,66.7,1,0,0,2,0,50,2010,Round 7,2010-05-08,4980
Brisbane Lions,Matthew Leuenberger,6,8,11,73.3,0,1,0,5,0,91,2010,Round 7,2010-05-08,4980
Brisbane Lions,Matt Austin,6,8,10,71.4,0,0,0,1,1,80,2010,Round 7,2010-05-08,4980
Brisbane Lions,Jonathan Brown,7,6,7,53.8,0,0,0,2,0,99,2010,Round 7,2010-05-08,4980
Brisbane Lions,Jack Redden,5,6,8,72.7,0,0,0,2,0,78,2010,Round 7,2010-05-08,4980
Brisbane Lions,Pearce Hanley,4,6,4,40.0,0,0,0,2,0,78,2010,Round 7,2010-05-08,4980
Brisbane Lions,Todd Banfield,4,8,6,60.0,1,0,2,3,0,80,2010,Round 7,2010-05-08,4980
Brisbane Lions,Josh Drummond,2,5,6,85.7,1,1,0,3,1,52,2010,Round 7,2010-05-08,4980
Brisbane Lions,Brendan Fevola,3,4,3,50.0,1,1,1,4,0,100,2010,Round 7,2010-05-08,4980
Fremantle,Stephen Hill,6,26,22,68.8,0,1,0,2,3,85,2010,Round 7,2010-05-08,4980
Fremantle,David Mundy,8,20,21,72.4,0,0,0,1,0,83,2010,Round 7,2010-05-08,4980
Fremantle,Matthew Pavlich,8,20,15,55.6,0,2,8,1,0,95,2010,Round 7,2010-05-08,4980
Fremantle,Michael Barlow,8,19,20,74.1,0,0,1,1,0,79,2010,Round 7,2010-05-08,4980
Fremantle,Kepler Bradley,12,13,16,64.0,0,0,0,3,0,69,2010,Round 7,2010-05-08,4980
Fremantle,Paul Hasleby,9,14,20,87.0,2,4,4,3,0,79,2010,Round 7,2010-05-08,4980
Fremantle,Rhys Palmer,5,17,15,68.2,0,0,0,1,0,62,2010,Round 7,2010-05-08,4980
Fremantle,Aaron Sandilands,14,8,16,76.2,4,1,1,3,0,89,2010,Round 7,2010-05-08,4980
Fremantle,Greg Broughton,8,12,16,76.2,1,0,0,2,2,86,2010,Round 7,2010-05-08,4980
Fremantle,Adam Mcphee,7,11,12,66.7,0,0,0,2,0,89,2010,Round 7,2010-05-08,4980
Fremantle,Hayden Ballantyne,7,11,13,72.2,0,1,1,1,0,80,2010,Round 7,2010-05-08,4980
Fremantle,Ryan Crowley,7,8,8,50.0,3,0,2,3,0,88,2010,Round 7,2010-05-08,4980
Fremantle,Christopher Mayne,8,8,12,80.0,0,1,2,3,1,81,2010,Round 7,2010-05-08,4980
Fremantle,Nathan Fyfe,10,5,9,60.0,2,0,0,2,0,68,2010,Round 7,2010-05-08,4980
Fremantle,Roger Hayden,4,10,8,57.1,0,0,0,1,1,79,2010,Round 7,2010-05-08,4980
Fremantle,Michael Johnson,8,7,9,69.2,1,0,1,1,0,89,2010,Round 7,2010-05-08,4980
Fremantle,Paul Duffield,2,11,7,53.8,1,0,0,4,0,92,2010,Round 7,2010-05-08,4980
Fremantle,Dylan Roberton,3,8,10,83.3,0,0,1,3,0,56,2010,Round 7,2010-05-08,4980
Fremantle,Anthony Morabito,4,7,6,54.5,2,0,1,0,0,67,2010,Round 7,2010-05-08,4980
Fremantle,Matthew Deboer,4,5,9,100.0,0,1,0,1,1,87,2010,Round 7,2010-05-08,4980
Fremantle,Chris Tarrant,1,3,8,100.0,0,0,0,10,0,98,2010,Round 7,2010-05-08,4980
Fremantle,Luke Mcpharlin,3,2,6,85.7,0,0,0,7,0,100,2010,Round 7,2010-05-08,4980
Collingwood,Dane Swan,14,23,31,81.6,0,1,0,1,0,76,2010,Round 7,2010-05-08,4981
Collingwood,Heath Shaw,8,22,29,87.9,1,0,1,2,4,86,2010,Round 7,2010-05-08,4981
Collingwood,Alan Didak,9,18,21,72.4,2,1,2,4,0,78,2010,Round 7,2010-05-08,4981
Collingwood,Dale Thomas,7,21,18,62.1,0,2,0,1,2,81,2010,Round 7,2010-05-08,4981
Collingwood,Luke Ball,11,17,19,67.9,0,1,0,1,0,66,2010,Round 7,2010-05-08,4981
Collingwood,Scott Pendlebury,6,20,20,76.9,0,0,0,2,1,79,2010,Round 7,2010-05-08,4981
Collingwood,Shane O Bree,9,17,19,76.0,0,2,0,2,0,88,2010,Round 7,2010-05-08,4981
Collingwood,Ben Johnson,4,20,17,73.9,0,0,0,1,2,83,2010,Round 7,2010-05-08,4981
Collingwood,Dayne Beams,9,13,15,68.2,1,0,1,0,0,70,2010,Round 7,2010-05-08,4981
Collingwood,Leon Davis,8,13,15,75.0,0,3,2,0,1,85,2010,Round 7,2010-05-08,4981
Collingwood,Ben Reid,5,15,17,85.0,2,0,0,8,0,92,2010,Round 7,2010-05-08,4981
Collingwood,Heritier O Brien,8,10,14,77.8,0,1,0,4,0,86,2010,Round 7,2010-05-08,4981
Collingwood,Nick Maxwell,3,12,13,81.2,0,0,0,9,0,84,2010,Round 7,2010-05-08,4981
Collingwood,Brent Macaffer,6,10,13,81.2,1,2,1,1,0,91,2010,Round 7,2010-05-08,4981
Collingwood,Steele Sidebottom,5,11,14,87.5,0,0,2,1,0,81,2010,Round 7,2010-05-08,4981
Collingwood,Nathan Brown,6,9,14,93.3,1,0,0,9,0,97,2010,Round 7,2010-05-08,4981
Collingwood,Paul Medhurst,7,6,10,76.9,0,1,1,1,0,73,2010,Round 7,2010-05-08,4981
Collingwood,Travis Cloke,6,7,8,61.5,2,1,2,4,0,87,2010,Round 7,2010-05-08,4981
Collingwood,Chris Dawes,7,6,7,53.8,3,1,4,2,0,88,2010,Round 7,2010-05-08,4981
Collingwood,Darren Jolly,6,6,9,75.0,2,0,3,1,0,67,2010,Round 7,2010-05-08,4981
Collingwood,Cameron Wood,8,3,8,72.7,1,0,0,3,0,70,2010,Round 7,2010-05-08,4981
Collingwood,Alan Toovey,4,7,9,81.8,0,0,0,3,0,93,2010,Round 7,2010-05-08,4981
North Melbourne,Brady Rawlings,9,22,25,75.8,0,0,0,0,0,100,2010,Round 7,2010-05-08,4981
North Melbourne,Brent Harvey,14,17,22,68.8,0,1,0,1,3,92,2010,Round 7,2010-05-08,4981
North Melbourne,Leigh Adams,8,17,20,80.0,0,2,1,0,0,77,2010,Round 7,2010-05-08,4981
North Melbourne,Andrew Swallow,12,12,19,79.2,0,2,1,4,0,86,2010,Round 7,2010-05-08,4981
North Melbourne,Liam Anthony,4,20,16,69.6,0,0,0,1,0,59,2010,Round 7,2010-05-08,4981
North Melbourne,Ryan Bastinac,4,18,17,77.3,0,0,0,0,0,78,2010,Round 7,2010-05-08,4981
North Melbourne,Samuel Wright,3,16,16,76.2,0,0,0,3,0,83,2010,Round 7,2010-05-08,4981
North Melbourne,Michael Firrito,2,13,14,82.4,0,0,0,5,0,97,2010,Round 7,2010-05-08,4981
North Melbourne,Nathan Grima,5,10,14,82.4,1,0,0,9,0,98,2010,Round 7,2010-05-08,4981
North Melbourne,Daniel Wells,9,8,12,75.0,0,2,1,1,0,81,2010,Round 7,2010-05-08,4981
North Melbourne,Cruize Garlett,6,10,13,81.2,0,0,0,0,0,73,2010,Round 7,2010-05-08,4981
North Melbourne,Jack Ziebell,4,11,6,37.5,0,0,0,2,0,62,2010,Round 7,2010-05-08,4981
North Melbourne,Ben Cunnington,12,4,10,62.5,1,0,0,2,0,71,2010,Round 7,2010-05-08,4981
North Melbourne,Todd Goldstein,7,7,10,71.4,3,0,0,0,0,87,2010,Round 7,2010-05-08,4981
North Melbourne,Scott Thompson 1,7,6,12,85.7,0,0,0,4,0,100,2010,Round 7,2010-05-08,4981
North Melbourne,Aaron Edwards,6,5,6,50.0,1,0,1,2,0,82,2010,Round 7,2010-05-08,4981
North Melbourne,Scott Mcmahon,4,6,9,75.0,0,0,0,6,0,81,2010,Round 7,2010-05-08,4981
North Melbourne,Lachlan Hansen,3,9,10,83.3,0,0,0,8,0,96,2010,Round 7,2010-05-08,4981
North Melbourne,Lindsay Thomas,4,5,9,75.0,1,0,1,2,0,70,2010,Round 7,2010-05-08,4981
North Melbourne,Ben Warren,5,7,6,50.0,1,0,2,2,0,87,2010,Round 7,2010-05-08,4981
North Melbourne,David Hale,5,7,5,45.5,2,0,1,2,0,75,2010,Round 7,2010-05-08,4981
North Melbourne,Hamish Mcintosh,2,9,7,63.6,1,0,0,2,0,67,2010,Round 7,2010-05-08,4981
Geelong,Gary Jnr Ablett,18,20,30,78.9,2,1,2,1,3,87,2010,Round 7,2010-05-09,4982
Geelong,Paul Chapman,8,17,21,77.8,1,1,1,1,1,89,2010,Round 7,2010-05-09,4982
Geelong,Joel Selwood,12,15,17,65.4,0,1,0,0,2,76,2010,Round 7,2010-05-09,4982
Geelong,James Bartel,8,15,17,73.9,1,0,0,0,0,86,2010,Round 7,2010-05-09,4982
Geelong,James Kelly,11,11,15,68.2,0,1,0,0,0,75,2010,Round 7,2010-05-09,4982
Geelong,Corey Enright,4,17,13,61.9,0,0,0,2,0,86,2010,Round 7,2010-05-09,4982
Geelong,James Podsiadly,12,8,15,71.4,3,1,2,1,0,91,2010,Round 7,2010-05-09,4982
Geelong,Andrew Mackie,6,13,16,80.0,2,1,0,4,2,94,2010,Round 7,2010-05-09,4982
Geelong,Harry Taylor,7,12,15,75.0,0,0,0,4,1,82,2010,Round 7,2010-05-09,4982
Geelong,Cameron Ling,6,12,15,78.9,0,0,1,1,0,87,2010,Round 7,2010-05-09,4982
Geelong,Steve Johnson,4,14,12,63.2,1,1,6,1,0,87,2010,Round 7,2010-05-09,4982
Geelong,Darren Milburn,4,13,14,77.8,1,1,0,3,1,80,2010,Round 7,2010-05-09,4982
Geelong,Simon Hogan,3,15,13,72.2,0,0,0,2,0,70,2010,Round 7,2010-05-09,4982
Geelong,Joshua Hunt,5,12,16,94.1,0,0,0,4,1,75,2010,Round 7,2010-05-09,4982
Geelong,Shannon Byrnes,7,8,12,80.0,1,0,1,1,1,77,2010,Round 7,2010-05-09,4982
Geelong,Cameron Mooney,5,9,9,64.3,0,2,2,0,0,88,2010,Round 7,2010-05-09,4982
Geelong,Travis Varcoe,7,7,7,50.0,0,0,1,0,1,83,2010,Round 7,2010-05-09,4982
Geelong,Matthew Scarlett,4,9,13,100.0,0,0,0,3,2,92,2010,Round 7,2010-05-09,4982
Geelong,David Wojcinski,6,7,9,69.2,0,0,0,1,0,69,2010,Round 7,2010-05-09,4982
Geelong,Tom Hawkins,6,6,8,72.7,0,0,1,0,0,77,2010,Round 7,2010-05-09,4982
Geelong,Mark Blake,3,5,4,50.0,0,0,0,0,0,60,2010,Round 7,2010-05-09,4982
Geelong,Tom Lonergan,2,4,5,100.0,1,0,0,5,1,89,2010,Round 7,2010-05-09,4982
Sydney,Tadhg Kennelly,3,19,23,92.0,0,0,0,3,5,83,2010,Round 7,2010-05-09,4982
Sydney,Nick Malceski,10,14,17,73.9,0,0,0,2,2,86,2010,Round 7,2010-05-09,4982
Sydney,Rhyce Shaw,4,17,19,86.4,0,0,0,3,8,84,2010,Round 7,2010-05-09,4982
Sydney,Josh P  Kennedy,11,10,14,66.7,0,2,0,1,0,81,2010,Round 7,2010-05-09,4982
Sydney,Jude Bolton,7,13,11,55.0,0,1,0,1,0,89,2010,Round 7,2010-05-09,4982
Sydney,Brett Kirk,13,6,14,70.0,0,0,0,1,0,75,2010,Round 7,2010-05-09,4982
Sydney,Heath Grundy,5,14,18,94.7,1,0,0,7,0,98,2010,Round 7,2010-05-09,4982
Sydney,Ryan O Keefe,5,12,11,64.7,1,1,0,0,2,84,2010,Round 7,2010-05-09,4982
Sydney,Adam Goodes,5,13,7,43.8,0,0,2,1,1,92,2010,Round 7,2010-05-09,4982
Sydney,Jarrad Mcveigh,5,11,10,62.5,0,2,1,2,0,89,2010,Round 7,2010-05-09,4982
Sydney,Kieran Jack,8,8,14,87.5,0,0,0,0,2,82,2010,Round 7,2010-05-09,4982
Sydney,Lewis Jetta,5,10,5,33.3,0,0,0,2,3,71,2010,Round 7,2010-05-09,4982
Sydney,Ted Richards,4,9,10,71.4,0,0,1,4,0,99,2010,Round 7,2010-05-09,4982
Sydney,Shane Mumford,11,3,9,64.3,0,0,0,2,0,64,2010,Round 7,2010-05-09,4982
Sydney,Nick Smith 1,4,9,10,71.4,1,0,0,3,0,89,2010,Round 7,2010-05-09,4982
Sydney,Mike Pyke,8,5,10,76.9,1,1,0,3,0,58,2010,Round 7,2010-05-09,4982
Sydney,Ed Barlow,3,9,8,72.7,2,0,0,0,0,79,2010,Round 7,2010-05-09,4982
Sydney,Martin Mattner,2,6,6,75.0,0,0,0,5,0,82,2010,Round 7,2010-05-09,4982
Sydney,Jesse White,3,5,8,100.0,0,0,0,1,1,82,2010,Round 7,2010-05-09,4982
Sydney,Jarred Moore,4,3,4,57.1,0,0,0,0,0,64,2010,Round 7,2010-05-09,4982
Sydney,Gary Rohan,2,2,2,50.0,0,0,1,3,1,75,2010,Round 7,2010-05-09,4982
Sydney,Daniel Bradshaw,0,2,2,100.0,0,0,1,0,0,94,2010,Round 7,2010-05-09,4982
Adelaide,Simon Goodwin,7,23,19,63.3,0,0,0,1,0,85,2010,Round 7,2010-05-09,4983
Adelaide,Nathan Van Berlo,6,22,17,63.0,0,1,1,1,1,86,2010,Round 7,2010-05-09,4983
Adelaide,Bernie Vince,6,19,18,75.0,1,2,0,0,0,78,2010,Round 7,2010-05-09,4983
Adelaide,Scott Thompson,8,16,17,73.9,1,1,0,0,2,86,2010,Round 7,2010-05-09,4983
Adelaide,Graham Johncock,6,16,17,81.0,1,0,0,2,0,79,2010,Round 7,2010-05-09,4983
Adelaide,Nathan Bock,6,15,20,100.0,1,0,0,5,1,97,2010,Round 7,2010-05-09,4983
Adelaide,Andrew Mcleod,7,12,14,73.7,0,1,2,0,0,81,2010,Round 7,2010-05-09,4983
Adelaide,Brent Reilly,3,15,14,73.7,0,0,0,2,0,78,2010,Round 7,2010-05-09,4983
Adelaide,Richard Douglas,8,12,12,63.2,2,1,3,5,0,75,2010,Round 7,2010-05-09,4983
Adelaide,Tyson Edwards,5,12,14,82.4,0,0,0,1,0,77,2010,Round 7,2010-05-09,4983
Adelaide,Chris Schmidt,1,16,17,100.0,0,0,0,2,0,82,2010,Round 7,2010-05-09,4983
Adelaide,Jared Petrenko,9,7,12,75.0,0,2,0,3,0,80,2010,Round 7,2010-05-09,4983
Adelaide,Ben Rutten,5,9,14,93.3,0,0,0,7,0,100,2010,Round 7,2010-05-09,4983
Adelaide,Brett Burton,3,9,6,50.0,1,1,4,3,0,74,2010,Round 7,2010-05-09,4983
Adelaide,Michael Doughty,3,8,11,91.7,1,0,1,9,0,83,2010,Round 7,2010-05-09,4983
Adelaide,Ivan Maric,6,5,10,90.9,2,0,0,0,0,81,2010,Round 7,2010-05-09,4983
Adelaide,Jason Porplyzia,5,5,8,72.7,0,0,1,1,0,80,2010,Round 7,2010-05-09,4983
Adelaide,Kurt Tippett,5,3,7,70.0,2,0,5,0,0,94,2010,Round 7,2010-05-09,4983
Adelaide,Myke Cook,0,10,6,60.0,0,0,0,1,0,74,2010,Round 7,2010-05-09,4983
Adelaide,Phil Davis,2,8,8,80.0,0,0,0,3,0,82,2010,Round 7,2010-05-09,4983
Adelaide,Scott Stevens,2,5,5,71.4,0,2,1,1,0,71,2010,Round 7,2010-05-09,4983
Adelaide,Matthew Jaensch,0,7,6,85.7,0,1,1,3,0,78,2010,Round 7,2010-05-09,4983
Richmond,Brett Deledio,3,20,17,70.8,0,0,0,2,2,85,2010,Round 7,2010-05-09,4983
Richmond,Kelvin Moore,6,17,19,82.6,0,0,0,4,0,94,2010,Round 7,2010-05-09,4983
Richmond,Shane Edwards,10,13,15,65.2,1,1,1,2,1,77,2010,Round 7,2010-05-09,4983
Richmond,Shane Tuck,6,17,18,81.8,0,0,1,5,0,90,2010,Round 7,2010-05-09,4983
Richmond,Daniel Jackson,9,9,14,73.7,0,0,0,0,0,80,2010,Round 7,2010-05-09,4983
Richmond,Dustin Martin,8,14,10,52.6,0,0,0,4,0,67,2010,Round 7,2010-05-09,4983
Richmond,Trent Cotchin,9,8,10,55.6,1,0,0,2,1,79,2010,Round 7,2010-05-09,4983
Richmond,Luke Mcguane,7,9,15,88.2,1,0,0,9,0,91,2010,Round 7,2010-05-09,4983
Richmond,Richard Tambling,2,14,14,87.5,0,0,1,1,0,86,2010,Round 7,2010-05-09,4983
Richmond,Chris Newman,2,10,12,85.7,0,0,0,2,1,87,2010,Round 7,2010-05-09,4983
Richmond,Andrew Collins 1,5,9,11,78.6,0,0,0,0,0,70,2010,Round 7,2010-05-09,4983
Richmond,Jeromey Webberley,1,13,9,64.3,0,0,0,0,0,65,2010,Round 7,2010-05-09,4983
Richmond,Will Thursfield,2,10,12,92.3,0,0,0,2,0,81,2010,Round 7,2010-05-09,4983
Richmond,Graham Polak,5,7,7,58.3,0,0,1,2,0,74,2010,Round 7,2010-05-09,4983
Richmond,Dean Polo,5,6,7,58.3,0,0,0,3,0,79,2010,Round 7,2010-05-09,4983
Richmond,Ben Nason,3,9,9,75.0,0,0,0,4,0,87,2010,Round 7,2010-05-09,4983
Richmond,Robin Nahas,6,6,6,54.5,0,0,1,0,1,92,2010,Round 7,2010-05-09,4983
Richmond,Alex Rance,5,4,6,66.7,1,0,1,2,0,68,2010,Round 7,2010-05-09,4983
Richmond,Jack Riewoldt,5,3,7,87.5,2,0,1,2,0,93,2010,Round 7,2010-05-09,4983
Richmond,Tyrone Vickery,7,1,7,87.5,1,1,0,3,0,70,2010,Round 7,2010-05-09,4983
Richmond,Matthew White,1,4,3,60.0,1,1,1,2,0,81,2010,Round 7,2010-05-09,4983
Richmond,David Astbury,3,2,4,80.0,1,0,0,1,0,93,2010,Round 7,2010-05-09,4983
St Kilda,Lenny Hayes,11,19,18,62.1,0,0,0,1,1,80,2010,Round 7,2010-05-10,4984
St Kilda,Brendon Goddard,11,15,17,65.4,2,0,1,2,2,91,2010,Round 7,2010-05-10,4984
St Kilda,Farren Ray,3,22,19,79.2,0,0,1,1,0,86,2010,Round 7,2010-05-10,4984
St Kilda,Leigh Montagna,7,15,16,69.6,0,1,0,1,0,87,2010,Round 7,2010-05-10,4984
St Kilda,Jason Gram,3,15,16,80.0,0,0,0,2,0,85,2010,Round 7,2010-05-10,4984
St Kilda,Sam Gilbert,9,11,14,70.0,1,0,0,1,1,94,2010,Round 7,2010-05-10,4984
St Kilda,Clinton Jones,8,10,12,66.7,0,1,0,2,0,81,2010,Round 7,2010-05-10,4984
St Kilda,Stephen Milne,8,6,6,40.0,0,1,1,0,0,88,2010,Round 7,2010-05-10,4984
St Kilda,Adam Schneider,9,4,11,73.3,0,1,0,2,0,78,2010,Round 7,2010-05-10,4984
St Kilda,Jarryn Geary,7,7,7,50.0,2,0,1,0,0,86,2010,Round 7,2010-05-10,4984
St Kilda,Steven Baker,5,8,10,76.9,1,0,0,1,0,96,2010,Round 7,2010-05-10,4984
St Kilda,James Gwilt,4,10,10,76.9,0,0,0,1,0,95,2010,Round 7,2010-05-10,4984
St Kilda,Nick Dal Santo,5,8,6,50.0,1,0,0,1,0,85,2010,Round 7,2010-05-10,4984
St Kilda,Zac Dawson,7,5,6,50.0,2,0,2,5,0,87,2010,Round 7,2010-05-10,4984
St Kilda,Raphael Clarke,5,8,8,66.7,0,0,0,4,0,75,2010,Round 7,2010-05-10,4984
St Kilda,Andrew Mcqualter,4,8,8,72.7,0,0,0,1,0,71,2010,Round 7,2010-05-10,4984
St Kilda,Jason Blake,4,6,8,88.9,2,0,0,4,0,93,2010,Round 7,2010-05-10,4984
St Kilda,Jack Steven,4,4,4,50.0,0,0,0,0,1,70,2010,Round 7,2010-05-10,4984
St Kilda,Justin Koschitzke,2,5,5,71.4,1,0,1,1,0,87,2010,Round 7,2010-05-10,4984
St Kilda,Michael S  Gardiner,1,6,3,50.0,0,0,0,1,0,66,2010,Round 7,2010-05-10,4984
St Kilda,Sam Fisher,2,4,3,50.0,0,0,0,4,1,93,2010,Round 7,2010-05-10,4984
St Kilda,Steven King,1,4,3,60.0,0,0,0,0,0,27,2010,Round 7,2010-05-10,4984
Carlton,Jordan Russell,8,26,28,80.0,1,0,1,4,0,92,2010,Round 7,2010-05-10,4984
Carlton,Heath Scotland,4,22,20,74.1,0,0,0,1,0,88,2010,Round 7,2010-05-10,4984
Carlton,Chris Judd,10,14,14,58.3,0,1,0,2,1,81,2010,Round 7,2010-05-10,4984
Carlton,Andrew Carrazzo,6,18,21,87.5,0,2,0,2,0,85,2010,Round 7,2010-05-10,4984
Carlton,Kane Lucas,4,21,17,70.8,0,0,0,2,1,71,2010,Round 7,2010-05-10,4984
Carlton,Kade Simpson,8,14,16,72.7,0,1,0,0,1,85,2010,Round 7,2010-05-10,4984
Carlton,Edward Betts,10,10,15,71.4,3,1,5,1,0,84,2010,Round 7,2010-05-10,4984
Carlton,Bryce Gibbs,4,15,18,85.7,0,0,0,2,1,90,2010,Round 7,2010-05-10,4984
Carlton,Christopher Johnson,7,12,16,88.9,0,0,0,2,0,73,2010,Round 7,2010-05-10,4984
Carlton,Simon White,3,16,15,83.3,0,0,0,6,0,83,2010,Round 7,2010-05-10,4984
Carlton,Ryan Houlihan,6,10,14,82.4,0,0,1,0,0,96,2010,Round 7,2010-05-10,4984
Carlton,Bret Thornton,5,13,14,82.4,0,0,0,4,0,86,2010,Round 7,2010-05-10,4984
Carlton,Marc Murphy,9,10,8,47.1,1,0,1,1,0,82,2010,Round 7,2010-05-10,4984
Carlton,Dennis Armfield,7,10,12,70.6,2,1,0,1,0,76,2010,Round 7,2010-05-10,4984
Carlton,Michael Jamison,3,12,13,86.7,0,0,0,6,1,87,2010,Round 7,2010-05-10,4984
Carlton,Jeff Gartlett,7,8,14,93.3,1,1,1,1,2,84,2010,Round 7,2010-05-10,4984
Carlton,Sam Jacobs,7,6,9,75.0,2,0,0,4,0,51,2010,Round 7,2010-05-10,4984
Carlton,Aaron Joseph,5,7,11,91.7,1,1,0,7,0,80,2010,Round 7,2010-05-10,4984
Carlton,Jarrad Waite,6,5,9,81.8,3,0,5,3,0,86,2010,Round 7,2010-05-10,4984
Carlton,Setanta O Hailpin,5,5,7,63.6,0,1,2,2,0,87,2010,Round 7,2010-05-10,4984
Carlton,Matthew Kreuzer,6,4,5,45.5,2,1,0,3,0,67,2010,Round 7,2010-05-10,4984
Carlton,Christopher Yarran,2,8,10,100.0,0,2,2,1,2,85,2010,Round 7,2010-05-10,4984
Fremantle,Michael Barlow,15,20,21,61.8,1,2,1,0,1,82,2010,Round 8,2010-05-14,5009
Fremantle,Greg Broughton,7,20,16,59.3,1,0,0,5,3,85,2010,Round 8,2010-05-14,5009
Fremantle,Paul Duffield,6,17,21,80.8,0,0,0,2,0,90,2010,Round 8,2010-05-14,5009
Fremantle,Aaron Sandilands,20,6,15,60.0,3,0,1,4,0,93,2010,Round 8,2010-05-14,5009
Fremantle,Ryan Crowley,10,15,15,60.0,1,0,1,3,0,94,2010,Round 8,2010-05-14,5009
Fremantle,Matthew Pavlich,11,13,13,54.2,0,1,0,0,0,89,2010,Round 8,2010-05-14,5009
Fremantle,Stephen Hill,6,11,13,68.4,0,1,1,1,0,83,2010,Round 8,2010-05-14,5009
Fremantle,Roger Hayden,8,8,13,76.5,0,0,0,2,0,85,2010,Round 8,2010-05-14,5009
Fremantle,Rhys Palmer,3,13,9,56.2,0,1,0,0,0,70,2010,Round 8,2010-05-14,5009
Fremantle,Paul Hasleby,7,7,7,50.0,1,2,2,2,0,75,2010,Round 8,2010-05-14,5009
Fremantle,Garrick Ibbotson,8,6,10,71.4,0,0,1,3,0,81,2010,Round 8,2010-05-14,5009
Fremantle,Hayden Ballantyne,5,9,10,71.4,0,0,0,3,1,88,2010,Round 8,2010-05-14,5009
Fremantle,Anthony Morabito,4,11,9,64.3,0,0,0,1,1,73,2010,Round 8,2010-05-14,5009
Fremantle,Alex Silvagni,4,10,6,42.9,2,0,0,7,1,93,2010,Round 8,2010-05-14,5009
Fremantle,Michael Johnson,1,12,9,69.2,0,0,0,1,0,96,2010,Round 8,2010-05-14,5009
Fremantle,David Mundy,2,11,8,61.5,0,0,0,0,0,54,2010,Round 8,2010-05-14,5009
Fremantle,Christopher Mayne,5,6,10,90.9,1,2,1,3,1,88,2010,Round 8,2010-05-14,5009
Fremantle,Nathan Fyfe,7,4,4,36.4,0,0,1,1,0,83,2010,Round 8,2010-05-14,5009
Fremantle,Adam Mcphee,1,7,10,100.0,0,0,0,3,0,91,2010,Round 8,2010-05-14,5009
Fremantle,Matthew Deboer,6,3,8,80.0,0,1,0,2,0,90,2010,Round 8,2010-05-14,5009
Fremantle,Chris Tarrant,2,7,8,88.9,0,0,0,4,0,99,2010,Round 8,2010-05-14,5009
Fremantle,Luke Mcpharlin,2,4,5,83.3,0,0,0,1,0,20,2010,Round 8,2010-05-14,5009
Collingwood,Dane Swan,9,21,25,80.6,0,0,0,2,2,70,2010,Round 8,2010-05-14,5009
Collingwood,Ben Johnson,6,18,20,74.1,0,0,1,1,0,69,2010,Round 8,2010-05-14,5009
Collingwood,Scott Pendlebury,6,21,18,66.7,0,1,1,1,0,74,2010,Round 8,2010-05-14,5009
Collingwood,Alan Didak,6,17,17,68.0,0,1,0,0,0,77,2010,Round 8,2010-05-14,5009
Collingwood,Shane O Bree,8,16,17,68.0,0,0,0,1,1,85,2010,Round 8,2010-05-14,5009
Collingwood,Dayne Beams,6,18,17,70.8,0,1,1,0,1,74,2010,Round 8,2010-05-14,5009
Collingwood,Luke Ball,11,12,12,54.5,0,2,1,1,0,72,2010,Round 8,2010-05-14,5009
Collingwood,Dale Thomas,5,17,16,72.7,0,0,0,2,3,79,2010,Round 8,2010-05-14,5009
Collingwood,Chris Dawes,11,8,13,68.4,2,3,1,3,0,82,2010,Round 8,2010-05-14,5009
Collingwood,Travis Cloke,11,6,15,88.2,5,1,2,1,0,89,2010,Round 8,2010-05-14,5009
Collingwood,Steele Sidebottom,7,9,13,76.5,0,0,0,0,0,74,2010,Round 8,2010-05-14,5009
Collingwood,Leon Davis,7,8,10,66.7,0,0,2,2,0,83,2010,Round 8,2010-05-14,5009
Collingwood,Nick Maxwell,7,7,11,73.3,0,0,0,6,1,91,2010,Round 8,2010-05-14,5009
Collingwood,Alan Toovey,7,8,11,73.3,1,0,0,5,0,96,2010,Round 8,2010-05-14,5009
Collingwood,Brent Macaffer,6,9,10,66.7,0,1,1,1,0,79,2010,Round 8,2010-05-14,5009
Collingwood,Heath Shaw,6,6,10,71.4,0,0,0,6,3,95,2010,Round 8,2010-05-14,5009
Collingwood,Ben Reid,4,10,11,84.6,0,0,0,5,0,100,2010,Round 8,2010-05-14,5009
Collingwood,Darren Jolly,7,4,6,50.0,2,1,1,4,0,74,2010,Round 8,2010-05-14,5009
Collingwood,John Anthony,9,3,9,75.0,0,3,1,1,0,79,2010,Round 8,2010-05-14,5009
Collingwood,Cameron Wood,4,4,5,62.5,1,0,3,1,0,55,2010,Round 8,2010-05-14,5009
Collingwood,Heritier O Brien,4,4,6,75.0,1,0,0,3,1,100,2010,Round 8,2010-05-14,5009
Collingwood,Nathan Brown,1,2,3,100.0,0,0,0,3,0,100,2010,Round 8,2010-05-14,5009
Western Bulldogs,Daniel Cross,8,24,22,68.8,0,0,0,2,0,90,2010,Round 8,2010-05-15,5011
Western Bulldogs,Matthew Boyd,8,20,17,58.6,0,1,1,1,1,92,2010,Round 8,2010-05-15,5011
Western Bulldogs,Brian Harris,11,13,19,79.2,3,0,0,4,1,93,2010,Round 8,2010-05-15,5011
Western Bulldogs,Adam Cooney,11,13,19,79.2,0,1,0,0,0,80,2010,Round 8,2010-05-15,5011
Western Bulldogs,Lindsay Gilbee,5,14,19,95.0,1,0,0,3,1,89,2010,Round 8,2010-05-15,5011
Western Bulldogs,Shaun Higgins,6,14,12,60.0,0,0,1,0,2,65,2010,Round 8,2010-05-15,5011
Western Bulldogs,Barry Hall,6,13,12,63.2,2,1,6,1,0,88,2010,Round 8,2010-05-15,5011
Western Bulldogs,Jason Akermanis,6,13,12,63.2,0,0,0,1,2,75,2010,Round 8,2010-05-15,5011
Western Bulldogs,Mitchell Hahn,4,13,14,73.7,1,1,1,1,0,86,2010,Round 8,2010-05-15,5011
Western Bulldogs,Jarrad Grant,6,12,14,77.8,1,1,0,1,0,79,2010,Round 8,2010-05-15,5011
Western Bulldogs,Ryan Hargrave,3,11,12,75.0,0,0,0,2,0,92,2010,Round 8,2010-05-15,5011
Western Bulldogs,Ben Hudson,5,10,12,75.0,1,0,0,0,0,71,2010,Round 8,2010-05-15,5011
Western Bulldogs,Dale Morris,10,6,11,68.8,2,0,0,5,0,99,2010,Round 8,2010-05-15,5011
Western Bulldogs,Daniel Giansiracusa,8,7,9,60.0,0,0,0,1,1,86,2010,Round 8,2010-05-15,5011
Western Bulldogs,Brennan Stack,5,10,12,80.0,0,0,0,1,3,81,2010,Round 8,2010-05-15,5011
Western Bulldogs,Nathan Eagleton,3,12,8,57.1,0,0,0,1,1,80,2010,Round 8,2010-05-15,5011
Western Bulldogs,Will Minson,6,7,7,53.8,0,1,0,0,0,77,2010,Round 8,2010-05-15,5011
Western Bulldogs,Dylan Addison,3,10,9,69.2,0,0,0,4,0,76,2010,Round 8,2010-05-15,5011
Western Bulldogs,Josh Hill,3,10,10,76.9,0,0,1,1,2,90,2010,Round 8,2010-05-15,5011
Western Bulldogs,Robert Murphy,2,10,8,66.7,0,0,0,1,0,43,2010,Round 8,2010-05-15,5011
Western Bulldogs,Jarrod Harbrow,4,8,11,91.7,0,0,0,1,4,91,2010,Round 8,2010-05-15,5011
Western Bulldogs,Tom Williams,3,6,6,66.7,2,0,0,2,0,79,2010,Round 8,2010-05-15,5011
Sydney,Jarrad Mcveigh,10,20,24,80.0,0,0,0,0,2,89,2010,Round 8,2010-05-15,5011
Sydney,Rhyce Shaw,6,23,22,75.9,0,0,0,1,7,85,2010,Round 8,2010-05-15,5011
Sydney,Martin Mattner,6,15,20,87.0,0,0,0,7,3,86,2010,Round 8,2010-05-15,5011
Sydney,Josh P  Kennedy,7,14,14,66.7,0,0,1,0,0,78,2010,Round 8,2010-05-15,5011
Sydney,Adam Goodes,9,10,13,65.0,1,0,2,0,0,100,2010,Round 8,2010-05-15,5011
Sydney,Tadhg Kennelly,3,14,17,94.4,0,0,0,4,2,83,2010,Round 8,2010-05-15,5011
Sydney,Ryan O Keefe,5,12,9,50.0,1,0,0,1,0,86,2010,Round 8,2010-05-15,5011
Sydney,Jude Bolton,7,9,10,62.5,2,0,2,0,0,91,2010,Round 8,2010-05-15,5011
Sydney,Kieran Jack,2,14,11,68.8,0,0,0,0,0,76,2010,Round 8,2010-05-15,5011
Sydney,Brett Kirk,6,9,10,66.7,0,0,1,2,0,78,2010,Round 8,2010-05-15,5011
Sydney,Nick Malceski,5,9,14,93.3,0,0,0,1,0,81,2010,Round 8,2010-05-15,5011
Sydney,Heath Grundy,4,7,11,91.7,1,1,0,3,0,99,2010,Round 8,2010-05-15,5011
Sydney,Daniel Hannebery,3,9,5,45.5,0,0,1,0,0,65,2010,Round 8,2010-05-15,5011
Sydney,Henry Playfair,5,5,8,80.0,2,1,0,1,0,89,2010,Round 8,2010-05-15,5011
Sydney,Paul Bevan,2,6,6,66.7,1,0,1,0,0,100,2010,Round 8,2010-05-15,5011
Sydney,Nick Smith 1,7,3,7,77.8,0,0,0,1,0,86,2010,Round 8,2010-05-15,5011
Sydney,Ted Richards,2,6,7,87.5,0,0,1,2,0,74,2010,Round 8,2010-05-15,5011
Sydney,Lewis Jetta,3,6,5,62.5,0,1,0,1,2,64,2010,Round 8,2010-05-15,5011
Sydney,Jesse White,3,4,6,85.7,0,0,0,0,0,57,2010,Round 8,2010-05-15,5011
Sydney,Gary Rohan,4,3,4,57.1,0,0,0,0,1,89,2010,Round 8,2010-05-15,5011
Sydney,Lewis Roberts Thomson,2,5,6,100.0,1,0,0,2,0,90,2010,Round 8,2010-05-15,5011
Sydney,Mike Pyke,1,3,3,75.0,0,0,0,2,0,55,2010,Round 8,2010-05-15,5011
Melbourne,James Mcdonald,10,20,27,87.1,0,0,1,3,3,78,2010,Round 8,2010-05-15,5010
Melbourne,Jack Grimes,7,20,22,73.3,1,0,0,2,4,80,2010,Round 8,2010-05-15,5010
Melbourne,Brent Moloney,5,24,20,71.4,0,0,0,2,2,85,2010,Round 8,2010-05-15,5010
Melbourne,Cameron Bruce,5,17,15,60.0,0,0,0,3,0,86,2010,Round 8,2010-05-15,5010
Melbourne,Jordie Mckenzie,11,13,19,79.2,0,0,0,2,0,80,2010,Round 8,2010-05-15,5010
Melbourne,Brad Green,3,19,17,77.3,0,0,0,1,0,91,2010,Round 8,2010-05-15,5010
Melbourne,Tom Scully,4,18,13,59.1,0,0,1,1,0,89,2010,Round 8,2010-05-15,5010
Melbourne,James Frawley,9,11,19,90.5,1,0,0,5,1,97,2010,Round 8,2010-05-15,5010
Melbourne,Nathan Jones,4,17,15,75.0,0,0,0,1,1,83,2010,Round 8,2010-05-15,5010
Melbourne,Jack Trengove,4,15,16,80.0,0,0,0,0,0,75,2010,Round 8,2010-05-15,5010
Melbourne,Matthew Bate,6,13,13,72.2,0,3,1,1,0,69,2010,Round 8,2010-05-15,5010
Melbourne,Matthew Warnock,2,16,17,94.4,0,0,0,6,0,95,2010,Round 8,2010-05-15,5010
Melbourne,Colin Garland,3,13,17,100.0,0,0,0,3,0,92,2010,Round 8,2010-05-15,5010
Melbourne,Aaron Davey,5,10,10,66.7,0,0,1,1,1,67,2010,Round 8,2010-05-15,5010
Melbourne,Jack Watts,4,12,13,86.7,2,1,0,1,0,85,2010,Round 8,2010-05-15,5010
Melbourne,Danny Hughes 1,3,12,10,66.7,1,0,1,0,0,81,2010,Round 8,2010-05-15,5010
Melbourne,Mark Jamar,9,5,9,64.3,1,0,0,1,0,74,2010,Round 8,2010-05-15,5010
Melbourne,Colin Sylvia,4,10,6,42.9,1,0,0,2,2,88,2010,Round 8,2010-05-15,5010
Melbourne,Jared Rivers,5,8,9,69.2,2,0,0,8,0,85,2010,Round 8,2010-05-15,5010
Melbourne,Clint Bartram,5,8,9,69.2,0,0,0,3,0,72,2010,Round 8,2010-05-15,5010
Melbourne,Jamie Bennell,3,9,8,66.7,1,0,0,1,2,86,2010,Round 8,2010-05-15,5010
Melbourne,Paul Johnson,3,4,7,100.0,0,0,0,3,0,63,2010,Round 8,2010-05-15,5010
West Coast,Matthew Priddis,12,23,28,80.0,0,1,0,0,0,96,2010,Round 8,2010-05-15,5010
West Coast,Adam Selwood,9,19,21,72.4,3,0,2,4,0,79,2010,Round 8,2010-05-15,5010
West Coast,Dean Cox,12,14,17,68.0,1,0,0,4,0,75,2010,Round 8,2010-05-15,5010
West Coast,Matthew Rosa,7,17,19,79.2,0,1,0,1,1,85,2010,Round 8,2010-05-15,5010
West Coast,Bradley Ebert,7,17,12,50.0,1,0,1,1,0,83,2010,Round 8,2010-05-15,5010
West Coast,Shannon Hurn,4,16,17,81.0,0,0,0,6,1,92,2010,Round 8,2010-05-15,5010
West Coast,Lewis Stevenson,5,15,15,71.4,0,0,0,2,0,77,2010,Round 8,2010-05-15,5010
West Coast,Tom Swift,3,13,10,55.6,0,0,0,0,2,61,2010,Round 8,2010-05-15,5010
West Coast,Bradley Sheppard,6,12,14,77.8,0,0,0,2,3,81,2010,Round 8,2010-05-15,5010
West Coast,Patrick Mcginnity,9,11,14,82.4,0,1,0,2,0,82,2010,Round 8,2010-05-15,5010
West Coast,Beau Waters,1,14,10,66.7,0,0,1,3,0,76,2010,Round 8,2010-05-15,5010
West Coast,Mark Lecras,6,9,4,26.7,3,1,7,1,0,94,2010,Round 8,2010-05-15,5010
West Coast,Eric Mackenzie,4,10,12,80.0,1,0,0,0,0,90,2010,Round 8,2010-05-15,5010
West Coast,Will Schofield,2,13,9,60.0,0,0,0,11,0,85,2010,Round 8,2010-05-15,5010
West Coast,Darren Glass,8,5,12,85.7,2,0,0,5,0,81,2010,Round 8,2010-05-15,5010
West Coast,Quinten Lynch,4,10,8,57.1,0,0,1,4,0,96,2010,Round 8,2010-05-15,5010
West Coast,Joshua Kennedy,2,9,10,76.9,2,0,2,2,0,80,2010,Round 8,2010-05-15,5010
West Coast,Benjamin Mckinley,5,7,8,61.5,1,1,2,3,3,85,2010,Round 8,2010-05-15,5010
West Coast,Mark Nicoski,5,6,7,63.6,0,0,0,1,0,88,2010,Round 8,2010-05-15,5010
West Coast,Nicholas Naitanui,9,1,4,40.0,2,0,0,2,0,66,2010,Round 8,2010-05-15,5010
West Coast,Ashton Hams,6,4,7,70.0,0,1,0,1,0,69,2010,Round 8,2010-05-15,5010
West Coast,Scott Selwood,1,6,7,100.0,0,0,0,3,0,77,2010,Round 8,2010-05-15,5010
North Melbourne,Brady Rawlings,9,28,32,86.5,0,0,0,2,0,93,2010,Round 8,2010-05-15,5013
North Melbourne,Michael Firrito,10,19,25,86.2,1,0,0,1,1,96,2010,Round 8,2010-05-15,5013
North Melbourne,Andrew Swallow,10,20,21,72.4,0,1,1,3,0,81,2010,Round 8,2010-05-15,5013
North Melbourne,Daniel Wells,2,22,19,76.0,0,1,2,1,0,81,2010,Round 8,2010-05-15,5013
North Melbourne,Nathan Grima,3,20,23,92.0,0,0,0,12,1,100,2010,Round 8,2010-05-15,5013
North Melbourne,Brent Harvey,6,17,17,70.8,0,0,0,0,6,91,2010,Round 8,2010-05-15,5013
North Melbourne,Lachlan Hansen,7,17,19,79.2,0,0,0,4,0,96,2010,Round 8,2010-05-15,5013
North Melbourne,Ryan Bastinac,8,14,16,69.6,0,0,0,0,0,87,2010,Round 8,2010-05-15,5013
North Melbourne,Scott Mcmahon,5,14,13,65.0,0,0,0,7,0,83,2010,Round 8,2010-05-15,5013
North Melbourne,Jack Ziebell,4,16,15,75.0,0,0,1,0,0,78,2010,Round 8,2010-05-15,5013
North Melbourne,Levi Greenwood,4,14,11,61.1,0,0,0,1,3,76,2010,Round 8,2010-05-15,5013
North Melbourne,Scott Thompson 1,5,13,15,83.3,1,0,0,4,0,100,2010,Round 8,2010-05-15,5013
North Melbourne,Cruize Garlett,6,11,11,64.7,0,0,0,0,0,67,2010,Round 8,2010-05-15,5013
North Melbourne,Ben Cunnington,8,9,13,76.5,0,0,0,1,0,70,2010,Round 8,2010-05-15,5013
North Melbourne,Leigh Harding,9,7,11,68.8,0,1,1,3,0,79,2010,Round 8,2010-05-15,5013
North Melbourne,Daniel Pratt,3,12,12,80.0,1,1,0,0,0,84,2010,Round 8,2010-05-15,5013
North Melbourne,Aaron Edwards,6,8,12,80.0,3,0,3,1,0,89,2010,Round 8,2010-05-15,5013
North Melbourne,Lindsay Thomas,5,10,9,60.0,0,1,1,1,0,77,2010,Round 8,2010-05-15,5013
North Melbourne,Todd Goldstein,5,9,11,78.6,0,0,1,3,0,90,2010,Round 8,2010-05-15,5013
North Melbourne,Samuel Wright,5,5,7,70.0,1,0,1,2,0,83,2010,Round 8,2010-05-15,5013
North Melbourne,Josh Smith,2,7,2,22.2,1,0,1,3,0,90,2010,Round 8,2010-05-15,5013
North Melbourne,David Hale,0,1,1,100.0,0,0,0,0,0,7,2010,Round 8,2010-05-15,5013
Adelaide,Simon Goodwin,8,19,18,66.7,0,0,0,2,0,85,2010,Round 8,2010-05-15,5013
Adelaide,Michael Doughty,7,16,22,88.0,0,1,0,5,0,91,2010,Round 8,2010-05-15,5013
Adelaide,Nathan Bock,1,23,22,88.0,1,0,0,3,3,80,2010,Round 8,2010-05-15,5013
Adelaide,Tony Armstrong,3,22,22,88.0,0,0,0,2,0,70,2010,Round 8,2010-05-15,5013
Adelaide,Ben Rutten,3,21,20,83.3,0,0,0,6,1,100,2010,Round 8,2010-05-15,5013
Adelaide,Brent Reilly,6,15,16,76.2,0,0,0,0,0,83,2010,Round 8,2010-05-15,5013
Adelaide,Bernie Vince,6,15,13,61.9,0,0,0,1,0,76,2010,Round 8,2010-05-15,5013
Adelaide,Chris Schmidt,5,16,17,81.0,0,0,0,4,0,81,2010,Round 8,2010-05-15,5013
Adelaide,Tyson Edwards,3,16,15,75.0,0,0,0,1,0,87,2010,Round 8,2010-05-15,5013
Adelaide,Matthew Jaensch,5,13,20,100.0,0,0,0,2,2,69,2010,Round 8,2010-05-15,5013
Adelaide,Andrew Mcleod,3,15,14,77.8,0,1,1,0,0,85,2010,Round 8,2010-05-15,5013
Adelaide,Richard Douglas,7,12,10,55.6,0,4,1,2,0,86,2010,Round 8,2010-05-15,5013
Adelaide,Jason Porplyzia,7,10,12,70.6,1,0,2,0,0,89,2010,Round 8,2010-05-15,5013
Adelaide,Taylor Walker,8,8,12,70.6,3,1,5,3,0,74,2010,Round 8,2010-05-15,5013
Adelaide,Jared Petrenko,7,10,14,82.4,0,0,1,2,0,75,2010,Round 8,2010-05-15,5013
Adelaide,Scott Stevens,3,12,10,66.7,2,0,1,4,0,88,2010,Round 8,2010-05-15,5013
Adelaide,Nathan Van Berlo,2,12,10,66.7,0,0,0,0,0,92,2010,Round 8,2010-05-15,5013
Adelaide,Myke Cook,2,12,11,78.6,0,0,1,2,0,73,2010,Round 8,2010-05-15,5013
Adelaide,Patrick Dangerfield,8,4,7,53.8,0,0,0,2,1,80,2010,Round 8,2010-05-15,5013
Adelaide,Ivan Maric,7,6,8,66.7,0,0,0,0,0,76,2010,Round 8,2010-05-15,5013
Adelaide,Phil Davis,1,11,11,91.7,0,0,0,7,0,81,2010,Round 8,2010-05-15,5013
Adelaide,Kurt Tippett,4,1,3,50.0,0,0,0,1,0,79,2010,Round 8,2010-05-15,5013
Brisbane Lions,James Polkinghorne,9,21,18,62.1,0,0,0,2,0,85,2010,Round 8,2010-05-15,5012
Brisbane Lions,Matthew Maguire,9,16,19,73.1,1,0,0,7,0,96,2010,Round 8,2010-05-15,5012
Brisbane Lions,Luke Power,9,15,19,79.2,1,0,0,1,0,89,2010,Round 8,2010-05-15,5012
Brisbane Lions,Simon Black,7,16,13,56.5,0,0,0,1,0,82,2010,Round 8,2010-05-15,5012
Brisbane Lions,Matthew Leuenberger,8,13,11,50.0,0,0,0,1,0,78,2010,Round 8,2010-05-15,5012
Brisbane Lions,James Hawksley,8,14,16,72.7,1,0,0,2,0,83,2010,Round 8,2010-05-15,5012
Brisbane Lions,Daniel Rich,7,14,13,61.9,1,0,0,2,0,84,2010,Round 8,2010-05-15,5012
Brisbane Lions,Cheynee Stiller,6,13,12,63.2,1,0,1,1,1,77,2010,Round 8,2010-05-15,5012
Brisbane Lions,Justin Sherman,7,8,10,62.5,0,1,0,0,2,87,2010,Round 8,2010-05-15,5012
Brisbane Lions,Andrew Raines,4,13,12,80.0,0,0,0,1,1,80,2010,Round 8,2010-05-15,5012
Brisbane Lions,Brent Staker,10,5,10,71.4,1,0,0,6,0,92,2010,Round 8,2010-05-15,5012
Brisbane Lions,Ashley Mcgrath,3,11,8,57.1,1,0,0,1,1,62,2010,Round 8,2010-05-15,5012
Brisbane Lions,Jonathan Brown,5,8,7,53.8,2,0,4,0,0,96,2010,Round 8,2010-05-15,5012
Brisbane Lions,Amon Buchanan,5,9,9,69.2,0,0,0,1,0,64,2010,Round 8,2010-05-15,5012
Brisbane Lions,Jed Adcock,6,5,10,76.9,0,0,0,3,0,82,2010,Round 8,2010-05-15,5012
Brisbane Lions,Michael Rischitelli,3,10,8,66.7,0,1,0,3,1,74,2010,Round 8,2010-05-15,5012
Brisbane Lions,Jack Redden,4,7,7,63.6,0,1,0,0,0,80,2010,Round 8,2010-05-15,5012
Brisbane Lions,Tom Rockliff,2,6,8,88.9,0,0,0,1,0,69,2010,Round 8,2010-05-15,5012
Brisbane Lions,Joel Patfull,1,6,6,85.7,0,0,0,4,2,97,2010,Round 8,2010-05-15,5012
Brisbane Lions,Matt Austin,2,4,4,66.7,0,1,0,0,0,68,2010,Round 8,2010-05-15,5012
Brisbane Lions,Todd Banfield,2,4,2,33.3,0,0,0,1,3,78,2010,Round 8,2010-05-15,5012
Brisbane Lions,Brendan Fevola,4,0,1,33.3,0,0,0,1,0,96,2010,Round 8,2010-05-15,5012
Geelong,Paul Chapman,9,25,20,58.8,1,1,2,1,1,85,2010,Round 8,2010-05-15,5012
Geelong,James Bartel,7,24,21,65.6,0,0,1,3,1,87,2010,Round 8,2010-05-15,5012
Geelong,Joel Selwood,8,24,28,87.5,1,1,0,3,1,85,2010,Round 8,2010-05-15,5012
Geelong,Gary Jnr Ablett,13,20,25,80.6,1,0,1,2,1,86,2010,Round 8,2010-05-15,5012
Geelong,Corey Enright,5,24,24,82.8,2,0,0,0,0,87,2010,Round 8,2010-05-15,5012
Geelong,Andrew Mackie,5,24,21,72.4,0,0,2,3,0,82,2010,Round 8,2010-05-15,5012
Geelong,Darren Milburn,6,22,23,82.1,1,0,0,3,0,84,2010,Round 8,2010-05-15,5012
Geelong,Shannon Byrnes,7,17,19,79.2,1,0,2,0,0,76,2010,Round 8,2010-05-15,5012
Geelong,Simon Hogan,8,16,16,66.7,0,0,1,1,0,68,2010,Round 8,2010-05-15,5012
Geelong,Steve Johnson,7,15,15,65.2,0,5,5,3,0,85,2010,Round 8,2010-05-15,5012
Geelong,Mathew Stokes,1,21,19,86.4,0,3,0,2,0,82,2010,Round 8,2010-05-15,5012
Geelong,Cameron Mooney,5,16,14,66.7,2,2,3,2,0,90,2010,Round 8,2010-05-15,5012
Geelong,Mark Blake,11,9,15,75.0,0,0,0,1,0,63,2010,Round 8,2010-05-15,5012
Geelong,Tom Lonergan,9,9,15,83.3,2,0,0,4,1,87,2010,Round 8,2010-05-15,5012
Geelong,David Wojcinski,5,12,16,94.1,0,0,0,2,0,81,2010,Round 8,2010-05-15,5012
Geelong,Tom Hawkins,8,9,12,70.6,0,0,2,2,0,75,2010,Round 8,2010-05-15,5012
Geelong,Harry Taylor,6,9,15,93.8,2,0,0,8,1,84,2010,Round 8,2010-05-15,5012
Geelong,Mitchell Duncan,5,11,11,68.8,0,0,0,2,0,71,2010,Round 8,2010-05-15,5012
Geelong,Cameron Ling,5,10,11,73.3,1,1,1,0,0,85,2010,Round 8,2010-05-15,5012
Geelong,Joshua Hunt,4,10,12,85.7,2,0,0,2,0,87,2010,Round 8,2010-05-15,5012
Geelong,Travis Varcoe,5,9,12,85.7,0,1,0,1,0,78,2010,Round 8,2010-05-15,5012
Geelong,Matthew Scarlett,1,10,10,90.9,0,0,0,5,0,91,2010,Round 8,2010-05-15,5012
Richmond,Brett Deledio,7,29,33,94.3,0,0,0,0,1,93,2010,Round 8,2010-05-16,5014
Richmond,Daniel Jackson,14,17,24,77.4,1,1,0,2,0,84,2010,Round 8,2010-05-16,5014
Richmond,Chris Newman,6,21,24,88.9,0,0,0,1,0,88,2010,Round 8,2010-05-16,5014
Richmond,Trent Cotchin,14,15,20,74.1,0,1,0,0,0,80,2010,Round 8,2010-05-16,5014
Richmond,Nathan Foley,10,14,24,100.0,0,2,0,1,0,79,2010,Round 8,2010-05-16,5014
Richmond,Matthew White,5,16,14,66.7,0,0,0,2,0,88,2010,Round 8,2010-05-16,5014
Richmond,Shane Tuck,6,15,16,80.0,1,0,0,2,0,81,2010,Round 8,2010-05-16,5014
Richmond,Ben Nason,3,18,13,65.0,0,1,0,1,0,87,2010,Round 8,2010-05-16,5014
Richmond,Luke Mcguane,3,15,17,89.5,0,0,0,8,1,95,2010,Round 8,2010-05-16,5014
Richmond,Dustin Martin,9,9,12,70.6,0,0,0,0,0,71,2010,Round 8,2010-05-16,5014
Richmond,Shane Edwards,4,13,9,60.0,0,0,0,1,2,82,2010,Round 8,2010-05-16,5014
Richmond,Richard Tambling,6,8,10,76.9,0,0,0,1,0,75,2010,Round 8,2010-05-16,5014
Richmond,Jeromey Webberley,3,11,12,92.3,0,0,0,0,0,80,2010,Round 8,2010-05-16,5014
Richmond,Will Thursfield,5,6,10,83.3,2,0,0,3,0,94,2010,Round 8,2010-05-16,5014
Richmond,Angus Graham,7,3,8,80.0,2,0,3,2,0,65,2010,Round 8,2010-05-16,5014
Richmond,Robin Nahas,1,9,6,60.0,0,0,1,2,0,85,2010,Round 8,2010-05-16,5014
Richmond,Kelvin Moore,1,8,8,88.9,0,0,0,4,0,89,2010,Round 8,2010-05-16,5014
Richmond,Jack Riewoldt,5,4,7,77.8,3,0,4,2,0,100,2010,Round 8,2010-05-16,5014
Richmond,Alex Rance,2,5,6,85.7,1,0,0,2,0,85,2010,Round 8,2010-05-16,5014
Richmond,Mitchell Farmer,2,6,6,85.7,0,0,0,1,0,66,2010,Round 8,2010-05-16,5014
Richmond,Tyrone Vickery,4,3,7,100.0,0,0,0,2,0,59,2010,Round 8,2010-05-16,5014
Richmond,Graham Polak,2,5,3,50.0,1,0,1,1,0,75,2010,Round 8,2010-05-16,5014
Hawthorn,Sam Mitchell,11,18,18,62.1,0,0,0,0,0,85,2010,Round 8,2010-05-16,5014
Hawthorn,Luke Hodge,12,13,17,63.0,3,1,1,4,0,88,2010,Round 8,2010-05-16,5014
Hawthorn,Jordan Lewis,6,18,16,69.6,0,0,1,0,0,91,2010,Round 8,2010-05-16,5014
Hawthorn,Shaun Burgoyne,5,15,18,90.0,0,0,0,0,0,71,2010,Round 8,2010-05-16,5014
Hawthorn,Lance Franklin,9,10,12,63.2,3,0,1,2,1,96,2010,Round 8,2010-05-16,5014
Hawthorn,Brad Sewell,10,8,15,83.3,0,1,0,0,0,89,2010,Round 8,2010-05-16,5014
Hawthorn,Grant Birchall,4,13,16,94.1,0,0,0,0,2,79,2010,Round 8,2010-05-16,5014
Hawthorn,Cyril Rioli,9,10,11,64.7,0,0,5,0,0,83,2010,Round 8,2010-05-16,5014
Hawthorn,Brent Guerra,3,11,10,66.7,0,0,0,3,0,78,2010,Round 8,2010-05-16,5014
Hawthorn,Xavier Ellis,7,8,11,73.3,0,0,1,0,0,88,2010,Round 8,2010-05-16,5014
Hawthorn,Carl Peterson,3,11,9,64.3,0,2,2,0,0,77,2010,Round 8,2010-05-16,5014
Hawthorn,Campbell Brown,6,5,11,91.7,0,0,0,4,2,90,2010,Round 8,2010-05-16,5014
Hawthorn,Beau Muston,6,6,5,41.7,0,0,0,2,0,74,2010,Round 8,2010-05-16,5014
Hawthorn,Brendan Whitecross,3,8,9,75.0,0,0,1,0,0,87,2010,Round 8,2010-05-16,5014
Hawthorn,Stephen Gilham,5,6,10,90.9,0,2,0,6,0,94,2010,Round 8,2010-05-16,5014
Hawthorn,Jarryd Roughead,8,3,8,72.7,2,1,2,2,0,94,2010,Round 8,2010-05-16,5014
Hawthorn,Clinton Young,0,11,8,72.7,0,0,1,2,1,81,2010,Round 8,2010-05-16,5014
Hawthorn,Matthew Suckling,5,6,9,81.8,0,0,0,2,1,70,2010,Round 8,2010-05-16,5014
Hawthorn,Brent Renouf,5,4,8,88.9,1,0,0,7,0,62,2010,Round 8,2010-05-16,5014
Hawthorn,Benjamin Stratton,3,5,4,57.1,0,0,0,8,2,99,2010,Round 8,2010-05-16,5014
Hawthorn,Wayde Skipper,1,2,4,100.0,0,1,0,2,0,51,2010,Round 8,2010-05-16,5014
Hawthorn,Cameron Stokes,1,2,2,66.7,0,0,0,0,0,72,2010,Round 8,2010-05-16,5014
Port Adelaide,Kane Cornes,10,16,18,66.7,0,0,0,0,0,90,2010,Round 8,2010-05-16,5015
Port Adelaide,Jason Davenport,8,14,15,68.2,1,1,0,2,3,74,2010,Round 8,2010-05-16,5015
Port Adelaide,Domenic Cassisi,11,14,13,61.9,0,1,0,2,0,78,2010,Round 8,2010-05-16,5015
Port Adelaide,Chad Cornes,8,10,16,80.0,3,0,0,4,0,88,2010,Round 8,2010-05-16,5015
Port Adelaide,Tom Logan,7,12,14,77.8,1,0,0,2,0,94,2010,Round 8,2010-05-16,5015
Port Adelaide,Travis Boak,9,9,13,72.2,0,0,0,1,0,78,2010,Round 8,2010-05-16,5015
Port Adelaide,Troy Chaplin,5,9,13,76.5,0,0,0,4,1,97,2010,Round 8,2010-05-16,5015
Port Adelaide,Robert Gray,9,10,6,35.3,0,0,0,1,0,78,2010,Round 8,2010-05-16,5015
Port Adelaide,Cameron Hitchcock,10,7,10,58.8,0,0,1,0,0,72,2010,Round 8,2010-05-16,5015
Port Adelaide,Steven Salopek,5,11,12,75.0,0,0,0,2,1,80,2010,Round 8,2010-05-16,5015
Port Adelaide,Matt Thomas,7,9,11,68.8,0,1,0,1,0,78,2010,Round 8,2010-05-16,5015
Port Adelaide,Jacob Surjan,3,12,12,80.0,0,0,0,4,0,89,2010,Round 8,2010-05-16,5015
Port Adelaide,Paul Stewart,4,11,12,80.0,0,0,0,2,0,87,2010,Round 8,2010-05-16,5015
Port Adelaide,David Rodan,3,11,11,78.6,0,1,0,3,2,75,2010,Round 8,2010-05-16,5015
Port Adelaide,Danyle Pearce,7,6,7,50.0,0,0,0,1,1,78,2010,Round 8,2010-05-16,5015
Port Adelaide,Justin Westhoff,5,9,8,57.1,0,1,0,1,0,84,2010,Round 8,2010-05-16,5015
Port Adelaide,Alipate Carlile,3,9,11,84.6,0,0,0,11,1,90,2010,Round 8,2010-05-16,5015
Port Adelaide,Brett Ebert,6,2,9,75.0,1,1,1,1,0,87,2010,Round 8,2010-05-16,5015
Port Adelaide,Jackson Trengove,6,4,7,70.0,1,1,1,1,0,66,2010,Round 8,2010-05-16,5015
Port Adelaide,Dean Brogan,5,4,3,33.3,0,0,0,3,0,72,2010,Round 8,2010-05-16,5015
Port Adelaide,Daniel Motlop,5,4,7,77.8,3,0,2,0,1,86,2010,Round 8,2010-05-16,5015
Port Adelaide,Jay Schulz,6,2,6,75.0,2,1,2,1,0,80,2010,Round 8,2010-05-16,5015
Carlton,Kade Simpson,8,21,20,69.0,1,0,0,2,0,85,2010,Round 8,2010-05-16,5015
Carlton,Andrew Carrazzo,9,19,24,85.7,0,2,1,2,0,81,2010,Round 8,2010-05-16,5015
Carlton,Chris Judd,15,12,19,70.4,1,0,1,1,2,79,2010,Round 8,2010-05-16,5015
Carlton,Heath Scotland,3,19,15,65.2,0,0,1,2,1,88,2010,Round 8,2010-05-16,5015
Carlton,Bryce Gibbs,7,17,17,73.9,1,0,0,5,2,98,2010,Round 8,2010-05-16,5015
Carlton,Jordan Russell,5,15,17,77.3,2,0,0,3,1,90,2010,Round 8,2010-05-16,5015
Carlton,Marc Murphy,9,14,17,77.3,0,0,0,1,6,82,2010,Round 8,2010-05-16,5015
Carlton,Dennis Armfield,5,14,15,75.0,0,4,2,3,0,84,2010,Round 8,2010-05-16,5015
Carlton,Christopher Johnson,4,14,14,73.7,1,1,0,0,1,76,2010,Round 8,2010-05-16,5015
Carlton,Matthew Kreuzer,10,10,17,89.5,3,1,2,3,0,74,2010,Round 8,2010-05-16,5015
Carlton,Bret Thornton,5,13,14,77.8,2,0,0,3,1,99,2010,Round 8,2010-05-16,5015
Carlton,Aaron Joseph,7,10,14,82.4,0,0,0,3,0,89,2010,Round 8,2010-05-16,5015
Carlton,Simon White,8,8,12,70.6,0,0,0,3,1,84,2010,Round 8,2010-05-16,5015
Carlton,Ryan Houlihan,5,11,8,50.0,1,1,4,3,0,74,2010,Round 8,2010-05-16,5015
Carlton,Jarrad Waite,8,8,15,93.8,3,1,2,1,1,93,2010,Round 8,2010-05-16,5015
Carlton,Setanta O Hailpin,6,8,10,71.4,2,1,2,1,0,90,2010,Round 8,2010-05-16,5015
Carlton,Christopher Yarran,3,8,9,81.8,1,0,2,1,1,88,2010,Round 8,2010-05-16,5015
Carlton,Edward Betts,5,6,5,50.0,1,1,1,0,1,91,2010,Round 8,2010-05-16,5015
Carlton,Sam Jacobs,6,5,7,70.0,2,0,1,4,0,62,2010,Round 8,2010-05-16,5015
Carlton,Michael Jamison,3,5,6,75.0,0,0,0,3,0,95,2010,Round 8,2010-05-16,5015
Carlton,Jeff Gartlett,1,5,3,50.0,0,0,1,0,0,86,2010,Round 8,2010-05-16,5015
Carlton,Kane Lucas,0,1,1,100.0,0,0,0,0,0,13,2010,Round 8,2010-05-16,5015
St Kilda,Lenny Hayes,8,24,21,63.6,0,1,0,3,3,84,2010,Round 8,2010-05-16,5016
St Kilda,Nick Dal Santo,13,18,25,78.1,1,0,1,2,0,85,2010,Round 8,2010-05-16,5016
St Kilda,Leigh Montagna,6,26,22,71.0,0,0,0,0,0,88,2010,Round 8,2010-05-16,5016
St Kilda,Sam Gilbert,6,24,23,76.7,1,1,0,5,0,98,2010,Round 8,2010-05-16,5016
St Kilda,Brendon Goddard,12,15,24,92.3,1,1,0,2,0,93,2010,Round 8,2010-05-16,5016
St Kilda,Jason Blake,7,15,19,86.4,1,0,1,3,1,97,2010,Round 8,2010-05-16,5016
St Kilda,Sam Fisher,11,9,15,71.4,2,0,4,2,0,94,2010,Round 8,2010-05-16,5016
St Kilda,Adam Schneider,10,11,11,55.0,0,1,0,2,0,81,2010,Round 8,2010-05-16,5016
St Kilda,Farren Ray,9,11,16,84.2,0,0,0,2,0,81,2010,Round 8,2010-05-16,5016
St Kilda,Jarryn Geary,7,11,13,72.2,0,0,0,5,2,89,2010,Round 8,2010-05-16,5016
St Kilda,Clinton Jones,4,13,11,64.7,1,1,1,2,2,83,2010,Round 8,2010-05-16,5016
St Kilda,Steven Baker,2,14,13,81.2,0,0,0,4,0,95,2010,Round 8,2010-05-16,5016
St Kilda,Justin Koschitzke,9,5,9,60.0,2,0,3,2,0,94,2010,Round 8,2010-05-16,5016
St Kilda,Michael S  Gardiner,3,12,12,80.0,1,0,2,2,0,73,2010,Round 8,2010-05-16,5016
St Kilda,James Gwilt,5,8,11,84.6,1,0,0,4,0,100,2010,Round 8,2010-05-16,5016
St Kilda,David Armitage,3,10,10,76.9,0,0,0,2,0,69,2010,Round 8,2010-05-16,5016
St Kilda,Stephen Milne,7,5,4,33.3,0,0,2,0,0,90,2010,Round 8,2010-05-16,5016
St Kilda,Zac Dawson,5,6,10,90.9,2,0,0,10,0,100,2010,Round 8,2010-05-16,5016
St Kilda,Andrew Mcqualter,2,9,7,63.6,0,0,1,0,0,79,2010,Round 8,2010-05-16,5016
St Kilda,Nicholas Heyne,3,7,6,60.0,0,0,0,0,0,60,2010,Round 8,2010-05-16,5016
St Kilda,Ben Mcevoy,4,4,7,87.5,0,0,0,1,0,39,2010,Round 8,2010-05-16,5016
St Kilda,Jason Gram,3,2,4,80.0,0,0,0,0,0,25,2010,Round 8,2010-05-16,5016
Essendon,Jobe Watson,10,15,16,64.0,1,1,0,0,0,81,2010,Round 8,2010-05-16,5016
Essendon,Heath Hocking,8,13,17,73.9,1,0,0,1,1,86,2010,Round 8,2010-05-16,5016
Essendon,Dustin Fletcher,3,15,18,81.8,1,0,0,12,0,96,2010,Round 8,2010-05-16,5016
Essendon,David Myers,2,17,14,73.7,0,0,0,1,0,72,2010,Round 8,2010-05-16,5016
Essendon,Courtenay Dempsey,11,8,16,88.9,0,0,0,6,0,89,2010,Round 8,2010-05-16,5016
Essendon,Jason Winderlich,6,11,13,76.5,0,1,0,3,0,74,2010,Round 8,2010-05-16,5016
Essendon,Angus Monfries,6,10,9,56.2,1,0,2,0,0,92,2010,Round 8,2010-05-16,5016
Essendon,Brent Prismall,5,11,12,75.0,0,0,0,0,0,82,2010,Round 8,2010-05-16,5016
Essendon,Patrick Ryder,9,7,11,68.8,2,0,2,3,0,94,2010,Round 8,2010-05-16,5016
Essendon,Alwyn Davey,5,11,15,93.8,0,2,0,0,1,87,2010,Round 8,2010-05-16,5016
Essendon,David Hille,7,8,9,60.0,1,1,5,1,0,87,2010,Round 8,2010-05-16,5016
Essendon,Jake Melksham,5,9,10,71.4,0,1,0,2,0,69,2010,Round 8,2010-05-16,5016
Essendon,Travis Colyer,4,7,11,84.6,0,0,0,0,2,73,2010,Round 8,2010-05-16,5016
Essendon,Ben Howlett,6,7,9,69.2,0,0,0,2,0,75,2010,Round 8,2010-05-16,5016
Essendon,Scott Gumbleton,5,7,6,50.0,2,1,1,0,0,90,2010,Round 8,2010-05-16,5016
Essendon,Jarrod Atkinson,4,8,10,83.3,0,0,1,3,4,89,2010,Round 8,2010-05-16,5016
Essendon,Brent Stanton,4,6,8,72.7,1,0,0,1,0,78,2010,Round 8,2010-05-16,5016
Essendon,Michael Hurley,3,8,5,45.5,1,0,1,6,0,94,2010,Round 8,2010-05-16,5016
Essendon,Leroy Jetta,2,7,7,70.0,0,2,0,1,0,80,2010,Round 8,2010-05-16,5016
Essendon,Mark Mcveigh,3,5,8,100.0,0,0,0,2,0,94,2010,Round 8,2010-05-16,5016
Essendon,David Zaharakis,3,6,7,87.5,0,2,0,0,0,93,2010,Round 8,2010-05-16,5016
Essendon,Cale Hooker,4,3,7,100.0,0,0,0,2,0,26,2010,Round 8,2010-05-16,5016
Collingwood,Ben Johnson,7,23,19,67.9,0,1,0,0,2,79,2010,Round 9,2010-05-21,5057
Collingwood,Luke Ball,10,16,19,70.4,0,0,2,1,0,81,2010,Round 9,2010-05-21,5057
Collingwood,Dane Swan,8,18,19,76.0,2,0,2,3,0,76,2010,Round 9,2010-05-21,5057
Collingwood,Heath Shaw,7,13,16,64.0,2,0,0,6,2,97,2010,Round 9,2010-05-21,5057
Collingwood,Alan Didak,12,8,10,50.0,0,0,0,1,1,77,2010,Round 9,2010-05-21,5057
Collingwood,Dale Thomas,8,13,14,70.0,1,0,0,2,3,74,2010,Round 9,2010-05-21,5057
Collingwood,Sharrod Wellingham,4,16,11,55.0,0,0,1,0,3,73,2010,Round 9,2010-05-21,5057
Collingwood,Heritier O Brien,5,14,13,68.4,0,0,0,5,2,100,2010,Round 9,2010-05-21,5057
Collingwood,Scott Pendlebury,12,6,15,83.3,3,1,0,1,1,65,2010,Round 9,2010-05-21,5057
Collingwood,Nick Maxwell,3,14,14,82.4,0,0,0,1,1,96,2010,Round 9,2010-05-21,5057
Collingwood,Dayne Beams,6,10,13,76.5,3,0,1,0,0,86,2010,Round 9,2010-05-21,5057
Collingwood,Ben Reid,8,7,10,66.7,2,0,0,3,0,97,2010,Round 9,2010-05-21,5057
Collingwood,Brent Macaffer,6,8,10,66.7,0,0,0,1,0,83,2010,Round 9,2010-05-21,5057
Collingwood,Steele Sidebottom,5,10,11,73.3,0,0,0,2,0,72,2010,Round 9,2010-05-21,5057
Collingwood,Travis Cloke,9,5,10,71.4,2,0,0,1,1,94,2010,Round 9,2010-05-21,5057
Collingwood,Alan Toovey,8,5,8,57.1,0,0,0,2,2,76,2010,Round 9,2010-05-21,5057
Collingwood,Darren Jolly,7,7,11,84.6,0,0,1,3,0,74,2010,Round 9,2010-05-21,5057
Collingwood,Shane O Bree,4,6,8,80.0,0,1,1,1,0,83,2010,Round 9,2010-05-21,5057
Collingwood,Leon Davis,7,2,4,44.4,0,1,0,1,0,83,2010,Round 9,2010-05-21,5057
Collingwood,Nathan Brown,4,5,8,88.9,1,0,0,5,0,100,2010,Round 9,2010-05-21,5057
Collingwood,Chris Dawes,1,5,4,66.7,0,0,0,1,0,85,2010,Round 9,2010-05-21,5057
Collingwood,Cameron Wood,3,2,3,60.0,1,0,0,1,0,48,2010,Round 9,2010-05-21,5057
Geelong,Gary Jnr Ablett,9,23,25,78.1,0,0,0,1,0,92,2010,Round 9,2010-05-21,5057
Geelong,James Kelly,13,18,22,68.8,1,0,0,3,0,85,2010,Round 9,2010-05-21,5057
Geelong,Darren Milburn,7,20,23,76.7,1,0,0,2,2,88,2010,Round 9,2010-05-21,5057
Geelong,James Bartel,9,22,22,73.3,1,0,0,3,0,85,2010,Round 9,2010-05-21,5057
Geelong,Paul Chapman,7,22,22,75.9,1,1,1,3,2,90,2010,Round 9,2010-05-21,5057
Geelong,Andrew Mackie,7,21,23,82.1,1,0,0,2,0,89,2010,Round 9,2010-05-21,5057
Geelong,Corey Enright,3,25,22,81.5,0,0,0,4,0,92,2010,Round 9,2010-05-21,5057
Geelong,Joel Selwood,7,21,23,85.2,1,0,0,0,1,83,2010,Round 9,2010-05-21,5057
Geelong,Cameron Ling,6,18,18,75.0,0,1,0,0,0,78,2010,Round 9,2010-05-21,5057
Geelong,Joshua Hunt,3,18,15,71.4,0,0,0,5,0,79,2010,Round 9,2010-05-21,5057
Geelong,Travis Varcoe,9,13,13,65.0,1,1,1,3,0,83,2010,Round 9,2010-05-21,5057
Geelong,Shannon Byrnes,6,13,11,57.9,0,2,1,0,0,70,2010,Round 9,2010-05-21,5057
Geelong,Cameron Mooney,4,14,12,66.7,2,2,4,1,0,89,2010,Round 9,2010-05-21,5057
Geelong,Matthew Scarlett,2,15,13,72.2,0,1,0,4,1,88,2010,Round 9,2010-05-21,5057
Geelong,Steve Johnson,4,13,11,61.1,1,1,2,0,0,85,2010,Round 9,2010-05-21,5057
Geelong,Tom Lonergan,6,12,15,83.3,0,0,0,9,1,92,2010,Round 9,2010-05-21,5057
Geelong,Mathew Stokes,5,11,13,72.2,0,0,0,0,0,72,2010,Round 9,2010-05-21,5057
Geelong,David Wojcinski,4,15,15,88.2,0,0,0,2,1,77,2010,Round 9,2010-05-21,5057
Geelong,Harry Taylor,3,13,14,87.5,1,0,0,9,1,78,2010,Round 9,2010-05-21,5057
Geelong,Mark Blake,7,8,12,80.0,0,1,0,1,0,62,2010,Round 9,2010-05-21,5057
Geelong,James Podsiadly,5,9,10,71.4,3,1,3,1,0,78,2010,Round 9,2010-05-21,5057
Geelong,Tom Hawkins,5,8,12,92.3,0,0,1,1,0,64,2010,Round 9,2010-05-21,5057
Sydney,Nick Malceski,3,21,21,75.0,1,0,0,5,3,92,2010,Round 9,2010-05-22,5059
Sydney,Daniel Hannebery,11,17,20,71.4,0,0,0,1,0,88,2010,Round 9,2010-05-22,5059
Sydney,Adam Goodes,14,8,11,47.8,1,2,1,1,0,98,2010,Round 9,2010-05-22,5059
Sydney,Rhyce Shaw,5,14,17,77.3,0,1,0,0,3,92,2010,Round 9,2010-05-22,5059
Sydney,Ryan O Keefe,5,18,16,76.2,1,2,0,1,0,90,2010,Round 9,2010-05-22,5059
Sydney,Jude Bolton,9,10,10,50.0,0,0,1,1,0,86,2010,Round 9,2010-05-22,5059
Sydney,Jarrad Mcveigh,6,13,12,63.2,0,0,0,1,0,92,2010,Round 9,2010-05-22,5059
Sydney,Josh P  Kennedy,6,13,14,73.7,0,0,0,2,0,70,2010,Round 9,2010-05-22,5059
Sydney,Martin Mattner,6,10,14,77.8,0,0,0,4,1,89,2010,Round 9,2010-05-22,5059
Sydney,Lewis Roberts Thomson,6,11,10,58.8,1,0,0,10,0,88,2010,Round 9,2010-05-22,5059
Sydney,Kieran Jack,9,7,14,82.4,1,1,0,2,0,91,2010,Round 9,2010-05-22,5059
Sydney,Lewis Jetta,5,10,11,64.7,0,0,0,1,3,88,2010,Round 9,2010-05-22,5059
Sydney,Heath Grundy,7,7,12,75.0,1,0,0,6,0,100,2010,Round 9,2010-05-22,5059
Sydney,Henry Playfair,8,7,12,80.0,1,0,2,2,0,77,2010,Round 9,2010-05-22,5059
Sydney,Gary Rohan,11,8,7,46.7,0,0,0,2,1,86,2010,Round 9,2010-05-22,5059
Sydney,Brett Kirk,3,11,12,85.7,0,1,0,1,0,85,2010,Round 9,2010-05-22,5059
Sydney,Nick Smith 1,8,6,9,64.3,0,0,1,2,0,85,2010,Round 9,2010-05-22,5059
Sydney,Campbell Heath,6,8,6,50.0,0,0,1,0,0,68,2010,Round 9,2010-05-22,5059
Sydney,Paul Bevan,7,4,8,72.7,0,0,0,2,0,100,2010,Round 9,2010-05-22,5059
Sydney,Daniel Bradshaw,3,4,4,57.1,0,0,2,1,0,58,2010,Round 9,2010-05-22,5059
Sydney,Mike Pyke,4,3,6,85.7,1,0,0,6,0,76,2010,Round 9,2010-05-22,5059
Sydney,Tadhg Kennelly,0,0,0,0.0,0,0,0,1,0,2,2010,Round 9,2010-05-22,5059
Fremantle,David Mundy,9,17,11,44.0,0,1,0,0,0,80,2010,Round 9,2010-05-22,5059
Fremantle,Nathan Fyfe,12,11,13,56.5,2,1,2,1,0,80,2010,Round 9,2010-05-22,5059
Fremantle,Michael Barlow,9,10,13,68.4,0,1,0,1,0,84,2010,Round 9,2010-05-22,5059
Fremantle,Ryan Crowley,8,10,13,72.2,1,0,0,2,0,75,2010,Round 9,2010-05-22,5059
Fremantle,Paul Duffield,2,11,10,58.8,0,0,0,2,0,89,2010,Round 9,2010-05-22,5059
Fremantle,Rhys Palmer,5,10,11,64.7,0,1,1,1,0,67,2010,Round 9,2010-05-22,5059
Fremantle,Paul Hasleby,8,8,8,50.0,0,1,2,1,0,87,2010,Round 9,2010-05-22,5059
Fremantle,Matthew Pavlich,11,4,8,53.3,1,1,1,1,0,91,2010,Round 9,2010-05-22,5059
Fremantle,Adam Mcphee,10,4,10,66.7,1,0,1,1,0,88,2010,Round 9,2010-05-22,5059
Fremantle,Kepler Bradley,9,5,11,73.3,1,1,1,0,0,80,2010,Round 9,2010-05-22,5059
Fremantle,Hayden Ballantyne,10,5,7,50.0,0,0,1,1,3,89,2010,Round 9,2010-05-22,5059
Fremantle,Garrick Ibbotson,7,3,8,72.7,1,0,0,3,0,72,2010,Round 9,2010-05-22,5059
Fremantle,Roger Hayden,4,5,10,100.0,0,0,0,2,0,73,2010,Round 9,2010-05-22,5059
Fremantle,Aaron Sandilands,7,4,8,80.0,1,0,0,4,0,88,2010,Round 9,2010-05-22,5059
Fremantle,Chris Tarrant,4,3,6,75.0,0,0,0,6,1,97,2010,Round 9,2010-05-22,5059
Fremantle,Nicholas Suban,3,5,6,75.0,0,0,0,1,1,56,2010,Round 9,2010-05-22,5059
Fremantle,Jay Van Berlo,5,3,4,50.0,0,0,0,4,0,84,2010,Round 9,2010-05-22,5059
Fremantle,Anthony Morabito,5,3,5,62.5,1,0,0,1,0,65,2010,Round 9,2010-05-22,5059
Fremantle,Antoni Grover,3,3,5,71.4,1,0,0,3,0,95,2010,Round 9,2010-05-22,5059
Fremantle,Stephen Hill,3,4,4,57.1,0,0,0,1,0,85,2010,Round 9,2010-05-22,5059
Fremantle,Alex Silvagni,2,4,5,71.4,0,0,0,6,0,92,2010,Round 9,2010-05-22,5059
Fremantle,Christopher Mayne,3,2,3,50.0,0,0,0,1,0,81,2010,Round 9,2010-05-22,5059
North Melbourne,Brent Harvey,7,19,16,57.1,1,0,0,0,1,92,2010,Round 9,2010-05-22,5058
North Melbourne,Brady Rawlings,5,21,24,92.3,0,0,0,3,0,100,2010,Round 9,2010-05-22,5058
North Melbourne,Andrew Swallow,10,15,20,80.0,0,0,0,1,0,80,2010,Round 9,2010-05-22,5058
North Melbourne,Nathan Grima,5,17,22,100.0,3,0,0,5,0,97,2010,Round 9,2010-05-22,5058
North Melbourne,Lindsay Thomas,8,13,13,61.9,1,0,1,0,0,66,2010,Round 9,2010-05-22,5058
North Melbourne,Lachlan Hansen,8,12,16,80.0,2,1,0,1,0,82,2010,Round 9,2010-05-22,5058
North Melbourne,Ryan Bastinac,6,14,12,60.0,0,1,0,3,1,76,2010,Round 9,2010-05-22,5058
North Melbourne,Levi Greenwood,5,13,14,82.4,0,0,0,3,0,76,2010,Round 9,2010-05-22,5058
North Melbourne,Jack Ziebell,5,12,9,52.9,0,0,0,3,3,62,2010,Round 9,2010-05-22,5058
North Melbourne,Michael Firrito,6,10,12,75.0,0,1,0,6,0,100,2010,Round 9,2010-05-22,5058
North Melbourne,Scott Thompson 1,5,8,12,85.7,0,0,0,0,0,88,2010,Round 9,2010-05-22,5058
North Melbourne,Josh Smith,1,13,8,57.1,1,0,2,3,0,90,2010,Round 9,2010-05-22,5058
North Melbourne,Todd Goldstein,7,6,10,76.9,1,0,1,1,0,85,2010,Round 9,2010-05-22,5058
North Melbourne,Leigh Harding,4,7,7,58.3,0,0,0,0,1,72,2010,Round 9,2010-05-22,5058
North Melbourne,Daniel Wells,6,7,8,66.7,0,0,0,0,1,80,2010,Round 9,2010-05-22,5058
North Melbourne,Daniel Pratt,2,10,12,100.0,0,0,0,2,0,83,2010,Round 9,2010-05-22,5058
North Melbourne,Scott Mcmahon,6,7,10,83.3,1,0,1,8,0,76,2010,Round 9,2010-05-22,5058
North Melbourne,Aaron Edwards,4,7,8,72.7,0,1,2,1,0,84,2010,Round 9,2010-05-22,5058
North Melbourne,Nathan O Keefe,5,5,2,20.0,1,1,4,0,0,85,2010,Round 9,2010-05-22,5058
North Melbourne,Ben Cunnington,1,8,8,88.9,0,1,0,4,1,73,2010,Round 9,2010-05-22,5058
North Melbourne,Samuel Wright,2,4,4,66.7,0,0,1,1,0,83,2010,Round 9,2010-05-22,5058
North Melbourne,Matt Campbell,0,5,4,80.0,0,0,1,1,0,71,2010,Round 9,2010-05-22,5058
Western Bulldogs,Brian Harris,7,31,37,90.2,2,0,0,3,3,97,2010,Round 9,2010-05-22,5058
Western Bulldogs,Adam Cooney,12,25,31,86.1,0,2,1,0,3,82,2010,Round 9,2010-05-22,5058
Western Bulldogs,Ryan Hargrave,5,28,28,82.4,0,0,0,6,0,91,2010,Round 9,2010-05-22,5058
Western Bulldogs,Matthew Boyd,12,17,23,79.3,1,1,1,4,1,87,2010,Round 9,2010-05-22,5058
Western Bulldogs,Mitchell Hahn,10,20,20,69.0,0,0,0,5,0,84,2010,Round 9,2010-05-22,5058
Western Bulldogs,Ryan Griffen,7,22,24,82.8,0,0,0,0,2,82,2010,Round 9,2010-05-22,5058
Western Bulldogs,Jarrod Harbrow,7,22,22,78.6,0,0,0,1,3,87,2010,Round 9,2010-05-22,5058
Western Bulldogs,Daniel Cross,7,19,21,77.8,0,0,0,5,0,93,2010,Round 9,2010-05-22,5058
Western Bulldogs,Lindsay Gilbee,2,21,22,91.7,0,1,0,4,0,89,2010,Round 9,2010-05-22,5058
Western Bulldogs,Nathan Eagleton,0,23,17,73.9,0,0,2,0,0,84,2010,Round 9,2010-05-22,5058
Western Bulldogs,Dale Morris,10,11,18,90.0,0,0,0,7,0,94,2010,Round 9,2010-05-22,5058
Western Bulldogs,Jarrad Grant,8,12,13,68.4,1,2,2,3,0,78,2010,Round 9,2010-05-22,5058
Western Bulldogs,Daniel Giansiracusa,4,12,14,87.5,0,0,1,0,0,65,2010,Round 9,2010-05-22,5058
Western Bulldogs,Dylan Addison,5,10,15,93.8,0,0,0,1,0,72,2010,Round 9,2010-05-22,5058
Western Bulldogs,Josh Hill,4,12,13,81.2,0,0,1,1,0,76,2010,Round 9,2010-05-22,5058
Western Bulldogs,Jason Akermanis,3,11,12,85.7,1,2,3,0,0,80,2010,Round 9,2010-05-22,5058
Western Bulldogs,Liam Picken,7,7,13,92.9,1,0,0,2,0,79,2010,Round 9,2010-05-22,5058
Western Bulldogs,Tom Williams,2,10,10,83.3,0,0,0,4,0,81,2010,Round 9,2010-05-22,5058
Western Bulldogs,Brennan Stack,3,8,9,81.8,0,3,2,0,0,76,2010,Round 9,2010-05-22,5058
Western Bulldogs,Ben Hudson,4,5,8,80.0,1,0,1,3,0,63,2010,Round 9,2010-05-22,5058
Western Bulldogs,Barry Hall,4,5,5,55.6,1,1,2,1,0,86,2010,Round 9,2010-05-22,5058
Western Bulldogs,Will Minson,3,6,6,66.7,0,1,1,0,0,72,2010,Round 9,2010-05-22,5058
Melbourne,Aaron Davey,8,15,17,65.4,0,1,0,3,2,70,2010,Round 9,2010-05-22,5060
Melbourne,Colin Sylvia,4,21,18,72.0,0,1,1,0,2,94,2010,Round 9,2010-05-22,5060
Melbourne,Jack Trengove,14,11,19,79.2,0,0,0,1,0,82,2010,Round 9,2010-05-22,5060
Melbourne,Brad Green,2,21,15,65.2,1,0,3,1,0,90,2010,Round 9,2010-05-22,5060
Melbourne,James Mcdonald,9,14,16,69.6,0,0,0,2,0,76,2010,Round 9,2010-05-22,5060
Melbourne,James Frawley,9,12,19,86.4,1,0,0,1,0,94,2010,Round 9,2010-05-22,5060
Melbourne,Neville Jetta,10,12,12,57.1,0,4,1,1,0,73,2010,Round 9,2010-05-22,5060
Melbourne,Tom Scully,7,15,14,66.7,0,1,0,3,0,82,2010,Round 9,2010-05-22,5060
Melbourne,Brent Moloney,6,12,18,90.0,0,1,0,2,1,83,2010,Round 9,2010-05-22,5060
Melbourne,Jack Grimes,9,8,14,70.0,1,0,0,2,1,92,2010,Round 9,2010-05-22,5060
Melbourne,Cale Morton,3,16,11,57.9,0,1,0,2,0,76,2010,Round 9,2010-05-22,5060
Melbourne,Jack Watts,9,9,14,77.8,0,1,1,1,0,85,2010,Round 9,2010-05-22,5060
Melbourne,Jamie Bennell,9,7,12,75.0,1,0,2,0,0,83,2010,Round 9,2010-05-22,5060
Melbourne,Jared Rivers,4,8,8,66.7,0,0,0,11,0,95,2010,Round 9,2010-05-22,5060
Melbourne,Joel Macdonald,3,9,11,91.7,0,0,0,8,0,91,2010,Round 9,2010-05-22,5060
Melbourne,Nathan Jones,3,10,8,66.7,0,0,0,2,1,72,2010,Round 9,2010-05-22,5060
Melbourne,Brad Miller,3,8,10,90.9,0,1,3,2,0,89,2010,Round 9,2010-05-22,5060
Melbourne,Clint Bartram,6,4,10,90.9,0,0,0,3,0,74,2010,Round 9,2010-05-22,5060
Melbourne,Mark Jamar,5,5,6,60.0,0,0,1,1,0,79,2010,Round 9,2010-05-22,5060
Melbourne,Austin Wonaeamirri,3,7,8,80.0,1,1,1,2,0,72,2010,Round 9,2010-05-22,5060
Melbourne,Jordie Mckenzie,4,6,7,70.0,0,0,0,2,0,64,2010,Round 9,2010-05-22,5060
Melbourne,Colin Garland,1,8,7,77.8,0,0,0,5,0,86,2010,Round 9,2010-05-22,5060
Port Adelaide,Kane Cornes,6,24,20,71.4,0,1,1,0,0,90,2010,Round 9,2010-05-22,5060
Port Adelaide,Travis Boak,11,14,17,68.0,0,0,0,0,0,71,2010,Round 9,2010-05-22,5060
Port Adelaide,Troy Chaplin,7,16,17,70.8,0,0,0,9,0,98,2010,Round 9,2010-05-22,5060
Port Adelaide,David Rodan,9,12,16,80.0,0,0,0,0,2,70,2010,Round 9,2010-05-22,5060
Port Adelaide,Alipate Carlile,6,12,17,85.0,1,0,0,5,0,89,2010,Round 9,2010-05-22,5060
Port Adelaide,Paul Stewart,6,13,15,78.9,0,0,0,5,0,84,2010,Round 9,2010-05-22,5060
Port Adelaide,Dean Brogan,11,7,11,61.1,0,0,0,3,0,80,2010,Round 9,2010-05-22,5060
Port Adelaide,Steven Salopek,5,13,15,83.3,0,2,0,3,0,80,2010,Round 9,2010-05-22,5060
Port Adelaide,Domenic Cassisi,7,11,13,72.2,0,1,1,3,0,74,2010,Round 9,2010-05-22,5060
Port Adelaide,Tom Logan,6,11,10,55.6,1,0,0,6,0,79,2010,Round 9,2010-05-22,5060
Port Adelaide,Jay Nash,6,11,14,87.5,0,0,0,5,0,91,2010,Round 9,2010-05-22,5060
Port Adelaide,Matt Thomas,9,8,11,68.8,0,1,0,4,0,81,2010,Round 9,2010-05-22,5060
Port Adelaide,Chad Cornes,7,8,15,100.0,0,0,0,1,0,89,2010,Round 9,2010-05-22,5060
Port Adelaide,Jacob Surjan,2,13,10,66.7,0,0,0,5,1,67,2010,Round 9,2010-05-22,5060
Port Adelaide,Danyle Pearce,6,10,10,66.7,0,0,0,3,0,78,2010,Round 9,2010-05-22,5060
Port Adelaide,Cameron Hitchcock,5,9,6,42.9,0,1,1,0,0,93,2010,Round 9,2010-05-22,5060
Port Adelaide,Justin Westhoff,4,8,10,76.9,1,1,0,1,0,79,2010,Round 9,2010-05-22,5060
Port Adelaide,Jackson Trengove,2,11,12,92.3,0,1,2,4,0,77,2010,Round 9,2010-05-22,5060
Port Adelaide,Daniel Motlop,8,3,6,50.0,0,0,0,1,0,87,2010,Round 9,2010-05-22,5060
Port Adelaide,Brett Ebert,9,3,9,75.0,3,0,1,2,0,83,2010,Round 9,2010-05-22,5060
Port Adelaide,Jay Schulz,5,5,5,50.0,1,2,3,3,0,81,2010,Round 9,2010-05-22,5060
Port Adelaide,Jason Davenport,4,5,6,75.0,0,1,0,0,0,79,2010,Round 9,2010-05-22,5060
Essendon,Jobe Watson,11,18,22,78.6,0,0,0,0,0,72,2010,Round 9,2010-05-22,5061
Essendon,Brent Prismall,5,22,23,85.2,0,0,0,1,0,74,2010,Round 9,2010-05-22,5061
Essendon,David Hille,7,18,19,73.1,3,1,4,3,0,79,2010,Round 9,2010-05-22,5061
Essendon,Jason Winderlich,11,16,14,53.8,1,0,0,0,2,75,2010,Round 9,2010-05-22,5061
Essendon,Samuel Lonergan,11,12,12,52.2,0,1,1,1,0,90,2010,Round 9,2010-05-22,5061
Essendon,Leroy Jetta,5,15,16,76.2,0,4,3,3,0,78,2010,Round 9,2010-05-22,5061
Essendon,Michael Hurley,3,18,16,76.2,0,1,0,3,1,93,2010,Round 9,2010-05-22,5061
Essendon,Ben Howlett,8,12,17,81.0,1,1,0,2,0,75,2010,Round 9,2010-05-22,5061
Essendon,Patrick Ryder,11,8,12,63.2,2,0,1,1,0,88,2010,Round 9,2010-05-22,5061
Essendon,Courtenay Dempsey,7,11,14,77.8,1,0,0,2,1,85,2010,Round 9,2010-05-22,5061
Essendon,Heath Hocking,6,11,15,83.3,1,1,0,2,0,91,2010,Round 9,2010-05-22,5061
Essendon,Alwyn Davey,7,12,16,88.9,0,1,0,1,0,80,2010,Round 9,2010-05-22,5061
Essendon,David Myers,8,11,16,88.9,0,0,0,5,0,72,2010,Round 9,2010-05-22,5061
Essendon,Brent Stanton,3,12,12,75.0,0,0,1,0,1,76,2010,Round 9,2010-05-22,5061
Essendon,Angus Monfries,4,12,10,62.5,1,3,1,1,1,90,2010,Round 9,2010-05-22,5061
Essendon,David Zaharakis,5,10,8,53.3,0,0,0,1,0,90,2010,Round 9,2010-05-22,5061
Essendon,Dustin Fletcher,4,9,12,100.0,2,0,0,4,0,75,2010,Round 9,2010-05-22,5061
Essendon,Mark Mcveigh,2,10,12,100.0,0,0,0,1,0,87,2010,Round 9,2010-05-22,5061
Essendon,Jake Melksham,1,7,10,100.0,0,0,0,3,0,60,2010,Round 9,2010-05-22,5061
Essendon,Tayte Pears,1,6,7,77.8,0,0,0,6,1,92,2010,Round 9,2010-05-22,5061
Essendon,Scott Gumbleton,1,7,6,75.0,1,0,2,3,0,88,2010,Round 9,2010-05-22,5061
Essendon,Jarrod Atkinson,0,7,5,62.5,0,0,0,3,1,89,2010,Round 9,2010-05-22,5061
Richmond,Shane Tuck,13,17,18,60.0,0,0,1,0,0,84,2010,Round 9,2010-05-22,5061
Richmond,Trent Cotchin,19,7,12,48.0,0,0,0,3,0,84,2010,Round 9,2010-05-22,5061
Richmond,Dustin Martin,8,15,17,73.9,0,1,0,0,0,81,2010,Round 9,2010-05-22,5061
Richmond,Brett Deledio,7,14,19,86.4,1,0,0,1,0,90,2010,Round 9,2010-05-22,5061
Richmond,Nathan Foley,9,10,13,68.4,0,1,0,0,0,68,2010,Round 9,2010-05-22,5061
Richmond,Jack Riewoldt,7,9,15,83.3,6,2,7,0,0,98,2010,Round 9,2010-05-22,5061
Richmond,Shane Edwards,7,11,14,77.8,0,0,1,0,0,81,2010,Round 9,2010-05-22,5061
Richmond,Ben Cousins,8,9,9,52.9,0,0,1,0,0,68,2010,Round 9,2010-05-22,5061
Richmond,Angus Graham,10,5,10,66.7,2,0,0,2,0,66,2010,Round 9,2010-05-22,5061
Richmond,Jeromey Webberley,2,13,12,80.0,1,1,0,1,0,78,2010,Round 9,2010-05-22,5061
Richmond,Chris Newman,3,8,9,69.2,1,1,0,2,0,86,2010,Round 9,2010-05-22,5061
Richmond,Matthew White,4,10,8,61.5,0,1,0,0,0,84,2010,Round 9,2010-05-22,5061
Richmond,Jake King,3,8,10,90.9,0,0,0,1,0,82,2010,Round 9,2010-05-22,5061
Richmond,Robin Nahas,3,8,6,54.5,1,0,1,0,2,77,2010,Round 9,2010-05-22,5061
Richmond,Luke Mcguane,4,6,7,70.0,0,0,0,7,0,98,2010,Round 9,2010-05-22,5061
Richmond,Alex Rance,6,4,8,80.0,0,0,0,5,0,75,2010,Round 9,2010-05-22,5061
Richmond,Kelvin Moore,3,4,8,100.0,0,0,0,5,0,89,2010,Round 9,2010-05-22,5061
Richmond,Mitchell Farmer,4,4,5,62.5,0,0,1,1,0,76,2010,Round 9,2010-05-22,5061
Richmond,Ben Nason,3,6,8,100.0,0,1,0,0,0,85,2010,Round 9,2010-05-22,5061
Richmond,David Astbury,6,0,7,100.0,0,1,0,0,0,95,2010,Round 9,2010-05-22,5061
Richmond,Tyrone Vickery,5,3,4,66.7,0,1,0,4,0,60,2010,Round 9,2010-05-22,5061
Richmond,Will Thursfield,2,4,4,80.0,0,0,0,5,0,95,2010,Round 9,2010-05-22,5061
Adelaide,Nathan Van Berlo,11,19,20,69.0,1,0,0,0,3,90,2010,Round 9,2010-05-23,5062
Adelaide,Scott Thompson,12,15,17,63.0,0,1,0,2,0,80,2010,Round 9,2010-05-23,5062
Adelaide,Ben Rutten,9,15,19,79.2,0,0,0,6,2,100,2010,Round 9,2010-05-23,5062
Adelaide,Richard Douglas,10,14,16,69.6,0,1,0,2,4,79,2010,Round 9,2010-05-23,5062
Adelaide,Brent Reilly,6,15,17,81.0,0,0,0,0,0,85,2010,Round 9,2010-05-23,5062
Adelaide,Simon Goodwin,9,9,15,75.0,0,0,1,1,0,85,2010,Round 9,2010-05-23,5062
Adelaide,Tyson Edwards,3,13,12,70.6,0,0,0,2,0,92,2010,Round 9,2010-05-23,5062
Adelaide,Andrew Mcleod,7,9,9,52.9,0,1,0,0,1,84,2010,Round 9,2010-05-23,5062
Adelaide,Scott Stevens,7,10,14,82.4,1,2,2,2,0,86,2010,Round 9,2010-05-23,5062
Adelaide,Michael Doughty,6,12,9,56.2,0,0,0,8,0,93,2010,Round 9,2010-05-23,5062
Adelaide,Chris Schmidt,4,11,14,87.5,0,0,0,4,0,75,2010,Round 9,2010-05-23,5062
Adelaide,Jason Porplyzia,7,9,9,60.0,0,0,0,2,1,88,2010,Round 9,2010-05-23,5062
Adelaide,David Mackay,6,9,11,73.3,0,0,0,2,0,75,2010,Round 9,2010-05-23,5062
Adelaide,Myke Cook,6,10,9,60.0,0,0,0,0,1,72,2010,Round 9,2010-05-23,5062
Adelaide,Nathan Bock,2,11,13,92.9,1,0,0,7,5,98,2010,Round 9,2010-05-23,5062
Adelaide,Patrick Dangerfield,9,6,9,64.3,0,1,1,0,1,84,2010,Round 9,2010-05-23,5062
Adelaide,Jared Petrenko,7,7,10,76.9,0,0,0,1,0,73,2010,Round 9,2010-05-23,5062
Adelaide,Ivan Maric,4,7,8,72.7,0,1,0,1,0,76,2010,Round 9,2010-05-23,5062
Adelaide,Taylor Walker,3,8,6,54.5,0,0,3,0,0,80,2010,Round 9,2010-05-23,5062
Adelaide,Kurt Tippett,7,2,6,66.7,1,0,1,4,0,86,2010,Round 9,2010-05-23,5062
Adelaide,Phil Davis,4,4,6,75.0,0,0,0,5,0,60,2010,Round 9,2010-05-23,5062
Adelaide,Jack Gunston,4,3,4,57.1,1,1,1,2,0,60,2010,Round 9,2010-05-23,5062
Brisbane Lions,Ashley Mcgrath,7,21,24,77.4,0,0,1,2,0,91,2010,Round 9,2010-05-23,5062
Brisbane Lions,Daniel Rich,11,16,18,69.2,0,0,0,2,0,77,2010,Round 9,2010-05-23,5062
Brisbane Lions,Michael Rischitelli,6,19,14,56.0,1,1,2,0,0,77,2010,Round 9,2010-05-23,5062
Brisbane Lions,Justin Sherman,11,14,15,60.0,1,0,0,1,1,87,2010,Round 9,2010-05-23,5062
Brisbane Lions,Simon Black,7,16,18,78.3,1,0,0,1,0,83,2010,Round 9,2010-05-23,5062
Brisbane Lions,Luke Power,5,16,15,68.2,0,2,1,1,0,89,2010,Round 9,2010-05-23,5062
Brisbane Lions,Jed Adcock,5,14,15,75.0,0,0,0,4,0,89,2010,Round 9,2010-05-23,5062
Brisbane Lions,Jack Redden,4,14,11,61.1,0,1,0,5,0,87,2010,Round 9,2010-05-23,5062
Brisbane Lions,Tom Rockliff,7,11,12,66.7,0,0,0,0,0,73,2010,Round 9,2010-05-23,5062
Brisbane Lions,Andrew Raines,6,11,13,81.2,1,0,0,1,0,67,2010,Round 9,2010-05-23,5062
Brisbane Lions,Matthew Leuenberger,11,7,14,87.5,2,1,0,4,0,67,2010,Round 9,2010-05-23,5062
Brisbane Lions,Cheynee Stiller,4,10,11,73.3,0,0,0,2,0,75,2010,Round 9,2010-05-23,5062
Brisbane Lions,Brent Staker,7,8,10,71.4,0,0,0,4,0,89,2010,Round 9,2010-05-23,5062
Brisbane Lions,Mitchell Clark,5,8,12,85.7,1,0,0,6,0,80,2010,Round 9,2010-05-23,5062
Brisbane Lions,Todd Banfield,7,7,8,57.1,0,1,0,0,2,72,2010,Round 9,2010-05-23,5062
Brisbane Lions,Matthew Maguire,3,11,9,69.2,1,0,0,6,0,87,2010,Round 9,2010-05-23,5062
Brisbane Lions,James Polkinghorne,3,10,10,76.9,0,0,0,1,0,81,2010,Round 9,2010-05-23,5062
Brisbane Lions,Jonathan Brown,7,5,7,58.3,1,0,0,2,0,97,2010,Round 9,2010-05-23,5062
Brisbane Lions,Amon Buchanan,6,6,7,58.3,1,1,1,1,0,72,2010,Round 9,2010-05-23,5062
Brisbane Lions,James Hawksley,3,6,6,60.0,0,0,0,4,0,73,2010,Round 9,2010-05-23,5062
Brisbane Lions,Brendan Fevola,2,5,7,77.8,0,0,2,2,0,96,2010,Round 9,2010-05-23,5062
Brisbane Lions,Joel Patfull,3,1,2,50.0,0,0,0,4,0,91,2010,Round 9,2010-05-23,5062
Carlton,Chris Judd,10,20,19,63.3,0,0,0,2,2,83,2010,Round 9,2010-05-23,5063
Carlton,Heath Scotland,8,24,22,73.3,2,0,1,3,0,91,2010,Round 9,2010-05-23,5063
Carlton,Kade Simpson,11,16,19,70.4,1,1,1,1,0,88,2010,Round 9,2010-05-23,5063
Carlton,Jordan Russell,8,12,16,69.6,0,0,0,1,0,96,2010,Round 9,2010-05-23,5063
Carlton,Marc Murphy,11,11,15,65.2,0,1,0,4,3,87,2010,Round 9,2010-05-23,5063
Carlton,Bryce Gibbs,5,18,19,82.6,0,0,0,1,2,95,2010,Round 9,2010-05-23,5063
Carlton,Bret Thornton,3,18,17,81.0,0,1,0,4,3,99,2010,Round 9,2010-05-23,5063
Carlton,Mitch Robinson,9,13,16,76.2,0,0,1,0,0,76,2010,Round 9,2010-05-23,5063
Carlton,Andrew Carrazzo,4,16,13,65.0,0,0,0,1,0,85,2010,Round 9,2010-05-23,5063
Carlton,Aaron Joseph,6,11,16,94.1,0,0,0,1,0,86,2010,Round 9,2010-05-23,5063
Carlton,Lachlan Henderson,7,9,9,60.0,2,0,3,3,0,98,2010,Round 9,2010-05-23,5063
Carlton,Sam Jacobs,5,7,13,92.9,4,0,0,3,0,70,2010,Round 9,2010-05-23,5063
Carlton,Edward Betts,5,8,8,61.5,0,0,1,0,0,87,2010,Round 9,2010-05-23,5063
Carlton,Michael Jamison,4,9,13,100.0,1,0,0,10,0,96,2010,Round 9,2010-05-23,5063
Carlton,Dennis Armfield,5,8,10,76.9,0,0,0,2,0,89,2010,Round 9,2010-05-23,5063
Carlton,Joe Anderson,6,7,11,91.7,0,0,0,3,0,93,2010,Round 9,2010-05-23,5063
Carlton,Matthew Kreuzer,7,5,10,83.3,3,0,0,3,0,82,2010,Round 9,2010-05-23,5063
Carlton,Jeff Gartlett,5,6,4,40.0,0,1,0,1,1,91,2010,Round 9,2010-05-23,5063
Carlton,Simon White,1,8,5,55.6,0,0,0,1,1,22,2010,Round 9,2010-05-23,5063
Carlton,Christopher Johnson,0,5,3,60.0,0,0,0,2,0,21,2010,Round 9,2010-05-23,5063
Carlton,Christopher Yarran,1,4,4,80.0,0,0,0,0,0,63,2010,Round 9,2010-05-23,5063
Carlton,Setanta O Hailpin,4,0,3,100.0,2,0,2,2,0,98,2010,Round 9,2010-05-23,5063
Hawthorn,Luke Hodge,8,20,23,79.3,0,1,0,5,0,85,2010,Round 9,2010-05-23,5063
Hawthorn,Jordan Lewis,5,20,15,62.5,1,0,0,1,0,75,2010,Round 9,2010-05-23,5063
Hawthorn,Shaun Burgoyne,8,15,20,87.0,0,0,0,3,0,74,2010,Round 9,2010-05-23,5063
Hawthorn,Sam Mitchell,11,12,13,56.5,0,0,0,1,1,84,2010,Round 9,2010-05-23,5063
Hawthorn,Campbell Brown,8,12,18,90.0,2,1,0,2,0,94,2010,Round 9,2010-05-23,5063
Hawthorn,Lance Franklin,11,6,13,72.2,2,0,4,1,3,91,2010,Round 9,2010-05-23,5063
Hawthorn,Grant Birchall,5,13,16,88.9,1,2,0,3,1,80,2010,Round 9,2010-05-23,5063
Hawthorn,Michael Osborne,6,11,12,70.6,0,2,0,2,0,76,2010,Round 9,2010-05-23,5063
Hawthorn,Xavier Ellis,4,13,13,76.5,0,0,0,0,0,73,2010,Round 9,2010-05-23,5063
Hawthorn,Brendan Whitecross,4,13,13,76.5,0,0,0,3,0,75,2010,Round 9,2010-05-23,5063
Hawthorn,Brent Guerra,3,13,12,80.0,0,0,0,4,0,83,2010,Round 9,2010-05-23,5063
Hawthorn,Jarryd Roughead,9,7,11,73.3,3,1,3,1,1,89,2010,Round 9,2010-05-23,5063
Hawthorn,Stephen Gilham,4,10,12,85.7,0,0,0,7,0,100,2010,Round 9,2010-05-23,5063
Hawthorn,Brad Sewell,5,8,11,84.6,0,1,0,0,0,87,2010,Round 9,2010-05-23,5063
Hawthorn,Thomas Murphy,3,10,11,84.6,0,0,0,2,0,90,2010,Round 9,2010-05-23,5063
Hawthorn,Clinton Young,5,8,8,61.5,0,1,0,1,0,81,2010,Round 9,2010-05-23,5063
Hawthorn,Carl Peterson,4,6,6,60.0,1,0,1,1,0,73,2010,Round 9,2010-05-23,5063
Hawthorn,Rhan Hooper,3,6,6,66.7,0,1,1,1,0,71,2010,Round 9,2010-05-23,5063
Hawthorn,Cyril Rioli,3,6,8,88.9,0,0,0,0,0,80,2010,Round 9,2010-05-23,5063
Hawthorn,Wayde Skipper,5,2,4,57.1,1,0,1,2,0,74,2010,Round 9,2010-05-23,5063
Hawthorn,Benjamin Stratton,3,4,7,100.0,2,0,0,7,0,95,2010,Round 9,2010-05-23,5063
Hawthorn,Brent Renouf,1,4,3,60.0,0,0,0,3,0,70,2010,Round 9,2010-05-23,5063
West Coast,Matthew Priddis,16,18,24,70.6,0,1,0,3,0,92,2010,Round 9,2010-05-23,5064
West Coast,Adam Selwood,10,22,24,75.0,0,0,2,2,0,83,2010,Round 9,2010-05-23,5064
West Coast,Andrew Embley,8,18,13,52.0,0,1,0,1,0,77,2010,Round 9,2010-05-23,5064
West Coast,Matthew Rosa,8,16,19,79.2,0,0,0,1,0,84,2010,Round 9,2010-05-23,5064
West Coast,Dean Cox,10,10,16,76.2,1,1,1,1,0,72,2010,Round 9,2010-05-23,5064
West Coast,Sam Butler,5,15,15,71.4,0,1,0,2,0,84,2010,Round 9,2010-05-23,5064
West Coast,Beau Wilkes,5,14,13,65.0,0,0,0,7,0,80,2010,Round 9,2010-05-23,5064
West Coast,Bradley Ebert,7,12,14,73.7,0,0,0,0,0,79,2010,Round 9,2010-05-23,5064
West Coast,Benjamin Mckinley,4,13,14,77.8,0,0,3,1,0,95,2010,Round 9,2010-05-23,5064
West Coast,Eric Mackenzie,5,10,14,87.5,0,0,0,11,0,89,2010,Round 9,2010-05-23,5064
West Coast,Tom Swift,5,11,8,50.0,0,0,0,0,0,65,2010,Round 9,2010-05-23,5064
West Coast,Bradley Sheppard,6,10,8,50.0,0,0,1,1,0,65,2010,Round 9,2010-05-23,5064
West Coast,Mark Lecras,6,8,8,57.1,0,1,0,2,0,89,2010,Round 9,2010-05-23,5064
West Coast,Shannon Hurn,2,12,10,71.4,1,0,0,4,0,84,2010,Round 9,2010-05-23,5064
West Coast,Quinten Lynch,2,11,9,69.2,1,1,2,2,0,93,2010,Round 9,2010-05-23,5064
West Coast,Will Schofield,0,11,10,83.3,0,0,0,5,0,84,2010,Round 9,2010-05-23,5064
West Coast,Scott Selwood,3,8,7,63.6,0,0,0,2,0,86,2010,Round 9,2010-05-23,5064
West Coast,Beau Waters,3,7,6,66.7,0,0,1,2,0,81,2010,Round 9,2010-05-23,5064
West Coast,Joshua Kennedy,5,5,6,66.7,0,1,1,1,0,88,2010,Round 9,2010-05-23,5064
West Coast,Patrick Mcginnity,3,7,4,44.4,0,0,0,5,0,83,2010,Round 9,2010-05-23,5064
West Coast,Nicholas Naitanui,6,3,6,66.7,0,0,0,2,0,72,2010,Round 9,2010-05-23,5064
West Coast,Ashton Hams,1,8,7,87.5,0,0,1,0,0,74,2010,Round 9,2010-05-23,5064
St Kilda,Lenny Hayes,10,25,26,74.3,0,2,0,0,2,77,2010,Round 9,2010-05-23,5064
St Kilda,Brendon Goddard,13,18,22,73.3,1,0,1,1,0,90,2010,Round 9,2010-05-23,5064
St Kilda,Nick Dal Santo,14,12,18,66.7,0,0,0,3,0,87,2010,Round 9,2010-05-23,5064
St Kilda,Sam Fisher,7,17,21,91.3,1,1,0,3,0,96,2010,Round 9,2010-05-23,5064
St Kilda,Farren Ray,10,14,16,69.6,2,0,1,2,0,91,2010,Round 9,2010-05-23,5064
St Kilda,Raphael Clarke,6,15,19,90.5,1,0,0,4,3,93,2010,Round 9,2010-05-23,5064
St Kilda,Sam Gilbert,6,14,15,71.4,0,0,0,2,3,96,2010,Round 9,2010-05-23,5064
St Kilda,Leigh Montagna,7,13,14,70.0,2,0,1,0,0,85,2010,Round 9,2010-05-23,5064
St Kilda,Brett Peake,4,16,13,65.0,0,1,0,1,2,87,2010,Round 9,2010-05-23,5064
St Kilda,Adam Schneider,12,6,14,73.7,1,2,0,2,0,87,2010,Round 9,2010-05-23,5064
St Kilda,Stephen Milne,5,11,11,61.1,0,0,2,0,3,91,2010,Round 9,2010-05-23,5064
St Kilda,James Gwilt,3,10,11,73.3,1,0,0,1,0,84,2010,Round 9,2010-05-23,5064
St Kilda,Clinton Jones,3,12,10,66.7,0,0,0,3,0,94,2010,Round 9,2010-05-23,5064
St Kilda,Steven Baker,6,8,9,64.3,0,0,0,1,0,84,2010,Round 9,2010-05-23,5064
St Kilda,Jason Blake,4,10,12,92.3,0,0,0,7,1,91,2010,Round 9,2010-05-23,5064
St Kilda,Ben Mcevoy,7,5,9,81.8,4,0,2,3,0,64,2010,Round 9,2010-05-23,5064
St Kilda,Justin Koschitzke,4,6,7,70.0,0,0,1,2,0,85,2010,Round 9,2010-05-23,5064
St Kilda,Michael S  Gardiner,5,4,9,100.0,0,0,0,2,0,65,2010,Round 9,2010-05-23,5064
St Kilda,Rhys Stanley,4,6,3,33.3,0,2,1,3,0,67,2010,Round 9,2010-05-23,5064
St Kilda,Andrew Mcqualter,3,4,7,100.0,0,2,0,0,0,75,2010,Round 9,2010-05-23,5064
St Kilda,Nicholas Heyne,2,4,2,33.3,1,0,1,0,0,52,2010,Round 9,2010-05-23,5064
St Kilda,Zac Dawson,0,1,1,100.0,0,0,0,2,0,60,2010,Round 9,2010-05-23,5064
Essendon,Brent Stanton,16,17,22,68.8,2,2,1,0,3,79,2010,Round 10,2010-05-28,5041
Essendon,Jason Winderlich,9,18,17,63.0,0,1,0,0,2,70,2010,Round 10,2010-05-28,5041
Essendon,Jobe Watson,13,12,13,52.0,1,0,0,5,3,78,2010,Round 10,2010-05-28,5041
Essendon,Leroy Jetta,4,21,17,68.0,0,1,3,2,1,75,2010,Round 10,2010-05-28,5041
Essendon,Brent Prismall,4,18,15,68.2,0,1,0,1,1,77,2010,Round 10,2010-05-28,5041
Essendon,David Myers,10,10,16,76.2,0,2,0,2,3,65,2010,Round 10,2010-05-28,5041
Essendon,Heath Hocking,7,13,19,95.0,0,0,0,4,0,88,2010,Round 10,2010-05-28,5041
Essendon,Tayte Pears,5,15,15,78.9,0,0,0,3,0,92,2010,Round 10,2010-05-28,5041
Essendon,Courtenay Dempsey,8,10,16,88.9,1,0,0,5,0,81,2010,Round 10,2010-05-28,5041
Essendon,Michael Hurley,6,11,13,76.5,0,1,0,2,0,87,2010,Round 10,2010-05-28,5041
Essendon,Angus Monfries,5,11,12,75.0,0,0,0,0,2,88,2010,Round 10,2010-05-28,5041
Essendon,Dustin Fletcher,6,8,12,80.0,1,0,0,9,0,93,2010,Round 10,2010-05-28,5041
Essendon,Mark Mcveigh,3,12,13,86.7,0,2,0,2,0,91,2010,Round 10,2010-05-28,5041
Essendon,David Hille,5,9,9,64.3,2,1,0,1,0,78,2010,Round 10,2010-05-28,5041
Essendon,Patrick Ryder,7,7,9,64.3,2,0,2,3,0,95,2010,Round 10,2010-05-28,5041
Essendon,David Zaharakis,2,11,10,76.9,2,0,1,3,1,90,2010,Round 10,2010-05-28,5041
Essendon,Nathan Lovett Murray,3,10,7,58.3,0,0,0,1,1,78,2010,Round 10,2010-05-28,5041
Essendon,Samuel Lonergan,6,6,10,83.3,1,0,2,0,0,91,2010,Round 10,2010-05-28,5041
Essendon,Jarrod Atkinson,3,9,12,100.0,0,0,0,2,3,79,2010,Round 10,2010-05-28,5041
Essendon,Ben Howlett,3,9,11,91.7,1,0,0,2,0,58,2010,Round 10,2010-05-28,5041
Essendon,Alwyn Davey,5,7,7,63.6,0,0,1,2,0,82,2010,Round 10,2010-05-28,5041
Essendon,Scott Gumbleton,3,5,5,62.5,2,0,4,2,0,86,2010,Round 10,2010-05-28,5041
Western Bulldogs,Ryan Griffen,10,18,20,74.1,1,1,0,0,4,79,2010,Round 10,2010-05-28,5041
Western Bulldogs,Adam Cooney,11,15,13,50.0,0,1,0,3,3,87,2010,Round 10,2010-05-28,5041
Western Bulldogs,Matthew Boyd,9,15,16,64.0,0,0,0,2,0,88,2010,Round 10,2010-05-28,5041
Western Bulldogs,Brian Harris,12,8,18,78.3,3,0,1,1,2,100,2010,Round 10,2010-05-28,5041
Western Bulldogs,Ben Hudson,18,5,13,56.5,4,0,1,0,0,69,2010,Round 10,2010-05-28,5041
Western Bulldogs,Shaun Higgins,7,16,11,47.8,1,0,0,2,0,74,2010,Round 10,2010-05-28,5041
Western Bulldogs,Daniel Cross,9,11,14,73.7,0,0,0,4,0,84,2010,Round 10,2010-05-28,5041
Western Bulldogs,Jarrod Harbrow,2,16,9,50.0,0,0,0,1,2,82,2010,Round 10,2010-05-28,5041
Western Bulldogs,Liam Picken,9,9,12,66.7,0,0,0,3,0,80,2010,Round 10,2010-05-28,5041
Western Bulldogs,Mitchell Hahn,4,11,10,62.5,0,2,1,1,1,90,2010,Round 10,2010-05-28,5041
Western Bulldogs,Ryan Hargrave,7,11,14,87.5,0,0,0,2,0,87,2010,Round 10,2010-05-28,5041
Western Bulldogs,Lindsay Gilbee,6,7,11,73.3,1,1,1,2,0,77,2010,Round 10,2010-05-28,5041
Western Bulldogs,Barry Hall,8,7,12,85.7,3,0,4,0,0,93,2010,Round 10,2010-05-28,5041
Western Bulldogs,Daniel Giansiracusa,7,7,11,78.6,0,1,1,0,1,81,2010,Round 10,2010-05-28,5041
Western Bulldogs,Jarrad Grant,5,8,11,78.6,1,0,1,2,0,83,2010,Round 10,2010-05-28,5041
Western Bulldogs,Jason Akermanis,4,6,9,81.8,1,2,0,3,0,72,2010,Round 10,2010-05-28,5041
Western Bulldogs,Will Minson,2,7,5,50.0,1,1,1,2,0,76,2010,Round 10,2010-05-28,5041
Western Bulldogs,Tom Williams,4,5,8,88.9,1,0,0,6,0,85,2010,Round 10,2010-05-28,5041
Western Bulldogs,Josh Hill,4,4,5,62.5,1,0,3,2,0,83,2010,Round 10,2010-05-28,5041
Western Bulldogs,Dale Morris,0,7,6,85.7,0,0,0,7,0,95,2010,Round 10,2010-05-28,5041
Western Bulldogs,Brennan Stack,3,6,5,71.4,0,0,0,0,2,70,2010,Round 10,2010-05-28,5041
Western Bulldogs,Dylan Addison,0,4,1,25.0,0,0,1,0,0,65,2010,Round 10,2010-05-28,5041
Geelong,Joel Selwood,12,23,31,88.6,1,1,1,3,0,89,2010,Round 10,2010-05-29,5042
Geelong,Gary Jnr Ablett,9,23,23,71.9,0,0,4,0,4,90,2010,Round 10,2010-05-29,5042
Geelong,Darren Milburn,10,18,23,79.3,1,0,0,4,0,85,2010,Round 10,2010-05-29,5042
Geelong,Paul Chapman,7,22,24,85.7,2,1,1,1,0,85,2010,Round 10,2010-05-29,5042
Geelong,Cameron Ling,8,21,21,75.0,0,1,1,2,0,84,2010,Round 10,2010-05-29,5042
Geelong,Corey Enright,7,18,19,76.0,0,0,1,4,0,86,2010,Round 10,2010-05-29,5042
Geelong,James Bartel,8,15,17,73.9,0,0,0,2,0,85,2010,Round 10,2010-05-29,5042
Geelong,Harry Taylor,5,17,17,77.3,1,0,0,6,1,84,2010,Round 10,2010-05-29,5042
Geelong,Mathew Stokes,5,13,13,68.4,0,0,2,2,0,73,2010,Round 10,2010-05-29,5042
Geelong,James Kelly,8,11,15,83.3,0,0,0,1,0,79,2010,Round 10,2010-05-29,5042
Geelong,David Wojcinski,2,16,15,83.3,0,1,0,0,1,79,2010,Round 10,2010-05-29,5042
Geelong,Joshua Hunt,6,12,14,77.8,1,0,0,7,0,86,2010,Round 10,2010-05-29,5042
Geelong,Andrew Mackie,2,15,14,82.4,0,2,0,1,0,91,2010,Round 10,2010-05-29,5042
Geelong,Steve Johnson,4,12,13,81.2,0,2,2,0,0,89,2010,Round 10,2010-05-29,5042
Geelong,Shannon Byrnes,8,8,9,56.2,0,3,0,0,0,82,2010,Round 10,2010-05-29,5042
Geelong,Tom Lonergan,4,11,15,100.0,0,1,0,2,1,89,2010,Round 10,2010-05-29,5042
Geelong,James Podsiadly,11,4,12,80.0,6,0,4,1,0,91,2010,Round 10,2010-05-29,5042
Geelong,Travis Varcoe,7,7,11,78.6,0,1,0,1,0,83,2010,Round 10,2010-05-29,5042
Geelong,Tom Hawkins,6,7,12,92.3,4,0,4,0,0,59,2010,Round 10,2010-05-29,5042
Geelong,Simon Hogan,2,12,8,66.7,0,0,0,1,0,56,2010,Round 10,2010-05-29,5042
Geelong,Cameron Mooney,6,5,8,72.7,2,2,3,0,0,83,2010,Round 10,2010-05-29,5042
Geelong,Mark Blake,3,7,8,80.0,0,0,0,1,0,72,2010,Round 10,2010-05-29,5042
Melbourne,Jordan Gysberts,10,15,18,69.2,0,0,0,2,0,70,2010,Round 10,2010-05-29,5042
Melbourne,Brent Moloney,7,19,17,68.0,0,0,0,3,0,79,2010,Round 10,2010-05-29,5042
Melbourne,Aaron Davey,1,21,17,70.8,0,0,0,0,0,77,2010,Round 10,2010-05-29,5042
Melbourne,James Mcdonald,9,12,18,81.8,0,2,0,2,0,76,2010,Round 10,2010-05-29,5042
Melbourne,Brad Green,4,16,13,61.9,3,0,6,0,0,92,2010,Round 10,2010-05-29,5042
Melbourne,Colin Sylvia,10,10,15,75.0,1,1,0,4,3,80,2010,Round 10,2010-05-29,5042
Melbourne,James Frawley,7,11,16,80.0,1,0,0,5,1,96,2010,Round 10,2010-05-29,5042
Melbourne,Joel Macdonald,5,12,10,58.8,0,0,0,1,0,78,2010,Round 10,2010-05-29,5042
Melbourne,Cale Morton,6,12,13,76.5,1,0,1,2,0,80,2010,Round 10,2010-05-29,5042
Melbourne,Jack Grimes,6,9,14,87.5,0,0,0,3,0,91,2010,Round 10,2010-05-29,5042
Melbourne,Nathan Jones,6,7,12,85.7,0,1,0,0,1,78,2010,Round 10,2010-05-29,5042
Melbourne,Cameron Bruce,4,10,10,76.9,0,0,0,3,1,88,2010,Round 10,2010-05-29,5042
Melbourne,Jared Rivers,2,11,10,76.9,0,0,0,6,0,87,2010,Round 10,2010-05-29,5042
Melbourne,Neville Jetta,5,8,7,58.3,0,0,0,0,0,79,2010,Round 10,2010-05-29,5042
Melbourne,Clint Bartram,3,8,8,72.7,0,0,0,4,2,88,2010,Round 10,2010-05-29,5042
Melbourne,Brad Miller,3,7,6,60.0,2,0,5,2,0,88,2010,Round 10,2010-05-29,5042
Melbourne,Colin Garland,0,10,7,70.0,0,0,0,1,0,68,2010,Round 10,2010-05-29,5042
Melbourne,Mark Jamar,6,4,8,88.9,0,1,0,1,0,84,2010,Round 10,2010-05-29,5042
Melbourne,Austin Wonaeamirri,3,6,6,75.0,0,0,1,1,0,73,2010,Round 10,2010-05-29,5042
Melbourne,Jack Watts,5,3,6,75.0,0,0,0,4,0,85,2010,Round 10,2010-05-29,5042
Melbourne,Matthew Warnock,5,2,5,71.4,0,0,0,4,0,89,2010,Round 10,2010-05-29,5042
Melbourne,Jamie Bennell,4,2,5,100.0,0,0,0,0,0,76,2010,Round 10,2010-05-29,5042
Port Adelaide,Kane Cornes,12,13,13,50.0,0,0,0,0,0,93,2010,Round 10,2010-05-29,5043
Port Adelaide,Matt Thomas,13,11,13,54.2,1,0,0,1,0,80,2010,Round 10,2010-05-29,5043
Port Adelaide,Josh Carr,14,4,12,52.2,0,1,1,3,0,76,2010,Round 10,2010-05-29,5043
Port Adelaide,Travis Boak,11,10,8,38.1,0,1,0,1,0,81,2010,Round 10,2010-05-29,5043
Port Adelaide,Domenic Cassisi,14,7,10,52.6,0,0,0,7,0,87,2010,Round 10,2010-05-29,5043
Port Adelaide,Troy Chaplin,12,3,12,63.2,1,0,0,7,0,100,2010,Round 10,2010-05-29,5043
Port Adelaide,Matthew Broadbent,9,8,8,44.4,0,0,0,2,0,80,2010,Round 10,2010-05-29,5043
Port Adelaide,Tom Logan,9,6,7,43.8,1,0,0,6,0,89,2010,Round 10,2010-05-29,5043
Port Adelaide,Justin Westhoff,9,7,8,50.0,1,0,0,1,0,77,2010,Round 10,2010-05-29,5043
Port Adelaide,Steven Salopek,10,5,8,57.1,0,0,1,0,0,77,2010,Round 10,2010-05-29,5043
Port Adelaide,Chad Cornes,8,4,8,61.5,2,0,0,4,0,90,2010,Round 10,2010-05-29,5043
Port Adelaide,Jacob Surjan,5,5,8,61.5,0,0,0,6,0,90,2010,Round 10,2010-05-29,5043
Port Adelaide,Danyle Pearce,5,6,8,66.7,0,0,0,3,0,83,2010,Round 10,2010-05-29,5043
Port Adelaide,Paul Stewart,4,6,7,58.3,0,0,0,6,0,86,2010,Round 10,2010-05-29,5043
Port Adelaide,Jay Nash,5,3,6,60.0,0,1,0,3,0,88,2010,Round 10,2010-05-29,5043
Port Adelaide,Jackson Trengove,8,0,2,22.2,1,0,0,3,0,77,2010,Round 10,2010-05-29,5043
Port Adelaide,David Rodan,7,2,2,25.0,0,0,0,1,0,78,2010,Round 10,2010-05-29,5043
Port Adelaide,Alipate Carlile,3,3,5,62.5,1,0,0,7,0,98,2010,Round 10,2010-05-29,5043
Port Adelaide,Nick Salter,4,0,5,62.5,0,0,0,0,0,85,2010,Round 10,2010-05-29,5043
Port Adelaide,Brett Ebert,2,2,2,50.0,1,0,3,1,0,74,2010,Round 10,2010-05-29,5043
Port Adelaide,Daniel Stewart,0,0,0,0.0,0,0,0,0,0,0,2010,Round 10,2010-05-29,5043
Port Adelaide,Cameron Hitchcock,0,2,1,50.0,0,0,1,0,0,31,2010,Round 10,2010-05-29,5043
Richmond,Shane Tuck,17,11,18,58.1,0,1,0,3,0,89,2010,Round 10,2010-05-29,5043
Richmond,Brett Deledio,9,13,21,72.4,0,1,0,0,0,93,2010,Round 10,2010-05-29,5043
Richmond,Trent Cotchin,14,7,16,64.0,1,0,2,2,0,82,2010,Round 10,2010-05-29,5043
Richmond,Chris Newman,11,10,11,47.8,1,0,0,4,0,95,2010,Round 10,2010-05-29,5043
Richmond,Dustin Martin,17,3,9,42.9,0,1,0,3,0,79,2010,Round 10,2010-05-29,5043
Richmond,Ben Cousins,5,13,17,85.0,0,1,0,5,2,78,2010,Round 10,2010-05-29,5043
Richmond,Mitchell Farmer,9,6,12,66.7,1,0,0,2,0,87,2010,Round 10,2010-05-29,5043
Richmond,Kelvin Moore,6,5,9,64.3,0,0,0,9,0,96,2010,Round 10,2010-05-29,5043
Richmond,Andrew Collins 1,4,6,10,71.4,0,0,0,3,0,69,2010,Round 10,2010-05-29,5043
Richmond,Matthew White,6,5,11,84.6,0,0,0,3,0,91,2010,Round 10,2010-05-29,5043
Richmond,Richard Tambling,6,6,6,50.0,0,0,0,1,0,88,2010,Round 10,2010-05-29,5043
Richmond,Jack Riewoldt,4,5,8,72.7,1,0,2,4,0,98,2010,Round 10,2010-05-29,5043
Richmond,Jake King,11,1,6,54.5,0,1,0,3,0,92,2010,Round 10,2010-05-29,5043
Richmond,Robin Nahas,6,4,6,54.5,0,1,3,2,0,93,2010,Round 10,2010-05-29,5043
Richmond,Ben Nason,5,5,8,72.7,0,0,1,2,1,82,2010,Round 10,2010-05-29,5043
Richmond,Shane Edwards,8,1,5,50.0,1,0,1,5,0,83,2010,Round 10,2010-05-29,5043
Richmond,David Astbury,9,2,6,60.0,1,0,0,2,0,88,2010,Round 10,2010-05-29,5043
Richmond,Jeromey Webberley,6,3,4,40.0,0,0,0,2,0,70,2010,Round 10,2010-05-29,5043
Richmond,Graham Polak,5,1,5,71.4,0,0,1,4,0,47,2010,Round 10,2010-05-29,5043
Richmond,Angus Graham,2,5,4,57.1,0,0,0,8,0,67,2010,Round 10,2010-05-29,5043
Richmond,Luke Mcguane,2,2,5,83.3,0,0,0,2,0,94,2010,Round 10,2010-05-29,5043
Richmond,Benjamin Griffiths,3,2,3,60.0,1,0,0,1,0,39,2010,Round 10,2010-05-29,5043
Brisbane Lions,Luke Power,9,25,22,62.9,0,0,1,3,0,90,2010,Round 10,2010-05-29,5044
Brisbane Lions,Tom Rockliff,12,18,23,76.7,1,2,0,1,1,79,2010,Round 10,2010-05-29,5044
Brisbane Lions,Travis Johnstone,9,20,24,82.8,0,1,0,1,2,91,2010,Round 10,2010-05-29,5044
Brisbane Lions,Brent Staker,10,20,25,86.2,4,0,0,8,0,100,2010,Round 10,2010-05-29,5044
Brisbane Lions,Daniel Rich,9,19,20,71.4,0,0,1,0,0,83,2010,Round 10,2010-05-29,5044
Brisbane Lions,Simon Black,5,22,18,66.7,0,1,1,4,0,78,2010,Round 10,2010-05-29,5044
Brisbane Lions,Michael Rischitelli,5,22,18,66.7,0,1,0,2,0,84,2010,Round 10,2010-05-29,5044
Brisbane Lions,Ashley Mcgrath,2,19,23,88.5,1,0,0,8,4,96,2010,Round 10,2010-05-29,5044
Brisbane Lions,Matthew Maguire,4,15,15,75.0,0,0,0,10,0,99,2010,Round 10,2010-05-29,5044
Brisbane Lions,Amon Buchanan,6,14,12,60.0,0,2,0,2,0,64,2010,Round 10,2010-05-29,5044
Brisbane Lions,Matthew Leuenberger,7,11,13,72.2,1,1,0,2,0,62,2010,Round 10,2010-05-29,5044
Brisbane Lions,Justin Sherman,3,14,13,76.5,0,0,0,1,1,87,2010,Round 10,2010-05-29,5044
Brisbane Lions,Jack Redden,8,10,12,75.0,0,2,0,0,0,72,2010,Round 10,2010-05-29,5044
Brisbane Lions,Jonathan Brown,7,8,6,40.0,5,0,6,3,0,100,2010,Round 10,2010-05-29,5044
Brisbane Lions,Mitchell Clark,6,9,13,86.7,1,0,0,1,0,69,2010,Round 10,2010-05-29,5044
Brisbane Lions,Tom Collier,6,9,9,60.0,0,0,2,2,0,80,2010,Round 10,2010-05-29,5044
Brisbane Lions,Joel Patfull,2,9,13,100.0,0,0,0,8,1,92,2010,Round 10,2010-05-29,5044
Brisbane Lions,James Hawksley,3,10,11,84.6,0,0,0,2,0,61,2010,Round 10,2010-05-29,5044
Brisbane Lions,Brendan Fevola,4,7,7,63.6,1,0,2,1,0,98,2010,Round 10,2010-05-29,5044
Brisbane Lions,Todd Banfield,6,4,6,60.0,1,0,1,0,1,84,2010,Round 10,2010-05-29,5044
Brisbane Lions,James Polkinghorne,5,4,6,66.7,0,0,0,0,0,43,2010,Round 10,2010-05-29,5044
Brisbane Lions,Sam Sheldon,1,5,4,66.7,0,0,1,1,0,85,2010,Round 10,2010-05-29,5044
Collingwood,Dale Thomas,9,24,26,76.5,1,0,1,2,0,80,2010,Round 10,2010-05-29,5044
Collingwood,Scott Pendlebury,13,21,26,78.8,0,0,0,1,0,80,2010,Round 10,2010-05-29,5044
Collingwood,Dane Swan,9,19,22,75.9,0,0,0,3,0,80,2010,Round 10,2010-05-29,5044
Collingwood,Luke Ball,9,18,17,63.0,0,0,0,1,0,69,2010,Round 10,2010-05-29,5044
Collingwood,Alan Didak,7,17,20,80.0,0,2,0,1,0,71,2010,Round 10,2010-05-29,5044
Collingwood,Heritier O Brien,8,12,16,80.0,1,0,0,6,2,100,2010,Round 10,2010-05-29,5044
Collingwood,Darren Jolly,5,12,16,84.2,1,1,1,1,0,77,2010,Round 10,2010-05-29,5044
Collingwood,Steele Sidebottom,7,13,15,78.9,1,1,1,0,0,83,2010,Round 10,2010-05-29,5044
Collingwood,Sharrod Wellingham,6,12,14,77.8,0,0,0,0,0,63,2010,Round 10,2010-05-29,5044
Collingwood,Brent Macaffer,5,12,15,88.2,2,0,0,0,0,69,2010,Round 10,2010-05-29,5044
Collingwood,Ben Johnson,3,14,6,37.5,0,1,0,1,3,77,2010,Round 10,2010-05-29,5044
Collingwood,Travis Cloke,10,5,9,56.2,2,0,1,1,0,90,2010,Round 10,2010-05-29,5044
Collingwood,Heath Shaw,1,11,12,85.7,0,0,0,4,3,100,2010,Round 10,2010-05-29,5044
Collingwood,Nick Maxwell,6,7,14,100.0,1,0,0,11,1,100,2010,Round 10,2010-05-29,5044
Collingwood,Shane O Bree,8,5,8,61.5,0,0,0,1,0,76,2010,Round 10,2010-05-29,5044
Collingwood,Cameron Wood,5,7,8,72.7,1,0,0,5,0,42,2010,Round 10,2010-05-29,5044
Collingwood,Alan Toovey,5,7,8,72.7,1,0,0,7,0,100,2010,Round 10,2010-05-29,5044
Collingwood,Chris Dawes,5,6,8,72.7,0,0,2,3,0,87,2010,Round 10,2010-05-29,5044
Collingwood,Dayne Beams,3,8,7,63.6,0,1,0,0,0,83,2010,Round 10,2010-05-29,5044
Collingwood,John Anthony,6,3,5,55.6,1,0,1,2,0,84,2010,Round 10,2010-05-29,5044
Collingwood,Ben Reid,3,4,5,55.6,0,0,0,4,0,88,2010,Round 10,2010-05-29,5044
Collingwood,Simon Prestigiacomo,6,2,7,87.5,1,0,0,6,0,100,2010,Round 10,2010-05-29,5044
St Kilda,Leigh Montagna,7,31,27,71.1,1,1,2,3,1,81,2010,Round 10,2010-05-29,5045
St Kilda,Nick Dal Santo,9,21,26,83.9,0,2,0,1,1,83,2010,Round 10,2010-05-29,5045
St Kilda,Sam Fisher,7,23,24,80.0,0,0,0,3,0,100,2010,Round 10,2010-05-29,5045
St Kilda,Brendon Goddard,8,21,27,93.1,2,2,2,0,1,88,2010,Round 10,2010-05-29,5045
St Kilda,Sam Gilbert,8,21,22,75.9,1,0,0,6,1,100,2010,Round 10,2010-05-29,5045
St Kilda,Clinton Jones,7,21,25,89.3,0,2,0,2,0,80,2010,Round 10,2010-05-29,5045
St Kilda,Steven Baker,7,20,23,85.2,0,0,0,1,0,92,2010,Round 10,2010-05-29,5045
St Kilda,Lenny Hayes,13,15,20,74.1,0,0,0,3,2,80,2010,Round 10,2010-05-29,5045
St Kilda,Farren Ray,6,18,19,82.6,0,0,1,2,0,86,2010,Round 10,2010-05-29,5045
St Kilda,Andrew Mcqualter,6,17,16,69.6,0,1,1,0,0,67,2010,Round 10,2010-05-29,5045
St Kilda,Brett Peake,5,17,19,90.5,0,1,0,1,2,63,2010,Round 10,2010-05-29,5045
St Kilda,Raphael Clarke,3,15,13,72.2,1,0,0,9,1,92,2010,Round 10,2010-05-29,5045
St Kilda,Adam Schneider,5,12,13,76.5,0,4,3,0,1,81,2010,Round 10,2010-05-29,5045
St Kilda,Stephen Milne,7,9,11,68.8,0,3,1,0,0,85,2010,Round 10,2010-05-29,5045
St Kilda,Ben Mcevoy,7,8,11,73.3,1,0,0,1,0,67,2010,Round 10,2010-05-29,5045
St Kilda,Jason Blake,3,10,13,100.0,1,0,0,3,0,98,2010,Round 10,2010-05-29,5045
St Kilda,James Gwilt,6,7,12,92.3,1,0,0,0,0,78,2010,Round 10,2010-05-29,5045
St Kilda,Michael S  Gardiner,4,8,12,100.0,0,0,0,0,0,66,2010,Round 10,2010-05-29,5045
St Kilda,Zac Dawson,2,9,10,90.9,0,0,0,3,0,84,2010,Round 10,2010-05-29,5045
St Kilda,Justin Koschitzke,4,5,5,55.6,0,0,0,0,0,87,2010,Round 10,2010-05-29,5045
St Kilda,Rhys Stanley,7,2,5,62.5,1,1,0,6,1,66,2010,Round 10,2010-05-29,5045
St Kilda,Robert Eddy,4,2,3,50.0,1,0,0,1,0,76,2010,Round 10,2010-05-29,5045
Adelaide,Richard Douglas,13,19,17,54.8,0,0,0,0,2,86,2010,Round 10,2010-05-29,5045
Adelaide,Nathan Bock,3,22,22,88.0,0,0,0,5,1,76,2010,Round 10,2010-05-29,5045
Adelaide,David Mackay,6,18,17,70.8,0,1,0,0,2,82,2010,Round 10,2010-05-29,5045
Adelaide,Simon Goodwin,7,15,19,82.6,0,0,0,0,0,90,2010,Round 10,2010-05-29,5045
Adelaide,Scott Thompson,7,16,13,56.5,0,0,0,0,0,82,2010,Round 10,2010-05-29,5045
Adelaide,Brent Reilly,5,16,15,71.4,1,0,1,2,4,76,2010,Round 10,2010-05-29,5045
Adelaide,Michael Doughty,5,13,15,75.0,0,0,0,1,0,92,2010,Round 10,2010-05-29,5045
Adelaide,Nathan Van Berlo,6,14,19,95.0,2,0,0,2,0,95,2010,Round 10,2010-05-29,5045
Adelaide,Chris Schmidt,7,13,15,75.0,0,0,0,1,1,80,2010,Round 10,2010-05-29,5045
Adelaide,Phil Davis,10,10,15,75.0,0,0,0,6,0,79,2010,Round 10,2010-05-29,5045
Adelaide,Ben Rutten,3,14,16,94.1,0,0,0,9,0,97,2010,Round 10,2010-05-29,5045
Adelaide,Tony Armstrong,4,14,13,76.5,0,0,0,0,0,73,2010,Round 10,2010-05-29,5045
Adelaide,Ivan Maric,9,6,15,100.0,1,0,0,2,0,69,2010,Round 10,2010-05-29,5045
Adelaide,Andrew Mcleod,4,9,12,92.3,0,0,0,1,0,87,2010,Round 10,2010-05-29,5045
Adelaide,Patrick Dangerfield,8,6,7,53.8,2,0,2,1,0,75,2010,Round 10,2010-05-29,5045
Adelaide,Kurt Tippett,10,2,6,50.0,5,1,3,0,0,88,2010,Round 10,2010-05-29,5045
Adelaide,Jason Porplyzia,6,4,6,60.0,2,1,1,1,0,88,2010,Round 10,2010-05-29,5045
Adelaide,Jonathon Griffin,3,5,8,88.9,0,0,0,0,0,58,2010,Round 10,2010-05-29,5045
Adelaide,Scott Stevens,4,5,4,50.0,0,0,0,1,0,94,2010,Round 10,2010-05-29,5045
Adelaide,Rory Sloane,3,6,6,75.0,0,1,0,4,0,79,2010,Round 10,2010-05-29,5045
Adelaide,Jared Petrenko,1,4,4,80.0,0,0,1,1,0,70,2010,Round 10,2010-05-29,5045
Adelaide,Taylor Walker,2,2,3,75.0,0,0,0,1,0,82,2010,Round 10,2010-05-29,5045
Hawthorn,Jordan Lewis,11,15,16,69.6,0,0,0,0,0,79,2010,Round 10,2010-05-30,5046
Hawthorn,Sam Mitchell,10,12,12,54.5,1,0,1,2,1,92,2010,Round 10,2010-05-30,5046
Hawthorn,Brad Sewell,9,8,14,82.4,1,1,0,1,0,86,2010,Round 10,2010-05-30,5046
Hawthorn,Cyril Rioli,11,4,10,62.5,0,2,2,0,0,86,2010,Round 10,2010-05-30,5046
Hawthorn,Shaun Burgoyne,6,8,10,66.7,0,0,0,1,2,84,2010,Round 10,2010-05-30,5046
Hawthorn,Michael Osborne,2,14,10,66.7,0,0,1,1,0,82,2010,Round 10,2010-05-30,5046
Hawthorn,Lance Franklin,9,4,9,60.0,2,1,1,1,2,98,2010,Round 10,2010-05-30,5046
Hawthorn,Grant Birchall,5,10,14,93.3,0,0,1,3,0,86,2010,Round 10,2010-05-30,5046
Hawthorn,Luke Hodge,4,10,11,78.6,0,0,0,8,0,88,2010,Round 10,2010-05-30,5046
Hawthorn,Clinton Young,3,10,4,28.6,0,0,1,4,4,77,2010,Round 10,2010-05-30,5046
Hawthorn,Brent Renouf,7,7,10,71.4,0,0,0,2,0,72,2010,Round 10,2010-05-30,5046
Hawthorn,Carl Peterson,6,7,7,50.0,1,0,1,1,0,72,2010,Round 10,2010-05-30,5046
Hawthorn,Benjamin Stratton,4,10,10,71.4,1,1,0,4,0,100,2010,Round 10,2010-05-30,5046
Hawthorn,Campbell Brown,6,6,9,69.2,0,0,0,3,0,63,2010,Round 10,2010-05-30,5046
Hawthorn,Brent Guerra,5,7,9,75.0,0,0,0,0,0,85,2010,Round 10,2010-05-30,5046
Hawthorn,Stephen Gilham,5,6,7,63.6,1,0,0,2,2,100,2010,Round 10,2010-05-30,5046
Hawthorn,Brendan Whitecross,3,8,5,45.5,1,0,2,2,0,85,2010,Round 10,2010-05-30,5046
Hawthorn,Thomas Murphy,1,9,6,60.0,0,0,0,4,0,96,2010,Round 10,2010-05-30,5046
Hawthorn,Xavier Ellis,3,7,7,70.0,1,0,0,2,0,65,2010,Round 10,2010-05-30,5046
Hawthorn,Rhan Hooper,3,7,6,60.0,0,0,1,1,1,55,2010,Round 10,2010-05-30,5046
Hawthorn,Jarryd Roughead,4,6,5,55.6,1,1,1,1,0,92,2010,Round 10,2010-05-30,5046
Hawthorn,Wayde Skipper,4,4,2,28.6,1,0,1,1,0,57,2010,Round 10,2010-05-30,5046
Sydney,Daniel Hannebery,2,21,19,76.0,0,0,2,0,4,78,2010,Round 10,2010-05-30,5046
Sydney,Rhyce Shaw,5,12,14,63.6,0,1,0,3,8,86,2010,Round 10,2010-05-30,5046
Sydney,Kieran Jack,6,14,12,57.1,0,0,0,3,3,81,2010,Round 10,2010-05-30,5046
Sydney,Jarrad Mcveigh,7,14,15,75.0,0,0,1,0,1,94,2010,Round 10,2010-05-30,5046
Sydney,Josh P  Kennedy,11,7,14,77.8,0,2,0,1,0,72,2010,Round 10,2010-05-30,5046
Sydney,Nick Malceski,1,12,11,64.7,0,0,0,3,0,85,2010,Round 10,2010-05-30,5046
Sydney,Shane Mumford,13,3,12,70.6,1,0,0,2,0,70,2010,Round 10,2010-05-30,5046
Sydney,Ryan O Keefe,8,8,10,62.5,2,0,0,1,0,91,2010,Round 10,2010-05-30,5046
Sydney,Heath Grundy,2,13,12,75.0,0,0,0,4,1,99,2010,Round 10,2010-05-30,5046
Sydney,Martin Mattner,6,5,11,73.3,0,0,0,5,0,92,2010,Round 10,2010-05-30,5046
Sydney,Jude Bolton,5,8,10,71.4,0,0,0,1,0,82,2010,Round 10,2010-05-30,5046
Sydney,Adam Goodes,7,7,7,53.8,3,2,5,0,0,98,2010,Round 10,2010-05-30,5046
Sydney,Lewis Jetta,4,9,9,69.2,0,0,0,2,1,66,2010,Round 10,2010-05-30,5046
Sydney,Henry Playfair,5,7,8,66.7,2,1,2,1,0,96,2010,Round 10,2010-05-30,5046
Sydney,Nick Smith 1,4,9,9,75.0,0,0,0,4,0,82,2010,Round 10,2010-05-30,5046
Sydney,Gary Rohan,8,5,6,50.0,3,0,0,2,1,67,2010,Round 10,2010-05-30,5046
Sydney,Brett Kirk,5,6,8,72.7,0,0,0,0,0,90,2010,Round 10,2010-05-30,5046
Sydney,Matthew O Dwyer,7,4,7,63.6,0,1,0,2,0,70,2010,Round 10,2010-05-30,5046
Sydney,Campbell Heath,2,9,4,36.4,0,0,0,2,0,76,2010,Round 10,2010-05-30,5046
Sydney,Lewis Roberts Thomson,3,6,5,62.5,1,0,0,2,0,92,2010,Round 10,2010-05-30,5046
Sydney,Mike Pyke,3,4,5,71.4,0,0,0,1,0,38,2010,Round 10,2010-05-30,5046
Sydney,Jesse White,3,1,4,80.0,1,0,1,1,0,94,2010,Round 10,2010-05-30,5046
Carlton,Bryce Gibbs,16,28,39,86.7,2,0,0,4,1,89,2010,Round 10,2010-05-30,5047
Carlton,Marc Murphy,14,22,24,66.7,0,1,0,0,0,83,2010,Round 10,2010-05-30,5047
Carlton,Andrew Walker,6,23,22,75.9,0,1,0,1,3,87,2010,Round 10,2010-05-30,5047
Carlton,Heath Scotland,7,19,20,76.9,0,0,1,0,0,82,2010,Round 10,2010-05-30,5047
Carlton,Chris Judd,10,15,19,76.0,0,1,0,0,1,81,2010,Round 10,2010-05-30,5047
Carlton,Mitch Robinson,9,13,14,63.6,0,1,0,4,0,76,2010,Round 10,2010-05-30,5047
Carlton,Kade Simpson,6,14,18,85.7,1,1,0,2,1,86,2010,Round 10,2010-05-30,5047
Carlton,Jordan Russell,4,16,18,85.7,1,0,0,2,2,91,2010,Round 10,2010-05-30,5047
Carlton,Brock Mclean,9,11,13,68.4,0,0,0,0,0,58,2010,Round 10,2010-05-30,5047
Carlton,Andrew Carrazzo,7,12,13,68.4,0,0,0,1,0,96,2010,Round 10,2010-05-30,5047
Carlton,Edward Betts,6,13,12,63.2,0,1,3,2,0,89,2010,Round 10,2010-05-30,5047
Carlton,Bret Thornton,4,14,14,77.8,1,0,0,5,0,90,2010,Round 10,2010-05-30,5047
Carlton,Richard Hadley,5,11,12,75.0,0,0,0,4,3,80,2010,Round 10,2010-05-30,5047
Carlton,Matthew Kreuzer,7,9,10,62.5,2,0,0,4,0,68,2010,Round 10,2010-05-30,5047
Carlton,Joe Anderson,1,13,14,100.0,0,0,0,4,0,73,2010,Round 10,2010-05-30,5047
Carlton,Steven Browne,2,12,12,85.7,0,1,1,1,0,80,2010,Round 10,2010-05-30,5047
Carlton,Jeff Gartlett,8,6,9,64.3,0,1,0,4,2,81,2010,Round 10,2010-05-30,5047
Carlton,Lachlan Henderson,9,3,8,66.7,0,1,1,3,0,87,2010,Round 10,2010-05-30,5047
Carlton,Setanta O Hailpin,3,7,8,72.7,0,1,2,3,0,87,2010,Round 10,2010-05-30,5047
Carlton,Michael Jamison,2,9,10,90.9,0,0,0,9,0,92,2010,Round 10,2010-05-30,5047
Carlton,Sam Jacobs,4,3,4,57.1,0,0,0,3,0,65,2010,Round 10,2010-05-30,5047
Carlton,Aaron Joseph,2,4,7,100.0,1,0,0,0,2,79,2010,Round 10,2010-05-30,5047
West Coast,Andrew Embley,9,13,14,58.3,0,1,0,2,1,75,2010,Round 10,2010-05-30,5047
West Coast,Adam Selwood,7,17,15,62.5,0,0,0,2,0,75,2010,Round 10,2010-05-30,5047
West Coast,Beau Waters,5,18,14,60.9,0,1,3,2,1,91,2010,Round 10,2010-05-30,5047
West Coast,Matthew Priddis,14,12,17,73.9,0,0,0,0,1,89,2010,Round 10,2010-05-30,5047
West Coast,Tom Swift,5,17,17,81.0,0,0,0,0,2,62,2010,Round 10,2010-05-30,5047
West Coast,Sam Butler,7,11,12,63.2,0,1,0,2,0,84,2010,Round 10,2010-05-30,5047
West Coast,Matthew Rosa,5,14,14,73.7,1,1,1,2,1,87,2010,Round 10,2010-05-30,5047
West Coast,Beau Wilkes,6,8,13,92.9,1,0,0,9,0,90,2010,Round 10,2010-05-30,5047
West Coast,Dean Cox,4,9,9,69.2,1,1,1,5,0,71,2010,Round 10,2010-05-30,5047
West Coast,Bradley Ebert,6,7,7,53.8,0,0,0,2,0,79,2010,Round 10,2010-05-30,5047
West Coast,Patrick Mcginnity,7,6,6,46.2,0,0,0,2,0,77,2010,Round 10,2010-05-30,5047
West Coast,Bradley Sheppard,6,7,10,76.9,1,0,0,3,0,77,2010,Round 10,2010-05-30,5047
West Coast,Quinten Lynch,5,6,10,83.3,0,1,1,1,0,87,2010,Round 10,2010-05-30,5047
West Coast,Mark Lecras,5,7,8,66.7,1,0,3,0,0,90,2010,Round 10,2010-05-30,5047
West Coast,Scott Selwood,2,10,8,66.7,0,0,0,1,0,85,2010,Round 10,2010-05-30,5047
West Coast,Mark Nicoski,3,8,9,81.8,0,1,0,1,0,77,2010,Round 10,2010-05-30,5047
West Coast,Shannon Hurn,4,7,6,54.5,1,0,0,1,0,93,2010,Round 10,2010-05-30,5047
West Coast,Will Schofield,4,5,10,90.9,2,0,0,2,0,86,2010,Round 10,2010-05-30,5047
West Coast,Joshua Kennedy,1,7,7,77.8,1,0,4,0,0,91,2010,Round 10,2010-05-30,5047
West Coast,Benjamin Mckinley,3,6,7,77.8,1,2,1,0,0,84,2010,Round 10,2010-05-30,5047
West Coast,Eric Mackenzie,3,6,8,88.9,0,0,0,5,0,95,2010,Round 10,2010-05-30,5047
West Coast,Nicholas Naitanui,5,3,7,87.5,2,0,0,1,0,56,2010,Round 10,2010-05-30,5047
Fremantle,David Mundy,7,23,20,64.5,0,1,0,0,0,75,2010,Round 10,2010-05-30,5048
Fremantle,Paul Duffield,8,17,24,88.9,2,0,0,4,4,91,2010,Round 10,2010-05-30,5048
Fremantle,Nathan Fyfe,8,19,16,59.3,0,1,2,0,0,82,2010,Round 10,2010-05-30,5048
Fremantle,Matthew Deboer,13,11,16,66.7,0,4,3,3,0,80,2010,Round 10,2010-05-30,5048
Fremantle,Ryan Crowley,6,17,15,65.2,0,0,0,1,0,88,2010,Round 10,2010-05-30,5048
Fremantle,Garrick Ibbotson,6,18,18,78.3,0,1,0,0,1,84,2010,Round 10,2010-05-30,5048
Fremantle,Adam Mcphee,5,17,18,81.8,1,0,0,4,0,92,2010,Round 10,2010-05-30,5048
Fremantle,Rhys Palmer,8,14,15,68.2,0,1,0,1,0,59,2010,Round 10,2010-05-30,5048
Fremantle,Kepler Bradley,11,9,18,85.7,2,0,2,2,0,80,2010,Round 10,2010-05-30,5048
Fremantle,Antoni Grover,7,12,15,75.0,2,0,0,5,0,87,2010,Round 10,2010-05-30,5048
Fremantle,Matthew Pavlich,6,13,12,60.0,2,1,3,1,1,91,2010,Round 10,2010-05-30,5048
Fremantle,Stephen Hill,5,15,13,68.4,0,0,0,1,1,84,2010,Round 10,2010-05-30,5048
Fremantle,Hayden Ballantyne,7,13,12,63.2,1,2,4,1,2,88,2010,Round 10,2010-05-30,5048
Fremantle,Nicholas Suban,4,15,12,66.7,0,2,0,1,2,77,2010,Round 10,2010-05-30,5048
Fremantle,Anthony Morabito,9,8,12,66.7,0,0,0,2,2,65,2010,Round 10,2010-05-30,5048
Fremantle,Roger Hayden,8,7,14,82.4,0,0,0,2,0,82,2010,Round 10,2010-05-30,5048
Fremantle,Jay Van Berlo,2,14,14,87.5,0,0,0,3,0,94,2010,Round 10,2010-05-30,5048
Fremantle,Chris Tarrant,6,7,12,80.0,2,0,0,5,0,95,2010,Round 10,2010-05-30,5048
Fremantle,Clancee Pearce,2,12,12,85.7,0,1,0,1,0,66,2010,Round 10,2010-05-30,5048
Fremantle,Christopher Mayne,3,8,11,100.0,0,1,1,1,0,89,2010,Round 10,2010-05-30,5048
Fremantle,Aaron Sandilands,5,5,6,60.0,2,0,1,5,0,89,2010,Round 10,2010-05-30,5048
Fremantle,Paul Hasleby,4,5,8,88.9,1,2,3,1,0,61,2010,Round 10,2010-05-30,5048
North Melbourne,Brady Rawlings,8,15,20,80.0,0,0,0,1,0,100,2010,Round 10,2010-05-30,5048
North Melbourne,Ryan Bastinac,9,17,21,84.0,0,1,0,0,4,75,2010,Round 10,2010-05-30,5048
North Melbourne,Andrew Swallow,9,16,20,83.3,0,3,0,1,0,76,2010,Round 10,2010-05-30,5048
North Melbourne,Nathan Grima,7,15,17,73.9,3,0,0,8,0,96,2010,Round 10,2010-05-30,5048
North Melbourne,Michael Firrito,10,11,17,81.0,0,0,0,5,2,92,2010,Round 10,2010-05-30,5048
North Melbourne,Levi Greenwood,7,15,14,66.7,0,1,0,3,0,78,2010,Round 10,2010-05-30,5048
North Melbourne,Jack Ziebell,7,13,12,60.0,0,2,0,0,0,72,2010,Round 10,2010-05-30,5048
North Melbourne,Scott Mcmahon,7,9,16,84.2,0,0,0,1,0,86,2010,Round 10,2010-05-30,5048
North Melbourne,Leigh Harding,5,13,9,52.9,0,0,0,1,2,76,2010,Round 10,2010-05-30,5048
North Melbourne,Drew Petrie,8,6,9,64.3,3,0,2,1,0,77,2010,Round 10,2010-05-30,5048
North Melbourne,Lachlan Hansen,3,10,10,71.4,0,2,1,4,0,96,2010,Round 10,2010-05-30,5048
North Melbourne,Daniel Pratt,2,8,12,92.3,0,0,0,3,0,80,2010,Round 10,2010-05-30,5048
North Melbourne,Todd Goldstein,6,7,8,61.5,1,0,0,4,0,78,2010,Round 10,2010-05-30,5048
North Melbourne,Samuel Wright,2,11,8,61.5,0,0,0,1,0,68,2010,Round 10,2010-05-30,5048
North Melbourne,Ben Cunnington,3,10,4,30.8,0,0,0,1,0,67,2010,Round 10,2010-05-30,5048
North Melbourne,David Hale,8,3,8,66.7,0,0,0,4,0,92,2010,Round 10,2010-05-30,5048
North Melbourne,Hamish Mcintosh,6,6,9,75.0,1,0,1,5,0,70,2010,Round 10,2010-05-30,5048
North Melbourne,Lindsay Thomas,5,7,6,50.0,1,0,4,0,0,90,2010,Round 10,2010-05-30,5048
North Melbourne,Brent Harvey,4,5,6,60.0,0,0,0,1,0,75,2010,Round 10,2010-05-30,5048
North Melbourne,Scott Thompson 1,4,6,9,90.0,0,0,0,3,0,96,2010,Round 10,2010-05-30,5048
North Melbourne,Nathan O Keefe,1,8,6,60.0,0,0,1,1,0,78,2010,Round 10,2010-05-30,5048
North Melbourne,Matt Campbell,0,8,4,50.0,0,1,2,0,0,84,2010,Round 10,2010-05-30,5048
Richmond,Shane Tuck,11,17,19,67.9,0,0,0,3,0,89,2010,Round 11,2010-06-04,5073
Richmond,Chris Newman,5,19,22,88.0,1,0,0,2,0,91,2010,Round 11,2010-06-04,5073
Richmond,Ben Cousins,12,12,19,79.2,0,0,0,0,0,62,2010,Round 11,2010-06-04,5073
Richmond,Dustin Martin,11,12,19,79.2,0,0,0,0,0,67,2010,Round 11,2010-06-04,5073
Richmond,Brett Deledio,7,13,14,70.0,0,1,0,2,0,89,2010,Round 11,2010-06-04,5073
Richmond,Jeromey Webberley,7,14,13,65.0,0,0,0,1,0,69,2010,Round 11,2010-06-04,5073
Richmond,Jake King,6,9,10,58.8,1,0,0,1,0,79,2010,Round 11,2010-06-04,5073
Richmond,Trent Cotchin,6,11,5,29.4,0,0,0,1,0,85,2010,Round 11,2010-06-04,5073
Richmond,Richard Tambling,6,9,10,66.7,2,0,1,3,1,84,2010,Round 11,2010-06-04,5073
Richmond,Shane Edwards,5,8,9,64.3,0,1,0,0,0,82,2010,Round 11,2010-06-04,5073
Richmond,Angus Graham,8,3,8,66.7,1,0,0,3,0,76,2010,Round 11,2010-06-04,5073
Richmond,Andrew Collins 1,1,10,8,66.7,0,0,0,2,0,75,2010,Round 11,2010-06-04,5073
Richmond,Jack Riewoldt,7,4,8,72.7,4,0,5,1,0,97,2010,Round 11,2010-06-04,5073
Richmond,Luke Mcguane,4,7,10,100.0,1,0,0,1,0,93,2010,Round 11,2010-06-04,5073
Richmond,Troy Simmonds,6,4,5,55.6,2,0,0,2,0,87,2010,Round 11,2010-06-04,5073
Richmond,Mitchell Farmer,3,6,5,55.6,0,0,0,1,0,74,2010,Round 11,2010-06-04,5073
Richmond,David Astbury,5,6,3,33.3,2,0,1,0,0,89,2010,Round 11,2010-06-04,5073
Richmond,Mitch Morton,4,4,2,25.0,0,0,0,0,0,70,2010,Round 11,2010-06-04,5073
Richmond,Will Thursfield,2,6,5,62.5,0,0,0,7,0,86,2010,Round 11,2010-06-04,5073
Richmond,Ben Nason,2,6,6,75.0,0,0,0,0,0,86,2010,Round 11,2010-06-04,5073
Richmond,Matthew White,2,5,6,85.7,0,1,0,1,0,88,2010,Round 11,2010-06-04,5073
Richmond,Robin Nahas,3,3,4,66.7,0,0,0,0,0,84,2010,Round 11,2010-06-04,5073
St Kilda,Brendon Goddard,12,25,33,86.8,1,0,0,2,2,90,2010,Round 11,2010-06-04,5073
St Kilda,Leigh Montagna,8,21,22,75.9,0,1,1,4,1,85,2010,Round 11,2010-06-04,5073
St Kilda,Raphael Clarke,4,22,16,61.5,0,0,0,3,0,89,2010,Round 11,2010-06-04,5073
St Kilda,Sam Gilbert,10,17,20,76.9,1,1,0,4,0,95,2010,Round 11,2010-06-04,5073
St Kilda,Sam Fisher,4,18,22,91.7,0,0,0,8,0,96,2010,Round 11,2010-06-04,5073
St Kilda,Nick Dal Santo,10,13,21,91.3,1,0,0,4,0,83,2010,Round 11,2010-06-04,5073
St Kilda,Farren Ray,5,17,19,86.4,0,2,0,1,2,86,2010,Round 11,2010-06-04,5073
St Kilda,Clinton Jones,2,20,13,59.1,0,0,0,1,0,90,2010,Round 11,2010-06-04,5073
St Kilda,Lenny Hayes,4,17,14,66.7,0,1,0,1,1,74,2010,Round 11,2010-06-04,5073
St Kilda,Stephen Milne,7,14,8,38.1,2,1,9,1,1,91,2010,Round 11,2010-06-04,5073
St Kilda,James Gwilt,5,16,17,81.0,0,0,0,1,0,100,2010,Round 11,2010-06-04,5073
St Kilda,Jason Blake,2,17,15,83.3,1,0,0,7,1,100,2010,Round 11,2010-06-04,5073
St Kilda,Brett Peake,6,12,11,68.8,0,0,0,0,2,83,2010,Round 11,2010-06-04,5073
St Kilda,Steven Baker,3,12,12,80.0,0,0,0,0,0,91,2010,Round 11,2010-06-04,5073
St Kilda,Michael S  Gardiner,4,10,14,93.3,1,0,0,2,0,61,2010,Round 11,2010-06-04,5073
St Kilda,Justin Koschitzke,5,8,12,92.3,2,0,2,2,0,87,2010,Round 11,2010-06-04,5073
St Kilda,Jarryn Geary,6,7,10,76.9,0,0,0,1,0,65,2010,Round 11,2010-06-04,5073
St Kilda,Robert Eddy,4,7,7,63.6,0,1,0,1,0,59,2010,Round 11,2010-06-04,5073
St Kilda,Andrew Mcqualter,2,8,9,90.0,0,1,1,0,0,71,2010,Round 11,2010-06-04,5073
St Kilda,Adam Schneider,1,8,8,88.9,0,2,0,0,0,77,2010,Round 11,2010-06-04,5073
St Kilda,Ben Mcevoy,2,4,3,50.0,1,0,1,3,0,53,2010,Round 11,2010-06-04,5073
St Kilda,Rhys Stanley,2,4,4,66.7,1,0,2,3,0,76,2010,Round 11,2010-06-04,5073
Carlton,Heath Scotland,10,15,16,64.0,0,0,0,1,1,88,2010,Round 11,2010-06-05,5074
Carlton,Andrew Walker,5,19,22,88.0,0,0,0,4,3,91,2010,Round 11,2010-06-05,5074
Carlton,Jordan Russell,7,12,18,78.3,0,0,0,3,0,89,2010,Round 11,2010-06-05,5074
Carlton,Mitch Robinson,10,13,16,69.6,1,0,0,0,0,82,2010,Round 11,2010-06-05,5074
Carlton,Chris Judd,10,12,10,45.5,0,0,0,0,0,80,2010,Round 11,2010-06-05,5074
Carlton,Kade Simpson,6,14,16,76.2,1,0,3,1,0,81,2010,Round 11,2010-06-05,5074
Carlton,Marc Murphy,8,12,13,61.9,0,1,0,1,2,81,2010,Round 11,2010-06-05,5074
Carlton,Jarrad Waite,4,14,15,78.9,1,3,2,4,2,91,2010,Round 11,2010-06-05,5074
Carlton,Edward Betts,10,5,12,63.2,0,2,0,2,0,85,2010,Round 11,2010-06-05,5074
Carlton,Ryan Houlihan,3,13,15,83.3,0,1,1,0,0,73,2010,Round 11,2010-06-05,5074
Carlton,Richard Hadley,8,10,12,66.7,0,0,0,0,0,82,2010,Round 11,2010-06-05,5074
Carlton,Andrew Carrazzo,4,14,14,77.8,0,0,1,1,0,73,2010,Round 11,2010-06-05,5074
Carlton,Sam Jacobs,7,8,13,86.7,0,0,0,2,0,55,2010,Round 11,2010-06-05,5074
Carlton,Aaron Joseph,10,5,10,66.7,0,0,0,2,0,88,2010,Round 11,2010-06-05,5074
Carlton,Bret Thornton,3,10,13,92.9,1,1,1,6,1,77,2010,Round 11,2010-06-05,5074
Carlton,Setanta O Hailpin,6,3,6,50.0,0,1,0,1,0,92,2010,Round 11,2010-06-05,5074
Carlton,Joe Anderson,1,10,8,66.7,0,0,0,2,0,81,2010,Round 11,2010-06-05,5074
Carlton,Bryce Gibbs,3,6,9,81.8,0,0,0,2,0,91,2010,Round 11,2010-06-05,5074
Carlton,Steven Browne,4,7,6,54.5,0,0,0,2,0,88,2010,Round 11,2010-06-05,5074
Carlton,Matthew Kreuzer,7,2,6,60.0,0,1,0,5,0,66,2010,Round 11,2010-06-05,5074
Carlton,Jeff Gartlett,6,3,5,50.0,0,0,0,0,0,76,2010,Round 11,2010-06-05,5074
Carlton,Michael Jamison,2,2,3,75.0,0,0,0,4,0,89,2010,Round 11,2010-06-05,5074
Melbourne,Brent Moloney,15,12,15,55.6,2,0,1,4,1,80,2010,Round 11,2010-06-05,5074
Melbourne,Jordan Gysberts,11,15,14,51.9,1,0,0,1,0,70,2010,Round 11,2010-06-05,5074
Melbourne,Cameron Bruce,7,17,18,69.2,1,0,0,3,3,89,2010,Round 11,2010-06-05,5074
Melbourne,Jack Grimes,9,15,16,64.0,0,1,0,6,1,91,2010,Round 11,2010-06-05,5074
Melbourne,Cale Morton,5,17,14,60.9,1,0,0,3,1,89,2010,Round 11,2010-06-05,5074
Melbourne,Colin Sylvia,11,9,10,47.6,0,0,0,2,0,84,2010,Round 11,2010-06-05,5074
Melbourne,Nathan Jones,4,13,13,76.5,0,1,0,0,1,58,2010,Round 11,2010-06-05,5074
Melbourne,Jack Trengove,4,13,9,52.9,0,0,1,2,1,88,2010,Round 11,2010-06-05,5074
Melbourne,Matthew Bate,8,7,11,68.8,1,1,0,1,0,77,2010,Round 11,2010-06-05,5074
Melbourne,Neville Jetta,11,6,10,62.5,0,1,0,2,1,81,2010,Round 11,2010-06-05,5074
Melbourne,Tom Scully,5,11,8,50.0,0,0,0,0,0,86,2010,Round 11,2010-06-05,5074
Melbourne,Brad Green,6,8,9,60.0,2,0,3,0,0,91,2010,Round 11,2010-06-05,5074
Melbourne,James Mcdonald,6,9,12,80.0,1,0,0,3,0,81,2010,Round 11,2010-06-05,5074
Melbourne,Jared Rivers,3,11,11,73.3,0,1,0,6,0,90,2010,Round 11,2010-06-05,5074
Melbourne,Aaron Davey,8,5,10,76.9,0,0,0,1,0,77,2010,Round 11,2010-06-05,5074
Melbourne,Colin Garland,5,6,9,69.2,1,0,0,4,0,80,2010,Round 11,2010-06-05,5074
Melbourne,Mark Jamar,10,2,8,72.7,2,0,0,1,0,83,2010,Round 11,2010-06-05,5074
Melbourne,Clint Bartram,3,7,5,50.0,0,0,0,0,0,77,2010,Round 11,2010-06-05,5074
Melbourne,Jamie Bennell,6,3,5,50.0,0,1,0,1,2,85,2010,Round 11,2010-06-05,5074
Melbourne,Matthew Warnock,3,6,7,77.8,0,0,0,7,0,94,2010,Round 11,2010-06-05,5074
Melbourne,Brad Miller,4,2,2,33.3,1,0,0,0,0,83,2010,Round 11,2010-06-05,5074
Melbourne,Jack Watts,1,1,2,66.7,0,0,1,1,0,68,2010,Round 11,2010-06-05,5074
Adelaide,Scott Thompson,9,24,26,76.5,0,2,3,1,1,87,2010,Round 11,2010-06-05,5075
Adelaide,Tyson Edwards,6,26,21,65.6,0,1,3,2,0,89,2010,Round 11,2010-06-05,5075
Adelaide,Richard Douglas,12,20,22,71.0,0,1,0,0,0,86,2010,Round 11,2010-06-05,5075
Adelaide,Simon Goodwin,11,19,21,70.0,1,1,0,1,0,85,2010,Round 11,2010-06-05,5075
Adelaide,David Mackay,9,18,21,77.8,0,1,0,0,0,87,2010,Round 11,2010-06-05,5075
Adelaide,Graham Johncock,8,17,25,96.2,1,0,1,5,2,94,2010,Round 11,2010-06-05,5075
Adelaide,Brent Reilly,6,15,16,76.2,0,0,0,0,2,80,2010,Round 11,2010-06-05,5075
Adelaide,Scott Stevens,5,15,14,66.7,1,0,0,2,0,100,2010,Round 11,2010-06-05,5075
Adelaide,Rory Sloane,9,11,13,65.0,0,2,2,3,3,76,2010,Round 11,2010-06-05,5075
Adelaide,Patrick Dangerfield,11,9,13,68.4,2,1,4,5,1,83,2010,Round 11,2010-06-05,5075
Adelaide,Nathan Van Berlo,5,13,15,83.3,1,0,0,1,0,94,2010,Round 11,2010-06-05,5075
Adelaide,Michael Doughty,3,12,12,75.0,0,1,0,7,0,89,2010,Round 11,2010-06-05,5075
Adelaide,Tony Armstrong,3,12,12,80.0,0,0,0,6,0,80,2010,Round 11,2010-06-05,5075
Adelaide,Ben Rutten,3,10,13,100.0,0,0,0,2,1,100,2010,Round 11,2010-06-05,5075
Adelaide,Ivan Maric,7,6,10,76.9,1,1,0,1,0,68,2010,Round 11,2010-06-05,5075
Adelaide,Taylor Walker,4,6,9,81.8,0,1,2,1,0,83,2010,Round 11,2010-06-05,5075
Adelaide,Andrew Mcleod,3,6,4,44.4,0,0,0,0,0,51,2010,Round 11,2010-06-05,5075
Adelaide,Jonathon Griffin,5,5,6,66.7,0,1,0,3,0,55,2010,Round 11,2010-06-05,5075
Adelaide,Jason Porplyzia,4,5,5,55.6,2,0,1,2,2,90,2010,Round 11,2010-06-05,5075
Adelaide,Jared Petrenko,6,3,7,77.8,1,0,2,1,0,87,2010,Round 11,2010-06-05,5075
Adelaide,Phil Davis,2,6,5,71.4,1,0,0,2,0,43,2010,Round 11,2010-06-05,5075
Adelaide,Kurt Tippett,6,0,1,16.7,3,0,3,0,0,92,2010,Round 11,2010-06-05,5075
Fremantle,Michael Barlow,10,21,26,81.2,1,2,1,0,1,75,2010,Round 11,2010-06-05,5075
Fremantle,Stephen Hill,7,17,17,70.8,1,2,0,1,2,82,2010,Round 11,2010-06-05,5075
Fremantle,David Mundy,6,13,14,70.0,0,2,0,4,0,77,2010,Round 11,2010-06-05,5075
Fremantle,Nathan Fyfe,7,13,13,65.0,1,0,0,3,0,82,2010,Round 11,2010-06-05,5075
Fremantle,Rhys Palmer,4,14,11,61.1,0,0,0,4,1,64,2010,Round 11,2010-06-05,5075
Fremantle,Kepler Bradley,9,6,14,87.5,3,0,1,1,0,82,2010,Round 11,2010-06-05,5075
Fremantle,Nicholas Suban,8,7,9,60.0,0,0,0,2,1,62,2010,Round 11,2010-06-05,5075
Fremantle,Steven Dodd,6,7,11,84.6,1,0,0,2,0,87,2010,Round 11,2010-06-05,5075
Fremantle,Roger Hayden,3,7,9,75.0,0,0,0,1,0,82,2010,Round 11,2010-06-05,5075
Fremantle,Ryan Crowley,5,7,7,58.3,0,1,0,0,0,79,2010,Round 11,2010-06-05,5075
Fremantle,Paul Duffield,3,7,10,83.3,0,0,0,1,2,94,2010,Round 11,2010-06-05,5075
Fremantle,Hayden Ballantyne,2,10,9,75.0,0,0,0,1,3,79,2010,Round 11,2010-06-05,5075
Fremantle,Aaron Sandilands,9,2,8,72.7,0,0,0,9,0,89,2010,Round 11,2010-06-05,5075
Fremantle,Matthew Deboer,2,8,10,90.9,0,0,0,3,0,66,2010,Round 11,2010-06-05,5075
Fremantle,Anthony Morabito,4,6,6,54.5,0,1,1,0,0,66,2010,Round 11,2010-06-05,5075
Fremantle,Antoni Grover,6,4,7,70.0,1,0,0,2,0,100,2010,Round 11,2010-06-05,5075
Fremantle,Matthew Pavlich,4,8,8,88.9,2,0,4,1,0,97,2010,Round 11,2010-06-05,5075
Fremantle,Chris Tarrant,2,6,9,100.0,2,0,0,6,1,95,2010,Round 11,2010-06-05,5075
Fremantle,Adam Mcphee,1,9,4,44.4,0,0,1,1,0,82,2010,Round 11,2010-06-05,5075
Fremantle,Christopher Mayne,6,3,7,77.8,0,0,1,0,0,87,2010,Round 11,2010-06-05,5075
Fremantle,Garrick Ibbotson,3,5,3,37.5,0,0,0,1,0,78,2010,Round 11,2010-06-05,5075
Fremantle,Jay Van Berlo,5,3,4,50.0,2,0,1,1,0,93,2010,Round 11,2010-06-05,5075
West Coast,Beau Waters,14,21,22,66.7,1,1,1,0,1,94,2010,Round 11,2010-06-05,5076
West Coast,Matthew Priddis,12,18,25,83.3,0,0,0,0,0,90,2010,Round 11,2010-06-05,5076
West Coast,Andrew Embley,9,15,12,50.0,1,1,0,1,0,86,2010,Round 11,2010-06-05,5076
West Coast,Tom Swift,5,19,14,60.9,0,0,0,0,1,73,2010,Round 11,2010-06-05,5076
West Coast,Bradley Sheppard,6,15,16,72.7,0,0,0,1,1,91,2010,Round 11,2010-06-05,5076
West Coast,Shannon Hurn,2,14,15,71.4,1,0,0,5,0,92,2010,Round 11,2010-06-05,5076
West Coast,Bradd Dalziell,5,15,16,80.0,0,0,0,0,1,70,2010,Round 11,2010-06-05,5076
West Coast,Lewis Stevenson,3,14,11,64.7,0,3,0,1,0,64,2010,Round 11,2010-06-05,5076
West Coast,Matthew Rosa,5,11,12,75.0,0,0,0,3,0,89,2010,Round 11,2010-06-05,5076
West Coast,Bradley Ebert,3,13,8,50.0,0,0,3,1,1,62,2010,Round 11,2010-06-05,5076
West Coast,Dean Cox,6,8,12,85.7,0,0,1,1,0,78,2010,Round 11,2010-06-05,5076
West Coast,Adam Selwood,7,7,9,69.2,0,1,0,0,0,34,2010,Round 11,2010-06-05,5076
West Coast,Sam Butler,3,11,10,76.9,1,0,0,1,0,66,2010,Round 11,2010-06-05,5076
West Coast,Mark Lecras,5,8,6,46.2,1,0,2,0,0,92,2010,Round 11,2010-06-05,5076
West Coast,Mitchell Brown,7,6,6,46.2,0,0,1,2,0,69,2010,Round 11,2010-06-05,5076
West Coast,Beau Wilkes,5,6,11,100.0,0,0,0,3,0,93,2010,Round 11,2010-06-05,5076
West Coast,Joshua Kennedy,6,4,7,63.6,2,1,0,0,2,87,2010,Round 11,2010-06-05,5076
West Coast,Nicholas Naitanui,8,3,6,54.5,2,0,1,1,0,76,2010,Round 11,2010-06-05,5076
West Coast,Benjamin Mckinley,4,6,8,88.9,2,1,4,1,0,89,2010,Round 11,2010-06-05,5076
West Coast,Eric Mackenzie,2,7,8,88.9,0,0,0,5,0,92,2010,Round 11,2010-06-05,5076
West Coast,Will Schofield,1,8,6,66.7,0,0,0,9,0,90,2010,Round 11,2010-06-05,5076
West Coast,Scott Selwood,4,3,6,75.0,0,0,0,1,0,80,2010,Round 11,2010-06-05,5076
Geelong,Paul Chapman,12,25,27,75.0,0,2,0,0,2,87,2010,Round 11,2010-06-05,5076
Geelong,James Bartel,16,14,18,60.0,0,3,0,5,0,86,2010,Round 11,2010-06-05,5076
Geelong,Corey Enright,3,19,20,80.0,0,1,0,3,0,96,2010,Round 11,2010-06-05,5076
Geelong,Gary Jnr Ablett,9,16,14,58.3,1,1,1,2,0,91,2010,Round 11,2010-06-05,5076
Geelong,Mathew Stokes,2,21,13,54.2,0,1,0,3,0,85,2010,Round 11,2010-06-05,5076
Geelong,Joel Selwood,10,16,21,87.5,0,0,0,5,0,79,2010,Round 11,2010-06-05,5076
Geelong,Shannon Byrnes,5,16,17,77.3,0,1,2,0,0,81,2010,Round 11,2010-06-05,5076
Geelong,Darren Milburn,11,9,18,90.0,1,0,0,2,0,92,2010,Round 11,2010-06-05,5076
Geelong,James Kelly,9,9,14,73.7,0,0,0,5,1,87,2010,Round 11,2010-06-05,5076
Geelong,Andrew Mackie,3,16,9,47.4,0,1,1,2,3,94,2010,Round 11,2010-06-05,5076
Geelong,David Wojcinski,8,9,14,82.4,0,0,0,4,2,79,2010,Round 11,2010-06-05,5076
Geelong,Joshua Hunt,5,11,13,76.5,0,1,0,4,0,93,2010,Round 11,2010-06-05,5076
Geelong,Simon Hogan,2,15,13,76.5,0,1,0,0,0,80,2010,Round 11,2010-06-05,5076
Geelong,Travis Varcoe,4,12,10,66.7,0,2,0,1,1,78,2010,Round 11,2010-06-05,5076
Geelong,Tom Lonergan,4,9,12,85.7,0,0,0,4,1,93,2010,Round 11,2010-06-05,5076
Geelong,Steve Johnson,6,6,6,46.2,1,0,3,0,0,65,2010,Round 11,2010-06-05,5076
Geelong,Harry Taylor,4,8,11,91.7,1,1,0,7,1,96,2010,Round 11,2010-06-05,5076
Geelong,James Podsiadly,9,3,7,63.6,4,2,3,2,0,85,2010,Round 11,2010-06-05,5076
Geelong,Mark Blake,3,7,8,80.0,0,0,0,0,0,68,2010,Round 11,2010-06-05,5076
Geelong,Taylor Hunt,4,4,7,70.0,1,0,1,2,0,52,2010,Round 11,2010-06-05,5076
Geelong,Cameron Mooney,2,4,2,33.3,1,0,2,0,0,84,2010,Round 11,2010-06-05,5076
Geelong,Dawson Simpson,3,0,2,66.7,1,0,0,2,0,40,2010,Round 11,2010-06-05,5076
North Melbourne,Brent Harvey,8,22,27,90.0,0,0,1,3,0,95,2010,Round 11,2010-06-05,5077
North Melbourne,Brady Rawlings,3,18,18,81.8,0,0,0,0,0,98,2010,Round 11,2010-06-05,5077
North Melbourne,Andrew Swallow,9,13,16,76.2,1,1,1,1,0,78,2010,Round 11,2010-06-05,5077
North Melbourne,Scott Mcmahon,1,14,19,95.0,0,0,0,6,3,100,2010,Round 11,2010-06-05,5077
North Melbourne,Daniel Pratt,3,16,18,100.0,0,0,0,2,0,92,2010,Round 11,2010-06-05,5077
North Melbourne,Michael Firrito,5,13,13,76.5,0,1,0,3,0,96,2010,Round 11,2010-06-05,5077
North Melbourne,Lachlan Hansen,7,9,11,64.7,4,0,5,1,0,88,2010,Round 11,2010-06-05,5077
North Melbourne,Jack Ziebell,4,12,12,70.6,0,0,0,1,0,66,2010,Round 11,2010-06-05,5077
North Melbourne,Ryan Bastinac,9,9,6,35.3,0,0,0,2,1,79,2010,Round 11,2010-06-05,5077
North Melbourne,Ed Lower,5,9,13,86.7,0,0,2,1,0,59,2010,Round 11,2010-06-05,5077
North Melbourne,Todd Goldstein,10,5,11,73.3,1,1,0,0,0,66,2010,Round 11,2010-06-05,5077
North Melbourne,Daniel Wells,2,13,13,92.9,0,1,0,0,3,82,2010,Round 11,2010-06-05,5077
North Melbourne,Matt Campbell,4,9,8,57.1,0,1,0,0,1,79,2010,Round 11,2010-06-05,5077
North Melbourne,Levi Greenwood,6,8,8,57.1,0,0,1,0,0,74,2010,Round 11,2010-06-05,5077
North Melbourne,Lindsay Thomas,8,5,6,46.2,0,0,1,0,0,90,2010,Round 11,2010-06-05,5077
North Melbourne,Nathan Grima,4,8,12,100.0,0,0,0,3,0,100,2010,Round 11,2010-06-05,5077
North Melbourne,Cruize Garlett,3,10,8,66.7,0,1,0,0,0,60,2010,Round 11,2010-06-05,5077
North Melbourne,Hamish Mcintosh,3,8,8,72.7,2,0,0,2,0,67,2010,Round 11,2010-06-05,5077
North Melbourne,Scott Thompson 1,7,3,11,100.0,0,0,0,2,1,100,2010,Round 11,2010-06-05,5077
North Melbourne,Ben Cunnington,4,7,10,90.9,0,1,0,2,0,71,2010,Round 11,2010-06-05,5077
North Melbourne,Samuel Wright,1,7,6,75.0,0,2,2,2,0,75,2010,Round 11,2010-06-05,5077
North Melbourne,David Hale,3,3,3,60.0,1,0,0,1,0,85,2010,Round 11,2010-06-05,5077
Brisbane Lions,Travis Johnstone,8,27,31,83.8,0,1,0,1,0,97,2010,Round 11,2010-06-05,5077
Brisbane Lions,Tom Rockliff,12,19,25,86.2,0,0,0,0,0,72,2010,Round 11,2010-06-05,5077
Brisbane Lions,Luke Power,2,23,20,80.0,0,0,1,0,1,88,2010,Round 11,2010-06-05,5077
Brisbane Lions,Michael Rischitelli,8,18,21,84.0,0,0,0,1,0,81,2010,Round 11,2010-06-05,5077
Brisbane Lions,Justin Sherman,3,21,19,79.2,0,1,0,0,0,91,2010,Round 11,2010-06-05,5077
Brisbane Lions,Simon Black,8,16,16,69.6,0,1,0,3,0,84,2010,Round 11,2010-06-05,5077
Brisbane Lions,Brent Staker,7,15,16,72.7,2,0,0,4,0,89,2010,Round 11,2010-06-05,5077
Brisbane Lions,Daniel Rich,10,11,14,63.6,1,2,0,0,0,79,2010,Round 11,2010-06-05,5077
Brisbane Lions,James Hawksley,3,19,17,81.0,1,0,0,2,0,78,2010,Round 11,2010-06-05,5077
Brisbane Lions,Matthew Maguire,5,14,16,80.0,1,0,0,7,0,91,2010,Round 11,2010-06-05,5077
Brisbane Lions,Mitchell Clark,7,13,13,65.0,1,1,0,2,2,77,2010,Round 11,2010-06-05,5077
Brisbane Lions,Jonathan Brown,6,9,13,81.2,4,0,4,0,0,100,2010,Round 11,2010-06-05,5077
Brisbane Lions,Amon Buchanan,5,11,12,75.0,0,1,2,0,0,72,2010,Round 11,2010-06-05,5077
Brisbane Lions,Matthew Leuenberger,3,12,12,75.0,0,0,0,2,0,62,2010,Round 11,2010-06-05,5077
Brisbane Lions,Sam Sheldon,3,13,13,81.2,0,0,0,1,0,81,2010,Round 11,2010-06-05,5077
Brisbane Lions,Jared Brennan,3,9,9,75.0,0,0,1,3,0,79,2010,Round 11,2010-06-05,5077
Brisbane Lions,Jack Redden,4,7,10,90.9,0,0,1,0,0,82,2010,Round 11,2010-06-05,5077
Brisbane Lions,Ashley Mcgrath,1,6,8,88.9,0,0,0,1,1,43,2010,Round 11,2010-06-05,5077
Brisbane Lions,Joel Patfull,6,3,5,55.6,0,0,0,2,0,96,2010,Round 11,2010-06-05,5077
Brisbane Lions,Tom Collier,2,7,3,33.3,0,0,0,5,0,77,2010,Round 11,2010-06-05,5077
Brisbane Lions,Brendan Fevola,4,4,8,100.0,3,0,4,1,0,100,2010,Round 11,2010-06-05,5077
Brisbane Lions,Todd Banfield,0,6,4,66.7,0,3,0,0,1,81,2010,Round 11,2010-06-05,5077
Sydney,Jude Bolton,26,11,20,55.6,0,1,0,0,0,82,2010,Round 11,2010-06-06,5078
Sydney,Jarrad Mcveigh,12,17,21,67.7,0,2,0,1,0,88,2010,Round 11,2010-06-06,5078
Sydney,Ryan O Keefe,6,16,12,54.5,1,0,1,2,0,84,2010,Round 11,2010-06-06,5078
Sydney,Brett Kirk,8,12,13,68.4,0,0,0,1,1,76,2010,Round 11,2010-06-06,5078
Sydney,Nick Malceski,8,8,12,63.2,1,1,0,1,1,92,2010,Round 11,2010-06-06,5078
Sydney,Josh P  Kennedy,8,7,8,44.4,0,0,0,1,2,66,2010,Round 11,2010-06-06,5078
Sydney,Adam Goodes,6,9,6,37.5,2,1,2,1,0,97,2010,Round 11,2010-06-06,5078
Sydney,Heath Grundy,8,7,12,75.0,0,0,0,2,0,95,2010,Round 11,2010-06-06,5078
Sydney,Kieran Jack,7,9,9,56.2,1,2,0,1,0,83,2010,Round 11,2010-06-06,5078
Sydney,Craig Bird,7,8,8,53.3,0,0,0,3,0,70,2010,Round 11,2010-06-06,5078
Sydney,Shane Mumford,7,8,11,73.3,2,0,1,2,0,66,2010,Round 11,2010-06-06,5078
Sydney,Martin Mattner,4,8,8,57.1,0,0,0,2,1,92,2010,Round 11,2010-06-06,5078
Sydney,Rhyce Shaw,3,9,10,83.3,0,0,0,2,4,88,2010,Round 11,2010-06-06,5078
Sydney,Lewis Roberts Thomson,6,5,8,72.7,1,0,0,5,0,90,2010,Round 11,2010-06-06,5078
Sydney,Jesse White,6,4,9,81.8,1,0,1,0,0,96,2010,Round 11,2010-06-06,5078
Sydney,Daniel Hannebery,6,5,7,63.6,0,0,0,0,0,82,2010,Round 11,2010-06-06,5078
Sydney,Gary Rohan,5,5,7,63.6,0,0,0,1,0,84,2010,Round 11,2010-06-06,5078
Sydney,Lewis Jetta,6,3,2,20.0,0,0,0,2,0,75,2010,Round 11,2010-06-06,5078
Sydney,Paul Bevan,1,7,7,87.5,0,0,1,3,0,75,2010,Round 11,2010-06-06,5078
Sydney,Nick Smith 1,3,5,7,87.5,0,0,0,3,0,92,2010,Round 11,2010-06-06,5078
Sydney,Henry Playfair,3,4,5,71.4,1,0,0,0,0,83,2010,Round 11,2010-06-06,5078
Sydney,Mike Pyke,1,1,2,66.7,0,1,0,1,0,45,2010,Round 11,2010-06-06,5078
Essendon,Jobe Watson,8,17,16,64.0,0,0,1,1,0,81,2010,Round 11,2010-06-06,5078
Essendon,Brent Prismall,7,16,15,60.0,0,0,0,2,0,76,2010,Round 11,2010-06-06,5078
Essendon,Andrew Welsh,10,13,16,66.7,0,1,0,3,1,85,2010,Round 11,2010-06-06,5078
Essendon,Jason Winderlich,14,10,17,70.8,0,0,1,0,0,82,2010,Round 11,2010-06-06,5078
Essendon,Nathan Lovett Murray,7,17,14,60.9,0,2,1,0,0,79,2010,Round 11,2010-06-06,5078
Essendon,Mark Mcveigh,7,14,17,85.0,0,0,0,1,0,92,2010,Round 11,2010-06-06,5078
Essendon,Heath Hocking,8,11,13,68.4,0,0,0,6,0,94,2010,Round 11,2010-06-06,5078
Essendon,Michael Hurley,8,9,11,61.1,1,0,0,5,0,94,2010,Round 11,2010-06-06,5078
Essendon,Courtenay Dempsey,3,13,10,62.5,0,0,0,3,0,83,2010,Round 11,2010-06-06,5078
Essendon,Tayte Pears,6,7,14,93.3,0,0,0,2,0,94,2010,Round 11,2010-06-06,5078
Essendon,Jarrod Atkinson,3,10,8,57.1,0,0,0,3,1,95,2010,Round 11,2010-06-06,5078
Essendon,David Zaharakis,5,9,12,85.7,0,1,0,2,0,93,2010,Round 11,2010-06-06,5078
Essendon,Leroy Jetta,6,7,9,69.2,1,1,2,2,0,88,2010,Round 11,2010-06-06,5078
Essendon,Patrick Ryder,4,8,6,50.0,1,1,1,4,0,89,2010,Round 11,2010-06-06,5078
Essendon,Samuel Lonergan,8,3,9,75.0,0,0,0,1,0,87,2010,Round 11,2010-06-06,5078
Essendon,Alwyn Davey,8,5,8,66.7,1,0,2,1,0,88,2010,Round 11,2010-06-06,5078
Essendon,Ben Howlett,5,6,11,91.7,1,0,1,2,0,65,2010,Round 11,2010-06-06,5078
Essendon,Angus Monfries,4,7,5,45.5,0,0,0,0,0,48,2010,Round 11,2010-06-06,5078
Essendon,Jake Melksham,3,7,8,80.0,1,1,0,2,0,70,2010,Round 11,2010-06-06,5078
Essendon,Scott Gumbleton,4,4,6,75.0,2,0,1,2,0,94,2010,Round 11,2010-06-06,5078
Essendon,David Myers,3,4,2,33.3,0,0,0,6,0,87,2010,Round 11,2010-06-06,5078
Essendon,David Hille,1,1,1,50.0,1,0,1,1,0,36,2010,Round 11,2010-06-06,5078
Hawthorn,Brad Sewell,14,13,21,72.4,0,2,0,0,0,83,2010,Round 11,2010-06-06,5079
Hawthorn,Luke Hodge,12,13,19,73.1,4,0,1,2,0,90,2010,Round 11,2010-06-06,5079
Hawthorn,Brent Guerra,6,13,20,83.3,1,0,0,11,0,86,2010,Round 11,2010-06-06,5079
Hawthorn,Jordan Lewis,5,17,14,58.3,0,1,0,4,0,81,2010,Round 11,2010-06-06,5079
Hawthorn,Chance Bateman,3,19,12,57.1,0,0,1,2,0,87,2010,Round 11,2010-06-06,5079
Hawthorn,Grant Birchall,5,13,16,76.2,0,0,0,1,0,84,2010,Round 11,2010-06-06,5079
Hawthorn,Benjamin Stratton,6,11,13,72.2,2,0,0,13,0,100,2010,Round 11,2010-06-06,5079
Hawthorn,Sam Mitchell,8,10,8,47.1,0,0,0,1,0,90,2010,Round 11,2010-06-06,5079
Hawthorn,Rick Ladson,6,9,11,68.8,0,0,2,3,0,84,2010,Round 11,2010-06-06,5079
Hawthorn,Michael Osborne,5,10,11,73.3,0,0,2,2,0,86,2010,Round 11,2010-06-06,5079
Hawthorn,Xavier Ellis,5,10,8,53.3,0,1,0,2,0,79,2010,Round 11,2010-06-06,5079
Hawthorn,Shaun Burgoyne,5,7,10,71.4,0,0,0,1,0,80,2010,Round 11,2010-06-06,5079
Hawthorn,Stephen Gilham,7,6,13,92.9,0,0,0,3,0,97,2010,Round 11,2010-06-06,5079
Hawthorn,Cyril Rioli,8,5,10,71.4,0,2,1,0,0,86,2010,Round 11,2010-06-06,5079
Hawthorn,Brendan Whitecross,5,8,8,61.5,0,1,0,1,0,83,2010,Round 11,2010-06-06,5079
Hawthorn,Thomas Murphy,2,10,9,75.0,1,0,0,9,0,100,2010,Round 11,2010-06-06,5079
Hawthorn,Clinton Young,4,7,6,54.5,0,1,0,0,0,33,2010,Round 11,2010-06-06,5079
Hawthorn,Carl Peterson,4,7,8,72.7,0,0,0,2,0,67,2010,Round 11,2010-06-06,5079
Hawthorn,Liam Shiels,4,7,9,81.8,0,0,0,1,0,75,2010,Round 11,2010-06-06,5079
Hawthorn,Jarryd Roughead,3,6,6,66.7,0,0,1,4,0,94,2010,Round 11,2010-06-06,5079
Hawthorn,Wayde Skipper,5,2,5,71.4,0,0,0,5,0,61,2010,Round 11,2010-06-06,5079
Hawthorn,Brent Renouf,5,2,6,85.7,3,0,0,6,0,73,2010,Round 11,2010-06-06,5079
Port Adelaide,Danyle Pearce,8,18,19,65.5,0,0,0,2,0,86,2010,Round 11,2010-06-06,5079
Port Adelaide,Travis Boak,14,18,18,62.1,0,0,0,4,1,83,2010,Round 11,2010-06-06,5079
Port Adelaide,Kane Cornes,9,15,15,62.5,1,0,0,0,0,94,2010,Round 11,2010-06-06,5079
Port Adelaide,Steven Salopek,6,15,14,66.7,0,0,1,1,1,81,2010,Round 11,2010-06-06,5079
Port Adelaide,Domenic Cassisi,8,11,14,70.0,1,0,0,2,0,78,2010,Round 11,2010-06-06,5079
Port Adelaide,Tom Logan,6,14,16,80.0,0,0,1,4,1,86,2010,Round 11,2010-06-06,5079
Port Adelaide,David Rodan,11,8,12,63.2,0,0,0,0,5,74,2010,Round 11,2010-06-06,5079
Port Adelaide,Troy Chaplin,9,9,16,84.2,1,0,0,6,0,95,2010,Round 11,2010-06-06,5079
Port Adelaide,Matt Thomas,6,11,13,68.4,0,0,0,1,0,89,2010,Round 11,2010-06-06,5079
Port Adelaide,Alipate Carlile,2,15,14,77.8,0,0,0,9,0,96,2010,Round 11,2010-06-06,5079
Port Adelaide,Dean Brogan,8,7,11,68.8,2,0,0,4,0,81,2010,Round 11,2010-06-06,5079
Port Adelaide,Jason Davenport,8,4,12,85.7,1,0,1,0,0,73,2010,Round 11,2010-06-06,5079
Port Adelaide,Jay Nash,5,8,6,46.2,0,0,0,2,0,74,2010,Round 11,2010-06-06,5079
Port Adelaide,Matthew Broadbent,5,7,11,84.6,0,0,0,3,0,63,2010,Round 11,2010-06-06,5079
Port Adelaide,Jacob Surjan,2,7,9,75.0,0,0,0,4,0,97,2010,Round 11,2010-06-06,5079
Port Adelaide,Paul Stewart,4,7,11,91.7,0,0,0,1,0,78,2010,Round 11,2010-06-06,5079
Port Adelaide,Hamish Hartlett,8,6,4,33.3,0,0,0,0,0,68,2010,Round 11,2010-06-06,5079
Port Adelaide,Daniel Motlop,7,4,6,54.5,1,1,3,2,0,86,2010,Round 11,2010-06-06,5079
Port Adelaide,Brett Ebert,5,6,7,63.6,3,1,4,1,0,92,2010,Round 11,2010-06-06,5079
Port Adelaide,Jackson Trengove,1,7,6,75.0,0,0,0,1,0,75,2010,Round 11,2010-06-06,5079
Port Adelaide,Daniel Stewart,0,0,0,0.0,0,0,0,0,0,0,2010,Round 11,2010-06-06,5079
Port Adelaide,Chad Cornes,3,1,3,75.0,1,0,0,1,0,75,2010,Round 11,2010-06-06,5079
Collingwood,Dane Swan,9,24,22,62.9,0,1,1,2,0,79,2010,Round 11,2010-06-06,5080
Collingwood,Scott Pendlebury,15,18,23,69.7,0,3,1,1,1,84,2010,Round 11,2010-06-06,5080
Collingwood,Luke Ball,12,17,18,62.1,1,0,0,1,0,76,2010,Round 11,2010-06-06,5080
Collingwood,Dale Thomas,10,17,24,85.7,0,2,1,1,1,78,2010,Round 11,2010-06-06,5080
Collingwood,Alan Didak,4,20,20,80.0,1,0,3,1,0,78,2010,Round 11,2010-06-06,5080
Collingwood,Alan Toovey,12,9,14,63.6,0,1,0,5,0,100,2010,Round 11,2010-06-06,5080
Collingwood,Ben Reid,5,17,14,66.7,0,0,0,3,2,96,2010,Round 11,2010-06-06,5080
Collingwood,Heritier O Brien,10,9,15,75.0,1,1,0,5,4,100,2010,Round 11,2010-06-06,5080
Collingwood,Dayne Beams,6,16,17,85.0,2,1,2,0,0,63,2010,Round 11,2010-06-06,5080
Collingwood,Sharrod Wellingham,6,12,12,66.7,0,0,2,2,0,69,2010,Round 11,2010-06-06,5080
Collingwood,Leon Davis,10,5,11,68.8,1,2,2,1,0,87,2010,Round 11,2010-06-06,5080
Collingwood,Heath Shaw,5,11,12,75.0,2,0,0,5,6,100,2010,Round 11,2010-06-06,5080
Collingwood,Nick Maxwell,4,7,13,86.7,1,0,0,7,0,100,2010,Round 11,2010-06-06,5080
Collingwood,Brent Macaffer,3,12,13,86.7,0,0,0,1,1,78,2010,Round 11,2010-06-06,5080
Collingwood,Steele Sidebottom,7,9,12,80.0,0,1,0,2,0,79,2010,Round 11,2010-06-06,5080
Collingwood,Ben Johnson,4,10,11,78.6,0,0,0,1,1,66,2010,Round 11,2010-06-06,5080
Collingwood,Darren Jolly,4,10,9,64.3,1,2,2,4,2,75,2010,Round 11,2010-06-06,5080
Collingwood,Leigh Brown,6,6,9,69.2,2,0,2,2,0,83,2010,Round 11,2010-06-06,5080
Collingwood,Travis Cloke,4,9,7,53.8,1,0,1,1,1,92,2010,Round 11,2010-06-06,5080
Collingwood,Paul Medhurst,4,4,5,62.5,0,0,1,1,0,66,2010,Round 11,2010-06-06,5080
Collingwood,Josh Fraser,1,7,5,62.5,0,0,0,0,1,51,2010,Round 11,2010-06-06,5080
Collingwood,Simon Prestigiacomo,1,3,4,100.0,0,0,0,6,3,100,2010,Round 11,2010-06-06,5080
Western Bulldogs,Matthew Boyd,15,23,27,75.0,0,1,0,2,0,90,2010,Round 11,2010-06-06,5080
Western Bulldogs,Daniel Cross,15,14,22,78.6,1,0,1,5,0,85,2010,Round 11,2010-06-06,5080
Western Bulldogs,Adam Cooney,9,18,18,64.3,2,1,1,1,3,86,2010,Round 11,2010-06-06,5080
Western Bulldogs,Jarrod Harbrow,3,21,21,77.8,1,0,0,2,1,95,2010,Round 11,2010-06-06,5080
Western Bulldogs,Lindsay Gilbee,9,11,15,71.4,3,0,0,2,0,87,2010,Round 11,2010-06-06,5080
Western Bulldogs,Nathan Eagleton,4,13,14,73.7,1,1,0,1,1,73,2010,Round 11,2010-06-06,5080
Western Bulldogs,Brodie Moles,0,0,0,0.0,0,1,0,0,0,0,2010,Round 11,2010-06-06,5080
Western Bulldogs,Ryan Griffen,7,10,10,58.8,1,0,0,0,0,82,2010,Round 11,2010-06-06,5080
Western Bulldogs,Ben Hudson,8,8,12,75.0,1,0,0,1,0,67,2010,Round 11,2010-06-06,5080
Western Bulldogs,Dylan Addison,3,13,10,62.5,0,0,0,1,0,75,2010,Round 11,2010-06-06,5080
Western Bulldogs,Liam Picken,6,9,10,66.7,0,0,0,1,0,87,2010,Round 11,2010-06-06,5080
Western Bulldogs,Barry Hall,6,9,8,57.1,3,0,5,0,0,94,2010,Round 11,2010-06-06,5080
Western Bulldogs,Mitchell Hahn,5,9,9,64.3,0,0,0,8,0,82,2010,Round 11,2010-06-06,5080
Western Bulldogs,Brian Harris,8,6,6,42.9,4,1,3,5,0,90,2010,Round 11,2010-06-06,5080
Western Bulldogs,Josh Hill,8,4,10,76.9,1,1,2,0,1,88,2010,Round 11,2010-06-06,5080
Western Bulldogs,Daniel Giansiracusa,5,7,9,75.0,0,0,0,1,0,89,2010,Round 11,2010-06-06,5080
Western Bulldogs,Shaun Higgins,3,9,7,58.3,0,0,0,0,0,54,2010,Round 11,2010-06-06,5080
Western Bulldogs,Will Minson,8,3,7,63.6,2,0,2,4,0,72,2010,Round 11,2010-06-06,5080
Western Bulldogs,Jarrad Grant,6,5,9,81.8,0,0,1,4,3,79,2010,Round 11,2010-06-06,5080
Western Bulldogs,Brennan Stack,3,7,6,60.0,0,1,0,0,2,71,2010,Round 11,2010-06-06,5080
Western Bulldogs,Tom Williams,5,2,7,100.0,0,0,0,6,0,83,2010,Round 11,2010-06-06,5080
Western Bulldogs,Dale Morris,4,2,4,66.7,0,0,0,7,0,95,2010,Round 11,2010-06-06,5080
North Melbourne,Scott Thompson 1,14,14,27,93.1,1,0,0,6,0,100,2010,Round 12,2010-06-11,5017
North Melbourne,Scott Mcmahon,6,16,18,78.3,1,0,0,3,1,100,2010,Round 12,2010-06-11,5017
North Melbourne,Michael Firrito,9,13,17,77.3,0,2,0,4,2,100,2010,Round 12,2010-06-11,5017
North Melbourne,Daniel Pratt,9,12,17,85.0,0,0,0,5,0,92,2010,Round 12,2010-06-11,5017
North Melbourne,Lindsay Thomas,12,5,12,60.0,4,1,6,1,0,84,2010,Round 12,2010-06-11,5017
North Melbourne,Andrew Swallow,9,10,13,68.4,0,0,0,1,0,79,2010,Round 12,2010-06-11,5017
North Melbourne,Ryan Bastinac,3,15,16,84.2,0,1,0,1,1,69,2010,Round 12,2010-06-11,5017
North Melbourne,Brent Harvey,6,12,15,83.3,0,0,0,0,3,90,2010,Round 12,2010-06-11,5017
North Melbourne,Daniel Wells,7,12,15,83.3,1,1,0,1,0,78,2010,Round 12,2010-06-11,5017
North Melbourne,Nathan Grima,3,15,15,83.3,0,0,0,7,0,100,2010,Round 12,2010-06-11,5017
North Melbourne,Brady Rawlings,2,13,13,76.5,0,1,0,1,0,100,2010,Round 12,2010-06-11,5017
North Melbourne,Ben Warren,6,9,8,47.1,1,0,2,1,0,76,2010,Round 12,2010-06-11,5017
North Melbourne,Cruize Garlett,5,11,11,64.7,0,1,0,1,0,64,2010,Round 12,2010-06-11,5017
North Melbourne,Jack Ziebell,6,14,9,52.9,1,0,1,1,0,67,2010,Round 12,2010-06-11,5017
North Melbourne,Ed Lower,7,7,11,73.3,0,0,0,1,0,64,2010,Round 12,2010-06-11,5017
North Melbourne,Levi Greenwood,4,10,9,64.3,0,1,0,0,1,72,2010,Round 12,2010-06-11,5017
North Melbourne,Hamish Mcintosh,9,4,6,46.2,2,0,2,1,0,76,2010,Round 12,2010-06-11,5017
North Melbourne,Lachlan Hansen,8,3,5,41.7,2,0,2,3,0,93,2010,Round 12,2010-06-11,5017
North Melbourne,Ben Cunnington,5,6,8,66.7,1,0,0,0,0,66,2010,Round 12,2010-06-11,5017
North Melbourne,Todd Goldstein,3,7,7,70.0,2,0,0,1,0,84,2010,Round 12,2010-06-11,5017
North Melbourne,Samuel Wright,3,8,5,50.0,0,0,0,0,0,75,2010,Round 12,2010-06-11,5017
North Melbourne,Matt Campbell,2,4,3,60.0,0,1,0,2,0,71,2010,Round 12,2010-06-11,5017
Carlton,Bryce Gibbs,7,24,24,72.7,0,0,0,1,1,85,2010,Round 12,2010-06-11,5017
Carlton,Marc Murphy,7,19,20,80.0,0,0,0,2,2,85,2010,Round 12,2010-06-11,5017
Carlton,Chris Judd,11,13,18,78.3,1,3,1,3,0,80,2010,Round 12,2010-06-11,5017
Carlton,Kade Simpson,3,20,14,60.9,0,0,0,1,0,83,2010,Round 12,2010-06-11,5017
Carlton,Heath Scotland,5,16,12,60.0,0,0,1,0,0,88,2010,Round 12,2010-06-11,5017
Carlton,Richard Hadley,11,8,16,80.0,0,0,0,0,1,68,2010,Round 12,2010-06-11,5017
Carlton,Andrew Walker,5,15,17,85.0,0,0,0,1,0,94,2010,Round 12,2010-06-11,5017
Carlton,Bret Thornton,6,11,14,82.4,1,0,0,2,0,90,2010,Round 12,2010-06-11,5017
Carlton,Andrew Carrazzo,6,10,13,76.5,0,0,0,1,0,88,2010,Round 12,2010-06-11,5017
Carlton,Jarrad Waite,7,8,9,56.2,5,1,2,0,0,90,2010,Round 12,2010-06-11,5017
Carlton,Jordan Russell,4,8,13,81.2,0,0,0,3,0,93,2010,Round 12,2010-06-11,5017
Carlton,Dennis Armfield,4,11,11,68.8,0,0,0,2,0,89,2010,Round 12,2010-06-11,5017
Carlton,Aaron Joseph,4,13,11,68.8,0,0,0,3,0,75,2010,Round 12,2010-06-11,5017
Carlton,Ryan Houlihan,6,8,11,78.6,0,1,0,0,0,84,2010,Round 12,2010-06-11,5017
Carlton,Mitch Robinson,4,9,10,76.9,0,0,0,1,0,68,2010,Round 12,2010-06-11,5017
Carlton,Edward Betts,7,4,10,83.3,1,0,3,1,0,84,2010,Round 12,2010-06-11,5017
Carlton,Steven Browne,2,7,8,80.0,0,0,0,0,1,74,2010,Round 12,2010-06-11,5017
Carlton,Jeff Gartlett,2,8,7,70.0,0,1,0,0,4,80,2010,Round 12,2010-06-11,5017
Carlton,Michael Jamison,1,7,7,87.5,1,0,0,8,1,96,2010,Round 12,2010-06-11,5017
Carlton,Matthew Kreuzer,4,4,7,87.5,1,0,0,3,0,67,2010,Round 12,2010-06-11,5017
Carlton,Sam Jacobs,5,2,7,100.0,1,0,0,3,0,56,2010,Round 12,2010-06-11,5017
Carlton,Setanta O Hailpin,1,3,3,75.0,1,0,1,2,0,82,2010,Round 12,2010-06-11,5017
Hawthorn,Luke Hodge,12,19,22,68.8,0,0,2,3,1,84,2010,Round 12,2010-06-12,5018
Hawthorn,Sam Mitchell,11,20,18,58.1,0,0,0,2,0,88,2010,Round 12,2010-06-12,5018
Hawthorn,Jordan Lewis,7,21,21,75.0,1,3,0,2,0,76,2010,Round 12,2010-06-12,5018
Hawthorn,Cyril Rioli,10,17,22,81.5,0,0,0,2,1,84,2010,Round 12,2010-06-12,5018
Hawthorn,Xavier Ellis,5,19,21,87.5,0,0,0,3,0,72,2010,Round 12,2010-06-12,5018
Hawthorn,Grant Birchall,8,15,17,77.3,1,1,0,1,0,77,2010,Round 12,2010-06-12,5018
Hawthorn,Shaun Burgoyne,10,8,12,63.2,1,1,0,1,1,72,2010,Round 12,2010-06-12,5018
Hawthorn,Lance Franklin,6,13,14,77.8,2,1,3,4,0,90,2010,Round 12,2010-06-12,5018
Hawthorn,Brad Sewell,6,10,13,81.2,0,1,0,1,0,87,2010,Round 12,2010-06-12,5018
Hawthorn,Jarryd Roughead,7,11,11,68.8,0,0,1,4,0,88,2010,Round 12,2010-06-12,5018
Hawthorn,Thomas Murphy,4,12,12,75.0,1,0,0,3,0,92,2010,Round 12,2010-06-12,5018
Hawthorn,Brent Guerra,5,10,11,73.3,0,0,1,0,0,75,2010,Round 12,2010-06-12,5018
Hawthorn,Rick Ladson,3,9,10,76.9,0,0,0,0,0,78,2010,Round 12,2010-06-12,5018
Hawthorn,Carl Peterson,6,7,7,53.8,1,0,1,0,0,73,2010,Round 12,2010-06-12,5018
Hawthorn,Benjamin Stratton,4,9,10,76.9,1,0,0,4,0,96,2010,Round 12,2010-06-12,5018
Hawthorn,Brendan Whitecross,4,8,6,50.0,0,0,1,3,0,80,2010,Round 12,2010-06-12,5018
Hawthorn,Wayde Skipper,3,7,3,30.0,1,2,1,4,0,60,2010,Round 12,2010-06-12,5018
Hawthorn,Ryan Schoenmakers,3,8,7,70.0,0,0,0,3,0,100,2010,Round 12,2010-06-12,5018
Hawthorn,Stephen Gilham,3,5,9,100.0,0,0,0,3,0,92,2010,Round 12,2010-06-12,5018
Hawthorn,Beau Muston,0,9,7,77.8,0,1,1,3,0,90,2010,Round 12,2010-06-12,5018
Hawthorn,Brent Renouf,4,4,5,62.5,1,0,0,4,0,67,2010,Round 12,2010-06-12,5018
Hawthorn,Michael Osborne,4,3,6,85.7,0,1,1,1,0,80,2010,Round 12,2010-06-12,5018
Adelaide,Nathan Van Berlo,9,19,22,78.6,0,0,0,0,3,92,2010,Round 12,2010-06-12,5018
Adelaide,Richard Douglas,10,13,17,68.0,1,0,0,3,2,84,2010,Round 12,2010-06-12,5018
Adelaide,Michael Doughty,2,21,20,83.3,0,0,0,4,0,92,2010,Round 12,2010-06-12,5018
Adelaide,Brad Symes,2,20,15,68.2,0,0,0,1,0,85,2010,Round 12,2010-06-12,5018
Adelaide,David Mackay,4,18,19,86.4,0,0,0,2,1,85,2010,Round 12,2010-06-12,5018
Adelaide,Brent Reilly,6,15,16,76.2,0,2,0,2,0,84,2010,Round 12,2010-06-12,5018
Adelaide,Nathan Bock,4,17,16,76.2,2,0,0,5,2,94,2010,Round 12,2010-06-12,5018
Adelaide,Tony Armstrong,4,17,18,85.7,0,0,0,4,2,67,2010,Round 12,2010-06-12,5018
Adelaide,Simon Goodwin,7,14,14,70.0,0,0,0,1,0,86,2010,Round 12,2010-06-12,5018
Adelaide,Scott Stevens,5,12,16,80.0,3,0,0,3,1,92,2010,Round 12,2010-06-12,5018
Adelaide,Rory Sloane,9,9,15,88.2,0,0,1,2,1,77,2010,Round 12,2010-06-12,5018
Adelaide,Jared Petrenko,4,9,13,86.7,0,0,0,2,2,90,2010,Round 12,2010-06-12,5018
Adelaide,Ben Rutten,3,10,11,84.6,1,0,0,0,2,100,2010,Round 12,2010-06-12,5018
Adelaide,Ricky Henderson,3,9,7,58.3,1,0,0,0,0,73,2010,Round 12,2010-06-12,5018
Adelaide,Graham Johncock,3,6,8,72.7,0,0,0,0,0,91,2010,Round 12,2010-06-12,5018
Adelaide,Patrick Dangerfield,8,3,9,81.8,0,1,1,1,0,83,2010,Round 12,2010-06-12,5018
Adelaide,Scott Thompson,4,6,9,90.0,0,0,0,1,0,36,2010,Round 12,2010-06-12,5018
Adelaide,Jason Porplyzia,1,7,7,87.5,1,0,1,0,0,84,2010,Round 12,2010-06-12,5018
Adelaide,Kurt Tippett,5,3,4,50.0,3,1,5,1,0,95,2010,Round 12,2010-06-12,5018
Adelaide,Jonathon Griffin,2,5,4,57.1,0,0,0,1,0,63,2010,Round 12,2010-06-12,5018
Adelaide,Taylor Walker,4,2,3,42.9,2,0,3,0,0,86,2010,Round 12,2010-06-12,5018
Adelaide,Ivan Maric,4,0,2,50.0,0,0,0,1,0,61,2010,Round 12,2010-06-12,5018
Essendon,Jobe Watson,12,16,18,64.3,1,0,0,1,2,78,2010,Round 12,2010-06-12,5019
Essendon,Courtenay Dempsey,6,16,16,72.7,0,1,0,3,4,87,2010,Round 12,2010-06-12,5019
Essendon,Nathan Lovett Murray,9,11,13,65.0,1,0,0,3,0,75,2010,Round 12,2010-06-12,5019
Essendon,Mark Mcveigh,6,11,14,82.4,0,1,0,6,0,92,2010,Round 12,2010-06-12,5019
Essendon,Jason Winderlich,4,13,13,76.5,0,1,0,0,0,68,2010,Round 12,2010-06-12,5019
Essendon,Brent Stanton,6,10,12,80.0,0,1,2,3,1,74,2010,Round 12,2010-06-12,5019
Essendon,Scott Gumbleton,7,7,9,60.0,1,0,2,0,0,88,2010,Round 12,2010-06-12,5019
Essendon,Alwyn Davey,10,5,11,73.3,1,0,1,1,1,83,2010,Round 12,2010-06-12,5019
Essendon,Michael Hurley,6,9,12,80.0,0,0,2,3,0,90,2010,Round 12,2010-06-12,5019
Essendon,Dustin Fletcher,2,11,13,92.9,0,0,0,8,0,92,2010,Round 12,2010-06-12,5019
Essendon,Samuel Lonergan,6,7,8,57.1,0,0,0,1,0,87,2010,Round 12,2010-06-12,5019
Essendon,Tayte Pears,4,10,8,57.1,1,0,0,0,0,93,2010,Round 12,2010-06-12,5019
Essendon,David Zaharakis,3,12,11,78.6,0,0,0,1,0,89,2010,Round 12,2010-06-12,5019
Essendon,Andrew Welsh,4,8,11,84.6,1,2,1,1,1,78,2010,Round 12,2010-06-12,5019
Essendon,Tom Bellchambers,5,8,10,76.9,1,0,1,0,0,67,2010,Round 12,2010-06-12,5019
Essendon,Jake Melksham,3,11,8,61.5,0,0,1,1,3,79,2010,Round 12,2010-06-12,5019
Essendon,Patrick Ryder,8,4,6,50.0,2,0,0,2,0,86,2010,Round 12,2010-06-12,5019
Essendon,Leroy Jetta,5,5,9,81.8,0,1,0,2,0,85,2010,Round 12,2010-06-12,5019
Essendon,David Myers,2,8,6,60.0,0,1,0,2,0,67,2010,Round 12,2010-06-12,5019
Essendon,Rick Dyson,0,8,8,88.9,0,0,1,2,0,74,2010,Round 12,2010-06-12,5019
Essendon,Heath Hocking,1,8,7,77.8,0,0,0,1,0,80,2010,Round 12,2010-06-12,5019
Essendon,Henry Slattery,2,7,5,62.5,0,0,0,1,0,88,2010,Round 12,2010-06-12,5019
Geelong,Gary Jnr Ablett,11,23,25,73.5,1,2,1,1,0,91,2010,Round 12,2010-06-12,5019
Geelong,James Kelly,13,18,25,78.1,0,1,0,5,0,86,2010,Round 12,2010-06-12,5019
Geelong,James Bartel,9,19,20,71.4,0,1,3,2,0,88,2010,Round 12,2010-06-12,5019
Geelong,Paul Chapman,9,17,17,68.0,0,0,0,2,0,87,2010,Round 12,2010-06-12,5019
Geelong,Corey Enright,9,14,20,83.3,1,0,0,2,0,85,2010,Round 12,2010-06-12,5019
Geelong,Mathew Stokes,6,19,21,87.5,0,3,1,1,0,73,2010,Round 12,2010-06-12,5019
Geelong,Joel Selwood,10,17,17,70.8,0,0,0,1,0,83,2010,Round 12,2010-06-12,5019
Geelong,Shannon Byrnes,3,19,20,90.9,0,1,4,0,6,81,2010,Round 12,2010-06-12,5019
Geelong,Andrew Mackie,2,19,15,71.4,1,0,0,2,1,85,2010,Round 12,2010-06-12,5019
Geelong,David Wojcinski,5,14,15,78.9,1,1,0,4,1,88,2010,Round 12,2010-06-12,5019
Geelong,Travis Varcoe,6,13,16,84.2,0,1,2,2,0,80,2010,Round 12,2010-06-12,5019
Geelong,Darren Milburn,3,13,16,88.9,1,0,0,1,0,84,2010,Round 12,2010-06-12,5019
Geelong,Steve Johnson,6,11,10,55.6,1,1,6,3,0,88,2010,Round 12,2010-06-12,5019
Geelong,Cameron Ling,5,12,12,70.6,2,1,0,2,0,79,2010,Round 12,2010-06-12,5019
Geelong,James Podsiadly,8,9,12,70.6,5,1,5,6,0,82,2010,Round 12,2010-06-12,5019
Geelong,Simon Hogan,7,10,12,75.0,0,0,0,0,1,73,2010,Round 12,2010-06-12,5019
Geelong,Taylor Hunt,2,13,10,66.7,0,2,2,1,1,71,2010,Round 12,2010-06-12,5019
Geelong,Mark Blake,6,7,11,84.6,1,0,0,1,0,61,2010,Round 12,2010-06-12,5019
Geelong,Harry Taylor,4,7,10,83.3,2,0,0,5,0,92,2010,Round 12,2010-06-12,5019
Geelong,Joshua Hunt,1,10,9,90.0,0,0,0,2,0,86,2010,Round 12,2010-06-12,5019
Geelong,Tom Lonergan,1,7,7,87.5,0,0,0,0,0,93,2010,Round 12,2010-06-12,5019
Geelong,Trent West,3,5,6,85.7,0,0,0,2,0,62,2010,Round 12,2010-06-12,5019
Port Adelaide,Kane Cornes,17,16,19,59.4,0,0,0,0,0,97,2010,Round 12,2010-06-12,5020
Port Adelaide,Hamish Hartlett,15,12,15,60.0,2,0,0,1,1,58,2010,Round 12,2010-06-12,5020
Port Adelaide,Chad Cornes,7,12,13,65.0,1,0,0,9,2,90,2010,Round 12,2010-06-12,5020
Port Adelaide,Tom Logan,9,11,10,50.0,0,0,0,1,0,75,2010,Round 12,2010-06-12,5020
Port Adelaide,Jacob Surjan,6,10,13,72.2,1,0,0,5,2,84,2010,Round 12,2010-06-12,5020
Port Adelaide,Domenic Cassisi,8,10,14,82.4,0,0,0,2,0,76,2010,Round 12,2010-06-12,5020
Port Adelaide,Travis Boak,9,8,12,70.6,0,0,0,1,0,82,2010,Round 12,2010-06-12,5020
Port Adelaide,Paul Stewart,7,8,13,76.5,1,0,0,7,1,94,2010,Round 12,2010-06-12,5020
Port Adelaide,Matt Thomas,5,11,12,75.0,1,0,1,4,0,77,2010,Round 12,2010-06-12,5020
Port Adelaide,David Rodan,6,9,8,53.3,1,0,0,2,0,77,2010,Round 12,2010-06-12,5020
Port Adelaide,Danyle Pearce,6,8,13,86.7,0,0,0,2,2,95,2010,Round 12,2010-06-12,5020
Port Adelaide,Jason Davenport,5,9,8,57.1,0,1,1,2,1,86,2010,Round 12,2010-06-12,5020
Port Adelaide,Dean Brogan,6,7,11,84.6,1,0,0,6,0,86,2010,Round 12,2010-06-12,5020
Port Adelaide,Daniel Motlop,5,9,10,76.9,1,1,2,3,1,83,2010,Round 12,2010-06-12,5020
Port Adelaide,Steven Salopek,4,10,10,76.9,0,1,0,1,0,58,2010,Round 12,2010-06-12,5020
Port Adelaide,Jay Nash,5,8,11,84.6,0,0,0,4,1,81,2010,Round 12,2010-06-12,5020
Port Adelaide,Brett Ebert,5,6,4,36.4,0,0,2,0,0,82,2010,Round 12,2010-06-12,5020
Port Adelaide,Cameron Hitchcock,2,9,4,36.4,0,0,2,1,0,91,2010,Round 12,2010-06-12,5020
Port Adelaide,Troy Chaplin,4,5,6,66.7,0,0,0,5,0,95,2010,Round 12,2010-06-12,5020
Port Adelaide,Jackson Trengove,4,5,6,66.7,1,0,0,3,0,74,2010,Round 12,2010-06-12,5020
Port Adelaide,Alipate Carlile,0,7,8,100.0,0,0,0,6,0,96,2010,Round 12,2010-06-12,5020
Port Adelaide,Matthew Lobbe,1,0,1,100.0,0,0,0,4,0,61,2010,Round 12,2010-06-12,5020
Sydney,Nick Malceski,10,24,23,65.7,1,1,0,4,2,91,2010,Round 12,2010-06-12,5020
Sydney,Ryan O Keefe,11,17,19,67.9,1,1,0,1,0,87,2010,Round 12,2010-06-12,5020
Sydney,Jude Bolton,9,17,18,69.2,0,1,1,2,0,83,2010,Round 12,2010-06-12,5020
Sydney,Heath Grundy,3,18,20,87.0,0,0,0,1,0,94,2010,Round 12,2010-06-12,5020
Sydney,Brett Kirk,5,17,19,86.4,0,0,1,1,0,83,2010,Round 12,2010-06-12,5020
Sydney,Jarrad Mcveigh,5,15,16,76.2,0,0,1,1,1,89,2010,Round 12,2010-06-12,5020
Sydney,Craig Bird,6,15,17,81.0,1,0,1,4,0,83,2010,Round 12,2010-06-12,5020
Sydney,Martin Mattner,9,10,13,65.0,1,0,0,1,0,90,2010,Round 12,2010-06-12,5020
Sydney,Daniel Hannebery,6,12,14,73.7,0,0,0,1,0,75,2010,Round 12,2010-06-12,5020
Sydney,Lewis Roberts Thomson,5,13,15,83.3,1,0,0,7,0,92,2010,Round 12,2010-06-12,5020
Sydney,Adam Goodes,8,9,14,82.4,3,0,3,3,0,100,2010,Round 12,2010-06-12,5020
Sydney,Tadhg Kennelly,0,13,13,81.2,0,0,0,2,2,89,2010,Round 12,2010-06-12,5020
Sydney,Ben Mcglynn,6,9,14,87.5,0,2,1,0,0,75,2010,Round 12,2010-06-12,5020
Sydney,Kieran Jack,9,6,12,75.0,0,0,1,4,0,75,2010,Round 12,2010-06-12,5020
Sydney,Paul Bevan,0,12,13,86.7,0,0,0,4,0,89,2010,Round 12,2010-06-12,5020
Sydney,Josh P  Kennedy,9,7,9,60.0,0,1,0,0,0,69,2010,Round 12,2010-06-12,5020
Sydney,Patrick Veszpremi,4,10,9,64.3,1,1,0,1,0,62,2010,Round 12,2010-06-12,5020
Sydney,Nick Smith 1,9,4,5,38.5,0,0,0,1,0,95,2010,Round 12,2010-06-12,5020
Sydney,Gary Rohan,3,6,8,88.9,0,0,0,2,0,76,2010,Round 12,2010-06-12,5020
Sydney,Shane Mumford,3,4,5,62.5,0,1,0,7,0,66,2010,Round 12,2010-06-12,5020
Sydney,Mike Pyke,5,2,6,85.7,2,0,0,1,0,42,2010,Round 12,2010-06-12,5020
Sydney,Jesse White,5,1,5,83.3,0,1,0,2,0,93,2010,Round 12,2010-06-12,5020
Richmond,Brett Deledio,7,17,21,80.8,2,0,0,7,0,88,2010,Round 12,2010-06-13,5021
Richmond,Shane Tuck,13,12,18,72.0,1,2,1,1,0,87,2010,Round 12,2010-06-13,5021
Richmond,Daniel Jackson,9,14,10,43.5,0,0,0,2,0,88,2010,Round 12,2010-06-13,5021
Richmond,Shane Edwards,8,12,12,60.0,0,2,0,4,2,82,2010,Round 12,2010-06-13,5021
Richmond,Trent Cotchin,10,10,13,65.0,0,0,0,1,0,75,2010,Round 12,2010-06-13,5021
Richmond,Dustin Martin,7,13,14,70.0,0,0,0,2,0,84,2010,Round 12,2010-06-13,5021
Richmond,Jack Riewoldt,14,4,14,73.7,7,0,9,1,0,96,2010,Round 12,2010-06-13,5021
Richmond,Andrew Collins 1,5,14,13,68.4,1,1,3,2,1,91,2010,Round 12,2010-06-13,5021
Richmond,Luke Mcguane,3,14,15,83.3,2,0,0,3,0,92,2010,Round 12,2010-06-13,5021
Richmond,Daniel Connors,6,13,15,83.3,0,0,0,1,0,80,2010,Round 12,2010-06-13,5021
Richmond,Ben Cousins,4,13,17,100.0,0,0,0,1,1,73,2010,Round 12,2010-06-13,5021
Richmond,Chris Newman,3,13,10,58.8,0,0,0,6,1,88,2010,Round 12,2010-06-13,5021
Richmond,Jake King,9,8,11,64.7,0,0,0,2,0,95,2010,Round 12,2010-06-13,5021
Richmond,Matthew White,5,12,10,62.5,1,2,1,1,0,82,2010,Round 12,2010-06-13,5021
Richmond,Ben Nason,7,10,13,81.2,1,0,1,3,0,85,2010,Round 12,2010-06-13,5021
Richmond,Mitchell Farmer,7,9,11,73.3,0,0,1,2,0,76,2010,Round 12,2010-06-13,5021
Richmond,Angus Graham,9,5,12,85.7,2,0,0,3,0,69,2010,Round 12,2010-06-13,5021
Richmond,Kelvin Moore,4,9,11,84.6,1,0,0,3,0,74,2010,Round 12,2010-06-13,5021
Richmond,Richard Tambling,4,9,9,69.2,0,0,0,4,3,72,2010,Round 12,2010-06-13,5021
Richmond,Tyrone Vickery,6,5,11,100.0,1,1,1,0,0,50,2010,Round 12,2010-06-13,5021
Richmond,David Astbury,1,6,6,85.7,0,0,0,6,0,87,2010,Round 12,2010-06-13,5021
Richmond,Benjamin Griffiths,2,1,3,100.0,0,0,0,1,0,86,2010,Round 12,2010-06-13,5021
West Coast,Andrew Embley,13,18,16,53.3,0,1,0,2,1,84,2010,Round 12,2010-06-13,5021
West Coast,Matthew Priddis,16,12,22,78.6,0,0,1,1,0,83,2010,Round 12,2010-06-13,5021
West Coast,Beau Waters,9,19,19,70.4,3,0,1,1,1,89,2010,Round 12,2010-06-13,5021
West Coast,Matthew Rosa,5,23,21,80.8,0,0,0,1,0,80,2010,Round 12,2010-06-13,5021
West Coast,Bradd Dalziell,6,17,20,87.0,1,0,0,0,0,75,2010,Round 12,2010-06-13,5021
West Coast,Dean Cox,10,12,15,68.2,2,0,0,0,0,81,2010,Round 12,2010-06-13,5021
West Coast,Bradley Ebert,5,17,12,60.0,0,0,1,1,1,84,2010,Round 12,2010-06-13,5021
West Coast,Lewis Stevenson,7,11,12,66.7,0,0,0,3,0,82,2010,Round 12,2010-06-13,5021
West Coast,Joshua Kennedy,10,7,13,76.5,3,4,1,0,0,91,2010,Round 12,2010-06-13,5021
West Coast,Mark Lecras,4,9,8,57.1,0,1,1,0,1,93,2010,Round 12,2010-06-13,5021
West Coast,Shannon Hurn,4,4,11,78.6,0,0,0,1,0,95,2010,Round 12,2010-06-13,5021
West Coast,Benjamin Mckinley,2,11,10,71.4,0,0,5,1,1,89,2010,Round 12,2010-06-13,5021
West Coast,Scott Selwood,3,11,12,85.7,0,0,0,2,0,78,2010,Round 12,2010-06-13,5021
West Coast,Patrick Mcginnity,5,9,10,71.4,0,0,0,1,0,88,2010,Round 12,2010-06-13,5021
West Coast,Mitchell Brown,4,9,9,69.2,1,0,0,1,0,79,2010,Round 12,2010-06-13,5021
West Coast,Brett Jones,2,10,10,83.3,2,0,0,2,0,81,2010,Round 12,2010-06-13,5021
West Coast,Eric Mackenzie,3,7,10,90.9,0,0,0,2,0,91,2010,Round 12,2010-06-13,5021
West Coast,Beau Wilkes,2,8,6,60.0,1,1,0,5,0,73,2010,Round 12,2010-06-13,5021
West Coast,Will Schofield,3,7,7,70.0,0,0,0,12,0,89,2010,Round 12,2010-06-13,5021
West Coast,Bradley Sheppard,4,6,8,80.0,0,0,0,1,1,65,2010,Round 12,2010-06-13,5021
West Coast,Nicholas Naitanui,7,3,4,44.4,0,0,0,1,0,79,2010,Round 12,2010-06-13,5021
West Coast,Mark Nicoski,0,5,5,100.0,0,0,0,2,0,52,2010,Round 12,2010-06-13,5021
Western Bulldogs,Matthew Boyd,8,25,22,71.0,0,0,0,1,0,90,2010,Round 12,2010-06-13,5022
Western Bulldogs,Daniel Cross,13,19,28,90.3,0,1,1,0,0,86,2010,Round 12,2010-06-13,5022
Western Bulldogs,Adam Cooney,13,19,24,80.0,1,0,0,2,0,84,2010,Round 12,2010-06-13,5022
Western Bulldogs,Ryan Griffen,6,20,16,57.1,0,1,1,1,4,83,2010,Round 12,2010-06-13,5022
Western Bulldogs,Robert Murphy,3,22,22,88.0,1,0,0,1,2,72,2010,Round 12,2010-06-13,5022
Western Bulldogs,Jarrod Harbrow,5,20,17,70.8,0,0,0,1,0,89,2010,Round 12,2010-06-13,5022
Western Bulldogs,Daniel Giansiracusa,11,9,16,72.7,3,4,6,0,1,86,2010,Round 12,2010-06-13,5022
Western Bulldogs,Lindsay Gilbee,2,18,17,77.3,0,0,0,3,0,84,2010,Round 12,2010-06-13,5022
Western Bulldogs,Brian Harris,10,12,20,90.9,4,0,0,2,0,97,2010,Round 12,2010-06-13,5022
Western Bulldogs,Mitchell Hahn,5,16,15,71.4,0,3,3,2,0,89,2010,Round 12,2010-06-13,5022
Western Bulldogs,Ben Hudson,12,9,12,57.1,0,0,0,4,0,76,2010,Round 12,2010-06-13,5022
Western Bulldogs,Barry Hall,7,12,14,82.4,4,0,11,0,0,93,2010,Round 12,2010-06-13,5022
Western Bulldogs,Will Minson,11,7,10,58.8,3,1,3,1,0,82,2010,Round 12,2010-06-13,5022
Western Bulldogs,Easton Wood,4,13,12,75.0,0,1,0,1,2,73,2010,Round 12,2010-06-13,5022
Western Bulldogs,Nathan Eagleton,2,13,12,80.0,0,0,0,1,0,74,2010,Round 12,2010-06-13,5022
Western Bulldogs,Jarrad Grant,4,11,9,60.0,0,0,2,1,1,84,2010,Round 12,2010-06-13,5022
Western Bulldogs,Liam Picken,6,9,11,73.3,0,1,0,1,0,90,2010,Round 12,2010-06-13,5022
Western Bulldogs,Brodie Moles,0,0,0,0.0,0,0,0,0,0,0,2010,Round 12,2010-06-13,5022
Western Bulldogs,Dale Morris,6,8,12,92.3,0,0,0,10,0,100,2010,Round 12,2010-06-13,5022
Western Bulldogs,Josh Hill,3,10,11,84.6,0,1,2,2,0,79,2010,Round 12,2010-06-13,5022
Western Bulldogs,Brennan Stack,6,5,10,83.3,1,1,1,0,0,78,2010,Round 12,2010-06-13,5022
Western Bulldogs,Tom Williams,0,2,2,100.0,0,0,0,1,0,34,2010,Round 12,2010-06-13,5022
Brisbane Lions,Simon Black,10,18,20,71.4,0,0,0,1,1,78,2010,Round 12,2010-06-13,5022
Brisbane Lions,Michael Rischitelli,10,16,18,69.2,1,1,1,0,0,78,2010,Round 12,2010-06-13,5022
Brisbane Lions,Tom Rockliff,7,17,18,72.0,0,1,0,2,0,73,2010,Round 12,2010-06-13,5022
Brisbane Lions,Daniel Rich,10,14,15,68.2,0,0,0,2,0,75,2010,Round 12,2010-06-13,5022
Brisbane Lions,Luke Power,6,16,11,52.4,0,0,0,3,0,86,2010,Round 12,2010-06-13,5022
Brisbane Lions,Andrew Raines,4,15,17,89.5,0,0,0,0,2,90,2010,Round 12,2010-06-13,5022
Brisbane Lions,Jack Redden,5,13,14,73.7,1,0,1,1,0,76,2010,Round 12,2010-06-13,5022
Brisbane Lions,James Hawksley,6,12,15,83.3,0,0,0,5,0,84,2010,Round 12,2010-06-13,5022
Brisbane Lions,Jared Brennan,4,13,10,62.5,0,0,0,5,2,84,2010,Round 12,2010-06-13,5022
Brisbane Lions,Tom Collier,2,14,15,93.8,0,0,0,1,0,75,2010,Round 12,2010-06-13,5022
Brisbane Lions,Todd Banfield,7,9,10,62.5,1,1,0,1,0,74,2010,Round 12,2010-06-13,5022
Brisbane Lions,Troy Selwood,6,9,11,73.3,1,0,0,1,0,77,2010,Round 12,2010-06-13,5022
Brisbane Lions,Mitchell Clark,2,12,9,64.3,0,0,1,1,0,74,2010,Round 12,2010-06-13,5022
Brisbane Lions,Travis Johnstone,6,9,8,61.5,0,0,0,1,2,81,2010,Round 12,2010-06-13,5022
Brisbane Lions,Brent Staker,3,10,11,84.6,0,1,0,1,0,81,2010,Round 12,2010-06-13,5022
Brisbane Lions,Amon Buchanan,3,10,9,69.2,1,0,4,1,0,74,2010,Round 12,2010-06-13,5022
Brisbane Lions,Justin Sherman,3,9,9,75.0,0,1,0,1,2,85,2010,Round 12,2010-06-13,5022
Brisbane Lions,Matthew Leuenberger,2,10,8,66.7,0,0,0,4,0,87,2010,Round 12,2010-06-13,5022
Brisbane Lions,Sam Sheldon,5,8,8,66.7,0,0,0,0,0,84,2010,Round 12,2010-06-13,5022
Brisbane Lions,Joel Patfull,5,6,8,72.7,0,0,0,3,0,97,2010,Round 12,2010-06-13,5022
Brisbane Lions,Daniel Merrett,4,5,8,88.9,0,0,0,8,1,87,2010,Round 12,2010-06-13,5022
Brisbane Lions,Brendan Fevola,3,3,2,33.3,1,0,3,2,0,100,2010,Round 12,2010-06-13,5022
Fremantle,David Mundy,9,20,17,60.7,1,0,1,1,2,71,2010,Round 12,2010-06-13,5023
Fremantle,Michael Barlow,7,20,18,69.2,0,1,2,0,0,86,2010,Round 12,2010-06-13,5023
Fremantle,Paul Duffield,5,15,15,68.2,0,0,1,2,2,92,2010,Round 12,2010-06-13,5023
Fremantle,Matthew Pavlich,6,15,12,57.1,0,2,1,2,0,90,2010,Round 12,2010-06-13,5023
Fremantle,Kepler Bradley,7,12,14,73.7,3,0,1,1,0,79,2010,Round 12,2010-06-13,5023
Fremantle,Hayden Ballantyne,7,13,11,57.9,0,1,3,1,4,86,2010,Round 12,2010-06-13,5023
Fremantle,Aaron Sandilands,8,8,11,68.8,2,0,0,1,0,83,2010,Round 12,2010-06-13,5023
Fremantle,Byron Schammer,6,8,11,73.3,0,0,1,0,0,73,2010,Round 12,2010-06-13,5023
Fremantle,Roger Hayden,3,10,10,71.4,0,2,0,0,0,83,2010,Round 12,2010-06-13,5023
Fremantle,Anthony Morabito,6,8,10,71.4,1,0,1,2,0,80,2010,Round 12,2010-06-13,5023
Fremantle,Paul Hasleby,5,7,9,69.2,0,0,1,2,0,72,2010,Round 12,2010-06-13,5023
Fremantle,Stephen Hill,6,7,10,76.9,0,0,0,2,1,93,2010,Round 12,2010-06-13,5023
Fremantle,Alex Silvagni,6,7,6,46.2,1,0,0,3,0,76,2010,Round 12,2010-06-13,5023
Fremantle,Antoni Grover,3,9,11,91.7,0,0,0,5,0,93,2010,Round 12,2010-06-13,5023
Fremantle,Garrick Ibbotson,2,9,10,83.3,1,0,0,2,0,83,2010,Round 12,2010-06-13,5023
Fremantle,Nicholas Suban,3,10,7,58.3,0,0,0,1,0,72,2010,Round 12,2010-06-13,5023
Fremantle,Adam Mcphee,2,9,7,63.6,0,0,0,1,0,82,2010,Round 12,2010-06-13,5023
Fremantle,Ryan Crowley,5,6,8,72.7,0,0,0,0,0,89,2010,Round 12,2010-06-13,5023
Fremantle,Nathan Fyfe,5,6,5,45.5,1,1,0,1,0,85,2010,Round 12,2010-06-13,5023
Fremantle,Chris Tarrant,4,4,5,71.4,0,0,0,6,0,96,2010,Round 12,2010-06-13,5023
Fremantle,Jay Van Berlo,4,3,6,85.7,0,0,0,2,0,76,2010,Round 12,2010-06-13,5023
Fremantle,Zachary Clarke,1,1,1,50.0,0,0,1,1,0,61,2010,Round 12,2010-06-13,5023
St Kilda,Brendon Goddard,14,15,23,69.7,3,1,1,6,3,86,2010,Round 12,2010-06-13,5023
St Kilda,Nick Dal Santo,8,16,16,66.7,0,2,0,0,2,90,2010,Round 12,2010-06-13,5023
St Kilda,Sam Gilbert,7,15,13,59.1,3,1,0,3,1,95,2010,Round 12,2010-06-13,5023
St Kilda,Adam Schneider,5,16,16,76.2,3,2,2,1,0,80,2010,Round 12,2010-06-13,5023
St Kilda,Farren Ray,6,15,17,81.0,0,1,1,3,2,83,2010,Round 12,2010-06-13,5023
St Kilda,Sam Fisher,2,18,19,95.0,0,0,0,3,0,100,2010,Round 12,2010-06-13,5023
St Kilda,James Gwilt,1,18,19,95.0,0,0,0,2,0,89,2010,Round 12,2010-06-13,5023
St Kilda,Lenny Hayes,6,10,13,76.5,0,0,0,2,0,84,2010,Round 12,2010-06-13,5023
St Kilda,Leigh Montagna,11,7,10,58.8,0,0,0,0,0,82,2010,Round 12,2010-06-13,5023
St Kilda,Andrew Mcqualter,4,13,13,76.5,1,0,2,0,0,83,2010,Round 12,2010-06-13,5023
St Kilda,Justin Koschitzke,10,7,9,56.2,4,1,3,1,0,77,2010,Round 12,2010-06-13,5023
St Kilda,Jarryn Geary,5,11,14,87.5,0,0,0,0,0,98,2010,Round 12,2010-06-13,5023
St Kilda,Brett Peake,4,11,8,57.1,0,0,0,0,4,77,2010,Round 12,2010-06-13,5023
St Kilda,Stephen Milne,8,5,9,69.2,1,0,1,3,5,93,2010,Round 12,2010-06-13,5023
St Kilda,Clinton Jones,6,7,9,69.2,0,0,0,2,0,90,2010,Round 12,2010-06-13,5023
St Kilda,Jason Blake,1,11,12,100.0,1,0,0,5,0,100,2010,Round 12,2010-06-13,5023
St Kilda,Robert Eddy,6,7,9,75.0,1,0,0,1,0,71,2010,Round 12,2010-06-13,5023
St Kilda,Steven Baker,5,7,6,54.5,0,0,0,0,1,94,2010,Round 12,2010-06-13,5023
St Kilda,Michael S  Gardiner,3,6,7,77.8,1,0,0,2,0,67,2010,Round 12,2010-06-13,5023
St Kilda,Ben Mcevoy,2,6,7,87.5,1,0,1,4,0,65,2010,Round 12,2010-06-13,5023
St Kilda,Rhys Stanley,6,3,4,50.0,1,0,1,2,2,81,2010,Round 12,2010-06-13,5023
St Kilda,Raphael Clarke,1,3,4,100.0,0,0,0,1,0,15,2010,Round 12,2010-06-13,5023
Melbourne,Brent Moloney,13,26,26,68.4,0,0,0,1,2,79,2010,Round 12,2010-06-14,5024
Melbourne,Aaron Davey,4,22,20,71.4,1,0,1,1,5,82,2010,Round 12,2010-06-14,5024
Melbourne,Mark Jamar,9,16,21,84.0,3,1,3,0,0,82,2010,Round 12,2010-06-14,5024
Melbourne,Cale Morton,2,24,20,80.0,0,1,0,1,5,88,2010,Round 12,2010-06-14,5024
Melbourne,Cameron Bruce,8,15,15,62.5,1,0,0,2,0,80,2010,Round 12,2010-06-14,5024
Melbourne,Colin Garland,7,16,19,79.2,1,0,0,7,0,81,2010,Round 12,2010-06-14,5024
Melbourne,James Frawley,8,15,19,82.6,0,0,0,3,0,90,2010,Round 12,2010-06-14,5024
Melbourne,Tom Scully,5,18,14,60.9,0,0,0,0,0,81,2010,Round 12,2010-06-14,5024
Melbourne,Nathan Jones,10,11,13,61.9,0,0,0,2,0,78,2010,Round 12,2010-06-14,5024
Melbourne,Brad Green,7,12,10,52.6,3,2,4,0,0,99,2010,Round 12,2010-06-14,5024
Melbourne,Clint Bartram,7,11,14,77.8,0,0,0,2,2,84,2010,Round 12,2010-06-14,5024
Melbourne,Jack Grimes,2,16,14,82.4,1,0,0,2,0,83,2010,Round 12,2010-06-14,5024
Melbourne,Jack Trengove,5,11,13,81.2,0,0,0,1,1,83,2010,Round 12,2010-06-14,5024
Melbourne,Neville Jetta,3,10,13,86.7,0,0,0,0,1,81,2010,Round 12,2010-06-14,5024
Melbourne,Brad Miller,5,9,12,85.7,0,1,1,1,0,87,2010,Round 12,2010-06-14,5024
Melbourne,Jared Rivers,2,12,14,100.0,0,0,0,6,0,90,2010,Round 12,2010-06-14,5024
Melbourne,Matthew Bate,3,12,12,85.7,0,1,2,1,0,80,2010,Round 12,2010-06-14,5024
Melbourne,Jordie Mckenzie,5,8,11,91.7,0,0,0,0,0,68,2010,Round 12,2010-06-14,5024
Melbourne,Matthew Warnock,5,6,10,90.9,0,0,0,12,0,94,2010,Round 12,2010-06-14,5024
Melbourne,Jack Watts,4,9,10,90.9,0,1,1,1,0,71,2010,Round 12,2010-06-14,5024
Melbourne,Jordan Gysberts,3,7,7,70.0,0,0,0,0,0,53,2010,Round 12,2010-06-14,5024
Melbourne,Lynden Dunn,3,3,5,71.4,1,1,3,0,0,88,2010,Round 12,2010-06-14,5024
Collingwood,Dane Swan,19,20,25,65.8,2,0,0,1,0,83,2010,Round 12,2010-06-14,5024
Collingwood,Scott Pendlebury,11,16,17,63.0,2,0,2,2,2,83,2010,Round 12,2010-06-14,5024
Collingwood,Dayne Beams,7,16,16,66.7,0,0,0,1,0,82,2010,Round 12,2010-06-14,5024
Collingwood,Dale Thomas,5,18,18,78.3,0,1,1,5,3,85,2010,Round 12,2010-06-14,5024
Collingwood,Steele Sidebottom,4,18,18,78.3,2,1,1,0,1,81,2010,Round 12,2010-06-14,5024
Collingwood,Tarkyn Lockyer,7,15,17,77.3,0,0,1,2,0,81,2010,Round 12,2010-06-14,5024
Collingwood,Ben Reid,7,14,19,86.4,2,0,0,3,0,100,2010,Round 12,2010-06-14,5024
Collingwood,Heritier O Brien,4,14,13,76.5,1,0,0,3,9,100,2010,Round 12,2010-06-14,5024
Collingwood,Sharrod Wellingham,3,13,13,76.5,0,1,0,0,1,74,2010,Round 12,2010-06-14,5024
Collingwood,Travis Cloke,9,7,12,75.0,5,0,1,1,0,96,2010,Round 12,2010-06-14,5024
Collingwood,Alan Toovey,6,7,11,78.6,1,0,0,2,0,99,2010,Round 12,2010-06-14,5024
Collingwood,Paul Medhurst,3,9,10,83.3,0,0,0,3,0,69,2010,Round 12,2010-06-14,5024
Collingwood,Heath Shaw,1,8,11,91.7,0,0,0,4,4,80,2010,Round 12,2010-06-14,5024
Collingwood,Brad Dick,1,10,10,83.3,0,1,0,0,2,67,2010,Round 12,2010-06-14,5024
Collingwood,Brent Macaffer,5,7,9,75.0,0,0,0,5,1,92,2010,Round 12,2010-06-14,5024
Collingwood,Darren Jolly,2,7,8,88.9,0,1,1,3,6,78,2010,Round 12,2010-06-14,5024
Collingwood,Leon Davis,6,3,4,44.4,1,1,1,1,0,88,2010,Round 12,2010-06-14,5024
Collingwood,Leigh Brown,4,3,6,75.0,1,1,1,0,0,79,2010,Round 12,2010-06-14,5024
Collingwood,Josh Fraser,3,5,4,50.0,0,0,0,2,0,64,2010,Round 12,2010-06-14,5024
Collingwood,Simon Prestigiacomo,3,4,8,100.0,0,0,0,6,0,100,2010,Round 12,2010-06-14,5024
Collingwood,Nick Maxwell,2,5,4,50.0,1,0,0,1,1,35,2010,Round 12,2010-06-14,5024
Collingwood,Jaxson Barham,3,3,3,50.0,0,0,0,0,0,84,2010,Round 12,2010-06-14,5024
Hawthorn,Sam Mitchell,13,15,20,71.4,0,0,0,2,1,93,2010,Round 13,2010-06-18,5025
Hawthorn,Lance Franklin,13,12,16,61.5,3,1,4,3,5,95,2010,Round 13,2010-06-18,5025
Hawthorn,Jordan Lewis,14,9,17,68.0,0,2,0,2,0,81,2010,Round 13,2010-06-18,5025
Hawthorn,Michael Osborne,9,15,16,66.7,3,0,2,0,0,81,2010,Round 13,2010-06-18,5025
Hawthorn,Shaun Burgoyne,8,12,11,55.0,0,0,1,1,0,81,2010,Round 13,2010-06-18,5025
Hawthorn,Cyril Rioli,11,6,15,83.3,1,2,2,1,1,84,2010,Round 13,2010-06-18,5025
Hawthorn,Brent Guerra,9,7,16,94.1,0,0,0,1,0,82,2010,Round 13,2010-06-18,5025
Hawthorn,Xavier Ellis,5,11,12,70.6,0,1,0,2,0,69,2010,Round 13,2010-06-18,5025
Hawthorn,Wayde Skipper,10,5,8,50.0,1,1,1,2,0,57,2010,Round 13,2010-06-18,5025
Hawthorn,Brad Sewell,5,11,9,60.0,0,0,0,2,0,84,2010,Round 13,2010-06-18,5025
Hawthorn,Thomas Murphy,8,7,12,80.0,1,0,0,4,0,97,2010,Round 13,2010-06-18,5025
Hawthorn,Clinton Young,4,11,12,85.7,1,0,0,1,0,79,2010,Round 13,2010-06-18,5025
Hawthorn,Grant Birchall,2,10,9,64.3,0,1,0,2,0,74,2010,Round 13,2010-06-18,5025
Hawthorn,Luke Hodge,4,7,9,75.0,0,0,0,0,0,82,2010,Round 13,2010-06-18,5025
Hawthorn,Jarryd Roughead,4,8,7,58.3,2,0,2,2,0,91,2010,Round 13,2010-06-18,5025
Hawthorn,Rick Ladson,5,6,9,81.8,0,0,0,0,0,74,2010,Round 13,2010-06-18,5025
Hawthorn,Brent Renouf,2,6,8,80.0,2,1,1,2,0,59,2010,Round 13,2010-06-18,5025
Hawthorn,Ryan Schoenmakers,6,3,9,100.0,0,0,0,16,0,99,2010,Round 13,2010-06-18,5025
Hawthorn,Benjamin Stratton,3,5,9,100.0,0,0,0,4,0,97,2010,Round 13,2010-06-18,5025
Hawthorn,Chance Bateman,2,4,3,50.0,1,0,0,2,0,67,2010,Round 13,2010-06-18,5025
Hawthorn,Beau Muston,4,1,6,100.0,1,1,0,1,0,87,2010,Round 13,2010-06-18,5025
Hawthorn,Stephen Gilham,0,1,0,0.0,0,0,0,6,0,88,2010,Round 13,2010-06-18,5025
Essendon,Jason Winderlich,9,26,28,80.0,0,0,0,1,0,75,2010,Round 13,2010-06-18,5025
Essendon,Jobe Watson,9,24,26,78.8,0,0,0,3,0,80,2010,Round 13,2010-06-18,5025
Essendon,Brent Prismall,9,19,21,77.8,0,2,0,0,0,86,2010,Round 13,2010-06-18,5025
Essendon,Nathan Lovett Murray,6,17,13,56.5,0,0,0,1,0,79,2010,Round 13,2010-06-18,5025
Essendon,Jake Melksham,10,11,13,59.1,1,1,0,1,2,64,2010,Round 13,2010-06-18,5025
Essendon,Mark Mcveigh,4,15,14,70.0,0,1,0,1,0,89,2010,Round 13,2010-06-18,5025
Essendon,Dustin Fletcher,8,8,15,83.3,0,0,0,9,0,90,2010,Round 13,2010-06-18,5025
Essendon,Heath Hocking,6,11,12,70.6,0,0,1,1,0,89,2010,Round 13,2010-06-18,5025
Essendon,David Zaharakis,6,11,14,82.4,0,1,2,0,0,76,2010,Round 13,2010-06-18,5025
Essendon,Brent Stanton,4,11,13,81.2,0,0,0,2,1,83,2010,Round 13,2010-06-18,5025
Essendon,Cale Hooker,11,5,11,68.8,2,0,0,6,0,76,2010,Round 13,2010-06-18,5025
Essendon,Jarrod Atkinson,6,11,10,62.5,0,0,0,1,3,79,2010,Round 13,2010-06-18,5025
Essendon,Tayte Pears,2,11,10,66.7,0,0,0,3,1,89,2010,Round 13,2010-06-18,5025
Essendon,Michael Hurley,4,11,8,53.3,0,0,0,0,0,84,2010,Round 13,2010-06-18,5025
Essendon,Leroy Jetta,6,8,9,64.3,0,0,0,1,3,85,2010,Round 13,2010-06-18,5025
Essendon,Alwyn Davey,5,8,8,57.1,0,0,2,1,0,87,2010,Round 13,2010-06-18,5025
Essendon,Henry Slattery,5,8,9,69.2,0,0,0,4,0,86,2010,Round 13,2010-06-18,5025
Essendon,Samuel Lonergan,3,9,10,83.3,0,0,0,3,0,72,2010,Round 13,2010-06-18,5025
Essendon,Andrew Welsh,7,4,6,54.5,1,0,0,1,0,75,2010,Round 13,2010-06-18,5025
Essendon,Patrick Ryder,6,3,7,63.6,1,1,1,3,0,91,2010,Round 13,2010-06-18,5025
Essendon,Tom Bellchambers,5,4,8,88.9,2,0,1,1,0,79,2010,Round 13,2010-06-18,5025
Essendon,Scott Gumbleton,3,4,4,57.1,1,1,1,2,0,86,2010,Round 13,2010-06-18,5025
Carlton,Chris Judd,14,17,20,66.7,1,1,0,1,1,84,2010,Round 13,2010-06-19,5027
Carlton,Andrew Walker,2,25,19,70.4,0,0,0,2,3,93,2010,Round 13,2010-06-19,5027
Carlton,Andrew Carrazzo,7,19,18,69.2,0,0,0,0,0,89,2010,Round 13,2010-06-19,5027
Carlton,Kade Simpson,8,16,16,66.7,0,0,1,5,1,85,2010,Round 13,2010-06-19,5027
Carlton,Jordan Russell,11,13,19,79.2,1,0,0,3,0,97,2010,Round 13,2010-06-19,5027
Carlton,Bryce Gibbs,10,12,17,70.8,1,1,2,1,1,86,2010,Round 13,2010-06-19,5027
Carlton,Ryan Houlihan,7,16,13,56.5,0,0,1,3,0,79,2010,Round 13,2010-06-19,5027
Carlton,Richard Hadley,6,15,17,81.0,0,1,0,1,0,63,2010,Round 13,2010-06-19,5027
Carlton,Heath Scotland,7,12,13,65.0,0,1,0,0,0,78,2010,Round 13,2010-06-19,5027
Carlton,Edward Betts,11,7,12,63.2,2,0,3,2,0,94,2010,Round 13,2010-06-19,5027
Carlton,Paul Bower,4,10,15,93.8,1,0,0,6,2,88,2010,Round 13,2010-06-19,5027
Carlton,Dennis Armfield,3,12,13,81.2,0,0,0,7,1,83,2010,Round 13,2010-06-19,5027
Carlton,Kane Lucas,3,12,12,75.0,0,0,0,7,2,73,2010,Round 13,2010-06-19,5027
Carlton,Aaron Joseph,9,6,13,86.7,2,0,0,5,3,93,2010,Round 13,2010-06-19,5027
Carlton,Christopher Yarran,4,11,11,73.3,0,1,0,1,1,87,2010,Round 13,2010-06-19,5027
Carlton,Bret Thornton,2,11,11,84.6,2,0,2,1,0,82,2010,Round 13,2010-06-19,5027
Carlton,Lachlan Henderson,9,4,11,84.6,3,1,2,4,0,90,2010,Round 13,2010-06-19,5027
Carlton,Jeff Gartlett,6,5,8,61.5,0,0,2,2,0,89,2010,Round 13,2010-06-19,5027
Carlton,Jarrad Waite,2,9,7,58.3,0,0,3,4,0,89,2010,Round 13,2010-06-19,5027
Carlton,Sam Jacobs,2,7,8,88.9,0,0,0,4,0,78,2010,Round 13,2010-06-19,5027
Carlton,Michael Jamison,1,3,3,75.0,0,0,0,8,0,93,2010,Round 13,2010-06-19,5027
Carlton,Matthew Kreuzer,0,1,1,100.0,0,0,0,0,0,7,2010,Round 13,2010-06-19,5027
Fremantle,Michael Barlow,13,17,17,56.7,0,0,1,1,2,89,2010,Round 13,2010-06-19,5027
Fremantle,Garrick Ibbotson,7,16,19,82.6,1,1,0,1,1,90,2010,Round 13,2010-06-19,5027
Fremantle,Paul Hasleby,8,13,15,71.4,1,1,3,3,0,88,2010,Round 13,2010-06-19,5027
Fremantle,Matthew Pavlich,12,9,13,61.9,1,0,0,0,1,86,2010,Round 13,2010-06-19,5027
Fremantle,Paul Duffield,1,16,17,85.0,0,0,0,1,2,90,2010,Round 13,2010-06-19,5027
Fremantle,Aaron Sandilands,15,5,12,63.2,3,0,1,1,0,86,2010,Round 13,2010-06-19,5027
Fremantle,David Mundy,7,11,14,73.7,2,0,1,1,0,84,2010,Round 13,2010-06-19,5027
Fremantle,Rhys Palmer,4,12,11,68.8,0,0,0,0,0,57,2010,Round 13,2010-06-19,5027
Fremantle,Stephen Hill,6,11,9,56.2,0,1,0,2,4,83,2010,Round 13,2010-06-19,5027
Fremantle,Dylan Roberton,5,12,10,62.5,1,0,0,2,0,64,2010,Round 13,2010-06-19,5027
Fremantle,Nathan Fyfe,4,10,10,66.7,0,1,1,2,1,78,2010,Round 13,2010-06-19,5027
Fremantle,Roger Hayden,4,9,10,71.4,1,1,0,5,0,79,2010,Round 13,2010-06-19,5027
Fremantle,Chris Tarrant,6,8,11,78.6,1,0,0,3,0,96,2010,Round 13,2010-06-19,5027
Fremantle,Kepler Bradley,7,8,13,92.9,1,0,1,3,2,78,2010,Round 13,2010-06-19,5027
Fremantle,Antoni Grover,2,11,8,61.5,0,0,0,3,0,93,2010,Round 13,2010-06-19,5027
Fremantle,Hayden Ballantyne,4,5,12,92.3,0,0,1,0,0,92,2010,Round 13,2010-06-19,5027
Fremantle,Adam Mcphee,4,5,5,55.6,1,1,0,0,0,85,2010,Round 13,2010-06-19,5027
Fremantle,Anthony Morabito,6,3,5,55.6,0,2,0,2,0,78,2010,Round 13,2010-06-19,5027
Fremantle,Matthew Deboer,2,6,6,75.0,0,1,0,1,0,65,2010,Round 13,2010-06-19,5027
Fremantle,Jay Van Berlo,3,5,6,75.0,0,0,0,3,0,69,2010,Round 13,2010-06-19,5027
Fremantle,Ryan Crowley,3,4,5,71.4,0,0,1,2,0,85,2010,Round 13,2010-06-19,5027
Fremantle,Alex Silvagni,4,2,4,66.7,0,0,0,8,0,87,2010,Round 13,2010-06-19,5027
Brisbane Lions,Travis Johnstone,7,24,23,79.3,0,0,0,3,0,86,2010,Round 13,2010-06-19,5026
Brisbane Lions,Tom Rockliff,4,20,22,84.6,0,0,1,2,0,82,2010,Round 13,2010-06-19,5026
Brisbane Lions,Jack Redden,5,20,18,72.0,2,0,0,2,0,82,2010,Round 13,2010-06-19,5026
Brisbane Lions,Michael Rischitelli,7,15,17,73.9,0,0,0,2,1,82,2010,Round 13,2010-06-19,5026
Brisbane Lions,Luke Power,5,15,18,81.8,0,0,0,3,0,91,2010,Round 13,2010-06-19,5026
Brisbane Lions,Andrew Raines,5,18,14,63.6,0,0,0,1,0,82,2010,Round 13,2010-06-19,5026
Brisbane Lions,Daniel Rich,8,12,14,70.0,0,0,0,1,0,83,2010,Round 13,2010-06-19,5026
Brisbane Lions,Mitchell Clark,12,8,13,72.2,1,1,0,7,0,75,2010,Round 13,2010-06-19,5026
Brisbane Lions,Tom Collier,4,14,14,77.8,0,0,0,3,0,96,2010,Round 13,2010-06-19,5026
Brisbane Lions,Jared Brennan,3,14,10,58.8,0,0,0,3,0,86,2010,Round 13,2010-06-19,5026
Brisbane Lions,Brent Staker,9,8,14,82.4,3,1,4,0,0,92,2010,Round 13,2010-06-19,5026
Brisbane Lions,Todd Banfield,4,13,11,64.7,0,0,1,0,0,82,2010,Round 13,2010-06-19,5026
Brisbane Lions,Joel Patfull,5,7,10,71.4,1,0,0,6,0,96,2010,Round 13,2010-06-19,5026
Brisbane Lions,James Hawksley,3,10,10,76.9,1,0,0,4,0,82,2010,Round 13,2010-06-19,5026
Brisbane Lions,Daniel Merrett,3,9,11,91.7,0,0,0,14,0,94,2010,Round 13,2010-06-19,5026
Brisbane Lions,Sam Sheldon,6,6,8,66.7,0,1,0,2,0,72,2010,Round 13,2010-06-19,5026
Brisbane Lions,Amon Buchanan,6,6,9,81.8,1,0,1,0,0,55,2010,Round 13,2010-06-19,5026
Brisbane Lions,Justin Sherman,2,6,8,80.0,0,1,0,2,0,86,2010,Round 13,2010-06-19,5026
Brisbane Lions,Matthew Leuenberger,2,7,7,70.0,0,0,1,2,0,49,2010,Round 13,2010-06-19,5026
Brisbane Lions,Aaron Cornelius,0,0,0,0.0,0,1,0,0,0,0,2010,Round 13,2010-06-19,5026
Brisbane Lions,Brendan Fevola,1,6,3,42.9,0,0,2,2,0,99,2010,Round 13,2010-06-19,5026
Brisbane Lions,Troy Selwood,2,6,7,100.0,0,0,0,2,0,70,2010,Round 13,2010-06-19,5026
Richmond,Brett Deledio,7,24,29,87.9,0,0,0,7,0,91,2010,Round 13,2010-06-19,5026
Richmond,Shane Tuck,8,20,24,82.8,0,2,0,2,0,87,2010,Round 13,2010-06-19,5026
Richmond,Ben Cousins,9,21,19,70.4,0,0,0,2,2,76,2010,Round 13,2010-06-19,5026
Richmond,Dustin Martin,9,16,20,76.9,0,1,0,1,1,80,2010,Round 13,2010-06-19,5026
Richmond,Chris Newman,4,18,22,95.7,0,0,0,4,2,91,2010,Round 13,2010-06-19,5026
Richmond,Angus Graham,8,13,15,65.2,3,1,0,2,0,76,2010,Round 13,2010-06-19,5026
Richmond,Daniel Connors,5,19,19,82.6,2,0,0,1,0,80,2010,Round 13,2010-06-19,5026
Richmond,Trent Cotchin,9,9,11,61.1,0,0,0,0,0,82,2010,Round 13,2010-06-19,5026
Richmond,Daniel Jackson,11,8,13,76.5,0,0,0,2,0,89,2010,Round 13,2010-06-19,5026
Richmond,Richard Tambling,6,11,13,86.7,1,1,0,1,0,83,2010,Round 13,2010-06-19,5026
Richmond,Matthew White,3,12,13,86.7,0,0,1,1,1,85,2010,Round 13,2010-06-19,5026
Richmond,Shane Edwards,4,10,12,80.0,1,0,0,2,0,83,2010,Round 13,2010-06-19,5026
Richmond,David Astbury,6,9,9,60.0,0,0,0,4,0,90,2010,Round 13,2010-06-19,5026
Richmond,Andrew Collins 1,4,11,12,85.7,1,0,0,0,0,85,2010,Round 13,2010-06-19,5026
Richmond,Jack Riewoldt,7,6,10,76.9,3,1,4,2,0,95,2010,Round 13,2010-06-19,5026
Richmond,Ben Nason,3,10,10,76.9,0,0,0,0,0,88,2010,Round 13,2010-06-19,5026
Richmond,Jake King,6,6,10,83.3,1,0,0,1,0,90,2010,Round 13,2010-06-19,5026
Richmond,Will Thursfield,4,6,8,80.0,0,0,0,8,0,93,2010,Round 13,2010-06-19,5026
Richmond,Mitchell Farmer,4,4,6,75.0,0,1,0,1,0,68,2010,Round 13,2010-06-19,5026
Richmond,Tyrone Vickery,5,3,5,62.5,2,0,2,3,0,63,2010,Round 13,2010-06-19,5026
Richmond,Luke Mcguane,1,4,4,80.0,0,0,0,3,0,42,2010,Round 13,2010-06-19,5026
Richmond,Benjamin Griffiths,1,2,4,100.0,0,0,0,1,0,82,2010,Round 13,2010-06-19,5026
North Melbourne,Brent Harvey,6,23,31,96.9,0,6,0,1,3,91,2010,Round 13,2010-06-20,5028
North Melbourne,Brady Rawlings,6,23,25,86.2,0,1,0,1,4,99,2010,Round 13,2010-06-20,5028
North Melbourne,Daniel Pratt,8,18,20,74.1,0,0,0,4,0,90,2010,Round 13,2010-06-20,5028
North Melbourne,Cruize Garlett,7,17,18,75.0,0,1,0,2,0,61,2010,Round 13,2010-06-20,5028
North Melbourne,Levi Greenwood,10,13,16,69.6,0,0,0,0,0,66,2010,Round 13,2010-06-20,5028
North Melbourne,Andrew Swallow,12,9,15,71.4,1,1,0,1,0,78,2010,Round 13,2010-06-20,5028
North Melbourne,Michael Firrito,6,13,16,80.0,1,0,0,7,0,100,2010,Round 13,2010-06-20,5028
North Melbourne,Nathan Grima,6,13,16,84.2,1,0,0,8,0,98,2010,Round 13,2010-06-20,5028
North Melbourne,Ryan Bastinac,7,12,14,73.7,0,0,0,2,0,74,2010,Round 13,2010-06-20,5028
North Melbourne,Jack Ziebell,6,12,11,61.1,0,1,0,0,0,66,2010,Round 13,2010-06-20,5028
North Melbourne,Lachlan Hansen,6,11,13,76.5,1,0,6,2,0,94,2010,Round 13,2010-06-20,5028
North Melbourne,Ben Warren,6,10,12,75.0,0,2,4,0,0,91,2010,Round 13,2010-06-20,5028
North Melbourne,Scott Thompson 1,5,11,13,81.2,0,1,0,3,0,98,2010,Round 13,2010-06-20,5028
North Melbourne,Daniel Wells,2,14,11,73.3,0,1,1,1,4,83,2010,Round 13,2010-06-20,5028
North Melbourne,Samuel Wright,4,11,10,66.7,0,0,1,3,0,84,2010,Round 13,2010-06-20,5028
North Melbourne,Gavin Urquhart,4,10,11,78.6,0,0,0,1,0,85,2010,Round 13,2010-06-20,5028
North Melbourne,Hamish Mcintosh,4,9,11,84.6,2,0,2,2,0,79,2010,Round 13,2010-06-20,5028
North Melbourne,Ed Lower,5,8,10,76.9,0,0,1,3,0,62,2010,Round 13,2010-06-20,5028
North Melbourne,Matt Campbell,2,12,10,76.9,0,0,2,0,3,78,2010,Round 13,2010-06-20,5028
North Melbourne,Todd Goldstein,4,6,6,60.0,1,0,3,3,0,75,2010,Round 13,2010-06-20,5028
North Melbourne,Ben Cunnington,4,5,7,70.0,0,0,0,2,0,62,2010,Round 13,2010-06-20,5028
North Melbourne,Lindsay Thomas,4,4,6,66.7,1,1,2,3,0,86,2010,Round 13,2010-06-20,5028
Port Adelaide,Danyle Pearce,10,17,24,88.9,0,1,0,1,6,79,2010,Round 13,2010-06-20,5028
Port Adelaide,Kane Cornes,8,18,21,80.8,1,0,0,0,2,89,2010,Round 13,2010-06-20,5028
Port Adelaide,Travis Boak,8,14,17,77.3,0,3,2,0,1,77,2010,Round 13,2010-06-20,5028
Port Adelaide,Chad Cornes,7,14,17,81.0,0,0,0,5,0,93,2010,Round 13,2010-06-20,5028
Port Adelaide,Domenic Cassisi,13,9,18,85.7,0,0,0,2,0,89,2010,Round 13,2010-06-20,5028
Port Adelaide,Tom Logan,3,18,16,76.2,0,0,0,6,1,95,2010,Round 13,2010-06-20,5028
Port Adelaide,Jay Nash,6,11,13,65.0,1,0,0,1,0,73,2010,Round 13,2010-06-20,5028
Port Adelaide,Matt Thomas,7,12,15,78.9,0,0,0,3,0,75,2010,Round 13,2010-06-20,5028
Port Adelaide,Josh Carr,4,15,11,61.1,0,0,0,1,0,61,2010,Round 13,2010-06-20,5028
Port Adelaide,Alipate Carlile,4,14,16,88.9,0,0,0,4,0,99,2010,Round 13,2010-06-20,5028
Port Adelaide,Jason Davenport,5,13,13,72.2,0,0,1,3,0,78,2010,Round 13,2010-06-20,5028
Port Adelaide,David Rodan,7,9,11,64.7,0,1,0,1,0,80,2010,Round 13,2010-06-20,5028
Port Adelaide,Jacob Surjan,5,14,17,100.0,1,0,0,5,0,85,2010,Round 13,2010-06-20,5028
Port Adelaide,Paul Stewart,2,13,13,86.7,0,0,0,5,0,81,2010,Round 13,2010-06-20,5028
Port Adelaide,Mitchell Banner,3,12,10,66.7,0,2,0,0,0,66,2010,Round 13,2010-06-20,5028
Port Adelaide,Dean Brogan,7,7,11,78.6,0,0,0,0,0,84,2010,Round 13,2010-06-20,5028
Port Adelaide,Daniel Motlop,1,11,8,57.1,0,0,0,2,2,86,2010,Round 13,2010-06-20,5028
Port Adelaide,Jay Schulz,4,9,10,76.9,3,1,7,4,0,98,2010,Round 13,2010-06-20,5028
Port Adelaide,Danny Meyer,5,6,10,100.0,0,0,0,1,0,85,2010,Round 13,2010-06-20,5028
Port Adelaide,Daniel Stewart,0,0,0,0.0,0,1,0,0,0,0,2010,Round 13,2010-06-20,5028
Port Adelaide,Cameron Hitchcock,4,5,8,88.9,0,1,2,0,0,82,2010,Round 13,2010-06-20,5028
Port Adelaide,Jackson Trengove,4,3,6,85.7,1,0,0,3,0,73,2010,Round 13,2010-06-20,5028
West Coast,Beau Waters,6,21,21,72.4,1,0,0,4,1,89,2010,Round 13,2010-06-20,5029
West Coast,Bradd Dalziell,5,23,23,79.3,0,0,0,0,0,79,2010,Round 13,2010-06-20,5029
West Coast,Andrew Embley,9,19,20,71.4,0,0,0,4,0,87,2010,Round 13,2010-06-20,5029
West Coast,Bradley Sheppard,8,17,19,76.0,0,0,0,1,2,86,2010,Round 13,2010-06-20,5029
West Coast,Scott Selwood,5,19,16,69.6,0,0,0,2,0,75,2010,Round 13,2010-06-20,5029
West Coast,Will Schofield,4,16,17,81.0,0,0,0,7,1,90,2010,Round 13,2010-06-20,5029
West Coast,Matthew Rosa,10,11,15,75.0,0,0,0,1,0,80,2010,Round 13,2010-06-20,5029
West Coast,Matthew Priddis,8,11,13,68.4,0,0,0,1,0,89,2010,Round 13,2010-06-20,5029
West Coast,Dean Cox,9,8,11,61.1,2,0,0,1,0,75,2010,Round 13,2010-06-20,5029
West Coast,Bradley Ebert,5,13,8,44.4,0,1,0,2,0,75,2010,Round 13,2010-06-20,5029
West Coast,Patrick Mcginnity,5,12,13,76.5,0,0,0,2,0,87,2010,Round 13,2010-06-20,5029
West Coast,Quinten Lynch,3,13,11,68.8,3,0,3,1,0,96,2010,Round 13,2010-06-20,5029
West Coast,Mitchell Brown,2,13,11,68.8,0,2,0,1,1,84,2010,Round 13,2010-06-20,5029
West Coast,Beau Wilkes,4,11,14,93.3,0,0,0,2,0,91,2010,Round 13,2010-06-20,5029
West Coast,Mark Lecras,5,10,9,64.3,0,1,1,0,2,96,2010,Round 13,2010-06-20,5029
West Coast,Andrew Strijk,4,8,5,41.7,1,0,0,1,1,74,2010,Round 13,2010-06-20,5029
West Coast,Eric Mackenzie,5,6,10,90.9,0,0,0,6,0,94,2010,Round 13,2010-06-20,5029
West Coast,Nicholas Naitanui,8,3,6,54.5,0,0,0,2,1,68,2010,Round 13,2010-06-20,5029
West Coast,Koby Stevens,3,8,8,72.7,0,0,0,1,0,55,2010,Round 13,2010-06-20,5029
West Coast,Benjamin Mckinley,8,3,5,50.0,2,1,1,0,0,87,2010,Round 13,2010-06-20,5029
West Coast,Joshua Kennedy,6,5,4,44.4,1,1,1,0,0,92,2010,Round 13,2010-06-20,5029
West Coast,Shannon Hurn,1,3,4,100.0,0,0,0,1,0,51,2010,Round 13,2010-06-20,5029
Western Bulldogs,Lindsay Gilbee,6,26,30,93.8,0,0,0,4,5,85,2010,Round 13,2010-06-20,5029
Western Bulldogs,Daniel Cross,13,18,26,83.9,1,1,0,6,0,91,2010,Round 13,2010-06-20,5029
Western Bulldogs,Matthew Boyd,6,23,19,63.3,0,1,0,4,0,86,2010,Round 13,2010-06-20,5029
Western Bulldogs,Jarrod Harbrow,4,24,19,65.5,0,1,0,1,9,78,2010,Round 13,2010-06-20,5029
Western Bulldogs,Ryan Hargrave,4,22,21,77.8,0,0,0,1,0,76,2010,Round 13,2010-06-20,5029
Western Bulldogs,Brian Harris,9,15,18,75.0,1,1,2,2,2,97,2010,Round 13,2010-06-20,5029
Western Bulldogs,Daniel Giansiracusa,8,15,16,69.6,2,4,3,0,0,89,2010,Round 13,2010-06-20,5029
Western Bulldogs,Robert Murphy,3,19,17,73.9,0,0,0,5,3,81,2010,Round 13,2010-06-20,5029
Western Bulldogs,Adam Cooney,4,19,16,72.7,0,0,2,0,0,85,2010,Round 13,2010-06-20,5029
Western Bulldogs,Ryan Griffen,6,15,17,81.0,1,2,0,2,2,74,2010,Round 13,2010-06-20,5029
Western Bulldogs,Nathan Eagleton,3,15,16,84.2,0,0,0,0,1,81,2010,Round 13,2010-06-20,5029
Western Bulldogs,Liam Picken,11,6,10,55.6,0,0,0,5,0,85,2010,Round 13,2010-06-20,5029
Western Bulldogs,Barry Hall,7,10,11,68.8,2,2,2,2,0,93,2010,Round 13,2010-06-20,5029
Western Bulldogs,Ben Hudson,10,5,11,73.3,1,0,0,1,0,71,2010,Round 13,2010-06-20,5029
Western Bulldogs,Mitchell Hahn,4,10,9,64.3,0,0,0,2,0,79,2010,Round 13,2010-06-20,5029
Western Bulldogs,Dale Morris,3,10,11,78.6,1,0,0,10,0,97,2010,Round 13,2010-06-20,5029
Western Bulldogs,Josh Hill,7,6,8,61.5,0,0,0,0,0,76,2010,Round 13,2010-06-20,5029
Western Bulldogs,Easton Wood,5,9,9,69.2,0,0,0,2,3,77,2010,Round 13,2010-06-20,5029
Western Bulldogs,Brad Johnson,0,11,9,75.0,0,0,1,1,2,69,2010,Round 13,2010-06-20,5029
Western Bulldogs,Will Minson,4,8,11,91.7,1,0,0,2,0,74,2010,Round 13,2010-06-20,5029
Western Bulldogs,Jarrad Grant,1,9,7,63.6,1,1,4,1,0,80,2010,Round 13,2010-06-20,5029
Western Bulldogs,Brennan Stack,1,5,4,66.7,0,0,1,0,0,76,2010,Round 13,2010-06-20,5029
St Kilda,Leigh Montagna,14,18,23,71.9,0,0,2,2,0,89,2010,Round 13,2010-06-25,5030
St Kilda,Nick Dal Santo,9,22,28,90.3,0,0,0,0,1,84,2010,Round 13,2010-06-25,5030
St Kilda,Brendon Goddard,6,19,20,74.1,1,0,0,2,0,83,2010,Round 13,2010-06-25,5030
St Kilda,James Gwilt,8,17,25,92.6,1,0,0,4,0,100,2010,Round 13,2010-06-25,5030
St Kilda,Lenny Hayes,10,16,16,61.5,0,0,0,0,0,84,2010,Round 13,2010-06-25,5030
St Kilda,Sam Fisher,7,18,21,84.0,1,0,0,7,0,96,2010,Round 13,2010-06-25,5030
St Kilda,Farren Ray,7,19,23,92.0,0,0,0,3,1,83,2010,Round 13,2010-06-25,5030
St Kilda,Adam Schneider,7,15,18,78.3,0,2,0,1,0,83,2010,Round 13,2010-06-25,5030
St Kilda,Andrew Mcqualter,10,13,18,78.3,1,2,0,2,0,74,2010,Round 13,2010-06-25,5030
St Kilda,Sam Gilbert,5,17,16,72.7,1,0,0,2,0,93,2010,Round 13,2010-06-25,5030
St Kilda,Clinton Jones,6,14,13,65.0,0,0,0,2,0,87,2010,Round 13,2010-06-25,5030
St Kilda,Brett Peake,7,12,19,100.0,0,1,0,3,3,73,2010,Round 13,2010-06-25,5030
St Kilda,Michael S  Gardiner,2,12,13,81.2,0,0,0,3,1,61,2010,Round 13,2010-06-25,5030
St Kilda,Stephen Milne,3,13,7,46.7,0,1,2,1,2,90,2010,Round 13,2010-06-25,5030
St Kilda,Jason Blake,3,12,12,80.0,0,0,0,2,0,100,2010,Round 13,2010-06-25,5030
St Kilda,Jarryn Geary,6,11,8,53.3,0,0,0,6,0,92,2010,Round 13,2010-06-25,5030
St Kilda,Jack Steven,4,10,12,85.7,2,0,5,0,0,73,2010,Round 13,2010-06-25,5030
St Kilda,Justin Koschitzke,5,6,9,81.8,2,0,0,4,0,74,2010,Round 13,2010-06-25,5030
St Kilda,Sean Dempster,4,4,7,77.8,1,0,0,7,0,71,2010,Round 13,2010-06-25,5030
St Kilda,Steven Baker,4,5,6,75.0,0,0,0,2,0,75,2010,Round 13,2010-06-25,5030
St Kilda,Ben Mcevoy,4,3,6,85.7,1,0,0,1,0,54,2010,Round 13,2010-06-25,5030
St Kilda,Rhys Stanley,6,0,5,83.3,2,0,0,0,0,81,2010,Round 13,2010-06-25,5030
Geelong,Joel Selwood,14,21,26,76.5,0,0,0,1,0,88,2010,Round 13,2010-06-25,5030
Geelong,Gary Jnr Ablett,18,14,26,81.2,1,0,0,0,0,89,2010,Round 13,2010-06-25,5030
Geelong,Corey Enright,8,21,23,74.2,2,1,0,6,0,92,2010,Round 13,2010-06-25,5030
Geelong,Darren Milburn,5,22,25,92.6,1,1,0,3,1,90,2010,Round 13,2010-06-25,5030
Geelong,Cameron Ling,5,19,19,76.0,0,0,1,1,0,79,2010,Round 13,2010-06-25,5030
Geelong,Andrew Mackie,4,19,16,69.6,0,0,0,2,0,92,2010,Round 13,2010-06-25,5030
Geelong,James Bartel,8,12,13,61.9,0,0,0,2,0,85,2010,Round 13,2010-06-25,5030
Geelong,Joshua Hunt,5,12,15,83.3,1,0,0,4,0,87,2010,Round 13,2010-06-25,5030
Geelong,Shannon Byrnes,5,13,12,66.7,0,0,1,1,0,80,2010,Round 13,2010-06-25,5030
Geelong,Matthew Scarlett,4,12,14,82.4,0,0,0,3,0,88,2010,Round 13,2010-06-25,5030
Geelong,David Wojcinski,8,9,14,87.5,0,0,0,2,2,85,2010,Round 13,2010-06-25,5030
Geelong,Ryan Gamble,4,11,11,73.3,1,0,1,0,0,87,2010,Round 13,2010-06-25,5030
Geelong,Steve Johnson,5,10,10,71.4,1,0,1,1,0,82,2010,Round 13,2010-06-25,5030
Geelong,Mathew Stokes,1,13,8,57.1,0,0,3,3,0,87,2010,Round 13,2010-06-25,5030
Geelong,Mark Blake,5,5,10,90.9,0,0,0,2,0,62,2010,Round 13,2010-06-25,5030
Geelong,Travis Varcoe,4,8,8,72.7,0,1,0,2,0,86,2010,Round 13,2010-06-25,5030
Geelong,Taylor Hunt,3,7,8,72.7,0,0,0,0,1,66,2010,Round 13,2010-06-25,5030
Geelong,Tom Lonergan,3,6,6,66.7,0,0,0,9,0,92,2010,Round 13,2010-06-25,5030
Geelong,Trent West,5,4,8,100.0,0,0,0,3,0,48,2010,Round 13,2010-06-25,5030
Geelong,Cameron Mooney,2,5,4,57.1,1,0,3,5,0,87,2010,Round 13,2010-06-25,5030
Geelong,James Podsiadly,4,2,4,57.1,0,0,0,1,0,86,2010,Round 13,2010-06-25,5030
Geelong,Harry Taylor,2,3,5,100.0,2,0,0,6,0,64,2010,Round 13,2010-06-25,5030
Sydney,Martin Mattner,4,19,20,76.9,0,0,0,6,3,88,2010,Round 13,2010-06-26,5031
Sydney,Nick Malceski,9,12,24,92.3,0,0,0,7,2,87,2010,Round 13,2010-06-26,5031
Sydney,Josh P  Kennedy,10,16,13,50.0,1,0,1,0,0,68,2010,Round 13,2010-06-26,5031
Sydney,Jude Bolton,13,12,13,54.2,0,0,0,3,0,83,2010,Round 13,2010-06-26,5031
Sydney,Jarrad Mcveigh,9,11,19,82.6,1,1,0,1,0,90,2010,Round 13,2010-06-26,5031
Sydney,Brett Kirk,8,15,16,72.7,0,0,1,1,0,70,2010,Round 13,2010-06-26,5031
Sydney,Rhyce Shaw,6,12,16,72.7,0,0,0,1,3,88,2010,Round 13,2010-06-26,5031
Sydney,Heath Grundy,6,15,18,85.7,1,0,0,5,0,99,2010,Round 13,2010-06-26,5031
Sydney,Kieran Jack,10,10,13,61.9,0,2,0,0,0,84,2010,Round 13,2010-06-26,5031
Sydney,Ryan O Keefe,5,12,12,75.0,1,1,1,1,0,87,2010,Round 13,2010-06-26,5031
Sydney,Ben Mcglynn,6,9,15,93.8,1,1,1,1,1,91,2010,Round 13,2010-06-26,5031
Sydney,Lewis Roberts Thomson,7,8,11,73.3,0,0,0,5,0,98,2010,Round 13,2010-06-26,5031
Sydney,Paul Bevan,5,10,9,60.0,0,0,0,3,0,90,2010,Round 13,2010-06-26,5031
Sydney,Craig Bird,5,9,12,85.7,0,0,0,0,0,82,2010,Round 13,2010-06-26,5031
Sydney,Adam Goodes,8,5,5,38.5,1,0,1,2,0,99,2010,Round 13,2010-06-26,5031
Sydney,Lewis Jetta,4,8,5,41.7,0,0,0,3,3,70,2010,Round 13,2010-06-26,5031
Sydney,Shane Mumford,9,2,7,63.6,0,0,0,1,0,72,2010,Round 13,2010-06-26,5031
Sydney,Daniel Hannebery,3,7,7,70.0,0,0,0,0,0,77,2010,Round 13,2010-06-26,5031
Sydney,Gary Rohan,4,7,9,90.0,0,0,0,3,1,71,2010,Round 13,2010-06-26,5031
Sydney,Jesse White,7,2,5,55.6,0,0,0,0,0,88,2010,Round 13,2010-06-26,5031
Sydney,Nick Smith 1,4,5,6,66.7,0,0,0,2,0,73,2010,Round 13,2010-06-26,5031
Sydney,Mike Pyke,1,2,2,66.7,0,0,0,0,0,46,2010,Round 13,2010-06-26,5031
Collingwood,Dane Swan,11,17,19,61.3,0,1,0,0,1,80,2010,Round 13,2010-06-26,5031
Collingwood,Heath Shaw,10,11,19,73.1,2,0,0,3,3,90,2010,Round 13,2010-06-26,5031
Collingwood,Alan Didak,7,19,15,62.5,0,2,0,0,1,77,2010,Round 13,2010-06-26,5031
Collingwood,Dale Thomas,8,15,16,66.7,0,1,4,3,3,84,2010,Round 13,2010-06-26,5031
Collingwood,Dayne Beams,7,16,18,78.3,0,0,0,0,1,74,2010,Round 13,2010-06-26,5031
Collingwood,Scott Pendlebury,13,7,15,68.2,1,0,0,1,2,71,2010,Round 13,2010-06-26,5031
Collingwood,Ben Johnson,2,16,18,85.7,0,0,0,1,2,77,2010,Round 13,2010-06-26,5031
Collingwood,Luke Ball,12,8,11,55.0,0,1,0,2,0,67,2010,Round 13,2010-06-26,5031
Collingwood,Sharrod Wellingham,6,15,13,65.0,1,0,0,5,0,78,2010,Round 13,2010-06-26,5031
Collingwood,Darren Jolly,6,10,13,76.5,1,1,4,2,0,85,2010,Round 13,2010-06-26,5031
Collingwood,Travis Cloke,9,7,8,50.0,1,0,2,2,0,85,2010,Round 13,2010-06-26,5031
Collingwood,Steele Sidebottom,9,7,14,87.5,0,0,0,8,0,75,2010,Round 13,2010-06-26,5031
Collingwood,Leigh Brown,6,7,10,71.4,2,0,1,3,0,84,2010,Round 13,2010-06-26,5031
Collingwood,Heritier O Brien,4,10,8,57.1,1,0,0,7,8,100,2010,Round 13,2010-06-26,5031
Collingwood,Leon Davis,7,6,10,76.9,0,0,0,1,0,72,2010,Round 13,2010-06-26,5031
Collingwood,Alan Toovey,5,7,8,66.7,1,0,0,2,0,94,2010,Round 13,2010-06-26,5031
Collingwood,Ben Reid,3,7,6,60.0,2,0,0,8,1,100,2010,Round 13,2010-06-26,5031
Collingwood,Simon Prestigiacomo,6,3,7,77.8,2,0,0,7,2,98,2010,Round 13,2010-06-26,5031
Collingwood,Tarkyn Lockyer,3,6,6,66.7,1,0,2,3,0,92,2010,Round 13,2010-06-26,5031
Collingwood,Chris Dawes,4,5,7,77.8,1,0,3,1,0,93,2010,Round 13,2010-06-26,5031
Collingwood,Brad Dick,4,3,4,57.1,0,0,1,1,5,43,2010,Round 13,2010-06-26,5031
Collingwood,Tyson Goldsack,3,4,6,85.7,0,1,0,9,0,80,2010,Round 13,2010-06-26,5031
Adelaide,Simon Goodwin,7,29,31,86.1,1,1,0,4,3,95,2010,Round 13,2010-06-27,5032
Adelaide,Graham Johncock,3,26,30,93.8,2,0,0,2,1,89,2010,Round 13,2010-06-27,5032
Adelaide,Bernie Vince,9,22,21,70.0,1,0,0,0,1,82,2010,Round 13,2010-06-27,5032
Adelaide,Brad Symes,9,17,24,85.7,0,0,0,2,1,86,2010,Round 13,2010-06-27,5032
Adelaide,Michael Doughty,5,16,17,70.8,0,2,0,5,0,89,2010,Round 13,2010-06-27,5032
Adelaide,Scott Thompson,10,13,16,66.7,0,0,0,4,0,89,2010,Round 13,2010-06-27,5032
Adelaide,Richard Douglas,9,14,16,66.7,1,1,0,3,1,84,2010,Round 13,2010-06-27,5032
Adelaide,Rory Sloane,12,10,14,63.6,1,0,1,1,2,84,2010,Round 13,2010-06-27,5032
Adelaide,Scott Stevens,5,16,17,81.0,2,1,1,3,2,89,2010,Round 13,2010-06-27,5032
Adelaide,Nathan Van Berlo,9,11,13,65.0,1,0,0,2,0,86,2010,Round 13,2010-06-27,5032
Adelaide,Brent Reilly,6,13,13,68.4,0,1,0,0,0,84,2010,Round 13,2010-06-27,5032
Adelaide,Ben Rutten,1,18,17,89.5,0,0,0,1,0,100,2010,Round 13,2010-06-27,5032
Adelaide,Patrick Dangerfield,9,9,10,58.8,1,0,1,0,1,82,2010,Round 13,2010-06-27,5032
Adelaide,Tony Armstrong,1,16,13,76.5,0,0,0,0,1,69,2010,Round 13,2010-06-27,5032
Adelaide,Taylor Walker,9,7,9,60.0,2,0,4,3,0,89,2010,Round 13,2010-06-27,5032
Adelaide,Ricky Henderson,6,8,12,85.7,0,1,1,0,0,76,2010,Round 13,2010-06-27,5032
Adelaide,Kurt Tippett,9,5,8,61.5,2,1,2,3,0,93,2010,Round 13,2010-06-27,5032
Adelaide,Phil Davis,3,10,11,84.6,0,0,0,7,0,95,2010,Round 13,2010-06-27,5032
Adelaide,Matthew Jaensch,6,8,9,69.2,1,1,1,0,0,82,2010,Round 13,2010-06-27,5032
Adelaide,Jonathon Griffin,5,7,6,54.5,0,0,1,2,0,67,2010,Round 13,2010-06-27,5032
Adelaide,Ivan Maric,5,6,10,100.0,1,0,1,1,0,60,2010,Round 13,2010-06-27,5032
Adelaide,David Mackay,1,3,2,50.0,0,0,0,2,0,31,2010,Round 13,2010-06-27,5032
Melbourne,Jack Grimes,7,20,20,76.9,2,0,0,5,0,82,2010,Round 13,2010-06-27,5032
Melbourne,Tom Scully,7,17,17,68.0,0,1,0,2,0,85,2010,Round 13,2010-06-27,5032
Melbourne,Cameron Bruce,3,21,19,82.6,0,0,0,1,0,88,2010,Round 13,2010-06-27,5032
Melbourne,Brad Green,2,22,15,65.2,0,0,1,1,2,89,2010,Round 13,2010-06-27,5032
Melbourne,Jack Trengove,7,16,15,68.2,0,0,1,0,0,80,2010,Round 13,2010-06-27,5032
Melbourne,Colin Garland,6,14,18,85.7,0,0,0,6,0,86,2010,Round 13,2010-06-27,5032
Melbourne,Joel Macdonald,9,11,16,80.0,1,0,0,1,0,77,2010,Round 13,2010-06-27,5032
Melbourne,Matthew Bate,6,13,14,73.7,0,2,2,4,0,89,2010,Round 13,2010-06-27,5032
Melbourne,Nathan Jones,5,13,14,77.8,0,0,0,1,0,77,2010,Round 13,2010-06-27,5032
Melbourne,Cale Morton,4,13,11,64.7,1,0,0,3,4,82,2010,Round 13,2010-06-27,5032
Melbourne,Brent Moloney,9,6,9,56.2,0,1,0,2,0,85,2010,Round 13,2010-06-27,5032
Melbourne,James Frawley,1,14,11,73.3,0,0,0,2,1,92,2010,Round 13,2010-06-27,5032
Melbourne,Lynden Dunn,7,7,10,71.4,0,3,2,0,0,90,2010,Round 13,2010-06-27,5032
Melbourne,Clint Bartram,5,9,11,78.6,0,0,0,3,0,88,2010,Round 13,2010-06-27,5032
Melbourne,Aaron Davey,5,7,8,61.5,0,0,0,2,3,70,2010,Round 13,2010-06-27,5032
Melbourne,Jack Watts,1,11,10,83.3,0,0,0,1,0,68,2010,Round 13,2010-06-27,5032
Melbourne,Jared Rivers,2,8,8,72.7,1,0,0,3,0,91,2010,Round 13,2010-06-27,5032
Melbourne,Jordie Mckenzie,6,5,5,45.5,0,0,0,0,0,65,2010,Round 13,2010-06-27,5032
Melbourne,Mark Jamar,7,1,8,88.9,1,0,0,2,0,85,2010,Round 13,2010-06-27,5032
Melbourne,Brad Miller,4,5,4,44.4,0,1,1,1,0,70,2010,Round 13,2010-06-27,5032
Melbourne,Neville Jetta,4,4,7,87.5,0,1,1,0,0,85,2010,Round 13,2010-06-27,5032
Melbourne,Matthew Warnock,2,5,4,57.1,0,0,0,6,1,77,2010,Round 13,2010-06-27,5032
Carlton,Chris Judd,9,20,21,72.4,0,0,1,0,3,76,2010,Round 14,2010-07-01,5033
Carlton,Marc Murphy,11,15,20,76.9,0,2,0,2,1,74,2010,Round 14,2010-07-01,5033
Carlton,Bryce Gibbs,5,21,19,73.1,1,0,1,4,0,91,2010,Round 14,2010-07-01,5033
Carlton,Heath Scotland,11,13,23,92.0,0,0,0,2,2,80,2010,Round 14,2010-07-01,5033
Carlton,Andrew Walker,8,16,17,70.8,0,0,0,5,0,97,2010,Round 14,2010-07-01,5033
Carlton,Kade Simpson,6,17,18,78.3,2,2,2,3,3,87,2010,Round 14,2010-07-01,5033
Carlton,Andrew Carrazzo,9,14,17,73.9,0,0,1,1,0,82,2010,Round 14,2010-07-01,5033
Carlton,Aaron Joseph,3,17,15,75.0,0,0,0,4,1,91,2010,Round 14,2010-07-01,5033
Carlton,Christopher Yarran,6,12,11,61.1,0,0,0,1,1,77,2010,Round 14,2010-07-01,5033
Carlton,Ryan Houlihan,8,9,11,64.7,3,1,4,1,1,83,2010,Round 14,2010-07-01,5033
Carlton,Dennis Armfield,4,12,13,76.5,0,1,0,1,1,77,2010,Round 14,2010-07-01,5033
Carlton,Lachlan Henderson,9,7,10,62.5,1,0,3,2,0,82,2010,Round 14,2010-07-01,5033
Carlton,Jordan Russell,5,10,10,66.7,0,0,0,4,0,89,2010,Round 14,2010-07-01,5033
Carlton,Sam Jacobs,7,8,14,93.3,2,0,0,4,0,81,2010,Round 14,2010-07-01,5033
Carlton,Setanta O Hailpin,5,7,9,64.3,1,1,1,0,0,81,2010,Round 14,2010-07-01,5033
Carlton,Michael Jamison,1,13,7,50.0,0,0,0,2,0,94,2010,Round 14,2010-07-01,5033
Carlton,Mitch Robinson,5,9,11,78.6,1,1,0,0,0,65,2010,Round 14,2010-07-01,5033
Carlton,Bret Thornton,4,10,12,92.3,0,0,0,2,0,94,2010,Round 14,2010-07-01,5033
Carlton,Shaun Grigg,4,9,10,76.9,0,0,0,2,2,67,2010,Round 14,2010-07-01,5033
Carlton,Edward Betts,6,7,9,75.0,2,0,6,1,0,86,2010,Round 14,2010-07-01,5033
Carlton,Jeff Gartlett,4,6,8,80.0,1,0,1,3,3,79,2010,Round 14,2010-07-01,5033
Carlton,Shaun Hampson,3,1,2,50.0,0,1,0,0,0,65,2010,Round 14,2010-07-01,5033
Brisbane Lions,Simon Black,13,21,20,60.6,0,1,1,3,0,81,2010,Round 14,2010-07-01,5033
Brisbane Lions,Michael Rischitelli,11,15,20,76.9,0,0,0,0,0,78,2010,Round 14,2010-07-01,5033
Brisbane Lions,Tom Rockliff,4,20,13,52.0,0,0,1,0,0,79,2010,Round 14,2010-07-01,5033
Brisbane Lions,Travis Johnstone,2,18,16,76.2,0,0,0,2,0,84,2010,Round 14,2010-07-01,5033
Brisbane Lions,Brent Staker,6,15,17,81.0,0,0,0,5,0,94,2010,Round 14,2010-07-01,5033
Brisbane Lions,Matthew Leuenberger,8,13,18,85.7,2,0,1,4,0,77,2010,Round 14,2010-07-01,5033
Brisbane Lions,Justin Sherman,8,10,10,55.6,1,1,2,0,3,86,2010,Round 14,2010-07-01,5033
Brisbane Lions,Amon Buchanan,7,9,11,68.8,1,1,1,0,1,77,2010,Round 14,2010-07-01,5033
Brisbane Lions,Luke Power,3,11,10,66.7,0,0,1,0,1,90,2010,Round 14,2010-07-01,5033
Brisbane Lions,James Polkinghorne,4,11,11,73.3,0,0,0,1,0,82,2010,Round 14,2010-07-01,5033
Brisbane Lions,Jared Brennan,5,9,10,71.4,0,1,0,2,0,83,2010,Round 14,2010-07-01,5033
Brisbane Lions,Ashley Mcgrath,4,11,9,64.3,0,0,0,3,2,89,2010,Round 14,2010-07-01,5033
Brisbane Lions,Mitchell Clark,7,5,8,66.7,0,0,0,2,0,83,2010,Round 14,2010-07-01,5033
Brisbane Lions,Jack Redden,3,8,9,81.8,0,0,0,6,0,71,2010,Round 14,2010-07-01,5033
Brisbane Lions,Aaron Cornelius,0,0,0,0.0,0,0,0,0,0,0,2010,Round 14,2010-07-01,5033
Brisbane Lions,Daniel Merrett,3,6,5,55.6,1,0,0,8,1,92,2010,Round 14,2010-07-01,5033
Brisbane Lions,Daniel Rich,3,6,5,55.6,0,0,1,1,0,81,2010,Round 14,2010-07-01,5033
Brisbane Lions,Todd Banfield,3,5,5,62.5,0,0,1,0,0,81,2010,Round 14,2010-07-01,5033
Brisbane Lions,Jesse O Brien,3,5,7,87.5,0,0,1,2,0,69,2010,Round 14,2010-07-01,5033
Brisbane Lions,Joel Patfull,0,7,6,85.7,0,0,0,6,1,91,2010,Round 14,2010-07-01,5033
Brisbane Lions,Sam Sheldon,2,8,6,85.7,0,0,0,2,0,84,2010,Round 14,2010-07-01,5033
Brisbane Lions,Tom Collier,1,5,7,100.0,0,0,0,3,0,77,2010,Round 14,2010-07-01,5033
Hawthorn,Sam Mitchell,8,21,22,78.6,0,0,0,3,0,93,2010,Round 14,2010-07-02,5034
Hawthorn,Luke Hodge,7,21,21,75.0,1,0,0,5,1,83,2010,Round 14,2010-07-02,5034
Hawthorn,Grant Birchall,6,15,19,86.4,1,0,0,4,0,85,2010,Round 14,2010-07-02,5034
Hawthorn,Cyril Rioli,9,13,18,81.8,0,1,1,3,0,83,2010,Round 14,2010-07-02,5034
Hawthorn,Shaun Burgoyne,6,13,16,84.2,0,0,0,4,0,85,2010,Round 14,2010-07-02,5034
Hawthorn,Benjamin Stratton,5,13,16,84.2,1,0,0,6,0,96,2010,Round 14,2010-07-02,5034
Hawthorn,Jarryd Roughead,11,9,11,61.1,4,1,4,2,0,93,2010,Round 14,2010-07-02,5034
Hawthorn,Chance Bateman,4,12,9,52.9,0,0,0,1,2,83,2010,Round 14,2010-07-02,5034
Hawthorn,Brad Sewell,5,12,14,82.4,0,0,0,1,0,86,2010,Round 14,2010-07-02,5034
Hawthorn,Lance Franklin,4,13,12,70.6,3,0,1,3,0,95,2010,Round 14,2010-07-02,5034
Hawthorn,Brent Guerra,5,11,14,87.5,0,0,0,4,1,82,2010,Round 14,2010-07-02,5034
Hawthorn,Xavier Ellis,4,12,14,87.5,0,1,0,0,0,70,2010,Round 14,2010-07-02,5034
Hawthorn,Jordan Lewis,7,8,9,60.0,0,0,0,0,0,74,2010,Round 14,2010-07-02,5034
Hawthorn,Clinton Young,1,11,11,78.6,0,0,1,0,2,75,2010,Round 14,2010-07-02,5034
Hawthorn,Thomas Murphy,4,9,13,100.0,0,0,0,3,0,92,2010,Round 14,2010-07-02,5034
Hawthorn,Ryan Schoenmakers,5,7,9,75.0,0,0,0,5,1,100,2010,Round 14,2010-07-02,5034
Hawthorn,Wayde Skipper,4,7,8,80.0,1,1,0,1,0,55,2010,Round 14,2010-07-02,5034
Hawthorn,Michael Osborne,3,7,7,77.8,0,0,0,1,0,83,2010,Round 14,2010-07-02,5034
Hawthorn,Stephen Gilham,3,6,9,100.0,0,0,0,4,0,88,2010,Round 14,2010-07-02,5034
Hawthorn,Carl Peterson,3,5,3,37.5,2,0,3,0,0,63,2010,Round 14,2010-07-02,5034
Hawthorn,Brent Renouf,4,3,5,71.4,1,0,1,5,0,57,2010,Round 14,2010-07-02,5034
Hawthorn,Beau Muston,2,3,5,83.3,0,0,0,1,0,80,2010,Round 14,2010-07-02,5034
Western Bulldogs,Matthew Boyd,18,18,23,65.7,2,0,0,1,0,89,2010,Round 14,2010-07-02,5034
Western Bulldogs,Brian Harris,10,18,24,85.7,5,0,0,9,0,100,2010,Round 14,2010-07-02,5034
Western Bulldogs,Daniel Cross,9,15,15,62.5,1,1,0,5,0,89,2010,Round 14,2010-07-02,5034
Western Bulldogs,Adam Cooney,10,12,16,69.6,0,0,0,0,0,89,2010,Round 14,2010-07-02,5034
Western Bulldogs,Brad Johnson,4,17,14,63.6,1,1,1,1,6,71,2010,Round 14,2010-07-02,5034
Western Bulldogs,Lindsay Gilbee,9,10,15,71.4,2,2,0,1,1,87,2010,Round 14,2010-07-02,5034
Western Bulldogs,Robert Murphy,6,13,13,68.4,1,0,0,4,5,77,2010,Round 14,2010-07-02,5034
Western Bulldogs,Shaun Higgins,5,13,11,57.9,0,0,1,1,0,82,2010,Round 14,2010-07-02,5034
Western Bulldogs,Jarrod Harbrow,6,13,13,72.2,1,0,0,3,2,86,2010,Round 14,2010-07-02,5034
Western Bulldogs,Ryan Griffen,8,8,9,52.9,1,0,1,1,0,82,2010,Round 14,2010-07-02,5034
Western Bulldogs,Liam Picken,10,9,12,70.6,0,0,0,1,1,90,2010,Round 14,2010-07-02,5034
Western Bulldogs,Ben Hudson,10,4,10,62.5,1,0,0,3,0,68,2010,Round 14,2010-07-02,5034
Western Bulldogs,Easton Wood,3,12,12,80.0,0,1,0,2,0,71,2010,Round 14,2010-07-02,5034
Western Bulldogs,Ryan Hargrave,5,9,12,85.7,1,0,0,3,0,86,2010,Round 14,2010-07-02,5034
Western Bulldogs,Callan Ward,3,11,8,57.1,0,1,0,3,0,75,2010,Round 14,2010-07-02,5034
Western Bulldogs,Samuel Reid,5,9,6,42.9,0,0,0,1,0,60,2010,Round 14,2010-07-02,5034
Western Bulldogs,Dale Morris,8,4,10,83.3,1,0,0,10,0,98,2010,Round 14,2010-07-02,5034
Western Bulldogs,Daniel Giansiracusa,5,6,8,72.7,1,1,2,1,0,89,2010,Round 14,2010-07-02,5034
Western Bulldogs,Will Minson,6,3,7,63.6,2,1,0,3,0,63,2010,Round 14,2010-07-02,5034
Western Bulldogs,Jarrad Grant,5,5,6,60.0,1,0,1,1,0,80,2010,Round 14,2010-07-02,5034
Western Bulldogs,Mitchell Hahn,3,5,7,77.8,0,0,0,4,0,78,2010,Round 14,2010-07-02,5034
Western Bulldogs,Barry Hall,3,4,5,71.4,1,0,2,0,0,91,2010,Round 14,2010-07-02,5034
Fremantle,Rhys Palmer,10,20,27,87.1,0,0,0,0,0,74,2010,Round 14,2010-07-03,5035
Fremantle,Michael Johnson,7,18,15,60.0,1,0,1,1,0,94,2010,Round 14,2010-07-03,5035
Fremantle,Michael Barlow,5,21,16,64.0,0,2,0,3,1,77,2010,Round 14,2010-07-03,5035
Fremantle,Paul Duffield,3,18,17,77.3,0,0,0,3,0,88,2010,Round 14,2010-07-03,5035
Fremantle,Garrick Ibbotson,9,12,20,90.9,0,0,0,0,0,88,2010,Round 14,2010-07-03,5035
Fremantle,Matthew Deboer,7,13,16,76.2,0,1,0,4,1,91,2010,Round 14,2010-07-03,5035
Fremantle,Dylan Roberton,6,14,17,85.0,1,0,0,2,1,76,2010,Round 14,2010-07-03,5035
Fremantle,Roger Hayden,4,13,15,83.3,0,1,0,3,0,93,2010,Round 14,2010-07-03,5035
Fremantle,Aaron Sandilands,9,9,16,88.9,3,1,0,2,0,95,2010,Round 14,2010-07-03,5035
Fremantle,Hayden Ballantyne,7,10,13,72.2,0,1,2,3,3,86,2010,Round 14,2010-07-03,5035
Fremantle,Paul Hasleby,6,11,12,70.6,3,0,2,0,0,78,2010,Round 14,2010-07-03,5035
Fremantle,Anthony Morabito,4,14,12,70.6,0,0,1,3,3,86,2010,Round 14,2010-07-03,5035
Fremantle,Matthew Pavlich,4,12,13,81.2,0,1,0,1,0,93,2010,Round 14,2010-07-03,5035
Fremantle,David Mundy,4,13,11,68.8,0,0,1,4,1,75,2010,Round 14,2010-07-03,5035
Fremantle,Adam Mcphee,7,8,8,61.5,0,0,2,1,0,92,2010,Round 14,2010-07-03,5035
Fremantle,Ryan Crowley,3,10,8,61.5,1,0,3,0,2,79,2010,Round 14,2010-07-03,5035
Fremantle,Stephen Hill,6,6,10,76.9,0,2,1,0,1,90,2010,Round 14,2010-07-03,5035
Fremantle,Kepler Bradley,3,11,10,83.3,1,0,1,1,0,78,2010,Round 14,2010-07-03,5035
Fremantle,Jay Van Berlo,3,8,6,54.5,1,0,1,1,1,95,2010,Round 14,2010-07-03,5035
Fremantle,Nathan Fyfe,4,6,10,100.0,0,0,0,2,0,37,2010,Round 14,2010-07-03,5035
Fremantle,Alex Silvagni,1,8,8,88.9,0,0,0,3,0,92,2010,Round 14,2010-07-03,5035
Fremantle,Antoni Grover,2,5,6,85.7,1,0,0,4,0,44,2010,Round 14,2010-07-03,5035
Port Adelaide,Tom Logan,10,17,23,85.2,1,0,0,2,0,95,2010,Round 14,2010-07-03,5035
Port Adelaide,Domenic Cassisi,13,13,19,73.1,0,1,0,4,1,79,2010,Round 14,2010-07-03,5035
Port Adelaide,Mitchell Banner,6,17,14,60.9,2,0,1,1,1,70,2010,Round 14,2010-07-03,5035
Port Adelaide,Kane Cornes,3,18,20,95.2,0,0,0,0,0,88,2010,Round 14,2010-07-03,5035
Port Adelaide,David Rodan,8,13,14,66.7,0,1,1,1,9,84,2010,Round 14,2010-07-03,5035
Port Adelaide,Alipate Carlile,3,17,20,95.2,0,0,0,5,0,94,2010,Round 14,2010-07-03,5035
Port Adelaide,Steven Salopek,5,15,15,75.0,0,0,0,1,1,84,2010,Round 14,2010-07-03,5035
Port Adelaide,Chad Cornes,5,14,15,78.9,0,0,0,7,0,92,2010,Round 14,2010-07-03,5035
Port Adelaide,Paul Stewart,3,16,13,68.4,1,0,0,4,0,85,2010,Round 14,2010-07-03,5035
Port Adelaide,Matthew Broadbent,8,11,14,73.7,0,0,0,0,0,69,2010,Round 14,2010-07-03,5035
Port Adelaide,Danyle Pearce,5,13,13,72.2,0,0,0,2,0,90,2010,Round 14,2010-07-03,5035
Port Adelaide,Matt Thomas,6,13,17,94.4,0,0,0,1,1,80,2010,Round 14,2010-07-03,5035
Port Adelaide,Nick Salter,7,11,15,88.2,0,0,0,0,0,78,2010,Round 14,2010-07-03,5035
Port Adelaide,Justin Westhoff,3,12,10,66.7,0,0,0,2,0,84,2010,Round 14,2010-07-03,5035
Port Adelaide,Troy Chaplin,3,11,9,64.3,0,0,0,5,1,95,2010,Round 14,2010-07-03,5035
Port Adelaide,Jackson Trengove,6,8,12,85.7,1,1,0,2,0,60,2010,Round 14,2010-07-03,5035
Port Adelaide,Dean Brogan,2,12,9,69.2,0,0,0,2,0,88,2010,Round 14,2010-07-03,5035
Port Adelaide,Jay Schulz,8,4,9,75.0,3,0,2,8,0,74,2010,Round 14,2010-07-03,5035
Port Adelaide,Cameron Hitchcock,3,10,6,50.0,0,0,1,2,2,80,2010,Round 14,2010-07-03,5035
Port Adelaide,Brett Ebert,2,7,4,44.4,1,0,1,5,0,82,2010,Round 14,2010-07-03,5035
Port Adelaide,Daniel Motlop,4,4,8,100.0,0,2,1,0,2,78,2010,Round 14,2010-07-03,5035
Port Adelaide,Daniel Stewart,0,0,0,0.0,0,0,0,0,0,0,2010,Round 14,2010-07-03,5035
Collingwood,Dane Swan,10,28,30,78.9,1,0,1,1,3,82,2010,Round 14,2010-07-03,5037
Collingwood,Dayne Beams,7,25,25,78.1,0,0,3,0,0,77,2010,Round 14,2010-07-03,5037
Collingwood,Alan Didak,9,17,23,82.1,0,0,0,1,1,74,2010,Round 14,2010-07-03,5037
Collingwood,Scott Pendlebury,11,16,20,74.1,3,2,1,1,1,73,2010,Round 14,2010-07-03,5037
Collingwood,Heath Shaw,9,16,19,76.0,2,1,0,0,4,90,2010,Round 14,2010-07-03,5037
Collingwood,Dale Thomas,5,16,17,73.9,1,1,0,0,0,83,2010,Round 14,2010-07-03,5037
Collingwood,Ben Johnson,1,20,17,81.0,0,1,0,1,2,82,2010,Round 14,2010-07-03,5037
Collingwood,Darren Jolly,7,13,19,95.0,4,0,3,1,2,74,2010,Round 14,2010-07-03,5037
Collingwood,Tarkyn Lockyer,8,12,12,63.2,0,1,1,0,0,81,2010,Round 14,2010-07-03,5037
Collingwood,Sharrod Wellingham,6,15,12,63.2,1,0,0,3,0,73,2010,Round 14,2010-07-03,5037
Collingwood,Luke Ball,9,8,17,94.4,1,0,1,1,0,74,2010,Round 14,2010-07-03,5037
Collingwood,Ben Reid,2,16,15,83.3,0,1,0,0,1,91,2010,Round 14,2010-07-03,5037
Collingwood,Leon Davis,3,13,11,64.7,0,2,1,2,0,83,2010,Round 14,2010-07-03,5037
Collingwood,Travis Cloke,10,9,11,64.7,6,3,4,1,0,90,2010,Round 14,2010-07-03,5037
Collingwood,John Anthony,6,10,13,76.5,0,0,0,4,1,76,2010,Round 14,2010-07-03,5037
Collingwood,Alan Toovey,5,12,13,76.5,1,0,0,4,0,95,2010,Round 14,2010-07-03,5037
Collingwood,Heritier O Brien,3,14,16,100.0,0,0,0,3,2,95,2010,Round 14,2010-07-03,5037
Collingwood,Jarryd Blair,8,8,12,75.0,1,1,0,0,0,75,2010,Round 14,2010-07-03,5037
Collingwood,Chris Dawes,8,5,12,92.3,3,0,4,1,0,81,2010,Round 14,2010-07-03,5037
Collingwood,Leigh Brown,2,6,7,87.5,0,1,0,0,0,83,2010,Round 14,2010-07-03,5037
Collingwood,Tyson Goldsack,1,5,6,100.0,1,0,0,6,0,79,2010,Round 14,2010-07-03,5037
Collingwood,Simon Prestigiacomo,1,2,5,100.0,0,0,0,4,2,89,2010,Round 14,2010-07-03,5037
West Coast,Matthew Priddis,13,18,21,70.0,1,0,0,1,0,89,2010,Round 14,2010-07-03,5037
West Coast,Adam Selwood,12,15,19,73.1,0,0,1,0,0,85,2010,Round 14,2010-07-03,5037
West Coast,Bradley Sheppard,9,14,17,77.3,0,0,0,4,1,86,2010,Round 14,2010-07-03,5037
West Coast,Bradd Dalziell,0,21,19,95.0,0,0,0,0,0,77,2010,Round 14,2010-07-03,5037
West Coast,Andrew Embley,5,13,15,78.9,0,0,0,4,0,86,2010,Round 14,2010-07-03,5037
West Coast,Beau Waters,10,9,15,78.9,0,0,0,6,0,82,2010,Round 14,2010-07-03,5037
West Coast,Matthew Rosa,5,14,16,84.2,0,0,0,1,0,84,2010,Round 14,2010-07-03,5037
West Coast,Scott Selwood,2,17,12,63.2,0,0,1,0,0,78,2010,Round 14,2010-07-03,5037
West Coast,Tom Swift,3,15,14,77.8,0,0,0,0,1,59,2010,Round 14,2010-07-03,5037
West Coast,Chris Masten,0,15,11,68.8,0,0,0,1,0,73,2010,Round 14,2010-07-03,5037
West Coast,Quinten Lynch,7,9,11,73.3,3,0,1,1,0,90,2010,Round 14,2010-07-03,5037
West Coast,Bradley Ebert,6,9,12,80.0,2,0,1,1,1,76,2010,Round 14,2010-07-03,5037
West Coast,Nicholas Naitanui,8,6,11,78.6,1,0,0,1,2,70,2010,Round 14,2010-07-03,5037
West Coast,Andrew Strijk,6,6,7,50.0,0,0,1,1,0,88,2010,Round 14,2010-07-03,5037
West Coast,Dean Cox,5,7,7,53.8,0,0,0,4,0,68,2010,Round 14,2010-07-03,5037
West Coast,Beau Wilkes,3,10,9,75.0,0,0,0,6,0,91,2010,Round 14,2010-07-03,5037
West Coast,Will Schofield,4,7,10,83.3,1,0,0,7,0,87,2010,Round 14,2010-07-03,5037
West Coast,Patrick Mcginnity,4,9,10,83.3,0,0,0,3,0,81,2010,Round 14,2010-07-03,5037
West Coast,Joshua Kennedy,4,7,5,45.5,2,1,2,0,0,89,2010,Round 14,2010-07-03,5037
West Coast,Mark Lecras,4,5,6,66.7,1,0,1,0,0,82,2010,Round 14,2010-07-03,5037
West Coast,Benjamin Mckinley,4,5,6,66.7,0,0,1,0,0,85,2010,Round 14,2010-07-03,5037
West Coast,Eric Mackenzie,2,5,6,75.0,0,0,0,9,0,93,2010,Round 14,2010-07-03,5037
Adelaide,Scott Thompson,14,20,19,55.9,0,2,2,2,0,90,2010,Round 14,2010-07-03,5036
Adelaide,Nathan Van Berlo,13,14,19,70.4,0,2,0,3,0,92,2010,Round 14,2010-07-03,5036
Adelaide,Richard Douglas,5,20,16,59.3,0,1,1,2,2,85,2010,Round 14,2010-07-03,5036
Adelaide,Simon Goodwin,6,18,19,79.2,0,0,0,2,0,91,2010,Round 14,2010-07-03,5036
Adelaide,Brent Reilly,9,13,13,59.1,0,0,1,1,0,86,2010,Round 14,2010-07-03,5036
Adelaide,Brad Symes,5,18,18,81.8,0,0,0,1,1,82,2010,Round 14,2010-07-03,5036
Adelaide,Jason Porplyzia,10,10,11,55.0,1,0,1,2,0,80,2010,Round 14,2010-07-03,5036
Adelaide,Kurt Tippett,9,7,11,68.8,1,1,5,2,0,92,2010,Round 14,2010-07-03,5036
Adelaide,Ben Rutten,5,10,15,100.0,1,0,0,4,0,100,2010,Round 14,2010-07-03,5036
Adelaide,Graham Johncock,3,11,9,64.3,1,0,0,5,1,87,2010,Round 14,2010-07-03,5036
Adelaide,Bernie Vince,4,10,11,78.6,0,0,0,0,1,76,2010,Round 14,2010-07-03,5036
Adelaide,Tony Armstrong,4,10,13,92.9,0,0,0,0,0,76,2010,Round 14,2010-07-03,5036
Adelaide,Rory Sloane,10,5,13,92.9,0,0,0,3,0,81,2010,Round 14,2010-07-03,5036
Adelaide,Ivan Maric,5,8,10,76.9,0,0,0,1,0,69,2010,Round 14,2010-07-03,5036
Adelaide,Scott Stevens,4,7,10,83.3,1,0,0,3,1,92,2010,Round 14,2010-07-03,5036
Adelaide,Taylor Walker,2,10,8,66.7,0,2,2,1,0,86,2010,Round 14,2010-07-03,5036
Adelaide,Ricky Henderson,2,9,7,58.3,0,1,4,2,0,79,2010,Round 14,2010-07-03,5036
Adelaide,Patrick Dangerfield,4,6,9,81.8,0,0,1,0,1,82,2010,Round 14,2010-07-03,5036
Adelaide,Michael Doughty,0,9,9,100.0,0,0,0,1,0,87,2010,Round 14,2010-07-03,5036
Adelaide,Jonathon Griffin,4,4,4,50.0,1,0,1,0,0,34,2010,Round 14,2010-07-03,5036
Adelaide,Phil Davis,2,6,8,100.0,0,0,0,9,0,87,2010,Round 14,2010-07-03,5036
Adelaide,Matthew Jaensch,1,4,5,83.3,0,0,0,0,0,68,2010,Round 14,2010-07-03,5036
Essendon,Brent Stanton,2,22,22,84.6,0,0,0,1,0,81,2010,Round 14,2010-07-03,5036
Essendon,Jason Winderlich,8,17,15,60.0,0,0,1,1,1,84,2010,Round 14,2010-07-03,5036
Essendon,Jobe Watson,9,13,17,77.3,0,0,0,1,0,86,2010,Round 14,2010-07-03,5036
Essendon,Brent Prismall,8,16,16,72.7,0,0,1,1,0,83,2010,Round 14,2010-07-03,5036
Essendon,David Zaharakis,4,18,13,59.1,0,1,2,1,0,83,2010,Round 14,2010-07-03,5036
Essendon,Andrew Welsh,5,15,13,65.0,0,0,0,2,0,84,2010,Round 14,2010-07-03,5036
Essendon,Heath Hocking,7,12,14,70.0,0,0,0,1,0,86,2010,Round 14,2010-07-03,5036
Essendon,Nathan Lovett Murray,7,10,16,88.9,0,0,0,0,1,79,2010,Round 14,2010-07-03,5036
Essendon,Jake Melksham,4,13,14,77.8,0,1,1,5,0,66,2010,Round 14,2010-07-03,5036
Essendon,Mark Mcveigh,3,14,10,58.8,0,0,0,4,0,92,2010,Round 14,2010-07-03,5036
Essendon,Michael Hurley,5,11,13,76.5,0,0,0,7,0,93,2010,Round 14,2010-07-03,5036
Essendon,Cale Hooker,6,10,13,81.2,1,0,0,3,0,91,2010,Round 14,2010-07-03,5036
Essendon,Leroy Jetta,5,10,12,80.0,0,0,0,1,2,74,2010,Round 14,2010-07-03,5036
Essendon,Kyle Reimers,3,12,12,80.0,0,0,1,3,0,87,2010,Round 14,2010-07-03,5036
Essendon,Tyson Slattery,8,7,12,80.0,0,0,0,1,0,75,2010,Round 14,2010-07-03,5036
Essendon,Alwyn Davey,7,8,9,64.3,0,0,1,0,0,88,2010,Round 14,2010-07-03,5036
Essendon,Patrick Ryder,10,3,7,53.8,1,0,0,6,0,88,2010,Round 14,2010-07-03,5036
Essendon,Samuel Lonergan,5,7,7,58.3,1,0,1,1,0,80,2010,Round 14,2010-07-03,5036
Essendon,Scott Gumbleton,3,5,5,62.5,1,0,1,1,0,94,2010,Round 14,2010-07-03,5036
Essendon,Tom Bellchambers,2,6,5,62.5,0,0,0,1,0,79,2010,Round 14,2010-07-03,5036
Essendon,Michael Quinn,4,4,5,62.5,0,0,1,1,0,77,2010,Round 14,2010-07-03,5036
Essendon,Henry Slattery,1,5,5,83.3,0,0,0,1,0,48,2010,Round 14,2010-07-03,5036
Geelong,Paul Chapman,8,29,29,78.4,0,0,0,1,0,84,2010,Round 14,2010-07-04,5038
Geelong,Gary Jnr Ablett,10,23,26,78.8,1,1,1,0,0,83,2010,Round 14,2010-07-04,5038
Geelong,James Kelly,8,24,27,84.4,0,1,0,3,1,87,2010,Round 14,2010-07-04,5038
Geelong,Andrew Mackie,6,25,23,71.9,0,0,0,1,0,88,2010,Round 14,2010-07-04,5038
Geelong,Joel Selwood,9,24,26,81.2,0,0,0,2,0,84,2010,Round 14,2010-07-04,5038
Geelong,Corey Enright,7,23,23,76.7,0,0,0,4,0,83,2010,Round 14,2010-07-04,5038
Geelong,Mathew Stokes,3,25,23,82.1,0,3,1,3,1,84,2010,Round 14,2010-07-04,5038
Geelong,Joel Corey,6,21,16,59.3,0,0,0,0,0,75,2010,Round 14,2010-07-04,5038
Geelong,Matthew Scarlett,4,21,21,84.0,0,0,0,6,0,83,2010,Round 14,2010-07-04,5038
Geelong,Taylor Hunt,6,20,18,75.0,0,1,0,3,0,71,2010,Round 14,2010-07-04,5038
Geelong,James Bartel,9,13,17,77.3,1,0,2,2,0,91,2010,Round 14,2010-07-04,5038
Geelong,Simon Hogan,5,17,15,68.2,0,0,0,1,0,85,2010,Round 14,2010-07-04,5038
Geelong,Darren Milburn,4,15,20,95.2,1,0,0,6,1,80,2010,Round 14,2010-07-04,5038
Geelong,Shannon Byrnes,4,16,17,85.0,0,1,2,1,0,85,2010,Round 14,2010-07-04,5038
Geelong,David Wojcinski,5,14,16,84.2,0,0,1,1,1,73,2010,Round 14,2010-07-04,5038
Geelong,Joshua Hunt,6,13,18,94.7,0,0,0,3,0,88,2010,Round 14,2010-07-04,5038
Geelong,James Podsiadly,10,8,11,64.7,3,0,6,2,0,87,2010,Round 14,2010-07-04,5038
Geelong,Travis Varcoe,6,10,14,87.5,0,1,1,2,0,79,2010,Round 14,2010-07-04,5038
Geelong,Mark Blake,7,8,13,86.7,1,0,0,2,0,72,2010,Round 14,2010-07-04,5038
Geelong,Tom Lonergan,7,9,14,93.3,3,0,0,6,0,88,2010,Round 14,2010-07-04,5038
Geelong,Mitchell Duncan,1,10,10,90.9,0,0,0,2,0,74,2010,Round 14,2010-07-04,5038
Geelong,Trent West,3,5,5,62.5,2,0,5,2,0,76,2010,Round 14,2010-07-04,5038
North Melbourne,Brady Rawlings,6,29,29,80.6,0,1,0,1,1,100,2010,Round 14,2010-07-04,5038
North Melbourne,Daniel Wells,9,17,19,73.1,0,0,0,1,5,83,2010,Round 14,2010-07-04,5038
North Melbourne,Brent Harvey,6,16,19,86.4,0,1,0,0,0,89,2010,Round 14,2010-07-04,5038
North Melbourne,Todd Goldstein,9,12,14,63.6,2,0,2,2,0,96,2010,Round 14,2010-07-04,5038
North Melbourne,Ryan Bastinac,9,13,17,81.0,0,0,0,2,0,68,2010,Round 14,2010-07-04,5038
North Melbourne,Michael Firrito,7,12,15,78.9,0,0,0,4,1,100,2010,Round 14,2010-07-04,5038
North Melbourne,Leigh Adams,5,14,13,68.4,0,0,1,2,0,72,2010,Round 14,2010-07-04,5038
North Melbourne,Cruize Garlett,7,12,17,89.5,0,0,0,1,0,68,2010,Round 14,2010-07-04,5038
North Melbourne,Daniel Pratt,2,15,13,72.2,0,0,0,7,0,100,2010,Round 14,2010-07-04,5038
North Melbourne,Levi Greenwood,6,11,13,72.2,0,0,0,1,0,70,2010,Round 14,2010-07-04,5038
North Melbourne,Scott Mcmahon,2,13,11,64.7,0,0,0,10,2,100,2010,Round 14,2010-07-04,5038
North Melbourne,Andrew Swallow,5,12,12,70.6,0,0,0,2,0,84,2010,Round 14,2010-07-04,5038
North Melbourne,Ed Lower,6,12,10,58.8,0,0,0,2,0,63,2010,Round 14,2010-07-04,5038
North Melbourne,Scott Thompson 1,4,12,14,82.4,0,0,0,7,0,98,2010,Round 14,2010-07-04,5038
North Melbourne,Ben Cunnington,1,16,12,75.0,0,0,1,2,0,77,2010,Round 14,2010-07-04,5038
North Melbourne,Samuel Wright,4,11,13,86.7,0,1,0,2,0,90,2010,Round 14,2010-07-04,5038
North Melbourne,Hamish Mcintosh,8,4,6,50.0,2,0,2,4,2,85,2010,Round 14,2010-07-04,5038
North Melbourne,Lachlan Hansen,6,5,8,66.7,3,1,3,3,0,92,2010,Round 14,2010-07-04,5038
North Melbourne,Lindsay Thomas,3,5,6,66.7,1,0,1,1,0,86,2010,Round 14,2010-07-04,5038
North Melbourne,Ben Warren,4,4,6,75.0,0,0,1,1,0,83,2010,Round 14,2010-07-04,5038
North Melbourne,Matt Campbell,4,5,6,75.0,0,1,0,0,1,84,2010,Round 14,2010-07-04,5038
North Melbourne,Jack Ziebell,0,4,4,100.0,0,0,0,1,0,10,2010,Round 14,2010-07-04,5038
Richmond,Brett Deledio,8,20,17,60.7,2,0,0,2,0,85,2010,Round 14,2010-07-04,5039
Richmond,Daniel Connors,5,20,22,84.6,0,0,0,2,0,81,2010,Round 14,2010-07-04,5039
Richmond,Ben Cousins,10,11,16,76.2,0,0,0,1,0,75,2010,Round 14,2010-07-04,5039
Richmond,David Astbury,5,16,18,85.7,0,0,0,2,3,89,2010,Round 14,2010-07-04,5039
Richmond,Chris Newman,5,14,18,90.0,1,1,0,0,3,82,2010,Round 14,2010-07-04,5039
Richmond,Daniel Jackson,9,10,12,60.0,1,0,0,2,0,83,2010,Round 14,2010-07-04,5039
Richmond,Kelvin Moore,3,17,18,90.0,1,1,0,2,3,97,2010,Round 14,2010-07-04,5039
Richmond,Shane Tuck,6,13,14,73.7,0,0,0,3,0,89,2010,Round 14,2010-07-04,5039
Richmond,Will Thursfield,4,15,17,89.5,0,0,0,9,2,94,2010,Round 14,2010-07-04,5039
Richmond,Dustin Martin,6,13,15,83.3,0,0,0,1,0,81,2010,Round 14,2010-07-04,5039
Richmond,Shane Edwards,7,8,14,82.4,0,0,0,4,0,83,2010,Round 14,2010-07-04,5039
Richmond,Trent Cotchin,10,7,13,76.5,0,0,0,1,0,83,2010,Round 14,2010-07-04,5039
Richmond,Mitchell Farmer,5,9,12,85.7,1,0,0,3,4,75,2010,Round 14,2010-07-04,5039
Richmond,Richard Tambling,2,10,9,75.0,0,0,0,1,0,74,2010,Round 14,2010-07-04,5039
Richmond,Jack Riewoldt,7,2,9,75.0,5,1,6,2,0,100,2010,Round 14,2010-07-04,5039
Richmond,Andrew Collins 1,10,1,6,54.5,3,1,3,1,0,72,2010,Round 14,2010-07-04,5039
Richmond,Ben Nason,4,6,8,72.7,0,1,0,3,2,80,2010,Round 14,2010-07-04,5039
Richmond,Angus Graham,6,5,7,70.0,2,0,0,2,0,65,2010,Round 14,2010-07-04,5039
Richmond,Matthew White,5,4,7,77.8,0,0,0,3,0,87,2010,Round 14,2010-07-04,5039
Richmond,Jake King,5,4,6,75.0,0,1,0,1,0,86,2010,Round 14,2010-07-04,5039
Richmond,Tyrone Vickery,2,4,5,83.3,0,0,0,2,0,50,2010,Round 14,2010-07-04,5039
Richmond,Benjamin Griffiths,5,1,4,66.7,1,2,1,0,0,88,2010,Round 14,2010-07-04,5039
Sydney,Jude Bolton,12,19,26,81.2,0,1,0,0,0,87,2010,Round 14,2010-07-04,5039
Sydney,Ryan O Keefe,9,20,23,79.3,0,2,0,0,0,88,2010,Round 14,2010-07-04,5039
Sydney,Daniel Hannebery,10,13,20,83.3,1,0,0,1,0,82,2010,Round 14,2010-07-04,5039
Sydney,Rhyce Shaw,6,14,13,61.9,1,0,2,2,6,84,2010,Round 14,2010-07-04,5039
Sydney,Jarrad Mcveigh,6,15,18,85.7,0,0,1,2,0,89,2010,Round 14,2010-07-04,5039
Sydney,Kieran Jack,10,12,16,76.2,0,1,0,0,0,80,2010,Round 14,2010-07-04,5039
Sydney,Craig Bird,3,16,10,52.6,0,0,0,2,0,71,2010,Round 14,2010-07-04,5039
Sydney,Nick Malceski,3,13,13,72.2,1,1,0,3,2,91,2010,Round 14,2010-07-04,5039
Sydney,Nick Smith 1,5,12,15,88.2,1,1,0,2,0,86,2010,Round 14,2010-07-04,5039
Sydney,Martin Mattner,7,9,12,75.0,0,0,0,6,0,87,2010,Round 14,2010-07-04,5039
Sydney,Adam Goodes,3,12,7,46.7,1,0,4,1,0,100,2010,Round 14,2010-07-04,5039
Sydney,Ben Mcglynn,5,10,9,60.0,1,1,2,2,1,88,2010,Round 14,2010-07-04,5039
Sydney,Josh P  Kennedy,3,13,7,46.7,0,0,0,2,0,65,2010,Round 14,2010-07-04,5039
Sydney,Brett Kirk,7,7,11,78.6,0,1,0,1,0,81,2010,Round 14,2010-07-04,5039
Sydney,Tadhg Kennelly,4,8,8,61.5,1,1,0,1,2,77,2010,Round 14,2010-07-04,5039
Sydney,Lewis Roberts Thomson,8,5,8,61.5,5,0,0,6,1,100,2010,Round 14,2010-07-04,5039
Sydney,Shane Mumford,10,3,9,75.0,0,0,0,6,0,75,2010,Round 14,2010-07-04,5039
Sydney,Jarred Moore,3,8,10,90.9,0,0,2,3,0,83,2010,Round 14,2010-07-04,5039
Sydney,Heath Grundy,2,8,9,90.0,1,0,0,0,2,100,2010,Round 14,2010-07-04,5039
Sydney,Trent Dennis Lane,3,5,2,25.0,1,0,3,0,0,88,2010,Round 14,2010-07-04,5039
Sydney,Henry Playfair,0,6,5,83.3,0,0,2,0,0,39,2010,Round 14,2010-07-04,5039
Sydney,Mike Pyke,5,1,4,66.7,2,1,2,0,0,58,2010,Round 14,2010-07-04,5039
St Kilda,Leigh Montagna,7,27,29,82.9,0,0,1,2,3,84,2010,Round 14,2010-07-04,5040
St Kilda,Brendon Goddard,4,26,26,83.9,1,3,0,1,1,92,2010,Round 14,2010-07-04,5040
St Kilda,Clinton Jones,9,21,23,74.2,1,0,0,1,0,78,2010,Round 14,2010-07-04,5040
St Kilda,Lenny Hayes,6,23,21,75.0,0,0,1,0,0,76,2010,Round 14,2010-07-04,5040
St Kilda,Adam Schneider,9,17,18,66.7,0,1,2,2,0,76,2010,Round 14,2010-07-04,5040
St Kilda,Sam Gilbert,7,22,18,66.7,1,0,0,3,6,93,2010,Round 14,2010-07-04,5040
St Kilda,Nick Dal Santo,7,16,18,75.0,0,0,1,0,0,82,2010,Round 14,2010-07-04,5040
St Kilda,Farren Ray,5,18,19,82.6,1,0,0,2,0,90,2010,Round 14,2010-07-04,5040
St Kilda,Sam Fisher,3,15,18,100.0,1,0,0,4,0,99,2010,Round 14,2010-07-04,5040
St Kilda,James Gwilt,3,16,16,88.9,0,0,0,1,0,92,2010,Round 14,2010-07-04,5040
St Kilda,Jack Steven,8,10,15,83.3,1,2,0,1,0,76,2010,Round 14,2010-07-04,5040
St Kilda,Sean Dempster,5,11,11,64.7,2,0,0,1,0,90,2010,Round 14,2010-07-04,5040
St Kilda,Brett Peake,1,14,14,87.5,0,0,0,1,3,75,2010,Round 14,2010-07-04,5040
St Kilda,Stephen Milne,8,9,10,66.7,0,0,0,0,0,87,2010,Round 14,2010-07-04,5040
St Kilda,Jason Blake,3,12,13,86.7,1,0,0,1,1,90,2010,Round 14,2010-07-04,5040
St Kilda,Jarryn Geary,5,10,12,80.0,0,0,0,2,0,77,2010,Round 14,2010-07-04,5040
St Kilda,Michael S  Gardiner,5,8,11,78.6,1,0,1,2,0,47,2010,Round 14,2010-07-04,5040
St Kilda,Zac Dawson,4,8,13,100.0,2,0,0,8,0,97,2010,Round 14,2010-07-04,5040
St Kilda,Ben Mcevoy,1,11,10,83.3,1,0,0,3,0,60,2010,Round 14,2010-07-04,5040
St Kilda,Adam Pattison,5,5,8,80.0,0,0,1,6,0,83,2010,Round 14,2010-07-04,5040
St Kilda,Rhys Stanley,5,3,5,62.5,1,0,2,4,0,83,2010,Round 14,2010-07-04,5040
St Kilda,Andrew Mcqualter,1,6,6,85.7,0,0,0,1,0,71,2010,Round 14,2010-07-04,5040
Melbourne,Brad Green,6,18,18,69.2,0,0,0,0,1,90,2010,Round 14,2010-07-04,5040
Melbourne,Joel Macdonald,12,13,17,70.8,1,0,0,2,0,79,2010,Round 14,2010-07-04,5040
Melbourne,Jordie Mckenzie,7,17,15,62.5,0,0,0,2,0,70,2010,Round 14,2010-07-04,5040
Melbourne,Jack Trengove,9,15,18,75.0,0,0,0,2,1,80,2010,Round 14,2010-07-04,5040
Melbourne,Brent Moloney,6,15,16,72.7,0,0,0,2,0,82,2010,Round 14,2010-07-04,5040
Melbourne,Cameron Bruce,9,11,14,70.0,0,0,0,2,0,92,2010,Round 14,2010-07-04,5040
Melbourne,Jack Watts,6,12,15,83.3,1,1,2,1,0,85,2010,Round 14,2010-07-04,5040
Melbourne,Mark Jamar,11,4,10,66.7,2,0,0,1,0,83,2010,Round 14,2010-07-04,5040
Melbourne,Lynden Dunn,5,10,11,73.3,2,0,2,0,0,91,2010,Round 14,2010-07-04,5040
Melbourne,Aaron Davey,1,14,8,57.1,0,2,0,2,4,78,2010,Round 14,2010-07-04,5040
Melbourne,James Frawley,5,9,11,78.6,1,0,0,1,0,83,2010,Round 14,2010-07-04,5040
Melbourne,Tom Scully,6,8,11,78.6,1,0,0,2,2,84,2010,Round 14,2010-07-04,5040
Melbourne,Nathan Jones,7,6,9,69.2,1,1,0,1,1,84,2010,Round 14,2010-07-04,5040
Melbourne,Kyle Cheney,1,12,8,61.5,0,0,0,7,0,85,2010,Round 14,2010-07-04,5040
Melbourne,Clint Bartram,1,11,8,66.7,0,0,0,1,0,86,2010,Round 14,2010-07-04,5040
Melbourne,Colin Garland,2,9,7,63.6,0,0,0,11,0,90,2010,Round 14,2010-07-04,5040
Melbourne,Jack Grimes,2,9,9,81.8,0,0,0,0,0,47,2010,Round 14,2010-07-04,5040
Melbourne,Neville Jetta,3,8,3,27.3,0,0,0,1,2,89,2010,Round 14,2010-07-04,5040
Melbourne,Jared Rivers,4,6,8,80.0,0,0,0,5,1,94,2010,Round 14,2010-07-04,5040
Melbourne,Matthew Bate,3,7,6,60.0,0,0,1,0,0,90,2010,Round 14,2010-07-04,5040
Melbourne,Jamie Bennell,6,4,5,50.0,0,1,0,1,0,73,2010,Round 14,2010-07-04,5040
Melbourne,Jake Spencer,2,6,7,87.5,1,2,0,2,0,65,2010,Round 14,2010-07-04,5040
Port Adelaide,Kane Cornes,11,15,16,61.5,0,0,0,0,0,90,2010,Round 15,2010-07-09,5097
Port Adelaide,David Rodan,17,10,16,61.5,0,0,0,3,3,81,2010,Round 15,2010-07-09,5097
Port Adelaide,Tom Logan,6,20,20,80.0,0,0,0,1,0,93,2010,Round 15,2010-07-09,5097
Port Adelaide,Mitchell Banner,9,15,16,69.6,0,0,0,0,0,77,2010,Round 15,2010-07-09,5097
Port Adelaide,Steven Salopek,4,19,16,72.7,0,0,0,3,0,89,2010,Round 15,2010-07-09,5097
Port Adelaide,Domenic Cassisi,13,9,17,77.3,0,2,0,1,1,79,2010,Round 15,2010-07-09,5097
Port Adelaide,Troy Chaplin,4,17,19,90.5,0,0,0,6,2,100,2010,Round 15,2010-07-09,5097
Port Adelaide,Nick Salter,7,14,16,80.0,2,0,0,0,0,88,2010,Round 15,2010-07-09,5097
Port Adelaide,Danyle Pearce,7,13,13,72.2,0,0,0,1,1,87,2010,Round 15,2010-07-09,5097
Port Adelaide,Travis Boak,7,12,10,55.6,0,0,0,0,1,76,2010,Round 15,2010-07-09,5097
Port Adelaide,Paul Stewart,5,11,11,68.8,0,0,0,6,0,75,2010,Round 15,2010-07-09,5097
Port Adelaide,Dean Brogan,8,6,12,80.0,0,0,0,1,0,81,2010,Round 15,2010-07-09,5097
Port Adelaide,Alipate Carlile,3,10,12,80.0,0,0,0,4,0,100,2010,Round 15,2010-07-09,5097
Port Adelaide,Brett Ebert,6,6,9,64.3,2,0,4,0,0,87,2010,Round 15,2010-07-09,5097
Port Adelaide,Justin Westhoff,4,9,12,85.7,1,0,0,2,0,89,2010,Round 15,2010-07-09,5097
Port Adelaide,Matthew Broadbent,3,11,11,84.6,0,0,0,1,1,90,2010,Round 15,2010-07-09,5097
Port Adelaide,Jackson Trengove,3,9,6,50.0,1,0,0,3,0,59,2010,Round 15,2010-07-09,5097
Port Adelaide,Josh Carr,4,8,8,72.7,0,0,0,2,0,85,2010,Round 15,2010-07-09,5097
Port Adelaide,Cameron Hitchcock,2,8,11,100.0,0,3,0,0,0,75,2010,Round 15,2010-07-09,5097
Port Adelaide,Daniel Motlop,4,6,5,50.0,0,1,2,2,0,77,2010,Round 15,2010-07-09,5097
Port Adelaide,Matt Thomas,4,6,6,60.0,0,0,0,0,0,44,2010,Round 15,2010-07-09,5097
Port Adelaide,Daniel Stewart,0,0,0,0.0,0,0,0,0,0,0,2010,Round 15,2010-07-09,5097
Collingwood,Dane Swan,11,26,24,61.5,1,0,1,3,2,84,2010,Round 15,2010-07-09,5097
Collingwood,Scott Pendlebury,12,18,24,80.0,0,0,0,1,1,81,2010,Round 15,2010-07-09,5097
Collingwood,Dayne Beams,7,16,17,70.8,0,1,0,3,0,69,2010,Round 15,2010-07-09,5097
Collingwood,Luke Ball,9,11,13,65.0,0,0,0,4,0,72,2010,Round 15,2010-07-09,5097
Collingwood,Alan Didak,8,13,14,70.0,0,2,0,1,0,76,2010,Round 15,2010-07-09,5097
Collingwood,Heath Shaw,4,13,15,75.0,0,0,0,4,2,90,2010,Round 15,2010-07-09,5097
Collingwood,Sharrod Wellingham,6,13,11,61.1,0,0,0,0,2,65,2010,Round 15,2010-07-09,5097
Collingwood,Dale Thomas,2,16,15,88.2,1,1,2,3,3,83,2010,Round 15,2010-07-09,5097
Collingwood,Tyson Goldsack,8,9,10,62.5,0,0,0,3,2,78,2010,Round 15,2010-07-09,5097
Collingwood,Tarkyn Lockyer,8,7,13,86.7,1,2,1,1,0,86,2010,Round 15,2010-07-09,5097
Collingwood,Heritier O Brien,5,9,11,73.3,0,0,0,4,3,98,2010,Round 15,2010-07-09,5097
Collingwood,Jarryd Blair,3,12,13,86.7,0,1,1,1,1,63,2010,Round 15,2010-07-09,5097
Collingwood,Ben Reid,8,5,9,64.3,1,0,0,8,0,99,2010,Round 15,2010-07-09,5097
Collingwood,Ben Johnson,3,10,6,46.2,0,0,0,3,0,88,2010,Round 15,2010-07-09,5097
Collingwood,Darren Jolly,6,8,9,75.0,1,0,1,0,0,91,2010,Round 15,2010-07-09,5097
Collingwood,Travis Cloke,7,5,8,66.7,2,2,1,1,0,82,2010,Round 15,2010-07-09,5097
Collingwood,John Anthony,5,7,7,63.6,0,2,0,0,0,65,2010,Round 15,2010-07-09,5097
Collingwood,Chris Dawes,5,6,8,72.7,1,2,3,5,0,78,2010,Round 15,2010-07-09,5097
Collingwood,Leigh Brown,4,6,9,90.0,1,1,1,0,0,74,2010,Round 15,2010-07-09,5097
Collingwood,Alan Toovey,4,5,6,75.0,1,0,0,7,0,97,2010,Round 15,2010-07-09,5097
Collingwood,Steele Sidebottom,5,3,6,75.0,0,1,0,1,0,81,2010,Round 15,2010-07-09,5097
Collingwood,Simon Prestigiacomo,3,0,3,75.0,1,0,0,6,0,100,2010,Round 15,2010-07-09,5097
West Coast,Adam Selwood,6,22,22,75.9,1,1,0,2,2,84,2010,Round 15,2010-07-10,5098
West Coast,Matthew Rosa,7,22,21,72.4,1,1,0,5,0,87,2010,Round 15,2010-07-10,5098
West Coast,Dean Cox,12,9,17,73.9,1,0,0,1,0,72,2010,Round 15,2010-07-10,5098
West Coast,Andrew Embley,5,18,14,60.9,0,0,2,0,0,79,2010,Round 15,2010-07-10,5098
West Coast,Quinten Lynch,5,19,16,72.7,1,3,1,0,0,92,2010,Round 15,2010-07-10,5098
West Coast,Chris Masten,5,16,12,57.1,0,0,1,5,0,78,2010,Round 15,2010-07-10,5098
West Coast,Beau Waters,7,13,14,70.0,0,0,0,4,0,50,2010,Round 15,2010-07-10,5098
West Coast,Scott Selwood,8,13,14,70.0,0,0,0,5,0,76,2010,Round 15,2010-07-10,5098
West Coast,Bradley Ebert,5,15,9,47.4,0,0,0,0,0,81,2010,Round 15,2010-07-10,5098
West Coast,Ashley Smith,5,14,16,84.2,0,0,0,5,0,73,2010,Round 15,2010-07-10,5098
West Coast,Brett Jones,7,11,14,77.8,1,0,0,3,0,90,2010,Round 15,2010-07-10,5098
West Coast,Mark Lecras,5,12,14,77.8,0,0,2,1,0,87,2010,Round 15,2010-07-10,5098
West Coast,Eric Mackenzie,7,11,12,66.7,1,0,0,9,0,94,2010,Round 15,2010-07-10,5098
West Coast,Matthew Priddis,8,7,11,73.3,0,0,0,1,0,88,2010,Round 15,2010-07-10,5098
West Coast,Lewis Stevenson,2,12,13,86.7,0,0,1,4,0,72,2010,Round 15,2010-07-10,5098
West Coast,Mitchell Brown,7,6,12,85.7,1,0,0,9,0,92,2010,Round 15,2010-07-10,5098
West Coast,Bradley Sheppard,4,9,11,84.6,0,0,1,2,0,83,2010,Round 15,2010-07-10,5098
West Coast,Andrew Strijk,6,9,7,53.8,2,3,0,1,0,87,2010,Round 15,2010-07-10,5098
West Coast,Ashton Hams,6,6,11,84.6,0,1,0,3,0,78,2010,Round 15,2010-07-10,5098
West Coast,Will Schofield,5,5,9,81.8,0,0,0,5,0,93,2010,Round 15,2010-07-10,5098
West Coast,Joshua Kennedy,3,6,5,55.6,1,1,1,4,0,90,2010,Round 15,2010-07-10,5098
West Coast,Nicholas Naitanui,6,2,4,66.7,1,0,1,2,0,72,2010,Round 15,2010-07-10,5098
Adelaide,Scott Thompson,11,18,19,65.5,0,0,0,1,0,85,2010,Round 15,2010-07-10,5098
Adelaide,Simon Goodwin,4,23,22,78.6,0,0,0,4,0,94,2010,Round 15,2010-07-10,5098
Adelaide,Bernie Vince,10,18,16,57.1,0,1,0,2,0,74,2010,Round 15,2010-07-10,5098
Adelaide,Michael Doughty,3,18,18,78.3,0,1,0,2,0,87,2010,Round 15,2010-07-10,5098
Adelaide,Richard Douglas,7,17,17,73.9,0,1,0,3,1,88,2010,Round 15,2010-07-10,5098
Adelaide,Patrick Dangerfield,10,13,13,56.5,0,0,0,1,1,84,2010,Round 15,2010-07-10,5098
Adelaide,Ricky Henderson,11,10,20,90.9,2,2,1,0,0,78,2010,Round 15,2010-07-10,5098
Adelaide,Brent Reilly,8,12,15,78.9,0,1,0,2,0,85,2010,Round 15,2010-07-10,5098
Adelaide,Rory Sloane,10,9,13,68.4,0,1,0,0,0,74,2010,Round 15,2010-07-10,5098
Adelaide,Scott Stevens,10,9,16,88.9,4,0,0,5,0,93,2010,Round 15,2010-07-10,5098
Adelaide,Jason Porplyzia,8,7,7,41.2,0,1,1,2,0,90,2010,Round 15,2010-07-10,5098
Adelaide,Brad Symes,6,10,13,81.2,1,1,0,2,0,82,2010,Round 15,2010-07-10,5098
Adelaide,Taylor Walker,8,7,6,37.5,2,1,3,2,0,90,2010,Round 15,2010-07-10,5098
Adelaide,Graham Johncock,3,12,12,85.7,0,0,0,1,1,88,2010,Round 15,2010-07-10,5098
Adelaide,Ben Rutten,2,11,12,92.3,1,0,0,1,0,100,2010,Round 15,2010-07-10,5098
Adelaide,Nathan Van Berlo,7,5,10,76.9,1,0,0,0,0,84,2010,Round 15,2010-07-10,5098
Adelaide,Kurt Tippett,8,4,6,50.0,2,0,5,2,0,90,2010,Round 15,2010-07-10,5098
Adelaide,Jonathon Griffin,5,6,6,54.5,0,0,0,1,0,56,2010,Round 15,2010-07-10,5098
Adelaide,Tony Armstrong,1,10,8,72.7,0,0,0,0,0,69,2010,Round 15,2010-07-10,5098
Adelaide,Phil Davis,3,8,11,100.0,0,0,0,5,0,81,2010,Round 15,2010-07-10,5098
Adelaide,Matthew Jaensch,6,5,8,72.7,0,0,0,0,1,75,2010,Round 15,2010-07-10,5098
Adelaide,Ivan Maric,7,1,6,75.0,1,1,1,2,0,53,2010,Round 15,2010-07-10,5098
Geelong,Gary Jnr Ablett,9,24,17,53.1,0,0,0,1,1,98,2010,Round 15,2010-07-10,5099
Geelong,Joel Selwood,15,16,27,90.0,0,0,0,1,0,88,2010,Round 15,2010-07-10,5099
Geelong,James Bartel,16,10,18,69.2,3,0,2,6,0,96,2010,Round 15,2010-07-10,5099
Geelong,Paul Chapman,5,19,18,75.0,0,1,0,0,4,91,2010,Round 15,2010-07-10,5099
Geelong,James Kelly,10,13,21,91.3,0,1,1,1,0,87,2010,Round 15,2010-07-10,5099
Geelong,Andrew Mackie,6,17,14,63.6,0,1,0,3,1,89,2010,Round 15,2010-07-10,5099
Geelong,Mathew Stokes,6,16,16,72.7,0,1,1,1,0,82,2010,Round 15,2010-07-10,5099
Geelong,Darren Milburn,11,6,10,58.8,0,0,0,7,2,87,2010,Round 15,2010-07-10,5099
Geelong,Harry Taylor,8,8,11,64.7,6,0,0,7,1,91,2010,Round 15,2010-07-10,5099
Geelong,Cameron Ling,5,11,9,56.2,0,0,1,1,0,83,2010,Round 15,2010-07-10,5099
Geelong,David Wojcinski,6,10,12,75.0,0,0,0,0,5,79,2010,Round 15,2010-07-10,5099
Geelong,Travis Varcoe,5,9,9,64.3,0,2,2,0,1,78,2010,Round 15,2010-07-10,5099
Geelong,Corey Enright,5,8,7,53.8,1,0,0,1,0,94,2010,Round 15,2010-07-10,5099
Geelong,Mark Blake,5,8,9,75.0,0,1,1,1,0,53,2010,Round 15,2010-07-10,5099
Geelong,Simon Hogan,2,10,8,66.7,0,0,0,1,0,58,2010,Round 15,2010-07-10,5099
Geelong,Matthew Scarlett,5,6,6,54.5,0,0,0,5,0,94,2010,Round 15,2010-07-10,5099
Geelong,Brad Ottens,9,3,8,72.7,1,0,0,0,0,63,2010,Round 15,2010-07-10,5099
Geelong,Joshua Hunt,3,8,9,81.8,1,0,0,4,1,76,2010,Round 15,2010-07-10,5099
Geelong,James Podsiadly,1,9,7,70.0,1,1,1,3,0,97,2010,Round 15,2010-07-10,5099
Geelong,Tom Lonergan,4,6,9,100.0,0,0,0,1,0,85,2010,Round 15,2010-07-10,5099
Geelong,Shannon Byrnes,2,7,3,37.5,1,1,2,1,0,74,2010,Round 15,2010-07-10,5099
Geelong,Mitchell Duncan,2,6,5,62.5,0,1,0,0,0,54,2010,Round 15,2010-07-10,5099
Hawthorn,Cyril Rioli,13,12,17,68.0,0,0,0,2,2,83,2010,Round 15,2010-07-10,5099
Hawthorn,Brad Sewell,9,15,13,54.2,0,0,0,1,0,91,2010,Round 15,2010-07-10,5099
Hawthorn,Shaun Burgoyne,9,13,13,59.1,0,1,0,0,0,79,2010,Round 15,2010-07-10,5099
Hawthorn,Lance Franklin,15,10,14,63.6,3,1,5,0,2,93,2010,Round 15,2010-07-10,5099
Hawthorn,Grant Birchall,4,17,16,76.2,0,0,0,3,0,82,2010,Round 15,2010-07-10,5099
Hawthorn,Luke Hodge,10,11,13,65.0,3,0,1,2,0,81,2010,Round 15,2010-07-10,5099
Hawthorn,Thomas Murphy,11,9,17,85.0,1,0,0,6,0,91,2010,Round 15,2010-07-10,5099
Hawthorn,Brent Guerra,5,11,17,89.5,1,0,0,2,1,81,2010,Round 15,2010-07-10,5099
Hawthorn,Chance Bateman,4,14,7,41.2,0,0,1,1,1,85,2010,Round 15,2010-07-10,5099
Hawthorn,Jordan Lewis,11,5,12,75.0,1,0,1,1,0,92,2010,Round 15,2010-07-10,5099
Hawthorn,Michael Osborne,7,8,8,57.1,0,0,0,1,0,77,2010,Round 15,2010-07-10,5099
Hawthorn,Benjamin Stratton,6,9,11,78.6,2,0,0,4,0,92,2010,Round 15,2010-07-10,5099
Hawthorn,Stephen Gilham,6,5,8,72.7,3,0,0,8,0,94,2010,Round 15,2010-07-10,5099
Hawthorn,Clinton Young,3,8,8,72.7,0,1,0,2,0,84,2010,Round 15,2010-07-10,5099
Hawthorn,Xavier Ellis,5,6,9,81.8,0,0,0,3,1,70,2010,Round 15,2010-07-10,5099
Hawthorn,Carl Peterson,4,5,8,80.0,0,1,0,3,0,61,2010,Round 15,2010-07-10,5099
Hawthorn,Wayde Skipper,5,4,5,55.6,0,0,0,2,0,55,2010,Round 15,2010-07-10,5099
Hawthorn,Brent Renouf,4,5,4,44.4,1,0,1,5,0,64,2010,Round 15,2010-07-10,5099
Hawthorn,Ryan Schoenmakers,6,3,2,22.2,0,0,0,3,0,77,2010,Round 15,2010-07-10,5099
Hawthorn,Jarryd Roughead,6,1,5,71.4,1,1,2,2,0,92,2010,Round 15,2010-07-10,5099
Hawthorn,Joshua Gibson,4,3,5,71.4,0,0,0,3,0,76,2010,Round 15,2010-07-10,5099
Hawthorn,Campbell Brown,3,3,4,66.7,1,1,0,4,0,98,2010,Round 15,2010-07-10,5099
Brisbane Lions,Simon Black,5,24,20,69.0,0,2,0,1,0,74,2010,Round 15,2010-07-10,5100
Brisbane Lions,Michael Rischitelli,12,15,24,88.9,1,0,0,3,1,81,2010,Round 15,2010-07-10,5100
Brisbane Lions,Daniel Rich,6,18,21,84.0,1,1,0,3,0,90,2010,Round 15,2010-07-10,5100
Brisbane Lions,Luke Power,8,16,17,70.8,0,0,1,0,0,85,2010,Round 15,2010-07-10,5100
Brisbane Lions,Tom Rockliff,9,15,20,83.3,1,0,0,2,0,71,2010,Round 15,2010-07-10,5100
Brisbane Lions,Jack Redden,11,11,17,77.3,0,0,0,4,0,83,2010,Round 15,2010-07-10,5100
Brisbane Lions,Jared Brennan,5,18,16,80.0,1,0,1,4,0,83,2010,Round 15,2010-07-10,5100
Brisbane Lions,Travis Johnstone,3,15,14,70.0,0,0,0,1,1,89,2010,Round 15,2010-07-10,5100
Brisbane Lions,Amon Buchanan,5,14,16,84.2,0,0,1,0,0,85,2010,Round 15,2010-07-10,5100
Brisbane Lions,Mitchell Clark,7,10,14,77.8,1,0,0,3,0,70,2010,Round 15,2010-07-10,5100
Brisbane Lions,Ashley Mcgrath,4,12,12,70.6,0,0,0,6,0,89,2010,Round 15,2010-07-10,5100
Brisbane Lions,Pearce Hanley,1,16,12,70.6,0,0,0,2,2,69,2010,Round 15,2010-07-10,5100
Brisbane Lions,Daniel Merrett,4,11,13,86.7,1,0,0,3,0,90,2010,Round 15,2010-07-10,5100
Brisbane Lions,Joel Patfull,5,9,13,92.9,1,0,0,2,0,88,2010,Round 15,2010-07-10,5100
Brisbane Lions,Tom Collier,2,12,10,71.4,0,0,0,3,0,80,2010,Round 15,2010-07-10,5100
Brisbane Lions,Matthew Leuenberger,6,7,12,92.3,2,0,0,6,0,69,2010,Round 15,2010-07-10,5100
Brisbane Lions,Brent Staker,5,8,7,58.3,3,2,1,0,0,80,2010,Round 15,2010-07-10,5100
Brisbane Lions,Brendan Fevola,3,9,4,36.4,0,0,3,0,0,96,2010,Round 15,2010-07-10,5100
Brisbane Lions,Aaron Cornelius,0,0,0,0.0,0,0,0,0,0,0,2010,Round 15,2010-07-10,5100
Brisbane Lions,Todd Banfield,4,6,6,66.7,0,0,1,1,1,90,2010,Round 15,2010-07-10,5100
Brisbane Lions,James Polkinghorne,1,6,5,71.4,0,0,0,1,0,88,2010,Round 15,2010-07-10,5100
Brisbane Lions,Justin Sherman,2,4,4,66.7,0,0,0,0,1,85,2010,Round 15,2010-07-10,5100
St Kilda,Leigh Montagna,12,20,20,60.6,0,1,0,2,1,88,2010,Round 15,2010-07-10,5100
St Kilda,Lenny Hayes,10,16,19,67.9,0,0,0,1,0,77,2010,Round 15,2010-07-10,5100
St Kilda,Sam Gilbert,9,18,19,70.4,0,1,0,2,2,93,2010,Round 15,2010-07-10,5100
St Kilda,Nick Dal Santo,8,18,18,69.2,1,0,0,2,1,77,2010,Round 15,2010-07-10,5100
St Kilda,Clinton Jones,8,18,18,69.2,0,0,0,3,0,83,2010,Round 15,2010-07-10,5100
St Kilda,Farren Ray,4,21,22,88.0,1,0,0,0,3,88,2010,Round 15,2010-07-10,5100
St Kilda,James Gwilt,4,19,15,68.2,1,2,1,3,0,92,2010,Round 15,2010-07-10,5100
St Kilda,Stephen Milne,5,11,12,66.7,1,1,3,2,2,85,2010,Round 15,2010-07-10,5100
St Kilda,Brett Peake,5,14,13,72.2,1,0,1,0,0,80,2010,Round 15,2010-07-10,5100
St Kilda,Sam Fisher,3,14,16,88.9,0,0,0,2,0,100,2010,Round 15,2010-07-10,5100
St Kilda,Jarryn Geary,2,14,14,87.5,0,0,0,3,1,86,2010,Round 15,2010-07-10,5100
St Kilda,Ben Mcevoy,7,8,13,81.2,3,0,0,3,0,69,2010,Round 15,2010-07-10,5100
St Kilda,Adam Schneider,7,9,13,86.7,0,0,2,1,0,76,2010,Round 15,2010-07-10,5100
St Kilda,Jason Blake,5,9,15,100.0,1,0,0,2,0,100,2010,Round 15,2010-07-10,5100
St Kilda,Jason Gram,4,11,10,66.7,0,0,0,0,0,68,2010,Round 15,2010-07-10,5100
St Kilda,Adam Pattison,6,9,10,66.7,1,0,2,2,0,80,2010,Round 15,2010-07-10,5100
St Kilda,Zac Dawson,4,9,12,85.7,1,0,0,5,0,100,2010,Round 15,2010-07-10,5100
St Kilda,Nick Riewoldt,7,6,6,46.2,1,0,4,0,0,65,2010,Round 15,2010-07-10,5100
St Kilda,Michael S  Gardiner,6,7,10,76.9,0,0,1,2,0,67,2010,Round 15,2010-07-10,5100
St Kilda,Andrew Mcqualter,4,9,10,76.9,0,0,0,0,0,78,2010,Round 15,2010-07-10,5100
St Kilda,Jack Steven,3,10,10,76.9,0,1,0,2,0,66,2010,Round 15,2010-07-10,5100
St Kilda,Sean Dempster,3,8,10,90.9,2,0,0,4,0,83,2010,Round 15,2010-07-10,5100
Richmond,Daniel Connors,9,27,25,71.4,0,0,1,2,2,90,2010,Round 15,2010-07-10,5101
Richmond,Shane Tuck,13,17,23,76.7,0,0,0,1,0,83,2010,Round 15,2010-07-10,5101
Richmond,Brett Deledio,10,18,19,65.5,0,1,1,3,0,96,2010,Round 15,2010-07-10,5101
Richmond,Chris Newman,6,16,21,80.8,1,0,0,6,1,94,2010,Round 15,2010-07-10,5101
Richmond,Daniel Jackson,9,16,19,76.0,0,0,0,0,1,86,2010,Round 15,2010-07-10,5101
Richmond,Shane Edwards,10,16,17,68.0,0,0,0,1,5,88,2010,Round 15,2010-07-10,5101
Richmond,Mitchell Farmer,8,16,20,83.3,0,0,0,4,0,84,2010,Round 15,2010-07-10,5101
Richmond,Dustin Martin,6,22,16,66.7,0,0,0,0,0,84,2010,Round 15,2010-07-10,5101
Richmond,Jeromey Webberley,2,20,21,91.3,0,0,0,0,0,72,2010,Round 15,2010-07-10,5101
Richmond,Kelvin Moore,5,15,20,95.2,0,0,0,3,0,99,2010,Round 15,2010-07-10,5101
Richmond,Trent Cotchin,8,12,13,65.0,1,0,0,1,0,82,2010,Round 15,2010-07-10,5101
Richmond,Will Thursfield,4,14,16,88.9,0,0,0,11,0,98,2010,Round 15,2010-07-10,5101
Richmond,Matthew White,6,13,12,66.7,0,0,2,1,0,90,2010,Round 15,2010-07-10,5101
Richmond,Andrew Collins 1,8,11,13,72.2,0,0,0,1,0,91,2010,Round 15,2010-07-10,5101
Richmond,Tyrone Vickery,9,4,11,78.6,1,1,0,2,0,68,2010,Round 15,2010-07-10,5101
Richmond,Jake King,6,7,10,83.3,0,0,1,2,1,86,2010,Round 15,2010-07-10,5101
Richmond,Jack Riewoldt,7,3,8,72.7,3,0,4,1,0,100,2010,Round 15,2010-07-10,5101
Richmond,Angus Graham,1,9,7,70.0,0,0,0,1,0,70,2010,Round 15,2010-07-10,5101
Richmond,David Astbury,3,7,8,80.0,1,0,1,0,0,95,2010,Round 15,2010-07-10,5101
Richmond,Robin Nahas,3,5,7,77.8,0,1,1,0,1,87,2010,Round 15,2010-07-10,5101
Richmond,Ben Nason,0,4,4,100.0,0,0,0,1,0,25,2010,Round 15,2010-07-10,5101
Richmond,Benjamin Griffiths,1,0,1,100.0,0,0,0,0,0,31,2010,Round 15,2010-07-10,5101
Fremantle,David Mundy,7,22,20,69.0,0,1,0,1,0,78,2010,Round 15,2010-07-10,5101
Fremantle,Adam Mcphee,12,13,21,91.3,7,0,1,4,0,100,2010,Round 15,2010-07-10,5101
Fremantle,Matthew Pavlich,11,13,15,68.2,0,1,1,0,0,94,2010,Round 15,2010-07-10,5101
Fremantle,Roger Hayden,10,8,17,89.5,0,0,0,0,0,84,2010,Round 15,2010-07-10,5101
Fremantle,Aaron Sandilands,15,5,12,63.2,3,1,1,3,0,83,2010,Round 15,2010-07-10,5101
Fremantle,Rhys Palmer,7,13,15,78.9,0,1,0,2,0,62,2010,Round 15,2010-07-10,5101
Fremantle,Garrick Ibbotson,8,9,12,66.7,1,0,0,3,1,96,2010,Round 15,2010-07-10,5101
Fremantle,Stephen Hill,6,13,10,55.6,0,0,1,1,4,90,2010,Round 15,2010-07-10,5101
Fremantle,Kepler Bradley,8,9,14,82.4,3,0,1,0,0,82,2010,Round 15,2010-07-10,5101
Fremantle,Paul Duffield,6,9,13,76.5,1,0,0,5,0,91,2010,Round 15,2010-07-10,5101
Fremantle,Paul Hasleby,9,5,9,64.3,2,0,1,0,0,75,2010,Round 15,2010-07-10,5101
Fremantle,Anthony Morabito,2,12,7,50.0,0,0,0,2,0,79,2010,Round 15,2010-07-10,5101
Fremantle,Matthew Deboer,5,8,8,61.5,0,2,0,1,0,86,2010,Round 15,2010-07-10,5101
Fremantle,Clancee Pearce,4,9,9,75.0,0,0,0,0,0,76,2010,Round 15,2010-07-10,5101
Fremantle,Dylan Roberton,2,9,7,63.6,0,0,0,2,0,68,2010,Round 15,2010-07-10,5101
Fremantle,Ryan Crowley,4,5,7,70.0,0,1,1,0,0,89,2010,Round 15,2010-07-10,5101
Fremantle,Jay Van Berlo,6,4,6,60.0,0,0,0,0,0,82,2010,Round 15,2010-07-10,5101
Fremantle,Alex Silvagni,3,6,9,90.0,1,0,0,11,0,100,2010,Round 15,2010-07-10,5101
Fremantle,Hayden Ballantyne,3,6,6,66.7,0,1,0,0,0,83,2010,Round 15,2010-07-10,5101
Fremantle,Nicholas Suban,4,5,8,88.9,0,0,0,1,0,69,2010,Round 15,2010-07-10,5101
Fremantle,Michael Johnson,1,7,6,75.0,0,0,1,1,0,77,2010,Round 15,2010-07-10,5101
Fremantle,Tim Ruffles,0,4,2,50.0,0,0,1,3,0,58,2010,Round 15,2010-07-10,5101
Sydney,Tadhg Kennelly,5,22,27,79.4,0,0,0,3,1,95,2010,Round 15,2010-07-11,5102
Sydney,Nick Malceski,8,27,28,82.4,1,0,0,1,3,84,2010,Round 15,2010-07-11,5102
Sydney,Adam Goodes,14,20,17,51.5,2,1,2,2,0,94,2010,Round 15,2010-07-11,5102
Sydney,Ryan O Keefe,10,16,16,64.0,0,0,0,1,1,77,2010,Round 15,2010-07-11,5102
Sydney,Daniel Hannebery,10,14,18,75.0,1,2,1,0,0,80,2010,Round 15,2010-07-11,5102
Sydney,Lewis Roberts Thomson,4,20,19,82.6,2,0,1,7,0,100,2010,Round 15,2010-07-11,5102
Sydney,Heath Grundy,5,17,19,82.6,2,0,0,2,0,99,2010,Round 15,2010-07-11,5102
Sydney,Josh P  Kennedy,5,18,17,73.9,0,0,1,2,0,69,2010,Round 15,2010-07-11,5102
Sydney,Jude Bolton,9,12,19,90.5,0,1,0,3,0,82,2010,Round 15,2010-07-11,5102
Sydney,Nick Smith 1,7,12,19,95.0,0,0,0,2,1,86,2010,Round 15,2010-07-11,5102
Sydney,Brett Kirk,5,14,15,78.9,0,1,1,1,0,80,2010,Round 15,2010-07-11,5102
Sydney,Ben Mcglynn,7,12,14,73.7,0,1,1,0,0,92,2010,Round 15,2010-07-11,5102
Sydney,Rhyce Shaw,2,14,12,66.7,1,0,1,1,1,78,2010,Round 15,2010-07-11,5102
Sydney,Paul Bevan,4,15,16,88.9,0,1,2,2,0,83,2010,Round 15,2010-07-11,5102
Sydney,Brett Meredith,0,19,14,77.8,0,2,0,0,0,60,2010,Round 15,2010-07-11,5102
Sydney,Shane Mumford,10,7,11,64.7,2,0,1,3,0,69,2010,Round 15,2010-07-11,5102
Sydney,Kieran Jack,4,12,10,62.5,0,0,0,0,0,89,2010,Round 15,2010-07-11,5102
Sydney,Jarred Moore,4,12,12,85.7,0,0,0,1,0,90,2010,Round 15,2010-07-11,5102
Sydney,Ted Richards,5,5,6,60.0,3,0,0,0,0,78,2010,Round 15,2010-07-11,5102
Sydney,Trent Dennis Lane,3,7,6,60.0,0,0,2,3,0,88,2010,Round 15,2010-07-11,5102
Sydney,Mike Pyke,3,4,7,100.0,2,1,0,2,0,46,2010,Round 15,2010-07-11,5102
Sydney,Jarrad Mcveigh,3,3,4,66.7,0,0,0,1,0,81,2010,Round 15,2010-07-11,5102
North Melbourne,Brent Harvey,13,15,18,66.7,0,0,0,1,0,88,2010,Round 15,2010-07-11,5102
North Melbourne,Brady Rawlings,9,17,19,70.4,0,0,0,0,1,100,2010,Round 15,2010-07-11,5102
North Melbourne,Leigh Adams,9,13,14,66.7,0,0,0,4,0,70,2010,Round 15,2010-07-11,5102
North Melbourne,Ryan Bastinac,8,12,13,65.0,0,0,1,0,0,82,2010,Round 15,2010-07-11,5102
North Melbourne,Samuel Wright,4,15,15,83.3,1,0,0,1,0,75,2010,Round 15,2010-07-11,5102
North Melbourne,Ben Cunnington,7,11,13,72.2,0,0,0,4,0,98,2010,Round 15,2010-07-11,5102
North Melbourne,Daniel Wells,5,7,11,78.6,0,0,0,1,0,83,2010,Round 15,2010-07-11,5102
North Melbourne,Michael Firrito,6,6,7,58.3,1,0,1,5,1,96,2010,Round 15,2010-07-11,5102
North Melbourne,Andrew Swallow,8,4,10,83.3,0,0,0,1,0,83,2010,Round 15,2010-07-11,5102
North Melbourne,Todd Goldstein,8,4,7,58.3,2,1,2,2,0,89,2010,Round 15,2010-07-11,5102
North Melbourne,Hamish Mcintosh,5,6,9,81.8,4,0,0,4,0,72,2010,Round 15,2010-07-11,5102
North Melbourne,Scott Thompson 1,5,6,9,81.8,1,0,0,7,0,97,2010,Round 15,2010-07-11,5102
North Melbourne,Ed Lower,6,4,5,50.0,0,0,0,0,1,65,2010,Round 15,2010-07-11,5102
North Melbourne,Robert Tarrant,4,5,9,90.0,0,0,0,4,0,100,2010,Round 15,2010-07-11,5102
North Melbourne,Ben Warren,0,8,5,55.6,0,1,0,0,0,84,2010,Round 15,2010-07-11,5102
North Melbourne,Levi Greenwood,3,6,4,44.4,0,0,0,1,0,69,2010,Round 15,2010-07-11,5102
North Melbourne,Lachlan Hansen,5,3,5,62.5,2,1,0,0,0,87,2010,Round 15,2010-07-11,5102
North Melbourne,Lindsay Thomas,1,6,6,75.0,0,1,1,0,0,87,2010,Round 15,2010-07-11,5102
North Melbourne,Drew Petrie,5,1,5,71.4,0,1,0,4,1,74,2010,Round 15,2010-07-11,5102
North Melbourne,Daniel Pratt,0,6,5,71.4,0,0,0,4,1,80,2010,Round 15,2010-07-11,5102
North Melbourne,Matt Campbell,3,3,6,85.7,0,0,0,1,0,68,2010,Round 15,2010-07-11,5102
North Melbourne,Cruize Garlett,4,3,5,71.4,0,0,0,1,0,54,2010,Round 15,2010-07-11,5102
Melbourne,Colin Sylvia,10,18,20,69.0,1,0,0,0,4,85,2010,Round 15,2010-07-11,5103
Melbourne,Brad Green,11,16,20,74.1,4,1,5,0,0,95,2010,Round 15,2010-07-11,5103
Melbourne,Brent Moloney,4,18,18,81.8,0,1,0,2,0,85,2010,Round 15,2010-07-11,5103
Melbourne,Lynden Dunn,8,13,14,66.7,2,0,0,2,0,78,2010,Round 15,2010-07-11,5103
Melbourne,Cameron Bruce,4,16,16,80.0,0,0,0,4,2,91,2010,Round 15,2010-07-11,5103
Melbourne,Mark Jamar,11,7,16,88.9,3,0,1,1,0,69,2010,Round 15,2010-07-11,5103
Melbourne,Tom Scully,8,11,10,62.5,0,0,0,1,1,79,2010,Round 15,2010-07-11,5103
Melbourne,Jack Trengove,7,9,11,68.8,2,1,1,0,0,79,2010,Round 15,2010-07-11,5103
Melbourne,Aaron Davey,5,9,10,66.7,0,0,0,1,5,82,2010,Round 15,2010-07-11,5103
Melbourne,James Frawley,2,13,12,80.0,0,0,0,6,2,82,2010,Round 15,2010-07-11,5103
Melbourne,Matthew Bate,4,10,11,78.6,1,1,1,0,0,89,2010,Round 15,2010-07-11,5103
Melbourne,Nathan Jones,6,8,8,57.1,0,1,1,2,0,89,2010,Round 15,2010-07-11,5103
Melbourne,Joel Macdonald,7,8,10,76.9,1,0,0,2,2,81,2010,Round 15,2010-07-11,5103
Melbourne,Jordie Mckenzie,7,6,9,69.2,0,1,0,1,0,71,2010,Round 15,2010-07-11,5103
Melbourne,Paul Johnson,4,8,9,75.0,0,0,0,0,0,72,2010,Round 15,2010-07-11,5103
Melbourne,Jared Rivers,2,10,9,75.0,1,0,0,5,0,90,2010,Round 15,2010-07-11,5103
Melbourne,Jamie Bennell,4,8,7,58.3,0,0,2,1,2,68,2010,Round 15,2010-07-11,5103
Melbourne,Kyle Cheney,5,6,9,81.8,0,0,0,1,2,74,2010,Round 15,2010-07-11,5103
Melbourne,Liam Jurrah,6,5,5,45.5,0,0,4,0,2,79,2010,Round 15,2010-07-11,5103
Melbourne,Jack Watts,5,7,7,70.0,0,1,0,4,0,81,2010,Round 15,2010-07-11,5103
Melbourne,Clint Bartram,1,8,8,88.9,0,0,0,2,0,93,2010,Round 15,2010-07-11,5103
Melbourne,Colin Garland,3,7,7,77.8,1,0,0,3,0,88,2010,Round 15,2010-07-11,5103
Essendon,Jobe Watson,10,21,26,81.2,0,1,0,1,2,81,2010,Round 15,2010-07-11,5103
Essendon,Nathan Lovett Murray,8,20,24,77.4,0,1,0,3,1,88,2010,Round 15,2010-07-11,5103
Essendon,Jason Winderlich,6,24,25,83.3,0,2,1,2,5,75,2010,Round 15,2010-07-11,5103
Essendon,Heath Hocking,7,15,17,81.0,1,2,0,2,1,82,2010,Round 15,2010-07-11,5103
Essendon,Michael Hurley,6,13,15,71.4,3,0,0,8,1,89,2010,Round 15,2010-07-11,5103
Essendon,Ben Howlett,10,12,14,66.7,0,0,0,0,0,67,2010,Round 15,2010-07-11,5103
Essendon,Mark Mcveigh,6,12,11,57.9,0,0,0,1,0,89,2010,Round 15,2010-07-11,5103
Essendon,Travis Colyer,7,13,11,57.9,0,0,0,1,4,67,2010,Round 15,2010-07-11,5103
Essendon,Rick Dyson,3,14,11,64.7,0,0,0,0,0,78,2010,Round 15,2010-07-11,5103
Essendon,Brent Stanton,6,12,12,70.6,1,0,0,1,2,92,2010,Round 15,2010-07-11,5103
Essendon,David Zaharakis,6,12,13,76.5,0,1,1,0,1,74,2010,Round 15,2010-07-11,5103
Essendon,Courtenay Dempsey,4,9,12,85.7,0,1,0,4,1,86,2010,Round 15,2010-07-11,5103
Essendon,Samuel Lonergan,7,8,10,71.4,1,1,2,3,0,86,2010,Round 15,2010-07-11,5103
Essendon,Kyle Reimers,5,8,11,78.6,0,0,0,1,0,83,2010,Round 15,2010-07-11,5103
Essendon,Jay Neagle,4,7,10,76.9,1,1,0,4,0,92,2010,Round 15,2010-07-11,5103
Essendon,Leroy Jetta,4,9,9,69.2,1,0,0,2,0,82,2010,Round 15,2010-07-11,5103
Essendon,Angus Monfries,4,8,8,72.7,0,1,1,2,0,73,2010,Round 15,2010-07-11,5103
Essendon,Alwyn Davey,3,8,8,72.7,0,0,1,0,2,81,2010,Round 15,2010-07-11,5103
Essendon,Cale Hooker,4,6,11,100.0,0,0,0,5,0,85,2010,Round 15,2010-07-11,5103
Essendon,Patrick Ryder,7,3,7,70.0,2,1,1,2,0,90,2010,Round 15,2010-07-11,5103
Essendon,Tom Bellchambers,2,6,7,77.8,0,0,1,1,0,76,2010,Round 15,2010-07-11,5103
Essendon,Andrew Welsh,1,6,6,75.0,0,0,0,4,0,83,2010,Round 15,2010-07-11,5103
Carlton,Bryce Gibbs,10,22,19,57.6,0,0,0,1,2,88,2010,Round 15,2010-07-11,5104
Carlton,Andrew Walker,2,29,26,81.2,0,0,0,1,4,91,2010,Round 15,2010-07-11,5104
Carlton,Marc Murphy,10,18,22,75.9,0,1,0,3,3,76,2010,Round 15,2010-07-11,5104
Carlton,Chris Judd,10,18,22,81.5,0,1,0,1,2,81,2010,Round 15,2010-07-11,5104
Carlton,Andrew Carrazzo,4,21,17,68.0,0,0,0,1,0,81,2010,Round 15,2010-07-11,5104
Carlton,Jordan Russell,5,20,21,87.5,0,1,0,5,2,89,2010,Round 15,2010-07-11,5104
Carlton,Heath Scotland,9,14,18,78.3,0,0,0,3,1,90,2010,Round 15,2010-07-11,5104
Carlton,Dennis Armfield,3,18,17,81.0,0,0,0,6,1,83,2010,Round 15,2010-07-11,5104
Carlton,Paul Bower,5,14,18,90.0,0,0,0,5,5,80,2010,Round 15,2010-07-11,5104
Carlton,Kade Simpson,3,16,13,68.4,0,0,1,0,3,83,2010,Round 15,2010-07-11,5104
Carlton,Aaron Joseph,8,12,17,94.4,0,0,0,5,1,82,2010,Round 15,2010-07-11,5104
Carlton,Bret Thornton,3,13,15,88.2,0,0,0,3,1,97,2010,Round 15,2010-07-11,5104
Carlton,Sam Jacobs,3,10,13,92.9,0,0,0,5,0,79,2010,Round 15,2010-07-11,5104
Carlton,Mitch Robinson,6,8,7,50.0,0,0,0,1,0,69,2010,Round 15,2010-07-11,5104
Carlton,Ryan Houlihan,6,7,11,84.6,1,0,0,0,0,77,2010,Round 15,2010-07-11,5104
Carlton,Lachlan Henderson,4,8,11,84.6,0,0,1,3,0,64,2010,Round 15,2010-07-11,5104
Carlton,Jeff Gartlett,6,5,5,41.7,1,0,1,0,1,75,2010,Round 15,2010-07-11,5104
Carlton,Michael Jamison,1,11,8,72.7,1,0,0,7,0,95,2010,Round 15,2010-07-11,5104
Carlton,Shaun Hampson,5,5,7,70.0,2,0,1,5,0,65,2010,Round 15,2010-07-11,5104
Carlton,Christopher Yarran,3,7,5,50.0,0,0,1,1,4,82,2010,Round 15,2010-07-11,5104
Carlton,Edward Betts,6,2,6,85.7,2,2,0,1,0,88,2010,Round 15,2010-07-11,5104
Carlton,Setanta O Hailpin,1,2,3,100.0,0,0,0,2,0,83,2010,Round 15,2010-07-11,5104
Western Bulldogs,Matthew Boyd,11,23,24,72.7,0,2,0,6,2,86,2010,Round 15,2010-07-11,5104
Western Bulldogs,Adam Cooney,10,23,21,63.6,0,2,0,1,0,88,2010,Round 15,2010-07-11,5104
Western Bulldogs,Ryan Griffen,8,21,17,58.6,0,0,0,2,2,87,2010,Round 15,2010-07-11,5104
Western Bulldogs,Brian Harris,13,14,23,82.1,3,0,0,5,0,94,2010,Round 15,2010-07-11,5104
Western Bulldogs,Ryan Hargrave,6,20,18,69.2,0,0,0,2,0,85,2010,Round 15,2010-07-11,5104
Western Bulldogs,Daniel Cross,7,18,19,76.0,0,0,0,2,0,90,2010,Round 15,2010-07-11,5104
Western Bulldogs,Jarrod Harbrow,4,17,20,90.9,0,1,0,4,4,88,2010,Round 15,2010-07-11,5104
Western Bulldogs,Lindsay Gilbee,2,18,17,81.0,0,2,0,4,2,86,2010,Round 15,2010-07-11,5104
Western Bulldogs,Daniel Giansiracusa,7,13,15,75.0,1,0,2,0,3,88,2010,Round 15,2010-07-11,5104
Western Bulldogs,Shaun Higgins,4,16,19,95.0,0,0,0,0,0,81,2010,Round 15,2010-07-11,5104
Western Bulldogs,Brad Johnson,3,15,14,77.8,0,2,3,0,1,85,2010,Round 15,2010-07-11,5104
Western Bulldogs,Liam Picken,11,7,14,77.8,0,1,0,4,0,89,2010,Round 15,2010-07-11,5104
Western Bulldogs,Robert Murphy,2,14,15,93.8,0,0,1,0,7,87,2010,Round 15,2010-07-11,5104
Western Bulldogs,Ben Hudson,8,8,13,81.2,1,0,0,3,0,81,2010,Round 15,2010-07-11,5104
Western Bulldogs,Easton Wood,2,13,12,80.0,0,1,0,1,3,74,2010,Round 15,2010-07-11,5104
Western Bulldogs,Barry Hall,5,9,10,71.4,1,0,6,2,0,88,2010,Round 15,2010-07-11,5104
Western Bulldogs,Tom Williams,3,11,13,92.9,0,0,0,4,2,82,2010,Round 15,2010-07-11,5104
Western Bulldogs,Callan Ward,5,8,10,76.9,0,2,0,1,0,77,2010,Round 15,2010-07-11,5104
Western Bulldogs,Dale Morris,2,10,9,75.0,0,0,0,2,0,97,2010,Round 15,2010-07-11,5104
Western Bulldogs,Jarrad Grant,3,8,12,100.0,0,2,1,2,2,86,2010,Round 15,2010-07-11,5104
Western Bulldogs,Jordan Roughead,0,8,6,75.0,0,1,1,4,0,69,2010,Round 15,2010-07-11,5104
Western Bulldogs,Brennan Stack,0,0,0,0.0,0,0,0,0,0,13,2010,Round 15,2010-07-11,5104
Adelaide,Bernie Vince,8,25,22,68.8,1,0,0,2,0,84,2010,Round 16,2010-07-16,5121
Adelaide,Simon Goodwin,4,25,22,75.9,0,0,0,2,0,89,2010,Round 16,2010-07-16,5121
Adelaide,Graham Johncock,5,21,20,76.9,1,0,0,2,2,81,2010,Round 16,2010-07-16,5121
Adelaide,Scott Stevens,5,18,17,73.9,2,0,0,8,0,92,2010,Round 16,2010-07-16,5121
Adelaide,Michael Doughty,7,15,18,85.7,1,1,0,9,0,84,2010,Round 16,2010-07-16,5121
Adelaide,Scott Thompson,3,17,15,71.4,1,0,0,3,0,85,2010,Round 16,2010-07-16,5121
Adelaide,Nathan Van Berlo,5,16,18,85.7,1,1,1,1,2,90,2010,Round 16,2010-07-16,5121
Adelaide,David Mackay,9,11,16,80.0,0,1,0,1,4,85,2010,Round 16,2010-07-16,5121
Adelaide,Ricky Henderson,7,13,19,95.0,0,0,0,1,0,76,2010,Round 16,2010-07-16,5121
Adelaide,Ben Rutten,8,10,14,77.8,0,0,0,3,0,100,2010,Round 16,2010-07-16,5121
Adelaide,Richard Douglas,6,13,12,66.7,0,0,0,1,1,79,2010,Round 16,2010-07-16,5121
Adelaide,Patrick Dangerfield,9,9,10,55.6,0,0,1,1,0,90,2010,Round 16,2010-07-16,5121
Adelaide,Matthew Jaensch,8,10,10,58.8,0,0,0,0,1,87,2010,Round 16,2010-07-16,5121
Adelaide,Brent Reilly,4,11,12,75.0,0,1,0,2,2,74,2010,Round 16,2010-07-16,5121
Adelaide,Brad Symes,3,11,11,73.3,0,0,0,1,0,73,2010,Round 16,2010-07-16,5121
Adelaide,Taylor Walker,6,9,10,66.7,2,0,4,1,0,91,2010,Round 16,2010-07-16,5121
Adelaide,Andrew Mcleod,1,12,11,78.6,0,1,0,2,0,79,2010,Round 16,2010-07-16,5121
Adelaide,Phil Davis,4,10,9,64.3,1,0,0,4,0,76,2010,Round 16,2010-07-16,5121
Adelaide,Rory Sloane,6,7,10,83.3,1,0,2,0,0,77,2010,Round 16,2010-07-16,5121
Adelaide,Jonathon Griffin,4,3,7,87.5,0,0,0,0,0,53,2010,Round 16,2010-07-16,5121
Adelaide,Ivan Maric,4,3,5,71.4,1,0,0,1,0,59,2010,Round 16,2010-07-16,5121
Adelaide,Kurt Tippett,3,3,4,66.7,2,0,3,2,0,97,2010,Round 16,2010-07-16,5121
Geelong,Joel Selwood,10,23,30,85.7,0,1,0,3,0,82,2010,Round 16,2010-07-16,5121
Geelong,Harry Taylor,10,20,26,86.7,5,0,0,4,1,95,2010,Round 16,2010-07-16,5121
Geelong,James Kelly,6,19,22,84.6,0,0,0,1,0,86,2010,Round 16,2010-07-16,5121
Geelong,Paul Chapman,6,19,20,80.0,0,0,0,1,0,85,2010,Round 16,2010-07-16,5121
Geelong,Matthew Scarlett,3,20,18,75.0,1,0,0,7,1,97,2010,Round 16,2010-07-16,5121
Geelong,Andrew Mackie,5,20,18,75.0,0,1,0,1,0,87,2010,Round 16,2010-07-16,5121
Geelong,Cameron Ling,2,20,16,72.7,0,0,0,0,0,81,2010,Round 16,2010-07-16,5121
Geelong,David Wojcinski,3,20,17,77.3,0,0,0,5,0,77,2010,Round 16,2010-07-16,5121
Geelong,Joshua Hunt,4,17,19,90.5,0,0,0,7,0,85,2010,Round 16,2010-07-16,5121
Geelong,Shannon Byrnes,6,12,13,65.0,0,2,0,0,1,76,2010,Round 16,2010-07-16,5121
Geelong,Gary Jnr Ablett,4,14,14,73.7,0,1,1,0,1,90,2010,Round 16,2010-07-16,5121
Geelong,Corey Enright,4,15,14,73.7,0,0,0,1,0,85,2010,Round 16,2010-07-16,5121
Geelong,Joel Corey,3,15,14,77.8,0,0,0,3,0,80,2010,Round 16,2010-07-16,5121
Geelong,Mathew Stokes,6,12,12,66.7,0,1,1,0,0,80,2010,Round 16,2010-07-16,5121
Geelong,James Bartel,3,14,15,88.2,1,0,0,0,0,92,2010,Round 16,2010-07-16,5121
Geelong,Tom Lonergan,4,14,13,76.5,0,0,1,7,1,86,2010,Round 16,2010-07-16,5121
Geelong,Simon Hogan,3,12,10,66.7,0,0,0,0,0,72,2010,Round 16,2010-07-16,5121
Geelong,James Podsiadly,7,8,8,57.1,2,0,0,3,0,91,2010,Round 16,2010-07-16,5121
Geelong,Brad Ottens,5,6,9,90.0,0,0,0,3,0,59,2010,Round 16,2010-07-16,5121
Geelong,Travis Varcoe,2,9,8,80.0,0,1,0,0,0,77,2010,Round 16,2010-07-16,5121
Geelong,Cameron Mooney,4,4,5,55.6,3,0,2,0,0,84,2010,Round 16,2010-07-16,5121
Geelong,Mark Blake,1,3,4,100.0,0,0,0,2,0,50,2010,Round 16,2010-07-16,5121
Hawthorn,Luke Hodge,15,24,25,64.1,1,3,0,2,0,83,2010,Round 16,2010-07-17,5123
Hawthorn,Brad Sewell,13,24,27,69.2,0,0,0,0,0,88,2010,Round 16,2010-07-17,5123
Hawthorn,Sam Mitchell,16,20,23,65.7,0,1,0,0,0,88,2010,Round 16,2010-07-17,5123
Hawthorn,Shaun Burgoyne,6,24,23,76.7,0,1,0,1,2,87,2010,Round 16,2010-07-17,5123
Hawthorn,Jordan Lewis,11,15,18,69.2,2,1,4,2,0,96,2010,Round 16,2010-07-17,5123
Hawthorn,Brent Guerra,7,20,18,72.0,3,0,0,0,0,79,2010,Round 16,2010-07-17,5123
Hawthorn,Xavier Ellis,4,20,21,87.5,1,0,0,2,0,66,2010,Round 16,2010-07-17,5123
Hawthorn,Wayde Skipper,10,12,15,68.2,1,0,1,6,0,64,2010,Round 16,2010-07-17,5123
Hawthorn,Cyril Rioli,4,14,17,89.5,0,0,0,3,0,84,2010,Round 16,2010-07-17,5123
Hawthorn,Benjamin Stratton,7,13,16,84.2,1,0,0,6,3,99,2010,Round 16,2010-07-17,5123
Hawthorn,Grant Birchall,3,15,15,83.3,0,1,0,2,0,80,2010,Round 16,2010-07-17,5123
Hawthorn,Clinton Young,5,11,11,68.8,1,1,1,0,3,90,2010,Round 16,2010-07-17,5123
Hawthorn,Campbell Brown,2,13,12,80.0,0,0,0,4,0,69,2010,Round 16,2010-07-17,5123
Hawthorn,Joshua Gibson,7,8,14,93.3,0,0,0,6,0,85,2010,Round 16,2010-07-17,5123
Hawthorn,Michael Osborne,6,8,10,71.4,0,0,2,0,0,81,2010,Round 16,2010-07-17,5123
Hawthorn,Jarryd Roughead,10,5,7,50.0,4,0,6,1,0,90,2010,Round 16,2010-07-17,5123
Hawthorn,Stephen Gilham,4,8,13,100.0,0,0,0,2,0,96,2010,Round 16,2010-07-17,5123
Hawthorn,Thomas Murphy,2,11,9,75.0,0,0,0,3,0,95,2010,Round 16,2010-07-17,5123
Hawthorn,Carl Peterson,5,6,7,63.6,0,1,0,3,0,76,2010,Round 16,2010-07-17,5123
Hawthorn,Chance Bateman,4,6,5,50.0,0,1,0,1,0,69,2010,Round 16,2010-07-17,5123
Hawthorn,Brent Renouf,7,3,9,90.0,2,0,0,1,0,56,2010,Round 16,2010-07-17,5123
Hawthorn,Brendan Whitecross,1,7,5,62.5,0,0,0,1,0,80,2010,Round 16,2010-07-17,5123
Brisbane Lions,Jared Brennan,13,10,13,56.5,1,0,0,0,0,83,2010,Round 16,2010-07-17,5123
Brisbane Lions,Luke Power,6,16,16,72.7,1,1,0,2,0,90,2010,Round 16,2010-07-17,5123
Brisbane Lions,Michael Rischitelli,8,14,17,77.3,0,0,0,1,0,82,2010,Round 16,2010-07-17,5123
Brisbane Lions,Jack Redden,8,12,13,65.0,1,1,0,1,0,88,2010,Round 16,2010-07-17,5123
Brisbane Lions,Tom Rockliff,12,6,11,57.9,0,0,0,3,0,80,2010,Round 16,2010-07-17,5123
Brisbane Lions,Travis Johnstone,5,10,10,62.5,0,0,0,2,0,72,2010,Round 16,2010-07-17,5123
Brisbane Lions,Daniel Rich,8,8,6,37.5,0,0,0,2,0,74,2010,Round 16,2010-07-17,5123
Brisbane Lions,Ashley Mcgrath,3,6,10,71.4,0,0,0,1,1,91,2010,Round 16,2010-07-17,5123
Brisbane Lions,Mitchell Clark,7,6,10,76.9,2,0,0,2,0,71,2010,Round 16,2010-07-17,5123
Brisbane Lions,Matthew Leuenberger,10,3,3,23.1,2,0,0,4,0,69,2010,Round 16,2010-07-17,5123
Brisbane Lions,James Polkinghorne,8,5,7,53.8,1,2,0,1,0,79,2010,Round 16,2010-07-17,5123
Brisbane Lions,Amon Buchanan,4,10,7,58.3,1,0,1,0,0,69,2010,Round 16,2010-07-17,5123
Brisbane Lions,Pearce Hanley,2,9,4,33.3,0,0,0,2,0,83,2010,Round 16,2010-07-17,5123
Brisbane Lions,Joel Patfull,4,6,11,100.0,1,0,0,2,0,92,2010,Round 16,2010-07-17,5123
Brisbane Lions,Brent Staker,7,3,6,60.0,1,0,0,2,0,91,2010,Round 16,2010-07-17,5123
Brisbane Lions,Matthew Maguire,3,5,5,62.5,2,0,0,2,0,60,2010,Round 16,2010-07-17,5123
Brisbane Lions,Jonathan Brown,8,0,5,62.5,3,0,3,1,0,88,2010,Round 16,2010-07-17,5123
Brisbane Lions,Daniel Merrett,2,5,5,62.5,0,0,0,8,0,93,2010,Round 16,2010-07-17,5123
Brisbane Lions,Justin Sherman,1,7,7,87.5,0,0,0,1,0,89,2010,Round 16,2010-07-17,5123
Brisbane Lions,Tom Collier,3,2,3,60.0,0,0,0,3,0,82,2010,Round 16,2010-07-17,5123
Brisbane Lions,Todd Banfield,1,3,1,25.0,0,0,0,2,2,81,2010,Round 16,2010-07-17,5123
Brisbane Lions,Brendan Fevola,0,3,2,66.7,0,0,1,0,0,96,2010,Round 16,2010-07-17,5123
Collingwood,Dane Swan,10,26,26,72.2,0,0,1,0,2,80,2010,Round 16,2010-07-17,5122
Collingwood,Alan Didak,11,20,22,66.7,0,1,0,1,5,82,2010,Round 16,2010-07-17,5122
Collingwood,Dale Thomas,7,21,17,63.0,0,0,0,3,5,79,2010,Round 16,2010-07-17,5122
Collingwood,Scott Pendlebury,3,24,20,74.1,0,0,1,2,0,75,2010,Round 16,2010-07-17,5122
Collingwood,Sharrod Wellingham,6,17,17,73.9,3,0,0,2,3,89,2010,Round 16,2010-07-17,5122
Collingwood,Luke Ball,7,15,17,85.0,0,0,0,2,0,70,2010,Round 16,2010-07-17,5122
Collingwood,Dayne Beams,4,14,16,80.0,0,0,1,0,0,71,2010,Round 16,2010-07-17,5122
Collingwood,Ben Johnson,3,12,17,89.5,0,1,0,3,2,91,2010,Round 16,2010-07-17,5122
Collingwood,Heath Shaw,6,10,14,82.4,2,0,1,3,0,75,2010,Round 16,2010-07-17,5122
Collingwood,Ben Reid,4,13,14,82.4,1,0,0,6,0,96,2010,Round 16,2010-07-17,5122
Collingwood,Leigh Brown,9,6,15,93.8,3,0,2,0,0,76,2010,Round 16,2010-07-17,5122
Collingwood,Alan Toovey,5,11,13,81.2,1,0,0,2,4,100,2010,Round 16,2010-07-17,5122
Collingwood,Leon Davis,1,14,8,53.3,0,4,3,0,0,84,2010,Round 16,2010-07-17,5122
Collingwood,Tarkyn Lockyer,5,10,10,66.7,0,1,0,3,1,85,2010,Round 16,2010-07-17,5122
Collingwood,Jarryd Blair,10,5,11,73.3,0,0,0,2,1,64,2010,Round 16,2010-07-17,5122
Collingwood,Steele Sidebottom,4,10,13,92.9,0,0,1,2,0,76,2010,Round 16,2010-07-17,5122
Collingwood,Heritier O Brien,2,11,8,61.5,0,0,0,2,1,94,2010,Round 16,2010-07-17,5122
Collingwood,Brent Macaffer,5,8,10,83.3,1,0,0,0,0,83,2010,Round 16,2010-07-17,5122
Collingwood,Darren Jolly,2,9,6,54.5,0,0,0,6,1,78,2010,Round 16,2010-07-17,5122
Collingwood,Tyson Goldsack,1,6,7,100.0,0,1,0,6,0,74,2010,Round 16,2010-07-17,5122
Collingwood,Simon Prestigiacomo,2,4,4,66.7,1,0,0,6,0,94,2010,Round 16,2010-07-17,5122
Collingwood,Chris Dawes,3,1,5,100.0,1,0,1,1,0,84,2010,Round 16,2010-07-17,5122
St Kilda,Leigh Montagna,7,26,25,73.5,0,1,1,1,1,81,2010,Round 16,2010-07-17,5122
St Kilda,Sam Fisher,6,28,27,81.8,3,0,0,8,0,97,2010,Round 16,2010-07-17,5122
St Kilda,Lenny Hayes,7,24,20,69.0,1,0,1,0,0,76,2010,Round 16,2010-07-17,5122
St Kilda,Brendon Goddard,9,19,19,67.9,0,0,0,3,3,83,2010,Round 16,2010-07-17,5122
St Kilda,Sam Gilbert,8,18,16,66.7,1,0,0,1,2,95,2010,Round 16,2010-07-17,5122
St Kilda,Clinton Jones,7,11,15,75.0,0,0,0,2,0,86,2010,Round 16,2010-07-17,5122
St Kilda,Jarryn Geary,3,16,16,80.0,0,0,0,1,0,81,2010,Round 16,2010-07-17,5122
St Kilda,Jason Gram,3,15,12,63.2,0,0,0,1,1,84,2010,Round 16,2010-07-17,5122
St Kilda,James Gwilt,4,15,17,89.5,0,0,0,1,1,92,2010,Round 16,2010-07-17,5122
St Kilda,Adam Schneider,4,14,12,66.7,0,2,1,1,0,80,2010,Round 16,2010-07-17,5122
St Kilda,Brett Peake,4,12,11,68.8,1,0,0,0,0,77,2010,Round 16,2010-07-17,5122
St Kilda,Zac Dawson,5,10,12,80.0,1,0,0,4,0,86,2010,Round 16,2010-07-17,5122
St Kilda,Adam Pattison,5,9,13,86.7,2,1,0,2,0,68,2010,Round 16,2010-07-17,5122
St Kilda,Jason Blake,2,12,13,92.9,0,0,0,1,0,84,2010,Round 16,2010-07-17,5122
St Kilda,Farren Ray,6,7,13,92.9,0,0,0,0,0,85,2010,Round 16,2010-07-17,5122
St Kilda,Stephen Milne,4,7,8,66.7,0,0,0,1,1,94,2010,Round 16,2010-07-17,5122
St Kilda,Jack Steven,5,6,9,81.8,0,0,1,3,0,78,2010,Round 16,2010-07-17,5122
St Kilda,Nick Riewoldt,2,8,7,70.0,0,0,3,0,0,77,2010,Round 16,2010-07-17,5122
St Kilda,Michael S  Gardiner,5,5,9,90.0,1,0,0,2,0,66,2010,Round 16,2010-07-17,5122
St Kilda,Andrew Mcqualter,4,6,6,60.0,0,0,0,0,0,70,2010,Round 16,2010-07-17,5122
St Kilda,Justin Koschitzke,2,6,4,50.0,1,0,2,1,0,76,2010,Round 16,2010-07-17,5122
St Kilda,Sean Dempster,1,8,7,87.5,0,0,0,0,1,81,2010,Round 16,2010-07-17,5122
Essendon,Travis Colyer,9,16,21,77.8,0,0,1,1,1,72,2010,Round 16,2010-07-17,5124
Essendon,Jason Winderlich,6,18,20,83.3,0,0,0,2,0,80,2010,Round 16,2010-07-17,5124
Essendon,Nathan Lovett Murray,8,15,18,75.0,0,1,0,7,0,91,2010,Round 16,2010-07-17,5124
Essendon,Jobe Watson,8,14,13,59.1,0,0,0,1,0,80,2010,Round 16,2010-07-17,5124
Essendon,Ben Howlett,10,12,14,63.6,0,0,0,1,3,70,2010,Round 16,2010-07-17,5124
Essendon,Brent Stanton,7,14,17,81.0,0,1,0,0,0,81,2010,Round 16,2010-07-17,5124
Essendon,Kyle Reimers,8,12,14,70.0,1,0,0,3,1,84,2010,Round 16,2010-07-17,5124
Essendon,David Zaharakis,4,16,12,60.0,0,1,2,0,1,82,2010,Round 16,2010-07-17,5124
Essendon,Samuel Lonergan,11,5,9,52.9,1,0,1,0,2,72,2010,Round 16,2010-07-17,5124
Essendon,Dustin Fletcher,4,11,13,81.2,1,0,0,3,0,78,2010,Round 16,2010-07-17,5124
Essendon,Angus Monfries,10,7,14,87.5,0,1,1,1,0,82,2010,Round 16,2010-07-17,5124
Essendon,Michael Hurley,3,13,10,62.5,0,0,0,3,0,86,2010,Round 16,2010-07-17,5124
Essendon,Heath Hocking,9,6,11,78.6,2,0,0,3,0,93,2010,Round 16,2010-07-17,5124
Essendon,Alwyn Davey,3,11,7,50.0,1,0,2,2,0,84,2010,Round 16,2010-07-17,5124
Essendon,Cale Hooker,3,11,11,78.6,0,0,0,10,0,92,2010,Round 16,2010-07-17,5124
Essendon,Jake Melksham,4,10,8,57.1,1,0,0,2,0,75,2010,Round 16,2010-07-17,5124
Essendon,Mark Mcveigh,1,11,8,66.7,0,1,0,0,0,89,2010,Round 16,2010-07-17,5124
Essendon,Courtenay Dempsey,2,10,7,58.3,1,0,0,4,0,82,2010,Round 16,2010-07-17,5124
Essendon,Scott Gumbleton,6,7,8,66.7,1,0,1,1,0,91,2010,Round 16,2010-07-17,5124
Essendon,Patrick Ryder,6,5,8,72.7,0,0,0,4,0,86,2010,Round 16,2010-07-17,5124
Essendon,Jay Neagle,7,1,4,50.0,2,0,3,1,0,86,2010,Round 16,2010-07-17,5124
Essendon,Tom Bellchambers,3,3,4,66.7,2,0,2,0,0,63,2010,Round 16,2010-07-17,5124
West Coast,Matthew Priddis,12,20,23,71.9,1,2,0,1,2,87,2010,Round 16,2010-07-17,5124
West Coast,Adam Selwood,10,17,22,84.6,2,2,0,2,0,84,2010,Round 16,2010-07-17,5124
West Coast,Andrew Embley,10,16,19,76.0,0,3,0,2,0,88,2010,Round 16,2010-07-17,5124
West Coast,Bradley Ebert,5,19,15,65.2,0,0,0,1,1,75,2010,Round 16,2010-07-17,5124
West Coast,Mark Lecras,9,13,19,86.4,4,0,11,0,0,89,2010,Round 16,2010-07-17,5124
West Coast,Matthew Rosa,5,16,14,66.7,1,0,1,1,0,80,2010,Round 16,2010-07-17,5124
West Coast,Ashley Smith,8,13,14,66.7,0,0,0,5,0,78,2010,Round 16,2010-07-17,5124
West Coast,Joshua Kennedy,5,14,11,55.0,2,2,2,2,0,90,2010,Round 16,2010-07-17,5124
West Coast,Quinten Lynch,8,11,15,78.9,0,1,0,1,0,90,2010,Round 16,2010-07-17,5124
West Coast,Scott Selwood,9,11,16,84.2,0,0,0,2,0,79,2010,Round 16,2010-07-17,5124
West Coast,Dean Cox,7,10,10,55.6,1,0,0,2,0,69,2010,Round 16,2010-07-17,5124
West Coast,Shannon Hurn,4,15,15,83.3,0,0,0,5,0,75,2010,Round 16,2010-07-17,5124
West Coast,Ashton Hams,5,14,15,83.3,0,2,1,4,2,84,2010,Round 16,2010-07-17,5124
West Coast,Lewis Stevenson,4,13,12,70.6,0,0,0,2,0,67,2010,Round 16,2010-07-17,5124
West Coast,Beau Waters,6,9,10,66.7,1,1,0,2,0,92,2010,Round 16,2010-07-17,5124
West Coast,Chris Masten,5,9,9,64.3,0,0,2,1,1,75,2010,Round 16,2010-07-17,5124
West Coast,Nicholas Naitanui,10,4,10,71.4,0,0,1,3,0,70,2010,Round 16,2010-07-17,5124
West Coast,Mitchell Brown,4,8,11,84.6,0,0,0,6,0,88,2010,Round 16,2010-07-17,5124
West Coast,Bradley Sheppard,1,12,8,61.5,0,0,0,1,0,87,2010,Round 16,2010-07-17,5124
West Coast,Eric Mackenzie,2,7,7,70.0,0,0,0,7,0,95,2010,Round 16,2010-07-17,5124
West Coast,Andrew Strijk,5,4,9,90.0,1,1,0,2,0,77,2010,Round 16,2010-07-17,5124
West Coast,Will Schofield,1,7,7,87.5,0,0,0,7,0,82,2010,Round 16,2010-07-17,5124
Western Bulldogs,Matthew Boyd,9,24,25,71.4,0,0,0,0,1,83,2010,Round 16,2010-07-17,5125
Western Bulldogs,Daniel Cross,8,25,29,87.9,2,1,0,4,0,89,2010,Round 16,2010-07-17,5125
Western Bulldogs,Jarrod Harbrow,7,22,27,84.4,0,0,0,3,1,85,2010,Round 16,2010-07-17,5125
Western Bulldogs,Ryan Hargrave,8,21,24,80.0,1,0,0,3,0,90,2010,Round 16,2010-07-17,5125
Western Bulldogs,Lindsay Gilbee,9,17,21,77.8,0,1,0,6,1,84,2010,Round 16,2010-07-17,5125
Western Bulldogs,Brian Harris,3,23,23,88.5,0,0,0,2,0,98,2010,Round 16,2010-07-17,5125
Western Bulldogs,Adam Cooney,5,19,17,70.8,0,1,0,0,0,78,2010,Round 16,2010-07-17,5125
Western Bulldogs,Nathan Eagleton,3,20,19,82.6,0,0,0,1,2,74,2010,Round 16,2010-07-17,5125
Western Bulldogs,Brad Johnson,4,15,18,90.0,0,1,3,1,0,76,2010,Round 16,2010-07-17,5125
Western Bulldogs,Robert Murphy,1,19,14,70.0,0,2,0,2,5,79,2010,Round 16,2010-07-17,5125
Western Bulldogs,Ryan Griffen,5,12,14,70.0,0,1,1,2,4,79,2010,Round 16,2010-07-17,5125
Western Bulldogs,Andrejs Everitt,8,12,13,65.0,1,1,1,2,0,75,2010,Round 16,2010-07-17,5125
Western Bulldogs,Brodie Moles,3,15,16,88.9,0,0,0,2,2,75,2010,Round 16,2010-07-17,5125
Western Bulldogs,Shaun Higgins,1,14,11,73.3,0,0,3,2,0,76,2010,Round 16,2010-07-17,5125
Western Bulldogs,Callan Ward,10,6,13,86.7,1,1,1,0,0,78,2010,Round 16,2010-07-17,5125
Western Bulldogs,Dale Morris,3,9,12,92.3,1,0,0,5,0,96,2010,Round 16,2010-07-17,5125
Western Bulldogs,Liam Picken,4,9,7,53.8,0,0,0,2,0,90,2010,Round 16,2010-07-17,5125
Western Bulldogs,Daniel Giansiracusa,4,8,9,75.0,0,1,0,3,0,83,2010,Round 16,2010-07-17,5125
Western Bulldogs,Tom Williams,3,9,10,83.3,0,1,0,2,0,76,2010,Round 16,2010-07-17,5125
Western Bulldogs,Jarrad Grant,3,7,8,80.0,0,0,0,2,1,81,2010,Round 16,2010-07-17,5125
Western Bulldogs,Ben Hudson,6,2,7,77.8,1,0,0,4,0,76,2010,Round 16,2010-07-17,5125
Western Bulldogs,Easton Wood,3,8,7,87.5,0,0,0,4,1,80,2010,Round 16,2010-07-17,5125
Port Adelaide,Kane Cornes,9,26,28,77.8,0,0,0,0,1,89,2010,Round 16,2010-07-17,5125
Port Adelaide,Danyle Pearce,8,19,25,83.3,0,0,0,0,0,90,2010,Round 16,2010-07-17,5125
Port Adelaide,Domenic Cassisi,10,14,14,58.3,0,0,0,3,0,77,2010,Round 16,2010-07-17,5125
Port Adelaide,Mitchell Banner,8,16,13,54.2,0,2,1,0,0,80,2010,Round 16,2010-07-17,5125
Port Adelaide,Troy Chaplin,6,15,20,95.2,0,0,0,2,0,93,2010,Round 16,2010-07-17,5125
Port Adelaide,Steven Salopek,6,12,11,61.1,0,0,0,2,0,68,2010,Round 16,2010-07-17,5125
Port Adelaide,Brett Ebert,8,7,8,50.0,0,0,2,0,0,87,2010,Round 16,2010-07-17,5125
Port Adelaide,Matthew Broadbent,3,13,13,81.2,0,0,0,0,0,86,2010,Round 16,2010-07-17,5125
Port Adelaide,Tom Logan,4,12,11,73.3,0,0,0,8,0,87,2010,Round 16,2010-07-17,5125
Port Adelaide,Paul Stewart,2,12,13,86.7,0,0,0,6,0,85,2010,Round 16,2010-07-17,5125
Port Adelaide,Jay Nash,6,8,8,57.1,0,0,0,3,0,86,2010,Round 16,2010-07-17,5125
Port Adelaide,Nick Salter,2,11,13,92.9,0,1,0,3,0,88,2010,Round 16,2010-07-17,5125
Port Adelaide,Scott Harding,4,10,9,69.2,0,0,0,0,0,66,2010,Round 16,2010-07-17,5125
Port Adelaide,David Rodan,6,6,2,16.7,0,0,1,1,1,76,2010,Round 16,2010-07-17,5125
Port Adelaide,Dean Brogan,7,5,11,100.0,0,0,0,3,0,78,2010,Round 16,2010-07-17,5125
Port Adelaide,Jason Davenport,4,7,10,90.9,0,0,0,1,0,76,2010,Round 16,2010-07-17,5125
Port Adelaide,Jackson Trengove,4,7,8,72.7,0,0,0,2,0,78,2010,Round 16,2010-07-17,5125
Port Adelaide,Daniel Motlop,0,10,7,70.0,0,0,0,2,1,81,2010,Round 16,2010-07-17,5125
Port Adelaide,Justin Westhoff,5,4,7,77.8,1,0,3,2,1,85,2010,Round 16,2010-07-17,5125
Port Adelaide,Cameron Hitchcock,4,5,5,55.6,0,0,0,0,0,89,2010,Round 16,2010-07-17,5125
Port Adelaide,Jay Schulz,3,5,4,50.0,2,1,2,3,0,80,2010,Round 16,2010-07-17,5125
Port Adelaide,Josh Carr,4,2,3,50.0,0,0,1,1,0,75,2010,Round 16,2010-07-17,5125
Carlton,Chris Judd,18,10,12,42.9,0,0,0,0,1,87,2010,Round 16,2010-07-18,5126
Carlton,Heath Scotland,11,16,19,70.4,1,0,0,2,1,90,2010,Round 16,2010-07-18,5126
Carlton,Jordan Russell,8,16,19,73.1,2,0,0,2,3,89,2010,Round 16,2010-07-18,5126
Carlton,Marc Murphy,12,13,18,72.0,0,2,0,3,2,86,2010,Round 16,2010-07-18,5126
Carlton,Bryce Gibbs,6,19,13,54.2,0,0,0,3,0,88,2010,Round 16,2010-07-18,5126
Carlton,Andrew Carrazzo,8,14,17,81.0,0,0,1,1,0,86,2010,Round 16,2010-07-18,5126
Carlton,Jarrad Waite,6,12,14,77.8,2,2,0,3,0,91,2010,Round 16,2010-07-18,5126
Carlton,Andrew Walker,0,17,15,83.3,0,1,0,1,0,95,2010,Round 16,2010-07-18,5126
Carlton,Shaun Grigg,4,14,12,70.6,0,0,0,3,4,82,2010,Round 16,2010-07-18,5126
Carlton,Mitch Robinson,4,10,12,85.7,2,2,1,0,1,74,2010,Round 16,2010-07-18,5126
Carlton,Kade Simpson,3,10,8,61.5,0,0,1,1,2,89,2010,Round 16,2010-07-18,5126
Carlton,Edward Betts,8,4,10,83.3,1,1,1,0,0,89,2010,Round 16,2010-07-18,5126
Carlton,Paul Bower,5,6,10,83.3,0,0,0,4,1,79,2010,Round 16,2010-07-18,5126
Carlton,Sam Jacobs,5,6,9,81.8,1,0,0,4,0,72,2010,Round 16,2010-07-18,5126
Carlton,Dennis Armfield,3,7,9,81.8,0,0,0,2,1,88,2010,Round 16,2010-07-18,5126
Carlton,Jeff Gartlett,4,7,7,63.6,1,0,3,3,0,82,2010,Round 16,2010-07-18,5126
Carlton,Aaron Joseph,0,9,7,77.8,0,0,0,2,0,85,2010,Round 16,2010-07-18,5126
Carlton,Shaun Hampson,2,5,5,71.4,2,0,3,3,0,71,2010,Round 16,2010-07-18,5126
Carlton,Christopher Yarran,3,5,5,71.4,0,0,0,1,5,80,2010,Round 16,2010-07-18,5126
Carlton,Lachlan Henderson,2,3,3,60.0,0,0,0,1,0,83,2010,Round 16,2010-07-18,5126
Carlton,Michael Jamison,0,3,2,66.7,0,0,0,5,1,96,2010,Round 16,2010-07-18,5126
Carlton,Kane Lucas,0,1,0,0.0,0,0,0,0,1,15,2010,Round 16,2010-07-18,5126
Sydney,Heath Grundy,5,21,21,80.8,1,0,0,1,0,97,2010,Round 16,2010-07-18,5126
Sydney,Adam Goodes,12,14,14,56.0,4,0,1,1,0,96,2010,Round 16,2010-07-18,5126
Sydney,Nick Malceski,6,18,21,84.0,0,0,0,0,5,85,2010,Round 16,2010-07-18,5126
Sydney,Paul Bevan,8,17,17,68.0,0,0,1,2,0,88,2010,Round 16,2010-07-18,5126
Sydney,Ryan O Keefe,11,14,13,54.2,0,1,1,1,1,81,2010,Round 16,2010-07-18,5126
Sydney,Kieran Jack,7,16,18,78.3,0,3,1,1,0,85,2010,Round 16,2010-07-18,5126
Sydney,Martin Mattner,4,17,13,59.1,0,0,0,2,0,86,2010,Round 16,2010-07-18,5126
Sydney,Tadhg Kennelly,1,18,19,90.5,0,0,0,0,0,88,2010,Round 16,2010-07-18,5126
Sydney,Jude Bolton,8,10,11,55.0,0,0,1,1,0,84,2010,Round 16,2010-07-18,5126
Sydney,Jarred Moore,12,7,14,70.0,0,0,1,2,0,89,2010,Round 16,2010-07-18,5126
Sydney,Daniel Hannebery,8,12,14,70.0,0,0,0,0,1,77,2010,Round 16,2010-07-18,5126
Sydney,Josh P  Kennedy,5,11,12,70.6,0,0,0,1,0,67,2010,Round 16,2010-07-18,5126
Sydney,Ted Richards,3,12,13,81.2,1,2,0,3,0,97,2010,Round 16,2010-07-18,5126
Sydney,Jarrad Mcveigh,4,13,15,93.8,0,1,0,1,0,76,2010,Round 16,2010-07-18,5126
Sydney,Shane Mumford,8,7,14,93.3,2,1,1,2,0,72,2010,Round 16,2010-07-18,5126
Sydney,Rhyce Shaw,4,9,11,78.6,2,1,5,1,2,94,2010,Round 16,2010-07-18,5126
Sydney,Brett Meredith,7,9,9,64.3,0,0,0,0,0,67,2010,Round 16,2010-07-18,5126
Sydney,Brett Kirk,2,11,10,76.9,1,2,1,3,0,89,2010,Round 16,2010-07-18,5126
Sydney,Ben Mcglynn,4,9,8,61.5,1,0,2,0,0,87,2010,Round 16,2010-07-18,5126
Sydney,Jesse White,5,7,11,84.6,0,1,2,1,0,95,2010,Round 16,2010-07-18,5126
Sydney,Mike Pyke,6,2,5,62.5,2,0,0,2,0,70,2010,Round 16,2010-07-18,5126
Sydney,Nick Smith 1,0,1,1,50.0,0,0,0,0,0,29,2010,Round 16,2010-07-18,5126
Richmond,Daniel Connors,7,21,15,50.0,0,0,1,0,1,88,2010,Round 16,2010-07-18,5127
Richmond,Ben Cousins,16,12,20,74.1,0,1,0,0,0,77,2010,Round 16,2010-07-18,5127
Richmond,Shane Tuck,14,13,18,69.2,0,0,0,1,0,85,2010,Round 16,2010-07-18,5127
Richmond,Brett Deledio,3,20,19,79.2,0,0,0,5,0,95,2010,Round 16,2010-07-18,5127
Richmond,Shane Edwards,10,9,16,88.9,0,0,0,1,0,81,2010,Round 16,2010-07-18,5127
Richmond,Dustin Martin,10,8,11,64.7,1,0,0,0,0,89,2010,Round 16,2010-07-18,5127
Richmond,Jeromey Webberley,7,10,13,76.5,0,0,0,0,0,73,2010,Round 16,2010-07-18,5127
Richmond,Jake King,7,8,9,56.2,0,0,2,1,0,81,2010,Round 16,2010-07-18,5127
Richmond,Chris Newman,4,7,10,71.4,0,1,0,1,0,87,2010,Round 16,2010-07-18,5127
Richmond,Kelvin Moore,5,9,11,78.6,1,0,0,5,0,95,2010,Round 16,2010-07-18,5127
Richmond,Luke Mcguane,4,9,12,85.7,0,0,0,2,0,95,2010,Round 16,2010-07-18,5127
Richmond,Andrew Collins 1,6,7,8,57.1,0,0,1,2,0,95,2010,Round 16,2010-07-18,5127
Richmond,Trent Cotchin,5,6,6,50.0,0,0,0,2,0,89,2010,Round 16,2010-07-18,5127
Richmond,Richard Tambling,4,7,9,81.8,0,0,0,0,0,83,2010,Round 16,2010-07-18,5127
Richmond,Robin Nahas,6,3,7,63.6,0,1,0,0,0,82,2010,Round 16,2010-07-18,5127
Richmond,Angus Graham,3,3,8,88.9,0,0,0,2,0,57,2010,Round 16,2010-07-18,5127
Richmond,Jack Riewoldt,5,1,6,75.0,3,0,3,0,0,100,2010,Round 16,2010-07-18,5127
Richmond,Mitchell Farmer,5,2,5,62.5,0,0,0,5,0,84,2010,Round 16,2010-07-18,5127
Richmond,Matthew White,3,5,3,42.9,0,0,0,1,0,64,2010,Round 16,2010-07-18,5127
Richmond,David Astbury,2,5,4,57.1,0,0,0,1,0,92,2010,Round 16,2010-07-18,5127
Richmond,Will Thursfield,2,4,3,50.0,0,0,0,7,0,55,2010,Round 16,2010-07-18,5127
Richmond,Tyrone Vickery,3,3,4,66.7,0,0,0,3,0,51,2010,Round 16,2010-07-18,5127
North Melbourne,Andrew Swallow,14,17,21,67.7,0,1,1,1,0,78,2010,Round 16,2010-07-18,5127
North Melbourne,Leigh Adams,5,23,21,75.0,0,0,2,1,0,76,2010,Round 16,2010-07-18,5127
North Melbourne,Daniel Wells,8,17,23,88.5,0,2,0,3,0,95,2010,Round 16,2010-07-18,5127
North Melbourne,Nathan Grima,11,11,18,75.0,2,0,0,14,0,100,2010,Round 16,2010-07-18,5127
North Melbourne,Brent Harvey,6,14,17,73.9,0,1,0,1,3,92,2010,Round 16,2010-07-18,5127
North Melbourne,Michael Firrito,6,16,17,77.3,1,0,1,7,0,98,2010,Round 16,2010-07-18,5127
North Melbourne,Brady Rawlings,6,15,18,85.7,0,0,0,3,0,91,2010,Round 16,2010-07-18,5127
North Melbourne,Hamish Mcintosh,8,10,15,75.0,0,0,0,6,0,87,2010,Round 16,2010-07-18,5127
North Melbourne,Gavin Urquhart,8,10,15,75.0,0,0,0,1,0,80,2010,Round 16,2010-07-18,5127
North Melbourne,Scott Thompson 1,10,8,12,66.7,0,0,0,6,0,95,2010,Round 16,2010-07-18,5127
North Melbourne,Ben Cunnington,11,7,8,44.4,1,0,0,2,0,81,2010,Round 16,2010-07-18,5127
North Melbourne,Daniel Pratt,6,9,14,93.3,0,0,1,1,0,89,2010,Round 16,2010-07-18,5127
North Melbourne,Lachlan Hansen,7,7,10,66.7,2,2,2,1,0,93,2010,Round 16,2010-07-18,5127
North Melbourne,Ben Warren,2,13,10,71.4,0,1,2,0,0,90,2010,Round 16,2010-07-18,5127
North Melbourne,Ed Lower,6,8,8,61.5,0,0,0,1,0,63,2010,Round 16,2010-07-18,5127
North Melbourne,Matt Campbell,1,11,12,92.3,0,0,2,1,0,75,2010,Round 16,2010-07-18,5127
North Melbourne,Levi Greenwood,4,9,4,30.8,1,0,1,2,0,86,2010,Round 16,2010-07-18,5127
North Melbourne,Ryan Bastinac,5,8,9,69.2,0,0,0,1,0,72,2010,Round 16,2010-07-18,5127
North Melbourne,Aaron Edwards,1,10,9,75.0,1,1,0,4,0,86,2010,Round 16,2010-07-18,5127
North Melbourne,Todd Goldstein,6,2,2,25.0,1,0,1,2,0,88,2010,Round 16,2010-07-18,5127
North Melbourne,Samuel Wright,4,3,4,66.7,0,0,0,0,0,20,2010,Round 16,2010-07-18,5127
North Melbourne,Robert Tarrant,1,5,4,80.0,0,0,0,5,0,66,2010,Round 16,2010-07-18,5127
Fremantle,Paul Duffield,5,16,16,72.7,0,0,0,1,2,81,2010,Round 16,2010-07-18,5128
Fremantle,Adam Mcphee,8,13,13,61.9,0,0,0,0,0,82,2010,Round 16,2010-07-18,5128
Fremantle,Stephen Hill,12,9,15,75.0,2,0,0,2,1,86,2010,Round 16,2010-07-18,5128
Fremantle,Greg Broughton,2,18,14,70.0,0,0,0,2,0,75,2010,Round 16,2010-07-18,5128
Fremantle,David Mundy,10,7,13,68.4,1,0,0,4,0,82,2010,Round 16,2010-07-18,5128
Fremantle,Luke Mcpharlin,6,12,13,72.2,2,0,1,3,0,89,2010,Round 16,2010-07-18,5128
Fremantle,Michael Johnson,7,11,15,83.3,1,0,0,5,0,91,2010,Round 16,2010-07-18,5128
Fremantle,Rhys Palmer,9,9,9,52.9,0,0,0,0,0,59,2010,Round 16,2010-07-18,5128
Fremantle,Anthony Morabito,7,10,13,76.5,0,0,0,2,1,81,2010,Round 16,2010-07-18,5128
Fremantle,Matthew Pavlich,5,12,8,50.0,1,1,1,1,0,88,2010,Round 16,2010-07-18,5128
Fremantle,Garrick Ibbotson,6,10,12,75.0,1,0,0,2,0,96,2010,Round 16,2010-07-18,5128
Fremantle,Dylan Roberton,4,12,10,62.5,0,0,0,0,0,61,2010,Round 16,2010-07-18,5128
Fremantle,Kepler Bradley,4,10,10,71.4,0,1,3,0,1,78,2010,Round 16,2010-07-18,5128
Fremantle,Nathan Fyfe,5,9,10,71.4,1,1,0,3,0,88,2010,Round 16,2010-07-18,5128
Fremantle,Paul Hasleby,5,8,7,53.8,0,0,2,0,0,80,2010,Round 16,2010-07-18,5128
Fremantle,Aaron Sandilands,8,5,10,76.9,1,0,1,0,0,82,2010,Round 16,2010-07-18,5128
Fremantle,Roger Hayden,6,2,9,81.8,0,0,0,0,0,74,2010,Round 16,2010-07-18,5128
Fremantle,Hayden Ballantyne,5,5,5,45.5,1,0,2,1,4,89,2010,Round 16,2010-07-18,5128
Fremantle,Matthew Deboer,6,4,6,60.0,1,0,0,2,0,88,2010,Round 16,2010-07-18,5128
Fremantle,Jay Van Berlo,6,4,7,70.0,0,0,0,6,0,87,2010,Round 16,2010-07-18,5128
Fremantle,Alex Silvagni,2,8,7,70.0,1,0,0,2,2,94,2010,Round 16,2010-07-18,5128
Fremantle,Ryan Crowley,3,3,2,33.3,0,0,0,1,1,70,2010,Round 16,2010-07-18,5128
Melbourne,Colin Sylvia,7,16,13,56.5,0,1,0,1,1,85,2010,Round 16,2010-07-18,5128
Melbourne,Tom Scully,7,16,17,77.3,1,0,0,4,0,82,2010,Round 16,2010-07-18,5128
Melbourne,Aaron Davey,7,13,12,57.1,0,0,0,0,2,79,2010,Round 16,2010-07-18,5128
Melbourne,Jordie Mckenzie,9,12,13,61.9,0,0,0,1,0,81,2010,Round 16,2010-07-18,5128
Melbourne,Brad Green,5,15,14,70.0,0,0,0,0,1,91,2010,Round 16,2010-07-18,5128
Melbourne,Colin Garland,8,11,12,60.0,0,0,0,6,0,91,2010,Round 16,2010-07-18,5128
Melbourne,Cameron Bruce,6,10,13,68.4,1,0,0,5,0,91,2010,Round 16,2010-07-18,5128
Melbourne,Joel Macdonald,5,14,14,73.7,0,0,0,4,1,76,2010,Round 16,2010-07-18,5128
Melbourne,Nathan Jones,6,13,14,73.7,0,0,1,0,0,76,2010,Round 16,2010-07-18,5128
Melbourne,Jack Watts,7,14,12,63.2,0,1,2,0,0,87,2010,Round 16,2010-07-18,5128
Melbourne,Rohan Bail,4,15,11,57.9,1,0,0,3,1,83,2010,Round 16,2010-07-18,5128
Melbourne,James Frawley,4,14,14,77.8,1,0,0,4,1,97,2010,Round 16,2010-07-18,5128
Melbourne,Cale Morton,4,14,14,82.4,1,0,0,1,0,84,2010,Round 16,2010-07-18,5128
Melbourne,Matthew Bate,5,12,7,46.7,1,1,2,2,0,87,2010,Round 16,2010-07-18,5128
Melbourne,Jared Rivers,6,8,12,85.7,1,0,0,6,0,94,2010,Round 16,2010-07-18,5128
Melbourne,Clint Bartram,7,7,10,71.4,1,0,0,0,1,88,2010,Round 16,2010-07-18,5128
Melbourne,Lynden Dunn,4,8,5,38.5,0,1,2,1,0,78,2010,Round 16,2010-07-18,5128
Melbourne,Jamie Bennell,5,7,11,91.7,1,0,0,2,0,88,2010,Round 16,2010-07-18,5128
Melbourne,Paul Johnson,5,6,6,54.5,1,0,0,3,0,67,2010,Round 16,2010-07-18,5128
Melbourne,Liam Jurrah,5,5,7,70.0,1,1,3,2,0,82,2010,Round 16,2010-07-18,5128
Melbourne,Mark Jamar,4,3,4,57.1,1,2,0,0,0,73,2010,Round 16,2010-07-18,5128
Melbourne,Brent Moloney,0,2,2,50.0,0,0,0,1,0,41,2010,Round 16,2010-07-18,5128
St Kilda,Lenny Hayes,12,17,21,70.0,0,0,0,2,0,81,2010,Round 17,2010-07-23,4961
St Kilda,Brendon Goddard,6,24,23,76.7,0,1,0,1,0,85,2010,Round 17,2010-07-23,4961
St Kilda,Jason Gram,2,19,15,71.4,0,2,0,0,0,91,2010,Round 17,2010-07-23,4961
St Kilda,Sam Fisher,6,14,16,80.0,1,1,0,7,2,100,2010,Round 17,2010-07-23,4961
St Kilda,Farren Ray,9,11,14,70.0,1,0,0,3,0,76,2010,Round 17,2010-07-23,4961
St Kilda,James Gwilt,1,19,17,85.0,0,1,0,0,0,100,2010,Round 17,2010-07-23,4961
St Kilda,Adam Schneider,7,12,17,89.5,1,2,3,0,0,84,2010,Round 17,2010-07-23,4961
St Kilda,Nick Dal Santo,5,13,10,52.6,0,0,0,2,0,77,2010,Round 17,2010-07-23,4961
St Kilda,Leigh Montagna,3,14,15,83.3,0,0,0,2,0,83,2010,Round 17,2010-07-23,4961
St Kilda,Clinton Jones,6,11,14,77.8,0,0,0,0,0,87,2010,Round 17,2010-07-23,4961
St Kilda,Jason Blake,8,8,15,88.2,3,0,0,3,0,92,2010,Round 17,2010-07-23,4961
St Kilda,Nick Riewoldt,10,6,9,56.2,5,1,5,3,0,92,2010,Round 17,2010-07-23,4961
St Kilda,Sean Dempster,5,9,13,86.7,2,0,0,1,1,81,2010,Round 17,2010-07-23,4961
St Kilda,Zac Dawson,7,6,10,71.4,0,0,0,7,0,83,2010,Round 17,2010-07-23,4961
St Kilda,Michael S  Gardiner,5,6,11,91.7,1,0,0,2,0,63,2010,Round 17,2010-07-23,4961
St Kilda,Brett Peake,3,9,8,66.7,1,0,0,1,0,67,2010,Round 17,2010-07-23,4961
St Kilda,Sam Gilbert,5,5,6,60.0,1,0,0,4,0,97,2010,Round 17,2010-07-23,4961
St Kilda,Ben Mcevoy,2,6,7,77.8,0,0,1,3,0,51,2010,Round 17,2010-07-23,4961
St Kilda,Jack Steven,1,8,6,66.7,0,1,0,0,0,77,2010,Round 17,2010-07-23,4961
St Kilda,Stephen Milne,3,4,6,85.7,0,0,1,1,0,85,2010,Round 17,2010-07-23,4961
St Kilda,Justin Koschitzke,4,4,5,83.3,2,0,4,0,0,91,2010,Round 17,2010-07-23,4961
St Kilda,Andrew Mcqualter,2,4,6,100.0,0,1,0,1,0,58,2010,Round 17,2010-07-23,4961
Hawthorn,Luke Hodge,19,15,24,72.7,1,1,0,1,1,83,2010,Round 17,2010-07-23,4961
Hawthorn,Shaun Burgoyne,9,19,24,82.8,0,1,0,1,0,77,2010,Round 17,2010-07-23,4961
Hawthorn,Brad Sewell,13,15,19,67.9,1,1,0,1,0,85,2010,Round 17,2010-07-23,4961
Hawthorn,Sam Mitchell,8,18,21,77.8,0,0,0,2,0,86,2010,Round 17,2010-07-23,4961
Hawthorn,Brent Guerra,3,17,17,85.0,0,0,0,0,1,79,2010,Round 17,2010-07-23,4961
Hawthorn,Lance Franklin,8,11,13,68.4,1,0,4,1,0,92,2010,Round 17,2010-07-23,4961
Hawthorn,Xavier Ellis,3,16,11,61.1,0,0,1,2,0,68,2010,Round 17,2010-07-23,4961
Hawthorn,Grant Birchall,4,12,14,77.8,0,0,0,0,0,86,2010,Round 17,2010-07-23,4961
Hawthorn,Campbell Brown,7,9,12,75.0,0,1,1,2,0,73,2010,Round 17,2010-07-23,4961
Hawthorn,Jarryd Roughead,10,7,10,62.5,3,0,5,0,0,94,2010,Round 17,2010-07-23,4961
Hawthorn,Joshua Gibson,8,8,14,87.5,0,0,0,6,0,91,2010,Round 17,2010-07-23,4961
Hawthorn,Benjamin Stratton,3,11,13,81.2,0,0,1,5,0,95,2010,Round 17,2010-07-23,4961
Hawthorn,Thomas Murphy,10,5,12,80.0,2,0,0,2,0,92,2010,Round 17,2010-07-23,4961
Hawthorn,Chance Bateman,4,10,7,50.0,0,1,0,0,1,83,2010,Round 17,2010-07-23,4961
Hawthorn,Stephen Gilham,6,6,11,84.6,1,0,0,2,0,88,2010,Round 17,2010-07-23,4961
Hawthorn,Clinton Young,6,6,9,75.0,0,0,1,0,1,75,2010,Round 17,2010-07-23,4961
Hawthorn,Cyril Rioli,8,6,10,83.3,1,2,2,2,1,79,2010,Round 17,2010-07-23,4961
Hawthorn,Brent Renouf,3,8,8,80.0,0,0,0,6,0,63,2010,Round 17,2010-07-23,4961
Hawthorn,Brendan Whitecross,3,7,6,60.0,0,0,1,0,0,70,2010,Round 17,2010-07-23,4961
Hawthorn,Wayde Skipper,5,3,4,50.0,0,0,0,2,0,57,2010,Round 17,2010-07-23,4961
Hawthorn,Jordan Lewis,2,5,5,62.5,0,0,0,2,0,88,2010,Round 17,2010-07-23,4961
Hawthorn,Michael Osborne,4,1,5,71.4,1,0,2,0,1,96,2010,Round 17,2010-07-23,4961
Geelong,Joel Selwood,7,34,35,85.4,0,3,0,3,1,81,2010,Round 17,2010-07-24,4963
Geelong,Darren Milburn,10,21,30,85.7,1,0,0,11,5,85,2010,Round 17,2010-07-24,4963
Geelong,James Bartel,6,23,19,63.3,0,2,0,2,0,78,2010,Round 17,2010-07-24,4963
Geelong,James Kelly,9,20,24,85.7,0,0,0,1,0,88,2010,Round 17,2010-07-24,4963
Geelong,Paul Chapman,6,21,20,74.1,1,2,0,1,4,87,2010,Round 17,2010-07-24,4963
Geelong,Gary Jnr Ablett,7,19,21,80.8,1,0,3,2,2,93,2010,Round 17,2010-07-24,4963
Geelong,Cameron Ling,5,19,20,80.0,0,1,1,1,0,90,2010,Round 17,2010-07-24,4963
Geelong,David Wojcinski,7,18,20,80.0,0,0,0,1,4,71,2010,Round 17,2010-07-24,4963
Geelong,Joel Corey,7,17,15,65.2,1,0,1,1,1,74,2010,Round 17,2010-07-24,4963
Geelong,Matthew Scarlett,5,15,16,80.0,0,0,0,3,1,87,2010,Round 17,2010-07-24,4963
Geelong,Mathew Stokes,6,15,15,75.0,0,0,2,1,0,86,2010,Round 17,2010-07-24,4963
Geelong,Harry Taylor,8,12,20,100.0,1,0,0,7,0,91,2010,Round 17,2010-07-24,4963
Geelong,Corey Enright,7,12,13,68.4,1,0,0,5,1,86,2010,Round 17,2010-07-24,4963
Geelong,Joshua Hunt,2,18,15,78.9,1,0,0,7,0,86,2010,Round 17,2010-07-24,4963
Geelong,Andrew Mackie,6,13,10,58.8,1,0,0,3,0,79,2010,Round 17,2010-07-24,4963
Geelong,Tom Lonergan,3,13,14,87.5,0,0,0,8,0,88,2010,Round 17,2010-07-24,4963
Geelong,Travis Varcoe,5,9,11,73.3,0,0,2,0,1,71,2010,Round 17,2010-07-24,4963
Geelong,Cameron Mooney,6,7,9,69.2,2,2,1,1,0,89,2010,Round 17,2010-07-24,4963
Geelong,Steve Johnson,3,9,8,66.7,2,1,3,1,0,80,2010,Round 17,2010-07-24,4963
Geelong,James Podsiadly,5,7,7,58.3,2,1,2,2,0,86,2010,Round 17,2010-07-24,4963
Geelong,Brad Ottens,6,5,7,70.0,1,0,0,3,0,66,2010,Round 17,2010-07-24,4963
Geelong,Mark Blake,3,6,7,70.0,1,0,0,2,0,56,2010,Round 17,2010-07-24,4963
Brisbane Lions,Luke Power,11,26,31,86.1,0,3,0,0,0,94,2010,Round 17,2010-07-24,4963
Brisbane Lions,Tom Rockliff,6,24,24,77.4,0,1,0,2,1,90,2010,Round 17,2010-07-24,4963
Brisbane Lions,Jack Redden,6,19,18,72.0,0,0,1,4,0,91,2010,Round 17,2010-07-24,4963
Brisbane Lions,Jared Brennan,9,15,11,47.8,0,0,0,2,1,75,2010,Round 17,2010-07-24,4963
Brisbane Lions,Michael Rischitelli,9,13,18,81.8,0,1,1,3,0,79,2010,Round 17,2010-07-24,4963
Brisbane Lions,Ryan Harwood,8,11,14,77.8,0,0,0,1,0,66,2010,Round 17,2010-07-24,4963
Brisbane Lions,Matthew Leuenberger,11,6,10,58.8,1,0,0,2,0,68,2010,Round 17,2010-07-24,4963
Brisbane Lions,Brent Staker,8,8,15,93.8,1,0,0,6,1,87,2010,Round 17,2010-07-24,4963
Brisbane Lions,Albert Proud,6,10,13,81.2,0,0,0,1,0,91,2010,Round 17,2010-07-24,4963
Brisbane Lions,Pearce Hanley,6,10,12,75.0,0,0,0,0,2,77,2010,Round 17,2010-07-24,4963
Brisbane Lions,Matthew Maguire,4,11,8,57.1,0,0,0,1,0,84,2010,Round 17,2010-07-24,4963
Brisbane Lions,Mitchell Clark,2,9,10,76.9,0,0,0,3,0,70,2010,Round 17,2010-07-24,4963
Brisbane Lions,Daniel Merrett,3,10,10,83.3,2,0,0,6,0,93,2010,Round 17,2010-07-24,4963
Brisbane Lions,Daniel Rich,3,8,10,83.3,0,0,0,1,0,89,2010,Round 17,2010-07-24,4963
Brisbane Lions,Jonathan Brown,3,8,7,63.6,1,0,5,0,0,94,2010,Round 17,2010-07-24,4963
Brisbane Lions,James Hawksley,3,8,7,63.6,0,0,0,1,0,72,2010,Round 17,2010-07-24,4963
Brisbane Lions,Todd Banfield,4,6,5,50.0,0,1,1,1,1,72,2010,Round 17,2010-07-24,4963
Brisbane Lions,Aaron Cornelius,4,6,7,77.8,1,1,1,2,0,71,2010,Round 17,2010-07-24,4963
Brisbane Lions,Brendan Fevola,4,3,6,75.0,0,0,0,1,0,96,2010,Round 17,2010-07-24,4963
Brisbane Lions,Amon Buchanan,2,6,5,62.5,0,0,1,0,0,59,2010,Round 17,2010-07-24,4963
Brisbane Lions,James Polkinghorne,1,7,7,87.5,0,0,0,5,0,90,2010,Round 17,2010-07-24,4963
Brisbane Lions,Joel Patfull,2,4,5,100.0,0,0,0,10,0,92,2010,Round 17,2010-07-24,4963
Collingwood,Dane Swan,16,21,24,64.9,2,0,2,1,1,76,2010,Round 17,2010-07-24,4962
Collingwood,Scott Pendlebury,10,20,22,73.3,1,0,1,1,0,78,2010,Round 17,2010-07-24,4962
Collingwood,Alan Didak,7,22,24,85.7,0,0,1,1,2,75,2010,Round 17,2010-07-24,4962
Collingwood,Ben Johnson,4,22,24,92.3,0,2,0,2,2,84,2010,Round 17,2010-07-24,4962
Collingwood,Dale Thomas,5,19,19,73.1,0,0,0,0,1,87,2010,Round 17,2010-07-24,4962
Collingwood,Ben Reid,9,13,21,95.5,2,0,0,1,0,96,2010,Round 17,2010-07-24,4962
Collingwood,Steele Sidebottom,6,17,21,95.5,0,2,0,2,0,81,2010,Round 17,2010-07-24,4962
Collingwood,Luke Ball,7,11,15,71.4,1,2,1,3,0,72,2010,Round 17,2010-07-24,4962
Collingwood,Leigh Brown,9,10,10,52.6,3,0,3,1,0,86,2010,Round 17,2010-07-24,4962
Collingwood,Tyson Goldsack,11,7,16,84.2,2,0,0,3,1,93,2010,Round 17,2010-07-24,4962
Collingwood,Dayne Beams,6,14,14,73.7,1,2,3,1,1,75,2010,Round 17,2010-07-24,4962
Collingwood,Brent Macaffer,7,11,16,88.9,2,1,3,1,0,89,2010,Round 17,2010-07-24,4962
Collingwood,Sharrod Wellingham,2,15,11,64.7,0,0,1,3,2,75,2010,Round 17,2010-07-24,4962
Collingwood,Darren Jolly,8,9,14,87.5,1,0,1,3,0,83,2010,Round 17,2010-07-24,4962
Collingwood,Tarkyn Lockyer,3,13,13,81.2,0,2,3,1,1,71,2010,Round 17,2010-07-24,4962
Collingwood,Jarryd Blair,5,10,12,75.0,0,1,0,0,0,65,2010,Round 17,2010-07-24,4962
Collingwood,Leon Davis,6,9,10,66.7,0,0,1,1,0,85,2010,Round 17,2010-07-24,4962
Collingwood,Heritier O Brien,5,12,9,60.0,1,0,0,2,1,94,2010,Round 17,2010-07-24,4962
Collingwood,Chris Dawes,7,7,12,85.7,2,0,2,5,0,87,2010,Round 17,2010-07-24,4962
Collingwood,Nick Maxwell,3,8,9,90.0,0,0,0,6,0,69,2010,Round 17,2010-07-24,4962
Collingwood,Alan Toovey,5,4,7,77.8,0,0,0,4,0,89,2010,Round 17,2010-07-24,4962
Collingwood,Simon Prestigiacomo,1,3,4,100.0,0,0,0,6,0,90,2010,Round 17,2010-07-24,4962
Richmond,Shane Tuck,8,17,14,56.0,1,0,0,0,0,98,2010,Round 17,2010-07-24,4962
Richmond,Mitch Morton,9,16,21,84.0,2,0,0,1,0,85,2010,Round 17,2010-07-24,4962
Richmond,Ben Cousins,5,19,18,75.0,0,0,0,0,0,75,2010,Round 17,2010-07-24,4962
Richmond,Alex Rance,5,18,20,87.0,1,0,0,5,0,84,2010,Round 17,2010-07-24,4962
Richmond,David Astbury,6,13,15,75.0,1,0,0,2,0,88,2010,Round 17,2010-07-24,4962
Richmond,Brett Deledio,3,13,17,89.5,0,0,0,5,0,90,2010,Round 17,2010-07-24,4962
Richmond,Dean Polo,7,13,16,84.2,1,0,0,1,0,87,2010,Round 17,2010-07-24,4962
Richmond,Shane Edwards,8,11,12,63.2,0,0,0,1,0,80,2010,Round 17,2010-07-24,4962
Richmond,Luke Mcguane,4,14,16,88.9,1,0,0,2,0,97,2010,Round 17,2010-07-24,4962
Richmond,Daniel Connors,3,15,12,66.7,0,0,0,3,0,82,2010,Round 17,2010-07-24,4962
Richmond,Dustin Martin,5,12,14,82.4,0,0,0,1,0,85,2010,Round 17,2010-07-24,4962
Richmond,Chris Newman,5,9,14,87.5,0,0,0,5,0,86,2010,Round 17,2010-07-24,4962
Richmond,Jake King,7,8,13,86.7,1,1,1,1,0,89,2010,Round 17,2010-07-24,4962
Richmond,Jeromey Webberley,5,10,13,86.7,0,0,0,0,0,75,2010,Round 17,2010-07-24,4962
Richmond,Robin Nahas,4,11,11,78.6,0,0,0,0,0,80,2010,Round 17,2010-07-24,4962
Richmond,Ben Nason,0,12,8,66.7,0,0,1,0,2,81,2010,Round 17,2010-07-24,4962
Richmond,Andrew Collins 1,5,8,9,81.8,0,1,1,1,0,68,2010,Round 17,2010-07-24,4962
Richmond,Mitchell Farmer,1,10,10,90.9,0,0,0,3,0,75,2010,Round 17,2010-07-24,4962
Richmond,Jack Riewoldt,4,6,3,33.3,1,0,2,1,0,100,2010,Round 17,2010-07-24,4962
Richmond,Jaydyn Post,2,6,6,75.0,0,0,0,1,0,83,2010,Round 17,2010-07-24,4962
Richmond,Angus Graham,2,3,6,100.0,1,0,1,3,0,64,2010,Round 17,2010-07-24,4962
Richmond,Andrew Browne 1,1,2,2,66.7,0,0,1,0,0,48,2010,Round 17,2010-07-24,4962
West Coast,Andrew Embley,5,22,22,81.5,0,0,0,1,0,84,2010,Round 17,2010-07-24,4964
West Coast,Matthew Rosa,5,21,18,69.2,0,0,0,5,0,84,2010,Round 17,2010-07-24,4964
West Coast,Beau Waters,11,14,21,87.5,1,1,0,0,2,88,2010,Round 17,2010-07-24,4964
West Coast,Bradley Ebert,7,16,15,65.2,0,0,1,1,0,75,2010,Round 17,2010-07-24,4964
West Coast,Matthew Priddis,10,10,13,68.4,0,0,0,1,0,90,2010,Round 17,2010-07-24,4964
West Coast,Quinten Lynch,4,14,12,66.7,1,1,1,1,0,90,2010,Round 17,2010-07-24,4964
West Coast,Mark Lecras,13,5,10,55.6,0,2,2,0,1,92,2010,Round 17,2010-07-24,4964
West Coast,Eric Mackenzie,9,8,14,82.4,2,0,0,5,0,89,2010,Round 17,2010-07-24,4964
West Coast,Adam Selwood,9,7,12,75.0,0,0,0,0,0,84,2010,Round 17,2010-07-24,4964
West Coast,Mitchell Brown,1,13,10,62.5,0,0,0,5,0,81,2010,Round 17,2010-07-24,4964
West Coast,Lewis Stevenson,2,14,12,75.0,0,1,0,4,0,71,2010,Round 17,2010-07-24,4964
West Coast,Andrew Strijk,9,7,7,43.8,3,0,0,3,2,67,2010,Round 17,2010-07-24,4964
West Coast,Chris Masten,2,13,10,66.7,1,0,0,1,0,72,2010,Round 17,2010-07-24,4964
West Coast,Scott Selwood,5,8,9,69.2,0,0,0,3,0,86,2010,Round 17,2010-07-24,4964
West Coast,Ashton Hams,11,2,11,84.6,0,2,0,3,0,88,2010,Round 17,2010-07-24,4964
West Coast,Shannon Hurn,2,10,8,66.7,1,0,0,3,0,81,2010,Round 17,2010-07-24,4964
West Coast,Nicholas Naitanui,5,6,5,45.5,1,0,1,2,1,68,2010,Round 17,2010-07-24,4964
West Coast,Ashley Smith,2,9,10,90.9,0,0,0,3,0,86,2010,Round 17,2010-07-24,4964
West Coast,Joshua Kennedy,1,8,6,60.0,0,0,2,1,0,88,2010,Round 17,2010-07-24,4964
West Coast,Dean Cox,4,4,4,50.0,0,0,1,1,0,62,2010,Round 17,2010-07-24,4964
West Coast,Bradley Sheppard,5,3,5,62.5,0,0,0,5,0,85,2010,Round 17,2010-07-24,4964
West Coast,Will Schofield,3,3,4,66.7,0,0,0,10,0,87,2010,Round 17,2010-07-24,4964
Carlton,Kade Simpson,12,20,27,81.8,2,3,1,3,0,81,2010,Round 17,2010-07-24,4964
Carlton,Heath Scotland,3,25,24,82.8,0,0,0,1,1,80,2010,Round 17,2010-07-24,4964
Carlton,Shaun Grigg,8,21,25,86.2,0,0,0,0,0,78,2010,Round 17,2010-07-24,4964
Carlton,Chris Judd,10,15,20,76.9,0,1,0,1,2,81,2010,Round 17,2010-07-24,4964
Carlton,Marc Murphy,12,12,19,73.1,0,2,0,2,0,84,2010,Round 17,2010-07-24,4964
Carlton,Bryce Gibbs,6,16,18,85.7,0,0,2,2,0,88,2010,Round 17,2010-07-24,4964
Carlton,Christopher Johnson,2,18,12,60.0,1,0,0,2,0,85,2010,Round 17,2010-07-24,4964
Carlton,Jarrad Waite,8,11,13,68.4,1,0,1,3,3,90,2010,Round 17,2010-07-24,4964
Carlton,Andrew Carrazzo,4,16,15,78.9,0,0,0,2,0,89,2010,Round 17,2010-07-24,4964
Carlton,Andrew Walker,3,15,15,83.3,1,0,0,1,0,93,2010,Round 17,2010-07-24,4964
Carlton,Jordan Russell,3,14,18,100.0,0,0,0,6,0,96,2010,Round 17,2010-07-24,4964
Carlton,Paul Bower,9,8,14,77.8,0,0,0,4,4,84,2010,Round 17,2010-07-24,4964
Carlton,Edward Betts,11,7,9,52.9,1,1,2,0,0,84,2010,Round 17,2010-07-24,4964
Carlton,Jeff Gartlett,3,12,10,66.7,1,0,2,4,2,82,2010,Round 17,2010-07-24,4964
Carlton,Aaron Joseph,5,9,11,78.6,0,0,0,0,2,88,2010,Round 17,2010-07-24,4964
Carlton,Christopher Yarran,6,9,8,57.1,1,1,0,1,1,77,2010,Round 17,2010-07-24,4964
Carlton,Michael Jamison,2,10,8,66.7,1,0,0,4,0,95,2010,Round 17,2010-07-24,4964
Carlton,Lachlan Henderson,4,7,9,81.8,2,1,2,3,0,88,2010,Round 17,2010-07-24,4964
Carlton,Robert Warnock,7,3,7,70.0,1,0,0,3,0,71,2010,Round 17,2010-07-24,4964
Carlton,David Ellard,5,5,4,40.0,0,0,1,4,0,88,2010,Round 17,2010-07-24,4964
Carlton,Shaun Hampson,5,4,8,88.9,2,1,2,3,0,63,2010,Round 17,2010-07-24,4964
Carlton,Dennis Armfield,2,3,5,100.0,0,0,0,1,0,36,2010,Round 17,2010-07-24,4964
North Melbourne,Brent Harvey,7,24,25,83.3,0,1,0,1,4,94,2010,Round 17,2010-07-24,4965
North Melbourne,Brady Rawlings,4,22,24,85.7,0,0,0,3,0,100,2010,Round 17,2010-07-24,4965
North Melbourne,Andrew Swallow,13,14,18,66.7,0,2,1,5,0,86,2010,Round 17,2010-07-24,4965
North Melbourne,Leigh Adams,11,12,18,78.3,0,0,0,2,0,79,2010,Round 17,2010-07-24,4965
North Melbourne,Levi Greenwood,7,15,17,77.3,0,1,1,2,1,83,2010,Round 17,2010-07-24,4965
North Melbourne,Scott Thompson 1,9,10,13,68.4,1,0,0,9,1,98,2010,Round 17,2010-07-24,4965
North Melbourne,Leigh Harding,4,9,12,80.0,1,1,0,0,1,98,2010,Round 17,2010-07-24,4965
North Melbourne,Aaron Edwards,6,9,12,80.0,2,0,2,1,0,84,2010,Round 17,2010-07-24,4965
North Melbourne,Ben Warren,8,7,10,66.7,1,0,2,0,0,77,2010,Round 17,2010-07-24,4965
North Melbourne,Lachlan Hansen,4,10,10,71.4,2,0,2,4,0,82,2010,Round 17,2010-07-24,4965
North Melbourne,Ed Lower,5,8,10,76.9,0,0,0,1,0,57,2010,Round 17,2010-07-24,4965
North Melbourne,Hamish Mcintosh,4,8,9,75.0,1,0,1,2,0,74,2010,Round 17,2010-07-24,4965
North Melbourne,Ben Cunnington,1,11,8,66.7,0,0,0,3,0,81,2010,Round 17,2010-07-24,4965
North Melbourne,Jamie Macmillan,5,7,9,75.0,0,0,0,0,0,73,2010,Round 17,2010-07-24,4965
North Melbourne,Michael Firrito,5,6,7,63.6,1,0,0,2,1,95,2010,Round 17,2010-07-24,4965
North Melbourne,Gavin Urquhart,2,7,9,90.0,1,0,1,1,0,85,2010,Round 17,2010-07-24,4965
North Melbourne,Benjamin Speight,1,9,9,90.0,0,2,1,1,2,69,2010,Round 17,2010-07-24,4965
North Melbourne,Ryan Bastinac,5,6,6,60.0,0,0,0,1,1,67,2010,Round 17,2010-07-24,4965
North Melbourne,Todd Goldstein,3,5,5,62.5,0,0,1,2,0,85,2010,Round 17,2010-07-24,4965
North Melbourne,Josh Smith,3,5,7,87.5,0,0,0,5,0,97,2010,Round 17,2010-07-24,4965
North Melbourne,Matt Campbell,2,3,4,80.0,0,1,0,3,0,87,2010,Round 17,2010-07-24,4965
North Melbourne,David Hale,1,3,2,50.0,0,0,1,3,0,49,2010,Round 17,2010-07-24,4965
Essendon,Jobe Watson,17,22,28,73.7,0,1,2,1,1,81,2010,Round 17,2010-07-24,4965
Essendon,Jason Winderlich,14,14,20,74.1,0,3,1,0,1,70,2010,Round 17,2010-07-24,4965
Essendon,David Zaharakis,3,23,22,84.6,0,1,1,0,1,80,2010,Round 17,2010-07-24,4965
Essendon,Courtenay Dempsey,9,14,19,79.2,0,1,0,2,0,89,2010,Round 17,2010-07-24,4965
Essendon,Kyle Reimers,7,16,18,78.3,0,0,1,2,3,81,2010,Round 17,2010-07-24,4965
Essendon,Brent Stanton,8,15,17,77.3,0,1,0,2,0,91,2010,Round 17,2010-07-24,4965
Essendon,Dustin Fletcher,4,14,16,80.0,1,0,0,5,0,92,2010,Round 17,2010-07-24,4965
Essendon,Ben Howlett,5,15,13,65.0,0,0,0,2,0,74,2010,Round 17,2010-07-24,4965
Essendon,Mark Mcveigh,3,15,17,94.4,0,0,0,2,0,94,2010,Round 17,2010-07-24,4965
Essendon,Brent Prismall,5,14,15,83.3,0,1,0,0,0,66,2010,Round 17,2010-07-24,4965
Essendon,Travis Colyer,3,14,11,61.1,0,0,2,1,1,67,2010,Round 17,2010-07-24,4965
Essendon,Heath Hocking,3,14,13,76.5,0,0,0,3,0,89,2010,Round 17,2010-07-24,4965
Essendon,Michael Hurley,5,13,14,82.4,1,1,0,3,2,90,2010,Round 17,2010-07-24,4965
Essendon,Angus Monfries,5,11,13,86.7,0,1,1,0,0,89,2010,Round 17,2010-07-24,4965
Essendon,Alwyn Davey,6,9,13,86.7,0,0,0,0,0,83,2010,Round 17,2010-07-24,4965
Essendon,Scott Gumbleton,4,10,11,78.6,2,1,3,1,0,91,2010,Round 17,2010-07-24,4965
Essendon,Bachar Houli,4,10,10,71.4,1,1,2,2,0,77,2010,Round 17,2010-07-24,4965
Essendon,Cale Hooker,6,7,8,66.7,0,0,0,5,0,71,2010,Round 17,2010-07-24,4965
Essendon,Leroy Jetta,4,8,8,72.7,1,1,0,0,0,60,2010,Round 17,2010-07-24,4965
Essendon,Kyle Hardingham,7,4,6,54.5,4,0,7,1,0,94,2010,Round 17,2010-07-24,4965
Essendon,Jay Neagle,1,8,6,66.7,0,1,2,0,0,86,2010,Round 17,2010-07-24,4965
Essendon,Patrick Ryder,6,2,5,62.5,0,0,0,2,0,85,2010,Round 17,2010-07-24,4965
Western Bulldogs,Adam Cooney,16,20,21,58.3,1,1,1,0,0,86,2010,Round 17,2010-07-25,4966
Western Bulldogs,Matthew Boyd,11,22,20,60.6,0,0,0,0,0,87,2010,Round 17,2010-07-25,4966
Western Bulldogs,Jarrod Harbrow,7,23,25,78.1,0,1,0,4,1,90,2010,Round 17,2010-07-25,4966
Western Bulldogs,Daniel Cross,12,21,22,71.0,1,1,0,2,1,89,2010,Round 17,2010-07-25,4966
Western Bulldogs,Robert Murphy,8,19,24,85.7,1,0,0,0,4,79,2010,Round 17,2010-07-25,4966
Western Bulldogs,Daniel Giansiracusa,5,21,20,76.9,0,3,2,1,2,82,2010,Round 17,2010-07-25,4966
Western Bulldogs,Lindsay Gilbee,8,18,18,69.2,1,0,0,1,3,84,2010,Round 17,2010-07-25,4966
Western Bulldogs,Ryan Griffen,4,19,21,87.5,0,2,0,1,8,78,2010,Round 17,2010-07-25,4966
Western Bulldogs,Shaun Higgins,5,17,16,72.7,0,1,1,2,0,72,2010,Round 17,2010-07-25,4966
Western Bulldogs,Brian Harris,7,15,15,71.4,1,0,2,2,0,91,2010,Round 17,2010-07-25,4966
Western Bulldogs,Ryan Hargrave,4,15,18,85.7,0,0,0,6,0,84,2010,Round 17,2010-07-25,4966
Western Bulldogs,Jarrad Grant,5,14,14,70.0,0,1,3,2,0,77,2010,Round 17,2010-07-25,4966
Western Bulldogs,Easton Wood,8,10,17,94.4,2,0,1,4,3,89,2010,Round 17,2010-07-25,4966
Western Bulldogs,Jordan Roughead,10,7,14,77.8,1,1,3,1,0,68,2010,Round 17,2010-07-25,4966
Western Bulldogs,Liam Picken,7,8,12,80.0,0,0,0,1,0,88,2010,Round 17,2010-07-25,4966
Western Bulldogs,Brad Johnson,3,9,13,92.9,0,3,2,1,0,73,2010,Round 17,2010-07-25,4966
Western Bulldogs,Brodie Moles,5,10,11,78.6,0,1,0,3,3,78,2010,Round 17,2010-07-25,4966
Western Bulldogs,Ben Hudson,6,7,12,92.3,1,0,0,1,0,66,2010,Round 17,2010-07-25,4966
Western Bulldogs,Callan Ward,5,9,8,61.5,0,1,1,1,1,75,2010,Round 17,2010-07-25,4966
Western Bulldogs,Barry Hall,3,9,9,75.0,1,2,4,2,0,93,2010,Round 17,2010-07-25,4966
Western Bulldogs,Tom Williams,4,5,8,88.9,0,0,0,1,0,83,2010,Round 17,2010-07-25,4966
Western Bulldogs,Dale Morris,4,4,7,87.5,1,0,0,9,0,89,2010,Round 17,2010-07-25,4966
Fremantle,Nicholas Suban,5,19,20,83.3,0,2,0,2,0,77,2010,Round 17,2010-07-25,4966
Fremantle,Roger Hayden,5,15,17,77.3,0,0,0,3,0,82,2010,Round 17,2010-07-25,4966
Fremantle,Matthew Pavlich,11,8,14,70.0,2,0,3,0,0,80,2010,Round 17,2010-07-25,4966
Fremantle,Michael Johnson,11,9,14,73.7,4,1,0,0,0,88,2010,Round 17,2010-07-25,4966
Fremantle,Rhys Palmer,5,11,15,93.8,0,0,0,0,0,55,2010,Round 17,2010-07-25,4966
Fremantle,Antoni Grover,6,9,12,80.0,1,0,0,0,0,91,2010,Round 17,2010-07-25,4966
Fremantle,Paul Hasleby,7,8,10,66.7,1,0,2,0,0,84,2010,Round 17,2010-07-25,4966
Fremantle,Paul Duffield,5,9,13,86.7,0,0,0,3,2,84,2010,Round 17,2010-07-25,4966
Fremantle,Greg Broughton,9,5,12,80.0,0,0,0,7,0,89,2010,Round 17,2010-07-25,4966
Fremantle,Clancee Pearce,5,9,9,64.3,0,1,0,1,0,71,2010,Round 17,2010-07-25,4966
Fremantle,Nathan Fyfe,8,7,6,42.9,1,0,2,0,0,81,2010,Round 17,2010-07-25,4966
Fremantle,Garrick Ibbotson,5,8,9,69.2,0,0,0,2,0,91,2010,Round 17,2010-07-25,4966
Fremantle,Jesse Crichton,2,11,12,92.3,0,2,1,0,0,70,2010,Round 17,2010-07-25,4966
Fremantle,Luke Mcpharlin,3,9,11,91.7,2,0,0,7,0,94,2010,Round 17,2010-07-25,4966
Fremantle,Stephen Hill,5,7,8,66.7,0,0,0,1,2,81,2010,Round 17,2010-07-25,4966
Fremantle,Jay Van Berlo,6,7,9,75.0,0,0,0,1,0,86,2010,Round 17,2010-07-25,4966
Fremantle,Hayden Ballantyne,3,8,4,36.4,0,2,0,3,0,88,2010,Round 17,2010-07-25,4966
Fremantle,Aaron Sandilands,4,4,4,50.0,1,0,0,3,0,89,2010,Round 17,2010-07-25,4966
Fremantle,Adam Mcphee,3,5,5,62.5,1,0,1,0,0,91,2010,Round 17,2010-07-25,4966
Fremantle,Matthew Deboer,3,5,3,37.5,0,0,1,0,1,78,2010,Round 17,2010-07-25,4966
Fremantle,Anthony Morabito,1,5,3,50.0,1,0,1,1,0,77,2010,Round 17,2010-07-25,4966
Fremantle,Dylan Roberton,0,6,3,75.0,0,0,0,2,0,72,2010,Round 17,2010-07-25,4966
Melbourne,Colin Sylvia,13,16,18,64.3,0,2,0,2,2,80,2010,Round 17,2010-07-25,4967
Melbourne,James Frawley,4,22,19,70.4,0,1,0,6,1,89,2010,Round 17,2010-07-25,4967
Melbourne,Aaron Davey,7,16,19,76.0,0,0,0,1,4,80,2010,Round 17,2010-07-25,4967
Melbourne,Cameron Bruce,7,16,17,73.9,0,0,0,3,0,87,2010,Round 17,2010-07-25,4967
Melbourne,Cale Morton,10,15,16,69.6,1,1,1,3,2,95,2010,Round 17,2010-07-25,4967
Melbourne,Joel Macdonald,10,9,17,85.0,1,0,0,4,1,89,2010,Round 17,2010-07-25,4967
Melbourne,Clint Bartram,8,13,16,80.0,1,0,0,2,0,82,2010,Round 17,2010-07-25,4967
Melbourne,Rohan Bail,6,14,13,68.4,0,1,0,6,0,82,2010,Round 17,2010-07-25,4967
Melbourne,Jordie Mckenzie,11,7,12,66.7,1,1,0,0,0,80,2010,Round 17,2010-07-25,4967
Melbourne,Addam Maric,5,11,9,56.2,0,0,1,1,1,79,2010,Round 17,2010-07-25,4967
Melbourne,Mark Jamar,10,4,10,71.4,1,0,1,2,0,76,2010,Round 17,2010-07-25,4967
Melbourne,Austin Wonaeamirri,7,7,9,64.3,0,4,1,0,0,69,2010,Round 17,2010-07-25,4967
Melbourne,Tom Scully,6,8,10,71.4,0,0,0,0,1,82,2010,Round 17,2010-07-25,4967
Melbourne,Colin Garland,4,9,11,84.6,0,0,0,7,0,85,2010,Round 17,2010-07-25,4967
Melbourne,Brad Green,2,8,10,83.3,1,0,5,0,0,91,2010,Round 17,2010-07-25,4967
Melbourne,Lynden Dunn,4,6,7,63.6,0,0,0,0,0,82,2010,Round 17,2010-07-25,4967
Melbourne,Jamie Bennell,6,5,9,81.8,1,0,0,1,1,79,2010,Round 17,2010-07-25,4967
Melbourne,Paul Johnson,6,4,5,50.0,1,0,1,5,0,64,2010,Round 17,2010-07-25,4967
Melbourne,Jared Rivers,3,6,9,100.0,2,0,0,8,1,91,2010,Round 17,2010-07-25,4967
Melbourne,Nathan Jones,3,6,7,77.8,0,0,0,2,0,78,2010,Round 17,2010-07-25,4967
Melbourne,Jack Watts,3,6,6,66.7,0,2,0,0,0,81,2010,Round 17,2010-07-25,4967
Melbourne,Liam Jurrah,4,5,5,55.6,0,1,1,1,0,79,2010,Round 17,2010-07-25,4967
Sydney,Adam Goodes,12,15,16,61.5,3,1,5,1,2,97,2010,Round 17,2010-07-25,4967
Sydney,Nick Malceski,5,16,22,88.0,0,0,0,1,8,81,2010,Round 17,2010-07-25,4967
Sydney,Ben Mcglynn,6,19,17,68.0,0,2,1,0,1,88,2010,Round 17,2010-07-25,4967
Sydney,Daniel Hannebery,9,18,16,64.0,0,1,0,0,0,72,2010,Round 17,2010-07-25,4967
Sydney,Josh P  Kennedy,11,10,14,66.7,1,0,0,1,1,61,2010,Round 17,2010-07-25,4967
Sydney,Kieran Jack,8,14,15,75.0,0,0,0,3,0,82,2010,Round 17,2010-07-25,4967
Sydney,Jude Bolton,9,8,13,76.5,1,1,0,0,0,84,2010,Round 17,2010-07-25,4967
Sydney,Jarrad Mcveigh,2,15,12,80.0,0,0,2,3,0,77,2010,Round 17,2010-07-25,4967
Sydney,Jarred Moore,5,10,9,60.0,1,1,1,1,1,89,2010,Round 17,2010-07-25,4967
Sydney,Martin Mattner,3,11,13,92.9,0,0,0,7,1,85,2010,Round 17,2010-07-25,4967
Sydney,Tadhg Kennelly,2,13,6,42.9,0,0,0,4,0,87,2010,Round 17,2010-07-25,4967
Sydney,Ted Richards,2,12,13,92.9,0,0,0,3,0,96,2010,Round 17,2010-07-25,4967
Sydney,Paul Bevan,5,7,12,85.7,0,0,0,5,1,96,2010,Round 17,2010-07-25,4967
Sydney,Heath Grundy,4,10,13,92.9,0,1,0,0,1,94,2010,Round 17,2010-07-25,4967
Sydney,Lewis Jetta,4,11,11,78.6,0,0,0,2,2,75,2010,Round 17,2010-07-25,4967
Sydney,Jesse White,4,8,8,66.7,0,0,3,3,0,92,2010,Round 17,2010-07-25,4967
Sydney,Rhyce Shaw,6,5,8,72.7,0,0,0,3,3,92,2010,Round 17,2010-07-25,4967
Sydney,Brett Kirk,6,5,8,80.0,1,0,0,2,0,79,2010,Round 17,2010-07-25,4967
Sydney,Ryan O Keefe,4,5,9,90.0,0,1,0,0,0,84,2010,Round 17,2010-07-25,4967
Sydney,Shane Mumford,4,5,7,77.8,0,0,0,5,0,62,2010,Round 17,2010-07-25,4967
Sydney,Mike Pyke,3,6,7,87.5,0,0,0,0,0,56,2010,Round 17,2010-07-25,4967
Sydney,Brett Meredith,0,7,6,100.0,0,0,1,0,0,69,2010,Round 17,2010-07-25,4967
Port Adelaide,Kane Cornes,9,20,22,78.6,0,0,0,1,0,93,2010,Round 17,2010-07-25,4968
Port Adelaide,Domenic Cassisi,16,12,20,71.4,0,0,1,2,0,74,2010,Round 17,2010-07-25,4968
Port Adelaide,Danyle Pearce,2,24,19,70.4,0,0,0,3,1,81,2010,Round 17,2010-07-25,4968
Port Adelaide,Troy Chaplin,6,19,23,88.5,0,1,0,4,0,93,2010,Round 17,2010-07-25,4968
Port Adelaide,Travis Boak,16,9,18,72.0,0,2,0,2,1,76,2010,Round 17,2010-07-25,4968
Port Adelaide,Matt Thomas,8,13,16,72.7,0,0,0,0,0,74,2010,Round 17,2010-07-25,4968
Port Adelaide,Nick Salter,4,10,12,70.6,0,0,0,3,1,94,2010,Round 17,2010-07-25,4968
Port Adelaide,David Rodan,4,8,12,75.0,0,0,0,5,2,77,2010,Round 17,2010-07-25,4968
Port Adelaide,Dean Brogan,9,6,9,60.0,0,1,0,6,0,87,2010,Round 17,2010-07-25,4968
Port Adelaide,Josh Carr,4,11,11,73.3,0,1,0,1,0,68,2010,Round 17,2010-07-25,4968
Port Adelaide,Tom Logan,5,10,11,73.3,0,0,0,0,0,73,2010,Round 17,2010-07-25,4968
Port Adelaide,Brett Ebert,8,7,9,60.0,3,1,6,3,0,90,2010,Round 17,2010-07-25,4968
Port Adelaide,Justin Westhoff,8,6,11,78.6,1,0,2,2,0,87,2010,Round 17,2010-07-25,4968
Port Adelaide,Paul Stewart,4,10,11,91.7,1,1,0,2,0,84,2010,Round 17,2010-07-25,4968
Port Adelaide,Matthew Broadbent,3,9,7,58.3,0,0,0,0,0,81,2010,Round 17,2010-07-25,4968
Port Adelaide,Jay Schulz,3,9,9,81.8,0,0,2,3,1,88,2010,Round 17,2010-07-25,4968
Port Adelaide,Mitchell Banner,3,9,9,81.8,0,1,0,0,0,71,2010,Round 17,2010-07-25,4968
Port Adelaide,Alipate Carlile,0,9,6,66.7,0,0,0,5,0,92,2010,Round 17,2010-07-25,4968
Port Adelaide,Andrew Moore,4,5,6,66.7,0,0,0,2,0,81,2010,Round 17,2010-07-25,4968
Port Adelaide,Cameron Hitchcock,1,9,5,55.6,0,0,1,1,1,72,2010,Round 17,2010-07-25,4968
Port Adelaide,Daniel Stewart,4,3,4,57.1,0,1,1,0,0,88,2010,Round 17,2010-07-25,4968
Port Adelaide,Robert Gray,2,3,5,83.3,0,0,1,0,0,77,2010,Round 17,2010-07-25,4968
Adelaide,Scott Thompson,8,17,18,72.0,0,0,1,3,0,83,2010,Round 17,2010-07-25,4968
Adelaide,Brad Symes,10,14,19,79.2,0,0,0,2,0,76,2010,Round 17,2010-07-25,4968
Adelaide,Ricky Henderson,4,20,17,70.8,0,2,4,1,0,89,2010,Round 17,2010-07-25,4968
Adelaide,Nathan Van Berlo,3,16,13,68.4,0,0,0,0,0,83,2010,Round 17,2010-07-25,4968
Adelaide,Brent Reilly,3,15,11,61.1,0,0,0,1,1,82,2010,Round 17,2010-07-25,4968
Adelaide,Bernie Vince,9,9,8,44.4,0,0,1,2,0,74,2010,Round 17,2010-07-25,4968
Adelaide,Jason Porplyzia,6,12,14,77.8,0,1,0,3,2,84,2010,Round 17,2010-07-25,4968
Adelaide,David Mackay,4,15,14,77.8,0,1,2,1,0,75,2010,Round 17,2010-07-25,4968
Adelaide,Michael Doughty,5,11,14,82.4,0,0,0,3,0,91,2010,Round 17,2010-07-25,4968
Adelaide,Patrick Dangerfield,8,8,12,70.6,0,0,0,0,0,88,2010,Round 17,2010-07-25,4968
Adelaide,Richard Douglas,3,13,11,68.8,0,1,1,0,0,85,2010,Round 17,2010-07-25,4968
Adelaide,Graham Johncock,5,11,11,73.3,0,0,0,2,1,88,2010,Round 17,2010-07-25,4968
Adelaide,Nathan Bock,4,10,11,73.3,1,0,0,9,1,91,2010,Round 17,2010-07-25,4968
Adelaide,Ben Rutten,3,11,12,85.7,0,0,0,0,0,100,2010,Round 17,2010-07-25,4968
Adelaide,Rory Sloane,6,6,11,84.6,0,1,0,3,2,81,2010,Round 17,2010-07-25,4968
Adelaide,Matthew Jaensch,4,9,10,76.9,0,0,0,0,0,87,2010,Round 17,2010-07-25,4968
Adelaide,Scott Stevens,7,4,9,75.0,2,1,0,9,0,87,2010,Round 17,2010-07-25,4968
Adelaide,Taylor Walker,7,4,3,27.3,2,0,4,1,0,96,2010,Round 17,2010-07-25,4968
Adelaide,Tony Armstrong,0,9,6,66.7,0,0,0,1,0,65,2010,Round 17,2010-07-25,4968
Adelaide,Ivan Maric,5,3,6,75.0,0,0,0,4,0,61,2010,Round 17,2010-07-25,4968
Adelaide,Jonathon Griffin,1,4,5,83.3,0,0,0,5,0,48,2010,Round 17,2010-07-25,4968
Adelaide,Kurt Tippett,2,3,4,80.0,0,0,1,0,0,87,2010,Round 17,2010-07-25,4968
Essendon,Brent Stanton,3,32,32,88.9,0,1,0,3,2,86,2010,Round 18,2010-07-30,5001
Essendon,Jobe Watson,6,26,25,83.3,0,1,0,0,2,76,2010,Round 18,2010-07-30,5001
Essendon,Heath Hocking,7,23,25,83.3,0,0,0,2,0,92,2010,Round 18,2010-07-30,5001
Essendon,Michael Hurley,3,24,25,83.3,0,0,0,4,0,90,2010,Round 18,2010-07-30,5001
Essendon,Ben Howlett,9,18,18,66.7,0,0,0,0,3,81,2010,Round 18,2010-07-30,5001
Essendon,Dustin Fletcher,7,17,22,91.7,0,0,0,11,0,90,2010,Round 18,2010-07-30,5001
Essendon,Bachar Houli,6,18,23,95.8,1,0,1,1,1,82,2010,Round 18,2010-07-30,5001
Essendon,Samuel Lonergan,7,16,15,68.2,1,0,0,2,0,68,2010,Round 18,2010-07-30,5001
Essendon,Courtenay Dempsey,8,14,18,85.7,0,0,0,2,0,76,2010,Round 18,2010-07-30,5001
Essendon,Brent Prismall,5,15,17,85.0,0,1,0,1,0,80,2010,Round 18,2010-07-30,5001
Essendon,Kyle Reimers,9,13,14,70.0,0,0,0,1,1,86,2010,Round 18,2010-07-30,5001
Essendon,David Zaharakis,6,14,16,80.0,0,2,1,0,0,81,2010,Round 18,2010-07-30,5001
Essendon,Travis Colyer,5,15,13,68.4,0,1,0,2,1,67,2010,Round 18,2010-07-30,5001
Essendon,Cale Hooker,8,10,16,88.9,2,0,0,12,0,89,2010,Round 18,2010-07-30,5001
Essendon,Mark Mcveigh,5,11,12,75.0,1,0,0,3,0,94,2010,Round 18,2010-07-30,5001
Essendon,Angus Monfries,7,7,10,71.4,2,0,3,0,2,83,2010,Round 18,2010-07-30,5001
Essendon,Alwyn Davey,5,9,9,64.3,0,0,0,1,3,87,2010,Round 18,2010-07-30,5001
Essendon,Patrick Ryder,4,8,11,91.7,2,0,1,1,0,83,2010,Round 18,2010-07-30,5001
Essendon,Jay Neagle,5,7,8,66.7,1,0,1,0,0,90,2010,Round 18,2010-07-30,5001
Essendon,David Hille,4,7,8,72.7,3,0,3,1,0,66,2010,Round 18,2010-07-30,5001
Essendon,Scott Gumbleton,2,5,4,57.1,1,0,1,0,0,65,2010,Round 18,2010-07-30,5001
Essendon,Kyle Hardingham,2,4,5,71.4,2,0,2,1,0,91,2010,Round 18,2010-07-30,5001
St Kilda,Leigh Montagna,6,29,24,68.6,0,1,1,1,0,80,2010,Round 18,2010-07-30,5001
St Kilda,Jason Gram,7,28,24,68.6,0,0,1,1,0,89,2010,Round 18,2010-07-30,5001
St Kilda,Lenny Hayes,14,18,26,81.2,0,0,0,0,0,76,2010,Round 18,2010-07-30,5001
St Kilda,Brendon Goddard,10,18,27,87.1,1,4,2,2,1,90,2010,Round 18,2010-07-30,5001
St Kilda,Farren Ray,5,16,20,90.9,0,1,0,0,2,90,2010,Round 18,2010-07-30,5001
St Kilda,Adam Schneider,6,13,13,65.0,0,0,0,2,1,79,2010,Round 18,2010-07-30,5001
St Kilda,Nick Dal Santo,6,13,17,85.0,0,0,1,4,0,87,2010,Round 18,2010-07-30,5001
St Kilda,Nick Riewoldt,8,10,13,68.4,3,2,4,2,0,84,2010,Round 18,2010-07-30,5001
St Kilda,Sam Gilbert,7,11,12,63.2,1,0,0,2,0,92,2010,Round 18,2010-07-30,5001
St Kilda,Brett Peake,4,12,13,76.5,0,0,0,2,0,74,2010,Round 18,2010-07-30,5001
St Kilda,Jarryn Geary,1,15,12,75.0,0,0,0,6,0,87,2010,Round 18,2010-07-30,5001
St Kilda,James Gwilt,2,12,10,71.4,0,0,0,4,0,95,2010,Round 18,2010-07-30,5001
St Kilda,Jason Blake,2,11,12,92.3,0,0,0,3,0,92,2010,Round 18,2010-07-30,5001
St Kilda,Sean Dempster,4,9,10,76.9,1,0,0,5,0,87,2010,Round 18,2010-07-30,5001
St Kilda,Sam Fisher,5,7,10,83.3,0,0,0,1,0,95,2010,Round 18,2010-07-30,5001
St Kilda,Justin Koschitzke,3,8,9,81.8,1,1,2,1,0,90,2010,Round 18,2010-07-30,5001
St Kilda,Stephen Milne,3,8,8,72.7,0,1,1,2,1,88,2010,Round 18,2010-07-30,5001
St Kilda,Ben Mcevoy,5,4,4,44.4,0,0,0,4,0,57,2010,Round 18,2010-07-30,5001
St Kilda,Michael S  Gardiner,3,6,7,87.5,0,0,0,2,0,55,2010,Round 18,2010-07-30,5001
St Kilda,Zac Dawson,1,5,5,83.3,0,0,0,3,0,89,2010,Round 18,2010-07-30,5001
St Kilda,Tom Lynch,2,3,2,40.0,0,0,2,1,0,56,2010,Round 18,2010-07-30,5001
St Kilda,Jack Steven,0,4,3,75.0,0,0,0,0,0,68,2010,Round 18,2010-07-30,5001
Collingwood,Scott Pendlebury,11,21,27,79.4,0,0,1,0,0,84,2010,Round 18,2010-07-31,5002
Collingwood,Alan Didak,9,22,27,87.1,0,0,0,0,0,83,2010,Round 18,2010-07-31,5002
Collingwood,Dane Swan,10,21,23,74.2,0,0,0,1,1,84,2010,Round 18,2010-07-31,5002
Collingwood,Luke Ball,12,16,18,64.3,0,0,1,2,1,75,2010,Round 18,2010-07-31,5002
Collingwood,Dayne Beams,10,17,20,71.4,1,0,0,0,0,86,2010,Round 18,2010-07-31,5002
Collingwood,Ben Johnson,3,20,17,68.0,0,0,0,1,2,79,2010,Round 18,2010-07-31,5002
Collingwood,Dale Thomas,10,13,15,65.2,1,0,0,2,5,82,2010,Round 18,2010-07-31,5002
Collingwood,Ben Reid,4,14,16,84.2,0,1,0,1,1,89,2010,Round 18,2010-07-31,5002
Collingwood,Sharrod Wellingham,10,9,12,63.2,1,0,0,0,0,40,2010,Round 18,2010-07-31,5002
Collingwood,Steele Sidebottom,4,15,15,78.9,1,1,0,1,0,81,2010,Round 18,2010-07-31,5002
Collingwood,Brent Macaffer,6,12,16,88.9,1,2,2,1,1,91,2010,Round 18,2010-07-31,5002
Collingwood,Travis Cloke,13,6,7,41.2,8,1,8,2,0,82,2010,Round 18,2010-07-31,5002
Collingwood,Heritier O Brien,2,15,16,94.1,0,0,0,3,3,94,2010,Round 18,2010-07-31,5002
Collingwood,Nick Maxwell,6,7,12,85.7,1,0,0,4,0,79,2010,Round 18,2010-07-31,5002
Collingwood,Leon Davis,8,6,11,84.6,3,0,4,4,0,85,2010,Round 18,2010-07-31,5002
Collingwood,Nathan Brown,3,10,11,84.6,0,0,0,13,0,89,2010,Round 18,2010-07-31,5002
Collingwood,Alan Toovey,4,7,8,72.7,0,0,0,2,0,92,2010,Round 18,2010-07-31,5002
Collingwood,Tyson Goldsack,6,5,11,100.0,2,0,0,4,1,90,2010,Round 18,2010-07-31,5002
Collingwood,Jarryd Blair,2,8,9,81.8,0,1,0,1,0,80,2010,Round 18,2010-07-31,5002
Collingwood,Leigh Brown,6,5,8,80.0,0,1,1,2,0,65,2010,Round 18,2010-07-31,5002
Collingwood,Chris Dawes,6,4,7,70.0,1,0,0,5,1,89,2010,Round 18,2010-07-31,5002
Collingwood,Darren Jolly,6,4,5,55.6,1,1,2,2,0,81,2010,Round 18,2010-07-31,5002
Carlton,Kade Simpson,9,25,22,66.7,1,0,0,6,1,84,2010,Round 18,2010-07-31,5002
Carlton,Shaun Grigg,8,15,18,78.3,1,0,1,0,0,76,2010,Round 18,2010-07-31,5002
Carlton,Heath Scotland,7,16,17,77.3,0,0,0,0,1,80,2010,Round 18,2010-07-31,5002
Carlton,Marc Murphy,8,13,16,76.2,0,0,0,0,1,86,2010,Round 18,2010-07-31,5002
Carlton,Bryce Gibbs,6,14,20,95.2,0,0,0,4,1,89,2010,Round 18,2010-07-31,5002
Carlton,Andrew Carrazzo,4,13,15,83.3,0,0,1,2,0,82,2010,Round 18,2010-07-31,5002
Carlton,Jordan Russell,6,12,12,66.7,0,0,0,1,0,87,2010,Round 18,2010-07-31,5002
Carlton,Chris Judd,6,10,15,88.2,0,1,0,1,0,60,2010,Round 18,2010-07-31,5002
Carlton,Christopher Johnson,6,10,12,75.0,0,0,0,2,1,81,2010,Round 18,2010-07-31,5002
Carlton,Robert Warnock,9,6,13,81.2,1,0,0,1,0,65,2010,Round 18,2010-07-31,5002
Carlton,Jarrad Waite,6,9,10,71.4,1,0,0,5,0,95,2010,Round 18,2010-07-31,5002
Carlton,Andrew Walker,3,10,12,92.3,0,0,0,3,0,91,2010,Round 18,2010-07-31,5002
Carlton,Aaron Joseph,2,12,11,84.6,0,0,0,2,0,95,2010,Round 18,2010-07-31,5002
Carlton,David Ellard,7,8,9,69.2,0,2,0,3,0,70,2010,Round 18,2010-07-31,5002
Carlton,Edward Betts,6,5,8,88.9,0,0,0,0,0,85,2010,Round 18,2010-07-31,5002
Carlton,Paul Bower,4,5,6,66.7,0,0,0,3,1,85,2010,Round 18,2010-07-31,5002
Carlton,Lachlan Henderson,3,6,5,55.6,0,0,1,2,0,87,2010,Round 18,2010-07-31,5002
Carlton,Christopher Yarran,2,7,7,77.8,1,1,0,1,10,75,2010,Round 18,2010-07-31,5002
Carlton,Shaun Hampson,6,1,4,57.1,1,0,1,2,0,65,2010,Round 18,2010-07-31,5002
Carlton,Michael Jamison,2,5,6,85.7,1,0,0,5,0,94,2010,Round 18,2010-07-31,5002
Carlton,Jeff Gartlett,3,5,4,57.1,0,0,0,1,0,85,2010,Round 18,2010-07-31,5002
Carlton,Bradley Fisher,3,3,4,66.7,2,0,1,0,0,82,2010,Round 18,2010-07-31,5002
Port Adelaide,Kane Cornes,10,13,15,65.2,0,0,0,2,0,90,2010,Round 18,2010-07-31,5003
Port Adelaide,Robert Gray,11,11,7,31.8,2,0,2,1,1,78,2010,Round 18,2010-07-31,5003
Port Adelaide,Domenic Cassisi,12,11,16,80.0,0,0,0,2,0,74,2010,Round 18,2010-07-31,5003
Port Adelaide,Danyle Pearce,7,11,11,57.9,0,1,1,1,0,67,2010,Round 18,2010-07-31,5003
Port Adelaide,Dean Brogan,12,7,11,61.1,3,0,1,4,0,87,2010,Round 18,2010-07-31,5003
Port Adelaide,Jay Schulz,13,5,11,61.1,6,0,5,2,0,91,2010,Round 18,2010-07-31,5003
Port Adelaide,Travis Boak,11,8,8,44.4,0,1,3,1,0,73,2010,Round 18,2010-07-31,5003
Port Adelaide,Matthew Broadbent,5,13,14,82.4,0,0,0,1,0,73,2010,Round 18,2010-07-31,5003
Port Adelaide,Paul Stewart,8,6,13,81.2,0,0,0,4,0,80,2010,Round 18,2010-07-31,5003
Port Adelaide,Justin Westhoff,12,5,10,62.5,3,1,1,1,0,86,2010,Round 18,2010-07-31,5003
Port Adelaide,Cameron Hitchcock,3,11,12,80.0,1,0,1,0,1,88,2010,Round 18,2010-07-31,5003
Port Adelaide,Troy Chaplin,5,6,11,78.6,1,0,1,3,0,99,2010,Round 18,2010-07-31,5003
Port Adelaide,Alipate Carlile,5,8,10,71.4,0,0,0,10,0,97,2010,Round 18,2010-07-31,5003
Port Adelaide,Brett Ebert,5,6,9,69.2,0,2,3,1,0,92,2010,Round 18,2010-07-31,5003
Port Adelaide,Jackson Trengove,7,6,6,46.2,1,0,0,10,0,86,2010,Round 18,2010-07-31,5003
Port Adelaide,David Rodan,4,8,9,75.0,0,1,0,1,4,72,2010,Round 18,2010-07-31,5003
Port Adelaide,Mitchell Banner,2,9,9,81.8,0,0,0,0,0,66,2010,Round 18,2010-07-31,5003
Port Adelaide,Nathan Krakouer,2,7,7,70.0,0,0,0,1,0,65,2010,Round 18,2010-07-31,5003
Port Adelaide,Daniel Stewart,5,5,9,90.0,4,0,2,0,0,81,2010,Round 18,2010-07-31,5003
Port Adelaide,Danny Meyer,5,4,6,66.7,0,0,0,1,0,89,2010,Round 18,2010-07-31,5003
Port Adelaide,Andrew Moore,3,2,3,60.0,0,0,0,3,0,91,2010,Round 18,2010-07-31,5003
Port Adelaide,Nick Salter,2,1,3,75.0,2,0,0,5,0,77,2010,Round 18,2010-07-31,5003
Hawthorn,Brad Sewell,10,15,21,91.3,1,1,0,1,0,83,2010,Round 18,2010-07-31,5003
Hawthorn,Sam Mitchell,6,17,15,68.2,0,0,0,2,0,84,2010,Round 18,2010-07-31,5003
Hawthorn,Cyril Rioli,10,12,14,63.6,1,0,1,1,2,86,2010,Round 18,2010-07-31,5003
Hawthorn,Shaun Burgoyne,8,11,13,68.4,0,0,0,2,0,80,2010,Round 18,2010-07-31,5003
Hawthorn,Rick Ladson,9,10,12,63.2,0,1,0,0,0,77,2010,Round 18,2010-07-31,5003
Hawthorn,Brent Guerra,7,9,14,77.8,0,0,0,5,1,81,2010,Round 18,2010-07-31,5003
Hawthorn,Chance Bateman,4,14,15,83.3,0,1,1,1,0,76,2010,Round 18,2010-07-31,5003
Hawthorn,Luke Hodge,6,12,10,55.6,0,1,0,2,0,82,2010,Round 18,2010-07-31,5003
Hawthorn,Jordan Lewis,9,10,13,72.2,1,0,0,1,0,81,2010,Round 18,2010-07-31,5003
Hawthorn,Grant Birchall,5,12,15,83.3,1,0,0,2,2,80,2010,Round 18,2010-07-31,5003
Hawthorn,Joshua Gibson,10,6,10,62.5,0,0,0,5,0,92,2010,Round 18,2010-07-31,5003
Hawthorn,Xavier Ellis,4,12,10,62.5,0,0,1,1,0,79,2010,Round 18,2010-07-31,5003
Hawthorn,Lance Franklin,7,8,8,57.1,0,0,1,1,2,97,2010,Round 18,2010-07-31,5003
Hawthorn,Thomas Murphy,6,8,9,64.3,2,0,0,2,0,86,2010,Round 18,2010-07-31,5003
Hawthorn,Clinton Young,4,8,9,69.2,1,1,0,3,0,81,2010,Round 18,2010-07-31,5003
Hawthorn,Brent Renouf,8,4,8,66.7,2,0,1,5,0,66,2010,Round 18,2010-07-31,5003
Hawthorn,Jarryd Roughead,5,4,5,55.6,4,1,4,1,0,98,2010,Round 18,2010-07-31,5003
Hawthorn,Benjamin Stratton,4,5,9,100.0,0,0,0,2,0,99,2010,Round 18,2010-07-31,5003
Hawthorn,Stephen Gilham,3,5,7,87.5,0,0,0,4,0,90,2010,Round 18,2010-07-31,5003
Hawthorn,Michael Osborne,3,4,7,100.0,0,2,1,1,0,77,2010,Round 18,2010-07-31,5003
Hawthorn,Brendan Whitecross,0,6,3,50.0,0,0,0,0,0,76,2010,Round 18,2010-07-31,5003
Hawthorn,Wayde Skipper,3,2,3,75.0,1,1,0,2,0,51,2010,Round 18,2010-07-31,5003
Brisbane Lions,Tom Rockliff,17,14,19,63.3,0,0,0,0,0,87,2010,Round 18,2010-07-31,5004
Brisbane Lions,Michael Rischitelli,10,19,16,55.2,0,1,0,1,1,85,2010,Round 18,2010-07-31,5004
Brisbane Lions,Mitchell Clark,7,20,19,67.9,1,1,3,0,1,92,2010,Round 18,2010-07-31,5004
Brisbane Lions,Simon Black,10,16,15,57.7,0,0,0,4,0,76,2010,Round 18,2010-07-31,5004
Brisbane Lions,Brent Staker,12,12,20,80.0,0,0,0,3,0,97,2010,Round 18,2010-07-31,5004
Brisbane Lions,Daniel Rich,12,12,16,64.0,0,1,0,1,0,85,2010,Round 18,2010-07-31,5004
Brisbane Lions,Justin Sherman,3,15,13,61.9,0,0,0,0,3,90,2010,Round 18,2010-07-31,5004
Brisbane Lions,Jared Brennan,7,13,16,80.0,0,1,0,1,0,88,2010,Round 18,2010-07-31,5004
Brisbane Lions,Jack Redden,6,12,12,66.7,0,0,0,1,0,82,2010,Round 18,2010-07-31,5004
Brisbane Lions,Daniel Merrett,7,8,12,75.0,1,0,0,11,0,97,2010,Round 18,2010-07-31,5004
Brisbane Lions,Ryan Harwood,8,8,12,75.0,0,1,0,2,0,66,2010,Round 18,2010-07-31,5004
Brisbane Lions,Cheynee Stiller,4,10,10,66.7,0,0,0,4,0,98,2010,Round 18,2010-07-31,5004
Brisbane Lions,Pearce Hanley,5,10,10,66.7,0,0,0,4,0,86,2010,Round 18,2010-07-31,5004
Brisbane Lions,Matthew Leuenberger,3,10,9,69.2,0,0,0,1,0,83,2010,Round 18,2010-07-31,5004
Brisbane Lions,Luke Power,6,5,5,45.5,0,0,0,3,0,86,2010,Round 18,2010-07-31,5004
Brisbane Lions,Albert Proud,1,10,6,54.5,1,0,3,2,0,84,2010,Round 18,2010-07-31,5004
Brisbane Lions,Jonathan Brown,7,3,7,70.0,2,0,1,0,0,100,2010,Round 18,2010-07-31,5004
Brisbane Lions,Ashley Mcgrath,3,7,6,60.0,0,0,0,3,1,91,2010,Round 18,2010-07-31,5004
Brisbane Lions,Joel Patfull,4,4,6,66.7,0,0,0,4,0,97,2010,Round 18,2010-07-31,5004
Brisbane Lions,Todd Banfield,5,1,2,40.0,0,0,0,4,0,85,2010,Round 18,2010-07-31,5004
Brisbane Lions,Xavier Clarke,0,4,1,25.0,0,0,0,0,1,14,2010,Round 18,2010-07-31,5004
Brisbane Lions,Brendan Fevola,1,0,0,0.0,0,0,0,0,0,31,2010,Round 18,2010-07-31,5004
Melbourne,Colin Sylvia,13,17,16,51.6,1,0,2,3,3,90,2010,Round 18,2010-07-31,5004
Melbourne,Jack Watts,11,15,21,77.8,0,1,0,4,0,81,2010,Round 18,2010-07-31,5004
Melbourne,Tom Scully,9,19,18,66.7,1,0,0,1,0,85,2010,Round 18,2010-07-31,5004
Melbourne,Jordie Mckenzie,17,8,17,65.4,0,0,0,1,0,74,2010,Round 18,2010-07-31,5004
Melbourne,Nathan Jones,8,18,18,72.0,0,1,0,1,2,78,2010,Round 18,2010-07-31,5004
Melbourne,Cameron Bruce,8,15,16,66.7,1,0,1,1,0,92,2010,Round 18,2010-07-31,5004
Melbourne,Joel Macdonald,7,16,20,90.9,0,0,0,4,0,84,2010,Round 18,2010-07-31,5004
Melbourne,Mark Jamar,10,11,17,81.0,2,1,1,3,0,78,2010,Round 18,2010-07-31,5004
Melbourne,Jared Rivers,4,16,17,85.0,0,0,0,6,1,93,2010,Round 18,2010-07-31,5004
Melbourne,Aaron Davey,7,12,12,60.0,0,0,0,2,0,79,2010,Round 18,2010-07-31,5004
Melbourne,Cale Morton,6,15,13,65.0,0,0,1,2,0,72,2010,Round 18,2010-07-31,5004
Melbourne,Colin Garland,6,9,14,77.8,1,0,0,10,0,90,2010,Round 18,2010-07-31,5004
Melbourne,Brad Green,7,10,11,64.7,0,3,1,0,0,90,2010,Round 18,2010-07-31,5004
Melbourne,Rohan Bail,5,13,14,82.4,0,0,0,1,1,83,2010,Round 18,2010-07-31,5004
Melbourne,Clint Bartram,6,9,14,87.5,1,0,0,3,0,86,2010,Round 18,2010-07-31,5004
Melbourne,James Mcdonald,6,8,6,42.9,0,0,0,4,0,71,2010,Round 18,2010-07-31,5004
Melbourne,James Frawley,4,7,11,84.6,0,0,0,7,3,99,2010,Round 18,2010-07-31,5004
Melbourne,Lynden Dunn,0,8,10,100.0,0,0,0,1,0,87,2010,Round 18,2010-07-31,5004
Melbourne,Austin Wonaeamirri,6,3,5,55.6,0,0,0,3,0,75,2010,Round 18,2010-07-31,5004
Melbourne,Jamie Bennell,3,5,2,22.2,0,0,1,1,2,83,2010,Round 18,2010-07-31,5004
Melbourne,Liam Jurrah,5,2,4,57.1,0,0,0,0,0,71,2010,Round 18,2010-07-31,5004
Melbourne,Paul Johnson,2,3,4,66.7,0,1,0,2,0,59,2010,Round 18,2010-07-31,5004
Sydney,Tadhg Kennelly,9,13,20,83.3,1,1,0,1,2,90,2010,Round 18,2010-07-31,5005
Sydney,Ryan O Keefe,7,15,13,56.5,0,0,1,0,1,77,2010,Round 18,2010-07-31,5005
Sydney,Adam Goodes,8,13,13,59.1,2,2,5,1,0,98,2010,Round 18,2010-07-31,5005
Sydney,Nick Malceski,6,15,19,86.4,0,0,0,1,6,84,2010,Round 18,2010-07-31,5005
Sydney,Daniel Hannebery,6,15,14,66.7,0,0,0,1,0,67,2010,Round 18,2010-07-31,5005
Sydney,Martin Mattner,7,13,12,60.0,0,1,0,3,1,88,2010,Round 18,2010-07-31,5005
Sydney,Jude Bolton,7,11,11,61.1,0,0,3,1,0,84,2010,Round 18,2010-07-31,5005
Sydney,Jarred Moore,5,14,14,77.8,0,1,0,0,2,86,2010,Round 18,2010-07-31,5005
Sydney,Kieran Jack,7,11,11,61.1,0,0,0,2,0,85,2010,Round 18,2010-07-31,5005
Sydney,Paul Bevan,6,11,10,58.8,1,0,0,4,0,92,2010,Round 18,2010-07-31,5005
Sydney,Ben Mcglynn,5,11,10,58.8,0,0,0,1,0,87,2010,Round 18,2010-07-31,5005
Sydney,Jarrad Mcveigh,5,10,12,80.0,0,1,1,2,0,84,2010,Round 18,2010-07-31,5005
Sydney,Heath Grundy,2,13,12,80.0,0,0,0,6,2,93,2010,Round 18,2010-07-31,5005
Sydney,Josh P  Kennedy,4,10,10,76.9,0,0,0,1,0,77,2010,Round 18,2010-07-31,5005
Sydney,Ted Richards,5,6,10,90.9,2,1,0,11,0,95,2010,Round 18,2010-07-31,5005
Sydney,Shane Mumford,8,4,8,72.7,1,0,0,2,0,61,2010,Round 18,2010-07-31,5005
Sydney,Lewis Jetta,1,10,10,90.9,0,0,0,0,5,65,2010,Round 18,2010-07-31,5005
Sydney,Brett Kirk,7,3,9,90.0,0,1,0,1,0,89,2010,Round 18,2010-07-31,5005
Sydney,Rhyce Shaw,4,5,6,66.7,0,0,0,0,0,86,2010,Round 18,2010-07-31,5005
Sydney,Mike Pyke,6,3,8,88.9,0,0,0,2,0,51,2010,Round 18,2010-07-31,5005
Sydney,Jesse White,2,6,5,62.5,0,0,2,1,0,89,2010,Round 18,2010-07-31,5005
Sydney,Brett Meredith,2,5,6,85.7,0,0,0,0,0,73,2010,Round 18,2010-07-31,5005
Geelong,Joel Selwood,12,20,24,75.0,0,1,1,4,0,85,2010,Round 18,2010-07-31,5005
Geelong,Gary Jnr Ablett,9,20,21,72.4,1,2,2,1,3,85,2010,Round 18,2010-07-31,5005
Geelong,Darren Milburn,7,22,27,93.1,1,0,0,3,6,89,2010,Round 18,2010-07-31,5005
Geelong,Steve Johnson,4,20,21,84.0,1,1,5,1,0,83,2010,Round 18,2010-07-31,5005
Geelong,James Kelly,13,11,16,66.7,1,1,1,2,0,86,2010,Round 18,2010-07-31,5005
Geelong,Paul Chapman,4,20,18,78.3,1,0,0,1,0,88,2010,Round 18,2010-07-31,5005
Geelong,Cameron Ling,4,19,17,73.9,0,0,0,2,1,77,2010,Round 18,2010-07-31,5005
Geelong,Matthew Scarlett,6,17,21,95.5,2,0,0,2,1,94,2010,Round 18,2010-07-31,5005
Geelong,Andrew Mackie,5,17,17,81.0,0,1,0,1,1,89,2010,Round 18,2010-07-31,5005
Geelong,Corey Enright,5,12,13,68.4,1,0,0,0,0,89,2010,Round 18,2010-07-31,5005
Geelong,Cameron Mooney,7,10,14,82.4,3,1,4,0,0,89,2010,Round 18,2010-07-31,5005
Geelong,Joel Corey,11,5,10,62.5,0,1,0,5,0,75,2010,Round 18,2010-07-31,5005
Geelong,Joshua Hunt,3,13,13,81.2,2,1,0,0,0,79,2010,Round 18,2010-07-31,5005
Geelong,Tom Hawkins,9,7,14,87.5,0,1,1,4,0,67,2010,Round 18,2010-07-31,5005
Geelong,Harry Taylor,3,12,14,93.3,1,0,0,4,0,84,2010,Round 18,2010-07-31,5005
Geelong,Brad Ottens,9,5,10,76.9,1,1,0,2,0,65,2010,Round 18,2010-07-31,5005
Geelong,Shannon Byrnes,5,7,6,50.0,0,0,1,2,1,79,2010,Round 18,2010-07-31,5005
Geelong,Travis Varcoe,4,10,8,66.7,1,0,0,1,3,86,2010,Round 18,2010-07-31,5005
Geelong,Mathew Stokes,0,11,5,41.7,0,2,0,0,0,79,2010,Round 18,2010-07-31,5005
Geelong,Tom Lonergan,0,11,9,81.8,0,0,0,3,0,85,2010,Round 18,2010-07-31,5005
Geelong,Trent West,5,4,7,77.8,1,2,0,5,0,64,2010,Round 18,2010-07-31,5005
Geelong,David Wojcinski,0,7,7,87.5,0,0,0,2,0,82,2010,Round 18,2010-07-31,5005
Richmond,Shane Tuck,13,21,22,66.7,0,1,0,3,0,84,2010,Round 18,2010-08-01,5006
Richmond,Brett Deledio,9,19,28,87.5,2,0,0,5,0,90,2010,Round 18,2010-08-01,5006
Richmond,Shane Edwards,10,19,16,57.1,0,0,0,2,1,80,2010,Round 18,2010-08-01,5006
Richmond,Chris Newman,8,16,21,80.8,0,0,0,4,4,86,2010,Round 18,2010-08-01,5006
Richmond,Ben Cousins,5,20,19,76.0,0,0,0,1,0,75,2010,Round 18,2010-08-01,5006
Richmond,Daniel Connors,11,13,14,58.3,1,0,0,3,0,80,2010,Round 18,2010-08-01,5006
Richmond,Dustin Martin,14,10,21,87.5,0,0,0,0,0,75,2010,Round 18,2010-08-01,5006
Richmond,Daniel Jackson,7,16,16,72.7,0,1,0,3,0,87,2010,Round 18,2010-08-01,5006
Richmond,Mitch Morton,2,17,11,57.9,0,0,1,1,0,78,2010,Round 18,2010-08-01,5006
Richmond,David Astbury,2,13,11,73.3,0,0,0,6,0,94,2010,Round 18,2010-08-01,5006
Richmond,Jake King,5,10,11,78.6,0,1,2,1,0,83,2010,Round 18,2010-08-01,5006
Richmond,Jeromey Webberley,5,9,11,78.6,1,0,0,1,0,76,2010,Round 18,2010-08-01,5006
Richmond,Mitchell Farmer,6,6,10,76.9,0,0,0,5,0,74,2010,Round 18,2010-08-01,5006
Richmond,Luke Mcguane,6,3,7,63.6,0,1,1,0,0,96,2010,Round 18,2010-08-01,5006
Richmond,Matthew White,4,6,7,70.0,0,0,0,2,0,79,2010,Round 18,2010-08-01,5006
Richmond,Angus Graham,4,6,8,80.0,0,0,0,1,0,70,2010,Round 18,2010-08-01,5006
Richmond,Jack Riewoldt,3,6,9,90.0,1,1,3,2,0,100,2010,Round 18,2010-08-01,5006
Richmond,Andrew Browne 1,3,5,8,100.0,1,0,1,3,0,48,2010,Round 18,2010-08-01,5006
Richmond,Kelvin Moore,3,3,6,85.7,0,0,0,4,0,93,2010,Round 18,2010-08-01,5006
Richmond,Ben Nason,1,6,5,71.4,0,0,0,1,0,82,2010,Round 18,2010-08-01,5006
Richmond,Robert Hicks,3,4,6,85.7,0,1,0,1,0,81,2010,Round 18,2010-08-01,5006
Richmond,Will Thursfield,1,3,6,100.0,0,0,0,9,0,91,2010,Round 18,2010-08-01,5006
Adelaide,Brad Symes,8,21,23,76.7,0,0,1,5,0,83,2010,Round 18,2010-08-01,5006
Adelaide,Scott Thompson,8,18,16,57.1,1,1,0,1,0,83,2010,Round 18,2010-08-01,5006
Adelaide,Michael Doughty,13,14,23,85.2,0,0,0,9,0,89,2010,Round 18,2010-08-01,5006
Adelaide,Bernie Vince,10,16,18,69.2,0,0,0,1,0,78,2010,Round 18,2010-08-01,5006
Adelaide,Scott Stevens,5,18,18,78.3,0,0,1,8,1,97,2010,Round 18,2010-08-01,5006
Adelaide,Nathan Van Berlo,2,18,18,90.0,0,1,0,2,0,93,2010,Round 18,2010-08-01,5006
Adelaide,Richard Douglas,9,12,16,80.0,1,1,0,2,0,85,2010,Round 18,2010-08-01,5006
Adelaide,Jason Porplyzia,9,11,11,55.0,2,0,3,2,0,92,2010,Round 18,2010-08-01,5006
Adelaide,David Mackay,8,14,15,75.0,0,0,0,0,0,83,2010,Round 18,2010-08-01,5006
Adelaide,Brent Reilly,4,15,14,77.8,0,0,0,2,0,79,2010,Round 18,2010-08-01,5006
Adelaide,Nathan Bock,4,13,16,88.9,1,0,0,3,1,90,2010,Round 18,2010-08-01,5006
Adelaide,Chris Schmidt,5,12,13,76.5,0,0,0,1,0,80,2010,Round 18,2010-08-01,5006
Adelaide,Patrick Dangerfield,10,8,10,58.8,1,0,3,0,0,78,2010,Round 18,2010-08-01,5006
Adelaide,Ricky Henderson,4,10,8,61.5,0,0,0,1,0,75,2010,Round 18,2010-08-01,5006
Adelaide,Rory Sloane,2,9,7,58.3,0,0,1,4,1,80,2010,Round 18,2010-08-01,5006
Adelaide,Ben Rutten,2,8,10,90.9,2,0,0,8,2,100,2010,Round 18,2010-08-01,5006
Adelaide,Kurt Tippett,10,1,7,63.6,2,3,2,2,0,92,2010,Round 18,2010-08-01,5006
Adelaide,Taylor Walker,5,6,7,63.6,1,0,2,0,0,93,2010,Round 18,2010-08-01,5006
Adelaide,Jonathon Griffin,3,7,8,80.0,0,0,1,5,0,55,2010,Round 18,2010-08-01,5006
Adelaide,Jack Gunston,3,7,8,88.9,0,0,0,1,0,63,2010,Round 18,2010-08-01,5006
Adelaide,Ivan Maric,5,1,4,66.7,1,0,0,1,0,59,2010,Round 18,2010-08-01,5006
Adelaide,Matthew Jaensch,4,1,3,60.0,0,1,0,3,0,73,2010,Round 18,2010-08-01,5006
Western Bulldogs,Matthew Boyd,8,34,29,72.5,0,1,0,2,0,87,2010,Round 18,2010-08-01,5007
Western Bulldogs,Brian Harris,8,19,22,81.5,2,0,0,9,0,94,2010,Round 18,2010-08-01,5007
Western Bulldogs,Adam Cooney,10,16,20,74.1,0,2,0,1,1,85,2010,Round 18,2010-08-01,5007
Western Bulldogs,Daniel Cross,8,18,23,88.5,0,0,0,3,0,87,2010,Round 18,2010-08-01,5007
Western Bulldogs,Shaun Higgins,7,17,21,91.3,0,0,0,0,0,85,2010,Round 18,2010-08-01,5007
Western Bulldogs,Ryan Hargrave,3,18,21,95.5,1,0,0,2,0,86,2010,Round 18,2010-08-01,5007
Western Bulldogs,Lindsay Gilbee,5,15,17,81.0,0,0,0,1,1,82,2010,Round 18,2010-08-01,5007
Western Bulldogs,Robert Murphy,2,19,19,90.5,0,0,0,0,4,81,2010,Round 18,2010-08-01,5007
Western Bulldogs,Ryan Griffen,5,15,17,81.0,1,1,2,1,6,70,2010,Round 18,2010-08-01,5007
Western Bulldogs,Brodie Moles,5,15,13,65.0,0,3,1,1,1,71,2010,Round 18,2010-08-01,5007
Western Bulldogs,Liam Picken,9,11,18,90.0,1,1,0,2,0,89,2010,Round 18,2010-08-01,5007
Western Bulldogs,Daniel Giansiracusa,6,14,15,78.9,1,0,3,3,0,82,2010,Round 18,2010-08-01,5007
Western Bulldogs,Brad Johnson,6,12,16,84.2,1,2,2,1,0,82,2010,Round 18,2010-08-01,5007
Western Bulldogs,Andrejs Everitt,4,15,15,78.9,0,3,2,1,0,79,2010,Round 18,2010-08-01,5007
Western Bulldogs,Jordan Roughead,6,12,14,73.7,3,0,1,2,1,63,2010,Round 18,2010-08-01,5007
Western Bulldogs,Barry Hall,6,11,14,77.8,2,2,7,2,0,89,2010,Round 18,2010-08-01,5007
Western Bulldogs,Dale Morris,4,14,16,88.9,2,0,0,8,0,94,2010,Round 18,2010-08-01,5007
Western Bulldogs,Ben Hudson,7,10,10,58.8,0,0,0,0,0,66,2010,Round 18,2010-08-01,5007
Western Bulldogs,Tom Williams,3,14,14,82.4,0,0,0,2,0,79,2010,Round 18,2010-08-01,5007
Western Bulldogs,Jarrad Grant,2,12,9,64.3,0,1,3,0,0,86,2010,Round 18,2010-08-01,5007
Western Bulldogs,Easton Wood,4,8,10,83.3,0,0,0,3,5,77,2010,Round 18,2010-08-01,5007
Western Bulldogs,Liam Jones,2,8,5,50.0,0,0,2,0,0,86,2010,Round 18,2010-08-01,5007
North Melbourne,Brady Rawlings,3,26,25,80.6,0,0,0,2,0,95,2010,Round 18,2010-08-01,5007
North Melbourne,Brent Harvey,8,19,24,88.9,0,2,0,0,3,87,2010,Round 18,2010-08-01,5007
North Melbourne,Leigh Adams,8,15,16,66.7,0,2,2,0,1,80,2010,Round 18,2010-08-01,5007
North Melbourne,Levi Greenwood,5,16,14,66.7,0,0,0,1,2,75,2010,Round 18,2010-08-01,5007
North Melbourne,Scott Thompson 1,7,14,19,90.5,1,0,0,3,0,92,2010,Round 18,2010-08-01,5007
North Melbourne,Samuel Wright,3,18,17,81.0,1,0,2,1,0,79,2010,Round 18,2010-08-01,5007
North Melbourne,Leigh Harding,4,12,16,84.2,0,0,0,3,1,84,2010,Round 18,2010-08-01,5007
North Melbourne,Andrew Swallow,7,10,14,73.7,0,0,0,0,0,85,2010,Round 18,2010-08-01,5007
North Melbourne,Ben Cunnington,6,13,14,73.7,0,1,1,3,0,70,2010,Round 18,2010-08-01,5007
North Melbourne,Hamish Mcintosh,5,13,15,83.3,3,0,1,1,0,72,2010,Round 18,2010-08-01,5007
North Melbourne,Michael Firrito,4,14,15,88.2,0,0,0,1,0,100,2010,Round 18,2010-08-01,5007
North Melbourne,Scott Mcmahon,3,11,14,87.5,0,0,0,3,1,93,2010,Round 18,2010-08-01,5007
North Melbourne,Benjamin Speight,6,8,10,71.4,0,0,0,1,0,75,2010,Round 18,2010-08-01,5007
North Melbourne,Josh Smith,4,8,12,92.3,1,0,0,1,0,90,2010,Round 18,2010-08-01,5007
North Melbourne,Ryan Bastinac,3,10,9,69.2,0,0,0,1,0,74,2010,Round 18,2010-08-01,5007
North Melbourne,Ed Lower,6,6,10,83.3,0,0,0,1,0,66,2010,Round 18,2010-08-01,5007
North Melbourne,Aaron Edwards,8,3,5,45.5,3,0,2,1,0,92,2010,Round 18,2010-08-01,5007
North Melbourne,Marcus White,1,11,5,45.5,0,0,0,1,0,71,2010,Round 18,2010-08-01,5007
North Melbourne,Lindsay Thomas,6,3,5,55.6,1,2,1,1,0,85,2010,Round 18,2010-08-01,5007
North Melbourne,Todd Goldstein,3,4,7,87.5,0,0,0,3,0,64,2010,Round 18,2010-08-01,5007
North Melbourne,Jamie Macmillan,3,6,6,75.0,1,0,0,0,1,76,2010,Round 18,2010-08-01,5007
North Melbourne,Lachlan Hansen,1,6,5,71.4,1,0,2,0,0,96,2010,Round 18,2010-08-01,5007
Fremantle,Greg Broughton,13,19,24,77.4,0,0,0,0,0,71,2010,Round 18,2010-08-01,5008
Fremantle,David Mundy,7,18,17,68.0,0,1,0,1,1,79,2010,Round 18,2010-08-01,5008
Fremantle,Aaron Sandilands,9,13,11,50.0,1,0,0,1,0,72,2010,Round 18,2010-08-01,5008
Fremantle,Nicholas Suban,7,13,15,71.4,0,0,0,2,3,85,2010,Round 18,2010-08-01,5008
Fremantle,Nathan Fyfe,11,10,12,57.1,2,0,0,3,2,80,2010,Round 18,2010-08-01,5008
Fremantle,Paul Hasleby,5,14,16,80.0,0,0,2,2,0,90,2010,Round 18,2010-08-01,5008
Fremantle,Garrick Ibbotson,9,11,18,90.0,0,0,0,2,1,93,2010,Round 18,2010-08-01,5008
Fremantle,Matthew Pavlich,4,15,10,52.6,1,1,3,1,4,87,2010,Round 18,2010-08-01,5008
Fremantle,Paul Duffield,4,12,14,73.7,1,0,0,4,1,91,2010,Round 18,2010-08-01,5008
Fremantle,Matthew Deboer,10,9,16,84.2,1,2,1,5,0,92,2010,Round 18,2010-08-01,5008
Fremantle,Hayden Ballantyne,6,11,15,83.3,1,2,3,1,5,88,2010,Round 18,2010-08-01,5008
Fremantle,Luke Mcpharlin,4,10,14,87.5,1,0,0,1,2,97,2010,Round 18,2010-08-01,5008
Fremantle,Michael Johnson,6,10,13,86.7,0,1,1,3,2,84,2010,Round 18,2010-08-01,5008
Fremantle,Stephen Hill,6,9,10,66.7,1,0,1,0,2,80,2010,Round 18,2010-08-01,5008
Fremantle,Jesse Crichton,3,12,14,93.3,0,1,0,2,1,81,2010,Round 18,2010-08-01,5008
Fremantle,Anthony Morabito,6,7,8,61.5,1,2,0,0,0,75,2010,Round 18,2010-08-01,5008
Fremantle,Antoni Grover,6,7,9,75.0,1,0,0,5,0,92,2010,Round 18,2010-08-01,5008
Fremantle,Jay Van Berlo,7,5,9,75.0,0,0,0,0,0,87,2010,Round 18,2010-08-01,5008
Fremantle,Roger Hayden,4,7,9,81.8,1,2,1,1,1,85,2010,Round 18,2010-08-01,5008
Fremantle,Adam Mcphee,3,8,8,72.7,0,0,0,2,2,92,2010,Round 18,2010-08-01,5008
Fremantle,Justin Bollenhagen,4,4,5,62.5,0,0,0,0,0,81,2010,Round 18,2010-08-01,5008
Fremantle,Chris Tarrant,1,2,3,75.0,0,0,0,0,0,19,2010,Round 18,2010-08-01,5008
West Coast,Matthew Priddis,16,13,23,82.1,1,1,0,0,0,87,2010,Round 18,2010-08-01,5008
West Coast,Beau Waters,7,20,18,66.7,0,0,1,3,2,89,2010,Round 18,2010-08-01,5008
West Coast,Matthew Rosa,6,18,18,78.3,1,1,1,0,0,89,2010,Round 18,2010-08-01,5008
West Coast,Tom Swift,6,17,15,65.2,1,0,0,0,0,74,2010,Round 18,2010-08-01,5008
West Coast,Ashley Smith,4,17,14,70.0,0,0,0,5,0,83,2010,Round 18,2010-08-01,5008
West Coast,Andrew Embley,5,14,14,73.7,0,1,1,0,0,80,2010,Round 18,2010-08-01,5008
West Coast,Patrick Mcginnity,7,12,17,94.4,0,0,0,3,0,84,2010,Round 18,2010-08-01,5008
West Coast,Lewis Stevenson,4,12,15,83.3,0,0,0,0,0,69,2010,Round 18,2010-08-01,5008
West Coast,Scott Selwood,4,13,15,88.2,0,0,1,3,0,82,2010,Round 18,2010-08-01,5008
West Coast,Bradley Sheppard,3,15,13,76.5,0,0,0,0,1,85,2010,Round 18,2010-08-01,5008
West Coast,Brett Jones,6,10,12,75.0,0,0,0,4,0,87,2010,Round 18,2010-08-01,5008
West Coast,Mitchell Brown,3,13,12,80.0,0,0,0,5,0,82,2010,Round 18,2010-08-01,5008
West Coast,Bradley Ebert,2,13,9,60.0,0,1,1,1,0,88,2010,Round 18,2010-08-01,5008
West Coast,Nicholas Naitanui,11,4,10,66.7,1,0,1,5,0,66,2010,Round 18,2010-08-01,5008
West Coast,Andrew Strijk,3,12,10,66.7,1,0,2,1,0,80,2010,Round 18,2010-08-01,5008
West Coast,Dean Cox,9,5,11,78.6,2,0,0,2,0,72,2010,Round 18,2010-08-01,5008
West Coast,Quinten Lynch,1,12,11,78.6,0,2,1,2,0,87,2010,Round 18,2010-08-01,5008
West Coast,Mark Lecras,4,9,8,66.7,0,1,5,2,0,97,2010,Round 18,2010-08-01,5008
West Coast,Joshua Kennedy,5,7,8,66.7,0,2,0,1,1,86,2010,Round 18,2010-08-01,5008
West Coast,Chris Masten,4,3,6,85.7,0,0,0,0,0,55,2010,Round 18,2010-08-01,5008
West Coast,Eric Mackenzie,1,5,5,83.3,0,0,0,6,0,86,2010,Round 18,2010-08-01,5008
West Coast,Will Schofield,2,4,4,66.7,1,0,0,11,0,92,2010,Round 18,2010-08-01,5008
Essendon,Brent Stanton,9,14,21,91.3,2,1,0,1,1,91,2010,Round 19,2010-08-06,5105
Essendon,Courtenay Dempsey,9,14,17,73.9,1,0,2,3,1,77,2010,Round 19,2010-08-06,5105
Essendon,Michael Hurley,10,11,15,71.4,1,0,0,6,0,95,2010,Round 19,2010-08-06,5105
Essendon,Jobe Watson,7,13,14,70.0,0,0,1,0,1,79,2010,Round 19,2010-08-06,5105
Essendon,Travis Colyer,2,17,13,65.0,0,0,1,0,1,69,2010,Round 19,2010-08-06,5105
Essendon,Brent Prismall,9,12,11,57.9,1,1,1,0,1,85,2010,Round 19,2010-08-06,5105
Essendon,Jason Winderlich,7,11,16,88.9,0,0,0,0,1,78,2010,Round 19,2010-08-06,5105
Essendon,Bachar Houli,4,15,12,66.7,0,2,0,1,1,81,2010,Round 19,2010-08-06,5105
Essendon,Ben Howlett,8,11,9,50.0,0,0,0,3,2,78,2010,Round 19,2010-08-06,5105
Essendon,David Hille,5,10,12,75.0,3,0,2,3,0,83,2010,Round 19,2010-08-06,5105
Essendon,Patrick Ryder,7,8,13,81.2,0,0,0,4,0,87,2010,Round 19,2010-08-06,5105
Essendon,Samuel Lonergan,6,12,11,68.8,0,0,0,0,0,64,2010,Round 19,2010-08-06,5105
Essendon,David Zaharakis,4,12,10,62.5,1,0,2,1,1,84,2010,Round 19,2010-08-06,5105
Essendon,Dustin Fletcher,8,2,6,54.5,1,0,0,4,0,77,2010,Round 19,2010-08-06,5105
Essendon,Jay Neagle,4,7,7,63.6,0,0,2,2,0,89,2010,Round 19,2010-08-06,5105
Essendon,Heath Hocking,4,7,9,81.8,0,0,0,8,1,93,2010,Round 19,2010-08-06,5105
Essendon,Angus Monfries,3,6,5,50.0,0,0,1,1,0,90,2010,Round 19,2010-08-06,5105
Essendon,Kyle Reimers,1,8,5,55.6,0,1,0,1,0,88,2010,Round 19,2010-08-06,5105
Essendon,Kyle Hardingham,4,4,3,33.3,2,0,6,2,0,88,2010,Round 19,2010-08-06,5105
Essendon,Cale Hooker,3,6,6,75.0,1,0,0,5,0,93,2010,Round 19,2010-08-06,5105
Essendon,Mark Mcveigh,2,4,7,100.0,0,0,0,0,0,96,2010,Round 19,2010-08-06,5105
Essendon,Alwyn Davey,4,1,3,75.0,0,0,0,0,1,35,2010,Round 19,2010-08-06,5105
Carlton,Chris Judd,12,13,21,75.0,0,0,0,3,0,80,2010,Round 19,2010-08-06,5105
Carlton,Shaun Grigg,9,16,17,63.0,0,2,1,0,1,75,2010,Round 19,2010-08-06,5105
Carlton,Marc Murphy,8,15,19,82.6,1,1,0,5,3,82,2010,Round 19,2010-08-06,5105
Carlton,Heath Scotland,10,12,16,76.2,1,1,0,2,0,82,2010,Round 19,2010-08-06,5105
Carlton,Kade Simpson,10,10,15,75.0,2,1,0,0,5,75,2010,Round 19,2010-08-06,5105
Carlton,Andrew Carrazzo,5,14,12,60.0,0,2,0,2,3,90,2010,Round 19,2010-08-06,5105
Carlton,Richard Hadley,9,11,11,64.7,0,0,0,1,0,74,2010,Round 19,2010-08-06,5105
Carlton,Lachlan Henderson,5,11,16,94.1,1,3,2,2,0,89,2010,Round 19,2010-08-06,5105
Carlton,Jeff Gartlett,8,9,10,62.5,0,0,4,2,0,82,2010,Round 19,2010-08-06,5105
Carlton,Paul Bower,5,10,13,86.7,2,0,1,2,3,89,2010,Round 19,2010-08-06,5105
Carlton,David Ellard,8,9,12,85.7,0,1,1,4,0,76,2010,Round 19,2010-08-06,5105
Carlton,Jarrad Waite,2,12,9,69.2,0,0,1,3,2,90,2010,Round 19,2010-08-06,5105
Carlton,Bryce Gibbs,6,6,11,84.6,1,0,0,6,0,92,2010,Round 19,2010-08-06,5105
Carlton,Mitch Robinson,8,4,11,84.6,0,1,0,1,0,88,2010,Round 19,2010-08-06,5105
Carlton,Edward Betts,7,5,6,50.0,1,3,2,2,2,82,2010,Round 19,2010-08-06,5105
Carlton,Dennis Armfield,1,10,8,72.7,0,2,0,1,2,78,2010,Round 19,2010-08-06,5105
Carlton,Jordan Russell,3,7,9,90.0,0,0,0,2,0,90,2010,Round 19,2010-08-06,5105
Carlton,Robert Warnock,5,5,8,80.0,1,0,1,2,0,71,2010,Round 19,2010-08-06,5105
Carlton,Marcus Davies,4,6,6,60.0,0,0,0,1,0,71,2010,Round 19,2010-08-06,5105
Carlton,Shaun Hampson,5,4,3,37.5,2,0,2,2,0,65,2010,Round 19,2010-08-06,5105
Carlton,Aaron Joseph,3,4,4,57.1,0,0,0,4,0,86,2010,Round 19,2010-08-06,5105
Carlton,Michael Jamison,2,3,4,80.0,0,0,0,5,0,94,2010,Round 19,2010-08-06,5105
North Melbourne,Brady Rawlings,8,30,31,79.5,0,0,0,1,0,87,2010,Round 19,2010-08-07,5106
North Melbourne,Brent Harvey,5,30,29,85.3,0,1,1,1,2,88,2010,Round 19,2010-08-07,5106
North Melbourne,Leigh Adams,9,25,21,63.6,1,1,2,2,1,68,2010,Round 19,2010-08-07,5106
North Melbourne,Daniel Wells,8,22,24,77.4,1,0,2,0,4,91,2010,Round 19,2010-08-07,5106
North Melbourne,Cruize Garlett,9,21,25,86.2,1,1,0,0,0,56,2010,Round 19,2010-08-07,5106
North Melbourne,Nathan Grima,7,19,26,96.3,0,0,0,7,0,90,2010,Round 19,2010-08-07,5106
North Melbourne,Hamish Mcintosh,10,16,18,69.2,4,0,2,1,0,86,2010,Round 19,2010-08-07,5106
North Melbourne,Leigh Harding,5,20,22,88.0,0,1,1,2,2,76,2010,Round 19,2010-08-07,5106
North Melbourne,Daniel Pratt,2,19,19,79.2,0,0,0,1,0,77,2010,Round 19,2010-08-07,5106
North Melbourne,Michael Firrito,7,15,19,86.4,0,0,0,5,2,97,2010,Round 19,2010-08-07,5106
North Melbourne,Andrew Swallow,8,14,15,68.2,0,1,0,2,1,79,2010,Round 19,2010-08-07,5106
North Melbourne,Jamie Macmillan,3,19,16,72.7,0,1,0,1,0,73,2010,Round 19,2010-08-07,5106
North Melbourne,Scott Mcmahon,3,18,18,85.7,0,0,0,3,3,83,2010,Round 19,2010-08-07,5106
North Melbourne,Scott Thompson 1,3,17,17,85.0,0,0,0,3,2,98,2010,Round 19,2010-08-07,5106
North Melbourne,Ryan Bastinac,1,19,19,95.0,0,1,0,1,2,66,2010,Round 19,2010-08-07,5106
North Melbourne,Aaron Edwards,11,9,13,68.4,1,1,2,3,0,95,2010,Round 19,2010-08-07,5106
North Melbourne,Todd Goldstein,12,5,12,70.6,0,2,0,2,0,94,2010,Round 19,2010-08-07,5106
North Melbourne,Lachlan Hansen,3,12,10,66.7,1,1,2,1,0,94,2010,Round 19,2010-08-07,5106
North Melbourne,Levi Greenwood,5,10,10,66.7,0,0,0,0,1,72,2010,Round 19,2010-08-07,5106
North Melbourne,Samuel Wright,3,10,9,69.2,0,0,1,0,1,80,2010,Round 19,2010-08-07,5106
North Melbourne,Ben Cunnington,4,9,11,84.6,0,0,0,2,1,64,2010,Round 19,2010-08-07,5106
North Melbourne,Lindsay Thomas,2,3,3,75.0,1,1,2,2,0,86,2010,Round 19,2010-08-07,5106
Fremantle,Greg Broughton,8,18,20,76.9,0,0,0,0,0,70,2010,Round 19,2010-08-07,5106
Fremantle,Paul Duffield,7,16,21,84.0,0,1,1,1,3,85,2010,Round 19,2010-08-07,5106
Fremantle,Dylan Roberton,7,18,21,84.0,0,0,0,1,4,77,2010,Round 19,2010-08-07,5106
Fremantle,Kepler Bradley,9,12,15,71.4,0,0,0,1,0,91,2010,Round 19,2010-08-07,5106
Fremantle,Paul Hasleby,4,16,15,75.0,0,1,0,0,0,77,2010,Round 19,2010-08-07,5106
Fremantle,Michael Johnson,7,13,17,85.0,0,0,0,1,0,91,2010,Round 19,2010-08-07,5106
Fremantle,David Mundy,8,12,15,75.0,1,0,1,1,0,75,2010,Round 19,2010-08-07,5106
Fremantle,Luke Mcpharlin,9,8,12,63.2,4,0,2,3,1,96,2010,Round 19,2010-08-07,5106
Fremantle,Jesse Crichton,2,16,15,83.3,0,0,0,1,0,72,2010,Round 19,2010-08-07,5106
Fremantle,Roger Hayden,6,11,12,70.6,0,0,0,1,2,76,2010,Round 19,2010-08-07,5106
Fremantle,Nathan Fyfe,6,11,10,58.8,1,2,1,1,1,85,2010,Round 19,2010-08-07,5106
Fremantle,Rhys Palmer,7,9,10,62.5,0,1,0,1,0,64,2010,Round 19,2010-08-07,5106
Fremantle,Adam Mcphee,7,7,13,86.7,1,0,0,2,0,90,2010,Round 19,2010-08-07,5106
Fremantle,Nicholas Suban,6,10,13,86.7,0,0,0,3,0,68,2010,Round 19,2010-08-07,5106
Fremantle,Matthew Pavlich,4,9,9,69.2,0,1,1,0,0,84,2010,Round 19,2010-08-07,5106
Fremantle,Antoni Grover,4,7,8,66.7,2,0,0,8,0,96,2010,Round 19,2010-08-07,5106
Fremantle,Anthony Morabito,2,10,9,75.0,1,0,0,1,2,78,2010,Round 19,2010-08-07,5106
Fremantle,Jay Van Berlo,4,8,9,81.8,1,0,0,0,0,82,2010,Round 19,2010-08-07,5106
Fremantle,Matthew Deboer,3,7,6,60.0,0,0,2,1,1,85,2010,Round 19,2010-08-07,5106
Fremantle,Garrick Ibbotson,2,6,7,77.8,1,0,0,2,1,92,2010,Round 19,2010-08-07,5106
Fremantle,Justin Bollenhagen,2,5,5,62.5,0,0,0,0,0,74,2010,Round 19,2010-08-07,5106
Fremantle,Stephen Hill,2,5,3,42.9,0,0,0,1,2,89,2010,Round 19,2010-08-07,5106
Sydney,Heath Grundy,5,26,29,90.6,1,0,0,6,1,95,2010,Round 19,2010-08-07,5107
Sydney,Brett Kirk,12,18,22,75.9,0,1,1,1,0,84,2010,Round 19,2010-08-07,5107
Sydney,Jarrad Mcveigh,5,21,19,67.9,0,1,0,0,1,87,2010,Round 19,2010-08-07,5107
Sydney,Kieran Jack,15,12,23,85.2,0,4,0,1,1,83,2010,Round 19,2010-08-07,5107
Sydney,Adam Goodes,11,14,18,69.2,5,1,4,3,0,95,2010,Round 19,2010-08-07,5107
Sydney,Josh P  Kennedy,15,8,19,90.5,1,0,0,1,0,76,2010,Round 19,2010-08-07,5107
Sydney,Jude Bolton,9,11,15,75.0,0,2,0,2,0,77,2010,Round 19,2010-08-07,5107
Sydney,Tadhg Kennelly,3,13,17,94.4,0,0,0,2,0,89,2010,Round 19,2010-08-07,5107
Sydney,Paul Bevan,2,14,16,94.1,0,0,0,2,1,89,2010,Round 19,2010-08-07,5107
Sydney,Ben Mcglynn,4,15,13,76.5,0,0,0,1,0,90,2010,Round 19,2010-08-07,5107
Sydney,Shane Mumford,6,11,16,94.1,2,1,0,2,0,70,2010,Round 19,2010-08-07,5107
Sydney,Martin Mattner,3,11,15,93.8,0,1,0,2,0,85,2010,Round 19,2010-08-07,5107
Sydney,Ryan O Keefe,6,10,13,81.2,0,0,2,2,1,79,2010,Round 19,2010-08-07,5107
Sydney,Nick Malceski,2,13,10,62.5,0,1,0,2,2,84,2010,Round 19,2010-08-07,5107
Sydney,Daniel Hannebery,6,10,15,93.8,0,0,0,0,0,67,2010,Round 19,2010-08-07,5107
Sydney,Ted Richards,6,9,13,86.7,1,0,0,8,2,100,2010,Round 19,2010-08-07,5107
Sydney,Rhyce Shaw,1,11,8,66.7,0,0,0,1,1,78,2010,Round 19,2010-08-07,5107
Sydney,Jarred Moore,2,9,6,54.5,0,1,0,1,2,82,2010,Round 19,2010-08-07,5107
Sydney,Lewis Jetta,2,11,7,63.6,0,0,2,0,0,65,2010,Round 19,2010-08-07,5107
Sydney,Jesse White,5,2,3,42.9,2,0,1,5,0,95,2010,Round 19,2010-08-07,5107
Sydney,Trent Dennis Lane,3,4,5,71.4,0,0,3,5,0,66,2010,Round 19,2010-08-07,5107
Sydney,Mike Pyke,3,2,5,100.0,3,0,0,0,0,65,2010,Round 19,2010-08-07,5107
Hawthorn,Brent Guerra,4,15,19,82.6,0,0,0,1,7,80,2010,Round 19,2010-08-07,5107
Hawthorn,Sam Mitchell,11,12,18,78.3,0,1,0,1,0,84,2010,Round 19,2010-08-07,5107
Hawthorn,Lance Franklin,4,17,15,71.4,1,2,4,1,0,96,2010,Round 19,2010-08-07,5107
Hawthorn,Jordan Lewis,4,16,16,80.0,1,1,3,0,3,88,2010,Round 19,2010-08-07,5107
Hawthorn,Shaun Burgoyne,8,9,15,78.9,0,0,0,2,1,78,2010,Round 19,2010-08-07,5107
Hawthorn,Joshua Gibson,6,12,18,94.7,1,0,0,8,0,87,2010,Round 19,2010-08-07,5107
Hawthorn,Brad Sewell,8,10,15,88.2,0,1,0,0,0,80,2010,Round 19,2010-08-07,5107
Hawthorn,Thomas Murphy,3,12,14,93.3,0,0,0,2,0,93,2010,Round 19,2010-08-07,5107
Hawthorn,Grant Birchall,3,12,9,60.0,0,0,0,1,0,79,2010,Round 19,2010-08-07,5107
Hawthorn,Chance Bateman,3,12,12,85.7,0,1,0,1,0,81,2010,Round 19,2010-08-07,5107
Hawthorn,Jarryd Roughead,10,4,7,50.0,1,1,2,0,0,97,2010,Round 19,2010-08-07,5107
Hawthorn,Benjamin Stratton,4,11,11,78.6,1,2,0,4,0,96,2010,Round 19,2010-08-07,5107
Hawthorn,Luke Hodge,6,7,10,76.9,1,1,0,2,0,81,2010,Round 19,2010-08-07,5107
Hawthorn,Garry Moss,6,7,12,92.3,0,0,0,3,0,80,2010,Round 19,2010-08-07,5107
Hawthorn,Rick Ladson,2,7,4,44.4,0,0,0,2,0,76,2010,Round 19,2010-08-07,5107
Hawthorn,Stephen Gilham,4,5,8,88.9,0,0,0,6,2,98,2010,Round 19,2010-08-07,5107
Hawthorn,Michael Osborne,3,5,6,85.7,0,0,0,3,0,79,2010,Round 19,2010-08-07,5107
Hawthorn,Xavier Ellis,3,4,4,57.1,0,0,0,2,0,78,2010,Round 19,2010-08-07,5107
Hawthorn,Clinton Young,1,3,4,80.0,0,0,0,0,0,79,2010,Round 19,2010-08-07,5107
Hawthorn,Brent Renouf,2,3,3,60.0,2,0,0,2,0,66,2010,Round 19,2010-08-07,5107
Hawthorn,Matthew Suckling,1,3,4,100.0,0,0,0,1,0,71,2010,Round 19,2010-08-07,5107
Hawthorn,Simon Taylor,1,1,1,50.0,0,0,0,1,0,55,2010,Round 19,2010-08-07,5107
West Coast,Scott Selwood,9,18,22,78.6,0,1,1,1,0,78,2010,Round 19,2010-08-07,5108
West Coast,Matthew Priddis,13,15,19,73.1,0,0,0,0,0,93,2010,Round 19,2010-08-07,5108
West Coast,Ashley Smith,7,16,17,73.9,1,0,0,0,0,80,2010,Round 19,2010-08-07,5108
West Coast,Dean Cox,12,11,16,72.7,3,0,0,1,0,66,2010,Round 19,2010-08-07,5108
West Coast,Andrew Strijk,10,10,12,60.0,2,2,0,2,1,82,2010,Round 19,2010-08-07,5108
West Coast,Andrew Embley,6,11,13,68.4,1,0,1,2,0,89,2010,Round 19,2010-08-07,5108
West Coast,Patrick Mcginnity,6,13,12,63.2,1,1,0,1,0,91,2010,Round 19,2010-08-07,5108
West Coast,Matthew Spangher,8,10,13,72.2,0,0,0,10,0,96,2010,Round 19,2010-08-07,5108
West Coast,Tom Swift,6,12,12,66.7,0,0,0,1,0,68,2010,Round 19,2010-08-07,5108
West Coast,Quinten Lynch,6,10,11,68.8,0,0,0,3,3,83,2010,Round 19,2010-08-07,5108
West Coast,Matthew Rosa,4,11,12,75.0,0,1,0,0,0,87,2010,Round 19,2010-08-07,5108
West Coast,Mitchell Brown,6,9,11,73.3,0,0,0,2,1,84,2010,Round 19,2010-08-07,5108
West Coast,Bradley Sheppard,5,10,11,73.3,0,0,0,0,0,81,2010,Round 19,2010-08-07,5108
West Coast,Koby Stevens,6,8,10,71.4,0,0,1,0,0,64,2010,Round 19,2010-08-07,5108
West Coast,Brett Jones,4,9,10,76.9,1,0,0,2,0,81,2010,Round 19,2010-08-07,5108
West Coast,Nicholas Naitanui,8,3,9,69.2,0,1,0,2,0,66,2010,Round 19,2010-08-07,5108
West Coast,Lewis Stevenson,4,8,6,54.5,0,0,0,0,0,79,2010,Round 19,2010-08-07,5108
West Coast,Joshua Kennedy,5,5,4,40.0,1,0,2,1,0,87,2010,Round 19,2010-08-07,5108
West Coast,Bradley Ebert,4,5,4,40.0,0,0,0,0,1,64,2010,Round 19,2010-08-07,5108
West Coast,Benjamin Mckinley,2,5,7,77.8,0,0,0,2,0,82,2010,Round 19,2010-08-07,5108
West Coast,Will Schofield,2,2,7,77.8,0,0,0,5,1,88,2010,Round 19,2010-08-07,5108
West Coast,Mark Lecras,4,4,4,50.0,0,0,1,2,1,95,2010,Round 19,2010-08-07,5108
Brisbane Lions,Michael Rischitelli,13,15,24,82.8,1,0,1,2,0,82,2010,Round 19,2010-08-07,5108
Brisbane Lions,Simon Black,10,18,19,70.4,0,2,0,1,0,78,2010,Round 19,2010-08-07,5108
Brisbane Lions,Jack Redden,11,18,19,70.4,2,1,1,0,0,77,2010,Round 19,2010-08-07,5108
Brisbane Lions,Jared Brennan,8,17,12,48.0,0,1,1,1,1,86,2010,Round 19,2010-08-07,5108
Brisbane Lions,Ashley Mcgrath,8,15,17,70.8,0,0,0,7,3,90,2010,Round 19,2010-08-07,5108
Brisbane Lions,Luke Power,7,13,9,45.0,0,0,0,3,1,92,2010,Round 19,2010-08-07,5108
Brisbane Lions,Mitchell Clark,10,9,12,63.2,3,0,0,0,0,82,2010,Round 19,2010-08-07,5108
Brisbane Lions,Brent Staker,5,13,15,83.3,1,0,0,4,0,85,2010,Round 19,2010-08-07,5108
Brisbane Lions,Jed Adcock,1,16,14,82.4,1,1,0,5,0,79,2010,Round 19,2010-08-07,5108
Brisbane Lions,Daniel Merrett,5,12,12,70.6,1,0,0,14,0,95,2010,Round 19,2010-08-07,5108
Brisbane Lions,Pearce Hanley,4,15,14,82.4,0,0,0,3,2,83,2010,Round 19,2010-08-07,5108
Brisbane Lions,Tom Rockliff,5,11,11,64.7,0,1,1,3,1,85,2010,Round 19,2010-08-07,5108
Brisbane Lions,Daniel Rich,7,9,8,50.0,0,0,0,0,0,77,2010,Round 19,2010-08-07,5108
Brisbane Lions,Ryan Harwood,5,11,14,87.5,0,0,1,2,0,60,2010,Round 19,2010-08-07,5108
Brisbane Lions,Jonathan Brown,7,8,9,60.0,4,1,5,1,0,95,2010,Round 19,2010-08-07,5108
Brisbane Lions,Cheynee Stiller,4,10,11,78.6,0,0,0,4,0,86,2010,Round 19,2010-08-07,5108
Brisbane Lions,Matthew Leuenberger,7,6,11,84.6,0,0,0,1,0,66,2010,Round 19,2010-08-07,5108
Brisbane Lions,Joel Patfull,6,6,6,50.0,1,0,0,1,0,86,2010,Round 19,2010-08-07,5108
Brisbane Lions,Matthew Maguire,5,4,8,80.0,0,0,0,6,0,91,2010,Round 19,2010-08-07,5108
Brisbane Lions,Albert Proud,3,6,7,77.8,0,0,0,3,0,88,2010,Round 19,2010-08-07,5108
Brisbane Lions,Todd Banfield,2,5,4,57.1,0,0,0,0,4,70,2010,Round 19,2010-08-07,5108
Brisbane Lions,Aaron Cornelius,1,4,1,20.0,0,0,1,0,0,68,2010,Round 19,2010-08-07,5108
Geelong,Gary Jnr Ablett,9,17,19,73.1,0,0,1,2,0,93,2010,Round 19,2010-08-07,5109
Geelong,Corey Enright,5,19,19,79.2,1,0,0,2,0,93,2010,Round 19,2010-08-07,5109
Geelong,Paul Chapman,5,19,17,73.9,1,0,1,4,0,86,2010,Round 19,2010-08-07,5109
Geelong,Joel Selwood,11,14,15,65.2,0,0,1,3,0,80,2010,Round 19,2010-08-07,5109
Geelong,Cameron Ling,3,18,18,85.7,0,0,0,1,0,81,2010,Round 19,2010-08-07,5109
Geelong,Darren Milburn,6,16,19,90.5,2,0,0,7,2,85,2010,Round 19,2010-08-07,5109
Geelong,James Kelly,6,13,16,80.0,0,0,1,3,1,82,2010,Round 19,2010-08-07,5109
Geelong,Joel Corey,8,10,11,57.9,0,0,0,3,0,72,2010,Round 19,2010-08-07,5109
Geelong,Joshua Hunt,7,13,15,78.9,0,0,1,1,0,87,2010,Round 19,2010-08-07,5109
Geelong,James Bartel,3,14,14,77.8,0,0,0,3,0,78,2010,Round 19,2010-08-07,5109
Geelong,Steve Johnson,3,14,11,64.7,0,0,3,1,0,91,2010,Round 19,2010-08-07,5109
Geelong,Andrew Mackie,3,13,10,58.8,0,0,0,1,0,81,2010,Round 19,2010-08-07,5109
Geelong,Travis Varcoe,4,13,12,70.6,0,4,2,4,0,81,2010,Round 19,2010-08-07,5109
Geelong,Harry Taylor,3,13,12,75.0,0,0,0,9,0,76,2010,Round 19,2010-08-07,5109
Geelong,Matthew Scarlett,2,10,13,86.7,0,0,0,4,0,84,2010,Round 19,2010-08-07,5109
Geelong,Tom Lonergan,2,10,12,92.3,1,0,0,7,0,93,2010,Round 19,2010-08-07,5109
Geelong,Cameron Mooney,2,11,8,66.7,1,3,1,1,0,90,2010,Round 19,2010-08-07,5109
Geelong,Shannon Byrnes,6,7,10,83.3,0,2,0,2,1,77,2010,Round 19,2010-08-07,5109
Geelong,Brad Ottens,8,2,6,60.0,2,0,0,0,0,68,2010,Round 19,2010-08-07,5109
Geelong,Mathew Stokes,2,8,8,80.0,0,1,3,0,0,79,2010,Round 19,2010-08-07,5109
Geelong,James Podsiadly,2,5,4,57.1,0,0,0,1,0,83,2010,Round 19,2010-08-07,5109
Geelong,Tom Hawkins,4,2,5,83.3,1,0,0,2,0,58,2010,Round 19,2010-08-07,5109
Collingwood,Alan Didak,12,20,27,77.1,0,3,0,0,0,75,2010,Round 19,2010-08-07,5109
Collingwood,Dane Swan,11,20,20,62.5,0,2,0,2,0,78,2010,Round 19,2010-08-07,5109
Collingwood,Scott Pendlebury,11,15,16,66.7,0,1,0,2,3,78,2010,Round 19,2010-08-07,5109
Collingwood,Dale Thomas,10,13,18,78.3,4,0,1,3,1,84,2010,Round 19,2010-08-07,5109
Collingwood,Sharrod Wellingham,10,14,16,69.6,1,1,3,0,2,79,2010,Round 19,2010-08-07,5109
Collingwood,Heath Shaw,8,12,14,63.6,0,0,0,4,6,74,2010,Round 19,2010-08-07,5109
Collingwood,Brent Macaffer,13,9,18,81.8,3,2,1,0,0,87,2010,Round 19,2010-08-07,5109
Collingwood,Luke Ball,7,10,7,41.2,1,0,0,0,0,75,2010,Round 19,2010-08-07,5109
Collingwood,Travis Cloke,7,9,10,62.5,3,1,3,2,0,94,2010,Round 19,2010-08-07,5109
Collingwood,Chris Dawes,8,7,11,68.8,0,0,0,4,0,92,2010,Round 19,2010-08-07,5109
Collingwood,Heritier O Brien,4,11,12,80.0,2,0,0,5,4,100,2010,Round 19,2010-08-07,5109
Collingwood,Steele Sidebottom,8,7,12,80.0,0,1,0,0,2,77,2010,Round 19,2010-08-07,5109
Collingwood,Darren Jolly,7,7,8,57.1,0,0,0,2,1,85,2010,Round 19,2010-08-07,5109
Collingwood,Ben Johnson,3,9,10,76.9,0,0,0,1,1,97,2010,Round 19,2010-08-07,5109
Collingwood,Nick Maxwell,4,9,13,100.0,0,1,0,10,0,97,2010,Round 19,2010-08-07,5109
Collingwood,Dayne Beams,2,11,9,69.2,0,0,3,1,0,74,2010,Round 19,2010-08-07,5109
Collingwood,Alan Toovey,5,8,9,75.0,0,0,0,4,0,94,2010,Round 19,2010-08-07,5109
Collingwood,Tyson Goldsack,5,5,12,100.0,1,0,0,4,1,92,2010,Round 19,2010-08-07,5109
Collingwood,Leigh Brown,6,5,8,80.0,1,0,2,2,2,75,2010,Round 19,2010-08-07,5109
Collingwood,Leon Davis,2,5,3,42.9,0,0,0,2,0,79,2010,Round 19,2010-08-07,5109
Collingwood,Simon Prestigiacomo,1,2,3,100.0,0,0,0,3,0,100,2010,Round 19,2010-08-07,5109
Collingwood,Ben Reid,0,1,1,100.0,0,0,0,0,0,14,2010,Round 19,2010-08-07,5109
St Kilda,Lenny Hayes,8,24,30,88.2,0,0,0,2,0,77,2010,Round 19,2010-08-08,5110
St Kilda,Brendon Goddard,7,24,29,85.3,2,1,0,4,1,94,2010,Round 19,2010-08-08,5110
St Kilda,Adam Schneider,4,26,23,76.7,1,4,7,0,2,78,2010,Round 19,2010-08-08,5110
St Kilda,Leigh Montagna,11,19,24,80.0,0,0,0,4,0,82,2010,Round 19,2010-08-08,5110
St Kilda,Sam Fisher,5,24,28,96.6,0,0,1,3,1,100,2010,Round 19,2010-08-08,5110
St Kilda,Clinton Jones,7,22,19,67.9,1,1,2,1,0,89,2010,Round 19,2010-08-08,5110
St Kilda,Nick Dal Santo,7,20,20,76.9,0,0,0,3,0,82,2010,Round 19,2010-08-08,5110
St Kilda,James Gwilt,4,18,21,84.0,0,0,0,4,0,100,2010,Round 19,2010-08-08,5110
St Kilda,Jarryn Geary,6,18,20,83.3,0,0,1,2,1,96,2010,Round 19,2010-08-08,5110
St Kilda,Brett Peake,5,18,17,73.9,0,3,1,0,1,88,2010,Round 19,2010-08-08,5110
St Kilda,Farren Ray,3,20,21,95.5,0,0,0,2,3,87,2010,Round 19,2010-08-08,5110
St Kilda,Andrew Mcqualter,7,15,18,81.8,0,1,2,0,0,79,2010,Round 19,2010-08-08,5110
St Kilda,Jason Blake,3,17,19,90.5,0,0,0,9,0,94,2010,Round 19,2010-08-08,5110
St Kilda,Jason Gram,5,17,18,85.7,0,1,1,1,2,69,2010,Round 19,2010-08-08,5110
St Kilda,Sam Gilbert,6,15,13,61.9,1,0,1,7,1,94,2010,Round 19,2010-08-08,5110
St Kilda,Robert Eddy,7,13,16,80.0,0,0,2,1,0,72,2010,Round 19,2010-08-08,5110
St Kilda,Stephen Milne,7,13,13,68.4,2,1,5,0,4,78,2010,Round 19,2010-08-08,5110
St Kilda,Nick Riewoldt,5,15,18,94.7,2,0,5,1,0,86,2010,Round 19,2010-08-08,5110
St Kilda,Sean Dempster,2,11,11,84.6,0,3,0,1,0,69,2010,Round 19,2010-08-08,5110
St Kilda,Ben Mcevoy,5,6,9,81.8,2,0,1,3,0,67,2010,Round 19,2010-08-08,5110
St Kilda,Michael S  Gardiner,4,6,9,90.0,1,0,0,1,0,31,2010,Round 19,2010-08-08,5110
St Kilda,Justin Koschitzke,2,4,4,66.7,1,0,1,0,0,88,2010,Round 19,2010-08-08,5110
Port Adelaide,Kane Cornes,6,19,18,72.0,0,0,0,1,0,96,2010,Round 19,2010-08-08,5110
Port Adelaide,Troy Chaplin,9,15,20,80.0,0,0,0,1,0,98,2010,Round 19,2010-08-08,5110
Port Adelaide,Travis Boak,8,17,13,54.2,0,1,0,1,0,70,2010,Round 19,2010-08-08,5110
Port Adelaide,Domenic Cassisi,10,13,17,77.3,0,1,0,2,0,76,2010,Round 19,2010-08-08,5110
Port Adelaide,Tom Logan,4,17,19,90.5,0,0,1,1,0,91,2010,Round 19,2010-08-08,5110
Port Adelaide,Jackson Trengove,5,12,15,78.9,1,0,0,3,0,89,2010,Round 19,2010-08-08,5110
Port Adelaide,Andrew Moore,4,12,13,86.7,1,0,0,2,0,80,2010,Round 19,2010-08-08,5110
Port Adelaide,Robert Gray,4,10,12,85.7,0,0,1,1,0,64,2010,Round 19,2010-08-08,5110
Port Adelaide,Dean Brogan,10,3,9,75.0,2,0,0,1,0,85,2010,Round 19,2010-08-08,5110
Port Adelaide,David Rodan,8,4,8,66.7,0,1,0,0,2,77,2010,Round 19,2010-08-08,5110
Port Adelaide,Matthew Broadbent,6,6,9,75.0,2,0,1,1,0,81,2010,Round 19,2010-08-08,5110
Port Adelaide,Danny Meyer,3,8,6,54.5,0,0,0,2,0,88,2010,Round 19,2010-08-08,5110
Port Adelaide,Nathan Krakouer,3,9,9,81.8,0,1,0,0,0,63,2010,Round 19,2010-08-08,5110
Port Adelaide,Cameron Hitchcock,1,10,10,90.9,0,0,1,0,0,90,2010,Round 19,2010-08-08,5110
Port Adelaide,Danyle Pearce,3,8,8,80.0,0,1,0,2,0,75,2010,Round 19,2010-08-08,5110
Port Adelaide,Justin Westhoff,5,5,7,70.0,2,0,0,3,1,90,2010,Round 19,2010-08-08,5110
Port Adelaide,Mitchell Banner,3,7,10,100.0,0,0,0,1,0,75,2010,Round 19,2010-08-08,5110
Port Adelaide,Brett Ebert,3,6,6,66.7,0,1,2,4,0,90,2010,Round 19,2010-08-08,5110
Port Adelaide,Alipate Carlile,3,5,7,77.8,0,0,0,5,0,91,2010,Round 19,2010-08-08,5110
Port Adelaide,Matt Thomas,5,4,6,75.0,0,0,0,3,0,62,2010,Round 19,2010-08-08,5110
Port Adelaide,Jay Schulz,4,3,6,85.7,1,0,2,1,0,91,2010,Round 19,2010-08-08,5110
Port Adelaide,Daniel Stewart,1,5,5,71.4,0,0,0,3,0,78,2010,Round 19,2010-08-08,5110
Melbourne,Cameron Bruce,11,13,20,80.0,1,1,0,2,1,89,2010,Round 19,2010-08-08,5111
Melbourne,Nathan Jones,6,19,21,84.0,0,2,1,2,0,78,2010,Round 19,2010-08-08,5111
Melbourne,Tom Scully,9,16,19,76.0,0,0,0,2,1,90,2010,Round 19,2010-08-08,5111
Melbourne,Aaron Davey,3,19,18,75.0,0,0,1,0,5,77,2010,Round 19,2010-08-08,5111
Melbourne,Colin Sylvia,9,13,15,71.4,0,1,0,3,2,84,2010,Round 19,2010-08-08,5111
Melbourne,James Mcdonald,5,13,16,84.2,0,0,0,0,0,77,2010,Round 19,2010-08-08,5111
Melbourne,Brad Green,8,10,8,44.4,2,1,4,1,0,95,2010,Round 19,2010-08-08,5111
Melbourne,Colin Garland,7,6,12,70.6,0,0,0,5,0,93,2010,Round 19,2010-08-08,5111
Melbourne,Rohan Bail,6,11,15,88.2,0,2,0,1,0,91,2010,Round 19,2010-08-08,5111
Melbourne,Liam Jurrah,6,12,11,64.7,2,1,4,1,2,83,2010,Round 19,2010-08-08,5111
Melbourne,James Frawley,5,12,11,68.8,0,0,0,10,1,94,2010,Round 19,2010-08-08,5111
Melbourne,Jordie Mckenzie,8,8,12,75.0,0,0,0,0,0,67,2010,Round 19,2010-08-08,5111
Melbourne,Jack Trengove,8,8,8,50.0,0,0,0,2,0,76,2010,Round 19,2010-08-08,5111
Melbourne,Joel Macdonald,4,11,13,86.7,2,0,0,4,0,76,2010,Round 19,2010-08-08,5111
Melbourne,Jared Rivers,5,8,10,76.9,0,0,0,5,0,88,2010,Round 19,2010-08-08,5111
Melbourne,Lynden Dunn,4,10,11,84.6,0,1,3,1,0,84,2010,Round 19,2010-08-08,5111
Melbourne,Clint Bartram,4,10,10,76.9,0,0,0,1,0,86,2010,Round 19,2010-08-08,5111
Melbourne,Jack Watts,4,9,10,76.9,1,1,1,1,0,80,2010,Round 19,2010-08-08,5111
Melbourne,Paul Johnson,7,4,7,63.6,0,1,2,2,0,58,2010,Round 19,2010-08-08,5111
Melbourne,Austin Wonaeamirri,5,6,9,81.8,0,0,2,1,1,78,2010,Round 19,2010-08-08,5111
Melbourne,Jamie Bennell,5,4,8,80.0,0,1,0,2,0,83,2010,Round 19,2010-08-08,5111
Melbourne,Mark Jamar,3,1,4,80.0,0,0,0,2,0,74,2010,Round 19,2010-08-08,5111
Richmond,Daniel Jackson,10,21,20,62.5,1,0,1,4,1,83,2010,Round 19,2010-08-08,5111
Richmond,Ben Cousins,4,20,17,65.4,0,0,1,1,0,74,2010,Round 19,2010-08-08,5111
Richmond,Chris Newman,9,16,17,68.0,1,1,0,5,0,83,2010,Round 19,2010-08-08,5111
Richmond,Mitch Morton,10,13,21,91.3,1,0,1,0,2,79,2010,Round 19,2010-08-08,5111
Richmond,Daniel Connors,6,17,15,65.2,1,0,0,0,1,84,2010,Round 19,2010-08-08,5111
Richmond,Kelvin Moore,5,16,19,95.0,1,0,0,6,0,91,2010,Round 19,2010-08-08,5111
Richmond,Dustin Martin,10,10,12,63.2,1,0,0,2,0,81,2010,Round 19,2010-08-08,5111
Richmond,Brett Deledio,8,10,16,88.9,0,0,0,1,0,95,2010,Round 19,2010-08-08,5111
Richmond,Shane Tuck,7,8,10,71.4,2,0,0,2,0,87,2010,Round 19,2010-08-08,5111
Richmond,Matthew White,7,6,11,78.6,0,1,2,1,0,74,2010,Round 19,2010-08-08,5111
Richmond,Shane Edwards,5,9,11,78.6,0,0,0,0,0,80,2010,Round 19,2010-08-08,5111
Richmond,Mitchell Farmer,4,10,8,57.1,0,0,0,2,0,81,2010,Round 19,2010-08-08,5111
Richmond,David Astbury,5,9,10,71.4,0,0,0,1,1,83,2010,Round 19,2010-08-08,5111
Richmond,Jake King,6,6,11,91.7,1,0,1,2,1,88,2010,Round 19,2010-08-08,5111
Richmond,Andrew Browne 1,9,2,10,90.9,2,0,0,1,0,58,2010,Round 19,2010-08-08,5111
Richmond,Jack Riewoldt,8,3,4,40.0,2,0,3,0,1,95,2010,Round 19,2010-08-08,5111
Richmond,Jeromey Webberley,2,8,7,70.0,0,0,0,1,0,72,2010,Round 19,2010-08-08,5111
Richmond,Will Thursfield,3,6,7,77.8,0,0,1,6,0,84,2010,Round 19,2010-08-08,5111
Richmond,Ben Nason,3,6,7,77.8,0,1,0,0,0,79,2010,Round 19,2010-08-08,5111
Richmond,Angus Graham,3,4,4,57.1,0,0,2,3,0,76,2010,Round 19,2010-08-08,5111
Richmond,Robert Hicks,3,4,5,71.4,1,3,1,0,1,76,2010,Round 19,2010-08-08,5111
Richmond,Luke Mcguane,2,3,4,80.0,0,0,0,4,0,97,2010,Round 19,2010-08-08,5111
Adelaide,Scott Thompson,6,26,16,48.5,0,0,1,1,0,83,2010,Round 19,2010-08-08,5112
Adelaide,Nathan Bock,7,20,25,80.6,1,0,0,8,2,90,2010,Round 19,2010-08-08,5112
Adelaide,Bernie Vince,9,19,24,80.0,0,1,0,1,0,85,2010,Round 19,2010-08-08,5112
Adelaide,Graham Johncock,10,16,25,89.3,0,0,0,5,1,89,2010,Round 19,2010-08-08,5112
Adelaide,Brad Symes,7,20,22,91.7,0,1,0,1,0,76,2010,Round 19,2010-08-08,5112
Adelaide,Chris Schmidt,1,22,22,91.7,0,0,0,4,0,82,2010,Round 19,2010-08-08,5112
Adelaide,Michael Doughty,5,18,18,78.3,0,1,0,1,0,88,2010,Round 19,2010-08-08,5112
Adelaide,Nathan Van Berlo,5,16,14,66.7,1,0,0,2,1,87,2010,Round 19,2010-08-08,5112
Adelaide,Scott Stevens,5,15,17,85.0,0,0,0,6,0,95,2010,Round 19,2010-08-08,5112
Adelaide,Richard Douglas,8,11,18,90.0,0,0,1,0,0,74,2010,Round 19,2010-08-08,5112
Adelaide,David Mackay,7,11,14,70.0,0,0,0,1,0,87,2010,Round 19,2010-08-08,5112
Adelaide,Jason Porplyzia,6,9,15,78.9,2,0,1,3,0,86,2010,Round 19,2010-08-08,5112
Adelaide,Rory Sloane,14,4,14,77.8,0,0,0,1,0,74,2010,Round 19,2010-08-08,5112
Adelaide,Chris Knights,4,13,11,64.7,0,2,1,2,1,77,2010,Round 19,2010-08-08,5112
Adelaide,Brent Reilly,2,13,9,60.0,0,0,1,1,1,84,2010,Round 19,2010-08-08,5112
Adelaide,Brodie Martin,4,6,10,76.9,0,0,0,3,0,70,2010,Round 19,2010-08-08,5112
Adelaide,Ben Rutten,6,6,8,72.7,0,0,0,6,0,100,2010,Round 19,2010-08-08,5112
Adelaide,Taylor Walker,4,5,7,77.8,0,0,0,2,0,87,2010,Round 19,2010-08-08,5112
Adelaide,Ricky Henderson,0,8,6,66.7,0,0,2,0,0,78,2010,Round 19,2010-08-08,5112
Adelaide,Jonathon Griffin,4,4,3,37.5,0,0,1,2,0,51,2010,Round 19,2010-08-08,5112
Adelaide,Ivan Maric,4,4,7,100.0,0,0,0,4,0,61,2010,Round 19,2010-08-08,5112
Adelaide,Kurt Tippett,6,1,4,57.1,2,0,2,4,0,95,2010,Round 19,2010-08-08,5112
Western Bulldogs,Daniel Giansiracusa,3,24,20,66.7,1,1,2,0,0,82,2010,Round 19,2010-08-08,5112
Western Bulldogs,Ryan Hargrave,8,19,16,59.3,0,0,0,2,0,91,2010,Round 19,2010-08-08,5112
Western Bulldogs,Nathan Eagleton,11,14,19,73.1,1,0,0,3,0,71,2010,Round 19,2010-08-08,5112
Western Bulldogs,Daniel Cross,15,10,17,68.0,0,0,0,7,0,90,2010,Round 19,2010-08-08,5112
Western Bulldogs,Matthew Boyd,10,11,14,63.6,0,0,0,1,0,88,2010,Round 19,2010-08-08,5112
Western Bulldogs,Brian Harris,6,13,17,77.3,0,0,0,8,0,94,2010,Round 19,2010-08-08,5112
Western Bulldogs,Ryan Griffen,4,16,18,81.8,0,0,0,4,2,83,2010,Round 19,2010-08-08,5112
Western Bulldogs,Adam Cooney,7,14,11,52.4,0,1,0,1,0,78,2010,Round 19,2010-08-08,5112
Western Bulldogs,Andrejs Everitt,11,9,12,60.0,0,2,2,1,1,73,2010,Round 19,2010-08-08,5112
Western Bulldogs,Ben Hudson,11,8,14,73.7,2,0,0,2,0,77,2010,Round 19,2010-08-08,5112
Western Bulldogs,Brad Johnson,4,12,14,77.8,1,0,2,0,0,83,2010,Round 19,2010-08-08,5112
Western Bulldogs,Brodie Moles,8,10,13,72.2,0,0,0,2,0,72,2010,Round 19,2010-08-08,5112
Western Bulldogs,Jarrad Grant,7,8,12,75.0,0,1,1,6,0,80,2010,Round 19,2010-08-08,5112
Western Bulldogs,Lindsay Gilbee,3,8,10,76.9,0,0,0,7,1,88,2010,Round 19,2010-08-08,5112
Western Bulldogs,Tom Williams,4,8,10,76.9,0,0,0,4,0,82,2010,Round 19,2010-08-08,5112
Western Bulldogs,Liam Picken,7,4,7,63.6,0,0,0,3,0,83,2010,Round 19,2010-08-08,5112
Western Bulldogs,Dale Morris,6,3,7,70.0,0,0,0,4,0,97,2010,Round 19,2010-08-08,5112
Western Bulldogs,Liam Jones,2,7,7,70.0,0,1,0,0,0,81,2010,Round 19,2010-08-08,5112
Western Bulldogs,Easton Wood,4,3,3,42.9,0,0,0,2,0,73,2010,Round 19,2010-08-08,5112
Western Bulldogs,Barry Hall,2,4,3,50.0,0,0,1,3,0,85,2010,Round 19,2010-08-08,5112
Western Bulldogs,Josh Hill,2,4,3,50.0,0,0,0,2,0,84,2010,Round 19,2010-08-08,5112
Western Bulldogs,Jordan Roughead,3,4,6,100.0,1,0,0,3,0,67,2010,Round 19,2010-08-08,5112
Essendon,Jobe Watson,12,18,26,86.7,0,1,0,1,0,83,2010,Round 20,2010-08-13,5049
Essendon,Brent Stanton,5,19,19,76.0,0,1,0,1,1,85,2010,Round 20,2010-08-13,5049
Essendon,Ben Howlett,7,15,14,70.0,1,0,0,3,1,77,2010,Round 20,2010-08-13,5049
Essendon,Michael Hurley,4,15,17,89.5,1,0,0,2,0,97,2010,Round 20,2010-08-13,5049
Essendon,Travis Colyer,6,13,12,63.2,0,0,0,1,3,78,2010,Round 20,2010-08-13,5049
Essendon,David Hille,5,12,12,70.6,2,0,1,3,0,81,2010,Round 20,2010-08-13,5049
Essendon,Stewart Crameri,9,9,12,70.6,0,0,0,0,0,79,2010,Round 20,2010-08-13,5049
Essendon,Kyle Reimers,9,9,9,56.2,0,0,0,3,2,82,2010,Round 20,2010-08-13,5049
Essendon,Rick Dyson,1,10,12,80.0,0,1,0,1,0,92,2010,Round 20,2010-08-13,5049
Essendon,Angus Monfries,9,6,10,66.7,3,1,4,1,0,89,2010,Round 20,2010-08-13,5049
Essendon,Courtenay Dempsey,5,10,11,73.3,0,0,1,1,0,66,2010,Round 20,2010-08-13,5049
Essendon,Jake Melksham,7,7,8,53.3,1,0,0,3,0,82,2010,Round 20,2010-08-13,5049
Essendon,Samuel Lonergan,4,9,9,69.2,0,0,0,1,0,76,2010,Round 20,2010-08-13,5049
Essendon,Mark Mcveigh,2,10,6,50.0,0,0,0,0,0,96,2010,Round 20,2010-08-13,5049
Essendon,Henry Slattery,5,7,10,83.3,0,1,0,1,0,80,2010,Round 20,2010-08-13,5049
Essendon,Heath Hocking,5,7,9,75.0,0,1,0,1,0,92,2010,Round 20,2010-08-13,5049
Essendon,Patrick Ryder,9,2,9,81.8,3,0,1,2,0,81,2010,Round 20,2010-08-13,5049
Essendon,Cale Hooker,2,9,8,72.7,0,0,0,3,0,98,2010,Round 20,2010-08-13,5049
Essendon,David Zaharakis,3,7,7,70.0,0,1,0,1,0,19,2010,Round 20,2010-08-13,5049
Essendon,Jake Carlisle,3,5,7,87.5,1,0,1,1,0,85,2010,Round 20,2010-08-13,5049
Essendon,Jay Neagle,4,3,5,71.4,1,0,1,0,0,93,2010,Round 20,2010-08-13,5049
Essendon,Kyle Hardingham,2,3,3,60.0,1,0,0,0,0,90,2010,Round 20,2010-08-13,5049
Collingwood,Scott Pendlebury,6,27,26,81.2,0,2,0,4,1,76,2010,Round 20,2010-08-13,5049
Collingwood,Dane Swan,11,17,26,83.9,1,0,1,2,1,77,2010,Round 20,2010-08-13,5049
Collingwood,Dayne Beams,9,19,23,79.3,0,1,0,0,0,77,2010,Round 20,2010-08-13,5049
Collingwood,Jarryd Blair,13,15,19,67.9,1,1,2,3,3,76,2010,Round 20,2010-08-13,5049
Collingwood,Ben Johnson,3,19,22,95.7,0,2,0,2,2,80,2010,Round 20,2010-08-13,5049
Collingwood,Alan Didak,7,14,15,68.2,1,0,2,2,0,81,2010,Round 20,2010-08-13,5049
Collingwood,Travis Cloke,9,14,13,59.1,4,1,9,0,0,93,2010,Round 20,2010-08-13,5049
Collingwood,Dale Thomas,0,20,20,90.9,0,2,0,0,4,81,2010,Round 20,2010-08-13,5049
Collingwood,Steele Sidebottom,7,15,16,72.7,0,0,2,0,1,76,2010,Round 20,2010-08-13,5049
Collingwood,Chris Dawes,7,13,16,80.0,4,3,2,4,0,86,2010,Round 20,2010-08-13,5049
Collingwood,Sharrod Wellingham,5,16,13,65.0,0,4,0,0,6,73,2010,Round 20,2010-08-13,5049
Collingwood,Brent Macaffer,5,14,16,84.2,1,1,1,1,0,72,2010,Round 20,2010-08-13,5049
Collingwood,Heath Shaw,2,13,17,100.0,0,1,0,2,7,76,2010,Round 20,2010-08-13,5049
Collingwood,Nathan Brown,7,10,14,82.4,1,0,0,15,0,97,2010,Round 20,2010-08-13,5049
Collingwood,Leigh Brown,8,8,13,81.2,2,0,2,1,2,81,2010,Round 20,2010-08-13,5049
Collingwood,Heritier O Brien,3,12,11,68.8,0,0,0,2,0,98,2010,Round 20,2010-08-13,5049
Collingwood,Darren Jolly,5,7,8,61.5,3,0,3,3,0,80,2010,Round 20,2010-08-13,5049
Collingwood,Alan Toovey,6,7,11,84.6,1,0,0,3,0,90,2010,Round 20,2010-08-13,5049
Collingwood,Simon Prestigiacomo,3,8,10,90.9,1,0,0,7,0,95,2010,Round 20,2010-08-13,5049
Collingwood,Paul Medhurst,5,5,7,70.0,1,1,1,2,0,77,2010,Round 20,2010-08-13,5049
Collingwood,Tarkyn Lockyer,1,5,5,83.3,0,0,0,0,0,75,2010,Round 20,2010-08-13,5049
Collingwood,Nick Maxwell,2,2,4,100.0,0,0,0,4,0,82,2010,Round 20,2010-08-13,5049
Fremantle,Greg Broughton,10,14,19,79.2,1,0,0,1,9,86,2010,Round 20,2010-08-14,5050
Fremantle,Kepler Bradley,12,10,15,71.4,2,1,0,1,0,70,2010,Round 20,2010-08-14,5050
Fremantle,Matthew Pavlich,6,11,10,52.6,0,0,1,1,1,80,2010,Round 20,2010-08-14,5050
Fremantle,Paul Duffield,3,14,14,77.8,0,0,0,4,4,89,2010,Round 20,2010-08-14,5050
Fremantle,Dylan Roberton,2,16,14,77.8,0,1,0,1,9,82,2010,Round 20,2010-08-14,5050
Fremantle,David Mundy,6,11,12,70.6,1,1,0,1,2,82,2010,Round 20,2010-08-14,5050
Fremantle,Antoni Grover,3,10,11,78.6,0,0,0,4,0,95,2010,Round 20,2010-08-14,5050
Fremantle,Roger Hayden,4,11,6,42.9,1,0,0,3,0,86,2010,Round 20,2010-08-14,5050
Fremantle,Byron Schammer,3,11,12,85.7,0,0,0,2,1,68,2010,Round 20,2010-08-14,5050
Fremantle,Nathan Fyfe,2,11,8,57.1,0,0,1,3,0,83,2010,Round 20,2010-08-14,5050
Fremantle,Jesse Crichton,2,12,12,85.7,0,0,0,1,0,86,2010,Round 20,2010-08-14,5050
Fremantle,Adam Mcphee,5,8,8,61.5,1,0,1,2,0,86,2010,Round 20,2010-08-14,5050
Fremantle,Garrick Ibbotson,5,8,9,69.2,1,0,1,6,0,92,2010,Round 20,2010-08-14,5050
Fremantle,Matthew Deboer,6,7,10,76.9,0,1,2,1,0,78,2010,Round 20,2010-08-14,5050
Fremantle,Michael Johnson,4,8,11,91.7,0,1,1,1,0,89,2010,Round 20,2010-08-14,5050
Fremantle,Michael Walters,6,5,9,81.8,1,2,2,0,0,69,2010,Round 20,2010-08-14,5050
Fremantle,Paul Hasleby,3,7,6,60.0,0,0,2,2,0,68,2010,Round 20,2010-08-14,5050
Fremantle,Luke Mcpharlin,3,7,9,90.0,0,0,0,7,1,93,2010,Round 20,2010-08-14,5050
Fremantle,Anthony Morabito,2,8,7,70.0,0,1,0,3,0,82,2010,Round 20,2010-08-14,5050
Fremantle,Stephen Hill,2,4,5,71.4,0,0,0,2,1,86,2010,Round 20,2010-08-14,5050
Fremantle,Nicholas Suban,4,3,7,100.0,0,0,1,3,0,78,2010,Round 20,2010-08-14,5050
Fremantle,Zachary Clarke,1,4,6,100.0,0,0,0,3,0,72,2010,Round 20,2010-08-14,5050
Sydney,Daniel Hannebery,10,28,27,71.1,0,0,1,0,0,73,2010,Round 20,2010-08-14,5050
Sydney,Tadhg Kennelly,2,23,27,100.0,0,0,0,2,1,90,2010,Round 20,2010-08-14,5050
Sydney,Kieran Jack,9,17,20,76.9,0,0,0,2,0,85,2010,Round 20,2010-08-14,5050
Sydney,Jarrad Mcveigh,7,14,19,79.2,1,1,1,4,0,92,2010,Round 20,2010-08-14,5050
Sydney,Shane Mumford,13,9,18,81.8,1,0,1,6,0,81,2010,Round 20,2010-08-14,5050
Sydney,Nick Malceski,3,16,16,80.0,0,2,0,4,0,88,2010,Round 20,2010-08-14,5050
Sydney,Brett Kirk,1,17,13,72.2,0,0,0,0,0,79,2010,Round 20,2010-08-14,5050
Sydney,Paul Bevan,3,14,13,72.2,0,0,3,1,0,91,2010,Round 20,2010-08-14,5050
Sydney,Heath Grundy,4,15,17,94.4,0,0,0,6,1,96,2010,Round 20,2010-08-14,5050
Sydney,Ben Mcglynn,5,13,14,82.4,0,0,3,0,0,57,2010,Round 20,2010-08-14,5050
Sydney,Josh P  Kennedy,8,7,12,75.0,0,1,0,1,0,72,2010,Round 20,2010-08-14,5050
Sydney,Lewis Jetta,3,14,10,62.5,0,1,1,2,3,75,2010,Round 20,2010-08-14,5050
Sydney,Jude Bolton,6,9,10,66.7,0,0,0,2,0,84,2010,Round 20,2010-08-14,5050
Sydney,Adam Goodes,4,11,7,46.7,1,0,1,1,0,95,2010,Round 20,2010-08-14,5050
Sydney,Ryan O Keefe,7,8,12,80.0,1,1,1,1,0,82,2010,Round 20,2010-08-14,5050
Sydney,Jarred Moore,7,7,9,69.2,1,1,1,1,0,66,2010,Round 20,2010-08-14,5050
Sydney,Martin Mattner,6,6,10,83.3,1,0,0,2,1,90,2010,Round 20,2010-08-14,5050
Sydney,Ted Richards,3,8,9,75.0,1,1,0,2,1,94,2010,Round 20,2010-08-14,5050
Sydney,Rhyce Shaw,0,9,7,63.6,0,0,0,2,2,81,2010,Round 20,2010-08-14,5050
Sydney,Jesse White,6,3,8,80.0,2,1,1,1,0,94,2010,Round 20,2010-08-14,5050
Sydney,Trent Dennis Lane,3,5,6,66.7,0,0,1,1,1,76,2010,Round 20,2010-08-14,5050
Sydney,Mike Pyke,2,1,4,80.0,0,0,1,0,0,60,2010,Round 20,2010-08-14,5050
Carlton,Chris Judd,12,18,22,73.3,1,4,0,1,4,84,2010,Round 20,2010-08-14,5051
Carlton,Heath Scotland,2,26,23,79.3,0,1,0,2,2,82,2010,Round 20,2010-08-14,5051
Carlton,Kade Simpson,4,23,23,88.5,0,0,0,2,4,84,2010,Round 20,2010-08-14,5051
Carlton,Marc Murphy,8,16,22,88.0,1,2,1,0,1,85,2010,Round 20,2010-08-14,5051
Carlton,Andrew Carrazzo,3,18,19,82.6,0,2,0,0,1,89,2010,Round 20,2010-08-14,5051
Carlton,Bryce Gibbs,6,18,20,87.0,1,0,0,3,1,87,2010,Round 20,2010-08-14,5051
Carlton,Shaun Grigg,7,13,14,70.0,0,3,0,0,0,77,2010,Round 20,2010-08-14,5051
Carlton,Jarrad Waite,10,11,13,68.4,3,0,6,1,1,87,2010,Round 20,2010-08-14,5051
Carlton,Jordan Russell,5,14,16,84.2,0,1,0,2,0,81,2010,Round 20,2010-08-14,5051
Carlton,Dennis Armfield,5,13,15,83.3,0,1,0,3,0,85,2010,Round 20,2010-08-14,5051
Carlton,Richard Hadley,5,12,13,76.5,0,0,0,2,0,70,2010,Round 20,2010-08-14,5051
Carlton,Paul Bower,3,15,15,88.2,1,0,0,8,3,89,2010,Round 20,2010-08-14,5051
Carlton,Lachlan Henderson,7,10,13,76.5,3,0,3,0,1,90,2010,Round 20,2010-08-14,5051
Carlton,Jeff Gartlett,8,9,12,70.6,1,0,4,2,0,88,2010,Round 20,2010-08-14,5051
Carlton,Edward Betts,7,10,11,68.8,0,3,2,1,0,85,2010,Round 20,2010-08-14,5051
Carlton,Robert Warnock,12,3,10,66.7,2,1,1,2,0,77,2010,Round 20,2010-08-14,5051
Carlton,Mitch Robinson,5,10,11,73.3,0,0,1,3,0,84,2010,Round 20,2010-08-14,5051
Carlton,Aaron Joseph,8,5,10,83.3,0,0,0,4,1,64,2010,Round 20,2010-08-14,5051
Carlton,David Ellard,4,8,9,75.0,0,0,0,1,0,75,2010,Round 20,2010-08-14,5051
Carlton,Michael Jamison,3,7,10,90.9,0,1,0,8,0,95,2010,Round 20,2010-08-14,5051
Carlton,Marcus Davies,5,6,8,72.7,0,0,0,4,0,77,2010,Round 20,2010-08-14,5051
Carlton,Shaun Hampson,3,3,3,50.0,2,0,1,1,0,68,2010,Round 20,2010-08-14,5051
Richmond,Ben Cousins,11,15,19,73.1,2,1,1,1,0,82,2010,Round 20,2010-08-14,5051
Richmond,Shane Tuck,6,20,20,76.9,0,0,0,3,0,85,2010,Round 20,2010-08-14,5051
Richmond,Mitch Morton,7,18,20,76.9,0,0,0,0,0,91,2010,Round 20,2010-08-14,5051
Richmond,Daniel Connors,5,21,15,57.7,0,0,0,1,4,72,2010,Round 20,2010-08-14,5051
Richmond,Shane Edwards,13,10,13,59.1,0,0,0,0,0,85,2010,Round 20,2010-08-14,5051
Richmond,Brett Deledio,10,10,17,81.0,1,0,0,3,4,92,2010,Round 20,2010-08-14,5051
Richmond,Dustin Martin,9,10,12,66.7,1,0,1,1,0,74,2010,Round 20,2010-08-14,5051
Richmond,Daniel Jackson,7,9,13,81.2,0,0,0,4,0,81,2010,Round 20,2010-08-14,5051
Richmond,David Gourdis,4,12,14,87.5,0,0,0,6,0,96,2010,Round 20,2010-08-14,5051
Richmond,David Astbury,2,14,12,75.0,0,1,0,1,0,96,2010,Round 20,2010-08-14,5051
Richmond,Ben Nason,2,14,12,75.0,0,0,0,0,3,77,2010,Round 20,2010-08-14,5051
Richmond,Kelvin Moore,4,9,9,60.0,2,0,0,3,0,91,2010,Round 20,2010-08-14,5051
Richmond,Jaydyn Post,5,7,11,84.6,2,0,1,4,0,91,2010,Round 20,2010-08-14,5051
Richmond,Chris Newman,4,8,9,75.0,0,0,0,1,1,91,2010,Round 20,2010-08-14,5051
Richmond,Jake King,5,7,9,81.8,0,0,0,3,1,87,2010,Round 20,2010-08-14,5051
Richmond,Jamie O Reilly,4,7,11,100.0,0,0,0,0,0,71,2010,Round 20,2010-08-14,5051
Richmond,Andrew Collins 1,5,5,7,70.0,1,2,0,2,0,90,2010,Round 20,2010-08-14,5051
Richmond,Angus Graham,5,2,5,62.5,1,0,1,2,0,72,2010,Round 20,2010-08-14,5051
Richmond,Jack Riewoldt,2,3,3,60.0,1,0,3,1,0,100,2010,Round 20,2010-08-14,5051
Richmond,Robert Hicks,3,1,2,50.0,0,0,0,0,0,89,2010,Round 20,2010-08-14,5051
Richmond,Andrew Browne 1,1,2,3,100.0,0,0,0,1,0,56,2010,Round 20,2010-08-14,5051
Richmond,Matthew White,0,0,0,0.0,0,0,0,0,0,31,2010,Round 20,2010-08-14,5051
Port Adelaide,Kane Cornes,13,24,25,65.8,0,0,0,1,0,95,2010,Round 20,2010-08-14,5052
Port Adelaide,Matt Thomas,14,18,24,75.0,0,1,1,0,0,77,2010,Round 20,2010-08-14,5052
Port Adelaide,Domenic Cassisi,13,16,17,58.6,0,1,0,0,0,74,2010,Round 20,2010-08-14,5052
Port Adelaide,Travis Boak,10,22,18,62.1,0,0,0,1,0,77,2010,Round 20,2010-08-14,5052
Port Adelaide,Jackson Trengove,14,11,15,65.2,2,0,0,2,0,84,2010,Round 20,2010-08-14,5052
Port Adelaide,Alipate Carlile,2,16,14,70.0,0,0,0,7,0,95,2010,Round 20,2010-08-14,5052
Port Adelaide,Troy Chaplin,4,13,15,78.9,0,0,0,6,0,99,2010,Round 20,2010-08-14,5052
Port Adelaide,Justin Westhoff,9,10,11,61.1,4,2,4,0,0,84,2010,Round 20,2010-08-14,5052
Port Adelaide,Matthew Broadbent,5,11,12,70.6,0,0,0,6,0,70,2010,Round 20,2010-08-14,5052
Port Adelaide,Dean Brogan,5,11,10,62.5,0,0,0,0,0,77,2010,Round 20,2010-08-14,5052
Port Adelaide,Robert Gray,6,10,9,56.2,0,0,2,1,0,77,2010,Round 20,2010-08-14,5052
Port Adelaide,Jason Davenport,5,12,10,62.5,1,1,1,0,0,79,2010,Round 20,2010-08-14,5052
Port Adelaide,Nick Salter,7,5,12,75.0,0,0,0,0,0,85,2010,Round 20,2010-08-14,5052
Port Adelaide,Danyle Pearce,7,8,8,53.3,0,0,0,0,0,82,2010,Round 20,2010-08-14,5052
Port Adelaide,Andrew Moore,2,13,13,86.7,0,0,0,1,0,84,2010,Round 20,2010-08-14,5052
Port Adelaide,Jay Schulz,6,7,9,69.2,1,0,2,3,0,92,2010,Round 20,2010-08-14,5052
Port Adelaide,Paul Stewart,3,10,11,84.6,0,0,0,3,0,93,2010,Round 20,2010-08-14,5052
Port Adelaide,David Rodan,3,9,8,66.7,0,1,1,4,0,72,2010,Round 20,2010-08-14,5052
Port Adelaide,Tom Logan,4,8,8,66.7,0,0,0,4,0,64,2010,Round 20,2010-08-14,5052
Port Adelaide,Cameron Hitchcock,5,5,6,54.5,0,0,1,0,0,79,2010,Round 20,2010-08-14,5052
Port Adelaide,Brett Ebert,5,4,8,80.0,0,0,0,2,0,83,2010,Round 20,2010-08-14,5052
Port Adelaide,Danny Meyer,3,4,5,62.5,0,0,0,1,0,76,2010,Round 20,2010-08-14,5052
West Coast,Matthew Rosa,7,18,18,69.2,0,0,1,0,1,88,2010,Round 20,2010-08-14,5052
West Coast,Dean Cox,13,10,17,73.9,2,0,0,5,0,68,2010,Round 20,2010-08-14,5052
West Coast,Andrew Embley,9,11,13,65.0,1,0,0,2,1,97,2010,Round 20,2010-08-14,5052
West Coast,Bradley Ebert,10,10,10,50.0,0,0,0,5,0,81,2010,Round 20,2010-08-14,5052
West Coast,Luke Shuey,11,9,12,66.7,0,0,1,1,3,82,2010,Round 20,2010-08-14,5052
West Coast,Beau Waters,8,7,11,68.8,1,0,0,2,1,92,2010,Round 20,2010-08-14,5052
West Coast,Scott Selwood,7,8,10,62.5,0,1,1,3,0,84,2010,Round 20,2010-08-14,5052
West Coast,Callum Wilson,6,9,9,60.0,1,1,2,2,0,97,2010,Round 20,2010-08-14,5052
West Coast,Adam Selwood,6,8,8,57.1,0,0,0,0,0,76,2010,Round 20,2010-08-14,5052
West Coast,Mark Lecras,4,10,9,64.3,1,0,3,0,0,91,2010,Round 20,2010-08-14,5052
West Coast,Joshua Kennedy,7,7,8,57.1,2,0,1,3,0,87,2010,Round 20,2010-08-14,5052
West Coast,Will Schofield,8,4,10,71.4,0,0,0,10,0,96,2010,Round 20,2010-08-14,5052
West Coast,Andrew Strijk,3,10,10,71.4,1,0,2,1,0,80,2010,Round 20,2010-08-14,5052
West Coast,Matthew Spangher,5,7,8,61.5,0,0,0,8,0,92,2010,Round 20,2010-08-14,5052
West Coast,Eric Mackenzie,6,8,11,84.6,2,0,0,5,0,100,2010,Round 20,2010-08-14,5052
West Coast,Quinten Lynch,5,7,7,58.3,2,0,0,2,0,89,2010,Round 20,2010-08-14,5052
West Coast,Tom Swift,5,7,8,66.7,0,0,0,1,0,67,2010,Round 20,2010-08-14,5052
West Coast,Ashley Smith,4,6,6,50.0,0,0,0,1,1,80,2010,Round 20,2010-08-14,5052
West Coast,Koby Stevens,3,10,7,58.3,0,0,1,1,0,66,2010,Round 20,2010-08-14,5052
West Coast,Patrick Mcginnity,5,4,2,22.2,0,0,0,0,0,77,2010,Round 20,2010-08-14,5052
West Coast,Nicholas Naitanui,5,1,6,85.7,1,0,0,3,0,65,2010,Round 20,2010-08-14,5052
West Coast,Bradley Sheppard,1,5,5,83.3,0,1,1,0,0,44,2010,Round 20,2010-08-14,5052
Western Bulldogs,Matthew Boyd,15,19,21,60.0,0,1,0,1,1,89,2010,Round 20,2010-08-14,5053
Western Bulldogs,Daniel Cross,11,19,25,83.3,0,0,0,1,0,87,2010,Round 20,2010-08-14,5053
Western Bulldogs,Ryan Griffen,6,22,18,62.1,0,0,0,0,6,83,2010,Round 20,2010-08-14,5053
Western Bulldogs,Daniel Giansiracusa,6,20,15,55.6,1,1,3,0,0,85,2010,Round 20,2010-08-14,5053
Western Bulldogs,Robert Murphy,4,19,17,68.0,0,1,0,0,7,72,2010,Round 20,2010-08-14,5053
Western Bulldogs,Ryan Hargrave,6,17,18,75.0,1,0,0,3,0,84,2010,Round 20,2010-08-14,5053
Western Bulldogs,Dale Morris,13,10,21,91.3,2,0,0,12,0,94,2010,Round 20,2010-08-14,5053
Western Bulldogs,Liam Picken,9,10,9,50.0,0,0,0,0,0,87,2010,Round 20,2010-08-14,5053
Western Bulldogs,Lindsay Gilbee,2,14,12,75.0,0,0,1,2,1,78,2010,Round 20,2010-08-14,5053
Western Bulldogs,Nathan Eagleton,4,13,11,68.8,0,0,0,1,0,83,2010,Round 20,2010-08-14,5053
Western Bulldogs,Brodie Moles,7,9,12,75.0,0,0,0,0,0,80,2010,Round 20,2010-08-14,5053
Western Bulldogs,Shaun Higgins,3,12,11,73.3,0,0,0,0,0,82,2010,Round 20,2010-08-14,5053
Western Bulldogs,Callan Ward,6,8,9,64.3,0,0,1,3,2,84,2010,Round 20,2010-08-14,5053
Western Bulldogs,Andrejs Everitt,4,8,9,75.0,2,0,0,1,0,82,2010,Round 20,2010-08-14,5053
Western Bulldogs,Jordan Roughead,3,8,7,63.6,1,0,1,2,0,67,2010,Round 20,2010-08-14,5053
Western Bulldogs,Barry Hall,1,10,8,80.0,0,1,3,0,0,93,2010,Round 20,2010-08-14,5053
Western Bulldogs,Brian Harris,4,6,7,70.0,0,0,0,2,0,93,2010,Round 20,2010-08-14,5053
Western Bulldogs,Brad Johnson,3,6,5,55.6,1,0,0,0,0,82,2010,Round 20,2010-08-14,5053
Western Bulldogs,Will Minson,3,7,6,66.7,0,1,0,1,0,81,2010,Round 20,2010-08-14,5053
Western Bulldogs,Liam Jones,5,4,6,66.7,0,1,1,0,0,86,2010,Round 20,2010-08-14,5053
Western Bulldogs,Tom Williams,4,4,7,87.5,2,0,0,6,0,77,2010,Round 20,2010-08-14,5053
Western Bulldogs,Easton Wood,3,4,6,100.0,0,0,0,4,2,49,2010,Round 20,2010-08-14,5053
Geelong,Gary Jnr Ablett,13,25,31,79.5,1,1,0,1,3,87,2010,Round 20,2010-08-14,5053
Geelong,Joel Selwood,11,23,26,74.3,0,0,0,3,0,81,2010,Round 20,2010-08-14,5053
Geelong,Corey Enright,10,22,25,73.5,0,1,0,2,0,85,2010,Round 20,2010-08-14,5053
Geelong,James Bartel,6,24,24,82.8,0,1,0,0,0,88,2010,Round 20,2010-08-14,5053
Geelong,Paul Chapman,2,24,21,77.8,0,0,0,0,1,82,2010,Round 20,2010-08-14,5053
Geelong,Andrew Mackie,7,16,20,74.1,0,1,0,3,2,89,2010,Round 20,2010-08-14,5053
Geelong,James Kelly,3,22,21,84.0,0,1,0,2,0,80,2010,Round 20,2010-08-14,5053
Geelong,Mathew Stokes,2,20,15,65.2,0,1,1,1,0,83,2010,Round 20,2010-08-14,5053
Geelong,Steve Johnson,7,14,17,81.0,2,2,5,1,1,86,2010,Round 20,2010-08-14,5053
Geelong,Darren Milburn,6,12,17,85.0,0,0,0,8,1,92,2010,Round 20,2010-08-14,5053
Geelong,Taylor Hunt,7,13,17,85.0,0,0,0,1,0,70,2010,Round 20,2010-08-14,5053
Geelong,Shannon Byrnes,6,12,14,77.8,1,4,2,0,1,77,2010,Round 20,2010-08-14,5053
Geelong,Joshua Hunt,3,14,15,88.2,1,0,0,5,0,81,2010,Round 20,2010-08-14,5053
Geelong,Jeremy Laidler,7,9,14,87.5,0,0,0,6,0,85,2010,Round 20,2010-08-14,5053
Geelong,Travis Varcoe,6,9,14,93.3,0,3,2,3,0,86,2010,Round 20,2010-08-14,5053
Geelong,David Wojcinski,5,10,12,85.7,0,2,0,4,2,77,2010,Round 20,2010-08-14,5053
Geelong,James Podsiadly,8,6,8,57.1,2,0,2,0,0,73,2010,Round 20,2010-08-14,5053
Geelong,Cameron Mooney,7,5,8,66.7,4,0,4,0,0,85,2010,Round 20,2010-08-14,5053
Geelong,Daniel Menzel,4,7,10,83.3,0,1,0,1,0,79,2010,Round 20,2010-08-14,5053
Geelong,Matthew Scarlett,4,6,9,81.8,0,0,0,2,0,98,2010,Round 20,2010-08-14,5053
Geelong,Brad Ottens,7,4,5,45.5,2,0,1,5,0,68,2010,Round 20,2010-08-14,5053
Geelong,Tom Hawkins,3,5,7,87.5,1,0,0,0,0,67,2010,Round 20,2010-08-14,5053
Brisbane Lions,Simon Black,7,20,23,85.2,0,2,0,0,0,79,2010,Round 20,2010-08-15,5054
Brisbane Lions,Cheynee Stiller,9,19,19,70.4,1,0,0,1,1,86,2010,Round 20,2010-08-15,5054
Brisbane Lions,Tom Rockliff,10,17,26,96.3,0,0,0,3,0,76,2010,Round 20,2010-08-15,5054
Brisbane Lions,Luke Power,10,14,19,79.2,0,1,1,0,0,90,2010,Round 20,2010-08-15,5054
Brisbane Lions,Brent Staker,5,18,18,75.0,0,0,1,1,0,87,2010,Round 20,2010-08-15,5054
Brisbane Lions,Michael Rischitelli,5,19,17,70.8,1,1,2,0,0,77,2010,Round 20,2010-08-15,5054
Brisbane Lions,Daniel Rich,4,16,15,71.4,0,0,0,1,0,69,2010,Round 20,2010-08-15,5054
Brisbane Lions,Travis Johnstone,4,16,12,60.0,0,0,1,1,2,76,2010,Round 20,2010-08-15,5054
Brisbane Lions,Pearce Hanley,4,14,16,88.9,1,0,1,4,2,78,2010,Round 20,2010-08-15,5054
Brisbane Lions,Jack Redden,5,13,10,55.6,0,0,0,3,0,85,2010,Round 20,2010-08-15,5054
Brisbane Lions,Jared Brennan,3,14,14,82.4,0,2,2,1,0,90,2010,Round 20,2010-08-15,5054
Brisbane Lions,Ryan Harwood,5,12,10,58.8,0,0,0,0,0,57,2010,Round 20,2010-08-15,5054
Brisbane Lions,Matthew Maguire,5,10,8,50.0,1,0,0,1,0,70,2010,Round 20,2010-08-15,5054
Brisbane Lions,Mitchell Clark,7,9,10,62.5,1,1,2,2,0,95,2010,Round 20,2010-08-15,5054
Brisbane Lions,Jed Adcock,5,10,15,100.0,0,0,0,3,0,87,2010,Round 20,2010-08-15,5054
Brisbane Lions,Matthew Leuenberger,4,11,12,80.0,0,0,0,4,0,80,2010,Round 20,2010-08-15,5054
Brisbane Lions,Ashley Mcgrath,4,10,12,85.7,0,0,0,4,0,95,2010,Round 20,2010-08-15,5054
Brisbane Lions,Daniel Merrett,2,12,13,92.9,0,0,0,10,1,100,2010,Round 20,2010-08-15,5054
Brisbane Lions,Albert Proud,5,7,8,66.7,0,1,1,0,0,77,2010,Round 20,2010-08-15,5054
Brisbane Lions,Todd Banfield,2,9,7,63.6,0,0,2,0,1,77,2010,Round 20,2010-08-15,5054
Brisbane Lions,Joel Patfull,3,8,7,77.8,0,0,1,1,1,94,2010,Round 20,2010-08-15,5054
Brisbane Lions,James Polkinghorne,3,7,7,77.8,0,1,1,1,1,76,2010,Round 20,2010-08-15,5054
Adelaide,Richard Douglas,10,20,23,74.2,2,3,2,2,0,91,2010,Round 20,2010-08-15,5054
Adelaide,Brad Symes,5,19,21,84.0,0,1,0,3,1,87,2010,Round 20,2010-08-15,5054
Adelaide,Nathan Van Berlo,5,18,15,65.2,0,2,1,4,5,94,2010,Round 20,2010-08-15,5054
Adelaide,Graham Johncock,5,13,15,71.4,1,1,0,3,4,94,2010,Round 20,2010-08-15,5054
Adelaide,Nathan Bock,2,17,16,84.2,0,0,0,5,0,89,2010,Round 20,2010-08-15,5054
Adelaide,Scott Thompson,5,13,16,88.9,0,1,0,0,1,92,2010,Round 20,2010-08-15,5054
Adelaide,Jason Porplyzia,10,7,13,76.5,1,1,1,2,0,92,2010,Round 20,2010-08-15,5054
Adelaide,David Mackay,5,13,15,88.2,0,0,0,0,1,86,2010,Round 20,2010-08-15,5054
Adelaide,Rory Sloane,11,5,11,68.8,0,1,1,2,0,83,2010,Round 20,2010-08-15,5054
Adelaide,Brent Reilly,5,10,13,86.7,0,0,0,0,0,79,2010,Round 20,2010-08-15,5054
Adelaide,Patrick Dangerfield,7,8,3,20.0,0,0,0,1,2,93,2010,Round 20,2010-08-15,5054
Adelaide,Michael Doughty,3,10,12,85.7,0,0,0,2,1,94,2010,Round 20,2010-08-15,5054
Adelaide,Ben Rutten,5,10,12,85.7,2,0,0,4,0,96,2010,Round 20,2010-08-15,5054
Adelaide,Chris Schmidt,3,11,10,71.4,1,0,0,1,0,91,2010,Round 20,2010-08-15,5054
Adelaide,Ricky Henderson,2,11,8,61.5,0,0,2,2,0,81,2010,Round 20,2010-08-15,5054
Adelaide,Ivan Maric,7,5,11,91.7,2,0,0,1,0,75,2010,Round 20,2010-08-15,5054
Adelaide,Kurt Tippett,10,2,6,50.0,5,0,6,0,0,94,2010,Round 20,2010-08-15,5054
Adelaide,James Sellar,4,7,10,90.9,3,0,2,4,0,69,2010,Round 20,2010-08-15,5054
Adelaide,Scott Stevens,3,7,9,100.0,3,0,0,3,0,98,2010,Round 20,2010-08-15,5054
Adelaide,Phil Davis,4,2,6,85.7,3,0,0,0,0,88,2010,Round 20,2010-08-15,5054
Adelaide,Bernie Vince,2,3,4,80.0,0,0,0,0,0,24,2010,Round 20,2010-08-15,5054
Adelaide,Chris Knights,1,1,1,50.0,0,0,0,0,0,10,2010,Round 20,2010-08-15,5054
Hawthorn,Brad Sewell,12,15,21,77.8,1,0,0,1,0,92,2010,Round 20,2010-08-15,5055
Hawthorn,Sam Mitchell,13,13,21,80.8,0,0,0,1,0,87,2010,Round 20,2010-08-15,5055
Hawthorn,Shaun Burgoyne,13,10,16,69.6,1,1,0,1,0,83,2010,Round 20,2010-08-15,5055
Hawthorn,Lance Franklin,13,9,16,72.7,2,0,1,1,0,95,2010,Round 20,2010-08-15,5055
Hawthorn,Jordan Lewis,8,15,17,77.3,0,0,0,1,0,83,2010,Round 20,2010-08-15,5055
Hawthorn,Grant Birchall,5,16,17,81.0,0,0,0,2,0,72,2010,Round 20,2010-08-15,5055
Hawthorn,Chance Bateman,2,18,16,80.0,0,0,0,0,1,87,2010,Round 20,2010-08-15,5055
Hawthorn,Xavier Ellis,4,17,14,70.0,0,0,2,4,0,79,2010,Round 20,2010-08-15,5055
Hawthorn,Benjamin Stratton,8,11,15,75.0,1,0,0,4,3,96,2010,Round 20,2010-08-15,5055
Hawthorn,Luke Hodge,7,9,10,52.6,0,0,0,0,0,75,2010,Round 20,2010-08-15,5055
Hawthorn,Michael Osborne,7,8,10,58.8,0,0,1,1,1,78,2010,Round 20,2010-08-15,5055
Hawthorn,Thomas Murphy,5,11,13,81.2,0,0,0,6,0,82,2010,Round 20,2010-08-15,5055
Hawthorn,Joshua Gibson,4,11,11,73.3,0,0,1,7,0,97,2010,Round 20,2010-08-15,5055
Hawthorn,Brent Renouf,11,4,7,46.7,1,1,1,1,0,60,2010,Round 20,2010-08-15,5055
Hawthorn,Campbell Brown,4,10,11,78.6,0,0,1,2,0,91,2010,Round 20,2010-08-15,5055
Hawthorn,Carl Peterson,5,8,12,92.3,0,1,1,2,0,72,2010,Round 20,2010-08-15,5055
Hawthorn,Wayde Skipper,7,5,9,75.0,1,2,1,4,0,56,2010,Round 20,2010-08-15,5055
Hawthorn,Rhan Hooper,6,4,5,45.5,0,0,0,0,0,69,2010,Round 20,2010-08-15,5055
Hawthorn,Brent Guerra,5,5,7,70.0,1,0,0,5,1,79,2010,Round 20,2010-08-15,5055
Hawthorn,Jarryd Roughead,7,3,6,60.0,1,0,2,3,0,96,2010,Round 20,2010-08-15,5055
Hawthorn,Brendan Whitecross,6,4,6,60.0,0,0,0,1,0,77,2010,Round 20,2010-08-15,5055
Hawthorn,Stephen Gilham,2,5,7,100.0,2,0,0,6,1,93,2010,Round 20,2010-08-15,5055
Melbourne,Cameron Bruce,9,18,19,73.1,0,2,0,1,2,81,2010,Round 20,2010-08-15,5055
Melbourne,Colin Sylvia,11,11,15,60.0,0,0,0,2,0,86,2010,Round 20,2010-08-15,5055
Melbourne,Nathan Jones,6,15,18,78.3,0,0,0,2,1,75,2010,Round 20,2010-08-15,5055
Melbourne,Rohan Bail,10,11,15,71.4,0,0,0,5,0,87,2010,Round 20,2010-08-15,5055
Melbourne,Clint Bartram,4,15,12,60.0,0,0,0,2,1,89,2010,Round 20,2010-08-15,5055
Melbourne,James Mcdonald,14,5,11,57.9,0,0,0,2,1,83,2010,Round 20,2010-08-15,5055
Melbourne,Tom Scully,3,16,14,73.7,0,0,0,1,2,88,2010,Round 20,2010-08-15,5055
Melbourne,Joel Macdonald,3,12,17,94.4,1,0,0,7,0,92,2010,Round 20,2010-08-15,5055
Melbourne,Jordie Mckenzie,13,5,9,52.9,0,0,0,1,0,71,2010,Round 20,2010-08-15,5055
Melbourne,James Frawley,6,10,15,93.8,1,0,0,6,1,96,2010,Round 20,2010-08-15,5055
Melbourne,Mark Jamar,10,2,12,85.7,4,0,2,4,0,81,2010,Round 20,2010-08-15,5055
Melbourne,Jack Trengove,4,10,10,71.4,0,0,0,0,0,76,2010,Round 20,2010-08-15,5055
Melbourne,Colin Garland,3,9,8,61.5,1,1,0,4,0,96,2010,Round 20,2010-08-15,5055
Melbourne,Brad Green,2,9,9,81.8,1,1,2,1,0,98,2010,Round 20,2010-08-15,5055
Melbourne,Austin Wonaeamirri,2,7,6,60.0,0,1,0,2,0,83,2010,Round 20,2010-08-15,5055
Melbourne,Paul Johnson,4,3,5,55.6,0,0,0,2,0,68,2010,Round 20,2010-08-15,5055
Melbourne,Jared Rivers,3,6,6,66.7,1,1,0,11,0,99,2010,Round 20,2010-08-15,5055
Melbourne,Jamie Bennell,6,3,8,88.9,0,0,0,2,0,85,2010,Round 20,2010-08-15,5055
Melbourne,Liam Jurrah,4,3,6,75.0,0,0,1,1,0,74,2010,Round 20,2010-08-15,5055
Melbourne,Jack Watts,3,1,5,83.3,0,0,0,1,0,86,2010,Round 20,2010-08-15,5055
Melbourne,Lynden Dunn,2,2,3,75.0,1,1,1,1,1,87,2010,Round 20,2010-08-15,5055
Melbourne,Aaron Davey,1,2,3,100.0,0,0,0,0,0,21,2010,Round 20,2010-08-15,5055
North Melbourne,Brady Rawlings,9,21,25,83.3,0,0,0,1,0,95,2010,Round 20,2010-08-15,5056
North Melbourne,Nathan Grima,2,26,20,76.9,0,0,0,8,1,100,2010,Round 20,2010-08-15,5056
North Melbourne,Daniel Wells,5,18,18,78.3,0,0,0,6,0,91,2010,Round 20,2010-08-15,5056
North Melbourne,Scott Thompson 1,6,16,17,73.9,1,0,0,3,0,100,2010,Round 20,2010-08-15,5056
North Melbourne,Daniel Pratt,4,17,16,72.7,0,0,0,1,0,82,2010,Round 20,2010-08-15,5056
North Melbourne,Leigh Harding,8,10,16,76.2,0,0,0,1,2,77,2010,Round 20,2010-08-15,5056
North Melbourne,Ryan Bastinac,4,17,17,81.0,0,0,0,0,0,74,2010,Round 20,2010-08-15,5056
North Melbourne,Brent Harvey,9,10,14,70.0,0,1,0,0,2,92,2010,Round 20,2010-08-15,5056
North Melbourne,Hamish Mcintosh,11,8,12,63.2,2,0,0,3,0,78,2010,Round 20,2010-08-15,5056
North Melbourne,Lachlan Hansen,8,11,13,68.4,2,0,5,3,0,92,2010,Round 20,2010-08-15,5056
North Melbourne,Scott Mcmahon,4,12,13,72.2,0,0,0,3,0,75,2010,Round 20,2010-08-15,5056
North Melbourne,Leigh Adams,2,15,12,70.6,0,0,1,2,0,63,2010,Round 20,2010-08-15,5056
North Melbourne,Levi Greenwood,9,8,11,64.7,0,1,0,0,0,79,2010,Round 20,2010-08-15,5056
North Melbourne,Ben Cunnington,5,10,13,86.7,0,0,0,0,0,62,2010,Round 20,2010-08-15,5056
North Melbourne,Andrew Swallow,8,6,9,64.3,0,0,1,1,1,73,2010,Round 20,2010-08-15,5056
North Melbourne,Michael Firrito,4,8,10,83.3,0,0,0,6,0,94,2010,Round 20,2010-08-15,5056
North Melbourne,Ben Warren,6,5,7,58.3,1,0,0,1,0,86,2010,Round 20,2010-08-15,5056
North Melbourne,Cruize Garlett,5,7,7,58.3,0,0,0,0,0,59,2010,Round 20,2010-08-15,5056
North Melbourne,Samuel Wright,4,7,7,58.3,1,0,1,0,0,77,2010,Round 20,2010-08-15,5056
North Melbourne,Aaron Edwards,1,8,5,55.6,0,0,1,0,0,86,2010,Round 20,2010-08-15,5056
North Melbourne,Lindsay Thomas,3,5,5,71.4,0,4,0,0,0,87,2010,Round 20,2010-08-15,5056
North Melbourne,Todd Goldstein,2,3,3,60.0,0,0,1,1,0,78,2010,Round 20,2010-08-15,5056
St Kilda,Brendon Goddard,8,27,30,81.1,1,1,0,3,4,87,2010,Round 20,2010-08-15,5056
St Kilda,Jason Gram,7,27,25,73.5,0,1,0,2,0,89,2010,Round 20,2010-08-15,5056
St Kilda,Lenny Hayes,8,19,15,57.7,0,1,1,0,0,76,2010,Round 20,2010-08-15,5056
St Kilda,Sam Gilbert,6,19,21,80.8,1,1,0,4,2,89,2010,Round 20,2010-08-15,5056
St Kilda,Stephen Milne,6,18,14,58.3,0,1,1,0,0,82,2010,Round 20,2010-08-15,5056
St Kilda,Sam Fisher,5,18,20,87.0,1,0,0,4,2,91,2010,Round 20,2010-08-15,5056
St Kilda,Jarryn Geary,6,17,21,91.3,0,1,0,1,0,85,2010,Round 20,2010-08-15,5056
St Kilda,Jason Blake,5,16,17,81.0,0,0,0,7,0,91,2010,Round 20,2010-08-15,5056
St Kilda,Nick Dal Santo,4,18,16,76.2,0,0,1,0,1,85,2010,Round 20,2010-08-15,5056
St Kilda,Adam Schneider,2,18,19,95.0,0,1,1,0,2,78,2010,Round 20,2010-08-15,5056
St Kilda,Clinton Jones,4,15,19,95.0,0,1,0,0,0,93,2010,Round 20,2010-08-15,5056
St Kilda,Nick Riewoldt,9,9,12,63.2,3,1,7,3,0,83,2010,Round 20,2010-08-15,5056
St Kilda,Leigh Montagna,6,14,14,77.8,0,2,0,1,0,83,2010,Round 20,2010-08-15,5056
St Kilda,James Gwilt,3,15,14,82.4,0,0,0,1,1,98,2010,Round 20,2010-08-15,5056
St Kilda,Brett Peake,7,10,12,75.0,0,1,1,0,0,73,2010,Round 20,2010-08-15,5056
St Kilda,Andrew Mcqualter,5,11,10,66.7,0,0,2,2,0,87,2010,Round 20,2010-08-15,5056
St Kilda,Robert Eddy,6,7,12,92.3,1,1,3,0,0,66,2010,Round 20,2010-08-15,5056
St Kilda,Farren Ray,3,9,8,66.7,0,0,0,3,0,92,2010,Round 20,2010-08-15,5056
St Kilda,Ben Mcevoy,6,5,8,72.7,0,0,0,3,0,72,2010,Round 20,2010-08-15,5056
St Kilda,Justin Koschitzke,4,4,5,62.5,3,0,3,1,0,84,2010,Round 20,2010-08-15,5056
St Kilda,Rhys Stanley,3,4,7,87.5,0,0,1,0,0,58,2010,Round 20,2010-08-15,5056
St Kilda,Sean Dempster,2,5,6,85.7,0,0,0,0,0,59,2010,Round 20,2010-08-15,5056
Geelong,Paul Chapman,12,23,28,84.8,0,0,0,2,1,74,2010,Round 21,2010-08-20,4969
Geelong,Joel Selwood,4,23,21,77.8,0,1,0,1,0,82,2010,Round 21,2010-08-20,4969
Geelong,Corey Enright,6,16,21,84.0,2,0,0,3,1,89,2010,Round 21,2010-08-20,4969
Geelong,Joshua Hunt,8,14,20,83.3,0,0,0,2,0,86,2010,Round 21,2010-08-20,4969
Geelong,James Bartel,6,17,18,78.3,0,0,1,1,0,87,2010,Round 21,2010-08-20,4969
Geelong,Gary Jnr Ablett,8,12,15,71.4,0,0,1,3,0,93,2010,Round 21,2010-08-20,4969
Geelong,Joel Corey,5,17,14,66.7,1,0,0,2,0,82,2010,Round 21,2010-08-20,4969
Geelong,James Kelly,5,18,18,85.7,0,0,0,1,0,84,2010,Round 21,2010-08-20,4969
Geelong,Matthew Scarlett,4,16,19,95.0,0,0,0,6,1,100,2010,Round 21,2010-08-20,4969
Geelong,Steve Johnson,6,13,14,73.7,0,1,1,3,0,84,2010,Round 21,2010-08-20,4969
Geelong,Darren Milburn,5,12,18,100.0,0,0,0,7,0,90,2010,Round 21,2010-08-20,4969
Geelong,Tom Hawkins,8,9,13,76.5,2,1,2,4,0,70,2010,Round 21,2010-08-20,4969
Geelong,David Wojcinski,1,15,9,56.2,0,0,0,0,2,79,2010,Round 21,2010-08-20,4969
Geelong,Harry Taylor,6,10,13,81.2,4,0,0,10,0,89,2010,Round 21,2010-08-20,4969
Geelong,Taylor Hunt,2,13,15,93.8,0,2,0,2,0,74,2010,Round 21,2010-08-20,4969
Geelong,Shannon Byrnes,6,10,12,80.0,0,0,0,2,0,74,2010,Round 21,2010-08-20,4969
Geelong,Travis Varcoe,3,12,11,78.6,0,1,2,1,1,82,2010,Round 21,2010-08-20,4969
Geelong,Mathew Stokes,3,9,7,53.8,0,0,1,0,0,76,2010,Round 21,2010-08-20,4969
Geelong,Cameron Mooney,5,7,4,33.3,4,3,4,1,0,86,2010,Round 21,2010-08-20,4969
Geelong,James Podsiadly,7,5,10,83.3,4,0,3,1,0,84,2010,Round 21,2010-08-20,4969
Geelong,Mark Blake,3,5,6,75.0,0,0,0,1,0,61,2010,Round 21,2010-08-20,4969
Geelong,Daniel Menzel,5,1,5,83.3,2,1,1,1,0,74,2010,Round 21,2010-08-20,4969
Carlton,Marc Murphy,10,20,22,73.3,0,1,0,0,3,85,2010,Round 21,2010-08-20,4969
Carlton,Andrew Carrazzo,14,14,25,89.3,1,0,0,1,0,91,2010,Round 21,2010-08-20,4969
Carlton,Bryce Gibbs,5,20,24,92.3,1,0,0,6,2,94,2010,Round 21,2010-08-20,4969
Carlton,Chris Judd,10,10,12,60.0,1,1,0,0,0,78,2010,Round 21,2010-08-20,4969
Carlton,Heath Scotland,4,17,16,80.0,0,1,0,0,1,83,2010,Round 21,2010-08-20,4969
Carlton,Mitch Robinson,3,17,14,70.0,0,0,1,2,1,84,2010,Round 21,2010-08-20,4969
Carlton,Shaun Grigg,4,15,12,63.2,1,2,1,2,0,87,2010,Round 21,2010-08-20,4969
Carlton,Kade Simpson,7,11,14,77.8,2,1,0,2,0,83,2010,Round 21,2010-08-20,4969
Carlton,Andrew Walker,6,11,14,82.4,0,0,0,1,0,82,2010,Round 21,2010-08-20,4969
Carlton,Dennis Armfield,6,8,9,60.0,1,0,0,2,1,84,2010,Round 21,2010-08-20,4969
Carlton,Jeff Gartlett,4,9,6,42.9,0,0,1,0,3,85,2010,Round 21,2010-08-20,4969
Carlton,Lachlan Henderson,7,6,10,76.9,0,0,3,1,0,90,2010,Round 21,2010-08-20,4969
Carlton,Sam Jacobs,6,6,9,75.0,1,0,0,0,0,56,2010,Round 21,2010-08-20,4969
Carlton,Richard Hadley,1,10,9,81.8,0,0,0,1,0,68,2010,Round 21,2010-08-20,4969
Carlton,Jarrad Waite,8,4,9,90.0,3,1,1,2,0,84,2010,Round 21,2010-08-20,4969
Carlton,Jordan Russell,4,6,9,90.0,0,0,0,3,0,84,2010,Round 21,2010-08-20,4969
Carlton,Edward Betts,6,4,8,80.0,1,1,0,1,0,87,2010,Round 21,2010-08-20,4969
Carlton,David Ellard,2,7,4,44.4,0,0,0,2,0,72,2010,Round 21,2010-08-20,4969
Carlton,Michael Jamison,1,7,6,75.0,0,0,0,9,1,93,2010,Round 21,2010-08-20,4969
Carlton,Marcus Davies,1,5,6,85.7,0,0,0,1,2,68,2010,Round 21,2010-08-20,4969
Carlton,Paul Bower,4,2,5,83.3,0,0,0,6,1,92,2010,Round 21,2010-08-20,4969
Carlton,Robert Warnock,2,4,4,66.7,0,0,1,2,0,69,2010,Round 21,2010-08-20,4969
St Kilda,Leigh Montagna,14,28,33,78.6,1,0,1,1,0,84,2010,Round 21,2010-08-21,4971
St Kilda,Nick Dal Santo,12,24,23,63.9,1,1,0,0,3,85,2010,Round 21,2010-08-21,4971
St Kilda,Brendon Goddard,9,19,23,79.3,2,1,0,0,0,91,2010,Round 21,2010-08-21,4971
St Kilda,Sam Gilbert,8,15,17,73.9,0,0,0,3,0,94,2010,Round 21,2010-08-21,4971
St Kilda,Brett Peake,7,14,16,80.0,0,0,1,0,1,87,2010,Round 21,2010-08-21,4971
St Kilda,Jason Gram,4,15,12,63.2,0,1,0,3,0,90,2010,Round 21,2010-08-21,4971
St Kilda,Nick Riewoldt,6,13,14,77.8,1,2,4,0,0,88,2010,Round 21,2010-08-21,4971
St Kilda,James Gwilt,4,12,15,88.2,1,0,0,1,0,87,2010,Round 21,2010-08-21,4971
St Kilda,Jarryn Geary,6,10,11,64.7,0,1,0,4,1,80,2010,Round 21,2010-08-21,4971
St Kilda,Farren Ray,3,13,12,75.0,1,1,0,1,0,90,2010,Round 21,2010-08-21,4971
St Kilda,Luke Miles,3,13,14,87.5,0,0,0,2,0,80,2010,Round 21,2010-08-21,4971
St Kilda,Stephen Milne,3,10,11,78.6,0,1,1,1,1,86,2010,Round 21,2010-08-21,4971
St Kilda,Sean Dempster,5,10,10,71.4,0,0,1,1,0,73,2010,Round 21,2010-08-21,4971
St Kilda,Justin Koschitzke,6,6,11,84.6,2,0,5,1,0,87,2010,Round 21,2010-08-21,4971
St Kilda,Sam Fisher,6,8,11,84.6,3,0,0,1,0,93,2010,Round 21,2010-08-21,4971
St Kilda,David Armitage,4,8,11,84.6,0,0,1,0,0,74,2010,Round 21,2010-08-21,4971
St Kilda,Ben Mcevoy,6,8,13,100.0,2,1,1,3,0,56,2010,Round 21,2010-08-21,4971
St Kilda,Jason Blake,4,7,8,66.7,0,1,0,4,0,95,2010,Round 21,2010-08-21,4971
St Kilda,Adam Schneider,3,8,9,81.8,0,1,0,1,0,80,2010,Round 21,2010-08-21,4971
St Kilda,Andrew Mcqualter,2,9,10,90.9,0,0,2,2,0,84,2010,Round 21,2010-08-21,4971
St Kilda,Adam Pattison,2,5,7,100.0,0,0,1,1,0,61,2010,Round 21,2010-08-21,4971
St Kilda,Nicholas Heyne,2,1,2,66.7,0,0,0,1,0,54,2010,Round 21,2010-08-21,4971
Richmond,Daniel Connors,3,23,20,76.9,0,0,0,2,0,79,2010,Round 21,2010-08-21,4971
Richmond,Brett Deledio,5,18,21,84.0,0,2,0,3,3,92,2010,Round 21,2010-08-21,4971
Richmond,Shane Edwards,9,15,22,88.0,1,1,0,0,0,77,2010,Round 21,2010-08-21,4971
Richmond,Trent Cotchin,11,11,13,59.1,1,0,1,0,0,74,2010,Round 21,2010-08-21,4971
Richmond,Shane Tuck,9,12,17,81.0,1,0,0,1,0,79,2010,Round 21,2010-08-21,4971
Richmond,Ben Cousins,5,16,16,80.0,0,0,0,2,0,51,2010,Round 21,2010-08-21,4971
Richmond,Mitch Morton,7,14,14,70.0,0,1,0,1,0,87,2010,Round 21,2010-08-21,4971
Richmond,Jack Riewoldt,7,10,13,76.5,2,1,6,3,0,99,2010,Round 21,2010-08-21,4971
Richmond,David Gourdis,4,11,12,75.0,0,0,0,9,0,97,2010,Round 21,2010-08-21,4971
Richmond,Jamie O Reilly,2,14,13,81.2,0,0,0,0,0,68,2010,Round 21,2010-08-21,4971
Richmond,Kelvin Moore,3,12,14,93.3,0,0,2,6,0,96,2010,Round 21,2010-08-21,4971
Richmond,Alex Rance,4,12,13,86.7,0,0,0,4,0,84,2010,Round 21,2010-08-21,4971
Richmond,Robin Nahas,3,13,14,93.3,0,0,0,1,0,76,2010,Round 21,2010-08-21,4971
Richmond,Dustin Martin,5,11,11,73.3,0,0,0,0,0,69,2010,Round 21,2010-08-21,4971
Richmond,Jake King,8,5,8,66.7,0,2,2,2,0,92,2010,Round 21,2010-08-21,4971
Richmond,Chris Newman,1,10,8,80.0,0,1,0,2,0,70,2010,Round 21,2010-08-21,4971
Richmond,Angus Graham,1,9,9,90.0,0,1,0,0,0,91,2010,Round 21,2010-08-21,4971
Richmond,Troy Taylor,2,8,9,90.0,0,0,1,2,0,91,2010,Round 21,2010-08-21,4971
Richmond,Jaydyn Post,3,6,7,77.8,0,0,1,2,0,80,2010,Round 21,2010-08-21,4971
Richmond,Will Thursfield,1,6,7,100.0,0,0,0,3,0,75,2010,Round 21,2010-08-21,4971
Richmond,Andrew Collins 1,3,4,6,85.7,1,0,0,4,0,82,2010,Round 21,2010-08-21,4971
Richmond,David Astbury,1,6,7,100.0,0,0,0,0,0,92,2010,Round 21,2010-08-21,4971
Hawthorn,Shaun Burgoyne,11,25,28,75.7,0,3,1,4,0,88,2010,Round 21,2010-08-21,4970
Hawthorn,Sam Mitchell,5,30,23,65.7,0,0,0,1,0,90,2010,Round 21,2010-08-21,4970
Hawthorn,Joshua Gibson,8,27,30,88.2,1,0,0,10,0,94,2010,Round 21,2010-08-21,4970
Hawthorn,Chance Bateman,1,28,24,82.8,0,3,1,1,0,82,2010,Round 21,2010-08-21,4970
Hawthorn,Jordan Lewis,8,20,24,85.7,0,1,3,2,0,86,2010,Round 21,2010-08-21,4970
Hawthorn,Brent Guerra,4,20,22,91.7,0,5,0,4,0,76,2010,Round 21,2010-08-21,4970
Hawthorn,Xavier Ellis,6,18,18,75.0,0,1,1,1,0,75,2010,Round 21,2010-08-21,4970
Hawthorn,Luke Hodge,11,12,16,69.6,1,1,0,2,1,61,2010,Round 21,2010-08-21,4970
Hawthorn,Brendan Whitecross,5,19,18,78.3,0,1,2,2,1,87,2010,Round 21,2010-08-21,4970
Hawthorn,Cyril Rioli,5,15,19,90.5,1,0,1,2,3,84,2010,Round 21,2010-08-21,4970
Hawthorn,Grant Birchall,2,18,14,70.0,0,0,0,2,0,48,2010,Round 21,2010-08-21,4970
Hawthorn,Campbell Brown,5,14,17,89.5,2,0,0,2,0,87,2010,Round 21,2010-08-21,4970
Hawthorn,Brad Sewell,7,13,16,84.2,0,1,1,0,0,83,2010,Round 21,2010-08-21,4970
Hawthorn,Michael Osborne,5,13,12,66.7,0,1,1,1,0,82,2010,Round 21,2010-08-21,4970
Hawthorn,Lance Franklin,10,7,12,70.6,0,0,0,2,1,90,2010,Round 21,2010-08-21,4970
Hawthorn,Carl Peterson,8,8,11,68.8,0,0,1,2,1,81,2010,Round 21,2010-08-21,4970
Hawthorn,Stephen Gilham,3,12,13,86.7,0,0,0,2,0,89,2010,Round 21,2010-08-21,4970
Hawthorn,Thomas Murphy,4,8,14,100.0,1,0,0,3,0,89,2010,Round 21,2010-08-21,4970
Hawthorn,Brent Renouf,10,5,9,69.2,2,0,0,2,0,78,2010,Round 21,2010-08-21,4970
Hawthorn,Benjamin Stratton,3,11,10,76.9,0,0,1,3,0,95,2010,Round 21,2010-08-21,4970
Hawthorn,Jarryd Roughead,1,11,8,66.7,0,0,5,3,0,89,2010,Round 21,2010-08-21,4970
Hawthorn,Wayde Skipper,7,3,5,50.0,0,3,0,2,0,65,2010,Round 21,2010-08-21,4970
Fremantle,Greg Broughton,17,14,24,80.0,0,0,0,2,0,84,2010,Round 21,2010-08-21,4970
Fremantle,Michael Johnson,8,15,15,62.5,2,1,2,2,0,87,2010,Round 21,2010-08-21,4970
Fremantle,Michael Walters,8,13,14,63.6,0,2,0,3,1,88,2010,Round 21,2010-08-21,4970
Fremantle,Kepler Bradley,5,16,17,81.0,0,0,0,2,0,85,2010,Round 21,2010-08-21,4970
Fremantle,Paul Duffield,3,15,17,81.0,1,0,0,3,4,90,2010,Round 21,2010-08-21,4970
Fremantle,Rhys Palmer,9,13,15,71.4,0,1,0,1,1,74,2010,Round 21,2010-08-21,4970
Fremantle,Nicholas Suban,4,14,14,77.8,1,0,0,3,0,86,2010,Round 21,2010-08-21,4970
Fremantle,Matthew Deboer,9,9,11,61.1,0,0,0,1,1,79,2010,Round 21,2010-08-21,4970
Fremantle,Steven Dodd,4,10,9,60.0,0,0,0,5,1,84,2010,Round 21,2010-08-21,4970
Fremantle,Garrick Ibbotson,4,12,10,66.7,0,0,0,2,0,91,2010,Round 21,2010-08-21,4970
Fremantle,Clayton Hinkley,3,11,10,66.7,0,0,0,2,1,74,2010,Round 21,2010-08-21,4970
Fremantle,Clancee Pearce,4,14,9,60.0,0,0,0,1,0,86,2010,Round 21,2010-08-21,4970
Fremantle,Dylan Roberton,7,7,13,86.7,0,0,0,2,0,70,2010,Round 21,2010-08-21,4970
Fremantle,Jay Van Berlo,8,7,11,78.6,1,0,0,2,0,88,2010,Round 21,2010-08-21,4970
Fremantle,Luke Mcpharlin,5,7,8,61.5,1,0,0,11,0,95,2010,Round 21,2010-08-21,4970
Fremantle,Zachary Clarke,4,8,10,83.3,0,0,0,1,0,89,2010,Round 21,2010-08-21,4970
Fremantle,Byron Schammer,2,9,8,80.0,0,0,0,2,0,81,2010,Round 21,2010-08-21,4970
Fremantle,Jesse Crichton,2,7,8,88.9,1,0,0,3,0,83,2010,Round 21,2010-08-21,4970
Fremantle,Justin Bollenhagen,5,4,3,33.3,0,0,1,0,0,84,2010,Round 21,2010-08-21,4970
Fremantle,Antoni Grover,3,5,7,87.5,0,0,0,8,0,96,2010,Round 21,2010-08-21,4970
Fremantle,Ryan Murphy,3,4,6,75.0,0,0,1,0,0,93,2010,Round 21,2010-08-21,4970
Fremantle,Tim Ruffles,1,2,2,66.7,0,0,0,0,0,11,2010,Round 21,2010-08-21,4970
Collingwood,Scott Pendlebury,10,20,20,66.7,0,0,0,2,0,79,2010,Round 21,2010-08-21,4972
Collingwood,Dane Swan,11,17,20,71.4,0,1,0,1,1,78,2010,Round 21,2010-08-21,4972
Collingwood,Steele Sidebottom,7,21,21,75.0,0,1,2,2,0,83,2010,Round 21,2010-08-21,4972
Collingwood,Dale Thomas,8,18,20,76.9,2,0,3,1,2,83,2010,Round 21,2010-08-21,4972
Collingwood,Alan Didak,7,15,18,75.0,0,2,0,0,1,69,2010,Round 21,2010-08-21,4972
Collingwood,Ben Johnson,5,16,20,90.9,0,0,1,1,0,69,2010,Round 21,2010-08-21,4972
Collingwood,Luke Ball,9,12,12,57.1,1,0,1,4,0,75,2010,Round 21,2010-08-21,4972
Collingwood,Darren Jolly,10,10,14,70.0,3,1,0,3,0,82,2010,Round 21,2010-08-21,4972
Collingwood,Sharrod Wellingham,6,14,12,60.0,2,0,1,2,0,62,2010,Round 21,2010-08-21,4972
Collingwood,Dayne Beams,6,13,14,73.7,1,0,1,0,0,70,2010,Round 21,2010-08-21,4972
Collingwood,Jarryd Blair,9,10,14,73.7,0,0,1,0,1,79,2010,Round 21,2010-08-21,4972
Collingwood,Brent Macaffer,4,13,12,70.6,2,0,1,0,0,89,2010,Round 21,2010-08-21,4972
Collingwood,Travis Cloke,8,8,8,50.0,3,0,6,1,0,91,2010,Round 21,2010-08-21,4972
Collingwood,Leigh Brown,6,8,9,64.3,0,0,0,5,0,82,2010,Round 21,2010-08-21,4972
Collingwood,Heath Shaw,2,10,10,71.4,0,0,0,2,0,69,2010,Round 21,2010-08-21,4972
Collingwood,Alan Toovey,7,7,9,64.3,0,0,0,3,0,91,2010,Round 21,2010-08-21,4972
Collingwood,Tyson Goldsack,2,11,8,57.1,0,0,1,3,2,88,2010,Round 21,2010-08-21,4972
Collingwood,Nick Maxwell,4,8,11,91.7,1,0,0,6,0,88,2010,Round 21,2010-08-21,4972
Collingwood,John Anthony,5,6,10,83.3,0,0,0,6,0,97,2010,Round 21,2010-08-21,4972
Collingwood,Nathan Brown,5,3,8,88.9,1,0,0,6,0,100,2010,Round 21,2010-08-21,4972
Collingwood,Chris Dawes,2,4,4,57.1,2,0,1,1,0,84,2010,Round 21,2010-08-21,4972
Collingwood,Heritier O Brien,2,3,4,80.0,0,0,0,1,2,93,2010,Round 21,2010-08-21,4972
Adelaide,Scott Thompson,7,22,24,82.8,0,0,0,0,0,81,2010,Round 21,2010-08-21,4972
Adelaide,Graham Johncock,6,20,22,81.5,0,0,0,1,2,82,2010,Round 21,2010-08-21,4972
Adelaide,Brent Reilly,6,15,14,66.7,0,1,0,2,2,85,2010,Round 21,2010-08-21,4972
Adelaide,Michael Doughty,7,13,11,55.0,1,0,0,3,0,86,2010,Round 21,2010-08-21,4972
Adelaide,Ben Rutten,3,16,15,75.0,0,0,0,9,3,100,2010,Round 21,2010-08-21,4972
Adelaide,Rory Sloane,11,9,15,75.0,2,0,0,1,1,83,2010,Round 21,2010-08-21,4972
Adelaide,Scott Stevens,5,13,16,84.2,1,0,1,9,0,100,2010,Round 21,2010-08-21,4972
Adelaide,Brad Symes,5,14,15,78.9,0,0,0,0,0,75,2010,Round 21,2010-08-21,4972
Adelaide,Nathan Van Berlo,3,16,13,68.4,0,1,1,2,1,82,2010,Round 21,2010-08-21,4972
Adelaide,Patrick Dangerfield,8,11,10,52.6,1,0,0,0,0,79,2010,Round 21,2010-08-21,4972
Adelaide,Richard Douglas,6,11,12,66.7,1,0,0,0,0,88,2010,Round 21,2010-08-21,4972
Adelaide,Jason Porplyzia,7,10,9,52.9,1,0,1,1,0,86,2010,Round 21,2010-08-21,4972
Adelaide,Chris Schmidt,6,8,9,64.3,0,0,0,1,0,84,2010,Round 21,2010-08-21,4972
Adelaide,David Mackay,5,9,10,71.4,0,0,0,0,0,76,2010,Round 21,2010-08-21,4972
Adelaide,Phil Davis,4,8,11,91.7,1,0,0,1,0,76,2010,Round 21,2010-08-21,4972
Adelaide,Ivan Maric,7,4,7,63.6,2,0,0,3,0,66,2010,Round 21,2010-08-21,4972
Adelaide,Taylor Walker,8,1,4,40.0,0,0,0,1,0,90,2010,Round 21,2010-08-21,4972
Adelaide,Ricky Henderson,5,4,3,33.3,1,0,1,1,0,81,2010,Round 21,2010-08-21,4972
Adelaide,Matthew Jaensch,4,5,7,77.8,0,1,1,1,0,75,2010,Round 21,2010-08-21,4972
Adelaide,Kurt Tippett,5,2,5,83.3,2,1,0,4,0,95,2010,Round 21,2010-08-21,4972
Adelaide,James Sellar,0,2,2,100.0,0,0,0,3,0,53,2010,Round 21,2010-08-21,4972
Adelaide,William Young,1,1,1,50.0,0,0,1,0,0,77,2010,Round 21,2010-08-21,4972
Sydney,Daniel Hannebery,9,19,18,66.7,0,0,1,0,1,90,2010,Round 21,2010-08-21,4973
Sydney,Adam Goodes,9,13,15,60.0,3,0,1,5,1,94,2010,Round 21,2010-08-21,4973
Sydney,Kieran Jack,9,16,18,72.0,0,1,0,2,0,84,2010,Round 21,2010-08-21,4973
Sydney,Tadhg Kennelly,3,14,17,77.3,0,0,0,3,2,82,2010,Round 21,2010-08-21,4973
Sydney,Ted Richards,9,14,17,77.3,0,0,0,7,0,90,2010,Round 21,2010-08-21,4973
Sydney,Jarrad Mcveigh,6,15,19,90.5,1,1,1,1,0,88,2010,Round 21,2010-08-21,4973
Sydney,Heath Grundy,4,19,17,81.0,0,0,0,1,6,93,2010,Round 21,2010-08-21,4973
Sydney,Jude Bolton,9,10,16,80.0,0,1,1,2,0,79,2010,Round 21,2010-08-21,4973
Sydney,Josh P  Kennedy,9,10,12,63.2,0,0,0,2,0,72,2010,Round 21,2010-08-21,4973
Sydney,Martin Mattner,6,9,15,93.8,1,2,0,7,1,78,2010,Round 21,2010-08-21,4973
Sydney,Brett Meredith,2,13,9,60.0,0,0,0,0,2,78,2010,Round 21,2010-08-21,4973
Sydney,Gary Rohan,5,11,12,80.0,1,1,0,2,4,70,2010,Round 21,2010-08-21,4973
Sydney,Trent Dennis Lane,6,8,11,73.3,1,1,3,1,0,94,2010,Round 21,2010-08-21,4973
Sydney,Paul Bevan,7,6,9,64.3,2,1,2,1,0,94,2010,Round 21,2010-08-21,4973
Sydney,Brett Kirk,6,7,11,84.6,2,2,3,2,0,79,2010,Round 21,2010-08-21,4973
Sydney,Rhyce Shaw,7,6,11,84.6,3,1,1,2,1,85,2010,Round 21,2010-08-21,4973
Sydney,Nick Smith 1,5,7,10,76.9,0,0,0,1,2,81,2010,Round 21,2010-08-21,4973
Sydney,Mike Pyke,8,5,11,84.6,2,0,1,1,0,76,2010,Round 21,2010-08-21,4973
Sydney,Nick Malceski,5,7,8,66.7,0,0,1,0,1,88,2010,Round 21,2010-08-21,4973
Sydney,Lewis Jetta,3,10,7,58.3,0,0,1,0,3,70,2010,Round 21,2010-08-21,4973
Sydney,Jesse White,2,3,4,80.0,0,0,2,4,0,84,2010,Round 21,2010-08-21,4973
Sydney,Shane Mumford,2,0,2,100.0,0,0,0,3,0,51,2010,Round 21,2010-08-21,4973
Western Bulldogs,Matthew Boyd,7,15,14,58.3,1,0,0,6,0,85,2010,Round 21,2010-08-21,4973
Western Bulldogs,Nathan Eagleton,5,10,8,47.1,0,0,1,1,0,91,2010,Round 21,2010-08-21,4973
Western Bulldogs,Ryan Hargrave,5,9,12,70.6,2,1,0,2,1,84,2010,Round 21,2010-08-21,4973
Western Bulldogs,Brian Harris,5,8,9,60.0,2,0,1,3,2,98,2010,Round 21,2010-08-21,4973
Western Bulldogs,Ben Hudson,12,5,8,53.3,0,0,0,4,0,75,2010,Round 21,2010-08-21,4973
Western Bulldogs,Ryan Griffen,10,6,7,46.7,0,0,0,0,0,83,2010,Round 21,2010-08-21,4973
Western Bulldogs,Liam Picken,7,9,6,40.0,0,1,0,1,0,95,2010,Round 21,2010-08-21,4973
Western Bulldogs,Mitchell Hahn,5,7,12,92.3,0,0,0,1,0,85,2010,Round 21,2010-08-21,4973
Western Bulldogs,Daniel Cross,11,3,10,76.9,1,1,0,1,0,89,2010,Round 21,2010-08-21,4973
Western Bulldogs,Callan Ward,7,5,8,61.5,0,1,0,1,1,80,2010,Round 21,2010-08-21,4973
Western Bulldogs,Robert Murphy,0,10,9,81.8,0,1,0,1,3,86,2010,Round 21,2010-08-21,4973
Western Bulldogs,Jarrod Harbrow,3,7,9,81.8,2,0,0,1,4,93,2010,Round 21,2010-08-21,4973
Western Bulldogs,Brodie Moles,2,7,8,80.0,0,0,0,0,0,82,2010,Round 21,2010-08-21,4973
Western Bulldogs,Barry Hall,5,3,6,66.7,1,1,1,0,0,93,2010,Round 21,2010-08-21,4973
Western Bulldogs,Lindsay Gilbee,2,6,8,88.9,1,0,0,4,0,89,2010,Round 21,2010-08-21,4973
Western Bulldogs,Tom Williams,0,8,6,66.7,0,0,0,2,0,81,2010,Round 21,2010-08-21,4973
Western Bulldogs,Dale Morris,3,6,5,55.6,1,0,0,3,0,88,2010,Round 21,2010-08-21,4973
Western Bulldogs,Jarrad Grant,3,6,6,66.7,2,0,4,1,1,92,2010,Round 21,2010-08-21,4973
Western Bulldogs,Daniel Giansiracusa,5,2,5,62.5,0,0,0,1,0,87,2010,Round 21,2010-08-21,4973
Western Bulldogs,Liam Jones,4,3,5,71.4,1,0,1,0,0,85,2010,Round 21,2010-08-21,4973
Western Bulldogs,Brad Johnson,2,4,5,83.3,0,1,0,1,0,56,2010,Round 21,2010-08-21,4973
Western Bulldogs,Adam Cooney,0,1,1,100.0,0,0,0,1,0,3,2010,Round 21,2010-08-21,4973
Port Adelaide,Domenic Cassisi,13,14,20,74.1,0,0,0,0,0,79,2010,Round 21,2010-08-22,4974
Port Adelaide,Kane Cornes,5,21,21,80.8,0,0,0,1,0,97,2010,Round 21,2010-08-22,4974
Port Adelaide,Travis Boak,8,14,13,59.1,0,1,0,1,1,81,2010,Round 21,2010-08-22,4974
Port Adelaide,Danyle Pearce,4,15,13,65.0,0,1,0,1,1,86,2010,Round 21,2010-08-22,4974
Port Adelaide,Matthew Broadbent,8,11,13,68.4,0,1,2,1,0,81,2010,Round 21,2010-08-22,4974
Port Adelaide,Matt Thomas,10,8,13,72.2,0,2,0,0,0,75,2010,Round 21,2010-08-22,4974
Port Adelaide,Dean Brogan,7,10,15,93.8,0,0,0,2,0,85,2010,Round 21,2010-08-22,4974
Port Adelaide,Jay Nash,6,9,14,87.5,0,0,0,4,1,88,2010,Round 21,2010-08-22,4974
Port Adelaide,David Rodan,9,6,10,66.7,0,1,0,1,14,83,2010,Round 21,2010-08-22,4974
Port Adelaide,Robert Gray,10,6,4,26.7,2,1,3,2,0,84,2010,Round 21,2010-08-22,4974
Port Adelaide,Alipate Carlile,5,7,13,92.9,2,0,0,5,1,86,2010,Round 21,2010-08-22,4974
Port Adelaide,Justin Westhoff,5,9,11,78.6,1,0,0,3,0,87,2010,Round 21,2010-08-22,4974
Port Adelaide,Jay Schulz,12,2,12,92.3,3,1,3,2,0,92,2010,Round 21,2010-08-22,4974
Port Adelaide,Danny Meyer,3,8,12,100.0,0,0,0,1,0,96,2010,Round 21,2010-08-22,4974
Port Adelaide,Paul Stewart,2,9,9,81.8,0,0,0,1,0,80,2010,Round 21,2010-08-22,4974
Port Adelaide,Cameron Hitchcock,5,6,5,45.5,0,0,0,0,0,83,2010,Round 21,2010-08-22,4974
Port Adelaide,Andrew Moore,2,8,7,70.0,0,0,0,6,0,87,2010,Round 21,2010-08-22,4974
Port Adelaide,Jackson Trengove,3,6,8,88.9,1,0,0,3,0,85,2010,Round 21,2010-08-22,4974
Port Adelaide,Nick Salter,3,3,5,62.5,0,0,0,2,0,72,2010,Round 21,2010-08-22,4974
Port Adelaide,Daniel Stewart,4,4,3,37.5,1,1,0,1,0,86,2010,Round 21,2010-08-22,4974
Port Adelaide,Troy Chaplin,4,3,5,83.3,0,0,0,3,0,95,2010,Round 21,2010-08-22,4974
Port Adelaide,Brett Ebert,0,1,1,100.0,0,0,0,0,0,13,2010,Round 21,2010-08-22,4974
Melbourne,Cameron Bruce,11,28,30,76.9,0,1,0,3,0,89,2010,Round 21,2010-08-22,4974
Melbourne,Brent Moloney,11,17,20,71.4,1,0,1,2,1,77,2010,Round 21,2010-08-22,4974
Melbourne,James Mcdonald,13,14,21,77.8,0,1,0,3,0,76,2010,Round 21,2010-08-22,4974
Melbourne,Tom Scully,6,21,20,74.1,0,0,1,0,6,85,2010,Round 21,2010-08-22,4974
Melbourne,Cale Morton,7,18,16,64.0,2,0,2,1,3,86,2010,Round 21,2010-08-22,4974
Melbourne,Jordie Mckenzie,6,18,20,83.3,0,0,0,2,0,68,2010,Round 21,2010-08-22,4974
Melbourne,James Frawley,5,14,16,80.0,0,0,0,3,0,89,2010,Round 21,2010-08-22,4974
Melbourne,Jared Rivers,13,7,16,84.2,1,0,0,7,0,93,2010,Round 21,2010-08-22,4974
Melbourne,Nathan Jones,4,13,14,73.7,0,0,1,0,1,86,2010,Round 21,2010-08-22,4974
Melbourne,Michael Newton,6,9,9,56.2,0,1,2,2,0,72,2010,Round 21,2010-08-22,4974
Melbourne,Lynden Dunn,7,8,8,53.3,1,0,0,1,0,85,2010,Round 21,2010-08-22,4974
Melbourne,Matthew Warnock,2,11,12,85.7,0,0,1,5,0,84,2010,Round 21,2010-08-22,4974
Melbourne,Clint Bartram,7,7,7,50.0,0,0,1,1,0,84,2010,Round 21,2010-08-22,4974
Melbourne,Colin Garland,2,9,11,78.6,0,0,0,8,0,88,2010,Round 21,2010-08-22,4974
Melbourne,Jack Trengove,4,11,10,71.4,0,0,0,3,0,82,2010,Round 21,2010-08-22,4974
Melbourne,Brad Green,5,8,7,53.8,0,0,1,0,0,95,2010,Round 21,2010-08-22,4974
Melbourne,Rohan Bail,3,11,12,92.3,0,0,0,2,0,84,2010,Round 21,2010-08-22,4974
Melbourne,Liam Jurrah,8,3,10,90.9,3,0,2,1,3,73,2010,Round 21,2010-08-22,4974
Melbourne,Austin Wonaeamirri,3,6,4,44.4,0,0,2,2,0,81,2010,Round 21,2010-08-22,4974
Melbourne,Jack Watts,3,5,5,62.5,1,0,2,0,0,75,2010,Round 21,2010-08-22,4974
Melbourne,Jamie Bennell,2,5,3,42.9,1,1,2,0,1,72,2010,Round 21,2010-08-22,4974
Melbourne,Mark Jamar,4,1,4,80.0,0,0,0,2,0,77,2010,Round 21,2010-08-22,4974
Essendon,Leroy Jetta,13,13,18,69.2,0,1,0,0,2,76,2010,Round 21,2010-08-22,4975
Essendon,Cale Hooker,9,15,19,76.0,1,0,0,3,2,86,2010,Round 21,2010-08-22,4975
Essendon,Brent Stanton,6,16,15,71.4,1,0,1,3,1,83,2010,Round 21,2010-08-22,4975
Essendon,Courtenay Dempsey,7,14,14,70.0,0,1,0,1,1,85,2010,Round 21,2010-08-22,4975
Essendon,Stewart Crameri,11,8,7,36.8,1,0,0,0,0,75,2010,Round 21,2010-08-22,4975
Essendon,Jobe Watson,11,6,11,64.7,0,1,0,3,0,69,2010,Round 21,2010-08-22,4975
Essendon,Ben Howlett,8,9,13,76.5,1,0,1,0,1,78,2010,Round 21,2010-08-22,4975
Essendon,Brent Prismall,4,12,12,75.0,0,1,0,0,0,86,2010,Round 21,2010-08-22,4975
Essendon,David Hille,3,12,14,93.3,1,0,1,0,0,83,2010,Round 21,2010-08-22,4975
Essendon,David Myers,6,8,11,73.3,1,0,0,0,0,81,2010,Round 21,2010-08-22,4975
Essendon,Jake Melksham,6,7,8,57.1,0,1,0,1,2,65,2010,Round 21,2010-08-22,4975
Essendon,Jake Carlisle,6,9,10,71.4,4,0,1,0,0,85,2010,Round 21,2010-08-22,4975
Essendon,Marcus Marigliani,2,11,9,69.2,0,0,0,0,0,76,2010,Round 21,2010-08-22,4975
Essendon,Mark Mcveigh,4,8,8,72.7,0,0,0,2,0,91,2010,Round 21,2010-08-22,4975
Essendon,Heath Hocking,5,6,8,72.7,0,0,0,5,0,85,2010,Round 21,2010-08-22,4975
Essendon,Michael Hurley,9,3,7,63.6,0,0,0,10,0,91,2010,Round 21,2010-08-22,4975
Essendon,Michael Quinn,2,9,9,81.8,0,0,0,1,0,71,2010,Round 21,2010-08-22,4975
Essendon,Angus Monfries,6,5,6,60.0,0,0,0,2,0,91,2010,Round 21,2010-08-22,4975
Essendon,Henry Slattery,3,7,9,90.0,0,0,0,5,0,95,2010,Round 21,2010-08-22,4975
Essendon,Jay Neagle,4,5,3,33.3,0,0,1,0,0,85,2010,Round 21,2010-08-22,4975
Essendon,Kyle Hardingham,4,5,5,55.6,1,0,1,1,0,90,2010,Round 21,2010-08-22,4975
Essendon,Kyle Reimers,2,5,5,71.4,0,0,0,1,1,73,2010,Round 21,2010-08-22,4975
Brisbane Lions,Simon Black,9,21,21,67.7,0,0,0,2,0,74,2010,Round 21,2010-08-22,4975
Brisbane Lions,Luke Power,8,24,24,77.4,0,1,0,1,0,85,2010,Round 21,2010-08-22,4975
Brisbane Lions,Daniel Rich,9,24,21,70.0,1,1,0,1,0,72,2010,Round 21,2010-08-22,4975
Brisbane Lions,Michael Rischitelli,4,22,23,82.1,0,0,1,0,0,88,2010,Round 21,2010-08-22,4975
Brisbane Lions,Jonathan Brown,11,14,15,60.0,5,1,8,0,0,97,2010,Round 21,2010-08-22,4975
Brisbane Lions,Jack Redden,11,13,19,76.0,0,0,0,2,0,85,2010,Round 21,2010-08-22,4975
Brisbane Lions,Tom Rockliff,11,13,16,64.0,1,0,0,2,0,82,2010,Round 21,2010-08-22,4975
Brisbane Lions,Ashley Mcgrath,7,16,17,73.9,0,0,0,3,0,84,2010,Round 21,2010-08-22,4975
Brisbane Lions,Jared Brennan,11,10,11,55.0,2,0,1,1,0,80,2010,Round 21,2010-08-22,4975
Brisbane Lions,Brent Staker,5,14,16,84.2,0,0,0,3,4,97,2010,Round 21,2010-08-22,4975
Brisbane Lions,Matthew Leuenberger,6,13,14,73.7,0,0,0,2,0,80,2010,Round 21,2010-08-22,4975
Brisbane Lions,Cheynee Stiller,6,11,15,88.2,0,0,0,4,0,85,2010,Round 21,2010-08-22,4975
Brisbane Lions,Pearce Hanley,5,11,13,76.5,0,0,0,2,0,77,2010,Round 21,2010-08-22,4975
Brisbane Lions,Jed Adcock,6,11,12,75.0,0,0,1,4,0,88,2010,Round 21,2010-08-22,4975
Brisbane Lions,Joel Patfull,6,8,12,85.7,1,0,0,9,0,85,2010,Round 21,2010-08-22,4975
Brisbane Lions,Justin Sherman,4,9,11,84.6,0,0,1,1,6,87,2010,Round 21,2010-08-22,4975
Brisbane Lions,James Polkinghorne,2,11,11,84.6,1,1,1,1,0,88,2010,Round 21,2010-08-22,4975
Brisbane Lions,Mitchell Clark,4,8,8,72.7,1,2,2,1,0,84,2010,Round 21,2010-08-22,4975
Brisbane Lions,Daniel Merrett,4,6,9,90.0,1,0,0,7,0,97,2010,Round 21,2010-08-22,4975
Brisbane Lions,Ryan Harwood,5,4,7,70.0,0,2,0,0,0,72,2010,Round 21,2010-08-22,4975
Brisbane Lions,Todd Banfield,4,3,6,75.0,0,0,2,0,0,71,2010,Round 21,2010-08-22,4975
Brisbane Lions,Troy Selwood,5,2,6,85.7,0,0,0,1,0,40,2010,Round 21,2010-08-22,4975
West Coast,Andrew Embley,5,27,27,81.8,1,1,0,2,1,84,2010,Round 21,2010-08-22,4976
West Coast,Dean Cox,15,13,15,53.6,0,0,0,1,0,78,2010,Round 21,2010-08-22,4976
West Coast,Bradley Ebert,7,17,17,68.0,1,1,1,1,2,78,2010,Round 21,2010-08-22,4976
West Coast,Matthew Rosa,5,20,19,79.2,0,0,0,1,0,88,2010,Round 21,2010-08-22,4976
West Coast,Scott Selwood,5,15,17,77.3,0,1,1,0,0,79,2010,Round 21,2010-08-22,4976
West Coast,Shannon Hurn,4,16,18,90.0,0,0,0,2,0,76,2010,Round 21,2010-08-22,4976
West Coast,Beau Waters,2,15,18,94.7,0,0,0,5,0,87,2010,Round 21,2010-08-22,4976
West Coast,Eric Mackenzie,3,15,17,89.5,0,0,0,12,0,93,2010,Round 21,2010-08-22,4976
West Coast,Luke Shuey,2,16,13,68.4,0,2,0,0,3,81,2010,Round 21,2010-08-22,4976
West Coast,Ashley Smith,2,17,15,83.3,0,0,1,1,1,68,2010,Round 21,2010-08-22,4976
West Coast,Chris Masten,4,13,12,75.0,0,0,0,0,0,78,2010,Round 21,2010-08-22,4976
West Coast,Patrick Mcginnity,7,8,15,93.8,0,1,0,3,0,81,2010,Round 21,2010-08-22,4976
West Coast,Mark Lecras,4,9,7,50.0,0,0,0,2,0,93,2010,Round 21,2010-08-22,4976
West Coast,Matthew Spangher,8,5,13,92.9,1,0,0,8,1,94,2010,Round 21,2010-08-22,4976
West Coast,Jordan Jones,8,6,11,84.6,1,0,0,2,0,73,2010,Round 21,2010-08-22,4976
West Coast,Koby Stevens,6,8,12,92.3,1,0,0,4,0,71,2010,Round 21,2010-08-22,4976
West Coast,Andrew Strijk,3,10,10,76.9,0,0,0,1,0,86,2010,Round 21,2010-08-22,4976
West Coast,Ashton Hams,6,7,12,92.3,0,3,0,2,0,84,2010,Round 21,2010-08-22,4976
West Coast,Will Schofield,3,6,7,58.3,0,0,0,7,1,92,2010,Round 21,2010-08-22,4976
West Coast,Joshua Kennedy,5,5,6,66.7,2,0,1,0,0,82,2010,Round 21,2010-08-22,4976
West Coast,Callum Wilson,4,5,5,55.6,2,0,6,1,0,90,2010,Round 21,2010-08-22,4976
West Coast,Nicholas Naitanui,7,2,8,88.9,0,0,0,0,0,66,2010,Round 21,2010-08-22,4976
North Melbourne,Brady Rawlings,5,23,24,85.7,0,1,0,1,0,98,2010,Round 21,2010-08-22,4976
North Melbourne,Andrew Swallow,14,13,23,85.2,0,0,1,1,2,78,2010,Round 21,2010-08-22,4976
North Melbourne,Brent Harvey,4,20,20,76.9,0,2,0,0,6,88,2010,Round 21,2010-08-22,4976
North Melbourne,Daniel Wells,10,11,16,69.6,0,0,0,3,0,92,2010,Round 21,2010-08-22,4976
North Melbourne,Ryan Bastinac,6,16,19,86.4,0,1,0,1,1,69,2010,Round 21,2010-08-22,4976
North Melbourne,Michael Firrito,6,15,18,85.7,2,0,0,3,1,93,2010,Round 21,2010-08-22,4976
North Melbourne,Scott Thompson 1,6,13,19,90.5,2,0,0,11,1,93,2010,Round 21,2010-08-22,4976
North Melbourne,Cruize Garlett,7,13,16,80.0,0,0,0,1,0,65,2010,Round 21,2010-08-22,4976
North Melbourne,Leigh Harding,4,13,13,72.2,0,0,1,3,1,78,2010,Round 21,2010-08-22,4976
North Melbourne,Scott Mcmahon,6,8,13,76.5,1,0,0,5,1,97,2010,Round 21,2010-08-22,4976
North Melbourne,Levi Greenwood,7,10,13,76.5,0,0,0,1,5,79,2010,Round 21,2010-08-22,4976
North Melbourne,Samuel Wright,7,10,9,56.2,0,0,2,2,0,82,2010,Round 21,2010-08-22,4976
North Melbourne,Marcus White,2,14,11,68.8,0,0,0,1,0,65,2010,Round 21,2010-08-22,4976
North Melbourne,Nathan Grima,5,10,11,73.3,1,0,0,3,1,97,2010,Round 21,2010-08-22,4976
North Melbourne,Daniel Pratt,4,9,12,85.7,0,1,0,5,2,82,2010,Round 21,2010-08-22,4976
North Melbourne,Aaron Edwards,6,8,9,64.3,1,3,3,0,0,94,2010,Round 21,2010-08-22,4976
North Melbourne,Ben Cunnington,9,6,11,78.6,0,0,0,1,0,69,2010,Round 21,2010-08-22,4976
North Melbourne,Hamish Mcintosh,9,4,9,69.2,3,0,1,1,0,72,2010,Round 21,2010-08-22,4976
North Melbourne,Ben Warren,3,11,10,76.9,0,0,0,0,1,83,2010,Round 21,2010-08-22,4976
North Melbourne,Leigh Adams,5,8,10,76.9,1,1,0,0,0,53,2010,Round 21,2010-08-22,4976
North Melbourne,Lachlan Hansen,2,7,6,60.0,1,0,1,5,0,86,2010,Round 21,2010-08-22,4976
North Melbourne,David Hale,3,2,3,60.0,1,1,1,1,0,86,2010,Round 21,2010-08-22,4976
Fremantle,Matthew Pavlich,14,11,19,76.0,1,1,1,0,0,93,2010,Round 22,2010-08-27,5131
Fremantle,Stephen Hill,12,13,20,80.0,2,0,1,3,4,82,2010,Round 22,2010-08-27,5131
Fremantle,Michael Johnson,11,13,20,87.0,1,0,1,1,0,89,2010,Round 22,2010-08-27,5131
Fremantle,David Mundy,10,13,15,65.2,1,0,0,1,1,75,2010,Round 22,2010-08-27,5131
Fremantle,Adam Mcphee,8,12,14,66.7,1,0,1,1,0,86,2010,Round 22,2010-08-27,5131
Fremantle,Garrick Ibbotson,6,17,15,71.4,2,0,0,3,0,93,2010,Round 22,2010-08-27,5131
Fremantle,Greg Broughton,3,17,16,76.2,0,0,0,1,2,84,2010,Round 22,2010-08-27,5131
Fremantle,Aaron Sandilands,17,3,14,70.0,1,0,0,5,0,84,2010,Round 22,2010-08-27,5131
Fremantle,Anthony Morabito,6,12,10,55.6,0,0,0,3,0,62,2010,Round 22,2010-08-27,5131
Fremantle,Nathan Fyfe,9,10,10,55.6,2,1,0,2,0,78,2010,Round 22,2010-08-27,5131
Fremantle,Jay Van Berlo,6,11,6,35.3,0,0,0,2,0,78,2010,Round 22,2010-08-27,5131
Fremantle,Roger Hayden,3,11,11,78.6,1,1,0,6,0,85,2010,Round 22,2010-08-27,5131
Fremantle,Luke Mcpharlin,7,6,13,92.9,1,0,0,3,0,95,2010,Round 22,2010-08-27,5131
Fremantle,Christopher Mayne,4,10,9,64.3,1,2,3,2,0,82,2010,Round 22,2010-08-27,5131
Fremantle,Paul Duffield,4,8,9,69.2,0,0,0,4,0,87,2010,Round 22,2010-08-27,5131
Fremantle,Hayden Ballantyne,6,7,10,76.9,1,1,1,1,0,86,2010,Round 22,2010-08-27,5131
Fremantle,Paul Hasleby,6,6,8,66.7,2,0,1,2,0,73,2010,Round 22,2010-08-27,5131
Fremantle,Dylan Roberton,3,8,6,50.0,1,0,1,2,1,61,2010,Round 22,2010-08-27,5131
Fremantle,Michael Walters,6,5,6,54.5,0,0,0,1,1,77,2010,Round 22,2010-08-27,5131
Fremantle,Matthew Deboer,4,7,8,72.7,0,1,1,2,0,84,2010,Round 22,2010-08-27,5131
Fremantle,Antoni Grover,4,6,8,80.0,1,0,0,2,0,93,2010,Round 22,2010-08-27,5131
Fremantle,Nicholas Suban,2,8,9,90.0,0,0,0,1,0,72,2010,Round 22,2010-08-27,5131
Carlton,Chris Judd,16,14,22,73.3,0,0,0,2,0,85,2010,Round 22,2010-08-27,5131
Carlton,Marc Murphy,13,18,24,80.0,0,2,0,2,2,83,2010,Round 22,2010-08-27,5131
Carlton,Bryce Gibbs,10,11,12,50.0,4,1,0,2,0,93,2010,Round 22,2010-08-27,5131
Carlton,Shaun Grigg,7,17,18,75.0,1,0,1,2,1,80,2010,Round 22,2010-08-27,5131
Carlton,Kade Simpson,6,14,12,63.2,1,0,0,1,5,87,2010,Round 22,2010-08-27,5131
Carlton,Paul Bower,7,12,14,73.7,1,0,0,6,2,92,2010,Round 22,2010-08-27,5131
Carlton,Heath Scotland,7,11,15,83.3,0,1,0,3,0,86,2010,Round 22,2010-08-27,5131
Carlton,Mitch Robinson,10,8,14,77.8,0,1,0,1,1,88,2010,Round 22,2010-08-27,5131
Carlton,Christopher Yarran,7,10,13,76.5,0,1,0,0,4,79,2010,Round 22,2010-08-27,5131
Carlton,Dennis Armfield,4,11,12,80.0,1,0,0,4,1,83,2010,Round 22,2010-08-27,5131
Carlton,David Ellard,8,8,12,80.0,1,0,0,2,1,76,2010,Round 22,2010-08-27,5131
Carlton,Jeff Gartlett,8,9,9,60.0,1,0,2,3,1,90,2010,Round 22,2010-08-27,5131
Carlton,Jarrad Waite,5,10,7,50.0,1,0,3,4,0,91,2010,Round 22,2010-08-27,5131
Carlton,Jordan Russell,3,10,11,78.6,1,0,0,3,0,91,2010,Round 22,2010-08-27,5131
Carlton,Robert Warnock,4,8,7,58.3,1,0,0,1,0,79,2010,Round 22,2010-08-27,5131
Carlton,Edward Betts,2,8,7,63.6,0,2,2,1,0,91,2010,Round 22,2010-08-27,5131
Carlton,Michael Jamison,3,5,4,50.0,0,0,0,10,0,97,2010,Round 22,2010-08-27,5131
Carlton,Aaron Joseph,3,5,6,75.0,0,0,0,6,0,87,2010,Round 22,2010-08-27,5131
Carlton,Marcus Davies,2,5,5,71.4,0,0,0,2,0,76,2010,Round 22,2010-08-27,5131
Carlton,Shaun Hampson,4,2,3,50.0,0,0,0,5,0,69,2010,Round 22,2010-08-27,5131
Carlton,Lachlan Henderson,2,3,3,60.0,2,1,2,3,0,87,2010,Round 22,2010-08-27,5131
Carlton,Andrew Carrazzo,0,3,2,66.7,0,0,0,0,0,11,2010,Round 22,2010-08-27,5131
Geelong,Gary Jnr Ablett,15,18,24,72.7,2,2,2,0,1,90,2010,Round 22,2010-08-28,5132
Geelong,James Kelly,12,20,24,72.7,0,0,0,1,0,83,2010,Round 22,2010-08-28,5132
Geelong,Darren Milburn,4,25,26,83.9,2,0,1,2,2,83,2010,Round 22,2010-08-28,5132
Geelong,Joel Corey,3,25,19,67.9,0,3,0,0,2,89,2010,Round 22,2010-08-28,5132
Geelong,Andrew Mackie,8,22,23,82.1,0,0,0,2,0,91,2010,Round 22,2010-08-28,5132
Geelong,Mathew Stokes,8,18,21,80.8,1,0,0,2,1,79,2010,Round 22,2010-08-28,5132
Geelong,Paul Chapman,6,18,21,84.0,1,2,0,0,0,77,2010,Round 22,2010-08-28,5132
Geelong,Cameron Ling,4,21,20,80.0,0,0,0,1,1,95,2010,Round 22,2010-08-28,5132
Geelong,James Bartel,8,17,19,79.2,0,0,0,2,0,88,2010,Round 22,2010-08-28,5132
Geelong,Matthew Scarlett,4,18,20,90.9,0,0,0,7,2,90,2010,Round 22,2010-08-28,5132
Geelong,Travis Varcoe,8,14,13,59.1,0,0,0,3,1,81,2010,Round 22,2010-08-28,5132
Geelong,David Wojcinski,4,15,18,94.7,0,0,0,1,7,82,2010,Round 22,2010-08-28,5132
Geelong,Tom Hawkins,6,11,14,82.4,3,0,4,0,0,78,2010,Round 22,2010-08-28,5132
Geelong,Harry Taylor,3,14,15,88.2,0,0,0,7,0,88,2010,Round 22,2010-08-28,5132
Geelong,Steve Johnson,9,8,13,81.2,3,1,3,0,0,82,2010,Round 22,2010-08-28,5132
Geelong,Simon Hogan,5,10,11,73.3,0,0,0,2,2,83,2010,Round 22,2010-08-28,5132
Geelong,Brad Ottens,6,7,10,76.9,0,0,0,4,0,61,2010,Round 22,2010-08-28,5132
Geelong,Mark Blake,2,9,11,84.6,0,0,0,1,0,52,2010,Round 22,2010-08-28,5132
Geelong,Cameron Mooney,2,10,8,66.7,0,0,2,2,0,77,2010,Round 22,2010-08-28,5132
Geelong,Taylor Hunt,0,11,9,81.8,0,0,0,0,1,77,2010,Round 22,2010-08-28,5132
Geelong,Tom Lonergan,4,7,9,90.0,1,0,0,3,0,93,2010,Round 22,2010-08-28,5132
Geelong,Daniel Menzel,5,5,8,80.0,1,0,0,0,0,80,2010,Round 22,2010-08-28,5132
West Coast,Beau Waters,9,13,16,72.7,3,0,0,3,3,92,2010,Round 22,2010-08-28,5132
West Coast,Ashton Hams,10,12,15,68.2,0,0,2,0,0,90,2010,Round 22,2010-08-28,5132
West Coast,Luke Shuey,5,15,13,61.9,0,0,0,4,0,81,2010,Round 22,2010-08-28,5132
West Coast,Scott Selwood,10,10,16,80.0,0,0,0,1,0,81,2010,Round 22,2010-08-28,5132
West Coast,Andrew Embley,6,13,13,72.2,1,1,1,3,0,88,2010,Round 22,2010-08-28,5132
West Coast,Matthew Rosa,5,14,12,66.7,0,0,0,0,0,87,2010,Round 22,2010-08-28,5132
West Coast,Mark Lecras,3,15,14,77.8,0,0,1,1,1,88,2010,Round 22,2010-08-28,5132
West Coast,Chris Masten,2,15,12,70.6,1,0,0,0,0,63,2010,Round 22,2010-08-28,5132
West Coast,Nicholas Naitanui,12,6,12,70.6,1,1,0,2,0,63,2010,Round 22,2010-08-28,5132
West Coast,Shannon Hurn,2,13,13,81.2,0,0,0,7,0,90,2010,Round 22,2010-08-28,5132
West Coast,Andrew Strijk,6,9,4,26.7,2,1,3,1,1,88,2010,Round 22,2010-08-28,5132
West Coast,Bradley Ebert,5,9,7,50.0,0,0,0,2,0,80,2010,Round 22,2010-08-28,5132
West Coast,Dean Cox,6,7,13,100.0,0,0,0,3,0,77,2010,Round 22,2010-08-28,5132
West Coast,Koby Stevens,5,8,11,84.6,1,0,1,0,2,49,2010,Round 22,2010-08-28,5132
West Coast,Matthew Spangher,6,5,11,91.7,1,0,0,2,0,81,2010,Round 22,2010-08-28,5132
West Coast,Callum Wilson,8,4,7,58.3,2,0,4,1,0,87,2010,Round 22,2010-08-28,5132
West Coast,Ashley Smith,3,9,8,66.7,0,0,0,2,0,83,2010,Round 22,2010-08-28,5132
West Coast,Joshua Kennedy,6,6,7,63.6,1,0,1,2,0,91,2010,Round 22,2010-08-28,5132
West Coast,Patrick Mcginnity,4,7,8,72.7,0,2,0,2,0,75,2010,Round 22,2010-08-28,5132
West Coast,Eric Mackenzie,3,6,8,88.9,0,0,0,7,0,99,2010,Round 22,2010-08-28,5132
West Coast,Will Schofield,4,2,8,100.0,2,0,0,7,0,85,2010,Round 22,2010-08-28,5132
West Coast,Jordan Jones,2,6,4,50.0,0,0,0,2,0,82,2010,Round 22,2010-08-28,5132
Hawthorn,Sam Mitchell,9,22,20,66.7,0,1,0,1,0,85,2010,Round 22,2010-08-28,5133
Hawthorn,Jordan Lewis,5,21,20,74.1,0,0,0,0,0,83,2010,Round 22,2010-08-28,5133
Hawthorn,Cyril Rioli,11,16,16,59.3,0,0,0,2,0,87,2010,Round 22,2010-08-28,5133
Hawthorn,Shaun Burgoyne,12,10,14,63.6,1,0,0,3,0,80,2010,Round 22,2010-08-28,5133
Hawthorn,Xavier Ellis,10,11,18,85.7,2,0,1,1,0,76,2010,Round 22,2010-08-28,5133
Hawthorn,Brent Guerra,4,11,15,78.9,2,0,0,0,1,81,2010,Round 22,2010-08-28,5133
Hawthorn,Brad Sewell,11,8,12,63.2,0,1,0,1,0,81,2010,Round 22,2010-08-28,5133
Hawthorn,Thomas Murphy,6,10,15,88.2,0,0,0,4,0,87,2010,Round 22,2010-08-28,5133
Hawthorn,Chance Bateman,3,13,14,87.5,0,1,0,0,2,81,2010,Round 22,2010-08-28,5133
Hawthorn,Campbell Brown,3,13,14,87.5,0,0,0,3,0,82,2010,Round 22,2010-08-28,5133
Hawthorn,Stephen Gilham,4,8,13,81.2,0,0,0,6,0,94,2010,Round 22,2010-08-28,5133
Hawthorn,Benjamin Stratton,8,9,11,68.8,1,0,0,3,0,93,2010,Round 22,2010-08-28,5133
Hawthorn,Michael Osborne,6,9,9,60.0,1,1,0,1,0,79,2010,Round 22,2010-08-28,5133
Hawthorn,Clinton Young,2,13,13,86.7,0,0,0,3,6,79,2010,Round 22,2010-08-28,5133
Hawthorn,Lance Franklin,9,4,10,71.4,4,0,5,0,0,95,2010,Round 22,2010-08-28,5133
Hawthorn,Carl Peterson,7,6,8,66.7,1,2,1,0,0,68,2010,Round 22,2010-08-28,5133
Hawthorn,Brendan Whitecross,3,10,9,75.0,0,1,1,2,0,84,2010,Round 22,2010-08-28,5133
Hawthorn,Wayde Skipper,5,3,9,100.0,1,0,0,3,0,66,2010,Round 22,2010-08-28,5133
Hawthorn,Joshua Gibson,1,9,5,55.6,0,0,0,9,0,94,2010,Round 22,2010-08-28,5133
Hawthorn,Jarryd Roughead,5,2,4,57.1,0,0,0,0,0,94,2010,Round 22,2010-08-28,5133
Hawthorn,Rhan Hooper,1,2,4,100.0,0,0,0,1,0,80,2010,Round 22,2010-08-28,5133
Hawthorn,Brent Renouf,2,1,2,66.7,0,0,0,7,0,49,2010,Round 22,2010-08-28,5133
Collingwood,Dane Swan,11,22,17,50.0,0,0,0,0,1,83,2010,Round 22,2010-08-28,5133
Collingwood,Scott Pendlebury,12,13,17,70.8,2,2,0,0,1,73,2010,Round 22,2010-08-28,5133
Collingwood,Nick Maxwell,10,12,12,52.2,0,0,0,2,1,98,2010,Round 22,2010-08-28,5133
Collingwood,Dayne Beams,11,14,15,65.2,1,1,1,1,3,70,2010,Round 22,2010-08-28,5133
Collingwood,Sharrod Wellingham,11,9,15,71.4,0,0,0,1,3,70,2010,Round 22,2010-08-28,5133
Collingwood,Luke Ball,7,12,12,60.0,0,0,0,1,0,73,2010,Round 22,2010-08-28,5133
Collingwood,Heath Shaw,5,13,14,73.7,1,0,1,4,0,91,2010,Round 22,2010-08-28,5133
Collingwood,Travis Cloke,10,10,12,63.2,1,1,1,2,1,90,2010,Round 22,2010-08-28,5133
Collingwood,Brent Macaffer,9,10,14,73.7,0,1,1,0,0,80,2010,Round 22,2010-08-28,5133
Collingwood,Steele Sidebottom,6,11,13,76.5,1,0,0,4,0,71,2010,Round 22,2010-08-28,5133
Collingwood,Tyson Goldsack,7,6,13,81.2,0,0,0,2,0,85,2010,Round 22,2010-08-28,5133
Collingwood,Nathan Brown,5,8,11,73.3,0,1,0,8,1,97,2010,Round 22,2010-08-28,5133
Collingwood,Dale Thomas,3,10,9,64.3,0,0,0,2,0,78,2010,Round 22,2010-08-28,5133
Collingwood,Darren Jolly,7,7,9,69.2,3,0,4,2,0,74,2010,Round 22,2010-08-28,5133
Collingwood,Alan Toovey,4,9,11,84.6,0,0,0,3,0,89,2010,Round 22,2010-08-28,5133
Collingwood,Chris Dawes,7,5,10,76.9,3,0,3,5,0,92,2010,Round 22,2010-08-28,5133
Collingwood,Leon Davis,4,8,9,75.0,0,0,2,3,0,71,2010,Round 22,2010-08-28,5133
Collingwood,Heritier O Brien,5,4,12,100.0,0,0,0,3,4,97,2010,Round 22,2010-08-28,5133
Collingwood,Ben Reid,2,10,10,83.3,0,0,0,7,0,97,2010,Round 22,2010-08-28,5133
Collingwood,Jarryd Blair,6,5,8,66.7,0,2,1,2,0,79,2010,Round 22,2010-08-28,5133
Collingwood,John Mccarthy 1,4,7,7,63.6,0,1,0,1,0,70,2010,Round 22,2010-08-28,5133
Collingwood,Josh Fraser,4,3,4,57.1,2,0,0,1,0,72,2010,Round 22,2010-08-28,5133
Adelaide,Scott Thompson,9,29,32,86.5,0,1,0,1,0,83,2010,Round 22,2010-08-28,5129
Adelaide,Brodie Martin,6,22,23,82.1,0,1,0,1,3,87,2010,Round 22,2010-08-28,5129
Adelaide,Richard Douglas,7,19,21,77.8,0,0,1,1,0,83,2010,Round 22,2010-08-28,5129
Adelaide,Brent Reilly,5,19,17,70.8,0,0,0,1,1,86,2010,Round 22,2010-08-28,5129
Adelaide,Scott Stevens,7,16,19,82.6,2,0,0,5,0,98,2010,Round 22,2010-08-28,5129
Adelaide,Michael Doughty,2,21,22,95.7,0,0,0,1,0,90,2010,Round 22,2010-08-28,5129
Adelaide,Nathan Van Berlo,4,18,14,66.7,0,0,1,1,2,86,2010,Round 22,2010-08-28,5129
Adelaide,Matthew Jaensch,6,15,16,76.2,0,0,0,0,1,79,2010,Round 22,2010-08-28,5129
Adelaide,Patrick Dangerfield,8,10,11,57.9,0,1,1,3,2,86,2010,Round 22,2010-08-28,5129
Adelaide,Phil Davis,9,10,13,68.4,2,0,0,4,0,95,2010,Round 22,2010-08-28,5129
Adelaide,Graham Johncock,5,11,12,75.0,0,0,0,0,0,47,2010,Round 22,2010-08-28,5129
Adelaide,Ben Rutten,1,15,14,87.5,0,0,0,2,1,100,2010,Round 22,2010-08-28,5129
Adelaide,Brad Symes,5,11,13,81.2,0,0,0,1,0,58,2010,Round 22,2010-08-28,5129
Adelaide,Jason Porplyzia,3,11,12,80.0,0,1,3,0,0,89,2010,Round 22,2010-08-28,5129
Adelaide,David Mackay,6,9,13,86.7,0,1,0,0,1,76,2010,Round 22,2010-08-28,5129
Adelaide,Taylor Walker,7,6,11,78.6,2,1,3,1,0,93,2010,Round 22,2010-08-28,5129
Adelaide,Rory Sloane,5,9,12,92.3,1,1,1,1,0,80,2010,Round 22,2010-08-28,5129
Adelaide,Kurt Tippett,7,5,3,25.0,0,0,4,0,0,94,2010,Round 22,2010-08-28,5129
Adelaide,Chris Schmidt,5,7,12,100.0,0,0,0,1,0,94,2010,Round 22,2010-08-28,5129
Adelaide,Ivan Maric,2,7,9,90.0,0,0,0,6,0,63,2010,Round 22,2010-08-28,5129
Adelaide,James Sellar,3,3,3,50.0,0,0,0,3,0,50,2010,Round 22,2010-08-28,5129
Adelaide,Ricky Henderson,0,6,5,100.0,0,0,0,2,0,82,2010,Round 22,2010-08-28,5129
St Kilda,Brendon Goddard,6,29,25,71.4,2,0,0,2,0,87,2010,Round 22,2010-08-28,5129
St Kilda,Nick Dal Santo,8,23,27,79.4,0,0,1,0,1,83,2010,Round 22,2010-08-28,5129
St Kilda,Leigh Montagna,7,27,24,70.6,0,0,0,3,1,82,2010,Round 22,2010-08-28,5129
St Kilda,Lenny Hayes,4,28,23,71.9,0,0,0,1,1,77,2010,Round 22,2010-08-28,5129
St Kilda,Jason Blake,6,22,26,89.7,1,0,0,7,0,96,2010,Round 22,2010-08-28,5129
St Kilda,Jason Gram,2,22,22,84.6,0,1,0,1,1,82,2010,Round 22,2010-08-28,5129
St Kilda,James Gwilt,3,21,24,96.0,0,0,0,2,0,91,2010,Round 22,2010-08-28,5129
St Kilda,Brett Peake,3,20,20,87.0,0,0,0,1,0,77,2010,Round 22,2010-08-28,5129
St Kilda,Farren Ray,3,20,19,82.6,0,1,0,1,1,82,2010,Round 22,2010-08-28,5129
St Kilda,David Armitage,4,17,13,61.9,0,0,1,2,3,75,2010,Round 22,2010-08-28,5129
St Kilda,Clinton Jones,8,13,11,55.0,0,0,1,0,0,80,2010,Round 22,2010-08-28,5129
St Kilda,Ben Mcevoy,7,11,17,89.5,2,0,0,1,0,61,2010,Round 22,2010-08-28,5129
St Kilda,Nick Riewoldt,9,8,9,52.9,3,0,3,4,0,85,2010,Round 22,2010-08-28,5129
St Kilda,Sean Dempster,2,14,15,88.2,1,0,0,3,0,78,2010,Round 22,2010-08-28,5129
St Kilda,Luke Miles,5,12,15,88.2,0,0,0,6,0,93,2010,Round 22,2010-08-28,5129
St Kilda,Zac Dawson,5,11,14,87.5,0,0,0,7,0,97,2010,Round 22,2010-08-28,5129
St Kilda,Andrew Mcqualter,5,11,15,93.8,0,1,1,1,0,84,2010,Round 22,2010-08-28,5129
St Kilda,Sam Gilbert,6,10,13,81.2,1,0,0,4,2,93,2010,Round 22,2010-08-28,5129
St Kilda,Michael S  Gardiner,4,10,10,71.4,1,0,1,1,0,66,2010,Round 22,2010-08-28,5129
St Kilda,Sam Fisher,5,9,13,92.9,1,0,0,3,1,65,2010,Round 22,2010-08-28,5129
St Kilda,Jarryn Geary,3,9,8,72.7,0,0,0,1,0,81,2010,Round 22,2010-08-28,5129
St Kilda,Justin Koschitzke,5,5,7,70.0,0,0,1,1,0,84,2010,Round 22,2010-08-28,5129
Brisbane Lions,Tom Rockliff,5,18,18,72.0,0,0,0,2,0,80,2010,Round 22,2010-08-28,5130
Brisbane Lions,Brent Staker,4,17,20,90.9,0,0,0,5,1,89,2010,Round 22,2010-08-28,5130
Brisbane Lions,Simon Black,7,14,10,47.6,0,0,0,1,0,81,2010,Round 22,2010-08-28,5130
Brisbane Lions,Jared Brennan,6,14,13,65.0,1,0,1,2,0,86,2010,Round 22,2010-08-28,5130
Brisbane Lions,Jed Adcock,6,14,13,65.0,0,0,0,3,0,92,2010,Round 22,2010-08-28,5130
Brisbane Lions,Luke Power,9,9,14,73.7,1,0,0,1,3,91,2010,Round 22,2010-08-28,5130
Brisbane Lions,Pearce Hanley,6,11,13,76.5,0,0,0,1,0,84,2010,Round 22,2010-08-28,5130
Brisbane Lions,Jack Redden,7,8,11,68.8,1,0,1,3,0,88,2010,Round 22,2010-08-28,5130
Brisbane Lions,Ashley Mcgrath,4,8,10,66.7,0,0,0,2,3,78,2010,Round 22,2010-08-28,5130
Brisbane Lions,Matthew Leuenberger,4,13,7,46.7,0,1,0,3,1,75,2010,Round 22,2010-08-28,5130
Brisbane Lions,Daniel Rich,8,6,10,66.7,0,0,0,2,0,80,2010,Round 22,2010-08-28,5130
Brisbane Lions,Cheynee Stiller,6,8,8,57.1,1,0,0,3,0,84,2010,Round 22,2010-08-28,5130
Brisbane Lions,Michael Rischitelli,3,9,5,38.5,0,1,0,1,0,86,2010,Round 22,2010-08-28,5130
Brisbane Lions,Mitchell Clark,3,9,11,84.6,0,0,0,3,0,82,2010,Round 22,2010-08-28,5130
Brisbane Lions,Joel Patfull,6,7,9,69.2,0,0,1,2,1,90,2010,Round 22,2010-08-28,5130
Brisbane Lions,Daniel Merrett,5,6,8,66.7,2,0,0,11,2,86,2010,Round 22,2010-08-28,5130
Brisbane Lions,Albert Proud,2,9,6,60.0,0,0,0,0,0,76,2010,Round 22,2010-08-28,5130
Brisbane Lions,Tom Collier,5,5,8,80.0,0,0,0,3,1,73,2010,Round 22,2010-08-28,5130
Brisbane Lions,Ryan Harwood,3,7,9,90.0,0,0,0,1,0,59,2010,Round 22,2010-08-28,5130
Brisbane Lions,Justin Sherman,4,4,4,50.0,1,1,0,1,0,82,2010,Round 22,2010-08-28,5130
Brisbane Lions,James Polkinghorne,2,4,3,42.9,0,0,3,1,0,87,2010,Round 22,2010-08-28,5130
Brisbane Lions,Todd Banfield,4,1,3,60.0,0,1,0,0,0,71,2010,Round 22,2010-08-28,5130
Sydney,Nick Malceski,4,22,18,69.2,0,0,0,0,5,87,2010,Round 22,2010-08-28,5130
Sydney,Jarrad Mcveigh,8,18,18,69.2,1,1,1,1,0,83,2010,Round 22,2010-08-28,5130
Sydney,Kieran Jack,10,14,18,69.2,0,1,1,2,0,80,2010,Round 22,2010-08-28,5130
Sydney,Heath Grundy,4,19,16,64.0,0,0,0,7,3,93,2010,Round 22,2010-08-28,5130
Sydney,Josh P  Kennedy,10,14,20,83.3,0,1,1,0,0,77,2010,Round 22,2010-08-28,5130
Sydney,Ted Richards,5,17,22,95.7,0,0,0,1,1,88,2010,Round 22,2010-08-28,5130
Sydney,Martin Mattner,7,13,19,86.4,1,0,0,7,3,90,2010,Round 22,2010-08-28,5130
Sydney,Brett Kirk,7,13,17,85.0,0,1,0,2,0,83,2010,Round 22,2010-08-28,5130
Sydney,Jude Bolton,7,11,11,61.1,1,0,1,2,0,83,2010,Round 22,2010-08-28,5130
Sydney,Paul Bevan,5,13,14,77.8,0,2,0,3,1,87,2010,Round 22,2010-08-28,5130
Sydney,Ryan O Keefe,9,7,15,88.2,1,2,2,0,0,83,2010,Round 22,2010-08-28,5130
Sydney,Lewis Jetta,8,7,12,75.0,0,2,0,1,2,84,2010,Round 22,2010-08-28,5130
Sydney,Adam Goodes,9,7,10,66.7,3,0,0,1,0,96,2010,Round 22,2010-08-28,5130
Sydney,Jarred Moore,8,8,7,46.7,0,0,0,0,0,76,2010,Round 22,2010-08-28,5130
Sydney,Mike Pyke,10,5,11,73.3,1,0,1,0,0,75,2010,Round 22,2010-08-28,5130
Sydney,Gary Rohan,2,12,9,64.3,0,0,0,5,1,70,2010,Round 22,2010-08-28,5130
Sydney,Trent Dennis Lane,3,9,8,61.5,1,0,5,3,0,87,2010,Round 22,2010-08-28,5130
Sydney,Sam Reid 1,3,10,9,69.2,1,1,1,2,0,74,2010,Round 22,2010-08-28,5130
Sydney,Rhyce Shaw,3,7,8,80.0,0,1,0,1,1,90,2010,Round 22,2010-08-28,5130
Sydney,Brett Meredith,1,10,9,90.0,0,0,1,1,0,59,2010,Round 22,2010-08-28,5130
Sydney,Nick Smith 1,1,8,6,66.7,0,0,0,5,0,84,2010,Round 22,2010-08-28,5130
Sydney,Jesse White,3,3,5,83.3,1,0,0,1,1,70,2010,Round 22,2010-08-28,5130
Western Bulldogs,Matthew Boyd,8,22,21,63.6,0,0,1,0,0,91,2010,Round 22,2010-08-28,5136
Western Bulldogs,Daniel Cross,12,20,24,77.4,2,0,0,5,0,90,2010,Round 22,2010-08-28,5136
Western Bulldogs,Jarrod Harbrow,7,25,20,64.5,0,0,0,1,2,87,2010,Round 22,2010-08-28,5136
Western Bulldogs,Robert Murphy,5,24,22,78.6,0,1,0,1,8,86,2010,Round 22,2010-08-28,5136
Western Bulldogs,Callan Ward,9,18,21,80.8,0,1,0,0,2,77,2010,Round 22,2010-08-28,5136
Western Bulldogs,Daniel Giansiracusa,11,13,20,80.0,1,1,2,3,0,80,2010,Round 22,2010-08-28,5136
Western Bulldogs,Lindsay Gilbee,4,20,19,79.2,0,1,1,5,0,86,2010,Round 22,2010-08-28,5136
Western Bulldogs,Brian Harris,6,17,20,83.3,0,0,0,6,2,86,2010,Round 22,2010-08-28,5136
Western Bulldogs,Jarrad Grant,5,16,20,90.9,0,1,4,0,1,86,2010,Round 22,2010-08-28,5136
Western Bulldogs,Nathan Eagleton,3,14,15,83.3,0,1,1,0,0,77,2010,Round 22,2010-08-28,5136
Western Bulldogs,Ryan Hargrave,5,12,11,61.1,0,0,0,1,0,92,2010,Round 22,2010-08-28,5136
Western Bulldogs,Mitchell Hahn,3,14,14,82.4,0,0,0,4,0,88,2010,Round 22,2010-08-28,5136
Western Bulldogs,Andrejs Everitt,4,12,12,75.0,0,0,0,1,1,80,2010,Round 22,2010-08-28,5136
Western Bulldogs,Brodie Moles,9,7,13,81.2,0,1,0,0,2,82,2010,Round 22,2010-08-28,5136
Western Bulldogs,Ben Hudson,6,8,9,60.0,1,0,0,1,0,81,2010,Round 22,2010-08-28,5136
Western Bulldogs,Ryan Griffen,5,5,8,72.7,0,1,0,0,1,46,2010,Round 22,2010-08-28,5136
Western Bulldogs,Tom Williams,3,7,11,100.0,2,0,0,3,0,72,2010,Round 22,2010-08-28,5136
Western Bulldogs,Jordan Roughead,3,7,7,63.6,0,0,1,2,2,69,2010,Round 22,2010-08-28,5136
Western Bulldogs,Liam Jones,4,6,4,36.4,1,0,0,2,0,85,2010,Round 22,2010-08-28,5136
Western Bulldogs,Barry Hall,3,7,9,90.0,1,1,4,0,0,89,2010,Round 22,2010-08-28,5136
Western Bulldogs,Dylan Addison,4,4,8,80.0,1,1,1,3,1,87,2010,Round 22,2010-08-28,5136
Western Bulldogs,Liam Picken,4,4,5,71.4,1,0,0,0,0,83,2010,Round 22,2010-08-28,5136
Essendon,Leroy Jetta,10,21,21,67.7,0,0,0,1,1,78,2010,Round 22,2010-08-28,5136
Essendon,David Myers,9,20,20,69.0,1,0,0,3,0,98,2010,Round 22,2010-08-28,5136
Essendon,Ben Howlett,11,14,15,60.0,1,0,1,2,1,83,2010,Round 22,2010-08-28,5136
Essendon,Brent Prismall,7,17,20,87.0,1,0,1,1,0,79,2010,Round 22,2010-08-28,5136
Essendon,Heath Hocking,6,15,19,86.4,0,0,2,2,1,97,2010,Round 22,2010-08-28,5136
Essendon,Brent Stanton,3,17,14,66.7,0,0,0,2,2,93,2010,Round 22,2010-08-28,5136
Essendon,Angus Monfries,7,14,15,71.4,0,2,1,2,0,92,2010,Round 22,2010-08-28,5136
Essendon,Kyle Reimers,8,12,13,65.0,0,0,0,3,0,95,2010,Round 22,2010-08-28,5136
Essendon,David Hille,10,8,14,73.7,0,1,1,2,0,94,2010,Round 22,2010-08-28,5136
Essendon,Kyle Hardingham,8,12,13,68.4,2,2,1,2,3,88,2010,Round 22,2010-08-28,5136
Essendon,Jason Winderlich,9,7,12,70.6,0,1,0,1,0,81,2010,Round 22,2010-08-28,5136
Essendon,Stewart Crameri,8,9,12,70.6,1,0,0,3,0,83,2010,Round 22,2010-08-28,5136
Essendon,Henry Slattery,7,9,13,81.2,0,0,1,2,0,88,2010,Round 22,2010-08-28,5136
Essendon,Travis Colyer,3,13,9,60.0,0,0,3,2,0,83,2010,Round 22,2010-08-28,5136
Essendon,Patrick Ryder,7,6,10,71.4,1,2,0,2,0,97,2010,Round 22,2010-08-28,5136
Essendon,Courtenay Dempsey,6,8,9,69.2,2,0,0,1,2,73,2010,Round 22,2010-08-28,5136
Essendon,Michael Hurley,3,10,12,92.3,1,0,0,2,1,98,2010,Round 22,2010-08-28,5136
Essendon,Jake Melksham,2,12,9,69.2,0,0,0,0,1,76,2010,Round 22,2010-08-28,5136
Essendon,Marcus Marigliani,5,7,10,83.3,1,0,1,2,0,83,2010,Round 22,2010-08-28,5136
Essendon,Samuel Lonergan,5,3,3,37.5,0,0,0,1,0,52,2010,Round 22,2010-08-28,5136
Essendon,Jake Carlisle,5,3,5,62.5,2,0,1,1,0,83,2010,Round 22,2010-08-28,5136
Essendon,Cale Hooker,2,0,2,100.0,0,0,0,1,1,6,2010,Round 22,2010-08-28,5136
Richmond,Mitch Morton,9,19,21,75.0,0,0,1,0,1,78,2010,Round 22,2010-08-29,5135
Richmond,Shane Edwards,7,17,18,75.0,0,0,0,2,1,69,2010,Round 22,2010-08-29,5135
Richmond,Dustin Martin,7,17,16,66.7,0,0,0,1,0,79,2010,Round 22,2010-08-29,5135
Richmond,Brett Deledio,6,12,20,87.0,2,0,0,4,1,95,2010,Round 22,2010-08-29,5135
Richmond,Chris Newman,3,17,19,86.4,0,0,0,5,0,85,2010,Round 22,2010-08-29,5135
Richmond,Trent Cotchin,13,9,12,54.5,1,0,1,4,0,80,2010,Round 22,2010-08-29,5135
Richmond,Ben Cousins,7,15,16,76.2,0,0,0,0,0,50,2010,Round 22,2010-08-29,5135
Richmond,Robin Nahas,4,17,15,71.4,0,0,0,0,2,79,2010,Round 22,2010-08-29,5135
Richmond,Daniel Connors,4,16,17,85.0,0,1,0,2,1,83,2010,Round 22,2010-08-29,5135
Richmond,Shane Tuck,7,10,12,70.6,0,0,0,2,0,85,2010,Round 22,2010-08-29,5135
Richmond,Andrew Collins 1,3,13,12,75.0,0,0,1,1,1,81,2010,Round 22,2010-08-29,5135
Richmond,Jake King,7,8,11,73.3,1,2,4,1,2,93,2010,Round 22,2010-08-29,5135
Richmond,Matthew White,5,9,10,71.4,0,1,1,1,0,78,2010,Round 22,2010-08-29,5135
Richmond,Alex Rance,6,9,11,78.6,2,1,1,5,2,69,2010,Round 22,2010-08-29,5135
Richmond,Kelvin Moore,6,6,13,100.0,0,0,0,5,0,92,2010,Round 22,2010-08-29,5135
Richmond,Jaydyn Post,3,8,9,81.8,1,1,1,2,0,90,2010,Round 22,2010-08-29,5135
Richmond,Jamie O Reilly,2,9,8,72.7,0,0,0,2,1,66,2010,Round 22,2010-08-29,5135
Richmond,Angus Graham,3,5,6,66.7,0,2,1,11,0,88,2010,Round 22,2010-08-29,5135
Richmond,David Gourdis,2,7,7,77.8,0,0,0,3,1,98,2010,Round 22,2010-08-29,5135
Richmond,Jack Riewoldt,4,3,6,75.0,0,1,2,0,0,100,2010,Round 22,2010-08-29,5135
Richmond,Troy Taylor,2,6,4,50.0,1,0,2,0,0,86,2010,Round 22,2010-08-29,5135
Richmond,Dylan Grimes,2,3,5,100.0,0,0,0,2,0,77,2010,Round 22,2010-08-29,5135
Port Adelaide,Travis Boak,15,16,17,54.8,0,1,3,0,0,71,2010,Round 22,2010-08-29,5135
Port Adelaide,Kane Cornes,12,13,20,80.0,0,1,0,0,0,90,2010,Round 22,2010-08-29,5135
Port Adelaide,Justin Westhoff,8,14,15,68.2,1,0,2,4,0,87,2010,Round 22,2010-08-29,5135
Port Adelaide,Dean Brogan,11,10,15,71.4,2,0,2,2,0,82,2010,Round 22,2010-08-29,5135
Port Adelaide,David Rodan,6,15,13,65.0,0,0,1,1,3,72,2010,Round 22,2010-08-29,5135
Port Adelaide,Domenic Cassisi,10,10,11,61.1,1,0,0,0,0,73,2010,Round 22,2010-08-29,5135
Port Adelaide,Tom Logan,7,10,16,100.0,1,2,0,0,0,94,2010,Round 22,2010-08-29,5135
Port Adelaide,Danyle Pearce,4,11,12,85.7,0,0,0,0,0,71,2010,Round 22,2010-08-29,5135
Port Adelaide,Matt Thomas,5,9,8,57.1,0,0,1,0,0,72,2010,Round 22,2010-08-29,5135
Port Adelaide,Matthew Broadbent,6,8,9,64.3,0,0,0,2,0,65,2010,Round 22,2010-08-29,5135
Port Adelaide,Andrew Moore,2,11,11,84.6,0,0,0,1,0,88,2010,Round 22,2010-08-29,5135
Port Adelaide,Jay Nash,6,6,8,66.7,0,3,0,1,0,88,2010,Round 22,2010-08-29,5135
Port Adelaide,Troy Chaplin,6,7,9,75.0,0,0,0,4,0,100,2010,Round 22,2010-08-29,5135
Port Adelaide,Paul Stewart,1,11,11,91.7,0,0,2,1,0,77,2010,Round 22,2010-08-29,5135
Port Adelaide,Daniel Stewart,6,6,9,75.0,4,1,4,2,0,84,2010,Round 22,2010-08-29,5135
Port Adelaide,Jason Davenport,3,8,9,81.8,1,1,2,0,0,82,2010,Round 22,2010-08-29,5135
Port Adelaide,Danny Meyer,5,4,8,80.0,1,0,0,1,0,89,2010,Round 22,2010-08-29,5135
Port Adelaide,Alipate Carlile,5,5,7,70.0,0,0,0,7,0,100,2010,Round 22,2010-08-29,5135
Port Adelaide,Jackson Trengove,5,6,9,90.0,0,0,0,2,0,86,2010,Round 22,2010-08-29,5135
Port Adelaide,Jay Schulz,4,5,2,22.2,1,0,3,1,0,84,2010,Round 22,2010-08-29,5135
Port Adelaide,Robert Gray,2,6,7,87.5,0,2,3,0,2,75,2010,Round 22,2010-08-29,5135
Port Adelaide,Michael Pettigrew,2,4,6,85.7,0,1,0,2,0,70,2010,Round 22,2010-08-29,5135
Melbourne,Tom Scully,9,19,17,60.7,0,1,0,0,3,88,2010,Round 22,2010-08-29,5134
Melbourne,Cameron Bruce,7,19,23,88.5,1,0,0,4,0,88,2010,Round 22,2010-08-29,5134
Melbourne,James Mcdonald,11,15,21,80.8,0,1,0,3,0,75,2010,Round 22,2010-08-29,5134
Melbourne,Cale Morton,8,15,16,69.6,4,0,1,5,0,86,2010,Round 22,2010-08-29,5134
Melbourne,Colin Sylvia,5,18,15,68.2,0,3,0,1,4,89,2010,Round 22,2010-08-29,5134
Melbourne,James Frawley,3,15,19,95.0,0,0,0,7,1,96,2010,Round 22,2010-08-29,5134
Melbourne,Brent Moloney,6,13,10,52.6,0,0,0,1,0,80,2010,Round 22,2010-08-29,5134
Melbourne,Joel Macdonald,12,7,16,84.2,0,0,0,4,0,82,2010,Round 22,2010-08-29,5134
Melbourne,Brad Green,6,12,12,66.7,2,0,7,1,0,99,2010,Round 22,2010-08-29,5134
Melbourne,Lynden Dunn,6,9,11,64.7,4,1,1,0,0,86,2010,Round 22,2010-08-29,5134
Melbourne,Colin Garland,6,8,14,82.4,1,0,0,6,0,87,2010,Round 22,2010-08-29,5134
Melbourne,Jordie Mckenzie,5,11,12,70.6,0,1,0,1,0,65,2010,Round 22,2010-08-29,5134
Melbourne,Jack Trengove,6,9,12,80.0,1,1,1,2,0,75,2010,Round 22,2010-08-29,5134
Melbourne,Clint Bartram,2,11,10,76.9,0,0,0,1,2,90,2010,Round 22,2010-08-29,5134
Melbourne,Mark Jamar,7,5,8,66.7,1,0,0,3,0,85,2010,Round 22,2010-08-29,5134
Melbourne,Jack Watts,2,10,7,58.3,1,0,0,2,0,77,2010,Round 22,2010-08-29,5134
Melbourne,Liam Jurrah,7,5,9,75.0,1,1,3,3,1,85,2010,Round 22,2010-08-29,5134
Melbourne,Jared Rivers,6,4,8,80.0,4,0,0,8,0,96,2010,Round 22,2010-08-29,5134
Melbourne,Matthew Bate,7,3,8,80.0,2,0,2,3,0,92,2010,Round 22,2010-08-29,5134
Melbourne,Nathan Jones,2,7,8,88.9,0,0,0,0,0,57,2010,Round 22,2010-08-29,5134
Melbourne,Michael Newton,1,6,4,57.1,0,0,1,2,0,50,2010,Round 22,2010-08-29,5134
Melbourne,Austin Wonaeamirri,3,4,4,57.1,0,0,0,0,0,73,2010,Round 22,2010-08-29,5134
North Melbourne,Levi Greenwood,10,30,30,76.9,0,0,0,3,3,83,2010,Round 22,2010-08-29,5134
North Melbourne,Brady Rawlings,3,33,33,89.2,0,1,0,1,1,95,2010,Round 22,2010-08-29,5134
North Melbourne,Brent Harvey,4,25,24,80.0,1,0,2,1,7,92,2010,Round 22,2010-08-29,5134
North Melbourne,Scott Thompson 1,7,22,26,86.7,1,0,0,5,1,100,2010,Round 22,2010-08-29,5134
North Melbourne,Daniel Wells,11,17,22,84.6,0,0,0,3,5,87,2010,Round 22,2010-08-29,5134
North Melbourne,Andrew Swallow,14,11,18,72.0,0,0,0,2,0,79,2010,Round 22,2010-08-29,5134
North Melbourne,Michael Firrito,8,15,20,83.3,3,0,0,3,0,100,2010,Round 22,2010-08-29,5134
North Melbourne,Nathan Grima,4,16,18,90.0,1,0,0,6,0,100,2010,Round 22,2010-08-29,5134
North Melbourne,Cruize Garlett,9,11,17,85.0,0,0,0,3,0,62,2010,Round 22,2010-08-29,5134
North Melbourne,Hamish Mcintosh,6,12,13,72.2,0,0,0,2,0,84,2010,Round 22,2010-08-29,5134
North Melbourne,Daniel Pratt,5,13,16,88.9,0,0,0,8,0,85,2010,Round 22,2010-08-29,5134
North Melbourne,Ryan Bastinac,4,15,14,77.8,0,3,0,1,2,66,2010,Round 22,2010-08-29,5134
North Melbourne,Corey Jones,8,8,11,68.8,3,1,3,1,1,95,2010,Round 22,2010-08-29,5134
North Melbourne,Scott Mcmahon,2,12,14,87.5,0,0,0,6,1,100,2010,Round 22,2010-08-29,5134
North Melbourne,Matt Campbell,9,7,12,80.0,1,2,1,3,0,74,2010,Round 22,2010-08-29,5134
North Melbourne,Ben Cunnington,5,11,12,80.0,0,1,0,2,1,63,2010,Round 22,2010-08-29,5134
North Melbourne,Jamie Macmillan,3,10,7,53.8,0,0,0,2,0,65,2010,Round 22,2010-08-29,5134
North Melbourne,Ben Warren,5,7,7,58.3,1,2,0,0,0,84,2010,Round 22,2010-08-29,5134
North Melbourne,Aaron Edwards,5,6,7,63.6,1,0,1,1,0,98,2010,Round 22,2010-08-29,5134
North Melbourne,Todd Goldstein,4,7,8,72.7,1,0,1,1,1,87,2010,Round 22,2010-08-29,5134
North Melbourne,Samuel Wright,6,5,6,60.0,0,1,1,3,1,91,2010,Round 22,2010-08-29,5134
North Melbourne,Leigh Harding,0,6,6,100.0,0,0,0,0,0,12,2010,Round 22,2010-08-29,5134
Geelong,James Bartel,13,19,24,75.0,2,1,0,0,0,90,2010,Qualifying Final,2010-09-03,5137
Geelong,Paul Chapman,4,21,20,76.9,1,1,1,0,0,83,2010,Qualifying Final,2010-09-03,5137
Geelong,James Kelly,10,14,16,66.7,0,0,0,5,0,84,2010,Qualifying Final,2010-09-03,5137
Geelong,Darren Milburn,6,15,15,62.5,0,0,0,7,0,85,2010,Qualifying Final,2010-09-03,5137
Geelong,Joel Corey,9,13,17,77.3,0,1,0,3,0,86,2010,Qualifying Final,2010-09-03,5137
Geelong,Gary Jnr Ablett,13,9,13,61.9,0,0,0,1,0,96,2010,Qualifying Final,2010-09-03,5137
Geelong,Cameron Ling,6,11,12,63.2,1,0,1,0,0,80,2010,Qualifying Final,2010-09-03,5137
Geelong,Joel Selwood,8,11,9,47.4,0,1,0,0,0,81,2010,Qualifying Final,2010-09-03,5137
Geelong,Corey Enright,5,11,13,76.5,2,0,0,4,0,89,2010,Qualifying Final,2010-09-03,5137
Geelong,Andrew Mackie,4,12,9,52.9,0,0,0,2,0,65,2010,Qualifying Final,2010-09-03,5137
Geelong,Matthew Scarlett,7,9,14,87.5,3,0,0,6,0,98,2010,Qualifying Final,2010-09-03,5137
Geelong,David Wojcinski,4,10,13,86.7,0,0,0,3,0,80,2010,Qualifying Final,2010-09-03,5137
Geelong,Shannon Byrnes,3,10,8,61.5,0,0,1,1,0,76,2010,Qualifying Final,2010-09-03,5137
Geelong,Mathew Stokes,6,7,9,69.2,0,0,0,3,0,96,2010,Qualifying Final,2010-09-03,5137
Geelong,Brad Ottens,10,2,11,91.7,0,0,0,5,0,56,2010,Qualifying Final,2010-09-03,5137
Geelong,Travis Varcoe,5,5,9,81.8,0,1,0,3,0,85,2010,Qualifying Final,2010-09-03,5137
Geelong,Steve Johnson,2,7,8,80.0,0,1,0,0,0,86,2010,Qualifying Final,2010-09-03,5137
Geelong,Cameron Mooney,3,5,6,66.7,1,1,2,2,0,88,2010,Qualifying Final,2010-09-03,5137
Geelong,Joshua Hunt,1,8,8,88.9,1,0,0,3,0,72,2010,Qualifying Final,2010-09-03,5137
Geelong,Tom Hawkins,5,5,5,55.6,3,0,3,1,0,83,2010,Qualifying Final,2010-09-03,5137
Geelong,Harry Taylor,1,6,5,62.5,0,0,0,11,0,94,2010,Qualifying Final,2010-09-03,5137
Geelong,Mark Blake,3,2,4,80.0,0,1,0,0,0,46,2010,Qualifying Final,2010-09-03,5137
St Kilda,Nick Dal Santo,7,21,16,55.2,0,1,2,4,2,88,2010,Qualifying Final,2010-09-03,5137
St Kilda,Brendon Goddard,6,17,22,84.6,0,1,0,0,2,88,2010,Qualifying Final,2010-09-03,5137
St Kilda,Sam Fisher,7,19,22,84.6,1,1,0,3,0,97,2010,Qualifying Final,2010-09-03,5137
St Kilda,Lenny Hayes,12,14,16,64.0,0,0,0,5,0,83,2010,Qualifying Final,2010-09-03,5137
St Kilda,Leigh Montagna,7,15,16,69.6,0,0,0,7,0,89,2010,Qualifying Final,2010-09-03,5137
St Kilda,Nick Riewoldt,8,14,16,72.7,4,1,5,4,0,93,2010,Qualifying Final,2010-09-03,5137
St Kilda,Brett Peake,4,16,15,75.0,1,0,0,2,0,71,2010,Qualifying Final,2010-09-03,5137
St Kilda,James Gwilt,6,14,20,100.0,0,0,0,2,1,91,2010,Qualifying Final,2010-09-03,5137
St Kilda,Stephen Milne,9,11,15,78.9,2,2,4,0,2,83,2010,Qualifying Final,2010-09-03,5137
St Kilda,Farren Ray,5,12,15,83.3,0,0,1,2,0,90,2010,Qualifying Final,2010-09-03,5137
St Kilda,Sam Gilbert,9,7,13,81.2,1,0,0,3,0,96,2010,Qualifying Final,2010-09-03,5137
St Kilda,Jason Gram,1,13,11,73.3,0,0,0,0,0,79,2010,Qualifying Final,2010-09-03,5137
St Kilda,Andrew Mcqualter,5,9,9,64.3,0,2,1,1,0,79,2010,Qualifying Final,2010-09-03,5137
St Kilda,Clinton Jones,6,8,10,71.4,0,0,0,4,0,96,2010,Qualifying Final,2010-09-03,5137
St Kilda,Robert Eddy,7,5,9,75.0,0,0,0,1,0,68,2010,Qualifying Final,2010-09-03,5137
St Kilda,Adam Schneider,7,4,6,54.5,0,0,1,3,0,78,2010,Qualifying Final,2010-09-03,5137
St Kilda,Zac Dawson,3,6,10,100.0,1,0,0,1,0,96,2010,Qualifying Final,2010-09-03,5137
St Kilda,Ben Mcevoy,5,5,8,80.0,1,1,3,2,0,45,2010,Qualifying Final,2010-09-03,5137
St Kilda,Sean Dempster,5,3,3,42.9,1,0,0,2,0,92,2010,Qualifying Final,2010-09-03,5137
St Kilda,Michael S  Gardiner,2,4,5,83.3,0,0,0,2,0,60,2010,Qualifying Final,2010-09-03,5137
St Kilda,Justin Koschitzke,2,3,4,80.0,2,0,2,1,0,82,2010,Qualifying Final,2010-09-03,5137
St Kilda,Jason Blake,0,5,4,100.0,0,0,0,3,0,59,2010,Qualifying Final,2010-09-03,5137
Fremantle,Greg Broughton,7,19,21,80.8,1,0,1,3,2,91,2010,Elimination Final,2010-09-04,5138
Fremantle,David Mundy,10,15,19,76.0,0,1,1,0,1,63,2010,Elimination Final,2010-09-04,5138
Fremantle,Stephen Hill,12,11,15,68.2,1,0,1,1,2,85,2010,Elimination Final,2010-09-04,5138
Fremantle,Nathan Fyfe,6,16,15,68.2,2,1,0,2,0,79,2010,Elimination Final,2010-09-04,5138
Fremantle,Paul Duffield,4,16,18,85.7,1,0,0,2,0,97,2010,Elimination Final,2010-09-04,5138
Fremantle,Adam Mcphee,7,11,13,68.4,1,1,0,2,0,84,2010,Elimination Final,2010-09-04,5138
Fremantle,Roger Hayden,4,12,12,66.7,0,0,0,0,1,79,2010,Elimination Final,2010-09-04,5138
Fremantle,Anthony Morabito,7,10,11,64.7,0,0,1,0,4,65,2010,Elimination Final,2010-09-04,5138
Fremantle,Garrick Ibbotson,6,10,13,81.2,0,0,0,2,1,93,2010,Elimination Final,2010-09-04,5138
Fremantle,Matthew Pavlich,5,8,10,71.4,1,0,1,1,0,88,2010,Elimination Final,2010-09-04,5138
Fremantle,Luke Mcpharlin,8,7,11,78.6,1,0,0,4,5,99,2010,Elimination Final,2010-09-04,5138
Fremantle,Antoni Grover,5,7,11,84.6,1,0,0,3,1,94,2010,Elimination Final,2010-09-04,5138
Fremantle,Aaron Sandilands,7,6,10,76.9,1,0,1,1,0,87,2010,Elimination Final,2010-09-04,5138
Fremantle,Michael Johnson,6,8,9,69.2,1,0,0,0,2,85,2010,Elimination Final,2010-09-04,5138
Fremantle,Alex Silvagni,6,6,10,83.3,2,0,1,4,2,56,2010,Elimination Final,2010-09-04,5138
Fremantle,Ryan Crowley,6,5,7,63.6,0,0,0,1,0,82,2010,Elimination Final,2010-09-04,5138
Fremantle,Michael Walters,7,3,7,63.6,1,0,1,0,0,80,2010,Elimination Final,2010-09-04,5138
Fremantle,Dylan Roberton,4,6,7,63.6,1,0,0,1,0,76,2010,Elimination Final,2010-09-04,5138
Fremantle,Christopher Mayne,4,4,9,90.0,1,3,3,1,0,81,2010,Elimination Final,2010-09-04,5138
Fremantle,Matthew Deboer,5,4,7,70.0,0,0,1,3,0,91,2010,Elimination Final,2010-09-04,5138
Fremantle,Nicholas Suban,2,5,6,85.7,0,0,0,3,0,74,2010,Elimination Final,2010-09-04,5138
Fremantle,Jesse Crichton,3,1,3,75.0,0,0,0,2,0,69,2010,Elimination Final,2010-09-04,5138
Hawthorn,Sam Mitchell,7,26,27,79.4,0,0,0,2,1,92,2010,Elimination Final,2010-09-04,5138
Hawthorn,Shaun Burgoyne,13,14,19,67.9,0,1,0,1,0,81,2010,Elimination Final,2010-09-04,5138
Hawthorn,Jordan Lewis,4,20,15,65.2,0,0,0,0,0,82,2010,Elimination Final,2010-09-04,5138
Hawthorn,Brad Sewell,9,13,16,72.7,1,1,0,0,0,78,2010,Elimination Final,2010-09-04,5138
Hawthorn,Brent Guerra,8,12,15,71.4,0,2,0,2,1,91,2010,Elimination Final,2010-09-04,5138
Hawthorn,Stephen Gilham,3,13,15,88.2,0,0,0,6,3,97,2010,Elimination Final,2010-09-04,5138
Hawthorn,Thomas Murphy,3,14,14,82.4,1,0,0,2,0,92,2010,Elimination Final,2010-09-04,5138
Hawthorn,Wayde Skipper,8,7,12,75.0,0,0,1,1,0,69,2010,Elimination Final,2010-09-04,5138
Hawthorn,Chance Bateman,3,11,13,92.9,0,0,0,1,0,85,2010,Elimination Final,2010-09-04,5138
Hawthorn,Rick Ladson,4,10,11,78.6,0,0,0,1,0,81,2010,Elimination Final,2010-09-04,5138
Hawthorn,Joshua Gibson,6,7,10,71.4,1,0,0,5,0,96,2010,Elimination Final,2010-09-04,5138
Hawthorn,Brendan Whitecross,5,9,9,64.3,0,0,1,2,2,85,2010,Elimination Final,2010-09-04,5138
Hawthorn,Luke Hodge,6,7,10,76.9,1,0,1,4,0,81,2010,Elimination Final,2010-09-04,5138
Hawthorn,Jarryd Roughead,6,7,8,61.5,1,0,4,1,0,96,2010,Elimination Final,2010-09-04,5138
Hawthorn,Lance Franklin,3,11,6,46.2,0,0,2,1,0,97,2010,Elimination Final,2010-09-04,5138
Hawthorn,Clinton Young,4,9,11,84.6,0,2,0,2,4,82,2010,Elimination Final,2010-09-04,5138
Hawthorn,Benjamin Stratton,4,10,8,61.5,2,0,0,2,1,97,2010,Elimination Final,2010-09-04,5138
Hawthorn,Campbell Brown,4,8,8,66.7,0,0,0,2,1,86,2010,Elimination Final,2010-09-04,5138
Hawthorn,Michael Osborne,7,6,8,66.7,0,0,0,0,0,80,2010,Elimination Final,2010-09-04,5138
Hawthorn,Brent Renouf,6,2,4,50.0,1,0,0,2,0,74,2010,Elimination Final,2010-09-04,5138
Hawthorn,Xavier Ellis,1,7,5,71.4,0,0,0,1,1,52,2010,Elimination Final,2010-09-04,5138
Hawthorn,Cyril Rioli,3,4,5,71.4,0,0,0,1,0,26,2010,Elimination Final,2010-09-04,5138
Collingwood,Dane Swan,18,20,27,69.2,1,2,1,5,0,86,2010,Qualifying Final,2010-09-04,5139
Collingwood,Dale Thomas,11,19,25,78.1,1,1,0,1,4,74,2010,Qualifying Final,2010-09-04,5139
Collingwood,Ben Johnson,4,25,19,61.3,0,1,0,0,4,80,2010,Qualifying Final,2010-09-04,5139
Collingwood,Scott Pendlebury,13,16,26,86.7,0,1,0,1,1,72,2010,Qualifying Final,2010-09-04,5139
Collingwood,Nick Maxwell,9,17,18,75.0,0,1,0,8,4,99,2010,Qualifying Final,2010-09-04,5139
Collingwood,Luke Ball,12,10,15,68.2,0,2,1,2,0,73,2010,Qualifying Final,2010-09-04,5139
Collingwood,Alan Didak,6,14,15,75.0,0,2,0,2,1,84,2010,Qualifying Final,2010-09-04,5139
Collingwood,Heath Shaw,6,12,16,80.0,2,0,0,9,4,95,2010,Qualifying Final,2010-09-04,5139
Collingwood,Ben Reid,7,12,14,70.0,3,1,0,4,0,94,2010,Qualifying Final,2010-09-04,5139
Collingwood,Steele Sidebottom,6,13,14,70.0,1,0,2,2,1,74,2010,Qualifying Final,2010-09-04,5139
Collingwood,Dayne Beams,9,11,13,65.0,0,0,0,0,0,71,2010,Qualifying Final,2010-09-04,5139
Collingwood,Alan Toovey,9,8,13,72.2,0,0,0,5,0,88,2010,Qualifying Final,2010-09-04,5139
Collingwood,Jarryd Blair,6,10,13,72.2,1,3,0,3,0,85,2010,Qualifying Final,2010-09-04,5139
Collingwood,Chris Dawes,6,10,11,68.8,2,0,1,2,0,79,2010,Qualifying Final,2010-09-04,5139
Collingwood,Travis Cloke,4,12,10,66.7,1,0,2,3,0,84,2010,Qualifying Final,2010-09-04,5139
Collingwood,Leigh Brown,5,8,9,69.2,3,0,3,3,0,86,2010,Qualifying Final,2010-09-04,5139
Collingwood,Darren Jolly,5,8,7,53.8,1,1,2,2,0,82,2010,Qualifying Final,2010-09-04,5139
Collingwood,Heritier O Brien,5,4,12,92.3,0,0,0,5,1,96,2010,Qualifying Final,2010-09-04,5139
Collingwood,Brent Macaffer,4,7,10,83.3,0,0,1,0,1,76,2010,Qualifying Final,2010-09-04,5139
Collingwood,Nathan Brown,4,5,8,88.9,0,0,0,5,0,99,2010,Qualifying Final,2010-09-04,5139
Collingwood,Leon Davis,3,4,4,50.0,0,0,1,0,0,80,2010,Qualifying Final,2010-09-04,5139
Collingwood,Sharrod Wellingham,4,2,4,66.7,0,0,0,0,0,44,2010,Qualifying Final,2010-09-04,5139
Western Bulldogs,Ryan Griffen,11,23,16,47.1,0,0,1,2,6,69,2010,Qualifying Final,2010-09-04,5139
Western Bulldogs,Matthew Boyd,6,20,15,51.7,1,0,0,0,0,90,2010,Qualifying Final,2010-09-04,5139
Western Bulldogs,Daniel Cross,8,20,18,64.3,0,0,1,3,0,91,2010,Qualifying Final,2010-09-04,5139
Western Bulldogs,Daniel Giansiracusa,5,15,14,70.0,0,1,0,0,0,84,2010,Qualifying Final,2010-09-04,5139
Western Bulldogs,Robert Murphy,7,10,13,68.4,1,0,0,4,4,86,2010,Qualifying Final,2010-09-04,5139
Western Bulldogs,Ryan Hargrave,2,14,12,63.2,0,0,0,4,0,89,2010,Qualifying Final,2010-09-04,5139
Western Bulldogs,Ben Hudson,15,4,13,68.4,2,0,0,0,0,70,2010,Qualifying Final,2010-09-04,5139
Western Bulldogs,Brian Harris,8,9,16,88.9,3,0,0,4,0,92,2010,Qualifying Final,2010-09-04,5139
Western Bulldogs,Jarrod Harbrow,6,11,6,33.3,0,0,1,3,1,84,2010,Qualifying Final,2010-09-04,5139
Western Bulldogs,Lindsay Gilbee,5,8,14,82.4,0,0,0,9,1,85,2010,Qualifying Final,2010-09-04,5139
Western Bulldogs,Brad Johnson,4,11,12,70.6,0,0,1,1,0,76,2010,Qualifying Final,2010-09-04,5139
Western Bulldogs,Callan Ward,9,8,11,64.7,1,0,1,0,0,73,2010,Qualifying Final,2010-09-04,5139
Western Bulldogs,Liam Picken,9,6,13,76.5,0,2,0,3,0,83,2010,Qualifying Final,2010-09-04,5139
Western Bulldogs,Dylan Addison,6,9,8,53.3,0,0,0,2,0,83,2010,Qualifying Final,2010-09-04,5139
Western Bulldogs,Tom Williams,8,6,11,78.6,2,0,0,11,0,87,2010,Qualifying Final,2010-09-04,5139
Western Bulldogs,Mitchell Hahn,4,8,4,33.3,0,0,0,5,0,85,2010,Qualifying Final,2010-09-04,5139
Western Bulldogs,Nathan Eagleton,3,7,8,72.7,0,0,0,0,0,75,2010,Qualifying Final,2010-09-04,5139
Western Bulldogs,Tim Callan,6,3,4,50.0,0,0,0,2,0,77,2010,Qualifying Final,2010-09-04,5139
Western Bulldogs,Shaun Higgins,2,6,5,62.5,0,0,0,0,0,76,2010,Qualifying Final,2010-09-04,5139
Western Bulldogs,Barry Hall,4,3,3,42.9,0,0,1,0,0,91,2010,Qualifying Final,2010-09-04,5139
Western Bulldogs,Jarrad Grant,2,3,3,50.0,0,0,0,1,1,85,2010,Qualifying Final,2010-09-04,5139
Western Bulldogs,Will Minson,2,3,3,60.0,0,0,0,4,0,69,2010,Qualifying Final,2010-09-04,5139
Sydney,Josh P  Kennedy,15,14,17,58.6,0,0,0,3,0,86,2010,Elimination Final,2010-09-05,5140
Sydney,Nick Malceski,9,15,20,74.1,1,0,0,2,1,86,2010,Elimination Final,2010-09-05,5140
Sydney,Adam Goodes,16,8,16,66.7,4,1,3,3,0,95,2010,Elimination Final,2010-09-05,5140
Sydney,Jarrad Mcveigh,8,18,16,66.7,0,1,0,2,1,89,2010,Elimination Final,2010-09-05,5140
Sydney,Brett Kirk,6,16,15,68.2,1,0,0,1,0,82,2010,Elimination Final,2010-09-05,5140
Sydney,Tadhg Kennelly,1,14,16,80.0,0,0,0,8,1,87,2010,Elimination Final,2010-09-05,5140
Sydney,Heath Grundy,10,10,16,84.2,1,0,0,3,3,97,2010,Elimination Final,2010-09-05,5140
Sydney,Kieran Jack,11,9,15,78.9,0,1,0,0,0,83,2010,Elimination Final,2010-09-05,5140
Sydney,Martin Mattner,6,9,14,77.8,0,0,0,9,0,91,2010,Elimination Final,2010-09-05,5140
Sydney,Daniel Hannebery,5,14,10,55.6,0,1,1,1,1,70,2010,Elimination Final,2010-09-05,5140
Sydney,Nick Smith 1,6,10,14,87.5,0,0,0,2,0,89,2010,Elimination Final,2010-09-05,5140
Sydney,Ryan O Keefe,7,7,9,64.3,1,1,0,1,0,80,2010,Elimination Final,2010-09-05,5140
Sydney,Lewis Jetta,4,10,7,50.0,0,0,1,0,0,78,2010,Elimination Final,2010-09-05,5140
Sydney,Rhyce Shaw,5,8,11,84.6,0,1,0,5,0,80,2010,Elimination Final,2010-09-05,5140
Sydney,Jarred Moore,5,7,9,75.0,0,1,0,1,1,70,2010,Elimination Final,2010-09-05,5140
Sydney,Mike Pyke,8,3,9,81.8,1,0,0,1,0,43,2010,Elimination Final,2010-09-05,5140
Sydney,Jude Bolton,4,6,7,70.0,0,0,0,3,0,82,2010,Elimination Final,2010-09-05,5140
Sydney,Ted Richards,4,4,8,88.9,0,0,0,9,0,97,2010,Elimination Final,2010-09-05,5140
Sydney,Jesse White,5,4,8,88.9,1,2,1,1,0,94,2010,Elimination Final,2010-09-05,5140
Sydney,Paul Bevan,1,7,6,75.0,0,0,0,2,0,77,2010,Elimination Final,2010-09-05,5140
Sydney,Shane Mumford,7,2,7,87.5,0,1,0,5,0,63,2010,Elimination Final,2010-09-05,5140
Sydney,Trent Dennis Lane,3,3,4,66.7,1,0,2,0,0,84,2010,Elimination Final,2010-09-05,5140
Carlton,Chris Judd,14,15,19,65.5,0,1,0,2,0,85,2010,Elimination Final,2010-09-05,5140
Carlton,Andrew Carrazzo,15,14,18,69.2,0,0,0,1,0,74,2010,Elimination Final,2010-09-05,5140
Carlton,Jordan Russell,14,7,18,78.3,4,0,0,2,1,94,2010,Elimination Final,2010-09-05,5140
Carlton,Marc Murphy,11,10,17,81.0,0,0,0,2,1,81,2010,Elimination Final,2010-09-05,5140
Carlton,David Ellard,5,14,10,52.6,0,0,0,2,0,73,2010,Elimination Final,2010-09-05,5140
Carlton,Richard Hadley,10,8,11,61.1,0,0,0,1,0,71,2010,Elimination Final,2010-09-05,5140
Carlton,Heath Scotland,8,8,9,56.2,2,0,1,1,0,83,2010,Elimination Final,2010-09-05,5140
Carlton,Kade Simpson,6,10,7,43.8,0,1,2,0,1,83,2010,Elimination Final,2010-09-05,5140
Carlton,Jeff Gartlett,8,7,9,56.2,1,0,1,4,0,82,2010,Elimination Final,2010-09-05,5140
Carlton,Bryce Gibbs,4,9,11,73.3,0,0,0,0,1,95,2010,Elimination Final,2010-09-05,5140
Carlton,Sam Jacobs,8,7,9,60.0,1,0,0,3,0,67,2010,Elimination Final,2010-09-05,5140
Carlton,Paul Bower,6,8,11,78.6,0,0,0,2,0,91,2010,Elimination Final,2010-09-05,5140
Carlton,Jarrad Waite,7,5,8,66.7,1,1,0,2,1,95,2010,Elimination Final,2010-09-05,5140
Carlton,Dennis Armfield,3,10,5,41.7,0,0,0,7,2,92,2010,Elimination Final,2010-09-05,5140
Carlton,Robert Warnock,7,3,10,100.0,1,0,2,0,0,62,2010,Elimination Final,2010-09-05,5140
Carlton,Edward Betts,6,3,8,88.9,0,2,1,2,0,80,2010,Elimination Final,2010-09-05,5140
Carlton,Mitch Robinson,6,2,6,66.7,1,0,0,1,0,69,2010,Elimination Final,2010-09-05,5140
Carlton,Andrew Walker,1,7,4,50.0,1,0,4,0,0,89,2010,Elimination Final,2010-09-05,5140
Carlton,Michael Jamison,5,3,7,87.5,1,0,0,3,1,97,2010,Elimination Final,2010-09-05,5140
Carlton,Lachlan Henderson,7,0,5,62.5,3,0,2,1,0,85,2010,Elimination Final,2010-09-05,5140
Carlton,Marcus Davies,2,5,7,87.5,0,0,0,0,0,68,2010,Elimination Final,2010-09-05,5140
Carlton,Aaron Joseph,3,4,5,71.4,0,1,0,5,0,86,2010,Elimination Final,2010-09-05,5140
Geelong,Gary Jnr Ablett,9,27,30,83.3,0,0,0,1,3,86,2010,Semi Final,2010-09-10,5141
Geelong,James Bartel,9,25,28,80.0,0,3,0,1,0,86,2010,Semi Final,2010-09-10,5141
Geelong,Joel Selwood,8,25,29,87.9,0,0,0,3,0,79,2010,Semi Final,2010-09-10,5141
Geelong,Paul Chapman,9,21,22,71.0,1,1,2,0,1,85,2010,Semi Final,2010-09-10,5141
Geelong,James Kelly,8,22,22,71.0,0,1,0,2,1,85,2010,Semi Final,2010-09-10,5141
Geelong,Steve Johnson,7,20,19,67.9,1,1,1,2,0,83,2010,Semi Final,2010-09-10,5141
Geelong,Cameron Ling,7,20,24,88.9,0,0,0,0,0,78,2010,Semi Final,2010-09-10,5141
Geelong,Joel Corey,3,21,17,70.8,0,1,0,3,0,91,2010,Semi Final,2010-09-10,5141
Geelong,Travis Varcoe,7,16,20,83.3,1,2,1,3,2,82,2010,Semi Final,2010-09-10,5141
Geelong,David Wojcinski,5,18,20,87.0,0,1,0,0,6,74,2010,Semi Final,2010-09-10,5141
Geelong,Mathew Stokes,6,16,17,77.3,1,1,3,1,0,81,2010,Semi Final,2010-09-10,5141
Geelong,Corey Enright,6,14,15,71.4,0,1,0,3,1,88,2010,Semi Final,2010-09-10,5141
Geelong,Matthew Scarlett,9,12,19,90.5,2,0,0,7,1,89,2010,Semi Final,2010-09-10,5141
Geelong,Shannon Byrnes,4,14,12,66.7,0,1,1,4,1,75,2010,Semi Final,2010-09-10,5141
Geelong,Darren Milburn,5,11,14,82.4,1,0,0,7,3,81,2010,Semi Final,2010-09-10,5141
Geelong,Brad Ottens,11,5,13,81.2,1,1,1,1,0,63,2010,Semi Final,2010-09-10,5141
Geelong,Harry Taylor,6,10,13,81.2,1,0,0,5,1,88,2010,Semi Final,2010-09-10,5141
Geelong,Tom Lonergan,2,12,11,78.6,1,0,0,2,0,85,2010,Semi Final,2010-09-10,5141
Geelong,Tom Hawkins,4,10,9,64.3,0,1,1,0,0,68,2010,Semi Final,2010-09-10,5141
Geelong,James Podsiadly,6,7,7,50.0,0,0,2,0,0,83,2010,Semi Final,2010-09-10,5141
Geelong,Joshua Hunt,3,8,11,100.0,0,0,0,5,0,83,2010,Semi Final,2010-09-10,5141
Geelong,Cameron Mooney,4,5,6,75.0,0,2,1,1,0,88,2010,Semi Final,2010-09-10,5141
Fremantle,David Mundy,6,20,26,86.7,0,2,0,4,2,77,2010,Semi Final,2010-09-10,5141
Fremantle,Michael Johnson,6,17,15,65.2,2,0,1,4,4,93,2010,Semi Final,2010-09-10,5141
Fremantle,Paul Duffield,6,13,20,90.9,0,0,1,4,6,84,2010,Semi Final,2010-09-10,5141
Fremantle,Matthew Pavlich,8,12,11,52.4,3,1,2,1,0,87,2010,Semi Final,2010-09-10,5141
Fremantle,Greg Broughton,4,15,13,72.2,0,0,0,2,4,86,2010,Semi Final,2010-09-10,5141
Fremantle,Nathan Fyfe,10,8,11,61.1,2,0,0,3,0,78,2010,Semi Final,2010-09-10,5141
Fremantle,Roger Hayden,6,7,7,50.0,0,0,0,6,0,81,2010,Semi Final,2010-09-10,5141
Fremantle,Michael Walters,3,11,11,78.6,0,0,1,3,2,77,2010,Semi Final,2010-09-10,5141
Fremantle,Luke Mcpharlin,6,7,9,69.2,2,0,0,1,0,92,2010,Semi Final,2010-09-10,5141
Fremantle,Stephen Hill,5,7,7,53.8,1,1,1,2,2,72,2010,Semi Final,2010-09-10,5141
Fremantle,Dylan Roberton,3,7,12,92.3,1,0,0,1,6,69,2010,Semi Final,2010-09-10,5141
Fremantle,Anthony Morabito,5,6,7,58.3,0,0,0,1,0,75,2010,Semi Final,2010-09-10,5141
Fremantle,Garrick Ibbotson,2,8,9,90.0,0,0,0,0,0,92,2010,Semi Final,2010-09-10,5141
Fremantle,Matthew Deboer,6,5,7,70.0,0,1,0,1,0,90,2010,Semi Final,2010-09-10,5141
Fremantle,Aaron Sandilands,8,1,3,33.3,1,0,1,2,0,88,2010,Semi Final,2010-09-10,5141
Fremantle,Christopher Mayne,3,6,7,77.8,2,1,1,0,0,87,2010,Semi Final,2010-09-10,5141
Fremantle,Alex Silvagni,2,6,4,50.0,1,0,1,6,0,89,2010,Semi Final,2010-09-10,5141
Fremantle,Adam Mcphee,2,5,3,42.9,1,0,0,0,0,85,2010,Semi Final,2010-09-10,5141
Fremantle,Ryan Crowley,6,1,3,42.9,0,0,0,2,1,79,2010,Semi Final,2010-09-10,5141
Fremantle,Nicholas Suban,5,2,4,57.1,0,0,0,0,0,69,2010,Semi Final,2010-09-10,5141
Fremantle,Des Headland,2,4,2,33.3,0,0,0,1,0,58,2010,Semi Final,2010-09-10,5141
Fremantle,Antoni Grover,2,2,2,66.7,0,0,0,5,0,92,2010,Semi Final,2010-09-10,5141
Western Bulldogs,Ryan Griffen,8,17,17,65.4,0,0,0,2,3,82,2010,Semi Final,2010-09-11,5142
Western Bulldogs,Matthew Boyd,12,12,14,56.0,0,0,0,1,0,88,2010,Semi Final,2010-09-11,5142
Western Bulldogs,Daniel Cross,12,11,17,77.3,2,1,1,4,0,87,2010,Semi Final,2010-09-11,5142
Western Bulldogs,Jarrod Harbrow,3,17,15,68.2,0,0,0,4,9,83,2010,Semi Final,2010-09-11,5142
Western Bulldogs,Robert Murphy,4,15,12,60.0,1,0,1,0,3,87,2010,Semi Final,2010-09-11,5142
Western Bulldogs,Brad Johnson,5,13,11,57.9,1,0,0,0,1,80,2010,Semi Final,2010-09-11,5142
Western Bulldogs,Nathan Eagleton,3,15,15,83.3,0,0,0,0,0,77,2010,Semi Final,2010-09-11,5142
Western Bulldogs,Callan Ward,7,13,14,77.8,1,0,1,3,1,75,2010,Semi Final,2010-09-11,5142
Western Bulldogs,Lindsay Gilbee,8,9,14,82.4,2,2,0,2,0,89,2010,Semi Final,2010-09-11,5142
Western Bulldogs,Ryan Hargrave,4,11,12,75.0,0,1,0,2,0,88,2010,Semi Final,2010-09-11,5142
Western Bulldogs,Barry Hall,8,7,9,60.0,3,1,5,3,0,87,2010,Semi Final,2010-09-11,5142
Western Bulldogs,Mitchell Hahn,5,7,10,76.9,0,0,0,1,1,86,2010,Semi Final,2010-09-11,5142
Western Bulldogs,Ben Hudson,8,4,8,61.5,0,0,0,4,0,72,2010,Semi Final,2010-09-11,5142
Western Bulldogs,Tom Williams,2,10,10,83.3,0,0,0,4,1,85,2010,Semi Final,2010-09-11,5142
Western Bulldogs,Dylan Addison,3,9,8,66.7,0,1,1,2,0,76,2010,Semi Final,2010-09-11,5142
Western Bulldogs,Daniel Giansiracusa,8,4,9,81.8,1,1,0,0,0,84,2010,Semi Final,2010-09-11,5142
Western Bulldogs,Liam Picken,6,4,8,80.0,0,0,0,2,0,90,2010,Semi Final,2010-09-11,5142
Western Bulldogs,Will Minson,7,3,6,66.7,2,0,1,3,0,54,2010,Semi Final,2010-09-11,5142
Western Bulldogs,Brian Harris,4,3,7,100.0,2,0,0,8,0,100,2010,Semi Final,2010-09-11,5142
Western Bulldogs,Jarrad Grant,2,5,6,85.7,0,0,1,0,1,76,2010,Semi Final,2010-09-11,5142
Western Bulldogs,Andrew Hooper,4,2,3,60.0,0,0,0,0,0,79,2010,Semi Final,2010-09-11,5142
Western Bulldogs,Easton Wood,3,1,2,50.0,1,0,0,4,0,74,2010,Semi Final,2010-09-11,5142
Sydney,Josh P  Kennedy,15,17,21,65.6,0,0,1,0,0,81,2010,Semi Final,2010-09-11,5142
Sydney,Tadhg Kennelly,4,22,19,67.9,0,0,0,3,2,90,2010,Semi Final,2010-09-11,5142
Sydney,Adam Goodes,12,11,15,60.0,2,1,4,5,0,98,2010,Semi Final,2010-09-11,5142
Sydney,Kieran Jack,9,13,16,72.7,0,0,0,1,0,90,2010,Semi Final,2010-09-11,5142
Sydney,Nick Malceski,5,14,15,71.4,0,1,0,5,7,91,2010,Semi Final,2010-09-11,5142
Sydney,Ted Richards,5,15,17,85.0,1,0,0,4,0,88,2010,Semi Final,2010-09-11,5142
Sydney,Jarrad Mcveigh,5,15,16,80.0,0,2,0,5,0,85,2010,Semi Final,2010-09-11,5142
Sydney,Martin Mattner,5,16,17,89.5,1,0,0,3,3,85,2010,Semi Final,2010-09-11,5142
Sydney,Heath Grundy,6,13,15,78.9,1,0,0,5,0,93,2010,Semi Final,2010-09-11,5142
Sydney,Jude Bolton,8,8,13,81.2,0,0,0,0,2,81,2010,Semi Final,2010-09-11,5142
Sydney,Rhyce Shaw,7,7,14,87.5,1,0,1,0,6,87,2010,Semi Final,2010-09-11,5142
Sydney,Daniel Hannebery,5,10,13,81.2,1,0,0,0,0,67,2010,Semi Final,2010-09-11,5142
Sydney,Lewis Jetta,5,11,13,81.2,1,0,2,3,2,71,2010,Semi Final,2010-09-11,5142
Sydney,Ben Mcglynn,5,10,11,73.3,0,1,0,0,1,84,2010,Semi Final,2010-09-11,5142
Sydney,Daniel Bradshaw,5,7,8,61.5,4,0,7,1,0,87,2010,Semi Final,2010-09-11,5142
Sydney,Ryan O Keefe,6,7,11,84.6,1,1,0,1,0,83,2010,Semi Final,2010-09-11,5142
Sydney,Nick Smith 1,2,11,8,61.5,0,0,0,1,0,81,2010,Semi Final,2010-09-11,5142
Sydney,Jarred Moore,1,7,4,50.0,0,0,0,0,0,77,2010,Semi Final,2010-09-11,5142
Sydney,Shane Mumford,7,1,6,75.0,0,1,0,3,0,76,2010,Semi Final,2010-09-11,5142
Sydney,Brett Kirk,4,4,5,71.4,0,0,2,1,0,73,2010,Semi Final,2010-09-11,5142
Sydney,Trent Dennis Lane,2,3,5,83.3,0,0,0,1,0,79,2010,Semi Final,2010-09-11,5142
Sydney,Mike Pyke,1,3,3,75.0,0,0,0,3,0,54,2010,Semi Final,2010-09-11,5142
Collingwood,Dane Swan,13,20,23,69.7,1,1,1,0,2,81,2010,Preliminary Final,2010-09-17,5143
Collingwood,Alan Didak,10,18,16,57.1,1,3,1,1,4,84,2010,Preliminary Final,2010-09-17,5143
Collingwood,Scott Pendlebury,9,15,17,70.8,0,1,0,0,1,75,2010,Preliminary Final,2010-09-17,5143
Collingwood,Ben Johnson,5,15,18,81.8,0,0,0,1,2,79,2010,Preliminary Final,2010-09-17,5143
Collingwood,Dale Thomas,7,14,15,71.4,1,0,0,1,1,82,2010,Preliminary Final,2010-09-17,5143
Collingwood,Heath Shaw,5,10,19,95.0,0,1,0,2,6,89,2010,Preliminary Final,2010-09-17,5143
Collingwood,Dayne Beams,6,10,11,68.8,0,1,2,1,0,75,2010,Preliminary Final,2010-09-17,5143
Collingwood,Leigh Brown,7,8,11,73.3,2,1,0,3,0,80,2010,Preliminary Final,2010-09-17,5143
Collingwood,Luke Ball,7,7,11,78.6,0,1,0,0,0,50,2010,Preliminary Final,2010-09-17,5143
Collingwood,Nick Maxwell,2,10,10,71.4,0,0,0,5,6,98,2010,Preliminary Final,2010-09-17,5143
Collingwood,Sharrod Wellingham,10,4,12,85.7,1,0,1,1,0,70,2010,Preliminary Final,2010-09-17,5143
Collingwood,Steele Sidebottom,5,11,11,78.6,0,0,0,2,0,70,2010,Preliminary Final,2010-09-17,5143
Collingwood,Travis Cloke,8,5,8,61.5,4,2,5,2,0,90,2010,Preliminary Final,2010-09-17,5143
Collingwood,Ben Reid,3,9,11,84.6,1,0,0,8,1,100,2010,Preliminary Final,2010-09-17,5143
Collingwood,Brent Macaffer,6,7,11,84.6,1,1,1,2,0,75,2010,Preliminary Final,2010-09-17,5143
Collingwood,Heritier O Brien,3,9,9,75.0,0,1,0,2,7,96,2010,Preliminary Final,2010-09-17,5143
Collingwood,Alan Toovey,9,3,9,81.8,2,0,0,3,0,100,2010,Preliminary Final,2010-09-17,5143
Collingwood,Chris Dawes,3,7,9,90.0,3,0,2,3,0,83,2010,Preliminary Final,2010-09-17,5143
Collingwood,Tyson Goldsack,4,5,7,87.5,1,0,0,1,1,69,2010,Preliminary Final,2010-09-17,5143
Collingwood,Jarryd Blair,3,5,4,50.0,0,0,0,0,0,69,2010,Preliminary Final,2010-09-17,5143
Collingwood,Darren Jolly,2,2,3,75.0,0,0,0,2,0,84,2010,Preliminary Final,2010-09-17,5143
Collingwood,Nathan Brown,1,1,2,100.0,0,0,0,9,0,100,2010,Preliminary Final,2010-09-17,5143
Geelong,Gary Jnr Ablett,12,28,33,82.5,0,2,1,0,1,86,2010,Preliminary Final,2010-09-17,5143
Geelong,Joel Corey,14,14,20,66.7,0,1,0,1,0,78,2010,Preliminary Final,2010-09-17,5143
Geelong,Cameron Ling,6,21,19,65.5,0,2,0,1,0,86,2010,Preliminary Final,2010-09-17,5143
Geelong,James Bartel,8,21,20,69.0,0,0,1,3,0,88,2010,Preliminary Final,2010-09-17,5143
Geelong,Steve Johnson,7,21,19,67.9,0,0,1,0,0,84,2010,Preliminary Final,2010-09-17,5143
Geelong,Paul Chapman,5,16,13,61.9,0,1,0,0,0,82,2010,Preliminary Final,2010-09-17,5143
Geelong,Matthew Scarlett,2,18,18,85.7,0,0,0,3,0,96,2010,Preliminary Final,2010-09-17,5143
Geelong,Joel Selwood,9,13,12,57.1,0,1,1,2,0,78,2010,Preliminary Final,2010-09-17,5143
Geelong,Darren Milburn,6,13,18,94.7,1,0,0,1,0,82,2010,Preliminary Final,2010-09-17,5143
Geelong,Shannon Byrnes,6,13,16,84.2,1,1,3,0,0,71,2010,Preliminary Final,2010-09-17,5143
Geelong,Travis Varcoe,5,15,14,73.7,0,0,1,3,1,82,2010,Preliminary Final,2010-09-17,5143
Geelong,Corey Enright,3,15,15,88.2,1,0,0,3,0,83,2010,Preliminary Final,2010-09-17,5143
Geelong,David Wojcinski,3,14,12,70.6,0,0,0,1,6,73,2010,Preliminary Final,2010-09-17,5143
Geelong,Mathew Stokes,3,14,13,76.5,0,1,1,1,0,78,2010,Preliminary Final,2010-09-17,5143
Geelong,Harry Taylor,5,14,14,87.5,0,0,0,12,0,90,2010,Preliminary Final,2010-09-17,5143
Geelong,James Kelly,3,13,12,80.0,0,0,0,3,0,91,2010,Preliminary Final,2010-09-17,5143
Geelong,Joshua Hunt,3,10,11,84.6,0,0,0,3,0,76,2010,Preliminary Final,2010-09-17,5143
Geelong,Cameron Mooney,6,3,7,77.8,1,0,1,1,0,88,2010,Preliminary Final,2010-09-17,5143
Geelong,Tom Hawkins,7,1,5,62.5,0,1,0,1,0,69,2010,Preliminary Final,2010-09-17,5143
Geelong,James Podsiadly,5,3,4,50.0,2,0,4,1,0,81,2010,Preliminary Final,2010-09-17,5143
Geelong,Tom Lonergan,4,3,7,100.0,2,0,0,8,0,83,2010,Preliminary Final,2010-09-17,5143
Geelong,Brad Ottens,4,1,4,80.0,0,0,1,2,0,76,2010,Preliminary Final,2010-09-17,5143
St Kilda,Leigh Montagna,16,16,21,63.6,0,1,0,3,0,87,2010,Preliminary Final,2010-09-18,5144
St Kilda,Lenny Hayes,9,14,19,73.1,0,0,0,0,1,76,2010,Preliminary Final,2010-09-18,5144
St Kilda,James Gwilt,2,23,19,79.2,0,0,0,2,0,100,2010,Preliminary Final,2010-09-18,5144
St Kilda,Brendon Goddard,11,10,17,73.9,1,1,0,2,1,86,2010,Preliminary Final,2010-09-18,5144
St Kilda,Sam Fisher,10,14,19,82.6,1,1,0,5,0,100,2010,Preliminary Final,2010-09-18,5144
St Kilda,Nick Riewoldt,12,8,14,66.7,4,1,4,1,0,87,2010,Preliminary Final,2010-09-18,5144
St Kilda,Jason Gram,3,18,13,61.9,0,1,0,0,0,87,2010,Preliminary Final,2010-09-18,5144
St Kilda,Sam Gilbert,10,9,11,57.9,1,0,0,3,0,98,2010,Preliminary Final,2010-09-18,5144
St Kilda,Adam Schneider,6,9,11,68.8,0,1,0,1,5,74,2010,Preliminary Final,2010-09-18,5144
St Kilda,Nick Dal Santo,8,8,10,62.5,0,2,0,2,0,66,2010,Preliminary Final,2010-09-18,5144
St Kilda,Farren Ray,6,10,12,75.0,0,0,0,1,0,74,2010,Preliminary Final,2010-09-18,5144
St Kilda,Stephen Milne,6,7,6,40.0,0,0,2,1,0,85,2010,Preliminary Final,2010-09-18,5144
St Kilda,Sean Dempster,5,9,13,92.9,1,0,0,2,0,94,2010,Preliminary Final,2010-09-18,5144
St Kilda,Jason Blake,3,10,13,100.0,1,0,0,7,0,84,2010,Preliminary Final,2010-09-18,5144
St Kilda,Brett Peake,6,6,8,66.7,1,0,0,2,0,79,2010,Preliminary Final,2010-09-18,5144
St Kilda,Zac Dawson,6,6,11,91.7,0,0,0,7,0,86,2010,Preliminary Final,2010-09-18,5144
St Kilda,Clinton Jones,6,7,7,58.3,0,0,0,2,0,84,2010,Preliminary Final,2010-09-18,5144
St Kilda,Justin Koschitzke,4,7,9,81.8,2,0,2,2,0,84,2010,Preliminary Final,2010-09-18,5144
St Kilda,Robert Eddy,8,3,7,63.6,1,0,0,2,0,83,2010,Preliminary Final,2010-09-18,5144
St Kilda,Ben Mcevoy,3,7,10,90.9,1,0,0,2,0,58,2010,Preliminary Final,2010-09-18,5144
St Kilda,Michael S  Gardiner,2,7,4,40.0,1,1,2,3,0,58,2010,Preliminary Final,2010-09-18,5144
St Kilda,Andrew Mcqualter,3,4,5,62.5,0,0,0,2,0,68,2010,Preliminary Final,2010-09-18,5144
Western Bulldogs,Callan Ward,17,13,17,56.7,0,0,0,0,1,82,2010,Preliminary Final,2010-09-18,5144
Western Bulldogs,Matthew Boyd,11,16,17,60.7,1,1,0,2,0,88,2010,Preliminary Final,2010-09-18,5144
Western Bulldogs,Ryan Hargrave,5,17,17,70.8,0,0,0,3,0,88,2010,Preliminary Final,2010-09-18,5144
Western Bulldogs,Ryan Griffen,6,17,15,62.5,0,0,0,2,0,81,2010,Preliminary Final,2010-09-18,5144
Western Bulldogs,Daniel Cross,10,13,19,86.4,0,0,1,2,0,85,2010,Preliminary Final,2010-09-18,5144
Western Bulldogs,Jarrod Harbrow,9,11,14,66.7,0,0,0,1,4,83,2010,Preliminary Final,2010-09-18,5144
Western Bulldogs,Nathan Eagleton,4,14,10,50.0,0,0,0,1,1,75,2010,Preliminary Final,2010-09-18,5144
Western Bulldogs,Mitchell Hahn,7,10,11,61.1,1,0,1,0,1,89,2010,Preliminary Final,2010-09-18,5144
Western Bulldogs,Brian Harris,9,7,13,72.2,4,0,1,6,0,96,2010,Preliminary Final,2010-09-18,5144
Western Bulldogs,Lindsay Gilbee,4,12,12,70.6,0,1,0,1,2,82,2010,Preliminary Final,2010-09-18,5144
Western Bulldogs,Jarrad Grant,5,10,10,71.4,0,1,2,1,0,85,2010,Preliminary Final,2010-09-18,5144
Western Bulldogs,Easton Wood,5,8,10,76.9,0,0,0,1,2,81,2010,Preliminary Final,2010-09-18,5144
Western Bulldogs,Dale Morris,4,6,7,58.3,1,0,0,6,0,84,2010,Preliminary Final,2010-09-18,5144
Western Bulldogs,Liam Picken,6,6,6,50.0,0,0,1,3,1,81,2010,Preliminary Final,2010-09-18,5144
Western Bulldogs,Daniel Giansiracusa,3,8,8,72.7,0,0,0,0,0,85,2010,Preliminary Final,2010-09-18,5144
Western Bulldogs,Ben Hudson,7,4,8,72.7,2,1,0,2,0,67,2010,Preliminary Final,2010-09-18,5144
Western Bulldogs,Tom Williams,3,8,10,90.9,0,0,0,8,0,78,2010,Preliminary Final,2010-09-18,5144
Western Bulldogs,Brad Johnson,6,4,6,60.0,0,1,1,2,0,82,2010,Preliminary Final,2010-09-18,5144
Western Bulldogs,Robert Murphy,2,6,8,80.0,0,1,1,4,0,72,2010,Preliminary Final,2010-09-18,5144
Western Bulldogs,Dylan Addison,4,5,8,80.0,2,0,1,2,0,78,2010,Preliminary Final,2010-09-18,5144
Western Bulldogs,Barry Hall,4,5,5,55.6,1,0,3,0,0,91,2010,Preliminary Final,2010-09-18,5144
Western Bulldogs,Will Minson,3,3,3,50.0,0,0,0,3,0,67,2010,Preliminary Final,2010-09-18,5144
Collingwood,Dale Thomas,12,15,16,61.5,1,0,2,3,1,83,2010,Grand Final,2010-09-25,5145
Collingwood,Heath Shaw,12,10,19,79.2,1,0,0,2,2,87,2010,Grand Final,2010-09-25,5145
Collingwood,Dane Swan,11,8,14,66.7,0,1,0,3,2,80,2010,Grand Final,2010-09-25,5145
Collingwood,Scott Pendlebury,4,15,16,84.2,0,0,0,3,2,74,2010,Grand Final,2010-09-25,5145
Collingwood,Steele Sidebottom,8,11,14,73.7,0,0,0,2,2,80,2010,Grand Final,2010-09-25,5145
Collingwood,Alan Didak,5,11,10,58.8,0,1,0,1,0,76,2010,Grand Final,2010-09-25,5145
Collingwood,Nick Maxwell,9,8,10,58.8,2,0,0,12,1,100,2010,Grand Final,2010-09-25,5145
Collingwood,Ben Johnson,4,8,11,73.3,0,0,0,3,0,96,2010,Grand Final,2010-09-25,5145
Collingwood,Travis Cloke,7,7,9,60.0,3,0,3,0,0,88,2010,Grand Final,2010-09-25,5145
Collingwood,Ben Reid,9,6,9,60.0,0,0,0,6,0,97,2010,Grand Final,2010-09-25,5145
Collingwood,Darren Jolly,8,5,8,57.1,2,0,0,2,1,80,2010,Grand Final,2010-09-25,5145
Collingwood,Heritier O Brien,6,8,11,78.6,1,0,0,0,1,100,2010,Grand Final,2010-09-25,5145
Collingwood,Luke Ball,8,5,11,84.6,0,0,0,5,0,65,2010,Grand Final,2010-09-25,5145
Collingwood,Leigh Brown,8,5,9,69.2,2,1,0,1,0,77,2010,Grand Final,2010-09-25,5145
Collingwood,Alan Toovey,5,5,8,61.5,0,0,0,5,0,98,2010,Grand Final,2010-09-25,5145
Collingwood,Sharrod Wellingham,6,7,6,46.2,1,0,0,2,1,67,2010,Grand Final,2010-09-25,5145
Collingwood,Chris Dawes,7,5,5,41.7,2,1,3,3,0,95,2010,Grand Final,2010-09-25,5145
Collingwood,Dayne Beams,5,7,6,50.0,0,0,0,2,0,66,2010,Grand Final,2010-09-25,5145
Collingwood,Brent Macaffer,6,5,8,72.7,1,0,1,0,0,75,2010,Grand Final,2010-09-25,5145
Collingwood,Jarryd Blair,6,4,5,50.0,0,0,1,3,0,67,2010,Grand Final,2010-09-25,5145
Collingwood,Nathan Brown,5,2,4,57.1,2,0,0,8,0,92,2010,Grand Final,2010-09-25,5145
Collingwood,Leon Davis,2,3,4,66.7,0,0,0,0,0,56,2010,Grand Final,2010-09-25,5145
St Kilda,Lenny Hayes,11,22,24,75.0,0,0,1,5,1,83,2010,Grand Final,2010-09-25,5145
St Kilda,Brendon Goddard,14,14,24,77.4,3,0,2,3,4,88,2010,Grand Final,2010-09-25,5145
St Kilda,Sam Fisher,10,15,16,64.0,5,1,0,5,0,100,2010,Grand Final,2010-09-25,5145
St Kilda,Leigh Montagna,10,14,17,73.9,0,0,0,3,0,89,2010,Grand Final,2010-09-25,5145
St Kilda,James Gwilt,8,12,19,86.4,0,0,0,6,0,96,2010,Grand Final,2010-09-25,5145
St Kilda,Adam Schneider,11,7,14,73.7,1,2,0,0,0,81,2010,Grand Final,2010-09-25,5145
St Kilda,Clinton Jones,8,10,14,73.7,0,0,0,1,0,79,2010,Grand Final,2010-09-25,5145
St Kilda,Nick Dal Santo,7,12,11,61.1,0,1,0,0,0,72,2010,Grand Final,2010-09-25,5145
St Kilda,Nick Riewoldt,8,8,8,50.0,3,0,4,3,0,97,2010,Grand Final,2010-09-25,5145
St Kilda,Sean Dempster,7,8,14,87.5,0,0,0,4,0,88,2010,Grand Final,2010-09-25,5145
St Kilda,Sam Gilbert,8,8,13,81.2,1,1,0,4,1,93,2010,Grand Final,2010-09-25,5145
St Kilda,Farren Ray,8,5,10,76.9,0,0,0,0,0,79,2010,Grand Final,2010-09-25,5145
St Kilda,Jason Blake,5,6,9,75.0,0,0,0,6,0,65,2010,Grand Final,2010-09-25,5145
St Kilda,Justin Koschitzke,4,7,7,63.6,0,2,1,0,0,81,2010,Grand Final,2010-09-25,5145
St Kilda,Jason Gram,3,8,5,45.5,0,0,0,5,0,84,2010,Grand Final,2010-09-25,5145
St Kilda,Robert Eddy,5,6,5,50.0,0,0,0,0,0,67,2010,Grand Final,2010-09-25,5145
St Kilda,Stephen Milne,5,3,7,77.8,1,0,2,0,1,88,2010,Grand Final,2010-09-25,5145
St Kilda,Steven Baker,4,6,5,62.5,1,0,0,3,0,83,2010,Grand Final,2010-09-25,5145
St Kilda,Brett Peake,2,5,4,50.0,1,0,0,1,0,79,2010,Grand Final,2010-09-25,5145
St Kilda,Zac Dawson,5,3,5,62.5,1,0,0,9,0,100,2010,Grand Final,2010-09-25,5145
St Kilda,Andrew Mcqualter,4,3,4,57.1,1,0,0,1,0,78,2010,Grand Final,2010-09-25,5145
St Kilda,Michael S  Gardiner,1,3,2,50.0,0,0,0,1,0,32,2010,Grand Final,2010-09-25,5145
Collingwood,Scott Pendlebury,6,22,21,72.4,0,1,0,0,0,80,2010,Grand Final,2010-10-02,5146
Collingwood,Heath Shaw,9,17,23,82.1,0,1,0,6,5,97,2010,Grand Final,2010-10-02,5146
Collingwood,Dale Thomas,10,18,17,63.0,0,0,1,3,2,80,2010,Grand Final,2010-10-02,5146
Collingwood,Dane Swan,8,17,21,80.8,0,0,0,2,1,90,2010,Grand Final,2010-10-02,5146
Collingwood,Luke Ball,10,15,14,56.0,0,0,0,3,0,66,2010,Grand Final,2010-10-02,5146
Collingwood,Steele Sidebottom,8,17,22,88.0,0,1,2,2,0,80,2010,Grand Final,2010-10-02,5146
Collingwood,Alan Didak,8,14,14,66.7,0,0,0,2,0,76,2010,Grand Final,2010-10-02,5146
Collingwood,Ben Johnson,4,16,15,75.0,0,1,1,0,4,90,2010,Grand Final,2010-10-02,5146
Collingwood,Nick Maxwell,3,17,15,75.0,1,0,0,5,0,98,2010,Grand Final,2010-10-02,5146
Collingwood,Sharrod Wellingham,9,11,11,55.0,0,1,1,2,0,70,2010,Grand Final,2010-10-02,5146
Collingwood,Heritier O Brien,7,9,14,77.8,0,0,1,2,3,100,2010,Grand Final,2010-10-02,5146
Collingwood,Alan Toovey,4,11,9,60.0,0,0,1,1,0,100,2010,Grand Final,2010-10-02,5146
Collingwood,Darren Jolly,8,6,10,71.4,1,1,1,2,0,78,2010,Grand Final,2010-10-02,5146
Collingwood,Brent Macaffer,7,7,9,64.3,1,0,1,0,0,83,2010,Grand Final,2010-10-02,5146
Collingwood,Leigh Brown,7,6,8,61.5,0,0,0,3,0,69,2010,Grand Final,2010-10-02,5146
Collingwood,Dayne Beams,5,6,5,45.5,0,1,1,1,0,65,2010,Grand Final,2010-10-02,5146
Collingwood,Chris Dawes,6,3,9,90.0,1,1,1,4,0,83,2010,Grand Final,2010-10-02,5146
Collingwood,Ben Reid,1,8,8,88.9,0,0,0,3,0,81,2010,Grand Final,2010-10-02,5146
Collingwood,Tyson Goldsack,2,7,8,88.9,0,0,1,3,0,66,2010,Grand Final,2010-10-02,5146
Collingwood,Jarryd Blair,3,6,5,55.6,0,0,0,0,0,68,2010,Grand Final,2010-10-02,5146
Collingwood,Travis Cloke,4,5,5,62.5,1,2,3,0,0,88,2010,Grand Final,2010-10-02,5146
Collingwood,Nathan Brown,5,3,6,75.0,2,0,0,15,0,94,2010,Grand Final,2010-10-02,5146
St Kilda,Nick Dal Santo,9,18,16,55.2,0,0,0,2,1,89,2010,Grand Final,2010-10-02,5146
St Kilda,Brendon Goddard,14,13,23,79.3,1,1,0,4,2,93,2010,Grand Final,2010-10-02,5146
St Kilda,Lenny Hayes,5,15,16,72.7,0,0,0,1,0,85,2010,Grand Final,2010-10-02,5146
St Kilda,James Gwilt,3,15,19,86.4,0,0,0,4,3,93,2010,Grand Final,2010-10-02,5146
St Kilda,Adam Schneider,7,12,11,57.9,0,0,1,3,3,77,2010,Grand Final,2010-10-02,5146
St Kilda,Nick Riewoldt,7,11,9,52.9,1,1,2,0,0,95,2010,Grand Final,2010-10-02,5146
St Kilda,Sam Gilbert,4,13,9,52.9,2,0,1,1,2,98,2010,Grand Final,2010-10-02,5146
St Kilda,Sam Fisher,7,10,14,87.5,0,0,1,2,0,60,2010,Grand Final,2010-10-02,5146
St Kilda,Clinton Jones,4,12,11,68.8,0,1,0,0,1,89,2010,Grand Final,2010-10-02,5146
St Kilda,Jason Gram,7,7,7,50.0,0,0,0,2,1,70,2010,Grand Final,2010-10-02,5146
St Kilda,Farren Ray,6,7,8,57.1,1,0,0,2,0,80,2010,Grand Final,2010-10-02,5146
St Kilda,Jason Blake,5,8,11,84.6,2,0,0,2,0,84,2010,Grand Final,2010-10-02,5146
St Kilda,Leigh Montagna,3,10,8,61.5,0,1,0,2,0,83,2010,Grand Final,2010-10-02,5146
St Kilda,Brett Peake,5,8,8,61.5,0,0,0,2,0,79,2010,Grand Final,2010-10-02,5146
St Kilda,Sean Dempster,7,5,11,91.7,0,0,0,7,0,86,2010,Grand Final,2010-10-02,5146
St Kilda,Justin Koschitzke,8,3,8,72.7,1,0,1,1,0,90,2010,Grand Final,2010-10-02,5146
St Kilda,Zac Dawson,7,4,9,81.8,1,0,0,4,0,96,2010,Grand Final,2010-10-02,5146
St Kilda,Ben Mcevoy,8,3,8,72.7,4,0,0,2,0,77,2010,Grand Final,2010-10-02,5146
St Kilda,Andrew Mcqualter,2,7,5,55.6,0,1,1,1,0,66,2010,Grand Final,2010-10-02,5146
St Kilda,Steven Baker,1,6,3,42.9,0,0,0,1,0,72,2010,Grand Final,2010-10-02,5146
St Kilda,Stephen Milne,2,4,6,100.0,0,0,2,0,1,83,2010,Grand Final,2010-10-02,5146
St Kilda,Robert Eddy,1,4,4,80.0,0,0,1,3,0,53,2010,Grand Final,2010-10-02,5146
