Team,Player_fw,Contested_Possessions_fw,Uncontested_Possessions_fw,Effective_Disposals,Disposal_Efficiency_Pct,Contested_Marks_fw,Goal_Assists_fw,Marks_Inside_50_fw,One_Percenters_fw,Bounces_fw,Centre_Clearances,Stoppage_Clearances,Score_Involvements_Actual,Metres_Gained,Turnovers,Intercepts,Tackles_Inside_50,Time_On_Ground_Pct,Season,Round_fw,Date,mid
Richmond,Dustin Martin,17,15,23,71.9,2,2,2,1,0,4,2,13,567,5,2,0,87,2018,Round 1,2018-03-22,9514
Richmond,Trent Cotchin,13,12,15,62.5,0,2,1,1,0,2,5,10,293,5,3,1,81,2018,Round 1,2018-03-22,9514
Richmond,Josh Caddy,11,10,14,73.7,1,0,2,0,1,3,1,6,424,2,1,0,80,2018,Round 1,2018-03-22,9514
Richmond,Kamdyn Mcintosh,3,15,11,57.9,0,0,1,1,1,1,0,7,644,5,4,0,69,2018,Round 1,2018-03-22,9514
Richmond,Jack Riewoldt,5,14,12,66.7,1,2,5,1,0,0,0,13,322,3,1,0,96,2018,Round 1,2018-03-22,9514
Richmond,Brandon Ellis,3,14,13,72.2,0,0,0,0,2,0,0,6,417,5,5,0,79,2018,Round 1,2018-03-22,9514
Richmond,Shaun Grigg,2,15,12,70.6,0,1,0,1,0,0,2,7,197,3,1,0,83,2018,Round 1,2018-03-22,9514
Richmond,Shane Edwards,9,7,14,87.5,1,0,0,2,0,0,2,5,270,4,6,0,75,2018,Round 1,2018-03-22,9514
Richmond,David Astbury,9,8,15,93.8,3,0,0,4,0,0,1,7,330,2,8,0,100,2018,Round 1,2018-03-22,9514
Richmond,Reece Conca,6,10,10,62.5,0,0,0,1,1,1,1,5,334,5,4,1,77,2018,Round 1,2018-03-22,9514
Richmond,Jayden Short,4,12,13,81.2,0,1,0,1,4,0,1,4,419,2,3,0,79,2018,Round 1,2018-03-22,9514
Richmond,Alex Rance,8,5,12,80.0,1,0,0,6,2,0,0,4,327,4,10,0,100,2018,Round 1,2018-03-22,9514
Richmond,Jason Castagna,7,8,14,93.3,0,1,2,2,0,2,1,9,251,2,1,3,76,2018,Round 1,2018-03-22,9514
Richmond,Toby Nankervis,12,4,8,57.1,0,0,0,3,0,2,3,4,65,0,2,1,86,2018,Round 1,2018-03-22,9514
Richmond,Kane Lambert,6,6,11,78.6,0,1,0,1,0,2,1,6,181,1,1,1,85,2018,Round 1,2018-03-22,9514
Richmond,Daniel Butler,7,6,10,76.9,0,2,1,1,2,0,0,9,344,3,4,2,76,2018,Round 1,2018-03-22,9514
Richmond,Jack Graham,9,6,10,76.9,0,1,0,0,0,1,1,4,135,0,2,1,69,2018,Round 1,2018-03-22,9514
Richmond,Nick Vlastuin,3,7,8,66.7,1,0,0,4,0,0,0,4,257,1,6,0,80,2018,Round 1,2018-03-22,9514
Richmond,Corey Ellis,7,6,8,66.7,0,1,0,5,1,0,1,2,174,3,5,0,72,2018,Round 1,2018-03-22,9514
Richmond,Jacob Townsend,6,3,6,66.7,2,0,5,1,0,0,0,7,166,2,0,1,90,2018,Round 1,2018-03-22,9514
Richmond,Dylan Grimes,3,2,3,50.0,1,0,0,3,0,0,0,0,118,3,5,0,84,2018,Round 1,2018-03-22,9514
Richmond,Shai Bolton,3,3,5,83.3,0,0,0,1,0,0,1,3,93,1,0,0,77,2018,Round 1,2018-03-22,9514
Carlton,Patrick Cripps,25,11,24,66.7,4,1,0,0,0,4,5,4,281,8,2,1,94,2018,Round 1,2018-03-22,9514
Carlton,Kade Simpson,10,21,30,85.7,2,0,0,2,5,0,1,8,903,6,9,0,91,2018,Round 1,2018-03-22,9514
Carlton,Edward Curnow,15,15,21,72.4,1,0,0,0,0,1,6,6,438,5,0,0,86,2018,Round 1,2018-03-22,9514
Carlton,Dale Thomas,10,15,17,70.8,0,0,0,1,0,0,3,0,262,3,5,0,83,2018,Round 1,2018-03-22,9514
Carlton,Marc Murphy,8,15,16,69.6,0,1,0,0,1,2,4,6,370,7,1,0,89,2018,Round 1,2018-03-22,9514
Carlton,Zac Fisher,8,15,17,81.0,0,1,0,4,0,3,0,8,377,2,1,0,81,2018,Round 1,2018-03-22,9514
Carlton,Caleb Marchbank,6,14,16,84.2,1,0,0,8,0,0,0,2,411,4,6,0,86,2018,Round 1,2018-03-22,9514
Carlton,Charlie Curnow,7,12,14,73.7,1,1,3,4,0,0,0,9,464,4,1,0,90,2018,Round 1,2018-03-22,9514
Carlton,Matthew Kreuzer,8,8,10,58.8,0,0,0,1,0,1,3,4,126,2,2,0,66,2018,Round 1,2018-03-22,9514
Carlton,Jarrod Garlett,6,12,9,52.9,0,0,1,0,0,0,0,3,264,3,3,0,75,2018,Round 1,2018-03-22,9514
Carlton,Jed Lamb,3,11,10,62.5,0,1,0,2,3,0,0,2,164,2,1,0,80,2018,Round 1,2018-03-22,9514
Carlton,Aaron Mullett,6,9,13,81.2,0,0,0,1,0,0,0,3,268,3,5,0,88,2018,Round 1,2018-03-22,9514
Carlton,Sam Petrevski Seton,6,12,12,75.0,0,0,0,0,0,1,1,6,210,1,0,2,77,2018,Round 1,2018-03-22,9514
Carlton,Ciaran Byrne,4,9,7,50.0,0,0,0,2,0,0,1,0,242,5,4,0,85,2018,Round 1,2018-03-22,9514
Carlton,Lachlan Plowman,2,9,12,92.3,0,0,0,8,0,0,0,1,165,3,4,0,96,2018,Round 1,2018-03-22,9514
Carlton,Matthew Wright,5,6,8,72.7,1,0,4,0,0,1,1,7,198,2,0,2,83,2018,Round 1,2018-03-22,9514
Carlton,Paddy Dow,4,7,3,27.3,0,0,0,2,0,1,0,2,150,5,1,0,71,2018,Round 1,2018-03-22,9514
Carlton,Liam Jones,5,4,7,70.0,0,0,0,8,0,0,0,2,100,2,8,0,97,2018,Round 1,2018-03-22,9514
Carlton,Levi Casboult,6,5,8,80.0,2,0,0,2,0,0,3,3,233,2,1,0,91,2018,Round 1,2018-03-22,9514
Carlton,Jacob Weitering,6,3,6,66.7,0,0,0,5,0,0,0,1,82,3,6,0,86,2018,Round 1,2018-03-22,9514
Carlton,Jack Silvagni,2,4,5,83.3,0,0,0,0,0,0,0,0,108,1,1,1,84,2018,Round 1,2018-03-22,9514
Carlton,Matthew Kennedy 1,0,4,3,75.0,0,1,0,0,0,0,0,2,58,1,0,0,24,2018,Round 1,2018-03-22,9514
Essendon,David Zaharakis,12,24,28,80.0,0,0,0,1,1,3,2,4,735,7,3,0,90,2018,Round 1,2018-03-23,9515
Essendon,Dyson Heppell,11,26,28,80.0,0,1,0,3,0,1,2,7,662,6,7,0,88,2018,Round 1,2018-03-23,9515
Essendon,Brendon Goddard,8,20,24,82.8,1,1,1,2,0,1,1,6,523,6,7,0,92,2018,Round 1,2018-03-23,9515
Essendon,Michael Hurley,12,17,21,75.0,1,0,0,1,0,0,0,4,408,4,14,0,91,2018,Round 1,2018-03-23,9515
Essendon,Andrew Mcgrath,11,17,21,80.8,0,0,1,2,2,0,2,8,226,4,5,0,85,2018,Round 1,2018-03-23,9515
Essendon,Devon Smith,8,15,19,82.6,0,0,0,0,2,1,5,6,419,5,1,0,87,2018,Round 1,2018-03-23,9515
Essendon,Kyle Langford,7,17,15,65.2,0,0,0,1,0,1,0,6,290,2,3,0,80,2018,Round 1,2018-03-23,9515
Essendon,Darcy Parish,6,14,13,68.4,0,2,0,1,0,2,3,8,362,6,0,2,86,2018,Round 1,2018-03-23,9515
Essendon,Jake Stringer,9,8,8,50.0,1,0,1,2,0,2,1,4,115,2,2,2,71,2018,Round 1,2018-03-23,9515
Essendon,James Stewart,6,10,13,81.2,2,2,5,0,0,0,0,10,354,4,4,2,83,2018,Round 1,2018-03-23,9515
Essendon,Cale Hooker,7,7,10,66.7,4,0,4,2,0,0,0,8,179,4,2,2,92,2018,Round 1,2018-03-23,9515
Essendon,Joe Daniher,6,9,7,46.7,2,0,3,0,0,0,0,7,189,7,0,0,100,2018,Round 1,2018-03-23,9515
Essendon,Conor Mckenna,4,8,11,78.6,0,0,0,4,5,0,0,4,331,2,2,0,85,2018,Round 1,2018-03-23,9515
Essendon,Anthony Mcdonald Tipungwuti,4,10,10,71.4,1,1,2,2,1,1,0,4,222,2,0,2,81,2018,Round 1,2018-03-23,9515
Essendon,Mitchell Brown 1,5,8,12,92.3,1,1,0,7,0,0,1,2,197,3,5,0,89,2018,Round 1,2018-03-23,9515
Essendon,Adam Saad,7,6,10,83.3,0,1,0,6,3,1,0,3,168,2,7,0,86,2018,Round 1,2018-03-23,9515
Essendon,Matthew Dea,6,7,11,100.0,0,0,0,3,0,0,0,2,63,1,7,0,73,2018,Round 1,2018-03-23,9515
Essendon,Joshua Green,8,4,6,54.5,0,0,1,1,0,0,0,6,225,4,1,1,74,2018,Round 1,2018-03-23,9515
Essendon,Joshua Begley,6,5,6,54.5,0,1,0,0,0,0,0,5,179,2,1,0,75,2018,Round 1,2018-03-23,9515
Essendon,Tom Bellchambers,5,4,9,100.0,1,0,1,4,0,0,1,5,212,0,4,0,85,2018,Round 1,2018-03-23,9515
Essendon,Michael Hartley,2,8,9,100.0,2,0,0,9,0,0,0,1,138,3,4,0,91,2018,Round 1,2018-03-23,9515
Essendon,Zachary Merrett,6,2,3,42.9,0,0,0,1,0,0,1,1,102,1,2,0,16,2018,Round 1,2018-03-23,9515
Adelaide,Matt Crouch,11,31,33,80.5,0,1,0,0,0,2,5,8,350,7,3,0,80,2018,Round 1,2018-03-23,9515
Adelaide,Rory Laird,14,27,35,87.5,0,0,0,1,0,0,1,7,502,4,15,0,81,2018,Round 1,2018-03-23,9515
Adelaide,Bryce Gibbs,13,21,24,68.6,0,0,2,0,1,4,3,7,581,6,4,0,87,2018,Round 1,2018-03-23,9515
Adelaide,Paul Seedsman,5,19,18,75.0,0,1,0,0,1,0,1,4,640,8,2,0,82,2018,Round 1,2018-03-23,9515
Adelaide,Rory Sloane,12,13,16,69.6,0,1,0,8,0,4,2,5,325,7,2,0,84,2018,Round 1,2018-03-23,9515
Adelaide,Tom Doedee,8,14,18,85.7,0,0,0,9,1,0,0,3,224,3,6,0,93,2018,Round 1,2018-03-23,9515
Adelaide,David Mackay,7,10,18,90.0,0,0,0,4,2,0,2,4,546,4,6,0,77,2018,Round 1,2018-03-23,9515
Adelaide,Jake Kelly,3,14,15,83.3,1,1,0,3,3,0,0,3,365,2,4,0,85,2018,Round 1,2018-03-23,9515
Adelaide,Cameron Ellis Yolmen,11,6,13,76.5,1,0,0,0,0,3,3,5,202,1,1,0,67,2018,Round 1,2018-03-23,9515
Adelaide,Luke Brown,1,10,14,93.3,0,0,0,2,0,0,0,3,369,5,5,0,82,2018,Round 1,2018-03-23,9515
Adelaide,Edward Betts,6,9,8,57.1,0,1,1,3,0,0,1,6,173,4,1,1,85,2018,Round 1,2018-03-23,9515
Adelaide,Daniel Talia,9,6,8,57.1,3,0,0,10,0,0,0,2,248,5,10,0,91,2018,Round 1,2018-03-23,9515
Adelaide,Rory Atkins,4,9,10,71.4,0,1,0,0,0,1,0,4,304,2,3,0,86,2018,Round 1,2018-03-23,9515
Adelaide,Richard Douglas,5,9,8,61.5,0,0,0,2,2,0,2,9,269,4,4,0,84,2018,Round 1,2018-03-23,9515
Adelaide,Sam Jacobs,6,9,12,92.3,1,0,0,3,0,0,2,4,66,3,1,0,84,2018,Round 1,2018-03-23,9515
Adelaide,Hugh Greenwood,8,3,7,53.8,0,0,0,0,0,2,1,5,119,4,3,0,65,2018,Round 1,2018-03-23,9515
Adelaide,Josh Jenkins,6,5,7,63.6,3,1,4,3,0,0,0,7,185,4,0,1,86,2018,Round 1,2018-03-23,9515
Adelaide,Kyle Hartigan,3,7,9,81.8,0,0,0,8,0,0,0,2,137,2,6,0,96,2018,Round 1,2018-03-23,9515
Adelaide,Curtly Hampton,0,9,8,88.9,0,0,2,0,0,0,0,3,126,1,0,0,60,2018,Round 1,2018-03-23,9515
Adelaide,Mitch Mcgovern,5,4,6,66.7,1,0,0,3,0,1,0,6,237,3,1,2,88,2018,Round 1,2018-03-23,9515
Adelaide,Darcy Fogarty,2,4,6,100.0,1,0,1,0,0,0,0,4,100,1,0,4,83,2018,Round 1,2018-03-23,9515
Adelaide,Lachlan Murphy,3,3,3,50.0,0,0,0,1,0,0,0,3,18,0,0,0,75,2018,Round 1,2018-03-23,9515
St Kilda,Jack Steven,13,21,25,73.5,0,1,0,2,1,3,2,10,535,7,1,0,76,2018,Round 1,2018-03-24,9516
St Kilda,Sebastian Ross,10,21,25,78.1,0,2,0,2,1,2,0,6,604,5,3,0,77,2018,Round 1,2018-03-24,9516
St Kilda,Blake Acres,12,19,25,83.3,1,0,1,3,0,0,1,9,354,3,8,0,85,2018,Round 1,2018-03-24,9516
St Kilda,Jarryn Geary,9,17,23,85.2,0,0,0,2,1,0,2,1,389,4,7,1,87,2018,Round 1,2018-03-24,9516
St Kilda,Jack Billings,11,17,17,65.4,0,3,3,0,0,0,0,14,495,4,3,1,89,2018,Round 1,2018-03-24,9516
St Kilda,Jack Newnes,7,20,17,68.0,0,0,0,4,3,1,1,6,415,5,5,0,89,2018,Round 1,2018-03-24,9516
St Kilda,David Armitage,7,17,21,87.5,0,1,0,0,0,3,1,7,141,1,2,0,75,2018,Round 1,2018-03-24,9516
St Kilda,Shane Savage,3,21,19,79.2,0,0,0,3,2,0,0,5,434,5,3,0,88,2018,Round 1,2018-03-24,9516
St Kilda,Dylan Roberton,5,18,19,79.2,0,1,0,2,0,0,0,3,358,2,7,0,81,2018,Round 1,2018-03-24,9516
St Kilda,Koby Stevens,9,15,18,78.3,0,0,0,2,0,2,1,4,53,0,2,0,77,2018,Round 1,2018-03-24,9516
St Kilda,Jimmy Webster,3,16,12,66.7,0,0,0,7,0,0,0,5,299,4,5,0,84,2018,Round 1,2018-03-24,9516
St Kilda,Jack Steele,6,13,15,83.3,0,2,0,1,0,0,0,5,205,3,4,0,71,2018,Round 1,2018-03-24,9516
St Kilda,Tim Membrey,4,12,10,62.5,2,1,6,1,1,0,0,10,261,1,0,2,89,2018,Round 1,2018-03-24,9516
St Kilda,Jade Gresham,6,11,14,87.5,0,0,0,1,1,0,4,6,301,2,0,1,85,2018,Round 1,2018-03-24,9516
St Kilda,Ben Long,4,12,10,66.7,0,0,1,3,0,1,0,5,161,6,3,0,83,2018,Round 1,2018-03-24,9516
St Kilda,Jake Carlisle,5,9,13,100.0,1,0,0,2,0,0,0,2,91,0,7,0,95,2018,Round 1,2018-03-24,9516
St Kilda,Josh Bruce,4,9,10,83.3,0,1,1,2,1,0,0,5,231,0,1,0,90,2018,Round 1,2018-03-24,9516
St Kilda,Jack Sinclair,6,7,8,66.7,0,0,0,6,0,0,1,4,31,3,2,0,78,2018,Round 1,2018-03-24,9516
St Kilda,Hunter Clark,1,11,9,75.0,1,1,0,2,0,0,0,4,219,1,1,0,62,2018,Round 1,2018-03-24,9516
St Kilda,Nathan Brown,2,6,7,100.0,0,0,0,7,0,0,0,2,147,1,4,0,91,2018,Round 1,2018-03-24,9516
St Kilda,Billy Longer,3,4,5,71.4,0,0,0,2,0,0,2,1,4,0,2,0,80,2018,Round 1,2018-03-24,9516
St Kilda,Paddy Mccartin,3,4,3,42.9,0,1,1,0,0,0,0,2,101,4,0,0,69,2018,Round 1,2018-03-24,9516
Brisbane Lions,Lewis Taylor,8,20,20,74.1,0,1,0,2,0,1,1,7,307,6,2,0,85,2018,Round 1,2018-03-24,9516
Brisbane Lions,Nicholas Robertson,11,15,22,81.5,0,0,0,0,1,2,3,2,284,3,5,1,86,2018,Round 1,2018-03-24,9516
Brisbane Lions,Dayne Beams,11,15,16,61.5,1,0,1,1,0,2,5,8,345,6,0,2,87,2018,Round 1,2018-03-24,9516
Brisbane Lions,Luke Hodge,8,13,19,76.0,0,0,0,3,0,0,0,2,284,3,11,0,81,2018,Round 1,2018-03-24,9516
Brisbane Lions,Mitch Robinson,11,14,17,73.9,2,0,0,2,0,1,2,6,354,3,0,0,72,2018,Round 1,2018-03-24,9516
Brisbane Lions,Allen Christensen,6,16,15,71.4,0,1,0,2,0,1,2,6,197,3,2,0,85,2018,Round 1,2018-03-24,9516
Brisbane Lions,Alex Witherden,6,12,18,85.7,0,0,0,2,0,2,0,2,239,1,6,0,79,2018,Round 1,2018-03-24,9516
Brisbane Lions,Stefan Martin,10,10,13,68.4,0,1,0,3,1,2,3,6,171,3,2,0,94,2018,Round 1,2018-03-24,9516
Brisbane Lions,Sam Mayes,4,14,13,68.4,0,0,1,3,0,0,2,4,357,4,4,1,88,2018,Round 1,2018-03-24,9516
Brisbane Lions,Jarrod Berry,6,13,16,84.2,0,1,2,3,0,2,1,5,290,2,1,0,73,2018,Round 1,2018-03-24,9516
Brisbane Lions,Ryan Lester,9,8,13,72.2,0,0,0,0,0,2,2,5,186,4,3,0,83,2018,Round 1,2018-03-24,9516
Brisbane Lions,Hugh Mccluggage,4,14,10,55.6,0,0,1,1,0,0,0,5,340,3,4,0,85,2018,Round 1,2018-03-24,9516
Brisbane Lions,Charlie Cameron,8,10,11,64.7,1,0,1,1,0,0,2,11,269,5,1,2,88,2018,Round 1,2018-03-24,9516
Brisbane Lions,Tom Bell,9,7,10,62.5,0,1,1,3,0,2,2,4,215,4,3,0,69,2018,Round 1,2018-03-24,9516
Brisbane Lions,Dayne Zorko,4,9,3,21.4,0,0,0,2,1,0,0,4,296,4,1,1,88,2018,Round 1,2018-03-24,9516
Brisbane Lions,Darcy Gardiner,6,8,10,76.9,1,0,0,5,0,0,0,0,141,3,6,0,89,2018,Round 1,2018-03-24,9516
Brisbane Lions,Daniel Mcstay,2,8,10,90.9,0,0,0,6,0,0,0,1,86,0,4,0,89,2018,Round 1,2018-03-24,9516
Brisbane Lions,Harris Andrews,3,7,8,72.7,1,1,0,5,0,0,0,1,154,1,3,0,98,2018,Round 1,2018-03-24,9516
Brisbane Lions,Joshua Walker,2,6,5,62.5,0,0,1,1,0,0,0,3,140,3,0,0,88,2018,Round 1,2018-03-24,9516
Brisbane Lions,Cameron Rayner,4,5,5,62.5,2,0,1,0,0,0,0,3,163,2,0,1,71,2018,Round 1,2018-03-24,9516
Brisbane Lions,Daniel Rich,3,4,5,71.4,0,0,0,0,0,0,1,0,76,2,2,0,28,2018,Round 1,2018-03-24,9516
Brisbane Lions,Eric Hipwood,4,4,6,85.7,1,2,0,0,0,0,1,4,160,3,1,2,93,2018,Round 1,2018-03-24,9516
Port Adelaide,Riley Bonner,9,22,25,80.6,0,0,0,1,0,0,2,7,689,4,7,0,85,2018,Round 1,2018-03-24,9517
Port Adelaide,Jared Polec,7,21,23,79.3,0,0,0,1,0,1,1,10,167,3,7,0,77,2018,Round 1,2018-03-24,9517
Port Adelaide,Bradley Ebert,9,19,21,75.0,0,1,0,3,0,1,1,9,300,5,1,0,85,2018,Round 1,2018-03-24,9517
Port Adelaide,Oliver Wines,11,17,18,64.3,0,1,0,2,0,1,8,4,301,5,3,0,75,2018,Round 1,2018-03-24,9517
Port Adelaide,Darcy Byrne Jones,15,14,21,75.0,0,1,0,1,2,1,9,6,397,3,2,0,89,2018,Round 1,2018-03-24,9517
Port Adelaide,Travis Boak,9,18,19,73.1,0,1,3,1,0,1,0,8,251,4,2,0,83,2018,Round 1,2018-03-24,9517
Port Adelaide,Justin Westhoff,13,16,17,68.0,0,0,0,11,0,2,2,7,224,5,7,0,87,2018,Round 1,2018-03-24,9517
Port Adelaide,Hamish Hartlett,9,14,17,73.9,1,0,0,6,0,1,1,7,620,2,7,0,86,2018,Round 1,2018-03-24,9517
Port Adelaide,Chad Wingard,7,16,19,82.6,1,2,3,1,3,2,1,15,441,4,0,0,91,2018,Round 1,2018-03-24,9517
Port Adelaide,Dom Barry,5,16,15,68.2,0,0,0,0,0,0,1,8,348,4,3,0,86,2018,Round 1,2018-03-24,9517
Port Adelaide,Jack Watts,5,15,14,70.0,0,0,2,0,0,1,0,10,251,2,1,2,92,2018,Round 1,2018-03-24,9517
Port Adelaide,Charlie Dixon,11,9,13,65.0,2,0,3,2,0,1,2,8,342,1,2,1,92,2018,Round 1,2018-03-24,9517
Port Adelaide,Steven Motlop,3,16,18,94.7,0,1,1,1,5,0,0,9,327,0,0,1,86,2018,Round 1,2018-03-24,9517
Port Adelaide,Sam Powell Pepper,7,12,10,52.6,0,0,2,1,0,2,1,7,424,3,0,1,72,2018,Round 1,2018-03-24,9517
Port Adelaide,Dan Houston,3,13,16,94.1,0,0,0,3,0,0,0,5,224,1,2,0,85,2018,Round 1,2018-03-24,9517
Port Adelaide,Thomas Jonas,5,10,14,87.5,1,0,0,8,0,0,0,4,324,2,6,0,96,2018,Round 1,2018-03-24,9517
Port Adelaide,Tom Clurey,1,15,13,81.2,0,0,0,2,0,0,0,4,293,2,3,0,85,2018,Round 1,2018-03-24,9517
Port Adelaide,Tom Rockliff,1,11,9,75.0,0,1,1,1,0,0,0,5,123,1,0,1,69,2018,Round 1,2018-03-24,9517
Port Adelaide,Sam Gray,4,6,10,90.9,0,2,0,0,0,0,1,5,70,1,2,0,84,2018,Round 1,2018-03-24,9517
Port Adelaide,Dougal Howard,6,5,9,90.0,0,0,0,22,0,0,0,1,180,3,7,0,82,2018,Round 1,2018-03-24,9517
Port Adelaide,Todd Marshall,3,6,8,80.0,0,1,2,0,0,0,1,7,206,2,2,1,69,2018,Round 1,2018-03-24,9517
Port Adelaide,Patrick Ryder,3,3,4,66.7,0,1,1,3,0,0,0,4,84,1,1,0,43,2018,Round 1,2018-03-24,9517
Fremantle,Lachie Neale,17,21,24,63.2,0,1,0,0,1,3,3,6,320,5,3,0,78,2018,Round 1,2018-03-24,9517
Fremantle,Nathan Fyfe,13,10,15,68.2,0,0,0,2,0,2,1,4,367,4,2,1,82,2018,Round 1,2018-03-24,9517
Fremantle,David Mundy,13,11,16,76.2,0,1,0,1,0,0,5,5,181,1,1,0,73,2018,Round 1,2018-03-24,9517
Fremantle,Matthew Taberner,7,12,15,75.0,2,1,1,0,0,1,0,4,317,2,7,0,97,2018,Round 1,2018-03-24,9517
Fremantle,Brandon Matera,2,17,15,78.9,0,1,1,2,1,0,0,4,362,4,0,1,82,2018,Round 1,2018-03-24,9517
Fremantle,Michael Walters,8,11,14,77.8,0,1,0,0,0,0,3,4,370,4,1,1,84,2018,Round 1,2018-03-24,9517
Fremantle,Cameron Sutcliffe,5,13,14,82.4,0,0,0,3,0,0,0,1,194,3,5,0,86,2018,Round 1,2018-03-24,9517
Fremantle,Connor Blakely,7,10,15,88.2,0,0,0,3,0,0,2,1,201,4,3,0,83,2018,Round 1,2018-03-24,9517
Fremantle,Ed Langdon,1,15,12,70.6,0,0,0,0,0,0,1,2,315,2,0,0,79,2018,Round 1,2018-03-24,9517
Fremantle,Aaron Sandilands,12,5,13,81.2,3,0,0,0,0,3,3,2,54,2,1,0,81,2018,Round 1,2018-03-24,9517
Fremantle,Luke Ryan,5,10,15,93.8,0,0,0,3,2,0,0,2,478,4,8,0,84,2018,Round 1,2018-03-24,9517
Fremantle,Bradley Hill,1,14,7,46.7,0,0,0,1,1,0,0,1,428,9,3,2,72,2018,Round 1,2018-03-24,9517
Fremantle,Nathan Wilson,2,11,13,86.7,0,0,0,2,0,0,0,4,296,2,5,0,85,2018,Round 1,2018-03-24,9517
Fremantle,Michael Johnson,1,12,13,92.9,0,0,0,3,0,0,0,1,241,1,6,0,90,2018,Round 1,2018-03-24,9517
Fremantle,Cameron Mccarthy,5,8,7,53.8,1,0,1,0,0,0,0,6,337,2,0,1,87,2018,Round 1,2018-03-24,9517
Fremantle,Danyle Pearce,3,9,9,75.0,0,1,0,2,1,1,0,1,173,2,3,0,76,2018,Round 1,2018-03-24,9517
Fremantle,Shane Kersten,4,7,8,66.7,0,0,0,2,0,1,0,2,236,3,0,0,82,2018,Round 1,2018-03-24,9517
Fremantle,Darcy Tucker,5,7,12,100.0,0,0,0,2,0,1,2,3,226,0,0,0,77,2018,Round 1,2018-03-24,9517
Fremantle,Andrew Brayshaw,7,5,9,75.0,1,0,0,1,0,0,2,3,150,3,2,0,66,2018,Round 1,2018-03-24,9517
Fremantle,Bailey Banfield,4,7,8,66.7,1,0,0,1,0,0,0,1,268,3,2,0,82,2018,Round 1,2018-03-24,9517
Fremantle,Hayden Ballantyne,4,8,7,70.0,0,1,0,1,0,0,1,1,124,3,1,0,82,2018,Round 1,2018-03-24,9517
Fremantle,Alex Pearce,6,5,8,80.0,2,0,0,6,0,0,0,0,81,1,6,0,93,2018,Round 1,2018-03-24,9517
Gold Coast,David Swallow,14,17,17,53.1,0,1,0,1,0,0,1,4,387,4,8,1,79,2018,Round 1,2018-03-24,9518
Gold Coast,Matthew Rosa,19,5,14,53.8,0,0,0,1,0,0,4,2,299,5,7,0,83,2018,Round 1,2018-03-24,9518
Gold Coast,Aaron Young,12,12,13,50.0,0,1,1,2,0,0,2,5,359,9,3,3,81,2018,Round 1,2018-03-24,9518
Gold Coast,Jarrod Witts,15,8,11,44.0,1,0,0,5,0,1,6,5,376,7,5,0,88,2018,Round 1,2018-03-24,9518
Gold Coast,Jarrod Harbrow,7,13,14,60.9,0,0,0,0,0,1,2,0,500,5,8,0,80,2018,Round 1,2018-03-24,9518
Gold Coast,Jarryd Lyons,13,4,7,33.3,0,0,1,0,0,2,5,2,280,5,3,0,77,2018,Round 1,2018-03-24,9518
Gold Coast,Jack Martin,6,14,11,52.4,0,2,0,0,0,1,3,6,263,6,1,0,81,2018,Round 1,2018-03-24,9518
Gold Coast,Touk Miller,17,7,13,61.9,0,0,1,9,0,2,9,5,277,5,4,1,83,2018,Round 1,2018-03-24,9518
Gold Coast,Brayden Fiorini,7,12,10,47.6,0,0,1,0,0,1,3,4,373,5,3,1,71,2018,Round 1,2018-03-24,9518
Gold Coast,Lachlan Weller,10,6,10,50.0,0,0,0,1,0,0,1,2,270,2,7,1,79,2018,Round 1,2018-03-24,9518
Gold Coast,Jack Bowes,8,8,11,55.0,0,0,0,3,0,1,1,1,482,9,7,0,71,2018,Round 1,2018-03-24,9518
Gold Coast,Alex Sexton,8,8,5,27.8,0,0,1,1,0,0,1,4,354,7,1,1,84,2018,Round 1,2018-03-24,9518
Gold Coast,Kade Kolodjashnij,6,9,11,61.1,0,0,1,5,0,0,0,1,165,3,10,0,84,2018,Round 1,2018-03-24,9518
Gold Coast,Michael Rischitelli,6,11,7,41.2,1,0,1,3,0,0,0,1,389,7,4,0,90,2018,Round 1,2018-03-24,9518
Gold Coast,Darcy Macpherson,7,9,7,41.2,0,0,0,3,0,0,2,4,221,4,2,2,84,2018,Round 1,2018-03-24,9518
Gold Coast,Thomas Lynch,10,5,9,56.2,2,0,1,6,0,0,0,2,344,9,1,1,96,2018,Round 1,2018-03-24,9518
Gold Coast,Steven May,8,4,10,66.7,2,0,0,3,0,0,0,0,295,3,9,0,88,2018,Round 1,2018-03-24,9518
Gold Coast,Nicholas Holman,10,3,6,46.2,1,0,1,3,0,0,1,2,218,5,5,4,81,2018,Round 1,2018-03-24,9518
Gold Coast,Ben Ainsworth,10,3,7,63.6,0,0,1,3,0,0,2,3,140,4,4,2,63,2018,Round 1,2018-03-24,9518
Gold Coast,Sam Day,6,5,5,50.0,0,0,0,5,0,0,2,2,180,3,3,1,78,2018,Round 1,2018-03-24,9518
Gold Coast,Jesse Joyce,5,3,6,75.0,0,0,0,8,0,0,0,0,49,0,5,0,90,2018,Round 1,2018-03-24,9518
Gold Coast,Rory Thompson,4,1,2,50.0,0,0,0,15,0,0,0,0,28,1,4,0,88,2018,Round 1,2018-03-24,9518
North Melbourne,Jamie Macmillan,12,7,15,57.7,0,0,0,6,0,0,0,2,605,9,14,0,87,2018,Round 1,2018-03-24,9518
North Melbourne,Ryan Clarke,7,12,16,61.5,0,0,0,1,1,0,1,2,523,7,9,0,81,2018,Round 1,2018-03-24,9518
North Melbourne,Billy Hartung,8,13,10,45.5,0,0,0,2,1,0,1,4,233,5,5,3,89,2018,Round 1,2018-03-24,9518
North Melbourne,Jy Simpkin,16,6,7,31.8,0,0,0,3,0,0,3,2,281,7,6,0,78,2018,Round 1,2018-03-24,9518
North Melbourne,Shaun Higgins,13,5,11,52.4,0,0,0,2,0,0,4,5,441,5,4,1,85,2018,Round 1,2018-03-24,9518
North Melbourne,Jack Ziebell,12,9,11,52.4,2,0,1,3,0,1,1,4,454,7,2,1,95,2018,Round 1,2018-03-24,9518
North Melbourne,Ben Cunnington,13,6,12,57.1,1,2,0,3,0,1,5,5,271,4,6,1,73,2018,Round 1,2018-03-24,9518
North Melbourne,Scott Thompson 1,16,5,10,50.0,1,0,0,15,0,0,0,0,236,6,17,0,100,2018,Round 1,2018-03-24,9518
North Melbourne,Shaun Atley,7,12,10,52.6,0,0,0,1,0,0,1,5,393,5,3,0,88,2018,Round 1,2018-03-24,9518
North Melbourne,Trent Dumont,10,6,8,44.4,0,0,0,0,0,1,2,4,321,4,5,1,79,2018,Round 1,2018-03-24,9518
North Melbourne,Ed Vickers Willis,11,5,7,43.8,1,0,0,14,0,0,1,0,156,6,10,0,87,2018,Round 1,2018-03-24,9518
North Melbourne,Jarrad Waite,9,6,8,53.3,0,0,0,2,0,1,2,3,216,5,0,0,93,2018,Round 1,2018-03-24,9518
North Melbourne,Todd Goldstein,8,6,8,57.1,1,0,1,6,0,0,1,2,280,5,7,0,76,2018,Round 1,2018-03-24,9518
North Melbourne,Luke Mcdonald,12,6,4,28.6,0,0,0,7,1,0,3,0,303,5,6,0,89,2018,Round 1,2018-03-24,9518
North Melbourne,Marley Williams,3,8,5,41.7,2,0,0,1,0,0,0,0,357,5,6,0,77,2018,Round 1,2018-03-24,9518
North Melbourne,Jed Anderson,7,4,3,25.0,0,0,0,3,0,0,2,1,236,5,1,1,69,2018,Round 1,2018-03-24,9518
North Melbourne,Kayne Turner,7,4,7,58.3,0,0,0,1,0,0,0,3,122,0,2,0,81,2018,Round 1,2018-03-24,9518
North Melbourne,Robert Tarrant,6,5,3,33.3,0,0,0,10,0,0,1,2,101,4,6,0,87,2018,Round 1,2018-03-24,9518
North Melbourne,Nathan Hrovat,2,4,4,50.0,0,0,0,0,0,0,1,1,47,3,0,0,73,2018,Round 1,2018-03-24,9518
North Melbourne,Luke Davies Uniacke,4,4,3,37.5,0,0,0,1,0,0,0,2,71,3,1,0,67,2018,Round 1,2018-03-24,9518
North Melbourne,Ben Jacobs,4,3,2,33.3,0,0,0,3,0,1,0,0,72,2,2,0,81,2018,Round 1,2018-03-24,9518
North Melbourne,Ben Brown,1,3,1,25.0,0,0,0,4,0,0,1,1,82,1,0,0,65,2018,Round 1,2018-03-24,9518
Hawthorn,Tom Mitchell,27,28,38,70.4,0,1,1,0,2,3,6,9,563,12,9,0,92,2018,Round 1,2018-03-24,9519
Hawthorn,Jaeger O Meara,14,14,16,59.3,0,0,0,1,0,5,1,5,310,6,3,0,77,2018,Round 1,2018-03-24,9519
Hawthorn,James Sicily,11,11,22,84.6,3,0,0,9,0,0,0,4,477,2,11,0,91,2018,Round 1,2018-03-24,9519
Hawthorn,Isaac Smith,7,17,20,83.3,0,0,2,1,2,0,2,6,486,3,5,1,85,2018,Round 1,2018-03-24,9519
Hawthorn,Jack Gunston,8,13,15,68.2,0,2,1,5,0,0,0,12,342,4,3,0,91,2018,Round 1,2018-03-24,9519
Hawthorn,Ricky Henderson,5,15,17,81.0,0,0,0,2,2,1,1,7,511,5,1,0,77,2018,Round 1,2018-03-24,9519
Hawthorn,Daniel Howe,8,12,15,75.0,1,1,0,1,0,1,2,3,205,3,2,1,80,2018,Round 1,2018-03-24,9519
Hawthorn,Jarman Impey,6,12,12,66.7,0,0,0,0,2,0,1,7,200,3,2,0,76,2018,Round 1,2018-03-24,9519
Hawthorn,Luke Breust,8,9,12,70.6,0,1,1,1,0,0,0,7,94,5,3,1,85,2018,Round 1,2018-03-24,9519
Hawthorn,Taylor Duryea,5,12,12,70.6,0,0,0,1,0,0,0,2,191,6,6,0,84,2018,Round 1,2018-03-24,9519
Hawthorn,James Frawley,6,8,12,80.0,0,0,0,12,0,0,0,2,364,5,8,0,91,2018,Round 1,2018-03-24,9519
Hawthorn,Liam Shiels,7,8,6,40.0,1,0,0,4,0,0,2,5,225,4,2,0,76,2018,Round 1,2018-03-24,9519
Hawthorn,Paul Puopolo,7,9,11,73.3,0,1,0,0,0,0,0,5,134,3,3,2,91,2018,Round 1,2018-03-24,9519
Hawthorn,Tim O Brien,6,8,11,73.3,0,0,0,10,0,0,1,1,234,6,6,0,87,2018,Round 1,2018-03-24,9519
Hawthorn,Blake Hardwick,4,11,13,86.7,0,0,0,5,0,0,0,4,264,4,5,0,85,2018,Round 1,2018-03-24,9519
Hawthorn,Shaun Burgoyne,6,10,10,71.4,0,1,2,5,0,1,2,9,342,4,2,1,84,2018,Round 1,2018-03-24,9519
Hawthorn,Cyril Rioli,6,7,7,50.0,0,1,2,2,0,0,0,4,283,5,2,0,67,2018,Round 1,2018-03-24,9519
Hawthorn,Ben Mcevoy,9,3,9,75.0,0,0,0,6,0,1,2,3,61,3,6,0,74,2018,Round 1,2018-03-24,9519
Hawthorn,Benjamin Stratton,4,8,11,91.7,0,0,0,9,0,0,0,2,59,1,5,0,97,2018,Round 1,2018-03-24,9519
Hawthorn,Ryan Schoenmakers,4,5,8,72.7,0,0,0,4,0,0,1,2,200,1,2,0,84,2018,Round 1,2018-03-24,9519
Hawthorn,Jarryd Roughead,5,6,8,80.0,1,0,2,4,0,0,0,2,97,1,0,1,87,2018,Round 1,2018-03-24,9519
Hawthorn,Ryan Burton,3,7,5,62.5,0,0,0,2,0,0,0,2,53,2,3,0,39,2018,Round 1,2018-03-24,9519
Collingwood,Adam Treloar,13,18,14,42.4,0,0,0,1,1,1,3,4,406,7,4,1,81,2018,Round 1,2018-03-24,9519
Collingwood,Steele Sidebottom,10,20,23,74.2,0,0,0,3,0,2,4,6,441,8,4,0,88,2018,Round 1,2018-03-24,9519
Collingwood,Scott Pendlebury,13,13,19,73.1,0,0,0,2,0,4,4,3,342,5,6,2,79,2018,Round 1,2018-03-24,9519
Collingwood,Taylor Adams,15,6,12,60.0,0,0,0,0,0,4,1,2,221,7,4,1,85,2018,Round 1,2018-03-24,9519
Collingwood,Tom Phillips,6,12,14,70.0,0,0,0,0,1,0,2,4,288,6,4,1,85,2018,Round 1,2018-03-24,9519
Collingwood,Brayden Maynard,5,14,15,78.9,1,0,0,2,0,0,2,3,486,4,3,0,83,2018,Round 1,2018-03-24,9519
Collingwood,Samuel Murray,8,14,14,73.7,1,0,0,1,2,0,1,1,314,8,5,0,69,2018,Round 1,2018-03-24,9519
Collingwood,Josh Thomas,11,5,12,70.6,0,1,2,0,0,1,4,6,168,4,3,2,79,2018,Round 1,2018-03-24,9519
Collingwood,Jack Crisp,13,6,11,64.7,2,0,0,2,0,0,1,1,277,5,9,0,87,2018,Round 1,2018-03-24,9519
Collingwood,James Aish,7,10,13,76.5,0,2,0,0,0,0,2,6,165,1,5,0,80,2018,Round 1,2018-03-24,9519
Collingwood,Will Hoskin Elliott,7,9,13,81.2,0,0,0,2,0,0,0,4,259,1,3,0,86,2018,Round 1,2018-03-24,9519
Collingwood,Jaidyn Stephenson,5,12,11,68.8,0,1,0,1,0,1,0,2,312,5,3,0,74,2018,Round 1,2018-03-24,9519
Collingwood,Darcy Moore,6,7,12,80.0,2,0,1,6,0,0,0,3,242,5,6,1,89,2018,Round 1,2018-03-24,9519
Collingwood,Tom Langdon,8,7,12,85.7,2,0,0,4,0,0,0,2,56,2,9,0,86,2018,Round 1,2018-03-24,9519
Collingwood,Josh Smith 1,4,11,10,71.4,0,1,0,2,0,0,0,5,239,6,2,3,83,2018,Round 1,2018-03-24,9519
Collingwood,Lynden Dunn,4,6,10,83.3,0,0,0,3,0,0,0,1,178,2,6,0,93,2018,Round 1,2018-03-24,9519
Collingwood,Jeremy Howe,4,9,11,91.7,0,0,0,5,0,0,0,3,408,1,5,0,92,2018,Round 1,2018-03-24,9519
Collingwood,Brodie Grundy,7,7,7,58.3,1,0,0,5,0,0,1,3,74,3,5,0,83,2018,Round 1,2018-03-24,9519
Collingwood,Ben Reid,5,6,9,81.8,1,0,1,1,0,0,0,1,170,1,0,1,84,2018,Round 1,2018-03-24,9519
Collingwood,Ben Crocker,6,3,4,44.4,0,0,2,4,0,0,0,6,209,3,1,3,70,2018,Round 1,2018-03-24,9519
Collingwood,Travis Varcoe,4,2,4,57.1,0,0,0,3,0,0,0,1,58,1,3,1,68,2018,Round 1,2018-03-24,9519
Collingwood,Mason Cox,4,3,4,66.7,0,0,0,6,0,2,0,1,85,3,0,0,75,2018,Round 1,2018-03-24,9519
Greater Western Sydney,Lachie Whitfield,11,21,29,85.3,0,1,0,1,1,1,1,9,577,4,10,0,85,2018,Round 1,2018-03-25,9520
Greater Western Sydney,Stephen Coniglio,12,19,23,71.9,0,0,0,0,2,3,2,9,560,6,4,0,87,2018,Round 1,2018-03-25,9520
Greater Western Sydney,Tim Taranto,12,21,20,62.5,2,1,0,0,0,2,6,6,524,7,2,0,87,2018,Round 1,2018-03-25,9520
Greater Western Sydney,Joshua Kelly,5,23,22,75.9,0,1,1,1,0,0,1,5,301,6,0,0,89,2018,Round 1,2018-03-25,9520
Greater Western Sydney,Dylan Shiel,14,14,23,82.1,0,3,0,0,3,3,3,8,306,4,4,0,77,2018,Round 1,2018-03-25,9520
Greater Western Sydney,Toby Greene,4,19,20,80.0,0,4,5,0,1,0,0,12,302,3,1,0,75,2018,Round 1,2018-03-25,9520
Greater Western Sydney,Callan Ward,10,13,19,79.2,0,0,1,0,2,4,3,7,473,3,1,0,85,2018,Round 1,2018-03-25,9520
Greater Western Sydney,Matthew Deboer,6,18,19,82.6,0,1,1,0,0,0,3,9,248,2,3,0,85,2018,Round 1,2018-03-25,9520
Greater Western Sydney,Heath Shaw,6,15,20,90.9,0,0,0,3,3,0,0,3,372,2,8,1,87,2018,Round 1,2018-03-25,9520
Greater Western Sydney,Nick Haynes,5,16,17,81.0,1,0,0,3,0,0,0,4,430,1,6,0,88,2018,Round 1,2018-03-25,9520
Greater Western Sydney,Adam Tomlinson,5,15,16,80.0,0,0,1,2,0,0,1,4,332,3,3,0,95,2018,Round 1,2018-03-25,9520
Greater Western Sydney,Jeremy Finlayson,1,16,19,95.0,0,0,0,2,1,0,0,4,385,4,5,0,68,2018,Round 1,2018-03-25,9520
Greater Western Sydney,Brett Deledio,5,13,14,77.8,0,0,0,0,0,1,0,3,218,2,2,0,66,2018,Round 1,2018-03-25,9520
Greater Western Sydney,Jeremy Cameron,8,9,10,55.6,2,1,6,0,1,0,0,12,423,7,1,0,85,2018,Round 1,2018-03-25,9520
Greater Western Sydney,Phil Davis,5,8,12,85.7,1,0,0,10,0,1,0,2,214,2,11,0,90,2018,Round 1,2018-03-25,9520
Greater Western Sydney,Jonathon Patton,7,8,9,64.3,0,1,4,2,0,0,3,8,228,5,2,0,85,2018,Round 1,2018-03-25,9520
Greater Western Sydney,Samuel Reid,6,8,10,71.4,0,1,0,2,0,0,0,5,80,2,6,1,82,2018,Round 1,2018-03-25,9520
Greater Western Sydney,Daniel Lloyd,4,8,9,69.2,0,0,0,1,0,0,0,6,313,0,3,3,69,2018,Round 1,2018-03-25,9520
Greater Western Sydney,Harrison Himmelberg,3,8,10,90.9,0,1,1,2,0,0,0,4,255,3,3,0,83,2018,Round 1,2018-03-25,9520
Greater Western Sydney,Rory Lobb,6,5,8,80.0,1,1,0,5,0,0,0,6,109,0,1,0,81,2018,Round 1,2018-03-25,9520
Greater Western Sydney,Aidan Corr,3,5,5,62.5,0,0,0,5,0,0,0,0,207,2,4,0,78,2018,Round 1,2018-03-25,9520
Greater Western Sydney,Zac Giles Langdon,3,5,6,85.7,1,0,2,2,0,0,0,4,64,3,1,4,72,2018,Round 1,2018-03-25,9520
Western Bulldogs,Lachlan Hunter,10,21,23,71.9,0,0,1,0,2,2,2,5,472,8,4,0,93,2018,Round 1,2018-03-25,9520
Western Bulldogs,Jackson Macrae,12,18,23,74.2,1,0,1,1,0,1,4,6,518,5,3,1,84,2018,Round 1,2018-03-25,9520
Western Bulldogs,Luke Dahlhaus,12,18,24,82.8,0,0,0,2,0,2,6,5,314,4,2,1,85,2018,Round 1,2018-03-25,9520
Western Bulldogs,Matthew Suckling,6,16,17,70.8,0,0,0,2,1,0,1,3,473,6,5,0,83,2018,Round 1,2018-03-25,9520
Western Bulldogs,Toby Mclean,11,8,17,85.0,0,2,0,2,1,4,4,5,129,3,4,1,84,2018,Round 1,2018-03-25,9520
Western Bulldogs,Bailey Dale,3,15,13,65.0,1,0,2,1,0,0,1,4,281,4,4,0,85,2018,Round 1,2018-03-25,9520
Western Bulldogs,Jason Johannisen,5,14,16,84.2,0,1,1,1,0,0,1,3,235,5,5,0,80,2018,Round 1,2018-03-25,9520
Western Bulldogs,Marcus Bontempelli,7,11,12,66.7,0,0,0,1,0,1,3,3,349,3,2,2,86,2018,Round 1,2018-03-25,9520
Western Bulldogs,Josh Dunkley,5,12,12,75.0,0,0,1,3,0,0,2,4,88,2,2,4,81,2018,Round 1,2018-03-25,9520
Western Bulldogs,Shane Biggs,0,15,10,66.7,0,0,0,1,0,0,0,0,414,6,2,0,86,2018,Round 1,2018-03-25,9520
Western Bulldogs,Mitch Honeychurch,4,9,10,66.7,0,1,1,0,0,0,0,3,269,3,3,0,84,2018,Round 1,2018-03-25,9520
Western Bulldogs,Fletcher Roberts,2,7,10,71.4,0,0,0,6,0,0,0,1,360,5,7,0,94,2018,Round 1,2018-03-25,9520
Western Bulldogs,Zaine Cordy,8,6,11,78.6,0,0,0,5,0,0,1,1,232,2,8,0,96,2018,Round 1,2018-03-25,9520
Western Bulldogs,Timothy English,5,8,9,69.2,3,0,1,6,0,0,2,4,322,1,0,2,89,2018,Round 1,2018-03-25,9520
Western Bulldogs,Jordan Roughead,4,8,9,75.0,0,1,1,1,0,0,2,6,219,3,2,1,82,2018,Round 1,2018-03-25,9520
Western Bulldogs,Bailey Williams,5,6,7,58.3,0,0,0,1,0,0,1,3,292,3,5,0,79,2018,Round 1,2018-03-25,9520
Western Bulldogs,Aaron Naughton,3,6,7,63.6,0,0,0,3,0,0,0,1,264,5,5,0,87,2018,Round 1,2018-03-25,9520
Western Bulldogs,Billy Gowers,9,1,4,40.0,2,0,2,0,0,1,0,2,132,6,1,2,83,2018,Round 1,2018-03-25,9520
Western Bulldogs,Hayden Crozier,4,3,4,50.0,1,0,0,1,0,1,0,0,176,3,4,0,73,2018,Round 1,2018-03-25,9520
Western Bulldogs,Easton Wood,2,4,5,71.4,0,0,0,0,0,0,1,1,113,3,2,0,88,2018,Round 1,2018-03-25,9520
Western Bulldogs,Jackson Trengove,3,1,2,50.0,0,0,0,2,0,0,0,1,6,1,1,0,84,2018,Round 1,2018-03-25,9520
Western Bulldogs,Thomas Liberatore,1,2,1,33.3,0,0,0,0,0,1,0,1,35,0,0,0,11,2018,Round 1,2018-03-25,9520
Melbourne,Nathan Jones,7,21,22,75.9,0,0,0,0,0,1,2,6,440,7,2,1,76,2018,Round 1,2018-03-25,9521
Melbourne,Clayton Oliver,14,13,21,75.0,0,1,1,4,0,2,4,9,355,5,6,2,85,2018,Round 1,2018-03-25,9521
Melbourne,Jordan Lewis,10,14,19,79.2,0,0,0,1,0,0,4,4,200,4,7,0,91,2018,Round 1,2018-03-25,9521
Melbourne,Christian Petracca,13,11,14,58.3,0,1,1,3,0,2,5,6,408,4,3,1,88,2018,Round 1,2018-03-25,9521
Melbourne,Max Gawn,12,8,12,60.0,3,0,1,2,0,0,4,8,247,1,2,0,84,2018,Round 1,2018-03-25,9521
Melbourne,Michael Hibberd,3,18,17,85.0,0,0,0,6,3,0,0,3,429,5,3,0,81,2018,Round 1,2018-03-25,9521
Melbourne,Jayden Hunt,9,11,14,77.8,1,1,0,2,0,2,0,5,452,4,7,0,86,2018,Round 1,2018-03-25,9521
Melbourne,James Harmes,9,11,12,66.7,0,1,0,1,2,1,5,7,483,1,3,0,66,2018,Round 1,2018-03-25,9521
Melbourne,Bernie Vince,4,12,12,70.6,0,0,0,4,0,0,0,2,431,6,4,0,70,2018,Round 1,2018-03-25,9521
Melbourne,Jesse Hogan,6,11,12,75.0,0,0,1,0,0,0,0,7,261,3,0,0,89,2018,Round 1,2018-03-25,9521
Melbourne,Jake Melksham,8,7,8,53.3,0,1,0,1,0,1,0,8,188,2,2,0,67,2018,Round 1,2018-03-25,9521
Melbourne,Joshua Wagner,10,7,14,93.3,0,0,0,3,0,0,0,6,119,2,8,0,84,2018,Round 1,2018-03-25,9521
Melbourne,Corey Maynard,5,9,12,80.0,0,0,0,1,0,3,2,5,197,3,0,0,75,2018,Round 1,2018-03-25,9521
Melbourne,Cameron Pedersen,5,6,10,76.9,1,0,1,3,0,0,0,7,266,2,3,1,89,2018,Round 1,2018-03-25,9521
Melbourne,Alex Neal Bullen,5,8,9,69.2,0,0,0,0,0,0,3,5,317,4,1,0,75,2018,Round 1,2018-03-25,9521
Melbourne,Christian Salem,10,2,9,75.0,0,0,0,1,0,2,1,1,117,2,3,0,73,2018,Round 1,2018-03-25,9521
Melbourne,Oscar Mcdonald,3,7,11,91.7,0,0,0,2,0,0,0,1,231,2,4,0,100,2018,Round 1,2018-03-25,9521
Melbourne,Neville Jetta,4,7,10,90.9,0,0,0,4,1,0,0,2,141,1,5,0,85,2018,Round 1,2018-03-25,9521
Melbourne,Bayley Fritsch,4,8,5,45.5,1,0,2,2,2,0,0,2,245,5,0,2,87,2018,Round 1,2018-03-25,9521
Melbourne,Jake Lever,2,7,8,80.0,0,0,0,5,1,0,0,2,327,3,4,0,94,2018,Round 1,2018-03-25,9521
Melbourne,Mitchell Hannan,5,5,5,55.6,0,0,1,0,0,0,0,2,196,3,2,0,72,2018,Round 1,2018-03-25,9521
Melbourne,Jeff Gartlett,7,1,6,75.0,1,1,2,0,0,0,0,6,94,1,3,1,84,2018,Round 1,2018-03-25,9521
Geelong,Gary Jnr Ablett,10,29,24,61.5,0,1,0,2,1,1,1,12,616,8,4,0,93,2018,Round 1,2018-03-25,9521
Geelong,Joel Selwood,13,27,31,79.5,0,1,0,2,0,2,6,11,474,5,3,0,80,2018,Round 1,2018-03-25,9521
Geelong,Tim Kelly,13,16,19,70.4,1,1,0,3,1,0,4,12,380,4,2,0,91,2018,Round 1,2018-03-25,9521
Geelong,Mitchell Duncan,7,19,17,65.4,0,0,0,1,0,0,2,4,428,4,3,0,86,2018,Round 1,2018-03-25,9521
Geelong,Zach Tuohy,5,16,16,64.0,0,0,0,2,1,0,0,7,546,9,6,0,97,2018,Round 1,2018-03-25,9521
Geelong,Jordan Murdoch,7,17,12,50.0,0,0,0,1,0,0,1,6,387,5,4,0,84,2018,Round 1,2018-03-25,9521
Geelong,Brandan Parfitt,10,12,15,68.2,0,0,1,1,0,0,2,10,532,2,2,0,87,2018,Round 1,2018-03-25,9521
Geelong,Zach Guthrie,6,15,17,77.3,0,1,0,3,1,0,0,6,334,1,8,0,82,2018,Round 1,2018-03-25,9521
Geelong,Cameron Guthrie,5,13,16,80.0,0,0,0,3,0,1,0,5,253,3,7,0,88,2018,Round 1,2018-03-25,9521
Geelong,Jake Kolodjashnij,8,11,16,80.0,2,0,0,6,0,0,0,5,359,3,10,0,85,2018,Round 1,2018-03-25,9521
Geelong,Lachlan Fogarty,10,10,14,70.0,1,1,0,1,0,1,0,6,152,4,5,0,79,2018,Round 1,2018-03-25,9521
Geelong,Sam Menegola,8,12,13,72.2,0,0,0,2,0,2,3,4,180,6,0,0,80,2018,Round 1,2018-03-25,9521
Geelong,James Parsons,5,13,13,76.5,0,2,2,0,0,0,2,9,233,1,2,0,85,2018,Round 1,2018-03-25,9521
Geelong,Thomas Stewart,5,10,14,82.4,2,0,0,6,0,0,0,2,345,3,5,0,86,2018,Round 1,2018-03-25,9521
Geelong,Daniel Menzel,9,6,10,66.7,4,1,5,1,0,0,0,9,278,3,1,0,82,2018,Round 1,2018-03-25,9521
Geelong,Tom Hawkins,7,6,8,57.1,2,0,1,2,0,0,1,6,107,4,0,0,93,2018,Round 1,2018-03-25,9521
Geelong,Zac Smith,7,5,10,90.9,0,1,1,1,0,3,1,4,81,1,1,0,70,2018,Round 1,2018-03-25,9521
Geelong,Cory Gregson,3,9,7,63.6,0,1,0,0,0,0,0,2,136,1,2,0,84,2018,Round 1,2018-03-25,9521
Geelong,Jed Bews,3,7,9,90.0,1,0,0,6,0,0,1,1,112,1,2,0,85,2018,Round 1,2018-03-25,9521
Geelong,Mark Blicavs,4,6,8,88.9,0,0,0,4,0,1,0,3,78,0,0,0,94,2018,Round 1,2018-03-25,9521
Geelong,Esava Ratugolea,2,7,7,87.5,0,0,2,0,0,0,1,4,102,4,0,0,68,2018,Round 1,2018-03-25,9521
Geelong,Harry Taylor,2,2,4,100.0,0,0,0,1,0,0,0,0,22,0,3,0,20,2018,Round 1,2018-03-25,9521
West Coast,Elliot Yeo,12,13,20,76.9,0,0,0,1,0,0,4,5,509,6,6,1,91,2018,Round 1,2018-03-25,9522
West Coast,Luke Shuey,9,15,20,80.0,0,0,0,1,1,2,5,7,486,2,3,2,88,2018,Round 1,2018-03-25,9522
West Coast,Andrew Gaff,6,17,21,87.5,1,1,0,1,0,1,0,4,383,5,1,0,89,2018,Round 1,2018-03-25,9522
West Coast,Shannon Hurn,4,16,19,82.6,1,0,1,0,0,0,0,3,495,4,7,0,87,2018,Round 1,2018-03-25,9522
West Coast,Dominic Sheed,12,10,18,78.3,0,0,0,1,0,1,4,4,502,4,0,0,80,2018,Round 1,2018-03-25,9522
West Coast,Tom Barrass,7,12,17,85.0,2,0,0,10,0,0,0,5,268,1,11,0,85,2018,Round 1,2018-03-25,9522
West Coast,Jack Redden,10,8,10,55.6,0,0,0,0,0,3,2,5,70,2,0,0,86,2018,Round 1,2018-03-25,9522
West Coast,Jeremy Mcgovern,7,12,15,83.3,2,0,0,2,0,0,0,4,223,2,9,0,81,2018,Round 1,2018-03-25,9522
West Coast,Mark Lecras,5,9,8,50.0,0,0,2,0,0,0,2,6,213,5,2,1,90,2018,Round 1,2018-03-25,9522
West Coast,Lewis Jetta,1,13,7,43.8,0,0,0,2,1,0,0,2,472,9,1,0,87,2018,Round 1,2018-03-25,9522
West Coast,Jamie Cripps,6,10,12,75.0,0,2,0,1,0,1,1,6,312,5,2,0,79,2018,Round 1,2018-03-25,9522
West Coast,Chris Masten,5,9,12,80.0,0,1,0,0,0,0,0,5,271,4,5,0,88,2018,Round 1,2018-03-25,9522
West Coast,Bradley Sheppard,8,8,13,86.7,0,1,1,3,0,0,0,3,37,2,7,0,85,2018,Round 1,2018-03-25,9522
West Coast,Nicholas Naitanui,8,4,8,66.7,2,1,1,6,0,2,2,6,262,2,0,1,54,2018,Round 1,2018-03-25,9522
West Coast,Jack Darling,5,7,10,83.3,2,0,2,1,0,0,0,5,243,0,0,2,95,2018,Round 1,2018-03-25,9522
West Coast,Liam Ryan,6,4,6,50.0,1,1,1,0,1,0,1,5,128,5,0,0,70,2018,Round 1,2018-03-25,9522
West Coast,Scott Lycett,7,4,8,80.0,0,0,0,1,0,1,2,7,187,5,2,0,71,2018,Round 1,2018-03-25,9522
West Coast,Liam Duggan,3,6,8,80.0,0,0,0,0,0,0,0,4,311,2,2,1,78,2018,Round 1,2018-03-25,9522
West Coast,Will Schofield,1,6,7,87.5,0,0,0,4,0,0,0,4,103,1,2,0,90,2018,Round 1,2018-03-25,9522
West Coast,Jake Waterman,5,4,6,75.0,0,0,1,2,0,0,2,3,87,2,2,1,80,2018,Round 1,2018-03-25,9522
West Coast,Daniel Venables,6,4,6,85.7,0,0,0,0,0,1,0,3,106,3,1,0,61,2018,Round 1,2018-03-25,9522
West Coast,Jackson Nelson,5,2,4,80.0,0,0,0,1,0,1,0,2,165,1,5,0,86,2018,Round 1,2018-03-25,9522
Sydney,Luke Parker,18,11,22,68.8,1,2,0,4,0,3,4,8,403,4,1,0,85,2018,Round 1,2018-03-25,9522
Sydney,Jake Lloyd,5,24,23,79.3,0,0,0,2,0,0,1,6,552,3,3,0,94,2018,Round 1,2018-03-25,9522
Sydney,Isaac Heeney,7,19,20,76.9,0,1,1,4,0,1,3,7,426,6,1,1,85,2018,Round 1,2018-03-25,9522
Sydney,Josh P  Kennedy,13,9,18,75.0,0,0,0,1,0,4,6,6,221,3,1,1,83,2018,Round 1,2018-03-25,9522
Sydney,Lance Franklin,9,11,17,81.0,3,1,5,4,0,0,0,12,540,5,2,2,89,2018,Round 1,2018-03-25,9522
Sydney,Callum Sinclair,12,10,15,71.4,0,1,0,3,0,5,2,6,235,3,1,0,82,2018,Round 1,2018-03-25,9522
Sydney,Will Hayward,6,12,10,47.6,0,0,1,2,0,0,0,5,215,6,2,0,75,2018,Round 1,2018-03-25,9522
Sydney,Zak Jones,11,13,12,60.0,1,0,0,1,0,3,3,4,351,4,0,0,87,2018,Round 1,2018-03-25,9522
Sydney,Callum Mills,9,11,13,65.0,0,0,0,4,0,0,1,1,364,4,10,0,94,2018,Round 1,2018-03-25,9522
Sydney,Kieran Jack,5,17,17,89.5,0,2,1,0,0,0,2,6,454,4,1,1,66,2018,Round 1,2018-03-25,9522
Sydney,Nick Smith 1,7,12,17,89.5,0,0,0,0,0,0,0,2,277,3,10,0,99,2018,Round 1,2018-03-25,9522
Sydney,George Hewett,11,10,13,68.4,2,1,1,2,0,0,1,7,161,4,2,0,75,2018,Round 1,2018-03-25,9522
Sydney,Nic Newman,8,11,13,68.4,0,0,0,1,0,1,0,2,334,6,6,0,75,2018,Round 1,2018-03-25,9522
Sydney,Tom Papley,8,9,14,82.4,0,0,0,2,3,1,1,5,203,0,3,0,79,2018,Round 1,2018-03-25,9522
Sydney,Jarrad Mcveigh,2,11,13,92.9,0,0,0,1,0,0,1,2,121,1,3,0,80,2018,Round 1,2018-03-25,9522
Sydney,Lewis Melican,6,5,12,85.7,0,1,0,6,0,0,0,2,216,1,8,0,89,2018,Round 1,2018-03-25,9522
Sydney,Dane Rampe,2,11,9,69.2,0,0,0,7,0,0,0,1,208,4,5,0,87,2018,Round 1,2018-03-25,9522
Sydney,Dean Towers,4,9,11,91.7,0,1,0,0,0,1,1,4,250,1,1,3,78,2018,Round 1,2018-03-25,9522
Sydney,Harry Cunningham,7,4,8,80.0,1,1,0,0,0,0,1,1,104,2,3,2,74,2018,Round 1,2018-03-25,9522
Sydney,Robbie Fox,6,4,8,80.0,0,1,0,4,0,0,1,1,201,2,5,0,81,2018,Round 1,2018-03-25,9522
Sydney,Heath Grundy,2,5,4,57.1,0,0,0,6,0,0,0,0,128,1,3,0,76,2018,Round 1,2018-03-25,9522
Sydney,Oliver Florent,2,4,6,100.0,0,1,0,0,0,0,0,3,62,0,2,0,67,2018,Round 1,2018-03-25,9522
Adelaide,Rory Laird,8,32,31,73.8,0,1,0,2,0,1,2,5,820,10,7,0,89,2018,Round 2,2018-03-29,9523
Adelaide,Bryce Gibbs,20,9,20,71.4,2,1,0,0,0,3,5,9,594,8,4,0,83,2018,Round 2,2018-03-29,9523
Adelaide,Paul Seedsman,11,18,23,82.1,0,1,0,1,1,0,2,8,627,3,4,0,88,2018,Round 2,2018-03-29,9523
Adelaide,Cameron Ellis Yolmen,13,14,19,67.9,0,0,1,0,0,2,1,5,227,3,3,0,79,2018,Round 2,2018-03-29,9523
Adelaide,Jake Kelly,8,18,24,85.7,0,0,0,2,0,0,0,3,208,4,10,0,93,2018,Round 2,2018-03-29,9523
Adelaide,Hugh Greenwood,19,8,19,73.1,0,0,0,2,0,1,7,6,192,3,4,0,76,2018,Round 2,2018-03-29,9523
Adelaide,Rory Sloane,15,13,20,80.0,1,0,0,3,0,1,2,6,327,5,6,1,74,2018,Round 2,2018-03-29,9523
Adelaide,Tom Doedee,14,11,24,96.0,1,0,0,4,0,0,0,3,327,3,11,0,89,2018,Round 2,2018-03-29,9523
Adelaide,Luke Brown,6,16,17,73.9,0,1,0,1,0,0,0,2,472,5,7,0,91,2018,Round 2,2018-03-29,9523
Adelaide,Edward Betts,9,9,14,70.0,0,2,2,2,0,3,0,8,36,5,0,3,84,2018,Round 2,2018-03-29,9523
Adelaide,Sam Jacobs,7,13,15,75.0,1,1,0,2,0,2,1,12,319,3,2,0,92,2018,Round 2,2018-03-29,9523
Adelaide,Kyle Hartigan,4,16,17,85.0,0,0,0,7,0,0,0,2,307,5,5,0,95,2018,Round 2,2018-03-29,9523
Adelaide,Wayne Milera,8,11,11,57.9,0,3,0,1,0,3,0,4,293,6,1,1,85,2018,Round 2,2018-03-29,9523
Adelaide,Daniel Talia,10,7,17,94.4,3,0,0,5,0,0,0,5,199,1,12,0,81,2018,Round 2,2018-03-29,9523
Adelaide,Rory Atkins,3,15,12,70.6,0,0,0,1,1,0,1,2,349,3,1,0,88,2018,Round 2,2018-03-29,9523
Adelaide,Josh Jenkins,8,8,11,68.8,3,0,3,3,0,0,0,10,250,3,1,0,96,2018,Round 2,2018-03-29,9523
Adelaide,David Mackay,2,11,11,84.6,0,0,0,2,0,0,1,2,233,2,2,0,61,2018,Round 2,2018-03-29,9523
Adelaide,Matt Crouch,9,5,9,69.2,1,0,0,1,0,0,1,2,94,3,3,0,23,2018,Round 2,2018-03-29,9523
Adelaide,Mitch Mcgovern,3,8,9,75.0,0,2,0,1,0,0,0,6,190,0,1,0,91,2018,Round 2,2018-03-29,9523
Adelaide,Taylor Walker,6,5,8,72.7,3,0,2,2,0,0,0,5,286,6,1,0,81,2018,Round 2,2018-03-29,9523
Adelaide,Lachlan Murphy,6,6,8,80.0,0,1,0,0,1,0,0,5,276,3,3,0,87,2018,Round 2,2018-03-29,9523
Adelaide,Darcy Fogarty,3,4,5,71.4,1,0,2,2,0,0,0,3,186,2,0,2,73,2018,Round 2,2018-03-29,9523
Richmond,Dustin Martin,14,13,19,76.0,2,0,2,2,1,4,3,9,575,5,2,1,86,2018,Round 2,2018-03-29,9523
Richmond,Shane Edwards,11,7,13,68.4,0,3,0,1,1,1,4,9,291,2,6,0,72,2018,Round 2,2018-03-29,9523
Richmond,Alex Rance,11,7,17,89.5,3,0,0,13,0,0,0,3,282,3,13,0,94,2018,Round 2,2018-03-29,9523
Richmond,Toby Nankervis,15,5,11,61.1,2,0,0,6,0,2,1,3,121,4,7,0,84,2018,Round 2,2018-03-29,9523
Richmond,Bachar Houli,4,12,15,88.2,0,1,0,1,0,0,0,3,403,7,4,0,74,2018,Round 2,2018-03-29,9523
Richmond,Trent Cotchin,10,7,14,82.4,0,0,0,1,0,3,2,2,219,3,0,1,81,2018,Round 2,2018-03-29,9523
Richmond,Josh Caddy,7,7,10,58.8,0,0,1,1,0,0,3,4,379,8,3,1,87,2018,Round 2,2018-03-29,9523
Richmond,Jayden Short,7,9,11,64.7,0,0,0,1,0,0,0,3,402,6,9,1,85,2018,Round 2,2018-03-29,9523
Richmond,David Astbury,5,11,13,81.2,1,0,0,5,0,0,0,2,343,3,7,0,100,2018,Round 2,2018-03-29,9523
Richmond,Brandon Ellis,4,11,11,68.8,0,0,0,1,0,0,0,2,320,5,3,0,92,2018,Round 2,2018-03-29,9523
Richmond,Shaun Grigg,6,8,10,66.7,0,0,0,3,0,2,0,1,296,3,6,0,82,2018,Round 2,2018-03-29,9523
Richmond,Kane Lambert,4,11,12,80.0,0,0,0,1,0,0,3,4,210,4,2,1,81,2018,Round 2,2018-03-29,9523
Richmond,Reece Conca,9,4,9,64.3,0,0,0,4,0,0,1,1,303,3,7,1,79,2018,Round 2,2018-03-29,9523
Richmond,Jack Riewoldt,7,7,7,53.8,2,1,0,5,0,0,1,4,305,7,2,1,96,2018,Round 2,2018-03-29,9523
Richmond,Corey Ellis,5,5,11,100.0,0,0,0,2,0,1,1,2,114,2,4,0,73,2018,Round 2,2018-03-29,9523
Richmond,Daniel Butler,3,6,5,45.5,1,0,0,0,0,0,1,2,260,4,1,1,84,2018,Round 2,2018-03-29,9523
Richmond,Shai Bolton,5,5,6,60.0,1,0,0,0,0,0,1,2,262,4,0,3,70,2018,Round 2,2018-03-29,9523
Richmond,Dylan Grimes,4,5,8,88.9,0,0,0,3,0,0,0,0,178,1,4,0,80,2018,Round 2,2018-03-29,9523
Richmond,Kamdyn Mcintosh,6,2,3,33.3,0,0,0,2,0,0,1,1,198,5,6,0,80,2018,Round 2,2018-03-29,9523
Richmond,Jack Graham,3,5,6,66.7,0,0,0,0,0,2,1,1,267,5,0,0,61,2018,Round 2,2018-03-29,9523
Richmond,Jason Castagna,1,6,5,71.4,0,1,1,1,0,0,0,3,150,4,0,1,87,2018,Round 2,2018-03-29,9523
Richmond,Jacob Townsend,3,2,4,80.0,0,1,0,2,0,0,0,3,68,0,0,0,72,2018,Round 2,2018-03-29,9523
North Melbourne,Jarrad Waite,7,16,15,62.5,3,2,2,0,0,0,1,11,493,7,9,2,85,2018,Round 2,2018-03-30,9524
North Melbourne,Shaun Higgins,11,12,18,75.0,0,2,1,1,0,3,2,9,562,4,2,1,84,2018,Round 2,2018-03-30,9524
North Melbourne,Billy Hartung,7,16,17,70.8,1,0,1,0,1,0,2,6,429,6,3,1,84,2018,Round 2,2018-03-30,9524
North Melbourne,Jack Ziebell,11,12,15,68.2,0,1,1,2,0,0,4,9,408,5,4,0,82,2018,Round 2,2018-03-30,9524
North Melbourne,Ben Cunnington,10,13,17,81.0,0,1,1,0,0,1,3,9,241,3,2,0,71,2018,Round 2,2018-03-30,9524
North Melbourne,Nathan Hrovat,9,12,11,52.4,0,0,2,0,0,1,0,7,128,5,3,0,83,2018,Round 2,2018-03-30,9524
North Melbourne,Luke Mcdonald,5,14,13,68.4,0,0,1,1,0,0,0,6,460,5,4,0,86,2018,Round 2,2018-03-30,9524
North Melbourne,Robert Tarrant,5,13,12,66.7,2,1,0,7,0,0,0,4,471,4,8,0,93,2018,Round 2,2018-03-30,9524
North Melbourne,Ben Jacobs,8,9,13,72.2,0,0,0,1,0,1,1,6,133,0,3,1,78,2018,Round 2,2018-03-30,9524
North Melbourne,Shaun Atley,9,8,11,64.7,0,1,1,0,0,0,0,10,256,1,2,0,80,2018,Round 2,2018-03-30,9524
North Melbourne,Trent Dumont,7,11,12,70.6,0,0,1,1,0,0,1,5,288,1,3,0,75,2018,Round 2,2018-03-30,9524
North Melbourne,Todd Goldstein,7,10,13,81.2,1,0,1,5,0,0,0,4,230,3,4,1,86,2018,Round 2,2018-03-30,9524
North Melbourne,Jed Anderson,8,9,8,50.0,0,0,1,2,0,1,1,4,235,5,3,1,73,2018,Round 2,2018-03-30,9524
North Melbourne,Luke Davies Uniacke,9,8,12,75.0,0,0,0,1,0,0,4,3,212,3,2,2,66,2018,Round 2,2018-03-30,9524
North Melbourne,Jamie Macmillan,6,8,11,73.3,0,0,0,5,3,0,0,2,349,7,8,0,90,2018,Round 2,2018-03-30,9524
North Melbourne,Jy Simpkin,6,8,8,53.3,1,0,0,1,0,0,2,7,169,2,2,0,67,2018,Round 2,2018-03-30,9524
North Melbourne,Marley Williams,5,10,11,78.6,0,0,0,3,0,0,1,2,207,2,9,0,78,2018,Round 2,2018-03-30,9524
North Melbourne,Scott Thompson 1,6,6,7,58.3,2,0,0,6,0,0,0,2,224,4,7,0,92,2018,Round 2,2018-03-30,9524
North Melbourne,Ben Brown,6,6,9,81.8,2,0,3,1,0,0,1,8,165,1,0,1,94,2018,Round 2,2018-03-30,9524
North Melbourne,Kayne Turner,5,7,11,100.0,1,0,0,1,0,0,0,5,134,2,1,0,84,2018,Round 2,2018-03-30,9524
North Melbourne,Ryan Clarke,2,6,5,71.4,0,1,1,0,0,0,0,2,137,4,3,0,79,2018,Round 2,2018-03-30,9524
North Melbourne,Ed Vickers Willis,1,5,6,100.0,0,0,0,2,0,0,0,4,36,0,3,0,90,2018,Round 2,2018-03-30,9524
St Kilda,Jimmy Webster,8,21,21,70.0,0,0,0,3,2,0,0,6,468,10,11,0,87,2018,Round 2,2018-03-30,9524
St Kilda,David Armitage,7,22,18,66.7,0,0,0,2,0,0,3,7,322,4,3,0,71,2018,Round 2,2018-03-30,9524
St Kilda,Jack Steven,6,19,19,73.1,0,0,1,1,1,1,3,7,317,5,1,2,79,2018,Round 2,2018-03-30,9524
St Kilda,Shane Savage,4,21,22,84.6,0,0,0,4,8,1,0,3,578,7,4,0,86,2018,Round 2,2018-03-30,9524
St Kilda,Jarryn Geary,13,13,20,80.0,0,0,0,6,0,1,0,3,111,2,13,0,89,2018,Round 2,2018-03-30,9524
St Kilda,Sebastian Ross,10,15,17,73.9,1,0,0,3,0,3,3,6,309,3,4,1,85,2018,Round 2,2018-03-30,9524
St Kilda,Jack Billings,5,17,18,78.3,1,2,0,1,0,0,1,7,252,3,1,0,84,2018,Round 2,2018-03-30,9524
St Kilda,Blake Acres,5,18,16,76.2,0,0,0,3,0,0,2,4,382,8,1,2,89,2018,Round 2,2018-03-30,9524
St Kilda,Jack Newnes,6,15,17,85.0,1,0,0,0,0,1,0,4,283,7,4,0,88,2018,Round 2,2018-03-30,9524
St Kilda,Koby Stevens,2,17,11,57.9,0,0,3,0,1,0,0,5,296,4,0,0,79,2018,Round 2,2018-03-30,9524
St Kilda,Dylan Roberton,5,12,11,57.9,1,0,0,1,1,0,0,1,360,7,5,0,84,2018,Round 2,2018-03-30,9524
St Kilda,Jade Gresham,7,13,17,89.5,0,0,0,0,2,1,1,6,210,3,2,0,89,2018,Round 2,2018-03-30,9524
St Kilda,Jake Carlisle,3,11,13,76.5,2,0,1,7,0,0,0,3,349,5,10,0,93,2018,Round 2,2018-03-30,9524
St Kilda,Jack Steele,7,7,13,92.9,0,0,0,0,0,0,1,4,94,2,1,0,68,2018,Round 2,2018-03-30,9524
St Kilda,Josh Bruce,10,4,11,84.6,0,0,1,0,1,1,3,2,103,4,3,1,88,2018,Round 2,2018-03-30,9524
St Kilda,Paddy Mccartin,4,5,6,60.0,1,0,1,2,0,0,0,4,259,5,2,1,75,2018,Round 2,2018-03-30,9524
St Kilda,Jack Sinclair,6,4,7,70.0,0,0,0,0,0,0,1,4,118,1,4,2,82,2018,Round 2,2018-03-30,9524
St Kilda,Tim Membrey,2,6,4,50.0,0,0,2,4,0,0,0,5,80,2,1,0,92,2018,Round 2,2018-03-30,9524
St Kilda,Ben Long,5,6,6,75.0,0,1,0,2,1,0,1,6,93,1,0,0,89,2018,Round 2,2018-03-30,9524
St Kilda,Hunter Clark,0,9,6,85.7,0,0,0,0,0,0,0,2,106,2,0,0,66,2018,Round 2,2018-03-30,9524
St Kilda,Nathan Brown,3,3,5,83.3,2,0,0,8,0,0,0,1,97,0,3,0,86,2018,Round 2,2018-03-30,9524
St Kilda,Billy Longer,1,0,0,0.0,0,0,0,3,0,0,0,1,38,0,1,0,51,2018,Round 2,2018-03-30,9524
Carlton,Edward Curnow,14,23,29,76.3,0,0,0,1,0,2,2,9,471,6,5,0,84,2018,Round 2,2018-03-31,9525
Carlton,Marc Murphy,9,22,17,56.7,0,0,0,0,0,1,4,3,487,9,1,0,93,2018,Round 2,2018-03-31,9525
Carlton,Kade Simpson,9,19,20,69.0,0,0,0,2,5,1,0,2,522,5,10,0,94,2018,Round 2,2018-03-31,9525
Carlton,Aaron Mullett,13,14,16,57.1,0,1,0,1,0,0,6,6,475,6,9,0,86,2018,Round 2,2018-03-31,9525
Carlton,Patrick Cripps,20,3,14,58.3,1,0,1,1,0,4,6,5,278,3,1,2,82,2018,Round 2,2018-03-31,9525
Carlton,Sam Petrevski Seton,6,17,15,62.5,0,0,0,1,1,0,3,5,384,3,2,1,74,2018,Round 2,2018-03-31,9525
Carlton,David Cuningham,6,14,18,85.7,0,0,0,0,3,0,0,2,214,5,5,0,78,2018,Round 2,2018-03-31,9525
Carlton,Charlie Curnow,12,7,11,61.1,2,0,2,3,1,0,1,8,428,6,0,1,86,2018,Round 2,2018-03-31,9525
Carlton,Zac Fisher,10,10,15,83.3,0,1,1,2,0,1,2,3,295,2,1,0,74,2018,Round 2,2018-03-31,9525
Carlton,Lachlan Plowman,4,13,13,76.5,0,0,0,4,0,0,0,3,211,2,7,0,97,2018,Round 2,2018-03-31,9525
Carlton,Caleb Marchbank,5,12,13,76.5,0,0,0,11,0,0,0,2,338,3,5,0,95,2018,Round 2,2018-03-31,9525
Carlton,Matthew Wright,4,10,9,56.2,1,1,2,2,0,0,0,5,261,4,0,1,85,2018,Round 2,2018-03-31,9525
Carlton,Dale Thomas,6,8,10,71.4,1,0,0,1,1,1,0,2,258,3,1,0,78,2018,Round 2,2018-03-31,9525
Carlton,Cameron O Shea,4,10,10,71.4,0,0,0,7,0,0,0,3,194,4,5,2,76,2018,Round 2,2018-03-31,9525
Carlton,Ciaran Byrne,3,11,10,71.4,0,0,0,3,0,0,0,2,230,2,5,0,69,2018,Round 2,2018-03-31,9525
Carlton,Liam Jones,7,6,12,92.3,2,0,0,8,0,1,0,2,43,0,8,0,90,2018,Round 2,2018-03-31,9525
Carlton,Jed Lamb,5,6,9,81.8,0,1,1,1,0,0,0,4,161,1,2,1,72,2018,Round 2,2018-03-31,9525
Carlton,Jarrod Garlett,4,7,7,63.6,0,0,0,0,0,0,0,1,222,3,1,2,73,2018,Round 2,2018-03-31,9525
Carlton,Paddy Dow,8,4,5,45.5,0,0,0,1,0,1,0,3,151,2,4,1,70,2018,Round 2,2018-03-31,9525
Carlton,Levi Casboult,6,2,4,57.1,2,0,1,5,0,1,0,3,180,3,0,0,90,2018,Round 2,2018-03-31,9525
Carlton,Cameron Polson,4,5,6,85.7,0,0,0,0,0,0,0,1,77,1,2,2,73,2018,Round 2,2018-03-31,9525
Carlton,Jacob Weitering,1,4,4,80.0,0,0,0,2,0,0,0,2,85,1,1,0,83,2018,Round 2,2018-03-31,9525
Gold Coast,Jarryd Lyons,26,8,22,61.1,0,3,0,0,0,4,10,9,892,6,3,1,80,2018,Round 2,2018-03-31,9525
Gold Coast,David Swallow,15,11,15,62.5,0,0,0,0,0,1,5,3,241,3,3,1,76,2018,Round 2,2018-03-31,9525
Gold Coast,Thomas Lynch,10,12,15,71.4,1,2,3,1,2,0,0,13,344,3,1,2,97,2018,Round 2,2018-03-31,9525
Gold Coast,Aaron Hall,6,14,15,75.0,0,0,0,1,1,0,2,4,565,3,4,0,70,2018,Round 2,2018-03-31,9525
Gold Coast,Brayden Fiorini,9,11,11,55.0,0,0,0,1,0,1,2,4,508,7,2,0,72,2018,Round 2,2018-03-31,9525
Gold Coast,Jarrod Harbrow,6,10,8,47.1,0,0,0,3,0,0,1,2,307,5,7,0,89,2018,Round 2,2018-03-31,9525
Gold Coast,Kade Kolodjashnij,4,11,10,58.8,1,0,0,2,3,0,0,2,257,6,5,0,88,2018,Round 2,2018-03-31,9525
Gold Coast,Touk Miller,7,9,11,64.7,0,0,1,2,0,2,2,6,102,4,0,2,83,2018,Round 2,2018-03-31,9525
Gold Coast,Jesse Joyce,4,12,13,81.2,0,1,0,5,0,0,0,2,341,1,5,0,89,2018,Round 2,2018-03-31,9525
Gold Coast,Jack Martin,9,7,13,86.7,1,0,0,0,0,0,2,8,307,2,4,0,79,2018,Round 2,2018-03-31,9525
Gold Coast,Darcy Macpherson,4,9,10,66.7,1,0,2,1,0,0,0,6,248,7,2,2,85,2018,Round 2,2018-03-31,9525
Gold Coast,Jack Bowes,7,7,12,80.0,0,0,0,3,0,0,1,2,225,2,6,1,77,2018,Round 2,2018-03-31,9525
Gold Coast,Nicholas Holman,11,4,10,66.7,0,0,0,2,0,0,2,3,174,2,5,0,79,2018,Round 2,2018-03-31,9525
Gold Coast,Michael Rischitelli,5,10,11,78.6,0,0,0,2,0,1,0,2,275,6,4,0,83,2018,Round 2,2018-03-31,9525
Gold Coast,Lachlan Weller,6,9,12,85.7,0,0,0,0,4,0,1,4,127,3,5,0,86,2018,Round 2,2018-03-31,9525
Gold Coast,Steven May,2,9,13,100.0,0,0,0,10,0,0,0,0,188,2,3,0,93,2018,Round 2,2018-03-31,9525
Gold Coast,Jarrod Witts,9,4,9,69.2,0,0,0,4,0,2,4,7,195,3,1,0,83,2018,Round 2,2018-03-31,9525
Gold Coast,Sam Day,5,8,8,66.7,1,0,1,4,0,0,2,4,197,2,1,1,84,2018,Round 2,2018-03-31,9525
Gold Coast,Ben Ainsworth,6,5,6,54.5,0,1,0,2,0,0,0,6,194,3,2,0,69,2018,Round 2,2018-03-31,9525
Gold Coast,Aaron Young,4,5,6,66.7,0,0,1,4,0,0,0,3,164,2,3,0,83,2018,Round 2,2018-03-31,9525
Gold Coast,Alex Sexton,6,4,8,88.9,0,3,0,5,0,1,0,7,189,1,3,1,79,2018,Round 2,2018-03-31,9525
Gold Coast,Rory Thompson,5,2,5,71.4,1,0,0,4,0,0,0,0,145,1,6,0,76,2018,Round 2,2018-03-31,9525
Collingwood,Tom Phillips,8,23,24,75.0,0,0,0,1,1,0,1,2,603,3,9,0,95,2018,Round 2,2018-03-31,9526
Collingwood,Scott Pendlebury,11,21,25,83.3,0,0,0,3,0,0,3,4,334,5,7,0,88,2018,Round 2,2018-03-31,9526
Collingwood,Jeremy Howe,11,16,20,74.1,3,0,0,3,0,0,0,1,542,8,12,0,86,2018,Round 2,2018-03-31,9526
Collingwood,Taylor Adams,12,15,18,72.0,0,0,0,2,0,3,1,0,105,5,3,2,86,2018,Round 2,2018-03-31,9526
Collingwood,Steele Sidebottom,14,10,21,87.5,0,0,0,2,0,4,4,4,273,3,2,0,87,2018,Round 2,2018-03-31,9526
Collingwood,Adam Treloar,12,13,18,75.0,0,1,0,0,2,0,3,4,209,5,2,1,89,2018,Round 2,2018-03-31,9526
Collingwood,Tom Langdon,5,16,19,79.2,1,0,0,8,0,0,0,0,318,3,11,0,89,2018,Round 2,2018-03-31,9526
Collingwood,Matthew Scharenberg,5,17,19,82.6,2,0,0,3,0,0,0,0,290,5,7,0,94,2018,Round 2,2018-03-31,9526
Collingwood,James Aish,8,13,14,60.9,2,2,0,1,0,0,3,4,366,4,3,1,90,2018,Round 2,2018-03-31,9526
Collingwood,Josh Thomas,11,9,13,65.0,0,0,1,1,0,5,0,5,151,5,1,2,85,2018,Round 2,2018-03-31,9526
Collingwood,Jack Crisp,5,16,13,65.0,0,0,0,3,1,0,0,2,449,7,7,0,88,2018,Round 2,2018-03-31,9526
Collingwood,Brodie Grundy,14,6,17,85.0,1,0,0,3,0,1,7,6,167,3,1,0,94,2018,Round 2,2018-03-31,9526
Collingwood,Samuel Murray,4,17,13,65.0,1,0,0,1,1,0,0,2,511,4,4,0,88,2018,Round 2,2018-03-31,9526
Collingwood,Lynden Dunn,8,8,12,80.0,0,0,0,3,0,0,0,0,105,2,9,0,94,2018,Round 2,2018-03-31,9526
Collingwood,Brayden Maynard,5,10,9,60.0,0,0,0,3,1,0,0,1,349,7,4,0,85,2018,Round 2,2018-03-31,9526
Collingwood,Jaidyn Stephenson,4,10,9,69.2,0,1,0,2,0,0,0,2,200,1,1,1,81,2018,Round 2,2018-03-31,9526
Collingwood,Travis Varcoe,3,7,8,66.7,0,1,1,2,0,0,1,3,231,5,1,3,85,2018,Round 2,2018-03-31,9526
Collingwood,Callum Brown,4,8,11,91.7,0,0,0,3,0,1,0,0,104,1,3,1,77,2018,Round 2,2018-03-31,9526
Collingwood,Will Hoskin Elliott,3,8,6,54.5,0,0,1,0,0,0,0,3,125,3,1,0,89,2018,Round 2,2018-03-31,9526
Collingwood,Ben Crocker,4,6,6,54.5,1,1,2,1,0,0,0,4,260,5,0,0,85,2018,Round 2,2018-03-31,9526
Collingwood,Darcy Moore,4,2,4,66.7,0,0,0,0,0,0,0,1,46,0,1,0,43,2018,Round 2,2018-03-31,9526
Collingwood,Timothy Broomhead,0,0,0,0.0,0,0,0,0,0,0,0,0,0,0,0,0,3,2018,Round 2,2018-03-31,9526
Greater Western Sydney,Callan Ward,14,15,23,79.3,0,1,0,0,0,4,7,5,309,7,5,0,79,2018,Round 2,2018-03-31,9526
Greater Western Sydney,Stephen Coniglio,14,15,17,63.0,1,0,1,2,0,4,3,4,425,4,3,0,90,2018,Round 2,2018-03-31,9526
Greater Western Sydney,Dylan Shiel,9,16,20,76.9,0,3,0,0,0,2,3,5,405,6,2,0,84,2018,Round 2,2018-03-31,9526
Greater Western Sydney,Lachie Whitfield,2,24,23,88.5,0,2,1,3,2,0,1,6,361,3,2,0,93,2018,Round 2,2018-03-31,9526
Greater Western Sydney,Heath Shaw,7,14,20,87.0,0,0,0,4,6,0,0,1,583,2,8,0,86,2018,Round 2,2018-03-31,9526
Greater Western Sydney,Adam Tomlinson,5,17,16,69.6,1,2,1,0,0,0,0,5,505,4,3,0,88,2018,Round 2,2018-03-31,9526
Greater Western Sydney,Jeremy Finlayson,8,12,18,78.3,2,0,0,4,0,0,0,2,653,3,10,0,75,2018,Round 2,2018-03-31,9526
Greater Western Sydney,Tim Taranto,13,11,18,78.3,0,1,0,2,0,2,2,3,251,7,5,2,88,2018,Round 2,2018-03-31,9526
Greater Western Sydney,Brett Deledio,10,12,15,68.2,0,1,0,3,0,0,3,2,351,4,7,0,77,2018,Round 2,2018-03-31,9526
Greater Western Sydney,Joshua Kelly,6,17,13,68.4,0,1,2,0,0,0,0,4,399,5,4,3,87,2018,Round 2,2018-03-31,9526
Greater Western Sydney,Phil Davis,10,6,14,82.4,1,0,0,6,0,0,0,3,86,4,13,0,92,2018,Round 2,2018-03-31,9526
Greater Western Sydney,Matthew Deboer,9,7,12,70.6,0,0,1,2,0,2,0,3,128,2,3,1,90,2018,Round 2,2018-03-31,9526
Greater Western Sydney,Rory Lobb,5,10,6,40.0,1,0,0,6,0,1,1,2,233,6,4,0,85,2018,Round 2,2018-03-31,9526
Greater Western Sydney,Jonathon Patton,7,6,10,76.9,0,1,0,0,0,2,2,4,109,2,1,1,88,2018,Round 2,2018-03-31,9526
Greater Western Sydney,Samuel Reid,7,7,11,84.6,0,1,0,3,0,0,0,5,149,3,5,0,87,2018,Round 2,2018-03-31,9526
Greater Western Sydney,Daniel Lloyd,5,9,11,84.6,0,1,0,0,0,0,1,2,97,5,1,0,77,2018,Round 2,2018-03-31,9526
Greater Western Sydney,Zac Giles Langdon,7,7,8,61.5,0,0,0,2,0,0,0,3,176,7,2,0,65,2018,Round 2,2018-03-31,9526
Greater Western Sydney,Nick Haynes,5,7,10,90.9,1,0,0,6,0,0,1,2,212,2,2,0,88,2018,Round 2,2018-03-31,9526
Greater Western Sydney,Jeremy Cameron,3,8,6,54.5,1,0,5,3,0,0,0,6,140,7,1,0,88,2018,Round 2,2018-03-31,9526
Greater Western Sydney,Aidan Corr,2,5,5,71.4,0,0,0,4,0,0,0,0,129,1,2,0,79,2018,Round 2,2018-03-31,9526
Greater Western Sydney,Harrison Himmelberg,3,3,2,33.3,0,0,1,3,0,0,0,3,121,2,1,0,91,2018,Round 2,2018-03-31,9526
Greater Western Sydney,Tom Scully,0,5,4,80.0,0,0,0,0,0,0,0,2,63,1,0,0,23,2018,Round 2,2018-03-31,9526
Fremantle,Connor Blakely,9,22,26,86.7,0,0,1,1,0,0,0,5,418,4,11,0,76,2018,Round 2,2018-03-31,9528
Fremantle,Nathan Fyfe,17,12,19,65.5,3,1,2,3,1,3,1,7,457,8,4,1,88,2018,Round 2,2018-03-31,9528
Fremantle,Lachie Neale,10,17,19,67.9,0,1,0,0,0,1,6,5,174,3,2,0,74,2018,Round 2,2018-03-31,9528
Fremantle,Stephen Hill,4,20,19,73.1,0,0,0,2,1,0,0,5,319,6,5,0,84,2018,Round 2,2018-03-31,9528
Fremantle,Michael Walters,9,17,22,84.6,0,2,1,3,0,3,3,6,329,3,3,1,81,2018,Round 2,2018-03-31,9528
Fremantle,Nathan Wilson,5,16,19,82.6,1,0,0,2,3,0,0,6,722,7,7,0,82,2018,Round 2,2018-03-31,9528
Fremantle,David Mundy,13,10,18,81.8,0,0,0,3,0,1,0,10,291,3,1,0,87,2018,Round 2,2018-03-31,9528
Fremantle,Luke Ryan,4,19,17,77.3,1,0,0,3,1,0,0,4,511,3,6,0,80,2018,Round 2,2018-03-31,9528
Fremantle,Brandon Matera,6,14,11,55.0,0,0,0,1,0,1,2,6,284,3,0,1,81,2018,Round 2,2018-03-31,9528
Fremantle,Bradley Hill,7,15,15,78.9,0,3,0,2,0,0,0,8,347,3,2,0,81,2018,Round 2,2018-03-31,9528
Fremantle,Michael Johnson,8,9,13,76.5,1,0,0,4,1,0,0,2,121,2,7,0,86,2018,Round 2,2018-03-31,9528
Fremantle,Matthew Taberner,11,5,12,75.0,2,0,1,4,0,0,1,5,213,6,3,1,88,2018,Round 2,2018-03-31,9528
Fremantle,Andrew Brayshaw,5,13,11,68.8,0,0,0,0,0,0,1,5,265,2,4,1,65,2018,Round 2,2018-03-31,9528
Fremantle,Bailey Banfield,6,9,10,71.4,0,0,0,3,0,0,2,3,260,3,1,2,78,2018,Round 2,2018-03-31,9528
Fremantle,Joel Hamling,5,8,12,92.3,0,0,0,10,0,0,0,1,108,2,7,0,95,2018,Round 2,2018-03-31,9528
Fremantle,Alex Pearce,5,8,11,84.6,0,1,0,9,1,0,0,5,97,3,6,0,97,2018,Round 2,2018-03-31,9528
Fremantle,Ed Langdon,5,8,8,61.5,0,1,0,0,0,0,2,5,255,4,3,1,85,2018,Round 2,2018-03-31,9528
Fremantle,Cameron Mccarthy,4,8,10,83.3,0,0,1,1,0,0,0,5,107,4,4,2,79,2018,Round 2,2018-03-31,9528
Fremantle,Hayden Ballantyne,6,5,8,72.7,1,2,3,1,0,0,0,7,119,1,0,1,90,2018,Round 2,2018-03-31,9528
Fremantle,Mitchell Crowden,4,8,7,63.6,0,0,0,2,0,1,1,4,135,2,0,0,68,2018,Round 2,2018-03-31,9528
Fremantle,Aaron Sandilands,5,4,5,55.6,0,0,0,3,0,1,2,4,7,0,0,0,84,2018,Round 2,2018-03-31,9528
Fremantle,Adam Cerra,3,6,7,77.8,0,0,3,0,0,0,0,5,146,0,0,0,72,2018,Round 2,2018-03-31,9528
Essendon,Michael Hurley,5,18,19,76.0,1,0,0,3,0,0,0,3,586,6,9,0,97,2018,Round 2,2018-03-31,9528
Essendon,David Zaharakis,8,14,17,70.8,0,1,0,0,1,0,3,5,376,5,4,0,86,2018,Round 2,2018-03-31,9528
Essendon,Dyson Heppell,12,12,13,54.2,0,0,1,2,0,0,2,3,147,4,5,0,92,2018,Round 2,2018-03-31,9528
Essendon,Conor Mckenna,7,15,21,87.5,0,1,0,1,7,0,0,6,344,1,9,0,86,2018,Round 2,2018-03-31,9528
Essendon,Darcy Parish,11,11,16,72.7,0,1,0,0,0,3,1,6,116,2,1,0,75,2018,Round 2,2018-03-31,9528
Essendon,Brendon Goddard,6,17,15,71.4,0,0,0,4,0,1,1,6,302,4,4,0,95,2018,Round 2,2018-03-31,9528
Essendon,Zachary Merrett,15,9,11,52.4,0,0,0,4,0,5,1,4,240,4,5,0,83,2018,Round 2,2018-03-31,9528
Essendon,Devon Smith,7,16,14,70.0,0,1,0,2,4,1,0,4,311,6,3,2,81,2018,Round 2,2018-03-31,9528
Essendon,Mitchell Brown 1,5,11,12,75.0,0,0,0,8,0,0,0,2,232,4,7,0,83,2018,Round 2,2018-03-31,9528
Essendon,Adam Saad,5,11,14,87.5,0,0,0,3,3,0,0,4,342,2,5,0,82,2018,Round 2,2018-03-31,9528
Essendon,Andrew Mcgrath,9,8,9,56.2,0,0,0,1,0,1,0,2,234,5,3,0,77,2018,Round 2,2018-03-31,9528
Essendon,Matthew Dea,3,12,10,66.7,0,0,0,0,0,0,0,2,171,2,3,0,76,2018,Round 2,2018-03-31,9528
Essendon,Kyle Langford,6,7,8,53.3,0,0,0,0,0,1,2,3,266,7,0,0,66,2018,Round 2,2018-03-31,9528
Essendon,Joe Daniher,8,6,5,35.7,0,0,2,2,0,0,1,3,208,7,2,1,96,2018,Round 2,2018-03-31,9528
Essendon,Cale Hooker,5,6,10,83.3,1,1,2,1,0,0,0,5,168,2,2,1,94,2018,Round 2,2018-03-31,9528
Essendon,Joshua Green,4,7,10,83.3,0,1,0,0,0,1,0,7,213,1,1,2,72,2018,Round 2,2018-03-31,9528
Essendon,James Stewart,3,9,8,66.7,0,0,1,2,0,1,0,5,234,4,0,0,85,2018,Round 2,2018-03-31,9528
Essendon,Joshua Begley,5,7,9,75.0,1,1,2,0,0,0,0,5,123,5,0,0,69,2018,Round 2,2018-03-31,9528
Essendon,Tom Bellchambers,8,4,8,72.7,1,0,1,5,0,1,1,6,159,1,3,0,82,2018,Round 2,2018-03-31,9528
Essendon,Michael Hartley,2,9,6,54.5,1,0,0,6,0,0,0,1,208,3,4,0,79,2018,Round 2,2018-03-31,9528
Essendon,Jake Stringer,4,5,7,77.8,0,1,0,1,0,2,1,6,193,0,0,0,73,2018,Round 2,2018-03-31,9528
Essendon,Anthony Mcdonald Tipungwuti,4,3,4,57.1,0,1,0,0,0,0,0,3,112,1,2,0,72,2018,Round 2,2018-03-31,9528
Brisbane Lions,Alex Witherden,9,12,15,62.5,0,0,0,1,0,0,1,2,598,9,6,0,83,2018,Round 2,2018-03-31,9527
Brisbane Lions,Lewis Taylor,4,20,16,69.6,0,1,0,0,0,0,2,6,335,7,2,2,91,2018,Round 2,2018-03-31,9527
Brisbane Lions,Rohan Bewick,6,14,16,80.0,0,1,1,1,1,0,2,8,490,4,4,0,75,2018,Round 2,2018-03-31,9527
Brisbane Lions,Dayne Zorko,12,7,15,75.0,0,1,0,0,0,4,5,5,327,4,4,1,82,2018,Round 2,2018-03-31,9527
Brisbane Lions,Nicholas Robertson,6,11,14,77.8,0,0,0,0,0,0,2,1,208,2,4,1,75,2018,Round 2,2018-03-31,9527
Brisbane Lions,Hugh Mccluggage,12,6,10,55.6,1,3,0,2,1,0,2,6,365,6,6,0,87,2018,Round 2,2018-03-31,9527
Brisbane Lions,Luke Hodge,2,11,10,58.8,0,0,0,11,0,0,1,3,323,4,6,0,85,2018,Round 2,2018-03-31,9527
Brisbane Lions,Dayne Beams,3,12,8,50.0,0,0,1,1,0,1,0,5,275,4,0,2,81,2018,Round 2,2018-03-31,9527
Brisbane Lions,Allen Christensen,8,8,11,68.8,0,0,0,0,0,0,0,5,189,1,4,5,79,2018,Round 2,2018-03-31,9527
Brisbane Lions,Ryan Lester,10,6,9,56.2,0,1,2,1,0,0,3,6,262,3,3,0,60,2018,Round 2,2018-03-31,9527
Brisbane Lions,Charlie Cameron,7,10,16,100.0,0,0,2,1,0,1,1,8,299,3,0,1,87,2018,Round 2,2018-03-31,9527
Brisbane Lions,Jarrod Berry,12,4,6,37.5,0,0,0,2,0,3,3,2,80,5,1,1,89,2018,Round 2,2018-03-31,9527
Brisbane Lions,Daniel Mcstay,5,10,10,66.7,1,0,0,3,0,0,0,4,249,5,4,0,93,2018,Round 2,2018-03-31,9527
Brisbane Lions,Harris Andrews,4,10,13,86.7,0,0,0,13,0,0,1,2,189,2,6,0,96,2018,Round 2,2018-03-31,9527
Brisbane Lions,Rhys Mathieson,10,6,12,80.0,0,0,0,1,0,0,5,3,227,2,2,2,76,2018,Round 2,2018-03-31,9527
Brisbane Lions,Cedric Cox,10,6,7,46.7,0,0,0,2,0,0,2,1,211,5,7,0,78,2018,Round 2,2018-03-31,9527
Brisbane Lions,Eric Hipwood,6,8,6,42.9,1,0,0,1,0,1,0,4,228,2,0,0,76,2018,Round 2,2018-03-31,9527
Brisbane Lions,Sam Mayes,4,7,11,84.6,0,1,0,0,0,0,1,2,189,2,3,0,86,2018,Round 2,2018-03-31,9527
Brisbane Lions,Darcy Gardiner,5,5,8,72.7,0,0,0,10,0,0,0,1,67,2,4,0,78,2018,Round 2,2018-03-31,9527
Brisbane Lions,Stefan Martin,5,4,3,33.3,0,1,0,4,0,0,2,4,17,2,2,0,91,2018,Round 2,2018-03-31,9527
Brisbane Lions,Joshua Walker,3,5,5,62.5,0,0,1,2,0,0,2,4,76,2,0,0,78,2018,Round 2,2018-03-31,9527
Brisbane Lions,Cameron Rayner,3,2,2,50.0,0,0,1,3,0,0,0,1,62,1,1,1,75,2018,Round 2,2018-03-31,9527
Melbourne,Clayton Oliver,22,11,29,82.9,0,1,1,0,0,4,7,9,452,4,6,2,81,2018,Round 2,2018-03-31,9527
Melbourne,Nathan Jones,10,18,17,60.7,0,0,1,0,0,1,3,7,266,7,1,0,82,2018,Round 2,2018-03-31,9527
Melbourne,Christian Petracca,13,11,18,75.0,1,1,1,0,0,2,1,8,346,3,7,1,88,2018,Round 2,2018-03-31,9527
Melbourne,Jordan Lewis,8,13,19,82.6,1,0,0,2,0,0,0,4,193,2,10,0,91,2018,Round 2,2018-03-31,9527
Melbourne,James Harmes,9,13,17,73.9,0,0,0,3,0,1,2,2,347,3,2,3,79,2018,Round 2,2018-03-31,9527
Melbourne,Dom Tyson,9,15,17,77.3,0,1,0,1,0,0,2,4,370,7,7,0,79,2018,Round 2,2018-03-31,9527
Melbourne,Jesse Hogan,12,11,17,77.3,2,0,6,0,0,1,2,10,203,3,3,0,91,2018,Round 2,2018-03-31,9527
Melbourne,Alex Neal Bullen,5,16,12,57.1,0,0,2,3,0,1,2,5,361,7,2,0,77,2018,Round 2,2018-03-31,9527
Melbourne,Michael Hibberd,7,14,13,65.0,1,0,0,3,0,0,1,5,393,5,6,0,91,2018,Round 2,2018-03-31,9527
Melbourne,Jake Melksham,10,8,13,72.2,2,2,0,1,0,0,4,6,326,5,1,1,76,2018,Round 2,2018-03-31,9527
Melbourne,Jeff Gartlett,12,7,12,70.6,2,2,3,2,2,1,2,9,432,3,3,0,72,2018,Round 2,2018-03-31,9527
Melbourne,Tomas Bugg,3,7,7,53.8,0,0,0,2,0,0,0,6,181,3,2,2,80,2018,Round 2,2018-03-31,9527
Melbourne,Christian Salem,8,6,10,76.9,0,1,0,0,0,1,0,3,155,0,2,1,64,2018,Round 2,2018-03-31,9527
Melbourne,Jake Lever,4,9,8,61.5,1,0,0,9,0,0,0,1,242,4,4,0,93,2018,Round 2,2018-03-31,9527
Melbourne,Bernie Vince,6,7,8,66.7,0,1,0,2,0,1,2,2,273,1,2,1,82,2018,Round 2,2018-03-31,9527
Melbourne,Neville Jetta,4,9,11,91.7,0,0,0,5,0,0,0,3,116,0,4,0,79,2018,Round 2,2018-03-31,9527
Melbourne,Joshua Wagner,5,8,9,75.0,0,0,0,2,0,0,0,2,291,5,5,0,84,2018,Round 2,2018-03-31,9527
Melbourne,Max Gawn,7,3,5,50.0,1,0,0,3,0,0,2,4,54,3,4,0,87,2018,Round 2,2018-03-31,9527
Melbourne,Oscar Mcdonald,3,8,8,80.0,0,0,0,6,0,0,0,3,212,1,2,0,98,2018,Round 2,2018-03-31,9527
Melbourne,Bayley Fritsch,7,3,5,55.6,2,0,2,3,0,0,1,3,198,2,1,2,69,2018,Round 2,2018-03-31,9527
Melbourne,Cameron Pedersen,1,4,4,66.7,0,1,0,2,0,1,0,3,127,1,0,3,70,2018,Round 2,2018-03-31,9527
Melbourne,Jayden Hunt,4,3,4,66.7,1,1,1,3,0,0,0,3,150,0,5,1,87,2018,Round 2,2018-03-31,9527
Western Bulldogs,Jackson Macrae,11,20,28,90.3,0,1,0,2,0,4,2,11,445,6,2,1,87,2018,Round 2,2018-04-01,9529
Western Bulldogs,Toby Mclean,12,19,23,74.2,0,1,1,4,0,2,2,6,327,6,6,0,77,2018,Round 2,2018-04-01,9529
Western Bulldogs,Lachlan Hunter,9,16,23,88.5,0,1,2,1,1,1,2,9,459,4,8,0,93,2018,Round 2,2018-04-01,9529
Western Bulldogs,Jason Johannisen,10,11,21,91.3,0,0,0,5,0,1,2,6,327,6,7,0,85,2018,Round 2,2018-04-01,9529
Western Bulldogs,Marcus Bontempelli,10,13,19,82.6,0,0,1,1,0,2,2,5,370,5,4,0,85,2018,Round 2,2018-04-01,9529
Western Bulldogs,Matthew Suckling,2,18,15,78.9,0,1,0,2,2,0,0,8,424,2,2,0,81,2018,Round 2,2018-04-01,9529
Western Bulldogs,Mitch Honeychurch,6,14,13,68.4,1,0,1,2,0,0,0,9,262,4,3,0,80,2018,Round 2,2018-04-01,9529
Western Bulldogs,Zaine Cordy,3,15,11,61.1,1,0,0,11,0,0,0,2,348,5,5,0,98,2018,Round 2,2018-04-01,9529
Western Bulldogs,Bailey Williams,4,9,14,82.4,1,1,1,2,0,0,0,4,440,3,6,0,86,2018,Round 2,2018-04-01,9529
Western Bulldogs,Luke Dahlhaus,9,8,10,66.7,0,0,1,3,0,3,0,6,107,4,2,1,82,2018,Round 2,2018-04-01,9529
Western Bulldogs,Jackson Trengove,2,10,10,76.9,1,0,1,6,1,1,1,7,111,0,3,0,90,2018,Round 2,2018-04-01,9529
Western Bulldogs,Bailey Dale,3,10,9,69.2,0,0,0,1,0,0,2,5,87,2,1,0,84,2018,Round 2,2018-04-01,9529
Western Bulldogs,Caleb Daniel,0,13,11,84.6,0,0,0,2,0,0,0,4,177,4,0,0,80,2018,Round 2,2018-04-01,9529
Western Bulldogs,Billy Gowers,1,12,8,61.5,0,1,5,0,0,0,1,7,324,2,0,0,82,2018,Round 2,2018-04-01,9529
Western Bulldogs,Josh Dunkley,4,9,9,69.2,1,0,3,2,0,0,0,8,160,3,1,1,88,2018,Round 2,2018-04-01,9529
Western Bulldogs,Easton Wood,4,8,10,83.3,4,0,0,4,0,0,0,2,167,2,5,0,83,2018,Round 2,2018-04-01,9529
Western Bulldogs,Aaron Naughton,5,6,8,66.7,2,0,0,3,0,0,0,2,200,4,6,0,83,2018,Round 2,2018-04-01,9529
Western Bulldogs,Ed Richards,5,6,6,54.5,1,0,0,1,1,0,0,0,148,2,5,0,85,2018,Round 2,2018-04-01,9529
Western Bulldogs,Lukas Webb,2,8,9,90.0,0,2,0,1,0,0,2,5,158,0,0,1,72,2018,Round 2,2018-04-01,9529
Western Bulldogs,Lin Jong,2,7,5,55.6,0,0,2,1,0,0,1,3,116,2,1,0,77,2018,Round 2,2018-04-01,9529
Western Bulldogs,Timothy English,4,3,6,85.7,1,0,1,5,0,1,1,2,34,3,1,0,79,2018,Round 2,2018-04-01,9529
Western Bulldogs,Jordan Roughead,2,2,4,80.0,1,0,0,2,0,0,0,1,92,1,0,0,42,2018,Round 2,2018-04-01,9529
West Coast,Shannon Hurn,6,18,26,89.7,1,0,0,1,0,0,0,6,547,5,6,0,89,2018,Round 2,2018-04-01,9529
West Coast,Andrew Gaff,13,14,23,85.2,0,1,0,1,0,2,3,9,315,5,6,0,87,2018,Round 2,2018-04-01,9529
West Coast,Lewis Jetta,5,15,19,82.6,0,0,0,1,1,1,0,7,377,4,4,0,84,2018,Round 2,2018-04-01,9529
West Coast,Chris Masten,5,14,15,75.0,0,2,0,0,0,0,0,7,295,2,5,0,84,2018,Round 2,2018-04-01,9529
West Coast,Elliot Yeo,8,11,18,90.0,1,2,0,3,0,0,2,10,447,3,4,1,83,2018,Round 2,2018-04-01,9529
West Coast,Luke Shuey,8,11,14,77.8,0,0,0,1,1,3,3,4,174,6,0,0,85,2018,Round 2,2018-04-01,9529
West Coast,Dominic Sheed,10,9,11,61.1,0,0,1,2,0,2,3,6,170,3,3,0,73,2018,Round 2,2018-04-01,9529
West Coast,Jack Redden,4,13,11,64.7,0,0,0,1,0,2,1,5,153,3,0,0,83,2018,Round 2,2018-04-01,9529
West Coast,Liam Duggan,3,14,10,58.8,1,1,1,1,0,0,1,6,279,6,2,0,89,2018,Round 2,2018-04-01,9529
West Coast,Mark Lecras,6,10,15,93.8,0,1,1,0,1,0,0,9,396,1,2,1,87,2018,Round 2,2018-04-01,9529
West Coast,Jamie Cripps,4,12,15,93.8,0,3,3,2,0,0,0,12,303,1,4,2,88,2018,Round 2,2018-04-01,9529
West Coast,Jack Darling,6,10,13,81.2,4,2,6,1,0,0,0,9,226,4,2,1,87,2018,Round 2,2018-04-01,9529
West Coast,Scott Lycett,11,5,7,46.7,1,0,2,1,0,2,3,6,295,5,3,1,76,2018,Round 2,2018-04-01,9529
West Coast,Bradley Sheppard,4,10,14,100.0,0,0,0,6,0,0,0,4,111,0,4,0,89,2018,Round 2,2018-04-01,9529
West Coast,Jeremy Mcgovern,6,7,12,85.7,3,0,0,10,0,0,0,3,218,2,8,0,80,2018,Round 2,2018-04-01,9529
West Coast,Tom Barrass,6,8,12,85.7,2,0,0,8,0,0,0,3,102,2,7,0,88,2018,Round 2,2018-04-01,9529
West Coast,Liam Ryan,9,6,7,50.0,3,0,3,2,3,1,0,9,324,2,1,3,70,2018,Round 2,2018-04-01,9529
West Coast,Jake Waterman,4,9,11,84.6,0,1,1,0,0,0,0,5,194,1,1,0,87,2018,Round 2,2018-04-01,9529
West Coast,Daniel Venables,5,9,7,58.3,1,0,4,1,0,0,0,5,215,6,2,0,77,2018,Round 2,2018-04-01,9529
West Coast,Jackson Nelson,1,9,9,81.8,0,0,0,2,1,0,0,3,266,2,1,0,89,2018,Round 2,2018-04-01,9529
West Coast,Nicholas Naitanui,7,2,6,75.0,1,0,0,7,0,0,2,6,122,1,1,1,56,2018,Round 2,2018-04-01,9529
West Coast,Willie Rioli,5,5,5,62.5,0,1,1,0,0,0,0,4,142,4,4,1,69,2018,Round 2,2018-04-01,9529
Sydney,Josh P  Kennedy,20,14,18,54.5,1,0,0,4,0,3,5,6,454,6,4,0,86,2018,Round 2,2018-04-01,9530
Sydney,Jarrad Mcveigh,9,18,20,71.4,0,2,0,3,1,1,1,4,444,7,7,0,81,2018,Round 2,2018-04-01,9530
Sydney,Luke Parker,17,5,19,70.4,0,0,0,1,0,4,8,5,264,4,2,0,87,2018,Round 2,2018-04-01,9530
Sydney,Isaac Heeney,18,6,13,59.1,1,1,0,1,0,0,4,5,287,3,1,0,81,2018,Round 2,2018-04-01,9530
Sydney,Nick Smith 1,9,12,12,57.1,0,0,0,1,0,1,0,0,226,6,8,0,97,2018,Round 2,2018-04-01,9530
Sydney,Harry Cunningham,7,12,15,71.4,0,0,1,2,0,0,2,5,350,3,5,0,78,2018,Round 2,2018-04-01,9530
Sydney,Jake Lloyd,8,12,13,65.0,0,0,0,2,0,0,3,3,206,3,6,0,89,2018,Round 2,2018-04-01,9530
Sydney,George Hewett,13,8,13,65.0,0,1,0,0,0,0,2,5,184,4,4,0,80,2018,Round 2,2018-04-01,9530
Sydney,Oliver Florent,10,7,13,65.0,0,0,0,2,0,1,3,4,410,7,7,1,82,2018,Round 2,2018-04-01,9530
Sydney,Daniel Hannebery,9,8,10,55.6,0,0,0,2,0,0,3,1,250,4,1,0,62,2018,Round 2,2018-04-01,9530
Sydney,Heath Grundy,5,11,11,68.8,1,0,0,6,0,0,0,2,207,3,4,0,78,2018,Round 2,2018-04-01,9530
Sydney,Kieran Jack,7,7,6,37.5,0,1,0,1,0,2,1,4,178,3,1,0,71,2018,Round 2,2018-04-01,9530
Sydney,Dean Towers,5,12,12,75.0,0,0,1,1,0,0,2,6,132,3,1,0,74,2018,Round 2,2018-04-01,9530
Sydney,Tom Papley,4,12,9,56.2,0,0,2,3,0,1,0,6,184,3,1,0,86,2018,Round 2,2018-04-01,9530
Sydney,Lance Franklin,5,8,8,53.3,2,1,2,0,1,0,1,10,442,4,1,1,96,2018,Round 2,2018-04-01,9530
Sydney,Callum Mills,3,12,8,57.1,1,0,0,1,0,0,0,2,271,5,2,0,87,2018,Round 2,2018-04-01,9530
Sydney,Robbie Fox,7,5,7,58.3,0,0,0,10,0,0,0,3,209,3,7,0,80,2018,Round 2,2018-04-01,9530
Sydney,Callum Sinclair,10,3,3,27.3,0,0,1,6,0,0,3,4,131,3,0,0,80,2018,Round 2,2018-04-01,9530
Sydney,Lewis Melican,2,9,7,63.6,0,0,0,7,0,0,0,1,206,3,2,0,87,2018,Round 2,2018-04-01,9530
Sydney,Dane Rampe,1,5,6,75.0,0,0,0,7,0,0,0,1,115,1,3,0,85,2018,Round 2,2018-04-01,9530
Sydney,Will Hayward,4,4,6,75.0,0,0,0,0,0,0,1,2,132,0,1,1,77,2018,Round 2,2018-04-01,9530
Sydney,Gary Rohan,2,4,4,57.1,1,0,1,2,0,0,0,4,87,1,1,1,74,2018,Round 2,2018-04-01,9530
Port Adelaide,Oliver Wines,19,17,22,62.9,0,1,0,3,0,3,9,4,423,8,4,1,79,2018,Round 2,2018-04-01,9530
Port Adelaide,Justin Westhoff,12,16,17,63.0,0,1,0,5,0,1,2,2,299,6,5,1,82,2018,Round 2,2018-04-01,9530
Port Adelaide,Robert Gray,12,13,14,53.8,0,0,0,2,0,2,2,3,174,4,5,2,83,2018,Round 2,2018-04-01,9530
Port Adelaide,Travis Boak,13,12,17,77.3,0,1,0,1,0,0,2,7,173,5,4,0,87,2018,Round 2,2018-04-01,9530
Port Adelaide,Jared Polec,10,11,16,76.2,0,0,0,3,0,2,3,3,692,7,5,0,86,2018,Round 2,2018-04-01,9530
Port Adelaide,Steven Motlop,3,16,15,75.0,0,1,1,0,2,0,0,8,408,2,1,2,85,2018,Round 2,2018-04-01,9530
Port Adelaide,Darcy Byrne Jones,5,15,14,70.0,0,0,1,3,0,0,3,2,175,3,3,0,83,2018,Round 2,2018-04-01,9530
Port Adelaide,Thomas Jonas,5,13,15,78.9,0,0,0,4,0,0,1,3,295,5,10,0,95,2018,Round 2,2018-04-01,9530
Port Adelaide,Riley Bonner,5,13,13,72.2,0,0,0,1,3,0,1,4,450,3,5,0,86,2018,Round 2,2018-04-01,9530
Port Adelaide,Charlie Dixon,13,7,9,52.9,0,0,0,3,0,1,3,8,262,3,3,0,85,2018,Round 2,2018-04-01,9530
Port Adelaide,Sam Gray,5,11,10,58.8,0,0,0,1,2,0,1,2,332,2,1,2,83,2018,Round 2,2018-04-01,9530
Port Adelaide,Dom Barry,4,11,9,60.0,0,0,0,1,0,1,1,4,196,2,1,2,65,2018,Round 2,2018-04-01,9530
Port Adelaide,Dan Houston,8,5,11,78.6,0,0,0,9,0,0,0,4,201,2,11,0,76,2018,Round 2,2018-04-01,9530
Port Adelaide,Bradley Ebert,10,6,9,69.2,1,0,0,4,0,0,4,1,90,2,3,0,90,2018,Round 2,2018-04-01,9530
Port Adelaide,Hamish Hartlett,1,12,8,61.5,0,0,1,0,0,0,0,2,302,2,5,0,77,2018,Round 2,2018-04-01,9530
Port Adelaide,Chad Wingard,5,6,6,50.0,0,0,1,0,0,0,0,4,206,3,1,0,91,2018,Round 2,2018-04-01,9530
Port Adelaide,Todd Marshall,9,3,8,66.7,1,0,2,2,0,0,0,8,216,3,1,0,52,2018,Round 2,2018-04-01,9530
Port Adelaide,Tom Clurey,5,5,8,72.7,0,0,0,4,0,0,0,1,161,2,7,0,91,2018,Round 2,2018-04-01,9530
Port Adelaide,Jack Watts,5,4,6,60.0,0,1,0,0,0,0,0,1,60,2,2,2,84,2018,Round 2,2018-04-01,9530
Port Adelaide,Tom Rockliff,3,5,2,22.2,0,0,0,0,0,1,2,4,139,3,0,0,66,2018,Round 2,2018-04-01,9530
Port Adelaide,Sam Powell Pepper,8,4,6,66.7,0,0,0,1,0,0,1,2,121,0,2,2,81,2018,Round 2,2018-04-01,9530
Port Adelaide,Dougal Howard,4,3,7,100.0,0,0,0,15,0,0,0,3,97,0,3,0,92,2018,Round 2,2018-04-01,9530
Geelong,Gary Jnr Ablett,15,20,25,71.4,1,0,1,0,1,1,4,7,421,8,4,0,93,2018,Round 2,2018-04-02,9531
Geelong,Patrick Dangerfield,15,18,20,64.5,2,2,1,0,1,2,4,9,509,4,1,0,89,2018,Round 2,2018-04-02,9531
Geelong,Joel Selwood,17,16,24,82.8,1,0,1,6,0,6,4,5,335,4,2,0,88,2018,Round 2,2018-04-02,9531
Geelong,Zach Tuohy,5,20,21,77.8,0,1,0,4,0,1,1,4,453,7,2,0,96,2018,Round 2,2018-04-02,9531
Geelong,Tim Kelly,13,17,18,66.7,0,0,0,3,0,2,2,12,500,7,5,1,86,2018,Round 2,2018-04-02,9531
Geelong,Cameron Guthrie,8,15,22,88.0,0,0,0,2,2,0,0,6,102,4,8,0,88,2018,Round 2,2018-04-02,9531
Geelong,Thomas Stewart,5,16,22,91.7,1,0,0,2,1,0,0,6,482,1,6,0,87,2018,Round 2,2018-04-02,9531
Geelong,Mark Blicavs,3,12,15,83.3,0,0,0,2,0,0,3,8,137,3,2,1,88,2018,Round 2,2018-04-02,9531
Geelong,Daniel Menzel,6,11,14,82.4,1,3,2,0,0,0,0,11,272,2,2,1,86,2018,Round 2,2018-04-02,9531
Geelong,Jake Kolodjashnij,3,12,14,93.3,0,0,0,5,0,0,0,4,61,0,4,0,85,2018,Round 2,2018-04-02,9531
Geelong,Brandan Parfitt,6,9,13,86.7,0,2,0,0,0,0,2,6,191,2,2,2,78,2018,Round 2,2018-04-02,9531
Geelong,Sam Menegola,6,8,8,57.1,1,1,0,1,0,0,1,5,188,3,0,0,66,2018,Round 2,2018-04-02,9531
Geelong,Mark O Connor,2,10,10,83.3,1,0,0,1,0,0,0,4,18,2,3,0,84,2018,Round 2,2018-04-02,9531
Geelong,Zach Guthrie,2,11,8,66.7,0,0,0,2,0,0,1,3,184,2,4,0,92,2018,Round 2,2018-04-02,9531
Geelong,Tom Hawkins,6,7,6,54.5,2,2,3,3,0,0,1,7,186,0,2,1,93,2018,Round 2,2018-04-02,9531
Geelong,Rhys Stanley,7,5,9,81.8,1,0,1,1,0,0,2,3,123,1,1,0,83,2018,Round 2,2018-04-02,9531
Geelong,Cory Gregson,2,9,7,63.6,0,0,0,1,0,0,1,4,266,5,1,1,78,2018,Round 2,2018-04-02,9531
Geelong,Nakia Cockatoo,6,4,6,60.0,0,1,0,3,0,0,2,5,29,0,1,1,73,2018,Round 2,2018-04-02,9531
Geelong,Jed Bews,0,8,6,75.0,0,0,1,3,0,0,0,2,94,0,1,0,86,2018,Round 2,2018-04-02,9531
Geelong,Lachlan Fogarty,1,7,7,87.5,0,0,1,3,0,1,0,3,155,0,0,0,62,2018,Round 2,2018-04-02,9531
Geelong,James Parsons,1,6,6,85.7,0,0,2,1,0,0,0,3,224,3,1,1,84,2018,Round 2,2018-04-02,9531
Geelong,Jack Henry,2,3,5,100.0,0,0,0,1,0,0,0,1,47,0,2,0,35,2018,Round 2,2018-04-02,9531
Hawthorn,Tom Mitchell,23,17,25,62.5,0,1,0,1,0,9,4,9,595,9,6,2,92,2018,Round 2,2018-04-02,9531
Hawthorn,Jaeger O Meara,8,11,15,71.4,0,0,0,0,0,4,2,8,281,3,1,0,73,2018,Round 2,2018-04-02,9531
Hawthorn,Isaac Smith,7,14,17,85.0,1,0,1,4,3,0,1,7,570,6,2,1,88,2018,Round 2,2018-04-02,9531
Hawthorn,Ricky Henderson,7,13,13,68.4,0,1,1,2,1,0,3,9,365,2,4,0,75,2018,Round 2,2018-04-02,9531
Hawthorn,Taylor Duryea,5,14,15,78.9,0,1,0,1,0,0,1,4,260,3,5,0,81,2018,Round 2,2018-04-02,9531
Hawthorn,James Sicily,3,14,15,78.9,0,1,0,4,0,0,0,5,512,5,4,0,93,2018,Round 2,2018-04-02,9531
Hawthorn,Ryan Burton,6,11,13,76.5,1,1,0,2,0,0,1,4,277,4,5,0,83,2018,Round 2,2018-04-02,9531
Hawthorn,Ben Mcevoy,10,5,15,93.8,3,0,1,6,0,1,3,7,40,0,3,0,90,2018,Round 2,2018-04-02,9531
Hawthorn,Jarman Impey,5,10,10,62.5,0,1,2,0,2,2,1,7,396,0,2,0,77,2018,Round 2,2018-04-02,9531
Hawthorn,Daniel Howe,6,10,12,75.0,1,1,1,0,0,2,2,5,180,3,1,1,93,2018,Round 2,2018-04-02,9531
Hawthorn,Liam Shiels,4,7,12,80.0,0,0,0,3,0,2,2,3,317,3,3,3,80,2018,Round 2,2018-04-02,9531
Hawthorn,Blake Hardwick,3,12,13,86.7,0,0,0,2,0,0,0,5,252,1,4,0,81,2018,Round 2,2018-04-02,9531
Hawthorn,Jarryd Roughead,10,6,8,57.1,4,2,4,5,0,1,2,10,242,5,2,0,88,2018,Round 2,2018-04-02,9531
Hawthorn,Luke Breust,7,8,10,76.9,0,2,1,2,0,0,0,9,201,2,2,4,84,2018,Round 2,2018-04-02,9531
Hawthorn,Jack Gunston,5,8,8,61.5,1,0,4,2,0,0,0,7,223,3,1,1,89,2018,Round 2,2018-04-02,9531
Hawthorn,Paul Puopolo,4,5,7,77.8,0,0,0,2,0,0,0,2,108,2,0,0,84,2018,Round 2,2018-04-02,9531
Hawthorn,Tim O Brien,2,8,8,88.9,0,1,0,1,0,0,0,4,203,0,3,0,78,2018,Round 2,2018-04-02,9531
Hawthorn,Benjamin Stratton,2,6,7,87.5,1,0,0,6,0,0,1,4,53,0,2,0,100,2018,Round 2,2018-04-02,9531
Hawthorn,Kaiden Brand,6,4,6,75.0,0,0,0,4,0,0,1,2,53,1,6,0,95,2018,Round 2,2018-04-02,9531
Hawthorn,Cyril Rioli,5,4,6,85.7,0,1,0,4,0,1,0,4,51,1,1,1,80,2018,Round 2,2018-04-02,9531
Hawthorn,Ryan Schoenmakers,2,3,3,60.0,0,0,1,3,0,0,0,5,119,0,2,0,78,2018,Round 2,2018-04-02,9531
Hawthorn,Shaun Burgoyne,1,3,3,75.0,0,0,1,0,0,0,1,3,39,0,0,1,18,2018,Round 2,2018-04-02,9531
Carlton,Marc Murphy,11,20,22,75.9,0,0,0,3,0,2,1,5,503,5,2,1,90,2018,Round 3,2018-04-06,9532
Carlton,Patrick Cripps,13,14,19,73.1,1,0,1,2,0,3,2,5,311,7,4,0,87,2018,Round 3,2018-04-06,9532
Carlton,Edward Curnow,8,10,19,76.0,0,0,0,0,0,4,4,5,339,7,5,0,93,2018,Round 3,2018-04-06,9532
Carlton,Matthew Kreuzer,11,10,10,43.5,1,1,0,0,0,2,2,6,276,3,3,1,80,2018,Round 3,2018-04-06,9532
Carlton,Dale Thomas,4,16,14,66.7,0,0,1,2,0,0,0,1,313,4,3,0,77,2018,Round 3,2018-04-06,9532
Carlton,Kade Simpson,6,12,17,85.0,1,1,0,4,2,1,2,4,561,3,6,0,92,2018,Round 3,2018-04-06,9532
Carlton,Charlie Curnow,7,14,13,65.0,1,0,2,1,2,0,0,7,516,6,2,0,92,2018,Round 3,2018-04-06,9532
Carlton,Zac Fisher,8,8,11,68.8,0,0,0,1,0,0,2,4,150,1,2,1,84,2018,Round 3,2018-04-06,9532
Carlton,Sam Petrevski Seton,5,9,8,53.3,0,0,0,2,0,1,0,3,171,5,1,0,80,2018,Round 3,2018-04-06,9532
Carlton,Paddy Dow,6,9,10,66.7,0,0,1,0,0,0,1,4,334,2,3,0,75,2018,Round 3,2018-04-06,9532
Carlton,Levi Casboult,9,5,12,85.7,2,0,2,4,0,1,3,7,327,0,1,1,80,2018,Round 3,2018-04-06,9532
Carlton,David Cuningham,5,10,13,92.9,0,1,0,2,1,0,0,2,176,0,6,0,86,2018,Round 3,2018-04-06,9532
Carlton,Lachlan Plowman,3,10,12,92.3,1,0,0,4,1,0,0,3,145,1,3,0,92,2018,Round 3,2018-04-06,9532
Carlton,Matthew Kennedy 1,6,8,11,84.6,0,0,0,1,0,3,1,3,55,2,1,2,74,2018,Round 3,2018-04-06,9532
Carlton,Matthew Wright,4,8,10,83.3,0,2,0,0,0,0,0,5,141,3,0,1,83,2018,Round 3,2018-04-06,9532
Carlton,Jarrod Garlett,5,7,6,50.0,0,0,0,1,0,0,2,2,235,3,0,1,77,2018,Round 3,2018-04-06,9532
Carlton,Jacob Weitering,4,6,8,72.7,1,0,0,6,0,0,0,2,188,3,6,0,95,2018,Round 3,2018-04-06,9532
Carlton,Liam Jones,6,4,7,70.0,2,0,0,8,0,0,0,1,162,1,7,0,98,2018,Round 3,2018-04-06,9532
Carlton,Jed Lamb,4,6,7,77.8,0,0,0,1,0,0,0,2,125,2,1,1,83,2018,Round 3,2018-04-06,9532
Carlton,Caleb Marchbank,3,3,7,100.0,0,0,0,1,0,0,0,1,159,1,4,0,23,2018,Round 3,2018-04-06,9532
Carlton,Aaron Mullett,1,4,5,83.3,0,0,0,0,0,0,0,1,185,3,1,0,88,2018,Round 3,2018-04-06,9532
Carlton,Cameron Polson,4,2,2,40.0,0,0,0,0,0,0,0,3,62,2,2,0,70,2018,Round 3,2018-04-06,9532
Collingwood,Steele Sidebottom,8,28,29,82.9,1,0,2,0,0,1,3,8,261,5,2,1,81,2018,Round 3,2018-04-06,9532
Collingwood,Jack Crisp,11,21,25,78.1,1,1,0,1,1,0,2,7,330,4,9,0,88,2018,Round 3,2018-04-06,9532
Collingwood,Taylor Adams,10,17,20,74.1,0,1,0,1,1,1,5,3,426,4,3,0,78,2018,Round 3,2018-04-06,9532
Collingwood,Adam Treloar,9,17,19,73.1,0,2,2,0,3,0,3,7,456,5,3,0,79,2018,Round 3,2018-04-06,9532
Collingwood,Brodie Grundy,13,13,19,76.0,1,1,0,3,0,3,4,7,203,2,2,1,85,2018,Round 3,2018-04-06,9532
Collingwood,Tom Langdon,6,15,18,81.8,1,0,0,1,0,0,1,4,218,2,5,0,90,2018,Round 3,2018-04-06,9532
Collingwood,Scott Pendlebury,5,15,18,85.7,0,1,0,5,1,0,3,2,180,1,0,1,82,2018,Round 3,2018-04-06,9532
Collingwood,Samuel Murray,5,16,17,81.0,0,0,0,2,3,0,0,4,362,4,6,0,76,2018,Round 3,2018-04-06,9532
Collingwood,James Aish,7,12,18,90.0,1,0,1,4,0,0,2,2,251,2,3,0,83,2018,Round 3,2018-04-06,9532
Collingwood,Tom Phillips,9,11,12,60.0,0,0,1,1,1,0,2,2,228,4,5,0,86,2018,Round 3,2018-04-06,9532
Collingwood,Callum Brown,5,15,16,80.0,0,1,1,1,4,0,0,1,203,4,1,2,77,2018,Round 3,2018-04-06,9532
Collingwood,Jeremy Howe,5,13,15,83.3,0,0,0,6,0,0,0,6,402,4,7,0,86,2018,Round 3,2018-04-06,9532
Collingwood,Will Hoskin Elliott,2,16,14,77.8,0,2,3,2,0,0,1,11,332,2,0,1,86,2018,Round 3,2018-04-06,9532
Collingwood,Matthew Scharenberg,4,14,16,88.9,0,0,0,8,0,0,0,3,163,1,5,0,86,2018,Round 3,2018-04-06,9532
Collingwood,Brayden Maynard,6,11,12,66.7,1,0,0,2,0,0,0,3,194,4,5,0,83,2018,Round 3,2018-04-06,9532
Collingwood,Josh Thomas,4,10,12,80.0,1,0,2,1,0,1,0,6,230,1,2,0,75,2018,Round 3,2018-04-06,9532
Collingwood,Lynden Dunn,6,10,11,84.6,0,0,0,4,0,0,0,4,370,2,7,0,90,2018,Round 3,2018-04-06,9532
Collingwood,Travis Varcoe,5,7,7,58.3,0,3,0,1,0,0,0,4,200,2,0,1,75,2018,Round 3,2018-04-06,9532
Collingwood,Ben Reid,5,7,9,75.0,2,1,2,2,0,0,0,5,242,2,1,1,85,2018,Round 3,2018-04-06,9532
Collingwood,Ben Crocker,3,7,6,60.0,1,0,0,2,0,0,0,2,180,3,0,1,76,2018,Round 3,2018-04-06,9532
Collingwood,Mason Cox,5,3,9,100.0,3,1,1,2,0,0,0,3,43,3,1,1,80,2018,Round 3,2018-04-06,9532
Collingwood,Jaidyn Stephenson,1,5,6,100.0,0,0,0,1,0,0,0,2,156,0,0,0,70,2018,Round 3,2018-04-06,9532
Port Adelaide,Jared Polec,9,21,19,65.5,0,3,0,0,2,0,2,10,618,7,3,0,84,2018,Round 3,2018-04-07,9533
Port Adelaide,Hamish Hartlett,9,18,23,88.5,0,0,0,2,0,0,2,4,350,3,7,0,77,2018,Round 3,2018-04-07,9533
Port Adelaide,Oliver Wines,11,13,19,76.0,0,0,0,2,0,3,1,5,302,2,4,0,74,2018,Round 3,2018-04-07,9533
Port Adelaide,Bradley Ebert,14,10,18,78.3,1,0,0,2,0,0,4,5,214,3,5,0,80,2018,Round 3,2018-04-07,9533
Port Adelaide,Robert Gray,12,8,17,77.3,0,1,1,1,0,3,2,6,164,2,2,0,91,2018,Round 3,2018-04-07,9533
Port Adelaide,Riley Bonner,2,18,17,77.3,0,0,0,0,2,0,0,7,519,6,3,0,89,2018,Round 3,2018-04-07,9533
Port Adelaide,Sam Gray,7,14,19,90.5,0,1,3,0,0,1,1,10,281,1,3,1,78,2018,Round 3,2018-04-07,9533
Port Adelaide,Chad Wingard,10,11,14,70.0,0,4,1,0,0,2,2,8,348,4,2,2,92,2018,Round 3,2018-04-07,9533
Port Adelaide,Tom Rockliff,7,12,14,73.7,0,0,1,2,0,1,1,7,249,4,5,1,72,2018,Round 3,2018-04-07,9533
Port Adelaide,Sam Powell Pepper,5,15,10,52.6,0,1,0,1,1,0,0,4,397,7,1,0,59,2018,Round 3,2018-04-07,9533
Port Adelaide,Travis Boak,4,15,14,77.8,0,0,1,1,0,0,1,5,419,4,2,1,83,2018,Round 3,2018-04-07,9533
Port Adelaide,Dan Houston,4,13,14,77.8,0,0,0,4,0,1,0,4,190,1,4,0,71,2018,Round 3,2018-04-07,9533
Port Adelaide,Steven Motlop,3,12,14,82.4,0,0,1,0,2,2,0,6,292,3,1,0,80,2018,Round 3,2018-04-07,9533
Port Adelaide,Thomas Jonas,3,12,14,87.5,0,0,0,7,0,0,0,6,217,1,7,0,96,2018,Round 3,2018-04-07,9533
Port Adelaide,Charlie Dixon,12,2,5,35.7,1,0,2,1,0,1,2,5,157,4,1,1,92,2018,Round 3,2018-04-07,9533
Port Adelaide,Jack Watts,3,10,9,69.2,1,0,3,2,0,0,0,4,159,2,0,0,76,2018,Round 3,2018-04-07,9533
Port Adelaide,Justin Westhoff,3,10,9,75.0,1,0,1,6,0,0,0,4,131,0,1,0,86,2018,Round 3,2018-04-07,9533
Port Adelaide,Dom Barry,3,8,10,83.3,0,0,1,0,1,0,1,5,152,1,2,0,79,2018,Round 3,2018-04-07,9533
Port Adelaide,Dougal Howard,5,7,10,83.3,1,0,0,10,0,0,0,2,140,0,5,0,90,2018,Round 3,2018-04-07,9533
Port Adelaide,Darcy Byrne Jones,4,7,8,72.7,0,0,0,1,0,0,0,3,126,1,3,0,85,2018,Round 3,2018-04-07,9533
Port Adelaide,Todd Marshall,7,3,6,75.0,0,1,1,2,0,0,0,7,231,1,0,2,73,2018,Round 3,2018-04-07,9533
Port Adelaide,Tom Clurey,0,6,6,85.7,0,0,0,4,0,0,0,3,90,1,2,0,94,2018,Round 3,2018-04-07,9533
Brisbane Lions,Stefan Martin,14,17,18,60.0,0,1,0,1,0,2,3,8,499,9,6,0,92,2018,Round 3,2018-04-07,9533
Brisbane Lions,Mitch Robinson,12,10,15,68.2,2,0,0,1,0,3,3,5,226,2,2,0,79,2018,Round 3,2018-04-07,9533
Brisbane Lions,Allen Christensen,7,13,14,66.7,0,0,0,0,0,1,4,5,333,6,2,2,88,2018,Round 3,2018-04-07,9533
Brisbane Lions,Tom Cutler,5,15,16,76.2,0,1,1,3,0,0,4,7,320,2,2,0,87,2018,Round 3,2018-04-07,9533
Brisbane Lions,Alex Witherden,3,11,18,90.0,0,0,0,2,0,0,0,4,376,1,5,0,75,2018,Round 3,2018-04-07,9533
Brisbane Lions,Dayne Zorko,14,5,13,68.4,0,0,0,0,3,1,3,7,374,2,2,1,79,2018,Round 3,2018-04-07,9533
Brisbane Lions,Sam Mayes,5,12,17,89.5,0,0,0,1,0,0,1,1,255,4,5,0,86,2018,Round 3,2018-04-07,9533
Brisbane Lions,Darcy Gardiner,7,11,16,88.9,1,0,0,7,0,0,1,1,114,4,7,0,88,2018,Round 3,2018-04-07,9533
Brisbane Lions,Rohan Bewick,7,8,9,60.0,0,1,0,2,0,0,1,4,410,1,2,1,65,2018,Round 3,2018-04-07,9533
Brisbane Lions,Lewis Taylor,8,7,12,80.0,0,1,0,0,0,0,0,5,259,2,4,0,85,2018,Round 3,2018-04-07,9533
Brisbane Lions,Eric Hipwood,6,8,8,57.1,0,1,1,3,0,0,1,7,297,5,2,0,82,2018,Round 3,2018-04-07,9533
Brisbane Lions,Hugh Mccluggage,6,9,9,64.3,1,0,0,1,0,1,1,4,247,2,2,1,90,2018,Round 3,2018-04-07,9533
Brisbane Lions,Harris Andrews,6,8,11,84.6,1,0,0,6,0,0,0,2,159,3,6,0,100,2018,Round 3,2018-04-07,9533
Brisbane Lions,Rhys Mathieson,10,4,6,46.2,0,0,0,0,0,1,4,3,147,3,0,0,76,2018,Round 3,2018-04-07,9533
Brisbane Lions,Jarrod Berry,1,12,8,66.7,0,1,0,2,0,1,0,1,196,4,0,0,77,2018,Round 3,2018-04-07,9533
Brisbane Lions,Luke Hodge,2,8,9,81.8,0,0,0,2,1,0,1,1,185,3,1,0,84,2018,Round 3,2018-04-07,9533
Brisbane Lions,Ryan Lester,9,4,8,80.0,0,0,0,2,0,2,0,1,112,0,2,1,75,2018,Round 3,2018-04-07,9533
Brisbane Lions,Nicholas Robertson,3,8,10,100.0,1,0,0,0,0,0,1,2,252,2,2,0,86,2018,Round 3,2018-04-07,9533
Brisbane Lions,Joshua Walker,6,3,7,77.8,2,1,1,0,0,0,1,5,175,3,2,0,79,2018,Round 3,2018-04-07,9533
Brisbane Lions,Charlie Cameron,4,5,8,88.9,1,2,3,1,0,0,0,6,278,0,1,1,83,2018,Round 3,2018-04-07,9533
Brisbane Lions,Cameron Rayner,4,5,8,88.9,2,1,1,1,0,0,0,3,241,4,1,1,72,2018,Round 3,2018-04-07,9533
Brisbane Lions,Cedric Cox,4,4,6,75.0,0,0,1,1,0,0,0,3,104,1,4,0,70,2018,Round 3,2018-04-07,9533
Melbourne,Jordan Lewis,7,23,21,77.8,0,2,1,3,0,1,1,12,335,4,2,0,80,2018,Round 3,2018-04-07,9534
Melbourne,Jesse Hogan,12,15,21,80.8,2,0,2,1,0,0,0,9,442,1,2,0,95,2018,Round 3,2018-04-07,9534
Melbourne,Nathan Jones,11,16,19,76.0,0,3,1,1,0,3,2,6,355,4,0,0,82,2018,Round 3,2018-04-07,9534
Melbourne,Dom Tyson,7,18,18,72.0,0,0,1,2,0,2,0,7,335,5,2,0,79,2018,Round 3,2018-04-07,9534
Melbourne,Christian Petracca,8,16,19,76.0,1,1,2,3,1,1,2,13,423,5,2,0,87,2018,Round 3,2018-04-07,9534
Melbourne,Bernie Vince,7,14,17,73.9,0,0,0,1,0,0,3,8,449,5,3,1,86,2018,Round 3,2018-04-07,9534
Melbourne,Dean Kent,9,12,16,80.0,0,2,2,3,0,1,0,11,349,3,4,1,76,2018,Round 3,2018-04-07,9534
Melbourne,Christian Salem,12,7,15,75.0,1,0,0,1,0,5,3,4,457,3,2,0,79,2018,Round 3,2018-04-07,9534
Melbourne,Jake Lever,6,15,13,65.0,0,0,0,3,0,0,0,4,355,6,9,0,97,2018,Round 3,2018-04-07,9534
Melbourne,Clayton Oliver,10,9,14,70.0,1,0,0,0,0,4,1,8,235,4,1,1,85,2018,Round 3,2018-04-07,9534
Melbourne,Alex Neal Bullen,9,11,15,78.9,0,1,1,0,0,1,0,10,259,2,2,2,73,2018,Round 3,2018-04-07,9534
Melbourne,Max Gawn,7,11,12,66.7,1,2,0,2,0,0,0,10,135,1,3,0,87,2018,Round 3,2018-04-07,9534
Melbourne,Michael Hibberd,7,10,14,77.8,1,0,0,2,1,1,0,3,385,2,10,0,86,2018,Round 3,2018-04-07,9534
Melbourne,James Harmes,9,8,11,64.7,0,0,0,2,0,1,1,5,232,3,2,2,77,2018,Round 3,2018-04-07,9534
Melbourne,Jake Melksham,6,9,9,56.2,1,1,1,1,0,0,0,4,307,5,1,0,65,2018,Round 3,2018-04-07,9534
Melbourne,Tomas Bugg,7,10,11,68.8,1,0,2,2,0,0,2,9,248,6,1,1,76,2018,Round 3,2018-04-07,9534
Melbourne,Joshua Wagner,5,12,11,73.3,0,1,0,5,0,0,1,8,238,1,2,0,76,2018,Round 3,2018-04-07,9534
Melbourne,Neville Jetta,6,6,11,91.7,0,0,0,2,0,0,0,2,70,0,7,0,74,2018,Round 3,2018-04-07,9534
Melbourne,Jeff Gartlett,5,6,7,63.6,0,0,2,0,0,0,1,5,130,0,1,3,85,2018,Round 3,2018-04-07,9534
Melbourne,Bayley Fritsch,3,8,10,90.9,0,1,0,0,0,0,0,6,207,1,2,0,74,2018,Round 3,2018-04-07,9534
Melbourne,Sam Frost,4,4,7,77.8,2,0,0,5,0,0,0,3,232,2,7,0,85,2018,Round 3,2018-04-07,9534
Melbourne,Oscar Mcdonald,4,2,6,100.0,0,0,0,7,0,0,0,0,101,0,3,0,97,2018,Round 3,2018-04-07,9534
North Melbourne,Ben Cunnington,16,10,15,60.0,0,0,1,1,0,4,7,5,381,7,2,0,76,2018,Round 3,2018-04-07,9534
North Melbourne,Shaun Higgins,7,14,19,82.6,0,1,0,0,0,1,4,7,452,2,1,0,88,2018,Round 3,2018-04-07,9534
North Melbourne,Trent Dumont,8,13,17,73.9,0,0,0,2,0,1,1,3,359,5,8,0,79,2018,Round 3,2018-04-07,9534
North Melbourne,Jack Ziebell,5,16,14,63.6,1,1,1,3,0,0,1,8,566,5,2,2,84,2018,Round 3,2018-04-07,9534
North Melbourne,Luke Mcdonald,6,14,16,76.2,2,1,0,3,0,0,0,4,407,5,7,0,92,2018,Round 3,2018-04-07,9534
North Melbourne,Ryan Clarke,6,13,13,65.0,0,1,0,2,0,0,0,3,348,3,5,0,89,2018,Round 3,2018-04-07,9534
North Melbourne,Billy Hartung,7,11,14,77.8,0,0,0,1,9,1,1,2,326,3,3,0,79,2018,Round 3,2018-04-07,9534
North Melbourne,Shaun Atley,5,11,12,75.0,0,1,0,0,1,0,1,4,398,4,3,0,81,2018,Round 3,2018-04-07,9534
North Melbourne,Jamie Macmillan,5,11,7,46.7,0,0,0,5,1,0,1,2,235,5,3,0,88,2018,Round 3,2018-04-07,9534
North Melbourne,Ben Jacobs,7,9,13,86.7,0,0,0,0,1,0,2,2,176,2,3,1,80,2018,Round 3,2018-04-07,9534
North Melbourne,Todd Goldstein,8,4,9,69.2,0,1,0,3,0,1,4,3,129,2,0,0,84,2018,Round 3,2018-04-07,9534
North Melbourne,Scott Thompson 1,3,10,9,69.2,1,0,0,4,0,0,0,3,238,3,7,0,90,2018,Round 3,2018-04-07,9534
North Melbourne,Ed Vickers Willis,3,8,8,66.7,0,0,0,5,0,0,0,4,208,3,5,0,92,2018,Round 3,2018-04-07,9534
North Melbourne,Ben Brown,7,4,7,63.6,3,1,2,2,0,0,1,7,288,4,1,1,100,2018,Round 3,2018-04-07,9534
North Melbourne,Jy Simpkin,7,4,9,81.8,0,1,1,2,2,0,1,4,183,1,4,0,72,2018,Round 3,2018-04-07,9534
North Melbourne,Jarrad Waite,1,10,7,70.0,0,0,2,1,1,0,0,6,160,4,0,2,92,2018,Round 3,2018-04-07,9534
North Melbourne,Marley Williams,3,9,6,60.0,0,0,0,4,0,0,1,4,108,4,2,0,83,2018,Round 3,2018-04-07,9534
North Melbourne,Nathan Hrovat,5,5,7,87.5,0,1,0,2,0,0,0,3,57,0,0,0,67,2018,Round 3,2018-04-07,9534
North Melbourne,Jed Anderson,5,4,7,87.5,1,0,0,2,0,2,1,2,155,2,0,0,68,2018,Round 3,2018-04-07,9534
North Melbourne,Majak Daw,5,2,5,71.4,5,0,0,6,0,0,0,0,31,1,4,0,90,2018,Round 3,2018-04-07,9534
North Melbourne,Luke Davies Uniacke,2,4,5,71.4,1,0,0,0,0,0,0,4,165,1,0,0,54,2018,Round 3,2018-04-07,9534
North Melbourne,Kayne Turner,5,2,4,66.7,1,0,0,2,0,0,0,1,0,2,3,1,72,2018,Round 3,2018-04-07,9534
Gold Coast,Jarryd Lyons,15,15,18,60.0,0,0,2,4,0,2,5,6,525,4,3,3,78,2018,Round 3,2018-04-07,9535
Gold Coast,Kade Kolodjashnij,4,17,18,81.8,0,0,0,2,0,0,0,1,303,5,9,0,77,2018,Round 3,2018-04-07,9535
Gold Coast,David Swallow,8,13,13,61.9,0,1,0,0,1,1,1,3,352,7,1,2,79,2018,Round 3,2018-04-07,9535
Gold Coast,Jack Martin,15,7,12,57.1,3,0,2,2,0,1,2,7,326,3,3,0,87,2018,Round 3,2018-04-07,9535
Gold Coast,Touk Miller,15,4,14,73.7,0,1,0,1,0,2,3,2,173,5,6,1,77,2018,Round 3,2018-04-07,9535
Gold Coast,Lachlan Weller,4,14,14,73.7,0,0,0,1,0,2,2,3,452,3,2,0,82,2018,Round 3,2018-04-07,9535
Gold Coast,Brayden Fiorini,4,14,10,52.6,0,0,0,1,0,1,0,2,257,6,3,0,81,2018,Round 3,2018-04-07,9535
Gold Coast,Steven May,6,8,12,80.0,0,0,0,0,0,0,0,2,192,4,6,0,92,2018,Round 3,2018-04-07,9535
Gold Coast,Jarrod Harbrow,5,10,10,71.4,0,0,0,3,1,0,0,0,185,5,5,0,87,2018,Round 3,2018-04-07,9535
Gold Coast,Jesse Joyce,6,8,13,92.9,0,0,0,1,0,0,0,1,303,1,8,0,88,2018,Round 3,2018-04-07,9535
Gold Coast,Nicholas Holman,7,7,13,92.9,1,1,0,2,0,0,1,2,121,1,2,3,87,2018,Round 3,2018-04-07,9535
Gold Coast,Aaron Young,8,5,6,46.2,0,0,0,0,0,1,0,3,296,2,1,2,85,2018,Round 3,2018-04-07,9535
Gold Coast,Rory Thompson,4,8,12,92.3,0,0,0,4,0,0,0,0,261,2,8,0,90,2018,Round 3,2018-04-07,9535
Gold Coast,Ben Ainsworth,5,7,7,53.8,0,1,0,2,0,0,0,3,229,6,2,1,82,2018,Round 3,2018-04-07,9535
Gold Coast,Alex Sexton,1,11,9,75.0,0,0,1,1,0,0,0,4,257,2,2,0,82,2018,Round 3,2018-04-07,9535
Gold Coast,Darcy Macpherson,5,7,7,58.3,0,0,0,0,0,1,0,0,221,4,2,2,84,2018,Round 3,2018-04-07,9535
Gold Coast,Thomas Lynch,8,5,5,45.5,2,2,2,3,0,0,0,4,197,4,2,1,96,2018,Round 3,2018-04-07,9535
Gold Coast,Jarrod Witts,3,6,6,54.5,0,0,1,2,0,1,0,1,152,3,1,0,82,2018,Round 3,2018-04-07,9535
Gold Coast,Sam Day,6,4,8,80.0,2,0,3,2,0,0,2,5,206,0,1,2,85,2018,Round 3,2018-04-07,9535
Gold Coast,Michael Rischitelli,0,10,7,77.8,0,0,0,2,0,0,1,1,222,6,0,0,84,2018,Round 3,2018-04-07,9535
Gold Coast,Pearce Hanley,3,3,7,100.0,0,0,0,0,0,0,0,0,91,2,3,0,35,2018,Round 3,2018-04-07,9535
Gold Coast,Aaron Hall,3,2,2,40.0,0,0,0,1,0,0,0,0,24,1,0,0,78,2018,Round 3,2018-04-07,9535
Fremantle,Nathan Fyfe,24,14,23,60.5,0,1,1,3,0,7,7,12,359,6,6,0,88,2018,Round 3,2018-04-07,9535
Fremantle,Lachie Neale,13,12,16,55.2,1,1,2,0,0,3,4,11,281,5,3,1,78,2018,Round 3,2018-04-07,9535
Fremantle,Ed Langdon,8,19,13,48.1,0,1,1,0,0,0,3,5,555,9,2,2,78,2018,Round 3,2018-04-07,9535
Fremantle,David Mundy,9,14,16,69.6,1,0,1,1,0,0,1,11,286,2,2,0,81,2018,Round 3,2018-04-07,9535
Fremantle,Michael Walters,7,15,16,69.6,0,3,3,1,2,1,0,9,496,6,3,2,86,2018,Round 3,2018-04-07,9535
Fremantle,Connor Blakely,3,17,19,90.5,1,0,0,1,0,0,0,8,280,1,5,0,83,2018,Round 3,2018-04-07,9535
Fremantle,Luke Ryan,8,14,21,100.0,1,1,0,5,0,0,0,5,382,5,10,0,87,2018,Round 3,2018-04-07,9535
Fremantle,Stephen Hill,5,13,14,77.8,0,1,0,2,0,1,1,5,260,2,6,0,84,2018,Round 3,2018-04-07,9535
Fremantle,Hayden Ballantyne,7,11,14,77.8,0,0,1,2,0,1,0,8,277,4,2,0,81,2018,Round 3,2018-04-07,9535
Fremantle,Nathan Wilson,9,8,17,94.4,0,0,0,3,0,0,2,3,513,3,7,0,84,2018,Round 3,2018-04-07,9535
Fremantle,Matthew Taberner,8,10,11,61.1,2,0,1,2,0,0,0,9,169,4,1,0,94,2018,Round 3,2018-04-07,9535
Fremantle,Cameron Mccarthy,5,13,14,82.4,0,1,3,1,0,0,0,10,293,2,0,0,88,2018,Round 3,2018-04-07,9535
Fremantle,Brandon Matera,6,10,11,73.3,1,0,2,2,1,0,1,6,182,2,3,0,76,2018,Round 3,2018-04-07,9535
Fremantle,Aaron Sandilands,9,4,6,42.9,2,0,1,6,0,1,2,8,156,4,3,0,83,2018,Round 3,2018-04-07,9535
Fremantle,Thomas Sheridan,5,11,12,85.7,0,0,0,0,0,0,0,5,159,2,4,1,69,2018,Round 3,2018-04-07,9535
Fremantle,Mitchell Crowden,5,8,12,92.3,0,2,0,0,0,0,1,7,255,1,1,0,81,2018,Round 3,2018-04-07,9535
Fremantle,Michael Johnson,2,10,8,72.7,0,0,0,3,1,0,0,1,128,3,4,0,83,2018,Round 3,2018-04-07,9535
Fremantle,Joel Hamling,5,5,7,63.6,0,0,0,2,0,0,0,2,192,4,8,0,83,2018,Round 3,2018-04-07,9535
Fremantle,Bailey Banfield,6,6,10,90.9,0,0,0,1,0,1,0,3,98,0,2,0,80,2018,Round 3,2018-04-07,9535
Fremantle,Alex Pearce,6,4,8,80.0,0,0,0,7,0,0,0,2,136,1,5,0,96,2018,Round 3,2018-04-07,9535
Fremantle,Adam Cerra,1,9,9,90.0,1,0,0,0,0,0,0,4,252,3,0,0,75,2018,Round 3,2018-04-07,9535
Fremantle,Andrew Brayshaw,3,4,3,42.9,0,0,0,2,0,0,0,4,142,1,0,2,61,2018,Round 3,2018-04-07,9535
Sydney,Callum Mills,5,21,21,80.8,0,0,0,1,0,0,0,2,510,4,5,0,91,2018,Round 3,2018-04-07,9536
Sydney,Josh P  Kennedy,12,12,19,76.0,0,0,0,3,0,2,6,4,193,3,2,0,84,2018,Round 3,2018-04-07,9536
Sydney,Daniel Hannebery,7,16,17,73.9,0,1,1,0,0,1,1,4,285,5,1,1,77,2018,Round 3,2018-04-07,9536
Sydney,Isaac Heeney,15,8,15,65.2,2,1,1,0,0,2,2,7,186,4,4,2,83,2018,Round 3,2018-04-07,9536
Sydney,Lance Franklin,9,13,13,59.1,3,1,1,2,0,0,0,9,581,5,1,0,97,2018,Round 3,2018-04-07,9536
Sydney,Jake Lloyd,5,17,19,86.4,0,0,1,2,0,0,1,4,362,3,4,0,90,2018,Round 3,2018-04-07,9536
Sydney,Jarrad Mcveigh,5,12,14,77.8,0,0,0,0,1,0,1,4,255,5,4,1,77,2018,Round 3,2018-04-07,9536
Sydney,Kieran Jack,8,9,10,55.6,0,2,0,1,0,1,1,3,388,4,3,2,74,2018,Round 3,2018-04-07,9536
Sydney,Luke Parker,10,9,10,55.6,0,1,0,4,0,2,1,3,188,3,2,0,80,2018,Round 3,2018-04-07,9536
Sydney,Will Hayward,6,13,15,83.3,1,0,2,2,0,0,0,5,256,1,2,0,72,2018,Round 3,2018-04-07,9536
Sydney,Harry Cunningham,3,12,13,81.2,0,0,0,1,2,2,1,4,356,2,1,0,72,2018,Round 3,2018-04-07,9536
Sydney,Dane Rampe,6,10,9,56.2,2,0,0,2,0,0,0,3,387,3,5,0,95,2018,Round 3,2018-04-07,9536
Sydney,Lewis Melican,2,11,14,93.3,0,0,0,9,0,0,0,2,353,2,7,0,87,2018,Round 3,2018-04-07,9536
Sydney,Nick Smith 1,3,11,14,100.0,0,0,0,2,0,0,1,2,5,0,4,0,91,2018,Round 3,2018-04-07,9536
Sydney,Callum Sinclair,11,4,10,71.4,2,0,2,6,0,2,4,4,208,4,1,1,82,2018,Round 3,2018-04-07,9536
Sydney,Heath Grundy,7,5,12,92.3,1,0,0,5,0,0,0,2,84,0,8,0,90,2018,Round 3,2018-04-07,9536
Sydney,Dean Towers,9,5,8,61.5,0,2,0,1,0,0,1,4,195,6,2,0,61,2018,Round 3,2018-04-07,9536
Sydney,Sam Reid 1,7,4,9,75.0,3,0,2,3,0,0,0,7,223,0,1,2,83,2018,Round 3,2018-04-07,9536
Sydney,Tom Papley,2,8,7,63.6,0,1,2,2,0,0,0,7,208,1,1,2,81,2018,Round 3,2018-04-07,9536
Sydney,Oliver Florent,2,8,6,60.0,0,0,0,2,1,0,0,4,175,3,1,0,70,2018,Round 3,2018-04-07,9536
Sydney,George Hewett,5,4,7,77.8,0,0,0,1,0,0,1,2,88,3,1,0,93,2018,Round 3,2018-04-07,9536
Sydney,Gary Rohan,2,4,4,66.7,0,0,2,0,0,0,0,2,161,2,1,0,69,2018,Round 3,2018-04-07,9536
Greater Western Sydney,Nick Haynes,6,22,20,71.4,1,0,0,3,0,0,0,6,483,6,8,0,88,2018,Round 3,2018-04-07,9536
Greater Western Sydney,Stephen Coniglio,9,18,16,59.3,2,1,1,2,0,1,4,8,370,5,0,0,87,2018,Round 3,2018-04-07,9536
Greater Western Sydney,Callan Ward,10,14,20,83.3,2,1,0,0,0,4,0,4,305,1,3,0,79,2018,Round 3,2018-04-07,9536
Greater Western Sydney,Heath Shaw,7,14,15,65.2,0,0,0,3,0,0,1,4,426,5,9,0,92,2018,Round 3,2018-04-07,9536
Greater Western Sydney,Dylan Shiel,5,15,13,56.5,0,0,0,0,1,3,2,3,417,3,2,0,74,2018,Round 3,2018-04-07,9536
Greater Western Sydney,Joshua Kelly,7,14,14,63.6,0,0,0,3,0,1,2,9,645,5,4,2,83,2018,Round 3,2018-04-07,9536
Greater Western Sydney,Matthew Deboer,10,10,19,90.5,0,1,1,0,0,0,3,8,86,2,1,3,86,2018,Round 3,2018-04-07,9536
Greater Western Sydney,Jeremy Finlayson,9,12,14,70.0,0,0,0,1,1,0,1,6,419,4,10,0,69,2018,Round 3,2018-04-07,9536
Greater Western Sydney,Jonathon Patton,14,8,18,94.7,0,2,0,2,0,3,4,8,375,2,4,2,84,2018,Round 3,2018-04-07,9536
Greater Western Sydney,Jacob Hopper,11,10,11,57.9,0,0,0,1,0,3,1,4,196,3,0,1,69,2018,Round 3,2018-04-07,9536
Greater Western Sydney,Jeremy Cameron,9,7,10,58.8,2,0,2,3,0,0,1,7,463,5,3,0,91,2018,Round 3,2018-04-07,9536
Greater Western Sydney,Lachie Whitfield,5,10,13,86.7,0,1,0,1,0,0,1,5,137,0,1,0,87,2018,Round 3,2018-04-07,9536
Greater Western Sydney,Adam Tomlinson,3,11,9,64.3,0,0,0,1,0,0,1,2,228,2,0,0,92,2018,Round 3,2018-04-07,9536
Greater Western Sydney,Brett Deledio,5,8,10,76.9,0,1,0,1,0,1,2,2,188,2,2,2,76,2018,Round 3,2018-04-07,9536
Greater Western Sydney,Daniel Lloyd,5,9,9,75.0,0,0,1,3,0,0,0,7,228,3,0,1,73,2018,Round 3,2018-04-07,9536
Greater Western Sydney,Tim Taranto,6,7,6,50.0,1,0,1,1,0,1,2,2,160,6,1,0,82,2018,Round 3,2018-04-07,9536
Greater Western Sydney,Phil Davis,3,8,8,72.7,1,0,0,10,0,0,2,1,95,2,4,0,92,2018,Round 3,2018-04-07,9536
Greater Western Sydney,Harry Perryman,2,8,9,81.8,0,0,0,3,0,0,1,2,137,0,4,0,65,2018,Round 3,2018-04-07,9536
Greater Western Sydney,Aidan Corr,7,3,7,70.0,1,0,0,8,0,0,1,2,91,2,5,0,78,2018,Round 3,2018-04-07,9536
Greater Western Sydney,Harrison Himmelberg,4,3,5,71.4,1,1,1,1,0,0,1,5,132,0,1,1,86,2018,Round 3,2018-04-07,9536
Greater Western Sydney,Samuel Reid,2,5,5,71.4,0,0,0,2,0,0,0,1,36,2,2,0,86,2018,Round 3,2018-04-07,9536
Greater Western Sydney,Rory Lobb,3,2,3,60.0,3,0,2,4,0,0,0,6,79,1,0,2,80,2018,Round 3,2018-04-07,9536
St Kilda,Sebastian Ross,12,21,23,71.9,0,1,0,3,1,0,3,4,640,8,4,0,81,2018,Round 3,2018-04-07,9537
St Kilda,Luke Dunstan,10,18,25,83.3,0,1,0,0,0,2,4,5,283,2,2,1,78,2018,Round 3,2018-04-07,9537
St Kilda,Shane Savage,5,25,24,82.8,0,0,0,0,1,0,0,6,460,4,6,0,86,2018,Round 3,2018-04-07,9537
St Kilda,Jack Steven,10,18,14,50.0,0,0,3,0,1,2,4,6,374,3,1,0,78,2018,Round 3,2018-04-07,9537
St Kilda,Jack Newnes,6,19,17,68.0,0,0,1,2,1,0,2,6,406,2,2,0,83,2018,Round 3,2018-04-07,9537
St Kilda,Jack Sinclair,9,14,15,65.2,1,1,0,1,1,2,0,6,444,6,5,0,85,2018,Round 3,2018-04-07,9537
St Kilda,Jimmy Webster,8,12,17,85.0,0,0,0,3,2,2,0,2,452,1,7,0,86,2018,Round 3,2018-04-07,9537
St Kilda,Blake Acres,10,10,14,73.7,0,0,0,3,0,0,2,8,289,5,1,2,88,2018,Round 3,2018-04-07,9537
St Kilda,Nicholas Coffield,3,16,16,88.9,0,0,1,1,0,0,0,5,254,1,4,0,69,2018,Round 3,2018-04-07,9537
St Kilda,Jack Billings,4,13,12,70.6,0,0,0,0,0,0,0,4,60,2,2,0,81,2018,Round 3,2018-04-07,9537
St Kilda,Dylan Roberton,4,12,14,87.5,0,0,0,7,0,0,0,3,263,4,7,0,86,2018,Round 3,2018-04-07,9537
St Kilda,Jake Carlisle,6,7,11,78.6,3,0,0,1,0,0,0,2,74,2,8,0,91,2018,Round 3,2018-04-07,9537
St Kilda,Rowan Marshall,7,7,10,71.4,1,0,0,4,0,1,1,2,286,6,1,0,92,2018,Round 3,2018-04-07,9537
St Kilda,David Armitage,6,9,6,46.2,0,0,1,2,0,2,0,2,207,3,3,0,68,2018,Round 3,2018-04-07,9537
St Kilda,Jarryn Geary,2,12,10,76.9,0,0,0,2,0,0,2,3,133,2,1,0,82,2018,Round 3,2018-04-07,9537
St Kilda,Brandon White,4,8,9,75.0,1,0,1,3,0,0,0,2,346,8,4,0,79,2018,Round 3,2018-04-07,9537
St Kilda,Ben Long,6,6,7,63.6,0,0,0,1,0,0,0,0,85,5,3,1,76,2018,Round 3,2018-04-07,9537
St Kilda,Josh Bruce,7,3,9,90.0,3,0,1,0,0,1,0,2,97,1,4,0,87,2018,Round 3,2018-04-07,9537
St Kilda,Paddy Mccartin,4,6,5,50.0,1,0,2,2,0,0,0,3,182,1,1,0,74,2018,Round 3,2018-04-07,9537
St Kilda,Jade Gresham,5,5,8,80.0,1,0,2,0,0,0,0,3,150,3,0,0,86,2018,Round 3,2018-04-07,9537
St Kilda,Nathan Brown,5,3,8,100.0,0,0,0,11,0,0,1,1,-19,0,6,0,94,2018,Round 3,2018-04-07,9537
St Kilda,Nathan Wright,2,3,4,80.0,0,1,0,0,0,0,0,3,54,0,0,1,69,2018,Round 3,2018-04-07,9537
Adelaide,Rory Laird,8,22,26,81.2,0,0,0,2,0,0,0,6,384,7,9,0,84,2018,Round 3,2018-04-07,9537
Adelaide,Bryce Gibbs,11,16,20,76.9,0,1,1,2,0,3,5,7,321,5,1,0,84,2018,Round 3,2018-04-07,9537
Adelaide,Paul Seedsman,8,18,21,80.8,0,1,1,1,3,1,3,6,710,6,2,0,79,2018,Round 3,2018-04-07,9537
Adelaide,Luke Brown,8,13,20,87.0,0,1,0,3,0,0,1,6,249,5,8,0,84,2018,Round 3,2018-04-07,9537
Adelaide,Richard Douglas,12,10,18,81.8,0,2,1,2,2,4,0,6,265,4,1,1,85,2018,Round 3,2018-04-07,9537
Adelaide,Rory Atkins,5,17,19,86.4,0,0,1,1,0,0,2,7,429,5,4,0,82,2018,Round 3,2018-04-07,9537
Adelaide,David Mackay,2,19,18,85.7,0,0,0,3,0,0,0,8,370,0,3,0,83,2018,Round 3,2018-04-07,9537
Adelaide,Tom Lynch,7,15,14,66.7,1,2,0,0,0,0,2,8,295,7,2,0,77,2018,Round 3,2018-04-07,9537
Adelaide,Sam Jacobs,12,6,15,75.0,3,1,0,1,0,0,3,10,251,3,6,1,79,2018,Round 3,2018-04-07,9537
Adelaide,Jake Kelly,7,12,19,100.0,1,0,0,4,1,0,1,7,109,1,6,0,88,2018,Round 3,2018-04-07,9537
Adelaide,Daniel Talia,3,15,15,83.3,0,0,0,9,0,0,0,1,225,1,3,0,95,2018,Round 3,2018-04-07,9537
Adelaide,Hugh Greenwood,9,7,12,70.6,1,0,1,1,0,0,1,6,112,2,2,1,67,2018,Round 3,2018-04-07,9537
Adelaide,Edward Betts,4,11,10,62.5,1,0,3,1,0,1,0,6,200,4,1,1,85,2018,Round 3,2018-04-07,9537
Adelaide,Cameron Ellis Yolmen,6,9,11,68.8,0,1,0,1,0,2,1,2,253,4,3,1,67,2018,Round 3,2018-04-07,9537
Adelaide,Rory Sloane,5,10,11,73.3,0,1,0,1,0,0,1,6,293,4,2,1,64,2018,Round 3,2018-04-07,9537
Adelaide,Mitch Mcgovern,3,12,11,73.3,1,1,2,1,0,0,0,7,423,1,3,2,91,2018,Round 3,2018-04-07,9537
Adelaide,Tom Doedee,5,9,15,100.0,1,0,0,5,0,0,1,3,299,1,7,0,82,2018,Round 3,2018-04-07,9537
Adelaide,Lachlan Murphy,6,7,8,66.7,0,0,1,0,1,0,1,6,252,3,1,0,85,2018,Round 3,2018-04-07,9537
Adelaide,Kyle Hartigan,3,7,9,81.8,0,0,0,7,0,0,0,2,213,2,4,0,93,2018,Round 3,2018-04-07,9537
Adelaide,Taylor Walker,5,4,9,90.0,1,1,0,1,0,0,0,6,190,2,1,3,79,2018,Round 3,2018-04-07,9537
Adelaide,Josh Jenkins,4,6,8,80.0,2,0,3,3,1,1,0,6,179,1,0,3,86,2018,Round 3,2018-04-07,9537
Adelaide,Wayne Milera,1,10,6,60.0,0,0,0,2,0,0,0,2,214,4,0,0,80,2018,Round 3,2018-04-07,9537
Richmond,Trent Cotchin,16,15,21,67.7,0,0,0,2,0,4,3,6,550,7,6,1,78,2018,Round 3,2018-04-08,9538
Richmond,Bachar Houli,2,22,20,76.9,0,0,0,1,1,0,0,6,384,4,2,0,82,2018,Round 3,2018-04-08,9538
Richmond,Reece Conca,9,15,19,79.2,0,0,0,0,0,3,1,8,375,2,2,0,76,2018,Round 3,2018-04-08,9538
Richmond,Shaun Grigg,6,15,16,76.2,0,0,1,0,0,1,2,5,399,3,1,0,85,2018,Round 3,2018-04-08,9538
Richmond,Dustin Martin,11,10,13,61.9,0,2,1,1,0,4,1,7,311,3,0,0,70,2018,Round 3,2018-04-08,9538
Richmond,Brandon Ellis,5,16,18,85.7,0,0,0,1,2,0,0,6,257,4,8,0,82,2018,Round 3,2018-04-08,9538
Richmond,Nick Vlastuin,6,15,17,81.0,2,0,0,4,0,0,0,3,328,4,8,0,90,2018,Round 3,2018-04-08,9538
Richmond,Jayden Short,4,16,16,76.2,0,0,0,0,2,0,0,0,500,8,6,0,80,2018,Round 3,2018-04-08,9538
Richmond,Shane Edwards,10,10,16,80.0,1,2,2,0,0,0,1,10,318,2,1,1,84,2018,Round 3,2018-04-08,9538
Richmond,Kane Lambert,8,16,15,75.0,0,1,0,1,0,0,2,9,228,4,3,1,81,2018,Round 3,2018-04-08,9538
Richmond,Alex Rance,6,12,17,89.5,1,0,0,12,0,0,0,3,294,2,12,0,100,2018,Round 3,2018-04-08,9538
Richmond,Sam Lloyd,9,8,9,52.9,0,0,0,0,0,0,1,4,160,3,4,0,73,2018,Round 3,2018-04-08,9538
Richmond,David Astbury,2,12,15,100.0,1,0,0,4,0,0,0,4,287,2,7,0,90,2018,Round 3,2018-04-08,9538
Richmond,Kamdyn Mcintosh,3,13,12,80.0,0,1,2,1,0,0,1,6,555,2,1,0,80,2018,Round 3,2018-04-08,9538
Richmond,Toby Nankervis,7,8,13,86.7,0,0,0,4,0,3,2,6,199,1,3,0,86,2018,Round 3,2018-04-08,9538
Richmond,Jack Riewoldt,7,7,9,69.2,2,0,3,6,0,0,1,7,262,1,1,1,98,2018,Round 3,2018-04-08,9538
Richmond,Dylan Grimes,4,8,12,92.3,0,0,0,8,0,0,0,2,182,3,3,0,75,2018,Round 3,2018-04-08,9538
Richmond,Jack Graham,1,11,11,84.6,0,0,0,0,0,0,0,2,101,2,0,0,77,2018,Round 3,2018-04-08,9538
Richmond,Daniel Butler,2,11,5,41.7,0,0,2,1,0,0,0,7,200,4,1,1,83,2018,Round 3,2018-04-08,9538
Richmond,Jason Castagna,7,6,10,83.3,1,1,2,5,0,0,0,10,135,2,2,3,86,2018,Round 3,2018-04-08,9538
Richmond,Jack Higgins,5,6,9,75.0,0,0,1,2,0,0,0,5,51,0,1,0,70,2018,Round 3,2018-04-08,9538
Richmond,Jacob Townsend,6,3,2,22.2,0,1,0,0,0,0,0,4,108,3,1,0,71,2018,Round 3,2018-04-08,9538
Hawthorn,Tom Mitchell,15,26,31,73.8,0,0,1,0,5,5,7,12,651,7,1,0,85,2018,Round 3,2018-04-08,9538
Hawthorn,Isaac Smith,6,16,17,73.9,0,2,0,3,2,1,4,6,508,7,1,0,89,2018,Round 3,2018-04-08,9538
Hawthorn,Jaeger O Meara,16,8,18,78.3,0,0,0,4,0,3,4,3,280,4,4,0,77,2018,Round 3,2018-04-08,9538
Hawthorn,Jack Gunston,7,14,14,63.6,0,2,2,2,0,0,0,7,504,4,9,0,88,2018,Round 3,2018-04-08,9538
Hawthorn,Taylor Duryea,4,17,20,90.9,1,0,0,2,0,0,0,4,225,4,7,0,87,2018,Round 3,2018-04-08,9538
Hawthorn,Daniel Howe,7,15,15,71.4,0,1,1,3,0,0,2,4,270,4,5,0,83,2018,Round 3,2018-04-08,9538
Hawthorn,Ricky Henderson,6,12,15,75.0,0,0,0,0,1,0,0,2,402,3,8,0,79,2018,Round 3,2018-04-08,9538
Hawthorn,Jarman Impey,7,12,11,61.1,0,0,0,2,5,2,0,4,465,6,4,0,77,2018,Round 3,2018-04-08,9538
Hawthorn,Paul Puopolo,7,10,12,70.6,0,1,0,0,0,1,1,7,278,5,0,1,81,2018,Round 3,2018-04-08,9538
Hawthorn,Blake Hardwick,3,13,14,87.5,0,0,0,5,0,0,0,5,240,2,2,0,85,2018,Round 3,2018-04-08,9538
Hawthorn,Liam Shiels,6,9,11,73.3,0,0,0,2,0,2,1,3,91,0,0,1,71,2018,Round 3,2018-04-08,9538
Hawthorn,Benjamin Stratton,7,9,14,93.3,0,0,0,10,0,0,0,4,86,2,8,0,94,2018,Round 3,2018-04-08,9538
Hawthorn,Luke Breust,7,9,12,85.7,0,0,1,2,0,0,1,6,300,3,1,1,83,2018,Round 3,2018-04-08,9538
Hawthorn,Cyril Rioli,6,6,7,58.3,0,3,0,1,0,0,1,7,262,4,1,3,80,2018,Round 3,2018-04-08,9538
Hawthorn,Ryan Burton,6,7,8,66.7,0,0,0,0,0,0,1,4,179,4,2,0,83,2018,Round 3,2018-04-08,9538
Hawthorn,Harry Morrison,4,9,9,75.0,0,0,1,1,0,0,0,2,198,3,3,0,70,2018,Round 3,2018-04-08,9538
Hawthorn,Jarryd Roughead,6,5,6,54.5,3,0,3,1,0,0,0,5,209,5,0,1,89,2018,Round 3,2018-04-08,9538
Hawthorn,James Frawley,6,5,8,72.7,0,0,0,5,0,0,0,3,56,2,4,0,86,2018,Round 3,2018-04-08,9538
Hawthorn,Ben Mcevoy,8,3,9,81.8,4,0,0,1,0,1,0,6,102,1,2,0,89,2018,Round 3,2018-04-08,9538
Hawthorn,Kaiden Brand,3,7,10,100.0,1,0,0,8,0,0,1,3,194,0,2,0,87,2018,Round 3,2018-04-08,9538
Hawthorn,William Langford,6,3,5,55.6,0,1,0,2,0,0,1,2,34,2,3,1,64,2018,Round 3,2018-04-08,9538
Hawthorn,Tim O Brien,2,5,6,85.7,0,0,1,1,0,0,0,2,95,1,1,1,74,2018,Round 3,2018-04-08,9538
West Coast,Dominic Sheed,12,17,19,63.3,0,0,0,0,1,2,4,10,602,5,5,0,82,2018,Round 3,2018-04-08,9540
West Coast,Andrew Gaff,8,21,24,82.8,0,1,0,0,1,1,3,9,602,6,2,0,90,2018,Round 3,2018-04-08,9540
West Coast,Luke Shuey,13,15,19,67.9,0,2,0,2,0,2,6,8,685,3,0,1,83,2018,Round 3,2018-04-08,9540
West Coast,Shannon Hurn,3,16,18,85.7,0,0,0,2,1,0,0,3,464,6,7,0,91,2018,Round 3,2018-04-08,9540
West Coast,Mark Hutchings,8,13,15,71.4,0,0,0,0,0,0,1,5,95,2,4,0,81,2018,Round 3,2018-04-08,9540
West Coast,Jake Waterman,5,15,12,60.0,1,1,1,2,0,0,0,7,382,5,1,1,78,2018,Round 3,2018-04-08,9540
West Coast,Jack Redden,10,11,12,63.2,0,0,1,4,0,4,1,6,396,3,2,0,81,2018,Round 3,2018-04-08,9540
West Coast,Chris Masten,6,12,14,77.8,0,0,1,0,0,0,1,5,117,1,4,1,82,2018,Round 3,2018-04-08,9540
West Coast,Bradley Sheppard,9,10,14,82.4,2,0,0,7,0,0,0,1,269,6,9,0,86,2018,Round 3,2018-04-08,9540
West Coast,Jamie Cripps,3,10,10,76.9,0,0,1,0,2,1,0,5,346,4,0,4,83,2018,Round 3,2018-04-08,9540
West Coast,Mark Lecras,4,8,9,75.0,0,0,2,1,0,0,2,6,303,2,0,1,89,2018,Round 3,2018-04-08,9540
West Coast,Lewis Jetta,4,8,11,91.7,0,0,0,0,1,0,0,1,248,2,4,0,88,2018,Round 3,2018-04-08,9540
West Coast,Jack Darling,6,7,8,66.7,2,0,2,5,0,0,0,4,112,1,1,1,97,2018,Round 3,2018-04-08,9540
West Coast,Elliot Yeo,5,6,8,66.7,0,0,0,2,0,1,0,2,294,3,2,0,91,2018,Round 3,2018-04-08,9540
West Coast,Willie Rioli,8,5,5,41.7,0,0,0,3,0,1,1,3,258,5,1,0,71,2018,Round 3,2018-04-08,9540
West Coast,Liam Ryan,5,4,9,75.0,0,0,0,0,1,0,0,4,340,4,3,1,69,2018,Round 3,2018-04-08,9540
West Coast,Jeremy Mcgovern,6,5,10,90.9,1,0,0,5,0,0,0,2,89,1,7,0,86,2018,Round 3,2018-04-08,9540
West Coast,Scott Lycett,6,3,8,80.0,1,0,0,5,0,0,2,6,122,2,3,0,73,2018,Round 3,2018-04-08,9540
West Coast,Nicholas Naitanui,7,3,6,66.7,0,2,0,2,0,2,3,6,90,2,1,2,56,2018,Round 3,2018-04-08,9540
West Coast,Daniel Venables,3,7,5,55.6,0,1,1,1,0,0,1,3,139,3,0,0,73,2018,Round 3,2018-04-08,9540
West Coast,Tom Barrass,4,4,5,62.5,1,0,0,5,0,0,0,0,79,1,4,0,85,2018,Round 3,2018-04-08,9540
West Coast,Jackson Nelson,3,5,7,100.0,0,0,0,6,0,0,1,3,81,0,4,0,84,2018,Round 3,2018-04-08,9540
Geelong,Patrick Dangerfield,13,20,20,60.6,0,1,0,0,2,1,7,10,586,4,3,0,84,2018,Round 3,2018-04-08,9540
Geelong,Sam Menegola,13,17,23,79.3,1,0,0,2,0,1,4,9,523,8,4,1,89,2018,Round 3,2018-04-08,9540
Geelong,Gary Jnr Ablett,10,18,20,76.9,0,0,0,1,0,1,4,7,475,5,5,0,66,2018,Round 3,2018-04-08,9540
Geelong,Zach Tuohy,8,14,18,81.8,0,1,1,3,0,2,0,4,345,3,8,1,94,2018,Round 3,2018-04-08,9540
Geelong,Jed Bews,8,12,17,77.3,1,0,1,1,0,0,1,3,325,2,9,0,93,2018,Round 3,2018-04-08,9540
Geelong,Joel Selwood,8,12,13,61.9,2,0,0,0,0,2,1,6,276,4,0,1,83,2018,Round 3,2018-04-08,9540
Geelong,Brandan Parfitt,5,13,13,65.0,0,0,0,0,0,0,0,4,261,3,1,1,86,2018,Round 3,2018-04-08,9540
Geelong,Thomas Stewart,3,15,17,85.0,0,0,0,10,1,0,0,2,303,0,4,0,90,2018,Round 3,2018-04-08,9540
Geelong,Tim Kelly,10,9,14,73.7,0,1,0,1,0,1,4,4,359,4,1,1,80,2018,Round 3,2018-04-08,9540
Geelong,Cory Gregson,6,11,10,58.8,0,3,1,0,0,1,0,5,140,3,2,0,84,2018,Round 3,2018-04-08,9540
Geelong,Jake Kolodjashnij,6,10,12,75.0,3,0,0,8,0,0,0,1,135,3,6,0,90,2018,Round 3,2018-04-08,9540
Geelong,Jack Henry,6,12,13,81.2,1,0,0,10,0,0,0,0,228,4,9,0,94,2018,Round 3,2018-04-08,9540
Geelong,Tom Hawkins,9,7,9,60.0,2,3,6,3,0,0,0,9,322,2,1,2,97,2018,Round 3,2018-04-08,9540
Geelong,Nakia Cockatoo,5,9,9,60.0,0,0,0,1,1,1,2,5,315,0,0,0,48,2018,Round 3,2018-04-08,9540
Geelong,Scott Selwood,8,8,12,85.7,0,0,0,4,0,0,2,6,133,3,4,0,87,2018,Round 3,2018-04-08,9540
Geelong,Esava Ratugolea,6,9,10,71.4,3,0,2,3,0,0,1,3,213,5,3,0,86,2018,Round 3,2018-04-08,9540
Geelong,Zach Guthrie,1,13,10,71.4,1,0,0,1,0,0,0,3,197,1,4,0,83,2018,Round 3,2018-04-08,9540
Geelong,Lachlan Fogarty,3,10,8,57.1,0,0,1,0,0,0,0,7,332,1,0,0,88,2018,Round 3,2018-04-08,9540
Geelong,Mark Blicavs,7,6,9,75.0,0,0,0,5,0,1,2,4,131,2,1,0,81,2018,Round 3,2018-04-08,9540
Geelong,James Parsons,4,7,10,83.3,0,0,0,0,0,0,0,5,231,4,2,0,79,2018,Round 3,2018-04-08,9540
Geelong,Daniel Menzel,3,5,7,87.5,2,0,2,2,0,0,0,3,139,1,0,0,96,2018,Round 3,2018-04-08,9540
Geelong,Cameron Guthrie,0,3,2,50.0,0,0,0,0,0,0,0,1,71,2,0,0,23,2018,Round 3,2018-04-08,9540
Western Bulldogs,Lachlan Hunter,7,27,28,80.0,0,0,3,1,0,0,1,15,553,2,5,0,90,2018,Round 3,2018-04-08,9539
Western Bulldogs,Luke Dahlhaus,12,19,23,74.2,1,1,1,0,0,1,3,9,173,3,3,0,74,2018,Round 3,2018-04-08,9539
Western Bulldogs,Jackson Macrae,11,20,22,73.3,1,1,0,0,1,3,2,10,547,7,4,0,87,2018,Round 3,2018-04-08,9539
Western Bulldogs,Caleb Daniel,8,20,20,74.1,0,1,1,2,0,0,0,8,123,2,9,0,80,2018,Round 3,2018-04-08,9539
Western Bulldogs,Bailey Williams,6,18,24,92.3,0,0,0,5,0,0,1,9,465,2,10,0,84,2018,Round 3,2018-04-08,9539
Western Bulldogs,Toby Mclean,4,20,20,80.0,0,0,2,1,4,1,1,11,435,5,3,0,77,2018,Round 3,2018-04-08,9539
Western Bulldogs,Matthew Suckling,2,21,19,79.2,0,0,0,5,1,1,0,7,392,4,2,0,80,2018,Round 3,2018-04-08,9539
Western Bulldogs,Mitchell Wallis,9,13,17,77.3,0,1,2,1,0,0,3,9,117,3,2,0,82,2018,Round 3,2018-04-08,9539
Western Bulldogs,Mitch Honeychurch,5,12,14,82.4,0,0,0,0,0,0,3,7,209,1,2,1,77,2018,Round 3,2018-04-08,9539
Western Bulldogs,Josh Dunkley,4,13,13,76.5,2,0,3,1,0,1,0,8,219,2,1,0,79,2018,Round 3,2018-04-08,9539
Western Bulldogs,Timothy English,9,8,13,76.5,1,0,0,2,0,1,3,5,165,4,0,0,83,2018,Round 3,2018-04-08,9539
Western Bulldogs,Ed Richards,2,15,12,70.6,0,0,1,0,1,0,0,5,212,4,2,1,68,2018,Round 3,2018-04-08,9539
Western Bulldogs,Jason Johannisen,3,15,12,75.0,0,0,0,1,3,0,1,4,300,4,5,0,90,2018,Round 3,2018-04-08,9539
Western Bulldogs,Marcus Bontempelli,9,10,12,75.0,1,2,2,4,0,0,0,12,359,3,3,1,81,2018,Round 3,2018-04-08,9539
Western Bulldogs,Aaron Naughton,6,10,13,86.7,1,0,0,3,0,0,0,3,157,2,8,0,91,2018,Round 3,2018-04-08,9539
Western Bulldogs,Lin Jong,6,8,8,57.1,1,0,2,1,0,0,4,4,238,2,3,0,74,2018,Round 3,2018-04-08,9539
Western Bulldogs,Zaine Cordy,4,9,12,85.7,1,0,0,6,1,0,0,5,116,1,7,0,98,2018,Round 3,2018-04-08,9539
Western Bulldogs,Bailey Dale,4,10,10,71.4,1,0,3,0,0,0,0,7,213,3,1,0,80,2018,Round 3,2018-04-08,9539
Western Bulldogs,Tory Dickson,2,9,9,81.8,0,1,1,0,0,0,0,3,202,2,1,2,82,2018,Round 3,2018-04-08,9539
Western Bulldogs,Jack Redpath,2,8,9,90.0,0,0,0,1,0,0,0,2,125,3,1,0,75,2018,Round 3,2018-04-08,9539
Western Bulldogs,Billy Gowers,5,5,5,50.0,0,0,2,1,0,0,0,6,185,3,0,0,80,2018,Round 3,2018-04-08,9539
Western Bulldogs,Easton Wood,2,7,8,88.9,2,1,0,3,0,0,0,4,121,1,2,0,88,2018,Round 3,2018-04-08,9539
Essendon,David Zaharakis,10,15,19,73.1,0,0,0,0,1,1,0,3,338,7,6,0,79,2018,Round 3,2018-04-08,9539
Essendon,Michael Hurley,3,14,18,85.7,0,0,0,2,0,0,0,2,418,6,5,0,93,2018,Round 3,2018-04-08,9539
Essendon,Dyson Heppell,8,13,15,71.4,1,0,1,1,0,1,3,8,364,4,2,0,90,2018,Round 3,2018-04-08,9539
Essendon,Devon Smith,8,12,13,65.0,0,2,0,2,0,2,0,5,314,6,3,1,78,2018,Round 3,2018-04-08,9539
Essendon,Andrew Mcgrath,2,17,16,80.0,0,0,0,1,1,0,0,3,233,5,2,0,89,2018,Round 3,2018-04-08,9539
Essendon,Brendon Goddard,5,14,17,94.4,0,0,0,1,0,1,0,7,230,7,7,0,88,2018,Round 3,2018-04-08,9539
Essendon,David Myers,9,9,9,56.2,0,0,0,0,0,3,1,4,135,3,0,0,66,2018,Round 3,2018-04-08,9539
Essendon,Jake Stringer,8,7,11,68.8,0,1,0,1,0,2,1,5,175,3,2,1,67,2018,Round 3,2018-04-08,9539
Essendon,Orazio Fantasia,6,8,9,60.0,0,0,0,0,1,0,0,5,347,3,1,0,71,2018,Round 3,2018-04-08,9539
Essendon,Conor Mckenna,4,10,12,80.0,1,1,0,4,2,0,0,5,338,4,6,0,87,2018,Round 3,2018-04-08,9539
Essendon,Joshua Green,10,4,10,71.4,1,0,1,0,0,0,1,7,192,2,4,0,79,2018,Round 3,2018-04-08,9539
Essendon,Darcy Parish,3,11,12,85.7,0,1,1,0,0,0,1,8,255,2,3,0,77,2018,Round 3,2018-04-08,9539
Essendon,Zachary Merrett,6,8,8,61.5,0,0,1,1,0,3,1,4,259,2,1,0,68,2018,Round 3,2018-04-08,9539
Essendon,Joshua Begley,4,9,9,69.2,0,1,2,0,0,0,0,5,185,3,2,0,85,2018,Round 3,2018-04-08,9539
Essendon,Cale Hooker,2,10,10,83.3,1,0,1,2,0,0,0,8,137,1,2,0,93,2018,Round 3,2018-04-08,9539
Essendon,Joe Daniher,9,3,6,50.0,4,0,3,0,0,0,0,6,283,3,1,1,93,2018,Round 3,2018-04-08,9539
Essendon,Adam Saad,3,8,11,91.7,1,0,0,6,1,0,0,4,284,2,4,0,82,2018,Round 3,2018-04-08,9539
Essendon,Anthony Mcdonald Tipungwuti,6,7,8,66.7,0,0,0,0,0,2,0,5,233,3,2,1,75,2018,Round 3,2018-04-08,9539
Essendon,Tom Bellchambers,6,5,6,60.0,0,1,1,3,0,2,2,2,189,3,2,0,81,2018,Round 3,2018-04-08,9539
Essendon,Mark Baguley,4,6,8,88.9,0,0,0,1,0,0,0,2,116,2,4,0,88,2018,Round 3,2018-04-08,9539
Essendon,Mitchell Brown 1,4,2,5,71.4,1,0,0,6,0,0,0,3,94,2,5,0,89,2018,Round 3,2018-04-08,9539
Essendon,James Stewart,4,4,5,71.4,2,1,2,4,0,0,0,5,240,0,0,0,83,2018,Round 3,2018-04-08,9539
Adelaide,Rory Laird,17,20,27,73.0,0,0,0,1,0,1,2,3,422,7,10,0,89,2018,Round 4,2018-04-13,9541
Adelaide,Paul Seedsman,9,18,17,58.6,0,2,1,2,1,1,2,5,630,12,4,0,87,2018,Round 4,2018-04-13,9541
Adelaide,Rory Atkins,8,20,21,75.0,0,0,1,3,0,1,1,3,699,5,7,0,84,2018,Round 4,2018-04-13,9541
Adelaide,Bryce Gibbs,7,20,21,77.8,0,1,2,0,0,4,2,8,661,7,0,0,81,2018,Round 4,2018-04-13,9541
Adelaide,Hugh Greenwood,16,5,12,50.0,2,0,0,1,0,0,2,3,201,4,5,0,72,2018,Round 4,2018-04-13,9541
Adelaide,Cameron Ellis Yolmen,12,5,11,57.9,2,0,0,0,0,5,1,2,355,9,7,1,76,2018,Round 4,2018-04-13,9541
Adelaide,Daniel Talia,4,14,18,100.0,1,0,0,8,0,0,0,1,171,1,5,0,98,2018,Round 4,2018-04-13,9541
Adelaide,David Mackay,6,10,10,62.5,0,0,0,3,0,0,0,1,365,6,8,0,73,2018,Round 4,2018-04-13,9541
Adelaide,Rory Sloane,12,5,8,50.0,1,0,0,3,0,1,2,2,117,2,3,0,79,2018,Round 4,2018-04-13,9541
Adelaide,Luke Brown,6,8,12,75.0,0,0,0,1,0,0,0,1,245,0,6,0,80,2018,Round 4,2018-04-13,9541
Adelaide,Wayne Milera,9,7,12,75.0,0,0,0,6,0,1,0,3,194,3,4,1,84,2018,Round 4,2018-04-13,9541
Adelaide,Richard Douglas,5,9,9,64.3,0,0,0,1,0,0,2,1,160,5,4,1,84,2018,Round 4,2018-04-13,9541
Adelaide,Tom Lynch,3,12,10,71.4,0,1,0,1,0,0,0,1,158,4,1,1,79,2018,Round 4,2018-04-13,9541
Adelaide,Jake Kelly,3,10,9,64.3,0,0,0,2,0,0,0,0,208,3,3,0,81,2018,Round 4,2018-04-13,9541
Adelaide,Taylor Walker,10,4,7,53.8,1,0,1,2,0,0,0,4,253,4,2,2,81,2018,Round 4,2018-04-13,9541
Adelaide,Tom Doedee,5,8,9,69.2,0,0,0,3,0,0,0,1,270,3,6,0,86,2018,Round 4,2018-04-13,9541
Adelaide,Mitch Mcgovern,9,4,10,83.3,1,0,0,2,0,0,1,4,374,3,3,2,81,2018,Round 4,2018-04-13,9541
Adelaide,Kyle Hartigan,4,6,10,90.9,1,0,0,4,0,0,0,2,84,2,6,0,95,2018,Round 4,2018-04-13,9541
Adelaide,Sam Jacobs,6,4,4,40.0,0,0,0,2,0,1,2,3,67,5,1,1,83,2018,Round 4,2018-04-13,9541
Adelaide,Josh Jenkins,4,6,9,90.0,1,0,0,1,0,0,1,1,104,2,1,1,90,2018,Round 4,2018-04-13,9541
Adelaide,Darcy Fogarty,6,5,7,77.8,0,1,0,1,0,0,0,2,94,2,4,1,72,2018,Round 4,2018-04-13,9541
Adelaide,Edward Betts,2,2,4,66.7,0,0,0,2,0,0,0,2,47,1,1,2,65,2018,Round 4,2018-04-13,9541
Collingwood,Steele Sidebottom,26,17,27,62.8,0,0,0,2,0,6,6,6,418,7,6,1,82,2018,Round 4,2018-04-13,9541
Collingwood,Adam Treloar,19,17,22,61.1,0,1,0,2,0,2,8,10,320,8,4,0,82,2018,Round 4,2018-04-13,9541
Collingwood,Brodie Grundy,23,10,22,66.7,1,0,0,3,1,3,9,8,340,6,3,0,91,2018,Round 4,2018-04-13,9541
Collingwood,Tom Phillips,14,16,20,64.5,0,0,0,0,0,0,3,3,382,8,6,0,88,2018,Round 4,2018-04-13,9541
Collingwood,Scott Pendlebury,7,19,22,73.3,1,2,0,1,0,0,5,7,675,4,5,0,80,2018,Round 4,2018-04-13,9541
Collingwood,Will Hoskin Elliott,13,8,13,56.5,0,1,1,1,2,0,3,5,448,10,6,0,84,2018,Round 4,2018-04-13,9541
Collingwood,Samuel Murray,9,14,16,69.6,0,0,0,4,0,1,1,2,283,3,7,0,76,2018,Round 4,2018-04-13,9541
Collingwood,Jack Crisp,10,12,18,85.7,0,0,0,4,2,0,2,4,408,6,12,0,88,2018,Round 4,2018-04-13,9541
Collingwood,Josh Thomas,7,12,15,75.0,0,1,0,0,0,1,0,10,419,3,0,1,64,2018,Round 4,2018-04-13,9541
Collingwood,Brayden Maynard,9,9,12,66.7,0,0,0,0,0,0,1,3,347,4,6,0,92,2018,Round 4,2018-04-13,9541
Collingwood,Matthew Scharenberg,5,12,11,64.7,0,0,0,3,0,0,0,1,195,3,6,0,93,2018,Round 4,2018-04-13,9541
Collingwood,Ben Reid,2,14,10,66.7,0,1,2,2,0,0,0,7,427,2,1,0,75,2018,Round 4,2018-04-13,9541
Collingwood,James Aish,6,9,8,53.3,0,0,1,2,0,0,0,3,275,4,2,2,84,2018,Round 4,2018-04-13,9541
Collingwood,Jordan De Goey,6,9,10,66.7,0,0,0,2,0,0,2,5,330,4,1,3,73,2018,Round 4,2018-04-13,9541
Collingwood,Callum Brown,6,10,9,60.0,0,1,0,3,1,0,2,5,301,6,1,1,74,2018,Round 4,2018-04-13,9541
Collingwood,Tom Langdon,5,11,12,85.7,0,0,0,3,0,0,0,4,191,3,5,0,82,2018,Round 4,2018-04-13,9541
Collingwood,Travis Varcoe,8,5,11,84.6,0,1,0,3,0,0,0,7,207,2,5,0,72,2018,Round 4,2018-04-13,9541
Collingwood,Jaidyn Stephenson,7,5,12,92.3,2,0,2,0,0,0,0,9,224,0,0,0,77,2018,Round 4,2018-04-13,9541
Collingwood,Jeremy Howe,4,8,8,66.7,2,0,0,4,0,0,0,2,275,2,7,0,93,2018,Round 4,2018-04-13,9541
Collingwood,Ben Crocker,7,5,7,63.6,0,0,0,1,0,0,0,3,226,3,2,3,88,2018,Round 4,2018-04-13,9541
Collingwood,Lynden Dunn,2,5,7,77.8,0,0,0,4,0,0,0,0,171,2,4,0,84,2018,Round 4,2018-04-13,9541
Collingwood,Mason Cox,3,1,4,80.0,0,1,0,6,0,0,2,2,37,0,1,1,76,2018,Round 4,2018-04-13,9541
Greater Western Sydney,Callan Ward,12,23,23,67.6,0,0,0,0,1,1,2,8,424,4,3,1,81,2018,Round 4,2018-04-14,9542
Greater Western Sydney,Nick Haynes,4,23,24,82.8,1,0,0,2,1,0,0,6,481,3,11,0,87,2018,Round 4,2018-04-14,9542
Greater Western Sydney,Brett Deledio,12,15,24,85.7,1,0,0,1,0,0,1,5,370,1,7,0,83,2018,Round 4,2018-04-14,9542
Greater Western Sydney,Stephen Coniglio,6,22,23,85.2,1,0,0,1,0,1,0,6,173,2,1,2,81,2018,Round 4,2018-04-14,9542
Greater Western Sydney,Jeremy Finlayson,5,20,21,84.0,0,1,0,5,2,0,0,7,507,7,8,0,78,2018,Round 4,2018-04-14,9542
Greater Western Sydney,Jacob Hopper,11,14,16,64.0,1,0,0,1,0,0,5,5,264,1,1,0,76,2018,Round 4,2018-04-14,9542
Greater Western Sydney,Heath Shaw,3,19,15,62.5,2,0,0,4,5,0,0,1,618,9,5,0,83,2018,Round 4,2018-04-14,9542
Greater Western Sydney,Dylan Shiel,9,13,18,78.3,0,3,0,1,2,2,1,7,436,2,1,0,76,2018,Round 4,2018-04-14,9542
Greater Western Sydney,Lachie Whitfield,9,16,20,87.0,0,0,0,0,1,0,1,6,273,5,6,0,84,2018,Round 4,2018-04-14,9542
Greater Western Sydney,Tim Taranto,13,9,13,59.1,0,0,0,2,0,1,5,8,361,3,3,6,84,2018,Round 4,2018-04-14,9542
Greater Western Sydney,Matthew Deboer,9,12,16,76.2,0,0,1,2,0,0,2,9,198,1,2,2,90,2018,Round 4,2018-04-14,9542
Greater Western Sydney,Toby Greene,9,10,11,55.0,2,2,3,2,2,0,0,10,389,7,1,0,83,2018,Round 4,2018-04-14,9542
Greater Western Sydney,Jeremy Cameron,6,15,12,60.0,1,1,4,0,0,0,0,11,401,6,4,2,81,2018,Round 4,2018-04-14,9542
Greater Western Sydney,Phil Davis,8,8,15,88.2,1,1,0,6,0,0,1,5,163,2,9,0,79,2018,Round 4,2018-04-14,9542
Greater Western Sydney,Daniel Lloyd,6,8,9,64.3,0,0,0,0,0,1,2,5,239,2,1,0,86,2018,Round 4,2018-04-14,9542
Greater Western Sydney,Harrison Himmelberg,2,10,8,66.7,0,0,0,4,0,0,0,3,202,2,1,2,79,2018,Round 4,2018-04-14,9542
Greater Western Sydney,Samuel Reid,2,10,11,91.7,0,0,0,1,0,0,0,1,168,1,2,1,83,2018,Round 4,2018-04-14,9542
Greater Western Sydney,Ryan Griffen,6,6,6,54.5,2,0,3,2,0,0,0,5,205,2,1,1,76,2018,Round 4,2018-04-14,9542
Greater Western Sydney,Jonathon Patton,6,6,8,72.7,1,0,0,3,0,0,0,2,147,3,2,0,75,2018,Round 4,2018-04-14,9542
Greater Western Sydney,Adam Tomlinson,2,9,9,81.8,0,2,0,1,0,0,0,5,275,1,3,1,93,2018,Round 4,2018-04-14,9542
Greater Western Sydney,Dawson Simpson,5,6,8,80.0,0,0,0,4,0,0,2,2,3,0,2,0,78,2018,Round 4,2018-04-14,9542
Greater Western Sydney,Aidan Corr,3,3,5,83.3,1,0,1,7,0,0,0,2,73,1,4,0,84,2018,Round 4,2018-04-14,9542
Fremantle,David Mundy,15,17,22,68.8,0,1,1,1,0,4,4,6,530,8,5,0,86,2018,Round 4,2018-04-14,9542
Fremantle,Lachie Neale,8,20,20,69.0,0,1,0,0,0,2,3,4,425,5,3,0,81,2018,Round 4,2018-04-14,9542
Fremantle,Stephen Hill,5,24,23,82.1,0,0,0,4,0,0,0,4,597,5,5,0,82,2018,Round 4,2018-04-14,9542
Fremantle,Nathan Fyfe,14,10,17,68.0,1,0,1,3,3,4,5,6,409,6,2,1,83,2018,Round 4,2018-04-14,9542
Fremantle,Michael Walters,7,15,19,90.5,0,0,0,2,3,0,3,4,290,4,3,2,79,2018,Round 4,2018-04-14,9542
Fremantle,Michael Johnson,5,15,14,70.0,0,1,0,4,0,0,0,2,218,0,7,0,94,2018,Round 4,2018-04-14,9542
Fremantle,Matthew Taberner,7,9,14,73.7,0,1,0,0,0,0,1,3,248,8,3,0,89,2018,Round 4,2018-04-14,9542
Fremantle,Bailey Banfield,2,14,15,88.2,0,0,0,1,1,0,1,4,104,0,1,0,84,2018,Round 4,2018-04-14,9542
Fremantle,Joel Hamling,4,11,13,81.2,0,0,0,6,0,0,0,2,307,2,8,0,96,2018,Round 4,2018-04-14,9542
Fremantle,Connor Blakely,3,12,11,68.8,0,0,0,3,1,0,0,2,357,1,2,0,82,2018,Round 4,2018-04-14,9542
Fremantle,Aaron Sandilands,11,5,15,100.0,3,0,1,4,0,1,3,6,183,3,4,0,84,2018,Round 4,2018-04-14,9542
Fremantle,Darcy Tucker,3,12,13,86.7,0,0,0,1,0,0,3,1,224,3,1,0,71,2018,Round 4,2018-04-14,9542
Fremantle,Mitchell Crowden,5,11,6,40.0,0,0,1,1,0,0,0,2,288,4,1,1,81,2018,Round 4,2018-04-14,9542
Fremantle,Nathan Wilson,2,12,10,71.4,0,0,0,2,0,0,0,3,468,7,3,0,85,2018,Round 4,2018-04-14,9542
Fremantle,Luke Ryan,1,13,8,57.1,0,1,0,7,0,0,0,4,195,3,3,0,75,2018,Round 4,2018-04-14,9542
Fremantle,Brandon Matera,6,7,8,66.7,0,0,1,1,3,0,1,4,132,4,2,0,81,2018,Round 4,2018-04-14,9542
Fremantle,Thomas Sheridan,1,11,8,72.7,0,1,0,1,0,0,0,2,204,4,0,0,86,2018,Round 4,2018-04-14,9542
Fremantle,Andrew Brayshaw,5,6,8,72.7,0,0,0,0,0,1,0,0,50,3,4,0,59,2018,Round 4,2018-04-14,9542
Fremantle,Alex Pearce,3,9,9,90.0,0,0,0,2,0,0,0,0,149,2,5,0,85,2018,Round 4,2018-04-14,9542
Fremantle,Hayden Ballantyne,4,6,6,66.7,0,0,0,1,0,0,1,2,174,3,3,0,87,2018,Round 4,2018-04-14,9542
Fremantle,Adam Cerra,3,4,7,100.0,0,0,0,2,0,1,2,2,58,0,0,0,67,2018,Round 4,2018-04-14,9542
Fremantle,Cameron Mccarthy,1,6,4,66.7,1,0,0,0,0,0,0,2,128,2,0,0,81,2018,Round 4,2018-04-14,9542
Richmond,Shaun Grigg,4,22,21,80.8,0,0,0,3,0,0,0,4,365,3,2,2,85,2018,Round 4,2018-04-14,9543
Richmond,Trent Cotchin,10,16,22,84.6,0,3,1,2,1,3,1,12,398,3,3,1,77,2018,Round 4,2018-04-14,9543
Richmond,Reece Conca,9,15,22,84.6,0,0,1,2,0,0,1,8,245,5,3,1,81,2018,Round 4,2018-04-14,9543
Richmond,Kane Lambert,5,19,23,95.8,0,0,0,5,0,0,2,8,317,3,3,0,83,2018,Round 4,2018-04-14,9543
Richmond,Dion Prestia,13,9,17,73.9,0,1,0,1,2,2,5,3,363,6,5,0,70,2018,Round 4,2018-04-14,9543
Richmond,Bachar Houli,9,14,17,77.3,0,0,0,2,2,1,0,6,253,4,8,0,79,2018,Round 4,2018-04-14,9543
Richmond,Jayden Short,5,17,20,90.9,0,0,0,0,1,0,1,5,284,1,5,0,71,2018,Round 4,2018-04-14,9543
Richmond,David Astbury,8,12,17,85.0,1,0,0,4,0,0,0,5,305,2,9,0,100,2018,Round 4,2018-04-14,9543
Richmond,Toby Nankervis,9,8,10,52.6,2,0,0,4,0,2,1,2,259,5,4,0,76,2018,Round 4,2018-04-14,9543
Richmond,Brandon Ellis,3,16,9,50.0,0,0,2,1,2,0,1,5,250,4,2,0,84,2018,Round 4,2018-04-14,9543
Richmond,Dustin Martin,10,6,13,76.5,2,1,4,0,2,0,0,10,372,3,5,0,76,2018,Round 4,2018-04-14,9543
Richmond,Jack Graham,7,11,10,58.8,0,0,0,0,0,0,0,5,188,2,4,1,70,2018,Round 4,2018-04-14,9543
Richmond,Josh Caddy,9,8,10,62.5,1,1,1,2,0,1,2,3,243,2,2,1,82,2018,Round 4,2018-04-14,9543
Richmond,Kamdyn Mcintosh,2,14,11,68.8,0,0,0,1,0,0,0,6,413,3,1,0,82,2018,Round 4,2018-04-14,9543
Richmond,Shane Edwards,5,11,10,66.7,0,3,0,0,0,0,0,4,134,3,1,0,77,2018,Round 4,2018-04-14,9543
Richmond,Nick Vlastuin,8,7,15,100.0,1,0,0,1,0,0,0,5,344,2,7,0,85,2018,Round 4,2018-04-14,9543
Richmond,Jason Castagna,6,10,9,60.0,0,1,5,2,0,0,1,10,357,3,1,1,85,2018,Round 4,2018-04-14,9543
Richmond,Alex Rance,6,9,14,100.0,1,0,0,6,1,0,0,4,89,0,7,0,94,2018,Round 4,2018-04-14,9543
Richmond,Jack Riewoldt,6,6,7,53.8,3,2,3,2,0,0,0,7,283,5,1,1,98,2018,Round 4,2018-04-14,9543
Richmond,Daniel Butler,5,9,9,69.2,0,1,1,1,3,0,0,6,266,3,2,0,81,2018,Round 4,2018-04-14,9543
Richmond,Jacob Townsend,3,9,9,81.8,1,0,2,2,0,0,1,7,151,4,1,1,75,2018,Round 4,2018-04-14,9543
Richmond,Dylan Grimes,5,3,7,77.8,1,0,0,4,0,0,0,4,193,3,7,0,87,2018,Round 4,2018-04-14,9543
Brisbane Lions,Alex Witherden,5,19,22,81.5,0,0,0,3,0,1,1,3,519,1,6,0,88,2018,Round 4,2018-04-14,9543
Brisbane Lions,Dayne Beams,9,16,15,60.0,0,0,0,0,0,2,3,0,235,5,3,0,80,2018,Round 4,2018-04-14,9543
Brisbane Lions,Luke Hodge,9,15,14,58.3,0,0,0,5,0,1,0,2,302,6,9,0,79,2018,Round 4,2018-04-14,9543
Brisbane Lions,Stefan Martin,13,12,21,87.5,0,0,0,1,0,3,4,1,46,3,2,0,88,2018,Round 4,2018-04-14,9543
Brisbane Lions,Allen Christensen,7,16,21,91.3,0,0,0,2,0,0,1,3,176,1,2,0,86,2018,Round 4,2018-04-14,9543
Brisbane Lions,Lewis Taylor,6,17,21,91.3,0,0,0,0,0,0,0,1,225,5,2,0,86,2018,Round 4,2018-04-14,9543
Brisbane Lions,Cameron Rayner,12,11,12,54.5,3,0,1,2,0,1,0,2,363,10,3,0,79,2018,Round 4,2018-04-14,9543
Brisbane Lions,Mitch Robinson,7,13,17,81.0,1,0,0,1,1,0,1,4,344,2,5,0,82,2018,Round 4,2018-04-14,9543
Brisbane Lions,Rohan Bewick,7,13,14,70.0,0,0,0,2,0,0,2,2,236,6,3,0,77,2018,Round 4,2018-04-14,9543
Brisbane Lions,Darcy Gardiner,5,15,17,85.0,0,0,0,2,0,0,0,1,155,3,6,0,88,2018,Round 4,2018-04-14,9543
Brisbane Lions,Dayne Zorko,8,9,16,94.1,0,0,0,0,0,2,1,1,181,3,1,0,81,2018,Round 4,2018-04-14,9543
Brisbane Lions,Harris Andrews,8,11,15,88.2,1,0,0,11,0,0,0,2,149,2,7,0,97,2018,Round 4,2018-04-14,9543
Brisbane Lions,Jarrod Berry,10,7,11,64.7,1,0,1,0,0,1,0,3,117,4,3,1,81,2018,Round 4,2018-04-14,9543
Brisbane Lions,Hugh Mccluggage,7,7,6,37.5,1,0,0,0,1,0,2,2,235,7,1,1,85,2018,Round 4,2018-04-14,9543
Brisbane Lions,Sam Mayes,5,11,7,46.7,1,0,0,0,0,0,0,0,221,7,2,0,77,2018,Round 4,2018-04-14,9543
Brisbane Lions,Nicholas Robertson,3,12,11,73.3,1,0,0,2,0,0,0,0,166,3,3,0,81,2018,Round 4,2018-04-14,9543
Brisbane Lions,Rhys Mathieson,4,11,13,86.7,0,0,0,0,0,0,1,2,225,3,2,0,75,2018,Round 4,2018-04-14,9543
Brisbane Lions,Tom Cutler,2,10,9,69.2,0,0,0,3,0,0,0,0,182,1,3,0,80,2018,Round 4,2018-04-14,9543
Brisbane Lions,Joshua Walker,4,6,6,60.0,1,0,1,1,0,0,0,1,87,1,3,0,87,2018,Round 4,2018-04-14,9543
Brisbane Lions,Eric Hipwood,1,6,5,62.5,0,0,0,1,0,0,0,2,177,6,1,0,79,2018,Round 4,2018-04-14,9543
Brisbane Lions,Charlie Cameron,2,6,5,71.4,0,0,1,0,0,1,0,3,230,3,2,0,81,2018,Round 4,2018-04-14,9543
Brisbane Lions,Zac Bailey,1,6,4,57.1,0,0,1,0,0,0,0,1,40,1,0,0,64,2018,Round 4,2018-04-14,9543
Western Bulldogs,Jackson Macrae,11,22,25,73.5,0,0,0,0,0,4,3,8,304,5,2,0,84,2018,Round 4,2018-04-14,9544
Western Bulldogs,Matthew Suckling,9,18,22,78.6,0,1,1,2,1,1,0,8,567,3,8,0,83,2018,Round 4,2018-04-14,9544
Western Bulldogs,Toby Mclean,13,12,18,75.0,0,0,0,0,2,2,2,9,141,1,2,1,78,2018,Round 4,2018-04-14,9544
Western Bulldogs,Mitchell Wallis,9,15,18,78.3,1,3,1,2,0,1,2,4,367,4,3,0,76,2018,Round 4,2018-04-14,9544
Western Bulldogs,Josh Dunkley,8,14,16,72.7,3,0,4,1,0,0,2,10,237,3,1,1,81,2018,Round 4,2018-04-14,9544
Western Bulldogs,Marcus Bontempelli,14,7,14,66.7,0,0,1,8,0,2,5,5,324,4,3,1,87,2018,Round 4,2018-04-14,9544
Western Bulldogs,Luke Dahlhaus,6,14,13,65.0,0,1,1,1,0,1,0,6,276,6,3,1,78,2018,Round 4,2018-04-14,9544
Western Bulldogs,Bailey Williams,7,12,18,90.0,2,0,0,2,0,0,1,3,256,4,7,0,85,2018,Round 4,2018-04-14,9544
Western Bulldogs,Easton Wood,5,10,16,88.9,1,0,0,3,0,0,0,4,222,2,5,0,96,2018,Round 4,2018-04-14,9544
Western Bulldogs,Bailey Dale,3,15,15,83.3,0,0,0,2,0,1,0,6,240,3,2,0,85,2018,Round 4,2018-04-14,9544
Western Bulldogs,Caleb Daniel,3,15,11,61.1,0,0,0,1,0,1,0,4,309,6,2,0,74,2018,Round 4,2018-04-14,9544
Western Bulldogs,Lin Jong,5,13,13,76.5,0,0,1,1,0,1,1,7,169,4,2,2,79,2018,Round 4,2018-04-14,9544
Western Bulldogs,Lachlan Hunter,8,10,14,82.4,0,0,0,4,0,0,2,6,104,2,5,0,91,2018,Round 4,2018-04-14,9544
Western Bulldogs,Timothy English,5,12,11,68.8,1,0,1,5,0,0,1,6,234,3,2,0,79,2018,Round 4,2018-04-14,9544
Western Bulldogs,Jason Johannisen,5,10,9,60.0,0,1,0,3,0,0,1,6,351,3,2,1,80,2018,Round 4,2018-04-14,9544
Western Bulldogs,Aaron Naughton,4,11,12,80.0,1,0,0,6,1,0,1,3,286,1,5,0,90,2018,Round 4,2018-04-14,9544
Western Bulldogs,Shane Biggs,1,13,10,71.4,0,0,0,0,1,0,0,3,210,2,1,0,90,2018,Round 4,2018-04-14,9544
Western Bulldogs,Mitch Honeychurch,5,9,11,78.6,1,0,0,0,0,0,0,7,183,3,2,0,69,2018,Round 4,2018-04-14,9544
Western Bulldogs,Tory Dickson,5,8,11,84.6,0,0,1,3,0,0,1,4,144,2,1,0,80,2018,Round 4,2018-04-14,9544
Western Bulldogs,Ed Richards,4,10,8,61.5,0,1,0,5,0,0,0,6,198,4,5,0,75,2018,Round 4,2018-04-14,9544
Western Bulldogs,Jack Redpath,2,7,8,88.9,1,0,1,1,0,0,0,3,128,3,1,0,82,2018,Round 4,2018-04-14,9544
Western Bulldogs,Billy Gowers,5,4,4,50.0,0,0,1,0,0,0,0,3,149,4,3,1,77,2018,Round 4,2018-04-14,9544
Sydney,Jake Lloyd,4,15,19,82.6,0,0,0,1,2,0,1,2,507,5,3,0,85,2018,Round 4,2018-04-14,9544
Sydney,Dane Rampe,8,14,21,91.3,2,0,0,5,0,0,0,3,272,1,12,0,92,2018,Round 4,2018-04-14,9544
Sydney,Jarrad Mcveigh,4,14,17,81.0,1,1,0,5,2,0,2,5,384,5,2,0,86,2018,Round 4,2018-04-14,9544
Sydney,Daniel Hannebery,9,11,13,61.9,0,0,0,0,0,2,3,4,244,5,3,0,80,2018,Round 4,2018-04-14,9544
Sydney,Luke Parker,11,9,15,71.4,0,0,1,0,0,3,2,5,281,5,4,1,87,2018,Round 4,2018-04-14,9544
Sydney,Isaac Heeney,9,11,16,80.0,1,1,1,1,0,0,1,5,389,3,7,1,79,2018,Round 4,2018-04-14,9544
Sydney,Callum Mills,3,16,16,84.2,0,0,0,3,0,0,0,2,284,2,4,0,87,2018,Round 4,2018-04-14,9544
Sydney,Heath Grundy,3,14,16,94.1,0,0,0,3,1,0,0,4,193,2,5,0,94,2018,Round 4,2018-04-14,9544
Sydney,Zak Jones,5,12,13,76.5,0,0,0,0,0,0,2,3,233,2,1,0,74,2018,Round 4,2018-04-14,9544
Sydney,Lance Franklin,8,8,7,43.8,4,1,7,1,0,0,0,8,310,4,1,0,95,2018,Round 4,2018-04-14,9544
Sydney,Nic Newman,7,10,12,75.0,0,0,0,2,0,0,0,1,289,5,7,0,69,2018,Round 4,2018-04-14,9544
Sydney,Josh P  Kennedy,7,7,9,60.0,0,1,0,1,0,1,0,3,50,3,4,1,82,2018,Round 4,2018-04-14,9544
Sydney,Dean Towers,8,7,11,73.3,2,1,1,1,0,1,1,5,185,1,1,1,71,2018,Round 4,2018-04-14,9544
Sydney,Callum Sinclair,9,7,11,73.3,2,0,0,3,0,2,0,6,218,1,3,0,83,2018,Round 4,2018-04-14,9544
Sydney,Tom Papley,10,6,11,73.3,0,0,0,1,1,0,1,5,321,4,2,1,85,2018,Round 4,2018-04-14,9544
Sydney,Nick Smith 1,2,11,11,84.6,1,0,0,5,1,0,0,1,131,2,3,0,86,2018,Round 4,2018-04-14,9544
Sydney,Harry Cunningham,6,8,10,76.9,1,1,0,0,0,0,1,3,196,3,3,0,92,2018,Round 4,2018-04-14,9544
Sydney,Kieran Jack,5,7,10,83.3,0,0,0,0,0,0,1,3,87,2,3,1,73,2018,Round 4,2018-04-14,9544
Sydney,Oliver Florent,7,5,9,75.0,0,0,0,3,3,0,1,3,302,4,3,0,79,2018,Round 4,2018-04-14,9544
Sydney,George Hewett,5,6,8,80.0,0,1,0,0,0,0,1,1,105,2,0,1,82,2018,Round 4,2018-04-14,9544
Sydney,Aliir Aliir,2,3,4,80.0,0,0,0,2,0,0,0,2,185,1,1,0,67,2018,Round 4,2018-04-14,9544
Sydney,Will Hayward,3,2,2,40.0,0,0,1,2,0,0,0,1,54,2,1,0,73,2018,Round 4,2018-04-14,9544
West Coast,Elliot Yeo,14,16,23,69.7,3,2,0,0,4,2,2,7,697,6,7,1,88,2018,Round 4,2018-04-14,9546
West Coast,Andrew Gaff,7,25,24,75.0,0,1,1,2,0,0,2,9,381,5,1,0,90,2018,Round 4,2018-04-14,9546
West Coast,Chris Masten,5,26,21,70.0,0,0,3,0,0,1,0,6,366,5,4,0,88,2018,Round 4,2018-04-14,9546
West Coast,Dominic Sheed,11,19,21,72.4,0,1,0,1,0,2,3,10,408,3,1,0,85,2018,Round 4,2018-04-14,9546
West Coast,Shannon Hurn,3,19,21,95.5,0,0,0,4,2,0,1,5,366,0,4,0,82,2018,Round 4,2018-04-14,9546
West Coast,Luke Shuey,10,13,17,77.3,0,2,1,1,1,2,3,10,441,3,5,0,84,2018,Round 4,2018-04-14,9546
West Coast,Jeremy Mcgovern,8,13,19,86.4,5,0,0,5,0,0,0,7,311,3,14,0,89,2018,Round 4,2018-04-14,9546
West Coast,Tom Barrass,6,12,16,80.0,1,0,0,8,0,0,0,1,265,3,10,0,94,2018,Round 4,2018-04-14,9546
West Coast,Jack Darling,7,12,14,73.7,1,1,3,3,0,0,0,10,346,5,1,1,92,2018,Round 4,2018-04-14,9546
West Coast,Liam Duggan,9,9,14,77.8,1,0,0,5,0,1,0,2,262,3,10,0,82,2018,Round 4,2018-04-14,9546
West Coast,Lewis Jetta,2,14,15,88.2,0,1,0,0,1,0,0,3,421,1,1,0,83,2018,Round 4,2018-04-14,9546
West Coast,Jamie Cripps,9,8,13,76.5,0,1,3,2,0,2,1,10,213,3,2,2,85,2018,Round 4,2018-04-14,9546
West Coast,Bradley Sheppard,4,10,13,86.7,0,0,0,4,0,0,0,3,213,0,7,0,87,2018,Round 4,2018-04-14,9546
West Coast,Mark Lecras,6,7,10,71.4,0,1,1,1,0,0,1,7,237,3,2,0,88,2018,Round 4,2018-04-14,9546
West Coast,Nicholas Naitanui,11,4,10,71.4,2,0,0,3,0,3,1,2,178,6,3,0,56,2018,Round 4,2018-04-14,9546
West Coast,Scott Lycett,5,9,11,78.6,0,1,1,2,0,1,0,6,159,1,2,0,78,2018,Round 4,2018-04-14,9546
West Coast,Joshua Kennedy,7,7,9,69.2,1,1,2,1,0,0,0,10,284,2,0,0,75,2018,Round 4,2018-04-14,9546
West Coast,Jackson Nelson,5,8,8,66.7,0,0,0,0,0,0,0,1,127,3,5,0,88,2018,Round 4,2018-04-14,9546
West Coast,Daniel Venables,5,5,7,63.6,0,1,1,0,0,1,1,8,145,2,2,1,55,2018,Round 4,2018-04-14,9546
West Coast,Jack Redden,4,8,5,50.0,0,0,0,2,0,0,0,4,187,4,1,0,76,2018,Round 4,2018-04-14,9546
West Coast,Jake Waterman,3,6,9,90.0,0,2,0,0,0,0,0,6,149,1,2,1,76,2018,Round 4,2018-04-14,9546
West Coast,Willie Rioli,2,8,7,70.0,1,0,1,0,0,1,0,6,322,2,0,1,77,2018,Round 4,2018-04-14,9546
Gold Coast,David Swallow,18,13,19,65.5,0,0,1,1,1,2,1,4,313,6,7,0,77,2018,Round 4,2018-04-14,9546
Gold Coast,Jarryd Lyons,15,10,19,73.1,0,0,0,0,0,5,2,5,232,2,5,1,84,2018,Round 4,2018-04-14,9546
Gold Coast,Aaron Hall,10,17,19,73.1,0,0,0,1,1,0,1,2,364,5,4,0,86,2018,Round 4,2018-04-14,9546
Gold Coast,Lachlan Weller,6,16,14,60.9,0,0,0,1,0,0,1,2,558,12,6,1,82,2018,Round 4,2018-04-14,9546
Gold Coast,Brayden Fiorini,5,14,13,65.0,0,0,1,1,4,0,2,4,482,3,3,1,80,2018,Round 4,2018-04-14,9546
Gold Coast,Jack Martin,8,12,10,52.6,0,0,0,0,0,1,1,1,410,7,3,1,82,2018,Round 4,2018-04-14,9546
Gold Coast,Jarrod Harbrow,6,10,12,70.6,0,1,0,1,2,0,0,1,378,4,5,0,82,2018,Round 4,2018-04-14,9546
Gold Coast,Aaron Young,2,15,15,88.2,0,0,1,0,0,0,0,4,147,2,3,0,80,2018,Round 4,2018-04-14,9546
Gold Coast,Jesse Joyce,7,10,16,94.1,0,0,0,3,0,0,2,0,212,1,6,0,86,2018,Round 4,2018-04-14,9546
Gold Coast,Touk Miller,7,9,12,75.0,0,1,0,1,0,1,1,2,257,4,1,2,85,2018,Round 4,2018-04-14,9546
Gold Coast,Darcy Macpherson,8,9,11,68.8,0,2,1,0,0,1,4,6,155,3,1,0,78,2018,Round 4,2018-04-14,9546
Gold Coast,Kade Kolodjashnij,5,9,11,78.6,2,0,0,3,0,0,1,2,224,5,6,0,81,2018,Round 4,2018-04-14,9546
Gold Coast,Alex Sexton,4,9,8,61.5,1,0,1,0,0,0,0,3,326,8,0,0,91,2018,Round 4,2018-04-14,9546
Gold Coast,Jack Bowes,3,9,7,58.3,0,0,0,5,0,0,0,1,217,1,4,0,82,2018,Round 4,2018-04-14,9546
Gold Coast,Steven May,4,6,9,81.8,0,0,0,10,0,0,0,2,158,2,5,0,96,2018,Round 4,2018-04-14,9546
Gold Coast,Jarrod Witts,10,2,6,54.5,0,0,0,6,0,3,0,3,246,4,2,1,87,2018,Round 4,2018-04-14,9546
Gold Coast,Rory Thompson,3,6,7,77.8,0,0,0,11,0,0,0,1,130,2,3,0,89,2018,Round 4,2018-04-14,9546
Gold Coast,Ben Ainsworth,0,8,4,44.4,0,2,0,0,0,0,0,3,144,5,0,0,57,2018,Round 4,2018-04-14,9546
Gold Coast,Thomas Lynch,5,3,5,62.5,2,0,3,1,0,0,0,5,168,1,0,0,77,2018,Round 4,2018-04-14,9546
Gold Coast,Michael Rischitelli,2,5,3,42.9,0,0,0,0,0,1,0,0,90,3,1,0,81,2018,Round 4,2018-04-14,9546
Gold Coast,Nicholas Holman,5,2,6,85.7,0,1,0,0,0,1,1,2,133,2,1,1,77,2018,Round 4,2018-04-14,9546
Gold Coast,Sam Day,2,3,2,40.0,0,0,1,3,0,0,0,1,38,2,0,1,82,2018,Round 4,2018-04-14,9546
North Melbourne,Shaun Higgins,17,16,22,62.9,0,0,0,1,0,1,10,9,374,4,1,2,91,2018,Round 4,2018-04-14,9545
North Melbourne,Scott Thompson 1,6,19,21,84.0,0,0,0,3,0,0,0,3,510,5,10,0,95,2018,Round 4,2018-04-14,9545
North Melbourne,Billy Hartung,8,16,14,58.3,0,1,0,1,3,1,3,6,509,6,1,0,78,2018,Round 4,2018-04-14,9545
North Melbourne,Jed Anderson,12,10,14,60.9,1,1,0,1,0,2,2,3,221,3,3,0,73,2018,Round 4,2018-04-14,9545
North Melbourne,Trent Dumont,8,15,17,73.9,0,0,0,0,0,1,2,4,524,6,3,0,78,2018,Round 4,2018-04-14,9545
North Melbourne,Ben Cunnington,14,8,14,63.6,0,1,0,1,1,0,3,5,213,2,4,0,79,2018,Round 4,2018-04-14,9545
North Melbourne,Shaun Atley,8,12,19,86.4,0,1,0,0,0,1,2,9,213,0,0,3,79,2018,Round 4,2018-04-14,9545
North Melbourne,Luke Mcdonald,5,15,12,57.1,0,1,0,0,0,0,0,9,519,4,7,0,72,2018,Round 4,2018-04-14,9545
North Melbourne,Jack Ziebell,11,8,14,77.8,2,2,2,0,1,0,0,9,375,4,1,1,89,2018,Round 4,2018-04-14,9545
North Melbourne,Jarrad Waite,7,7,9,52.9,2,0,2,0,0,0,0,6,159,6,3,2,88,2018,Round 4,2018-04-14,9545
North Melbourne,Jamie Macmillan,6,12,12,70.6,1,1,1,2,0,0,1,5,382,2,2,0,91,2018,Round 4,2018-04-14,9545
North Melbourne,Ben Brown,12,5,12,70.6,3,0,5,1,0,0,0,9,339,3,2,0,98,2018,Round 4,2018-04-14,9545
North Melbourne,Robert Tarrant,1,15,14,87.5,0,1,0,4,0,0,0,3,322,3,5,0,91,2018,Round 4,2018-04-14,9545
North Melbourne,Ryan Clarke,4,12,12,75.0,0,0,0,1,0,0,0,1,148,1,3,0,81,2018,Round 4,2018-04-14,9545
North Melbourne,Marley Williams,4,11,13,86.7,0,0,0,0,0,0,0,2,269,2,5,0,87,2018,Round 4,2018-04-14,9545
North Melbourne,Ed Vickers Willis,5,10,12,80.0,0,0,0,3,0,0,0,5,186,2,9,0,85,2018,Round 4,2018-04-14,9545
North Melbourne,Majak Daw,7,5,8,66.7,1,0,0,8,0,0,1,2,261,6,6,0,81,2018,Round 4,2018-04-14,9545
North Melbourne,Ben Jacobs,8,4,5,45.5,0,0,0,2,0,1,1,1,135,1,0,0,78,2018,Round 4,2018-04-14,9545
North Melbourne,Todd Goldstein,5,4,5,50.0,0,0,0,2,0,1,1,5,79,2,2,0,81,2018,Round 4,2018-04-14,9545
North Melbourne,Jy Simpkin,4,6,8,80.0,1,0,1,2,0,0,2,4,154,3,1,0,65,2018,Round 4,2018-04-14,9545
North Melbourne,Luke Davies Uniacke,3,8,7,77.8,0,0,0,1,0,1,0,1,13,2,1,0,67,2018,Round 4,2018-04-14,9545
North Melbourne,Kayne Turner,6,1,5,71.4,0,1,0,0,0,0,0,3,102,0,4,1,74,2018,Round 4,2018-04-14,9545
Carlton,Edward Curnow,9,16,18,69.2,0,0,2,0,1,3,2,3,299,4,2,3,90,2018,Round 4,2018-04-14,9545
Carlton,Dale Thomas,6,17,15,68.2,1,0,0,1,1,0,0,6,334,1,4,0,85,2018,Round 4,2018-04-14,9545
Carlton,Aaron Mullett,6,11,15,78.9,0,0,0,1,0,1,1,3,397,6,5,0,86,2018,Round 4,2018-04-14,9545
Carlton,Patrick Cripps,13,6,9,47.4,0,0,0,2,1,3,4,3,160,6,4,1,85,2018,Round 4,2018-04-14,9545
Carlton,Matthew Kennedy 1,7,12,13,68.4,0,1,0,1,0,3,1,4,155,3,2,0,85,2018,Round 4,2018-04-14,9545
Carlton,Kade Simpson,5,10,12,70.6,0,0,0,1,0,0,2,2,353,3,3,0,90,2018,Round 4,2018-04-14,9545
Carlton,Matthew Wright,6,10,9,60.0,0,0,1,1,0,0,0,3,253,2,1,0,79,2018,Round 4,2018-04-14,9545
Carlton,Cameron O Shea,5,9,7,53.8,0,0,0,6,0,0,0,0,199,4,6,0,85,2018,Round 4,2018-04-14,9545
Carlton,Zac Fisher,7,7,3,23.1,0,0,1,1,0,0,2,4,216,5,2,1,78,2018,Round 4,2018-04-14,9545
Carlton,Nicholas Graham,4,8,7,58.3,0,0,0,0,0,1,0,4,84,2,0,0,79,2018,Round 4,2018-04-14,9545
Carlton,Jack Silvagni,2,8,5,41.7,0,0,0,0,0,0,2,2,231,7,2,1,79,2018,Round 4,2018-04-14,9545
Carlton,Sam Petrevski Seton,3,7,9,75.0,1,0,0,0,0,1,1,2,146,2,0,0,77,2018,Round 4,2018-04-14,9545
Carlton,Levi Casboult,7,3,8,72.7,0,1,0,2,0,1,0,3,172,5,0,1,94,2018,Round 4,2018-04-14,9545
Carlton,Jacob Weitering,2,8,8,72.7,0,0,0,4,0,0,0,2,182,2,3,0,73,2018,Round 4,2018-04-14,9545
Carlton,Charlie Curnow,6,5,9,81.8,1,0,1,0,0,0,0,2,197,4,3,1,87,2018,Round 4,2018-04-14,9545
Carlton,Lochie O Brien,6,5,7,63.6,0,0,0,0,0,0,0,1,179,4,5,0,75,2018,Round 4,2018-04-14,9545
Carlton,Liam Jones,3,7,8,80.0,0,0,0,11,0,0,0,2,139,2,6,0,100,2018,Round 4,2018-04-14,9545
Carlton,David Cuningham,6,6,6,60.0,0,0,0,1,1,0,1,2,118,2,4,0,79,2018,Round 4,2018-04-14,9545
Carlton,Paddy Dow,9,1,6,60.0,0,0,0,0,0,1,2,0,103,3,5,0,71,2018,Round 4,2018-04-14,9545
Carlton,Lachlan Plowman,6,6,7,77.8,1,0,0,4,2,0,0,2,128,2,6,0,85,2018,Round 4,2018-04-14,9545
Carlton,Matthew Kreuzer,9,1,3,37.5,0,0,0,3,0,1,4,1,108,3,3,0,71,2018,Round 4,2018-04-14,9545
Carlton,Jarrod Garlett,4,4,7,87.5,0,0,0,1,0,0,1,2,128,0,2,2,69,2018,Round 4,2018-04-14,9545
Essendon,Dyson Heppell,13,17,17,54.8,0,0,0,0,0,2,2,5,338,7,3,2,79,2018,Round 4,2018-04-15,9547
Essendon,Michael Hurley,4,23,22,75.9,1,0,0,2,0,0,1,5,532,5,9,0,92,2018,Round 4,2018-04-15,9547
Essendon,Zachary Merrett,8,19,18,62.1,0,0,0,1,3,1,2,6,486,5,4,1,77,2018,Round 4,2018-04-15,9547
Essendon,Brendon Goddard,5,21,25,89.3,0,0,1,0,1,0,5,6,424,4,4,0,91,2018,Round 4,2018-04-15,9547
Essendon,David Zaharakis,6,24,24,85.7,0,2,0,1,1,0,1,6,317,5,5,0,88,2018,Round 4,2018-04-15,9547
Essendon,David Myers,9,16,21,87.5,0,2,0,4,0,2,4,8,421,5,2,0,72,2018,Round 4,2018-04-15,9547
Essendon,Cale Hooker,6,15,21,91.3,0,0,0,2,0,0,1,4,88,1,6,0,88,2018,Round 4,2018-04-15,9547
Essendon,Darcy Parish,6,14,14,73.7,0,1,0,1,1,2,2,6,335,5,2,0,80,2018,Round 4,2018-04-15,9547
Essendon,Devon Smith,8,10,10,58.8,0,0,0,2,2,1,1,6,237,5,2,1,85,2018,Round 4,2018-04-15,9547
Essendon,Matt Guelfi,9,10,12,70.6,0,1,0,1,0,0,1,4,400,4,4,1,74,2018,Round 4,2018-04-15,9547
Essendon,Tom Bellchambers,7,8,11,73.3,1,0,0,3,0,1,3,7,144,4,2,0,80,2018,Round 4,2018-04-15,9547
Essendon,Andrew Mcgrath,6,9,13,86.7,0,0,0,2,1,0,0,4,107,1,6,0,81,2018,Round 4,2018-04-15,9547
Essendon,Michael Hartley,6,9,13,92.9,1,0,0,8,0,0,0,4,59,0,9,0,94,2018,Round 4,2018-04-15,9547
Essendon,Jake Stringer,9,5,7,53.8,0,0,2,1,0,1,1,6,234,3,2,1,84,2018,Round 4,2018-04-15,9547
Essendon,Joshua Green,7,4,9,75.0,0,1,1,0,0,1,1,5,215,2,1,3,76,2018,Round 4,2018-04-15,9547
Essendon,Mark Baguley,0,13,8,66.7,0,0,1,3,0,0,0,4,154,1,0,0,73,2018,Round 4,2018-04-15,9547
Essendon,Joe Daniher,8,4,8,66.7,2,3,3,1,0,0,3,8,314,2,0,1,94,2018,Round 4,2018-04-15,9547
Essendon,Orazio Fantasia,5,8,7,63.6,0,0,1,4,0,0,2,4,149,3,1,3,66,2018,Round 4,2018-04-15,9547
Essendon,Anthony Mcdonald Tipungwuti,6,5,8,72.7,1,0,0,1,0,1,1,6,113,0,1,1,79,2018,Round 4,2018-04-15,9547
Essendon,James Stewart,7,2,8,88.9,2,1,2,0,1,0,1,6,227,0,1,0,84,2018,Round 4,2018-04-15,9547
Essendon,Adam Saad,2,9,7,77.8,0,0,0,1,3,0,0,2,140,2,0,0,81,2018,Round 4,2018-04-15,9547
Essendon,Joshua Begley,7,2,5,55.6,0,1,0,0,0,1,0,4,11,1,0,0,82,2018,Round 4,2018-04-15,9547
Port Adelaide,Robert Gray,19,22,33,84.6,1,1,2,1,4,4,6,8,309,5,7,0,95,2018,Round 4,2018-04-15,9547
Port Adelaide,Jared Polec,12,18,21,75.0,0,0,0,3,0,1,2,5,445,5,6,1,85,2018,Round 4,2018-04-15,9547
Port Adelaide,Oliver Wines,13,16,21,77.8,0,0,1,1,0,3,4,9,375,5,0,0,81,2018,Round 4,2018-04-15,9547
Port Adelaide,Travis Boak,10,11,13,61.9,0,1,0,0,0,1,2,8,310,3,1,0,88,2018,Round 4,2018-04-15,9547
Port Adelaide,Bradley Ebert,8,12,13,65.0,1,1,0,0,0,0,1,3,194,4,4,0,79,2018,Round 4,2018-04-15,9547
Port Adelaide,Justin Westhoff,11,10,12,63.2,2,1,1,4,0,1,2,5,230,3,2,0,93,2018,Round 4,2018-04-15,9547
Port Adelaide,Karl Amon,4,14,17,94.4,0,0,0,3,0,0,1,7,142,1,0,0,66,2018,Round 4,2018-04-15,9547
Port Adelaide,Sam Gray,6,11,11,61.1,0,0,0,3,0,0,0,6,254,3,2,0,86,2018,Round 4,2018-04-15,9547
Port Adelaide,Thomas Jonas,5,11,13,76.5,2,0,0,12,0,0,0,2,203,5,9,0,99,2018,Round 4,2018-04-15,9547
Port Adelaide,Dan Houston,5,10,12,70.6,0,0,0,0,1,0,0,5,329,4,5,0,70,2018,Round 4,2018-04-15,9547
Port Adelaide,Chad Wingard,4,10,9,56.2,1,0,0,2,1,1,0,6,363,2,2,0,89,2018,Round 4,2018-04-15,9547
Port Adelaide,Steven Motlop,3,10,9,60.0,0,1,0,0,0,0,1,5,271,3,1,0,85,2018,Round 4,2018-04-15,9547
Port Adelaide,Riley Bonner,1,12,10,71.4,0,0,0,2,1,0,0,1,286,2,1,0,82,2018,Round 4,2018-04-15,9547
Port Adelaide,Jack Watts,2,10,12,92.3,0,0,3,0,0,0,0,6,170,1,1,2,79,2018,Round 4,2018-04-15,9547
Port Adelaide,Hamish Hartlett,5,9,9,69.2,0,0,0,6,0,0,2,5,241,4,5,0,84,2018,Round 4,2018-04-15,9547
Port Adelaide,Dougal Howard,7,6,7,53.8,0,0,0,3,0,0,1,5,130,4,4,0,87,2018,Round 4,2018-04-15,9547
Port Adelaide,Charlie Dixon,7,6,9,75.0,2,0,2,2,0,2,1,7,102,2,1,0,89,2018,Round 4,2018-04-15,9547
Port Adelaide,Darcy Byrne Jones,5,7,8,66.7,0,0,0,0,0,0,1,5,199,4,3,1,86,2018,Round 4,2018-04-15,9547
Port Adelaide,Trent Mckenzie,5,5,10,90.9,2,0,0,3,0,1,0,2,244,1,5,0,80,2018,Round 4,2018-04-15,9547
Port Adelaide,Tom Rockliff,4,3,4,50.0,0,0,1,1,0,2,1,2,79,3,2,0,60,2018,Round 4,2018-04-15,9547
Port Adelaide,Todd Marshall,2,5,4,50.0,0,1,1,2,0,0,0,6,182,0,1,1,39,2018,Round 4,2018-04-15,9547
Port Adelaide,Tom Clurey,4,4,5,83.3,0,0,0,3,0,0,0,0,99,0,3,0,97,2018,Round 4,2018-04-15,9547
Hawthorn,Liam Shiels,13,14,21,67.7,0,2,0,1,2,3,5,5,630,9,5,6,84,2018,Round 4,2018-04-15,9548
Hawthorn,Jaeger O Meara,15,9,20,76.9,0,0,0,1,0,1,4,5,420,6,4,0,81,2018,Round 4,2018-04-15,9548
Hawthorn,Tom Mitchell,17,7,18,75.0,0,0,0,0,0,4,9,3,324,6,3,0,89,2018,Round 4,2018-04-15,9548
Hawthorn,Jarman Impey,13,9,12,52.2,2,0,2,0,0,1,5,4,506,8,4,0,83,2018,Round 4,2018-04-15,9548
Hawthorn,James Sicily,10,13,20,87.0,1,0,0,6,0,0,2,4,537,6,11,0,92,2018,Round 4,2018-04-15,9548
Hawthorn,Isaac Smith,5,17,13,59.1,0,1,0,3,2,0,1,5,375,6,1,0,86,2018,Round 4,2018-04-15,9548
Hawthorn,Luke Breust,10,8,16,84.2,0,1,2,3,1,0,3,9,332,1,3,3,88,2018,Round 4,2018-04-15,9548
Hawthorn,Jack Gunston,6,11,13,68.4,0,0,1,4,0,0,2,6,430,4,2,2,87,2018,Round 4,2018-04-15,9548
Hawthorn,Ricky Henderson,6,14,13,72.2,1,0,1,2,0,0,1,3,333,6,3,0,85,2018,Round 4,2018-04-15,9548
Hawthorn,Taylor Duryea,7,11,9,50.0,1,0,0,2,0,0,0,0,267,5,7,0,93,2018,Round 4,2018-04-15,9548
Hawthorn,Harry Morrison,10,9,14,77.8,0,0,0,5,0,2,2,4,248,4,5,0,76,2018,Round 4,2018-04-15,9548
Hawthorn,David Mirra,7,13,12,66.7,1,1,0,12,0,0,1,2,398,8,9,0,91,2018,Round 4,2018-04-15,9548
Hawthorn,Daniel Howe,7,9,11,68.8,0,0,0,2,0,3,3,2,236,6,2,2,78,2018,Round 4,2018-04-15,9548
Hawthorn,Jarryd Roughead,6,7,8,53.3,0,0,2,3,0,0,0,7,261,4,6,1,90,2018,Round 4,2018-04-15,9548
Hawthorn,Tim O Brien,5,8,8,57.1,2,0,2,4,0,0,0,4,274,5,2,1,83,2018,Round 4,2018-04-15,9548
Hawthorn,Blake Hardwick,6,8,6,50.0,0,0,0,2,0,0,0,0,146,5,7,0,90,2018,Round 4,2018-04-15,9548
Hawthorn,Conor Glass,7,3,8,72.7,0,0,0,2,0,0,1,0,175,3,7,0,87,2018,Round 4,2018-04-15,9548
Hawthorn,Benjamin Stratton,3,5,6,60.0,1,0,0,9,0,0,0,1,103,1,5,0,98,2018,Round 4,2018-04-15,9548
Hawthorn,Paul Puopolo,4,5,6,66.7,0,0,1,0,0,0,0,3,51,4,1,2,61,2018,Round 4,2018-04-15,9548
Hawthorn,Ben Mcevoy,3,4,4,66.7,0,0,0,7,0,0,1,3,10,0,2,1,84,2018,Round 4,2018-04-15,9548
Hawthorn,Cyril Rioli,6,1,4,66.7,0,1,0,2,0,0,2,1,81,2,2,0,40,2018,Round 4,2018-04-15,9548
Hawthorn,James Frawley,3,2,2,40.0,1,0,0,2,0,0,0,0,70,2,0,2,53,2018,Round 4,2018-04-15,9548
Melbourne,Clayton Oliver,23,7,15,53.6,1,1,0,3,0,2,3,3,367,8,6,2,83,2018,Round 4,2018-04-15,9548
Melbourne,Jesse Hogan,9,16,14,58.3,0,0,0,3,0,0,1,6,253,2,3,1,85,2018,Round 4,2018-04-15,9548
Melbourne,Christian Petracca,13,9,12,52.2,0,0,0,1,0,2,2,2,403,7,6,1,81,2018,Round 4,2018-04-15,9548
Melbourne,Alex Neal Bullen,9,14,13,59.1,0,0,2,3,0,1,0,3,249,4,4,1,83,2018,Round 4,2018-04-15,9548
Melbourne,Nathan Jones,10,10,14,70.0,0,0,0,3,0,0,3,6,247,2,3,0,87,2018,Round 4,2018-04-15,9548
Melbourne,Christian Salem,12,8,15,75.0,1,2,1,2,0,2,3,5,518,4,6,0,76,2018,Round 4,2018-04-15,9548
Melbourne,Tomas Bugg,10,11,9,47.4,0,0,1,2,0,0,2,6,237,5,3,1,78,2018,Round 4,2018-04-15,9548
Melbourne,Angus Brayshaw,8,11,11,57.9,0,2,0,2,0,0,3,5,333,4,3,0,71,2018,Round 4,2018-04-15,9548
Melbourne,Michael Hibberd,8,10,9,50.0,0,0,0,6,0,1,1,2,236,3,6,0,81,2018,Round 4,2018-04-15,9548
Melbourne,Dean Kent,7,10,11,64.7,0,0,0,2,0,0,0,4,403,6,3,0,84,2018,Round 4,2018-04-15,9548
Melbourne,Max Gawn,7,8,13,81.2,3,0,1,6,0,1,3,4,256,5,6,0,84,2018,Round 4,2018-04-15,9548
Melbourne,Jake Lever,9,9,7,46.7,1,0,0,11,1,0,0,1,348,8,13,0,98,2018,Round 4,2018-04-15,9548
Melbourne,Jordan Lewis,7,7,5,35.7,0,0,0,3,0,0,3,2,224,4,4,0,84,2018,Round 4,2018-04-15,9548
Melbourne,Bayley Fritsch,8,5,10,71.4,0,0,0,5,1,0,1,4,202,3,4,0,78,2018,Round 4,2018-04-15,9548
Melbourne,Bernie Vince,5,5,6,46.2,0,0,0,1,0,0,0,2,150,5,6,0,85,2018,Round 4,2018-04-15,9548
Melbourne,Jake Melksham,7,6,7,53.8,0,1,0,1,0,0,1,6,237,3,2,0,80,2018,Round 4,2018-04-15,9548
Melbourne,Oscar Mcdonald,7,6,7,53.8,3,0,0,11,0,0,0,3,212,5,8,0,98,2018,Round 4,2018-04-15,9548
Melbourne,Sam Frost,8,5,7,58.3,0,0,0,7,0,0,0,4,194,5,7,0,77,2018,Round 4,2018-04-15,9548
Melbourne,Joshua Wagner,6,7,5,41.7,0,0,0,4,0,0,1,1,184,4,4,0,82,2018,Round 4,2018-04-15,9548
Melbourne,James Harmes,6,5,5,55.6,0,0,0,3,0,1,1,2,30,3,1,0,71,2018,Round 4,2018-04-15,9548
Melbourne,Neville Jetta,2,3,6,100.0,0,0,0,4,0,0,1,1,78,0,3,0,63,2018,Round 4,2018-04-15,9548
Melbourne,Jeff Gartlett,2,3,3,60.0,0,0,0,1,0,0,0,2,26,1,1,2,88,2018,Round 4,2018-04-15,9548
Geelong,Zach Tuohy,5,21,19,65.5,0,0,0,1,0,1,0,6,478,6,5,0,99,2018,Round 4,2018-04-15,9549
Geelong,Brandan Parfitt,16,12,20,71.4,0,1,1,1,0,0,3,14,455,2,6,2,80,2018,Round 4,2018-04-15,9549
Geelong,Joel Selwood,11,13,16,59.3,0,0,0,2,0,3,2,7,369,3,3,0,82,2018,Round 4,2018-04-15,9549
Geelong,Patrick Dangerfield,14,9,13,52.0,0,0,1,3,1,3,3,2,506,7,5,0,76,2018,Round 4,2018-04-15,9549
Geelong,Sam Menegola,7,16,19,86.4,2,2,2,0,1,0,1,9,388,3,3,0,80,2018,Round 4,2018-04-15,9549
Geelong,Mitchell Duncan,5,16,17,81.0,0,1,0,2,0,0,3,3,405,4,0,0,80,2018,Round 4,2018-04-15,9549
Geelong,Jordan Cunico,7,14,17,81.0,0,0,1,2,0,0,2,7,513,2,6,0,92,2018,Round 4,2018-04-15,9549
Geelong,Thomas Stewart,3,13,14,70.0,1,0,0,4,0,0,0,2,460,8,9,0,82,2018,Round 4,2018-04-15,9549
Geelong,Scott Selwood,5,14,12,63.2,0,0,0,1,0,0,2,4,190,5,2,1,83,2018,Round 4,2018-04-15,9549
Geelong,Lachlan Fogarty,11,10,10,55.6,0,1,0,4,0,0,0,7,335,6,7,1,87,2018,Round 4,2018-04-15,9549
Geelong,Jordan Murdoch,7,11,13,76.5,1,0,0,2,0,0,0,2,278,7,5,0,80,2018,Round 4,2018-04-15,9549
Geelong,Daniel Menzel,10,5,7,43.8,1,0,1,1,0,0,0,9,323,4,0,1,83,2018,Round 4,2018-04-15,9549
Geelong,Jed Bews,5,10,11,73.3,1,0,0,1,0,0,0,1,247,5,8,0,87,2018,Round 4,2018-04-15,9549
Geelong,Tim Kelly,7,9,12,80.0,0,2,1,2,0,0,2,8,368,2,1,0,89,2018,Round 4,2018-04-15,9549
Geelong,Jake Kolodjashnij,6,9,12,85.7,1,0,0,3,0,0,1,1,125,4,6,0,80,2018,Round 4,2018-04-15,9549
Geelong,Mark Blicavs,7,8,10,76.9,0,0,0,12,0,0,0,1,149,4,8,0,95,2018,Round 4,2018-04-15,9549
Geelong,Rhys Stanley,5,6,8,72.7,0,0,1,6,0,2,0,6,169,1,4,0,81,2018,Round 4,2018-04-15,9549
Geelong,Tom Hawkins,2,4,6,75.0,0,3,0,2,0,0,1,5,151,3,1,2,89,2018,Round 4,2018-04-15,9549
Geelong,Jack Henry,2,6,4,57.1,0,0,0,3,0,0,0,0,110,3,4,0,90,2018,Round 4,2018-04-15,9549
Geelong,Esava Ratugolea,9,0,4,66.7,3,0,0,3,0,1,0,2,89,0,1,1,70,2018,Round 4,2018-04-15,9549
Geelong,Zach Guthrie,2,4,5,83.3,0,0,0,1,0,0,0,0,31,1,2,0,78,2018,Round 4,2018-04-15,9549
Geelong,Cory Gregson,2,1,2,100.0,0,1,0,0,0,0,0,2,80,0,1,0,35,2018,Round 4,2018-04-15,9549
St Kilda,Jarryn Geary,11,14,18,69.2,0,1,0,2,0,1,3,3,389,6,10,0,85,2018,Round 4,2018-04-15,9549
St Kilda,Jack Steven,12,14,16,61.5,0,0,0,2,0,2,6,3,298,8,2,0,82,2018,Round 4,2018-04-15,9549
St Kilda,Luke Dunstan,10,17,18,69.2,0,0,1,4,0,1,0,7,389,5,5,0,81,2018,Round 4,2018-04-15,9549
St Kilda,Shane Savage,4,21,19,79.2,0,0,0,3,1,0,1,2,503,9,3,0,87,2018,Round 4,2018-04-15,9549
St Kilda,Jack Steele,11,13,18,75.0,1,1,0,1,1,3,2,5,299,4,2,1,83,2018,Round 4,2018-04-15,9549
St Kilda,Jack Billings,8,15,13,56.5,0,0,1,3,0,0,1,5,165,5,2,0,94,2018,Round 4,2018-04-15,9549
St Kilda,Blake Acres,11,11,17,77.3,0,0,0,1,0,0,4,7,324,4,3,0,86,2018,Round 4,2018-04-15,9549
St Kilda,Jack Sinclair,8,12,12,57.1,0,0,0,2,0,0,4,4,418,5,0,0,81,2018,Round 4,2018-04-15,9549
St Kilda,Sebastian Ross,5,14,14,70.0,0,0,0,0,0,1,0,2,307,4,3,0,90,2018,Round 4,2018-04-15,9549
St Kilda,Jade Gresham,7,13,14,73.7,0,1,0,0,0,1,2,3,312,6,1,1,82,2018,Round 4,2018-04-15,9549
St Kilda,Jake Carlisle,8,11,16,88.9,0,0,0,5,0,0,0,4,283,2,10,1,95,2018,Round 4,2018-04-15,9549
St Kilda,Ben Long,8,8,12,66.7,1,0,0,2,0,0,0,5,209,4,3,2,85,2018,Round 4,2018-04-15,9549
St Kilda,Nicholas Coffield,8,9,14,82.4,0,0,0,1,0,0,0,0,196,2,7,0,90,2018,Round 4,2018-04-15,9549
St Kilda,Jack Newnes,4,11,8,50.0,0,0,0,3,0,0,3,5,371,4,1,0,86,2018,Round 4,2018-04-15,9549
St Kilda,Sam Gilbert,6,8,9,60.0,0,0,0,3,0,0,1,2,267,3,7,0,94,2018,Round 4,2018-04-15,9549
St Kilda,Tom Hickey,12,6,9,64.3,3,0,0,4,0,2,2,4,118,3,6,0,83,2018,Round 4,2018-04-15,9549
St Kilda,Brandon White,7,6,7,53.8,0,1,0,3,0,0,0,3,85,4,7,0,80,2018,Round 4,2018-04-15,9549
St Kilda,Paddy Mccartin,4,7,7,58.3,2,0,2,3,0,0,0,4,287,4,0,1,79,2018,Round 4,2018-04-15,9549
St Kilda,Jack Lonie,2,8,8,72.7,0,0,0,1,0,0,1,4,176,1,1,2,94,2018,Round 4,2018-04-15,9549
St Kilda,Rowan Marshall,3,5,4,44.4,0,0,1,0,0,0,1,4,187,2,2,1,45,2018,Round 4,2018-04-15,9549
St Kilda,Nathan Brown,5,3,5,83.3,0,0,0,9,0,0,1,1,113,0,4,0,92,2018,Round 4,2018-04-15,9549
St Kilda,Dylan Roberton,1,2,1,50.0,0,0,0,1,0,0,0,1,78,2,1,0,28,2018,Round 4,2018-04-15,9549
Sydney,Jake Lloyd,7,19,23,82.1,1,0,0,3,0,1,0,2,557,4,5,0,87,2018,Round 5,2018-04-20,9550
Sydney,Zak Jones,9,18,21,77.8,0,0,1,1,0,0,2,8,452,6,7,0,72,2018,Round 5,2018-04-20,9550
Sydney,Jarrad Mcveigh,8,18,20,76.9,1,0,0,2,1,1,0,2,500,2,8,0,87,2018,Round 5,2018-04-20,9550
Sydney,Harrison Marsh,6,17,21,87.5,1,1,0,6,0,0,0,5,517,6,8,0,80,2018,Round 5,2018-04-20,9550
Sydney,Dane Rampe,7,16,18,81.8,0,0,0,7,0,0,0,2,421,3,8,0,97,2018,Round 5,2018-04-20,9550
Sydney,Harry Cunningham,7,14,18,85.7,0,0,0,1,0,0,2,3,257,3,1,0,82,2018,Round 5,2018-04-20,9550
Sydney,Isaac Heeney,11,9,16,84.2,4,1,2,3,0,0,1,5,363,2,4,3,89,2018,Round 5,2018-04-20,9550
Sydney,Callum Mills,5,13,15,78.9,1,0,0,3,0,1,1,5,342,4,3,0,85,2018,Round 5,2018-04-20,9550
Sydney,Heath Grundy,4,15,15,83.3,1,0,0,2,0,0,0,1,137,3,5,0,89,2018,Round 5,2018-04-20,9550
Sydney,Nick Smith 1,9,8,13,72.2,1,0,0,2,2,0,2,1,131,4,8,0,86,2018,Round 5,2018-04-20,9550
Sydney,Daniel Hannebery,5,12,15,83.3,0,1,0,1,0,1,0,3,153,2,3,0,75,2018,Round 5,2018-04-20,9550
Sydney,Luke Parker,9,7,12,70.6,0,1,1,0,0,1,2,4,197,7,5,2,90,2018,Round 5,2018-04-20,9550
Sydney,Dean Towers,11,7,13,76.5,0,0,0,1,0,2,1,7,172,2,4,0,72,2018,Round 5,2018-04-20,9550
Sydney,Oliver Florent,6,6,7,46.7,1,0,1,2,0,0,1,4,336,5,3,0,74,2018,Round 5,2018-04-20,9550
Sydney,Josh P  Kennedy,8,7,10,76.9,0,0,0,1,0,1,3,0,117,2,1,2,80,2018,Round 5,2018-04-20,9550
Sydney,George Hewett,9,4,10,76.9,0,0,1,1,0,1,3,5,201,2,1,1,75,2018,Round 5,2018-04-20,9550
Sydney,Lance Franklin,2,9,5,45.5,1,0,3,3,0,0,0,7,345,2,1,0,98,2018,Round 5,2018-04-20,9550
Sydney,Kieran Jack,6,4,6,54.5,0,1,0,1,0,0,2,4,265,6,2,0,70,2018,Round 5,2018-04-20,9550
Sydney,Callum Sinclair,5,6,6,54.5,0,0,1,10,0,1,1,3,240,5,1,0,88,2018,Round 5,2018-04-20,9550
Sydney,Tom Papley,7,4,4,36.4,0,0,0,1,0,2,1,5,171,4,0,1,81,2018,Round 5,2018-04-20,9550
Sydney,Gary Rohan,2,6,6,66.7,1,0,1,2,0,0,0,4,277,1,2,1,61,2018,Round 5,2018-04-20,9550
Sydney,Will Hayward,1,5,6,85.7,0,0,1,4,0,0,0,3,26,0,0,0,80,2018,Round 5,2018-04-20,9550
Adelaide,Rory Laird,10,19,25,83.3,0,1,0,1,0,0,0,4,344,5,8,0,90,2018,Round 5,2018-04-20,9550
Adelaide,Paul Seedsman,12,13,16,61.5,1,1,0,0,0,0,2,6,638,6,6,1,86,2018,Round 5,2018-04-20,9550
Adelaide,Tom Lynch,10,15,17,68.0,1,1,0,2,0,1,2,6,366,7,1,0,87,2018,Round 5,2018-04-20,9550
Adelaide,Tom Doedee,5,19,19,76.0,1,0,0,6,0,0,0,1,317,3,9,0,96,2018,Round 5,2018-04-20,9550
Adelaide,Rory Atkins,9,15,18,75.0,0,0,0,1,1,0,2,8,508,6,2,0,87,2018,Round 5,2018-04-20,9550
Adelaide,Bryce Gibbs,9,11,11,50.0,0,0,0,1,0,2,6,3,331,6,0,1,80,2018,Round 5,2018-04-20,9550
Adelaide,Cameron Ellis Yolmen,8,12,18,90.0,0,0,0,1,0,2,2,4,220,3,1,2,79,2018,Round 5,2018-04-20,9550
Adelaide,Jake Kelly,8,11,18,90.0,0,0,0,3,0,0,0,4,136,1,8,0,89,2018,Round 5,2018-04-20,9550
Adelaide,Mitch Mcgovern,4,15,15,75.0,0,0,1,6,0,0,0,4,325,5,6,0,92,2018,Round 5,2018-04-20,9550
Adelaide,Andy Otten,3,15,15,83.3,0,0,0,6,0,0,0,1,156,2,5,0,77,2018,Round 5,2018-04-20,9550
Adelaide,Richard Douglas,8,8,12,70.6,0,1,0,1,0,1,3,4,155,3,2,2,78,2018,Round 5,2018-04-20,9550
Adelaide,Wayne Milera,5,13,12,70.6,0,1,1,1,0,0,1,4,391,2,6,0,83,2018,Round 5,2018-04-20,9550
Adelaide,Taylor Walker,8,8,10,62.5,2,0,2,0,0,0,0,7,398,6,1,1,85,2018,Round 5,2018-04-20,9550
Adelaide,Luke Brown,5,10,16,100.0,1,0,0,5,0,0,1,2,255,8,6,0,90,2018,Round 5,2018-04-20,9550
Adelaide,Hugh Greenwood,13,3,8,50.0,1,1,0,1,0,4,2,4,193,3,5,1,79,2018,Round 5,2018-04-20,9550
Adelaide,Josh Jenkins,7,5,8,72.7,0,1,1,6,0,1,0,8,183,3,1,0,94,2018,Round 5,2018-04-20,9550
Adelaide,Jordan Gallucci,6,7,6,54.5,0,1,0,0,0,0,3,4,231,2,1,1,84,2018,Round 5,2018-04-20,9550
Adelaide,Myles Poholke,7,4,7,70.0,1,0,0,0,0,1,0,2,204,2,2,2,74,2018,Round 5,2018-04-20,9550
Adelaide,Daniel Talia,1,7,7,77.8,0,0,0,7,0,0,0,0,71,1,3,1,94,2018,Round 5,2018-04-20,9550
Adelaide,Riley Knight,5,4,7,77.8,1,0,0,1,0,0,2,4,37,5,0,2,75,2018,Round 5,2018-04-20,9550
Adelaide,Sam Jacobs,5,4,8,100.0,2,0,0,1,0,1,1,2,211,1,1,0,82,2018,Round 5,2018-04-20,9550
Adelaide,Kyle Hartigan,1,0,1,100.0,0,0,0,2,0,0,0,0,0,0,1,0,20,2018,Round 5,2018-04-20,9550
St Kilda,Sebastian Ross,11,19,25,80.6,1,3,1,3,2,1,3,9,646,2,2,0,84,2018,Round 5,2018-04-21,9551
St Kilda,Jack Steven,8,22,21,72.4,0,0,0,1,8,0,3,4,508,6,2,1,79,2018,Round 5,2018-04-21,9551
St Kilda,Blake Acres,11,18,18,62.1,1,2,1,2,0,0,3,11,421,7,8,1,89,2018,Round 5,2018-04-21,9551
St Kilda,Maverick Weller,6,18,17,68.0,0,0,1,4,0,0,0,6,362,5,2,1,80,2018,Round 5,2018-04-21,9551
St Kilda,Jack Steele,11,12,20,83.3,0,0,0,1,0,2,4,5,246,2,2,1,73,2018,Round 5,2018-04-21,9551
St Kilda,Jack Sinclair,6,19,18,78.3,0,0,0,5,0,0,1,5,356,5,4,2,86,2018,Round 5,2018-04-21,9551
St Kilda,Jack Billings,8,11,12,60.0,0,0,2,1,0,0,0,9,392,2,3,1,94,2018,Round 5,2018-04-21,9551
St Kilda,Luke Dunstan,10,10,12,63.2,0,0,1,3,1,4,2,3,315,4,3,1,75,2018,Round 5,2018-04-21,9551
St Kilda,Tom Hickey,11,9,16,88.9,0,0,1,4,0,1,6,3,286,3,0,0,86,2018,Round 5,2018-04-21,9551
St Kilda,Nicholas Coffield,2,17,15,83.3,0,0,0,2,0,0,0,5,340,5,6,0,82,2018,Round 5,2018-04-21,9551
St Kilda,Jake Carlisle,4,10,12,75.0,3,0,0,2,0,0,0,3,353,4,5,0,93,2018,Round 5,2018-04-21,9551
St Kilda,Sam Gilbert,9,6,10,66.7,0,1,0,4,0,0,0,3,254,3,9,0,88,2018,Round 5,2018-04-21,9551
St Kilda,Ben Long,9,8,14,93.3,0,1,1,2,0,0,0,5,223,2,2,1,92,2018,Round 5,2018-04-21,9551
St Kilda,Jarryn Geary,4,11,12,85.7,0,0,0,6,0,0,0,4,99,3,4,0,87,2018,Round 5,2018-04-21,9551
St Kilda,Shane Savage,5,10,8,57.1,0,0,0,1,0,0,0,3,332,3,6,0,87,2018,Round 5,2018-04-21,9551
St Kilda,Brandon White,7,8,13,92.9,0,0,0,4,0,0,0,3,271,1,8,1,85,2018,Round 5,2018-04-21,9551
St Kilda,Jade Gresham,8,6,6,46.2,1,0,1,0,0,0,0,5,21,8,3,2,90,2018,Round 5,2018-04-21,9551
St Kilda,Paddy Mccartin,6,4,7,70.0,1,0,2,2,0,0,0,5,213,3,0,1,86,2018,Round 5,2018-04-21,9551
St Kilda,Hunter Clark,4,7,7,70.0,0,0,0,0,0,0,0,3,152,5,4,0,69,2018,Round 5,2018-04-21,9551
St Kilda,Tim Membrey,1,5,2,33.3,0,0,1,0,0,0,0,3,173,0,1,0,90,2018,Round 5,2018-04-21,9551
St Kilda,Nathan Brown,0,4,4,100.0,0,0,0,6,0,0,0,1,7,0,1,0,87,2018,Round 5,2018-04-21,9551
St Kilda,Jack Newnes,1,3,1,33.3,0,0,0,0,0,0,0,1,87,2,0,0,19,2018,Round 5,2018-04-21,9551
Greater Western Sydney,Brett Deledio,13,17,22,75.9,2,0,1,3,1,0,1,4,359,4,6,1,86,2018,Round 5,2018-04-21,9551
Greater Western Sydney,Callan Ward,10,18,23,79.3,0,0,1,0,0,1,7,8,402,6,2,0,82,2018,Round 5,2018-04-21,9551
Greater Western Sydney,Stephen Coniglio,14,16,18,62.1,0,0,0,3,1,3,4,9,423,4,2,1,84,2018,Round 5,2018-04-21,9551
Greater Western Sydney,Dylan Shiel,10,12,15,65.2,0,0,0,0,1,0,3,8,382,5,1,0,66,2018,Round 5,2018-04-21,9551
Greater Western Sydney,Matthew Deboer,9,14,16,72.7,0,2,0,2,0,0,1,8,232,4,5,0,87,2018,Round 5,2018-04-21,9551
Greater Western Sydney,Lachie Whitfield,6,17,18,81.8,0,1,0,5,1,0,1,9,523,3,4,1,84,2018,Round 5,2018-04-21,9551
Greater Western Sydney,Jacob Hopper,5,17,13,61.9,0,0,2,0,0,0,1,9,204,5,1,0,75,2018,Round 5,2018-04-21,9551
Greater Western Sydney,Phil Davis,12,11,16,80.0,2,0,0,18,0,0,0,2,207,2,14,0,96,2018,Round 5,2018-04-21,9551
Greater Western Sydney,Jeremy Cameron,8,11,12,63.2,2,2,5,4,0,0,0,8,319,4,3,0,93,2018,Round 5,2018-04-21,9551
Greater Western Sydney,Tim Taranto,5,14,13,68.4,0,1,0,3,0,2,1,6,317,5,2,1,81,2018,Round 5,2018-04-21,9551
Greater Western Sydney,Heath Shaw,5,13,10,55.6,0,0,0,4,3,0,0,4,459,4,4,0,94,2018,Round 5,2018-04-21,9551
Greater Western Sydney,Adam Tomlinson,6,14,15,83.3,0,0,0,1,0,0,2,4,320,5,0,0,91,2018,Round 5,2018-04-21,9551
Greater Western Sydney,Jeremy Finlayson,6,10,15,83.3,0,0,0,4,0,0,0,7,391,1,5,0,79,2018,Round 5,2018-04-21,9551
Greater Western Sydney,Toby Greene,4,11,9,60.0,0,0,1,0,1,0,1,9,333,4,1,0,89,2018,Round 5,2018-04-21,9551
Greater Western Sydney,Samuel Reid,7,6,10,76.9,0,0,0,2,0,0,0,5,213,2,7,0,86,2018,Round 5,2018-04-21,9551
Greater Western Sydney,Daniel Lloyd,6,6,9,81.8,0,0,0,1,0,0,2,5,64,3,3,0,78,2018,Round 5,2018-04-21,9551
Greater Western Sydney,Nick Haynes,4,6,6,60.0,1,1,0,0,0,0,1,2,61,5,6,0,54,2018,Round 5,2018-04-21,9551
Greater Western Sydney,Ryan Griffen,3,7,7,77.8,0,0,1,0,0,0,0,4,220,3,3,1,70,2018,Round 5,2018-04-21,9551
Greater Western Sydney,Jonathon Patton,3,7,6,66.7,0,0,1,2,0,0,1,4,45,4,3,0,83,2018,Round 5,2018-04-21,9551
Greater Western Sydney,Dawson Simpson,6,3,4,50.0,0,0,0,2,0,2,2,5,0,0,1,1,75,2018,Round 5,2018-04-21,9551
Greater Western Sydney,Harrison Himmelberg,2,5,3,42.9,0,0,0,4,0,0,0,2,83,1,1,0,81,2018,Round 5,2018-04-21,9551
Greater Western Sydney,Aidan Corr,1,5,4,80.0,0,0,0,8,0,0,0,0,123,1,1,0,86,2018,Round 5,2018-04-21,9551
Carlton,Patrick Cripps,19,14,21,61.8,1,0,0,0,0,5,3,4,318,5,2,1,92,2018,Round 5,2018-04-21,9552
Carlton,Kade Simpson,6,21,22,71.0,0,3,1,3,0,0,1,6,587,4,7,0,93,2018,Round 5,2018-04-21,9552
Carlton,Zac Fisher,15,12,16,59.3,0,1,0,0,0,1,3,6,522,13,5,0,72,2018,Round 5,2018-04-21,9552
Carlton,Dale Thomas,9,17,20,76.9,0,0,0,6,0,0,1,5,266,2,6,0,81,2018,Round 5,2018-04-21,9552
Carlton,Edward Curnow,8,18,17,68.0,0,0,1,3,0,0,1,7,213,1,3,2,94,2018,Round 5,2018-04-21,9552
Carlton,Charlie Curnow,11,5,9,52.9,2,0,0,2,1,0,0,7,292,4,3,2,93,2018,Round 5,2018-04-21,9552
Carlton,Aaron Mullett,2,12,14,87.5,0,0,0,0,0,0,0,3,198,1,5,0,72,2018,Round 5,2018-04-21,9552
Carlton,Liam Jones,3,11,12,80.0,2,0,0,16,0,0,0,4,224,2,6,0,100,2018,Round 5,2018-04-21,9552
Carlton,Sam Petrevski Seton,6,9,8,53.3,0,0,1,0,0,1,0,2,156,3,1,0,73,2018,Round 5,2018-04-21,9552
Carlton,Paddy Dow,11,5,12,80.0,0,0,0,0,0,4,3,5,128,3,1,0,73,2018,Round 5,2018-04-21,9552
Carlton,Lochie O Brien,6,9,11,73.3,0,0,0,0,0,1,3,1,197,3,1,0,70,2018,Round 5,2018-04-21,9552
Carlton,Sam Kerridge,6,8,11,78.6,0,1,1,2,0,0,2,7,188,1,0,0,88,2018,Round 5,2018-04-21,9552
Carlton,Lachlan Plowman,3,9,11,84.6,0,0,0,8,0,0,0,6,157,2,3,0,83,2018,Round 5,2018-04-21,9552
Carlton,Matthew Wright,7,5,7,58.3,1,1,0,1,1,0,2,3,337,4,1,0,86,2018,Round 5,2018-04-21,9552
Carlton,Levi Casboult,3,7,8,80.0,1,0,2,2,0,0,0,5,96,3,3,0,90,2018,Round 5,2018-04-21,9552
Carlton,Cameron O Shea,3,7,5,50.0,0,0,0,0,1,0,1,1,146,6,1,0,64,2018,Round 5,2018-04-21,9552
Carlton,Harry Mckay,4,6,6,60.0,0,0,2,0,0,0,0,4,299,3,0,1,80,2018,Round 5,2018-04-21,9552
Carlton,Jed Lamb,4,6,6,66.7,0,0,0,0,0,0,1,1,223,2,1,0,73,2018,Round 5,2018-04-21,9552
Carlton,Sam Rowe,2,5,5,62.5,0,0,0,6,0,0,0,1,226,2,3,0,100,2018,Round 5,2018-04-21,9552
Carlton,Jack Silvagni,3,5,6,75.0,1,1,1,0,0,0,0,3,205,0,1,1,69,2018,Round 5,2018-04-21,9552
Carlton,Andrew Phillips 1,4,2,2,33.3,1,0,1,8,0,0,1,3,161,2,1,1,86,2018,Round 5,2018-04-21,9552
Carlton,Jarrod Garlett,1,4,3,60.0,0,0,0,1,0,1,0,1,129,1,0,0,68,2018,Round 5,2018-04-21,9552
West Coast,Andrew Gaff,13,17,20,64.5,0,1,0,0,2,0,6,8,526,8,6,0,91,2018,Round 5,2018-04-21,9552
West Coast,Chris Masten,8,20,23,85.2,0,0,0,1,0,1,4,10,317,1,3,0,87,2018,Round 5,2018-04-21,9552
West Coast,Elliot Yeo,17,7,14,53.8,1,1,0,0,0,3,3,4,291,4,4,3,89,2018,Round 5,2018-04-21,9552
West Coast,Luke Shuey,10,13,15,62.5,0,0,0,1,0,0,2,6,400,2,2,0,86,2018,Round 5,2018-04-21,9552
West Coast,Jamie Cripps,5,15,13,65.0,0,0,2,0,1,0,2,7,400,5,3,3,80,2018,Round 5,2018-04-21,9552
West Coast,Tom Cole,6,12,18,94.7,0,0,1,1,0,0,0,6,253,2,6,0,77,2018,Round 5,2018-04-21,9552
West Coast,Dominic Sheed,7,12,11,61.1,0,1,0,0,0,0,3,5,310,3,2,0,77,2018,Round 5,2018-04-21,9552
West Coast,Jack Redden,6,10,8,47.1,0,0,0,4,0,1,2,4,217,3,5,1,77,2018,Round 5,2018-04-21,9552
West Coast,Mark Hutchings,3,13,11,68.8,0,1,2,1,0,0,0,5,182,3,2,0,77,2018,Round 5,2018-04-21,9552
West Coast,Willie Rioli,10,8,9,56.2,0,0,1,3,0,0,1,8,315,1,2,0,80,2018,Round 5,2018-04-21,9552
West Coast,Mark Lecras,3,8,8,61.5,0,0,2,2,0,0,0,9,314,4,2,0,93,2018,Round 5,2018-04-21,9552
West Coast,Bradley Sheppard,4,8,11,84.6,1,0,0,3,0,0,0,3,158,1,4,0,89,2018,Round 5,2018-04-21,9552
West Coast,Scott Lycett,7,6,9,69.2,1,0,1,7,0,2,1,5,219,1,2,1,71,2018,Round 5,2018-04-21,9552
West Coast,Jeremy Mcgovern,7,5,9,69.2,3,0,0,7,0,0,0,3,323,5,9,0,80,2018,Round 5,2018-04-21,9552
West Coast,Liam Duggan,1,12,12,92.3,0,1,1,3,0,0,1,5,289,1,0,0,83,2018,Round 5,2018-04-21,9552
West Coast,Shannon Hurn,2,7,11,91.7,1,0,0,1,0,0,0,2,329,3,4,0,94,2018,Round 5,2018-04-21,9552
West Coast,Jake Waterman,4,6,6,60.0,1,0,2,1,0,0,0,2,182,3,3,0,64,2018,Round 5,2018-04-21,9552
West Coast,Jackson Nelson,3,6,7,77.8,0,0,0,1,0,0,0,2,155,1,3,0,85,2018,Round 5,2018-04-21,9552
West Coast,Nicholas Naitanui,8,0,5,62.5,2,0,0,7,0,1,2,2,143,0,2,1,57,2018,Round 5,2018-04-21,9552
West Coast,Jack Darling,3,6,5,62.5,1,0,1,4,0,0,0,7,255,0,1,0,93,2018,Round 5,2018-04-21,9552
West Coast,Joshua Kennedy,2,3,3,60.0,0,1,1,0,0,0,0,4,93,2,0,1,79,2018,Round 5,2018-04-21,9552
West Coast,Tom Barrass,2,1,2,66.7,1,0,0,7,0,0,0,0,27,1,2,0,92,2018,Round 5,2018-04-21,9552
Fremantle,Nathan Fyfe,21,23,34,79.1,0,0,1,1,1,3,10,11,411,8,4,1,87,2018,Round 5,2018-04-21,9554
Fremantle,Lachie Neale,15,14,20,69.0,1,1,0,0,0,3,2,5,187,6,6,0,79,2018,Round 5,2018-04-21,9554
Fremantle,Nathan Wilson,4,23,18,66.7,0,2,0,2,2,0,0,6,768,7,5,0,74,2018,Round 5,2018-04-21,9554
Fremantle,Ed Langdon,10,16,17,65.4,0,0,1,2,1,2,1,5,441,4,3,0,85,2018,Round 5,2018-04-21,9554
Fremantle,Connor Blakely,1,23,19,82.6,0,2,0,6,1,0,0,4,517,5,1,0,84,2018,Round 5,2018-04-21,9554
Fremantle,David Mundy,10,11,18,85.7,1,0,0,1,0,2,2,7,155,3,5,1,75,2018,Round 5,2018-04-21,9554
Fremantle,Luke Ryan,6,15,18,85.7,0,0,0,5,0,0,0,3,319,1,7,0,87,2018,Round 5,2018-04-21,9554
Fremantle,Michael Walters,8,10,12,66.7,1,1,4,2,0,0,0,9,310,4,0,0,91,2018,Round 5,2018-04-21,9554
Fremantle,Brandon Matera,5,14,12,66.7,0,0,1,2,0,0,2,4,292,5,1,0,90,2018,Round 5,2018-04-21,9554
Fremantle,Bailey Banfield,6,12,14,77.8,0,1,0,1,0,0,0,5,272,4,5,0,89,2018,Round 5,2018-04-21,9554
Fremantle,Darcy Tucker,6,11,13,76.5,0,0,1,1,0,1,0,2,121,1,5,2,81,2018,Round 5,2018-04-21,9554
Fremantle,Andrew Brayshaw,4,13,12,70.6,0,0,1,0,0,0,0,3,248,5,3,1,77,2018,Round 5,2018-04-21,9554
Fremantle,Mitchell Crowden,2,15,15,88.2,0,0,0,1,0,0,2,9,136,0,1,0,81,2018,Round 5,2018-04-21,9554
Fremantle,Cameron Mccarthy,2,15,12,75.0,0,2,5,2,0,0,1,8,340,4,3,1,95,2018,Round 5,2018-04-21,9554
Fremantle,Taylin Duman,6,9,11,73.3,0,0,0,4,0,0,1,2,189,1,3,0,87,2018,Round 5,2018-04-21,9554
Fremantle,Adam Cerra,4,12,13,86.7,0,2,1,1,0,0,2,8,157,0,0,2,82,2018,Round 5,2018-04-21,9554
Fremantle,Hayden Ballantyne,4,10,8,57.1,0,0,2,0,0,0,1,8,379,4,0,0,82,2018,Round 5,2018-04-21,9554
Fremantle,Stephen Hill,2,11,11,84.6,0,1,1,0,0,0,0,6,222,1,4,0,86,2018,Round 5,2018-04-21,9554
Fremantle,Alex Pearce,4,9,12,92.3,0,1,0,2,0,0,1,7,115,1,4,0,92,2018,Round 5,2018-04-21,9554
Fremantle,Joel Hamling,4,7,10,90.9,0,0,0,8,0,0,0,0,33,0,5,0,98,2018,Round 5,2018-04-21,9554
Fremantle,Aaron Sandilands,5,4,6,66.7,0,0,0,2,0,1,0,5,89,3,2,0,81,2018,Round 5,2018-04-21,9554
Fremantle,Matthew Taberner,4,2,6,100.0,3,0,1,2,0,0,0,1,67,0,1,0,18,2018,Round 5,2018-04-21,9554
Western Bulldogs,Matthew Suckling,4,21,19,70.4,0,0,0,3,0,0,0,2,249,5,6,0,82,2018,Round 5,2018-04-21,9554
Western Bulldogs,Jackson Macrae,10,15,19,73.1,1,0,0,2,2,1,4,4,276,5,2,0,89,2018,Round 5,2018-04-21,9554
Western Bulldogs,Jason Johannisen,4,21,18,72.0,0,0,0,1,0,0,0,3,505,8,4,0,83,2018,Round 5,2018-04-21,9554
Western Bulldogs,Toby Mclean,5,19,15,60.0,0,0,0,1,1,1,1,4,197,3,4,1,82,2018,Round 5,2018-04-21,9554
Western Bulldogs,Lin Jong,10,13,18,78.3,0,0,1,0,0,0,1,3,282,2,1,0,73,2018,Round 5,2018-04-21,9554
Western Bulldogs,Marcus Bontempelli,11,9,15,68.2,0,0,0,4,0,1,3,5,262,3,4,0,90,2018,Round 5,2018-04-21,9554
Western Bulldogs,Caleb Daniel,5,17,15,68.2,0,1,0,2,1,0,1,3,403,4,3,1,83,2018,Round 5,2018-04-21,9554
Western Bulldogs,Mitch Honeychurch,5,16,16,80.0,1,1,0,2,0,0,0,5,275,6,3,1,87,2018,Round 5,2018-04-21,9554
Western Bulldogs,Luke Dahlhaus,7,12,16,84.2,0,0,0,0,0,1,3,5,227,1,2,1,87,2018,Round 5,2018-04-21,9554
Western Bulldogs,Timothy English,7,12,12,63.2,0,0,0,2,0,3,0,1,250,3,2,1,86,2018,Round 5,2018-04-21,9554
Western Bulldogs,Mitchell Wallis,9,9,13,76.5,0,0,1,3,0,2,1,1,52,3,1,2,84,2018,Round 5,2018-04-21,9554
Western Bulldogs,Lukas Webb,7,9,11,73.3,0,1,0,2,0,1,1,2,192,2,1,0,82,2018,Round 5,2018-04-21,9554
Western Bulldogs,Ed Richards,3,12,9,60.0,0,0,0,1,0,0,1,3,209,4,3,0,82,2018,Round 5,2018-04-21,9554
Western Bulldogs,Zaine Cordy,5,8,11,78.6,2,0,0,6,0,0,0,2,87,3,7,0,93,2018,Round 5,2018-04-21,9554
Western Bulldogs,Easton Wood,4,7,9,75.0,1,0,0,3,0,0,0,2,170,2,6,0,91,2018,Round 5,2018-04-21,9554
Western Bulldogs,Bailey Dale,3,8,4,33.3,0,0,1,0,0,0,0,1,261,2,3,0,83,2018,Round 5,2018-04-21,9554
Western Bulldogs,Patrick Lipinski,3,9,7,63.6,0,0,0,0,0,0,3,1,109,2,1,0,81,2018,Round 5,2018-04-21,9554
Western Bulldogs,Aaron Naughton,8,6,8,72.7,0,0,0,2,0,0,1,0,215,4,10,0,85,2018,Round 5,2018-04-21,9554
Western Bulldogs,Billy Gowers,5,4,6,66.7,1,1,1,1,0,0,0,3,97,2,2,0,82,2018,Round 5,2018-04-21,9554
Western Bulldogs,Josh Dunkley,2,7,6,66.7,0,0,0,1,0,0,0,2,112,1,0,0,84,2018,Round 5,2018-04-21,9554
Western Bulldogs,Tory Dickson,6,3,4,57.1,0,0,0,1,0,0,2,1,36,2,2,0,24,2018,Round 5,2018-04-21,9554
Western Bulldogs,Thomas Boyd,4,3,4,57.1,1,0,1,1,0,0,0,3,195,1,1,0,86,2018,Round 5,2018-04-21,9554
Port Adelaide,Robert Gray,16,18,22,68.8,1,0,1,0,0,3,7,7,333,4,2,1,90,2018,Round 5,2018-04-21,9553
Port Adelaide,Oliver Wines,15,13,23,79.3,2,0,0,3,0,2,4,6,363,4,3,1,80,2018,Round 5,2018-04-21,9553
Port Adelaide,Jared Polec,10,16,14,56.0,1,1,0,0,0,0,3,3,511,5,5,0,87,2018,Round 5,2018-04-21,9553
Port Adelaide,Bradley Ebert,15,12,16,66.7,0,1,0,1,0,2,4,6,251,3,3,2,82,2018,Round 5,2018-04-21,9553
Port Adelaide,Travis Boak,11,12,16,69.6,0,0,0,1,0,0,4,4,307,3,0,3,84,2018,Round 5,2018-04-21,9553
Port Adelaide,Justin Westhoff,8,15,18,78.3,0,2,0,2,0,1,4,6,138,2,4,0,80,2018,Round 5,2018-04-21,9553
Port Adelaide,Hamish Hartlett,6,15,18,78.3,0,0,0,4,2,0,3,1,333,3,8,0,62,2018,Round 5,2018-04-21,9553
Port Adelaide,Riley Bonner,5,15,15,68.2,0,0,0,4,1,0,1,1,478,6,4,0,82,2018,Round 5,2018-04-21,9553
Port Adelaide,Thomas Jonas,2,16,19,90.5,0,0,0,10,0,0,0,0,333,1,9,0,97,2018,Round 5,2018-04-21,9553
Port Adelaide,Jack Watts,4,14,14,77.8,0,1,0,2,0,1,0,3,126,3,1,0,88,2018,Round 5,2018-04-21,9553
Port Adelaide,Darcy Byrne Jones,2,15,13,76.5,0,0,0,2,0,1,1,1,259,2,0,0,80,2018,Round 5,2018-04-21,9553
Port Adelaide,Dan Houston,3,11,13,81.2,0,0,0,2,0,0,3,1,299,4,4,0,78,2018,Round 5,2018-04-21,9553
Port Adelaide,Jack Hombsch,6,10,12,80.0,1,0,0,8,1,0,0,0,180,2,7,0,90,2018,Round 5,2018-04-21,9553
Port Adelaide,Sam Gray,6,9,8,53.3,0,0,0,0,0,0,1,2,250,6,0,2,86,2018,Round 5,2018-04-21,9553
Port Adelaide,Chad Wingard,7,8,9,64.3,0,0,0,3,0,1,2,5,274,3,0,0,90,2018,Round 5,2018-04-21,9553
Port Adelaide,Tom Clurey,2,10,8,61.5,0,0,0,8,0,0,0,0,159,2,5,0,95,2018,Round 5,2018-04-21,9553
Port Adelaide,Steven Motlop,5,6,8,72.7,0,0,0,2,0,0,0,1,188,4,2,1,77,2018,Round 5,2018-04-21,9553
Port Adelaide,Charlie Dixon,7,4,6,54.5,3,2,1,1,0,0,0,6,229,2,1,1,95,2018,Round 5,2018-04-21,9553
Port Adelaide,Karl Amon,2,9,8,80.0,0,0,0,0,0,0,1,2,241,3,0,0,74,2018,Round 5,2018-04-21,9553
Port Adelaide,Dougal Howard,4,6,8,80.0,0,0,0,5,0,0,0,1,40,1,4,0,70,2018,Round 5,2018-04-21,9553
Port Adelaide,Jake Neade,6,5,7,77.8,0,0,1,1,0,0,0,3,129,3,0,3,76,2018,Round 5,2018-04-21,9553
Port Adelaide,Lindsay Thomas,2,7,4,50.0,0,0,1,0,0,0,0,3,100,3,1,1,57,2018,Round 5,2018-04-21,9553
Geelong,Joel Selwood,14,15,14,48.3,1,2,1,4,0,0,6,8,581,7,2,0,79,2018,Round 5,2018-04-21,9553
Geelong,Patrick Dangerfield,15,13,23,82.1,1,2,2,0,6,1,2,10,385,5,7,0,85,2018,Round 5,2018-04-21,9553
Geelong,Sam Menegola,18,9,19,70.4,0,0,1,1,0,2,3,8,404,4,5,2,89,2018,Round 5,2018-04-21,9553
Geelong,George Horlin Smith,14,11,18,69.2,0,0,1,0,0,0,6,5,368,7,4,1,73,2018,Round 5,2018-04-21,9553
Geelong,Brandan Parfitt,13,9,16,69.6,0,1,0,2,0,1,2,7,197,4,1,2,90,2018,Round 5,2018-04-21,9553
Geelong,Mitchell Duncan,7,16,16,72.7,0,0,0,1,1,1,2,7,371,3,4,0,77,2018,Round 5,2018-04-21,9553
Geelong,Tim Kelly,10,10,16,80.0,0,0,0,0,0,3,1,3,108,2,1,1,88,2018,Round 5,2018-04-21,9553
Geelong,Lachlan Fogarty,9,8,11,64.7,0,0,0,0,1,0,2,5,310,2,2,4,82,2018,Round 5,2018-04-21,9553
Geelong,Zach Tuohy,5,10,7,43.8,0,0,0,2,0,0,1,2,317,8,5,0,96,2018,Round 5,2018-04-21,9553
Geelong,Jordan Murdoch,2,14,10,62.5,0,0,1,0,0,0,1,3,249,2,1,1,83,2018,Round 5,2018-04-21,9553
Geelong,Thomas Stewart,5,8,13,81.2,1,0,0,3,0,0,0,1,342,2,8,0,72,2018,Round 5,2018-04-21,9553
Geelong,Jordan Cunico,7,7,10,66.7,1,0,0,0,0,0,2,2,358,4,5,0,84,2018,Round 5,2018-04-21,9553
Geelong,Daniel Menzel,3,5,9,69.2,1,2,1,1,0,0,0,7,353,0,1,0,88,2018,Round 5,2018-04-21,9553
Geelong,Jackson Thurlow,3,9,9,75.0,0,0,0,0,0,0,1,2,119,3,3,0,81,2018,Round 5,2018-04-21,9553
Geelong,Mark Blicavs,6,4,10,90.9,0,0,0,7,0,0,1,2,28,1,6,0,97,2018,Round 5,2018-04-21,9553
Geelong,Rhys Stanley,6,5,8,80.0,0,0,0,7,0,0,3,5,42,2,1,0,75,2018,Round 5,2018-04-21,9553
Geelong,Jed Bews,1,8,7,77.8,0,0,0,3,0,0,0,0,99,2,4,0,86,2018,Round 5,2018-04-21,9553
Geelong,James Parsons,3,6,5,55.6,0,0,1,3,0,0,0,4,123,1,1,0,89,2018,Round 5,2018-04-21,9553
Geelong,Jake Kolodjashnij,4,4,6,75.0,1,0,1,4,0,0,0,2,166,0,4,0,89,2018,Round 5,2018-04-21,9553
Geelong,Esava Ratugolea,5,2,4,57.1,0,2,1,2,0,0,1,5,93,2,0,2,78,2018,Round 5,2018-04-21,9553
Geelong,Jack Henry,3,4,6,85.7,1,0,0,5,0,0,0,3,183,2,4,0,80,2018,Round 5,2018-04-21,9553
Geelong,Scott Selwood,4,2,5,83.3,0,0,0,0,0,0,1,2,202,0,1,1,33,2018,Round 5,2018-04-21,9553
North Melbourne,Ben Cunnington,18,9,25,83.3,0,1,0,2,0,2,4,6,228,2,9,2,83,2018,Round 5,2018-04-22,9555
North Melbourne,Ryan Clarke,4,21,19,73.1,0,0,0,0,0,0,1,3,190,6,3,0,81,2018,Round 5,2018-04-22,9555
North Melbourne,Trent Dumont,12,11,14,60.9,0,0,0,1,0,0,2,4,290,6,4,0,76,2018,Round 5,2018-04-22,9555
North Melbourne,Robert Tarrant,4,16,16,80.0,3,0,0,6,0,0,0,3,332,4,6,0,95,2018,Round 5,2018-04-22,9555
North Melbourne,Scott Thompson 1,4,16,19,95.0,0,1,0,8,1,0,0,8,360,3,7,0,95,2018,Round 5,2018-04-22,9555
North Melbourne,Jamie Macmillan,2,15,19,95.0,0,0,0,0,2,0,0,3,418,2,6,0,83,2018,Round 5,2018-04-22,9555
North Melbourne,Shaun Atley,8,12,17,85.0,0,2,0,1,1,2,1,8,231,3,2,0,77,2018,Round 5,2018-04-22,9555
North Melbourne,Ben Jacobs,11,8,15,78.9,0,0,0,1,0,2,5,5,19,3,1,1,84,2018,Round 5,2018-04-22,9555
North Melbourne,Jack Ziebell,7,10,9,50.0,1,1,3,0,0,0,0,7,278,7,4,3,85,2018,Round 5,2018-04-22,9555
North Melbourne,Luke Mcdonald,7,11,12,66.7,0,1,0,2,0,0,0,3,153,6,6,0,75,2018,Round 5,2018-04-22,9555
North Melbourne,Billy Hartung,6,12,11,61.1,0,1,0,0,1,0,3,6,405,3,2,2,89,2018,Round 5,2018-04-22,9555
North Melbourne,Jarrad Waite,10,7,10,62.5,4,0,4,1,0,0,0,9,344,2,1,2,100,2018,Round 5,2018-04-22,9555
North Melbourne,Jed Anderson,8,5,11,73.3,0,0,0,3,0,4,1,3,130,2,3,0,76,2018,Round 5,2018-04-22,9555
North Melbourne,Kayne Turner,7,8,7,46.7,1,1,3,1,0,1,0,5,257,5,4,0,86,2018,Round 5,2018-04-22,9555
North Melbourne,Cameron Zurhaar,8,6,8,53.3,0,1,1,1,0,0,1,7,413,4,2,2,79,2018,Round 5,2018-04-22,9555
North Melbourne,Shaun Higgins,1,13,11,84.6,0,0,0,0,0,0,2,5,196,3,0,1,51,2018,Round 5,2018-04-22,9555
North Melbourne,Majak Daw,8,4,12,92.3,2,1,0,6,0,0,1,1,208,2,8,0,85,2018,Round 5,2018-04-22,9555
North Melbourne,Marley Williams,4,9,10,76.9,0,1,0,5,0,0,0,2,281,5,5,0,87,2018,Round 5,2018-04-22,9555
North Melbourne,Todd Goldstein,4,9,6,50.0,0,0,0,2,0,1,0,2,190,4,2,0,90,2018,Round 5,2018-04-22,9555
North Melbourne,Jy Simpkin,6,5,6,54.5,0,0,0,2,0,0,3,1,119,2,2,1,78,2018,Round 5,2018-04-22,9555
North Melbourne,Ben Brown,3,7,8,80.0,1,0,5,2,0,0,0,6,137,1,1,0,100,2018,Round 5,2018-04-22,9555
North Melbourne,Ed Vickers Willis,3,6,6,75.0,0,0,0,5,0,0,1,1,124,1,2,0,45,2018,Round 5,2018-04-22,9555
Hawthorn,James Sicily,7,19,22,78.6,1,0,0,4,1,0,0,2,641,10,12,0,92,2018,Round 5,2018-04-22,9555
Hawthorn,Ricky Henderson,6,21,21,80.8,0,2,0,1,0,0,0,5,373,4,5,0,76,2018,Round 5,2018-04-22,9555
Hawthorn,Isaac Smith,8,16,17,68.0,0,0,0,3,2,0,3,4,488,6,4,0,89,2018,Round 5,2018-04-22,9555
Hawthorn,Taylor Duryea,10,11,13,68.4,0,1,0,1,0,1,0,4,286,5,7,0,84,2018,Round 5,2018-04-22,9555
Hawthorn,Tom Mitchell,6,14,13,68.4,0,1,0,0,0,3,0,2,298,5,3,0,91,2018,Round 5,2018-04-22,9555
Hawthorn,Daniel Howe,10,10,12,66.7,0,0,0,3,0,1,0,1,40,2,5,0,77,2018,Round 5,2018-04-22,9555
Hawthorn,James Cousins,4,13,12,70.6,0,0,1,1,0,0,0,1,78,5,2,1,67,2018,Round 5,2018-04-22,9555
Hawthorn,David Mirra,8,10,10,58.8,0,0,0,0,0,0,0,1,185,6,7,0,78,2018,Round 5,2018-04-22,9555
Hawthorn,Jarryd Roughead,11,7,12,75.0,0,1,0,2,0,2,2,4,89,3,1,0,86,2018,Round 5,2018-04-22,9555
Hawthorn,Liam Shiels,4,11,12,75.0,0,0,0,0,0,0,2,2,267,2,1,1,60,2018,Round 5,2018-04-22,9555
Hawthorn,Jack Gunston,6,11,14,87.5,0,2,1,1,0,0,0,5,189,1,3,1,91,2018,Round 5,2018-04-22,9555
Hawthorn,Jaeger O Meara,8,9,9,56.2,0,0,0,1,0,1,0,1,113,2,3,2,74,2018,Round 5,2018-04-22,9555
Hawthorn,Harry Morrison,8,8,13,81.2,0,0,0,0,0,0,3,1,265,4,1,0,86,2018,Round 5,2018-04-22,9555
Hawthorn,James Frawley,10,6,10,66.7,0,0,0,9,0,0,0,2,182,3,9,0,94,2018,Round 5,2018-04-22,9555
Hawthorn,Luke Breust,6,9,13,86.7,0,2,4,1,0,1,2,9,186,1,0,2,81,2018,Round 5,2018-04-22,9555
Hawthorn,Jarman Impey,6,9,10,66.7,1,0,1,1,2,1,1,4,322,5,3,0,85,2018,Round 5,2018-04-22,9555
Hawthorn,Conor Glass,3,8,7,53.8,0,0,0,1,1,0,1,0,105,4,2,0,66,2018,Round 5,2018-04-22,9555
Hawthorn,Blake Hardwick,1,12,10,76.9,0,0,1,1,0,0,0,3,266,3,0,0,89,2018,Round 5,2018-04-22,9555
Hawthorn,Ben Mcevoy,2,11,9,75.0,0,1,1,3,0,1,0,3,125,2,0,0,81,2018,Round 5,2018-04-22,9555
Hawthorn,Benjamin Stratton,2,8,9,90.0,0,0,0,9,0,0,0,2,81,2,3,0,91,2018,Round 5,2018-04-22,9555
Hawthorn,Ryan Burton,2,6,6,66.7,0,0,0,2,0,0,0,1,132,2,3,0,85,2018,Round 5,2018-04-22,9555
Hawthorn,Tim O Brien,5,3,6,85.7,0,0,0,2,0,0,0,2,29,2,2,0,77,2018,Round 5,2018-04-22,9555
Brisbane Lions,Dayne Beams,10,19,19,67.9,0,0,0,0,0,2,3,5,357,6,0,0,90,2018,Round 5,2018-04-22,9556
Brisbane Lions,Alex Witherden,4,21,23,85.2,0,0,0,4,1,0,1,4,442,3,8,0,90,2018,Round 5,2018-04-22,9556
Brisbane Lions,Tom Cutler,4,20,23,88.5,0,2,0,0,0,1,0,4,436,3,4,0,88,2018,Round 5,2018-04-22,9556
Brisbane Lions,Hugh Mccluggage,8,18,20,76.9,0,1,0,1,0,0,2,4,240,4,4,1,83,2018,Round 5,2018-04-22,9556
Brisbane Lions,Jarrod Berry,5,22,15,60.0,0,2,1,1,0,2,2,7,325,6,1,1,83,2018,Round 5,2018-04-22,9556
Brisbane Lions,Mitch Robinson,8,14,18,75.0,1,0,0,3,0,1,1,5,291,3,7,0,88,2018,Round 5,2018-04-22,9556
Brisbane Lions,Nicholas Robertson,8,13,15,71.4,0,0,0,2,0,0,0,2,449,7,10,0,80,2018,Round 5,2018-04-22,9556
Brisbane Lions,Lewis Taylor,3,17,12,60.0,0,0,1,0,0,0,0,6,381,3,0,1,78,2018,Round 5,2018-04-22,9556
Brisbane Lions,Luke Hodge,5,11,17,89.5,2,0,0,7,0,0,1,1,212,1,8,0,82,2018,Round 5,2018-04-22,9556
Brisbane Lions,Stefan Martin,7,11,13,68.4,1,0,0,3,0,2,4,5,373,4,3,1,94,2018,Round 5,2018-04-22,9556
Brisbane Lions,Harris Andrews,7,12,17,89.5,1,0,0,14,1,0,0,2,405,5,10,0,94,2018,Round 5,2018-04-22,9556
Brisbane Lions,Charlie Cameron,5,14,12,66.7,0,2,1,0,1,0,0,8,426,7,1,0,77,2018,Round 5,2018-04-22,9556
Brisbane Lions,Allen Christensen,9,8,10,58.8,0,0,0,0,0,0,2,5,341,4,3,1,74,2018,Round 5,2018-04-22,9556
Brisbane Lions,Ryan Bastinac,5,10,14,87.5,0,0,2,0,0,0,2,4,241,2,2,0,76,2018,Round 5,2018-04-22,9556
Brisbane Lions,Jacob Allison,1,16,11,68.8,0,0,0,4,2,0,0,1,180,3,4,0,75,2018,Round 5,2018-04-22,9556
Brisbane Lions,Ryan Lester,11,6,9,60.0,0,0,0,2,0,1,2,0,98,2,3,2,75,2018,Round 5,2018-04-22,9556
Brisbane Lions,Darcy Gardiner,5,5,8,72.7,0,0,0,7,0,0,0,1,50,2,6,0,87,2018,Round 5,2018-04-22,9556
Brisbane Lions,Daniel Mcstay,3,9,6,54.5,1,0,3,0,0,0,0,5,171,2,0,0,82,2018,Round 5,2018-04-22,9556
Brisbane Lions,Eric Hipwood,3,5,4,36.4,0,0,1,1,0,0,0,3,249,5,0,0,84,2018,Round 5,2018-04-22,9556
Brisbane Lions,Cameron Rayner,6,4,7,63.6,1,1,0,0,1,0,1,5,229,1,0,0,68,2018,Round 5,2018-04-22,9556
Brisbane Lions,Dayne Zorko,6,5,5,50.0,1,0,1,0,0,2,1,2,156,6,0,0,77,2018,Round 5,2018-04-22,9556
Brisbane Lions,Zac Bailey,5,5,8,80.0,0,0,1,1,0,0,1,6,87,3,0,1,74,2018,Round 5,2018-04-22,9556
Gold Coast,Brayden Fiorini,7,20,19,70.4,0,0,0,0,1,0,2,5,562,6,4,0,75,2018,Round 5,2018-04-22,9556
Gold Coast,Jarrod Harbrow,5,18,21,84.0,1,0,0,1,0,0,0,1,492,8,6,0,90,2018,Round 5,2018-04-22,9556
Gold Coast,Lachlan Weller,5,16,16,69.6,1,0,0,3,0,0,1,1,351,5,8,1,87,2018,Round 5,2018-04-22,9556
Gold Coast,Jarryd Lyons,8,12,15,68.2,1,0,0,0,0,2,4,5,304,6,1,2,79,2018,Round 5,2018-04-22,9556
Gold Coast,Matthew Rosa,2,17,15,71.4,0,1,0,2,0,1,1,3,284,5,1,1,81,2018,Round 5,2018-04-22,9556
Gold Coast,David Swallow,8,13,15,71.4,0,0,1,2,0,1,3,3,293,2,4,0,81,2018,Round 5,2018-04-22,9556
Gold Coast,Touk Miller,11,9,11,52.4,0,0,0,2,0,3,4,4,379,4,3,0,91,2018,Round 5,2018-04-22,9556
Gold Coast,Aaron Young,8,10,15,78.9,0,0,0,1,0,1,0,6,165,3,3,0,84,2018,Round 5,2018-04-22,9556
Gold Coast,Jack Martin,4,15,17,89.5,0,0,0,1,0,0,0,2,317,2,8,0,88,2018,Round 5,2018-04-22,9556
Gold Coast,Nicholas Holman,9,8,14,77.8,1,1,1,2,0,0,0,5,307,3,2,1,83,2018,Round 5,2018-04-22,9556
Gold Coast,Steven May,5,10,12,70.6,0,0,0,6,0,0,0,3,319,3,9,0,87,2018,Round 5,2018-04-22,9556
Gold Coast,Jarrod Witts,14,3,7,43.8,0,1,0,4,0,3,2,2,216,3,4,2,79,2018,Round 5,2018-04-22,9556
Gold Coast,Jesse Lonergan,8,7,10,66.7,0,0,0,2,0,0,2,2,215,1,5,0,73,2018,Round 5,2018-04-22,9556
Gold Coast,Alex Sexton,5,9,9,64.3,2,1,0,1,6,0,0,3,393,5,1,1,87,2018,Round 5,2018-04-22,9556
Gold Coast,Ben Ainsworth,7,7,11,78.6,0,0,1,2,0,0,0,3,219,2,1,0,77,2018,Round 5,2018-04-22,9556
Gold Coast,Thomas Lynch,4,9,8,61.5,0,1,3,5,0,0,0,5,154,3,2,0,97,2018,Round 5,2018-04-22,9556
Gold Coast,Michael Rischitelli,4,5,9,75.0,0,0,0,2,0,0,0,1,285,3,8,0,76,2018,Round 5,2018-04-22,9556
Gold Coast,Jack Bowes,4,8,6,50.0,0,0,0,2,0,0,1,4,153,1,2,1,78,2018,Round 5,2018-04-22,9556
Gold Coast,Sam Day,9,4,5,45.5,1,0,0,2,0,0,1,3,131,4,4,1,86,2018,Round 5,2018-04-22,9556
Gold Coast,Jesse Joyce,5,7,7,63.6,0,0,0,2,0,0,1,1,109,2,4,0,88,2018,Round 5,2018-04-22,9556
Gold Coast,Darcy Macpherson,6,3,5,55.6,0,0,0,1,0,1,1,3,141,3,0,1,35,2018,Round 5,2018-04-22,9556
Gold Coast,Rory Thompson,2,6,8,100.0,0,0,0,8,0,0,0,0,7,0,2,1,97,2018,Round 5,2018-04-22,9556
Melbourne,Clayton Oliver,15,17,22,71.0,1,0,0,0,0,3,4,5,312,1,5,0,85,2018,Round 5,2018-04-24,9557
Melbourne,Nathan Jones,16,13,20,66.7,0,1,0,0,0,0,3,6,346,7,5,1,83,2018,Round 5,2018-04-24,9557
Melbourne,Bernie Vince,11,12,15,62.5,0,0,0,3,0,0,6,4,393,5,6,0,82,2018,Round 5,2018-04-24,9557
Melbourne,Dom Tyson,11,13,14,60.9,0,0,0,5,0,1,3,4,375,5,4,0,85,2018,Round 5,2018-04-24,9557
Melbourne,Jesse Hogan,10,12,11,50.0,2,0,4,0,0,0,0,5,296,4,4,1,88,2018,Round 5,2018-04-24,9557
Melbourne,Christian Salem,8,12,10,50.0,0,0,0,0,0,1,2,3,229,8,2,1,68,2018,Round 5,2018-04-24,9557
Melbourne,Christian Petracca,9,10,12,63.2,0,1,0,1,0,1,1,4,402,8,3,0,74,2018,Round 5,2018-04-24,9557
Melbourne,Jake Lever,9,10,15,83.3,2,0,0,4,0,0,0,0,424,3,10,0,92,2018,Round 5,2018-04-24,9557
Melbourne,Angus Brayshaw,11,7,12,70.6,1,0,0,1,0,0,1,0,370,5,9,0,82,2018,Round 5,2018-04-24,9557
Melbourne,Max Gawn,8,8,11,68.8,3,0,0,7,0,0,1,5,256,2,2,2,89,2018,Round 5,2018-04-24,9557
Melbourne,Billy Stretch,8,8,10,62.5,0,0,0,0,0,0,0,2,198,2,3,0,80,2018,Round 5,2018-04-24,9557
Melbourne,Neville Jetta,7,8,8,57.1,0,0,0,3,0,0,1,1,175,3,7,0,81,2018,Round 5,2018-04-24,9557
Melbourne,Michael Hibberd,5,9,10,71.4,2,0,0,4,0,0,0,1,341,5,6,0,75,2018,Round 5,2018-04-24,9557
Melbourne,Alex Neal Bullen,4,8,9,64.3,0,0,0,0,0,0,1,3,246,1,1,1,82,2018,Round 5,2018-04-24,9557
Melbourne,James Harmes,8,6,8,61.5,0,0,1,2,0,1,2,1,204,6,1,4,86,2018,Round 5,2018-04-24,9557
Melbourne,Jayden Hunt,6,7,9,75.0,0,0,0,1,1,1,1,1,327,5,1,0,87,2018,Round 5,2018-04-24,9557
Melbourne,Oscar Mcdonald,6,7,7,58.3,3,0,0,11,0,0,0,0,243,4,8,0,100,2018,Round 5,2018-04-24,9557
Melbourne,Sam Weideman,4,7,9,75.0,1,0,1,0,0,0,0,3,291,3,2,2,91,2018,Round 5,2018-04-24,9557
Melbourne,Jake Melksham,5,5,7,70.0,2,0,3,0,0,0,0,5,225,4,1,1,87,2018,Round 5,2018-04-24,9557
Melbourne,Joshua Wagner,7,6,8,88.9,2,0,0,4,0,0,0,1,93,2,6,0,80,2018,Round 5,2018-04-24,9557
Melbourne,Jeff Gartlett,2,4,4,66.7,0,0,1,0,0,0,1,3,73,3,1,1,83,2018,Round 5,2018-04-24,9557
Melbourne,Dean Kent,4,2,4,66.7,0,0,0,0,0,0,2,3,45,2,0,1,39,2018,Round 5,2018-04-24,9557
Richmond,Kane Lambert,15,14,20,69.0,0,1,1,2,0,0,2,7,345,5,5,1,87,2018,Round 5,2018-04-24,9557
Richmond,Shane Edwards,13,14,17,65.4,0,2,0,3,0,0,5,8,414,8,5,0,85,2018,Round 5,2018-04-24,9557
Richmond,Bachar Houli,7,17,19,73.1,0,0,0,1,1,0,2,7,835,7,7,0,81,2018,Round 5,2018-04-24,9557
Richmond,Dustin Martin,14,11,17,65.4,1,1,0,0,1,7,3,7,291,2,1,1,73,2018,Round 5,2018-04-24,9557
Richmond,Shaun Grigg,10,11,16,72.7,0,0,0,2,0,3,3,4,432,7,3,0,79,2018,Round 5,2018-04-24,9557
Richmond,Reece Conca,12,6,13,61.9,0,1,0,0,0,1,3,6,305,5,8,1,80,2018,Round 5,2018-04-24,9557
Richmond,David Astbury,6,14,12,60.0,1,0,0,9,0,0,1,2,522,7,8,0,92,2018,Round 5,2018-04-24,9557
Richmond,Jayden Short,9,9,16,80.0,1,0,0,2,2,1,0,4,564,3,8,0,78,2018,Round 5,2018-04-24,9557
Richmond,Alex Rance,11,11,17,89.5,2,0,0,11,0,0,0,2,207,4,14,0,98,2018,Round 5,2018-04-24,9557
Richmond,Dion Prestia,9,9,12,70.6,0,0,0,0,0,1,2,4,350,4,4,2,73,2018,Round 5,2018-04-24,9557
Richmond,Brandon Ellis,1,15,16,100.0,0,0,0,1,1,0,0,5,83,2,2,0,84,2018,Round 5,2018-04-24,9557
Richmond,Jason Castagna,7,9,9,56.2,2,2,3,0,2,0,0,10,354,2,1,1,82,2018,Round 5,2018-04-24,9557
Richmond,Trent Cotchin,9,8,11,73.3,1,0,0,1,0,1,1,5,160,6,5,2,74,2018,Round 5,2018-04-24,9557
Richmond,Toby Nankervis,8,4,4,28.6,0,0,0,10,0,1,2,1,98,3,1,0,83,2018,Round 5,2018-04-24,9557
Richmond,Jack Higgins,5,8,10,71.4,0,1,1,0,0,0,0,7,163,2,2,3,67,2018,Round 5,2018-04-24,9557
Richmond,Sam Lloyd,7,7,9,69.2,0,0,0,3,1,0,0,6,350,3,1,0,77,2018,Round 5,2018-04-24,9557
Richmond,Jack Riewoldt,7,3,4,33.3,3,0,3,3,0,0,0,6,217,6,2,2,97,2018,Round 5,2018-04-24,9557
Richmond,Daniel Butler,4,8,9,75.0,0,0,1,0,0,0,0,4,256,2,1,2,80,2018,Round 5,2018-04-24,9557
Richmond,Dylan Grimes,6,2,7,70.0,0,0,0,11,0,1,1,1,100,0,6,0,83,2018,Round 5,2018-04-24,9557
Richmond,Kamdyn Mcintosh,4,8,6,60.0,0,0,1,8,4,0,0,5,317,3,3,0,68,2018,Round 5,2018-04-24,9557
Richmond,Nathan Broad,2,7,7,77.8,0,0,0,5,0,0,1,1,99,1,2,0,88,2018,Round 5,2018-04-24,9557
Richmond,Jacob Townsend,2,4,4,57.1,0,2,2,1,0,0,0,5,67,5,0,1,94,2018,Round 5,2018-04-24,9557
Collingwood,Adam Treloar,13,22,28,82.4,0,0,0,1,3,0,3,13,445,3,5,0,82,2018,Round 5,2018-04-25,9558
Collingwood,Scott Pendlebury,11,16,25,92.6,0,1,0,1,0,3,1,7,177,3,6,1,79,2018,Round 5,2018-04-25,9558
Collingwood,Steele Sidebottom,7,18,19,76.0,0,0,0,3,1,0,0,9,246,3,3,0,81,2018,Round 5,2018-04-25,9558
Collingwood,Tom Phillips,9,17,21,84.0,0,0,0,1,0,0,2,11,272,2,3,0,85,2018,Round 5,2018-04-25,9558
Collingwood,Jordan De Goey,8,14,18,78.3,1,0,0,0,0,4,1,7,466,5,0,0,79,2018,Round 5,2018-04-25,9558
Collingwood,Brodie Grundy,13,9,18,81.8,3,0,0,1,0,2,1,7,382,2,3,0,87,2018,Round 5,2018-04-25,9558
Collingwood,Callum Brown,10,16,17,77.3,0,0,0,1,0,1,0,4,184,3,6,0,79,2018,Round 5,2018-04-25,9558
Collingwood,Samuel Murray,5,16,18,85.7,0,0,0,3,0,0,0,3,380,5,7,0,91,2018,Round 5,2018-04-25,9558
Collingwood,James Aish,3,17,15,75.0,0,0,1,1,0,0,1,7,425,2,0,0,86,2018,Round 5,2018-04-25,9558
Collingwood,Matthew Scharenberg,6,12,19,100.0,0,0,0,6,0,0,1,1,222,1,8,0,84,2018,Round 5,2018-04-25,9558
Collingwood,Tom Langdon,4,14,16,84.2,1,1,0,2,0,0,0,5,384,4,4,0,85,2018,Round 5,2018-04-25,9558
Collingwood,Travis Varcoe,7,10,13,72.2,0,2,0,0,1,0,0,9,317,2,0,1,73,2018,Round 5,2018-04-25,9558
Collingwood,Josh Thomas,7,10,12,70.6,0,1,0,0,0,3,0,5,218,2,1,0,80,2018,Round 5,2018-04-25,9558
Collingwood,Jeremy Howe,4,10,12,75.0,1,0,0,2,0,0,0,1,336,2,5,0,90,2018,Round 5,2018-04-25,9558
Collingwood,Brayden Maynard,6,10,12,80.0,0,0,0,7,0,0,0,1,283,4,5,0,80,2018,Round 5,2018-04-25,9558
Collingwood,Jaidyn Stephenson,4,10,9,60.0,0,0,1,0,1,0,0,5,394,2,1,1,75,2018,Round 5,2018-04-25,9558
Collingwood,Jack Crisp,5,10,11,78.6,1,1,0,2,2,1,1,4,238,2,2,0,85,2018,Round 5,2018-04-25,9558
Collingwood,Will Hoskin Elliott,4,8,7,58.3,1,0,3,1,0,0,0,7,237,2,2,0,76,2018,Round 5,2018-04-25,9558
Collingwood,Mason Cox,5,7,9,75.0,3,0,5,2,0,0,0,8,159,1,2,1,80,2018,Round 5,2018-04-25,9558
Collingwood,Lynden Dunn,2,7,9,81.8,0,0,0,6,0,0,0,3,258,1,5,0,85,2018,Round 5,2018-04-25,9558
Collingwood,Ben Crocker,3,8,9,81.8,1,0,1,1,1,0,0,5,184,3,0,1,77,2018,Round 5,2018-04-25,9558
Collingwood,Ben Reid,5,5,4,44.4,2,0,2,0,0,0,0,6,192,1,0,1,80,2018,Round 5,2018-04-25,9558
Essendon,David Zaharakis,7,27,27,79.4,0,0,0,0,0,0,2,5,367,3,3,0,89,2018,Round 5,2018-04-25,9558
Essendon,Brendon Goddard,5,26,28,84.8,0,0,0,1,2,0,1,5,422,3,4,0,95,2018,Round 5,2018-04-25,9558
Essendon,Zachary Merrett,11,22,25,75.8,0,1,0,1,0,1,2,5,465,4,4,0,81,2018,Round 5,2018-04-25,9558
Essendon,Michael Hurley,5,19,28,96.6,0,0,0,4,0,0,0,4,360,3,7,0,92,2018,Round 5,2018-04-25,9558
Essendon,Darcy Parish,6,22,24,85.7,0,0,0,0,0,1,3,3,283,2,0,2,91,2018,Round 5,2018-04-25,9558
Essendon,Dyson Heppell,9,21,20,74.1,1,0,0,4,0,1,4,5,466,5,4,0,91,2018,Round 5,2018-04-25,9558
Essendon,Adam Saad,6,16,21,91.3,0,0,0,4,8,0,0,4,458,3,5,0,83,2018,Round 5,2018-04-25,9558
Essendon,Joe Daniher,8,13,10,45.5,1,1,2,1,1,1,2,6,571,11,0,0,100,2018,Round 5,2018-04-25,9558
Essendon,David Myers,9,11,15,75.0,0,0,0,0,0,2,4,1,173,4,1,2,76,2018,Round 5,2018-04-25,9558
Essendon,Devon Smith,8,13,13,65.0,0,0,0,2,3,1,2,2,225,3,2,1,87,2018,Round 5,2018-04-25,9558
Essendon,Cale Hooker,7,12,13,72.2,1,0,2,2,0,0,2,3,336,3,5,0,99,2018,Round 5,2018-04-25,9558
Essendon,Michael Hartley,1,15,14,87.5,0,0,0,9,0,0,0,1,125,3,3,0,92,2018,Round 5,2018-04-25,9558
Essendon,Jackson Merrett,6,9,10,66.7,0,1,1,0,0,0,0,4,157,3,1,1,87,2018,Round 5,2018-04-25,9558
Essendon,Mark Baguley,2,12,10,66.7,1,0,0,1,0,0,0,0,151,5,3,0,81,2018,Round 5,2018-04-25,9558
Essendon,Matt Guelfi,3,12,13,86.7,2,0,1,2,0,0,0,2,229,1,4,0,81,2018,Round 5,2018-04-25,9558
Essendon,Anthony Mcdonald Tipungwuti,6,9,8,57.1,0,0,1,2,0,1,2,3,219,2,0,1,80,2018,Round 5,2018-04-25,9558
Essendon,Tom Bellchambers,4,9,11,84.6,1,0,0,7,0,0,1,4,156,1,5,0,88,2018,Round 5,2018-04-25,9558
Essendon,Jake Stringer,7,7,11,84.6,2,1,3,0,0,0,0,5,209,2,0,1,86,2018,Round 5,2018-04-25,9558
Essendon,James Stewart,3,9,10,90.9,1,1,1,2,0,0,1,3,112,1,0,0,100,2018,Round 5,2018-04-25,9558
Essendon,Andrew Mcgrath,2,8,8,80.0,1,0,0,0,2,0,0,0,114,2,3,0,87,2018,Round 5,2018-04-25,9558
Essendon,Joshua Green,2,0,0,0.0,0,0,0,0,0,0,0,0,15,2,1,0,25,2018,Round 5,2018-04-25,9558
Essendon,Joshua Begley,0,2,2,100.0,0,0,0,0,0,0,0,0,62,1,0,0,8,2018,Round 5,2018-04-25,9558
Western Bulldogs,Jackson Macrae,12,20,21,65.6,0,0,1,2,0,1,2,5,218,7,3,4,92,2018,Round 6,2018-04-27,9559
Western Bulldogs,Marcus Bontempelli,11,18,21,70.0,1,1,2,1,0,2,2,8,496,2,4,0,84,2018,Round 6,2018-04-27,9559
Western Bulldogs,Lachlan Hunter,5,24,21,72.4,0,0,0,0,2,1,1,4,445,3,1,0,89,2018,Round 6,2018-04-27,9559
Western Bulldogs,Matthew Suckling,4,22,25,100.0,0,0,0,2,2,0,2,8,236,3,2,0,81,2018,Round 6,2018-04-27,9559
Western Bulldogs,Mitchell Wallis,8,13,17,81.0,0,0,0,0,0,3,1,5,274,2,1,1,80,2018,Round 6,2018-04-27,9559
Western Bulldogs,Luke Dahlhaus,9,13,18,85.7,0,0,0,4,0,2,3,3,30,4,2,0,81,2018,Round 6,2018-04-27,9559
Western Bulldogs,Toby Mclean,11,11,17,81.0,0,0,0,2,1,2,0,8,209,0,6,4,76,2018,Round 6,2018-04-27,9559
Western Bulldogs,Jason Johannisen,8,12,17,85.0,0,1,1,1,2,1,1,5,318,2,5,1,86,2018,Round 6,2018-04-27,9559
Western Bulldogs,Caleb Daniel,7,12,14,70.0,0,0,1,0,1,0,2,6,335,2,0,0,87,2018,Round 6,2018-04-27,9559
Western Bulldogs,Bailey Williams,3,14,16,80.0,0,0,0,2,0,0,0,2,462,7,6,0,77,2018,Round 6,2018-04-27,9559
Western Bulldogs,Ed Richards,2,16,13,76.5,0,0,0,0,1,0,0,1,395,4,3,0,84,2018,Round 6,2018-04-27,9559
Western Bulldogs,Josh Dunkley,5,10,7,46.7,1,0,0,1,0,0,1,3,105,2,1,2,66,2018,Round 6,2018-04-27,9559
Western Bulldogs,Patrick Lipinski,5,10,13,86.7,0,0,1,1,0,0,1,6,214,3,1,1,63,2018,Round 6,2018-04-27,9559
Western Bulldogs,Easton Wood,5,11,11,78.6,1,0,0,5,0,0,0,3,200,2,6,0,83,2018,Round 6,2018-04-27,9559
Western Bulldogs,Hayden Crozier,4,10,10,71.4,0,0,0,4,0,0,0,1,216,3,3,0,86,2018,Round 6,2018-04-27,9559
Western Bulldogs,Bailey Dale,6,7,10,71.4,1,2,1,3,0,0,0,7,151,1,4,1,83,2018,Round 6,2018-04-27,9559
Western Bulldogs,Lin Jong,4,9,8,61.5,1,0,0,1,0,0,0,2,250,4,4,2,71,2018,Round 6,2018-04-27,9559
Western Bulldogs,Thomas Boyd,7,6,10,76.9,2,1,4,2,0,1,1,5,177,1,1,0,83,2018,Round 6,2018-04-27,9559
Western Bulldogs,Aaron Naughton,7,7,11,84.6,2,0,0,4,0,0,0,2,189,3,8,0,96,2018,Round 6,2018-04-27,9559
Western Bulldogs,Timothy English,6,5,7,70.0,0,0,0,4,0,0,1,1,1,3,3,0,77,2018,Round 6,2018-04-27,9559
Western Bulldogs,Zaine Cordy,4,5,9,100.0,1,0,0,4,0,0,0,0,80,0,5,0,93,2018,Round 6,2018-04-27,9559
Western Bulldogs,Billy Gowers,2,8,9,100.0,1,3,4,0,0,0,0,6,221,2,0,1,81,2018,Round 6,2018-04-27,9559
Carlton,Patrick Cripps,24,11,24,75.0,1,0,0,3,0,2,10,11,227,1,2,0,87,2018,Round 6,2018-04-27,9559
Carlton,Sam Kerridge,12,16,20,71.4,0,1,2,1,0,0,1,6,517,8,7,0,86,2018,Round 6,2018-04-27,9559
Carlton,Zac Fisher,12,16,14,50.0,0,0,1,0,0,3,5,5,418,7,2,0,81,2018,Round 6,2018-04-27,9559
Carlton,Dale Thomas,8,20,23,85.2,0,0,0,1,1,0,2,4,330,7,5,0,83,2018,Round 6,2018-04-27,9559
Carlton,Edward Curnow,7,15,15,71.4,0,1,0,2,0,1,1,5,252,0,3,0,81,2018,Round 6,2018-04-27,9559
Carlton,Kade Simpson,5,12,15,75.0,0,0,0,2,0,0,1,2,257,6,5,0,88,2018,Round 6,2018-04-27,9559
Carlton,Charlie Curnow,8,13,8,42.1,3,0,4,3,0,0,0,9,284,8,1,1,87,2018,Round 6,2018-04-27,9559
Carlton,Matthew Kennedy 1,8,10,10,55.6,0,0,0,1,0,0,1,2,210,3,0,1,67,2018,Round 6,2018-04-27,9559
Carlton,Matthew Wright,10,9,12,70.6,0,2,2,3,0,0,0,6,142,2,1,2,85,2018,Round 6,2018-04-27,9559
Carlton,Cameron O Shea,3,11,9,64.3,0,0,0,0,0,0,0,1,174,3,5,0,76,2018,Round 6,2018-04-27,9559
Carlton,Sam Petrevski Seton,2,10,9,64.3,0,0,0,1,0,0,0,5,22,3,4,0,69,2018,Round 6,2018-04-27,9559
Carlton,Paddy Dow,9,8,10,71.4,0,0,1,0,0,0,3,3,202,3,0,0,69,2018,Round 6,2018-04-27,9559
Carlton,Caleb Marchbank,5,6,9,81.8,0,0,0,5,0,0,1,0,79,4,5,0,87,2018,Round 6,2018-04-27,9559
Carlton,Liam Jones,5,5,9,90.0,3,0,0,9,0,0,0,1,176,0,5,0,94,2018,Round 6,2018-04-27,9559
Carlton,Levi Casboult,5,5,7,70.0,2,0,4,1,0,0,0,6,154,0,2,0,89,2018,Round 6,2018-04-27,9559
Carlton,Harry Mckay,6,4,9,90.0,2,0,1,1,0,0,0,5,205,2,1,0,82,2018,Round 6,2018-04-27,9559
Carlton,Lochie O Brien,4,5,7,77.8,0,1,0,0,0,0,0,1,170,2,3,0,69,2018,Round 6,2018-04-27,9559
Carlton,Aaron Mullett,0,7,5,62.5,0,0,0,2,0,0,0,0,156,3,0,0,74,2018,Round 6,2018-04-27,9559
Carlton,Lachlan Plowman,2,6,6,75.0,1,0,0,5,0,0,0,3,152,3,3,0,95,2018,Round 6,2018-04-27,9559
Carlton,Jack Silvagni,2,5,5,62.5,0,0,0,1,1,0,0,2,137,1,1,0,72,2018,Round 6,2018-04-27,9559
Carlton,Andrew Phillips 1,2,4,5,71.4,0,0,0,1,0,0,0,5,29,0,2,0,83,2018,Round 6,2018-04-27,9559
Carlton,Sam Rowe,4,2,4,66.7,0,0,0,6,0,0,0,0,198,2,4,0,96,2018,Round 6,2018-04-27,9559
Geelong,Mitchell Duncan,12,13,14,58.3,0,0,0,2,0,0,5,4,506,3,3,1,89,2018,Round 6,2018-04-28,9560
Geelong,Joel Selwood,15,8,16,69.6,1,0,1,2,1,0,4,4,413,3,3,2,87,2018,Round 6,2018-04-28,9560
Geelong,Patrick Dangerfield,13,10,18,81.8,1,1,0,4,0,2,3,5,226,3,6,0,85,2018,Round 6,2018-04-28,9560
Geelong,Sam Menegola,9,14,10,45.5,0,0,0,0,0,1,2,4,304,9,1,1,80,2018,Round 6,2018-04-28,9560
Geelong,Jordan Cunico,6,14,12,57.1,0,0,0,0,0,0,1,5,429,5,1,1,82,2018,Round 6,2018-04-28,9560
Geelong,Tim Kelly,14,5,10,52.6,0,1,1,2,0,1,3,6,432,6,2,1,80,2018,Round 6,2018-04-28,9560
Geelong,Tom Hawkins,10,8,10,55.6,4,0,5,1,0,0,1,6,249,2,1,1,93,2018,Round 6,2018-04-28,9560
Geelong,Jackson Thurlow,9,9,11,64.7,0,0,0,1,0,0,2,1,218,2,1,0,78,2018,Round 6,2018-04-28,9560
Geelong,Thomas Stewart,7,6,11,73.3,0,0,0,1,0,0,0,1,381,2,8,0,85,2018,Round 6,2018-04-28,9560
Geelong,Jordan Murdoch,5,9,10,71.4,0,0,0,1,1,0,0,4,228,3,3,3,84,2018,Round 6,2018-04-28,9560
Geelong,James Parsons,3,8,8,57.1,0,1,0,0,0,0,0,6,291,3,1,1,77,2018,Round 6,2018-04-28,9560
Geelong,Zach Tuohy,0,10,5,38.5,0,0,0,1,0,0,0,2,365,5,3,0,94,2018,Round 6,2018-04-28,9560
Geelong,Mark Blicavs,9,4,12,92.3,3,0,0,10,0,0,0,2,116,3,6,0,97,2018,Round 6,2018-04-28,9560
Geelong,Jack Henry,7,6,6,46.2,1,0,0,7,0,0,0,3,217,6,8,0,83,2018,Round 6,2018-04-28,9560
Geelong,Jake Kolodjashnij,7,3,10,90.9,2,0,0,1,0,0,0,2,186,1,10,0,86,2018,Round 6,2018-04-28,9560
Geelong,Esava Ratugolea,7,4,8,72.7,1,1,0,1,0,0,0,3,172,2,2,0,83,2018,Round 6,2018-04-28,9560
Geelong,Lachlan Fogarty,6,6,8,72.7,0,1,0,0,0,0,0,7,183,1,1,2,84,2018,Round 6,2018-04-28,9560
Geelong,Rhys Stanley,7,5,8,80.0,0,0,2,8,0,0,5,7,112,2,1,0,83,2018,Round 6,2018-04-28,9560
Geelong,Cory Gregson,2,7,6,66.7,0,1,0,1,0,0,0,3,181,1,0,2,71,2018,Round 6,2018-04-28,9560
Geelong,Jed Bews,4,4,6,75.0,0,1,0,3,0,0,1,4,99,1,4,0,89,2018,Round 6,2018-04-28,9560
Geelong,George Horlin Smith,4,3,4,57.1,0,0,0,0,0,1,1,2,23,0,0,0,26,2018,Round 6,2018-04-28,9560
Geelong,Zach Guthrie,1,3,2,50.0,1,0,0,2,0,0,0,0,119,2,1,0,84,2018,Round 6,2018-04-28,9560
Sydney,Josh P  Kennedy,17,19,24,72.7,0,0,0,1,0,7,6,7,511,5,1,1,84,2018,Round 6,2018-04-28,9560
Sydney,Jake Lloyd,2,25,21,72.4,0,1,0,2,1,0,2,2,688,7,1,0,85,2018,Round 6,2018-04-28,9560
Sydney,Heath Grundy,6,17,20,87.0,2,0,0,8,0,0,0,5,310,3,9,0,94,2018,Round 6,2018-04-28,9560
Sydney,Jarrad Mcveigh,1,18,15,71.4,0,0,0,6,0,0,0,1,306,2,1,0,85,2018,Round 6,2018-04-28,9560
Sydney,Isaac Heeney,12,9,13,61.9,1,1,1,2,0,2,6,6,244,3,1,1,89,2018,Round 6,2018-04-28,9560
Sydney,Luke Parker,10,9,14,73.7,3,0,2,1,0,0,4,5,230,3,1,1,91,2018,Round 6,2018-04-28,9560
Sydney,Zak Jones,4,16,17,89.5,0,0,0,2,0,0,1,7,401,3,3,0,76,2018,Round 6,2018-04-28,9560
Sydney,Callum Mills,9,10,13,68.4,0,0,0,2,1,0,2,4,292,3,7,2,91,2018,Round 6,2018-04-28,9560
Sydney,Callum Sinclair,14,6,15,83.3,2,0,0,2,0,1,3,5,143,1,4,0,89,2018,Round 6,2018-04-28,9560
Sydney,Nick Smith 1,5,12,9,52.9,2,0,0,2,0,0,0,4,274,4,6,0,84,2018,Round 6,2018-04-28,9560
Sydney,Kieran Jack,10,6,8,50.0,0,2,0,0,0,1,4,6,294,6,2,1,77,2018,Round 6,2018-04-28,9560
Sydney,Harry Cunningham,3,13,13,81.2,0,1,0,2,0,0,1,6,207,1,3,2,79,2018,Round 6,2018-04-28,9560
Sydney,George Hewett,11,5,14,87.5,0,1,0,0,0,3,3,4,219,2,4,1,75,2018,Round 6,2018-04-28,9560
Sydney,Dane Rampe,4,11,12,80.0,0,0,0,4,0,0,0,2,227,2,8,0,95,2018,Round 6,2018-04-28,9560
Sydney,Ben Ronke,8,7,12,80.0,0,0,0,0,0,0,0,6,292,1,3,1,69,2018,Round 6,2018-04-28,9560
Sydney,Oliver Florent,5,9,9,64.3,2,0,2,1,1,1,2,3,235,4,1,0,75,2018,Round 6,2018-04-28,9560
Sydney,Tom Papley,7,7,8,61.5,1,2,1,2,0,1,1,7,193,2,1,0,81,2018,Round 6,2018-04-28,9560
Sydney,Gary Rohan,9,2,3,27.3,1,0,1,2,0,0,0,6,258,5,2,3,83,2018,Round 6,2018-04-28,9560
Sydney,Will Hayward,3,9,9,81.8,0,0,1,5,0,0,0,6,292,3,2,0,75,2018,Round 6,2018-04-28,9560
Sydney,Robbie Fox,4,5,8,88.9,1,0,1,5,0,0,0,2,115,2,0,0,69,2018,Round 6,2018-04-28,9560
Sydney,Daniel Robinson,5,3,2,25.0,0,0,1,3,0,0,0,1,135,2,3,0,74,2018,Round 6,2018-04-28,9560
Sydney,Harrison Marsh,0,5,4,66.7,0,0,0,5,0,0,0,2,123,1,3,0,81,2018,Round 6,2018-04-28,9560
North Melbourne,Ben Cunnington,18,10,18,66.7,1,1,0,2,0,5,2,4,396,4,5,2,78,2018,Round 6,2018-04-28,9561
North Melbourne,Ben Jacobs,10,14,15,65.2,0,1,0,3,0,1,0,2,312,6,3,0,88,2018,Round 6,2018-04-28,9561
North Melbourne,Ryan Clarke,6,17,15,65.2,0,0,0,1,0,0,1,4,268,4,4,0,81,2018,Round 6,2018-04-28,9561
North Melbourne,Jy Simpkin,15,8,17,77.3,0,0,0,0,0,0,3,7,288,3,5,1,83,2018,Round 6,2018-04-28,9561
North Melbourne,Jed Anderson,15,7,11,52.4,0,0,0,1,0,1,6,4,309,3,1,1,67,2018,Round 6,2018-04-28,9561
North Melbourne,Luke Mcdonald,5,13,15,78.9,0,0,0,2,0,0,0,5,202,2,5,1,80,2018,Round 6,2018-04-28,9561
North Melbourne,Marley Williams,4,13,15,83.3,0,0,0,2,0,0,0,2,279,3,5,0,77,2018,Round 6,2018-04-28,9561
North Melbourne,Billy Hartung,8,9,9,52.9,0,0,0,0,0,0,1,2,354,5,6,0,80,2018,Round 6,2018-04-28,9561
North Melbourne,Ed Vickers Willis,5,12,12,75.0,0,0,0,6,0,0,0,3,92,1,6,0,80,2018,Round 6,2018-04-28,9561
North Melbourne,Todd Goldstein,9,6,13,86.7,2,2,0,1,0,1,3,6,205,2,4,0,83,2018,Round 6,2018-04-28,9561
North Melbourne,Scott Thompson 1,8,7,12,80.0,0,0,0,3,0,0,0,3,104,3,10,0,93,2018,Round 6,2018-04-28,9561
North Melbourne,Kayne Turner,7,8,9,60.0,0,0,0,0,0,1,1,3,44,3,2,0,81,2018,Round 6,2018-04-28,9561
North Melbourne,Robert Tarrant,4,10,10,71.4,0,0,1,1,0,0,0,4,217,3,4,0,90,2018,Round 6,2018-04-28,9561
North Melbourne,Jamie Macmillan,1,11,9,64.3,0,0,0,0,0,0,0,2,322,4,2,0,85,2018,Round 6,2018-04-28,9561
North Melbourne,Majak Daw,5,9,10,71.4,1,1,0,5,0,0,1,4,228,3,4,0,76,2018,Round 6,2018-04-28,9561
North Melbourne,Jarrad Waite,6,6,8,66.7,1,0,2,2,0,0,0,5,269,2,1,0,100,2018,Round 6,2018-04-28,9561
North Melbourne,Jack Ziebell,6,6,7,63.6,0,0,1,1,0,1,1,2,91,6,2,0,90,2018,Round 6,2018-04-28,9561
North Melbourne,Shaun Atley,3,8,8,72.7,0,0,1,2,0,0,0,3,145,3,1,1,74,2018,Round 6,2018-04-28,9561
North Melbourne,Trent Dumont,2,10,7,63.6,0,0,0,1,0,0,0,1,267,4,2,0,75,2018,Round 6,2018-04-28,9561
North Melbourne,Cameron Zurhaar,5,6,6,60.0,0,0,0,1,1,0,2,3,177,3,1,0,74,2018,Round 6,2018-04-28,9561
North Melbourne,Luke Davies Uniacke,7,6,6,66.7,0,0,0,1,0,1,0,3,118,2,0,0,66,2018,Round 6,2018-04-28,9561
North Melbourne,Ben Brown,6,2,7,87.5,2,0,3,2,0,0,0,5,193,3,0,0,100,2018,Round 6,2018-04-28,9561
Port Adelaide,Jared Polec,10,22,24,70.6,0,0,1,0,0,0,4,7,442,7,4,0,85,2018,Round 6,2018-04-28,9561
Port Adelaide,Bradley Ebert,12,22,27,81.8,0,2,0,2,0,3,2,9,290,7,7,0,83,2018,Round 6,2018-04-28,9561
Port Adelaide,Travis Boak,14,17,22,75.9,0,0,0,3,1,0,2,8,198,4,6,1,77,2018,Round 6,2018-04-28,9561
Port Adelaide,Justin Westhoff,12,13,22,88.0,2,3,1,4,0,0,0,8,229,3,3,2,84,2018,Round 6,2018-04-28,9561
Port Adelaide,Robert Gray,5,18,21,91.3,0,1,1,1,0,3,0,10,185,2,1,0,93,2018,Round 6,2018-04-28,9561
Port Adelaide,Darcy Byrne Jones,8,14,16,72.7,0,0,0,2,1,1,2,2,199,2,7,0,85,2018,Round 6,2018-04-28,9561
Port Adelaide,Steven Motlop,5,15,13,65.0,0,1,0,0,2,0,3,6,248,2,0,0,79,2018,Round 6,2018-04-28,9561
Port Adelaide,Oliver Wines,9,9,13,65.0,1,0,0,2,0,4,2,2,315,8,1,0,77,2018,Round 6,2018-04-28,9561
Port Adelaide,Thomas Jonas,7,10,15,78.9,0,0,0,10,0,0,0,3,399,5,13,0,98,2018,Round 6,2018-04-28,9561
Port Adelaide,Sam Gray,7,13,15,78.9,1,0,4,2,0,1,3,11,306,4,1,1,90,2018,Round 6,2018-04-28,9561
Port Adelaide,Riley Bonner,3,15,10,55.6,0,0,0,1,0,0,1,6,401,6,2,0,85,2018,Round 6,2018-04-28,9561
Port Adelaide,Charlie Dixon,10,5,10,62.5,1,1,1,0,0,3,1,7,166,2,1,1,90,2018,Round 6,2018-04-28,9561
Port Adelaide,Dan Houston,3,11,15,93.8,0,0,0,2,0,0,0,3,304,2,5,0,79,2018,Round 6,2018-04-28,9561
Port Adelaide,Jake Neade,5,10,10,66.7,0,0,1,1,1,0,0,4,255,2,2,2,74,2018,Round 6,2018-04-28,9561
Port Adelaide,Karl Amon,6,11,10,66.7,0,2,0,1,1,0,2,8,368,3,2,0,75,2018,Round 6,2018-04-28,9561
Port Adelaide,Dougal Howard,7,7,12,80.0,0,0,0,12,0,0,0,2,329,2,8,0,88,2018,Round 6,2018-04-28,9561
Port Adelaide,Tom Clurey,2,11,10,71.4,0,0,0,5,1,0,0,4,235,3,3,0,88,2018,Round 6,2018-04-28,9561
Port Adelaide,Chad Wingard,5,6,8,61.5,1,1,2,1,0,0,0,5,227,5,0,1,73,2018,Round 6,2018-04-28,9561
Port Adelaide,Dom Barry,4,7,7,63.6,0,0,1,0,0,1,0,4,145,0,2,0,71,2018,Round 6,2018-04-28,9561
Port Adelaide,Jack Watts,2,9,8,80.0,0,0,1,0,0,0,0,6,96,2,1,2,74,2018,Round 6,2018-04-28,9561
Port Adelaide,Aidyn Johnson,6,3,8,88.9,0,1,1,3,0,0,0,5,55,2,0,2,76,2018,Round 6,2018-04-28,9561
Port Adelaide,Jack Hombsch,2,5,6,85.7,0,0,0,12,1,0,0,3,99,0,4,0,77,2018,Round 6,2018-04-28,9561
Greater Western Sydney,Matthew Deboer,11,21,25,71.4,0,1,1,1,0,0,3,6,217,4,5,0,93,2018,Round 6,2018-04-28,9562
Greater Western Sydney,Lachie Whitfield,6,25,28,84.8,0,0,2,3,0,2,3,9,523,5,3,1,86,2018,Round 6,2018-04-28,9562
Greater Western Sydney,Dylan Shiel,7,26,28,90.3,0,2,0,2,0,1,1,13,303,2,2,0,81,2018,Round 6,2018-04-28,9562
Greater Western Sydney,Brett Deledio,5,25,20,71.4,0,0,0,0,0,0,2,7,338,2,3,0,79,2018,Round 6,2018-04-28,9562
Greater Western Sydney,Stephen Coniglio,7,22,16,57.1,0,0,1,1,0,0,2,4,243,6,2,0,87,2018,Round 6,2018-04-28,9562
Greater Western Sydney,Heath Shaw,5,15,18,78.3,0,0,0,3,1,0,0,2,399,6,8,0,95,2018,Round 6,2018-04-28,9562
Greater Western Sydney,Tim Taranto,12,11,11,47.8,1,0,1,2,0,2,4,5,394,8,3,0,84,2018,Round 6,2018-04-28,9562
Greater Western Sydney,Ryan Griffen,7,14,18,85.7,1,0,0,1,1,0,1,9,414,1,6,0,69,2018,Round 6,2018-04-28,9562
Greater Western Sydney,Daniel Lloyd,6,14,12,60.0,0,0,2,1,0,0,1,7,234,2,1,0,83,2018,Round 6,2018-04-28,9562
Greater Western Sydney,Callan Ward,4,16,17,89.5,0,0,0,1,0,1,1,6,186,3,1,0,84,2018,Round 6,2018-04-28,9562
Greater Western Sydney,Adam Tomlinson,8,10,17,89.5,0,0,0,2,1,2,3,4,425,2,3,2,87,2018,Round 6,2018-04-28,9562
Greater Western Sydney,Jeremy Cameron,6,13,15,83.3,0,0,3,2,0,0,0,11,203,4,3,0,87,2018,Round 6,2018-04-28,9562
Greater Western Sydney,Nick Haynes,2,15,8,47.1,1,0,0,4,2,0,0,2,431,7,2,0,89,2018,Round 6,2018-04-28,9562
Greater Western Sydney,Jonathon Patton,6,10,13,81.2,1,0,0,2,0,0,1,5,183,4,4,0,88,2018,Round 6,2018-04-28,9562
Greater Western Sydney,Aidan Corr,5,11,10,66.7,0,0,0,7,0,0,0,3,253,3,6,0,79,2018,Round 6,2018-04-28,9562
Greater Western Sydney,Jeremy Finlayson,3,10,13,86.7,0,0,0,2,0,0,0,4,342,4,3,0,68,2018,Round 6,2018-04-28,9562
Greater Western Sydney,Phil Davis,8,7,11,78.6,1,0,0,7,0,0,0,3,118,2,10,0,94,2018,Round 6,2018-04-28,9562
Greater Western Sydney,Jacob Hopper,4,10,10,71.4,0,0,1,0,0,0,1,3,131,1,1,0,69,2018,Round 6,2018-04-28,9562
Greater Western Sydney,Harrison Himmelberg,6,6,10,83.3,1,0,1,0,0,0,1,5,175,1,2,1,89,2018,Round 6,2018-04-28,9562
Greater Western Sydney,Samuel Reid,1,9,7,70.0,0,0,0,2,0,0,0,4,197,2,2,0,92,2018,Round 6,2018-04-28,9562
Greater Western Sydney,Nicholas Shipley,1,6,5,71.4,0,1,0,3,0,0,0,3,120,1,0,0,79,2018,Round 6,2018-04-28,9562
Greater Western Sydney,Zac Giles Langdon,4,2,5,83.3,0,0,0,0,0,1,1,3,45,1,0,0,39,2018,Round 6,2018-04-28,9562
Brisbane Lions,Dayne Beams,5,25,24,82.8,0,0,2,2,0,2,0,9,507,5,5,0,82,2018,Round 6,2018-04-28,9562
Brisbane Lions,Daniel Rich,7,18,18,64.3,0,0,1,2,0,0,0,4,681,6,9,0,82,2018,Round 6,2018-04-28,9562
Brisbane Lions,Mitch Robinson,20,9,22,78.6,1,0,0,3,0,3,6,6,227,2,4,1,78,2018,Round 6,2018-04-28,9562
Brisbane Lions,Alex Witherden,3,14,17,77.3,0,0,0,3,0,0,0,5,405,4,3,0,82,2018,Round 6,2018-04-28,9562
Brisbane Lions,Allen Christensen,10,9,14,70.0,0,1,0,2,0,0,2,5,208,2,3,1,74,2018,Round 6,2018-04-28,9562
Brisbane Lions,Tom Cutler,7,14,14,70.0,0,0,0,2,1,1,1,2,573,6,5,0,80,2018,Round 6,2018-04-28,9562
Brisbane Lions,Jarrod Berry,7,13,14,70.0,0,1,0,1,1,1,1,2,238,2,0,0,73,2018,Round 6,2018-04-28,9562
Brisbane Lions,Lewis Taylor,4,14,12,70.6,0,0,3,0,0,0,0,6,153,2,1,0,78,2018,Round 6,2018-04-28,9562
Brisbane Lions,Darcy Gardiner,6,9,12,75.0,0,0,0,5,0,0,0,2,173,1,11,0,90,2018,Round 6,2018-04-28,9562
Brisbane Lions,Nicholas Robertson,3,13,13,81.2,0,0,0,2,0,0,0,3,286,4,4,0,87,2018,Round 6,2018-04-28,9562
Brisbane Lions,Harris Andrews,3,12,12,75.0,2,0,0,13,0,0,0,1,169,2,6,0,98,2018,Round 6,2018-04-28,9562
Brisbane Lions,Hugh Mccluggage,5,11,13,81.2,0,0,0,0,2,0,0,5,293,4,3,0,82,2018,Round 6,2018-04-28,9562
Brisbane Lions,Zac Bailey,4,14,9,56.2,0,0,1,0,0,0,0,6,193,4,2,0,76,2018,Round 6,2018-04-28,9562
Brisbane Lions,Jacob Allison,4,12,10,66.7,0,1,0,3,0,0,0,4,164,3,5,0,80,2018,Round 6,2018-04-28,9562
Brisbane Lions,Charlie Cameron,3,9,9,64.3,0,0,1,1,0,2,1,4,234,4,0,0,84,2018,Round 6,2018-04-28,9562
Brisbane Lions,Cameron Rayner,10,4,9,64.3,1,0,1,0,0,0,2,3,96,5,4,0,75,2018,Round 6,2018-04-28,9562
Brisbane Lions,Stefan Martin,6,7,9,75.0,0,0,0,3,0,0,3,2,263,4,0,0,86,2018,Round 6,2018-04-28,9562
Brisbane Lions,Dayne Zorko,4,5,5,50.0,0,0,1,2,0,1,1,4,169,2,1,0,85,2018,Round 6,2018-04-28,9562
Brisbane Lions,Ryan Lester,1,6,8,100.0,0,0,0,1,0,0,0,3,53,0,2,0,81,2018,Round 6,2018-04-28,9562
Brisbane Lions,Eric Hipwood,4,4,3,42.9,0,0,0,4,0,0,0,1,90,6,3,1,85,2018,Round 6,2018-04-28,9562
Brisbane Lions,Oscar Mcinerney,4,2,5,71.4,1,0,0,8,0,0,0,4,20,1,1,1,84,2018,Round 6,2018-04-28,9562
Brisbane Lions,Daniel Mcstay,3,3,5,83.3,1,0,1,0,0,0,0,2,111,1,0,0,77,2018,Round 6,2018-04-28,9562
Adelaide,Rory Laird,9,25,28,82.4,1,0,0,3,0,0,2,7,245,6,10,0,86,2018,Round 6,2018-04-28,9564
Adelaide,Wayne Milera,6,25,28,84.8,1,1,0,4,1,0,0,4,377,3,6,1,83,2018,Round 6,2018-04-28,9564
Adelaide,Bryce Gibbs,12,17,23,74.2,0,0,0,0,0,2,1,6,393,5,6,0,87,2018,Round 6,2018-04-28,9564
Adelaide,Matt Crouch,7,24,21,70.0,0,0,0,0,0,2,2,7,215,2,1,0,74,2018,Round 6,2018-04-28,9564
Adelaide,Cameron Ellis Yolmen,19,10,22,75.9,1,0,1,2,0,4,3,9,281,4,2,1,81,2018,Round 6,2018-04-28,9564
Adelaide,Rory Atkins,8,17,16,57.1,0,0,1,0,1,0,2,6,508,5,4,0,86,2018,Round 6,2018-04-28,9564
Adelaide,Paul Seedsman,6,19,20,76.9,0,1,0,1,0,1,0,9,604,3,6,1,81,2018,Round 6,2018-04-28,9564
Adelaide,Tom Lynch,10,15,20,80.0,0,0,0,0,0,0,1,9,266,3,0,1,86,2018,Round 6,2018-04-28,9564
Adelaide,Luke Brown,12,12,18,75.0,1,0,0,1,0,0,0,7,462,4,8,0,87,2018,Round 6,2018-04-28,9564
Adelaide,Richard Douglas,7,16,15,71.4,0,2,1,0,1,0,0,9,383,4,1,1,80,2018,Round 6,2018-04-28,9564
Adelaide,Jordan Gallucci,5,14,12,60.0,0,1,0,0,0,0,1,8,391,5,2,0,80,2018,Round 6,2018-04-28,9564
Adelaide,David Mackay,7,13,13,68.4,1,0,0,3,2,0,1,2,243,5,3,0,64,2018,Round 6,2018-04-28,9564
Adelaide,Daniel Talia,8,12,17,89.5,2,0,0,10,0,0,0,2,206,3,9,0,99,2018,Round 6,2018-04-28,9564
Adelaide,Tom Doedee,6,11,17,94.4,1,0,0,5,1,0,0,1,275,2,8,0,87,2018,Round 6,2018-04-28,9564
Adelaide,Riley Knight,7,10,14,82.4,0,0,1,2,0,0,1,5,172,2,2,0,85,2018,Round 6,2018-04-28,9564
Adelaide,Hugh Greenwood,11,3,11,73.3,1,0,0,3,0,1,3,4,145,1,4,1,80,2018,Round 6,2018-04-28,9564
Adelaide,Sam Jacobs,5,9,9,64.3,0,0,0,1,0,1,1,4,137,0,1,0,90,2018,Round 6,2018-04-28,9564
Adelaide,Mitch Mcgovern,4,10,10,71.4,1,0,2,1,0,0,0,6,410,1,2,0,84,2018,Round 6,2018-04-28,9564
Adelaide,Josh Jenkins,7,6,8,66.7,2,3,3,5,0,0,0,8,215,0,0,0,96,2018,Round 6,2018-04-28,9564
Adelaide,Taylor Walker,5,6,6,54.5,1,0,3,1,0,0,1,7,171,1,0,0,35,2018,Round 6,2018-04-28,9564
Adelaide,Andy Otten,2,7,8,88.9,0,0,0,6,0,0,0,1,66,1,3,0,91,2018,Round 6,2018-04-28,9564
Adelaide,Myles Poholke,3,5,4,50.0,0,0,0,1,0,0,0,0,116,4,1,0,80,2018,Round 6,2018-04-28,9564
Gold Coast,David Swallow,9,22,19,59.4,0,0,1,0,0,2,2,5,561,7,2,0,84,2018,Round 6,2018-04-28,9564
Gold Coast,Jarryd Lyons,9,17,17,68.0,0,0,0,1,0,0,3,4,249,6,2,1,75,2018,Round 6,2018-04-28,9564
Gold Coast,Lachlan Weller,9,15,16,64.0,0,0,0,0,0,0,5,3,384,6,5,0,89,2018,Round 6,2018-04-28,9564
Gold Coast,Michael Barlow,7,15,20,87.0,0,0,1,0,0,0,3,6,103,2,3,0,83,2018,Round 6,2018-04-28,9564
Gold Coast,Steven May,1,18,16,72.7,0,0,0,9,0,0,0,2,460,5,8,0,84,2018,Round 6,2018-04-28,9564
Gold Coast,Brayden Fiorini,7,15,17,77.3,0,0,0,0,0,3,1,0,327,6,2,0,85,2018,Round 6,2018-04-28,9564
Gold Coast,Touk Miller,9,11,13,65.0,0,1,1,0,0,2,3,6,323,3,4,1,76,2018,Round 6,2018-04-28,9564
Gold Coast,Matthew Rosa,6,10,12,70.6,0,0,0,2,0,0,1,3,208,3,3,0,83,2018,Round 6,2018-04-28,9564
Gold Coast,Jesse Joyce,5,15,15,88.2,0,0,0,5,0,1,0,0,228,3,7,0,83,2018,Round 6,2018-04-28,9564
Gold Coast,Jesse Lonergan,8,10,14,87.5,0,0,0,4,0,0,2,3,31,1,1,0,77,2018,Round 6,2018-04-28,9564
Gold Coast,Jack Bowes,8,6,9,60.0,1,1,0,2,0,1,2,2,250,7,2,1,77,2018,Round 6,2018-04-28,9564
Gold Coast,Jarrod Harbrow,5,8,12,92.3,1,0,0,2,2,0,0,3,289,1,5,0,88,2018,Round 6,2018-04-28,9564
Gold Coast,Aaron Young,9,4,7,53.8,0,2,0,1,0,1,1,4,345,4,4,3,80,2018,Round 6,2018-04-28,9564
Gold Coast,Jarrod Witts,8,4,6,50.0,0,0,0,4,0,1,3,2,135,2,2,1,81,2018,Round 6,2018-04-28,9564
Gold Coast,Alex Sexton,7,6,10,83.3,0,0,0,1,0,0,0,4,271,5,2,3,84,2018,Round 6,2018-04-28,9564
Gold Coast,Jack Martin,3,10,6,50.0,0,0,2,1,1,0,0,4,245,2,0,1,84,2018,Round 6,2018-04-28,9564
Gold Coast,Sam Day,6,5,6,54.5,0,1,0,0,0,1,2,3,285,4,1,1,87,2018,Round 6,2018-04-28,9564
Gold Coast,Thomas Lynch,6,7,9,90.0,0,2,1,3,0,0,0,3,212,6,1,0,93,2018,Round 6,2018-04-28,9564
Gold Coast,Ben Ainsworth,2,7,6,66.7,0,0,0,1,0,0,1,3,96,1,0,1,68,2018,Round 6,2018-04-28,9564
Gold Coast,Rory Thompson,5,4,5,62.5,1,0,0,9,0,0,0,1,88,2,7,0,81,2018,Round 6,2018-04-28,9564
Gold Coast,Nicholas Holman,5,3,3,37.5,0,0,0,1,0,0,0,2,189,1,1,1,77,2018,Round 6,2018-04-28,9564
Gold Coast,Max Spencer,2,7,5,71.4,0,0,0,9,0,0,1,2,66,2,2,0,83,2018,Round 6,2018-04-28,9564
Hawthorn,Tom Mitchell,15,30,30,66.7,0,0,0,1,0,2,8,6,508,11,1,1,91,2018,Round 6,2018-04-28,9563
Hawthorn,Ricky Henderson,9,18,21,72.4,1,1,0,0,0,0,1,4,320,9,6,0,78,2018,Round 6,2018-04-28,9563
Hawthorn,Harry Morrison,5,19,17,68.0,1,1,2,2,0,1,0,7,314,4,3,0,70,2018,Round 6,2018-04-28,9563
Hawthorn,Isaac Smith,7,17,22,91.7,0,2,1,3,2,0,0,10,446,0,3,0,80,2018,Round 6,2018-04-28,9563
Hawthorn,Blake Hardwick,3,20,20,87.0,0,0,0,2,0,0,0,6,240,3,5,0,86,2018,Round 6,2018-04-28,9563
Hawthorn,Ben Mcevoy,12,11,16,72.7,2,1,0,5,0,0,2,4,181,3,4,0,68,2018,Round 6,2018-04-28,9563
Hawthorn,Taylor Duryea,7,15,20,95.2,1,1,0,2,0,0,0,6,169,3,9,0,89,2018,Round 6,2018-04-28,9563
Hawthorn,Jaeger O Meara,5,14,18,85.7,0,1,0,1,0,0,3,9,193,1,2,1,81,2018,Round 6,2018-04-28,9563
Hawthorn,Daniel Howe,7,15,17,85.0,1,0,0,1,0,1,1,6,375,4,3,0,89,2018,Round 6,2018-04-28,9563
Hawthorn,Jarryd Roughead,13,7,12,66.7,1,1,0,3,0,2,0,7,118,4,3,3,82,2018,Round 6,2018-04-28,9563
Hawthorn,Ryan Burton,6,13,14,77.8,0,0,0,4,0,0,1,2,187,2,4,0,84,2018,Round 6,2018-04-28,9563
Hawthorn,Shaun Burgoyne,5,12,13,81.2,0,0,1,3,0,0,0,4,194,3,5,0,77,2018,Round 6,2018-04-28,9563
Hawthorn,Luke Breust,8,10,10,62.5,0,1,4,0,0,0,0,9,156,6,2,1,86,2018,Round 6,2018-04-28,9563
Hawthorn,Jack Gunston,4,14,11,68.8,0,1,2,1,0,0,0,9,336,5,1,1,86,2018,Round 6,2018-04-28,9563
Hawthorn,William Langford,8,5,11,73.3,0,0,0,1,0,1,0,3,283,5,3,2,77,2018,Round 6,2018-04-28,9563
Hawthorn,David Mirra,6,10,13,86.7,1,0,0,4,0,0,2,5,357,3,5,0,76,2018,Round 6,2018-04-28,9563
Hawthorn,James Cousins,2,12,12,85.7,0,0,0,0,0,0,1,4,254,2,1,0,75,2018,Round 6,2018-04-28,9563
Hawthorn,James Worpel,5,8,11,84.6,1,0,1,1,0,0,1,5,124,1,1,1,71,2018,Round 6,2018-04-28,9563
Hawthorn,James Frawley,1,11,12,100.0,0,0,0,7,0,0,0,3,346,1,2,0,97,2018,Round 6,2018-04-28,9563
Hawthorn,Tim O Brien,6,5,7,58.3,1,1,3,4,0,1,0,4,218,1,4,1,77,2018,Round 6,2018-04-28,9563
Hawthorn,Benjamin Stratton,3,9,9,81.8,0,0,0,4,0,0,0,2,-25,2,3,0,97,2018,Round 6,2018-04-28,9563
Hawthorn,Jarman Impey,4,8,10,90.9,0,0,0,2,0,1,0,7,79,3,2,1,83,2018,Round 6,2018-04-28,9563
St Kilda,Jack Steven,12,15,23,79.3,0,1,0,1,0,3,3,3,320,5,4,1,84,2018,Round 6,2018-04-28,9563
St Kilda,Jimmy Webster,4,21,23,92.0,0,0,0,3,0,0,0,5,338,4,5,0,79,2018,Round 6,2018-04-28,9563
St Kilda,Shane Savage,3,20,20,87.0,1,0,0,2,0,0,0,6,440,7,3,0,85,2018,Round 6,2018-04-28,9563
St Kilda,Jarryn Geary,9,13,16,76.2,0,0,0,4,0,1,0,3,164,3,6,1,83,2018,Round 6,2018-04-28,9563
St Kilda,Sebastian Ross,6,15,15,71.4,1,0,1,1,2,0,1,7,411,4,2,0,86,2018,Round 6,2018-04-28,9563
St Kilda,Jake Carlisle,10,8,16,80.0,2,0,0,2,0,0,0,3,200,5,13,0,92,2018,Round 6,2018-04-28,9563
St Kilda,Sam Gilbert,8,12,12,63.2,2,0,1,1,0,0,1,4,259,3,6,0,84,2018,Round 6,2018-04-28,9563
St Kilda,Luke Dunstan,9,12,9,47.4,0,0,0,0,0,0,2,4,272,5,3,0,78,2018,Round 6,2018-04-28,9563
St Kilda,Blake Acres,10,9,16,84.2,0,0,0,2,0,0,1,5,238,4,6,1,71,2018,Round 6,2018-04-28,9563
St Kilda,Jack Newnes,8,12,15,83.3,0,2,0,5,0,1,3,5,312,2,2,0,81,2018,Round 6,2018-04-28,9563
St Kilda,Jack Steele,8,10,15,83.3,1,0,1,1,0,0,2,5,182,3,5,0,77,2018,Round 6,2018-04-28,9563
St Kilda,Jack Billings,7,10,6,40.0,1,0,1,1,0,0,0,7,273,4,1,0,81,2018,Round 6,2018-04-28,9563
St Kilda,Brandon White,2,12,10,71.4,0,0,0,2,0,0,0,6,112,2,2,1,75,2018,Round 6,2018-04-28,9563
St Kilda,Nathan Brown,5,7,11,84.6,0,0,0,6,0,0,0,2,59,0,7,0,97,2018,Round 6,2018-04-28,9563
St Kilda,Maverick Weller,4,8,6,50.0,0,0,2,2,0,0,0,2,169,2,2,1,79,2018,Round 6,2018-04-28,9563
St Kilda,Jack Sinclair,6,6,8,66.7,0,0,1,0,3,0,0,2,196,4,0,0,69,2018,Round 6,2018-04-28,9563
St Kilda,Jade Gresham,4,8,7,58.3,0,1,1,0,0,1,1,6,216,4,0,1,91,2018,Round 6,2018-04-28,9563
St Kilda,Ben Long,8,5,9,75.0,0,0,1,2,0,1,0,5,146,3,4,0,84,2018,Round 6,2018-04-28,9563
St Kilda,Paddy Mccartin,6,6,8,72.7,3,0,1,1,0,0,0,6,227,3,1,0,84,2018,Round 6,2018-04-28,9563
St Kilda,Tom Hickey,7,5,7,70.0,2,0,1,6,0,3,1,4,190,3,1,0,86,2018,Round 6,2018-04-28,9563
St Kilda,Tim Membrey,4,5,5,55.6,1,1,2,2,0,0,0,5,195,1,1,2,88,2018,Round 6,2018-04-28,9563
St Kilda,Nicholas Coffield,2,6,7,100.0,0,0,0,2,0,0,0,0,131,1,2,0,66,2018,Round 6,2018-04-28,9563
Essendon,Zachary Merrett,9,18,22,75.9,0,0,0,0,0,0,2,5,379,6,8,0,73,2018,Round 6,2018-04-29,9565
Essendon,David Zaharakis,6,23,26,92.9,0,2,1,1,0,0,1,13,418,1,2,2,90,2018,Round 6,2018-04-29,9565
Essendon,Michael Hurley,6,19,17,65.4,2,0,0,3,2,0,0,4,367,5,7,0,85,2018,Round 6,2018-04-29,9565
Essendon,Andrew Mcgrath,3,19,18,69.2,0,0,1,1,2,0,1,5,255,5,3,0,84,2018,Round 6,2018-04-29,9565
Essendon,Brendon Goddard,8,16,18,75.0,0,1,1,2,0,0,2,5,20,3,4,1,84,2018,Round 6,2018-04-29,9565
Essendon,Devon Smith,9,12,17,77.3,0,1,1,2,4,0,4,9,360,0,1,3,80,2018,Round 6,2018-04-29,9565
Essendon,Jayden Laverde,4,17,15,71.4,0,1,2,0,0,0,0,8,282,3,0,0,75,2018,Round 6,2018-04-29,9565
Essendon,Cale Hooker,6,13,15,75.0,1,0,0,3,1,0,0,1,141,3,6,0,91,2018,Round 6,2018-04-29,9565
Essendon,Darcy Parish,10,13,17,85.0,0,0,0,0,0,2,1,4,312,1,3,1,81,2018,Round 6,2018-04-29,9565
Essendon,Kobe Mutch,5,15,15,75.0,1,1,0,0,0,0,0,3,314,3,3,1,72,2018,Round 6,2018-04-29,9565
Essendon,Matthew Leuenberger,12,6,11,57.9,0,0,0,5,0,0,3,6,150,4,3,0,77,2018,Round 6,2018-04-29,9565
Essendon,Matt Guelfi,9,9,10,52.6,0,0,1,2,0,0,3,4,228,4,4,0,79,2018,Round 6,2018-04-29,9565
Essendon,Dyson Heppell,9,11,14,77.8,0,0,0,2,0,0,4,7,372,5,1,1,79,2018,Round 6,2018-04-29,9565
Essendon,Ben Mcniece,6,10,14,87.5,0,0,0,5,0,0,2,5,166,0,6,0,80,2018,Round 6,2018-04-29,9565
Essendon,Patrick Ambrose,8,7,11,73.3,0,0,0,10,0,0,0,4,80,3,7,0,82,2018,Round 6,2018-04-29,9565
Essendon,James Stewart,7,8,6,42.9,0,0,0,1,0,0,0,3,232,5,1,1,84,2018,Round 6,2018-04-29,9565
Essendon,Adam Saad,2,10,12,85.7,0,1,0,1,1,1,0,3,290,2,3,0,82,2018,Round 6,2018-04-29,9565
Essendon,Anthony Mcdonald Tipungwuti,4,8,8,61.5,0,0,1,0,0,1,1,6,245,2,0,1,78,2018,Round 6,2018-04-29,9565
Essendon,Joe Daniher,5,6,5,45.5,1,0,1,2,0,0,0,5,244,5,0,1,97,2018,Round 6,2018-04-29,9565
Essendon,Mark Baguley,5,5,9,100.0,2,0,0,3,0,0,0,0,104,3,4,0,88,2018,Round 6,2018-04-29,9565
Essendon,Jake Stringer,6,5,5,55.6,3,0,5,1,0,0,0,8,280,1,1,1,81,2018,Round 6,2018-04-29,9565
Essendon,Jackson Merrett,4,3,8,100.0,0,1,0,1,0,0,0,3,30,1,2,0,80,2018,Round 6,2018-04-29,9565
Melbourne,Christian Salem,9,13,17,63.0,0,0,0,1,1,1,1,4,385,9,7,0,83,2018,Round 6,2018-04-29,9565
Melbourne,Nathan Jones,13,11,16,66.7,0,0,0,0,0,5,4,9,460,5,1,1,88,2018,Round 6,2018-04-29,9565
Melbourne,Michael Hibberd,3,20,18,75.0,1,0,0,2,0,0,0,1,584,6,5,0,87,2018,Round 6,2018-04-29,9565
Melbourne,James Harmes,11,15,15,65.2,0,0,2,0,0,0,0,6,247,4,2,1,77,2018,Round 6,2018-04-29,9565
Melbourne,Angus Brayshaw,12,9,15,71.4,0,0,1,0,0,5,1,8,311,4,3,0,78,2018,Round 6,2018-04-29,9565
Melbourne,Jordan Lewis,4,16,15,78.9,0,0,0,4,0,0,3,5,328,4,1,0,87,2018,Round 6,2018-04-29,9565
Melbourne,Dom Tyson,6,13,14,73.7,0,0,1,0,0,0,3,9,293,1,3,0,72,2018,Round 6,2018-04-29,9565
Melbourne,Clayton Oliver,13,7,11,57.9,0,0,0,2,0,1,4,3,254,3,1,4,83,2018,Round 6,2018-04-29,9565
Melbourne,Charlie Spargo,9,9,16,88.9,0,0,1,0,0,1,0,5,92,1,1,1,74,2018,Round 6,2018-04-29,9565
Melbourne,Mitchell Hannan,8,10,14,77.8,1,2,2,1,0,0,1,9,255,3,1,2,86,2018,Round 6,2018-04-29,9565
Melbourne,Neville Jetta,9,7,15,93.8,1,0,0,3,0,0,0,4,28,1,12,0,84,2018,Round 6,2018-04-29,9565
Melbourne,Max Gawn,9,6,9,56.2,2,0,2,4,0,0,4,9,236,5,1,1,84,2018,Round 6,2018-04-29,9565
Melbourne,Tom Mcdonald,10,6,13,81.2,0,0,1,3,0,1,0,6,235,3,6,0,69,2018,Round 6,2018-04-29,9565
Melbourne,Jake Melksham,7,6,9,64.3,1,3,3,0,0,0,0,6,370,5,0,1,85,2018,Round 6,2018-04-29,9565
Melbourne,Bayley Fritsch,5,9,12,85.7,3,1,3,3,0,0,0,6,435,1,2,0,83,2018,Round 6,2018-04-29,9565
Melbourne,Bernie Vince,4,9,12,92.3,0,0,0,2,1,0,1,1,156,0,2,0,75,2018,Round 6,2018-04-29,9565
Melbourne,Jake Lever,3,10,8,61.5,1,0,0,2,0,0,0,3,269,4,7,0,91,2018,Round 6,2018-04-29,9565
Melbourne,Jayden Hunt,4,8,9,81.8,2,0,0,4,0,1,0,1,385,6,2,0,81,2018,Round 6,2018-04-29,9565
Melbourne,Oscar Mcdonald,4,5,8,88.9,1,0,0,7,0,0,0,1,84,0,5,0,100,2018,Round 6,2018-04-29,9565
Melbourne,Sam Weideman,6,3,6,66.7,2,0,0,1,0,1,0,4,121,2,1,1,81,2018,Round 6,2018-04-29,9565
Melbourne,Jesse Hogan,0,8,4,50.0,0,0,3,1,0,0,0,4,137,1,0,1,71,2018,Round 6,2018-04-29,9565
Melbourne,Alex Neal Bullen,4,4,6,75.0,0,2,0,0,0,0,0,5,79,1,2,1,83,2018,Round 6,2018-04-29,9565
Fremantle,Lachie Neale,15,21,29,82.9,3,2,0,1,0,1,1,6,264,3,3,3,82,2018,Round 6,2018-04-29,9567
Fremantle,Connor Blakely,7,25,24,77.4,0,0,0,6,0,0,4,3,345,1,4,0,82,2018,Round 6,2018-04-29,9567
Fremantle,Nathan Fyfe,13,16,21,77.8,0,2,1,4,1,2,3,10,377,2,3,1,92,2018,Round 6,2018-04-29,9567
Fremantle,Ed Langdon,9,17,20,76.9,2,0,4,0,0,0,2,7,400,4,7,0,81,2018,Round 6,2018-04-29,9567
Fremantle,David Mundy,13,12,16,69.6,1,0,1,2,0,3,4,3,219,4,3,2,83,2018,Round 6,2018-04-29,9567
Fremantle,Stephen Hill,6,11,12,63.2,0,0,1,2,0,1,0,3,318,4,2,1,83,2018,Round 6,2018-04-29,9567
Fremantle,Michael Johnson,7,10,12,66.7,1,1,0,5,0,0,0,2,212,5,6,0,92,2018,Round 6,2018-04-29,9567
Fremantle,Luke Ryan,2,16,13,72.2,1,0,0,5,1,0,0,0,467,7,5,0,83,2018,Round 6,2018-04-29,9567
Fremantle,Brandon Matera,2,16,13,76.5,0,0,0,0,1,0,0,2,334,3,1,1,83,2018,Round 6,2018-04-29,9567
Fremantle,Darcy Tucker,7,11,15,88.2,0,0,0,3,0,0,2,4,208,3,2,1,84,2018,Round 6,2018-04-29,9567
Fremantle,Nathan Wilson,3,11,13,86.7,1,0,2,1,1,0,0,4,473,3,5,0,88,2018,Round 6,2018-04-29,9567
Fremantle,Alex Pearce,8,6,9,64.3,0,0,0,6,0,0,0,2,147,1,8,0,96,2018,Round 6,2018-04-29,9567
Fremantle,Andrew Brayshaw,3,11,12,85.7,0,0,0,3,0,0,0,1,204,4,1,0,62,2018,Round 6,2018-04-29,9567
Fremantle,Bailey Banfield,10,7,11,78.6,0,1,0,1,0,0,1,2,208,3,3,0,88,2018,Round 6,2018-04-29,9567
Fremantle,Taylin Duman,4,9,9,75.0,0,0,0,2,0,0,0,2,137,4,4,0,68,2018,Round 6,2018-04-29,9567
Fremantle,Adam Cerra,5,6,9,81.8,1,1,0,0,0,0,2,2,225,4,1,0,84,2018,Round 6,2018-04-29,9567
Fremantle,Mitchell Crowden,6,7,10,90.9,0,0,1,2,0,0,2,4,169,3,2,0,89,2018,Round 6,2018-04-29,9567
Fremantle,Aaron Sandilands,5,6,7,70.0,1,0,1,6,0,1,2,3,171,2,0,1,80,2018,Round 6,2018-04-29,9567
Fremantle,Joel Hamling,2,8,9,100.0,0,0,0,9,0,0,0,3,105,2,6,0,95,2018,Round 6,2018-04-29,9567
Fremantle,Cameron Mccarthy,6,3,5,71.4,2,2,3,2,0,0,0,6,208,3,1,1,91,2018,Round 6,2018-04-29,9567
Fremantle,Hayden Ballantyne,2,5,5,83.3,0,0,0,1,0,0,0,3,135,1,1,1,85,2018,Round 6,2018-04-29,9567
Fremantle,Michael Walters,2,0,2,100.0,0,0,0,0,0,0,0,2,33,0,0,0,20,2018,Round 6,2018-04-29,9567
West Coast,Jack Redden,16,18,23,67.6,1,2,1,2,0,2,5,7,382,4,4,0,88,2018,Round 6,2018-04-29,9567
West Coast,Andrew Gaff,8,22,23,71.9,0,2,1,0,0,2,4,9,414,5,3,0,88,2018,Round 6,2018-04-29,9567
West Coast,Shannon Hurn,8,22,26,83.9,1,1,0,4,0,1,0,7,459,4,8,0,90,2018,Round 6,2018-04-29,9567
West Coast,Luke Shuey,13,13,20,74.1,0,0,0,0,3,1,6,5,444,6,4,0,88,2018,Round 6,2018-04-29,9567
West Coast,Dominic Sheed,9,14,14,60.9,0,0,0,0,2,5,1,8,463,6,2,0,88,2018,Round 6,2018-04-29,9567
West Coast,Jeremy Mcgovern,9,10,15,78.9,4,0,0,5,0,0,1,4,318,2,11,0,85,2018,Round 6,2018-04-29,9567
West Coast,Elliot Yeo,9,10,11,57.9,0,1,0,3,0,1,4,7,265,6,2,0,91,2018,Round 6,2018-04-29,9567
West Coast,Jack Darling,11,8,13,72.2,3,0,3,3,0,0,1,6,314,6,2,2,93,2018,Round 6,2018-04-29,9567
West Coast,Scott Lycett,10,8,13,72.2,0,1,0,4,0,3,1,5,65,2,1,1,64,2018,Round 6,2018-04-29,9567
West Coast,Liam Duggan,5,14,16,88.9,0,1,0,3,0,0,1,6,372,2,4,0,88,2018,Round 6,2018-04-29,9567
West Coast,Chris Masten,4,13,16,94.1,0,1,0,0,0,1,0,5,227,2,4,0,86,2018,Round 6,2018-04-29,9567
West Coast,Mark Lecras,8,7,7,43.8,0,0,0,1,0,0,1,8,470,1,2,1,89,2018,Round 6,2018-04-29,9567
West Coast,Jamie Cripps,4,11,10,66.7,0,1,1,0,0,1,1,6,231,1,1,3,86,2018,Round 6,2018-04-29,9567
West Coast,Jake Waterman,4,10,13,92.9,0,0,1,1,0,0,0,7,237,1,0,3,72,2018,Round 6,2018-04-29,9567
West Coast,Lewis Jetta,2,10,11,91.7,1,0,0,1,0,0,0,3,173,4,1,0,66,2018,Round 6,2018-04-29,9567
West Coast,Tom Cole,6,7,8,66.7,0,0,0,2,0,0,0,2,184,3,8,0,87,2018,Round 6,2018-04-29,9567
West Coast,Bradley Sheppard,1,10,8,72.7,0,0,0,2,0,0,0,1,162,3,2,0,91,2018,Round 6,2018-04-29,9567
West Coast,Willie Rioli,3,6,6,66.7,0,1,0,0,0,0,0,5,143,2,1,2,69,2018,Round 6,2018-04-29,9567
West Coast,Nicholas Naitanui,5,3,4,50.0,0,0,0,6,0,0,1,2,204,2,2,0,61,2018,Round 6,2018-04-29,9567
West Coast,Joshua Kennedy,3,5,6,85.7,0,0,4,2,0,0,0,6,156,3,0,0,80,2018,Round 6,2018-04-29,9567
West Coast,Tom Barrass,4,4,7,100.0,1,0,0,4,0,0,0,2,82,1,4,0,84,2018,Round 6,2018-04-29,9567
West Coast,Jack Petruccelle,3,1,3,75.0,0,0,0,0,2,0,0,1,60,2,2,0,65,2018,Round 6,2018-04-29,9567
Collingwood,Adam Treloar,10,32,34,81.0,0,0,0,1,1,1,1,5,532,6,6,2,82,2018,Round 6,2018-04-29,9566
Collingwood,Tom Phillips,11,28,26,68.4,1,2,0,1,0,0,1,6,409,7,5,1,89,2018,Round 6,2018-04-29,9566
Collingwood,Jeremy Howe,8,20,23,76.7,1,0,0,5,2,0,0,7,545,7,12,0,90,2018,Round 6,2018-04-29,9566
Collingwood,Scott Pendlebury,9,22,24,82.8,0,2,0,3,0,1,2,7,452,3,3,1,80,2018,Round 6,2018-04-29,9566
Collingwood,Steele Sidebottom,7,19,16,64.0,0,0,1,2,0,2,1,6,326,6,2,0,88,2018,Round 6,2018-04-29,9566
Collingwood,Matthew Scharenberg,4,19,20,80.0,0,0,0,4,0,0,0,4,375,4,6,0,92,2018,Round 6,2018-04-29,9566
Collingwood,Brodie Grundy,8,15,21,87.5,0,0,0,5,0,2,2,2,133,4,3,0,89,2018,Round 6,2018-04-29,9566
Collingwood,Jack Crisp,8,15,14,63.6,0,1,0,3,0,0,2,3,292,5,4,0,89,2018,Round 6,2018-04-29,9566
Collingwood,Jarryd Blair,5,15,15,75.0,0,0,0,1,0,0,1,6,118,2,4,0,74,2018,Round 6,2018-04-29,9566
Collingwood,Samuel Murray,6,14,12,63.2,0,0,0,1,0,0,0,4,362,7,7,0,87,2018,Round 6,2018-04-29,9566
Collingwood,Callum Brown,6,13,13,72.2,1,2,1,0,0,0,1,6,273,4,1,1,85,2018,Round 6,2018-04-29,9566
Collingwood,Will Hoskin Elliott,2,15,16,94.1,0,0,3,2,0,0,1,6,227,1,0,1,89,2018,Round 6,2018-04-29,9566
Collingwood,Lynden Dunn,9,5,14,87.5,0,0,0,7,1,0,1,3,231,4,7,0,94,2018,Round 6,2018-04-29,9566
Collingwood,Josh Thomas,7,9,12,75.0,1,0,0,0,0,2,0,6,211,2,2,1,80,2018,Round 6,2018-04-29,9566
Collingwood,Brayden Maynard,7,9,11,68.8,0,0,0,1,0,0,0,3,254,5,6,0,67,2018,Round 6,2018-04-29,9566
Collingwood,James Aish,5,8,6,46.2,0,0,0,0,0,1,1,3,138,2,0,0,43,2018,Round 6,2018-04-29,9566
Collingwood,Jaidyn Stephenson,2,14,9,69.2,0,0,1,1,1,0,0,4,255,4,2,2,78,2018,Round 6,2018-04-29,9566
Collingwood,Ben Reid,5,7,6,54.5,1,1,2,0,1,0,0,7,390,6,0,0,81,2018,Round 6,2018-04-29,9566
Collingwood,Christopher Mayne,4,8,9,81.8,0,0,0,1,0,0,0,4,102,1,0,0,84,2018,Round 6,2018-04-29,9566
Collingwood,Mason Cox,7,3,6,60.0,4,0,4,5,0,0,0,4,144,2,0,0,73,2018,Round 6,2018-04-29,9566
Collingwood,Jordan De Goey,5,4,8,88.9,0,0,0,0,0,1,0,1,114,1,2,1,84,2018,Round 6,2018-04-29,9566
Collingwood,Flynn Appleby,5,3,7,87.5,0,0,0,9,0,0,1,3,93,1,4,0,80,2018,Round 6,2018-04-29,9566
Richmond,Trent Cotchin,18,11,17,58.6,0,1,0,1,0,2,2,5,405,6,9,0,75,2018,Round 6,2018-04-29,9566
Richmond,Dustin Martin,14,16,16,55.2,0,0,0,2,1,8,2,11,605,6,1,0,82,2018,Round 6,2018-04-29,9566
Richmond,Toby Nankervis,14,12,19,65.5,2,1,1,7,0,2,2,8,456,3,9,1,83,2018,Round 6,2018-04-29,9566
Richmond,Dion Prestia,14,11,14,56.0,1,1,0,1,0,2,2,5,271,8,5,0,76,2018,Round 6,2018-04-29,9566
Richmond,Kane Lambert,5,21,14,58.3,0,0,1,3,0,0,1,3,359,5,0,0,84,2018,Round 6,2018-04-29,9566
Richmond,Bachar Houli,6,17,14,66.7,0,0,0,1,0,0,1,5,378,1,4,0,76,2018,Round 6,2018-04-29,9566
Richmond,Josh Caddy,10,12,12,57.1,1,0,1,1,0,1,2,10,337,7,3,3,95,2018,Round 6,2018-04-29,9566
Richmond,Jack Riewoldt,10,10,11,55.0,3,1,5,1,1,0,0,8,432,7,1,1,100,2018,Round 6,2018-04-29,9566
Richmond,Jayden Short,6,12,17,85.0,0,1,0,0,3,0,1,8,508,6,8,0,68,2018,Round 6,2018-04-29,9566
Richmond,Shaun Grigg,8,10,8,47.1,0,0,0,1,0,1,0,2,395,4,1,0,81,2018,Round 6,2018-04-29,9566
Richmond,Shane Edwards,7,11,15,88.2,0,1,0,0,0,0,3,10,341,3,0,0,82,2018,Round 6,2018-04-29,9566
Richmond,Alex Rance,9,5,14,93.3,3,0,0,11,3,0,0,5,280,0,10,0,100,2018,Round 6,2018-04-29,9566
Richmond,Nick Vlastuin,4,12,11,73.3,0,0,0,2,0,0,0,1,356,5,5,0,83,2018,Round 6,2018-04-29,9566
Richmond,Daniel Butler,4,12,10,66.7,0,1,2,0,1,0,0,10,274,2,4,1,85,2018,Round 6,2018-04-29,9566
Richmond,Nathan Broad,8,7,14,93.3,1,0,0,4,0,0,0,4,235,1,10,0,84,2018,Round 6,2018-04-29,9566
Richmond,Jack Higgins,9,4,10,76.9,0,0,0,1,1,0,1,6,114,2,1,2,62,2018,Round 6,2018-04-29,9566
Richmond,Reece Conca,5,6,8,72.7,0,2,0,2,0,0,1,5,32,1,2,1,69,2018,Round 6,2018-04-29,9566
Richmond,Jack Graham,5,7,7,63.6,0,0,0,2,0,1,0,3,161,0,2,1,79,2018,Round 6,2018-04-29,9566
Richmond,Jason Castagna,3,7,5,50.0,1,1,1,1,0,0,0,5,235,3,0,1,79,2018,Round 6,2018-04-29,9566
Richmond,David Astbury,3,6,7,77.8,0,0,0,2,0,0,0,1,167,1,4,0,100,2018,Round 6,2018-04-29,9566
Richmond,Dylan Grimes,6,3,9,100.0,1,0,0,3,0,0,0,1,140,0,5,0,89,2018,Round 6,2018-04-29,9566
Richmond,Kamdyn Mcintosh,2,5,4,66.7,0,0,0,1,0,0,0,0,116,3,1,0,68,2018,Round 6,2018-04-29,9566
Geelong,Mitchell Duncan,16,20,23,69.7,0,1,2,3,0,0,8,4,605,6,4,0,75,2018,Round 7,2018-05-04,9568
Geelong,Tim Kelly,14,16,17,56.7,0,0,0,1,1,1,4,2,496,7,3,0,84,2018,Round 7,2018-05-04,9568
Geelong,Patrick Dangerfield,14,12,16,59.3,2,1,3,2,0,0,2,8,367,7,4,1,82,2018,Round 7,2018-05-04,9568
Geelong,Joel Selwood,12,15,19,76.0,0,0,1,5,0,2,2,4,248,4,2,0,77,2018,Round 7,2018-05-04,9568
Geelong,Thomas Stewart,2,20,20,83.3,1,0,1,1,0,0,0,4,331,4,4,0,90,2018,Round 7,2018-05-04,9568
Geelong,Mark Blicavs,10,13,18,78.3,2,0,0,6,0,0,0,3,262,4,10,0,100,2018,Round 7,2018-05-04,9568
Geelong,Zach Tuohy,2,17,18,81.8,0,0,0,3,1,0,1,4,416,4,4,0,86,2018,Round 7,2018-05-04,9568
Geelong,Jackson Thurlow,6,15,15,68.2,0,0,1,2,0,0,3,5,365,4,4,0,72,2018,Round 7,2018-05-04,9568
Geelong,Jordan Murdoch,10,9,18,90.0,1,0,1,3,0,0,1,7,359,2,7,0,77,2018,Round 7,2018-05-04,9568
Geelong,Scott Selwood,8,12,14,77.8,0,2,1,2,0,1,2,5,83,2,2,1,78,2018,Round 7,2018-05-04,9568
Geelong,Sam Menegola,10,8,14,77.8,1,0,0,0,0,0,3,5,277,3,2,1,83,2018,Round 7,2018-05-04,9568
Geelong,Jack Henry,7,10,14,77.8,3,0,0,3,0,0,0,3,364,0,10,0,84,2018,Round 7,2018-05-04,9568
Geelong,Rhys Stanley,8,10,12,70.6,1,2,0,2,0,3,0,3,148,3,8,0,79,2018,Round 7,2018-05-04,9568
Geelong,Jordan Cunico,4,13,11,64.7,0,2,0,1,0,0,0,4,465,6,2,1,84,2018,Round 7,2018-05-04,9568
Geelong,Zach Guthrie,7,9,9,52.9,0,0,0,0,0,0,0,3,175,4,6,0,76,2018,Round 7,2018-05-04,9568
Geelong,Tom Hawkins,8,6,11,73.3,3,1,3,0,0,0,0,9,256,4,1,1,87,2018,Round 7,2018-05-04,9568
Geelong,Jake Kolodjashnij,4,10,11,78.6,2,0,0,4,0,0,1,1,123,2,4,0,84,2018,Round 7,2018-05-04,9568
Geelong,Jed Bews,9,4,10,76.9,2,0,0,0,0,1,1,2,133,2,4,0,80,2018,Round 7,2018-05-04,9568
Geelong,Lachlan Fogarty,4,10,7,53.8,0,1,0,0,0,0,0,3,361,1,1,2,82,2018,Round 7,2018-05-04,9568
Geelong,Stewart Crameri,3,8,9,81.8,0,0,2,2,0,0,0,3,178,3,0,2,84,2018,Round 7,2018-05-04,9568
Geelong,Cory Gregson,3,10,10,90.9,2,1,1,1,0,0,0,3,224,4,1,1,80,2018,Round 7,2018-05-04,9568
Geelong,Esava Ratugolea,6,3,7,87.5,2,0,1,0,0,1,1,3,78,3,2,2,73,2018,Round 7,2018-05-04,9568
Greater Western Sydney,Dylan Shiel,7,21,19,59.4,0,1,0,2,0,2,3,6,772,6,3,0,69,2018,Round 7,2018-05-04,9568
Greater Western Sydney,Stephen Coniglio,10,16,9,32.1,0,0,0,1,0,1,2,5,308,9,2,0,84,2018,Round 7,2018-05-04,9568
Greater Western Sydney,Lachie Whitfield,8,15,13,54.2,0,0,0,2,0,0,1,2,428,8,4,0,88,2018,Round 7,2018-05-04,9568
Greater Western Sydney,Tim Taranto,11,10,11,52.4,1,0,0,0,0,2,4,4,382,7,4,2,86,2018,Round 7,2018-05-04,9568
Greater Western Sydney,Heath Shaw,8,10,9,45.0,1,0,0,7,0,0,2,0,374,9,7,1,95,2018,Round 7,2018-05-04,9568
Greater Western Sydney,Callan Ward,12,6,12,63.2,0,1,0,1,0,1,5,5,153,2,1,0,78,2018,Round 7,2018-05-04,9568
Greater Western Sydney,Nick Haynes,7,13,12,63.2,3,0,0,2,0,0,0,0,457,7,11,0,82,2018,Round 7,2018-05-04,9568
Greater Western Sydney,Jacob Hopper,11,5,14,82.4,0,1,0,0,0,2,4,3,61,1,2,0,75,2018,Round 7,2018-05-04,9568
Greater Western Sydney,Lachlan Keeffe,9,6,6,37.5,1,0,0,2,0,1,1,3,262,4,2,0,81,2018,Round 7,2018-05-04,9568
Greater Western Sydney,Jonathon Patton,8,8,11,68.8,1,0,0,2,0,2,1,2,181,3,1,0,83,2018,Round 7,2018-05-04,9568
Greater Western Sydney,Ryan Griffen,7,10,8,53.3,0,0,0,2,0,0,0,2,259,5,6,0,78,2018,Round 7,2018-05-04,9568
Greater Western Sydney,Jeremy Finlayson,1,11,11,73.3,1,0,1,2,0,0,0,4,331,2,1,0,74,2018,Round 7,2018-05-04,9568
Greater Western Sydney,Phil Davis,7,5,12,85.7,1,0,0,7,0,0,0,1,257,3,10,0,93,2018,Round 7,2018-05-04,9568
Greater Western Sydney,Matthew Deboer,8,5,7,50.0,0,0,0,2,0,1,1,1,161,2,1,0,83,2018,Round 7,2018-05-04,9568
Greater Western Sydney,Harrison Himmelberg,8,6,8,61.5,1,1,0,0,0,0,0,6,187,5,3,0,89,2018,Round 7,2018-05-04,9568
Greater Western Sydney,Samuel Reid,7,5,7,58.3,0,0,1,0,0,0,2,2,136,3,5,0,92,2018,Round 7,2018-05-04,9568
Greater Western Sydney,Daniel Lloyd,5,6,8,72.7,0,0,0,0,0,0,0,2,159,1,1,1,75,2018,Round 7,2018-05-04,9568
Greater Western Sydney,Adam Tomlinson,6,4,7,87.5,1,0,0,4,0,0,0,0,112,2,4,0,89,2018,Round 7,2018-05-04,9568
Greater Western Sydney,Dylan Buckley,6,2,5,71.4,1,0,0,2,0,0,0,2,19,1,3,2,71,2018,Round 7,2018-05-04,9568
Greater Western Sydney,Zac Giles Langdon,3,3,4,66.7,0,0,0,2,0,0,0,3,96,1,4,4,81,2018,Round 7,2018-05-04,9568
Greater Western Sydney,Aidan Corr,2,3,3,75.0,0,0,0,4,0,0,0,0,151,3,3,0,82,2018,Round 7,2018-05-04,9568
Greater Western Sydney,Nicholas Shipley,1,0,1,100.0,0,0,0,0,0,0,0,0,5,0,1,0,71,2018,Round 7,2018-05-04,9568
Western Bulldogs,Jackson Macrae,25,19,29,72.5,0,2,1,1,3,4,8,10,495,4,6,1,93,2018,Round 7,2018-05-05,9569
Western Bulldogs,Lachlan Hunter,14,20,23,67.6,0,0,2,0,4,2,2,9,591,6,9,0,88,2018,Round 7,2018-05-05,9569
Western Bulldogs,Toby Mclean,16,18,28,84.8,0,0,1,2,1,3,4,6,355,1,5,1,75,2018,Round 7,2018-05-05,9569
Western Bulldogs,Luke Dahlhaus,11,17,21,72.4,1,0,1,2,0,0,3,10,383,4,2,1,80,2018,Round 7,2018-05-05,9569
Western Bulldogs,Matthew Suckling,4,17,18,75.0,0,0,0,2,3,0,1,6,507,5,4,0,80,2018,Round 7,2018-05-05,9569
Western Bulldogs,Caleb Daniel,11,14,19,79.2,0,1,0,2,0,0,3,8,167,5,4,0,80,2018,Round 7,2018-05-05,9569
Western Bulldogs,Mitchell Wallis,11,11,13,61.9,0,0,0,2,0,0,4,4,184,4,1,0,79,2018,Round 7,2018-05-05,9569
Western Bulldogs,Bailey Williams,4,13,17,81.0,1,0,0,4,1,0,0,3,733,3,6,0,83,2018,Round 7,2018-05-05,9569
Western Bulldogs,Josh Dunkley,11,9,10,52.6,1,0,0,1,0,0,1,3,291,5,5,2,90,2018,Round 7,2018-05-05,9569
Western Bulldogs,Jason Johannisen,7,11,13,72.2,1,1,4,1,0,0,2,9,309,2,0,1,84,2018,Round 7,2018-05-05,9569
Western Bulldogs,Bailey Dale,7,12,12,66.7,0,0,1,4,0,0,4,4,187,4,0,1,70,2018,Round 7,2018-05-05,9569
Western Bulldogs,Patrick Lipinski,5,13,10,58.8,0,0,0,0,0,0,1,5,192,5,1,0,76,2018,Round 7,2018-05-05,9569
Western Bulldogs,Billy Gowers,10,6,10,62.5,0,1,0,1,0,0,1,6,125,4,0,0,80,2018,Round 7,2018-05-05,9569
Western Bulldogs,Thomas Boyd,7,8,8,53.3,1,1,0,6,0,1,2,4,297,4,1,0,89,2018,Round 7,2018-05-05,9569
Western Bulldogs,Aaron Naughton,6,4,10,83.3,3,0,0,8,0,0,0,0,166,2,9,0,92,2018,Round 7,2018-05-05,9569
Western Bulldogs,Lin Jong,6,5,9,81.8,1,1,1,3,0,1,3,5,163,2,0,1,70,2018,Round 7,2018-05-05,9569
Western Bulldogs,Mitch Honeychurch,4,9,8,72.7,0,0,1,0,0,0,1,4,104,5,2,1,78,2018,Round 7,2018-05-05,9569
Western Bulldogs,Ed Richards,2,9,7,63.6,0,0,0,4,1,0,0,1,255,2,3,0,78,2018,Round 7,2018-05-05,9569
Western Bulldogs,Hayden Crozier,0,10,8,80.0,0,0,0,4,0,0,0,1,106,1,1,0,80,2018,Round 7,2018-05-05,9569
Western Bulldogs,Zaine Cordy,5,5,7,70.0,3,0,0,4,0,0,0,1,120,2,4,0,92,2018,Round 7,2018-05-05,9569
Western Bulldogs,Lewis Young,5,6,5,50.0,1,0,0,14,0,0,0,1,204,2,7,0,95,2018,Round 7,2018-05-05,9569
Western Bulldogs,Timothy English,4,5,8,88.9,0,0,0,4,0,1,0,3,103,2,0,0,69,2018,Round 7,2018-05-05,9569
Gold Coast,Touk Miller,10,16,16,61.5,0,0,1,0,0,1,3,5,422,4,1,2,87,2018,Round 7,2018-05-05,9569
Gold Coast,Ben Ainsworth,13,14,15,57.7,0,2,1,1,0,1,2,8,273,6,2,0,79,2018,Round 7,2018-05-05,9569
Gold Coast,David Swallow,17,8,15,60.0,0,0,0,2,0,3,3,7,328,2,2,1,80,2018,Round 7,2018-05-05,9569
Gold Coast,Matthew Rosa,7,18,12,50.0,0,0,0,1,0,1,0,6,328,6,1,1,79,2018,Round 7,2018-05-05,9569
Gold Coast,Jack Martin,13,9,13,56.5,3,0,1,1,1,0,2,7,300,6,4,2,81,2018,Round 7,2018-05-05,9569
Gold Coast,Aaron Young,7,15,14,63.6,1,1,1,1,0,0,1,7,244,3,3,1,84,2018,Round 7,2018-05-05,9569
Gold Coast,Lachlan Weller,5,16,16,72.7,0,0,0,0,0,0,2,5,467,6,3,0,85,2018,Round 7,2018-05-05,9569
Gold Coast,Jarrod Witts,13,8,15,71.4,1,0,0,3,0,0,5,4,193,3,4,0,81,2018,Round 7,2018-05-05,9569
Gold Coast,Jack Bowes,7,10,17,81.0,1,0,0,3,0,0,0,3,445,4,8,0,85,2018,Round 7,2018-05-05,9569
Gold Coast,Jarrod Harbrow,3,15,17,85.0,0,1,0,4,1,0,0,4,370,2,5,0,89,2018,Round 7,2018-05-05,9569
Gold Coast,Callum Ah Chee,8,11,14,82.4,1,0,0,0,0,0,0,2,282,3,9,0,81,2018,Round 7,2018-05-05,9569
Gold Coast,Sam Day,8,8,12,75.0,1,0,1,1,0,0,0,6,225,1,1,1,80,2018,Round 7,2018-05-05,9569
Gold Coast,Nicholas Holman,12,5,5,35.7,0,0,0,3,0,0,2,2,164,5,4,1,76,2018,Round 7,2018-05-05,9569
Gold Coast,Bradley Scheer,6,7,11,78.6,0,0,1,3,0,0,1,4,189,2,2,0,76,2018,Round 7,2018-05-05,9569
Gold Coast,Rory Thompson,7,5,11,84.6,1,0,0,8,0,0,0,1,198,2,9,0,91,2018,Round 7,2018-05-05,9569
Gold Coast,Alex Sexton,2,11,10,76.9,0,1,0,1,0,0,0,5,292,2,0,0,78,2018,Round 7,2018-05-05,9569
Gold Coast,Brayden Crossley,9,6,8,61.5,0,0,0,2,0,1,1,3,186,1,1,1,86,2018,Round 7,2018-05-05,9569
Gold Coast,Michael Rischitelli,6,5,9,81.8,0,0,0,2,0,0,0,2,236,4,3,0,81,2018,Round 7,2018-05-05,9569
Gold Coast,Jarryd Lyons,6,6,6,54.5,0,0,0,1,0,2,0,4,136,2,1,0,65,2018,Round 7,2018-05-05,9569
Gold Coast,Jesse Joyce,3,8,8,72.7,0,0,0,2,0,0,0,2,141,3,6,0,83,2018,Round 7,2018-05-05,9569
Gold Coast,Max Spencer,1,5,8,100.0,0,0,0,8,0,0,0,1,151,2,4,0,93,2018,Round 7,2018-05-05,9569
Gold Coast,Charlie Ballard,1,6,5,71.4,0,0,0,1,0,0,0,2,165,1,1,0,82,2018,Round 7,2018-05-05,9569
Essendon,Dyson Heppell,10,18,19,67.9,0,0,0,1,0,2,2,4,409,7,3,2,89,2018,Round 7,2018-05-05,9570
Essendon,Brendon Goddard,2,25,25,92.6,0,0,0,1,2,0,0,4,281,4,3,0,85,2018,Round 7,2018-05-05,9570
Essendon,Michael Hurley,13,16,19,70.4,0,0,0,2,0,0,0,2,324,9,12,0,89,2018,Round 7,2018-05-05,9570
Essendon,Andrew Mcgrath,11,17,23,85.2,0,1,0,1,0,1,1,4,219,2,3,0,82,2018,Round 7,2018-05-05,9570
Essendon,David Zaharakis,8,18,22,88.0,0,1,0,3,0,1,4,4,238,2,1,1,85,2018,Round 7,2018-05-05,9570
Essendon,Cale Hooker,9,12,17,77.3,1,0,0,6,1,0,2,2,321,5,6,0,93,2018,Round 7,2018-05-05,9570
Essendon,Devon Smith,5,16,15,71.4,0,0,0,1,0,0,2,3,281,2,2,2,79,2018,Round 7,2018-05-05,9570
Essendon,Tom Bellchambers,12,8,12,60.0,6,0,1,3,0,0,3,6,269,6,5,0,83,2018,Round 7,2018-05-05,9570
Essendon,James Stewart,14,7,13,65.0,4,1,3,3,0,0,0,5,328,6,2,0,82,2018,Round 7,2018-05-05,9570
Essendon,David Myers,13,6,13,68.4,1,0,0,2,0,5,1,4,118,5,5,0,68,2018,Round 7,2018-05-05,9570
Essendon,Conor Mckenna,7,10,12,63.2,0,1,0,2,0,0,1,5,286,4,7,0,82,2018,Round 7,2018-05-05,9570
Essendon,Zachary Merrett,5,13,13,76.5,0,1,0,2,1,1,0,4,360,2,2,0,74,2018,Round 7,2018-05-05,9570
Essendon,Kobe Mutch,4,12,12,70.6,0,0,0,1,0,0,1,4,192,2,3,0,73,2018,Round 7,2018-05-05,9570
Essendon,Darcy Parish,6,9,11,73.3,0,0,0,0,0,1,0,4,130,1,1,0,76,2018,Round 7,2018-05-05,9570
Essendon,Adam Saad,4,11,11,78.6,0,1,0,3,1,0,0,1,190,5,5,0,83,2018,Round 7,2018-05-05,9570
Essendon,Mark Baguley,4,11,12,92.3,0,0,1,5,0,1,0,4,43,2,2,3,81,2018,Round 7,2018-05-05,9570
Essendon,Patrick Ambrose,3,9,9,75.0,0,1,0,4,0,0,1,4,228,1,2,1,93,2018,Round 7,2018-05-05,9570
Essendon,Jake Stringer,7,4,8,72.7,1,0,0,1,0,0,1,2,53,1,1,1,79,2018,Round 7,2018-05-05,9570
Essendon,Joe Daniher,5,6,8,72.7,1,0,2,4,0,0,2,2,280,4,0,0,96,2018,Round 7,2018-05-05,9570
Essendon,Ben Mcniece,3,9,9,81.8,1,0,0,5,0,0,0,2,182,0,3,0,78,2018,Round 7,2018-05-05,9570
Essendon,Jayden Laverde,3,5,4,57.1,1,1,1,0,0,0,0,3,109,2,0,3,72,2018,Round 7,2018-05-05,9570
Essendon,Anthony Mcdonald Tipungwuti,0,7,5,71.4,0,1,1,0,0,0,0,3,94,1,0,1,75,2018,Round 7,2018-05-05,9570
Hawthorn,Tom Mitchell,18,12,22,75.9,0,0,0,0,0,3,5,4,450,8,3,2,87,2018,Round 7,2018-05-05,9570
Hawthorn,James Sicily,8,22,24,82.8,3,0,0,4,0,0,1,6,606,8,8,0,94,2018,Round 7,2018-05-05,9570
Hawthorn,Taylor Duryea,6,16,20,90.9,0,0,0,1,0,1,0,6,221,2,7,0,82,2018,Round 7,2018-05-05,9570
Hawthorn,Jaeger O Meara,8,16,14,63.6,1,1,1,0,2,2,1,5,453,6,1,1,82,2018,Round 7,2018-05-05,9570
Hawthorn,Isaac Smith,2,17,15,75.0,0,1,0,0,1,0,1,6,440,3,0,1,87,2018,Round 7,2018-05-05,9570
Hawthorn,Shaun Burgoyne,5,12,16,88.9,1,0,0,1,1,0,1,7,199,1,7,0,79,2018,Round 7,2018-05-05,9570
Hawthorn,Blake Hardwick,6,12,17,94.4,1,0,0,5,0,1,0,5,153,1,9,1,88,2018,Round 7,2018-05-05,9570
Hawthorn,Jarryd Roughead,10,6,12,75.0,4,0,4,3,0,0,3,9,117,0,2,1,84,2018,Round 7,2018-05-05,9570
Hawthorn,Liam Shiels,3,12,12,75.0,0,0,1,2,2,1,3,4,432,1,0,2,82,2018,Round 7,2018-05-05,9570
Hawthorn,James Frawley,6,11,10,66.7,0,0,0,6,0,0,0,1,163,4,7,0,95,2018,Round 7,2018-05-05,9570
Hawthorn,Luke Breust,6,9,11,73.3,2,3,2,0,0,1,1,7,287,3,2,3,82,2018,Round 7,2018-05-05,9570
Hawthorn,Tim O Brien,11,5,9,60.0,0,0,0,3,0,1,0,1,157,6,2,1,74,2018,Round 7,2018-05-05,9570
Hawthorn,Ryan Burton,7,9,13,86.7,0,0,0,3,0,0,3,1,191,3,5,0,84,2018,Round 7,2018-05-05,9570
Hawthorn,Harry Morrison,4,11,11,73.3,0,1,0,2,1,0,0,5,254,3,2,0,76,2018,Round 7,2018-05-05,9570
Hawthorn,Brendan Whitecross,7,5,8,66.7,1,0,2,1,0,0,0,5,243,1,3,2,72,2018,Round 7,2018-05-05,9570
Hawthorn,Jack Gunston,7,6,9,75.0,0,0,1,2,0,0,0,5,105,1,5,1,89,2018,Round 7,2018-05-05,9570
Hawthorn,James Cousins,3,9,10,83.3,0,0,0,0,0,0,2,0,118,4,2,0,77,2018,Round 7,2018-05-05,9570
Hawthorn,Ben Mcevoy,5,6,7,63.6,1,0,1,6,0,1,1,4,118,2,0,0,83,2018,Round 7,2018-05-05,9570
Hawthorn,Daniel Howe,0,11,8,72.7,0,0,0,0,0,0,0,3,144,5,0,1,75,2018,Round 7,2018-05-05,9570
Hawthorn,Benjamin Stratton,6,4,7,77.8,0,0,0,2,0,0,1,1,13,1,5,0,74,2018,Round 7,2018-05-05,9570
Hawthorn,Jarman Impey,4,6,5,62.5,0,0,1,2,0,0,0,4,224,3,2,0,79,2018,Round 7,2018-05-05,9570
Hawthorn,James Worpel,3,3,4,66.7,0,0,0,1,0,0,0,2,73,2,1,2,73,2018,Round 7,2018-05-05,9570
West Coast,Andrew Gaff,8,26,29,82.9,0,0,0,0,1,0,3,7,329,6,3,0,91,2018,Round 7,2018-05-05,9571
West Coast,Jack Redden,11,23,21,65.6,0,1,1,1,0,4,4,6,479,7,1,0,86,2018,Round 7,2018-05-05,9571
West Coast,Mark Hutchings,15,12,13,48.1,0,0,0,1,0,1,6,6,299,3,3,4,87,2018,Round 7,2018-05-05,9571
West Coast,Elliot Yeo,17,10,19,73.1,0,1,0,2,0,1,7,4,442,2,3,1,87,2018,Round 7,2018-05-05,9571
West Coast,Shannon Hurn,5,15,20,90.9,1,2,0,2,1,0,0,8,359,3,9,0,89,2018,Round 7,2018-05-05,9571
West Coast,Tom Cole,9,14,17,81.0,0,0,0,4,0,0,0,6,26,2,9,0,85,2018,Round 7,2018-05-05,9571
West Coast,Chris Masten,4,17,13,68.4,0,1,0,1,0,0,0,5,345,5,1,0,93,2018,Round 7,2018-05-05,9571
West Coast,Liam Duggan,5,14,15,78.9,0,0,0,1,1,0,1,5,382,2,6,0,87,2018,Round 7,2018-05-05,9571
West Coast,Bradley Sheppard,5,10,13,72.2,2,0,0,3,0,0,0,1,343,6,8,0,91,2018,Round 7,2018-05-05,9571
West Coast,Jack Darling,14,5,8,44.4,6,0,4,5,0,0,1,12,400,5,1,1,98,2018,Round 7,2018-05-05,9571
West Coast,Mark Lecras,4,11,8,47.1,0,1,0,3,0,0,1,7,394,4,2,0,87,2018,Round 7,2018-05-05,9571
West Coast,Scott Lycett,11,5,13,81.2,1,0,0,0,1,1,6,3,236,4,1,3,82,2018,Round 7,2018-05-05,9571
West Coast,Willie Rioli,9,8,13,81.2,1,4,1,2,0,1,0,8,289,2,3,1,86,2018,Round 7,2018-05-05,9571
West Coast,Jamie Cripps,7,9,8,53.3,0,0,1,0,2,0,2,8,337,3,2,2,88,2018,Round 7,2018-05-05,9571
West Coast,Jackson Nelson,5,9,13,92.9,0,0,0,3,1,0,0,1,270,4,6,0,88,2018,Round 7,2018-05-05,9571
West Coast,Jeremy Mcgovern,8,6,12,92.3,1,0,0,6,3,0,0,2,154,1,8,0,79,2018,Round 7,2018-05-05,9571
West Coast,Nicholas Naitanui,11,1,8,72.7,2,0,0,1,0,4,1,5,64,0,1,0,65,2018,Round 7,2018-05-05,9571
West Coast,Jake Waterman,6,6,6,54.5,1,0,0,1,0,0,0,5,173,4,1,0,76,2018,Round 7,2018-05-05,9571
West Coast,Joshua Kennedy,5,4,6,66.7,0,0,2,1,0,0,0,6,244,3,2,1,86,2018,Round 7,2018-05-05,9571
West Coast,Jack Petruccelle,1,6,5,71.4,0,1,0,0,0,0,0,4,77,0,2,0,84,2018,Round 7,2018-05-05,9571
West Coast,Tom Barrass,0,5,5,83.3,0,0,0,5,0,0,0,1,64,0,2,0,85,2018,Round 7,2018-05-05,9571
West Coast,Luke Shuey,1,2,2,66.7,0,0,0,0,0,1,0,0,-25,1,1,0,2,2018,Round 7,2018-05-05,9571
Port Adelaide,Travis Boak,6,23,21,75.0,0,1,1,0,0,0,1,3,474,7,3,0,86,2018,Round 7,2018-05-05,9571
Port Adelaide,Robert Gray,10,19,24,85.7,0,1,0,2,1,4,0,4,143,2,4,0,92,2018,Round 7,2018-05-05,9571
Port Adelaide,Darcy Byrne Jones,4,23,21,80.8,0,0,0,2,2,0,1,2,277,4,3,0,78,2018,Round 7,2018-05-05,9571
Port Adelaide,Dan Houston,4,20,19,79.2,1,0,0,3,0,0,0,3,315,6,4,0,85,2018,Round 7,2018-05-05,9571
Port Adelaide,Steven Motlop,2,20,18,81.8,0,0,0,1,2,0,0,1,447,7,1,1,80,2018,Round 7,2018-05-05,9571
Port Adelaide,Oliver Wines,13,9,15,68.2,0,0,0,0,0,0,7,5,143,3,5,0,72,2018,Round 7,2018-05-05,9571
Port Adelaide,Jared Polec,10,12,14,66.7,0,1,0,2,1,2,2,4,371,6,5,0,78,2018,Round 7,2018-05-05,9571
Port Adelaide,Bradley Ebert,6,17,15,75.0,1,0,0,4,0,0,1,3,428,5,2,0,86,2018,Round 7,2018-05-05,9571
Port Adelaide,Jack Watts,5,15,17,85.0,0,0,1,3,0,1,0,7,194,2,3,0,80,2018,Round 7,2018-05-05,9571
Port Adelaide,Riley Bonner,5,18,15,75.0,0,0,0,3,0,0,0,3,379,6,4,0,86,2018,Round 7,2018-05-05,9571
Port Adelaide,Justin Westhoff,5,14,16,84.2,1,0,0,0,0,0,1,4,137,3,5,0,83,2018,Round 7,2018-05-05,9571
Port Adelaide,Thomas Jonas,6,10,15,88.2,1,0,0,12,0,0,0,1,131,2,9,0,96,2018,Round 7,2018-05-05,9571
Port Adelaide,Karl Amon,5,10,14,87.5,0,1,0,2,0,0,3,4,314,4,1,0,80,2018,Round 7,2018-05-05,9571
Port Adelaide,Charlie Dixon,9,5,5,35.7,4,0,6,0,0,0,1,8,295,4,0,0,97,2018,Round 7,2018-05-05,9571
Port Adelaide,Jack Hombsch,4,11,12,85.7,0,0,0,8,0,0,1,3,142,2,3,0,86,2018,Round 7,2018-05-05,9571
Port Adelaide,Dom Barry,6,8,12,85.7,0,1,0,1,0,1,0,5,214,1,2,0,75,2018,Round 7,2018-05-05,9571
Port Adelaide,Jasper Mcmillan Pittard,2,10,10,76.9,0,0,0,3,0,0,0,2,259,4,4,0,74,2018,Round 7,2018-05-05,9571
Port Adelaide,Dougal Howard,6,7,9,69.2,0,0,0,10,0,0,1,2,144,2,8,0,95,2018,Round 7,2018-05-05,9571
Port Adelaide,Patrick Ryder,7,3,6,66.7,1,1,0,5,0,3,1,2,111,1,1,0,59,2018,Round 7,2018-05-05,9571
Port Adelaide,Aidyn Johnson,4,6,9,100.0,0,1,1,1,0,0,0,6,152,1,2,1,80,2018,Round 7,2018-05-05,9571
Port Adelaide,Sam Gray,1,6,6,100.0,0,0,1,0,0,0,0,3,56,2,0,1,77,2018,Round 7,2018-05-05,9571
Port Adelaide,Jake Neade,1,3,5,100.0,1,0,0,0,0,0,0,0,36,1,0,0,75,2018,Round 7,2018-05-05,9571
Adelaide,Rory Laird,11,22,26,81.2,0,0,0,2,0,0,0,7,355,6,13,0,85,2018,Round 7,2018-05-05,9573
Adelaide,Matt Crouch,11,22,24,75.0,0,1,0,0,0,2,3,6,339,7,3,2,79,2018,Round 7,2018-05-05,9573
Adelaide,Richard Douglas,13,16,24,85.7,0,1,2,1,0,2,6,12,395,2,1,2,83,2018,Round 7,2018-05-05,9573
Adelaide,Cameron Ellis Yolmen,11,15,18,72.0,0,0,0,1,0,2,4,6,260,4,0,2,80,2018,Round 7,2018-05-05,9573
Adelaide,Paul Seedsman,6,18,17,73.9,1,1,0,0,1,1,2,5,615,5,2,0,80,2018,Round 7,2018-05-05,9573
Adelaide,Bryce Gibbs,4,17,15,71.4,0,0,1,0,0,0,1,5,268,5,3,1,80,2018,Round 7,2018-05-05,9573
Adelaide,Jake Kelly,5,16,18,85.7,0,0,0,3,0,0,0,7,249,2,6,0,85,2018,Round 7,2018-05-05,9573
Adelaide,David Mackay,4,14,16,84.2,0,0,0,1,2,0,1,7,398,1,4,0,82,2018,Round 7,2018-05-05,9573
Adelaide,Hugh Greenwood,14,6,12,63.2,1,1,0,1,0,2,4,7,277,2,3,0,80,2018,Round 7,2018-05-05,9573
Adelaide,Tom Lynch,7,12,13,72.2,1,0,1,1,0,0,0,7,198,3,0,0,87,2018,Round 7,2018-05-05,9573
Adelaide,Sam Jacobs,6,10,10,62.5,0,2,1,2,0,3,1,4,356,6,3,0,84,2018,Round 7,2018-05-05,9573
Adelaide,Rory Atkins,6,10,12,75.0,0,0,0,0,0,0,1,5,214,2,3,0,83,2018,Round 7,2018-05-05,9573
Adelaide,Mitch Mcgovern,5,11,9,56.2,3,0,5,2,0,0,0,9,345,2,0,0,79,2018,Round 7,2018-05-05,9573
Adelaide,Daniel Talia,8,7,14,93.3,0,0,0,4,0,0,0,2,182,3,10,0,90,2018,Round 7,2018-05-05,9573
Adelaide,Tom Doedee,5,8,12,92.3,0,2,0,4,0,0,0,5,194,1,5,0,89,2018,Round 7,2018-05-05,9573
Adelaide,Jordan Gallucci,4,9,8,66.7,0,1,0,1,0,0,0,5,181,2,1,2,86,2018,Round 7,2018-05-05,9573
Adelaide,Andy Otten,3,7,9,81.8,1,0,0,7,0,0,0,2,97,0,4,0,86,2018,Round 7,2018-05-05,9573
Adelaide,Luke Brown,4,6,10,90.9,0,0,0,2,0,0,0,4,115,0,4,0,88,2018,Round 7,2018-05-05,9573
Adelaide,Darcy Fogarty,4,8,5,45.5,1,2,2,1,1,0,0,5,172,1,1,2,80,2018,Round 7,2018-05-05,9573
Adelaide,Edward Betts,4,6,8,80.0,0,1,0,3,1,0,0,5,196,1,3,4,81,2018,Round 7,2018-05-05,9573
Adelaide,Josh Jenkins,4,6,6,60.0,2,1,5,0,0,0,1,8,187,2,0,2,91,2018,Round 7,2018-05-05,9573
Adelaide,Wayne Milera,2,7,7,100.0,0,0,0,0,0,0,0,3,74,2,1,0,41,2018,Round 7,2018-05-05,9573
Carlton,Kade Simpson,6,17,18,69.2,2,0,0,2,3,0,0,4,516,6,5,0,93,2018,Round 7,2018-05-05,9573
Carlton,Dale Thomas,4,20,19,73.1,0,0,0,4,0,0,0,5,459,5,5,0,80,2018,Round 7,2018-05-05,9573
Carlton,Edward Curnow,12,13,21,80.8,0,1,1,0,0,3,3,6,237,1,3,1,96,2018,Round 7,2018-05-05,9573
Carlton,Patrick Cripps,18,7,17,68.0,1,0,1,2,0,3,3,5,145,3,4,0,91,2018,Round 7,2018-05-05,9573
Carlton,Sam Kerridge,5,16,18,85.7,0,0,0,1,0,0,2,2,109,4,3,0,84,2018,Round 7,2018-05-05,9573
Carlton,Aaron Mullett,2,12,13,76.5,0,1,0,2,0,0,0,6,356,3,4,0,75,2018,Round 7,2018-05-05,9573
Carlton,Zac Fisher,6,11,12,70.6,0,1,0,0,1,2,2,1,179,2,1,0,78,2018,Round 7,2018-05-05,9573
Carlton,Matthew Wright,11,4,12,75.0,1,0,2,1,0,0,3,6,221,1,5,1,90,2018,Round 7,2018-05-05,9573
Carlton,Cameron O Shea,1,14,13,81.2,0,1,0,5,0,0,0,2,270,3,2,0,87,2018,Round 7,2018-05-05,9573
Carlton,Paddy Dow,5,9,9,60.0,0,1,0,0,1,2,3,3,212,5,0,0,71,2018,Round 7,2018-05-05,9573
Carlton,Lochie O Brien,5,11,9,60.0,0,0,0,0,0,0,0,5,109,5,5,0,83,2018,Round 7,2018-05-05,9573
Carlton,Sam Petrevski Seton,6,7,7,50.0,1,0,0,1,0,0,1,3,130,3,3,1,65,2018,Round 7,2018-05-05,9573
Carlton,Nicholas Graham,3,10,8,61.5,1,0,1,0,0,0,1,4,347,3,0,0,76,2018,Round 7,2018-05-05,9573
Carlton,Matthew Kreuzer,6,4,5,45.5,0,0,0,1,0,1,1,2,174,5,3,1,76,2018,Round 7,2018-05-05,9573
Carlton,Liam Jones,2,8,7,63.6,1,0,0,10,0,0,0,2,137,4,5,0,96,2018,Round 7,2018-05-05,9573
Carlton,Lachlan Plowman,1,9,9,81.8,0,0,0,4,0,0,0,2,102,2,2,0,78,2018,Round 7,2018-05-05,9573
Carlton,Matthew Kennedy 1,8,3,7,63.6,0,0,0,1,0,3,1,2,143,1,2,0,69,2018,Round 7,2018-05-05,9573
Carlton,Jarrod Garlett,4,6,6,60.0,1,0,1,0,0,1,1,1,145,4,2,1,83,2018,Round 7,2018-05-05,9573
Carlton,Sam Rowe,3,6,8,88.9,1,0,0,7,0,0,0,2,-1,0,3,0,94,2018,Round 7,2018-05-05,9573
Carlton,Harry Mckay,3,6,6,66.7,1,1,2,0,0,0,0,4,193,2,2,0,76,2018,Round 7,2018-05-05,9573
Carlton,Andrew Phillips 1,5,2,2,28.6,0,0,0,4,0,0,1,2,96,4,1,0,71,2018,Round 7,2018-05-05,9573
Carlton,Levi Casboult,3,3,4,66.7,1,0,1,4,0,0,0,3,27,4,0,1,88,2018,Round 7,2018-05-05,9573
Sydney,Josh P  Kennedy,18,13,20,64.5,0,1,0,2,0,5,4,6,436,6,4,0,81,2018,Round 7,2018-05-05,9572
Sydney,Kieran Jack,9,16,12,50.0,0,1,1,1,0,1,2,8,370,5,3,0,76,2018,Round 7,2018-05-05,9572
Sydney,Heath Grundy,2,18,20,90.9,1,0,0,3,0,0,0,2,401,1,11,0,85,2018,Round 7,2018-05-05,9572
Sydney,Jarrad Mcveigh,7,12,19,90.5,0,0,0,0,0,0,4,3,257,2,3,1,83,2018,Round 7,2018-05-05,9572
Sydney,Luke Parker,13,6,15,71.4,0,1,0,0,0,3,4,4,135,1,2,0,89,2018,Round 7,2018-05-05,9572
Sydney,Callum Sinclair,9,12,12,60.0,0,0,1,4,0,0,3,1,251,4,4,0,89,2018,Round 7,2018-05-05,9572
Sydney,Callum Mills,4,17,15,75.0,2,1,0,1,0,0,1,3,231,4,5,0,81,2018,Round 7,2018-05-05,9572
Sydney,Zak Jones,7,10,17,94.4,0,0,1,2,0,0,1,2,401,3,4,1,88,2018,Round 7,2018-05-05,9572
Sydney,George Hewett,10,7,13,72.2,0,1,0,3,0,2,1,2,313,5,3,1,80,2018,Round 7,2018-05-05,9572
Sydney,Isaac Heeney,7,11,12,66.7,0,2,1,2,1,1,2,6,297,4,2,1,89,2018,Round 7,2018-05-05,9572
Sydney,Jake Lloyd,3,12,13,76.5,0,0,1,2,0,0,0,2,192,3,5,0,92,2018,Round 7,2018-05-05,9572
Sydney,Harrison Marsh,3,11,11,68.8,0,0,0,1,0,0,1,0,279,5,4,0,63,2018,Round 7,2018-05-05,9572
Sydney,Ben Ronke,6,7,7,53.8,0,1,0,0,0,0,0,5,320,3,1,2,67,2018,Round 7,2018-05-05,9572
Sydney,Will Hayward,7,4,8,66.7,2,0,3,2,0,0,0,7,210,5,2,1,87,2018,Round 7,2018-05-05,9572
Sydney,Dane Rampe,1,10,7,63.6,0,0,0,6,0,0,0,0,244,5,4,0,97,2018,Round 7,2018-05-05,9572
Sydney,Tom Papley,4,7,8,72.7,0,0,1,3,1,1,0,3,243,2,1,0,78,2018,Round 7,2018-05-05,9572
Sydney,Gary Rohan,4,5,7,70.0,1,0,0,1,0,0,0,3,267,2,4,1,88,2018,Round 7,2018-05-05,9572
Sydney,Dean Towers,4,7,8,80.0,1,0,1,3,0,0,1,5,80,2,1,0,69,2018,Round 7,2018-05-05,9572
Sydney,Robbie Fox,3,7,6,60.0,0,0,1,0,0,0,0,2,112,4,1,2,69,2018,Round 7,2018-05-05,9572
Sydney,Harry Cunningham,3,6,5,55.6,0,0,0,1,0,0,2,2,102,4,1,0,86,2018,Round 7,2018-05-05,9572
Sydney,Oliver Florent,2,7,4,44.4,0,0,0,1,0,0,2,3,177,3,0,0,72,2018,Round 7,2018-05-05,9572
Sydney,Nick Smith 1,2,5,6,75.0,0,0,0,2,0,0,0,1,117,2,3,0,93,2018,Round 7,2018-05-05,9572
North Melbourne,Shaun Higgins,8,24,26,83.9,0,0,0,1,0,1,4,9,437,4,0,0,88,2018,Round 7,2018-05-05,9572
North Melbourne,Ben Jacobs,5,24,24,82.8,0,0,0,2,0,1,2,9,201,4,1,0,83,2018,Round 7,2018-05-05,9572
North Melbourne,Ben Cunnington,11,13,14,58.3,2,0,1,0,0,2,3,7,322,5,5,0,75,2018,Round 7,2018-05-05,9572
North Melbourne,Jed Anderson,11,12,17,70.8,0,0,0,3,0,1,2,5,180,2,2,1,72,2018,Round 7,2018-05-05,9572
North Melbourne,Trent Dumont,7,14,16,72.7,0,0,0,0,0,0,1,3,335,6,4,0,72,2018,Round 7,2018-05-05,9572
North Melbourne,Ryan Clarke,7,17,14,63.6,0,0,1,3,0,1,1,5,387,7,8,0,86,2018,Round 7,2018-05-05,9572
North Melbourne,Jack Ziebell,9,8,9,47.4,1,0,1,1,0,0,0,7,477,7,2,0,86,2018,Round 7,2018-05-05,9572
North Melbourne,Samuel Wright,4,13,13,68.4,0,0,0,1,0,0,0,3,211,3,5,0,79,2018,Round 7,2018-05-05,9572
North Melbourne,Billy Hartung,3,14,14,73.7,0,0,0,0,2,0,1,1,249,3,3,0,85,2018,Round 7,2018-05-05,9572
North Melbourne,Mason Wood,9,9,13,76.5,4,0,3,0,0,0,0,7,319,3,1,0,79,2018,Round 7,2018-05-05,9572
North Melbourne,Shaun Atley,6,10,11,68.8,1,0,0,2,0,0,0,4,183,2,2,1,83,2018,Round 7,2018-05-05,9572
North Melbourne,Jamie Macmillan,7,9,12,80.0,0,0,0,5,1,0,1,4,192,2,6,0,85,2018,Round 7,2018-05-05,9572
North Melbourne,Luke Mcdonald,6,9,10,66.7,0,0,0,0,0,0,1,6,199,3,3,0,74,2018,Round 7,2018-05-05,9572
North Melbourne,Robert Tarrant,3,10,12,92.3,0,1,0,4,0,0,0,2,219,5,4,0,97,2018,Round 7,2018-05-05,9572
North Melbourne,Scott Thompson 1,5,8,10,76.9,1,1,0,1,1,0,0,2,327,4,7,0,88,2018,Round 7,2018-05-05,9572
North Melbourne,Jy Simpkin,4,9,10,76.9,0,0,1,1,0,0,3,3,177,2,2,0,72,2018,Round 7,2018-05-05,9572
North Melbourne,Marley Williams,7,6,9,75.0,0,0,0,2,0,0,1,0,274,2,6,0,81,2018,Round 7,2018-05-05,9572
North Melbourne,Ben Brown,9,5,9,75.0,1,0,2,2,0,0,1,6,235,2,6,0,97,2018,Round 7,2018-05-05,9572
North Melbourne,Ed Vickers Willis,7,4,10,90.9,2,0,0,2,0,0,1,1,58,1,5,0,74,2018,Round 7,2018-05-05,9572
North Melbourne,Kayne Turner,5,5,8,88.9,0,1,2,1,0,0,0,6,-21,0,2,1,80,2018,Round 7,2018-05-05,9572
North Melbourne,Todd Goldstein,4,5,6,75.0,0,0,0,4,0,1,1,1,141,1,1,0,90,2018,Round 7,2018-05-05,9572
North Melbourne,Cameron Zurhaar,2,6,6,75.0,0,1,0,2,0,0,1,3,163,0,1,0,73,2018,Round 7,2018-05-05,9572
Richmond,Dustin Martin,4,22,17,65.4,0,2,0,2,5,1,2,11,389,4,1,0,78,2018,Round 7,2018-05-06,9574
Richmond,Kane Lambert,11,14,20,80.0,0,1,1,2,1,0,4,11,315,4,4,0,90,2018,Round 7,2018-05-06,9574
Richmond,Jack Graham,6,20,20,83.3,0,2,0,2,0,0,0,9,394,2,6,0,86,2018,Round 7,2018-05-06,9574
Richmond,Bachar Houli,3,18,17,77.3,0,0,0,1,1,0,0,7,425,4,2,0,81,2018,Round 7,2018-05-06,9574
Richmond,Josh Caddy,7,16,16,72.7,1,0,1,3,0,0,0,9,310,3,4,0,81,2018,Round 7,2018-05-06,9574
Richmond,Kamdyn Mcintosh,7,13,15,71.4,0,0,1,1,0,1,1,8,496,2,6,0,79,2018,Round 7,2018-05-06,9574
Richmond,Toby Nankervis,9,10,11,52.4,1,0,2,4,0,3,1,6,264,5,3,0,84,2018,Round 7,2018-05-06,9574
Richmond,Shane Edwards,7,12,16,80.0,0,1,0,2,1,1,2,6,272,3,3,1,78,2018,Round 7,2018-05-06,9574
Richmond,Alex Rance,9,10,16,80.0,1,0,0,7,0,0,0,4,188,3,16,0,95,2018,Round 7,2018-05-06,9574
Richmond,David Astbury,6,13,19,95.0,3,0,0,1,0,0,0,7,273,4,9,0,97,2018,Round 7,2018-05-06,9574
Richmond,Reece Conca,4,13,16,80.0,0,0,0,0,0,0,2,9,259,4,4,0,74,2018,Round 7,2018-05-06,9574
Richmond,Dion Prestia,3,15,13,68.4,0,0,0,0,1,0,1,6,283,3,0,0,50,2018,Round 7,2018-05-06,9574
Richmond,Sam Lloyd,5,13,14,77.8,0,1,0,2,1,0,1,5,502,3,2,0,78,2018,Round 7,2018-05-06,9574
Richmond,Nick Vlastuin,3,14,14,82.4,0,0,0,3,0,0,0,5,189,2,3,0,75,2018,Round 7,2018-05-06,9574
Richmond,Jayden Short,3,12,7,43.8,0,0,0,0,1,0,0,5,379,3,2,0,80,2018,Round 7,2018-05-06,9574
Richmond,Dylan Grimes,5,10,15,100.0,1,0,0,3,0,0,0,6,232,1,8,0,85,2018,Round 7,2018-05-06,9574
Richmond,Jacob Townsend,4,11,12,80.0,0,1,3,0,0,0,0,11,207,1,1,3,94,2018,Round 7,2018-05-06,9574
Richmond,Jack Riewoldt,6,9,8,61.5,0,1,5,2,0,0,0,8,247,4,4,3,97,2018,Round 7,2018-05-06,9574
Richmond,Jason Castagna,7,6,9,69.2,1,0,3,0,1,0,0,6,172,2,0,2,81,2018,Round 7,2018-05-06,9574
Richmond,Jack Higgins,8,6,10,76.9,1,2,1,3,0,0,1,8,93,1,2,1,76,2018,Round 7,2018-05-06,9574
Richmond,Nathan Broad,5,7,6,50.0,0,0,0,6,0,0,0,4,247,4,3,0,82,2018,Round 7,2018-05-06,9574
Richmond,Daniel Butler,5,7,10,90.9,0,4,0,1,0,0,1,8,165,0,1,1,78,2018,Round 7,2018-05-06,9574
Fremantle,Lachie Neale,18,16,26,74.3,0,0,0,1,1,1,10,4,317,6,4,1,77,2018,Round 7,2018-05-06,9574
Fremantle,Nathan Fyfe,26,11,21,63.6,6,0,0,2,0,3,9,5,393,5,4,2,83,2018,Round 7,2018-05-06,9574
Fremantle,Ed Langdon,6,17,15,68.2,0,0,0,1,0,0,1,2,269,7,3,1,82,2018,Round 7,2018-05-06,9574
Fremantle,Connor Blakely,8,16,14,66.7,1,0,0,1,0,0,0,2,163,3,5,1,81,2018,Round 7,2018-05-06,9574
Fremantle,Bailey Banfield,6,13,10,50.0,0,0,0,1,0,1,2,2,274,7,1,0,84,2018,Round 7,2018-05-06,9574
Fremantle,Nathan Wilson,4,13,14,73.7,0,0,0,3,0,0,0,0,539,6,8,0,85,2018,Round 7,2018-05-06,9574
Fremantle,David Mundy,7,11,13,72.2,0,0,0,0,0,1,0,4,154,4,4,1,91,2018,Round 7,2018-05-06,9574
Fremantle,Adam Cerra,8,10,13,72.2,0,1,0,1,0,2,3,3,373,5,0,2,63,2018,Round 7,2018-05-06,9574
Fremantle,Darcy Tucker,4,12,10,66.7,0,0,0,1,0,0,1,2,161,3,2,0,61,2018,Round 7,2018-05-06,9574
Fremantle,Hayden Ballantyne,3,10,9,64.3,1,0,2,2,0,0,0,4,188,2,0,1,85,2018,Round 7,2018-05-06,9574
Fremantle,Brandon Matera,6,8,6,42.9,0,0,0,0,0,0,0,2,203,3,1,0,81,2018,Round 7,2018-05-06,9574
Fremantle,Andrew Brayshaw,5,8,9,64.3,0,0,0,1,0,1,1,2,235,4,1,0,69,2018,Round 7,2018-05-06,9574
Fremantle,Luke Ryan,5,8,9,69.2,0,0,0,3,0,0,1,1,236,4,4,0,86,2018,Round 7,2018-05-06,9574
Fremantle,Stephen Hill,3,9,8,66.7,0,1,0,2,0,0,2,3,190,4,3,0,70,2018,Round 7,2018-05-06,9574
Fremantle,Joel Hamling,6,7,9,75.0,0,0,0,11,0,0,0,0,175,3,6,0,96,2018,Round 7,2018-05-06,9574
Fremantle,Alex Pearce,4,8,10,83.3,0,0,0,3,0,0,0,1,46,2,6,0,97,2018,Round 7,2018-05-06,9574
Fremantle,Ethan Hughes,6,7,7,58.3,1,0,0,3,0,0,0,1,82,2,6,0,76,2018,Round 7,2018-05-06,9574
Fremantle,Aaron Sandilands,10,1,8,72.7,1,0,0,3,0,2,2,3,14,3,0,0,82,2018,Round 7,2018-05-06,9574
Fremantle,Brennan Cox,4,5,6,75.0,2,2,1,2,0,1,0,4,163,2,0,0,86,2018,Round 7,2018-05-06,9574
Fremantle,Taylin Duman,3,7,6,75.0,1,0,0,5,0,0,0,1,86,4,4,0,87,2018,Round 7,2018-05-06,9574
Fremantle,Mitchell Crowden,2,6,7,87.5,0,0,0,2,0,0,0,2,105,1,1,0,84,2018,Round 7,2018-05-06,9574
Fremantle,Cameron Mccarthy,3,3,4,57.1,0,0,1,0,0,0,0,2,160,0,0,0,94,2018,Round 7,2018-05-06,9574
St Kilda,Sebastian Ross,13,23,24,68.6,0,2,0,1,0,5,5,11,553,7,4,1,90,2018,Round 7,2018-05-06,9575
St Kilda,Jack Steven,7,21,22,75.9,0,3,0,3,4,3,2,5,608,3,1,1,82,2018,Round 7,2018-05-06,9575
St Kilda,Jack Newnes,9,18,17,68.0,0,1,0,4,0,0,3,5,437,8,3,0,90,2018,Round 7,2018-05-06,9575
St Kilda,Jack Steele,8,17,19,76.0,0,1,0,0,0,0,1,5,263,5,4,0,70,2018,Round 7,2018-05-06,9575
St Kilda,Jimmy Webster,3,20,20,83.3,1,0,0,4,1,0,0,3,523,6,7,0,89,2018,Round 7,2018-05-06,9575
St Kilda,Jade Gresham,10,14,12,50.0,0,0,1,0,6,0,1,8,324,3,1,1,80,2018,Round 7,2018-05-06,9575
St Kilda,Maverick Weller,7,17,16,69.6,1,1,0,2,0,1,1,7,218,1,3,2,82,2018,Round 7,2018-05-06,9575
St Kilda,Luke Dunstan,12,14,18,78.3,0,0,0,3,0,0,6,3,167,2,4,0,76,2018,Round 7,2018-05-06,9575
St Kilda,David Armitage,5,15,13,61.9,0,0,1,0,1,0,0,7,418,7,3,1,86,2018,Round 7,2018-05-06,9575
St Kilda,Nicholas Coffield,3,15,19,90.5,0,0,0,2,0,0,0,3,207,2,8,0,83,2018,Round 7,2018-05-06,9575
St Kilda,Shane Savage,6,14,16,80.0,0,0,0,3,0,0,0,0,149,3,1,0,84,2018,Round 7,2018-05-06,9575
St Kilda,Jack Billings,4,16,15,75.0,0,0,0,1,0,0,0,4,247,2,2,1,82,2018,Round 7,2018-05-06,9575
St Kilda,Hunter Clark,3,17,15,75.0,0,0,0,1,0,0,0,3,201,3,4,0,73,2018,Round 7,2018-05-06,9575
St Kilda,Sam Gilbert,6,13,13,72.2,0,0,0,3,0,0,1,3,174,5,5,0,73,2018,Round 7,2018-05-06,9575
St Kilda,Jarryn Geary,5,13,14,77.8,0,0,0,4,0,0,0,0,239,4,7,0,87,2018,Round 7,2018-05-06,9575
St Kilda,Tom Hickey,9,9,16,94.1,0,0,1,3,0,1,1,7,192,1,3,1,83,2018,Round 7,2018-05-06,9575
St Kilda,Jake Carlisle,7,9,13,86.7,2,0,0,4,0,0,0,2,20,0,7,0,92,2018,Round 7,2018-05-06,9575
St Kilda,Ben Long,4,10,11,78.6,0,0,2,1,0,0,0,5,207,2,2,1,91,2018,Round 7,2018-05-06,9575
St Kilda,Tim Membrey,5,10,12,92.3,3,0,2,2,0,0,0,6,196,1,1,0,94,2018,Round 7,2018-05-06,9575
St Kilda,Nathan Brown,4,7,9,81.8,1,0,0,5,0,0,0,1,35,2,4,0,85,2018,Round 7,2018-05-06,9575
St Kilda,Paddy Mccartin,2,5,5,62.5,1,1,1,0,0,0,0,4,122,2,0,1,46,2018,Round 7,2018-05-06,9575
St Kilda,Rowan Marshall,4,4,3,37.5,0,0,2,3,0,0,0,3,100,1,0,1,83,2018,Round 7,2018-05-06,9575
Melbourne,Clayton Oliver,20,16,30,83.3,0,2,0,1,1,3,7,13,300,2,6,0,82,2018,Round 7,2018-05-06,9575
Melbourne,Angus Brayshaw,10,23,23,71.9,0,0,0,3,0,3,2,9,659,8,5,1,80,2018,Round 7,2018-05-06,9575
Melbourne,Michael Hibberd,5,23,22,78.6,0,0,0,2,1,0,1,5,524,4,5,0,88,2018,Round 7,2018-05-06,9575
Melbourne,Dom Tyson,7,20,21,77.8,0,0,0,0,0,0,2,4,421,7,4,0,85,2018,Round 7,2018-05-06,9575
Melbourne,Jesse Hogan,12,13,16,64.0,2,1,1,2,0,0,0,9,204,4,5,0,86,2018,Round 7,2018-05-06,9575
Melbourne,Nathan Jones,6,17,13,54.2,0,0,1,2,0,2,0,6,260,2,2,0,82,2018,Round 7,2018-05-06,9575
Melbourne,Jordan Lewis,6,15,21,91.3,0,2,0,4,0,1,0,8,239,1,4,0,91,2018,Round 7,2018-05-06,9575
Melbourne,Bernie Vince,3,18,18,78.3,0,0,0,4,0,0,0,8,377,4,4,0,88,2018,Round 7,2018-05-06,9575
Melbourne,James Harmes,7,13,17,81.0,0,0,0,0,0,2,3,8,350,4,1,0,77,2018,Round 7,2018-05-06,9575
Melbourne,Max Gawn,11,11,15,75.0,2,0,2,0,0,1,2,8,183,4,5,0,86,2018,Round 7,2018-05-06,9575
Melbourne,Oscar Mcdonald,5,12,16,88.9,2,0,0,8,0,0,0,2,197,3,8,0,98,2018,Round 7,2018-05-06,9575
Melbourne,Bayley Fritsch,7,11,12,66.7,1,0,0,0,0,1,0,6,249,4,4,2,80,2018,Round 7,2018-05-06,9575
Melbourne,Christian Petracca,7,9,8,53.3,1,0,2,0,0,0,2,6,179,4,2,0,72,2018,Round 7,2018-05-06,9575
Melbourne,Alex Neal Bullen,8,8,9,60.0,0,0,2,0,0,0,1,3,248,6,1,0,81,2018,Round 7,2018-05-06,9575
Melbourne,Charlie Spargo,8,8,13,86.7,0,0,2,1,0,1,0,7,173,3,1,0,78,2018,Round 7,2018-05-06,9575
Melbourne,Neville Jetta,5,10,13,92.9,0,1,0,4,0,0,0,2,216,3,5,0,76,2018,Round 7,2018-05-06,9575
Melbourne,Jayden Hunt,3,11,8,61.5,1,1,0,1,0,0,0,3,319,2,1,0,75,2018,Round 7,2018-05-06,9575
Melbourne,Tom Mcdonald,8,4,6,50.0,3,2,3,3,0,0,0,6,188,2,0,0,73,2018,Round 7,2018-05-06,9575
Melbourne,Jake Lever,4,9,10,83.3,0,0,1,5,0,0,0,5,315,1,6,0,85,2018,Round 7,2018-05-06,9575
Melbourne,Jake Melksham,6,4,6,54.5,1,0,2,1,0,2,0,3,205,1,1,0,78,2018,Round 7,2018-05-06,9575
Melbourne,Sam Weideman,5,5,8,88.9,1,1,1,2,0,1,0,5,154,2,1,1,77,2018,Round 7,2018-05-06,9575
Melbourne,Mitchell Hannan,3,7,5,55.6,1,0,1,1,0,0,0,5,212,2,1,0,82,2018,Round 7,2018-05-06,9575
Brisbane Lions,Dayne Zorko,16,20,23,67.6,1,1,2,0,0,1,1,10,697,4,5,0,90,2018,Round 7,2018-05-06,9576
Brisbane Lions,Dayne Beams,10,22,19,61.3,0,0,1,1,0,3,2,5,324,8,4,0,87,2018,Round 7,2018-05-06,9576
Brisbane Lions,Stefan Martin,12,12,20,71.4,0,0,0,1,0,4,3,11,305,3,4,1,85,2018,Round 7,2018-05-06,9576
Brisbane Lions,Daniel Rich,4,15,19,79.2,0,1,0,0,0,0,3,5,641,7,5,1,84,2018,Round 7,2018-05-06,9576
Brisbane Lions,Mitch Robinson,9,14,19,82.6,0,0,0,2,0,1,4,6,209,3,2,0,77,2018,Round 7,2018-05-06,9576
Brisbane Lions,Luke Hodge,4,19,16,76.2,0,0,0,5,0,0,0,3,313,4,6,0,86,2018,Round 7,2018-05-06,9576
Brisbane Lions,Allen Christensen,3,16,16,84.2,0,0,0,1,0,2,1,5,134,3,0,1,85,2018,Round 7,2018-05-06,9576
Brisbane Lions,Lewis Taylor,7,11,14,77.8,0,2,1,0,1,0,1,9,310,2,2,1,78,2018,Round 7,2018-05-06,9576
Brisbane Lions,Harris Andrews,6,12,17,94.4,1,0,0,8,0,0,0,4,120,0,9,0,97,2018,Round 7,2018-05-06,9576
Brisbane Lions,Cameron Rayner,7,11,17,94.4,1,1,0,0,0,3,1,6,313,1,1,0,74,2018,Round 7,2018-05-06,9576
Brisbane Lions,Alex Witherden,0,15,16,94.1,0,0,0,3,0,0,0,2,206,3,1,0,81,2018,Round 7,2018-05-06,9576
Brisbane Lions,Zac Bailey,2,15,15,88.2,0,0,0,0,0,0,0,4,258,4,1,1,76,2018,Round 7,2018-05-06,9576
Brisbane Lions,Charlie Cameron,6,10,14,87.5,0,3,0,3,1,0,4,6,308,0,1,0,89,2018,Round 7,2018-05-06,9576
Brisbane Lions,Hugh Mccluggage,4,11,11,73.3,0,0,1,0,2,0,0,5,290,3,3,0,74,2018,Round 7,2018-05-06,9576
Brisbane Lions,Darcy Gardiner,3,10,9,81.8,0,0,0,9,0,0,0,3,204,3,5,0,86,2018,Round 7,2018-05-06,9576
Brisbane Lions,Eric Hipwood,5,5,6,54.5,0,0,1,1,0,0,0,3,106,4,4,0,90,2018,Round 7,2018-05-06,9576
Brisbane Lions,Matt Eagles,6,5,10,90.9,1,0,0,2,0,0,0,3,139,1,6,0,75,2018,Round 7,2018-05-06,9576
Brisbane Lions,Jarrod Berry,7,4,9,81.8,0,2,0,0,0,1,2,4,124,3,0,0,58,2018,Round 7,2018-05-06,9576
Brisbane Lions,Tom Cutler,1,9,8,80.0,0,0,0,2,2,0,0,2,242,2,0,0,81,2018,Round 7,2018-05-06,9576
Brisbane Lions,Jacob Allison,1,9,8,88.9,0,2,0,3,1,0,0,2,151,0,3,0,88,2018,Round 7,2018-05-06,9576
Brisbane Lions,Daniel Mcstay,7,1,6,85.7,2,1,1,2,0,0,0,5,26,1,1,0,83,2018,Round 7,2018-05-06,9576
Brisbane Lions,Oscar Mcinerney,5,0,3,75.0,2,0,1,2,0,0,0,2,78,1,1,2,75,2018,Round 7,2018-05-06,9576
Collingwood,Steele Sidebottom,8,26,26,76.5,0,0,0,1,2,2,4,7,470,1,2,1,86,2018,Round 7,2018-05-06,9576
Collingwood,Tom Phillips,8,19,24,85.7,0,3,0,0,1,0,4,10,612,3,4,0,89,2018,Round 7,2018-05-06,9576
Collingwood,Adam Treloar,14,12,16,61.5,0,2,0,1,1,4,5,6,391,1,2,1,83,2018,Round 7,2018-05-06,9576
Collingwood,Samuel Murray,6,20,13,54.2,0,0,0,3,1,0,0,6,466,7,8,0,83,2018,Round 7,2018-05-06,9576
Collingwood,Josh Thomas,9,14,18,81.8,0,0,1,1,0,0,1,9,298,1,1,1,82,2018,Round 7,2018-05-06,9576
Collingwood,Jaidyn Stephenson,5,14,13,61.9,2,0,1,1,0,1,2,8,266,6,1,0,84,2018,Round 7,2018-05-06,9576
Collingwood,Scott Pendlebury,6,14,16,80.0,0,1,0,0,0,2,2,6,215,4,1,0,53,2018,Round 7,2018-05-06,9576
Collingwood,Jordan De Goey,6,14,15,75.0,1,3,5,0,0,2,0,12,349,6,0,1,84,2018,Round 7,2018-05-06,9576
Collingwood,Travis Varcoe,6,13,15,78.9,0,1,0,1,0,2,0,7,289,3,5,1,82,2018,Round 7,2018-05-06,9576
Collingwood,Jack Crisp,5,13,13,68.4,1,0,0,7,0,0,0,2,387,3,6,0,91,2018,Round 7,2018-05-06,9576
Collingwood,Christopher Mayne,6,10,16,88.9,0,1,1,0,0,1,0,5,80,1,0,0,78,2018,Round 7,2018-05-06,9576
Collingwood,Jeremy Howe,7,10,14,82.4,2,0,0,4,0,0,0,4,380,1,7,0,93,2018,Round 7,2018-05-06,9576
Collingwood,Jarryd Blair,6,10,12,75.0,0,1,1,1,0,0,1,3,129,2,1,0,79,2018,Round 7,2018-05-06,9576
Collingwood,Brodie Grundy,10,7,10,62.5,0,0,0,1,0,2,2,3,69,5,4,0,82,2018,Round 7,2018-05-06,9576
Collingwood,Taylor Adams,7,9,9,64.3,0,1,0,0,0,3,1,1,108,1,1,0,73,2018,Round 7,2018-05-06,9576
Collingwood,Matthew Scharenberg,6,8,12,85.7,2,0,0,4,0,0,0,2,127,2,6,0,88,2018,Round 7,2018-05-06,9576
Collingwood,Will Hoskin Elliott,4,8,8,61.5,0,0,3,0,0,0,0,5,191,2,2,0,90,2018,Round 7,2018-05-06,9576
Collingwood,Flynn Appleby,6,9,10,76.9,1,0,0,2,1,0,1,3,147,5,5,0,76,2018,Round 7,2018-05-06,9576
Collingwood,Mason Cox,8,2,9,90.0,2,1,1,3,0,1,3,4,175,4,0,0,85,2018,Round 7,2018-05-06,9576
Collingwood,Ben Crocker,4,7,6,60.0,0,1,0,1,0,1,1,1,173,4,1,1,81,2018,Round 7,2018-05-06,9576
Collingwood,Lynden Dunn,3,4,4,57.1,2,0,0,2,0,0,0,4,137,2,3,0,89,2018,Round 7,2018-05-06,9576
Collingwood,Darcy Moore,2,3,5,100.0,1,0,1,1,0,0,0,1,103,0,0,0,69,2018,Round 7,2018-05-06,9576
Hawthorn,Shaun Burgoyne,8,19,22,84.6,0,0,0,3,0,2,3,8,306,3,3,1,82,2018,Round 8,2018-05-11,9577
Hawthorn,James Sicily,10,16,21,80.8,1,0,0,5,0,0,0,6,478,6,10,0,96,2018,Round 8,2018-05-11,9577
Hawthorn,Ricky Henderson,6,17,16,66.7,0,0,0,1,4,0,1,8,405,6,3,0,75,2018,Round 8,2018-05-11,9577
Hawthorn,Liam Shiels,7,13,18,78.3,0,2,0,2,0,1,1,7,231,2,5,0,78,2018,Round 8,2018-05-11,9577
Hawthorn,James Frawley,7,12,14,70.0,0,0,0,6,0,0,0,4,298,3,8,0,98,2018,Round 8,2018-05-11,9577
Hawthorn,Tom Mitchell,12,9,14,70.0,0,0,0,0,0,0,6,6,240,3,3,0,91,2018,Round 8,2018-05-11,9577
Hawthorn,Ben Mcevoy,10,7,14,77.8,2,0,1,3,0,3,0,4,52,1,4,1,83,2018,Round 8,2018-05-11,9577
Hawthorn,Luke Breust,10,7,11,61.1,2,0,2,1,0,0,2,7,295,3,2,1,82,2018,Round 8,2018-05-11,9577
Hawthorn,Benjamin Stratton,5,13,14,77.8,1,0,0,4,0,0,1,5,109,2,7,0,90,2018,Round 8,2018-05-11,9577
Hawthorn,Ryan Burton,4,12,15,88.2,0,0,0,2,0,0,0,5,192,3,5,0,75,2018,Round 8,2018-05-11,9577
Hawthorn,Isaac Smith,2,12,12,75.0,0,0,0,1,0,0,2,4,138,2,0,2,87,2018,Round 8,2018-05-11,9577
Hawthorn,Jarryd Roughead,9,8,12,80.0,0,1,2,4,0,0,1,5,167,3,3,0,89,2018,Round 8,2018-05-11,9577
Hawthorn,Jack Gunston,7,8,9,60.0,0,0,3,5,1,0,0,9,421,5,3,3,91,2018,Round 8,2018-05-11,9577
Hawthorn,Blake Hardwick,8,7,12,80.0,0,0,0,4,0,0,0,6,51,2,12,0,83,2018,Round 8,2018-05-11,9577
Hawthorn,Harry Morrison,4,11,13,86.7,0,0,0,2,0,0,0,3,170,5,2,1,77,2018,Round 8,2018-05-11,9577
Hawthorn,Brendan Whitecross,3,11,12,85.7,0,0,0,0,0,0,2,2,464,4,0,0,68,2018,Round 8,2018-05-11,9577
Hawthorn,William Langford,3,11,6,42.9,0,0,0,1,0,0,1,4,255,3,1,1,70,2018,Round 8,2018-05-11,9577
Hawthorn,Jarman Impey,6,9,8,57.1,0,1,0,0,0,1,0,5,387,3,4,1,81,2018,Round 8,2018-05-11,9577
Hawthorn,Taylor Duryea,5,5,7,53.8,0,1,0,1,0,0,0,2,178,4,3,0,80,2018,Round 8,2018-05-11,9577
Hawthorn,Jaeger O Meara,5,7,6,46.2,0,0,1,1,0,0,0,3,240,3,2,2,73,2018,Round 8,2018-05-11,9577
Hawthorn,Tim O Brien,3,9,8,61.5,0,0,0,2,0,0,0,1,107,7,2,0,66,2018,Round 8,2018-05-11,9577
Hawthorn,Daniel Howe,5,8,10,76.9,0,0,0,0,0,0,2,2,133,4,1,1,85,2018,Round 8,2018-05-11,9577
Sydney,Jake Lloyd,9,23,26,72.2,0,1,0,3,0,1,1,6,629,7,8,0,90,2018,Round 8,2018-05-11,9577
Sydney,Luke Parker,19,11,23,82.1,1,0,2,2,0,4,3,6,232,1,4,0,92,2018,Round 8,2018-05-11,9577
Sydney,Isaac Heeney,10,19,19,67.9,0,0,0,0,0,2,2,1,286,6,3,0,90,2018,Round 8,2018-05-11,9577
Sydney,Harry Cunningham,9,19,22,81.5,0,0,0,1,0,0,3,1,428,9,4,0,86,2018,Round 8,2018-05-11,9577
Sydney,Jarrad Mcveigh,5,17,23,88.5,0,0,0,2,2,0,2,3,236,2,3,0,80,2018,Round 8,2018-05-11,9577
Sydney,Oliver Florent,9,15,18,72.0,0,2,0,1,1,0,5,6,382,6,4,0,82,2018,Round 8,2018-05-11,9577
Sydney,Heath Grundy,5,18,22,91.7,2,0,0,3,0,0,0,2,437,3,5,0,100,2018,Round 8,2018-05-11,9577
Sydney,Dane Rampe,4,18,17,73.9,0,0,0,8,0,0,0,2,381,3,7,0,94,2018,Round 8,2018-05-11,9577
Sydney,George Hewett,11,13,18,78.3,0,0,0,1,0,0,2,4,254,2,5,1,80,2018,Round 8,2018-05-11,9577
Sydney,Nick Smith 1,13,10,16,76.2,0,0,0,5,0,0,1,2,219,2,9,0,88,2018,Round 8,2018-05-11,9577
Sydney,Daniel Robinson,13,7,17,85.0,0,0,0,0,0,0,2,2,44,0,5,0,69,2018,Round 8,2018-05-11,9577
Sydney,Josh P  Kennedy,11,7,12,63.2,0,1,0,0,0,2,3,2,118,3,1,1,83,2018,Round 8,2018-05-11,9577
Sydney,Kieran Jack,5,13,9,50.0,0,1,0,1,0,1,0,4,256,4,3,0,73,2018,Round 8,2018-05-11,9577
Sydney,Zak Jones,3,16,14,77.8,0,0,0,3,3,1,0,0,360,5,2,0,78,2018,Round 8,2018-05-11,9577
Sydney,Callum Mills,7,11,15,83.3,0,0,0,2,0,0,0,1,91,2,8,0,80,2018,Round 8,2018-05-11,9577
Sydney,Will Hayward,6,10,11,73.3,1,0,2,2,0,2,0,4,191,6,0,0,77,2018,Round 8,2018-05-11,9577
Sydney,Callum Sinclair,7,7,7,50.0,0,0,1,3,0,2,0,2,297,6,2,0,90,2018,Round 8,2018-05-11,9577
Sydney,Tom Papley,3,9,8,61.5,0,1,0,0,1,1,0,5,190,3,0,2,76,2018,Round 8,2018-05-11,9577
Sydney,Ben Ronke,5,4,9,81.8,1,0,1,1,0,0,0,8,176,0,2,7,73,2018,Round 8,2018-05-11,9577
Sydney,Gary Rohan,3,4,5,55.6,2,1,1,2,0,0,0,3,142,6,3,2,73,2018,Round 8,2018-05-11,9577
Sydney,Dean Towers,4,5,3,37.5,0,1,0,2,0,0,0,2,23,3,0,0,69,2018,Round 8,2018-05-11,9577
Sydney,Tom Mccartin,3,6,2,25.0,1,0,0,4,0,0,0,1,195,4,0,2,75,2018,Round 8,2018-05-11,9577
Greater Western Sydney,Callan Ward,15,16,21,70.0,2,1,0,1,1,2,6,8,418,4,5,0,89,2018,Round 8,2018-05-12,9578
Greater Western Sydney,Lachie Whitfield,14,17,19,63.3,1,0,0,0,0,1,2,5,611,5,9,0,84,2018,Round 8,2018-05-12,9578
Greater Western Sydney,Stephen Coniglio,10,18,20,69.0,0,2,0,1,1,1,6,4,538,4,2,1,88,2018,Round 8,2018-05-12,9578
Greater Western Sydney,Dylan Shiel,10,12,15,68.2,0,0,0,0,0,2,5,3,201,5,1,0,78,2018,Round 8,2018-05-12,9578
Greater Western Sydney,Tim Taranto,9,13,12,57.1,1,0,1,2,0,1,2,6,397,2,2,0,82,2018,Round 8,2018-05-12,9578
Greater Western Sydney,Heath Shaw,8,10,14,70.0,0,0,0,2,4,2,1,1,680,6,5,0,91,2018,Round 8,2018-05-12,9578
Greater Western Sydney,Jacob Hopper,9,10,15,83.3,0,0,0,2,0,0,4,2,150,4,2,0,72,2018,Round 8,2018-05-12,9578
Greater Western Sydney,Ryan Griffen,5,11,13,76.5,2,1,0,1,1,0,1,5,228,3,0,1,83,2018,Round 8,2018-05-12,9578
Greater Western Sydney,Jeremy Finlayson,6,11,13,76.5,0,0,0,1,0,0,0,6,322,6,6,1,81,2018,Round 8,2018-05-12,9578
Greater Western Sydney,Nick Haynes,5,12,7,43.8,0,0,0,5,0,0,0,0,348,8,7,0,91,2018,Round 8,2018-05-12,9578
Greater Western Sydney,Adam Tomlinson,3,9,12,85.7,2,0,0,4,0,0,0,1,447,3,5,0,92,2018,Round 8,2018-05-12,9578
Greater Western Sydney,Jeremy Cameron,9,5,8,57.1,1,0,1,4,0,0,1,4,233,5,3,0,91,2018,Round 8,2018-05-12,9578
Greater Western Sydney,Isaac Cumming,6,9,9,64.3,1,0,0,0,0,0,1,1,205,4,2,0,66,2018,Round 8,2018-05-12,9578
Greater Western Sydney,Aidan Corr,4,5,10,76.9,0,0,0,10,0,0,0,2,236,1,7,0,89,2018,Round 8,2018-05-12,9578
Greater Western Sydney,Harrison Himmelberg,8,6,9,69.2,0,0,0,4,0,0,1,6,220,2,2,0,92,2018,Round 8,2018-05-12,9578
Greater Western Sydney,Rory Lobb,11,2,9,75.0,2,0,1,2,0,3,0,2,197,2,5,1,85,2018,Round 8,2018-05-12,9578
Greater Western Sydney,Phil Davis,3,8,9,81.8,0,0,0,11,0,0,0,2,111,1,3,0,67,2018,Round 8,2018-05-12,9578
Greater Western Sydney,Lachlan Keeffe,7,4,9,81.8,0,0,0,2,0,0,1,3,63,3,4,0,86,2018,Round 8,2018-05-12,9578
Greater Western Sydney,Samuel Reid,7,4,10,100.0,1,0,1,3,0,0,2,4,41,0,2,0,91,2018,Round 8,2018-05-12,9578
Greater Western Sydney,Daniel Lloyd,5,5,7,70.0,0,0,1,2,0,0,0,5,105,0,2,2,81,2018,Round 8,2018-05-12,9578
Greater Western Sydney,Zac Giles Langdon,4,5,3,30.0,0,0,1,1,0,0,0,4,107,4,2,3,90,2018,Round 8,2018-05-12,9578
Greater Western Sydney,Matthew Deboer,2,6,5,62.5,0,1,0,0,0,0,0,4,123,1,0,0,31,2018,Round 8,2018-05-12,9578
West Coast,Andrew Gaff,8,24,26,81.2,0,1,0,1,0,0,4,6,251,4,2,0,87,2018,Round 8,2018-05-12,9578
West Coast,Jack Redden,17,12,16,55.2,1,0,0,3,0,2,11,5,564,5,2,0,84,2018,Round 8,2018-05-12,9578
West Coast,Elliot Yeo,17,12,14,50.0,0,0,0,3,0,0,5,4,339,8,3,2,89,2018,Round 8,2018-05-12,9578
West Coast,Shannon Hurn,4,17,15,62.5,0,2,0,5,0,0,0,3,673,8,6,0,83,2018,Round 8,2018-05-12,9578
West Coast,Bradley Sheppard,7,14,22,95.7,2,0,0,5,0,0,0,2,217,2,8,0,89,2018,Round 8,2018-05-12,9578
West Coast,Brendon Ah Chee,8,13,15,71.4,1,0,1,0,0,0,0,2,267,3,3,1,62,2018,Round 8,2018-05-12,9578
West Coast,Chris Masten,5,14,14,73.7,0,2,0,0,0,0,1,6,232,4,2,0,90,2018,Round 8,2018-05-12,9578
West Coast,Mark Hutchings,7,12,10,52.6,0,1,0,0,0,2,1,3,314,4,0,2,83,2018,Round 8,2018-05-12,9578
West Coast,Jack Darling,11,7,11,57.9,5,0,5,1,0,0,0,12,294,5,0,2,93,2018,Round 8,2018-05-12,9578
West Coast,Liam Duggan,8,12,14,73.7,0,0,0,5,0,1,1,5,382,4,10,0,85,2018,Round 8,2018-05-12,9578
West Coast,Jamie Cripps,4,13,8,47.1,0,1,2,1,0,0,0,8,441,3,3,4,86,2018,Round 8,2018-05-12,9578
West Coast,Tom Barrass,7,9,15,100.0,4,0,0,9,0,0,0,2,351,3,11,0,89,2018,Round 8,2018-05-12,9578
West Coast,Brayden Ainsworth,7,8,9,60.0,0,0,0,0,0,1,1,3,169,4,2,0,65,2018,Round 8,2018-05-12,9578
West Coast,Mark Lecras,8,5,7,53.8,0,0,0,3,0,2,2,4,234,2,4,0,85,2018,Round 8,2018-05-12,9578
West Coast,Scott Lycett,11,2,10,76.9,0,0,0,6,0,2,3,2,271,4,2,0,77,2018,Round 8,2018-05-12,9578
West Coast,Jake Waterman,5,8,11,91.7,0,1,1,3,0,0,1,9,241,0,1,1,79,2018,Round 8,2018-05-12,9578
West Coast,Fraser Mcinnes,5,6,10,90.9,2,0,0,1,0,0,0,2,34,1,2,0,57,2018,Round 8,2018-05-12,9578
West Coast,Jackson Nelson,3,8,8,72.7,0,0,0,2,0,0,0,2,241,4,4,0,78,2018,Round 8,2018-05-12,9578
West Coast,Tom Cole,0,7,8,88.9,0,0,0,4,0,0,0,2,204,4,2,0,81,2018,Round 8,2018-05-12,9578
West Coast,Willie Rioli,3,5,7,77.8,1,0,1,2,0,0,0,3,187,0,1,3,77,2018,Round 8,2018-05-12,9578
West Coast,Joshua Kennedy,4,3,5,71.4,2,1,2,1,0,0,0,5,150,1,1,0,85,2018,Round 8,2018-05-12,9578
West Coast,Will Schofield,3,3,5,71.4,0,0,0,6,0,0,0,0,134,3,4,0,95,2018,Round 8,2018-05-12,9578
Carlton,Dale Thomas,4,23,23,79.3,0,0,0,11,1,0,1,2,593,8,6,0,81,2018,Round 8,2018-05-12,9579
Carlton,Kade Simpson,9,17,19,67.9,0,0,0,4,2,0,0,3,470,10,8,0,95,2018,Round 8,2018-05-12,9579
Carlton,Patrick Cripps,19,11,18,66.7,0,2,0,1,0,3,5,4,256,4,1,2,95,2018,Round 8,2018-05-12,9579
Carlton,Edward Curnow,10,13,17,70.8,0,0,0,1,0,2,5,6,314,2,3,3,93,2018,Round 8,2018-05-12,9579
Carlton,Matthew Kreuzer,19,2,9,45.0,1,1,1,3,0,0,9,4,329,6,5,1,88,2018,Round 8,2018-05-12,9579
Carlton,Matthew Wright,10,7,11,64.7,0,1,0,1,0,1,1,5,269,2,3,0,76,2018,Round 8,2018-05-12,9579
Carlton,Sam Kerridge,10,7,11,64.7,1,0,1,0,0,0,3,3,205,3,0,2,78,2018,Round 8,2018-05-12,9579
Carlton,Jed Lamb,9,7,12,80.0,0,3,0,1,0,0,0,7,360,2,0,3,78,2018,Round 8,2018-05-12,9579
Carlton,Zac Fisher,6,12,11,73.3,0,1,0,0,0,1,3,4,147,1,1,2,78,2018,Round 8,2018-05-12,9579
Carlton,Lochie O Brien,3,12,10,66.7,0,0,1,1,1,0,1,1,380,6,1,0,72,2018,Round 8,2018-05-12,9579
Carlton,Aaron Mullett,3,10,11,78.6,0,0,0,0,0,1,0,3,248,1,2,0,68,2018,Round 8,2018-05-12,9579
Carlton,Nicholas Graham,6,8,9,64.3,0,0,1,2,0,1,2,4,197,2,0,1,64,2018,Round 8,2018-05-12,9579
Carlton,Darcy Lang,5,8,10,76.9,0,0,0,1,0,0,2,4,209,4,3,0,76,2018,Round 8,2018-05-12,9579
Carlton,Liam Jones,5,7,11,91.7,1,0,0,16,0,0,0,3,108,0,8,0,100,2018,Round 8,2018-05-12,9579
Carlton,Paddy Dow,7,6,10,90.9,0,1,0,1,1,1,1,5,138,2,0,1,76,2018,Round 8,2018-05-12,9579
Carlton,Cameron O Shea,5,6,9,90.0,1,0,0,3,0,0,1,1,140,4,4,0,77,2018,Round 8,2018-05-12,9579
Carlton,Sam Petrevski Seton,9,3,7,70.0,0,0,0,0,0,1,0,3,77,3,3,3,72,2018,Round 8,2018-05-12,9579
Carlton,Lachlan Plowman,2,7,6,66.7,0,0,0,0,0,0,0,2,117,1,3,0,86,2018,Round 8,2018-05-12,9579
Carlton,Charlie Curnow,6,2,4,44.4,4,0,5,0,0,0,1,5,220,4,1,0,90,2018,Round 8,2018-05-12,9579
Carlton,Sam Rowe,4,3,5,71.4,1,0,0,9,0,0,0,2,67,0,3,0,100,2018,Round 8,2018-05-12,9579
Carlton,Harry Mckay,3,5,5,71.4,1,0,0,1,0,0,0,3,206,1,2,0,85,2018,Round 8,2018-05-12,9579
Carlton,Jarrod Garlett,2,4,4,66.7,0,1,0,2,0,1,0,1,56,2,1,1,74,2018,Round 8,2018-05-12,9579
Essendon,Dyson Heppell,9,18,20,74.1,1,2,2,2,0,0,1,9,474,6,2,0,78,2018,Round 8,2018-05-12,9579
Essendon,David Zaharakis,16,10,18,72.0,2,1,1,0,0,0,6,7,264,5,4,1,85,2018,Round 8,2018-05-12,9579
Essendon,Cale Hooker,10,12,16,69.6,2,0,0,9,0,0,1,5,441,4,14,0,82,2018,Round 8,2018-05-12,9579
Essendon,Devon Smith,10,11,14,66.7,0,0,1,1,0,1,4,4,264,2,2,2,89,2018,Round 8,2018-05-12,9579
Essendon,David Myers,14,9,8,40.0,0,0,0,3,0,2,2,3,321,4,1,0,80,2018,Round 8,2018-05-12,9579
Essendon,Conor Mckenna,7,7,14,73.7,0,0,1,4,5,1,0,6,614,1,6,0,92,2018,Round 8,2018-05-12,9579
Essendon,Orazio Fantasia,10,6,12,66.7,0,1,2,2,0,0,1,8,236,1,2,0,75,2018,Round 8,2018-05-12,9579
Essendon,Adam Saad,6,13,15,83.3,0,1,0,3,4,0,1,3,290,5,4,0,85,2018,Round 8,2018-05-12,9579
Essendon,Michael Hurley,6,9,13,76.5,0,0,0,3,0,0,0,2,297,2,7,0,78,2018,Round 8,2018-05-12,9579
Essendon,Brendon Goddard,7,8,13,81.2,1,0,0,1,0,0,4,7,152,2,2,0,75,2018,Round 8,2018-05-12,9579
Essendon,Shaun Mckernan,7,9,8,50.0,3,0,3,1,0,0,1,11,269,3,0,2,88,2018,Round 8,2018-05-12,9579
Essendon,Zachary Merrett,9,8,9,56.2,0,0,0,0,0,0,1,4,282,4,4,1,81,2018,Round 8,2018-05-12,9579
Essendon,Mark Baguley,6,8,12,85.7,0,0,0,1,0,0,1,4,168,0,6,0,87,2018,Round 8,2018-05-12,9579
Essendon,Jake Stringer,4,7,7,50.0,1,0,0,2,0,0,2,4,217,2,2,0,83,2018,Round 8,2018-05-12,9579
Essendon,Darcy Parish,6,8,8,61.5,0,0,2,0,0,1,2,6,78,1,0,0,76,2018,Round 8,2018-05-12,9579
Essendon,James Stewart,6,5,9,81.8,1,0,0,3,0,0,0,6,75,2,0,2,79,2018,Round 8,2018-05-12,9579
Essendon,Kobe Mutch,5,8,8,72.7,1,1,0,2,0,0,1,4,213,4,2,0,75,2018,Round 8,2018-05-12,9579
Essendon,Ben Mcniece,5,6,6,60.0,0,1,0,3,1,0,0,1,159,2,5,0,80,2018,Round 8,2018-05-12,9579
Essendon,Tom Bellchambers,4,2,5,55.6,0,0,0,8,0,2,2,5,157,1,2,1,85,2018,Round 8,2018-05-12,9579
Essendon,Jayden Laverde,2,6,5,55.6,0,0,1,1,0,0,0,4,147,2,0,0,76,2018,Round 8,2018-05-12,9579
Essendon,Anthony Mcdonald Tipungwuti,4,6,5,55.6,0,0,0,0,1,0,1,2,209,4,1,2,79,2018,Round 8,2018-05-12,9579
Essendon,Patrick Ambrose,5,4,7,87.5,2,0,1,11,0,0,0,2,246,1,4,0,91,2018,Round 8,2018-05-12,9579
Gold Coast,Touk Miller,16,14,17,60.7,1,1,0,2,0,1,4,6,315,4,7,1,86,2018,Round 8,2018-05-12,9580
Gold Coast,Aaron Hall,7,17,19,82.6,1,1,0,2,1,1,2,6,584,5,2,0,85,2018,Round 8,2018-05-12,9580
Gold Coast,Jarryd Lyons,11,11,15,68.2,0,0,0,1,0,3,1,4,182,3,2,0,73,2018,Round 8,2018-05-12,9580
Gold Coast,Steven May,6,12,17,81.0,0,0,0,9,3,0,0,5,402,7,11,0,91,2018,Round 8,2018-05-12,9580
Gold Coast,Jack Martin,10,8,13,68.4,2,0,2,0,0,1,1,8,355,5,5,0,87,2018,Round 8,2018-05-12,9580
Gold Coast,Lachlan Weller,6,12,9,47.4,0,0,0,1,0,0,1,4,596,6,2,0,86,2018,Round 8,2018-05-12,9580
Gold Coast,Ben Ainsworth,10,9,13,68.4,0,0,0,1,0,2,5,5,248,2,3,1,73,2018,Round 8,2018-05-12,9580
Gold Coast,Jarrod Harbrow,4,13,11,61.1,0,0,0,0,0,0,0,4,184,8,4,0,93,2018,Round 8,2018-05-12,9580
Gold Coast,Aaron Young,11,7,11,61.1,0,1,0,1,0,1,1,8,291,6,0,0,87,2018,Round 8,2018-05-12,9580
Gold Coast,Bradley Scheer,8,12,11,61.1,0,2,0,0,0,1,1,6,298,4,3,0,78,2018,Round 8,2018-05-12,9580
Gold Coast,Callum Ah Chee,5,9,12,75.0,0,0,0,3,0,1,0,2,325,5,6,0,67,2018,Round 8,2018-05-12,9580
Gold Coast,Sam Day,9,6,10,71.4,1,1,1,1,0,0,0,8,286,5,3,1,87,2018,Round 8,2018-05-12,9580
Gold Coast,Michael Rischitelli,4,8,10,83.3,0,0,0,1,0,0,0,1,255,3,5,0,80,2018,Round 8,2018-05-12,9580
Gold Coast,David Swallow,10,2,7,58.3,0,0,0,1,0,0,2,2,139,2,1,0,63,2018,Round 8,2018-05-12,9580
Gold Coast,Alex Sexton,0,12,7,58.3,0,1,1,1,0,0,0,6,224,3,0,0,86,2018,Round 8,2018-05-12,9580
Gold Coast,Jarrod Witts,7,5,7,63.6,0,0,0,2,0,2,1,4,149,2,0,0,86,2018,Round 8,2018-05-12,9580
Gold Coast,Nicholas Holman,5,6,8,80.0,1,0,0,1,1,0,0,8,104,0,2,0,75,2018,Round 8,2018-05-12,9580
Gold Coast,Jack Bowes,2,7,7,77.8,0,0,0,2,0,0,0,1,128,1,3,0,78,2018,Round 8,2018-05-12,9580
Gold Coast,Charlie Ballard,4,5,5,55.6,1,0,0,2,0,0,0,3,129,2,1,0,72,2018,Round 8,2018-05-12,9580
Gold Coast,Brayden Crossley,4,5,6,75.0,0,0,0,2,0,0,0,1,184,2,3,0,87,2018,Round 8,2018-05-12,9580
Gold Coast,Jack Leslie,1,5,5,83.3,0,0,0,5,0,0,0,1,96,2,1,0,89,2018,Round 8,2018-05-12,9580
Gold Coast,Rory Thompson,2,4,2,40.0,0,0,0,5,0,0,0,1,121,3,2,0,92,2018,Round 8,2018-05-12,9580
Melbourne,James Harmes,18,16,22,66.7,0,0,1,0,1,1,5,12,390,3,7,1,81,2018,Round 8,2018-05-12,9580
Melbourne,Clayton Oliver,15,15,23,79.3,0,3,1,4,2,4,7,9,475,3,3,1,75,2018,Round 8,2018-05-12,9580
Melbourne,Christian Salem,7,20,20,74.1,2,0,1,1,0,0,0,7,435,6,10,0,81,2018,Round 8,2018-05-12,9580
Melbourne,Bayley Fritsch,7,20,22,84.6,0,0,0,2,0,0,1,4,343,4,6,0,82,2018,Round 8,2018-05-12,9580
Melbourne,Jordan Lewis,6,21,23,92.0,0,0,0,1,0,0,1,12,334,3,8,0,85,2018,Round 8,2018-05-12,9580
Melbourne,Nathan Jones,7,20,20,80.0,0,2,0,0,1,2,2,6,517,3,0,0,85,2018,Round 8,2018-05-12,9580
Melbourne,Angus Brayshaw,7,17,13,54.2,0,1,0,0,0,2,2,8,475,5,1,0,68,2018,Round 8,2018-05-12,9580
Melbourne,Alex Neal Bullen,10,15,13,56.5,0,1,3,1,0,1,3,6,286,4,3,1,81,2018,Round 8,2018-05-12,9580
Melbourne,Jesse Hogan,9,15,18,81.8,0,1,1,1,0,0,4,9,298,3,3,0,94,2018,Round 8,2018-05-12,9580
Melbourne,Jake Melksham,7,13,13,61.9,2,3,3,2,1,1,0,10,499,2,3,3,81,2018,Round 8,2018-05-12,9580
Melbourne,Christian Petracca,7,11,14,73.7,1,0,0,0,0,1,2,6,147,3,1,1,80,2018,Round 8,2018-05-12,9580
Melbourne,Max Gawn,10,8,13,72.2,1,1,1,6,0,2,0,7,116,2,4,2,84,2018,Round 8,2018-05-12,9580
Melbourne,Tom Mcdonald,6,12,14,82.4,2,1,4,4,1,0,1,10,331,3,2,1,86,2018,Round 8,2018-05-12,9580
Melbourne,Michael Hibberd,3,14,13,76.5,0,0,0,4,0,0,0,7,446,2,2,0,84,2018,Round 8,2018-05-12,9580
Melbourne,Mitchell Hannan,6,12,11,64.7,2,1,3,1,0,1,1,11,291,1,1,2,77,2018,Round 8,2018-05-12,9580
Melbourne,Dom Tyson,9,7,13,81.2,0,1,0,0,0,1,2,4,182,4,3,1,77,2018,Round 8,2018-05-12,9580
Melbourne,Bernie Vince,3,10,11,78.6,0,0,0,1,0,0,0,3,222,2,2,0,87,2018,Round 8,2018-05-12,9580
Melbourne,Neville Jetta,5,9,13,100.0,1,0,0,2,0,0,0,3,191,1,6,0,89,2018,Round 8,2018-05-12,9580
Melbourne,Jake Lever,7,7,12,92.3,3,0,0,5,0,0,0,0,288,5,8,0,92,2018,Round 8,2018-05-12,9580
Melbourne,Oscar Mcdonald,3,9,10,83.3,0,0,0,2,0,0,0,3,118,2,6,0,91,2018,Round 8,2018-05-12,9580
Melbourne,Charlie Spargo,2,7,6,66.7,0,0,1,1,0,0,1,4,168,1,1,0,67,2018,Round 8,2018-05-12,9580
Melbourne,Sam Weideman,1,5,4,66.7,0,4,0,1,0,0,0,4,64,3,0,0,73,2018,Round 8,2018-05-12,9580
Port Adelaide,Tom Rockliff,12,17,19,61.3,0,0,0,0,0,1,5,4,303,2,2,0,77,2018,Round 8,2018-05-12,9581
Port Adelaide,Justin Westhoff,12,15,20,76.9,0,0,1,4,0,0,4,7,430,3,3,0,87,2018,Round 8,2018-05-12,9581
Port Adelaide,Oliver Wines,13,15,17,65.4,1,1,0,0,0,5,2,5,359,6,4,1,72,2018,Round 8,2018-05-12,9581
Port Adelaide,Travis Boak,12,11,16,66.7,0,1,1,1,0,1,3,6,298,7,3,1,77,2018,Round 8,2018-05-12,9581
Port Adelaide,Bradley Ebert,10,14,16,66.7,1,1,0,2,0,1,2,9,214,3,2,1,75,2018,Round 8,2018-05-12,9581
Port Adelaide,Jared Polec,5,16,16,69.6,0,0,0,2,0,0,2,5,432,2,3,1,82,2018,Round 8,2018-05-12,9581
Port Adelaide,Darcy Byrne Jones,6,17,17,73.9,0,0,0,0,0,0,1,3,420,5,5,1,85,2018,Round 8,2018-05-12,9581
Port Adelaide,Thomas Jonas,7,16,17,81.0,0,0,0,9,0,0,0,5,250,4,12,0,91,2018,Round 8,2018-05-12,9581
Port Adelaide,Sam Gray,9,14,13,61.9,1,2,3,0,0,1,1,8,320,5,1,1,81,2018,Round 8,2018-05-12,9581
Port Adelaide,Sam Powell Pepper,11,9,14,66.7,0,0,0,2,0,1,3,5,250,4,2,0,76,2018,Round 8,2018-05-12,9581
Port Adelaide,Robert Gray,7,13,18,90.0,0,0,1,0,0,1,4,8,344,4,2,0,94,2018,Round 8,2018-05-12,9581
Port Adelaide,Steven Motlop,3,16,14,70.0,0,1,1,0,4,0,0,7,447,3,1,0,75,2018,Round 8,2018-05-12,9581
Port Adelaide,Dan Houston,9,10,13,65.0,0,0,0,2,0,0,0,4,300,5,9,0,75,2018,Round 8,2018-05-12,9581
Port Adelaide,Chad Wingard,9,9,13,68.4,0,0,1,1,0,0,1,8,371,6,3,1,90,2018,Round 8,2018-05-12,9581
Port Adelaide,Riley Bonner,5,13,12,70.6,0,0,0,2,0,0,0,4,228,3,5,0,77,2018,Round 8,2018-05-12,9581
Port Adelaide,Jack Watts,4,7,10,76.9,1,0,0,3,0,0,0,4,143,1,1,1,72,2018,Round 8,2018-05-12,9581
Port Adelaide,Dougal Howard,4,8,9,75.0,0,0,0,15,0,0,0,2,197,1,8,0,97,2018,Round 8,2018-05-12,9581
Port Adelaide,Patrick Ryder,6,4,9,81.8,2,1,2,4,0,2,2,4,132,2,0,0,74,2018,Round 8,2018-05-12,9581
Port Adelaide,Charlie Dixon,3,8,6,54.5,0,1,0,1,0,0,0,2,176,3,0,2,93,2018,Round 8,2018-05-12,9581
Port Adelaide,Jake Neade,5,5,9,81.8,0,1,0,0,2,0,0,5,183,0,4,3,75,2018,Round 8,2018-05-12,9581
Port Adelaide,Jack Hombsch,5,6,8,88.9,2,0,0,3,0,0,0,0,124,2,5,0,85,2018,Round 8,2018-05-12,9581
Port Adelaide,Tom Clurey,0,6,8,100.0,0,0,0,10,0,0,0,1,94,1,2,0,91,2018,Round 8,2018-05-12,9581
Adelaide,Rory Atkins,6,22,22,75.9,0,1,0,0,6,0,1,5,650,8,5,0,78,2018,Round 8,2018-05-12,9581
Adelaide,Rory Laird,14,12,19,70.4,1,0,0,2,1,0,1,5,439,5,10,0,84,2018,Round 8,2018-05-12,9581
Adelaide,Matt Crouch,8,16,21,77.8,1,2,0,0,0,1,5,5,370,7,3,0,75,2018,Round 8,2018-05-12,9581
Adelaide,Bryce Gibbs,15,9,11,45.8,0,1,0,3,0,2,4,2,242,5,3,0,80,2018,Round 8,2018-05-12,9581
Adelaide,Tom Lynch,8,12,17,85.0,2,1,1,0,0,0,1,5,207,2,0,1,88,2018,Round 8,2018-05-12,9581
Adelaide,Cameron Ellis Yolmen,9,10,15,75.0,1,0,1,3,0,1,1,4,340,4,2,0,76,2018,Round 8,2018-05-12,9581
Adelaide,Andy Otten,6,12,13,76.5,1,0,0,6,0,0,0,3,163,4,9,0,92,2018,Round 8,2018-05-12,9581
Adelaide,Edward Betts,4,11,9,56.2,0,0,1,1,0,0,0,4,237,3,1,1,81,2018,Round 8,2018-05-12,9581
Adelaide,Paul Seedsman,4,13,14,87.5,0,1,0,0,2,1,1,6,473,3,1,0,81,2018,Round 8,2018-05-12,9581
Adelaide,Hugh Greenwood,12,4,9,56.2,2,1,0,1,0,3,4,6,299,4,4,2,73,2018,Round 8,2018-05-12,9581
Adelaide,Richard Douglas,5,8,8,53.3,0,0,1,4,1,1,0,3,371,4,2,0,81,2018,Round 8,2018-05-12,9581
Adelaide,Luke Brown,6,8,12,80.0,0,0,0,3,0,0,0,2,410,4,7,0,77,2018,Round 8,2018-05-12,9581
Adelaide,Tom Doedee,6,9,10,66.7,0,0,0,4,0,0,0,1,195,3,6,0,91,2018,Round 8,2018-05-12,9581
Adelaide,Jake Kelly,5,8,13,92.9,2,0,0,3,0,0,0,1,252,1,6,0,93,2018,Round 8,2018-05-12,9581
Adelaide,David Mackay,3,9,9,81.8,0,0,1,1,0,1,0,5,91,1,3,1,84,2018,Round 8,2018-05-12,9581
Adelaide,Josh Jenkins,3,8,6,54.5,1,0,1,3,0,1,0,3,294,4,1,1,86,2018,Round 8,2018-05-12,9581
Adelaide,Sam Jacobs,7,3,5,62.5,0,0,0,1,0,1,3,2,109,2,2,0,78,2018,Round 8,2018-05-12,9581
Adelaide,Daniel Talia,3,3,4,50.0,0,0,0,1,0,0,0,0,179,3,4,0,99,2018,Round 8,2018-05-12,9581
Adelaide,Mitch Mcgovern,4,5,8,100.0,2,1,2,1,0,0,0,5,156,1,2,1,86,2018,Round 8,2018-05-12,9581
Adelaide,Myles Poholke,3,5,7,100.0,1,1,0,0,0,0,1,2,156,3,0,0,71,2018,Round 8,2018-05-12,9581
Adelaide,Taylor Walker,3,3,6,100.0,1,0,0,0,0,0,1,2,179,1,0,0,78,2018,Round 8,2018-05-12,9581
Adelaide,Jordan Gallucci,3,4,5,83.3,0,0,0,1,0,1,0,2,135,5,1,1,70,2018,Round 8,2018-05-12,9581
Fremantle,Nathan Fyfe,25,12,23,63.9,2,0,1,4,1,8,5,7,367,5,4,0,91,2018,Round 8,2018-05-12,9583
Fremantle,Connor Blakely,5,29,27,77.1,0,0,0,2,0,0,0,7,458,2,4,0,78,2018,Round 8,2018-05-12,9583
Fremantle,Ed Langdon,8,25,23,69.7,0,1,0,0,0,0,3,8,378,3,7,0,79,2018,Round 8,2018-05-12,9583
Fremantle,Lachie Neale,15,18,23,71.9,0,0,1,1,1,4,5,8,320,7,2,0,77,2018,Round 8,2018-05-12,9583
Fremantle,Luke Ryan,7,18,20,74.1,0,1,1,4,0,0,1,8,417,7,10,0,89,2018,Round 8,2018-05-12,9583
Fremantle,David Mundy,8,11,14,73.7,0,3,2,0,0,0,2,6,393,3,1,0,85,2018,Round 8,2018-05-12,9583
Fremantle,Michael Johnson,4,13,12,66.7,2,0,0,4,0,0,0,3,208,2,3,0,86,2018,Round 8,2018-05-12,9583
Fremantle,Danyle Pearce,4,14,11,61.1,0,0,0,0,0,1,1,4,433,6,2,0,75,2018,Round 8,2018-05-12,9583
Fremantle,Joel Hamling,6,12,15,83.3,2,0,0,7,0,0,0,2,125,1,8,0,92,2018,Round 8,2018-05-12,9583
Fremantle,Ryan Nyhuis,7,11,15,88.2,0,0,0,4,0,0,0,4,110,1,6,0,81,2018,Round 8,2018-05-12,9583
Fremantle,Andrew Brayshaw,5,11,11,68.8,0,0,0,1,0,0,1,2,282,5,3,0,69,2018,Round 8,2018-05-12,9583
Fremantle,Alex Pearce,5,8,12,80.0,0,0,0,3,0,0,0,2,158,3,7,0,92,2018,Round 8,2018-05-12,9583
Fremantle,Taylin Duman,2,13,12,80.0,0,0,0,1,0,0,1,0,185,3,4,0,82,2018,Round 8,2018-05-12,9583
Fremantle,Adam Cerra,8,6,11,78.6,0,0,0,0,0,0,2,6,151,1,2,0,81,2018,Round 8,2018-05-12,9583
Fremantle,Aaron Sandilands,8,7,10,76.9,2,0,2,4,0,0,3,4,161,2,1,0,84,2018,Round 8,2018-05-12,9583
Fremantle,Brandon Matera,5,10,9,69.2,0,2,0,2,0,0,0,5,303,4,1,0,76,2018,Round 8,2018-05-12,9583
Fremantle,Darcy Tucker,3,13,10,76.9,0,0,0,1,1,0,0,5,282,4,1,0,80,2018,Round 8,2018-05-12,9583
Fremantle,Brennan Cox,4,8,10,83.3,2,2,2,4,0,0,0,6,127,1,0,1,90,2018,Round 8,2018-05-12,9583
Fremantle,Bailey Banfield,5,9,7,58.3,0,0,0,0,0,0,2,4,165,3,2,0,79,2018,Round 8,2018-05-12,9583
Fremantle,Hayden Ballantyne,2,8,5,45.5,0,0,1,2,0,0,0,6,333,4,2,1,62,2018,Round 8,2018-05-12,9583
Fremantle,Mitchell Crowden,5,8,8,80.0,0,0,0,1,0,0,0,3,43,3,2,1,80,2018,Round 8,2018-05-12,9583
Fremantle,Cameron Mccarthy,3,4,4,57.1,0,0,1,1,0,0,0,3,80,2,0,0,91,2018,Round 8,2018-05-12,9583
St Kilda,Jimmy Webster,9,22,23,74.2,0,0,0,4,1,0,0,5,507,5,12,0,80,2018,Round 8,2018-05-12,9583
St Kilda,Luke Dunstan,13,14,13,50.0,0,0,0,1,0,0,7,1,306,5,2,1,78,2018,Round 8,2018-05-12,9583
St Kilda,Edward Phillips,7,17,19,79.2,0,0,0,0,0,0,1,4,209,1,5,0,83,2018,Round 8,2018-05-12,9583
St Kilda,Jack Steven,9,14,14,60.9,0,0,0,1,0,3,4,3,488,5,3,1,78,2018,Round 8,2018-05-12,9583
St Kilda,Sebastian Ross,5,18,19,82.6,0,0,0,2,0,1,1,4,454,8,2,0,80,2018,Round 8,2018-05-12,9583
St Kilda,Blake Acres,6,18,17,73.9,0,0,0,1,0,0,2,2,376,3,2,1,85,2018,Round 8,2018-05-12,9583
St Kilda,Jack Steele,11,13,15,65.2,1,0,0,1,0,1,1,7,175,5,4,0,83,2018,Round 8,2018-05-12,9583
St Kilda,Maverick Weller,6,13,14,73.7,1,1,0,2,0,1,0,2,160,3,3,2,88,2018,Round 8,2018-05-12,9583
St Kilda,Shane Savage,6,13,14,77.8,0,0,0,1,0,0,0,2,202,4,5,0,91,2018,Round 8,2018-05-12,9583
St Kilda,Hunter Clark,6,12,11,64.7,0,1,0,3,0,0,0,2,177,4,5,0,73,2018,Round 8,2018-05-12,9583
St Kilda,Tom Hickey,8,9,11,68.8,0,0,0,2,0,1,1,1,113,3,5,0,84,2018,Round 8,2018-05-12,9583
St Kilda,Jade Gresham,8,7,10,62.5,0,0,0,1,0,3,0,6,476,7,2,1,85,2018,Round 8,2018-05-12,9583
St Kilda,Nicholas Coffield,2,13,14,87.5,0,0,0,0,0,0,1,2,198,2,1,0,83,2018,Round 8,2018-05-12,9583
St Kilda,Jack Billings,4,11,8,53.3,0,1,1,0,0,0,1,4,256,2,0,1,93,2018,Round 8,2018-05-12,9583
St Kilda,Sam Gilbert,6,7,9,64.3,0,0,0,3,0,0,0,2,209,5,5,1,79,2018,Round 8,2018-05-12,9583
St Kilda,Jack Newnes,2,12,11,78.6,0,0,0,1,0,0,0,6,267,2,2,2,90,2018,Round 8,2018-05-12,9583
St Kilda,Tim Membrey,4,9,7,53.8,1,0,5,2,0,0,0,8,226,1,1,1,92,2018,Round 8,2018-05-12,9583
St Kilda,Jarryn Geary,1,9,8,80.0,0,0,0,2,0,0,0,2,130,1,2,0,84,2018,Round 8,2018-05-12,9583
St Kilda,Nathan Brown,4,6,9,100.0,0,0,0,3,0,0,0,2,68,0,4,0,98,2018,Round 8,2018-05-12,9583
St Kilda,David Armitage,3,5,7,87.5,1,0,0,1,0,0,0,3,71,1,1,0,80,2018,Round 8,2018-05-12,9583
St Kilda,Rowan Marshall,3,6,4,50.0,0,0,1,3,0,0,0,2,88,2,2,0,79,2018,Round 8,2018-05-12,9583
St Kilda,Jake Carlisle,2,5,5,71.4,1,0,0,0,0,0,0,0,27,2,5,0,33,2018,Round 8,2018-05-12,9583
Western Bulldogs,Jackson Macrae,18,27,37,78.7,0,3,0,1,1,1,9,10,393,5,1,3,93,2018,Round 8,2018-05-12,9582
Western Bulldogs,Lachlan Hunter,13,20,23,69.7,0,0,0,2,1,0,2,4,255,4,7,3,93,2018,Round 8,2018-05-12,9582
Western Bulldogs,Matthew Suckling,7,20,26,86.7,0,0,0,1,2,1,0,4,528,4,8,0,83,2018,Round 8,2018-05-12,9582
Western Bulldogs,Caleb Daniel,7,21,22,81.5,0,0,1,2,0,0,0,8,309,3,5,0,83,2018,Round 8,2018-05-12,9582
Western Bulldogs,Toby Mclean,13,14,21,80.8,1,2,3,1,0,2,2,8,352,4,4,0,82,2018,Round 8,2018-05-12,9582
Western Bulldogs,Marcus Bontempelli,9,15,17,70.8,1,1,4,3,1,2,3,10,238,2,1,2,87,2018,Round 8,2018-05-12,9582
Western Bulldogs,Bailey Dale,8,17,15,62.5,0,2,1,2,0,0,1,9,433,5,3,0,80,2018,Round 8,2018-05-12,9582
Western Bulldogs,Mitchell Wallis,11,14,16,69.6,0,1,1,2,0,1,1,7,108,2,2,1,85,2018,Round 8,2018-05-12,9582
Western Bulldogs,Mitch Honeychurch,12,11,18,78.3,0,0,0,3,0,3,5,5,187,5,3,1,91,2018,Round 8,2018-05-12,9582
Western Bulldogs,Bailey Williams,11,11,16,69.6,1,0,0,2,0,0,1,5,391,8,9,0,83,2018,Round 8,2018-05-12,9582
Western Bulldogs,Jason Johannisen,5,16,17,89.5,0,0,0,1,2,0,1,5,294,3,4,2,83,2018,Round 8,2018-05-12,9582
Western Bulldogs,Josh Dunkley,11,8,10,52.6,0,1,0,2,0,2,2,5,236,2,3,3,83,2018,Round 8,2018-05-12,9582
Western Bulldogs,Luke Dahlhaus,6,10,13,81.2,0,1,0,1,0,0,0,4,46,0,3,0,81,2018,Round 8,2018-05-12,9582
Western Bulldogs,Ed Richards,8,9,13,81.2,0,1,0,2,1,0,0,4,143,1,7,0,72,2018,Round 8,2018-05-12,9582
Western Bulldogs,Thomas Boyd,5,12,11,73.3,1,0,2,8,0,1,0,4,198,4,2,1,85,2018,Round 8,2018-05-12,9582
Western Bulldogs,Billy Gowers,2,13,10,66.7,0,0,3,1,1,0,0,5,279,5,0,0,81,2018,Round 8,2018-05-12,9582
Western Bulldogs,Patrick Lipinski,8,8,13,86.7,1,0,1,0,0,0,1,7,167,2,2,3,76,2018,Round 8,2018-05-12,9582
Western Bulldogs,Hayden Crozier,5,7,9,75.0,0,0,0,4,0,0,1,2,228,5,5,1,82,2018,Round 8,2018-05-12,9582
Western Bulldogs,Zaine Cordy,5,6,8,66.7,1,0,0,7,0,0,0,2,270,1,5,0,97,2018,Round 8,2018-05-12,9582
Western Bulldogs,Lukas Webb,3,6,9,100.0,0,0,0,0,0,0,1,2,130,1,0,0,77,2018,Round 8,2018-05-12,9582
Western Bulldogs,Lewis Young,3,5,5,55.6,0,0,0,12,0,0,0,1,177,4,4,0,97,2018,Round 8,2018-05-12,9582
Western Bulldogs,Aaron Naughton,0,0,0,0.0,0,0,0,0,0,0,0,0,36,1,1,0,24,2018,Round 8,2018-05-12,9582
Brisbane Lions,Dayne Zorko,18,8,16,66.7,0,2,0,1,0,2,7,9,597,8,3,1,86,2018,Round 8,2018-05-12,9582
Brisbane Lions,Tom Cutler,5,18,16,72.7,0,3,1,1,0,1,0,6,416,5,2,1,76,2018,Round 8,2018-05-12,9582
Brisbane Lions,Stefan Martin,14,8,15,75.0,1,0,0,2,0,4,0,7,99,2,4,0,91,2018,Round 8,2018-05-12,9582
Brisbane Lions,Harris Andrews,12,8,15,75.0,1,0,0,10,0,0,1,2,241,2,9,0,100,2018,Round 8,2018-05-12,9582
Brisbane Lions,Jarrod Berry,10,10,14,70.0,1,1,1,1,0,0,2,7,375,4,3,1,70,2018,Round 8,2018-05-12,9582
Brisbane Lions,Charlie Cameron,8,11,13,72.2,1,1,4,2,0,1,0,6,296,1,4,1,83,2018,Round 8,2018-05-12,9582
Brisbane Lions,Alex Witherden,1,11,14,77.8,1,0,1,3,4,0,0,3,526,7,3,0,88,2018,Round 8,2018-05-12,9582
Brisbane Lions,Dayne Beams,7,12,13,76.5,0,0,0,3,0,1,2,2,299,7,0,0,87,2018,Round 8,2018-05-12,9582
Brisbane Lions,Mitch Robinson,7,10,13,76.5,0,1,0,1,0,3,1,3,136,5,5,2,78,2018,Round 8,2018-05-12,9582
Brisbane Lions,Zac Bailey,4,12,11,64.7,1,0,0,0,0,0,2,2,124,5,1,1,76,2018,Round 8,2018-05-12,9582
Brisbane Lions,Daniel Rich,11,4,9,60.0,0,0,0,4,0,1,0,2,167,5,7,0,75,2018,Round 8,2018-05-12,9582
Brisbane Lions,Hugh Mccluggage,6,11,15,100.0,0,0,1,1,0,1,1,4,204,1,2,0,77,2018,Round 8,2018-05-12,9582
Brisbane Lions,Allen Christensen,4,9,7,50.0,1,1,0,1,0,0,0,4,246,4,2,0,80,2018,Round 8,2018-05-12,9582
Brisbane Lions,Eric Hipwood,2,12,6,42.9,1,1,4,1,0,0,0,8,225,6,1,1,81,2018,Round 8,2018-05-12,9582
Brisbane Lions,Luke Hodge,4,8,11,84.6,0,0,0,2,0,0,0,2,162,3,6,0,89,2018,Round 8,2018-05-12,9582
Brisbane Lions,Oscar Mcinerney,9,7,7,53.8,2,0,2,5,0,0,0,6,204,3,2,1,78,2018,Round 8,2018-05-12,9582
Brisbane Lions,Darcy Gardiner,7,5,12,100.0,1,0,0,4,0,0,1,1,116,0,6,0,86,2018,Round 8,2018-05-12,9582
Brisbane Lions,Daniel Mcstay,6,4,7,70.0,3,0,4,2,0,0,0,5,176,3,1,3,76,2018,Round 8,2018-05-12,9582
Brisbane Lions,Lewis Taylor,4,6,8,80.0,0,1,0,2,0,0,0,2,41,3,2,1,79,2018,Round 8,2018-05-12,9582
Brisbane Lions,Nicholas Robertson,5,5,10,100.0,0,0,0,0,0,0,3,2,189,1,3,0,75,2018,Round 8,2018-05-12,9582
Brisbane Lions,Cameron Rayner,3,6,7,77.8,0,0,1,2,0,1,0,4,65,1,1,0,81,2018,Round 8,2018-05-12,9582
Brisbane Lions,Matt Eagles,2,6,6,85.7,0,0,0,10,0,0,0,1,135,3,5,0,88,2018,Round 8,2018-05-12,9582
North Melbourne,Ben Cunnington,32,8,25,65.8,4,0,0,2,0,4,10,1,338,12,7,1,77,2018,Round 8,2018-05-13,9584
North Melbourne,Jed Anderson,16,13,19,67.9,0,1,0,3,0,3,4,6,309,5,1,0,72,2018,Round 8,2018-05-13,9584
North Melbourne,Luke Mcdonald,6,18,18,75.0,0,0,0,1,0,0,1,4,560,7,8,0,83,2018,Round 8,2018-05-13,9584
North Melbourne,Shaun Higgins,11,16,14,63.6,0,0,0,0,0,1,1,3,539,4,4,1,85,2018,Round 8,2018-05-13,9584
North Melbourne,Jack Ziebell,11,10,12,60.0,2,1,2,1,0,1,0,3,334,8,5,1,90,2018,Round 8,2018-05-13,9584
North Melbourne,Jamie Macmillan,9,10,18,90.0,0,0,0,7,0,0,1,3,399,4,9,0,82,2018,Round 8,2018-05-13,9584
North Melbourne,Ryan Clarke,4,13,15,78.9,0,0,0,0,0,0,0,1,104,3,4,1,83,2018,Round 8,2018-05-13,9584
North Melbourne,Jy Simpkin,13,5,10,55.6,0,1,0,0,0,1,4,3,111,1,4,1,68,2018,Round 8,2018-05-13,9584
North Melbourne,Trent Dumont,3,13,12,70.6,0,1,0,2,0,0,1,2,359,6,1,0,78,2018,Round 8,2018-05-13,9584
North Melbourne,Robert Tarrant,3,13,10,62.5,0,0,0,2,0,0,0,0,324,3,4,0,88,2018,Round 8,2018-05-13,9584
North Melbourne,Scott Thompson 1,2,12,7,46.7,0,0,0,3,0,0,0,2,323,5,5,0,98,2018,Round 8,2018-05-13,9584
North Melbourne,Ben Jacobs,8,8,10,66.7,1,0,0,1,0,2,1,1,98,2,3,1,76,2018,Round 8,2018-05-13,9584
North Melbourne,Billy Hartung,4,11,12,80.0,0,1,0,0,1,0,0,2,345,5,3,0,71,2018,Round 8,2018-05-13,9584
North Melbourne,Shaun Atley,5,7,9,75.0,0,1,1,0,0,0,0,6,113,0,0,2,88,2018,Round 8,2018-05-13,9584
North Melbourne,Majak Daw,8,5,9,81.8,1,0,0,6,0,0,3,3,186,2,4,0,77,2018,Round 8,2018-05-13,9584
North Melbourne,Ben Brown,7,3,7,63.6,2,2,2,1,0,0,0,8,220,1,0,0,100,2018,Round 8,2018-05-13,9584
North Melbourne,Jarrad Waite,6,4,9,90.0,1,0,1,1,0,0,0,4,144,1,2,0,81,2018,Round 8,2018-05-13,9584
North Melbourne,Samuel Wright,2,7,9,90.0,0,0,0,5,0,0,0,1,146,0,1,0,79,2018,Round 8,2018-05-13,9584
North Melbourne,Mason Wood,6,2,6,66.7,1,0,1,2,0,0,0,4,189,5,2,0,85,2018,Round 8,2018-05-13,9584
North Melbourne,Todd Goldstein,5,3,5,62.5,2,0,0,3,0,0,1,0,48,1,3,0,84,2018,Round 8,2018-05-13,9584
North Melbourne,Marley Williams,3,4,6,85.7,1,0,0,4,0,0,0,0,45,2,3,0,78,2018,Round 8,2018-05-13,9584
North Melbourne,Kayne Turner,3,5,2,33.3,1,0,0,2,1,0,0,1,84,4,0,0,79,2018,Round 8,2018-05-13,9584
Richmond,Trent Cotchin,22,18,25,67.6,0,2,0,2,0,3,4,4,437,4,5,0,81,2018,Round 8,2018-05-13,9584
Richmond,Bachar Houli,4,23,19,70.4,0,1,1,2,2,0,1,5,291,3,3,2,85,2018,Round 8,2018-05-13,9584
Richmond,Nick Vlastuin,9,18,20,76.9,1,0,0,5,1,0,0,5,377,4,15,0,87,2018,Round 8,2018-05-13,9584
Richmond,Sam Lloyd,13,10,16,66.7,1,0,0,0,0,0,3,2,273,3,8,0,74,2018,Round 8,2018-05-13,9584
Richmond,Reece Conca,11,12,16,76.2,0,0,0,4,1,2,2,6,256,4,6,1,82,2018,Round 8,2018-05-13,9584
Richmond,Josh Caddy,8,11,14,66.7,1,1,1,0,0,0,4,9,282,3,1,1,80,2018,Round 8,2018-05-13,9584
Richmond,Kane Lambert,11,12,19,90.5,0,0,2,1,0,1,2,6,186,2,5,0,81,2018,Round 8,2018-05-13,9584
Richmond,Alex Rance,9,12,18,90.0,1,0,0,8,0,0,0,0,248,3,11,0,100,2018,Round 8,2018-05-13,9584
Richmond,Toby Nankervis,9,9,14,77.8,1,0,0,4,0,2,2,3,284,4,2,1,84,2018,Round 8,2018-05-13,9584
Richmond,Jack Graham,6,13,13,72.2,0,0,0,1,0,0,1,4,274,2,4,0,72,2018,Round 8,2018-05-13,9584
Richmond,Shane Edwards,2,15,11,64.7,0,0,1,2,0,1,0,7,369,6,0,0,77,2018,Round 8,2018-05-13,9584
Richmond,Dustin Martin,3,14,10,62.5,0,3,0,1,3,1,0,4,183,4,0,1,79,2018,Round 8,2018-05-13,9584
Richmond,Jayden Short,8,7,14,87.5,0,0,0,3,0,0,1,2,326,3,8,0,70,2018,Round 8,2018-05-13,9584
Richmond,David Astbury,3,12,10,66.7,2,0,0,3,0,0,0,0,260,4,4,0,96,2018,Round 8,2018-05-13,9584
Richmond,Jack Riewoldt,6,7,7,50.0,2,0,3,2,0,0,0,5,253,4,2,5,96,2018,Round 8,2018-05-13,9584
Richmond,Kamdyn Mcintosh,4,12,10,71.4,0,0,0,4,0,1,0,3,320,2,4,0,68,2018,Round 8,2018-05-13,9584
Richmond,Jack Higgins,5,10,7,50.0,0,1,1,1,0,0,1,5,169,2,3,1,71,2018,Round 8,2018-05-13,9584
Richmond,Jacob Townsend,7,3,6,54.5,0,1,1,2,0,0,0,2,175,6,0,5,94,2018,Round 8,2018-05-13,9584
Richmond,Daniel Butler,2,9,6,60.0,0,0,1,0,0,1,0,3,186,2,0,1,81,2018,Round 8,2018-05-13,9584
Richmond,Nathan Broad,2,7,7,77.8,1,0,0,7,0,0,0,1,98,3,3,0,75,2018,Round 8,2018-05-13,9584
Richmond,Dylan Grimes,2,5,5,71.4,0,1,0,4,1,0,1,2,159,2,0,0,90,2018,Round 8,2018-05-13,9584
Richmond,Jason Castagna,3,1,6,100.0,0,0,1,0,1,0,0,2,97,3,0,0,76,2018,Round 8,2018-05-13,9584
Collingwood,Adam Treloar,12,24,21,61.8,0,0,1,0,3,0,6,9,586,8,2,2,88,2018,Round 8,2018-05-13,9585
Collingwood,Jack Crisp,11,21,19,59.4,0,1,0,3,3,0,4,7,642,8,8,1,89,2018,Round 8,2018-05-13,9585
Collingwood,Steele Sidebottom,9,22,22,73.3,0,0,0,0,4,0,1,5,420,3,2,0,87,2018,Round 8,2018-05-13,9585
Collingwood,Jeremy Howe,4,26,23,76.7,0,0,0,8,0,0,0,6,468,4,8,0,98,2018,Round 8,2018-05-13,9585
Collingwood,Matthew Scharenberg,9,19,24,82.8,2,0,0,8,0,0,0,6,320,3,13,0,89,2018,Round 8,2018-05-13,9585
Collingwood,Christopher Mayne,8,16,18,72.0,0,0,0,2,0,1,2,6,154,2,3,1,89,2018,Round 8,2018-05-13,9585
Collingwood,Taylor Adams,11,13,18,72.0,0,0,0,2,1,3,5,7,311,3,2,1,82,2018,Round 8,2018-05-13,9585
Collingwood,Jordan De Goey,9,14,17,77.3,1,0,1,0,0,1,2,7,353,5,3,1,79,2018,Round 8,2018-05-13,9585
Collingwood,Brodie Grundy,14,9,13,68.4,1,0,0,4,1,1,1,6,258,5,4,0,90,2018,Round 8,2018-05-13,9585
Collingwood,Samuel Murray,3,17,12,63.2,0,0,0,3,2,0,0,4,354,3,4,0,81,2018,Round 8,2018-05-13,9585
Collingwood,Josh Thomas,8,10,13,72.2,0,0,0,1,0,1,1,3,111,3,1,1,87,2018,Round 8,2018-05-13,9585
Collingwood,Will Hoskin Elliott,4,11,13,81.2,0,1,0,2,1,0,0,6,225,1,0,1,97,2018,Round 8,2018-05-13,9585
Collingwood,Flynn Appleby,3,13,13,86.7,0,0,0,4,0,0,0,3,136,2,5,0,82,2018,Round 8,2018-05-13,9585
Collingwood,Callum Brown,6,8,5,35.7,0,0,1,1,0,0,0,5,59,5,1,0,90,2018,Round 8,2018-05-13,9585
Collingwood,Daniel Wells,4,9,9,69.2,0,1,2,0,0,0,1,8,296,2,2,2,70,2018,Round 8,2018-05-13,9585
Collingwood,Tom Phillips,3,8,8,72.7,0,0,0,2,0,0,0,4,212,1,1,0,45,2018,Round 8,2018-05-13,9585
Collingwood,Ben Crocker,5,6,7,63.6,1,0,2,0,0,1,0,3,268,3,0,0,86,2018,Round 8,2018-05-13,9585
Collingwood,Jaidyn Stephenson,4,7,9,81.8,0,0,0,3,0,0,1,2,35,2,1,0,90,2018,Round 8,2018-05-13,9585
Collingwood,Travis Varcoe,5,6,7,70.0,0,0,0,2,0,0,0,5,126,3,6,0,79,2018,Round 8,2018-05-13,9585
Collingwood,Lynden Dunn,2,6,5,55.6,1,0,0,8,0,0,0,2,190,3,3,0,92,2018,Round 8,2018-05-13,9585
Collingwood,Mason Cox,7,3,8,88.9,3,0,1,4,0,0,0,4,73,2,1,1,93,2018,Round 8,2018-05-13,9585
Collingwood,Darcy Moore,0,4,2,66.7,0,0,0,0,0,0,0,1,64,1,0,0,17,2018,Round 8,2018-05-13,9585
Geelong,Gary Jnr Ablett,8,24,23,71.9,0,1,0,1,0,0,4,6,300,7,1,0,84,2018,Round 8,2018-05-13,9585
Geelong,Thomas Stewart,12,13,22,78.6,2,0,0,5,2,1,1,1,474,6,12,0,85,2018,Round 8,2018-05-13,9585
Geelong,Patrick Dangerfield,12,14,17,65.4,0,1,0,1,1,0,2,7,522,4,0,4,88,2018,Round 8,2018-05-13,9585
Geelong,Joel Selwood,12,11,12,48.0,0,0,0,1,0,2,2,6,285,4,3,1,80,2018,Round 8,2018-05-13,9585
Geelong,Mitchell Duncan,11,13,19,76.0,0,1,0,0,2,0,6,7,326,2,3,0,75,2018,Round 8,2018-05-13,9585
Geelong,Sam Menegola,13,12,16,66.7,2,1,1,0,0,2,2,7,434,5,4,1,80,2018,Round 8,2018-05-13,9585
Geelong,Tim Kelly,10,16,17,77.3,0,0,0,1,2,1,5,2,336,5,1,0,81,2018,Round 8,2018-05-13,9585
Geelong,Harry Taylor,6,14,17,85.0,1,0,1,4,0,0,0,3,380,4,6,0,86,2018,Round 8,2018-05-13,9585
Geelong,Zach Tuohy,7,6,15,83.3,0,0,0,1,0,0,0,1,399,4,8,0,90,2018,Round 8,2018-05-13,9585
Geelong,Jordan Cunico,3,14,10,55.6,0,0,1,0,0,0,1,3,330,5,3,0,88,2018,Round 8,2018-05-13,9585
Geelong,Mark Blicavs,4,12,13,76.5,1,0,0,5,0,0,1,2,204,2,5,0,97,2018,Round 8,2018-05-13,9585
Geelong,James Parsons,5,10,11,64.7,0,0,0,1,0,1,0,3,33,6,4,1,81,2018,Round 8,2018-05-13,9585
Geelong,Jackson Thurlow,5,12,12,75.0,0,0,0,1,0,0,1,2,328,0,2,0,81,2018,Round 8,2018-05-13,9585
Geelong,George Horlin Smith,3,11,12,80.0,0,1,0,0,0,1,0,4,230,1,1,2,58,2018,Round 8,2018-05-13,9585
Geelong,Esava Ratugolea,11,4,9,60.0,3,1,1,2,0,0,0,8,191,3,2,0,78,2018,Round 8,2018-05-13,9585
Geelong,Stewart Crameri,5,7,7,63.6,0,0,1,0,0,0,0,4,192,2,2,0,85,2018,Round 8,2018-05-13,9585
Geelong,Zac Smith,3,7,7,70.0,0,0,0,3,0,0,0,2,32,0,3,0,72,2018,Round 8,2018-05-13,9585
Geelong,Cory Gregson,8,4,7,70.0,1,0,1,1,0,0,1,2,106,4,1,1,86,2018,Round 8,2018-05-13,9585
Geelong,Jordan Murdoch,4,7,8,88.9,1,0,0,2,0,0,0,2,190,3,3,0,87,2018,Round 8,2018-05-13,9585
Geelong,Jed Bews,1,6,5,71.4,0,0,0,2,0,0,0,0,17,0,1,0,75,2018,Round 8,2018-05-13,9585
Geelong,Jake Kolodjashnij,4,3,6,85.7,1,0,0,5,0,0,1,2,42,1,4,0,86,2018,Round 8,2018-05-13,9585
Geelong,Jack Henry,3,4,3,50.0,1,0,0,2,0,0,0,0,140,2,3,0,79,2018,Round 8,2018-05-13,9585
Adelaide,Rory Laird,15,10,16,57.1,1,0,0,3,0,0,1,1,381,6,14,0,81,2018,Round 9,2018-05-18,9586
Adelaide,Cameron Ellis Yolmen,21,5,12,44.4,0,0,1,1,0,1,5,2,452,8,6,0,76,2018,Round 9,2018-05-18,9586
Adelaide,Bryce Gibbs,17,9,11,42.3,0,0,1,1,0,3,7,4,529,11,6,1,78,2018,Round 9,2018-05-18,9586
Adelaide,Paul Seedsman,14,8,9,40.9,0,1,0,1,0,1,5,5,634,6,6,0,77,2018,Round 9,2018-05-18,9586
Adelaide,Richard Douglas,12,9,10,47.6,0,0,0,2,0,0,4,0,522,10,6,1,84,2018,Round 9,2018-05-18,9586
Adelaide,Sam Gibson,11,11,10,50.0,0,0,0,0,0,2,3,1,233,6,1,2,80,2018,Round 9,2018-05-18,9586
Adelaide,Hugh Greenwood,19,1,10,50.0,1,1,0,0,0,1,9,2,249,6,3,4,69,2018,Round 9,2018-05-18,9586
Adelaide,Edward Betts,9,5,9,60.0,1,0,2,1,0,0,0,5,198,2,2,1,78,2018,Round 9,2018-05-18,9586
Adelaide,David Mackay,7,8,11,73.3,0,0,0,3,0,0,2,1,454,4,3,0,89,2018,Round 9,2018-05-18,9586
Adelaide,Tom Lynch,11,3,8,53.3,1,0,0,2,0,0,3,2,148,5,2,1,85,2018,Round 9,2018-05-18,9586
Adelaide,Tom Doedee,8,6,8,53.3,1,0,0,10,0,0,0,0,304,6,5,0,83,2018,Round 9,2018-05-18,9586
Adelaide,Andy Otten,10,5,8,57.1,1,0,1,4,0,0,0,0,171,4,9,0,85,2018,Round 9,2018-05-18,9586
Adelaide,Daniel Talia,7,6,9,64.3,0,0,0,14,0,0,0,0,194,3,11,0,96,2018,Round 9,2018-05-18,9586
Adelaide,Myles Poholke,7,6,6,50.0,1,0,0,2,0,0,0,1,216,5,2,2,74,2018,Round 9,2018-05-18,9586
Adelaide,Jake Kelly,5,3,7,63.6,0,0,0,5,0,0,1,0,232,3,5,0,91,2018,Round 9,2018-05-18,9586
Adelaide,Kyle Hartigan,7,3,6,60.0,1,0,0,4,0,0,0,0,194,4,8,0,87,2018,Round 9,2018-05-18,9586
Adelaide,Rory Atkins,5,3,5,55.6,0,0,0,1,0,0,0,1,225,2,3,0,84,2018,Round 9,2018-05-18,9586
Adelaide,Josh Jenkins,6,2,4,50.0,0,0,0,2,0,0,0,3,182,4,1,3,97,2018,Round 9,2018-05-18,9586
Adelaide,Jordan Gallucci,5,4,5,62.5,0,1,1,1,0,1,2,2,209,1,2,2,79,2018,Round 9,2018-05-18,9586
Adelaide,Lachlan Murphy,6,3,4,50.0,0,0,0,1,0,0,1,3,121,2,1,4,75,2018,Round 9,2018-05-18,9586
Adelaide,Darcy Fogarty,7,2,3,42.9,0,1,1,4,0,0,0,2,192,3,2,0,69,2018,Round 9,2018-05-18,9586
Adelaide,Sam Jacobs,4,1,2,40.0,1,0,0,3,0,0,1,1,126,2,1,0,86,2018,Round 9,2018-05-18,9586
Western Bulldogs,Jackson Macrae,25,12,26,72.2,1,0,0,4,0,2,8,5,235,3,8,1,89,2018,Round 9,2018-05-18,9586
Western Bulldogs,Marcus Bontempelli,18,9,18,64.3,0,0,0,7,0,2,7,6,288,4,3,1,82,2018,Round 9,2018-05-18,9586
Western Bulldogs,Luke Dahlhaus,7,15,15,60.0,0,0,1,1,0,0,2,3,202,4,3,1,81,2018,Round 9,2018-05-18,9586
Western Bulldogs,Bailey Williams,12,6,11,45.8,1,0,0,6,0,0,0,2,469,7,15,0,79,2018,Round 9,2018-05-18,9586
Western Bulldogs,Lachlan Hunter,10,11,11,47.8,0,0,2,1,0,0,2,2,281,4,4,0,93,2018,Round 9,2018-05-18,9586
Western Bulldogs,Toby Mclean,10,12,14,63.6,0,0,0,2,0,1,1,2,203,7,7,3,83,2018,Round 9,2018-05-18,9586
Western Bulldogs,Jackson Trengove,10,9,11,52.4,1,0,0,10,0,0,0,1,460,8,12,0,94,2018,Round 9,2018-05-18,9586
Western Bulldogs,Mitchell Wallis,14,8,8,40.0,0,0,0,3,0,0,1,4,240,5,2,1,82,2018,Round 9,2018-05-18,9586
Western Bulldogs,Matthew Suckling,4,12,10,52.6,0,0,0,3,1,0,3,4,488,11,1,0,79,2018,Round 9,2018-05-18,9586
Western Bulldogs,Easton Wood,7,6,12,66.7,0,0,0,7,0,0,0,1,363,6,12,0,82,2018,Round 9,2018-05-18,9586
Western Bulldogs,Jason Johannisen,7,8,11,61.1,0,0,1,0,0,0,1,7,277,1,2,0,84,2018,Round 9,2018-05-18,9586
Western Bulldogs,Hayden Crozier,9,8,10,55.6,0,0,0,3,0,0,1,1,190,7,9,0,85,2018,Round 9,2018-05-18,9586
Western Bulldogs,Zaine Cordy,8,10,13,72.2,2,0,0,7,0,0,0,0,453,7,11,0,97,2018,Round 9,2018-05-18,9586
Western Bulldogs,Caleb Daniel,8,8,10,58.8,0,0,0,2,0,0,1,2,242,3,8,1,74,2018,Round 9,2018-05-18,9586
Western Bulldogs,Lukas Webb,7,7,6,42.9,0,0,0,2,0,0,0,2,168,4,1,0,68,2018,Round 9,2018-05-18,9586
Western Bulldogs,Patrick Lipinski,9,5,6,42.9,0,0,0,0,0,0,0,3,198,4,0,4,83,2018,Round 9,2018-05-18,9586
Western Bulldogs,Jordan Roughead,6,6,6,50.0,0,0,0,10,0,1,1,3,101,3,1,1,78,2018,Round 9,2018-05-18,9586
Western Bulldogs,Josh Dunkley,2,10,6,50.0,0,0,0,1,0,0,0,2,116,2,0,1,72,2018,Round 9,2018-05-18,9586
Western Bulldogs,Ed Richards,5,4,6,50.0,0,0,0,4,0,0,1,1,206,3,4,0,85,2018,Round 9,2018-05-18,9586
Western Bulldogs,Thomas Boyd,6,2,5,55.6,1,0,0,10,0,0,0,1,72,1,2,0,83,2018,Round 9,2018-05-18,9586
Western Bulldogs,Bailey Dale,5,4,4,44.4,0,0,0,0,0,0,0,3,127,2,0,0,72,2018,Round 9,2018-05-18,9586
Western Bulldogs,Billy Gowers,4,5,3,33.3,1,0,1,1,0,0,0,3,190,3,0,3,76,2018,Round 9,2018-05-18,9586
Gold Coast,Aaron Hall,9,16,20,69.0,1,0,0,3,0,0,3,1,479,10,9,0,82,2018,Round 9,2018-05-19,9588
Gold Coast,Jarrod Harbrow,8,17,19,70.4,0,0,0,4,0,0,0,1,579,7,11,0,87,2018,Round 9,2018-05-19,9588
Gold Coast,Nicholas Holman,16,9,14,56.0,0,0,0,1,0,1,3,3,319,5,4,1,79,2018,Round 9,2018-05-19,9588
Gold Coast,Jarryd Lyons,10,11,9,40.9,1,0,0,3,0,1,4,0,348,10,5,0,78,2018,Round 9,2018-05-19,9588
Gold Coast,Jarrod Witts,18,5,15,68.2,0,0,0,3,0,0,12,4,329,3,1,0,84,2018,Round 9,2018-05-19,9588
Gold Coast,Touk Miller,15,8,15,71.4,0,0,0,4,0,0,8,2,183,1,1,1,92,2018,Round 9,2018-05-19,9588
Gold Coast,Lachlan Weller,6,13,14,73.7,0,2,0,1,0,1,1,3,340,4,5,1,87,2018,Round 9,2018-05-19,9588
Gold Coast,Ben Ainsworth,9,12,12,63.2,0,0,0,4,0,0,4,0,443,6,2,2,76,2018,Round 9,2018-05-19,9588
Gold Coast,David Swallow,11,7,11,61.1,0,0,0,4,0,3,2,1,215,4,2,0,80,2018,Round 9,2018-05-19,9588
Gold Coast,Steven May,8,9,9,56.2,1,0,0,4,0,0,2,0,334,5,6,1,90,2018,Round 9,2018-05-19,9588
Gold Coast,Michael Rischitelli,9,5,7,46.7,1,0,0,4,0,0,2,1,274,3,6,0,75,2018,Round 9,2018-05-19,9588
Gold Coast,Aaron Young,5,9,5,33.3,0,0,0,2,0,0,0,0,225,6,2,1,90,2018,Round 9,2018-05-19,9588
Gold Coast,Bradley Scheer,7,6,6,46.2,0,0,0,0,0,0,3,0,154,3,0,0,75,2018,Round 9,2018-05-19,9588
Gold Coast,Rory Thompson,6,5,10,90.9,0,0,0,12,0,0,0,0,207,1,9,0,100,2018,Round 9,2018-05-19,9588
Gold Coast,Callum Ah Chee,6,4,3,27.3,1,0,1,2,0,0,0,1,222,8,5,1,83,2018,Round 9,2018-05-19,9588
Gold Coast,Alex Sexton,2,6,3,30.0,0,1,0,2,1,0,0,2,211,4,2,0,84,2018,Round 9,2018-05-19,9588
Gold Coast,Jacob Heron,6,3,7,70.0,0,1,0,0,0,0,1,2,75,2,1,2,86,2018,Round 9,2018-05-19,9588
Gold Coast,Matthew Rosa,3,5,4,50.0,0,0,0,1,0,0,1,2,48,1,1,0,44,2018,Round 9,2018-05-19,9588
Gold Coast,Jack Bowes,10,0,3,42.9,1,0,0,4,0,0,0,1,151,2,2,2,84,2018,Round 9,2018-05-19,9588
Gold Coast,Brayden Crossley,4,3,5,71.4,0,0,0,3,0,0,1,0,152,3,1,1,73,2018,Round 9,2018-05-19,9588
Gold Coast,Charlie Ballard,5,1,3,50.0,0,0,0,2,1,0,0,1,106,3,1,1,85,2018,Round 9,2018-05-19,9588
Gold Coast,Jack Leslie,1,4,5,100.0,0,0,0,3,0,0,0,2,88,0,3,0,85,2018,Round 9,2018-05-19,9588
Port Adelaide,Travis Boak,16,11,17,58.6,0,0,1,0,0,2,6,6,505,7,6,1,74,2018,Round 9,2018-05-19,9588
Port Adelaide,Tom Rockliff,13,11,11,42.3,0,0,0,1,0,1,5,4,381,6,4,3,68,2018,Round 9,2018-05-19,9588
Port Adelaide,Oliver Wines,11,14,18,69.2,0,0,0,1,0,2,2,5,395,5,5,1,67,2018,Round 9,2018-05-19,9588
Port Adelaide,Darcy Byrne Jones,12,13,13,50.0,0,0,0,4,0,0,4,4,660,5,14,0,88,2018,Round 9,2018-05-19,9588
Port Adelaide,Sam Powell Pepper,17,11,13,50.0,0,1,1,5,0,2,5,9,510,9,5,2,85,2018,Round 9,2018-05-19,9588
Port Adelaide,Jared Polec,10,7,11,55.0,0,1,0,2,1,0,4,5,365,3,3,0,78,2018,Round 9,2018-05-19,9588
Port Adelaide,Charlie Dixon,13,4,13,72.2,1,0,1,3,0,1,0,6,195,2,2,2,92,2018,Round 9,2018-05-19,9588
Port Adelaide,Tom Clurey,2,14,13,76.5,0,1,0,8,0,0,0,2,387,3,6,0,89,2018,Round 9,2018-05-19,9588
Port Adelaide,Sam Gray,6,11,9,52.9,1,0,2,2,0,0,0,5,400,4,2,0,85,2018,Round 9,2018-05-19,9588
Port Adelaide,Riley Bonner,5,12,10,58.8,0,0,0,6,0,0,0,1,422,4,6,0,79,2018,Round 9,2018-05-19,9588
Port Adelaide,Justin Westhoff,8,8,11,68.8,1,0,0,7,0,2,3,5,408,3,1,2,82,2018,Round 9,2018-05-19,9588
Port Adelaide,Thomas Jonas,7,10,12,75.0,1,0,0,6,0,0,1,2,209,4,8,0,91,2018,Round 9,2018-05-19,9588
Port Adelaide,Chad Wingard,8,8,7,43.8,1,0,3,2,0,0,1,11,345,3,1,0,95,2018,Round 9,2018-05-19,9588
Port Adelaide,Robert Gray,11,6,5,33.3,1,0,1,4,0,1,2,5,325,5,2,1,97,2018,Round 9,2018-05-19,9588
Port Adelaide,Dan Houston,8,7,9,64.3,1,0,0,3,0,0,1,0,124,2,5,0,84,2018,Round 9,2018-05-19,9588
Port Adelaide,Jack Watts,7,6,10,76.9,0,1,0,2,0,1,0,4,112,3,3,0,69,2018,Round 9,2018-05-19,9588
Port Adelaide,Jake Neade,8,4,7,53.8,0,1,0,1,0,0,0,7,127,2,3,3,85,2018,Round 9,2018-05-19,9588
Port Adelaide,Bradley Ebert,5,8,7,58.3,0,1,0,3,0,1,0,3,219,3,3,0,73,2018,Round 9,2018-05-19,9588
Port Adelaide,Dougal Howard,2,4,7,87.5,1,0,0,10,0,0,0,2,131,1,7,0,81,2018,Round 9,2018-05-19,9588
Port Adelaide,Jack Hombsch,1,6,5,71.4,0,0,0,4,0,0,0,0,71,3,2,0,88,2018,Round 9,2018-05-19,9588
Port Adelaide,Patrick Ryder,6,2,4,66.7,2,0,0,6,0,1,0,4,112,1,2,0,79,2018,Round 9,2018-05-19,9588
Port Adelaide,Steven Motlop,3,1,1,20.0,0,0,0,2,0,0,0,0,19,1,1,0,72,2018,Round 9,2018-05-19,9588
North Melbourne,Shaun Higgins,5,24,18,64.3,0,1,0,0,2,1,1,5,609,8,3,0,87,2018,Round 9,2018-05-19,9587
North Melbourne,Jed Anderson,17,9,18,69.2,0,1,1,1,0,2,6,6,221,5,2,1,74,2018,Round 9,2018-05-19,9587
North Melbourne,Luke Mcdonald,3,20,17,68.0,0,2,0,1,0,0,1,6,413,5,4,0,91,2018,Round 9,2018-05-19,9587
North Melbourne,Jarrad Waite,10,12,14,63.6,1,0,2,2,0,0,2,6,448,6,7,0,93,2018,Round 9,2018-05-19,9587
North Melbourne,Trent Dumont,7,16,10,47.6,0,0,2,3,0,1,3,6,318,2,4,2,82,2018,Round 9,2018-05-19,9587
North Melbourne,Ben Cunnington,12,7,11,57.9,0,0,0,0,0,2,4,3,279,8,5,1,72,2018,Round 9,2018-05-19,9587
North Melbourne,Ryan Clarke,4,15,11,57.9,0,0,0,0,0,0,0,5,317,2,2,0,79,2018,Round 9,2018-05-19,9587
North Melbourne,Todd Goldstein,12,6,13,76.5,1,2,1,2,0,2,3,8,146,2,2,2,80,2018,Round 9,2018-05-19,9587
North Melbourne,Jy Simpkin,10,8,12,70.6,0,0,0,1,0,1,4,3,147,2,1,2,65,2018,Round 9,2018-05-19,9587
North Melbourne,Jack Ziebell,5,11,11,73.3,2,1,1,2,0,0,1,8,410,3,1,2,89,2018,Round 9,2018-05-19,9587
North Melbourne,Billy Hartung,6,9,12,80.0,0,0,0,1,1,2,0,3,139,1,3,2,82,2018,Round 9,2018-05-19,9587
North Melbourne,Ben Jacobs,9,6,12,85.7,0,2,0,1,0,2,3,4,156,4,3,0,78,2018,Round 9,2018-05-19,9587
North Melbourne,Robert Tarrant,2,10,9,69.2,1,0,1,2,0,0,0,3,314,3,6,0,90,2018,Round 9,2018-05-19,9587
North Melbourne,Samuel Wright,5,8,8,61.5,0,0,0,1,0,0,0,0,160,5,6,0,91,2018,Round 9,2018-05-19,9587
North Melbourne,Marley Williams,7,8,10,76.9,1,0,0,1,0,0,0,4,182,4,5,0,85,2018,Round 9,2018-05-19,9587
North Melbourne,Ben Brown,8,4,10,76.9,4,1,5,2,0,0,0,9,246,1,1,0,96,2018,Round 9,2018-05-19,9587
North Melbourne,Kayne Turner,7,8,9,69.2,0,0,0,2,0,0,2,6,66,2,2,1,71,2018,Round 9,2018-05-19,9587
North Melbourne,Shaun Atley,9,4,9,75.0,0,1,1,1,0,1,1,2,53,0,3,1,76,2018,Round 9,2018-05-19,9587
North Melbourne,Scott Thompson 1,5,6,9,81.8,1,0,0,6,0,0,0,2,338,5,5,0,92,2018,Round 9,2018-05-19,9587
North Melbourne,Jamie Macmillan,3,6,6,54.5,0,1,0,2,0,0,0,2,258,3,4,0,82,2018,Round 9,2018-05-19,9587
North Melbourne,Majak Daw,6,2,6,66.7,1,1,0,4,0,0,1,1,40,1,5,0,72,2018,Round 9,2018-05-19,9587
North Melbourne,Mason Wood,3,6,6,100.0,0,0,1,3,0,0,0,3,113,2,0,2,71,2018,Round 9,2018-05-19,9587
Greater Western Sydney,Stephen Coniglio,10,19,16,64.0,1,1,1,1,0,4,1,9,163,9,3,0,86,2018,Round 9,2018-05-19,9587
Greater Western Sydney,Dylan Shiel,7,16,16,66.7,0,1,0,2,0,0,2,7,391,5,4,0,80,2018,Round 9,2018-05-19,9587
Greater Western Sydney,Jacob Hopper,10,13,15,62.5,1,0,0,3,0,1,4,8,336,1,3,1,83,2018,Round 9,2018-05-19,9587
Greater Western Sydney,Callan Ward,11,8,14,73.7,1,0,0,2,0,1,2,1,71,2,4,0,83,2018,Round 9,2018-05-19,9587
Greater Western Sydney,Lachie Whitfield,7,11,15,78.9,0,0,0,2,0,0,1,8,168,0,4,2,89,2018,Round 9,2018-05-19,9587
Greater Western Sydney,Aidan Corr,4,14,14,73.7,0,0,0,8,0,0,0,5,378,5,7,0,89,2018,Round 9,2018-05-19,9587
Greater Western Sydney,Tim Taranto,4,16,12,63.2,0,1,0,1,0,0,2,5,335,7,4,0,78,2018,Round 9,2018-05-19,9587
Greater Western Sydney,Harry Perryman,10,9,13,68.4,0,0,0,0,0,1,2,3,137,2,4,1,67,2018,Round 9,2018-05-19,9587
Greater Western Sydney,Adam Tomlinson,4,14,16,88.9,0,0,0,6,0,0,1,4,214,4,4,0,90,2018,Round 9,2018-05-19,9587
Greater Western Sydney,Ryan Griffen,8,9,12,75.0,1,0,0,2,0,0,0,4,338,2,2,0,80,2018,Round 9,2018-05-19,9587
Greater Western Sydney,Nick Haynes,10,7,10,62.5,2,1,0,5,0,0,0,2,329,6,11,0,83,2018,Round 9,2018-05-19,9587
Greater Western Sydney,Heath Shaw,7,7,7,46.7,0,0,1,4,1,1,1,5,360,3,2,0,95,2018,Round 9,2018-05-19,9587
Greater Western Sydney,Harrison Himmelberg,7,9,8,53.3,0,0,0,3,0,0,0,3,234,7,4,0,88,2018,Round 9,2018-05-19,9587
Greater Western Sydney,Daniel Lloyd,8,6,11,73.3,1,1,2,1,0,0,0,7,156,1,3,1,79,2018,Round 9,2018-05-19,9587
Greater Western Sydney,Jeremy Cameron,5,9,8,57.1,1,0,2,2,0,0,0,7,226,3,1,1,88,2018,Round 9,2018-05-19,9587
Greater Western Sydney,Jeremy Finlayson,5,8,12,85.7,2,0,0,3,0,0,0,2,286,5,6,0,86,2018,Round 9,2018-05-19,9587
Greater Western Sydney,Tim Mohr,5,5,9,90.0,0,0,0,5,0,0,0,2,344,3,7,0,87,2018,Round 9,2018-05-19,9587
Greater Western Sydney,Rory Lobb,6,4,8,88.9,3,0,1,5,0,2,0,3,147,2,2,1,85,2018,Round 9,2018-05-19,9587
Greater Western Sydney,Samuel Reid,4,5,5,55.6,0,1,1,0,0,0,1,4,207,3,0,3,74,2018,Round 9,2018-05-19,9587
Greater Western Sydney,Lachlan Keeffe,6,2,3,37.5,0,0,0,3,0,0,2,2,75,0,0,0,84,2018,Round 9,2018-05-19,9587
Greater Western Sydney,Isaac Cumming,4,5,7,87.5,0,0,0,2,0,1,1,3,60,1,0,0,53,2018,Round 9,2018-05-19,9587
Greater Western Sydney,Zac Giles Langdon,4,3,5,83.3,0,1,1,3,0,0,0,4,63,2,0,1,74,2018,Round 9,2018-05-19,9587
Essendon,David Zaharakis,7,24,26,78.8,0,0,0,1,0,0,0,3,246,5,4,0,86,2018,Round 9,2018-05-19,9589
Essendon,Zachary Merrett,11,18,25,78.1,0,1,0,0,0,2,4,5,326,2,5,1,81,2018,Round 9,2018-05-19,9589
Essendon,Dyson Heppell,16,13,14,50.0,1,0,0,1,0,2,3,5,361,4,4,0,88,2018,Round 9,2018-05-19,9589
Essendon,Jordan Ridley,5,20,20,80.0,0,0,0,0,1,0,0,2,266,4,4,0,79,2018,Round 9,2018-05-19,9589
Essendon,Brendon Goddard,4,21,18,75.0,2,1,0,2,0,0,1,8,322,3,4,0,93,2018,Round 9,2018-05-19,9589
Essendon,Cale Hooker,13,7,16,76.2,4,0,0,6,1,0,0,4,203,2,15,0,98,2018,Round 9,2018-05-19,9589
Essendon,Jake Stringer,10,10,11,57.9,2,1,3,3,0,0,1,5,426,5,1,1,88,2018,Round 9,2018-05-19,9589
Essendon,Devon Smith,8,11,11,61.1,0,0,0,1,1,0,3,5,247,4,4,2,85,2018,Round 9,2018-05-19,9589
Essendon,Orazio Fantasia,9,10,12,66.7,0,0,2,1,2,0,2,7,308,5,3,4,75,2018,Round 9,2018-05-19,9589
Essendon,Adam Saad,6,13,15,83.3,0,0,0,1,5,0,0,2,345,2,6,0,81,2018,Round 9,2018-05-19,9589
Essendon,Conor Mckenna,4,13,14,77.8,1,0,0,2,1,0,0,5,462,1,3,0,78,2018,Round 9,2018-05-19,9589
Essendon,Shaun Mckernan,9,7,11,68.8,1,0,5,0,0,1,4,10,292,1,1,0,87,2018,Round 9,2018-05-19,9589
Essendon,Mark Baguley,6,11,13,81.2,0,2,0,3,0,0,0,7,335,3,1,4,84,2018,Round 9,2018-05-19,9589
Essendon,James Stewart,7,8,12,75.0,1,0,1,0,0,0,0,5,192,2,1,2,85,2018,Round 9,2018-05-19,9589
Essendon,Kyle Langford,7,9,11,68.8,0,0,0,1,0,0,6,3,310,4,0,1,75,2018,Round 9,2018-05-19,9589
Essendon,Matthew Dea,1,14,13,86.7,0,0,0,3,0,0,0,2,94,1,7,0,86,2018,Round 9,2018-05-19,9589
Essendon,Patrick Ambrose,3,11,13,86.7,2,0,0,6,0,0,0,2,205,3,4,0,94,2018,Round 9,2018-05-19,9589
Essendon,Anthony Mcdonald Tipungwuti,7,8,11,73.3,0,2,1,0,2,0,0,7,227,4,5,1,77,2018,Round 9,2018-05-19,9589
Essendon,Matt Guelfi,4,10,8,57.1,0,0,0,1,0,0,2,2,343,4,1,2,68,2018,Round 9,2018-05-19,9589
Essendon,Dylan Clarke,3,6,2,22.2,0,1,0,0,0,0,1,2,114,2,0,0,68,2018,Round 9,2018-05-19,9589
Essendon,Tom Bellchambers,5,2,4,50.0,1,0,1,0,0,1,1,2,125,2,2,0,73,2018,Round 9,2018-05-19,9589
Essendon,Jayden Laverde,4,4,6,75.0,1,0,0,1,0,1,1,3,129,2,1,1,70,2018,Round 9,2018-05-19,9589
Geelong,Joel Selwood,12,20,18,60.0,0,0,1,2,1,3,1,3,162,3,2,0,81,2018,Round 9,2018-05-19,9589
Geelong,Patrick Dangerfield,13,12,19,70.4,3,1,0,3,0,3,3,5,421,7,5,0,85,2018,Round 9,2018-05-19,9589
Geelong,Zach Tuohy,8,19,22,81.5,1,0,0,1,0,1,1,6,744,8,9,0,97,2018,Round 9,2018-05-19,9589
Geelong,Mitchell Duncan,7,20,22,84.6,0,0,0,4,2,0,4,6,421,3,2,0,79,2018,Round 9,2018-05-19,9589
Geelong,Tom Hawkins,11,8,16,80.0,5,2,3,1,0,0,0,9,226,4,1,2,93,2018,Round 9,2018-05-19,9589
Geelong,Mark Blicavs,6,12,12,66.7,0,0,0,8,0,0,1,2,261,5,5,0,87,2018,Round 9,2018-05-19,9589
Geelong,Gary Jnr Ablett,8,10,10,58.8,0,0,0,0,1,1,0,3,224,5,2,0,79,2018,Round 9,2018-05-19,9589
Geelong,George Horlin Smith,3,14,10,58.8,0,0,0,0,0,1,2,2,345,4,0,0,75,2018,Round 9,2018-05-19,9589
Geelong,Sam Menegola,5,11,12,75.0,0,0,0,1,0,1,0,4,127,1,1,1,79,2018,Round 9,2018-05-19,9589
Geelong,Thomas Stewart,6,9,11,68.8,0,1,0,3,0,0,0,2,261,5,8,0,85,2018,Round 9,2018-05-19,9589
Geelong,Tim Kelly,5,12,7,43.8,0,0,0,0,0,0,1,4,245,6,1,0,79,2018,Round 9,2018-05-19,9589
Geelong,Stewart Crameri,5,13,11,73.3,1,1,0,2,0,0,0,5,220,4,1,1,87,2018,Round 9,2018-05-19,9589
Geelong,Jake Kolodjashnij,8,7,14,93.3,1,0,0,7,0,0,1,4,152,0,9,0,91,2018,Round 9,2018-05-19,9589
Geelong,Jordan Cunico,3,13,12,80.0,0,0,0,1,1,0,2,3,313,5,0,0,81,2018,Round 9,2018-05-19,9589
Geelong,Jackson Thurlow,3,11,10,76.9,0,0,0,2,0,0,1,3,192,4,2,0,71,2018,Round 9,2018-05-19,9589
Geelong,James Parsons,6,7,8,72.7,0,1,0,1,0,0,0,4,210,1,2,3,71,2018,Round 9,2018-05-19,9589
Geelong,Jack Henry,5,4,9,90.0,1,0,0,3,0,0,0,0,132,1,8,0,75,2018,Round 9,2018-05-19,9589
Geelong,Jed Bews,2,7,4,44.4,0,0,0,5,0,0,0,1,296,4,1,0,84,2018,Round 9,2018-05-19,9589
Geelong,Cory Gregson,4,4,6,66.7,0,0,0,0,0,1,0,5,174,1,1,0,83,2018,Round 9,2018-05-19,9589
Geelong,Zac Smith,11,1,5,62.5,1,0,0,4,0,1,2,3,124,2,1,0,79,2018,Round 9,2018-05-19,9589
Geelong,Jordan Murdoch,1,8,6,75.0,0,0,0,1,0,0,1,1,119,1,0,1,81,2018,Round 9,2018-05-19,9589
Geelong,Harry Taylor,6,1,5,71.4,3,0,0,6,0,0,0,1,62,2,4,0,79,2018,Round 9,2018-05-19,9589
Sydney,Jake Lloyd,5,35,35,85.4,1,0,0,1,1,0,1,4,545,3,8,0,90,2018,Round 9,2018-05-19,9590
Sydney,Jarrad Mcveigh,5,26,27,87.1,0,0,0,3,1,0,0,9,484,5,6,0,78,2018,Round 9,2018-05-19,9590
Sydney,Luke Parker,11,11,19,82.6,0,2,1,1,0,3,4,7,420,3,1,2,86,2018,Round 9,2018-05-19,9590
Sydney,Daniel Hannebery,6,16,14,63.6,0,0,0,1,0,0,0,2,234,5,2,0,68,2018,Round 9,2018-05-19,9590
Sydney,Dane Rampe,5,16,21,95.5,0,0,0,5,0,0,0,3,300,1,7,0,92,2018,Round 9,2018-05-19,9590
Sydney,Isaac Heeney,9,12,19,86.4,2,0,0,1,0,2,1,6,395,3,1,1,87,2018,Round 9,2018-05-19,9590
Sydney,Oliver Florent,7,15,15,68.2,0,1,0,2,0,0,0,3,265,3,5,0,85,2018,Round 9,2018-05-19,9590
Sydney,Nick Smith 1,9,11,18,85.7,1,0,0,2,0,0,0,3,91,1,10,0,95,2018,Round 9,2018-05-19,9590
Sydney,Harry Cunningham,3,18,18,85.7,0,0,1,1,0,0,1,3,280,5,2,1,86,2018,Round 9,2018-05-19,9590
Sydney,Heath Grundy,4,16,17,85.0,1,0,0,1,0,0,0,4,194,2,6,0,96,2018,Round 9,2018-05-19,9590
Sydney,Josh P  Kennedy,10,9,17,85.0,0,2,1,1,0,2,1,8,209,0,0,1,87,2018,Round 9,2018-05-19,9590
Sydney,George Hewett,7,13,15,75.0,0,0,1,0,0,2,1,6,267,2,3,2,89,2018,Round 9,2018-05-19,9590
Sydney,Lance Franklin,12,9,11,57.9,3,1,3,4,0,1,0,9,470,4,2,2,75,2018,Round 9,2018-05-19,9590
Sydney,Callum Mills,6,12,15,83.3,1,1,0,6,0,0,0,3,250,4,9,0,82,2018,Round 9,2018-05-19,9590
Sydney,Tom Papley,7,9,13,72.2,1,0,1,0,0,1,1,3,180,2,2,1,78,2018,Round 9,2018-05-19,9590
Sydney,Kieran Jack,5,11,9,56.2,0,0,0,2,0,1,2,5,230,6,1,0,69,2018,Round 9,2018-05-19,9590
Sydney,Will Hayward,4,12,10,62.5,0,0,2,1,0,0,0,5,237,9,1,0,82,2018,Round 9,2018-05-19,9590
Sydney,Ben Ronke,7,7,7,50.0,0,1,1,0,0,0,0,5,227,4,4,1,74,2018,Round 9,2018-05-19,9590
Sydney,Callum Sinclair,7,6,13,100.0,2,1,0,3,0,1,0,3,255,0,3,0,86,2018,Round 9,2018-05-19,9590
Sydney,Zak Jones,2,10,10,83.3,0,0,0,3,0,0,0,3,299,1,2,0,65,2018,Round 9,2018-05-19,9590
Sydney,Tom Mccartin,5,4,4,44.4,1,0,1,5,0,0,0,3,140,2,1,0,77,2018,Round 9,2018-05-19,9590
Sydney,Gary Rohan,2,5,4,57.1,0,1,0,4,1,0,0,2,178,1,3,1,74,2018,Round 9,2018-05-19,9590
Fremantle,Lachie Neale,13,16,26,86.7,0,1,0,0,0,4,3,8,224,4,5,0,81,2018,Round 9,2018-05-19,9590
Fremantle,Ed Langdon,4,26,21,72.4,0,0,1,0,0,0,1,7,495,7,4,0,88,2018,Round 9,2018-05-19,9590
Fremantle,Nathan Fyfe,13,16,22,78.6,0,1,0,3,0,1,2,7,345,8,4,0,87,2018,Round 9,2018-05-19,9590
Fremantle,Nathan Wilson,5,18,17,73.9,0,0,0,4,1,3,0,4,512,7,3,0,87,2018,Round 9,2018-05-19,9590
Fremantle,Luke Ryan,4,18,21,91.3,0,0,0,3,0,0,0,0,350,3,10,0,82,2018,Round 9,2018-05-19,9590
Fremantle,David Mundy,12,10,17,77.3,0,0,1,0,0,1,3,6,206,3,3,0,85,2018,Round 9,2018-05-19,9590
Fremantle,Connor Blakely,5,19,16,72.7,0,0,0,2,1,0,0,5,261,5,7,0,85,2018,Round 9,2018-05-19,9590
Fremantle,Michael Walters,8,12,12,57.1,0,0,1,0,0,1,1,7,315,3,3,0,89,2018,Round 9,2018-05-19,9590
Fremantle,Darcy Tucker,6,13,14,77.8,0,0,0,1,0,0,2,4,370,3,4,0,84,2018,Round 9,2018-05-19,9590
Fremantle,Brennan Cox,8,11,11,64.7,4,2,1,2,0,0,0,5,219,4,2,1,89,2018,Round 9,2018-05-19,9590
Fremantle,Brandon Matera,5,10,9,60.0,0,0,0,0,0,1,1,1,343,6,2,1,83,2018,Round 9,2018-05-19,9590
Fremantle,Adam Cerra,9,6,12,80.0,0,0,0,1,0,2,1,2,97,2,3,0,81,2018,Round 9,2018-05-19,9590
Fremantle,Andrew Brayshaw,4,9,10,76.9,0,1,0,1,0,1,1,2,77,2,1,0,69,2018,Round 9,2018-05-19,9590
Fremantle,Bailey Banfield,6,8,7,53.8,1,0,0,3,0,0,1,2,185,4,2,0,61,2018,Round 9,2018-05-19,9590
Fremantle,Michael Johnson,2,10,11,91.7,0,0,0,0,0,0,0,1,146,1,3,0,89,2018,Round 9,2018-05-19,9590
Fremantle,Hayden Ballantyne,5,8,8,72.7,1,0,1,1,0,0,1,3,183,5,0,0,78,2018,Round 9,2018-05-19,9590
Fremantle,Cameron Mccarthy,7,4,7,63.6,0,1,1,1,0,0,0,2,173,5,3,0,84,2018,Round 9,2018-05-19,9590
Fremantle,Ryan Nyhuis,4,7,9,81.8,0,0,0,3,0,0,0,1,169,3,4,0,89,2018,Round 9,2018-05-19,9590
Fremantle,Alex Pearce,2,5,5,71.4,0,0,0,5,0,0,0,0,51,1,2,0,95,2018,Round 9,2018-05-19,9590
Fremantle,Aaron Sandilands,6,1,4,66.7,2,0,2,5,0,0,0,5,7,0,2,1,87,2018,Round 9,2018-05-19,9590
Fremantle,Mitchell Crowden,1,4,3,60.0,0,0,1,2,0,0,0,0,69,1,1,1,90,2018,Round 9,2018-05-19,9590
Fremantle,Joel Hamling,1,3,3,100.0,0,0,0,4,0,0,0,1,100,1,1,0,37,2018,Round 9,2018-05-19,9590
St Kilda,Luke Dunstan,19,13,22,68.8,0,0,0,3,0,2,3,5,290,5,4,0,72,2018,Round 9,2018-05-19,9591
St Kilda,Jack Steven,9,19,23,79.3,0,1,0,0,3,4,3,9,505,2,0,3,82,2018,Round 9,2018-05-19,9591
St Kilda,Sebastian Ross,11,20,23,79.3,0,0,0,2,0,4,1,2,280,4,3,0,88,2018,Round 9,2018-05-19,9591
St Kilda,Jack Sinclair,12,15,21,77.8,1,0,0,3,0,0,3,6,312,4,6,1,92,2018,Round 9,2018-05-19,9591
St Kilda,Shane Savage,3,22,20,83.3,0,2,0,3,1,0,0,7,462,4,3,0,91,2018,Round 9,2018-05-19,9591
St Kilda,Jimmy Webster,6,17,21,87.5,0,0,0,6,0,0,0,3,405,1,6,0,79,2018,Round 9,2018-05-19,9591
St Kilda,Jarryn Geary,6,17,18,78.3,0,0,0,2,0,0,0,4,269,3,7,0,81,2018,Round 9,2018-05-19,9591
St Kilda,Jack Steele,11,13,16,69.6,0,0,0,3,0,3,3,2,282,4,2,3,67,2018,Round 9,2018-05-19,9591
St Kilda,Jack Billings,3,20,13,61.9,0,0,0,1,0,0,0,4,167,4,1,1,73,2018,Round 9,2018-05-19,9591
St Kilda,Hunter Clark,7,15,15,71.4,0,0,0,5,0,0,0,5,293,5,5,0,90,2018,Round 9,2018-05-19,9591
St Kilda,Edward Phillips,5,14,12,63.2,0,0,0,2,0,0,1,5,364,4,4,0,89,2018,Round 9,2018-05-19,9591
St Kilda,Bailey Rice,4,10,15,88.2,0,0,0,2,0,0,0,2,215,1,8,0,82,2018,Round 9,2018-05-19,9591
St Kilda,Jack Newnes,3,11,10,66.7,2,0,4,2,0,0,0,7,222,6,1,1,90,2018,Round 9,2018-05-19,9591
St Kilda,Jack Lonie,6,11,11,73.3,0,0,1,2,0,0,0,4,123,3,3,1,85,2018,Round 9,2018-05-19,9591
St Kilda,Jade Gresham,7,8,13,86.7,1,2,2,0,1,2,0,5,381,3,2,0,78,2018,Round 9,2018-05-19,9591
St Kilda,Tom Hickey,9,3,10,76.9,1,0,0,4,0,0,4,4,96,3,6,0,88,2018,Round 9,2018-05-19,9591
St Kilda,Tim Membrey,3,10,6,50.0,1,1,2,4,0,0,0,7,207,1,2,0,86,2018,Round 9,2018-05-19,9591
St Kilda,Nicholas Coffield,1,12,11,91.7,0,0,0,3,0,0,0,3,108,0,0,0,81,2018,Round 9,2018-05-19,9591
St Kilda,Rowan Marshall,8,5,9,81.8,2,1,0,4,0,0,0,3,66,2,5,0,79,2018,Round 9,2018-05-19,9591
St Kilda,Nathan Brown,4,5,7,77.8,1,0,0,7,0,0,0,1,108,1,5,0,73,2018,Round 9,2018-05-19,9591
St Kilda,Maverick Weller,2,7,8,88.9,0,0,0,2,0,0,0,1,190,2,1,1,86,2018,Round 9,2018-05-19,9591
St Kilda,David Armitage,1,9,4,50.0,0,0,1,0,0,0,0,4,106,2,0,2,67,2018,Round 9,2018-05-19,9591
Collingwood,Steele Sidebottom,16,24,27,71.1,0,1,0,1,0,2,4,6,281,7,7,1,90,2018,Round 9,2018-05-19,9591
Collingwood,Scott Pendlebury,5,24,24,80.0,0,0,0,1,0,1,3,10,450,4,1,0,78,2018,Round 9,2018-05-19,9591
Collingwood,Jeremy Howe,11,20,22,73.3,1,0,0,6,0,0,1,2,485,6,11,0,83,2018,Round 9,2018-05-19,9591
Collingwood,Jack Crisp,7,23,23,76.7,0,1,0,6,0,0,1,4,666,7,6,1,84,2018,Round 9,2018-05-19,9591
Collingwood,Tom Phillips,6,25,26,86.7,1,1,0,2,0,1,2,7,383,4,1,0,94,2018,Round 9,2018-05-19,9591
Collingwood,Matthew Scharenberg,6,18,21,84.0,2,0,0,3,0,0,0,6,290,3,9,0,93,2018,Round 9,2018-05-19,9591
Collingwood,Tom Langdon,9,16,20,80.0,1,0,0,6,0,0,2,3,261,5,5,0,82,2018,Round 9,2018-05-19,9591
Collingwood,Adam Treloar,7,18,19,79.2,0,0,0,0,0,1,1,4,253,5,0,1,79,2018,Round 9,2018-05-19,9591
Collingwood,Josh Thomas,6,17,15,65.2,0,0,0,0,0,0,0,9,364,3,1,1,73,2018,Round 9,2018-05-19,9591
Collingwood,Taylor Adams,9,13,17,73.9,0,0,0,1,0,3,4,5,214,4,1,0,73,2018,Round 9,2018-05-19,9591
Collingwood,Brodie Grundy,10,13,16,69.6,3,0,1,0,0,2,4,9,383,7,2,1,93,2018,Round 9,2018-05-19,9591
Collingwood,Samuel Murray,2,21,20,87.0,0,0,0,3,0,0,1,1,178,3,1,0,83,2018,Round 9,2018-05-19,9591
Collingwood,Jaidyn Stephenson,4,14,13,72.2,0,1,1,3,0,0,0,8,222,3,3,1,89,2018,Round 9,2018-05-19,9591
Collingwood,Daniel Wells,8,9,15,93.8,0,3,2,3,0,0,0,9,191,1,4,1,70,2018,Round 9,2018-05-19,9591
Collingwood,Christopher Mayne,7,9,15,93.8,0,0,1,1,0,0,1,4,15,1,2,0,89,2018,Round 9,2018-05-19,9591
Collingwood,Will Hoskin Elliott,6,10,13,81.2,3,2,4,2,1,0,0,11,342,2,1,1,88,2018,Round 9,2018-05-19,9591
Collingwood,Flynn Appleby,3,12,13,81.2,0,0,0,2,0,0,1,1,188,1,2,0,94,2018,Round 9,2018-05-19,9591
Collingwood,Lynden Dunn,4,10,11,73.3,0,0,0,6,2,0,0,2,292,1,6,0,95,2018,Round 9,2018-05-19,9591
Collingwood,Jordan De Goey,5,9,9,69.2,1,1,4,2,0,0,0,9,192,4,1,1,83,2018,Round 9,2018-05-19,9591
Collingwood,Mason Cox,4,3,6,66.7,1,0,0,1,0,0,1,2,56,2,1,0,87,2018,Round 9,2018-05-19,9591
Collingwood,Travis Varcoe,4,6,5,62.5,0,1,2,3,1,0,0,5,191,0,1,2,73,2018,Round 9,2018-05-19,9591
Collingwood,Alex Fasolo,0,2,1,50.0,0,0,0,0,0,0,0,1,43,1,0,1,26,2018,Round 9,2018-05-19,9591
Carlton,Patrick Cripps,23,10,22,71.0,3,0,2,2,0,3,7,5,256,4,6,0,92,2018,Round 9,2018-05-20,9592
Carlton,Nicholas Graham,15,12,16,57.1,0,2,0,1,0,2,3,4,436,7,2,0,74,2018,Round 9,2018-05-20,9592
Carlton,Dale Thomas,7,16,16,69.6,0,0,0,3,0,1,0,1,363,7,6,0,90,2018,Round 9,2018-05-20,9592
Carlton,Sam Kerridge,8,15,14,60.9,1,0,0,2,0,0,2,3,391,4,5,0,88,2018,Round 9,2018-05-20,9592
Carlton,Sam Petrevski Seton,9,14,12,54.5,0,0,0,1,0,2,0,3,117,3,2,0,72,2018,Round 9,2018-05-20,9592
Carlton,Zac Fisher,8,12,13,65.0,0,0,0,1,1,1,2,3,243,4,3,0,74,2018,Round 9,2018-05-20,9592
Carlton,Kade Simpson,4,12,15,78.9,0,0,0,2,0,0,0,3,179,2,5,1,92,2018,Round 9,2018-05-20,9592
Carlton,Marc Murphy,9,10,15,78.9,0,0,1,3,0,1,3,4,216,3,2,0,74,2018,Round 9,2018-05-20,9592
Carlton,Aaron Mullett,5,10,12,75.0,0,0,0,3,0,0,0,3,149,3,4,0,79,2018,Round 9,2018-05-20,9592
Carlton,Darcy Lang,5,11,12,75.0,0,0,0,0,0,1,1,6,245,2,2,1,80,2018,Round 9,2018-05-20,9592
Carlton,Matthew Wright,6,8,10,66.7,0,1,0,0,0,0,2,3,140,2,4,1,82,2018,Round 9,2018-05-20,9592
Carlton,Lachlan Plowman,5,9,11,73.3,1,0,0,10,0,0,0,1,247,2,7,0,82,2018,Round 9,2018-05-20,9592
Carlton,Paddy Dow,10,5,10,71.4,0,0,0,0,0,1,1,3,109,3,5,0,68,2018,Round 9,2018-05-20,9592
Carlton,Jarrod Garlett,3,9,6,46.2,0,0,0,0,0,1,0,2,203,6,2,0,78,2018,Round 9,2018-05-20,9592
Carlton,Matthew Kreuzer,7,6,8,66.7,0,0,1,1,0,0,1,5,79,1,0,0,85,2018,Round 9,2018-05-20,9592
Carlton,Jed Lamb,6,3,7,63.6,0,0,1,1,0,0,0,2,264,6,2,1,86,2018,Round 9,2018-05-20,9592
Carlton,Lochie O Brien,1,10,8,72.7,0,0,1,0,0,0,0,1,165,4,1,0,76,2018,Round 9,2018-05-20,9592
Carlton,Cameron O Shea,2,7,7,70.0,0,0,0,2,0,0,1,2,181,2,2,0,82,2018,Round 9,2018-05-20,9592
Carlton,Liam Jones,7,4,5,62.5,3,0,0,9,0,1,0,0,18,2,7,0,100,2018,Round 9,2018-05-20,9592
Carlton,Sam Rowe,2,6,6,85.7,0,0,0,6,0,0,0,3,71,1,4,0,94,2018,Round 9,2018-05-20,9592
Carlton,Harry Mckay,3,4,5,71.4,2,0,2,0,0,0,0,4,162,5,1,3,78,2018,Round 9,2018-05-20,9592
Carlton,Pat Kerr,2,4,4,57.1,0,0,0,1,0,0,0,1,177,5,0,0,76,2018,Round 9,2018-05-20,9592
Melbourne,Nathan Jones,17,15,22,71.0,1,1,0,1,0,1,6,9,534,5,2,0,85,2018,Round 9,2018-05-20,9592
Melbourne,Jake Lever,7,20,21,77.8,1,0,0,6,0,0,0,6,509,2,13,0,95,2018,Round 9,2018-05-20,9592
Melbourne,Clayton Oliver,15,11,18,69.2,0,0,0,1,0,3,2,6,142,2,5,1,76,2018,Round 9,2018-05-20,9592
Melbourne,James Harmes,8,16,19,76.0,0,1,2,1,0,1,1,5,181,4,3,1,74,2018,Round 9,2018-05-20,9592
Melbourne,Angus Brayshaw,9,15,17,70.8,1,1,0,0,0,0,2,8,412,6,3,2,82,2018,Round 9,2018-05-20,9592
Melbourne,Jordan Lewis,10,13,12,54.5,0,0,0,1,0,1,2,6,273,5,8,0,88,2018,Round 9,2018-05-20,9592
Melbourne,Jake Melksham,14,8,18,85.7,0,3,1,4,4,0,2,15,446,2,4,0,86,2018,Round 9,2018-05-20,9592
Melbourne,Christian Salem,4,14,16,76.2,0,1,0,2,0,0,1,7,373,2,2,0,84,2018,Round 9,2018-05-20,9592
Melbourne,Tom Mcdonald,7,13,12,60.0,0,2,4,2,0,1,0,9,331,5,3,1,78,2018,Round 9,2018-05-20,9592
Melbourne,Christian Petracca,8,12,11,55.0,1,1,2,4,0,2,0,6,255,4,2,0,77,2018,Round 9,2018-05-20,9592
Melbourne,Tim Smith,9,9,13,72.2,2,1,2,4,0,1,1,8,181,5,4,0,84,2018,Round 9,2018-05-20,9592
Melbourne,Alex Neal Bullen,10,9,14,82.4,0,1,1,1,0,3,1,8,214,2,1,1,80,2018,Round 9,2018-05-20,9592
Melbourne,Bayley Fritsch,5,13,12,70.6,1,1,2,0,0,0,1,6,203,3,4,1,70,2018,Round 9,2018-05-20,9592
Melbourne,Bernie Vince,5,11,11,68.8,0,0,0,2,0,0,0,4,167,5,2,0,83,2018,Round 9,2018-05-20,9592
Melbourne,Jesse Hogan,3,12,11,73.3,1,4,1,2,0,0,0,8,223,3,0,0,91,2018,Round 9,2018-05-20,9592
Melbourne,Mitchell Hannan,6,9,10,71.4,0,0,1,0,0,0,1,7,324,4,4,3,82,2018,Round 9,2018-05-20,9592
Melbourne,Max Gawn,7,3,10,83.3,3,1,1,4,0,3,1,8,139,1,3,1,81,2018,Round 9,2018-05-20,9592
Melbourne,Michael Hibberd,6,6,11,91.7,1,0,0,4,0,0,0,1,159,2,6,0,79,2018,Round 9,2018-05-20,9592
Melbourne,Jack Viney,4,9,10,83.3,0,0,1,0,0,1,1,7,352,3,1,1,71,2018,Round 9,2018-05-20,9592
Melbourne,Charlie Spargo,6,7,9,75.0,0,0,1,1,0,1,0,4,279,1,1,0,78,2018,Round 9,2018-05-20,9592
Melbourne,Oscar Mcdonald,3,8,7,70.0,0,0,0,7,0,0,0,1,241,2,3,0,97,2018,Round 9,2018-05-20,9592
Melbourne,Neville Jetta,4,5,7,77.8,0,0,0,0,0,0,0,1,50,1,4,0,80,2018,Round 9,2018-05-20,9592
West Coast,Elliot Yeo,15,12,19,65.5,0,1,0,1,0,5,5,9,557,8,3,1,76,2018,Round 9,2018-05-20,9594
West Coast,Andrew Gaff,10,15,17,70.8,1,0,1,1,1,0,2,7,273,5,5,0,89,2018,Round 9,2018-05-20,9594
West Coast,Jack Redden,9,14,21,91.3,1,0,1,1,0,2,1,7,351,1,3,0,85,2018,Round 9,2018-05-20,9594
West Coast,Jack Darling,11,10,13,61.9,6,2,8,6,0,0,0,12,490,5,1,2,89,2018,Round 9,2018-05-20,9594
West Coast,Shannon Hurn,2,14,18,90.0,0,0,0,1,0,0,0,5,372,2,6,0,92,2018,Round 9,2018-05-20,9594
West Coast,Mark Hutchings,6,13,12,60.0,0,1,0,2,0,3,2,5,390,6,0,0,84,2018,Round 9,2018-05-20,9594
West Coast,Bradley Sheppard,5,14,17,94.4,1,0,0,2,0,0,0,5,149,1,7,0,97,2018,Round 9,2018-05-20,9594
West Coast,Liam Duggan,10,9,13,72.2,0,0,0,1,0,0,0,3,386,7,8,0,85,2018,Round 9,2018-05-20,9594
West Coast,Mark Lecras,6,12,16,94.1,0,2,1,0,0,0,0,8,364,3,1,2,88,2018,Round 9,2018-05-20,9594
West Coast,Dominic Sheed,5,14,10,58.8,0,1,0,0,1,0,1,3,291,5,1,0,76,2018,Round 9,2018-05-20,9594
West Coast,Chris Masten,5,11,13,81.2,0,0,0,0,0,0,1,3,165,2,2,0,89,2018,Round 9,2018-05-20,9594
West Coast,Lewis Jetta,2,12,9,64.3,0,0,0,0,0,0,1,5,347,2,0,0,78,2018,Round 9,2018-05-20,9594
West Coast,Jeremy Mcgovern,6,8,12,85.7,4,0,0,6,0,0,0,3,245,1,9,0,74,2018,Round 9,2018-05-20,9594
West Coast,Tom Cole,4,10,10,71.4,0,0,0,3,1,0,0,5,181,1,5,0,83,2018,Round 9,2018-05-20,9594
West Coast,Joshua Kennedy,3,9,8,61.5,0,1,4,1,0,0,0,8,151,3,0,0,83,2018,Round 9,2018-05-20,9594
West Coast,Scott Lycett,6,6,9,69.2,0,0,1,4,0,2,1,8,204,2,2,2,62,2018,Round 9,2018-05-20,9594
West Coast,Nicholas Naitanui,11,2,9,75.0,0,1,0,4,0,4,1,4,114,1,3,0,58,2018,Round 9,2018-05-20,9594
West Coast,Willie Rioli,5,7,9,75.0,0,0,0,1,1,0,1,5,315,4,2,0,82,2018,Round 9,2018-05-20,9594
West Coast,Jake Waterman,2,9,8,72.7,0,4,0,0,0,0,0,6,223,1,0,0,80,2018,Round 9,2018-05-20,9594
West Coast,Brendon Ah Chee,8,2,7,77.8,2,0,0,2,0,1,0,4,64,2,1,0,78,2018,Round 9,2018-05-20,9594
West Coast,Tom Barrass,2,5,8,88.9,0,0,0,5,0,0,0,5,177,0,4,0,89,2018,Round 9,2018-05-20,9594
West Coast,Jamie Cripps,2,5,4,57.1,1,0,3,1,0,0,0,4,153,0,0,0,85,2018,Round 9,2018-05-20,9594
Richmond,Dustin Martin,17,12,18,69.2,2,0,0,1,3,5,3,8,488,3,0,0,85,2018,Round 9,2018-05-20,9594
Richmond,Kane Lambert,9,10,11,57.9,0,0,0,1,0,0,4,3,293,5,1,0,86,2018,Round 9,2018-05-20,9594
Richmond,Shane Edwards,9,8,15,83.3,0,0,0,2,0,2,0,4,181,2,2,0,78,2018,Round 9,2018-05-20,9594
Richmond,Shaun Grigg,7,12,10,58.8,0,0,1,1,0,1,1,8,425,3,4,1,73,2018,Round 9,2018-05-20,9594
Richmond,Bachar Houli,3,12,13,76.5,0,0,1,3,0,0,0,5,278,3,7,0,80,2018,Round 9,2018-05-20,9594
Richmond,Alex Rance,6,10,14,82.4,0,0,0,4,0,0,0,3,344,3,12,0,94,2018,Round 9,2018-05-20,9594
Richmond,Sam Lloyd,7,9,11,64.7,0,1,0,1,0,0,1,3,237,6,3,0,69,2018,Round 9,2018-05-20,9594
Richmond,Josh Caddy,9,8,10,62.5,2,0,1,1,0,1,3,2,308,4,0,4,86,2018,Round 9,2018-05-20,9594
Richmond,Reece Conca,7,8,8,53.3,0,0,1,2,0,2,1,6,379,4,3,1,75,2018,Round 9,2018-05-20,9594
Richmond,Toby Nankervis,9,7,9,60.0,2,1,0,3,0,3,1,4,201,3,3,0,83,2018,Round 9,2018-05-20,9594
Richmond,Trent Cotchin,7,7,11,78.6,0,2,1,1,0,2,1,4,203,1,3,0,82,2018,Round 9,2018-05-20,9594
Richmond,Jayden Short,6,8,10,71.4,0,0,0,1,1,0,0,5,481,3,5,0,71,2018,Round 9,2018-05-20,9594
Richmond,Jack Riewoldt,9,4,8,61.5,4,1,5,3,0,0,1,9,320,3,1,3,100,2018,Round 9,2018-05-20,9594
Richmond,Jack Graham,6,7,8,66.7,0,0,0,1,0,1,1,0,179,2,1,2,62,2018,Round 9,2018-05-20,9594
Richmond,Nick Vlastuin,4,8,9,81.8,1,0,0,2,0,0,0,0,183,3,6,0,86,2018,Round 9,2018-05-20,9594
Richmond,Kamdyn Mcintosh,3,8,7,70.0,0,0,0,4,0,0,0,3,157,1,1,0,77,2018,Round 9,2018-05-20,9594
Richmond,Daniel Butler,1,9,7,70.0,0,2,0,0,1,0,0,3,199,2,0,2,80,2018,Round 9,2018-05-20,9594
Richmond,Jacob Townsend,6,3,5,62.5,0,2,0,1,0,0,1,4,192,3,0,2,85,2018,Round 9,2018-05-20,9594
Richmond,Jason Castagna,2,8,5,62.5,1,0,1,0,1,0,0,4,120,3,0,2,77,2018,Round 9,2018-05-20,9594
Richmond,David Astbury,4,4,7,100.0,1,0,0,2,0,0,0,2,147,2,6,0,100,2018,Round 9,2018-05-20,9594
Richmond,Dylan Grimes,1,6,3,42.9,0,0,0,5,0,0,0,1,88,2,4,0,87,2018,Round 9,2018-05-20,9594
Richmond,Nathan Broad,0,4,4,80.0,0,0,0,6,1,0,0,0,43,1,1,0,85,2018,Round 9,2018-05-20,9594
Brisbane Lions,Dayne Zorko,9,20,19,63.3,0,1,0,1,1,1,3,10,696,5,1,1,80,2018,Round 9,2018-05-20,9593
Brisbane Lions,Dayne Beams,10,18,17,60.7,2,0,2,0,0,2,0,8,501,3,4,0,88,2018,Round 9,2018-05-20,9593
Brisbane Lions,Hugh Mccluggage,16,11,20,74.1,0,2,0,1,0,1,2,9,331,3,9,1,75,2018,Round 9,2018-05-20,9593
Brisbane Lions,Tom Cutler,4,22,23,88.5,0,1,2,1,2,0,1,6,610,4,1,1,83,2018,Round 9,2018-05-20,9593
Brisbane Lions,Allen Christensen,6,18,22,91.7,0,0,0,2,0,0,1,10,380,2,1,0,82,2018,Round 9,2018-05-20,9593
Brisbane Lions,Alex Witherden,5,18,19,79.2,0,0,0,0,0,1,1,4,228,2,3,0,81,2018,Round 9,2018-05-20,9593
Brisbane Lions,Mitch Robinson,7,15,17,73.9,2,0,0,1,0,0,0,3,403,3,5,1,74,2018,Round 9,2018-05-20,9593
Brisbane Lions,Luke Hodge,5,14,12,63.2,1,0,0,5,0,0,1,1,359,7,7,0,86,2018,Round 9,2018-05-20,9593
Brisbane Lions,Stefan Martin,9,10,13,68.4,1,1,0,1,0,3,2,7,166,5,3,0,88,2018,Round 9,2018-05-20,9593
Brisbane Lions,Lewis Taylor,4,13,12,66.7,0,1,0,0,0,0,1,7,334,4,1,1,86,2018,Round 9,2018-05-20,9593
Brisbane Lions,Harris Andrews,7,11,16,88.9,4,0,0,16,0,0,0,3,212,1,5,0,98,2018,Round 9,2018-05-20,9593
Brisbane Lions,Darcy Gardiner,6,11,16,94.1,1,0,0,6,0,0,0,4,170,1,8,0,84,2018,Round 9,2018-05-20,9593
Brisbane Lions,Nicholas Robertson,4,11,13,86.7,0,0,0,5,0,2,1,4,145,3,4,0,89,2018,Round 9,2018-05-20,9593
Brisbane Lions,Daniel Rich,3,10,11,84.6,0,0,1,1,0,0,0,1,264,3,3,0,79,2018,Round 9,2018-05-20,9593
Brisbane Lions,Charlie Cameron,6,7,8,61.5,2,2,2,3,0,0,0,6,76,4,3,2,84,2018,Round 9,2018-05-20,9593
Brisbane Lions,Eric Hipwood,6,6,7,58.3,2,2,4,0,1,0,0,9,330,3,0,0,82,2018,Round 9,2018-05-20,9593
Brisbane Lions,Jarrod Berry,5,7,12,100.0,0,3,1,1,0,3,0,6,154,0,3,0,74,2018,Round 9,2018-05-20,9593
Brisbane Lions,Cameron Rayner,7,6,9,81.8,0,0,1,1,0,2,1,4,128,3,2,1,81,2018,Round 9,2018-05-20,9593
Brisbane Lions,Zac Bailey,6,6,8,72.7,0,0,0,1,0,0,2,1,81,4,1,0,77,2018,Round 9,2018-05-20,9593
Brisbane Lions,Oscar Mcinerney,3,5,6,66.7,0,0,0,0,0,0,1,2,3,0,0,1,70,2018,Round 9,2018-05-20,9593
Brisbane Lions,Matt Eagles,8,1,7,87.5,0,0,0,7,0,0,1,3,117,2,8,0,82,2018,Round 9,2018-05-20,9593
Brisbane Lions,Daniel Mcstay,3,4,6,85.7,0,0,1,2,0,0,0,3,113,0,1,1,75,2018,Round 9,2018-05-20,9593
Hawthorn,Tom Mitchell,26,21,30,65.2,0,1,0,1,3,8,2,7,510,10,3,0,93,2018,Round 9,2018-05-20,9593
Hawthorn,Liam Shiels,9,16,13,46.4,0,0,0,0,2,1,3,6,431,4,2,1,84,2018,Round 9,2018-05-20,9593
Hawthorn,Isaac Smith,5,20,21,84.0,0,0,0,1,0,0,1,5,202,2,4,1,81,2018,Round 9,2018-05-20,9593
Hawthorn,Jarman Impey,5,19,20,80.0,0,1,0,1,0,1,1,2,634,7,4,0,81,2018,Round 9,2018-05-20,9593
Hawthorn,David Mirra,6,18,19,79.2,0,1,0,2,0,0,1,4,145,1,6,0,71,2018,Round 9,2018-05-20,9593
Hawthorn,Shaun Burgoyne,8,11,15,71.4,0,0,0,1,0,0,2,2,205,3,3,0,84,2018,Round 9,2018-05-20,9593
Hawthorn,James Sicily,7,12,16,84.2,0,0,0,2,0,0,1,3,326,6,7,0,87,2018,Round 9,2018-05-20,9593
Hawthorn,Ryan Burton,4,14,13,68.4,0,0,0,0,0,0,0,5,208,4,4,0,73,2018,Round 9,2018-05-20,9593
Hawthorn,Jarryd Roughead,6,13,14,77.8,0,0,1,4,0,0,0,6,380,5,0,0,92,2018,Round 9,2018-05-20,9593
Hawthorn,Blake Hardwick,12,6,13,72.2,1,0,0,9,0,0,1,1,140,5,9,0,87,2018,Round 9,2018-05-20,9593
Hawthorn,Jack Gunston,7,8,15,88.2,1,1,1,1,0,0,1,7,292,4,3,1,87,2018,Round 9,2018-05-20,9593
Hawthorn,Ricky Henderson,3,13,13,86.7,0,0,0,0,0,0,0,3,418,3,2,0,77,2018,Round 9,2018-05-20,9593
Hawthorn,Harry Morrison,4,11,10,66.7,0,0,0,2,1,0,0,3,267,3,2,1,85,2018,Round 9,2018-05-20,9593
Hawthorn,Benjamin Stratton,4,10,12,85.7,0,0,0,7,0,0,1,1,26,0,2,0,97,2018,Round 9,2018-05-20,9593
Hawthorn,Taylor Duryea,6,9,9,64.3,0,0,0,1,0,0,0,5,86,4,5,0,84,2018,Round 9,2018-05-20,9593
Hawthorn,Kaiden Brand,3,10,9,75.0,0,0,0,6,0,0,0,3,194,1,3,0,90,2018,Round 9,2018-05-20,9593
Hawthorn,Ben Mcevoy,5,6,7,63.6,2,0,2,4,0,1,0,2,43,0,2,0,80,2018,Round 9,2018-05-20,9593
Hawthorn,Luke Breust,6,5,7,63.6,0,1,0,1,0,0,2,5,82,2,0,2,87,2018,Round 9,2018-05-20,9593
Hawthorn,James Worpel,4,7,7,63.6,0,0,0,0,0,2,1,2,33,2,0,0,70,2018,Round 9,2018-05-20,9593
Hawthorn,Mitchell Lewis,7,3,6,60.0,0,0,0,3,0,1,1,5,21,2,2,2,83,2018,Round 9,2018-05-20,9593
Hawthorn,James Cousins,5,3,4,50.0,0,0,1,0,0,0,2,0,34,1,2,0,49,2018,Round 9,2018-05-20,9593
Hawthorn,Paul Puopolo,4,2,4,66.7,0,0,0,1,0,1,0,0,106,3,0,3,80,2018,Round 9,2018-05-20,9593
Collingwood,Adam Treloar,12,26,28,70.0,0,0,1,0,2,1,4,8,343,4,7,0,78,2018,Round 10,2018-05-25,9595
Collingwood,Tom Phillips,8,27,28,77.8,0,1,0,1,0,0,3,8,677,3,3,0,95,2018,Round 10,2018-05-25,9595
Collingwood,Scott Pendlebury,13,19,23,71.9,0,2,0,0,0,2,4,7,431,7,6,0,84,2018,Round 10,2018-05-25,9595
Collingwood,Jack Crisp,10,22,26,81.2,0,0,0,1,1,1,4,9,427,3,5,0,95,2018,Round 10,2018-05-25,9595
Collingwood,Tom Langdon,8,21,21,72.4,1,1,0,3,0,0,0,7,316,4,5,0,85,2018,Round 10,2018-05-25,9595
Collingwood,Taylor Adams,9,16,18,69.2,0,0,0,0,0,1,3,6,317,5,2,0,78,2018,Round 10,2018-05-25,9595
Collingwood,Brodie Grundy,21,7,19,73.1,3,0,0,1,1,1,6,6,213,3,3,0,88,2018,Round 10,2018-05-25,9595
Collingwood,Matthew Scharenberg,7,19,26,100.0,1,0,0,7,0,0,0,3,396,2,7,0,90,2018,Round 10,2018-05-25,9595
Collingwood,Steele Sidebottom,7,16,16,66.7,0,1,0,1,0,0,2,6,450,8,1,0,85,2018,Round 10,2018-05-25,9595
Collingwood,Lynden Dunn,7,15,19,82.6,1,0,0,5,0,0,0,4,357,4,8,0,88,2018,Round 10,2018-05-25,9595
Collingwood,Levi Greenwood,4,19,17,77.3,0,1,0,3,0,0,0,3,159,4,6,0,82,2018,Round 10,2018-05-25,9595
Collingwood,Christopher Mayne,7,11,15,75.0,2,0,0,3,0,0,1,4,238,6,4,0,83,2018,Round 10,2018-05-25,9595
Collingwood,Will Hoskin Elliott,3,15,14,77.8,0,2,3,2,1,0,0,8,268,1,1,4,84,2018,Round 10,2018-05-25,9595
Collingwood,Josh Daicos,4,13,10,62.5,0,0,1,2,0,0,1,3,309,7,1,0,67,2018,Round 10,2018-05-25,9595
Collingwood,Jordan De Goey,9,7,9,60.0,0,1,1,2,0,2,1,5,198,3,2,1,85,2018,Round 10,2018-05-25,9595
Collingwood,Josh Thomas,7,7,12,85.7,0,0,0,0,0,2,0,6,197,2,0,3,74,2018,Round 10,2018-05-25,9595
Collingwood,Jeremy Howe,5,7,11,78.6,3,0,0,6,0,0,0,1,165,4,7,0,77,2018,Round 10,2018-05-25,9595
Collingwood,Travis Varcoe,3,9,11,84.6,0,0,0,0,0,0,0,3,114,0,1,2,54,2018,Round 10,2018-05-25,9595
Collingwood,Ben Reid,3,8,11,100.0,1,0,0,2,0,0,0,2,202,0,2,0,74,2018,Round 10,2018-05-25,9595
Collingwood,Jaidyn Stephenson,4,6,5,45.5,0,2,2,2,3,0,0,5,230,3,1,1,80,2018,Round 10,2018-05-25,9595
Collingwood,Flynn Appleby,8,5,11,100.0,0,0,0,3,0,0,0,0,40,2,9,0,83,2018,Round 10,2018-05-25,9595
Collingwood,Mason Cox,4,6,10,100.0,2,1,1,2,0,0,0,3,159,1,1,1,91,2018,Round 10,2018-05-25,9595
Western Bulldogs,Toby Mclean,13,23,23,69.7,0,0,0,3,0,2,5,5,552,8,3,2,88,2018,Round 10,2018-05-25,9595
Western Bulldogs,Jackson Macrae,6,23,23,76.7,0,0,1,1,0,0,1,2,339,8,5,0,92,2018,Round 10,2018-05-25,9595
Western Bulldogs,Lachlan Hunter,10,16,16,64.0,0,0,0,1,0,0,2,7,312,6,9,1,91,2018,Round 10,2018-05-25,9595
Western Bulldogs,Luke Dahlhaus,6,18,19,79.2,0,0,1,1,0,1,3,5,261,2,1,0,71,2018,Round 10,2018-05-25,9595
Western Bulldogs,Matthew Suckling,4,17,20,87.0,0,0,0,4,1,0,0,6,557,3,6,0,72,2018,Round 10,2018-05-25,9595
Western Bulldogs,Ed Richards,10,12,17,73.9,0,1,0,1,1,1,1,4,298,2,8,0,82,2018,Round 10,2018-05-25,9595
Western Bulldogs,Bailey Williams,8,13,16,72.7,0,0,0,1,4,0,2,4,548,6,5,0,85,2018,Round 10,2018-05-25,9595
Western Bulldogs,Jackson Trengove,6,15,14,66.7,0,0,0,11,0,0,1,0,229,3,7,0,96,2018,Round 10,2018-05-25,9595
Western Bulldogs,Caleb Daniel,4,15,20,100.0,0,0,0,0,0,1,0,4,284,4,3,0,80,2018,Round 10,2018-05-25,9595
Western Bulldogs,Marcus Bontempelli,6,12,12,70.6,0,0,1,0,0,4,1,2,174,4,1,2,85,2018,Round 10,2018-05-25,9595
Western Bulldogs,Easton Wood,3,13,13,86.7,1,0,0,5,0,0,0,2,166,3,3,0,93,2018,Round 10,2018-05-25,9595
Western Bulldogs,Jason Johannisen,5,8,10,71.4,0,0,0,1,0,0,1,1,306,7,4,1,85,2018,Round 10,2018-05-25,9595
Western Bulldogs,Bailey Dale,5,8,10,76.9,0,0,0,0,0,0,1,1,222,3,1,0,74,2018,Round 10,2018-05-25,9595
Western Bulldogs,Roarke Smith,6,7,12,92.3,1,1,0,3,0,0,0,4,83,1,7,0,84,2018,Round 10,2018-05-25,9595
Western Bulldogs,Billy Gowers,8,5,8,61.5,2,1,2,2,0,0,2,4,82,4,1,0,85,2018,Round 10,2018-05-25,9595
Western Bulldogs,Jordan Roughead,4,6,10,90.9,1,0,2,7,0,1,0,4,142,2,2,0,86,2018,Round 10,2018-05-25,9595
Western Bulldogs,Patrick Lipinski,2,9,11,100.0,0,0,0,0,0,0,0,3,58,0,3,0,80,2018,Round 10,2018-05-25,9595
Western Bulldogs,Hayden Crozier,6,5,5,50.0,0,0,1,4,0,0,0,3,258,7,3,0,78,2018,Round 10,2018-05-25,9595
Western Bulldogs,Tory Dickson,5,6,6,60.0,1,0,1,3,0,0,0,4,123,2,1,0,78,2018,Round 10,2018-05-25,9595
Western Bulldogs,Thomas Boyd,8,2,8,80.0,2,0,2,6,0,2,0,5,123,2,2,1,87,2018,Round 10,2018-05-25,9595
Western Bulldogs,Josh Schache,6,4,6,66.7,0,1,1,1,0,0,0,3,184,3,1,0,81,2018,Round 10,2018-05-25,9595
Western Bulldogs,Zaine Cordy,1,5,6,85.7,0,0,0,4,0,0,1,1,59,1,1,0,47,2018,Round 10,2018-05-25,9595
Richmond,Trent Cotchin,17,16,19,59.4,0,1,0,1,2,4,5,8,504,6,7,0,86,2018,Round 10,2018-05-26,9596
Richmond,Dustin Martin,12,13,19,73.1,0,0,0,1,5,4,2,9,465,7,2,0,85,2018,Round 10,2018-05-26,9596
Richmond,Josh Caddy,13,10,19,79.2,3,2,5,0,0,2,3,12,352,4,2,3,96,2018,Round 10,2018-05-26,9596
Richmond,Shaun Grigg,13,9,16,72.7,1,0,0,4,0,0,5,7,305,5,7,1,92,2018,Round 10,2018-05-26,9596
Richmond,Reece Conca,8,13,12,57.1,0,0,0,1,0,1,0,3,323,8,2,1,74,2018,Round 10,2018-05-26,9596
Richmond,Jayden Short,4,17,19,90.5,0,0,0,2,2,0,0,6,520,3,8,0,90,2018,Round 10,2018-05-26,9596
Richmond,Brandon Ellis,1,18,14,70.0,0,0,1,3,1,0,0,8,368,3,3,0,90,2018,Round 10,2018-05-26,9596
Richmond,Kamdyn Mcintosh,7,9,15,78.9,1,0,1,4,0,0,0,8,301,3,7,0,71,2018,Round 10,2018-05-26,9596
Richmond,Toby Nankervis,9,10,16,84.2,2,0,0,0,0,0,2,4,313,8,5,0,89,2018,Round 10,2018-05-26,9596
Richmond,Kane Lambert,8,12,16,84.2,0,0,0,2,1,2,2,6,277,2,1,0,91,2018,Round 10,2018-05-26,9596
Richmond,Daniel Butler,4,13,6,35.3,1,0,3,3,0,0,0,8,327,6,1,1,92,2018,Round 10,2018-05-26,9596
Richmond,Shane Edwards,8,11,13,81.2,0,3,0,2,0,0,1,6,239,2,3,0,90,2018,Round 10,2018-05-26,9596
Richmond,David Astbury,8,12,12,75.0,1,0,0,8,0,0,0,6,319,1,8,0,95,2018,Round 10,2018-05-26,9596
Richmond,Nick Vlastuin,3,13,12,75.0,1,1,2,2,0,0,1,9,263,2,2,0,97,2018,Round 10,2018-05-26,9596
Richmond,Jack Higgins,3,12,8,53.3,0,0,2,0,1,0,0,4,247,3,2,1,82,2018,Round 10,2018-05-26,9596
Richmond,Alex Rance,6,9,11,78.6,2,0,0,15,0,0,0,3,263,1,10,0,98,2018,Round 10,2018-05-26,9596
Richmond,Callum Moore,5,10,11,78.6,1,2,3,4,1,0,0,7,218,1,1,1,98,2018,Round 10,2018-05-26,9596
Richmond,Nathan Broad,4,8,9,69.2,1,0,0,6,0,0,0,3,260,3,6,0,100,2018,Round 10,2018-05-26,9596
Richmond,Connor Menadue,3,8,7,70.0,0,0,0,0,1,0,0,2,285,3,2,0,81,2018,Round 10,2018-05-26,9596
Richmond,Jack Graham,3,5,5,71.4,0,0,0,0,0,0,0,2,104,1,3,2,84,2018,Round 10,2018-05-26,9596
Richmond,Bachar Houli,1,3,3,75.0,0,1,0,1,0,0,0,2,127,1,1,0,14,2018,Round 10,2018-05-26,9596
Richmond,Jack Riewoldt,1,0,0,0.0,0,0,0,0,0,0,0,0,32,0,0,0,6,2018,Round 10,2018-05-26,9596
St Kilda,Sebastian Ross,13,24,30,81.1,0,0,0,1,0,4,3,6,446,5,2,0,82,2018,Round 10,2018-05-26,9596
St Kilda,Jack Steven,12,25,24,66.7,0,1,1,1,3,2,2,6,418,9,5,0,80,2018,Round 10,2018-05-26,9596
St Kilda,Jimmy Webster,10,23,27,75.0,0,0,0,5,1,1,2,2,627,8,10,0,92,2018,Round 10,2018-05-26,9596
St Kilda,Jarryn Geary,11,23,26,81.2,1,0,0,2,0,0,0,3,283,5,12,0,86,2018,Round 10,2018-05-26,9596
St Kilda,Shane Savage,7,24,27,87.1,0,0,0,1,0,1,0,4,395,4,5,0,79,2018,Round 10,2018-05-26,9596
St Kilda,Jake Carlisle,10,16,19,70.4,1,0,0,2,0,1,2,2,63,3,6,0,92,2018,Round 10,2018-05-26,9596
St Kilda,Logan Austin,5,19,19,82.6,0,0,0,9,0,0,0,3,229,2,7,0,92,2018,Round 10,2018-05-26,9596
St Kilda,Jack Steele,8,14,15,68.2,0,0,0,3,0,1,0,3,184,5,1,0,81,2018,Round 10,2018-05-26,9596
St Kilda,Jack Sinclair,6,16,16,76.2,0,0,0,4,2,0,1,6,218,3,5,0,91,2018,Round 10,2018-05-26,9596
St Kilda,Edward Phillips,2,20,14,66.7,0,0,0,1,0,0,1,4,444,7,1,0,87,2018,Round 10,2018-05-26,9596
St Kilda,Bailey Rice,7,12,15,78.9,0,0,0,5,0,0,0,4,212,4,6,0,88,2018,Round 10,2018-05-26,9596
St Kilda,Jack Billings,4,15,11,61.1,0,2,0,0,0,0,0,5,351,6,0,1,83,2018,Round 10,2018-05-26,9596
St Kilda,Hunter Clark,3,14,12,70.6,1,1,0,1,0,0,0,4,373,3,3,0,75,2018,Round 10,2018-05-26,9596
St Kilda,Jack Lonie,3,13,13,81.2,0,1,1,0,0,0,1,8,233,2,0,0,88,2018,Round 10,2018-05-26,9596
St Kilda,Jade Gresham,7,8,13,86.7,1,2,3,0,0,0,1,9,260,2,1,0,90,2018,Round 10,2018-05-26,9596
St Kilda,Tim Membrey,4,11,13,92.9,0,1,3,5,0,0,0,5,284,2,2,0,85,2018,Round 10,2018-05-26,9596
St Kilda,Daniel Mckenzie,4,9,12,92.3,0,1,0,0,1,1,0,4,161,1,3,0,78,2018,Round 10,2018-05-26,9596
St Kilda,Tom Hickey,12,3,9,75.0,0,1,1,6,0,3,4,3,208,3,2,0,88,2018,Round 10,2018-05-26,9596
St Kilda,Paddy Mccartin,4,8,9,81.8,1,0,3,2,0,0,0,4,219,4,0,0,90,2018,Round 10,2018-05-26,9596
St Kilda,Luke Dunstan,3,8,9,90.0,0,0,0,1,0,0,3,3,158,3,0,0,58,2018,Round 10,2018-05-26,9596
St Kilda,Jack Newnes,3,5,6,75.0,1,0,0,2,0,0,0,5,119,2,2,0,73,2018,Round 10,2018-05-26,9596
St Kilda,Brandon White,0,1,1,100.0,0,0,0,2,0,0,0,0,38,0,0,0,42,2018,Round 10,2018-05-26,9596
Brisbane Lions,Dayne Beams,16,22,28,73.7,0,1,1,2,0,3,6,6,435,5,3,1,83,2018,Round 10,2018-05-26,9597
Brisbane Lions,Mitch Robinson,26,9,27,77.1,0,2,0,3,0,3,10,6,782,10,9,1,81,2018,Round 10,2018-05-26,9597
Brisbane Lions,Allen Christensen,14,13,17,63.0,1,0,1,1,0,0,5,7,171,4,5,0,83,2018,Round 10,2018-05-26,9597
Brisbane Lions,Dayne Zorko,9,11,12,57.1,0,0,0,0,0,1,3,3,231,6,1,2,88,2018,Round 10,2018-05-26,9597
Brisbane Lions,Jarrod Berry,10,11,12,60.0,0,0,2,2,0,1,4,5,312,5,2,0,74,2018,Round 10,2018-05-26,9597
Brisbane Lions,Lewis Taylor,8,12,13,68.4,0,1,0,1,0,0,0,4,199,5,5,1,85,2018,Round 10,2018-05-26,9597
Brisbane Lions,Tom Cutler,6,13,15,78.9,0,0,0,1,1,0,3,2,457,5,3,0,82,2018,Round 10,2018-05-26,9597
Brisbane Lions,Hugh Mccluggage,4,11,12,70.6,0,1,0,1,0,0,2,3,412,5,3,1,85,2018,Round 10,2018-05-26,9597
Brisbane Lions,Daniel Rich,5,9,13,81.2,0,0,0,3,0,0,0,1,335,2,5,1,86,2018,Round 10,2018-05-26,9597
Brisbane Lions,Stefan Martin,12,6,10,66.7,0,0,0,8,0,1,7,4,122,1,1,0,92,2018,Round 10,2018-05-26,9597
Brisbane Lions,Nicholas Robertson,5,10,10,66.7,0,0,0,7,0,0,0,1,202,3,6,0,92,2018,Round 10,2018-05-26,9597
Brisbane Lions,Alex Witherden,2,11,8,53.3,0,0,0,0,0,0,0,1,265,5,2,0,73,2018,Round 10,2018-05-26,9597
Brisbane Lions,Harris Andrews,6,9,12,85.7,0,0,0,25,0,0,1,2,153,2,9,0,97,2018,Round 10,2018-05-26,9597
Brisbane Lions,Luke Hodge,3,10,10,83.3,0,0,0,8,0,0,0,0,104,2,3,0,80,2018,Round 10,2018-05-26,9597
Brisbane Lions,Darcy Gardiner,5,7,11,91.7,2,0,0,9,0,0,0,1,226,3,6,0,97,2018,Round 10,2018-05-26,9597
Brisbane Lions,Eric Hipwood,6,3,6,60.0,1,0,1,3,0,0,0,2,171,3,1,0,78,2018,Round 10,2018-05-26,9597
Brisbane Lions,Cameron Rayner,5,5,8,80.0,1,0,2,0,1,1,0,4,147,5,1,0,83,2018,Round 10,2018-05-26,9597
Brisbane Lions,Charlie Cameron,8,4,6,66.7,1,0,0,1,1,0,0,3,220,3,3,0,84,2018,Round 10,2018-05-26,9597
Brisbane Lions,Zac Bailey,4,3,3,37.5,0,0,0,0,0,0,0,0,138,3,4,2,86,2018,Round 10,2018-05-26,9597
Brisbane Lions,Daniel Mcstay,4,2,2,33.3,1,1,2,2,0,0,0,5,158,0,0,2,82,2018,Round 10,2018-05-26,9597
Brisbane Lions,Oscar Mcinerney,4,2,3,60.0,1,0,0,2,0,0,1,2,67,3,1,1,81,2018,Round 10,2018-05-26,9597
Brisbane Lions,Matt Eagles,2,1,2,66.7,0,0,0,7,0,0,0,0,3,1,2,0,29,2018,Round 10,2018-05-26,9597
Sydney,Josh P  Kennedy,23,10,15,44.1,1,0,0,2,0,1,6,2,270,9,5,0,84,2018,Round 10,2018-05-26,9597
Sydney,George Hewett,21,8,18,64.3,0,0,0,0,0,3,7,3,424,6,2,1,88,2018,Round 10,2018-05-26,9597
Sydney,Jake Lloyd,10,15,21,80.8,0,0,0,5,0,1,1,2,320,4,8,0,79,2018,Round 10,2018-05-26,9597
Sydney,Zak Jones,7,17,20,80.0,0,1,0,3,0,0,1,1,332,3,7,0,87,2018,Round 10,2018-05-26,9597
Sydney,Jarrad Mcveigh,5,13,18,81.8,0,1,0,5,0,0,0,5,369,1,9,0,85,2018,Round 10,2018-05-26,9597
Sydney,Luke Parker,9,12,14,63.6,0,0,0,3,0,1,1,3,207,5,0,2,83,2018,Round 10,2018-05-26,9597
Sydney,Isaac Heeney,10,9,14,70.0,1,1,1,4,0,1,3,4,453,3,3,2,87,2018,Round 10,2018-05-26,9597
Sydney,Oliver Florent,7,13,9,45.0,0,0,0,2,0,1,3,4,592,4,1,0,83,2018,Round 10,2018-05-26,9597
Sydney,Heath Grundy,8,9,16,88.9,2,0,0,4,0,0,0,0,198,2,9,0,98,2018,Round 10,2018-05-26,9597
Sydney,Harry Cunningham,5,12,12,66.7,0,0,0,0,0,0,2,4,408,2,1,0,83,2018,Round 10,2018-05-26,9597
Sydney,Daniel Hannebery,7,11,13,76.5,0,1,0,3,0,1,1,4,280,4,1,1,62,2018,Round 10,2018-05-26,9597
Sydney,Dane Rampe,4,11,14,87.5,0,0,0,3,0,0,0,0,278,1,6,0,93,2018,Round 10,2018-05-26,9597
Sydney,Kieran Jack,8,7,8,53.3,0,0,0,0,0,1,2,1,213,6,2,0,83,2018,Round 10,2018-05-26,9597
Sydney,Nick Smith 1,5,11,11,73.3,1,0,0,4,0,0,0,0,219,4,6,0,90,2018,Round 10,2018-05-26,9597
Sydney,Lance Franklin,5,8,7,53.8,0,1,1,2,1,0,0,5,349,3,1,0,92,2018,Round 10,2018-05-26,9597
Sydney,Will Hayward,5,8,11,84.6,1,0,2,0,1,0,0,3,246,2,3,0,78,2018,Round 10,2018-05-26,9597
Sydney,Ben Ronke,7,5,6,46.2,0,0,0,1,0,0,0,4,265,2,3,1,81,2018,Round 10,2018-05-26,9597
Sydney,Callum Sinclair,7,4,6,50.0,0,0,0,2,0,0,1,1,170,2,5,0,88,2018,Round 10,2018-05-26,9597
Sydney,Tom Papley,11,3,8,66.7,0,0,0,4,1,0,2,3,167,2,3,1,67,2018,Round 10,2018-05-26,9597
Sydney,Harrison Marsh,7,4,8,72.7,0,0,0,6,0,0,0,0,46,4,6,0,80,2018,Round 10,2018-05-26,9597
Sydney,Ryley Stoddart,2,7,4,44.4,0,0,0,1,1,0,0,3,192,2,0,0,72,2018,Round 10,2018-05-26,9597
Sydney,Tom Mccartin,3,1,1,25.0,0,0,0,0,0,0,0,1,120,4,1,2,57,2018,Round 10,2018-05-26,9597
Greater Western Sydney,Heath Shaw,13,14,26,76.5,1,1,0,6,1,0,3,7,988,5,15,0,87,2018,Round 10,2018-05-26,9599
Greater Western Sydney,Callan Ward,20,14,22,64.7,0,3,0,0,0,1,3,9,253,4,6,1,91,2018,Round 10,2018-05-26,9599
Greater Western Sydney,Stephen Coniglio,18,14,23,71.9,0,0,0,1,0,3,9,6,316,6,4,1,88,2018,Round 10,2018-05-26,9599
Greater Western Sydney,Joshua Kelly,10,19,16,55.2,0,2,0,2,0,0,4,8,688,7,0,0,70,2018,Round 10,2018-05-26,9599
Greater Western Sydney,Jacob Hopper,12,17,18,66.7,0,0,0,1,0,1,1,3,318,5,4,0,75,2018,Round 10,2018-05-26,9599
Greater Western Sydney,Lachie Whitfield,2,22,21,84.0,0,0,0,3,0,0,1,4,369,3,2,0,91,2018,Round 10,2018-05-26,9599
Greater Western Sydney,Dylan Shiel,4,12,12,70.6,0,0,0,1,0,0,3,4,172,2,1,0,75,2018,Round 10,2018-05-26,9599
Greater Western Sydney,Nick Haynes,5,12,13,81.2,1,0,0,6,1,0,0,5,547,4,6,0,82,2018,Round 10,2018-05-26,9599
Greater Western Sydney,Jonathon Patton,7,8,12,80.0,2,0,2,3,0,2,1,4,134,1,0,1,83,2018,Round 10,2018-05-26,9599
Greater Western Sydney,Ryan Griffen,7,8,9,64.3,0,0,1,2,0,0,1,5,322,3,4,0,81,2018,Round 10,2018-05-26,9599
Greater Western Sydney,Jeremy Cameron,5,8,7,53.8,1,0,4,1,0,0,0,7,155,2,2,0,91,2018,Round 10,2018-05-26,9599
Greater Western Sydney,Aidan Corr,5,7,11,84.6,1,0,0,6,0,0,0,3,221,1,5,0,86,2018,Round 10,2018-05-26,9599
Greater Western Sydney,Harrison Himmelberg,5,8,10,76.9,0,0,2,1,0,0,0,6,181,2,1,1,88,2018,Round 10,2018-05-26,9599
Greater Western Sydney,Matthew Buntine,5,6,8,66.7,1,0,0,3,0,0,0,0,91,2,8,0,75,2018,Round 10,2018-05-26,9599
Greater Western Sydney,Tim Taranto,5,6,10,83.3,0,0,0,2,0,0,3,2,109,0,0,0,74,2018,Round 10,2018-05-26,9599
Greater Western Sydney,Harry Perryman,3,9,9,75.0,1,0,0,1,0,0,0,2,206,3,1,0,71,2018,Round 10,2018-05-26,9599
Greater Western Sydney,Daniel Lloyd,8,5,7,63.6,0,0,0,3,0,0,2,4,69,3,0,0,79,2018,Round 10,2018-05-26,9599
Greater Western Sydney,Adam Tomlinson,4,6,9,90.0,0,0,0,7,0,0,0,1,141,1,4,0,92,2018,Round 10,2018-05-26,9599
Greater Western Sydney,Rory Lobb,8,3,8,80.0,2,0,0,2,0,1,2,3,146,2,3,1,85,2018,Round 10,2018-05-26,9599
Greater Western Sydney,Tim Mohr,1,7,8,88.9,1,0,0,3,0,0,0,1,157,1,2,0,87,2018,Round 10,2018-05-26,9599
Greater Western Sydney,Dylan Buckley,4,5,5,62.5,0,0,1,1,0,0,0,3,163,4,0,0,65,2018,Round 10,2018-05-26,9599
Greater Western Sydney,Zac Giles Langdon,3,3,4,80.0,0,0,0,3,1,0,1,1,126,3,0,3,83,2018,Round 10,2018-05-26,9599
Essendon,David Zaharakis,11,19,15,45.5,0,2,0,3,0,2,4,8,631,2,1,0,87,2018,Round 10,2018-05-26,9599
Essendon,Dyson Heppell,14,14,18,64.3,0,0,0,2,0,3,9,9,625,5,3,0,90,2018,Round 10,2018-05-26,9599
Essendon,Zachary Merrett,11,14,16,66.7,0,2,0,2,0,3,6,7,334,8,3,1,77,2018,Round 10,2018-05-26,9599
Essendon,Adam Saad,6,14,18,81.8,0,0,0,2,4,0,0,2,478,2,7,0,85,2018,Round 10,2018-05-26,9599
Essendon,Brendon Goddard,9,12,17,81.0,1,0,0,4,0,0,2,5,387,4,7,0,91,2018,Round 10,2018-05-26,9599
Essendon,Devon Smith,12,9,13,61.9,0,1,1,1,1,2,1,6,381,4,7,4,81,2018,Round 10,2018-05-26,9599
Essendon,Matt Guelfi,9,11,8,38.1,0,0,0,2,0,0,2,2,336,5,5,0,74,2018,Round 10,2018-05-26,9599
Essendon,Conor Mckenna,2,12,16,80.0,0,0,0,2,0,0,0,4,420,3,4,0,86,2018,Round 10,2018-05-26,9599
Essendon,Andrew Mcgrath,7,8,11,61.1,0,0,0,1,0,1,5,3,272,3,1,0,73,2018,Round 10,2018-05-26,9599
Essendon,Kyle Langford,11,6,10,58.8,0,0,0,0,0,0,2,3,124,3,1,2,77,2018,Round 10,2018-05-26,9599
Essendon,Jayden Laverde,7,10,15,88.2,1,2,0,3,0,0,1,4,186,1,2,0,77,2018,Round 10,2018-05-26,9599
Essendon,Jake Stringer,13,1,7,43.8,1,1,1,3,0,1,2,9,391,6,3,0,81,2018,Round 10,2018-05-26,9599
Essendon,Orazio Fantasia,8,7,11,73.3,0,2,0,2,1,2,0,7,417,6,3,3,80,2018,Round 10,2018-05-26,9599
Essendon,Mark Baguley,3,8,8,61.5,0,0,2,0,0,0,0,5,292,4,0,1,87,2018,Round 10,2018-05-26,9599
Essendon,Shaun Mckernan,5,6,6,50.0,1,0,2,2,0,0,0,8,282,4,0,0,77,2018,Round 10,2018-05-26,9599
Essendon,Cale Hooker,5,7,9,81.8,0,0,0,5,0,0,0,2,71,1,7,0,89,2018,Round 10,2018-05-26,9599
Essendon,James Stewart,6,6,6,54.5,0,0,1,0,0,0,2,3,202,2,1,1,94,2018,Round 10,2018-05-26,9599
Essendon,Jordan Ridley,1,8,8,88.9,1,0,0,2,0,1,0,1,153,0,2,0,77,2018,Round 10,2018-05-26,9599
Essendon,Matthew Dea,4,3,7,87.5,0,0,0,2,0,0,1,1,73,2,5,0,80,2018,Round 10,2018-05-26,9599
Essendon,Anthony Mcdonald Tipungwuti,4,4,4,57.1,0,0,0,4,0,0,0,2,108,2,0,1,71,2018,Round 10,2018-05-26,9599
Essendon,Patrick Ambrose,2,2,2,50.0,1,0,0,4,0,0,0,1,107,1,2,0,90,2018,Round 10,2018-05-26,9599
Essendon,Tom Bellchambers,3,1,2,66.7,0,1,0,5,0,1,2,7,106,1,0,0,77,2018,Round 10,2018-05-26,9599
Geelong,Patrick Dangerfield,17,12,16,55.2,1,1,0,2,0,3,5,7,590,4,5,0,84,2018,Round 10,2018-05-26,9598
Geelong,Thomas Stewart,11,17,22,78.6,3,0,0,6,0,0,1,3,514,5,11,0,84,2018,Round 10,2018-05-26,9598
Geelong,Mitchell Duncan,6,21,23,85.2,1,1,0,2,0,0,4,4,483,2,2,0,81,2018,Round 10,2018-05-26,9598
Geelong,Gary Jnr Ablett,8,17,15,60.0,0,0,1,0,0,0,2,6,511,9,5,0,76,2018,Round 10,2018-05-26,9598
Geelong,Sam Menegola,9,13,17,73.9,0,0,1,0,0,1,1,4,289,1,3,3,81,2018,Round 10,2018-05-26,9598
Geelong,Joel Selwood,8,12,16,80.0,0,1,0,1,0,1,5,3,239,4,1,0,80,2018,Round 10,2018-05-26,9598
Geelong,Aaron Black,8,11,14,77.8,0,0,0,4,0,0,1,1,243,4,7,0,86,2018,Round 10,2018-05-26,9598
Geelong,Brandan Parfitt,9,9,10,55.6,0,0,0,0,0,0,1,4,141,3,2,1,83,2018,Round 10,2018-05-26,9598
Geelong,Zach Tuohy,4,13,13,76.5,0,1,0,2,0,0,1,3,331,5,4,1,91,2018,Round 10,2018-05-26,9598
Geelong,Jordan Murdoch,9,8,14,82.4,1,1,0,1,0,0,2,4,389,2,5,1,74,2018,Round 10,2018-05-26,9598
Geelong,Mark Blicavs,11,8,13,76.5,1,0,0,8,0,0,0,2,125,4,8,0,100,2018,Round 10,2018-05-26,9598
Geelong,Jordan Cunico,6,10,12,75.0,0,0,0,1,1,1,1,2,245,3,2,0,84,2018,Round 10,2018-05-26,9598
Geelong,Jack Henry,9,7,10,62.5,2,0,1,5,0,0,1,3,202,1,6,0,80,2018,Round 10,2018-05-26,9598
Geelong,Tim Kelly,10,6,7,46.7,0,0,0,0,0,2,3,1,96,6,1,1,83,2018,Round 10,2018-05-26,9598
Geelong,Jake Kolodjashnij,3,7,7,58.3,0,0,0,6,0,0,0,2,143,4,4,0,84,2018,Round 10,2018-05-26,9598
Geelong,Tom Hawkins,6,6,7,63.6,2,1,3,0,0,0,0,6,101,7,0,3,84,2018,Round 10,2018-05-26,9598
Geelong,Rhys Stanley,2,7,5,55.6,1,0,1,7,0,0,1,2,292,2,2,1,90,2018,Round 10,2018-05-26,9598
Geelong,Stewart Crameri,4,5,4,44.4,0,0,1,2,0,0,0,2,146,2,1,1,90,2018,Round 10,2018-05-26,9598
Geelong,Jamaine Jones,5,4,4,50.0,0,0,0,0,0,0,0,2,115,2,3,0,80,2018,Round 10,2018-05-26,9598
Geelong,Jed Bews,1,5,5,83.3,0,0,0,2,0,0,1,2,156,0,0,0,89,2018,Round 10,2018-05-26,9598
Geelong,Cory Gregson,1,5,4,80.0,0,0,0,2,0,0,0,0,47,1,0,4,87,2018,Round 10,2018-05-26,9598
Geelong,Esava Ratugolea,0,1,0,0.0,0,0,0,1,0,0,0,0,-4,0,0,0,28,2018,Round 10,2018-05-26,9598
Carlton,Kade Simpson,7,22,23,69.7,1,0,0,3,1,1,1,4,675,5,5,0,96,2018,Round 10,2018-05-26,9598
Carlton,Patrick Cripps,22,12,20,64.5,1,0,0,1,0,2,6,4,286,6,3,1,88,2018,Round 10,2018-05-26,9598
Carlton,Edward Curnow,14,13,21,70.0,0,0,0,2,0,2,6,3,218,6,3,1,88,2018,Round 10,2018-05-26,9598
Carlton,Zac Fisher,10,14,16,64.0,0,0,0,0,0,1,1,2,157,4,4,0,85,2018,Round 10,2018-05-26,9598
Carlton,Dale Thomas,4,17,14,70.0,0,0,0,1,0,0,1,1,312,4,4,0,79,2018,Round 10,2018-05-26,9598
Carlton,Lachlan Plowman,9,11,15,75.0,0,0,0,15,2,0,0,4,325,3,13,0,94,2018,Round 10,2018-05-26,9598
Carlton,Paddy Dow,7,8,10,55.6,0,1,1,2,0,1,1,3,334,6,3,0,70,2018,Round 10,2018-05-26,9598
Carlton,Matthew Kreuzer,11,6,9,56.2,2,0,0,5,0,2,2,3,174,5,2,1,90,2018,Round 10,2018-05-26,9598
Carlton,Matthew Wright,4,11,8,53.3,0,0,1,2,0,0,0,3,365,7,3,0,88,2018,Round 10,2018-05-26,9598
Carlton,Sam Petrevski Seton,5,10,10,66.7,0,1,0,0,0,0,1,7,248,1,3,4,80,2018,Round 10,2018-05-26,9598
Carlton,Cameron O Shea,1,9,9,75.0,0,0,0,2,0,0,0,2,300,1,2,0,82,2018,Round 10,2018-05-26,9598
Carlton,Darcy Lang,5,9,8,66.7,0,0,0,1,0,0,1,5,196,2,2,0,72,2018,Round 10,2018-05-26,9598
Carlton,Sam Rowe,2,7,7,63.6,0,0,0,7,0,0,0,1,97,2,6,0,90,2018,Round 10,2018-05-26,9598
Carlton,Sam Kerridge,7,5,7,63.6,0,0,0,1,0,0,4,3,172,1,3,1,87,2018,Round 10,2018-05-26,9598
Carlton,Jacob Weitering,1,11,10,90.9,0,0,0,3,0,0,0,0,78,1,1,0,73,2018,Round 10,2018-05-26,9598
Carlton,Lochie O Brien,3,9,6,54.5,0,0,0,1,0,0,0,1,81,3,0,0,73,2018,Round 10,2018-05-26,9598
Carlton,Liam Jones,8,2,8,88.9,1,0,0,14,0,0,1,2,266,3,9,0,86,2018,Round 10,2018-05-26,9598
Carlton,Jed Lamb,1,7,9,100.0,0,0,0,1,0,0,0,2,93,2,1,1,81,2018,Round 10,2018-05-26,9598
Carlton,Pat Kerr,4,5,7,77.8,0,0,0,1,0,0,0,4,189,1,2,1,67,2018,Round 10,2018-05-26,9598
Carlton,Charlie Curnow,5,2,7,87.5,2,0,0,2,0,0,0,2,147,4,2,2,94,2018,Round 10,2018-05-26,9598
Carlton,Harry Mckay,5,2,4,66.7,0,0,0,1,0,0,0,4,122,1,1,1,67,2018,Round 10,2018-05-26,9598
Carlton,David Cuningham,1,6,4,80.0,0,0,0,1,0,0,0,1,141,3,1,1,72,2018,Round 10,2018-05-26,9598
Hawthorn,Liam Shiels,10,19,16,55.2,0,1,0,1,0,1,5,5,418,5,2,0,83,2018,Round 10,2018-05-27,9600
Hawthorn,Tom Mitchell,13,16,15,53.6,0,0,1,1,2,2,4,2,309,6,4,3,92,2018,Round 10,2018-05-27,9600
Hawthorn,Isaac Smith,7,16,15,62.5,0,0,0,0,1,1,1,4,390,5,4,1,86,2018,Round 10,2018-05-27,9600
Hawthorn,Jarryd Roughead,11,12,20,90.9,2,0,1,1,0,1,2,8,139,1,3,1,90,2018,Round 10,2018-05-27,9600
Hawthorn,Ryan Burton,4,18,13,59.1,1,0,0,1,0,0,0,5,589,4,5,0,72,2018,Round 10,2018-05-27,9600
Hawthorn,James Sicily,7,11,17,81.0,0,0,0,5,0,0,0,3,538,8,12,0,87,2018,Round 10,2018-05-27,9600
Hawthorn,Jaeger O Meara,9,11,14,70.0,0,0,2,2,0,4,1,6,268,2,1,1,78,2018,Round 10,2018-05-27,9600
Hawthorn,Ricky Henderson,4,16,14,73.7,1,1,0,0,0,0,1,3,363,5,2,0,72,2018,Round 10,2018-05-27,9600
Hawthorn,Blake Hardwick,5,13,15,83.3,1,0,0,4,0,0,0,6,189,2,5,0,86,2018,Round 10,2018-05-27,9600
Hawthorn,Taylor Duryea,6,10,15,88.2,0,0,0,3,0,0,0,1,401,5,7,0,87,2018,Round 10,2018-05-27,9600
Hawthorn,Jarman Impey,7,10,12,70.6,0,1,0,2,1,0,1,6,272,4,3,0,79,2018,Round 10,2018-05-27,9600
Hawthorn,David Mirra,5,9,13,86.7,0,0,0,2,0,0,2,1,126,1,4,0,75,2018,Round 10,2018-05-27,9600
Hawthorn,James Frawley,5,9,13,92.9,1,0,0,7,0,0,0,1,228,2,6,0,87,2018,Round 10,2018-05-27,9600
Hawthorn,Shaun Burgoyne,4,9,12,92.3,0,0,0,3,0,0,1,2,122,0,3,0,85,2018,Round 10,2018-05-27,9600
Hawthorn,Luke Breust,8,5,8,61.5,0,1,0,1,0,0,0,3,202,3,3,1,83,2018,Round 10,2018-05-27,9600
Hawthorn,Paul Puopolo,6,6,9,69.2,0,1,0,1,0,0,2,4,152,4,0,3,89,2018,Round 10,2018-05-27,9600
Hawthorn,Harry Morrison,4,9,12,92.3,0,0,0,2,0,0,2,1,83,2,1,0,66,2018,Round 10,2018-05-27,9600
Hawthorn,Ben Mcevoy,2,9,9,81.8,0,2,0,7,0,1,0,5,108,2,0,0,80,2018,Round 10,2018-05-27,9600
Hawthorn,Jack Gunston,2,9,8,72.7,0,1,1,3,0,0,0,6,299,3,0,0,90,2018,Round 10,2018-05-27,9600
Hawthorn,Benjamin Stratton,3,9,7,63.6,0,0,0,9,0,0,0,1,66,2,4,0,96,2018,Round 10,2018-05-27,9600
Hawthorn,Jonathon Ceglar,6,1,3,50.0,1,0,1,6,0,1,0,2,109,4,2,0,76,2018,Round 10,2018-05-27,9600
Hawthorn,Mitchell Lewis,1,6,5,83.3,0,0,1,3,0,0,0,4,25,2,0,0,60,2018,Round 10,2018-05-27,9600
West Coast,Andrew Gaff,9,26,28,80.0,0,0,0,0,1,3,4,6,426,2,4,0,85,2018,Round 10,2018-05-27,9600
West Coast,Elliot Yeo,16,13,19,67.9,1,0,0,0,1,3,4,6,636,6,4,0,86,2018,Round 10,2018-05-27,9600
West Coast,Jack Redden,14,11,18,72.0,0,0,0,0,0,4,1,5,322,2,9,1,87,2018,Round 10,2018-05-27,9600
West Coast,Dominic Sheed,13,11,16,72.7,0,0,0,3,1,1,4,6,239,5,7,0,76,2018,Round 10,2018-05-27,9600
West Coast,Bradley Sheppard,7,13,17,85.0,2,0,0,7,0,0,1,3,148,3,7,0,86,2018,Round 10,2018-05-27,9600
West Coast,Mark Lecras,8,8,8,44.4,1,0,3,0,0,0,3,7,215,5,0,0,92,2018,Round 10,2018-05-27,9600
West Coast,Mark Hutchings,6,13,4,22.2,0,1,0,0,0,1,2,3,367,8,0,1,80,2018,Round 10,2018-05-27,9600
West Coast,Shannon Hurn,6,11,17,100.0,0,0,0,3,0,0,0,3,290,1,8,0,88,2018,Round 10,2018-05-27,9600
West Coast,Scott Lycett,8,8,11,64.7,0,0,0,2,0,0,3,3,329,3,3,1,64,2018,Round 10,2018-05-27,9600
West Coast,Joshua Kennedy,8,7,11,73.3,2,0,2,0,0,0,0,5,225,4,2,0,86,2018,Round 10,2018-05-27,9600
West Coast,Jack Darling,10,6,10,66.7,1,2,1,3,0,0,0,5,186,5,0,0,94,2018,Round 10,2018-05-27,9600
West Coast,Liam Duggan,5,10,11,73.3,1,0,0,5,1,0,2,1,298,5,2,1,87,2018,Round 10,2018-05-27,9600
West Coast,Brendon Ah Chee,6,6,7,50.0,0,0,0,1,0,1,1,3,102,2,1,1,67,2018,Round 10,2018-05-27,9600
West Coast,Willie Rioli,4,9,10,76.9,1,1,1,1,0,0,0,6,294,2,1,0,74,2018,Round 10,2018-05-27,9600
West Coast,Nicholas Naitanui,9,4,7,58.3,2,1,1,3,0,0,3,6,12,2,4,2,56,2018,Round 10,2018-05-27,9600
West Coast,Lewis Jetta,1,11,10,83.3,0,0,0,1,0,0,1,2,226,2,0,0,82,2018,Round 10,2018-05-27,9600
West Coast,Tom Barrass,2,10,11,91.7,0,0,0,7,0,0,0,0,190,2,4,0,93,2018,Round 10,2018-05-27,9600
West Coast,Chris Masten,2,9,11,100.0,0,0,0,1,0,0,0,3,129,0,2,0,71,2018,Round 10,2018-05-27,9600
West Coast,Jeremy Mcgovern,5,6,8,72.7,2,0,0,11,0,0,0,0,172,3,8,0,84,2018,Round 10,2018-05-27,9600
West Coast,Tom Cole,5,7,9,90.0,0,0,0,3,0,0,1,2,222,1,3,0,82,2018,Round 10,2018-05-27,9600
West Coast,Jake Waterman,2,7,7,77.8,1,1,2,1,0,0,0,3,191,2,2,1,89,2018,Round 10,2018-05-27,9600
West Coast,Jamie Cripps,5,4,5,62.5,0,1,0,0,0,0,0,3,123,4,1,0,90,2018,Round 10,2018-05-27,9600
Fremantle,Nathan Fyfe,24,10,20,64.5,2,0,0,2,0,5,3,9,349,4,6,2,92,2018,Round 10,2018-05-27,9602
Fremantle,Luke Ryan,10,18,20,71.4,0,0,0,4,0,0,2,3,623,7,8,0,84,2018,Round 10,2018-05-27,9602
Fremantle,Michael Walters,13,14,23,85.2,1,0,1,2,0,0,0,10,186,4,4,2,81,2018,Round 10,2018-05-27,9602
Fremantle,Ed Langdon,9,18,19,73.1,0,2,1,1,0,0,4,5,341,6,4,0,87,2018,Round 10,2018-05-27,9602
Fremantle,David Mundy,7,17,13,54.2,2,0,2,0,0,0,3,11,552,4,1,1,90,2018,Round 10,2018-05-27,9602
Fremantle,Lachie Neale,12,8,15,75.0,0,0,0,0,0,4,2,5,155,3,3,2,81,2018,Round 10,2018-05-27,9602
Fremantle,Andrew Brayshaw,6,12,12,70.6,0,0,0,2,1,0,2,3,179,5,3,2,66,2018,Round 10,2018-05-27,9602
Fremantle,Michael Johnson,4,10,12,80.0,1,0,0,0,0,0,1,2,360,1,5,0,83,2018,Round 10,2018-05-27,9602
Fremantle,Adam Cerra,7,9,10,66.7,0,0,1,0,0,0,0,4,100,2,1,3,80,2018,Round 10,2018-05-27,9602
Fremantle,Bailey Banfield,5,11,11,73.3,0,0,0,4,0,1,2,4,265,4,4,0,88,2018,Round 10,2018-05-27,9602
Fremantle,Nathan Wilson,3,12,12,85.7,1,0,0,4,0,0,0,5,314,2,2,0,81,2018,Round 10,2018-05-27,9602
Fremantle,Darcy Tucker,5,8,8,57.1,0,0,0,4,0,0,2,1,323,5,3,0,69,2018,Round 10,2018-05-27,9602
Fremantle,Danyle Pearce,7,7,12,92.3,0,0,0,2,0,1,3,3,55,2,2,3,68,2018,Round 10,2018-05-27,9602
Fremantle,Brandon Matera,5,10,9,69.2,0,0,0,1,1,0,0,3,179,4,1,0,76,2018,Round 10,2018-05-27,9602
Fremantle,Stephen Hill,0,12,5,41.7,0,0,0,2,0,0,0,2,285,5,3,0,80,2018,Round 10,2018-05-27,9602
Fremantle,Connor Blakely,1,14,9,75.0,0,0,0,3,0,0,0,4,207,4,2,1,76,2018,Round 10,2018-05-27,9602
Fremantle,Hayden Ballantyne,3,6,4,40.0,0,1,0,1,0,0,1,4,124,4,0,0,72,2018,Round 10,2018-05-27,9602
Fremantle,Joel Hamling,5,7,9,90.0,1,0,0,11,0,0,0,2,187,2,7,0,95,2018,Round 10,2018-05-27,9602
Fremantle,Brennan Cox,4,8,8,80.0,0,1,0,1,0,0,0,6,146,3,0,1,95,2018,Round 10,2018-05-27,9602
Fremantle,Cameron Mccarthy,6,5,4,44.4,0,1,1,3,0,0,1,5,125,2,1,0,86,2018,Round 10,2018-05-27,9602
Fremantle,Alex Pearce,3,7,7,77.8,0,0,0,6,1,0,0,0,144,3,4,0,96,2018,Round 10,2018-05-27,9602
Fremantle,Aaron Sandilands,7,0,5,71.4,0,0,0,4,0,3,1,2,-12,2,1,1,74,2018,Round 10,2018-05-27,9602
North Melbourne,Ben Jacobs,18,10,19,65.5,0,0,2,1,0,1,3,7,210,5,8,0,85,2018,Round 10,2018-05-27,9602
North Melbourne,Shaun Higgins,10,14,12,48.0,0,0,0,0,0,2,3,3,605,4,2,0,87,2018,Round 10,2018-05-27,9602
North Melbourne,Kayne Turner,15,11,12,52.2,0,1,1,3,0,1,2,10,356,4,6,2,78,2018,Round 10,2018-05-27,9602
North Melbourne,Jamie Macmillan,4,18,18,85.7,0,0,0,4,1,0,0,4,551,6,6,1,87,2018,Round 10,2018-05-27,9602
North Melbourne,Ben Cunnington,12,10,12,60.0,0,0,0,0,0,1,7,4,197,4,0,5,75,2018,Round 10,2018-05-27,9602
North Melbourne,Jarrad Waite,8,12,10,52.6,1,0,2,0,0,0,1,7,404,7,2,2,96,2018,Round 10,2018-05-27,9602
North Melbourne,Shaun Atley,8,11,12,63.2,0,2,0,0,0,0,0,9,343,2,2,1,88,2018,Round 10,2018-05-27,9602
North Melbourne,Jed Anderson,13,7,12,63.2,0,0,0,1,0,1,4,6,201,0,3,3,76,2018,Round 10,2018-05-27,9602
North Melbourne,Billy Hartung,6,12,11,57.9,0,1,0,0,4,0,0,2,174,1,2,2,76,2018,Round 10,2018-05-27,9602
North Melbourne,Luke Mcdonald,2,16,9,50.0,0,0,0,2,0,0,1,3,505,4,3,0,87,2018,Round 10,2018-05-27,9602
North Melbourne,Jy Simpkin,11,6,11,64.7,0,2,0,3,0,0,3,5,192,2,3,2,76,2018,Round 10,2018-05-27,9602
North Melbourne,Scott Thompson 1,6,9,9,60.0,0,0,0,8,0,0,0,2,450,3,14,0,92,2018,Round 10,2018-05-27,9602
North Melbourne,Trent Dumont,6,9,11,73.3,0,0,0,2,0,0,1,6,244,1,3,2,87,2018,Round 10,2018-05-27,9602
North Melbourne,Robert Tarrant,4,8,9,69.2,0,0,0,8,0,0,0,1,246,4,6,0,93,2018,Round 10,2018-05-27,9602
North Melbourne,Ryan Clarke,7,7,7,53.8,0,0,0,1,0,0,1,1,93,4,5,0,66,2018,Round 10,2018-05-27,9602
North Melbourne,Marley Williams,4,8,10,83.3,0,0,0,2,0,0,1,2,179,3,4,0,82,2018,Round 10,2018-05-27,9602
North Melbourne,Jack Ziebell,8,4,3,27.3,0,0,2,3,0,0,0,4,206,4,1,0,86,2018,Round 10,2018-05-27,9602
North Melbourne,Mason Wood,5,5,6,60.0,0,0,0,2,0,0,0,3,168,2,0,1,77,2018,Round 10,2018-05-27,9602
North Melbourne,Ben Brown,9,2,8,80.0,2,1,2,2,0,0,0,6,171,0,1,2,92,2018,Round 10,2018-05-27,9602
North Melbourne,Todd Goldstein,4,5,5,62.5,0,0,0,4,0,1,2,5,87,1,1,0,83,2018,Round 10,2018-05-27,9602
North Melbourne,Samuel Wright,2,4,5,71.4,1,0,0,1,1,0,0,3,205,1,4,0,78,2018,Round 10,2018-05-27,9602
North Melbourne,Sam Durdin,1,4,5,83.3,0,0,0,4,0,0,0,1,97,1,2,0,54,2018,Round 10,2018-05-27,9602
Melbourne,Angus Brayshaw,7,32,30,81.1,0,0,3,0,2,2,1,12,791,5,1,0,86,2018,Round 10,2018-05-27,9601
Melbourne,Jack Viney,20,17,26,74.3,0,1,0,0,0,4,3,11,409,4,5,0,72,2018,Round 10,2018-05-27,9601
Melbourne,Clayton Oliver,16,15,24,77.4,0,0,0,0,0,4,6,4,319,4,2,2,74,2018,Round 10,2018-05-27,9601
Melbourne,Nathan Jones,12,14,21,75.0,0,1,0,0,0,4,3,10,260,2,1,0,82,2018,Round 10,2018-05-27,9601
Melbourne,Christian Salem,5,22,23,82.1,0,1,0,1,0,1,0,6,413,6,6,0,83,2018,Round 10,2018-05-27,9601
Melbourne,Bayley Fritsch,6,18,20,83.3,0,3,0,2,1,1,1,11,222,3,2,1,75,2018,Round 10,2018-05-27,9601
Melbourne,Michael Hibberd,7,16,18,78.3,2,2,0,5,0,0,0,6,398,3,7,0,80,2018,Round 10,2018-05-27,9601
Melbourne,James Harmes,5,17,14,60.9,0,0,0,1,0,0,1,5,436,5,2,0,79,2018,Round 10,2018-05-27,9601
Melbourne,Alex Neal Bullen,4,19,16,69.6,0,1,1,0,0,0,1,7,281,6,1,2,77,2018,Round 10,2018-05-27,9601
Melbourne,Christian Petracca,9,14,14,63.6,0,0,2,2,0,0,3,7,218,6,4,0,83,2018,Round 10,2018-05-27,9601
Melbourne,Jordan Lewis,3,18,16,76.2,1,1,0,1,0,1,0,8,227,2,5,0,92,2018,Round 10,2018-05-27,9601
Melbourne,Jesse Hogan,10,11,17,85.0,4,2,5,2,0,1,0,10,309,4,1,0,87,2018,Round 10,2018-05-27,9601
Melbourne,Neville Jetta,7,12,16,84.2,1,0,0,2,0,0,0,4,148,2,6,0,82,2018,Round 10,2018-05-27,9601
Melbourne,Tim Smith,8,12,13,68.4,1,0,1,3,0,0,0,10,183,3,2,2,85,2018,Round 10,2018-05-27,9601
Melbourne,Tom Mcdonald,6,13,16,88.9,1,1,1,0,1,0,0,8,261,2,3,1,75,2018,Round 10,2018-05-27,9601
Melbourne,Bernie Vince,6,11,14,82.4,2,0,0,3,0,0,0,2,72,1,4,0,89,2018,Round 10,2018-05-27,9601
Melbourne,Jake Melksham,7,10,14,82.4,2,1,3,0,0,0,0,10,367,2,1,2,83,2018,Round 10,2018-05-27,9601
Melbourne,Jake Lever,11,3,14,93.3,2,0,0,6,0,0,0,2,342,3,11,0,86,2018,Round 10,2018-05-27,9601
Melbourne,Mitchell Hannan,5,11,14,93.3,0,1,1,1,0,0,0,10,264,1,0,1,78,2018,Round 10,2018-05-27,9601
Melbourne,Charlie Spargo,2,11,12,85.7,0,1,2,0,0,0,0,8,334,1,2,4,80,2018,Round 10,2018-05-27,9601
Melbourne,Max Gawn,7,6,10,83.3,0,0,0,1,0,2,0,4,94,1,2,0,79,2018,Round 10,2018-05-27,9601
Melbourne,Oscar Mcdonald,0,6,6,85.7,0,0,0,9,0,0,0,3,194,1,1,0,94,2018,Round 10,2018-05-27,9601
Adelaide,Matt Crouch,14,20,26,76.5,0,0,0,1,0,3,5,3,325,5,1,0,82,2018,Round 10,2018-05-27,9601
Adelaide,Rory Laird,8,20,24,80.0,0,0,0,0,0,0,2,6,347,4,5,0,89,2018,Round 10,2018-05-27,9601
Adelaide,Sam Gibson,7,15,13,59.1,0,0,0,1,0,0,1,2,252,5,4,0,81,2018,Round 10,2018-05-27,9601
Adelaide,Rory Atkins,6,16,18,81.8,0,1,0,0,2,0,0,5,483,3,6,0,87,2018,Round 10,2018-05-27,9601
Adelaide,Hugh Greenwood,10,11,14,66.7,0,0,0,2,0,2,2,2,271,2,3,1,82,2018,Round 10,2018-05-27,9601
Adelaide,Tom Doedee,9,12,19,90.5,0,0,0,6,1,0,1,2,229,5,9,0,90,2018,Round 10,2018-05-27,9601
Adelaide,Bryce Gibbs,7,12,14,73.7,0,0,0,0,0,1,2,3,270,3,3,0,81,2018,Round 10,2018-05-27,9601
Adelaide,Richard Douglas,5,12,12,66.7,0,0,0,2,1,0,1,4,371,6,4,0,83,2018,Round 10,2018-05-27,9601
Adelaide,David Mackay,1,17,13,72.2,0,0,0,1,1,0,0,3,294,4,1,0,82,2018,Round 10,2018-05-27,9601
Adelaide,Tom Lynch,7,11,16,88.9,0,0,0,0,0,1,0,5,201,3,2,0,86,2018,Round 10,2018-05-27,9601
Adelaide,Daniel Talia,10,9,13,72.2,2,1,0,10,0,0,0,3,262,4,10,0,95,2018,Round 10,2018-05-27,9601
Adelaide,Wayne Milera,7,10,15,88.2,2,1,0,0,1,0,1,3,297,3,7,0,80,2018,Round 10,2018-05-27,9601
Adelaide,Josh Jenkins,2,12,9,64.3,0,1,2,2,0,0,0,4,191,3,0,2,96,2018,Round 10,2018-05-27,9601
Adelaide,Cameron Ellis Yolmen,6,6,7,50.0,0,1,0,0,0,2,3,1,196,8,1,1,80,2018,Round 10,2018-05-27,9601
Adelaide,Kyle Hartigan,4,6,7,70.0,1,0,0,0,0,0,0,2,173,1,3,0,84,2018,Round 10,2018-05-27,9601
Adelaide,Jake Kelly,0,9,9,100.0,0,0,0,4,0,0,0,3,79,0,0,0,95,2018,Round 10,2018-05-27,9601
Adelaide,Myles Poholke,1,8,7,77.8,0,0,2,0,0,0,0,2,102,1,1,0,80,2018,Round 10,2018-05-27,9601
Adelaide,Darcy Fogarty,3,7,7,77.8,2,0,2,1,0,0,0,3,151,2,2,1,81,2018,Round 10,2018-05-27,9601
Adelaide,Edward Betts,3,4,3,42.9,0,0,0,0,0,0,0,3,148,3,1,1,84,2018,Round 10,2018-05-27,9601
Adelaide,Jordan Gallucci,3,4,5,71.4,0,0,0,0,1,1,0,3,286,2,0,1,80,2018,Round 10,2018-05-27,9601
Adelaide,Sam Jacobs,3,3,4,66.7,0,0,0,1,0,0,0,1,81,2,3,0,82,2018,Round 10,2018-05-27,9601
Adelaide,Luke Brown,1,1,1,50.0,0,0,0,1,0,0,0,0,32,0,1,0,20,2018,Round 10,2018-05-27,9601
Sydney,Josh P  Kennedy,12,14,21,80.8,1,1,1,0,0,2,4,5,314,3,2,1,81,2018,Round 11,2018-06-01,9603
Sydney,Jake Lloyd,3,20,19,79.2,0,0,0,2,0,0,0,5,428,4,5,0,79,2018,Round 11,2018-06-01,9603
Sydney,Callum Sinclair,12,9,15,68.2,4,0,2,3,0,1,1,5,244,7,6,1,88,2018,Round 11,2018-06-01,9603
Sydney,Isaac Heeney,7,15,14,63.6,1,0,4,1,0,1,1,8,305,3,4,0,87,2018,Round 11,2018-06-01,9603
Sydney,Luke Parker,12,8,12,57.1,2,1,2,0,1,2,4,6,302,3,1,4,89,2018,Round 11,2018-06-01,9603
Sydney,George Hewett,12,8,18,85.7,0,0,0,1,0,4,5,6,108,1,2,1,79,2018,Round 11,2018-06-01,9603
Sydney,Zak Jones,5,16,15,75.0,0,0,1,2,0,0,0,3,379,6,6,0,81,2018,Round 11,2018-06-01,9603
Sydney,Oliver Florent,8,13,17,85.0,0,1,0,1,0,0,1,5,219,1,5,0,83,2018,Round 11,2018-06-01,9603
Sydney,Nick Smith 1,6,14,15,78.9,1,0,0,4,0,0,0,3,194,3,9,0,95,2018,Round 11,2018-06-01,9603
Sydney,Jarrad Mcveigh,5,12,15,83.3,0,0,0,1,1,0,0,4,211,2,4,0,84,2018,Round 11,2018-06-01,9603
Sydney,Harrison Marsh,4,12,11,68.8,0,0,0,1,0,0,0,3,160,3,3,0,77,2018,Round 11,2018-06-01,9603
Sydney,Lance Franklin,3,13,10,66.7,0,0,3,2,2,0,0,9,577,4,1,1,98,2018,Round 11,2018-06-01,9603
Sydney,Kieran Jack,5,8,8,57.1,0,0,0,0,0,0,2,3,244,5,2,2,75,2018,Round 11,2018-06-01,9603
Sydney,Heath Grundy,5,7,11,84.6,4,0,0,3,0,0,0,1,176,1,7,0,91,2018,Round 11,2018-06-01,9603
Sydney,Harry Cunningham,3,10,12,92.3,0,0,0,0,0,0,1,3,224,2,2,0,85,2018,Round 11,2018-06-01,9603
Sydney,Ben Ronke,4,9,12,92.3,0,0,0,1,0,0,0,5,229,2,2,1,80,2018,Round 11,2018-06-01,9603
Sydney,Daniel Hannebery,3,10,11,91.7,0,0,0,0,0,0,1,3,68,1,1,1,71,2018,Round 11,2018-06-01,9603
Sydney,Nic Newman,3,9,8,72.7,0,1,0,0,0,0,1,1,302,3,0,1,74,2018,Round 11,2018-06-01,9603
Sydney,Will Hayward,6,4,7,70.0,1,1,2,2,0,0,2,5,179,0,0,4,85,2018,Round 11,2018-06-01,9603
Sydney,Gary Rohan,3,5,8,88.9,0,1,1,1,0,0,0,5,237,0,3,1,66,2018,Round 11,2018-06-01,9603
Sydney,Dane Rampe,2,6,8,88.9,0,0,0,8,0,0,0,0,157,2,4,0,94,2018,Round 11,2018-06-01,9603
Sydney,Ryley Stoddart,1,5,4,66.7,0,0,0,1,0,0,0,2,160,2,0,2,58,2018,Round 11,2018-06-01,9603
Carlton,Sam Kerridge,11,19,23,79.3,0,1,1,1,0,1,3,5,244,4,4,0,80,2018,Round 11,2018-06-01,9603
Carlton,Kade Simpson,9,16,18,66.7,0,1,0,1,1,0,2,2,496,9,6,0,96,2018,Round 11,2018-06-01,9603
Carlton,Edward Curnow,9,13,16,69.6,0,0,0,3,0,2,4,2,162,3,3,0,90,2018,Round 11,2018-06-01,9603
Carlton,Zac Fisher,8,11,11,57.9,0,1,0,0,2,2,1,3,314,5,2,1,79,2018,Round 11,2018-06-01,9603
Carlton,Patrick Cripps,11,7,12,70.6,1,0,0,0,0,2,4,2,145,5,1,0,91,2018,Round 11,2018-06-01,9603
Carlton,Dale Thomas,3,11,10,66.7,0,0,0,1,0,0,0,2,138,8,4,0,83,2018,Round 11,2018-06-01,9603
Carlton,Cameron O Shea,5,10,9,60.0,1,0,0,1,0,0,0,2,244,4,5,0,78,2018,Round 11,2018-06-01,9603
Carlton,Jacob Weitering,2,13,12,80.0,0,0,0,3,0,0,0,1,260,1,1,0,70,2018,Round 11,2018-06-01,9603
Carlton,Matthew Kreuzer,10,4,8,57.1,1,0,0,7,0,2,2,5,99,3,4,0,86,2018,Round 11,2018-06-01,9603
Carlton,Jack Silvagni,5,10,10,71.4,1,0,2,0,0,0,1,6,242,1,3,2,79,2018,Round 11,2018-06-01,9603
Carlton,Charlie Curnow,8,7,6,42.9,3,0,0,3,0,0,0,4,359,4,1,0,95,2018,Round 11,2018-06-01,9603
Carlton,Sam Petrevski Seton,8,6,8,57.1,1,0,1,0,0,1,1,2,212,5,3,2,76,2018,Round 11,2018-06-01,9603
Carlton,Paddy Dow,7,6,8,61.5,0,0,0,1,1,1,3,3,58,2,2,0,70,2018,Round 11,2018-06-01,9603
Carlton,Darcy Lang,4,8,7,58.3,0,0,1,1,0,0,2,1,233,4,1,0,74,2018,Round 11,2018-06-01,9603
Carlton,Lochie O Brien,1,11,9,75.0,0,0,0,1,0,0,0,0,129,0,1,0,69,2018,Round 11,2018-06-01,9603
Carlton,Liam Jones,4,6,8,72.7,3,1,0,12,0,0,0,2,146,2,8,0,90,2018,Round 11,2018-06-01,9603
Carlton,David Cuningham,5,6,7,63.6,0,0,0,0,0,1,0,0,95,2,2,0,64,2018,Round 11,2018-06-01,9603
Carlton,Pat Kerr,3,7,8,72.7,0,0,2,0,0,0,1,5,276,3,0,0,77,2018,Round 11,2018-06-01,9603
Carlton,Sam Rowe,6,2,5,62.5,1,0,0,5,0,0,0,2,123,2,6,0,98,2018,Round 11,2018-06-01,9603
Carlton,Matthew Wright,3,3,5,83.3,0,1,1,0,0,1,0,4,162,0,0,1,84,2018,Round 11,2018-06-01,9603
Carlton,Lachlan Plowman,5,3,6,100.0,1,0,0,4,0,0,1,0,59,0,3,0,84,2018,Round 11,2018-06-01,9603
Carlton,Jed Lamb,2,3,4,80.0,0,0,0,0,0,0,0,0,108,2,1,2,88,2018,Round 11,2018-06-01,9603
Western Bulldogs,Lachlan Hunter,9,20,25,78.1,0,0,0,1,3,1,3,4,476,6,6,0,91,2018,Round 11,2018-06-02,9604
Western Bulldogs,Jackson Macrae,11,20,21,67.7,0,0,1,1,0,2,3,3,487,4,0,1,92,2018,Round 11,2018-06-02,9604
Western Bulldogs,Matthew Suckling,4,20,22,84.6,0,1,0,0,3,0,0,3,581,6,4,0,83,2018,Round 11,2018-06-02,9604
Western Bulldogs,Jason Johannisen,12,12,18,75.0,0,0,0,6,1,0,5,2,265,7,5,0,88,2018,Round 11,2018-06-02,9604
Western Bulldogs,Marcus Bontempelli,12,12,19,79.2,1,2,0,2,0,2,3,7,340,4,0,1,84,2018,Round 11,2018-06-02,9604
Western Bulldogs,Toby Mclean,10,14,14,58.3,0,0,0,1,0,2,4,2,272,3,0,1,85,2018,Round 11,2018-06-02,9604
Western Bulldogs,Bailey Williams,5,18,14,60.9,0,0,0,2,0,0,4,3,470,7,0,0,86,2018,Round 11,2018-06-02,9604
Western Bulldogs,Easton Wood,7,11,17,81.0,1,0,0,3,0,0,1,2,319,3,13,0,87,2018,Round 11,2018-06-02,9604
Western Bulldogs,Jackson Trengove,3,11,11,64.7,0,0,0,6,0,0,0,1,315,4,10,0,97,2018,Round 11,2018-06-02,9604
Western Bulldogs,Hayden Crozier,7,12,14,82.4,0,0,0,2,1,0,0,1,444,3,6,0,84,2018,Round 11,2018-06-02,9604
Western Bulldogs,Patrick Lipinski,5,12,14,82.4,0,0,2,0,0,0,2,4,169,2,1,0,80,2018,Round 11,2018-06-02,9604
Western Bulldogs,Caleb Daniel,2,14,11,68.8,0,0,0,1,0,0,0,1,131,3,1,0,83,2018,Round 11,2018-06-02,9604
Western Bulldogs,Billy Gowers,9,7,10,62.5,0,0,0,0,0,0,2,5,198,4,2,1,82,2018,Round 11,2018-06-02,9604
Western Bulldogs,Ed Richards,8,7,10,62.5,0,0,0,2,1,2,1,2,288,7,5,0,73,2018,Round 11,2018-06-02,9604
Western Bulldogs,Luke Dahlhaus,8,7,10,66.7,1,0,0,1,0,2,1,2,151,1,2,1,79,2018,Round 11,2018-06-02,9604
Western Bulldogs,Mitch Honeychurch,3,11,11,78.6,0,0,2,0,0,1,1,3,186,5,0,3,89,2018,Round 11,2018-06-02,9604
Western Bulldogs,Roarke Smith,6,8,8,61.5,0,0,0,4,0,0,0,1,139,1,2,0,80,2018,Round 11,2018-06-02,9604
Western Bulldogs,Dale Morris,5,8,11,91.7,0,0,0,7,0,0,1,1,52,1,6,0,94,2018,Round 11,2018-06-02,9604
Western Bulldogs,Jordan Roughead,4,8,11,91.7,1,1,2,5,0,2,1,3,65,3,2,1,86,2018,Round 11,2018-06-02,9604
Western Bulldogs,Josh Schache,3,7,4,40.0,0,0,1,1,0,0,0,6,298,1,0,3,86,2018,Round 11,2018-06-02,9604
Western Bulldogs,Thomas Boyd,4,1,2,50.0,0,1,0,4,0,1,0,3,39,2,2,1,75,2018,Round 11,2018-06-02,9604
Western Bulldogs,Tory Dickson,0,2,2,100.0,0,0,0,0,0,0,0,1,93,1,0,0,15,2018,Round 11,2018-06-02,9604
Melbourne,Angus Brayshaw,7,32,24,61.5,1,2,0,1,0,1,1,5,637,10,3,0,87,2018,Round 11,2018-06-02,9604
Melbourne,Clayton Oliver,19,21,34,89.5,0,1,0,0,0,1,5,8,384,3,3,0,81,2018,Round 11,2018-06-02,9604
Melbourne,Jordan Lewis,6,21,21,75.0,0,0,0,1,0,0,2,6,293,6,4,0,97,2018,Round 11,2018-06-02,9604
Melbourne,Nathan Jones,9,17,20,76.9,0,0,1,0,0,2,1,4,230,2,2,1,82,2018,Round 11,2018-06-02,9604
Melbourne,Bayley Fritsch,8,20,23,88.5,1,0,0,1,2,0,2,6,522,5,3,0,85,2018,Round 11,2018-06-02,9604
Melbourne,Christian Salem,5,19,22,88.0,0,0,0,2,1,0,0,5,275,0,6,0,87,2018,Round 11,2018-06-02,9604
Melbourne,Alex Neal Bullen,8,18,17,68.0,0,0,4,1,0,0,3,9,362,3,3,1,90,2018,Round 11,2018-06-02,9604
Melbourne,Neville Jetta,11,13,21,87.5,4,0,0,2,0,0,0,6,295,2,14,0,87,2018,Round 11,2018-06-02,9604
Melbourne,Tom Mcdonald,13,12,20,83.3,6,1,4,4,0,0,1,12,387,1,6,1,90,2018,Round 11,2018-06-02,9604
Melbourne,Michael Hibberd,4,21,16,66.7,0,0,0,2,0,0,0,2,241,4,3,0,88,2018,Round 11,2018-06-02,9604
Melbourne,Jack Viney,9,13,16,72.7,0,0,0,0,0,3,3,6,344,4,1,1,78,2018,Round 11,2018-06-02,9604
Melbourne,Christian Petracca,11,9,16,76.2,1,2,0,0,0,0,1,7,365,4,1,0,71,2018,Round 11,2018-06-02,9604
Melbourne,Max Gawn,10,11,15,78.9,4,2,3,4,0,0,0,8,211,2,6,1,89,2018,Round 11,2018-06-02,9604
Melbourne,Jesse Hogan,4,14,14,73.7,2,1,5,0,0,0,0,8,341,1,1,0,88,2018,Round 11,2018-06-02,9604
Melbourne,James Harmes,8,9,14,82.4,2,1,0,2,0,0,0,4,295,2,8,0,82,2018,Round 11,2018-06-02,9604
Melbourne,Bernie Vince,6,9,12,80.0,0,0,0,0,0,0,0,3,186,3,6,0,86,2018,Round 11,2018-06-02,9604
Melbourne,Jake Melksham,6,8,7,46.7,0,1,1,1,0,0,2,7,367,5,0,0,74,2018,Round 11,2018-06-02,9604
Melbourne,Oscar Mcdonald,6,8,9,69.2,1,0,0,8,0,0,0,3,277,2,6,0,100,2018,Round 11,2018-06-02,9604
Melbourne,Mitchell Hannan,2,11,9,69.2,0,1,2,1,0,0,0,6,337,4,0,0,88,2018,Round 11,2018-06-02,9604
Melbourne,Charlie Spargo,1,10,9,81.8,0,1,0,1,0,0,0,4,180,0,0,0,76,2018,Round 11,2018-06-02,9604
Melbourne,Tim Smith,2,5,3,42.9,0,0,0,1,0,0,0,2,86,3,1,1,76,2018,Round 11,2018-06-02,9604
Melbourne,Jake Lever,2,1,2,66.7,0,0,0,2,0,0,0,0,56,1,2,0,17,2018,Round 11,2018-06-02,9604
Hawthorn,Tom Mitchell,10,18,22,78.6,0,0,0,1,0,3,2,5,282,1,2,1,92,2018,Round 11,2018-06-02,9605
Hawthorn,Shaun Burgoyne,16,11,19,73.1,1,0,2,2,0,1,7,7,265,4,3,3,80,2018,Round 11,2018-06-02,9605
Hawthorn,Ricky Henderson,9,16,22,88.0,0,0,0,1,1,0,2,5,301,4,6,0,73,2018,Round 11,2018-06-02,9605
Hawthorn,Jack Gunston,7,18,19,76.0,2,0,0,3,0,0,0,4,358,6,6,0,85,2018,Round 11,2018-06-02,9605
Hawthorn,Liam Shiels,8,17,20,87.0,0,1,1,1,0,0,2,6,476,4,4,1,85,2018,Round 11,2018-06-02,9605
Hawthorn,James Sicily,5,19,18,81.8,2,0,0,5,0,0,1,7,384,6,11,0,97,2018,Round 11,2018-06-02,9605
Hawthorn,Jarryd Roughead,12,9,15,71.4,2,1,2,2,0,0,0,10,127,3,4,1,90,2018,Round 11,2018-06-02,9605
Hawthorn,Jaeger O Meara,3,18,14,66.7,0,0,0,2,0,0,1,4,412,4,1,2,86,2018,Round 11,2018-06-02,9605
Hawthorn,Isaac Smith,2,18,14,73.7,0,0,1,0,0,0,1,7,409,4,1,1,84,2018,Round 11,2018-06-02,9605
Hawthorn,Daniel Howe,8,12,16,84.2,0,1,0,3,0,1,3,4,325,1,3,1,82,2018,Round 11,2018-06-02,9605
Hawthorn,Ryan Burton,4,15,18,94.7,1,0,0,4,0,0,0,5,339,2,6,0,81,2018,Round 11,2018-06-02,9605
Hawthorn,Benjamin Stratton,3,14,16,94.1,1,0,0,4,0,0,0,1,210,1,4,0,92,2018,Round 11,2018-06-02,9605
Hawthorn,Blake Hardwick,2,15,13,76.5,0,0,0,2,0,0,0,4,367,4,3,0,83,2018,Round 11,2018-06-02,9605
Hawthorn,Ben Mcevoy,6,10,14,93.3,1,0,2,8,0,0,1,5,84,1,3,0,85,2018,Round 11,2018-06-02,9605
Hawthorn,Taylor Duryea,2,12,10,71.4,0,0,0,1,0,0,0,2,438,7,6,0,77,2018,Round 11,2018-06-02,9605
Hawthorn,James Frawley,7,6,10,76.9,3,0,0,7,0,0,0,2,108,3,7,0,98,2018,Round 11,2018-06-02,9605
Hawthorn,Luke Breust,5,7,7,58.3,1,0,1,0,0,0,0,6,244,3,0,1,80,2018,Round 11,2018-06-02,9605
Hawthorn,Jarman Impey,2,9,7,70.0,0,0,1,2,0,0,0,1,177,3,4,0,82,2018,Round 11,2018-06-02,9605
Hawthorn,Paul Puopolo,4,2,7,87.5,0,0,0,0,0,0,1,2,48,1,0,2,81,2018,Round 11,2018-06-02,9605
Hawthorn,Harry Morrison,1,5,5,83.3,0,0,0,0,0,0,0,1,57,0,0,1,66,2018,Round 11,2018-06-02,9605
Hawthorn,Tim O Brien,1,4,3,60.0,0,1,1,0,0,0,0,2,76,1,0,0,59,2018,Round 11,2018-06-02,9605
Hawthorn,Jonathon Ceglar,3,1,4,100.0,1,0,0,1,0,0,1,2,29,0,1,1,62,2018,Round 11,2018-06-02,9605
Port Adelaide,Oliver Wines,10,11,16,72.7,2,0,2,0,0,4,1,3,224,2,2,1,74,2018,Round 11,2018-06-02,9605
Port Adelaide,Steven Motlop,5,15,17,81.0,0,0,0,0,0,0,1,3,234,4,1,1,78,2018,Round 11,2018-06-02,9605
Port Adelaide,Jared Polec,6,17,16,76.2,0,0,0,1,1,0,2,2,394,4,3,0,91,2018,Round 11,2018-06-02,9605
Port Adelaide,Sam Powell Pepper,8,12,14,66.7,0,1,0,1,1,1,4,2,415,5,3,3,76,2018,Round 11,2018-06-02,9605
Port Adelaide,Justin Westhoff,8,13,15,75.0,0,0,0,1,0,0,6,4,231,4,3,0,86,2018,Round 11,2018-06-02,9605
Port Adelaide,Bradley Ebert,5,12,11,61.1,1,0,0,0,0,1,1,1,210,5,0,0,63,2018,Round 11,2018-06-02,9605
Port Adelaide,Darcy Byrne Jones,5,13,14,77.8,0,0,0,2,0,1,3,1,225,2,3,0,85,2018,Round 11,2018-06-02,9605
Port Adelaide,Riley Bonner,3,13,12,70.6,0,0,0,0,0,0,1,1,432,4,4,1,74,2018,Round 11,2018-06-02,9605
Port Adelaide,Travis Boak,10,7,10,62.5,0,0,0,0,0,0,3,4,254,4,4,0,80,2018,Round 11,2018-06-02,9605
Port Adelaide,Thomas Jonas,5,10,7,46.7,1,0,0,8,0,0,0,0,282,6,4,0,99,2018,Round 11,2018-06-02,9605
Port Adelaide,Jack Hombsch,5,9,10,71.4,0,0,0,4,0,0,0,0,120,3,6,0,91,2018,Round 11,2018-06-02,9605
Port Adelaide,Patrick Ryder,9,2,11,84.6,3,0,0,3,0,4,2,2,226,1,3,0,82,2018,Round 11,2018-06-02,9605
Port Adelaide,Robert Gray,6,6,9,69.2,1,0,2,4,2,0,0,7,120,2,2,1,96,2018,Round 11,2018-06-02,9605
Port Adelaide,Charlie Dixon,6,7,9,69.2,2,2,2,2,0,0,0,6,347,4,4,0,87,2018,Round 11,2018-06-02,9605
Port Adelaide,Chad Wingard,5,8,8,61.5,2,2,1,2,0,0,0,2,269,9,0,1,90,2018,Round 11,2018-06-02,9605
Port Adelaide,Tom Clurey,4,9,10,76.9,0,0,0,6,0,0,1,2,328,3,6,0,83,2018,Round 11,2018-06-02,9605
Port Adelaide,Dougal Howard,4,10,13,100.0,1,1,0,11,0,0,0,2,248,0,7,0,93,2018,Round 11,2018-06-02,9605
Port Adelaide,Sam Gray,6,5,10,83.3,0,0,1,1,0,1,0,2,31,2,3,0,89,2018,Round 11,2018-06-02,9605
Port Adelaide,Dan Houston,2,9,7,63.6,0,0,0,2,0,0,0,1,197,4,2,0,76,2018,Round 11,2018-06-02,9605
Port Adelaide,Jack Watts,2,8,9,90.0,0,0,1,2,0,0,0,3,101,1,1,1,67,2018,Round 11,2018-06-02,9605
Port Adelaide,Tom Rockliff,5,5,6,60.0,0,0,0,0,0,0,3,0,207,5,1,3,77,2018,Round 11,2018-06-02,9605
Port Adelaide,Jake Neade,5,3,6,66.7,1,0,0,1,0,0,0,2,177,0,1,2,65,2018,Round 11,2018-06-02,9605
Gold Coast,Touk Miller,15,12,18,66.7,0,0,0,1,0,2,5,4,425,4,4,0,92,2018,Round 11,2018-06-02,9606
Gold Coast,David Swallow,6,16,15,65.2,0,2,1,0,0,1,2,3,234,7,3,2,86,2018,Round 11,2018-06-02,9606
Gold Coast,Ben Ainsworth,5,15,12,60.0,0,0,0,0,0,2,1,2,462,4,1,1,84,2018,Round 11,2018-06-02,9606
Gold Coast,Nicholas Holman,8,11,16,84.2,0,0,0,2,0,1,2,1,268,2,5,3,85,2018,Round 11,2018-06-02,9606
Gold Coast,Jarrod Harbrow,3,14,14,77.8,0,0,0,2,0,0,0,4,331,3,3,0,90,2018,Round 11,2018-06-02,9606
Gold Coast,Steven May,5,9,14,93.3,4,0,0,8,0,0,0,3,292,4,5,0,85,2018,Round 11,2018-06-02,9606
Gold Coast,Jack Martin,7,8,8,57.1,0,0,1,0,1,0,2,6,264,5,1,1,91,2018,Round 11,2018-06-02,9606
Gold Coast,Lachlan Weller,5,8,10,71.4,0,0,0,1,0,0,0,6,292,2,5,0,86,2018,Round 11,2018-06-02,9606
Gold Coast,Will Brodie,5,9,10,71.4,0,0,0,1,0,3,1,4,220,4,0,0,79,2018,Round 11,2018-06-02,9606
Gold Coast,Charlie Ballard,3,9,10,76.9,0,0,0,4,0,0,0,2,185,3,3,0,78,2018,Round 11,2018-06-02,9606
Gold Coast,Alex Sexton,3,10,8,66.7,0,0,0,1,1,0,0,2,289,3,1,0,89,2018,Round 11,2018-06-02,9606
Gold Coast,Callum Ah Chee,5,7,4,33.3,2,0,2,3,0,0,1,3,155,4,1,2,78,2018,Round 11,2018-06-02,9606
Gold Coast,Jack Bowes,3,11,8,66.7,0,0,0,1,0,0,1,1,214,3,1,1,86,2018,Round 11,2018-06-02,9606
Gold Coast,Michael Rischitelli,1,10,10,90.9,0,0,0,3,0,0,0,3,219,0,1,0,94,2018,Round 11,2018-06-02,9606
Gold Coast,Thomas Lynch,4,6,6,54.5,2,0,3,1,0,0,0,4,209,4,1,0,93,2018,Round 11,2018-06-02,9606
Gold Coast,Rory Thompson,4,3,8,72.7,2,0,0,6,0,0,0,1,143,3,9,0,95,2018,Round 11,2018-06-02,9606
Gold Coast,Jarrod Witts,8,5,8,72.7,0,1,0,3,0,1,2,3,141,2,3,0,86,2018,Round 11,2018-06-02,9606
Gold Coast,Sam Day,6,3,6,66.7,3,0,1,0,0,1,0,4,170,1,1,1,87,2018,Round 11,2018-06-02,9606
Gold Coast,Jesse Joyce,1,9,8,88.9,0,0,0,0,0,0,0,1,146,2,1,0,81,2018,Round 11,2018-06-02,9606
Gold Coast,Aaron Hall,1,7,7,87.5,0,0,0,0,0,0,0,1,193,1,1,0,28,2018,Round 11,2018-06-02,9606
Gold Coast,Jacob Heron,5,3,6,75.0,1,0,0,1,0,0,0,2,39,1,2,0,76,2018,Round 11,2018-06-02,9606
Gold Coast,Aaron Young,2,4,3,50.0,0,0,0,0,0,0,1,2,49,1,0,2,50,2018,Round 11,2018-06-02,9606
Geelong,Gary Jnr Ablett,10,28,26,70.3,0,0,0,0,4,3,0,13,536,3,4,0,82,2018,Round 11,2018-06-02,9606
Geelong,Joel Selwood,7,25,28,84.8,0,0,0,0,0,4,2,9,482,7,0,0,81,2018,Round 11,2018-06-02,9606
Geelong,Mitchell Duncan,4,27,27,84.4,1,0,1,0,2,0,1,13,447,3,2,0,89,2018,Round 11,2018-06-02,9606
Geelong,Sam Menegola,9,21,22,73.3,0,0,2,0,0,1,1,11,297,3,5,1,76,2018,Round 11,2018-06-02,9606
Geelong,Patrick Dangerfield,15,14,21,75.0,1,0,1,1,1,3,4,7,280,7,4,2,75,2018,Round 11,2018-06-02,9606
Geelong,Thomas Stewart,5,22,26,92.9,0,0,0,1,0,0,1,7,430,2,6,0,83,2018,Round 11,2018-06-02,9606
Geelong,Zach Tuohy,3,20,22,91.7,0,0,0,2,3,0,1,5,324,3,4,0,94,2018,Round 11,2018-06-02,9606
Geelong,Jordan Cunico,3,21,20,83.3,0,2,0,0,4,0,1,6,564,2,1,0,84,2018,Round 11,2018-06-02,9606
Geelong,Tim Kelly,11,13,19,79.2,1,1,1,0,0,0,5,10,316,3,1,0,83,2018,Round 11,2018-06-02,9606
Geelong,Jordan Murdoch,8,14,20,90.9,1,3,1,2,0,0,1,9,439,1,5,0,78,2018,Round 11,2018-06-02,9606
Geelong,Mark Blicavs,7,11,17,94.4,1,0,0,7,0,0,0,3,41,1,9,0,97,2018,Round 11,2018-06-02,9606
Geelong,Lachlan Fogarty,4,12,13,76.5,0,1,1,2,0,0,0,8,170,0,2,2,64,2018,Round 11,2018-06-02,9606
Geelong,Aaron Black,5,11,14,87.5,1,0,0,2,1,0,0,2,169,2,3,0,80,2018,Round 11,2018-06-02,9606
Geelong,Jake Kolodjashnij,4,12,14,87.5,1,0,0,7,0,0,1,5,116,1,5,0,85,2018,Round 11,2018-06-02,9606
Geelong,Tom Hawkins,5,9,8,57.1,1,1,5,0,0,0,1,11,280,1,0,1,92,2018,Round 11,2018-06-02,9606
Geelong,Lincoln Mccarthy,3,10,9,64.3,0,0,2,1,0,0,0,11,289,1,2,2,72,2018,Round 11,2018-06-02,9606
Geelong,Jamaine Jones,5,9,8,57.1,0,1,1,0,3,0,0,6,451,5,2,1,85,2018,Round 11,2018-06-02,9606
Geelong,Jed Bews,4,9,12,92.3,0,1,0,2,0,0,0,5,26,0,5,0,79,2018,Round 11,2018-06-02,9606
Geelong,Brandan Parfitt,4,9,8,66.7,0,1,2,0,1,0,0,7,117,1,0,2,78,2018,Round 11,2018-06-02,9606
Geelong,Rhys Stanley,1,7,7,87.5,0,0,0,3,0,1,0,5,147,4,1,0,87,2018,Round 11,2018-06-02,9606
Geelong,Wylie Buzza,1,6,4,57.1,0,1,2,1,0,0,0,4,126,2,0,0,71,2018,Round 11,2018-06-02,9606
Geelong,Jack Henry,4,1,5,100.0,2,0,0,4,0,0,0,1,35,0,2,0,84,2018,Round 11,2018-06-02,9606
West Coast,Andrew Gaff,8,21,22,75.9,0,0,0,0,0,0,2,3,250,4,6,0,89,2018,Round 11,2018-06-02,9608
West Coast,Dominic Sheed,13,12,18,69.2,0,0,0,0,1,3,4,6,402,7,3,0,82,2018,Round 11,2018-06-02,9608
West Coast,Shannon Hurn,5,16,22,95.7,1,0,0,4,0,0,0,2,506,3,8,0,91,2018,Round 11,2018-06-02,9608
West Coast,Jack Redden,4,16,18,81.8,0,0,0,1,1,0,1,3,276,4,1,0,87,2018,Round 11,2018-06-02,9608
West Coast,Jeremy Mcgovern,7,14,18,85.7,4,1,0,4,0,0,1,2,252,3,9,0,84,2018,Round 11,2018-06-02,9608
West Coast,Tom Cole,5,15,18,85.7,0,0,0,4,0,0,0,0,332,3,5,0,86,2018,Round 11,2018-06-02,9608
West Coast,Elliot Yeo,7,13,12,60.0,0,1,1,1,0,2,0,6,381,4,2,1,90,2018,Round 11,2018-06-02,9608
West Coast,Lewis Jetta,4,14,13,72.2,0,0,0,0,1,0,2,2,305,2,1,0,84,2018,Round 11,2018-06-02,9608
West Coast,Liam Duggan,7,13,15,83.3,0,0,0,0,0,0,1,2,258,3,4,0,85,2018,Round 11,2018-06-02,9608
West Coast,Nicholas Naitanui,14,3,13,76.5,2,0,1,3,0,1,3,5,220,4,3,0,61,2018,Round 11,2018-06-02,9608
West Coast,Mark Hutchings,12,6,9,52.9,0,1,0,0,0,3,1,2,144,4,3,0,82,2018,Round 11,2018-06-02,9608
West Coast,Tom Barrass,6,12,14,87.5,1,0,0,8,0,0,0,1,212,2,9,0,85,2018,Round 11,2018-06-02,9608
West Coast,Joshua Kennedy,8,7,12,80.0,3,0,4,2,0,0,0,10,249,2,3,3,90,2018,Round 11,2018-06-02,9608
West Coast,Bradley Sheppard,2,13,13,86.7,0,1,0,2,0,0,0,4,224,1,2,0,85,2018,Round 11,2018-06-02,9608
West Coast,Jamie Cripps,7,6,9,64.3,0,2,0,0,0,0,0,7,98,2,2,4,88,2018,Round 11,2018-06-02,9608
West Coast,Scott Lycett,12,3,9,64.3,2,1,2,5,0,2,2,5,247,3,3,1,81,2018,Round 11,2018-06-02,9608
West Coast,Brendon Ah Chee,9,6,8,57.1,3,0,0,2,0,0,1,5,363,6,1,0,82,2018,Round 11,2018-06-02,9608
West Coast,Jake Waterman,2,7,6,60.0,1,0,1,1,0,0,1,3,287,2,0,0,85,2018,Round 11,2018-06-02,9608
West Coast,Jackson Nelson,1,8,8,88.9,0,0,0,3,0,0,0,2,144,2,2,0,85,2018,Round 11,2018-06-02,9608
West Coast,Willie Rioli,4,4,5,55.6,0,1,0,0,0,1,1,4,117,1,1,1,82,2018,Round 11,2018-06-02,9608
West Coast,Mark Lecras,3,3,5,83.3,1,1,2,2,0,0,1,4,50,0,0,2,93,2018,Round 11,2018-06-02,9608
West Coast,Jack Darling,1,1,1,50.0,0,1,0,1,0,0,0,1,65,1,0,0,21,2018,Round 11,2018-06-02,9608
St Kilda,Sebastian Ross,10,21,21,65.6,1,2,0,0,1,4,0,5,502,7,3,0,90,2018,Round 11,2018-06-02,9608
St Kilda,Jack Sinclair,8,22,25,86.2,0,2,0,1,2,0,3,9,470,2,3,1,84,2018,Round 11,2018-06-02,9608
St Kilda,Logan Austin,3,23,22,84.6,1,0,0,7,0,0,0,2,146,4,6,0,95,2018,Round 11,2018-06-02,9608
St Kilda,Jack Steven,16,11,18,75.0,0,0,0,1,2,5,3,2,187,5,1,2,83,2018,Round 11,2018-06-02,9608
St Kilda,Shane Savage,5,20,21,87.5,0,0,0,1,0,0,1,7,496,3,7,0,93,2018,Round 11,2018-06-02,9608
St Kilda,Rowan Marshall,8,14,18,81.8,0,0,0,4,0,0,2,3,47,2,7,1,85,2018,Round 11,2018-06-02,9608
St Kilda,Jack Newnes,6,17,17,81.0,0,1,1,1,2,1,1,3,408,4,0,2,91,2018,Round 11,2018-06-02,9608
St Kilda,Jimmy Webster,3,20,15,71.4,0,0,0,4,0,0,0,3,219,4,3,0,89,2018,Round 11,2018-06-02,9608
St Kilda,Maverick Weller,4,15,12,60.0,1,0,0,1,0,0,0,5,148,2,0,0,85,2018,Round 11,2018-06-02,9608
St Kilda,Tim Membrey,4,14,18,90.0,2,0,4,4,0,0,0,9,196,2,1,0,90,2018,Round 11,2018-06-02,9608
St Kilda,Brandon White,7,12,18,90.0,0,0,0,3,1,0,0,2,322,2,6,0,89,2018,Round 11,2018-06-02,9608
St Kilda,Tom Hickey,16,5,13,72.2,2,0,0,5,0,5,3,4,159,3,0,0,86,2018,Round 11,2018-06-02,9608
St Kilda,Edward Phillips,3,14,12,70.6,0,1,0,1,0,0,1,3,222,4,1,1,83,2018,Round 11,2018-06-02,9608
St Kilda,Hunter Clark,11,7,10,58.8,0,0,0,0,1,2,3,3,268,5,2,1,62,2018,Round 11,2018-06-02,9608
St Kilda,Daniel Mckenzie,9,7,14,87.5,0,1,0,2,0,0,0,2,127,3,7,0,82,2018,Round 11,2018-06-02,9608
St Kilda,Jack Steele,8,9,13,81.2,1,1,0,2,0,1,2,4,198,4,2,1,69,2018,Round 11,2018-06-02,9608
St Kilda,Bailey Rice,4,11,12,75.0,1,0,0,3,0,0,0,2,213,3,7,0,79,2018,Round 11,2018-06-02,9608
St Kilda,Jack Billings,5,10,10,66.7,0,1,0,1,0,0,1,5,213,0,1,0,82,2018,Round 11,2018-06-02,9608
St Kilda,Jade Gresham,1,13,10,71.4,0,1,1,0,0,0,1,4,219,3,1,2,85,2018,Round 11,2018-06-02,9608
St Kilda,Jack Lonie,4,7,6,54.5,0,0,0,0,0,0,1,3,244,3,1,0,64,2018,Round 11,2018-06-02,9608
St Kilda,Jarryn Geary,4,6,7,70.0,0,0,0,1,0,0,0,0,88,2,3,1,51,2018,Round 11,2018-06-02,9608
St Kilda,Paddy Mccartin,4,5,6,66.7,3,0,0,3,0,0,0,3,231,1,1,0,85,2018,Round 11,2018-06-02,9608
Essendon,Jake Stringer,16,13,14,48.3,1,0,1,1,0,5,4,2,504,10,4,0,85,2018,Round 11,2018-06-02,9607
Essendon,Devon Smith,6,20,14,53.8,0,0,1,1,1,0,1,3,472,6,4,1,89,2018,Round 11,2018-06-02,9607
Essendon,Zachary Merrett,8,18,18,72.0,0,0,0,2,0,1,1,4,332,5,4,0,88,2018,Round 11,2018-06-02,9607
Essendon,Brendon Goddard,6,16,18,81.8,0,0,0,3,0,1,3,2,217,4,5,0,88,2018,Round 11,2018-06-02,9607
Essendon,Dyson Heppell,10,12,14,63.6,0,1,0,1,0,1,4,2,414,7,2,0,86,2018,Round 11,2018-06-02,9607
Essendon,Adam Saad,6,15,17,77.3,0,0,0,5,4,1,0,0,488,8,6,0,84,2018,Round 11,2018-06-02,9607
Essendon,Michael Hurley,4,19,15,71.4,0,0,0,4,0,0,0,2,403,7,3,0,86,2018,Round 11,2018-06-02,9607
Essendon,Kyle Langford,10,8,15,75.0,0,1,1,1,0,3,1,2,220,3,2,0,80,2018,Round 11,2018-06-02,9607
Essendon,Matthew Dea,6,12,16,84.2,0,0,0,4,0,0,0,3,314,5,7,0,76,2018,Round 11,2018-06-02,9607
Essendon,Conor Mckenna,5,9,14,77.8,0,0,0,1,0,0,1,3,245,2,5,0,80,2018,Round 11,2018-06-02,9607
Essendon,Tom Bellchambers,11,7,12,70.6,2,0,0,5,0,1,5,2,132,5,6,2,87,2018,Round 11,2018-06-02,9607
Essendon,Cale Hooker,5,11,14,87.5,1,0,0,7,0,0,1,1,137,4,6,0,95,2018,Round 11,2018-06-02,9607
Essendon,Matt Guelfi,10,6,8,50.0,1,0,0,2,0,0,2,2,249,7,8,1,78,2018,Round 11,2018-06-02,9607
Essendon,Andrew Mcgrath,6,9,11,73.3,0,0,0,1,0,0,0,1,120,5,6,1,86,2018,Round 11,2018-06-02,9607
Essendon,Shaun Mckernan,9,6,8,61.5,2,1,2,3,0,0,1,5,214,9,2,2,96,2018,Round 11,2018-06-02,9607
Essendon,Jayden Laverde,5,7,9,75.0,0,0,0,0,0,0,1,4,246,6,4,2,77,2018,Round 11,2018-06-02,9607
Essendon,James Stewart,5,7,4,36.4,1,0,1,0,0,0,0,4,211,2,0,0,87,2018,Round 11,2018-06-02,9607
Essendon,Anthony Mcdonald Tipungwuti,2,8,6,60.0,0,1,2,3,0,0,1,5,185,1,1,0,83,2018,Round 11,2018-06-02,9607
Essendon,Mark Baguley,3,7,6,66.7,0,0,1,2,0,0,0,1,211,2,1,2,85,2018,Round 11,2018-06-02,9607
Essendon,Orazio Fantasia,6,2,7,87.5,0,1,0,2,0,0,3,3,108,0,1,1,76,2018,Round 11,2018-06-02,9607
Essendon,Jordan Ridley,2,5,7,100.0,0,0,0,4,0,0,0,0,120,1,2,0,93,2018,Round 11,2018-06-02,9607
Essendon,David Zaharakis,2,1,1,33.3,0,0,0,0,0,0,1,0,66,0,0,0,16,2018,Round 11,2018-06-02,9607
Richmond,Shane Edwards,10,16,23,74.2,2,3,1,1,1,2,3,12,685,7,1,0,85,2018,Round 11,2018-06-02,9607
Richmond,Dustin Martin,13,14,16,57.1,0,1,0,0,1,5,2,9,385,6,1,0,82,2018,Round 11,2018-06-02,9607
Richmond,Jayden Short,6,20,20,71.4,1,0,0,2,0,1,0,5,659,8,6,0,81,2018,Round 11,2018-06-02,9607
Richmond,Reece Conca,10,17,17,65.4,0,0,1,2,0,1,1,7,351,4,6,1,71,2018,Round 11,2018-06-02,9607
Richmond,Brandon Ellis,12,15,23,92.0,1,0,1,1,0,0,2,7,366,3,12,0,74,2018,Round 11,2018-06-02,9607
Richmond,Shaun Grigg,4,19,20,83.3,0,1,1,3,0,1,0,8,347,8,3,0,87,2018,Round 11,2018-06-02,9607
Richmond,Alex Rance,6,11,15,83.3,1,0,0,8,1,0,0,3,332,0,12,0,91,2018,Round 11,2018-06-02,9607
Richmond,Trent Cotchin,7,9,7,41.2,1,0,2,2,1,0,3,5,368,3,2,1,78,2018,Round 11,2018-06-02,9607
Richmond,Nick Vlastuin,6,11,13,76.5,0,1,0,5,0,0,0,3,289,2,10,0,85,2018,Round 11,2018-06-02,9607
Richmond,Dylan Grimes,4,9,11,73.3,0,0,0,3,0,0,0,2,233,3,6,0,88,2018,Round 11,2018-06-02,9607
Richmond,Josh Caddy,6,7,11,73.3,1,0,1,1,0,1,1,8,270,1,2,0,87,2018,Round 11,2018-06-02,9607
Richmond,Connor Menadue,2,12,11,78.6,0,0,1,2,5,0,0,4,401,2,2,0,72,2018,Round 11,2018-06-02,9607
Richmond,Jack Higgins,10,5,9,64.3,0,2,0,2,0,0,1,6,166,3,2,1,74,2018,Round 11,2018-06-02,9607
Richmond,Toby Nankervis,7,5,8,61.5,1,0,0,3,0,1,1,5,159,6,5,0,77,2018,Round 11,2018-06-02,9607
Richmond,Jack Graham,7,7,6,46.2,0,0,1,1,0,1,0,6,280,5,3,0,73,2018,Round 11,2018-06-02,9607
Richmond,David Astbury,4,7,12,100.0,0,0,0,3,0,0,0,2,221,0,8,0,88,2018,Round 11,2018-06-02,9607
Richmond,Daniel Butler,3,6,7,63.6,1,0,0,1,0,0,0,4,143,2,1,4,78,2018,Round 11,2018-06-02,9607
Richmond,Callum Moore,5,6,5,45.5,2,1,5,2,0,0,0,7,290,4,2,1,85,2018,Round 11,2018-06-02,9607
Richmond,Jack Riewoldt,4,6,4,40.0,0,1,1,3,0,0,0,4,175,5,3,1,94,2018,Round 11,2018-06-02,9607
Richmond,Kamdyn Mcintosh,4,3,7,87.5,0,0,0,2,0,0,1,1,70,3,3,0,81,2018,Round 11,2018-06-02,9607
Richmond,Kane Lambert,6,6,5,62.5,0,2,0,3,0,0,1,3,200,2,2,0,84,2018,Round 11,2018-06-02,9607
Richmond,Nathan Broad,6,3,6,75.0,0,0,0,12,0,0,0,0,62,2,7,0,83,2018,Round 11,2018-06-02,9607
North Melbourne,Shaun Higgins,12,26,31,81.6,0,1,1,1,2,4,2,10,606,3,4,0,88,2018,Round 11,2018-06-03,9609
North Melbourne,Luke Mcdonald,4,30,26,76.5,0,1,1,1,1,0,1,9,702,5,1,0,83,2018,Round 11,2018-06-03,9609
North Melbourne,Paul Ahern,13,17,19,65.5,0,0,0,0,0,2,3,7,381,5,1,1,77,2018,Round 11,2018-06-03,9609
North Melbourne,Ben Cunnington,18,10,23,82.1,1,1,1,0,0,6,4,8,158,2,7,0,84,2018,Round 11,2018-06-03,9609
North Melbourne,Jamie Macmillan,3,15,18,81.8,0,0,0,1,0,0,0,6,339,2,4,0,89,2018,Round 11,2018-06-03,9609
North Melbourne,Ben Jacobs,8,15,18,81.8,1,1,1,3,0,1,1,9,242,4,4,1,86,2018,Round 11,2018-06-03,9609
North Melbourne,Robert Tarrant,4,16,16,76.2,0,1,0,4,0,0,0,4,419,3,4,0,92,2018,Round 11,2018-06-03,9609
North Melbourne,Jy Simpkin,11,10,12,57.1,0,0,2,1,0,0,4,7,202,2,3,0,88,2018,Round 11,2018-06-03,9609
North Melbourne,Mason Wood,5,14,18,90.0,1,2,1,2,0,0,1,8,372,3,1,1,85,2018,Round 11,2018-06-03,9609
North Melbourne,Trent Dumont,6,14,16,80.0,0,1,0,2,0,1,1,3,253,3,3,0,83,2018,Round 11,2018-06-03,9609
North Melbourne,Jack Ziebell,9,10,12,63.2,1,2,2,2,1,0,0,8,339,4,3,3,94,2018,Round 11,2018-06-03,9609
North Melbourne,Samuel Wright,3,15,15,83.3,0,0,0,0,0,1,0,6,333,3,1,0,80,2018,Round 11,2018-06-03,9609
North Melbourne,Billy Hartung,4,13,16,88.9,0,0,1,0,0,0,0,4,160,0,3,0,82,2018,Round 11,2018-06-03,9609
North Melbourne,Shaun Atley,1,15,16,100.0,0,1,2,1,0,0,0,8,138,1,1,0,87,2018,Round 11,2018-06-03,9609
North Melbourne,Todd Goldstein,6,8,12,85.7,0,0,1,4,0,3,2,12,184,1,1,0,87,2018,Round 11,2018-06-03,9609
North Melbourne,Ben Brown,7,7,8,57.1,2,2,2,1,0,0,0,7,190,5,1,0,100,2018,Round 11,2018-06-03,9609
North Melbourne,Kayne Turner,2,12,11,78.6,0,0,2,3,0,0,1,5,192,2,2,3,87,2018,Round 11,2018-06-03,9609
North Melbourne,Thomas Murphy 1,1,13,11,78.6,0,0,0,2,0,0,0,1,233,2,1,0,60,2018,Round 11,2018-06-03,9609
North Melbourne,Marley Williams,6,8,11,84.6,0,1,0,0,0,1,1,5,97,4,4,0,90,2018,Round 11,2018-06-03,9609
North Melbourne,Scott Thompson 1,4,7,9,81.8,1,0,0,2,0,0,0,2,161,1,5,0,90,2018,Round 11,2018-06-03,9609
North Melbourne,Majak Daw,7,3,7,70.0,2,0,0,4,1,1,0,2,215,2,6,0,86,2018,Round 11,2018-06-03,9609
North Melbourne,Jed Anderson,0,1,0,0.0,0,0,0,1,0,0,0,1,43,0,0,0,4,2018,Round 11,2018-06-03,9609
Brisbane Lions,Dayne Beams,12,20,23,71.9,1,1,4,0,0,4,2,11,462,4,2,0,92,2018,Round 11,2018-06-03,9609
Brisbane Lions,Luke Hodge,8,18,23,88.5,0,0,0,3,0,0,2,4,290,1,5,0,90,2018,Round 11,2018-06-03,9609
Brisbane Lions,Daniel Rich,4,19,15,62.5,0,2,0,4,0,0,2,7,416,7,2,0,85,2018,Round 11,2018-06-03,9609
Brisbane Lions,Mitch Robinson,8,16,19,79.2,0,3,0,2,0,1,0,9,342,2,1,0,82,2018,Round 11,2018-06-03,9609
Brisbane Lions,Dayne Zorko,11,13,15,68.2,0,0,3,0,0,3,4,9,334,4,0,2,92,2018,Round 11,2018-06-03,9609
Brisbane Lions,Nicholas Robertson,3,18,17,77.3,0,0,0,0,0,0,1,5,400,5,4,0,94,2018,Round 11,2018-06-03,9609
Brisbane Lions,Alex Witherden,8,13,18,81.8,0,0,0,1,0,2,1,8,301,5,4,0,86,2018,Round 11,2018-06-03,9609
Brisbane Lions,Stefan Martin,9,12,16,76.2,0,0,0,2,0,0,4,8,66,4,3,0,93,2018,Round 11,2018-06-03,9609
Brisbane Lions,Cameron Rayner,8,15,16,76.2,1,1,0,1,0,3,2,7,456,3,2,1,88,2018,Round 11,2018-06-03,9609
Brisbane Lions,Tom Cutler,9,10,12,63.2,0,0,0,1,0,0,2,5,403,4,7,0,98,2018,Round 11,2018-06-03,9609
Brisbane Lions,Harris Andrews,9,10,16,88.9,1,0,0,10,0,0,0,6,230,2,9,0,100,2018,Round 11,2018-06-03,9609
Brisbane Lions,Lewis Taylor,4,13,15,88.2,0,0,1,1,0,0,1,6,236,2,1,0,88,2018,Round 11,2018-06-03,9609
Brisbane Lions,Ben Keays,4,11,12,70.6,0,0,1,1,0,0,0,8,157,2,1,2,91,2018,Round 11,2018-06-03,9609
Brisbane Lions,Eric Hipwood,7,8,7,43.8,1,1,0,1,0,0,0,5,243,3,1,0,94,2018,Round 11,2018-06-03,9609
Brisbane Lions,Ryan Lester,4,12,13,86.7,0,0,1,7,0,0,0,4,128,3,5,1,86,2018,Round 11,2018-06-03,9609
Brisbane Lions,Zac Bailey,5,8,11,78.6,0,0,1,4,0,0,1,4,63,1,4,0,90,2018,Round 11,2018-06-03,9609
Brisbane Lions,Oscar Mcinerney,6,6,3,25.0,1,1,1,2,0,1,0,5,167,2,1,0,95,2018,Round 11,2018-06-03,9609
Brisbane Lions,Darcy Gardiner,6,3,9,90.0,0,0,0,11,0,0,0,4,49,3,3,0,92,2018,Round 11,2018-06-03,9609
Brisbane Lions,Daniel Mcstay,5,4,6,60.0,4,0,3,1,0,0,0,5,269,1,1,1,87,2018,Round 11,2018-06-03,9609
Brisbane Lions,Hugh Mccluggage,2,7,8,88.9,1,0,0,0,0,0,0,2,175,1,1,0,41,2018,Round 11,2018-06-03,9609
Brisbane Lions,Charlie Cameron,3,1,4,100.0,0,0,0,0,0,1,0,1,8,0,1,0,27,2018,Round 11,2018-06-03,9609
Brisbane Lions,Allen Christensen,0,1,0,0.0,0,0,0,0,0,0,0,0,-5,0,0,0,10,2018,Round 11,2018-06-03,9609
Collingwood,Steele Sidebottom,8,29,29,78.4,0,2,0,3,0,0,2,10,354,4,3,0,81,2018,Round 11,2018-06-03,9610
Collingwood,Tom Phillips,12,25,24,66.7,0,0,0,1,1,0,5,9,590,5,4,0,87,2018,Round 11,2018-06-03,9610
Collingwood,Adam Treloar,13,20,23,67.6,1,1,1,1,0,3,4,12,358,5,1,2,80,2018,Round 11,2018-06-03,9610
Collingwood,Scott Pendlebury,9,20,23,76.7,0,0,0,1,0,3,2,7,407,6,1,0,85,2018,Round 11,2018-06-03,9610
Collingwood,Jack Crisp,5,26,26,86.7,0,0,0,3,0,0,0,8,467,4,3,0,92,2018,Round 11,2018-06-03,9610
Collingwood,Taylor Adams,18,12,22,78.6,1,1,0,3,1,3,5,8,327,4,2,2,76,2018,Round 11,2018-06-03,9610
Collingwood,Brayden Maynard,7,21,22,81.5,0,0,0,1,2,0,0,8,483,3,6,0,89,2018,Round 11,2018-06-03,9610
Collingwood,Matthew Scharenberg,6,16,18,78.3,1,0,0,3,0,0,0,1,191,6,8,0,88,2018,Round 11,2018-06-03,9610
Collingwood,Tom Langdon,7,14,21,95.5,1,1,0,4,0,0,0,3,129,1,9,0,82,2018,Round 11,2018-06-03,9610
Collingwood,Josh Thomas,6,14,10,50.0,0,1,2,2,0,1,1,6,327,3,1,0,78,2018,Round 11,2018-06-03,9610
Collingwood,Brodie Grundy,10,11,11,61.1,0,2,0,2,0,1,1,7,289,4,4,1,86,2018,Round 11,2018-06-03,9610
Collingwood,Jordan De Goey,10,4,11,73.3,1,1,1,4,1,4,2,6,112,2,1,2,83,2018,Round 11,2018-06-03,9610
Collingwood,Josh Daicos,8,7,13,86.7,0,1,1,1,0,0,2,7,147,2,3,2,73,2018,Round 11,2018-06-03,9610
Collingwood,Christopher Mayne,4,11,11,78.6,0,0,0,4,0,0,0,3,82,2,2,0,80,2018,Round 11,2018-06-03,9610
Collingwood,Daniel Wells,4,10,9,69.2,0,3,1,1,0,0,1,6,94,3,3,0,72,2018,Round 11,2018-06-03,9610
Collingwood,Levi Greenwood,4,10,11,84.6,1,0,0,4,1,0,0,1,137,1,5,3,79,2018,Round 11,2018-06-03,9610
Collingwood,Flynn Appleby,3,9,9,75.0,1,0,0,5,0,0,0,2,92,0,4,0,88,2018,Round 11,2018-06-03,9610
Collingwood,Brody Mihocek,9,5,12,100.0,3,1,2,4,0,0,0,7,247,3,1,2,81,2018,Round 11,2018-06-03,9610
Collingwood,Will Hoskin Elliott,2,8,10,90.9,2,1,6,2,0,0,0,9,219,0,1,0,78,2018,Round 11,2018-06-03,9610
Collingwood,Lynden Dunn,1,7,8,88.9,0,0,0,0,0,0,0,1,117,0,2,0,83,2018,Round 11,2018-06-03,9610
Collingwood,Mason Cox,4,4,7,87.5,1,0,0,4,0,1,0,7,153,1,0,0,85,2018,Round 11,2018-06-03,9610
Collingwood,Jaidyn Stephenson,2,3,3,60.0,0,0,0,2,0,0,0,2,96,2,2,1,75,2018,Round 11,2018-06-03,9610
Fremantle,Michael Walters,12,17,19,65.5,0,1,0,1,0,4,5,6,439,9,0,0,81,2018,Round 11,2018-06-03,9610
Fremantle,Lachie Neale,14,16,21,72.4,0,1,2,1,0,2,4,4,156,5,4,1,81,2018,Round 11,2018-06-03,9610
Fremantle,Thomas Sheridan,5,19,23,92.0,0,0,1,1,0,0,1,2,366,4,2,0,82,2018,Round 11,2018-06-03,9610
Fremantle,Nathan Fyfe,8,16,19,79.2,2,2,0,1,1,4,1,6,182,2,1,0,87,2018,Round 11,2018-06-03,9610
Fremantle,Connor Blakely,6,19,17,70.8,1,0,0,0,0,0,0,0,96,5,5,0,84,2018,Round 11,2018-06-03,9610
Fremantle,Joel Hamling,4,16,18,85.7,1,0,0,6,0,0,0,0,136,1,6,0,92,2018,Round 11,2018-06-03,9610
Fremantle,Nathan Wilson,5,15,15,78.9,0,0,0,2,1,0,0,0,398,5,6,0,85,2018,Round 11,2018-06-03,9610
Fremantle,Andrew Brayshaw,9,10,14,73.7,0,0,1,0,0,0,2,3,153,4,4,1,74,2018,Round 11,2018-06-03,9610
Fremantle,David Mundy,10,9,15,83.3,1,2,2,2,0,4,0,7,247,3,3,0,91,2018,Round 11,2018-06-03,9610
Fremantle,Shane Kersten,4,15,15,83.3,0,0,0,5,0,0,0,2,185,3,5,0,90,2018,Round 11,2018-06-03,9610
Fremantle,Michael Apeness,11,6,8,47.1,0,0,0,2,0,2,2,5,98,4,2,0,81,2018,Round 11,2018-06-03,9610
Fremantle,Darcy Tucker,4,13,14,82.4,1,1,3,1,0,1,1,6,172,0,0,1,77,2018,Round 11,2018-06-03,9610
Fremantle,Ed Langdon,5,11,13,81.2,1,1,0,3,0,0,0,4,222,3,4,0,88,2018,Round 11,2018-06-03,9610
Fremantle,Bailey Banfield,7,9,11,73.3,0,0,0,2,0,0,2,6,184,1,4,0,81,2018,Round 11,2018-06-03,9610
Fremantle,Luke Ryan,2,14,12,85.7,0,0,0,8,0,0,0,1,314,4,4,0,82,2018,Round 11,2018-06-03,9610
Fremantle,Taylin Duman,2,12,10,76.9,0,0,0,1,0,0,0,2,187,1,3,0,83,2018,Round 11,2018-06-03,9610
Fremantle,Adam Cerra,2,10,8,72.7,0,0,0,0,0,0,0,2,288,5,1,0,74,2018,Round 11,2018-06-03,9610
Fremantle,Brennan Cox,4,8,8,80.0,3,0,1,0,0,1,0,4,112,2,0,0,91,2018,Round 11,2018-06-03,9610
Fremantle,Stefan Giro,1,9,7,70.0,0,0,1,0,0,0,0,3,102,1,0,1,87,2018,Round 11,2018-06-03,9610
Fremantle,Cameron Mccarthy,4,4,5,62.5,0,0,0,0,0,0,0,1,94,2,2,0,83,2018,Round 11,2018-06-03,9610
Fremantle,Alex Pearce,5,3,6,100.0,1,0,0,5,0,0,0,0,69,1,5,0,47,2018,Round 11,2018-06-03,9610
Fremantle,Scott Jones,4,2,5,83.3,2,1,1,0,0,1,0,2,-13,1,0,0,79,2018,Round 11,2018-06-03,9610
Adelaide,Bryce Gibbs,15,19,24,66.7,0,1,0,1,1,3,6,8,522,5,2,1,79,2018,Round 11,2018-06-03,9611
Adelaide,Matt Crouch,18,17,23,63.9,0,0,0,1,0,3,4,5,359,5,6,0,77,2018,Round 11,2018-06-03,9611
Adelaide,Rory Laird,14,16,22,73.3,0,1,0,1,2,0,3,4,472,9,9,0,90,2018,Round 11,2018-06-03,9611
Adelaide,Sam Gibson,10,16,14,56.0,0,0,1,0,0,1,1,6,355,4,1,0,80,2018,Round 11,2018-06-03,9611
Adelaide,Hugh Greenwood,17,3,14,70.0,2,0,0,1,0,1,3,6,240,3,5,1,74,2018,Round 11,2018-06-03,9611
Adelaide,Richard Douglas,11,9,10,52.6,0,1,0,3,0,0,2,13,361,2,1,1,71,2018,Round 11,2018-06-03,9611
Adelaide,Cameron Ellis Yolmen,13,5,13,72.2,0,0,0,4,0,3,5,3,123,1,0,0,75,2018,Round 11,2018-06-03,9611
Adelaide,Tom Doedee,8,10,11,61.1,0,0,0,8,0,0,2,1,303,8,6,0,92,2018,Round 11,2018-06-03,9611
Adelaide,Paul Seedsman,11,7,12,75.0,1,0,0,5,1,1,2,4,318,1,5,0,83,2018,Round 11,2018-06-03,9611
Adelaide,Edward Betts,10,4,9,60.0,0,2,1,1,0,0,1,10,192,2,1,0,87,2018,Round 11,2018-06-03,9611
Adelaide,David Mackay,1,12,9,64.3,0,1,0,2,1,0,1,3,334,3,0,0,88,2018,Round 11,2018-06-03,9611
Adelaide,Daniel Talia,7,6,12,85.7,2,0,0,9,0,0,0,4,147,1,8,0,95,2018,Round 11,2018-06-03,9611
Adelaide,Rory Atkins,5,9,7,50.0,0,0,0,1,0,0,2,5,387,5,1,0,88,2018,Round 11,2018-06-03,9611
Adelaide,Wayne Milera,6,12,7,50.0,0,0,1,2,0,0,1,6,377,0,0,0,80,2018,Round 11,2018-06-03,9611
Adelaide,Josh Jenkins,4,10,6,46.2,1,1,2,4,0,0,0,5,290,4,0,2,90,2018,Round 11,2018-06-03,9611
Adelaide,Jake Kelly,6,7,9,69.2,0,0,0,2,0,0,0,0,118,2,5,0,81,2018,Round 11,2018-06-03,9611
Adelaide,Luke Brown,8,5,9,75.0,0,0,0,4,2,0,0,5,188,4,9,1,83,2018,Round 11,2018-06-03,9611
Adelaide,Sam Jacobs,7,4,9,81.8,0,0,0,4,0,1,4,5,242,2,0,0,79,2018,Round 11,2018-06-03,9611
Adelaide,Darcy Fogarty,5,7,9,81.8,0,1,1,4,0,0,0,6,283,5,1,1,88,2018,Round 11,2018-06-03,9611
Adelaide,Tom Lynch,3,7,5,50.0,0,0,0,0,0,0,1,3,156,2,0,1,62,2018,Round 11,2018-06-03,9611
Adelaide,Kyle Hartigan,3,6,9,100.0,0,0,0,2,0,0,0,1,136,1,5,0,80,2018,Round 11,2018-06-03,9611
Adelaide,Lachlan Murphy,3,6,5,55.6,0,1,0,0,0,0,1,3,216,4,0,0,79,2018,Round 11,2018-06-03,9611
Greater Western Sydney,Joshua Kelly,14,18,18,58.1,0,0,1,1,3,0,4,6,426,3,3,1,85,2018,Round 11,2018-06-03,9611
Greater Western Sydney,Dylan Shiel,14,16,21,70.0,0,2,0,1,0,1,4,9,420,5,8,0,78,2018,Round 11,2018-06-03,9611
Greater Western Sydney,Lachie Whitfield,7,18,18,69.2,1,0,0,0,0,0,0,3,597,4,7,1,91,2018,Round 11,2018-06-03,9611
Greater Western Sydney,Stephen Coniglio,12,13,15,62.5,0,0,0,0,1,2,5,10,395,4,2,0,68,2018,Round 11,2018-06-03,9611
Greater Western Sydney,Heath Shaw,3,11,19,86.4,2,0,0,4,2,0,0,3,597,3,5,0,92,2018,Round 11,2018-06-03,9611
Greater Western Sydney,Ryan Griffen,10,10,12,54.5,1,1,2,0,1,0,0,5,424,7,4,1,76,2018,Round 11,2018-06-03,9611
Greater Western Sydney,Callan Ward,14,11,18,81.8,0,0,0,2,0,2,5,8,357,2,3,1,88,2018,Round 11,2018-06-03,9611
Greater Western Sydney,Jacob Hopper,11,11,16,76.2,0,0,0,2,0,0,2,2,136,2,3,1,84,2018,Round 11,2018-06-03,9611
Greater Western Sydney,Tim Taranto,15,9,13,61.9,0,2,0,5,0,4,0,5,195,5,3,1,86,2018,Round 11,2018-06-03,9611
Greater Western Sydney,Adam Tomlinson,7,10,12,70.6,0,1,0,1,0,0,5,1,390,4,0,1,83,2018,Round 11,2018-06-03,9611
Greater Western Sydney,Jonathon Patton,11,5,13,86.7,3,2,0,5,0,2,0,5,308,4,3,0,86,2018,Round 11,2018-06-03,9611
Greater Western Sydney,Nick Haynes,3,12,11,78.6,0,0,0,5,1,0,0,3,325,4,3,0,90,2018,Round 11,2018-06-03,9611
Greater Western Sydney,Phil Davis,7,6,10,76.9,1,0,0,11,0,0,0,1,239,3,10,0,93,2018,Round 11,2018-06-03,9611
Greater Western Sydney,Jeremy Cameron,4,9,10,76.9,2,0,1,3,0,0,0,6,299,3,1,0,85,2018,Round 11,2018-06-03,9611
Greater Western Sydney,Zac Giles Langdon,7,7,10,76.9,0,0,1,1,0,1,0,7,241,2,2,2,69,2018,Round 11,2018-06-03,9611
Greater Western Sydney,Aidan Corr,1,8,8,80.0,0,0,0,3,0,0,0,1,209,2,2,0,86,2018,Round 11,2018-06-03,9611
Greater Western Sydney,Samuel Reid,5,4,9,90.0,0,1,0,1,0,1,1,5,219,1,1,0,75,2018,Round 11,2018-06-03,9611
Greater Western Sydney,Sam Taylor,6,2,8,88.9,0,0,0,11,0,0,0,0,91,2,7,0,83,2018,Round 11,2018-06-03,9611
Greater Western Sydney,Harrison Himmelberg,1,7,5,62.5,0,1,2,1,0,0,0,6,203,0,0,3,78,2018,Round 11,2018-06-03,9611
Greater Western Sydney,Daniel Lloyd,4,6,5,62.5,0,0,2,4,0,0,0,4,143,0,0,3,75,2018,Round 11,2018-06-03,9611
Greater Western Sydney,Harry Perryman,5,4,6,75.0,0,0,0,3,0,0,0,3,12,1,5,0,66,2018,Round 11,2018-06-03,9611
Greater Western Sydney,Rory Lobb,5,3,2,28.6,1,0,1,7,0,1,0,5,178,3,1,0,84,2018,Round 11,2018-06-03,9611
Port Adelaide,Chad Wingard,13,18,21,67.7,0,0,0,0,0,3,4,7,384,4,2,1,85,2018,Round 12,2018-06-08,9612
Port Adelaide,Oliver Wines,16,16,20,69.0,3,0,1,1,0,3,4,6,686,11,3,1,65,2018,Round 12,2018-06-08,9612
Port Adelaide,Jared Polec,16,10,22,78.6,1,0,1,0,0,0,4,5,388,7,8,0,80,2018,Round 12,2018-06-08,9612
Port Adelaide,Sam Powell Pepper,8,19,20,71.4,0,2,0,0,0,3,3,7,280,5,1,1,75,2018,Round 12,2018-06-08,9612
Port Adelaide,Tom Rockliff,10,17,18,72.0,0,1,1,3,0,0,7,6,347,6,3,2,73,2018,Round 12,2018-06-08,9612
Port Adelaide,Justin Westhoff,9,10,10,43.5,1,0,1,1,0,0,2,7,415,8,4,1,84,2018,Round 12,2018-06-08,9612
Port Adelaide,Darcy Byrne Jones,11,12,13,61.9,1,0,0,1,1,0,3,4,394,8,10,0,88,2018,Round 12,2018-06-08,9612
Port Adelaide,Sam Gray,9,11,8,40.0,0,0,2,1,0,0,0,6,422,7,4,2,87,2018,Round 12,2018-06-08,9612
Port Adelaide,Travis Boak,10,9,8,44.4,1,0,0,3,0,0,0,5,249,4,5,5,87,2018,Round 12,2018-06-08,9612
Port Adelaide,Jasper Mcmillan Pittard,4,13,14,77.8,1,0,0,5,0,0,0,1,261,3,8,0,79,2018,Round 12,2018-06-08,9612
Port Adelaide,Bradley Ebert,4,12,12,70.6,1,0,0,1,0,0,1,4,425,5,4,1,76,2018,Round 12,2018-06-08,9612
Port Adelaide,Robert Gray,11,8,11,68.8,0,0,1,5,0,2,0,8,167,1,1,2,94,2018,Round 12,2018-06-08,9612
Port Adelaide,Patrick Ryder,11,4,9,60.0,1,0,0,4,0,3,2,4,131,3,1,1,79,2018,Round 12,2018-06-08,9612
Port Adelaide,Riley Bonner,5,7,10,66.7,1,0,0,1,1,1,0,3,338,3,4,0,73,2018,Round 12,2018-06-08,9612
Port Adelaide,Charlie Dixon,10,3,5,38.5,4,1,1,4,0,0,0,6,292,4,1,2,98,2018,Round 12,2018-06-08,9612
Port Adelaide,Jack Watts,7,4,8,66.7,0,1,0,0,0,0,1,4,63,1,1,0,73,2018,Round 12,2018-06-08,9612
Port Adelaide,Steven Motlop,5,7,8,66.7,0,0,0,0,0,0,1,4,133,1,1,2,73,2018,Round 12,2018-06-08,9612
Port Adelaide,Thomas Jonas,6,6,9,75.0,0,0,0,9,0,0,0,2,198,2,9,0,96,2018,Round 12,2018-06-08,9612
Port Adelaide,Tom Clurey,7,7,10,83.3,0,0,0,12,0,0,2,2,190,2,5,0,97,2018,Round 12,2018-06-08,9612
Port Adelaide,Dougal Howard,6,4,6,54.5,3,0,0,16,0,0,0,0,225,1,8,0,92,2018,Round 12,2018-06-08,9612
Port Adelaide,Dan Houston,6,3,9,81.8,2,0,0,4,0,0,0,0,287,4,8,0,78,2018,Round 12,2018-06-08,9612
Port Adelaide,Jake Neade,3,6,8,88.9,0,0,0,2,0,0,0,2,49,2,1,2,69,2018,Round 12,2018-06-08,9612
Richmond,Kane Lambert,9,12,19,73.1,1,0,1,0,0,0,5,6,132,6,3,1,84,2018,Round 12,2018-06-08,9612
Richmond,Jayden Short,9,13,18,72.0,0,0,0,2,1,0,2,3,652,8,7,0,88,2018,Round 12,2018-06-08,9612
Richmond,Shaun Grigg,15,9,16,66.7,1,0,0,2,0,1,7,3,446,7,3,0,85,2018,Round 12,2018-06-08,9612
Richmond,Reece Conca,8,14,13,59.1,1,0,1,0,0,0,1,2,409,10,2,1,77,2018,Round 12,2018-06-08,9612
Richmond,Trent Cotchin,11,8,9,45.0,0,0,0,2,0,3,3,5,436,5,5,0,75,2018,Round 12,2018-06-08,9612
Richmond,Anthony Miles,8,12,14,70.0,0,1,1,2,0,1,2,4,444,3,3,0,74,2018,Round 12,2018-06-08,9612
Richmond,Alex Rance,10,6,13,76.5,3,0,0,15,0,0,0,1,304,5,10,0,100,2018,Round 12,2018-06-08,9612
Richmond,Brandon Ellis,8,9,13,76.5,0,0,0,1,1,0,2,2,237,3,7,0,83,2018,Round 12,2018-06-08,9612
Richmond,Nick Vlastuin,8,10,12,70.6,0,0,0,9,0,0,0,3,274,9,11,0,92,2018,Round 12,2018-06-08,9612
Richmond,Jack Higgins,6,9,10,62.5,0,0,0,1,0,0,1,3,231,5,5,2,69,2018,Round 12,2018-06-08,9612
Richmond,Shane Edwards,10,5,12,80.0,0,1,0,0,2,0,2,3,264,3,3,0,80,2018,Round 12,2018-06-08,9612
Richmond,David Astbury,5,8,9,64.3,0,0,0,3,0,0,0,1,376,5,7,0,83,2018,Round 12,2018-06-08,9612
Richmond,Dylan Grimes,9,2,9,69.2,1,0,0,8,0,0,0,1,114,3,12,0,80,2018,Round 12,2018-06-08,9612
Richmond,Jack Riewoldt,5,4,6,54.5,1,1,2,2,0,0,2,4,215,3,1,2,98,2018,Round 12,2018-06-08,9612
Richmond,Josh Caddy,4,7,4,36.4,0,0,0,2,0,0,0,4,270,1,1,1,91,2018,Round 12,2018-06-08,9612
Richmond,Toby Nankervis,6,6,4,36.4,1,0,1,2,0,0,2,2,134,4,0,0,83,2018,Round 12,2018-06-08,9612
Richmond,Kamdyn Mcintosh,3,5,5,55.6,0,1,0,0,2,0,1,3,243,3,2,0,73,2018,Round 12,2018-06-08,9612
Richmond,Daniel Butler,5,4,5,55.6,0,0,0,0,0,0,0,3,203,2,1,5,83,2018,Round 12,2018-06-08,9612
Richmond,Connor Menadue,1,6,7,87.5,0,0,0,1,0,0,0,2,162,3,2,1,63,2018,Round 12,2018-06-08,9612
Richmond,Jason Castagna,5,3,4,50.0,2,0,2,1,0,0,0,4,209,1,1,4,91,2018,Round 12,2018-06-08,9612
Richmond,Nathan Broad,3,4,7,87.5,0,0,0,8,0,0,0,1,143,1,5,0,79,2018,Round 12,2018-06-08,9612
Richmond,Callum Moore,5,3,6,75.0,0,0,0,2,0,0,0,2,51,1,1,1,71,2018,Round 12,2018-06-08,9612
Geelong,Gary Jnr Ablett,16,18,27,79.4,0,1,0,0,1,1,6,11,697,5,5,0,83,2018,Round 12,2018-06-09,9613
Geelong,Joel Selwood,7,20,23,85.2,0,0,0,1,0,1,1,6,282,4,2,1,79,2018,Round 12,2018-06-09,9613
Geelong,Jordan Cunico,10,18,18,69.2,0,2,0,2,0,0,2,8,401,2,4,0,87,2018,Round 12,2018-06-09,9613
Geelong,Thomas Stewart,6,18,21,80.8,1,0,0,3,0,0,1,4,311,7,5,0,80,2018,Round 12,2018-06-09,9613
Geelong,Patrick Dangerfield,7,16,16,66.7,1,1,2,4,1,0,1,8,291,7,0,1,83,2018,Round 12,2018-06-09,9613
Geelong,Sam Menegola,6,20,16,66.7,0,1,1,2,1,0,1,7,294,3,4,0,72,2018,Round 12,2018-06-09,9613
Geelong,Tom Hawkins,10,13,16,69.6,3,1,3,1,0,0,0,9,269,3,2,2,93,2018,Round 12,2018-06-09,9613
Geelong,Mitchell Duncan,5,16,17,77.3,0,0,0,1,1,0,0,6,442,4,4,1,89,2018,Round 12,2018-06-09,9613
Geelong,Zach Tuohy,5,17,20,90.9,1,0,0,3,0,0,0,5,377,2,5,0,93,2018,Round 12,2018-06-09,9613
Geelong,Jordan Murdoch,6,14,19,95.0,2,0,0,2,0,0,0,2,410,2,5,0,80,2018,Round 12,2018-06-09,9613
Geelong,Brandan Parfitt,9,13,15,78.9,0,1,1,0,0,0,0,9,152,2,3,2,87,2018,Round 12,2018-06-09,9613
Geelong,Tim Kelly,11,10,15,78.9,0,0,1,0,1,1,4,8,246,3,2,2,84,2018,Round 12,2018-06-09,9613
Geelong,Mark Blicavs,8,9,16,88.9,0,0,0,10,0,0,1,1,188,3,7,0,95,2018,Round 12,2018-06-09,9613
Geelong,Rhys Stanley,10,7,12,70.6,1,0,0,5,0,5,1,6,231,3,2,0,83,2018,Round 12,2018-06-09,9613
Geelong,Jake Kolodjashnij,6,10,12,75.0,2,0,0,4,0,0,0,2,68,2,9,0,83,2018,Round 12,2018-06-09,9613
Geelong,James Parsons,4,9,13,81.2,0,0,1,2,0,1,0,7,264,1,3,0,80,2018,Round 12,2018-06-09,9613
Geelong,Lachlan Fogarty,6,11,14,87.5,0,1,0,1,0,0,0,6,117,3,4,1,77,2018,Round 12,2018-06-09,9613
Geelong,Jed Bews,4,11,10,66.7,0,0,3,1,0,0,0,3,145,1,3,0,85,2018,Round 12,2018-06-09,9613
Geelong,Jack Henry,3,14,11,73.3,1,0,1,7,0,0,0,3,263,4,6,0,88,2018,Round 12,2018-06-09,9613
Geelong,Wylie Buzza,4,4,7,100.0,3,3,1,0,0,0,0,4,121,4,1,0,83,2018,Round 12,2018-06-09,9613
Geelong,Aaron Black,1,5,4,66.7,0,0,0,1,0,0,0,2,134,0,1,0,42,2018,Round 12,2018-06-09,9613
Geelong,Jamaine Jones,2,4,5,83.3,0,0,1,2,0,0,0,3,110,0,0,1,76,2018,Round 12,2018-06-09,9613
North Melbourne,Shaun Higgins,11,18,23,76.7,0,0,0,1,0,3,5,8,603,9,1,0,91,2018,Round 12,2018-06-09,9613
North Melbourne,Ben Cunnington,17,5,12,54.5,0,0,0,2,0,3,8,4,235,6,3,2,74,2018,Round 12,2018-06-09,9613
North Melbourne,Ben Jacobs,11,10,15,71.4,0,0,0,1,0,2,2,4,192,1,3,0,81,2018,Round 12,2018-06-09,9613
North Melbourne,Robert Tarrant,6,13,15,78.9,2,0,0,10,0,0,0,2,379,3,7,0,98,2018,Round 12,2018-06-09,9613
North Melbourne,Samuel Wright,4,14,15,78.9,2,0,0,0,2,0,0,4,382,3,6,0,83,2018,Round 12,2018-06-09,9613
North Melbourne,Luke Mcdonald,5,14,11,57.9,0,0,1,0,0,0,0,2,321,4,2,0,81,2018,Round 12,2018-06-09,9613
North Melbourne,Marley Williams,4,14,15,83.3,0,0,0,2,1,1,0,2,335,7,5,0,88,2018,Round 12,2018-06-09,9613
North Melbourne,Mason Wood,5,15,12,66.7,0,0,3,1,0,0,0,7,357,3,2,0,89,2018,Round 12,2018-06-09,9613
North Melbourne,Jamie Macmillan,5,12,13,76.5,0,0,0,5,2,0,0,1,380,6,6,0,74,2018,Round 12,2018-06-09,9613
North Melbourne,Trent Dumont,7,10,11,68.8,0,0,1,4,0,1,2,4,279,3,2,1,84,2018,Round 12,2018-06-09,9613
North Melbourne,Shaun Atley,4,11,14,93.3,0,1,0,1,0,0,0,3,74,1,1,0,86,2018,Round 12,2018-06-09,9613
North Melbourne,Todd Goldstein,7,5,12,92.3,3,0,0,3,0,1,1,5,220,2,2,1,85,2018,Round 12,2018-06-09,9613
North Melbourne,Scott Thompson 1,6,7,9,69.2,0,0,0,3,2,0,0,0,155,5,6,0,95,2018,Round 12,2018-06-09,9613
North Melbourne,Paul Ahern,5,8,11,84.6,0,0,0,1,0,0,1,3,266,2,2,1,61,2018,Round 12,2018-06-09,9613
North Melbourne,Jack Ziebell,7,5,6,50.0,0,0,1,0,0,0,0,4,117,4,2,1,88,2018,Round 12,2018-06-09,9613
North Melbourne,Jy Simpkin,6,6,10,83.3,0,0,0,0,0,2,1,4,139,1,1,2,80,2018,Round 12,2018-06-09,9613
North Melbourne,Thomas Murphy 1,4,9,10,83.3,0,0,0,1,0,0,0,1,178,1,3,0,56,2018,Round 12,2018-06-09,9613
North Melbourne,Ben Brown,9,2,9,81.8,1,3,0,3,0,0,0,3,86,3,4,0,96,2018,Round 12,2018-06-09,9613
North Melbourne,Majak Daw,6,4,10,100.0,2,0,0,4,0,0,2,2,99,1,4,0,90,2018,Round 12,2018-06-09,9613
North Melbourne,Billy Hartung,1,10,7,70.0,0,0,0,0,3,0,0,1,127,4,0,0,65,2018,Round 12,2018-06-09,9613
North Melbourne,Kayne Turner,6,4,8,80.0,1,1,1,2,0,0,0,6,48,4,2,0,84,2018,Round 12,2018-06-09,9613
North Melbourne,Cameron Zurhaar,4,6,5,50.0,0,0,0,0,0,1,0,4,185,3,2,1,73,2018,Round 12,2018-06-09,9613
Greater Western Sydney,Joshua Kelly,11,28,31,77.5,0,1,2,0,1,0,3,11,689,7,5,1,84,2018,Round 12,2018-06-09,9614
Greater Western Sydney,Lachie Whitfield,5,32,29,80.6,0,1,0,4,2,1,0,5,644,5,7,1,94,2018,Round 12,2018-06-09,9614
Greater Western Sydney,Dylan Shiel,13,22,24,68.6,0,2,0,3,4,0,5,8,519,5,6,0,75,2018,Round 12,2018-06-09,9614
Greater Western Sydney,Callan Ward,16,17,30,88.2,1,0,0,0,0,3,7,10,412,2,5,1,89,2018,Round 12,2018-06-09,9614
Greater Western Sydney,Heath Shaw,6,19,21,67.7,0,0,0,5,2,0,1,5,566,6,15,0,93,2018,Round 12,2018-06-09,9614
Greater Western Sydney,Jacob Hopper,18,11,17,58.6,0,0,0,4,0,3,9,8,289,5,3,1,86,2018,Round 12,2018-06-09,9614
Greater Western Sydney,Adam Tomlinson,10,17,19,70.4,0,0,0,0,0,0,5,1,419,8,3,0,92,2018,Round 12,2018-06-09,9614
Greater Western Sydney,Jeremy Cameron,10,14,18,69.2,0,1,5,3,0,0,1,13,503,4,2,0,85,2018,Round 12,2018-06-09,9614
Greater Western Sydney,Matthew Deboer,9,15,18,75.0,0,1,2,3,0,1,1,9,307,2,3,4,89,2018,Round 12,2018-06-09,9614
Greater Western Sydney,Tim Taranto,9,12,13,54.2,0,0,0,1,0,2,2,5,325,6,1,2,83,2018,Round 12,2018-06-09,9614
Greater Western Sydney,Nick Haynes,12,13,14,60.9,1,0,0,6,0,0,0,2,445,9,13,0,88,2018,Round 12,2018-06-09,9614
Greater Western Sydney,Ryan Griffen,13,8,13,61.9,1,1,1,2,0,1,3,6,242,5,3,0,79,2018,Round 12,2018-06-09,9614
Greater Western Sydney,Harry Perryman,5,12,12,66.7,0,0,0,2,1,0,0,1,210,2,5,0,79,2018,Round 12,2018-06-09,9614
Greater Western Sydney,Harrison Himmelberg,9,8,10,58.8,0,1,0,4,0,0,0,11,387,2,1,3,86,2018,Round 12,2018-06-09,9614
Greater Western Sydney,Phil Davis,10,7,13,86.7,2,0,0,10,1,0,1,1,194,2,10,0,97,2018,Round 12,2018-06-09,9614
Greater Western Sydney,Jonathon Patton,6,10,11,73.3,1,2,1,3,0,1,0,7,243,1,2,0,83,2018,Round 12,2018-06-09,9614
Greater Western Sydney,Aidan Corr,5,7,10,83.3,2,0,0,9,0,0,0,2,78,1,5,0,84,2018,Round 12,2018-06-09,9614
Greater Western Sydney,Sam Taylor,4,7,10,90.9,1,0,0,10,0,0,1,3,145,2,3,0,87,2018,Round 12,2018-06-09,9614
Greater Western Sydney,Samuel Reid,2,6,5,55.6,0,1,0,0,0,1,0,5,175,2,1,3,83,2018,Round 12,2018-06-09,9614
Greater Western Sydney,Zac Giles Langdon,6,3,5,55.6,0,1,0,2,0,0,1,3,75,4,0,5,84,2018,Round 12,2018-06-09,9614
Greater Western Sydney,Daniel Lloyd,4,4,5,71.4,0,0,0,1,0,0,1,2,113,4,1,2,35,2018,Round 12,2018-06-09,9614
Greater Western Sydney,Rory Lobb,2,0,1,100.0,0,0,0,3,0,0,0,1,0,0,0,0,43,2018,Round 12,2018-06-09,9614
Gold Coast,Jarrod Harbrow,10,14,19,70.4,0,0,0,3,0,1,1,1,489,7,8,0,86,2018,Round 12,2018-06-09,9614
Gold Coast,Touk Miller,13,9,14,66.7,0,0,0,1,0,0,2,0,189,4,5,2,80,2018,Round 12,2018-06-09,9614
Gold Coast,David Swallow,12,7,10,50.0,1,1,0,1,0,0,3,1,364,7,2,1,87,2018,Round 12,2018-06-09,9614
Gold Coast,Jarrod Witts,7,7,9,56.2,0,0,0,1,0,0,3,0,83,1,2,0,86,2018,Round 12,2018-06-09,9614
Gold Coast,Callum Ah Chee,6,9,13,81.2,0,1,0,1,0,1,1,1,429,3,3,0,79,2018,Round 12,2018-06-09,9614
Gold Coast,Ben Ainsworth,7,6,13,81.2,1,0,0,1,0,2,4,1,196,3,2,1,72,2018,Round 12,2018-06-09,9614
Gold Coast,Aaron Young,7,10,7,46.7,0,0,0,0,0,0,3,3,350,9,2,1,78,2018,Round 12,2018-06-09,9614
Gold Coast,Jack Bowes,11,4,9,60.0,0,0,0,1,0,0,4,1,287,6,6,0,78,2018,Round 12,2018-06-09,9614
Gold Coast,Alex Sexton,2,10,8,57.1,0,0,0,1,0,0,1,1,365,9,2,0,79,2018,Round 12,2018-06-09,9614
Gold Coast,Jack Leslie,3,6,10,71.4,0,0,0,14,0,0,1,0,357,6,8,0,93,2018,Round 12,2018-06-09,9614
Gold Coast,Jesse Joyce,5,9,11,78.6,1,0,0,2,0,0,0,0,168,4,8,0,87,2018,Round 12,2018-06-09,9614
Gold Coast,Will Brodie,8,6,7,50.0,0,0,0,0,0,3,1,1,186,7,1,0,78,2018,Round 12,2018-06-09,9614
Gold Coast,Lachlan Weller,3,8,10,76.9,0,0,0,2,0,1,0,1,269,3,4,0,84,2018,Round 12,2018-06-09,9614
Gold Coast,Charlie Ballard,9,4,5,41.7,2,0,0,3,0,0,1,0,195,3,10,0,84,2018,Round 12,2018-06-09,9614
Gold Coast,Michael Rischitelli,3,7,7,63.6,0,0,0,6,1,0,1,1,308,6,4,0,83,2018,Round 12,2018-06-09,9614
Gold Coast,Thomas Lynch,5,3,4,50.0,1,0,0,5,0,0,0,0,155,3,3,1,80,2018,Round 12,2018-06-09,9614
Gold Coast,Jack Martin,5,5,3,37.5,0,0,0,1,0,0,0,1,176,6,5,2,87,2018,Round 12,2018-06-09,9614
Gold Coast,Bradley Scheer,2,6,6,75.0,0,0,0,0,0,0,1,0,172,2,1,0,76,2018,Round 12,2018-06-09,9614
Gold Coast,Sam Day,8,0,5,71.4,2,0,0,5,0,0,0,0,44,1,1,0,82,2018,Round 12,2018-06-09,9614
Gold Coast,Nicholas Holman,5,2,5,71.4,0,0,0,0,0,0,1,0,59,1,2,1,78,2018,Round 12,2018-06-09,9614
Gold Coast,Jacob Heron,3,4,7,100.0,1,0,0,1,0,0,0,0,106,1,3,0,81,2018,Round 12,2018-06-09,9614
Gold Coast,Rory Thompson,0,4,3,60.0,0,0,0,5,0,0,0,0,18,1,3,0,82,2018,Round 12,2018-06-09,9614
St Kilda,Sebastian Ross,13,12,17,68.0,0,0,0,4,0,2,3,6,309,3,4,0,86,2018,Round 12,2018-06-09,9615
St Kilda,Jimmy Webster,7,18,19,79.2,1,0,0,2,0,1,0,7,436,3,9,0,83,2018,Round 12,2018-06-09,9615
St Kilda,Luke Dunstan,11,10,17,77.3,0,0,0,1,0,2,5,5,430,3,2,0,77,2018,Round 12,2018-06-09,9615
St Kilda,Jack Steele,10,11,17,81.0,2,1,1,6,0,2,0,3,91,1,0,0,79,2018,Round 12,2018-06-09,9615
St Kilda,Logan Austin,3,17,17,81.0,1,0,0,4,0,0,0,3,319,2,4,0,94,2018,Round 12,2018-06-09,9615
St Kilda,Bailey Rice,2,18,13,65.0,2,0,0,2,0,0,0,3,367,4,4,0,83,2018,Round 12,2018-06-09,9615
St Kilda,Edward Phillips,5,15,12,60.0,0,0,0,1,0,0,1,6,211,4,2,0,89,2018,Round 12,2018-06-09,9615
St Kilda,Jack Newnes,7,12,11,57.9,0,1,1,2,0,0,0,6,238,3,5,0,84,2018,Round 12,2018-06-09,9615
St Kilda,Shane Savage,3,14,14,82.4,1,1,0,3,2,0,0,5,508,2,3,0,91,2018,Round 12,2018-06-09,9615
St Kilda,Jack Sinclair,7,10,11,64.7,0,0,0,1,1,0,1,3,253,3,1,1,87,2018,Round 12,2018-06-09,9615
St Kilda,Tim Membrey,10,8,10,66.7,1,1,2,3,0,0,1,5,142,4,0,0,88,2018,Round 12,2018-06-09,9615
St Kilda,Nicholas Coffield,4,10,13,86.7,0,0,0,1,0,0,0,1,75,1,4,0,84,2018,Round 12,2018-06-09,9615
St Kilda,Jack Lonie,5,9,11,78.6,0,1,0,0,0,0,0,9,209,1,0,0,81,2018,Round 12,2018-06-09,9615
St Kilda,Josh Battle,7,7,9,64.3,0,0,1,5,0,0,0,6,242,2,5,0,83,2018,Round 12,2018-06-09,9615
St Kilda,Jack Steven,4,7,7,53.8,0,0,0,0,2,1,1,3,153,1,1,0,83,2018,Round 12,2018-06-09,9615
St Kilda,Jade Gresham,8,5,9,69.2,0,0,1,1,1,2,0,5,166,2,2,1,87,2018,Round 12,2018-06-09,9615
St Kilda,Hunter Clark,2,11,8,61.5,0,0,0,1,0,1,0,2,191,2,1,0,69,2018,Round 12,2018-06-09,9615
St Kilda,Tom Hickey,7,5,5,45.5,0,0,1,2,0,1,3,6,219,4,2,2,85,2018,Round 12,2018-06-09,9615
St Kilda,Paddy Mccartin,3,7,6,60.0,0,0,3,0,0,0,0,5,285,1,0,0,72,2018,Round 12,2018-06-09,9615
St Kilda,Maverick Weller,2,7,9,100.0,0,0,0,0,0,0,0,2,68,1,0,2,83,2018,Round 12,2018-06-09,9615
St Kilda,Daniel Mckenzie,3,5,7,100.0,1,0,0,4,0,0,0,1,19,2,1,0,80,2018,Round 12,2018-06-09,9615
St Kilda,Nathan Brown,1,2,2,50.0,0,0,0,3,0,0,0,0,93,1,2,0,50,2018,Round 12,2018-06-09,9615
Sydney,Josh P  Kennedy,13,18,21,67.7,0,1,1,1,0,5,1,11,333,3,1,0,85,2018,Round 12,2018-06-09,9615
Sydney,Jake Lloyd,3,23,25,86.2,0,0,0,2,0,0,2,5,584,3,3,0,88,2018,Round 12,2018-06-09,9615
Sydney,Isaac Heeney,13,13,20,74.1,1,0,1,0,0,2,4,13,360,4,4,1,85,2018,Round 12,2018-06-09,9615
Sydney,Oliver Florent,11,15,14,51.9,1,0,1,1,0,2,2,6,357,4,6,0,85,2018,Round 12,2018-06-09,9615
Sydney,Jarrad Mcveigh,3,22,22,88.0,0,1,0,3,0,0,0,8,445,1,2,0,80,2018,Round 12,2018-06-09,9615
Sydney,Luke Parker,11,14,16,64.0,0,1,2,1,0,1,2,10,402,6,1,0,86,2018,Round 12,2018-06-09,9615
Sydney,Zak Jones,3,22,20,87.0,0,1,1,2,2,0,0,9,487,5,5,0,79,2018,Round 12,2018-06-09,9615
Sydney,Harry Cunningham,3,18,18,90.0,0,2,2,0,2,0,1,7,344,2,1,0,87,2018,Round 12,2018-06-09,9615
Sydney,George Hewett,11,8,15,78.9,0,0,0,1,0,2,3,5,0,2,2,0,80,2018,Round 12,2018-06-09,9615
Sydney,Lance Franklin,4,14,12,66.7,2,2,8,0,0,0,0,13,552,2,1,0,87,2018,Round 12,2018-06-09,9615
Sydney,Heath Grundy,4,14,15,83.3,1,0,0,6,1,0,0,6,231,2,6,0,82,2018,Round 12,2018-06-09,9615
Sydney,Daniel Hannebery,4,12,12,75.0,0,0,0,1,0,0,2,5,121,2,1,0,76,2018,Round 12,2018-06-09,9615
Sydney,Dane Rampe,2,14,15,93.8,0,0,0,6,0,0,0,2,223,3,3,0,96,2018,Round 12,2018-06-09,9615
Sydney,Harrison Marsh,4,12,14,93.3,0,0,0,6,0,0,0,5,116,2,4,0,84,2018,Round 12,2018-06-09,9615
Sydney,Callum Sinclair,8,7,11,78.6,1,2,3,3,0,0,3,8,270,2,2,0,76,2018,Round 12,2018-06-09,9615
Sydney,Tom Papley,4,10,13,92.9,0,2,1,0,0,1,2,11,159,0,0,0,71,2018,Round 12,2018-06-09,9615
Sydney,Nick Smith 1,2,11,11,84.6,0,0,0,1,0,0,0,3,42,0,2,0,92,2018,Round 12,2018-06-09,9615
Sydney,Ben Ronke,5,8,6,46.2,1,1,2,1,0,0,0,5,209,4,2,0,71,2018,Round 12,2018-06-09,9615
Sydney,Daniel Robinson,4,6,9,90.0,0,1,0,2,0,1,0,3,59,1,1,0,70,2018,Round 12,2018-06-09,9615
Sydney,Will Hayward,5,6,8,80.0,2,1,1,0,0,0,1,4,118,2,1,1,88,2018,Round 12,2018-06-09,9615
Sydney,Gary Rohan,5,4,7,77.8,0,1,0,0,0,0,2,6,236,1,2,0,76,2018,Round 12,2018-06-09,9615
Sydney,Tom Mccartin,3,4,7,87.5,0,0,0,3,0,0,0,8,142,1,0,0,78,2018,Round 12,2018-06-09,9615
Brisbane Lions,Daniel Rich,7,20,25,86.2,1,1,0,2,0,0,1,6,455,5,8,0,80,2018,Round 12,2018-06-10,9616
Brisbane Lions,Alex Witherden,6,21,23,79.3,1,0,0,1,0,0,0,7,647,8,8,0,77,2018,Round 12,2018-06-10,9616
Brisbane Lions,Harris Andrews,8,15,20,83.3,6,0,0,20,0,0,0,6,245,4,13,1,100,2018,Round 12,2018-06-10,9616
Brisbane Lions,Darcy Gardiner,4,18,21,91.3,0,0,0,8,1,0,0,6,327,2,5,0,90,2018,Round 12,2018-06-10,9616
Brisbane Lions,Stefan Martin,12,9,16,72.7,1,0,1,3,0,4,4,7,61,1,4,0,83,2018,Round 12,2018-06-10,9616
Brisbane Lions,Allen Christensen,7,15,15,71.4,0,0,0,0,0,0,3,7,306,5,0,3,81,2018,Round 12,2018-06-10,9616
Brisbane Lions,Lewis Taylor,4,17,14,66.7,0,1,0,1,0,0,0,3,427,4,1,1,79,2018,Round 12,2018-06-10,9616
Brisbane Lions,Dayne Zorko,12,11,15,75.0,0,0,0,1,0,2,3,7,438,5,3,0,89,2018,Round 12,2018-06-10,9616
Brisbane Lions,Ryan Lester,5,13,12,66.7,0,0,0,2,0,0,1,5,251,4,3,0,83,2018,Round 12,2018-06-10,9616
Brisbane Lions,Nicholas Robertson,1,17,16,88.9,0,0,0,2,0,0,0,3,155,2,2,0,82,2018,Round 12,2018-06-10,9616
Brisbane Lions,Cameron Rayner,7,11,11,61.1,1,0,0,0,0,0,2,4,141,4,2,0,77,2018,Round 12,2018-06-10,9616
Brisbane Lions,Tom Cutler,7,10,8,50.0,1,0,3,3,0,0,1,5,353,2,5,0,79,2018,Round 12,2018-06-10,9616
Brisbane Lions,Jarrod Berry,5,10,13,81.2,0,0,0,0,0,0,1,4,193,2,2,1,87,2018,Round 12,2018-06-10,9616
Brisbane Lions,Zac Bailey,11,8,14,87.5,0,0,0,2,0,2,2,4,222,5,3,0,81,2018,Round 12,2018-06-10,9616
Brisbane Lions,Luke Hodge,5,10,9,64.3,0,1,0,4,0,0,1,5,224,3,3,1,89,2018,Round 12,2018-06-10,9616
Brisbane Lions,Dayne Beams,6,8,8,57.1,0,0,0,0,0,0,3,5,109,1,1,0,81,2018,Round 12,2018-06-10,9616
Brisbane Lions,Sam Mayes,2,11,11,84.6,0,2,0,0,1,0,0,2,245,1,1,0,74,2018,Round 12,2018-06-10,9616
Brisbane Lions,Ben Keays,8,6,8,66.7,0,0,0,0,0,0,0,0,39,2,2,2,69,2018,Round 12,2018-06-10,9616
Brisbane Lions,Hugh Mccluggage,6,7,5,41.7,0,0,1,0,0,0,3,4,236,1,1,2,78,2018,Round 12,2018-06-10,9616
Brisbane Lions,Daniel Mcstay,3,6,4,44.4,2,0,3,0,0,0,0,3,192,4,0,0,88,2018,Round 12,2018-06-10,9616
Brisbane Lions,Oscar Mcinerney,4,3,5,71.4,2,1,1,2,0,0,0,3,54,2,0,1,70,2018,Round 12,2018-06-10,9616
Brisbane Lions,Eric Hipwood,2,3,4,80.0,0,0,1,1,0,0,0,3,135,0,1,0,84,2018,Round 12,2018-06-10,9616
Essendon,Zachary Merrett,8,21,21,72.4,0,0,0,3,0,0,1,7,374,7,5,2,79,2018,Round 12,2018-06-10,9616
Essendon,David Myers,11,19,19,67.9,0,0,1,4,0,4,0,6,273,5,3,1,81,2018,Round 12,2018-06-10,9616
Essendon,Adam Saad,10,14,19,79.2,0,0,0,3,5,0,0,3,446,4,8,0,86,2018,Round 12,2018-06-10,9616
Essendon,Mason Redman,7,17,17,70.8,0,0,0,2,0,1,0,4,432,5,6,0,80,2018,Round 12,2018-06-10,9616
Essendon,Jake Stringer,9,13,15,68.2,2,0,2,1,0,2,2,8,397,7,1,2,91,2018,Round 12,2018-06-10,9616
Essendon,Andrew Mcgrath,6,15,19,86.4,0,0,0,0,2,0,4,4,400,3,2,0,89,2018,Round 12,2018-06-10,9616
Essendon,Brendon Goddard,3,18,17,85.0,0,0,0,2,0,0,1,4,147,2,4,0,89,2018,Round 12,2018-06-10,9616
Essendon,Cale Hooker,4,16,15,75.0,0,0,0,4,0,0,0,4,379,4,8,0,92,2018,Round 12,2018-06-10,9616
Essendon,Devon Smith,7,13,15,75.0,0,0,2,2,5,1,1,4,503,5,3,0,77,2018,Round 12,2018-06-10,9616
Essendon,Kyle Langford,7,11,14,77.8,0,0,0,2,0,0,1,6,132,3,5,2,81,2018,Round 12,2018-06-10,9616
Essendon,Michael Hurley,6,12,16,94.1,1,0,0,3,0,0,2,4,227,0,4,0,90,2018,Round 12,2018-06-10,9616
Essendon,Matt Guelfi,8,10,12,70.6,0,0,0,2,0,0,1,6,188,3,3,0,79,2018,Round 12,2018-06-10,9616
Essendon,Conor Mckenna,4,8,11,78.6,0,1,0,3,3,2,0,5,295,3,2,0,85,2018,Round 12,2018-06-10,9616
Essendon,Mitchell Brown 1,5,9,8,61.5,0,2,1,0,1,0,0,8,237,2,0,1,88,2018,Round 12,2018-06-10,9616
Essendon,Shaun Mckernan,6,6,7,58.3,0,0,1,4,1,1,1,4,178,3,0,2,96,2018,Round 12,2018-06-10,9616
Essendon,Joshua Green,8,5,9,75.0,0,0,0,0,0,0,1,5,34,3,4,2,80,2018,Round 12,2018-06-10,9616
Essendon,Orazio Fantasia,2,10,10,83.3,0,0,2,0,1,0,1,4,174,1,0,1,81,2018,Round 12,2018-06-10,9616
Essendon,Anthony Mcdonald Tipungwuti,6,7,10,83.3,0,0,0,3,1,0,1,4,115,1,2,1,84,2018,Round 12,2018-06-10,9616
Essendon,Matthew Dea,5,6,9,90.0,0,1,0,3,1,0,0,4,224,2,5,0,79,2018,Round 12,2018-06-10,9616
Essendon,Dyson Heppell,3,7,8,88.9,0,1,1,0,0,0,2,3,254,1,0,0,25,2018,Round 12,2018-06-10,9616
Essendon,Mark Baguley,1,9,8,88.9,0,3,0,0,0,0,0,5,239,2,1,1,85,2018,Round 12,2018-06-10,9616
Essendon,Tom Bellchambers,4,4,7,87.5,0,0,0,2,0,2,0,1,119,2,1,0,81,2018,Round 12,2018-06-10,9616
Fremantle,Lachie Neale,14,18,27,84.4,1,1,0,3,0,2,4,6,323,2,2,0,75,2018,Round 12,2018-06-10,9617
Fremantle,Connor Blakely,11,19,20,66.7,1,0,0,2,0,1,5,5,313,7,2,0,71,2018,Round 12,2018-06-10,9617
Fremantle,Adam Cerra,12,21,21,70.0,2,1,0,3,0,1,1,5,400,5,8,0,81,2018,Round 12,2018-06-10,9617
Fremantle,Ed Langdon,5,19,17,68.0,0,0,2,0,0,0,2,5,582,4,3,0,81,2018,Round 12,2018-06-10,9617
Fremantle,Luke Ryan,6,14,20,87.0,1,0,0,2,0,0,1,1,386,6,9,0,88,2018,Round 12,2018-06-10,9617
Fremantle,David Mundy,13,10,16,72.7,0,0,0,2,0,1,6,6,243,1,2,0,83,2018,Round 12,2018-06-10,9617
Fremantle,Nathan Wilson,7,16,16,72.7,1,0,0,8,0,0,0,4,550,5,7,0,84,2018,Round 12,2018-06-10,9617
Fremantle,Ryan Nyhuis,6,15,15,71.4,1,0,0,1,0,0,0,0,340,4,7,0,78,2018,Round 12,2018-06-10,9617
Fremantle,Thomas Sheridan,1,19,15,75.0,0,0,2,2,0,0,0,5,146,2,1,0,81,2018,Round 12,2018-06-10,9617
Fremantle,Joel Hamling,10,13,17,85.0,2,0,0,15,0,0,0,2,291,3,9,0,94,2018,Round 12,2018-06-10,9617
Fremantle,Andrew Brayshaw,8,14,13,65.0,0,0,0,3,0,0,2,4,79,4,5,1,74,2018,Round 12,2018-06-10,9617
Fremantle,Brennan Cox,11,9,13,68.4,2,0,4,2,0,0,0,7,280,4,1,4,95,2018,Round 12,2018-06-10,9617
Fremantle,Shane Kersten,7,10,13,72.2,0,0,0,5,0,0,0,3,245,7,10,0,88,2018,Round 12,2018-06-10,9617
Fremantle,Stefan Giro,4,14,16,88.9,0,0,0,1,0,1,0,4,134,2,0,0,68,2018,Round 12,2018-06-10,9617
Fremantle,Michael Walters,6,11,11,64.7,1,5,0,0,2,0,1,7,350,4,0,1,95,2018,Round 12,2018-06-10,9617
Fremantle,Brandon Matera,8,9,11,64.7,0,1,0,0,3,3,0,4,292,4,3,0,85,2018,Round 12,2018-06-10,9617
Fremantle,Alex Pearce,3,14,11,64.7,1,0,0,3,0,0,0,1,275,4,4,0,87,2018,Round 12,2018-06-10,9617
Fremantle,Bailey Banfield,4,13,10,62.5,1,0,0,1,1,0,1,4,318,4,1,1,86,2018,Round 12,2018-06-10,9617
Fremantle,Darcy Tucker,5,9,13,86.7,0,0,1,0,0,0,0,3,77,1,3,0,66,2018,Round 12,2018-06-10,9617
Fremantle,Hayden Ballantyne,3,7,3,30.0,0,0,3,1,0,1,0,5,184,4,2,0,61,2018,Round 12,2018-06-10,9617
Fremantle,Michael Apeness,4,6,9,90.0,1,0,0,2,0,0,1,5,73,2,1,1,87,2018,Round 12,2018-06-10,9617
Fremantle,Scott Jones,3,3,3,60.0,0,0,0,3,0,0,1,1,53,3,2,0,83,2018,Round 12,2018-06-10,9617
Adelaide,Bryce Gibbs,13,14,16,57.1,0,1,0,0,0,1,3,6,332,8,6,0,80,2018,Round 12,2018-06-10,9617
Adelaide,Matt Crouch,6,19,18,72.0,0,1,0,0,4,1,2,6,404,5,1,0,81,2018,Round 12,2018-06-10,9617
Adelaide,Paul Seedsman,8,17,18,75.0,2,0,0,1,1,0,1,4,448,5,6,0,84,2018,Round 12,2018-06-10,9617
Adelaide,Sam Gibson,8,16,17,73.9,0,0,0,0,1,0,2,4,369,4,5,0,84,2018,Round 12,2018-06-10,9617
Adelaide,Wayne Milera,7,14,14,63.6,1,0,0,1,0,0,3,1,325,3,4,0,89,2018,Round 12,2018-06-10,9617
Adelaide,Richard Douglas,10,10,12,60.0,0,0,0,1,0,3,1,5,405,6,4,0,74,2018,Round 12,2018-06-10,9617
Adelaide,Myles Poholke,9,9,13,72.2,1,1,1,1,1,0,3,7,364,3,2,0,77,2018,Round 12,2018-06-10,9617
Adelaide,Tom Doedee,5,13,14,82.4,2,0,0,3,0,0,0,2,317,3,5,0,83,2018,Round 12,2018-06-10,9617
Adelaide,David Mackay,4,11,8,50.0,0,1,0,2,1,0,2,6,221,4,3,1,84,2018,Round 12,2018-06-10,9617
Adelaide,Daniel Talia,11,7,10,62.5,1,0,0,10,0,0,0,1,286,8,12,0,95,2018,Round 12,2018-06-10,9617
Adelaide,Josh Jenkins,3,12,11,68.8,0,2,2,2,0,0,0,5,165,2,2,1,88,2018,Round 12,2018-06-10,9617
Adelaide,Luke Brown,6,10,11,68.8,2,0,0,2,0,0,0,2,281,5,7,0,61,2018,Round 12,2018-06-10,9617
Adelaide,Edward Betts,8,7,7,46.7,0,0,1,1,1,0,2,10,374,1,1,2,83,2018,Round 12,2018-06-10,9617
Adelaide,Jake Kelly,7,9,13,86.7,0,0,0,6,0,0,0,3,186,3,8,0,89,2018,Round 12,2018-06-10,9617
Adelaide,Rory Atkins,7,8,11,78.6,0,0,0,2,1,0,3,0,156,4,4,0,85,2018,Round 12,2018-06-10,9617
Adelaide,Hugh Greenwood,12,3,11,78.6,1,0,1,0,0,1,1,4,103,5,3,0,75,2018,Round 12,2018-06-10,9617
Adelaide,Lachlan Murphy,5,7,7,58.3,0,0,0,1,2,0,0,1,213,5,2,2,71,2018,Round 12,2018-06-10,9617
Adelaide,Taylor Walker,4,7,7,63.6,0,1,2,2,0,0,0,7,246,2,1,0,81,2018,Round 12,2018-06-10,9617
Adelaide,Cameron Ellis Yolmen,7,5,9,81.8,0,0,0,3,1,1,3,0,143,1,2,1,72,2018,Round 12,2018-06-10,9617
Adelaide,Kyle Hartigan,2,9,10,90.9,1,0,0,7,0,0,0,1,165,1,4,0,85,2018,Round 12,2018-06-10,9617
Adelaide,Sam Jacobs,4,4,6,75.0,1,0,0,2,0,1,0,2,101,2,2,0,88,2018,Round 12,2018-06-10,9617
Adelaide,Darcy Fogarty,4,4,4,50.0,0,1,0,2,0,0,0,5,216,2,0,2,87,2018,Round 12,2018-06-10,9617
Melbourne,Jordan Lewis,8,21,29,87.9,0,0,0,1,0,0,0,3,580,5,13,0,94,2018,Round 12,2018-06-11,9618
Melbourne,Clayton Oliver,15,18,23,74.2,0,0,0,2,0,3,3,4,613,6,3,0,80,2018,Round 12,2018-06-11,9618
Melbourne,Nathan Jones,10,16,20,76.9,0,0,0,1,0,1,2,5,174,2,1,0,83,2018,Round 12,2018-06-11,9618
Melbourne,Jack Viney,11,12,14,60.9,0,1,0,2,0,1,3,8,309,2,1,0,78,2018,Round 12,2018-06-11,9618
Melbourne,Alex Neal Bullen,9,13,12,63.2,0,2,1,0,0,1,1,7,223,4,1,2,82,2018,Round 12,2018-06-11,9618
Melbourne,Bayley Fritsch,6,12,16,84.2,1,1,2,1,0,0,0,7,454,2,5,0,72,2018,Round 12,2018-06-11,9618
Melbourne,Max Gawn,12,5,10,58.8,2,0,1,2,0,0,2,2,76,1,2,0,88,2018,Round 12,2018-06-11,9618
Melbourne,Jesse Hogan,8,11,10,58.8,0,1,1,3,0,0,0,6,131,3,1,1,91,2018,Round 12,2018-06-11,9618
Melbourne,Tom Mcdonald,10,6,13,81.2,4,2,5,3,0,0,1,8,107,1,0,1,93,2018,Round 12,2018-06-11,9618
Melbourne,Michael Hibberd,4,12,10,62.5,0,0,0,3,0,0,0,1,332,6,4,0,84,2018,Round 12,2018-06-11,9618
Melbourne,Christian Salem,7,8,12,75.0,0,0,0,1,0,1,0,3,370,3,4,0,80,2018,Round 12,2018-06-11,9618
Melbourne,Angus Brayshaw,3,13,15,93.8,0,1,0,2,0,1,0,5,408,3,2,0,82,2018,Round 12,2018-06-11,9618
Melbourne,Joel Smith 1,6,11,12,75.0,2,0,0,8,0,0,0,1,175,6,9,0,90,2018,Round 12,2018-06-11,9618
Melbourne,James Harmes,4,12,12,80.0,0,0,0,0,0,0,0,4,216,2,1,0,69,2018,Round 12,2018-06-11,9618
Melbourne,Christian Petracca,7,10,12,80.0,0,1,0,1,0,0,3,7,349,2,2,0,77,2018,Round 12,2018-06-11,9618
Melbourne,Bernie Vince,3,10,11,78.6,0,0,0,1,1,0,0,2,184,4,4,0,92,2018,Round 12,2018-06-11,9618
Melbourne,Jake Melksham,5,9,9,75.0,0,1,2,1,0,0,1,6,312,4,0,1,80,2018,Round 12,2018-06-11,9618
Melbourne,Charlie Spargo,3,9,8,66.7,0,0,0,1,1,1,0,6,175,1,1,3,76,2018,Round 12,2018-06-11,9618
Melbourne,Cameron Pedersen,7,4,7,63.6,2,0,0,4,0,1,0,4,164,5,2,0,90,2018,Round 12,2018-06-11,9618
Melbourne,Neville Jetta,7,4,9,90.0,0,0,0,7,0,0,0,2,159,1,7,0,80,2018,Round 12,2018-06-11,9618
Melbourne,Oscar Mcdonald,3,4,8,88.9,0,0,0,3,0,0,0,1,130,1,5,0,68,2018,Round 12,2018-06-11,9618
Melbourne,Mitchell Hannan,0,7,5,62.5,0,1,0,1,0,0,0,3,152,2,0,0,71,2018,Round 12,2018-06-11,9618
Collingwood,Steele Sidebottom,14,15,21,65.6,1,3,2,2,3,3,2,14,425,6,3,3,86,2018,Round 12,2018-06-11,9618
Collingwood,Adam Treloar,7,25,25,78.1,0,3,1,1,0,2,5,11,390,4,2,1,79,2018,Round 12,2018-06-11,9618
Collingwood,Jordan De Goey,13,17,18,60.0,0,3,0,1,4,2,2,10,651,5,4,0,81,2018,Round 12,2018-06-11,9618
Collingwood,Taylor Adams,12,14,20,74.1,0,3,0,3,2,4,4,9,368,6,3,0,72,2018,Round 12,2018-06-11,9618
Collingwood,Scott Pendlebury,8,14,16,69.6,0,0,0,2,2,3,0,9,352,3,2,0,88,2018,Round 12,2018-06-11,9618
Collingwood,Jack Crisp,8,16,19,82.6,1,0,0,4,4,1,2,9,378,3,7,0,93,2018,Round 12,2018-06-11,9618
Collingwood,Tom Langdon,5,14,17,85.0,2,0,0,0,0,0,1,7,199,4,8,0,84,2018,Round 12,2018-06-11,9618
Collingwood,Christopher Mayne,5,13,15,78.9,0,0,0,4,0,0,5,8,283,2,0,3,87,2018,Round 12,2018-06-11,9618
Collingwood,Tom Phillips,5,14,12,63.2,0,2,0,0,0,0,2,6,415,4,1,0,86,2018,Round 12,2018-06-11,9618
Collingwood,Jeremy Howe,8,9,12,70.6,2,0,0,2,0,0,0,4,261,4,9,1,83,2018,Round 12,2018-06-11,9618
Collingwood,Mason Cox,9,7,12,75.0,3,0,5,2,0,0,1,8,305,1,0,0,86,2018,Round 12,2018-06-11,9618
Collingwood,Brayden Maynard,6,8,13,81.2,0,2,0,2,1,1,0,6,289,2,6,0,92,2018,Round 12,2018-06-11,9618
Collingwood,Josh Daicos,4,11,12,75.0,0,1,1,0,0,1,0,3,315,4,2,0,79,2018,Round 12,2018-06-11,9618
Collingwood,Josh Thomas,5,11,10,66.7,0,0,1,0,0,0,0,8,341,2,0,0,72,2018,Round 12,2018-06-11,9618
Collingwood,Brodie Grundy,11,4,10,76.9,1,1,0,1,0,1,3,3,48,0,1,0,88,2018,Round 12,2018-06-11,9618
Collingwood,Matthew Scharenberg,4,10,10,76.9,1,0,0,5,0,0,0,3,51,3,6,0,91,2018,Round 12,2018-06-11,9618
Collingwood,Jaidyn Stephenson,5,10,6,50.0,0,0,4,1,1,0,0,9,271,3,4,4,85,2018,Round 12,2018-06-11,9618
Collingwood,Lynden Dunn,5,5,9,81.8,0,0,0,9,0,0,0,2,198,3,5,0,81,2018,Round 12,2018-06-11,9618
Collingwood,Will Hoskin Elliott,1,10,9,81.8,0,1,4,2,0,0,0,5,231,2,2,0,84,2018,Round 12,2018-06-11,9618
Collingwood,Brody Mihocek,3,7,5,55.6,1,1,1,0,0,0,0,4,286,5,1,0,82,2018,Round 12,2018-06-11,9618
Collingwood,Daniel Wells,3,6,6,75.0,0,0,0,0,0,0,0,3,136,1,0,0,44,2018,Round 12,2018-06-11,9618
Collingwood,Levi Greenwood,0,6,6,100.0,0,0,0,4,0,0,0,3,89,1,0,0,77,2018,Round 12,2018-06-11,9618
Port Adelaide,Oliver Wines,13,24,28,80.0,1,2,0,2,0,2,4,11,494,3,4,1,75,2018,Round 13,2018-06-14,9619
Port Adelaide,Chad Wingard,10,20,16,53.3,0,3,0,2,0,3,3,8,777,5,1,0,82,2018,Round 13,2018-06-14,9619
Port Adelaide,Robert Gray,14,14,21,75.0,1,0,2,0,0,3,3,13,297,7,2,0,95,2018,Round 13,2018-06-14,9619
Port Adelaide,Tom Rockliff,10,14,18,72.0,1,0,2,1,0,1,6,8,523,4,1,2,72,2018,Round 13,2018-06-14,9619
Port Adelaide,Sam Powell Pepper,19,9,15,62.5,1,2,0,7,0,2,5,7,235,8,6,1,76,2018,Round 13,2018-06-14,9619
Port Adelaide,Steven Motlop,8,17,22,95.7,0,0,0,2,1,0,3,10,452,2,2,1,76,2018,Round 13,2018-06-14,9619
Port Adelaide,Bradley Ebert,7,15,18,81.8,0,1,0,2,0,1,1,3,119,1,7,1,78,2018,Round 13,2018-06-14,9619
Port Adelaide,Dan Houston,4,15,16,80.0,1,2,0,1,0,0,0,8,354,4,7,0,79,2018,Round 13,2018-06-14,9619
Port Adelaide,Travis Boak,8,12,9,47.4,1,2,2,1,0,1,0,7,248,6,0,2,79,2018,Round 13,2018-06-14,9619
Port Adelaide,Justin Westhoff,10,9,14,73.7,2,1,5,4,0,0,3,8,345,5,5,2,90,2018,Round 13,2018-06-14,9619
Port Adelaide,Jared Polec,2,14,13,68.4,0,0,0,2,0,0,1,5,437,1,3,0,90,2018,Round 13,2018-06-14,9619
Port Adelaide,Sam Gray,12,5,10,58.8,1,0,2,1,0,0,1,5,144,7,4,2,81,2018,Round 13,2018-06-14,9619
Port Adelaide,Patrick Ryder,9,7,12,85.7,2,0,2,4,0,3,2,10,84,0,0,0,81,2018,Round 13,2018-06-14,9619
Port Adelaide,Lindsay Thomas,6,9,10,71.4,1,0,1,5,0,0,0,6,234,3,0,3,75,2018,Round 13,2018-06-14,9619
Port Adelaide,Riley Bonner,5,10,13,92.9,0,0,0,2,0,0,1,1,244,5,7,0,88,2018,Round 13,2018-06-14,9619
Port Adelaide,Jasper Mcmillan Pittard,3,8,7,63.6,0,0,0,2,1,0,0,3,298,4,4,0,81,2018,Round 13,2018-06-14,9619
Port Adelaide,Charlie Dixon,8,3,9,81.8,1,1,1,2,0,0,0,8,126,0,1,0,97,2018,Round 13,2018-06-14,9619
Port Adelaide,Darcy Byrne Jones,3,8,8,80.0,0,1,0,0,0,0,0,4,224,3,4,1,79,2018,Round 13,2018-06-14,9619
Port Adelaide,Dougal Howard,1,9,9,90.0,1,0,0,13,0,0,0,0,31,0,2,0,91,2018,Round 13,2018-06-14,9619
Port Adelaide,Tom Clurey,4,4,6,75.0,0,0,0,5,0,0,0,1,115,1,4,0,93,2018,Round 13,2018-06-14,9619
Port Adelaide,Todd Marshall,5,4,4,50.0,1,0,1,1,0,0,0,5,132,1,0,0,63,2018,Round 13,2018-06-14,9619
Port Adelaide,Jack Hombsch,1,4,4,80.0,0,0,0,6,0,0,0,0,100,0,2,0,79,2018,Round 13,2018-06-14,9619
Western Bulldogs,Luke Dahlhaus,16,8,17,70.8,0,0,0,0,0,4,1,8,142,0,3,0,84,2018,Round 13,2018-06-14,9619
Western Bulldogs,Marcus Bontempelli,16,8,16,69.6,0,0,0,3,0,4,6,10,464,5,0,0,93,2018,Round 13,2018-06-14,9619
Western Bulldogs,Hayden Crozier,5,14,12,57.1,2,0,0,5,0,0,0,3,488,4,7,0,80,2018,Round 13,2018-06-14,9619
Western Bulldogs,Bailey Williams,7,12,14,66.7,1,1,0,3,0,0,0,3,486,9,9,0,87,2018,Round 13,2018-06-14,9619
Western Bulldogs,Lachlan Hunter,7,11,12,66.7,0,0,0,3,1,0,2,2,247,6,4,1,89,2018,Round 13,2018-06-14,9619
Western Bulldogs,Toby Mclean,6,10,9,60.0,0,1,1,0,0,1,0,5,210,3,1,0,73,2018,Round 13,2018-06-14,9619
Western Bulldogs,Josh Schache,6,8,7,46.7,1,0,1,0,0,1,0,4,322,4,3,0,86,2018,Round 13,2018-06-14,9619
Western Bulldogs,Ed Richards,9,5,10,66.7,0,1,0,3,2,0,2,5,249,0,1,1,84,2018,Round 13,2018-06-14,9619
Western Bulldogs,Jackson Trengove,4,9,11,78.6,1,0,0,4,0,0,0,1,163,2,7,0,100,2018,Round 13,2018-06-14,9619
Western Bulldogs,Zaine Cordy,8,6,10,71.4,2,0,0,8,0,0,0,2,111,1,8,0,98,2018,Round 13,2018-06-14,9619
Western Bulldogs,Mitchell Wallis,10,3,9,69.2,2,0,2,0,0,0,2,5,76,2,1,1,82,2018,Round 13,2018-06-14,9619
Western Bulldogs,Jason Johannisen,3,10,10,76.9,0,1,0,3,0,0,0,3,290,2,3,0,87,2018,Round 13,2018-06-14,9619
Western Bulldogs,Roarke Smith,5,9,9,69.2,0,0,0,2,1,0,0,0,172,6,5,0,76,2018,Round 13,2018-06-14,9619
Western Bulldogs,Jackson Macrae,6,6,8,66.7,0,0,0,0,0,0,1,1,167,2,4,0,42,2018,Round 13,2018-06-14,9619
Western Bulldogs,Mitch Honeychurch,4,9,4,36.4,1,0,1,2,0,0,0,3,271,6,2,0,90,2018,Round 13,2018-06-14,9619
Western Bulldogs,Billy Gowers,5,6,7,63.6,1,0,1,2,0,0,0,4,249,3,2,1,87,2018,Round 13,2018-06-14,9619
Western Bulldogs,Shane Biggs,3,8,4,40.0,0,0,0,1,0,0,1,2,160,3,1,2,88,2018,Round 13,2018-06-14,9619
Western Bulldogs,Lukas Webb,5,4,5,50.0,0,1,1,0,0,1,2,1,207,2,2,1,81,2018,Round 13,2018-06-14,9619
Western Bulldogs,Easton Wood,3,5,7,77.8,0,0,0,3,0,0,0,1,189,2,4,0,37,2018,Round 13,2018-06-14,9619
Western Bulldogs,Thomas Boyd,6,4,6,66.7,0,0,0,3,0,1,1,0,162,1,1,0,88,2018,Round 13,2018-06-14,9619
Western Bulldogs,Patrick Lipinski,6,3,7,77.8,1,1,1,1,0,1,1,4,111,1,0,0,87,2018,Round 13,2018-06-14,9619
Western Bulldogs,Caleb Daniel,3,1,4,80.0,1,0,0,1,1,0,0,0,102,2,3,0,81,2018,Round 13,2018-06-14,9619
Sydney,Oliver Florent,6,23,19,65.5,0,1,0,0,0,0,2,6,416,6,2,0,82,2018,Round 13,2018-06-15,9620
Sydney,Josh P  Kennedy,15,12,19,67.9,0,1,2,1,0,2,4,8,376,2,0,1,76,2018,Round 13,2018-06-15,9620
Sydney,Jake Lloyd,5,17,26,92.9,1,0,0,1,0,0,0,1,603,5,7,0,89,2018,Round 13,2018-06-15,9620
Sydney,Daniel Hannebery,12,12,14,58.3,0,0,0,1,0,0,3,3,54,2,6,1,87,2018,Round 13,2018-06-15,9620
Sydney,George Hewett,13,12,21,87.5,0,1,0,1,0,0,3,4,140,1,5,0,80,2018,Round 13,2018-06-15,9620
Sydney,Heath Grundy,8,15,21,91.3,3,0,0,6,0,0,1,3,459,2,9,0,94,2018,Round 13,2018-06-15,9620
Sydney,Isaac Heeney,8,16,16,72.7,0,0,1,1,0,0,0,2,324,5,4,4,85,2018,Round 13,2018-06-15,9620
Sydney,Nick Smith 1,4,16,19,95.0,2,0,0,4,0,0,0,1,287,2,5,0,94,2018,Round 13,2018-06-15,9620
Sydney,Zak Jones,5,15,16,80.0,0,0,0,6,0,2,0,3,293,5,3,0,83,2018,Round 13,2018-06-15,9620
Sydney,Luke Parker,10,12,13,68.4,0,1,1,1,0,1,1,2,353,3,1,2,93,2018,Round 13,2018-06-15,9620
Sydney,Lance Franklin,12,7,10,55.6,3,1,3,3,1,1,0,8,439,8,0,1,94,2018,Round 13,2018-06-15,9620
Sydney,Aliir Aliir,5,13,15,83.3,3,1,0,1,0,0,0,3,206,1,8,0,81,2018,Round 13,2018-06-15,9620
Sydney,Kieran Jack,2,15,10,58.8,0,0,1,0,0,0,0,1,239,5,1,0,73,2018,Round 13,2018-06-15,9620
Sydney,Harry Cunningham,5,13,15,88.2,0,0,0,0,0,0,1,2,149,0,1,2,82,2018,Round 13,2018-06-15,9620
Sydney,Harrison Marsh,5,11,13,76.5,0,1,0,1,0,0,0,4,408,2,7,0,74,2018,Round 13,2018-06-15,9620
Sydney,Tom Mccartin,9,7,11,68.8,2,1,0,4,0,0,0,3,243,3,2,1,77,2018,Round 13,2018-06-15,9620
Sydney,Callum Sinclair,9,5,8,57.1,1,0,0,5,0,1,1,2,39,3,3,3,88,2018,Round 13,2018-06-15,9620
Sydney,Will Hayward,4,9,5,38.5,0,0,1,2,0,0,0,4,249,5,0,0,64,2018,Round 13,2018-06-15,9620
Sydney,Ben Ronke,7,6,7,53.8,1,0,1,0,2,0,1,2,301,5,3,1,64,2018,Round 13,2018-06-15,9620
Sydney,Dane Rampe,6,5,10,90.9,0,0,0,8,0,0,0,0,226,3,8,0,90,2018,Round 13,2018-06-15,9620
Sydney,Gary Rohan,7,3,8,80.0,0,0,0,1,0,0,0,4,272,5,3,0,80,2018,Round 13,2018-06-15,9620
Sydney,Tom Papley,5,4,7,77.8,0,1,1,0,0,0,0,4,146,2,2,0,71,2018,Round 13,2018-06-15,9620
West Coast,Elliot Yeo,13,17,19,65.5,1,2,0,3,0,1,2,8,734,12,7,0,86,2018,Round 13,2018-06-15,9620
West Coast,Jack Redden,13,16,20,71.4,0,0,0,0,1,3,5,2,224,7,4,0,80,2018,Round 13,2018-06-15,9620
West Coast,Andrew Gaff,8,16,18,75.0,0,0,0,0,0,1,5,5,321,3,1,0,87,2018,Round 13,2018-06-15,9620
West Coast,Chris Masten,7,16,18,78.3,0,0,0,0,0,0,0,3,393,4,8,0,89,2018,Round 13,2018-06-15,9620
West Coast,Mark Lecras,9,12,11,57.9,0,0,0,0,1,1,0,6,221,5,2,0,86,2018,Round 13,2018-06-15,9620
West Coast,Liam Duggan,6,11,18,94.7,0,0,0,3,0,0,1,3,316,3,8,0,85,2018,Round 13,2018-06-15,9620
West Coast,Jackson Nelson,6,10,11,68.8,0,0,0,5,0,0,2,1,402,5,4,0,84,2018,Round 13,2018-06-15,9620
West Coast,Nicholas Naitanui,12,3,8,53.3,1,0,0,3,1,2,2,6,288,3,1,0,64,2018,Round 13,2018-06-15,9620
West Coast,Shannon Hurn,4,11,12,85.7,1,0,0,4,1,0,0,1,225,4,7,0,89,2018,Round 13,2018-06-15,9620
West Coast,Luke Shuey,9,5,12,85.7,0,1,0,0,0,3,4,6,172,1,1,2,74,2018,Round 13,2018-06-15,9620
West Coast,Bradley Sheppard,4,9,9,64.3,0,0,0,5,0,0,0,1,320,4,5,0,89,2018,Round 13,2018-06-15,9620
West Coast,Jamie Cripps,5,8,7,50.0,0,0,0,1,0,0,0,5,88,2,1,1,88,2018,Round 13,2018-06-15,9620
West Coast,Lewis Jetta,1,12,10,76.9,0,0,0,1,0,0,0,3,409,6,1,0,84,2018,Round 13,2018-06-15,9620
West Coast,Scott Lycett,6,6,10,76.9,0,0,0,6,0,0,0,6,277,2,3,0,83,2018,Round 13,2018-06-15,9620
West Coast,Jeremy Mcgovern,9,5,11,84.6,2,0,0,9,0,0,1,2,182,2,9,0,87,2018,Round 13,2018-06-15,9620
West Coast,Tom Cole,6,7,11,91.7,0,1,0,4,0,0,0,2,0,1,8,0,81,2018,Round 13,2018-06-15,9620
West Coast,Liam Ryan,7,4,4,33.3,3,0,1,1,1,0,0,5,224,6,1,0,74,2018,Round 13,2018-06-15,9620
West Coast,Dominic Sheed,7,5,8,72.7,0,0,0,2,0,0,1,2,48,1,1,1,76,2018,Round 13,2018-06-15,9620
West Coast,Jake Waterman,3,7,7,70.0,1,0,1,0,0,0,0,3,135,1,1,1,78,2018,Round 13,2018-06-15,9620
West Coast,Joshua Kennedy,9,1,4,50.0,3,0,3,1,0,0,1,4,167,3,0,1,82,2018,Round 13,2018-06-15,9620
West Coast,Willie Rioli,5,2,4,57.1,0,0,0,1,0,1,0,2,107,4,2,0,85,2018,Round 13,2018-06-15,9620
West Coast,Jarrod Brander,1,4,3,60.0,0,0,0,3,0,0,0,1,93,1,1,1,69,2018,Round 13,2018-06-15,9620
Carlton,Patrick Cripps,16,22,29,76.3,0,0,1,1,1,1,5,6,148,3,3,0,91,2018,Round 13,2018-06-16,9621
Carlton,Kade Simpson,8,24,29,90.6,1,0,0,2,1,1,0,6,404,3,9,0,91,2018,Round 13,2018-06-16,9621
Carlton,Edward Curnow,11,16,18,69.2,0,1,1,3,0,1,4,5,173,7,3,0,90,2018,Round 13,2018-06-16,9621
Carlton,Jacob Weitering,5,18,19,86.4,0,0,0,4,0,0,0,3,177,3,5,0,81,2018,Round 13,2018-06-16,9621
Carlton,Dale Thomas,2,18,17,85.0,0,0,0,1,0,0,1,7,146,1,4,0,83,2018,Round 13,2018-06-16,9621
Carlton,Jed Lamb,4,13,12,63.2,0,0,0,1,0,0,0,3,365,8,3,1,79,2018,Round 13,2018-06-16,9621
Carlton,Zac Fisher,3,14,16,84.2,0,0,1,0,1,2,1,3,302,2,1,1,86,2018,Round 13,2018-06-16,9621
Carlton,Sam Kerridge,3,17,14,77.8,0,0,1,2,0,0,2,4,260,3,0,0,78,2018,Round 13,2018-06-16,9621
Carlton,Lachlan Plowman,4,12,17,94.4,0,0,0,3,0,0,1,7,96,0,4,0,91,2018,Round 13,2018-06-16,9621
Carlton,Nicholas Graham,5,12,9,52.9,0,0,1,0,1,1,0,4,237,4,1,1,72,2018,Round 13,2018-06-16,9621
Carlton,Lochie O Brien,4,14,12,70.6,0,1,0,1,1,0,2,5,370,3,0,0,72,2018,Round 13,2018-06-16,9621
Carlton,Matthew Kreuzer,6,8,7,43.8,0,0,0,1,0,1,3,5,264,2,0,0,83,2018,Round 13,2018-06-16,9621
Carlton,Sam Petrevski Seton,8,9,10,66.7,0,0,0,3,0,0,1,3,130,3,1,1,75,2018,Round 13,2018-06-16,9621
Carlton,Paddy Dow,5,11,10,66.7,1,0,0,1,2,0,1,4,175,4,1,0,76,2018,Round 13,2018-06-16,9621
Carlton,Matthew Wright,4,9,13,92.9,1,0,3,0,0,0,1,6,233,0,0,2,81,2018,Round 13,2018-06-16,9621
Carlton,Jack Silvagni,7,6,9,69.2,0,1,0,4,0,0,2,2,223,3,4,0,77,2018,Round 13,2018-06-16,9621
Carlton,Sam Rowe,6,7,10,83.3,0,0,0,5,0,0,0,1,100,3,7,0,95,2018,Round 13,2018-06-16,9621
Carlton,Darcy Lang,5,8,9,75.0,0,0,0,2,0,0,1,2,189,1,2,0,74,2018,Round 13,2018-06-16,9621
Carlton,Charlie Curnow,5,9,7,58.3,0,0,2,2,0,0,0,2,190,3,0,1,87,2018,Round 13,2018-06-16,9621
Carlton,Liam Jones,4,6,7,70.0,2,0,0,7,0,0,0,2,82,2,7,0,92,2018,Round 13,2018-06-16,9621
Carlton,Pat Kerr,1,9,6,60.0,0,1,2,0,0,0,0,4,221,2,0,0,69,2018,Round 13,2018-06-16,9621
Carlton,Levi Casboult,5,4,5,55.6,1,0,1,1,0,0,0,5,119,1,0,0,77,2018,Round 13,2018-06-16,9621
Fremantle,Lachie Neale,14,19,29,87.9,0,0,2,0,0,1,6,9,364,2,4,0,81,2018,Round 13,2018-06-16,9621
Fremantle,Nathan Fyfe,12,18,27,90.0,2,2,1,1,1,2,1,12,344,0,5,1,84,2018,Round 13,2018-06-16,9621
Fremantle,Connor Blakely,9,17,22,81.5,0,1,0,2,0,3,5,10,394,4,2,0,75,2018,Round 13,2018-06-16,9621
Fremantle,David Mundy,5,15,14,70.0,0,0,2,0,0,1,1,9,250,5,1,2,87,2018,Round 13,2018-06-16,9621
Fremantle,Andrew Brayshaw,7,13,13,65.0,0,0,1,3,0,1,2,8,352,7,3,1,69,2018,Round 13,2018-06-16,9621
Fremantle,Ed Langdon,4,16,13,72.2,0,0,1,0,0,0,1,5,262,4,2,0,86,2018,Round 13,2018-06-16,9621
Fremantle,Brandon Matera,5,13,11,64.7,0,1,1,1,0,1,1,8,330,4,2,0,82,2018,Round 13,2018-06-16,9621
Fremantle,Stefan Giro,1,15,14,82.4,0,2,0,0,0,1,0,5,126,3,1,2,85,2018,Round 13,2018-06-16,9621
Fremantle,Stephen Hill,5,11,13,81.2,0,0,1,2,0,0,0,7,281,1,4,0,82,2018,Round 13,2018-06-16,9621
Fremantle,Thomas Sheridan,6,10,11,68.8,0,0,1,1,0,0,1,4,206,3,2,1,79,2018,Round 13,2018-06-16,9621
Fremantle,Nathan Wilson,6,10,10,62.5,1,1,0,4,0,0,0,5,427,2,3,0,83,2018,Round 13,2018-06-16,9621
Fremantle,Luke Ryan,3,11,12,80.0,0,0,1,2,0,0,0,5,268,2,4,0,87,2018,Round 13,2018-06-16,9621
Fremantle,Shane Kersten,6,11,11,78.6,1,0,0,6,0,0,0,4,388,4,6,0,87,2018,Round 13,2018-06-16,9621
Fremantle,Brennan Cox,8,6,9,64.3,3,1,2,2,0,0,0,6,185,2,1,0,79,2018,Round 13,2018-06-16,9621
Fremantle,Adam Cerra,5,10,9,64.3,1,0,2,0,0,0,0,6,259,0,4,0,88,2018,Round 13,2018-06-16,9621
Fremantle,Aaron Sandilands,6,6,11,84.6,1,0,1,1,0,2,0,5,50,0,0,0,83,2018,Round 13,2018-06-16,9621
Fremantle,Joel Hamling,5,6,12,100.0,2,0,0,4,0,0,0,1,199,2,9,0,93,2018,Round 13,2018-06-16,9621
Fremantle,Bailey Banfield,3,10,6,54.5,0,0,0,1,0,1,0,4,129,2,3,0,77,2018,Round 13,2018-06-16,9621
Fremantle,Hayden Ballantyne,3,8,6,60.0,0,0,1,0,0,0,0,4,108,3,1,2,80,2018,Round 13,2018-06-16,9621
Fremantle,Michael Apeness,7,3,9,90.0,3,2,3,3,0,0,1,6,45,2,0,1,81,2018,Round 13,2018-06-16,9621
Fremantle,Darcy Tucker,3,7,9,90.0,0,0,1,0,0,0,0,4,228,2,3,1,72,2018,Round 13,2018-06-16,9621
Fremantle,Ryan Nyhuis,1,7,5,62.5,0,0,0,3,0,0,0,2,155,1,1,0,80,2018,Round 13,2018-06-16,9621
Gold Coast,Jarryd Lyons,14,8,14,60.9,0,0,0,2,0,1,6,5,347,6,6,1,70,2018,Round 13,2018-06-16,9622
Gold Coast,Jarrod Harbrow,5,14,17,77.3,1,0,0,5,1,0,0,4,464,6,5,0,91,2018,Round 13,2018-06-16,9622
Gold Coast,David Swallow,10,12,15,71.4,0,0,0,0,0,0,1,5,259,5,9,3,81,2018,Round 13,2018-06-16,9622
Gold Coast,Lachlan Weller,5,15,14,73.7,0,1,1,2,1,1,0,6,556,3,4,0,79,2018,Round 13,2018-06-16,9622
Gold Coast,Thomas Lynch,7,10,10,62.5,1,0,4,2,0,0,0,7,256,5,3,1,94,2018,Round 13,2018-06-16,9622
Gold Coast,Jack Martin,9,7,10,62.5,1,0,0,4,0,1,0,4,198,1,1,4,92,2018,Round 13,2018-06-16,9622
Gold Coast,Jack Bowes,6,11,12,75.0,1,1,1,1,0,0,1,4,316,3,1,0,55,2018,Round 13,2018-06-16,9622
Gold Coast,Charlie Ballard,4,11,10,62.5,0,0,0,3,0,0,0,4,139,2,9,0,83,2018,Round 13,2018-06-16,9622
Gold Coast,Ben Ainsworth,4,11,11,73.3,0,0,0,0,1,0,3,5,244,2,1,0,81,2018,Round 13,2018-06-16,9622
Gold Coast,Nicholas Holman,9,6,11,78.6,0,0,0,1,0,0,2,5,197,2,0,2,85,2018,Round 13,2018-06-16,9622
Gold Coast,Callum Ah Chee,4,10,11,84.6,0,2,0,1,0,0,1,5,269,2,1,0,78,2018,Round 13,2018-06-16,9622
Gold Coast,Jesse Joyce,4,8,11,84.6,0,0,0,2,0,0,0,3,190,0,5,0,74,2018,Round 13,2018-06-16,9622
Gold Coast,Jack Leslie,8,7,9,75.0,1,0,0,9,0,0,0,1,274,7,10,0,97,2018,Round 13,2018-06-16,9622
Gold Coast,Sean Lemmens,5,7,9,75.0,0,1,0,1,0,0,1,4,274,3,0,0,71,2018,Round 13,2018-06-16,9622
Gold Coast,Touk Miller,6,7,10,83.3,0,0,0,3,0,0,0,5,160,1,4,0,80,2018,Round 13,2018-06-16,9622
Gold Coast,Aaron Young,3,8,4,36.4,0,0,1,3,0,0,0,4,268,2,0,2,79,2018,Round 13,2018-06-16,9622
Gold Coast,Joshua Schoenfeld,7,5,9,81.8,0,1,0,1,0,1,0,3,141,0,4,1,87,2018,Round 13,2018-06-16,9622
Gold Coast,Jarrod Witts,4,5,6,66.7,1,0,0,2,0,1,2,4,180,1,0,1,83,2018,Round 13,2018-06-16,9622
Gold Coast,Alex Sexton,3,7,6,66.7,0,0,1,0,2,0,0,6,339,0,0,1,85,2018,Round 13,2018-06-16,9622
Gold Coast,Michael Rischitelli,2,3,5,83.3,0,0,0,4,0,0,0,0,56,1,4,0,77,2018,Round 13,2018-06-16,9622
Gold Coast,Sam Day,5,1,4,66.7,2,0,1,2,0,0,0,1,47,0,1,0,82,2018,Round 13,2018-06-16,9622
Gold Coast,Rory Thompson,1,2,2,66.7,0,0,0,5,0,0,0,1,45,0,1,0,96,2018,Round 13,2018-06-16,9622
St Kilda,Sebastian Ross,14,19,24,72.7,0,0,0,0,1,1,9,4,414,10,2,1,85,2018,Round 13,2018-06-16,9622
St Kilda,Jack Steven,16,11,19,67.9,1,0,0,1,0,9,3,7,507,9,2,2,82,2018,Round 13,2018-06-16,9622
St Kilda,Jack Billings,7,20,18,66.7,1,1,0,1,0,0,2,7,486,4,1,0,95,2018,Round 13,2018-06-16,9622
St Kilda,David Armitage,10,16,16,64.0,1,0,2,1,0,2,4,10,511,5,1,1,83,2018,Round 13,2018-06-16,9622
St Kilda,Jack Sinclair,10,15,15,60.0,0,1,0,0,1,0,6,4,312,3,1,0,78,2018,Round 13,2018-06-16,9622
St Kilda,Jake Carlisle,9,13,20,87.0,3,0,0,6,1,0,0,6,228,2,9,2,96,2018,Round 13,2018-06-16,9622
St Kilda,Jade Gresham,11,12,14,60.9,0,2,1,2,1,2,2,11,367,5,1,1,87,2018,Round 13,2018-06-16,9622
St Kilda,Jack Steele,7,15,15,71.4,0,1,0,1,0,1,1,9,454,2,2,1,83,2018,Round 13,2018-06-16,9622
St Kilda,Hunter Clark,4,14,14,82.4,0,0,0,4,0,0,0,4,93,3,5,1,78,2018,Round 13,2018-06-16,9622
St Kilda,Shane Savage,7,9,14,93.3,0,1,0,0,1,0,1,4,260,3,5,0,90,2018,Round 13,2018-06-16,9622
St Kilda,Maverick Weller,6,11,11,73.3,1,0,2,1,0,0,2,5,230,2,0,2,96,2018,Round 13,2018-06-16,9622
St Kilda,Jack Newnes,3,12,8,53.3,1,0,0,2,0,0,0,8,318,5,5,0,94,2018,Round 13,2018-06-16,9622
St Kilda,Luke Dunstan,11,5,10,66.7,0,0,1,0,0,2,2,5,247,2,1,2,78,2018,Round 13,2018-06-16,9622
St Kilda,Daniel Mckenzie,7,8,12,92.3,1,0,0,1,0,0,1,7,142,2,6,1,80,2018,Round 13,2018-06-16,9622
St Kilda,Josh Battle,6,7,8,66.7,1,0,1,2,0,0,0,5,143,3,1,1,86,2018,Round 13,2018-06-16,9622
St Kilda,Logan Austin,5,8,8,72.7,0,0,0,3,0,1,0,2,192,2,3,0,90,2018,Round 13,2018-06-16,9622
St Kilda,Tim Membrey,3,6,9,90.0,3,0,2,1,0,0,0,4,235,2,1,2,93,2018,Round 13,2018-06-16,9622
St Kilda,Paddy Mccartin,7,3,8,80.0,1,1,0,0,0,0,0,3,234,4,1,2,84,2018,Round 13,2018-06-16,9622
St Kilda,Bailey Rice,3,6,3,37.5,0,0,0,2,1,0,0,0,135,0,3,0,53,2018,Round 13,2018-06-16,9622
St Kilda,Billy Longer,3,3,5,83.3,0,1,0,6,0,0,2,5,70,1,0,0,92,2018,Round 13,2018-06-16,9622
St Kilda,Nathan Brown,2,5,5,100.0,0,0,0,9,0,0,0,3,41,0,2,0,94,2018,Round 13,2018-06-16,9622
St Kilda,Jimmy Webster,1,2,2,66.7,0,0,0,1,0,0,0,0,-4,0,1,0,5,2018,Round 13,2018-06-16,9622
Hawthorn,Tom Mitchell,16,23,32,80.0,0,0,0,1,2,1,8,7,412,5,7,0,84,2018,Round 13,2018-06-16,9623
Hawthorn,Jaeger O Meara,13,18,23,76.7,0,0,0,1,0,2,8,8,309,5,3,1,85,2018,Round 13,2018-06-16,9623
Hawthorn,Jack Gunston,6,22,22,81.5,0,0,0,5,0,0,1,2,462,3,2,0,94,2018,Round 13,2018-06-16,9623
Hawthorn,Daniel Howe,12,14,18,69.2,0,1,0,4,0,3,1,5,159,5,5,0,85,2018,Round 13,2018-06-16,9623
Hawthorn,Shaun Burgoyne,13,12,18,75.0,0,0,2,2,0,2,3,10,243,0,4,0,83,2018,Round 13,2018-06-16,9623
Hawthorn,James Sicily,3,20,21,87.5,0,0,1,11,0,0,0,7,496,6,4,0,83,2018,Round 13,2018-06-16,9623
Hawthorn,Luke Breust,15,8,15,65.2,1,0,1,1,0,0,2,8,251,6,3,3,80,2018,Round 13,2018-06-16,9623
Hawthorn,Jarman Impey,2,21,17,73.9,0,0,0,1,0,0,1,4,395,5,2,0,78,2018,Round 13,2018-06-16,9623
Hawthorn,Isaac Smith,8,15,18,81.8,0,1,0,2,1,0,1,8,272,3,2,0,82,2018,Round 13,2018-06-16,9623
Hawthorn,Liam Shiels,5,14,17,85.0,0,1,1,1,2,0,2,3,199,3,4,0,76,2018,Round 13,2018-06-16,9623
Hawthorn,Blake Hardwick,1,15,14,82.4,1,0,1,8,0,0,0,4,182,1,2,0,86,2018,Round 13,2018-06-16,9623
Hawthorn,Ricky Henderson,5,10,10,62.5,0,0,0,1,0,0,4,3,233,2,1,1,75,2018,Round 13,2018-06-16,9623
Hawthorn,Ryan Burton,2,15,14,87.5,0,1,0,2,0,0,0,3,419,2,1,0,81,2018,Round 13,2018-06-16,9623
Hawthorn,Jarryd Roughead,9,7,9,60.0,1,1,3,1,0,0,2,7,134,2,2,0,88,2018,Round 13,2018-06-16,9623
Hawthorn,Harry Morrison,3,12,12,80.0,0,1,1,0,1,1,0,4,243,4,4,1,68,2018,Round 13,2018-06-16,9623
Hawthorn,Kaiden Brand,2,11,10,76.9,1,0,0,2,0,0,0,2,149,3,3,0,87,2018,Round 13,2018-06-16,9623
Hawthorn,Jonathon Ceglar,7,6,8,66.7,1,1,2,5,0,0,1,9,154,2,2,1,74,2018,Round 13,2018-06-16,9623
Hawthorn,Paul Puopolo,8,2,6,54.5,0,0,0,3,0,1,1,3,154,2,2,0,86,2018,Round 13,2018-06-16,9623
Hawthorn,William Langford,4,6,3,27.3,0,0,0,1,1,0,0,2,166,5,4,2,73,2018,Round 13,2018-06-16,9623
Hawthorn,Ben Mcevoy,6,4,9,90.0,0,0,0,6,0,1,2,5,39,0,2,1,84,2018,Round 13,2018-06-16,9623
Hawthorn,Benjamin Stratton,2,8,10,100.0,1,0,0,5,0,0,1,1,191,1,2,0,92,2018,Round 13,2018-06-16,9623
Hawthorn,Taylor Duryea,3,7,5,50.0,0,1,1,2,0,0,0,4,118,1,2,1,76,2018,Round 13,2018-06-16,9623
Adelaide,Matt Crouch,11,20,17,56.7,0,0,0,0,0,0,2,2,352,7,6,0,78,2018,Round 13,2018-06-16,9623
Adelaide,Bryce Gibbs,9,18,19,67.9,0,0,0,2,0,4,2,5,431,5,2,0,87,2018,Round 13,2018-06-16,9623
Adelaide,Sam Gibson,9,12,18,78.3,0,0,0,0,0,1,2,2,242,4,5,0,66,2018,Round 13,2018-06-16,9623
Adelaide,Jake Kelly,6,16,21,91.3,1,0,0,6,0,0,0,1,247,2,8,0,91,2018,Round 13,2018-06-16,9623
Adelaide,Daniel Talia,5,14,15,78.9,0,0,0,8,0,0,0,0,208,3,5,0,94,2018,Round 13,2018-06-16,9623
Adelaide,Andy Otten,2,16,15,83.3,0,0,0,2,0,0,0,0,206,4,4,0,83,2018,Round 13,2018-06-16,9623
Adelaide,Wayne Milera,6,11,12,70.6,0,0,0,1,0,0,1,1,296,3,5,0,86,2018,Round 13,2018-06-16,9623
Adelaide,David Mackay,3,9,14,87.5,0,0,1,3,3,0,1,2,340,2,5,0,81,2018,Round 13,2018-06-16,9623
Adelaide,Kyle Hartigan,2,15,13,81.2,0,0,0,1,0,0,0,1,141,2,4,0,89,2018,Round 13,2018-06-16,9623
Adelaide,Jordan Gallucci,4,12,13,81.2,0,0,0,1,0,0,1,4,298,1,1,0,82,2018,Round 13,2018-06-16,9623
Adelaide,Tom Doedee,4,10,8,57.1,0,0,0,5,0,0,0,2,195,7,6,1,90,2018,Round 13,2018-06-16,9623
Adelaide,Edward Betts,5,8,4,30.8,0,0,3,0,0,0,2,4,183,3,1,1,82,2018,Round 13,2018-06-16,9623
Adelaide,Richard Douglas,7,5,4,30.8,0,0,0,2,0,0,3,2,128,2,1,0,86,2018,Round 13,2018-06-16,9623
Adelaide,Sam Jacobs,9,5,9,69.2,1,0,1,3,0,2,2,6,281,4,1,1,74,2018,Round 13,2018-06-16,9623
Adelaide,Kyle Cheney,4,8,9,69.2,1,0,0,3,0,0,0,0,145,3,4,0,77,2018,Round 13,2018-06-16,9623
Adelaide,Paul Seedsman,4,8,9,75.0,0,0,0,1,0,0,0,0,306,2,2,0,76,2018,Round 13,2018-06-16,9623
Adelaide,Rory Atkins,5,8,10,83.3,0,0,0,0,0,0,0,1,130,3,4,0,82,2018,Round 13,2018-06-16,9623
Adelaide,Hugh Greenwood,8,5,8,66.7,0,1,0,1,0,0,3,3,82,0,1,3,72,2018,Round 13,2018-06-16,9623
Adelaide,Patrick Wilson,3,9,9,75.0,0,0,0,1,0,0,1,1,48,3,0,1,79,2018,Round 13,2018-06-16,9623
Adelaide,Josh Jenkins,6,4,8,72.7,0,0,0,3,0,0,0,3,59,1,0,1,89,2018,Round 13,2018-06-16,9623
Adelaide,Taylor Walker,8,3,4,40.0,1,0,1,1,0,0,0,1,187,1,0,0,81,2018,Round 13,2018-06-16,9623
Adelaide,Myles Poholke,3,5,6,75.0,2,0,0,0,0,0,0,1,65,1,1,0,75,2018,Round 13,2018-06-16,9623
Geelong,Joel Selwood,12,19,17,58.6,0,0,1,5,0,3,2,4,523,6,6,2,83,2018,Round 13,2018-06-17,9624
Geelong,Gary Jnr Ablett,12,11,15,60.0,0,0,0,2,0,4,3,4,510,8,1,2,83,2018,Round 13,2018-06-17,9624
Geelong,Thomas Stewart,8,12,19,79.2,1,0,0,6,0,0,1,3,523,5,9,0,80,2018,Round 13,2018-06-17,9624
Geelong,Mitchell Duncan,13,9,16,72.7,0,1,0,1,0,0,6,6,356,4,7,0,87,2018,Round 13,2018-06-17,9624
Geelong,Zach Tuohy,4,17,13,61.9,0,2,0,1,0,1,2,2,407,4,3,0,96,2018,Round 13,2018-06-17,9624
Geelong,Sam Menegola,9,12,14,66.7,0,0,0,2,0,0,2,3,404,4,2,2,68,2018,Round 13,2018-06-17,9624
Geelong,Tim Kelly,14,8,15,71.4,0,0,0,2,0,4,3,4,179,3,2,1,84,2018,Round 13,2018-06-17,9624
Geelong,Patrick Dangerfield,14,9,14,70.0,0,1,0,1,0,2,2,4,258,3,6,1,86,2018,Round 13,2018-06-17,9624
Geelong,Jordan Cunico,7,13,15,78.9,0,0,0,2,1,0,2,3,516,2,3,2,81,2018,Round 13,2018-06-17,9624
Geelong,Mark Blicavs,7,8,16,88.9,1,0,0,14,0,0,0,4,301,3,10,0,98,2018,Round 13,2018-06-17,9624
Geelong,Rhys Stanley,8,8,13,81.2,1,1,1,7,0,3,1,2,200,2,1,0,90,2018,Round 13,2018-06-17,9624
Geelong,Jed Bews,3,11,8,57.1,0,0,0,1,0,0,0,1,386,7,5,1,88,2018,Round 13,2018-06-17,9624
Geelong,James Parsons,7,7,9,64.3,0,0,0,0,0,0,0,4,204,4,2,0,70,2018,Round 13,2018-06-17,9624
Geelong,Brandan Parfitt,4,10,9,69.2,0,0,1,1,0,0,0,2,119,4,2,1,80,2018,Round 13,2018-06-17,9624
Geelong,Tom Hawkins,5,5,6,54.5,1,0,3,2,0,0,0,4,175,5,1,2,87,2018,Round 13,2018-06-17,9624
Geelong,Jordan Murdoch,3,6,5,55.6,0,0,0,1,0,0,1,1,139,3,1,1,83,2018,Round 13,2018-06-17,9624
Geelong,Jake Kolodjashnij,5,4,6,66.7,0,0,0,4,0,0,0,1,73,2,7,0,88,2018,Round 13,2018-06-17,9624
Geelong,Lachlan Fogarty,3,6,4,44.4,0,0,1,1,0,0,1,1,157,5,0,1,85,2018,Round 13,2018-06-17,9624
Geelong,Lincoln Mccarthy,5,3,4,50.0,0,1,0,3,0,0,0,3,183,3,0,0,60,2018,Round 13,2018-06-17,9624
Geelong,Cory Gregson,4,5,6,75.0,0,0,1,1,0,0,1,4,135,2,1,0,67,2018,Round 13,2018-06-17,9624
Geelong,Jack Henry,3,5,2,28.6,0,0,0,4,0,0,0,0,134,2,3,0,90,2018,Round 13,2018-06-17,9624
Geelong,Zach Guthrie,4,3,4,57.1,0,0,0,1,0,0,0,1,80,2,4,1,67,2018,Round 13,2018-06-17,9624
Richmond,Kane Lambert,8,14,20,83.3,0,0,0,1,0,0,1,10,405,3,2,0,86,2018,Round 13,2018-06-17,9624
Richmond,Dustin Martin,9,11,14,63.6,0,0,0,1,0,1,4,5,463,9,1,2,90,2018,Round 13,2018-06-17,9624
Richmond,Reece Conca,8,12,12,54.5,1,0,0,1,0,1,2,4,329,7,4,1,75,2018,Round 13,2018-06-17,9624
Richmond,Shane Edwards,13,8,15,71.4,0,1,1,1,0,1,6,7,425,2,4,0,79,2018,Round 13,2018-06-17,9624
Richmond,Nick Vlastuin,8,14,15,71.4,1,0,0,3,0,0,1,3,481,6,11,0,79,2018,Round 13,2018-06-17,9624
Richmond,Shaun Grigg,9,13,14,70.0,0,1,0,1,0,0,2,6,611,4,2,0,83,2018,Round 13,2018-06-17,9624
Richmond,Trent Cotchin,9,8,9,50.0,1,0,0,1,0,2,2,4,282,6,2,0,83,2018,Round 13,2018-06-17,9624
Richmond,Alex Rance,4,12,14,82.4,0,0,0,8,0,0,0,0,345,5,10,0,100,2018,Round 13,2018-06-17,9624
Richmond,Brandon Ellis,3,13,14,82.4,1,0,1,2,1,0,0,3,309,1,6,0,75,2018,Round 13,2018-06-17,9624
Richmond,Jayden Short,5,11,13,76.5,0,0,0,1,2,0,0,3,524,2,5,0,77,2018,Round 13,2018-06-17,9624
Richmond,Nathan Broad,5,8,10,62.5,1,0,0,2,0,0,0,2,248,6,8,0,83,2018,Round 13,2018-06-17,9624
Richmond,Jack Higgins,7,10,9,56.2,1,0,1,0,0,2,0,2,212,3,3,0,67,2018,Round 13,2018-06-17,9624
Richmond,Dylan Grimes,9,4,10,66.7,2,0,0,3,0,0,1,3,143,1,10,0,90,2018,Round 13,2018-06-17,9624
Richmond,Josh Caddy,8,6,9,64.3,1,0,0,2,0,0,2,4,233,2,0,1,91,2018,Round 13,2018-06-17,9624
Richmond,Daniel Butler,7,7,6,42.9,0,1,0,0,0,0,0,6,198,1,3,2,73,2018,Round 13,2018-06-17,9624
Richmond,Jack Riewoldt,8,6,8,61.5,1,0,1,3,0,0,0,4,240,5,0,2,96,2018,Round 13,2018-06-17,9624
Richmond,Daniel Rioli,6,5,9,75.0,0,0,1,0,0,0,1,5,263,2,2,2,79,2018,Round 13,2018-06-17,9624
Richmond,Toby Nankervis,6,5,7,63.6,0,0,0,6,0,0,2,4,119,2,2,2,83,2018,Round 13,2018-06-17,9624
Richmond,Jack Graham,8,3,8,72.7,0,0,0,2,0,0,2,1,55,2,3,4,74,2018,Round 13,2018-06-17,9624
Richmond,Kamdyn Mcintosh,3,6,5,55.6,0,0,0,1,0,0,0,1,155,3,3,1,58,2018,Round 13,2018-06-17,9624
Richmond,Ryan Garthwaite,4,6,9,100.0,0,0,0,9,1,0,1,1,235,3,3,0,96,2018,Round 13,2018-06-17,9624
Richmond,Jason Castagna,4,3,6,75.0,2,1,2,0,0,0,0,5,71,0,0,2,84,2018,Round 13,2018-06-17,9624
West Coast,Andrew Gaff,8,23,27,84.4,0,0,0,0,1,0,2,6,388,5,4,1,90,2018,Round 14,2018-06-21,9625
West Coast,Jack Redden,12,15,22,84.6,0,0,1,1,1,1,3,2,527,4,3,0,85,2018,Round 14,2018-06-21,9625
West Coast,Shannon Hurn,4,15,22,91.7,2,0,0,5,0,0,0,4,332,4,9,0,89,2018,Round 14,2018-06-21,9625
West Coast,Elliot Yeo,13,14,14,63.6,0,0,0,2,0,3,2,6,232,5,3,3,88,2018,Round 14,2018-06-21,9625
West Coast,Lewis Jetta,6,14,18,94.7,0,2,0,1,0,0,1,6,379,4,6,0,86,2018,Round 14,2018-06-21,9625
West Coast,Luke Shuey,9,10,12,66.7,0,0,0,1,0,1,6,4,268,4,1,1,79,2018,Round 14,2018-06-21,9625
West Coast,Chris Masten,4,13,14,82.4,0,0,0,0,0,1,0,4,341,3,2,0,80,2018,Round 14,2018-06-21,9625
West Coast,Liam Duggan,3,14,13,76.5,0,0,0,6,0,0,0,0,387,4,5,0,86,2018,Round 14,2018-06-21,9625
West Coast,Bradley Sheppard,6,10,14,87.5,0,0,0,3,0,0,0,1,361,5,8,0,90,2018,Round 14,2018-06-21,9625
West Coast,Jamie Cripps,6,11,11,68.8,0,0,1,0,1,1,1,5,266,2,3,2,84,2018,Round 14,2018-06-21,9625
West Coast,Scott Lycett,10,4,7,50.0,0,0,0,2,0,1,2,4,102,6,4,1,81,2018,Round 14,2018-06-21,9625
West Coast,Tom Cole,6,8,11,84.6,0,1,0,2,0,0,0,4,190,3,7,0,82,2018,Round 14,2018-06-21,9625
West Coast,Jeremy Mcgovern,8,5,11,91.7,2,0,0,7,0,0,0,2,338,2,5,0,84,2018,Round 14,2018-06-21,9625
West Coast,Mark Lecras,4,7,6,54.5,0,1,2,0,0,0,0,6,252,4,2,0,85,2018,Round 14,2018-06-21,9625
West Coast,Mark Hutchings,2,8,5,50.0,0,0,0,0,0,1,0,0,91,2,1,0,78,2018,Round 14,2018-06-21,9625
West Coast,Nicholas Naitanui,10,0,4,44.4,0,0,0,5,0,0,5,4,147,2,0,1,65,2018,Round 14,2018-06-21,9625
West Coast,Willie Rioli,3,6,8,88.9,0,0,0,0,0,0,0,3,156,1,1,1,75,2018,Round 14,2018-06-21,9625
West Coast,Fraser Mcinnes,4,3,3,37.5,2,0,1,3,0,0,0,4,279,2,1,0,70,2018,Round 14,2018-06-21,9625
West Coast,Will Schofield,1,6,4,57.1,0,0,0,11,0,0,1,1,144,3,2,0,90,2018,Round 14,2018-06-21,9625
West Coast,Liam Ryan,2,3,4,57.1,1,1,2,1,0,0,0,4,126,2,0,0,74,2018,Round 14,2018-06-21,9625
West Coast,Jackson Nelson,2,4,4,66.7,0,0,1,0,0,0,0,3,100,1,0,0,82,2018,Round 14,2018-06-21,9625
West Coast,Jake Waterman,4,2,5,83.3,1,0,1,1,0,0,0,2,14,0,1,1,78,2018,Round 14,2018-06-21,9625
Essendon,Zachary Merrett,11,16,22,73.3,0,1,0,1,0,2,2,4,311,2,2,1,75,2018,Round 14,2018-06-21,9625
Essendon,Dyson Heppell,10,17,22,81.5,1,0,0,2,1,2,4,7,396,4,2,0,87,2018,Round 14,2018-06-21,9625
Essendon,Brendon Goddard,7,20,23,88.5,0,0,0,1,0,0,1,3,334,1,9,0,86,2018,Round 14,2018-06-21,9625
Essendon,Adam Saad,7,18,23,88.5,0,0,0,1,6,0,0,5,388,4,6,0,86,2018,Round 14,2018-06-21,9625
Essendon,Kyle Langford,9,16,18,75.0,0,0,1,0,0,2,3,5,315,5,3,0,73,2018,Round 14,2018-06-21,9625
Essendon,Andrew Mcgrath,7,16,18,75.0,0,0,0,1,0,1,1,0,214,3,2,0,85,2018,Round 14,2018-06-21,9625
Essendon,Devon Smith,10,13,17,73.9,0,1,1,0,0,0,6,6,353,2,3,0,84,2018,Round 14,2018-06-21,9625
Essendon,Michael Hurley,3,19,18,81.8,0,0,0,4,0,0,1,3,320,3,5,0,91,2018,Round 14,2018-06-21,9625
Essendon,Cale Hooker,9,11,17,85.0,3,0,0,8,0,0,1,0,350,4,8,0,98,2018,Round 14,2018-06-21,9625
Essendon,David Myers,12,8,10,52.6,0,0,0,0,0,2,2,0,153,3,1,0,72,2018,Round 14,2018-06-21,9625
Essendon,Mason Redman,7,10,12,70.6,1,0,0,3,0,0,0,0,111,4,8,0,71,2018,Round 14,2018-06-21,9625
Essendon,Anthony Mcdonald Tipungwuti,8,7,15,93.8,0,0,0,0,2,0,4,5,249,4,4,1,84,2018,Round 14,2018-06-21,9625
Essendon,Matthew Dea,3,12,13,86.7,1,0,0,0,0,0,0,0,192,1,4,0,86,2018,Round 14,2018-06-21,9625
Essendon,Conor Mckenna,3,12,12,80.0,0,1,0,3,4,0,0,1,447,5,3,0,82,2018,Round 14,2018-06-21,9625
Essendon,Orazio Fantasia,7,7,10,71.4,1,2,1,1,1,1,1,6,299,1,2,0,79,2018,Round 14,2018-06-21,9625
Essendon,Tom Bellchambers,5,8,10,76.9,3,0,2,4,0,0,1,4,208,2,3,0,75,2018,Round 14,2018-06-21,9625
Essendon,Mark Baguley,5,9,9,69.2,1,0,1,0,0,0,0,4,231,2,2,1,83,2018,Round 14,2018-06-21,9625
Essendon,Matt Guelfi,6,8,8,61.5,0,1,0,0,0,0,1,3,247,3,1,0,75,2018,Round 14,2018-06-21,9625
Essendon,Mitchell Brown 1,3,9,9,75.0,1,0,3,1,0,0,0,3,224,5,0,0,94,2018,Round 14,2018-06-21,9625
Essendon,Jake Stringer,5,6,8,72.7,1,1,3,0,0,1,0,6,188,1,0,1,83,2018,Round 14,2018-06-21,9625
Essendon,Shaun Mckernan,4,5,6,75.0,0,0,0,4,0,0,0,2,113,3,0,1,84,2018,Round 14,2018-06-21,9625
Essendon,Joshua Green,2,3,3,75.0,0,1,0,0,0,0,1,3,64,4,0,1,67,2018,Round 14,2018-06-21,9625
Port Adelaide,Oliver Wines,18,9,15,51.7,3,0,1,0,0,2,6,7,410,7,2,1,80,2018,Round 14,2018-06-22,9626
Port Adelaide,Jared Polec,7,18,18,78.3,0,1,0,2,1,0,1,5,492,3,3,0,88,2018,Round 14,2018-06-22,9626
Port Adelaide,Tom Rockliff,9,12,12,60.0,0,0,0,1,0,1,3,3,359,5,2,0,59,2018,Round 14,2018-06-22,9626
Port Adelaide,Jasper Mcmillan Pittard,6,10,12,60.0,0,0,0,6,0,0,0,1,402,9,7,0,84,2018,Round 14,2018-06-22,9626
Port Adelaide,Thomas Jonas,8,12,16,80.0,1,0,0,12,0,0,1,3,259,3,10,0,97,2018,Round 14,2018-06-22,9626
Port Adelaide,Chad Wingard,11,9,13,68.4,0,0,1,2,1,0,4,4,389,4,1,1,83,2018,Round 14,2018-06-22,9626
Port Adelaide,Bradley Ebert,7,9,8,44.4,0,1,1,3,0,0,2,4,410,4,4,1,73,2018,Round 14,2018-06-22,9626
Port Adelaide,Travis Boak,5,12,13,76.5,1,1,1,2,0,0,0,5,237,4,1,4,88,2018,Round 14,2018-06-22,9626
Port Adelaide,Riley Bonner,5,12,15,93.8,0,0,0,0,0,0,1,2,259,3,5,0,77,2018,Round 14,2018-06-22,9626
Port Adelaide,Robert Gray,10,7,12,80.0,0,0,0,4,0,0,3,8,151,3,4,0,96,2018,Round 14,2018-06-22,9626
Port Adelaide,Steven Motlop,3,12,11,73.3,0,2,0,0,3,0,1,4,386,4,2,0,74,2018,Round 14,2018-06-22,9626
Port Adelaide,Dan Houston,7,6,9,60.0,0,0,0,0,0,1,0,5,411,3,5,0,82,2018,Round 14,2018-06-22,9626
Port Adelaide,Sam Powell Pepper,7,10,13,86.7,0,0,0,1,0,2,1,1,68,3,1,3,82,2018,Round 14,2018-06-22,9626
Port Adelaide,Justin Westhoff,7,6,6,50.0,3,0,2,5,0,0,2,5,331,2,2,2,92,2018,Round 14,2018-06-22,9626
Port Adelaide,Sam Gray,6,7,9,75.0,0,0,0,2,0,0,0,4,142,2,1,1,74,2018,Round 14,2018-06-22,9626
Port Adelaide,Lindsay Thomas,5,7,4,36.4,0,1,2,3,0,0,0,6,256,6,1,1,75,2018,Round 14,2018-06-22,9626
Port Adelaide,Dougal Howard,6,6,6,54.5,1,0,0,14,0,0,0,1,207,4,8,0,88,2018,Round 14,2018-06-22,9626
Port Adelaide,Patrick Ryder,9,1,5,50.0,3,0,1,5,0,1,3,4,152,1,2,0,80,2018,Round 14,2018-06-22,9626
Port Adelaide,Tom Clurey,2,7,9,90.0,0,0,0,7,0,0,0,1,48,0,5,0,92,2018,Round 14,2018-06-22,9626
Port Adelaide,Darcy Byrne Jones,5,5,6,60.0,0,0,0,2,0,0,2,1,135,3,3,0,80,2018,Round 14,2018-06-22,9626
Port Adelaide,Charlie Dixon,10,0,7,77.8,3,1,1,3,0,0,1,3,114,1,2,3,95,2018,Round 14,2018-06-22,9626
Port Adelaide,Todd Marshall,5,5,4,44.4,0,0,0,1,0,0,0,4,161,1,1,2,62,2018,Round 14,2018-06-22,9626
Melbourne,Jack Viney,20,12,21,67.7,0,0,0,1,0,5,9,2,472,3,3,0,80,2018,Round 14,2018-06-22,9626
Melbourne,Nathan Jones,11,16,18,64.3,0,0,0,0,0,2,3,5,542,9,5,1,81,2018,Round 14,2018-06-22,9626
Melbourne,Angus Brayshaw,15,14,15,53.6,1,0,0,2,0,1,6,2,355,7,2,3,82,2018,Round 14,2018-06-22,9626
Melbourne,Clayton Oliver,17,10,21,75.0,1,0,0,2,0,2,6,6,400,4,3,1,85,2018,Round 14,2018-06-22,9626
Melbourne,Jordan Lewis,14,7,14,66.7,2,0,0,2,0,0,2,5,296,7,12,0,93,2018,Round 14,2018-06-22,9626
Melbourne,Michael Hibberd,12,7,14,66.7,2,0,0,3,0,0,0,4,505,4,12,0,83,2018,Round 14,2018-06-22,9626
Melbourne,James Harmes,11,8,13,65.0,2,0,0,0,0,0,3,2,299,4,4,1,76,2018,Round 14,2018-06-22,9626
Melbourne,Christian Petracca,8,7,12,70.6,0,0,0,0,0,0,2,3,296,5,2,2,92,2018,Round 14,2018-06-22,9626
Melbourne,Max Gawn,6,8,10,62.5,2,1,0,1,0,0,3,3,279,3,3,0,85,2018,Round 14,2018-06-22,9626
Melbourne,Dom Tyson,7,11,13,81.2,0,0,0,1,0,0,3,3,133,2,2,1,75,2018,Round 14,2018-06-22,9626
Melbourne,Bernie Vince,6,7,10,76.9,0,0,0,3,0,0,2,0,224,2,4,0,79,2018,Round 14,2018-06-22,9626
Melbourne,Tom Mcdonald,6,7,9,69.2,1,1,3,2,1,0,0,6,202,0,1,2,86,2018,Round 14,2018-06-22,9626
Melbourne,Christian Salem,3,8,10,76.9,0,0,0,1,0,0,0,1,194,0,2,0,78,2018,Round 14,2018-06-22,9626
Melbourne,Bayley Fritsch,6,8,11,84.6,1,0,0,3,0,0,2,2,358,2,2,0,73,2018,Round 14,2018-06-22,9626
Melbourne,Jake Melksham,3,9,9,75.0,1,3,0,1,0,0,1,5,373,6,0,4,84,2018,Round 14,2018-06-22,9626
Melbourne,Jesse Hogan,7,6,6,50.0,0,0,0,2,0,0,1,1,94,4,2,2,86,2018,Round 14,2018-06-22,9626
Melbourne,Alex Neal Bullen,3,8,5,41.7,0,0,1,0,0,0,0,4,113,0,0,1,75,2018,Round 14,2018-06-22,9626
Melbourne,Mitchell Hannan,3,7,5,45.5,0,0,2,0,0,0,0,7,292,1,2,2,85,2018,Round 14,2018-06-22,9626
Melbourne,Oscar Mcdonald,7,4,6,60.0,1,0,0,5,0,0,0,0,177,2,6,0,100,2018,Round 14,2018-06-22,9626
Melbourne,Neville Jetta,6,3,5,55.6,0,0,0,6,0,0,0,0,174,2,7,0,84,2018,Round 14,2018-06-22,9626
Melbourne,Tim Smith,6,2,5,71.4,0,0,1,4,0,0,1,4,130,1,2,3,57,2018,Round 14,2018-06-22,9626
Melbourne,Joel Smith 1,0,7,4,66.7,0,0,0,4,0,0,0,0,120,3,0,0,84,2018,Round 14,2018-06-22,9626
Hawthorn,Liam Shiels,10,24,20,60.6,1,1,0,1,0,0,3,8,566,8,7,1,84,2018,Round 14,2018-06-23,9627
Hawthorn,Tom Mitchell,10,22,25,80.6,0,1,0,0,5,0,3,8,397,5,2,0,85,2018,Round 14,2018-06-23,9627
Hawthorn,Jaeger O Meara,7,16,21,87.5,0,0,0,0,0,2,3,5,278,1,0,2,84,2018,Round 14,2018-06-23,9627
Hawthorn,James Sicily,10,14,19,82.6,0,0,0,5,0,0,0,6,523,3,10,0,92,2018,Round 14,2018-06-23,9627
Hawthorn,Luke Breust,11,11,11,52.4,2,0,5,0,0,2,0,10,426,5,1,2,87,2018,Round 14,2018-06-23,9627
Hawthorn,Daniel Howe,10,11,17,85.0,1,0,1,1,2,0,3,6,144,1,4,1,84,2018,Round 14,2018-06-23,9627
Hawthorn,Shaun Burgoyne,9,10,13,68.4,0,2,1,1,1,0,3,7,324,2,3,0,58,2018,Round 14,2018-06-23,9627
Hawthorn,Isaac Smith,1,18,15,78.9,0,0,0,2,1,0,1,7,311,2,1,0,82,2018,Round 14,2018-06-23,9627
Hawthorn,Jarman Impey,6,14,16,84.2,0,1,1,3,3,0,1,7,526,5,8,0,88,2018,Round 14,2018-06-23,9627
Hawthorn,Ryan Burton,4,16,13,68.4,0,0,1,2,2,0,0,4,348,5,3,0,80,2018,Round 14,2018-06-23,9627
Hawthorn,Ricky Henderson,3,15,13,72.2,0,1,1,0,1,0,2,7,444,2,1,0,78,2018,Round 14,2018-06-23,9627
Hawthorn,Taylor Duryea,7,9,10,66.7,1,1,2,1,0,0,1,7,234,4,2,2,75,2018,Round 14,2018-06-23,9627
Hawthorn,Blake Hardwick,6,8,14,93.3,0,0,0,5,0,0,0,6,102,0,5,0,85,2018,Round 14,2018-06-23,9627
Hawthorn,Paul Puopolo,7,6,10,71.4,0,2,0,2,0,1,1,5,203,6,2,1,84,2018,Round 14,2018-06-23,9627
Hawthorn,Jack Gunston,5,8,8,61.5,2,0,3,0,0,0,0,7,216,2,0,0,79,2018,Round 14,2018-06-23,9627
Hawthorn,William Langford,5,8,9,69.2,0,0,1,1,0,0,0,1,168,1,0,1,74,2018,Round 14,2018-06-23,9627
Hawthorn,Tim O Brien,4,9,8,61.5,2,0,4,0,0,0,0,5,230,2,1,1,74,2018,Round 14,2018-06-23,9627
Hawthorn,James Frawley,2,10,10,83.3,0,0,0,14,0,0,0,5,244,1,5,0,91,2018,Round 14,2018-06-23,9627
Hawthorn,Harry Morrison,5,7,8,72.7,1,0,0,1,0,1,0,4,227,2,4,0,75,2018,Round 14,2018-06-23,9627
Hawthorn,Jarryd Roughead,4,7,8,80.0,0,1,2,1,0,0,1,6,113,2,1,0,92,2018,Round 14,2018-06-23,9627
Hawthorn,Ben Mcevoy,7,3,7,77.8,2,0,0,3,0,1,0,5,76,0,3,1,76,2018,Round 14,2018-06-23,9627
Hawthorn,Benjamin Stratton,5,4,7,77.8,1,0,0,6,0,0,0,3,179,1,7,0,93,2018,Round 14,2018-06-23,9627
Gold Coast,Jarryd Lyons,22,7,16,55.2,0,0,0,1,0,5,5,5,388,7,4,0,76,2018,Round 14,2018-06-23,9627
Gold Coast,Jarrod Harbrow,7,12,21,91.3,0,0,0,2,3,0,0,2,448,3,8,0,81,2018,Round 14,2018-06-23,9627
Gold Coast,David Swallow,9,12,15,68.2,0,0,1,0,0,1,4,8,380,7,2,0,79,2018,Round 14,2018-06-23,9627
Gold Coast,Touk Miller,9,11,15,71.4,0,1,1,2,0,2,2,3,365,3,2,1,86,2018,Round 14,2018-06-23,9627
Gold Coast,Joshua Schoenfeld,4,16,13,65.0,0,0,1,0,0,0,0,6,285,5,2,0,77,2018,Round 14,2018-06-23,9627
Gold Coast,Aaron Young,3,14,12,70.6,0,0,1,0,0,0,2,5,223,3,1,1,87,2018,Round 14,2018-06-23,9627
Gold Coast,Michael Rischitelli,11,6,12,75.0,0,0,0,2,0,0,1,2,258,3,11,0,84,2018,Round 14,2018-06-23,9627
Gold Coast,Jack Martin,6,12,9,56.2,0,1,1,2,0,0,2,4,383,8,3,2,85,2018,Round 14,2018-06-23,9627
Gold Coast,Callum Ah Chee,2,13,8,53.3,0,0,1,0,0,0,0,4,404,3,1,2,84,2018,Round 14,2018-06-23,9627
Gold Coast,Alex Sexton,8,7,10,71.4,0,0,0,2,5,1,0,7,356,1,3,0,82,2018,Round 14,2018-06-23,9627
Gold Coast,Lachlan Weller,2,11,9,64.3,0,1,0,3,0,0,1,1,376,8,0,0,87,2018,Round 14,2018-06-23,9627
Gold Coast,Thomas Lynch,6,8,8,61.5,4,0,3,3,0,0,0,4,321,5,0,1,86,2018,Round 14,2018-06-23,9627
Gold Coast,Peter Wright,8,4,7,63.6,2,0,4,5,0,0,0,4,158,1,3,0,88,2018,Round 14,2018-06-23,9627
Gold Coast,Jesse Joyce,2,9,9,81.8,0,0,0,4,0,0,0,0,168,2,4,0,81,2018,Round 14,2018-06-23,9627
Gold Coast,Ben Ainsworth,4,6,8,72.7,0,0,1,1,0,1,1,3,142,1,1,0,74,2018,Round 14,2018-06-23,9627
Gold Coast,Jacob Dawson,8,5,8,72.7,0,0,0,2,0,1,1,1,62,2,3,0,66,2018,Round 14,2018-06-23,9627
Gold Coast,Sean Lemmens,2,8,5,50.0,0,0,1,0,0,0,0,6,193,1,1,1,77,2018,Round 14,2018-06-23,9627
Gold Coast,Charlie Ballard,4,5,8,80.0,0,0,0,1,0,0,1,1,198,3,5,0,88,2018,Round 14,2018-06-23,9627
Gold Coast,Jack Leslie,4,6,8,88.9,2,0,0,10,0,0,0,1,-11,0,5,0,89,2018,Round 14,2018-06-23,9627
Gold Coast,Nicholas Holman,7,3,6,66.7,0,0,0,0,0,0,1,2,52,2,0,1,80,2018,Round 14,2018-06-23,9627
Gold Coast,Sam Day,3,4,5,71.4,0,1,0,3,0,0,0,3,151,1,3,0,80,2018,Round 14,2018-06-23,9627
Gold Coast,Jarrod Witts,4,2,4,80.0,0,0,0,2,0,0,2,2,16,0,1,0,83,2018,Round 14,2018-06-23,9627
Brisbane Lions,Luke Hodge,7,23,28,93.3,2,0,0,8,0,1,0,8,511,3,7,0,88,2018,Round 14,2018-06-23,9628
Brisbane Lions,Daniel Rich,9,21,25,83.3,0,0,0,2,0,2,0,7,398,3,8,0,85,2018,Round 14,2018-06-23,9628
Brisbane Lions,Dayne Beams,7,21,21,77.8,0,0,2,0,0,1,3,7,513,5,1,0,88,2018,Round 14,2018-06-23,9628
Brisbane Lions,Hugh Mccluggage,9,19,17,63.0,0,2,1,3,0,0,3,3,345,7,4,1,79,2018,Round 14,2018-06-23,9628
Brisbane Lions,Ryan Lester,6,19,21,84.0,0,0,0,5,0,0,1,2,246,2,4,0,86,2018,Round 14,2018-06-23,9628
Brisbane Lions,Dayne Zorko,11,12,12,54.5,0,0,0,2,0,1,5,9,667,6,4,1,84,2018,Round 14,2018-06-23,9628
Brisbane Lions,Lewis Taylor,4,18,19,86.4,0,1,0,0,2,0,0,5,201,1,1,0,86,2018,Round 14,2018-06-23,9628
Brisbane Lions,Rhys Mathieson,6,16,19,86.4,0,0,0,0,0,1,2,1,79,3,1,0,78,2018,Round 14,2018-06-23,9628
Brisbane Lions,Tom Cutler,1,20,20,95.2,0,0,0,0,1,0,0,6,435,2,0,0,87,2018,Round 14,2018-06-23,9628
Brisbane Lions,Nicholas Robertson,2,17,15,78.9,1,0,0,5,0,0,0,4,329,1,2,0,86,2018,Round 14,2018-06-23,9628
Brisbane Lions,Alex Witherden,2,15,16,84.2,0,0,0,2,0,0,0,5,315,3,2,0,83,2018,Round 14,2018-06-23,9628
Brisbane Lions,Sam Mayes,3,14,15,83.3,0,1,0,2,0,0,2,4,198,2,2,1,71,2018,Round 14,2018-06-23,9628
Brisbane Lions,Allen Christensen,4,13,16,94.1,1,1,1,0,0,0,0,6,157,0,1,0,86,2018,Round 14,2018-06-23,9628
Brisbane Lions,Joshua Walker,6,11,15,88.2,1,0,0,11,0,0,0,4,199,2,9,0,91,2018,Round 14,2018-06-23,9628
Brisbane Lions,Stefan Martin,8,7,8,57.1,0,1,0,1,0,1,1,7,171,2,1,0,97,2018,Round 14,2018-06-23,9628
Brisbane Lions,Jarrod Berry,8,6,7,50.0,0,0,0,4,0,4,1,2,185,5,1,2,77,2018,Round 14,2018-06-23,9628
Brisbane Lions,Zac Bailey,2,10,10,83.3,0,1,0,0,0,0,1,4,121,0,0,0,84,2018,Round 14,2018-06-23,9628
Brisbane Lions,Darcy Gardiner,5,5,9,81.8,0,0,0,2,0,0,0,3,135,4,6,0,83,2018,Round 14,2018-06-23,9628
Brisbane Lions,Cameron Rayner,5,5,6,60.0,0,1,2,1,0,0,2,6,244,2,2,0,89,2018,Round 14,2018-06-23,9628
Brisbane Lions,Eric Hipwood,3,5,6,66.7,1,0,3,2,0,0,0,6,207,4,0,0,92,2018,Round 14,2018-06-23,9628
Brisbane Lions,Oscar Mcinerney,4,4,6,85.7,0,0,0,3,0,1,0,4,32,3,0,1,90,2018,Round 14,2018-06-23,9628
Brisbane Lions,Harris Andrews,3,3,3,60.0,0,0,0,1,0,0,0,1,79,1,3,0,11,2018,Round 14,2018-06-23,9628
Greater Western Sydney,Joshua Kelly,9,20,23,76.7,1,0,1,1,3,1,3,12,612,4,4,0,84,2018,Round 14,2018-06-23,9628
Greater Western Sydney,Stephen Coniglio,11,15,20,76.9,0,1,0,2,1,3,4,8,271,7,1,0,81,2018,Round 14,2018-06-23,9628
Greater Western Sydney,Dylan Shiel,7,19,19,73.1,0,2,0,2,0,2,2,6,503,12,2,1,78,2018,Round 14,2018-06-23,9628
Greater Western Sydney,Lachie Whitfield,4,22,22,84.6,0,0,0,3,2,0,1,11,477,2,3,0,88,2018,Round 14,2018-06-23,9628
Greater Western Sydney,Matthew Deboer,9,16,18,75.0,2,2,1,0,0,0,1,12,272,2,1,0,88,2018,Round 14,2018-06-23,9628
Greater Western Sydney,Heath Shaw,5,17,16,69.6,0,0,0,6,5,0,1,6,518,3,7,0,90,2018,Round 14,2018-06-23,9628
Greater Western Sydney,Callan Ward,10,11,19,90.5,0,0,0,0,2,3,1,8,330,2,4,1,81,2018,Round 14,2018-06-23,9628
Greater Western Sydney,Tim Taranto,11,9,10,55.6,0,0,1,3,0,1,4,7,247,2,3,0,83,2018,Round 14,2018-06-23,9628
Greater Western Sydney,Jacob Hopper,7,11,11,64.7,0,0,1,0,0,1,2,8,313,4,0,0,83,2018,Round 14,2018-06-23,9628
Greater Western Sydney,Phil Davis,6,8,13,86.7,1,0,0,6,0,0,0,3,125,2,6,0,97,2018,Round 14,2018-06-23,9628
Greater Western Sydney,Samuel Reid,8,10,9,60.0,0,1,1,3,1,0,0,5,163,4,3,0,85,2018,Round 14,2018-06-23,9628
Greater Western Sydney,Nick Haynes,1,14,11,78.6,1,0,0,4,2,0,0,4,324,2,3,0,85,2018,Round 14,2018-06-23,9628
Greater Western Sydney,Harrison Himmelberg,4,10,9,64.3,1,1,2,2,0,0,1,5,250,1,2,0,74,2018,Round 14,2018-06-23,9628
Greater Western Sydney,Ryan Griffen,3,10,7,53.8,0,1,1,0,0,0,0,4,223,6,0,0,76,2018,Round 14,2018-06-23,9628
Greater Western Sydney,Zac Giles Langdon,4,8,13,100.0,0,2,0,1,0,0,0,7,241,1,2,1,77,2018,Round 14,2018-06-23,9628
Greater Western Sydney,Dawson Simpson,8,4,10,90.9,1,0,0,3,0,2,2,5,114,1,2,1,66,2018,Round 14,2018-06-23,9628
Greater Western Sydney,Aidan Corr,5,7,8,72.7,1,0,0,2,0,0,0,3,97,0,5,0,79,2018,Round 14,2018-06-23,9628
Greater Western Sydney,Jonathon Patton,6,7,7,70.0,1,0,5,7,0,1,0,7,265,1,3,0,78,2018,Round 14,2018-06-23,9628
Greater Western Sydney,Adam Tomlinson,6,5,9,90.0,0,0,0,2,0,0,3,5,225,1,1,1,84,2018,Round 14,2018-06-23,9628
Greater Western Sydney,Jeremy Cameron,2,7,7,77.8,1,1,2,1,0,0,0,7,132,1,0,1,86,2018,Round 14,2018-06-23,9628
Greater Western Sydney,Jeremy Finlayson,3,6,6,75.0,1,0,0,3,0,0,0,4,169,0,3,0,73,2018,Round 14,2018-06-23,9628
Greater Western Sydney,Sam Taylor,6,2,7,87.5,0,0,0,6,0,0,0,1,38,0,7,0,84,2018,Round 14,2018-06-23,9628
Western Bulldogs,Hayden Crozier,10,19,25,83.3,1,0,0,6,0,0,0,5,748,7,12,0,84,2018,Round 14,2018-06-23,9629
Western Bulldogs,Lachlan Hunter,7,22,19,63.3,0,1,1,0,0,0,0,5,426,8,7,1,88,2018,Round 14,2018-06-23,9629
Western Bulldogs,Toby Mclean,10,17,22,84.6,0,0,0,2,2,3,4,5,189,4,2,0,86,2018,Round 14,2018-06-23,9629
Western Bulldogs,Mitchell Wallis,14,12,20,80.0,0,1,0,1,0,1,4,6,287,3,4,1,80,2018,Round 14,2018-06-23,9629
Western Bulldogs,Billy Gowers,6,15,14,63.6,2,1,2,1,3,1,1,9,572,8,4,2,84,2018,Round 14,2018-06-23,9629
Western Bulldogs,Jason Johannisen,5,13,14,70.0,0,0,0,0,4,0,0,4,464,5,5,0,88,2018,Round 14,2018-06-23,9629
Western Bulldogs,Marcus Bontempelli,7,15,16,80.0,0,1,0,3,0,2,1,3,396,5,1,1,89,2018,Round 14,2018-06-23,9629
Western Bulldogs,Marcus Adams,4,16,17,85.0,1,0,0,8,0,0,0,4,379,6,10,0,87,2018,Round 14,2018-06-23,9629
Western Bulldogs,Caleb Daniel,2,16,12,70.6,0,1,0,0,0,0,0,5,152,3,2,3,73,2018,Round 14,2018-06-23,9629
Western Bulldogs,Josh Schache,7,10,15,88.2,1,1,1,4,0,0,1,4,72,2,3,2,81,2018,Round 14,2018-06-23,9629
Western Bulldogs,Bailey Williams,8,9,9,56.2,1,0,1,1,0,0,2,4,294,4,3,1,84,2018,Round 14,2018-06-23,9629
Western Bulldogs,Patrick Lipinski,8,8,12,75.0,1,0,1,0,0,0,1,6,141,2,4,1,67,2018,Round 14,2018-06-23,9629
Western Bulldogs,Luke Dahlhaus,7,8,14,93.3,0,0,0,0,0,1,0,2,153,3,1,0,82,2018,Round 14,2018-06-23,9629
Western Bulldogs,Josh Dunkley,3,12,13,86.7,0,1,1,2,0,0,2,4,148,2,2,3,78,2018,Round 14,2018-06-23,9629
Western Bulldogs,Thomas Boyd,8,7,12,85.7,1,0,1,0,0,0,2,5,169,2,3,1,83,2018,Round 14,2018-06-23,9629
Western Bulldogs,Mitch Honeychurch,5,13,10,71.4,0,0,0,0,0,0,0,4,240,4,2,1,78,2018,Round 14,2018-06-23,9629
Western Bulldogs,Zaine Cordy,6,7,9,69.2,0,0,0,3,0,0,0,5,246,5,2,2,97,2018,Round 14,2018-06-23,9629
Western Bulldogs,Ed Richards,9,3,8,61.5,0,0,0,2,0,1,0,5,219,3,4,0,78,2018,Round 14,2018-06-23,9629
Western Bulldogs,Dale Morris,6,8,12,100.0,3,0,0,4,0,0,0,1,192,1,7,0,90,2018,Round 14,2018-06-23,9629
Western Bulldogs,Jackson Trengove,2,8,7,70.0,1,0,0,5,0,0,0,0,211,2,3,0,87,2018,Round 14,2018-06-23,9629
Western Bulldogs,Roarke Smith,3,7,8,80.0,0,0,0,0,0,0,0,2,103,2,3,0,64,2018,Round 14,2018-06-23,9629
Western Bulldogs,Aaron Naughton,7,4,7,70.0,1,0,2,0,0,0,0,4,214,1,1,1,73,2018,Round 14,2018-06-23,9629
North Melbourne,Shaun Higgins,17,17,23,71.9,1,0,0,1,0,5,3,8,438,7,2,1,89,2018,Round 14,2018-06-23,9629
North Melbourne,Ben Cunnington,22,9,22,73.3,2,1,0,1,0,5,3,3,215,3,4,0,81,2018,Round 14,2018-06-23,9629
North Melbourne,Trent Dumont,5,20,18,75.0,0,1,0,1,0,0,1,3,571,6,4,0,81,2018,Round 14,2018-06-23,9629
North Melbourne,Jed Anderson,9,11,11,52.4,0,0,0,1,0,2,3,3,262,5,2,1,78,2018,Round 14,2018-06-23,9629
North Melbourne,Todd Goldstein,9,12,17,85.0,3,0,0,3,1,1,2,5,295,4,4,1,93,2018,Round 14,2018-06-23,9629
North Melbourne,Samuel Wright,4,12,15,83.3,0,1,0,1,2,1,0,2,357,4,5,0,82,2018,Round 14,2018-06-23,9629
North Melbourne,Jamie Macmillan,5,11,16,88.9,0,0,0,2,1,0,0,2,392,5,8,0,81,2018,Round 14,2018-06-23,9629
North Melbourne,Shaun Atley,3,13,14,82.4,0,2,1,0,0,0,0,6,156,2,0,2,87,2018,Round 14,2018-06-23,9629
North Melbourne,Robert Tarrant,6,10,10,62.5,2,0,0,11,0,0,0,0,365,5,8,0,95,2018,Round 14,2018-06-23,9629
North Melbourne,Marley Williams,5,10,12,75.0,2,0,0,2,0,0,0,3,272,7,5,0,80,2018,Round 14,2018-06-23,9629
North Melbourne,Paul Ahern,6,9,13,81.2,0,0,0,0,0,2,0,3,175,2,3,0,68,2018,Round 14,2018-06-23,9629
North Melbourne,Scott Thompson 1,6,7,13,86.7,2,0,0,4,0,0,0,4,171,2,8,0,97,2018,Round 14,2018-06-23,9629
North Melbourne,Luke Mcdonald,3,12,11,78.6,1,0,0,0,2,0,0,2,295,4,2,0,81,2018,Round 14,2018-06-23,9629
North Melbourne,Mason Wood,4,10,8,61.5,1,0,1,0,0,0,0,6,220,2,0,0,91,2018,Round 14,2018-06-23,9629
North Melbourne,Jack Ziebell,2,11,10,83.3,1,1,2,1,0,0,1,5,270,5,0,2,91,2018,Round 14,2018-06-23,9629
North Melbourne,Majak Daw,7,5,8,66.7,0,0,0,6,0,0,0,0,145,5,10,0,92,2018,Round 14,2018-06-23,9629
North Melbourne,Jy Simpkin,6,7,9,75.0,0,1,0,1,0,0,2,3,206,3,2,0,81,2018,Round 14,2018-06-23,9629
North Melbourne,Ben Brown,11,2,9,81.8,4,2,6,4,0,0,0,8,179,0,2,0,98,2018,Round 14,2018-06-23,9629
North Melbourne,Thomas Murphy 1,4,7,9,90.0,0,0,0,3,1,0,0,2,162,0,5,0,76,2018,Round 14,2018-06-23,9629
North Melbourne,Nathan Hrovat,4,5,3,33.3,1,0,0,0,1,0,0,1,139,7,3,0,68,2018,Round 14,2018-06-23,9629
North Melbourne,Kayne Turner,8,3,6,66.7,0,0,0,4,0,0,0,2,31,5,2,1,82,2018,Round 14,2018-06-23,9629
North Melbourne,Billy Hartung,3,5,7,100.0,0,0,0,2,0,0,0,0,25,0,3,0,29,2018,Round 14,2018-06-23,9629
Collingwood,Steele Sidebottom,12,20,25,80.6,0,0,1,6,2,3,5,5,302,3,3,0,86,2018,Round 14,2018-06-24,9630
Collingwood,Scott Pendlebury,9,20,25,86.2,0,1,0,5,0,1,3,9,455,3,4,0,84,2018,Round 14,2018-06-24,9630
Collingwood,Tom Phillips,3,25,21,75.0,0,0,1,0,2,0,1,8,501,6,4,0,86,2018,Round 14,2018-06-24,9630
Collingwood,Taylor Adams,13,12,16,66.7,0,0,0,3,0,2,2,4,192,3,4,0,80,2018,Round 14,2018-06-24,9630
Collingwood,Jack Crisp,6,18,18,81.8,1,5,0,3,0,0,0,8,426,3,4,0,85,2018,Round 14,2018-06-24,9630
Collingwood,Jeremy Howe,10,11,19,90.5,2,0,0,5,0,0,0,4,381,3,13,0,93,2018,Round 14,2018-06-24,9630
Collingwood,Matthew Scharenberg,5,16,19,90.5,1,0,0,6,0,0,0,4,238,3,9,0,90,2018,Round 14,2018-06-24,9630
Collingwood,Tom Langdon,7,13,17,81.0,0,0,0,2,0,0,0,2,351,5,7,0,85,2018,Round 14,2018-06-24,9630
Collingwood,Brayden Maynard,5,16,16,76.2,1,0,0,0,0,1,0,2,204,2,6,0,83,2018,Round 14,2018-06-24,9630
Collingwood,Brodie Grundy,10,9,17,85.0,3,1,0,2,0,0,5,7,201,1,4,0,88,2018,Round 14,2018-06-24,9630
Collingwood,Adam Treloar,4,13,15,78.9,0,1,0,0,3,0,3,4,356,2,2,1,68,2018,Round 14,2018-06-24,9630
Collingwood,Jordan De Goey,4,14,12,66.7,1,0,2,1,1,1,1,6,343,3,1,1,78,2018,Round 14,2018-06-24,9630
Collingwood,Lynden Dunn,0,14,13,81.2,0,0,0,7,0,0,0,1,237,3,0,0,88,2018,Round 14,2018-06-24,9630
Collingwood,Josh Daicos,2,14,14,87.5,0,0,0,0,0,0,0,1,251,4,0,0,70,2018,Round 14,2018-06-24,9630
Collingwood,Christopher Mayne,5,8,10,71.4,0,0,0,0,0,0,1,1,49,4,2,1,86,2018,Round 14,2018-06-24,9630
Collingwood,Will Hoskin Elliott,6,7,12,92.3,2,0,3,1,0,0,0,7,229,0,2,0,86,2018,Round 14,2018-06-24,9630
Collingwood,Flynn Appleby,4,8,11,91.7,0,0,0,2,0,0,0,3,87,3,4,0,86,2018,Round 14,2018-06-24,9630
Collingwood,Mason Cox,8,2,5,55.6,3,0,1,1,0,1,1,4,116,3,1,0,87,2018,Round 14,2018-06-24,9630
Collingwood,Levi Greenwood,5,3,2,25.0,0,0,1,2,0,0,0,3,114,2,0,1,46,2018,Round 14,2018-06-24,9630
Collingwood,Josh Thomas,1,8,3,37.5,0,0,1,1,0,0,0,1,120,3,0,0,81,2018,Round 14,2018-06-24,9630
Collingwood,Jaidyn Stephenson,1,7,7,87.5,1,1,3,0,0,0,0,6,160,0,1,1,74,2018,Round 14,2018-06-24,9630
Collingwood,Brody Mihocek,5,4,6,75.0,2,0,1,1,0,0,0,4,174,2,0,3,90,2018,Round 14,2018-06-24,9630
Carlton,Kade Simpson,6,23,25,80.6,1,1,0,0,0,0,0,5,412,5,7,0,98,2018,Round 14,2018-06-24,9630
Carlton,Patrick Cripps,20,11,24,82.8,3,0,2,1,1,1,6,9,303,3,2,0,93,2018,Round 14,2018-06-24,9630
Carlton,Dale Thomas,1,25,21,84.0,0,0,0,2,0,0,0,3,412,3,2,0,85,2018,Round 14,2018-06-24,9630
Carlton,Matthew Kennedy 1,10,12,17,81.0,0,0,0,1,0,1,1,5,164,4,5,2,85,2018,Round 14,2018-06-24,9630
Carlton,Jed Lamb,3,15,17,85.0,0,0,0,1,1,0,0,3,424,4,3,0,89,2018,Round 14,2018-06-24,9630
Carlton,Paddy Dow,9,10,14,70.0,0,0,0,2,1,2,2,1,215,5,4,1,87,2018,Round 14,2018-06-24,9630
Carlton,Charlie Curnow,10,8,12,63.2,5,0,2,2,0,0,0,5,455,7,1,0,88,2018,Round 14,2018-06-24,9630
Carlton,Liam Jones,4,13,11,64.7,3,0,0,4,0,0,0,1,288,6,11,0,97,2018,Round 14,2018-06-24,9630
Carlton,Zac Fisher,7,10,11,64.7,0,1,0,1,1,2,3,3,326,4,2,0,86,2018,Round 14,2018-06-24,9630
Carlton,Edward Curnow,8,10,12,75.0,0,2,1,0,1,1,1,3,184,5,1,0,95,2018,Round 14,2018-06-24,9630
Carlton,Matthew Wright,7,9,14,87.5,1,1,3,0,0,1,0,8,180,1,2,0,89,2018,Round 14,2018-06-24,9630
Carlton,Sam Petrevski Seton,2,15,14,87.5,0,0,0,0,0,0,0,5,158,1,2,0,85,2018,Round 14,2018-06-24,9630
Carlton,Aaron Mullett,4,11,12,80.0,0,0,1,2,0,0,0,2,232,3,4,0,86,2018,Round 14,2018-06-24,9630
Carlton,Jack Silvagni,1,10,8,72.7,0,0,1,0,0,0,1,2,145,3,0,0,74,2018,Round 14,2018-06-24,9630
Carlton,Jacob Weitering,2,9,9,81.8,2,0,0,11,0,0,0,3,135,0,5,0,95,2018,Round 14,2018-06-24,9630
Carlton,Cameron O Shea,3,7,5,50.0,0,0,0,4,0,0,0,0,212,6,3,0,79,2018,Round 14,2018-06-24,9630
Carlton,Jarrod Garlett,1,9,6,60.0,0,0,0,1,0,1,0,4,210,1,0,0,81,2018,Round 14,2018-06-24,9630
Carlton,Matthew Kreuzer,5,4,6,66.7,0,0,0,1,0,3,0,2,172,4,1,0,38,2018,Round 14,2018-06-24,9630
Carlton,Lochie O Brien,1,9,7,77.8,0,1,0,1,0,0,0,2,112,1,1,0,80,2018,Round 14,2018-06-24,9630
Carlton,Sam Rowe,4,4,5,71.4,0,0,1,6,0,1,0,2,133,3,3,2,84,2018,Round 14,2018-06-24,9630
Carlton,Cameron Polson,3,1,3,75.0,0,0,0,0,0,0,0,2,43,0,1,3,79,2018,Round 14,2018-06-24,9630
Carlton,Lachlan Plowman,1,3,2,66.7,0,0,0,5,0,0,0,1,55,1,1,0,26,2018,Round 14,2018-06-24,9630
Richmond,Trent Cotchin,16,15,19,70.4,0,1,0,1,1,3,3,7,413,4,4,1,76,2018,Round 15,2018-06-28,9631
Richmond,Kane Lambert,12,16,21,77.8,0,0,1,0,2,0,4,9,494,3,5,0,91,2018,Round 15,2018-06-28,9631
Richmond,Shaun Grigg,4,20,21,87.5,0,1,1,1,1,0,0,8,510,3,4,0,90,2018,Round 15,2018-06-28,9631
Richmond,Shane Edwards,11,12,18,75.0,0,1,1,2,2,3,2,6,271,6,4,0,79,2018,Round 15,2018-06-28,9631
Richmond,Dion Prestia,8,16,19,79.2,0,1,0,1,0,2,1,7,254,5,2,2,80,2018,Round 15,2018-06-28,9631
Richmond,Jack Riewoldt,13,11,13,56.5,7,1,8,3,0,0,1,11,520,4,1,0,92,2018,Round 15,2018-06-28,9631
Richmond,Dustin Martin,4,14,11,52.4,0,0,1,1,0,4,0,4,416,10,0,2,89,2018,Round 15,2018-06-28,9631
Richmond,Nick Vlastuin,10,13,17,81.0,3,0,0,9,0,0,1,7,525,6,11,0,90,2018,Round 15,2018-06-28,9631
Richmond,David Astbury,9,11,15,75.0,0,0,0,3,2,0,0,4,174,1,6,0,97,2018,Round 15,2018-06-28,9631
Richmond,Jayden Short,3,18,19,95.0,0,0,0,0,0,0,0,5,722,5,4,0,74,2018,Round 15,2018-06-28,9631
Richmond,Jack Higgins,8,15,15,75.0,0,2,1,1,0,0,0,7,197,2,2,1,72,2018,Round 15,2018-06-28,9631
Richmond,Toby Nankervis,7,12,14,77.8,1,0,0,6,0,2,1,4,77,3,4,0,90,2018,Round 15,2018-06-28,9631
Richmond,Jack Graham,4,12,13,81.2,0,0,0,1,0,0,1,3,456,7,4,1,76,2018,Round 15,2018-06-28,9631
Richmond,Josh Caddy,5,8,6,40.0,0,0,1,3,0,0,1,3,125,4,2,1,87,2018,Round 15,2018-06-28,9631
Richmond,Brandon Ellis,4,11,12,80.0,1,0,0,2,0,0,0,5,94,0,5,0,79,2018,Round 15,2018-06-28,9631
Richmond,Alex Rance,3,11,12,92.3,0,0,0,7,0,0,0,2,63,1,8,0,98,2018,Round 15,2018-06-28,9631
Richmond,Dylan Grimes,7,6,12,92.3,1,0,0,6,0,0,1,1,152,0,9,0,86,2018,Round 15,2018-06-28,9631
Richmond,Nathan Broad,3,8,10,90.9,1,0,0,3,0,0,0,1,33,0,5,0,77,2018,Round 15,2018-06-28,9631
Richmond,Daniel Rioli,5,3,5,62.5,0,0,0,0,0,0,0,4,83,3,1,4,85,2018,Round 15,2018-06-28,9631
Richmond,Daniel Butler,3,5,5,71.4,0,1,1,1,0,0,0,3,114,1,2,0,84,2018,Round 15,2018-06-28,9631
Richmond,Jason Castagna,3,4,2,33.3,1,1,2,0,0,0,0,1,54,2,1,0,96,2018,Round 15,2018-06-28,9631
Richmond,Reece Conca,1,0,0,0.0,0,0,0,0,0,0,1,0,63,0,1,0,13,2018,Round 15,2018-06-28,9631
Sydney,Josh P  Kennedy,22,13,23,63.9,0,1,0,1,0,4,4,5,247,4,2,1,89,2018,Round 15,2018-06-28,9631
Sydney,Jake Lloyd,5,28,29,85.3,0,0,0,4,0,0,0,2,668,9,9,0,88,2018,Round 15,2018-06-28,9631
Sydney,Luke Parker,13,11,16,69.6,0,1,1,1,0,0,5,4,376,3,4,1,90,2018,Round 15,2018-06-28,9631
Sydney,Daniel Hannebery,9,10,12,60.0,1,0,0,0,0,1,2,2,298,6,6,1,74,2018,Round 15,2018-06-28,9631
Sydney,George Hewett,20,5,11,55.0,0,0,0,1,0,4,6,2,107,6,3,0,82,2018,Round 15,2018-06-28,9631
Sydney,Jarrad Mcveigh,4,17,17,89.5,0,0,0,0,1,0,2,3,476,5,2,1,74,2018,Round 15,2018-06-28,9631
Sydney,Zak Jones,7,10,14,73.7,0,0,0,3,3,0,1,1,339,5,5,0,81,2018,Round 15,2018-06-28,9631
Sydney,Harry Cunningham,5,12,15,88.2,0,0,0,1,0,0,1,0,228,3,5,0,86,2018,Round 15,2018-06-28,9631
Sydney,Aliir Aliir,4,10,10,66.7,2,0,0,2,0,0,0,0,219,4,6,0,88,2018,Round 15,2018-06-28,9631
Sydney,Oliver Florent,8,7,10,71.4,0,0,0,3,2,0,2,2,293,5,6,1,81,2018,Round 15,2018-06-28,9631
Sydney,Ben Ronke,6,9,8,57.1,1,0,0,1,1,0,0,4,356,5,1,0,76,2018,Round 15,2018-06-28,9631
Sydney,Heath Grundy,4,10,9,69.2,2,0,0,1,0,0,0,1,219,3,5,0,83,2018,Round 15,2018-06-28,9631
Sydney,Dane Rampe,4,8,11,84.6,1,0,0,12,0,0,0,0,236,3,7,0,100,2018,Round 15,2018-06-28,9631
Sydney,Will Hayward,5,7,7,58.3,1,0,1,1,0,0,0,3,356,3,2,0,80,2018,Round 15,2018-06-28,9631
Sydney,Nick Smith 1,2,8,9,81.8,0,0,0,4,0,0,1,1,172,1,2,0,96,2018,Round 15,2018-06-28,9631
Sydney,Tom Mccartin,5,6,7,63.6,1,0,1,3,0,0,0,1,117,2,1,1,84,2018,Round 15,2018-06-28,9631
Sydney,Callum Sinclair,6,3,7,70.0,1,1,1,3,0,0,2,3,182,2,3,1,91,2018,Round 15,2018-06-28,9631
Sydney,Lance Franklin,4,5,7,77.8,1,0,2,0,0,0,0,5,202,4,0,1,97,2018,Round 15,2018-06-28,9631
Sydney,Kieran Jack,5,4,6,75.0,0,0,0,2,0,1,0,1,92,1,0,0,72,2018,Round 15,2018-06-28,9631
Sydney,James Rose,4,4,4,57.1,0,1,0,2,0,0,0,2,75,2,1,0,73,2018,Round 15,2018-06-28,9631
Sydney,Gary Rohan,5,2,2,33.3,0,0,0,0,1,0,0,0,250,8,1,0,70,2018,Round 15,2018-06-28,9631
Sydney,Isaac Heeney,5,0,1,20.0,0,0,0,0,0,1,2,2,67,1,0,0,44,2018,Round 15,2018-06-28,9631
Western Bulldogs,Luke Dahlhaus,9,20,23,79.3,0,1,0,1,0,0,0,8,254,2,3,2,79,2018,Round 15,2018-06-29,9632
Western Bulldogs,Josh Dunkley,11,15,20,74.1,1,0,2,4,0,3,2,5,243,4,3,2,86,2018,Round 15,2018-06-29,9632
Western Bulldogs,Toby Mclean,8,17,18,72.0,0,2,0,2,1,3,2,8,422,2,1,4,89,2018,Round 15,2018-06-29,9632
Western Bulldogs,Patrick Lipinski,6,20,21,84.0,0,0,0,0,0,1,1,5,308,2,3,0,89,2018,Round 15,2018-06-29,9632
Western Bulldogs,Mitchell Wallis,11,14,17,70.8,0,1,1,1,1,0,3,6,202,3,0,1,75,2018,Round 15,2018-06-29,9632
Western Bulldogs,Lachlan Hunter,8,16,19,79.2,0,0,0,3,1,1,2,3,328,4,3,1,91,2018,Round 15,2018-06-29,9632
Western Bulldogs,Jason Johannisen,9,13,22,95.7,0,0,0,1,0,0,0,3,391,2,7,0,83,2018,Round 15,2018-06-29,9632
Western Bulldogs,Marcus Bontempelli,9,16,14,60.9,2,0,2,2,0,1,0,9,332,6,3,2,89,2018,Round 15,2018-06-29,9632
Western Bulldogs,Billy Gowers,8,11,12,63.2,0,0,1,2,0,2,2,5,486,7,2,0,82,2018,Round 15,2018-06-29,9632
Western Bulldogs,Bailey Williams,7,10,13,72.2,0,0,1,0,0,0,3,3,332,4,2,2,83,2018,Round 15,2018-06-29,9632
Western Bulldogs,Bradley Lynch,4,12,12,66.7,0,1,0,1,1,0,0,3,268,2,5,0,78,2018,Round 15,2018-06-29,9632
Western Bulldogs,Thomas Boyd,10,8,9,52.9,0,2,0,8,0,1,2,5,99,2,1,0,86,2018,Round 15,2018-06-29,9632
Western Bulldogs,Hayden Crozier,4,11,14,87.5,1,0,0,4,0,0,0,1,327,3,4,0,83,2018,Round 15,2018-06-29,9632
Western Bulldogs,Jackson Trengove,5,10,12,80.0,0,0,0,4,0,0,0,0,283,3,6,0,96,2018,Round 15,2018-06-29,9632
Western Bulldogs,Roarke Smith,5,12,14,93.3,0,0,0,1,1,0,0,1,286,3,5,0,75,2018,Round 15,2018-06-29,9632
Western Bulldogs,Josh Schache,4,11,11,73.3,1,0,2,1,0,0,0,6,130,1,1,1,82,2018,Round 15,2018-06-29,9632
Western Bulldogs,Zaine Cordy,7,6,7,50.0,1,0,0,2,0,0,2,4,210,4,0,2,90,2018,Round 15,2018-06-29,9632
Western Bulldogs,Marcus Adams,3,11,12,85.7,0,0,0,9,0,0,0,2,230,4,4,0,96,2018,Round 15,2018-06-29,9632
Western Bulldogs,Ed Richards,8,4,9,69.2,0,1,1,2,0,0,3,6,151,2,3,1,80,2018,Round 15,2018-06-29,9632
Western Bulldogs,Dale Morris,9,4,10,83.3,1,0,0,3,0,0,0,1,133,2,9,0,96,2018,Round 15,2018-06-29,9632
Western Bulldogs,Aaron Naughton,3,5,4,57.1,0,0,0,6,0,0,0,5,131,2,1,0,85,2018,Round 15,2018-06-29,9632
Western Bulldogs,Lin Jong,0,2,1,50.0,0,0,0,0,0,0,0,0,52,1,0,0,6,2018,Round 15,2018-06-29,9632
Geelong,Joel Selwood,18,15,26,76.5,0,0,1,3,0,6,4,8,364,7,5,0,81,2018,Round 15,2018-06-29,9632
Geelong,Tim Kelly,12,22,19,55.9,0,0,0,0,0,2,3,6,547,10,2,0,78,2018,Round 15,2018-06-29,9632
Geelong,Patrick Dangerfield,14,18,24,77.4,2,2,2,1,0,1,2,11,287,2,4,1,80,2018,Round 15,2018-06-29,9632
Geelong,Gary Jnr Ablett,11,20,22,73.3,0,2,0,0,0,3,1,10,375,7,3,0,82,2018,Round 15,2018-06-29,9632
Geelong,Zach Tuohy,4,23,22,78.6,0,1,0,1,2,0,1,9,353,5,5,0,91,2018,Round 15,2018-06-29,9632
Geelong,Mitchell Duncan,5,22,25,92.6,0,0,0,1,0,2,1,11,454,0,2,0,84,2018,Round 15,2018-06-29,9632
Geelong,Cameron Guthrie,4,18,21,95.5,0,0,0,1,0,0,0,6,400,3,5,0,81,2018,Round 15,2018-06-29,9632
Geelong,Sam Menegola,4,17,17,81.0,0,0,1,1,0,0,0,9,238,6,0,1,88,2018,Round 15,2018-06-29,9632
Geelong,Thomas Stewart,8,10,17,81.0,1,0,0,8,3,0,1,3,433,6,9,0,81,2018,Round 15,2018-06-29,9632
Geelong,Rhys Stanley,10,10,18,94.7,2,0,1,3,0,2,4,7,133,1,1,0,83,2018,Round 15,2018-06-29,9632
Geelong,Harry Taylor,6,11,12,70.6,2,2,5,4,0,0,3,8,319,1,1,1,73,2018,Round 15,2018-06-29,9632
Geelong,Tom Hawkins,5,9,12,85.7,2,2,4,2,0,0,0,9,228,1,1,0,91,2018,Round 15,2018-06-29,9632
Geelong,Mark Blicavs,4,10,11,78.6,0,0,0,4,0,0,0,4,88,1,8,0,97,2018,Round 15,2018-06-29,9632
Geelong,Quinton Narkle,4,10,10,71.4,0,0,1,0,0,1,1,7,337,1,1,2,69,2018,Round 15,2018-06-29,9632
Geelong,Brandan Parfitt,5,8,8,61.5,0,0,0,0,0,0,0,3,194,7,4,1,82,2018,Round 15,2018-06-29,9632
Geelong,Lachlan Fogarty,3,10,9,69.2,0,0,0,0,1,0,0,3,178,5,1,0,75,2018,Round 15,2018-06-29,9632
Geelong,Jack Henry,3,8,10,83.3,1,0,0,5,0,0,0,2,118,0,7,0,79,2018,Round 15,2018-06-29,9632
Geelong,Jordan Murdoch,3,8,8,72.7,0,0,0,0,1,0,0,5,370,1,2,1,81,2018,Round 15,2018-06-29,9632
Geelong,James Parsons,2,9,7,77.8,0,1,0,0,0,0,0,3,33,1,0,2,76,2018,Round 15,2018-06-29,9632
Geelong,Jed Bews,4,5,7,87.5,0,0,0,2,0,1,0,2,84,0,2,1,79,2018,Round 15,2018-06-29,9632
Geelong,Jordan Cunico,2,6,5,62.5,0,2,0,0,0,0,0,2,51,0,0,2,82,2018,Round 15,2018-06-29,9632
Geelong,Jake Kolodjashnij,2,5,6,85.7,0,0,0,4,0,0,0,2,8,1,2,0,89,2018,Round 15,2018-06-29,9632
Carlton,Kade Simpson,10,23,28,75.7,1,1,0,1,0,2,0,4,628,5,8,0,90,2018,Round 15,2018-06-30,9633
Carlton,Edward Curnow,13,19,25,75.8,0,0,0,1,1,0,5,7,326,7,4,0,85,2018,Round 15,2018-06-30,9633
Carlton,Patrick Cripps,12,19,21,63.6,0,0,0,1,1,2,2,5,387,3,2,0,92,2018,Round 15,2018-06-30,9633
Carlton,Marc Murphy,12,18,21,75.0,0,1,0,3,0,1,3,8,446,5,2,0,82,2018,Round 15,2018-06-30,9633
Carlton,Zac Fisher,6,17,15,65.2,0,0,0,0,1,0,2,5,230,3,0,0,83,2018,Round 15,2018-06-30,9633
Carlton,Nicholas Graham,6,14,18,90.0,0,0,0,1,0,1,3,6,130,0,0,0,72,2018,Round 15,2018-06-30,9633
Carlton,Matthew Kennedy 1,10,11,10,52.6,0,0,2,3,3,1,1,4,219,3,2,0,80,2018,Round 15,2018-06-30,9633
Carlton,Sam Rowe,12,8,15,83.3,1,0,0,13,0,0,0,1,225,2,13,0,97,2018,Round 15,2018-06-30,9633
Carlton,Jarrod Garlett,7,10,10,58.8,0,1,0,0,0,0,4,4,197,4,2,0,71,2018,Round 15,2018-06-30,9633
Carlton,Charlie Curnow,6,11,12,70.6,3,0,2,0,0,0,0,8,393,5,0,0,90,2018,Round 15,2018-06-30,9633
Carlton,Liam Jones,6,7,11,78.6,0,0,0,5,0,0,0,3,281,4,9,0,100,2018,Round 15,2018-06-30,9633
Carlton,Jed Lamb,3,9,11,78.6,0,0,0,2,0,0,1,3,259,3,1,0,84,2018,Round 15,2018-06-30,9633
Carlton,Sam Petrevski Seton,5,9,12,85.7,0,0,0,1,0,0,1,3,34,0,1,0,79,2018,Round 15,2018-06-30,9633
Carlton,Paddy Dow,7,8,11,78.6,0,0,0,0,0,1,2,4,265,2,0,0,68,2018,Round 15,2018-06-30,9633
Carlton,Matthew Wright,2,11,6,46.2,0,2,1,0,0,0,0,5,232,3,5,0,77,2018,Round 15,2018-06-30,9633
Carlton,Aaron Mullett,2,12,12,92.3,0,0,0,3,1,0,0,1,180,1,2,0,73,2018,Round 15,2018-06-30,9633
Carlton,Jacob Weitering,4,10,8,61.5,2,0,0,3,0,0,0,4,183,1,5,0,85,2018,Round 15,2018-06-30,9633
Carlton,Andrew Phillips 1,7,5,8,66.7,1,0,1,6,0,0,3,4,99,2,4,0,92,2018,Round 15,2018-06-30,9633
Carlton,Jack Silvagni,3,7,7,70.0,0,0,0,3,0,0,0,1,21,1,4,0,69,2018,Round 15,2018-06-30,9633
Carlton,Jarrod Pickett,4,2,5,71.4,0,1,1,0,1,0,0,4,161,3,0,0,75,2018,Round 15,2018-06-30,9633
Carlton,Cameron Polson,2,5,2,28.6,0,0,0,0,2,0,0,0,175,3,0,0,71,2018,Round 15,2018-06-30,9633
Carlton,Levi Casboult,5,1,1,25.0,2,0,2,4,0,0,0,4,121,0,0,0,83,2018,Round 15,2018-06-30,9633
Port Adelaide,Tom Rockliff,12,20,19,65.5,0,1,0,1,0,2,3,6,351,6,2,0,78,2018,Round 15,2018-06-30,9633
Port Adelaide,Chad Wingard,11,13,16,66.7,0,0,0,2,0,1,3,6,384,4,2,1,78,2018,Round 15,2018-06-30,9633
Port Adelaide,Dan Houston,6,14,18,81.8,0,1,0,3,3,0,1,4,512,5,5,0,80,2018,Round 15,2018-06-30,9633
Port Adelaide,Sam Powell Pepper,9,14,19,86.4,0,0,0,1,0,2,3,1,267,0,3,0,75,2018,Round 15,2018-06-30,9633
Port Adelaide,Jack Trengove,6,16,17,81.0,0,0,0,1,0,0,0,2,310,4,8,0,94,2018,Round 15,2018-06-30,9633
Port Adelaide,Oliver Wines,9,12,14,66.7,0,1,0,1,0,1,4,5,308,4,3,0,85,2018,Round 15,2018-06-30,9633
Port Adelaide,Bradley Ebert,7,14,13,65.0,1,1,0,4,0,0,4,3,222,3,3,0,72,2018,Round 15,2018-06-30,9633
Port Adelaide,Jared Polec,5,15,13,65.0,0,1,0,2,3,0,1,2,350,4,2,0,90,2018,Round 15,2018-06-30,9633
Port Adelaide,Justin Westhoff,10,10,13,68.4,2,1,2,3,0,1,0,5,437,2,6,0,86,2018,Round 15,2018-06-30,9633
Port Adelaide,Riley Bonner,2,15,13,72.2,0,0,0,0,0,0,0,4,334,2,3,0,77,2018,Round 15,2018-06-30,9633
Port Adelaide,Travis Boak,7,10,10,62.5,0,0,1,1,0,1,2,3,176,4,3,4,87,2018,Round 15,2018-06-30,9633
Port Adelaide,Lindsay Thomas,5,12,9,56.2,0,1,2,0,0,0,0,6,192,8,2,2,65,2018,Round 15,2018-06-30,9633
Port Adelaide,Tom Clurey,2,13,14,87.5,1,0,0,7,0,0,0,5,264,2,5,0,95,2018,Round 15,2018-06-30,9633
Port Adelaide,Patrick Ryder,9,5,10,71.4,2,1,2,1,0,3,1,6,154,0,0,0,83,2018,Round 15,2018-06-30,9633
Port Adelaide,Steven Motlop,3,11,11,78.6,0,0,0,2,1,0,0,6,342,2,1,1,75,2018,Round 15,2018-06-30,9633
Port Adelaide,Robert Gray,10,3,10,76.9,2,0,2,1,0,4,0,5,175,3,0,2,96,2018,Round 15,2018-06-30,9633
Port Adelaide,Jasper Mcmillan Pittard,0,10,10,90.9,0,0,0,2,0,0,0,5,166,1,0,0,62,2018,Round 15,2018-06-30,9633
Port Adelaide,Charlie Dixon,9,3,5,45.5,2,1,2,5,0,0,2,5,154,5,1,2,97,2018,Round 15,2018-06-30,9633
Port Adelaide,Sam Gray,7,3,6,60.0,1,1,1,0,0,0,0,4,170,4,3,2,86,2018,Round 15,2018-06-30,9633
Port Adelaide,Dougal Howard,4,5,9,100.0,0,0,0,9,0,0,0,2,145,1,6,0,89,2018,Round 15,2018-06-30,9633
Port Adelaide,Jack Hombsch,2,6,8,100.0,0,0,0,10,0,0,1,3,8,0,1,0,86,2018,Round 15,2018-06-30,9633
Port Adelaide,Todd Marshall,2,3,5,100.0,0,0,1,1,0,0,0,2,45,0,2,2,65,2018,Round 15,2018-06-30,9633
Adelaide,Rory Laird,5,27,28,87.5,0,0,0,1,0,1,0,5,261,5,8,0,86,2018,Round 15,2018-06-30,9634
Adelaide,Matt Crouch,20,13,20,62.5,0,0,0,0,0,2,4,8,268,2,8,2,77,2018,Round 15,2018-06-30,9634
Adelaide,Bryce Gibbs,12,16,22,78.6,0,0,0,0,0,3,3,7,552,3,5,2,82,2018,Round 15,2018-06-30,9634
Adelaide,Richard Douglas,12,11,17,77.3,1,1,0,1,0,2,4,5,352,6,2,0,89,2018,Round 15,2018-06-30,9634
Adelaide,Taylor Walker,11,9,10,45.5,4,0,2,2,0,0,1,8,462,4,1,0,88,2018,Round 15,2018-06-30,9634
Adelaide,Tom Doedee,8,14,19,86.4,1,0,0,3,0,0,0,5,412,2,11,1,77,2018,Round 15,2018-06-30,9634
Adelaide,Sam Jacobs,13,6,13,72.2,1,1,0,2,0,1,2,7,278,2,2,0,82,2018,Round 15,2018-06-30,9634
Adelaide,Paul Seedsman,4,15,10,55.6,0,1,0,0,1,0,2,4,482,4,2,1,87,2018,Round 15,2018-06-30,9634
Adelaide,Hugh Greenwood,12,5,10,55.6,3,0,1,2,0,3,2,4,325,5,5,1,78,2018,Round 15,2018-06-30,9634
Adelaide,Wayne Milera,9,9,17,94.4,0,0,0,1,1,0,2,4,328,4,5,0,84,2018,Round 15,2018-06-30,9634
Adelaide,Daniel Talia,4,10,13,86.7,2,0,0,14,0,0,0,1,322,4,6,0,95,2018,Round 15,2018-06-30,9634
Adelaide,Rory Sloane,13,0,10,71.4,0,1,0,1,0,1,6,6,127,1,2,1,82,2018,Round 15,2018-06-30,9634
Adelaide,Curtly Hampton,9,5,9,64.3,0,0,1,1,0,0,0,6,245,2,0,3,79,2018,Round 15,2018-06-30,9634
Adelaide,David Mackay,4,8,8,66.7,0,1,0,1,2,0,1,2,306,4,1,0,52,2018,Round 15,2018-06-30,9634
Adelaide,Myles Poholke,5,7,9,75.0,1,0,1,2,0,1,0,6,220,3,0,0,78,2018,Round 15,2018-06-30,9634
Adelaide,Josh Jenkins,4,7,4,36.4,1,0,2,4,0,0,0,7,146,4,0,0,91,2018,Round 15,2018-06-30,9634
Adelaide,Luke Brown,2,7,8,72.7,1,0,0,2,0,0,0,4,248,1,2,0,80,2018,Round 15,2018-06-30,9634
Adelaide,Kyle Hartigan,3,7,8,80.0,2,0,0,3,0,0,0,3,85,1,5,0,90,2018,Round 15,2018-06-30,9634
Adelaide,Jordan Gallucci,3,7,6,60.0,0,1,0,0,0,1,1,2,396,5,0,0,79,2018,Round 15,2018-06-30,9634
Adelaide,Kyle Cheney,3,6,8,88.9,1,0,0,2,0,0,0,3,163,2,3,0,80,2018,Round 15,2018-06-30,9634
Adelaide,Jake Kelly,3,8,9,100.0,0,0,0,2,0,0,0,0,55,0,2,0,77,2018,Round 15,2018-06-30,9634
Adelaide,Darcy Fogarty,4,6,5,62.5,0,1,1,0,0,0,1,4,224,3,0,0,88,2018,Round 15,2018-06-30,9634
West Coast,Andrew Gaff,10,25,25,67.6,0,2,0,0,2,1,2,7,549,8,6,3,94,2018,Round 15,2018-06-30,9634
West Coast,Luke Shuey,13,12,20,76.9,0,0,0,2,0,4,6,5,362,3,2,2,85,2018,Round 15,2018-06-30,9634
West Coast,Mark Hutchings,8,17,18,72.0,0,0,0,1,0,1,3,4,593,9,3,1,83,2018,Round 15,2018-06-30,9634
West Coast,Shannon Hurn,5,13,23,95.8,1,0,0,2,0,0,0,0,505,5,8,0,86,2018,Round 15,2018-06-30,9634
West Coast,Chris Masten,5,18,19,86.4,0,0,0,0,0,0,1,3,502,7,3,0,87,2018,Round 15,2018-06-30,9634
West Coast,Jack Redden,8,13,14,66.7,0,1,0,1,0,1,2,4,199,7,2,0,85,2018,Round 15,2018-06-30,9634
West Coast,Bradley Sheppard,3,15,17,89.5,1,0,0,8,0,0,0,1,353,2,8,0,92,2018,Round 15,2018-06-30,9634
West Coast,Elliot Yeo,13,7,13,68.4,2,0,0,0,0,0,1,3,326,5,11,0,90,2018,Round 15,2018-06-30,9634
West Coast,Jamie Cripps,7,11,10,55.6,1,1,3,0,2,0,3,5,244,2,1,2,88,2018,Round 15,2018-06-30,9634
West Coast,Lewis Jetta,1,12,13,100.0,0,2,0,2,0,0,0,3,155,2,2,0,84,2018,Round 15,2018-06-30,9634
West Coast,Brendon Ah Chee,6,9,11,84.6,0,1,1,1,0,0,1,5,197,2,4,0,73,2018,Round 15,2018-06-30,9634
West Coast,Liam Duggan,6,7,8,61.5,0,0,0,1,0,0,0,1,277,2,6,0,78,2018,Round 15,2018-06-30,9634
West Coast,Brayden Ainsworth,4,8,8,66.7,0,0,0,3,0,1,1,3,147,2,1,0,66,2018,Round 15,2018-06-30,9634
West Coast,Jake Waterman,5,5,8,72.7,0,1,0,0,0,0,0,1,171,3,1,1,82,2018,Round 15,2018-06-30,9634
West Coast,Tom Cole,4,6,10,100.0,0,0,0,2,0,0,1,1,24,0,3,0,74,2018,Round 15,2018-06-30,9634
West Coast,Willie Rioli,4,7,7,70.0,0,0,1,2,0,0,1,1,100,1,0,1,87,2018,Round 15,2018-06-30,9634
West Coast,Scott Lycett,8,2,5,55.6,0,1,0,7,0,0,1,6,156,2,2,0,81,2018,Round 15,2018-06-30,9634
West Coast,Jeremy Mcgovern,6,4,4,44.4,2,0,1,5,0,0,0,5,295,4,2,0,89,2018,Round 15,2018-06-30,9634
West Coast,Nicholas Naitanui,8,0,5,71.4,1,1,0,6,0,3,0,6,199,1,0,1,68,2018,Round 15,2018-06-30,9634
West Coast,Will Schofield,1,5,5,83.3,0,0,0,8,0,0,0,0,107,0,1,0,96,2018,Round 15,2018-06-30,9634
West Coast,Fraser Mcinnes,3,3,4,66.7,1,0,1,4,0,0,0,2,143,2,0,5,60,2018,Round 15,2018-06-30,9634
West Coast,Liam Ryan,6,1,4,80.0,1,0,1,1,0,0,0,2,10,1,2,0,71,2018,Round 15,2018-06-30,9634
Greater Western Sydney,Callan Ward,18,15,24,75.0,0,0,1,1,1,3,8,9,499,6,5,0,82,2018,Round 15,2018-06-30,9636
Greater Western Sydney,Stephen Coniglio,13,17,19,63.3,0,1,0,0,0,2,5,13,423,4,2,3,86,2018,Round 15,2018-06-30,9636
Greater Western Sydney,Joshua Kelly,13,16,20,69.0,0,0,0,0,0,0,3,7,358,5,5,3,83,2018,Round 15,2018-06-30,9636
Greater Western Sydney,Dylan Shiel,12,14,20,71.4,0,1,1,1,0,4,4,9,347,3,1,0,78,2018,Round 15,2018-06-30,9636
Greater Western Sydney,Lachie Whitfield,9,17,18,72.0,0,0,0,1,0,0,1,8,341,5,5,0,89,2018,Round 15,2018-06-30,9636
Greater Western Sydney,Harrison Himmelberg,13,8,18,85.7,2,1,1,1,0,0,1,9,336,4,2,1,86,2018,Round 15,2018-06-30,9636
Greater Western Sydney,Nick Haynes,11,9,15,75.0,3,0,0,1,1,0,0,6,622,5,12,0,86,2018,Round 15,2018-06-30,9636
Greater Western Sydney,Jacob Hopper,11,10,9,45.0,0,0,0,2,0,2,3,6,400,7,2,2,76,2018,Round 15,2018-06-30,9636
Greater Western Sydney,Tim Taranto,8,12,11,55.0,0,0,0,0,0,0,1,2,225,5,3,0,81,2018,Round 15,2018-06-30,9636
Greater Western Sydney,Phil Davis,7,11,13,72.2,1,0,0,11,0,0,0,2,201,4,12,0,97,2018,Round 15,2018-06-30,9636
Greater Western Sydney,Adam Tomlinson,10,10,11,61.1,0,1,0,2,0,0,3,7,383,5,4,1,82,2018,Round 15,2018-06-30,9636
Greater Western Sydney,Samuel Reid,7,11,9,56.2,0,1,0,2,0,0,0,10,320,3,2,3,78,2018,Round 15,2018-06-30,9636
Greater Western Sydney,Ryan Griffen,10,6,11,73.3,0,1,0,3,0,0,3,7,159,2,2,1,81,2018,Round 15,2018-06-30,9636
Greater Western Sydney,Aidan Corr,9,6,11,73.3,1,0,0,10,0,0,1,4,318,3,6,0,85,2018,Round 15,2018-06-30,9636
Greater Western Sydney,Jeremy Finlayson,5,10,11,78.6,1,0,0,2,0,0,0,4,297,2,5,0,71,2018,Round 15,2018-06-30,9636
Greater Western Sydney,Heath Shaw,1,9,9,81.8,0,0,0,0,0,0,0,1,235,1,1,0,92,2018,Round 15,2018-06-30,9636
Greater Western Sydney,Matthew Deboer,5,7,7,63.6,0,1,1,1,0,0,0,6,88,2,2,4,84,2018,Round 15,2018-06-30,9636
Greater Western Sydney,Jonathon Patton,8,3,4,40.0,2,0,5,3,0,1,1,7,177,3,1,1,87,2018,Round 15,2018-06-30,9636
Greater Western Sydney,Sam Taylor,5,5,8,80.0,1,0,0,0,0,0,0,1,183,1,5,0,81,2018,Round 15,2018-06-30,9636
Greater Western Sydney,Dawson Simpson,7,2,6,66.7,0,0,0,0,0,3,2,2,97,0,2,0,80,2018,Round 15,2018-06-30,9636
Greater Western Sydney,Rory Lobb,5,4,6,66.7,1,0,1,0,0,0,0,6,170,2,0,1,67,2018,Round 15,2018-06-30,9636
Greater Western Sydney,Zac Giles Langdon,3,4,3,42.9,0,1,0,2,0,0,0,2,97,2,1,0,69,2018,Round 15,2018-06-30,9636
Hawthorn,Tom Mitchell,18,31,40,80.0,0,1,0,0,4,4,5,8,584,10,5,0,93,2018,Round 15,2018-06-30,9636
Hawthorn,Isaac Smith,7,16,19,73.1,0,1,0,0,3,2,1,7,542,3,3,0,87,2018,Round 15,2018-06-30,9636
Hawthorn,Jaeger O Meara,7,16,18,75.0,0,1,0,0,0,1,2,6,318,3,3,1,84,2018,Round 15,2018-06-30,9636
Hawthorn,James Sicily,9,17,17,70.8,0,0,1,4,1,0,0,6,555,9,8,0,91,2018,Round 15,2018-06-30,9636
Hawthorn,Blake Hardwick,10,11,17,85.0,1,0,0,10,0,1,0,7,97,1,8,0,83,2018,Round 15,2018-06-30,9636
Hawthorn,Liam Shiels,9,11,13,68.4,0,0,0,0,0,1,2,4,127,3,4,1,86,2018,Round 15,2018-06-30,9636
Hawthorn,Ryan Burton,10,7,8,44.4,0,0,0,2,0,0,1,5,287,6,8,0,85,2018,Round 15,2018-06-30,9636
Hawthorn,Benjamin Stratton,6,7,10,58.8,0,0,0,10,0,0,1,3,129,3,9,0,94,2018,Round 15,2018-06-30,9636
Hawthorn,Jonathon Ceglar,9,6,11,73.3,1,0,0,4,0,0,1,6,120,2,2,0,76,2018,Round 15,2018-06-30,9636
Hawthorn,Tim O Brien,2,13,14,93.3,0,0,0,5,0,0,0,5,265,4,3,0,84,2018,Round 15,2018-06-30,9636
Hawthorn,Jarman Impey,4,14,10,66.7,0,0,0,2,1,0,0,5,450,7,1,0,86,2018,Round 15,2018-06-30,9636
Hawthorn,Jarryd Roughead,7,5,10,71.4,0,1,1,4,0,0,1,6,274,6,2,1,93,2018,Round 15,2018-06-30,9636
Hawthorn,Luke Breust,6,8,9,64.3,1,1,3,1,0,1,0,7,368,3,1,1,83,2018,Round 15,2018-06-30,9636
Hawthorn,Daniel Howe,7,8,12,85.7,0,0,0,2,0,1,0,3,201,2,4,0,80,2018,Round 15,2018-06-30,9636
Hawthorn,Ricky Henderson,5,9,12,92.3,0,0,0,1,1,0,1,4,168,2,5,0,63,2018,Round 15,2018-06-30,9636
Hawthorn,James Frawley,3,9,9,75.0,0,0,0,8,0,0,0,2,245,5,3,0,97,2018,Round 15,2018-06-30,9636
Hawthorn,Conor Glass,2,10,10,90.9,0,0,0,3,0,0,0,2,210,2,3,0,71,2018,Round 15,2018-06-30,9636
Hawthorn,Paul Puopolo,4,4,9,90.0,0,2,0,1,0,0,0,6,212,1,1,2,84,2018,Round 15,2018-06-30,9636
Hawthorn,Taylor Duryea,1,6,6,75.0,0,1,1,1,0,0,0,3,113,1,0,1,84,2018,Round 15,2018-06-30,9636
Hawthorn,Harry Morrison,4,5,5,62.5,0,0,0,1,0,0,0,1,99,2,2,1,68,2018,Round 15,2018-06-30,9636
Hawthorn,Ben Mcevoy,2,3,5,83.3,0,0,1,3,0,1,0,2,9,2,1,0,83,2018,Round 15,2018-06-30,9636
Hawthorn,William Langford,3,2,4,80.0,0,1,0,0,0,0,1,1,104,2,0,0,45,2018,Round 15,2018-06-30,9636
Gold Coast,Touk Miller,15,18,22,66.7,0,0,0,1,0,4,3,4,457,2,3,1,85,2018,Round 15,2018-06-30,9635
Gold Coast,Jarryd Lyons,20,11,23,71.9,0,0,0,0,0,5,7,4,419,7,6,0,78,2018,Round 15,2018-06-30,9635
Gold Coast,David Swallow,14,18,21,67.7,1,0,0,2,0,1,3,6,391,6,6,0,76,2018,Round 15,2018-06-30,9635
Gold Coast,Jarrod Harbrow,7,22,19,65.5,0,0,0,3,0,0,1,2,567,8,11,0,82,2018,Round 15,2018-06-30,9635
Gold Coast,Lachlan Weller,5,21,21,80.8,0,0,0,1,0,2,1,5,733,5,1,0,85,2018,Round 15,2018-06-30,9635
Gold Coast,Steven May,8,16,17,68.0,2,0,0,7,0,0,1,0,363,8,7,0,90,2018,Round 15,2018-06-30,9635
Gold Coast,Jack Martin,9,11,16,72.7,1,1,1,3,0,3,1,5,236,5,0,2,78,2018,Round 15,2018-06-30,9635
Gold Coast,Aaron Young,3,13,11,61.1,1,0,0,1,0,0,0,5,425,7,2,0,83,2018,Round 15,2018-06-30,9635
Gold Coast,Jesse Joyce,7,11,11,61.1,1,0,0,3,0,0,0,3,420,5,10,0,87,2018,Round 15,2018-06-30,9635
Gold Coast,Nicholas Holman,9,7,12,66.7,1,2,0,0,0,0,0,5,250,4,3,2,84,2018,Round 15,2018-06-30,9635
Gold Coast,Joshua Schoenfeld,4,14,14,82.4,0,0,0,0,0,1,1,5,-4,2,2,0,84,2018,Round 15,2018-06-30,9635
Gold Coast,Jacob Dawson,10,8,10,58.8,0,0,0,1,0,0,1,4,23,3,1,1,73,2018,Round 15,2018-06-30,9635
Gold Coast,Alex Sexton,3,13,14,87.5,0,0,0,2,5,0,0,3,397,3,2,0,80,2018,Round 15,2018-06-30,9635
Gold Coast,Jarrod Witts,9,6,8,53.3,1,0,1,3,0,1,0,3,149,3,1,1,81,2018,Round 15,2018-06-30,9635
Gold Coast,Sean Lemmens,7,8,11,78.6,0,0,0,1,0,0,1,4,338,4,3,2,79,2018,Round 15,2018-06-30,9635
Gold Coast,Rory Thompson,6,3,8,66.7,0,0,0,9,0,0,0,0,89,2,10,0,96,2018,Round 15,2018-06-30,9635
Gold Coast,Ben Ainsworth,7,5,7,58.3,1,0,0,0,1,0,0,4,137,2,2,1,76,2018,Round 15,2018-06-30,9635
Gold Coast,Michael Rischitelli,4,6,6,60.0,0,0,0,2,0,0,1,2,141,2,4,0,79,2018,Round 15,2018-06-30,9635
Gold Coast,Wil Powell,2,8,6,60.0,0,0,1,1,0,0,0,4,210,5,0,1,75,2018,Round 15,2018-06-30,9635
Gold Coast,Brayden Crossley,4,6,5,55.6,1,0,2,3,0,0,1,5,149,1,1,2,80,2018,Round 15,2018-06-30,9635
Gold Coast,Peter Wright,6,3,3,42.9,1,0,0,3,0,0,0,0,42,3,2,1,82,2018,Round 15,2018-06-30,9635
Gold Coast,Charlie Ballard,3,3,5,83.3,1,0,0,3,0,0,0,0,83,1,3,0,87,2018,Round 15,2018-06-30,9635
Collingwood,Taylor Adams,17,12,18,60.0,0,2,0,0,2,0,8,9,256,3,3,0,69,2018,Round 15,2018-06-30,9635
Collingwood,Tom Phillips,7,19,19,73.1,0,0,0,0,1,0,3,4,533,6,5,0,89,2018,Round 15,2018-06-30,9635
Collingwood,Scott Pendlebury,11,15,20,80.0,0,1,0,1,1,3,3,5,461,4,1,0,82,2018,Round 15,2018-06-30,9635
Collingwood,Steele Sidebottom,6,19,17,70.8,0,0,0,3,0,1,0,5,343,3,4,1,87,2018,Round 15,2018-06-30,9635
Collingwood,Christopher Mayne,8,16,18,78.3,0,1,0,7,0,0,3,8,271,1,5,0,78,2018,Round 15,2018-06-30,9635
Collingwood,Brodie Grundy,15,9,15,65.2,0,0,0,1,0,1,6,5,286,5,4,0,90,2018,Round 15,2018-06-30,9635
Collingwood,Josh Thomas,11,12,18,81.8,1,0,2,0,0,0,3,10,308,4,4,1,78,2018,Round 15,2018-06-30,9635
Collingwood,Jack Crisp,8,13,14,63.6,0,1,0,2,1,0,1,2,426,7,6,0,75,2018,Round 15,2018-06-30,9635
Collingwood,Tom Langdon,10,11,16,76.2,0,0,0,5,0,0,0,2,271,5,9,0,84,2018,Round 15,2018-06-30,9635
Collingwood,Jeremy Howe,7,14,15,75.0,1,0,0,6,0,0,2,2,362,6,5,0,93,2018,Round 15,2018-06-30,9635
Collingwood,Matthew Scharenberg,4,16,16,80.0,1,0,0,13,0,0,0,1,264,1,5,0,93,2018,Round 15,2018-06-30,9635
Collingwood,Brayden Sier,6,16,16,84.2,0,0,0,2,0,1,2,5,406,3,2,0,69,2018,Round 15,2018-06-30,9635
Collingwood,Ben Crocker,7,12,16,88.9,0,0,1,1,0,0,2,4,319,2,6,1,77,2018,Round 15,2018-06-30,9635
Collingwood,Josh Daicos,6,11,15,83.3,0,0,0,0,0,0,3,3,248,4,1,0,77,2018,Round 15,2018-06-30,9635
Collingwood,Brayden Maynard,7,9,12,75.0,0,1,0,5,1,1,0,2,351,4,7,0,88,2018,Round 15,2018-06-30,9635
Collingwood,Brody Mihocek,7,8,11,73.3,0,0,2,5,0,0,0,5,223,4,7,0,88,2018,Round 15,2018-06-30,9635
Collingwood,Jordan De Goey,6,9,8,57.1,1,0,2,0,1,0,1,5,357,6,2,0,78,2018,Round 15,2018-06-30,9635
Collingwood,Lynden Dunn,5,7,10,76.9,0,0,0,9,0,0,0,1,254,1,6,0,64,2018,Round 15,2018-06-30,9635
Collingwood,Jaidyn Stephenson,6,7,9,69.2,1,0,2,0,0,0,0,8,236,2,2,1,83,2018,Round 15,2018-06-30,9635
Collingwood,Will Hoskin Elliott,4,7,7,63.6,0,2,1,2,0,0,0,4,43,0,2,0,85,2018,Round 15,2018-06-30,9635
Collingwood,Flynn Appleby,3,9,7,70.0,0,0,0,4,0,0,0,1,148,6,3,0,82,2018,Round 15,2018-06-30,9635
Collingwood,Mason Cox,3,5,5,62.5,1,0,1,4,1,0,0,5,164,3,0,0,92,2018,Round 15,2018-06-30,9635
Melbourne,Nathan Jones,5,23,18,66.7,0,0,0,0,1,0,1,8,502,8,1,1,86,2018,Round 15,2018-07-01,9637
Melbourne,Angus Brayshaw,13,15,19,70.4,0,0,1,0,0,4,1,3,351,6,2,1,74,2018,Round 15,2018-07-01,9637
Melbourne,Jack Viney,14,12,21,80.8,0,2,0,1,1,7,2,8,478,2,1,0,82,2018,Round 15,2018-07-01,9637
Melbourne,Max Gawn,13,11,20,80.0,7,0,1,1,0,2,2,8,389,5,9,0,87,2018,Round 15,2018-07-01,9637
Melbourne,James Harmes,11,12,19,79.2,1,1,1,2,2,1,1,6,454,3,2,0,78,2018,Round 15,2018-07-01,9637
Melbourne,Clayton Oliver,10,14,15,62.5,0,0,0,0,2,1,3,6,340,4,3,1,76,2018,Round 15,2018-07-01,9637
Melbourne,Jordan Lewis,4,16,16,69.6,1,0,1,0,0,2,1,4,409,3,3,0,87,2018,Round 15,2018-07-01,9637
Melbourne,Michael Hibberd,6,15,14,66.7,0,0,0,3,0,0,0,2,615,7,9,0,88,2018,Round 15,2018-07-01,9637
Melbourne,Dom Tyson,6,9,7,46.7,0,1,1,1,0,0,1,4,243,4,4,0,68,2018,Round 15,2018-07-01,9637
Melbourne,Jesse Hogan,11,5,10,66.7,1,1,1,0,0,1,0,10,149,2,1,4,88,2018,Round 15,2018-07-01,9637
Melbourne,Christian Salem,5,11,15,100.0,1,1,0,4,0,1,0,4,280,3,4,0,88,2018,Round 15,2018-07-01,9637
Melbourne,Christian Petracca,7,9,11,73.3,0,0,0,0,0,0,1,4,358,5,1,0,80,2018,Round 15,2018-07-01,9637
Melbourne,Neville Jetta,4,9,12,85.7,0,1,0,0,0,0,1,4,146,3,3,0,78,2018,Round 15,2018-07-01,9637
Melbourne,Oscar Mcdonald,6,8,12,85.7,0,0,0,4,0,0,0,0,165,1,8,0,100,2018,Round 15,2018-07-01,9637
Melbourne,Alex Neal Bullen,5,9,10,71.4,0,2,1,0,0,0,2,5,112,2,1,0,74,2018,Round 15,2018-07-01,9637
Melbourne,Joel Smith 1,8,7,10,71.4,0,0,0,3,0,0,1,4,235,3,9,0,88,2018,Round 15,2018-07-01,9637
Melbourne,Harrison Petty,2,10,5,45.5,0,0,0,2,0,1,0,0,120,3,2,0,82,2018,Round 15,2018-07-01,9637
Melbourne,Jake Melksham,2,9,5,50.0,0,0,1,2,0,0,0,4,292,4,1,0,85,2018,Round 15,2018-07-01,9637
Melbourne,Bayley Fritsch,3,6,7,77.8,0,2,2,0,0,0,0,7,302,2,0,1,78,2018,Round 15,2018-07-01,9637
Melbourne,Tom Mcdonald,4,4,5,62.5,1,0,1,1,0,0,0,2,57,1,2,1,88,2018,Round 15,2018-07-01,9637
Melbourne,Sam Weideman,3,4,4,57.1,1,0,1,3,0,0,0,5,82,0,3,2,72,2018,Round 15,2018-07-01,9637
Melbourne,Mitchell Hannan,1,2,3,75.0,0,1,0,0,0,0,0,3,35,0,0,2,75,2018,Round 15,2018-07-01,9637
St Kilda,Jack Sinclair,8,22,20,66.7,0,3,1,2,3,0,1,9,509,7,7,0,91,2018,Round 15,2018-07-01,9637
St Kilda,Jack Steven,13,13,15,55.6,0,1,1,0,0,4,3,9,302,5,2,0,83,2018,Round 15,2018-07-01,9637
St Kilda,David Armitage,10,17,21,80.8,0,1,1,0,0,2,0,9,417,6,5,1,75,2018,Round 15,2018-07-01,9637
St Kilda,Jarryn Geary,9,16,17,68.0,0,0,0,4,1,0,0,6,282,4,9,0,91,2018,Round 15,2018-07-01,9637
St Kilda,Jack Billings,4,20,22,91.7,0,2,2,0,0,0,0,7,334,4,2,0,85,2018,Round 15,2018-07-01,9637
St Kilda,Sebastian Ross,5,18,17,73.9,0,0,0,3,1,1,0,3,498,5,4,0,95,2018,Round 15,2018-07-01,9637
St Kilda,Shane Savage,5,16,20,90.9,0,0,1,3,2,0,1,9,334,4,5,0,88,2018,Round 15,2018-07-01,9637
St Kilda,Jake Carlisle,7,16,18,81.8,1,1,0,8,0,0,2,6,239,2,7,0,95,2018,Round 15,2018-07-01,9637
St Kilda,Jack Steele,8,14,17,85.0,0,0,0,1,1,1,4,7,285,4,2,0,80,2018,Round 15,2018-07-01,9637
St Kilda,Daniel Mckenzie,10,10,14,73.7,1,0,0,7,0,0,0,5,203,1,9,0,88,2018,Round 15,2018-07-01,9637
St Kilda,Jade Gresham,8,11,14,73.7,0,2,1,2,0,2,1,9,227,3,1,0,88,2018,Round 15,2018-07-01,9637
St Kilda,Luke Dunstan,4,11,15,93.8,0,0,0,2,0,0,1,5,242,2,3,1,69,2018,Round 15,2018-07-01,9637
St Kilda,Josh Battle,7,10,8,50.0,2,1,2,1,0,0,1,7,271,4,2,0,73,2018,Round 15,2018-07-01,9637
St Kilda,Maverick Weller,7,8,12,80.0,0,0,0,2,0,0,2,3,151,2,1,1,88,2018,Round 15,2018-07-01,9637
St Kilda,Tim Membrey,6,10,11,73.3,0,0,4,3,0,1,0,7,368,2,2,0,92,2018,Round 15,2018-07-01,9637
St Kilda,Hunter Clark,5,10,11,78.6,0,0,0,1,1,1,1,7,247,3,1,2,67,2018,Round 15,2018-07-01,9637
St Kilda,Paddy Mccartin,8,4,5,41.7,1,0,3,0,0,0,0,8,289,2,0,0,68,2018,Round 15,2018-07-01,9637
St Kilda,Jack Newnes,1,9,7,70.0,0,0,1,0,0,0,0,6,210,3,1,1,89,2018,Round 15,2018-07-01,9637
St Kilda,Darragh Joyce,4,7,7,70.0,0,0,0,5,0,0,0,2,138,2,4,0,78,2018,Round 15,2018-07-01,9637
St Kilda,Bailey Rice,3,5,5,55.6,0,0,0,5,0,0,0,2,167,1,4,0,73,2018,Round 15,2018-07-01,9637
St Kilda,Billy Longer,3,5,4,50.0,0,0,0,2,0,1,1,1,54,1,1,0,92,2018,Round 15,2018-07-01,9637
St Kilda,Nathan Brown,2,3,4,80.0,0,0,0,2,0,0,1,2,27,1,1,0,53,2018,Round 15,2018-07-01,9637
Fremantle,Lachie Neale,15,15,18,58.1,0,0,0,1,0,2,7,8,450,5,3,2,87,2018,Round 15,2018-07-01,9639
Fremantle,Michael Walters,13,15,19,73.1,0,1,0,0,3,2,4,9,324,6,3,0,83,2018,Round 15,2018-07-01,9639
Fremantle,Ed Langdon,2,21,21,84.0,0,0,1,2,0,0,0,5,499,6,4,0,85,2018,Round 15,2018-07-01,9639
Fremantle,David Mundy,8,12,14,73.7,1,1,0,2,0,0,1,7,421,4,1,1,92,2018,Round 15,2018-07-01,9639
Fremantle,Andrew Brayshaw,6,12,11,61.1,0,1,0,1,0,2,1,3,344,7,3,1,71,2018,Round 15,2018-07-01,9639
Fremantle,Stephen Hill,6,9,11,68.8,0,0,0,1,1,0,1,3,276,3,6,0,89,2018,Round 15,2018-07-01,9639
Fremantle,Thomas Sheridan,2,14,11,68.8,0,0,1,2,0,0,0,0,211,2,3,0,82,2018,Round 15,2018-07-01,9639
Fremantle,Nathan Wilson,4,11,14,87.5,0,0,0,4,2,0,2,2,527,3,3,0,87,2018,Round 15,2018-07-01,9639
Fremantle,Darcy Tucker,5,11,10,66.7,1,0,1,0,0,0,1,5,312,5,2,0,78,2018,Round 15,2018-07-01,9639
Fremantle,Stefan Giro,5,9,11,73.3,0,0,0,0,0,1,0,4,0,1,2,1,86,2018,Round 15,2018-07-01,9639
Fremantle,Shane Kersten,4,10,8,57.1,0,0,0,5,0,0,0,3,184,2,4,0,84,2018,Round 15,2018-07-01,9639
Fremantle,Michael Apeness,8,6,9,69.2,0,0,1,7,0,4,0,4,62,2,1,0,91,2018,Round 15,2018-07-01,9639
Fremantle,Adam Cerra,8,6,9,69.2,0,1,0,3,0,0,1,3,217,3,3,0,85,2018,Round 15,2018-07-01,9639
Fremantle,Joel Hamling,4,7,11,100.0,3,0,0,6,0,0,0,1,112,1,3,0,98,2018,Round 15,2018-07-01,9639
Fremantle,Hayden Ballantyne,3,7,7,70.0,0,0,2,0,2,1,1,6,260,2,1,0,81,2018,Round 15,2018-07-01,9639
Fremantle,Luke Ryan,4,7,9,90.0,0,0,0,4,0,0,2,1,123,0,3,0,75,2018,Round 15,2018-07-01,9639
Fremantle,Brandon Matera,5,5,7,77.8,0,0,0,1,0,0,1,3,107,1,0,1,85,2018,Round 15,2018-07-01,9639
Fremantle,Nathan Fyfe,3,5,6,75.0,1,1,0,0,0,0,1,4,131,1,1,0,26,2018,Round 15,2018-07-01,9639
Fremantle,Ryan Nyhuis,2,5,6,75.0,0,0,0,0,0,0,0,4,146,2,2,1,87,2018,Round 15,2018-07-01,9639
Fremantle,Brennan Cox,5,2,7,87.5,3,0,1,2,1,1,0,4,115,0,3,2,80,2018,Round 15,2018-07-01,9639
Fremantle,Bailey Banfield,4,5,7,87.5,0,1,0,0,0,0,1,1,61,0,2,1,83,2018,Round 15,2018-07-01,9639
Fremantle,Alex Pearce,6,2,5,83.3,1,0,0,5,0,0,0,0,147,1,5,0,84,2018,Round 15,2018-07-01,9639
Brisbane Lions,Dayne Beams,16,17,30,90.9,0,1,0,1,0,4,8,11,339,3,2,0,81,2018,Round 15,2018-07-01,9639
Brisbane Lions,Nicholas Robertson,6,21,17,65.4,1,0,0,3,0,0,0,1,367,7,6,0,90,2018,Round 15,2018-07-01,9639
Brisbane Lions,Hugh Mccluggage,4,19,18,75.0,0,0,1,0,3,0,2,4,494,3,2,2,90,2018,Round 15,2018-07-01,9639
Brisbane Lions,Jarrod Berry,11,15,21,87.5,0,1,0,3,0,2,4,8,442,4,2,1,86,2018,Round 15,2018-07-01,9639
Brisbane Lions,Alex Witherden,4,13,16,76.2,0,1,0,3,0,1,1,6,388,3,4,0,79,2018,Round 15,2018-07-01,9639
Brisbane Lions,Stefan Martin,10,12,18,94.7,1,1,0,3,0,1,6,11,70,3,2,1,89,2018,Round 15,2018-07-01,9639
Brisbane Lions,Dayne Zorko,8,9,14,73.7,0,1,0,0,0,2,2,10,229,3,1,1,86,2018,Round 15,2018-07-01,9639
Brisbane Lions,Tom Cutler,6,14,14,73.7,0,0,3,2,1,0,0,7,322,3,4,0,82,2018,Round 15,2018-07-01,9639
Brisbane Lions,Cameron Rayner,11,10,12,63.2,1,0,1,0,0,1,1,6,272,5,3,2,72,2018,Round 15,2018-07-01,9639
Brisbane Lions,Mitch Robinson,6,12,12,66.7,0,0,0,1,1,1,1,5,286,2,0,0,79,2018,Round 15,2018-07-01,9639
Brisbane Lions,Luke Hodge,6,11,13,76.5,1,0,0,6,0,1,0,3,229,2,6,0,84,2018,Round 15,2018-07-01,9639
Brisbane Lions,Allen Christensen,5,12,11,64.7,0,1,1,0,0,0,0,5,341,1,0,2,81,2018,Round 15,2018-07-01,9639
Brisbane Lions,Lewis Taylor,7,11,12,70.6,0,3,1,1,0,0,0,8,186,2,3,1,78,2018,Round 15,2018-07-01,9639
Brisbane Lions,Daniel Rich,3,12,12,80.0,0,0,0,0,0,0,1,3,143,2,2,0,86,2018,Round 15,2018-07-01,9639
Brisbane Lions,Ryan Lester,6,8,13,86.7,0,0,0,4,0,0,1,4,243,2,6,0,76,2018,Round 15,2018-07-01,9639
Brisbane Lions,Eric Hipwood,5,10,6,40.0,1,2,4,1,0,0,0,8,212,3,0,0,84,2018,Round 15,2018-07-01,9639
Brisbane Lions,Joshua Walker,6,8,12,85.7,1,0,0,7,0,0,1,1,167,1,6,0,91,2018,Round 15,2018-07-01,9639
Brisbane Lions,Jake Barrett,4,10,14,100.0,0,0,0,1,0,0,0,6,134,3,2,1,69,2018,Round 15,2018-07-01,9639
Brisbane Lions,Rhys Mathieson,5,9,12,85.7,0,0,0,3,0,1,3,4,139,3,1,0,68,2018,Round 15,2018-07-01,9639
Brisbane Lions,Darcy Gardiner,3,10,9,69.2,0,0,0,5,0,0,0,1,189,1,3,0,95,2018,Round 15,2018-07-01,9639
Brisbane Lions,Daniel Mcstay,6,5,9,81.8,3,1,3,0,0,0,0,7,184,1,1,1,81,2018,Round 15,2018-07-01,9639
Brisbane Lions,Oscar Mcinerney,3,6,7,77.8,1,0,3,4,0,0,1,3,96,1,1,0,74,2018,Round 15,2018-07-01,9639
Essendon,Dyson Heppell,12,23,27,79.4,0,1,0,1,0,3,2,7,656,10,5,2,89,2018,Round 15,2018-07-01,9638
Essendon,Zachary Merrett,16,17,28,87.5,0,2,0,0,0,6,6,8,206,2,3,1,75,2018,Round 15,2018-07-01,9638
Essendon,David Myers,10,15,24,96.0,0,2,0,0,2,1,4,8,477,2,2,1,73,2018,Round 15,2018-07-01,9638
Essendon,Michael Hurley,6,17,16,64.0,3,0,0,4,0,0,0,3,438,6,6,0,89,2018,Round 15,2018-07-01,9638
Essendon,Brendon Goddard,5,20,21,87.5,1,0,0,1,0,0,1,6,245,4,5,0,88,2018,Round 15,2018-07-01,9638
Essendon,Andrew Mcgrath,9,15,16,66.7,0,0,0,2,2,0,4,3,376,4,4,0,78,2018,Round 15,2018-07-01,9638
Essendon,Kyle Langford,8,14,15,68.2,0,0,1,1,0,0,2,6,317,3,5,1,78,2018,Round 15,2018-07-01,9638
Essendon,Shaun Mckernan,6,11,11,61.1,2,1,2,2,1,0,1,10,359,6,2,1,96,2018,Round 15,2018-07-01,9638
Essendon,Mitchell Brown 1,6,11,16,94.1,2,1,0,2,0,0,0,7,148,5,2,1,86,2018,Round 15,2018-07-01,9638
Essendon,Orazio Fantasia,8,11,15,88.2,0,2,2,1,2,1,1,9,397,1,1,4,75,2018,Round 15,2018-07-01,9638
Essendon,Matthew Dea,7,8,14,87.5,0,0,0,3,0,0,1,2,93,1,9,0,69,2018,Round 15,2018-07-01,9638
Essendon,Adam Saad,0,15,13,81.2,0,0,0,1,10,0,0,5,408,3,0,0,83,2018,Round 15,2018-07-01,9638
Essendon,Conor Mckenna,2,13,15,93.8,0,2,0,2,3,0,1,4,358,3,1,0,83,2018,Round 15,2018-07-01,9638
Essendon,Anthony Mcdonald Tipungwuti,8,8,10,62.5,0,2,2,2,0,1,0,8,251,3,3,1,68,2018,Round 15,2018-07-01,9638
Essendon,Cale Hooker,6,10,14,93.3,2,0,0,6,0,0,0,2,177,4,8,0,100,2018,Round 15,2018-07-01,9638
Essendon,Travis Colyer,4,11,12,80.0,0,0,0,2,0,1,1,3,228,0,1,0,73,2018,Round 15,2018-07-01,9638
Essendon,Devon Smith,6,10,7,46.7,0,0,1,0,0,0,0,3,168,5,2,1,84,2018,Round 15,2018-07-01,9638
Essendon,Jake Stringer,7,10,10,66.7,1,1,3,2,0,1,0,8,373,4,1,0,81,2018,Round 15,2018-07-01,9638
Essendon,Matt Guelfi,6,7,8,57.1,0,0,1,1,0,0,0,6,134,1,4,2,75,2018,Round 15,2018-07-01,9638
Essendon,Tom Bellchambers,4,5,7,77.8,1,0,1,0,0,2,0,4,14,0,2,0,84,2018,Round 15,2018-07-01,9638
Essendon,Mark Baguley,4,6,6,75.0,1,0,0,3,0,1,0,5,91,4,0,2,84,2018,Round 15,2018-07-01,9638
Essendon,Patrick Ambrose,4,4,7,87.5,0,0,0,3,0,0,0,3,21,1,5,0,86,2018,Round 15,2018-07-01,9638
North Melbourne,Shaun Higgins,13,18,22,71.0,2,2,1,1,0,3,2,14,477,6,2,0,91,2018,Round 15,2018-07-01,9638
North Melbourne,Jamie Macmillan,9,16,21,87.5,1,0,0,5,0,0,1,6,452,3,8,0,82,2018,Round 15,2018-07-01,9638
North Melbourne,Ben Cunnington,10,14,21,91.3,2,2,1,0,0,4,0,9,213,1,1,1,76,2018,Round 15,2018-07-01,9638
North Melbourne,Paul Ahern,14,9,12,54.5,0,1,1,1,1,3,0,5,365,4,3,0,68,2018,Round 15,2018-07-01,9638
North Melbourne,Samuel Wright,3,16,19,90.5,0,0,0,2,0,0,0,6,323,3,7,0,77,2018,Round 15,2018-07-01,9638
North Melbourne,Jed Anderson,12,8,15,75.0,0,0,0,5,0,4,1,5,165,3,3,1,83,2018,Round 15,2018-07-01,9638
North Melbourne,Luke Mcdonald,6,15,13,65.0,0,0,1,2,1,0,2,5,466,8,2,0,75,2018,Round 15,2018-07-01,9638
North Melbourne,Jack Ziebell,7,9,10,52.6,0,0,0,1,0,2,1,1,364,6,4,1,82,2018,Round 15,2018-07-01,9638
North Melbourne,Scott Thompson 1,7,10,15,88.2,2,0,0,4,1,0,1,5,192,1,7,0,98,2018,Round 15,2018-07-01,9638
North Melbourne,Mason Wood,8,8,9,56.2,2,2,3,2,0,0,1,11,306,3,2,0,81,2018,Round 15,2018-07-01,9638
North Melbourne,Trent Dumont,3,14,13,81.2,0,1,2,1,0,0,1,7,287,2,3,1,85,2018,Round 15,2018-07-01,9638
North Melbourne,Todd Goldstein,6,9,11,78.6,1,1,0,4,1,1,0,10,187,1,3,1,89,2018,Round 15,2018-07-01,9638
North Melbourne,Shaun Atley,3,10,12,85.7,0,0,1,1,0,0,0,7,166,3,3,0,79,2018,Round 15,2018-07-01,9638
North Melbourne,Ben Brown,6,9,6,42.9,3,0,4,4,0,0,0,6,270,6,2,3,100,2018,Round 15,2018-07-01,9638
North Melbourne,Ryan Clarke,4,10,10,71.4,0,0,0,0,0,0,1,3,341,7,2,0,69,2018,Round 15,2018-07-01,9638
North Melbourne,Jy Simpkin,5,8,10,71.4,0,0,0,3,1,1,3,1,169,3,1,0,77,2018,Round 15,2018-07-01,9638
North Melbourne,Robert Tarrant,3,8,11,84.6,0,0,0,2,0,0,0,3,199,1,5,0,93,2018,Round 15,2018-07-01,9638
North Melbourne,Nathan Hrovat,7,6,8,61.5,0,2,2,0,0,0,0,6,96,3,3,0,67,2018,Round 15,2018-07-01,9638
North Melbourne,Kayne Turner,3,8,10,90.9,0,0,0,0,0,0,1,6,131,2,1,1,85,2018,Round 15,2018-07-01,9638
North Melbourne,Marley Williams,1,8,8,88.9,0,0,0,2,0,0,0,0,136,2,3,0,88,2018,Round 15,2018-07-01,9638
North Melbourne,Majak Daw,3,5,7,87.5,2,0,0,8,0,0,0,1,136,2,4,0,85,2018,Round 15,2018-07-01,9638
North Melbourne,Thomas Murphy 1,4,3,5,71.4,0,0,0,0,1,0,0,3,66,1,3,0,68,2018,Round 15,2018-07-01,9638
Sydney,Jake Lloyd,9,22,26,78.8,0,0,0,4,0,1,3,0,658,7,3,0,93,2018,Round 16,2018-07-05,9640
Sydney,Josh P  Kennedy,22,4,15,57.7,0,0,0,3,0,7,5,2,145,2,0,2,88,2018,Round 16,2018-07-05,9640
Sydney,Luke Parker,10,13,10,43.5,1,0,0,2,0,0,5,5,467,6,2,1,87,2018,Round 16,2018-07-05,9640
Sydney,Zak Jones,5,19,15,71.4,0,0,0,5,1,0,0,2,524,8,5,0,86,2018,Round 16,2018-07-05,9640
Sydney,Robbie Fox,8,11,14,70.0,0,1,1,2,1,1,1,4,358,7,2,3,81,2018,Round 16,2018-07-05,9640
Sydney,Harry Cunningham,2,17,12,63.2,0,2,0,0,0,0,0,3,275,2,0,2,77,2018,Round 16,2018-07-05,9640
Sydney,Callum Sinclair,9,9,10,52.6,1,0,0,4,0,1,3,7,338,6,5,2,85,2018,Round 16,2018-07-05,9640
Sydney,Aliir Aliir,12,8,16,84.2,2,0,0,8,0,0,0,1,221,3,11,0,93,2018,Round 16,2018-07-05,9640
Sydney,Jarrad Mcveigh,4,11,14,87.5,0,0,0,0,1,0,2,4,232,2,2,0,66,2018,Round 16,2018-07-05,9640
Sydney,Heath Grundy,5,7,13,86.7,0,0,0,5,0,0,1,1,252,4,7,0,87,2018,Round 16,2018-07-05,9640
Sydney,Dane Rampe,3,11,13,86.7,1,0,0,4,2,0,0,0,404,4,5,0,97,2018,Round 16,2018-07-05,9640
Sydney,Daniel Robinson,7,6,9,64.3,0,0,0,0,0,0,1,4,254,3,3,1,82,2018,Round 16,2018-07-05,9640
Sydney,Oliver Florent,7,8,9,64.3,1,1,1,1,1,0,1,5,203,1,1,1,92,2018,Round 16,2018-07-05,9640
Sydney,Daniel Hannebery,4,9,8,66.7,0,0,0,1,0,0,1,2,244,2,1,0,72,2018,Round 16,2018-07-05,9640
Sydney,George Hewett,7,5,7,58.3,0,0,0,1,0,0,1,2,78,1,3,0,85,2018,Round 16,2018-07-05,9640
Sydney,Ben Ronke,4,9,5,41.7,1,0,0,2,0,0,0,2,203,3,1,1,83,2018,Round 16,2018-07-05,9640
Sydney,Nick Smith 1,5,7,8,72.7,0,0,0,9,0,0,0,2,115,4,5,0,91,2018,Round 16,2018-07-05,9640
Sydney,Will Hayward,5,5,8,72.7,0,1,1,0,0,0,0,2,51,2,2,3,80,2018,Round 16,2018-07-05,9640
Sydney,Tom Mccartin,10,1,10,90.9,4,0,1,4,0,0,0,4,132,0,3,0,86,2018,Round 16,2018-07-05,9640
Sydney,Lance Franklin,6,6,5,50.0,1,0,3,3,0,0,0,6,198,3,0,1,93,2018,Round 16,2018-07-05,9640
Sydney,Dean Towers,4,4,5,62.5,0,0,0,1,0,0,0,1,29,4,2,0,85,2018,Round 16,2018-07-05,9640
Sydney,Kieran Jack,1,1,1,50.0,0,0,0,0,0,0,1,0,35,0,0,0,10,2018,Round 16,2018-07-05,9640
Geelong,Mitchell Duncan,12,22,23,71.9,0,1,0,0,1,1,4,8,573,5,3,0,86,2018,Round 16,2018-07-05,9640
Geelong,Joel Selwood,13,16,20,71.4,0,0,0,1,0,2,3,6,576,5,4,1,86,2018,Round 16,2018-07-05,9640
Geelong,Zach Tuohy,7,18,23,85.2,0,1,0,2,0,0,1,7,342,3,8,0,91,2018,Round 16,2018-07-05,9640
Geelong,Sam Menegola,6,19,12,48.0,0,0,1,2,0,0,4,9,572,5,2,0,86,2018,Round 16,2018-07-05,9640
Geelong,Thomas Stewart,11,13,18,78.3,1,0,0,7,0,0,0,4,212,3,10,0,80,2018,Round 16,2018-07-05,9640
Geelong,Brandan Parfitt,12,9,11,52.4,0,1,0,1,0,0,0,7,150,2,2,0,74,2018,Round 16,2018-07-05,9640
Geelong,Tim Kelly,7,15,12,57.1,0,1,2,2,0,2,3,7,324,4,0,3,82,2018,Round 16,2018-07-05,9640
Geelong,Patrick Dangerfield,10,9,15,78.9,1,0,0,2,0,2,4,7,382,3,1,0,81,2018,Round 16,2018-07-05,9640
Geelong,Gary Jnr Ablett,4,14,14,82.4,0,0,0,2,0,0,2,4,389,5,1,1,78,2018,Round 16,2018-07-05,9640
Geelong,Cameron Guthrie,6,11,13,76.5,0,0,0,2,1,0,0,2,214,2,5,0,75,2018,Round 16,2018-07-05,9640
Geelong,Tom Hawkins,9,7,7,43.8,1,0,4,1,1,0,0,11,338,0,3,2,92,2018,Round 16,2018-07-05,9640
Geelong,Jake Kolodjashnij,11,6,10,62.5,2,0,0,7,0,0,0,3,80,2,10,0,87,2018,Round 16,2018-07-05,9640
Geelong,Rhys Stanley,9,6,9,60.0,0,0,1,3,0,1,3,7,259,4,3,0,83,2018,Round 16,2018-07-05,9640
Geelong,Jack Henry,7,7,9,60.0,2,0,0,4,0,0,0,3,392,6,8,0,82,2018,Round 16,2018-07-05,9640
Geelong,Scott Selwood,6,10,12,85.7,0,1,1,5,0,0,0,4,132,2,1,2,73,2018,Round 16,2018-07-05,9640
Geelong,Quinton Narkle,4,7,8,66.7,0,0,0,0,0,1,0,4,41,2,2,0,80,2018,Round 16,2018-07-05,9640
Geelong,Lachlan Fogarty,3,8,6,50.0,1,1,1,0,0,0,0,3,186,3,2,4,76,2018,Round 16,2018-07-05,9640
Geelong,Harry Taylor,9,3,8,72.7,0,0,0,2,0,0,2,6,14,3,2,1,87,2018,Round 16,2018-07-05,9640
Geelong,Jamaine Jones,4,6,6,60.0,0,0,2,0,0,0,0,4,113,3,1,6,68,2018,Round 16,2018-07-05,9640
Geelong,Jordan Murdoch,4,4,5,62.5,1,1,1,1,0,0,1,4,166,0,1,1,70,2018,Round 16,2018-07-05,9640
Geelong,Mark Blicavs,4,4,8,100.0,0,0,0,13,0,0,1,0,38,0,3,0,100,2018,Round 16,2018-07-05,9640
Geelong,Jed Bews,2,5,6,85.7,0,0,0,0,0,0,0,2,172,1,2,0,84,2018,Round 16,2018-07-05,9640
Richmond,Kane Lambert,7,26,23,69.7,0,2,1,0,0,0,4,10,627,8,1,0,86,2018,Round 16,2018-07-06,9641
Richmond,Dustin Martin,17,15,17,56.7,2,0,0,1,2,1,2,7,495,6,2,0,88,2018,Round 16,2018-07-06,9641
Richmond,Shaun Grigg,7,21,23,82.1,1,0,1,2,0,0,1,3,222,3,6,0,88,2018,Round 16,2018-07-06,9641
Richmond,Shane Edwards,14,13,21,75.0,0,1,0,0,2,1,3,7,574,1,8,0,82,2018,Round 16,2018-07-06,9641
Richmond,Dion Prestia,12,15,21,75.0,0,1,0,0,1,2,4,11,458,5,3,0,76,2018,Round 16,2018-07-06,9641
Richmond,Trent Cotchin,14,12,21,77.8,1,0,0,0,0,2,5,5,426,5,5,0,82,2018,Round 16,2018-07-06,9641
Richmond,Brandon Ellis,6,20,25,92.6,0,1,0,0,0,0,1,7,355,2,7,0,75,2018,Round 16,2018-07-06,9641
Richmond,Jayden Short,3,21,18,72.0,0,1,0,0,2,0,0,6,599,8,4,0,88,2018,Round 16,2018-07-06,9641
Richmond,Jack Higgins,11,13,17,68.0,1,0,0,1,0,1,2,5,162,5,5,1,66,2018,Round 16,2018-07-06,9641
Richmond,Josh Caddy,10,10,16,84.2,0,1,1,2,1,1,1,5,415,6,2,0,88,2018,Round 16,2018-07-06,9641
Richmond,Nathan Broad,6,12,13,68.4,1,0,0,6,0,0,0,1,214,2,6,0,73,2018,Round 16,2018-07-06,9641
Richmond,Jack Riewoldt,10,8,12,66.7,2,1,3,2,0,0,1,7,423,8,0,2,97,2018,Round 16,2018-07-06,9641
Richmond,David Astbury,3,15,16,88.9,2,0,0,10,0,0,0,3,298,2,6,0,95,2018,Round 16,2018-07-06,9641
Richmond,Jack Graham,4,12,11,64.7,0,0,1,0,0,0,2,3,230,3,1,3,51,2018,Round 16,2018-07-06,9641
Richmond,Dylan Grimes,5,11,15,93.8,0,0,0,7,0,0,0,3,59,1,8,0,88,2018,Round 16,2018-07-06,9641
Richmond,Toby Nankervis,8,8,10,62.5,1,0,0,7,0,2,1,6,119,1,4,0,88,2018,Round 16,2018-07-06,9641
Richmond,Alex Rance,6,9,12,80.0,0,0,0,10,0,0,0,1,158,1,7,0,98,2018,Round 16,2018-07-06,9641
Richmond,Jason Castagna,7,8,9,60.0,0,1,1,0,3,0,1,5,215,3,1,1,87,2018,Round 16,2018-07-06,9641
Richmond,Corey Ellis,6,8,12,92.3,0,0,0,4,0,0,0,2,57,0,7,0,78,2018,Round 16,2018-07-06,9641
Richmond,Callum Moore,6,8,10,76.9,2,0,3,4,2,0,0,7,273,0,2,2,92,2018,Round 16,2018-07-06,9641
Richmond,Daniel Rioli,2,11,7,58.3,0,0,0,2,0,0,0,4,376,3,2,4,80,2018,Round 16,2018-07-06,9641
Richmond,Daniel Butler,2,4,4,57.1,0,1,0,1,1,0,0,5,162,1,1,0,53,2018,Round 16,2018-07-06,9641
Adelaide,Matt Crouch,15,22,26,68.4,0,0,0,0,0,5,5,4,381,6,3,0,80,2018,Round 16,2018-07-06,9641
Adelaide,Rory Laird,7,27,24,68.6,1,0,0,0,1,0,0,4,547,11,6,0,85,2018,Round 16,2018-07-06,9641
Adelaide,Rory Sloane,18,12,20,64.5,0,0,0,1,0,3,8,5,374,8,3,1,84,2018,Round 16,2018-07-06,9641
Adelaide,Tom Doedee,11,18,25,89.3,3,0,0,7,0,0,0,4,271,3,12,0,91,2018,Round 16,2018-07-06,9641
Adelaide,Bryce Gibbs,7,17,14,56.0,1,0,0,0,0,1,2,4,270,6,3,0,82,2018,Round 16,2018-07-06,9641
Adelaide,Hugh Greenwood,15,7,15,68.2,0,1,1,0,0,2,6,3,188,3,3,0,76,2018,Round 16,2018-07-06,9641
Adelaide,Wayne Milera,7,12,16,80.0,0,1,0,3,0,0,1,3,325,4,7,0,84,2018,Round 16,2018-07-06,9641
Adelaide,Kyle Cheney,6,11,17,89.5,2,1,0,5,0,0,1,1,328,3,5,0,86,2018,Round 16,2018-07-06,9641
Adelaide,Tom Lynch,4,16,15,78.9,0,1,0,1,0,0,0,4,334,1,2,0,80,2018,Round 16,2018-07-06,9641
Adelaide,Daniel Talia,9,9,14,77.8,2,0,0,8,0,0,1,4,272,3,10,0,87,2018,Round 16,2018-07-06,9641
Adelaide,Paul Seedsman,8,12,15,83.3,1,0,0,4,0,0,0,4,429,6,2,0,78,2018,Round 16,2018-07-06,9641
Adelaide,Richard Douglas,8,9,11,64.7,0,1,0,2,0,3,1,4,404,4,0,1,66,2018,Round 16,2018-07-06,9641
Adelaide,Jake Kelly,3,12,12,75.0,0,0,0,1,0,0,0,1,262,2,2,0,80,2018,Round 16,2018-07-06,9641
Adelaide,Kyle Hartigan,3,12,11,73.3,0,0,0,1,0,0,0,1,275,5,5,0,88,2018,Round 16,2018-07-06,9641
Adelaide,Luke Brown,3,9,12,92.3,0,0,0,0,0,0,0,2,210,2,3,0,82,2018,Round 16,2018-07-06,9641
Adelaide,Sam Jacobs,3,9,6,54.5,1,0,0,4,0,0,0,2,228,3,3,0,83,2018,Round 16,2018-07-06,9641
Adelaide,Taylor Walker,4,7,6,54.5,0,0,0,4,0,0,0,4,316,4,1,3,84,2018,Round 16,2018-07-06,9641
Adelaide,Josh Jenkins,9,5,9,90.0,2,1,2,3,0,0,0,8,79,1,1,0,85,2018,Round 16,2018-07-06,9641
Adelaide,Jordan Gallucci,3,6,4,40.0,0,0,0,1,2,0,0,3,313,4,2,0,76,2018,Round 16,2018-07-06,9641
Adelaide,Myles Poholke,2,7,4,50.0,0,0,0,0,0,0,0,3,132,4,1,0,80,2018,Round 16,2018-07-06,9641
Adelaide,Darcy Fogarty,5,4,6,75.0,1,0,1,2,0,0,0,1,134,3,0,0,81,2018,Round 16,2018-07-06,9641
Adelaide,Curtly Hampton,1,1,1,50.0,0,0,0,1,0,0,1,0,-13,2,0,0,83,2018,Round 16,2018-07-06,9641
Brisbane Lions,Dayne Beams,20,22,28,70.0,0,0,0,0,1,5,3,9,510,9,3,0,85,2018,Round 16,2018-07-07,9642
Brisbane Lions,Alex Witherden,2,25,26,83.9,0,0,0,1,0,0,0,3,601,2,3,0,79,2018,Round 16,2018-07-07,9642
Brisbane Lions,Daniel Rich,6,19,26,92.9,0,1,0,0,0,1,2,5,303,1,5,0,89,2018,Round 16,2018-07-07,9642
Brisbane Lions,Tom Cutler,4,23,20,71.4,0,2,5,1,0,0,1,11,497,5,4,0,83,2018,Round 16,2018-07-07,9642
Brisbane Lions,Darcy Gardiner,9,18,24,88.9,1,0,0,10,0,0,0,6,96,2,10,0,96,2018,Round 16,2018-07-07,9642
Brisbane Lions,Luke Hodge,4,21,25,100.0,0,0,0,3,0,0,1,6,405,3,7,0,85,2018,Round 16,2018-07-07,9642
Brisbane Lions,Dayne Zorko,9,19,21,84.0,0,5,0,2,0,1,0,13,545,4,4,0,81,2018,Round 16,2018-07-07,9642
Brisbane Lions,Stefan Martin,11,11,15,68.2,1,0,1,0,0,2,3,8,177,2,2,0,86,2018,Round 16,2018-07-07,9642
Brisbane Lions,Ryan Lester,7,15,20,90.9,0,0,0,8,0,0,0,8,209,2,9,0,85,2018,Round 16,2018-07-07,9642
Brisbane Lions,Rhys Mathieson,12,10,17,77.3,0,0,0,1,0,1,3,5,77,4,1,0,76,2018,Round 16,2018-07-07,9642
Brisbane Lions,Hugh Mccluggage,6,16,13,65.0,0,1,2,0,0,0,2,9,189,3,0,1,80,2018,Round 16,2018-07-07,9642
Brisbane Lions,Jake Barrett,3,16,16,84.2,0,1,1,0,0,0,0,7,218,2,0,1,73,2018,Round 16,2018-07-07,9642
Brisbane Lions,Joshua Walker,2,14,14,82.4,0,0,0,6,0,0,0,2,95,1,4,0,87,2018,Round 16,2018-07-07,9642
Brisbane Lions,Jarrod Berry,7,10,16,94.1,0,2,0,3,0,0,3,6,139,0,1,1,86,2018,Round 16,2018-07-07,9642
Brisbane Lions,Allen Christensen,2,12,10,66.7,0,1,3,0,0,0,1,6,174,2,0,0,78,2018,Round 16,2018-07-07,9642
Brisbane Lions,Eric Hipwood,6,11,11,73.3,1,2,6,2,0,0,0,12,391,3,2,0,78,2018,Round 16,2018-07-07,9642
Brisbane Lions,Cameron Rayner,4,12,14,93.3,0,1,2,1,3,0,3,5,154,0,0,0,79,2018,Round 16,2018-07-07,9642
Brisbane Lions,Lewis Taylor,4,10,11,78.6,0,0,0,1,0,0,0,7,157,4,2,0,80,2018,Round 16,2018-07-07,9642
Brisbane Lions,Nicholas Robertson,3,11,9,69.2,0,0,0,0,0,0,0,2,169,3,0,0,78,2018,Round 16,2018-07-07,9642
Brisbane Lions,Mitch Robinson,3,8,9,75.0,0,0,1,1,0,0,2,5,271,4,0,2,72,2018,Round 16,2018-07-07,9642
Brisbane Lions,Oscar Mcinerney,4,3,7,87.5,2,0,1,2,0,1,1,4,81,1,2,0,80,2018,Round 16,2018-07-07,9642
Brisbane Lions,Daniel Mcstay,5,3,5,71.4,3,1,2,0,0,0,0,5,150,1,1,0,83,2018,Round 16,2018-07-07,9642
Carlton,Edward Curnow,13,14,19,73.1,0,1,0,0,1,2,3,4,387,3,3,1,94,2018,Round 16,2018-07-07,9642
Carlton,Marc Murphy,7,15,18,81.8,0,1,0,1,0,0,2,6,410,6,6,0,89,2018,Round 16,2018-07-07,9642
Carlton,Dale Thomas,8,13,19,86.4,0,1,0,1,1,1,0,7,333,2,9,1,88,2018,Round 16,2018-07-07,9642
Carlton,Jed Lamb,3,17,19,86.4,0,0,1,3,1,0,0,4,497,2,4,0,87,2018,Round 16,2018-07-07,9642
Carlton,Patrick Cripps,9,12,17,81.0,0,1,0,0,0,3,1,6,99,3,2,3,90,2018,Round 16,2018-07-07,9642
Carlton,Matthew Kennedy 1,7,14,16,76.2,0,0,1,1,0,1,2,5,215,1,0,0,76,2018,Round 16,2018-07-07,9642
Carlton,Darcy Lang,6,11,14,82.4,0,0,0,1,0,2,0,6,247,3,2,2,75,2018,Round 16,2018-07-07,9642
Carlton,Zac Fisher,6,11,12,70.6,0,1,0,0,0,1,1,4,338,3,3,0,80,2018,Round 16,2018-07-07,9642
Carlton,Lochie O Brien,4,13,9,56.2,0,0,0,0,0,1,0,4,282,5,1,0,84,2018,Round 16,2018-07-07,9642
Carlton,Matthew Kreuzer,8,5,11,84.6,0,0,0,3,0,4,3,3,134,1,1,0,83,2018,Round 16,2018-07-07,9642
Carlton,Nicholas Graham,5,8,10,76.9,0,1,1,0,0,0,0,4,143,3,2,2,80,2018,Round 16,2018-07-07,9642
Carlton,Jacob Weitering,4,8,9,69.2,1,0,0,4,0,0,0,2,293,3,7,0,75,2018,Round 16,2018-07-07,9642
Carlton,Caleb Marchbank,4,8,8,72.7,1,0,0,3,0,0,1,1,75,0,2,0,82,2018,Round 16,2018-07-07,9642
Carlton,Sam Petrevski Seton,2,7,6,60.0,0,0,3,0,0,1,0,4,214,2,0,1,78,2018,Round 16,2018-07-07,9642
Carlton,Jack Silvagni,2,7,8,88.9,0,0,0,2,0,0,0,1,139,2,0,0,90,2018,Round 16,2018-07-07,9642
Carlton,Cameron Polson,7,3,3,33.3,0,0,0,0,0,0,0,1,186,6,2,1,80,2018,Round 16,2018-07-07,9642
Carlton,Sam Rowe,3,3,4,57.1,2,0,0,6,0,0,1,3,38,2,3,0,92,2018,Round 16,2018-07-07,9642
Carlton,Matthew Wright,4,4,5,71.4,0,0,0,0,0,0,0,2,27,1,2,2,92,2018,Round 16,2018-07-07,9642
Carlton,Jarrod Pickett,2,6,4,57.1,0,0,0,1,3,0,0,2,302,5,3,2,83,2018,Round 16,2018-07-07,9642
Carlton,Liam Jones,4,3,4,66.7,1,0,0,6,0,0,0,0,34,2,6,0,96,2018,Round 16,2018-07-07,9642
Carlton,Charlie Curnow,4,2,4,66.7,1,0,1,1,0,0,0,5,163,3,0,1,96,2018,Round 16,2018-07-07,9642
Carlton,Andrew Phillips 1,0,2,1,50.0,0,0,1,0,0,0,0,0,-1,1,0,0,10,2018,Round 16,2018-07-07,9642
Port Adelaide,Chad Wingard,13,19,23,71.9,0,0,0,0,3,2,3,4,512,7,3,0,85,2018,Round 16,2018-07-07,9643
Port Adelaide,Tom Rockliff,15,15,20,66.7,0,1,0,0,1,0,4,7,514,5,4,0,70,2018,Round 16,2018-07-07,9643
Port Adelaide,Steven Motlop,8,21,19,67.9,0,2,1,2,7,0,3,7,607,5,3,1,86,2018,Round 16,2018-07-07,9643
Port Adelaide,Jared Polec,7,20,16,61.5,1,0,1,0,0,0,0,4,454,6,4,0,88,2018,Round 16,2018-07-07,9643
Port Adelaide,Darcy Byrne Jones,10,18,20,76.9,0,0,0,5,0,0,0,5,236,3,10,0,85,2018,Round 16,2018-07-07,9643
Port Adelaide,Sam Powell Pepper,11,14,16,66.7,0,2,0,1,0,3,2,4,329,4,2,3,82,2018,Round 16,2018-07-07,9643
Port Adelaide,Dan Houston,5,15,15,68.2,1,0,0,5,1,0,0,0,388,7,5,0,85,2018,Round 16,2018-07-07,9643
Port Adelaide,Robert Gray,10,14,14,66.7,3,1,4,1,0,2,1,8,144,5,1,2,96,2018,Round 16,2018-07-07,9643
Port Adelaide,Bradley Ebert,3,17,16,80.0,0,1,0,4,0,0,0,7,287,4,7,0,74,2018,Round 16,2018-07-07,9643
Port Adelaide,Tom Clurey,9,11,16,80.0,1,1,0,4,0,0,0,3,300,4,11,0,96,2018,Round 16,2018-07-07,9643
Port Adelaide,Justin Westhoff,9,10,10,52.6,2,0,3,1,0,0,1,9,301,5,9,2,91,2018,Round 16,2018-07-07,9643
Port Adelaide,Travis Boak,6,12,12,66.7,0,0,1,1,0,0,1,6,178,4,5,2,81,2018,Round 16,2018-07-07,9643
Port Adelaide,Oliver Wines,8,11,14,77.8,0,0,1,1,0,2,2,2,152,2,0,1,78,2018,Round 16,2018-07-07,9643
Port Adelaide,Jack Watts,5,12,14,82.4,2,0,2,0,0,0,0,8,224,2,1,2,87,2018,Round 16,2018-07-07,9643
Port Adelaide,Jack Trengove,4,13,15,93.8,0,0,0,3,0,0,1,4,151,0,3,0,82,2018,Round 16,2018-07-07,9643
Port Adelaide,Charlie Dixon,10,8,12,75.0,2,0,5,3,1,0,0,10,260,3,1,3,95,2018,Round 16,2018-07-07,9643
Port Adelaide,Riley Bonner,2,15,15,93.8,0,0,0,1,0,0,0,4,333,1,1,0,77,2018,Round 16,2018-07-07,9643
Port Adelaide,Lindsay Thomas,5,7,7,58.3,0,1,0,0,0,1,0,3,205,0,0,5,70,2018,Round 16,2018-07-07,9643
Port Adelaide,Thomas Jonas,4,7,9,75.0,1,0,0,4,0,0,0,2,93,2,9,0,49,2018,Round 16,2018-07-07,9643
Port Adelaide,Dougal Howard,4,2,6,75.0,2,0,0,4,0,0,0,0,82,1,6,0,95,2018,Round 16,2018-07-07,9643
Port Adelaide,Aidyn Johnson,2,6,5,62.5,0,0,0,2,2,0,0,1,130,5,0,1,68,2018,Round 16,2018-07-07,9643
Port Adelaide,Patrick Ryder,6,1,5,71.4,1,1,0,2,0,3,1,3,124,2,2,0,80,2018,Round 16,2018-07-07,9643
St Kilda,David Armitage,15,17,22,73.3,0,1,1,1,0,1,4,7,381,9,6,0,74,2018,Round 16,2018-07-07,9643
St Kilda,Jack Steele,13,15,18,69.2,1,0,0,2,0,3,2,2,190,7,4,0,79,2018,Round 16,2018-07-07,9643
St Kilda,Luke Dunstan,10,14,13,56.5,0,0,1,0,0,1,2,3,253,6,3,1,74,2018,Round 16,2018-07-07,9643
St Kilda,Shane Savage,4,18,12,54.5,0,0,0,0,2,0,0,3,544,6,4,0,93,2018,Round 16,2018-07-07,9643
St Kilda,Sebastian Ross,7,15,16,72.7,0,0,0,0,1,0,3,1,358,6,6,0,87,2018,Round 16,2018-07-07,9643
St Kilda,Jack Billings,9,13,12,54.5,0,0,0,0,0,0,1,3,334,8,3,1,90,2018,Round 16,2018-07-07,9643
St Kilda,Daniel Mckenzie,9,12,17,81.0,0,0,0,3,0,0,0,2,203,3,9,0,86,2018,Round 16,2018-07-07,9643
St Kilda,Jack Steven,8,11,15,75.0,0,0,0,0,0,2,0,2,262,4,2,1,84,2018,Round 16,2018-07-07,9643
St Kilda,Jimmy Webster,6,13,16,80.0,0,0,0,2,0,0,0,2,245,4,7,0,79,2018,Round 16,2018-07-07,9643
St Kilda,Jack Sinclair,10,10,12,60.0,0,0,0,2,0,0,3,3,320,4,4,0,86,2018,Round 16,2018-07-07,9643
St Kilda,Jarryn Geary,2,14,14,77.8,0,0,0,4,0,0,1,3,211,2,4,0,84,2018,Round 16,2018-07-07,9643
St Kilda,Maverick Weller,7,11,13,72.2,0,0,0,2,0,1,1,5,191,4,1,0,82,2018,Round 16,2018-07-07,9643
St Kilda,Logan Austin,5,13,14,77.8,2,0,0,5,0,0,0,1,201,2,8,0,94,2018,Round 16,2018-07-07,9643
St Kilda,Jade Gresham,8,10,12,70.6,1,2,1,0,1,0,2,7,379,4,2,3,89,2018,Round 16,2018-07-07,9643
St Kilda,Hunter Clark,5,7,9,69.2,0,0,0,1,0,0,0,4,172,5,4,1,68,2018,Round 16,2018-07-07,9643
St Kilda,Sam Gilbert,4,7,6,54.5,0,0,0,5,1,0,0,1,104,3,4,0,85,2018,Round 16,2018-07-07,9643
St Kilda,Jack Newnes,3,9,8,72.7,0,1,1,3,0,0,0,4,202,2,1,0,79,2018,Round 16,2018-07-07,9643
St Kilda,Billy Longer,4,4,5,55.6,0,0,0,6,0,0,3,2,47,2,1,0,82,2018,Round 16,2018-07-07,9643
St Kilda,Nathan Wright,7,4,7,77.8,1,0,0,4,0,0,0,4,84,1,3,0,72,2018,Round 16,2018-07-07,9643
St Kilda,Tim Membrey,2,7,7,87.5,0,0,2,3,0,0,0,4,191,2,1,0,83,2018,Round 16,2018-07-07,9643
St Kilda,Paddy Mccartin,0,6,3,50.0,0,0,2,2,0,0,0,2,149,0,0,0,77,2018,Round 16,2018-07-07,9643
St Kilda,Darragh Joyce,1,3,0,0.0,0,0,0,2,0,0,0,0,93,3,1,0,72,2018,Round 16,2018-07-07,9643
Melbourne,Clayton Oliver,19,16,24,68.6,0,1,1,1,0,3,1,10,396,8,2,1,84,2018,Round 16,2018-07-07,9645
Melbourne,Angus Brayshaw,16,17,20,64.5,0,0,0,3,0,4,4,14,621,3,2,1,74,2018,Round 16,2018-07-07,9645
Melbourne,Christian Salem,9,19,17,58.6,0,0,0,3,0,0,1,6,532,5,6,0,84,2018,Round 16,2018-07-07,9645
Melbourne,Christian Petracca,20,11,19,65.5,0,1,1,4,0,2,3,9,356,3,7,1,86,2018,Round 16,2018-07-07,9645
Melbourne,Jack Viney,10,17,20,71.4,0,0,0,1,0,4,2,6,287,5,4,2,77,2018,Round 16,2018-07-07,9645
Melbourne,Bayley Fritsch,14,11,16,64.0,1,0,0,1,0,0,2,7,410,6,8,0,79,2018,Round 16,2018-07-07,9645
Melbourne,James Harmes,6,18,17,70.8,0,0,0,3,2,0,1,4,466,2,4,2,76,2018,Round 16,2018-07-07,9645
Melbourne,Billy Stretch,9,16,20,83.3,1,0,0,1,0,0,3,9,425,1,3,2,76,2018,Round 16,2018-07-07,9645
Melbourne,Nathan Jones,7,17,13,59.1,0,0,0,2,0,0,1,5,319,2,1,0,84,2018,Round 16,2018-07-07,9645
Melbourne,Jordan Lewis,6,15,16,76.2,1,0,0,1,0,0,2,10,419,3,7,0,87,2018,Round 16,2018-07-07,9645
Melbourne,Max Gawn,9,11,12,60.0,1,1,1,4,0,1,2,8,252,2,3,1,84,2018,Round 16,2018-07-07,9645
Melbourne,Tom Mcdonald,8,11,14,73.7,0,1,2,7,0,1,2,7,395,2,3,0,89,2018,Round 16,2018-07-07,9645
Melbourne,Jesse Hogan,8,11,8,42.1,1,0,3,3,0,0,0,8,353,6,2,2,92,2018,Round 16,2018-07-07,9645
Melbourne,Michael Hibberd,5,12,12,70.6,0,0,0,2,0,0,0,6,307,2,4,0,84,2018,Round 16,2018-07-07,9645
Melbourne,Jake Melksham,7,7,7,46.7,0,0,0,2,0,1,1,7,300,2,2,0,75,2018,Round 16,2018-07-07,9645
Melbourne,Jeff Gartlett,6,8,9,64.3,0,0,1,1,1,0,1,6,110,5,1,4,81,2018,Round 16,2018-07-07,9645
Melbourne,Alex Neal Bullen,4,9,8,57.1,0,1,1,0,0,0,0,6,275,3,2,4,70,2018,Round 16,2018-07-07,9645
Melbourne,Neville Jetta,4,10,10,76.9,1,0,0,4,0,0,0,3,188,3,4,0,84,2018,Round 16,2018-07-07,9645
Melbourne,Oscar Mcdonald,2,8,11,84.6,0,0,0,7,0,0,0,1,324,3,7,0,98,2018,Round 16,2018-07-07,9645
Melbourne,Charlie Spargo,0,13,10,76.9,0,1,1,0,0,0,0,5,169,3,0,2,70,2018,Round 16,2018-07-07,9645
Melbourne,Sam Frost,6,3,7,77.8,0,0,0,6,0,0,0,1,12,1,7,0,93,2018,Round 16,2018-07-07,9645
Melbourne,Joel Smith 1,3,6,5,62.5,0,0,0,2,0,0,0,0,11,1,4,4,72,2018,Round 16,2018-07-07,9645
Fremantle,Stephen Hill,12,13,15,60.0,0,0,0,3,2,1,2,5,346,6,5,0,88,2018,Round 16,2018-07-07,9645
Fremantle,Thomas Sheridan,6,16,18,78.3,0,0,0,2,0,1,1,4,325,2,2,0,74,2018,Round 16,2018-07-07,9645
Fremantle,Adam Cerra,6,16,15,65.2,0,0,0,0,0,1,2,2,358,5,6,0,80,2018,Round 16,2018-07-07,9645
Fremantle,Michael Walters,11,13,17,77.3,1,0,1,1,0,0,0,6,375,3,3,0,91,2018,Round 16,2018-07-07,9645
Fremantle,David Mundy,9,11,15,78.9,0,0,0,2,0,1,4,3,223,1,2,0,81,2018,Round 16,2018-07-07,9645
Fremantle,Bradley Hill,6,15,10,52.6,0,1,0,2,0,0,2,2,421,7,2,0,82,2018,Round 16,2018-07-07,9645
Fremantle,Lachie Neale,9,8,14,77.8,0,0,0,0,0,1,2,1,152,1,5,0,86,2018,Round 16,2018-07-07,9645
Fremantle,Nathan Wilson,0,12,12,70.6,0,1,0,4,0,0,0,5,555,5,3,0,86,2018,Round 16,2018-07-07,9645
Fremantle,Stefan Giro,5,11,11,64.7,0,0,0,0,0,1,0,2,287,6,3,0,77,2018,Round 16,2018-07-07,9645
Fremantle,Andrew Brayshaw,2,14,11,68.8,0,0,0,1,0,0,2,1,244,2,0,0,73,2018,Round 16,2018-07-07,9645
Fremantle,Luke Ryan,8,8,10,66.7,0,0,0,2,0,0,1,1,262,10,6,0,83,2018,Round 16,2018-07-07,9645
Fremantle,Joel Hamling,4,7,7,50.0,0,0,0,6,0,0,1,0,442,8,6,0,93,2018,Round 16,2018-07-07,9645
Fremantle,Ed Langdon,3,11,9,64.3,0,1,0,0,0,0,0,4,306,6,1,0,84,2018,Round 16,2018-07-07,9645
Fremantle,Bailey Banfield,9,6,11,78.6,0,0,0,2,0,0,0,3,90,1,3,0,67,2018,Round 16,2018-07-07,9645
Fremantle,Sean Darcy,11,2,7,53.8,0,0,0,2,0,0,3,2,176,3,3,2,88,2018,Round 16,2018-07-07,9645
Fremantle,Brandon Matera,3,9,6,50.0,0,0,0,0,0,0,1,3,120,3,0,1,77,2018,Round 16,2018-07-07,9645
Fremantle,Shane Kersten,3,8,10,83.3,0,0,0,4,0,0,0,1,131,2,5,0,85,2018,Round 16,2018-07-07,9645
Fremantle,Ethan Hughes,3,9,9,75.0,0,0,0,0,0,0,0,1,139,2,3,0,74,2018,Round 16,2018-07-07,9645
Fremantle,Alex Pearce,7,4,7,63.6,1,0,0,5,0,0,0,1,51,2,7,1,90,2018,Round 16,2018-07-07,9645
Fremantle,Brennan Cox,6,4,7,70.0,1,0,1,1,0,0,1,3,130,2,1,0,85,2018,Round 16,2018-07-07,9645
Fremantle,Darcy Tucker,5,3,6,75.0,0,0,0,0,0,0,0,0,81,2,2,1,64,2018,Round 16,2018-07-07,9645
Fremantle,Michael Apeness,2,3,5,100.0,0,0,0,3,0,0,0,2,130,4,3,1,90,2018,Round 16,2018-07-07,9645
Western Bulldogs,Jason Johannisen,2,30,30,93.8,0,2,0,2,3,0,1,6,565,4,2,0,82,2018,Round 16,2018-07-07,9644
Western Bulldogs,Lachlan Hunter,6,22,23,88.5,0,0,1,1,0,0,3,2,392,5,3,0,86,2018,Round 16,2018-07-07,9644
Western Bulldogs,Toby Mclean,8,14,20,80.0,0,0,0,4,0,2,3,5,106,4,4,0,87,2018,Round 16,2018-07-07,9644
Western Bulldogs,Hayden Crozier,3,19,19,82.6,0,0,0,3,0,0,0,3,403,1,1,1,82,2018,Round 16,2018-07-07,9644
Western Bulldogs,Marcus Bontempelli,9,14,15,65.2,0,2,0,0,0,2,0,6,224,5,1,0,89,2018,Round 16,2018-07-07,9644
Western Bulldogs,Josh Dunkley,7,15,19,82.6,0,0,0,2,0,0,3,2,104,5,4,0,92,2018,Round 16,2018-07-07,9644
Western Bulldogs,Bradley Lynch,4,20,20,87.0,0,0,0,1,1,0,0,0,401,4,6,0,78,2018,Round 16,2018-07-07,9644
Western Bulldogs,Jackson Trengove,6,16,19,86.4,1,0,0,5,0,0,0,1,440,3,6,0,91,2018,Round 16,2018-07-07,9644
Western Bulldogs,Caleb Daniel,6,14,18,90.0,0,0,0,1,0,1,1,1,221,2,2,1,75,2018,Round 16,2018-07-07,9644
Western Bulldogs,Luke Dahlhaus,8,10,15,83.3,0,0,0,0,0,0,2,5,40,3,3,0,79,2018,Round 16,2018-07-07,9644
Western Bulldogs,Marcus Adams,9,10,14,77.8,1,0,0,4,0,0,1,0,294,4,10,0,97,2018,Round 16,2018-07-07,9644
Western Bulldogs,Dale Morris,4,12,15,93.8,0,0,0,5,0,0,0,2,30,0,8,0,92,2018,Round 16,2018-07-07,9644
Western Bulldogs,Mitchell Wallis,10,6,12,75.0,1,0,1,1,0,2,4,6,267,3,0,0,78,2018,Round 16,2018-07-07,9644
Western Bulldogs,Ed Richards,5,9,13,86.7,0,2,0,1,0,1,1,4,190,3,3,0,78,2018,Round 16,2018-07-07,9644
Western Bulldogs,Patrick Lipinski,2,10,11,91.7,0,0,0,0,0,0,1,1,31,1,1,0,73,2018,Round 16,2018-07-07,9644
Western Bulldogs,Shane Biggs,3,7,8,72.7,0,0,1,0,0,0,0,3,235,3,2,1,71,2018,Round 16,2018-07-07,9644
Western Bulldogs,Josh Schache,3,8,7,63.6,1,0,2,0,0,0,0,3,144,2,0,1,80,2018,Round 16,2018-07-07,9644
Western Bulldogs,Thomas Boyd,7,4,5,55.6,0,0,0,5,0,0,2,4,96,3,0,2,75,2018,Round 16,2018-07-07,9644
Western Bulldogs,Roarke Smith,4,6,6,66.7,1,0,0,5,4,0,1,1,132,2,3,0,74,2018,Round 16,2018-07-07,9644
Western Bulldogs,Aaron Naughton,4,5,5,55.6,0,0,0,2,0,0,0,1,107,3,3,1,75,2018,Round 16,2018-07-07,9644
Western Bulldogs,Zaine Cordy,4,3,6,85.7,0,0,0,2,0,2,0,0,100,2,1,0,85,2018,Round 16,2018-07-07,9644
Western Bulldogs,Billy Gowers,2,6,3,42.9,0,0,1,1,1,0,1,3,217,3,0,0,80,2018,Round 16,2018-07-07,9644
Hawthorn,Isaac Smith,6,25,25,83.3,0,0,1,0,1,0,0,9,386,2,2,0,88,2018,Round 16,2018-07-07,9644
Hawthorn,Liam Shiels,5,23,22,75.9,0,2,0,0,0,3,2,7,493,3,1,1,81,2018,Round 16,2018-07-07,9644
Hawthorn,Jaeger O Meara,8,18,23,82.1,0,2,1,4,0,4,4,7,338,5,2,0,80,2018,Round 16,2018-07-07,9644
Hawthorn,James Sicily,7,19,21,75.0,4,0,0,1,2,0,0,7,646,4,11,0,93,2018,Round 16,2018-07-07,9644
Hawthorn,Tom Mitchell,15,12,17,63.0,0,0,0,1,0,3,6,4,437,9,2,0,87,2018,Round 16,2018-07-07,9644
Hawthorn,Daniel Howe,9,15,22,88.0,0,0,1,1,0,2,4,7,156,2,4,0,69,2018,Round 16,2018-07-07,9644
Hawthorn,Luke Breust,15,11,16,66.7,2,2,5,2,0,0,1,13,394,5,4,3,85,2018,Round 16,2018-07-07,9644
Hawthorn,Ricky Henderson,3,18,17,81.0,0,1,0,0,4,0,1,6,499,2,2,0,82,2018,Round 16,2018-07-07,9644
Hawthorn,Jack Gunston,10,11,16,76.2,5,0,6,2,0,0,1,9,311,5,1,0,91,2018,Round 16,2018-07-07,9644
Hawthorn,Jarryd Roughead,9,9,13,72.2,2,1,2,2,0,0,0,9,394,4,5,3,82,2018,Round 16,2018-07-07,9644
Hawthorn,Teia Miles,4,14,16,88.9,0,0,0,1,0,0,0,3,210,1,3,0,71,2018,Round 16,2018-07-07,9644
Hawthorn,Ryan Burton,4,12,14,82.4,0,0,1,2,0,0,1,3,190,3,4,0,85,2018,Round 16,2018-07-07,9644
Hawthorn,Paul Puopolo,8,7,12,80.0,0,0,0,0,0,1,0,5,124,3,2,2,82,2018,Round 16,2018-07-07,9644
Hawthorn,Jarman Impey,3,12,11,73.3,0,1,0,2,0,0,0,5,185,3,2,0,82,2018,Round 16,2018-07-07,9644
Hawthorn,Ben Mcevoy,12,2,11,78.6,2,0,0,3,0,1,4,3,37,1,6,0,65,2018,Round 16,2018-07-07,9644
Hawthorn,James Frawley,4,11,13,100.0,1,0,0,4,0,0,0,4,200,2,4,0,92,2018,Round 16,2018-07-07,9644
Hawthorn,Jonathan O Rourke,1,12,10,76.9,0,0,0,3,0,0,0,3,88,1,1,0,65,2018,Round 16,2018-07-07,9644
Hawthorn,Blake Hardwick,1,10,11,91.7,0,0,0,4,0,0,0,3,35,0,2,0,89,2018,Round 16,2018-07-07,9644
Hawthorn,Harry Morrison,3,9,8,66.7,1,1,1,1,0,0,0,5,367,5,2,1,78,2018,Round 16,2018-07-07,9644
Hawthorn,Taylor Duryea,3,9,8,72.7,0,1,0,2,0,0,0,6,53,1,0,0,83,2018,Round 16,2018-07-07,9644
Hawthorn,Benjamin Stratton,5,4,7,77.8,1,0,0,8,0,0,0,2,125,1,6,0,95,2018,Round 16,2018-07-07,9644
Hawthorn,Jonathon Ceglar,5,2,5,83.3,0,0,0,5,0,0,3,6,13,1,0,0,71,2018,Round 16,2018-07-07,9644
North Melbourne,Scott Thompson 1,10,22,25,80.6,0,0,0,7,2,0,0,3,456,5,13,0,95,2018,Round 16,2018-07-08,9646
North Melbourne,Ben Cunnington,17,13,18,60.0,0,0,0,2,0,2,3,6,208,5,4,0,82,2018,Round 16,2018-07-08,9646
North Melbourne,Ryan Clarke,6,19,18,66.7,0,0,0,2,0,0,2,8,423,1,6,0,77,2018,Round 16,2018-07-08,9646
North Melbourne,Shaun Higgins,11,15,22,84.6,0,2,0,0,0,2,4,5,306,2,1,0,87,2018,Round 16,2018-07-08,9646
North Melbourne,Robert Tarrant,6,20,24,92.3,0,0,0,1,0,0,0,4,424,5,9,0,82,2018,Round 16,2018-07-08,9646
North Melbourne,Ben Jacobs,8,16,17,65.4,0,2,0,0,1,2,2,6,101,2,2,1,82,2018,Round 16,2018-07-08,9646
North Melbourne,Luke Mcdonald,1,24,19,73.1,1,0,0,1,1,0,0,4,449,5,1,0,86,2018,Round 16,2018-07-08,9646
North Melbourne,Trent Dumont,4,18,16,69.6,1,1,0,0,0,1,0,3,186,4,3,1,80,2018,Round 16,2018-07-08,9646
North Melbourne,Samuel Wright,3,19,18,81.8,1,0,0,2,1,1,0,7,334,2,4,0,86,2018,Round 16,2018-07-08,9646
North Melbourne,Paul Ahern,7,15,12,54.5,0,0,1,0,1,1,2,6,485,5,4,1,60,2018,Round 16,2018-07-08,9646
North Melbourne,Todd Goldstein,8,12,12,60.0,0,0,0,2,0,1,4,5,317,1,1,0,87,2018,Round 16,2018-07-08,9646
North Melbourne,Jed Anderson,9,10,14,70.0,0,1,0,1,0,2,2,6,147,4,2,0,69,2018,Round 16,2018-07-08,9646
North Melbourne,Jamie Macmillan,2,17,13,68.4,0,1,0,5,1,0,0,7,435,3,4,0,93,2018,Round 16,2018-07-08,9646
North Melbourne,Jack Ziebell,9,10,10,55.6,1,0,3,2,0,0,0,4,216,5,2,2,94,2018,Round 16,2018-07-08,9646
North Melbourne,Marley Williams,6,13,15,83.3,0,0,0,0,1,0,0,6,179,4,5,0,84,2018,Round 16,2018-07-08,9646
North Melbourne,Kayne Turner,3,11,9,64.3,0,0,0,1,0,0,0,4,152,2,2,0,82,2018,Round 16,2018-07-08,9646
North Melbourne,Majak Daw,5,8,12,92.3,2,0,1,4,3,1,0,3,198,0,5,0,84,2018,Round 16,2018-07-08,9646
North Melbourne,Shaun Atley,7,7,10,76.9,0,0,0,1,5,0,1,6,248,0,2,0,83,2018,Round 16,2018-07-08,9646
North Melbourne,Jy Simpkin,8,6,12,92.3,0,2,1,0,0,0,3,5,55,0,0,0,75,2018,Round 16,2018-07-08,9646
North Melbourne,Nathan Hrovat,4,8,9,75.0,1,0,0,0,0,0,0,3,31,3,2,0,75,2018,Round 16,2018-07-08,9646
North Melbourne,Ben Brown,6,6,8,66.7,0,0,2,0,0,0,1,8,244,2,0,0,100,2018,Round 16,2018-07-08,9646
North Melbourne,Cameron Zurhaar,5,4,5,55.6,0,0,0,1,0,0,0,4,90,2,2,3,56,2018,Round 16,2018-07-08,9646
Gold Coast,Jarryd Lyons,12,15,16,61.5,0,0,0,1,0,2,5,5,408,7,2,0,74,2018,Round 16,2018-07-08,9646
Gold Coast,Jarrod Harbrow,4,19,20,80.0,0,1,0,1,1,0,1,2,566,4,4,0,86,2018,Round 16,2018-07-08,9646
Gold Coast,Lachlan Weller,5,19,17,68.0,0,0,0,1,1,0,2,1,506,8,3,0,84,2018,Round 16,2018-07-08,9646
Gold Coast,Touk Miller,13,11,19,79.2,2,0,0,1,0,1,4,3,146,1,2,2,81,2018,Round 16,2018-07-08,9646
Gold Coast,Will Brodie,12,12,16,66.7,0,0,0,0,1,3,3,4,240,7,2,2,74,2018,Round 16,2018-07-08,9646
Gold Coast,Jack Martin,5,16,17,77.3,1,0,2,2,0,1,2,4,189,4,0,0,83,2018,Round 16,2018-07-08,9646
Gold Coast,Jarrod Witts,9,10,12,63.2,1,0,1,2,0,1,3,4,204,5,5,1,84,2018,Round 16,2018-07-08,9646
Gold Coast,Callum Ah Chee,6,11,15,83.3,0,1,1,3,0,1,0,4,227,0,2,0,81,2018,Round 16,2018-07-08,9646
Gold Coast,Aaron Young,5,11,9,56.2,0,0,0,2,0,0,0,3,249,4,1,2,86,2018,Round 16,2018-07-08,9646
Gold Coast,Steven May,7,6,7,46.7,2,0,0,8,0,0,0,1,288,1,8,0,91,2018,Round 16,2018-07-08,9646
Gold Coast,Alex Sexton,3,12,10,66.7,0,1,0,1,0,0,0,4,354,3,0,0,89,2018,Round 16,2018-07-08,9646
Gold Coast,Peter Wright,2,13,11,73.3,0,0,0,2,0,0,0,5,292,3,1,2,86,2018,Round 16,2018-07-08,9646
Gold Coast,Joshua Schoenfeld,4,11,9,60.0,0,1,1,0,0,0,0,4,182,2,4,1,78,2018,Round 16,2018-07-08,9646
Gold Coast,Wil Powell,8,8,13,86.7,0,0,0,3,0,0,3,2,180,3,2,0,75,2018,Round 16,2018-07-08,9646
Gold Coast,David Swallow,11,4,9,64.3,1,1,0,0,0,2,2,2,110,1,1,0,78,2018,Round 16,2018-07-08,9646
Gold Coast,Jesse Joyce,4,9,7,58.3,0,0,0,1,0,0,0,0,301,5,4,0,80,2018,Round 16,2018-07-08,9646
Gold Coast,Rory Thompson,5,4,9,100.0,1,0,0,8,0,0,0,0,163,2,8,0,100,2018,Round 16,2018-07-08,9646
Gold Coast,Brayden Crossley,5,4,6,66.7,2,0,2,3,0,0,0,3,31,2,1,0,82,2018,Round 16,2018-07-08,9646
Gold Coast,Nicholas Holman,6,4,7,77.8,0,0,1,1,0,0,2,3,46,4,2,2,78,2018,Round 16,2018-07-08,9646
Gold Coast,Sean Lemmens,1,8,6,75.0,0,0,0,1,0,0,0,3,110,2,2,0,74,2018,Round 16,2018-07-08,9646
Gold Coast,Charlie Ballard,4,5,5,62.5,1,0,0,3,0,0,0,1,66,3,5,0,84,2018,Round 16,2018-07-08,9646
Gold Coast,Michael Rischitelli,3,2,5,71.4,0,0,0,2,0,0,1,0,78,2,3,0,72,2018,Round 16,2018-07-08,9646
West Coast,Andrew Gaff,13,26,25,61.0,0,0,0,1,2,0,6,6,436,7,6,0,84,2018,Round 16,2018-07-08,9648
West Coast,Luke Shuey,14,18,21,65.6,0,1,0,1,3,6,6,5,574,8,0,1,83,2018,Round 16,2018-07-08,9648
West Coast,Jack Redden,14,20,27,84.4,0,2,1,1,1,2,3,9,421,3,2,1,84,2018,Round 16,2018-07-08,9648
West Coast,Elliot Yeo,12,21,22,68.8,0,0,0,4,0,1,3,11,645,5,3,0,89,2018,Round 16,2018-07-08,9648
West Coast,Shannon Hurn,5,11,20,83.3,2,0,0,2,0,0,1,3,362,4,10,0,91,2018,Round 16,2018-07-08,9648
West Coast,Chris Masten,1,16,14,82.4,0,0,0,1,1,0,1,2,331,2,0,0,88,2018,Round 16,2018-07-08,9648
West Coast,Jamie Cripps,7,12,11,64.7,0,2,1,2,0,0,1,8,310,5,1,3,86,2018,Round 16,2018-07-08,9648
West Coast,Mark Hutchings,6,9,11,68.8,1,1,2,1,0,0,3,6,199,1,1,1,77,2018,Round 16,2018-07-08,9648
West Coast,Nicholas Naitanui,11,3,9,60.0,2,0,0,2,0,0,5,2,164,2,2,1,63,2018,Round 16,2018-07-08,9648
West Coast,Liam Duggan,4,13,9,60.0,1,0,0,4,0,0,0,2,300,1,5,0,82,2018,Round 16,2018-07-08,9648
West Coast,Brayden Ainsworth,5,10,10,71.4,0,1,0,0,0,1,0,4,285,4,0,0,76,2018,Round 16,2018-07-08,9648
West Coast,Lewis Jetta,2,11,11,91.7,0,0,0,1,2,0,0,5,303,1,1,0,83,2018,Round 16,2018-07-08,9648
West Coast,Will Schofield,4,4,9,90.0,2,0,0,10,0,0,0,1,202,0,6,0,89,2018,Round 16,2018-07-08,9648
West Coast,Bradley Sheppard,3,7,7,77.8,0,0,0,3,0,0,0,2,149,1,3,0,92,2018,Round 16,2018-07-08,9648
West Coast,Scott Lycett,3,6,6,75.0,1,1,4,5,0,0,0,4,216,1,0,2,87,2018,Round 16,2018-07-08,9648
West Coast,Brendon Ah Chee,2,6,5,62.5,0,0,1,3,0,0,0,4,140,1,0,1,78,2018,Round 16,2018-07-08,9648
West Coast,Tom Cole,6,4,5,62.5,2,0,0,6,0,0,1,1,188,6,4,0,85,2018,Round 16,2018-07-08,9648
West Coast,Willie Rioli,5,6,7,87.5,1,1,1,4,0,0,1,5,171,2,0,1,85,2018,Round 16,2018-07-08,9648
West Coast,Oscar Allen,6,1,7,100.0,1,0,0,6,0,0,1,0,68,1,6,0,79,2018,Round 16,2018-07-08,9648
West Coast,Jeremy Mcgovern,5,1,5,83.3,1,1,1,2,0,0,0,4,108,1,0,1,82,2018,Round 16,2018-07-08,9648
West Coast,Nathan Vardy,5,1,4,80.0,0,0,0,0,0,0,1,4,6,0,1,0,68,2018,Round 16,2018-07-08,9648
West Coast,Daniel Venables,3,1,1,25.0,0,0,0,0,0,0,0,0,59,3,0,1,69,2018,Round 16,2018-07-08,9648
Greater Western Sydney,Stephen Coniglio,11,20,25,83.3,0,0,1,1,1,1,3,8,396,2,2,0,84,2018,Round 16,2018-07-08,9648
Greater Western Sydney,Callan Ward,9,19,24,85.7,1,0,0,0,2,0,6,10,320,1,4,0,84,2018,Round 16,2018-07-08,9648
Greater Western Sydney,Lachie Whitfield,4,23,21,75.0,0,0,0,3,1,0,0,6,728,7,3,0,88,2018,Round 16,2018-07-08,9648
Greater Western Sydney,Tim Taranto,14,13,18,64.3,1,0,1,0,0,2,3,6,460,2,4,1,83,2018,Round 16,2018-07-08,9648
Greater Western Sydney,Joshua Kelly,6,19,23,88.5,0,1,0,0,0,1,2,10,385,4,1,0,82,2018,Round 16,2018-07-08,9648
Greater Western Sydney,Dylan Shiel,4,22,16,64.0,0,1,0,1,0,2,0,6,482,7,0,0,82,2018,Round 16,2018-07-08,9648
Greater Western Sydney,Adam Tomlinson,13,12,19,79.2,1,0,2,1,0,3,3,7,362,4,2,0,84,2018,Round 16,2018-07-08,9648
Greater Western Sydney,Matthew Deboer,11,14,20,90.9,1,0,0,1,0,1,0,8,205,4,3,2,85,2018,Round 16,2018-07-08,9648
Greater Western Sydney,Ryan Griffen,8,15,11,52.4,1,1,1,0,0,0,0,6,428,3,2,2,85,2018,Round 16,2018-07-08,9648
Greater Western Sydney,Heath Shaw,3,9,13,92.9,1,0,0,2,2,0,0,3,176,0,5,0,97,2018,Round 16,2018-07-08,9648
Greater Western Sydney,Harrison Himmelberg,8,6,11,78.6,4,0,3,0,0,0,0,8,295,1,4,2,86,2018,Round 16,2018-07-08,9648
Greater Western Sydney,Harry Perryman,4,8,11,78.6,0,0,0,0,0,0,1,6,150,1,2,0,50,2018,Round 16,2018-07-08,9648
Greater Western Sydney,Jeremy Finlayson,6,7,9,69.2,2,0,0,4,0,0,0,1,224,0,6,0,67,2018,Round 16,2018-07-08,9648
Greater Western Sydney,Phil Davis,4,4,10,90.9,1,0,0,7,0,0,0,2,95,1,8,0,94,2018,Round 16,2018-07-08,9648
Greater Western Sydney,Rory Lobb,9,2,8,72.7,6,0,1,8,0,0,0,5,253,2,0,1,85,2018,Round 16,2018-07-08,9648
Greater Western Sydney,Zac Giles Langdon,8,4,8,72.7,0,3,1,1,1,0,2,7,144,1,0,3,86,2018,Round 16,2018-07-08,9648
Greater Western Sydney,Aidan Corr,2,8,10,100.0,0,0,0,6,0,0,0,6,245,0,4,0,84,2018,Round 16,2018-07-08,9648
Greater Western Sydney,Samuel Reid,3,7,8,80.0,0,0,1,1,0,0,0,4,129,1,3,0,85,2018,Round 16,2018-07-08,9648
Greater Western Sydney,Brent Daniels,3,8,7,70.0,0,1,0,1,0,0,0,6,221,3,1,0,71,2018,Round 16,2018-07-08,9648
Greater Western Sydney,Nick Haynes,2,6,8,88.9,0,1,0,2,0,0,0,1,127,1,3,0,82,2018,Round 16,2018-07-08,9648
Greater Western Sydney,Dawson Simpson,6,3,7,87.5,0,0,0,3,0,2,1,2,79,2,1,0,76,2018,Round 16,2018-07-08,9648
Greater Western Sydney,Sam Taylor,2,3,3,60.0,0,0,0,9,0,0,0,0,97,2,2,0,80,2018,Round 16,2018-07-08,9648
Essendon,Dyson Heppell,11,22,23,69.7,1,0,0,3,0,2,3,4,528,5,2,0,90,2018,Round 16,2018-07-08,9647
Essendon,Zachary Merrett,15,18,26,78.8,0,0,0,3,0,2,4,6,455,3,6,0,85,2018,Round 16,2018-07-08,9647
Essendon,Devon Smith,6,25,20,64.5,0,0,1,1,3,2,1,4,415,6,0,2,79,2018,Round 16,2018-07-08,9647
Essendon,Brendon Goddard,3,22,20,80.0,0,0,0,0,1,0,0,3,362,2,5,0,87,2018,Round 16,2018-07-08,9647
Essendon,Andrew Mcgrath,7,17,17,70.8,0,0,0,0,1,0,1,4,326,4,3,0,88,2018,Round 16,2018-07-08,9647
Essendon,Michael Hurley,6,14,18,81.8,1,0,0,7,0,0,0,1,356,2,8,0,96,2018,Round 16,2018-07-08,9647
Essendon,Shaun Mckernan,5,14,12,66.7,1,1,3,4,0,0,0,6,267,2,0,1,97,2018,Round 16,2018-07-08,9647
Essendon,Jake Stringer,11,8,14,77.8,0,2,0,1,0,1,2,7,267,3,5,0,74,2018,Round 16,2018-07-08,9647
Essendon,Jake Long,4,15,15,88.2,0,1,0,4,0,1,1,5,183,5,1,1,87,2018,Round 16,2018-07-08,9647
Essendon,Conor Mckenna,4,12,13,76.5,0,0,0,3,2,0,0,2,267,4,2,0,87,2018,Round 16,2018-07-08,9647
Essendon,David Myers,7,12,9,56.2,0,0,0,3,0,2,2,4,184,3,1,0,69,2018,Round 16,2018-07-08,9647
Essendon,Cale Hooker,7,8,11,73.3,3,0,0,14,0,0,0,2,136,4,10,0,93,2018,Round 16,2018-07-08,9647
Essendon,Tom Bellchambers,7,7,12,80.0,3,0,0,3,0,1,2,2,95,4,6,0,79,2018,Round 16,2018-07-08,9647
Essendon,Kyle Langford,7,6,13,92.9,1,1,1,2,0,0,3,4,185,2,1,0,77,2018,Round 16,2018-07-08,9647
Essendon,Adam Saad,2,10,13,92.9,0,1,0,4,3,0,0,3,247,1,5,0,80,2018,Round 16,2018-07-08,9647
Essendon,Matt Guelfi,4,9,9,64.3,0,0,0,3,0,0,0,0,425,7,4,0,79,2018,Round 16,2018-07-08,9647
Essendon,Mark Baguley,2,11,10,76.9,1,2,3,1,0,0,0,5,202,3,0,3,87,2018,Round 16,2018-07-08,9647
Essendon,Ben Mcniece,5,8,9,81.8,0,0,0,6,0,0,0,1,117,1,5,0,81,2018,Round 16,2018-07-08,9647
Essendon,Mitchell Brown 1,9,4,10,100.0,2,0,3,3,0,0,1,5,161,3,1,2,95,2018,Round 16,2018-07-08,9647
Essendon,Travis Colyer,6,4,7,77.8,0,0,0,0,0,1,0,4,70,1,1,0,79,2018,Round 16,2018-07-08,9647
Essendon,Anthony Mcdonald Tipungwuti,6,2,6,75.0,1,0,1,0,0,0,3,3,53,0,1,2,87,2018,Round 16,2018-07-08,9647
Essendon,Patrick Ambrose,1,5,4,66.7,0,0,0,1,0,0,0,1,40,1,3,0,24,2018,Round 16,2018-07-08,9647
Collingwood,Scott Pendlebury,19,17,29,85.3,0,2,0,4,0,3,8,6,431,6,5,1,77,2018,Round 16,2018-07-08,9647
Collingwood,Steele Sidebottom,7,22,23,85.2,0,0,0,2,2,1,3,3,524,4,1,0,80,2018,Round 16,2018-07-08,9647
Collingwood,Taylor Adams,9,17,17,63.0,0,0,0,2,1,0,3,4,400,3,3,2,74,2018,Round 16,2018-07-08,9647
Collingwood,Brodie Grundy,14,10,19,79.2,1,0,1,3,0,2,6,5,132,5,2,0,88,2018,Round 16,2018-07-08,9647
Collingwood,Jeremy Howe,7,15,16,72.7,3,0,0,4,0,0,0,1,259,5,10,0,89,2018,Round 16,2018-07-08,9647
Collingwood,Jack Crisp,11,11,18,81.8,0,0,0,3,2,0,3,3,298,4,9,0,90,2018,Round 16,2018-07-08,9647
Collingwood,Tom Langdon,11,13,14,63.6,0,0,0,9,0,0,1,0,241,5,8,0,90,2018,Round 16,2018-07-08,9647
Collingwood,Brayden Maynard,7,14,18,81.8,0,1,0,3,0,0,1,4,424,2,4,0,81,2018,Round 16,2018-07-08,9647
Collingwood,Tom Phillips,7,14,14,66.7,0,0,0,1,0,0,1,1,465,6,2,1,84,2018,Round 16,2018-07-08,9647
Collingwood,Jordan De Goey,6,13,13,65.0,2,0,4,0,1,1,1,6,555,5,0,0,87,2018,Round 16,2018-07-08,9647
Collingwood,Matthew Scharenberg,5,13,16,88.9,1,0,0,6,0,0,0,1,152,3,7,0,97,2018,Round 16,2018-07-08,9647
Collingwood,Christopher Mayne,3,13,16,94.1,0,0,0,1,0,1,1,1,93,0,2,0,88,2018,Round 16,2018-07-08,9647
Collingwood,Jaidyn Stephenson,3,12,8,53.3,0,0,3,0,0,0,0,4,287,5,1,0,84,2018,Round 16,2018-07-08,9647
Collingwood,Brayden Sier,8,6,12,85.7,0,1,0,0,0,1,1,3,185,2,1,0,66,2018,Round 16,2018-07-08,9647
Collingwood,Josh Daicos,7,5,8,61.5,1,0,0,0,0,0,1,2,138,3,1,1,76,2018,Round 16,2018-07-08,9647
Collingwood,Mason Cox,11,2,10,83.3,6,0,1,7,0,0,0,3,55,1,2,0,84,2018,Round 16,2018-07-08,9647
Collingwood,Flynn Appleby,4,7,10,83.3,0,0,0,2,0,0,1,2,202,1,4,0,71,2018,Round 16,2018-07-08,9647
Collingwood,Levi Greenwood,5,6,8,72.7,0,0,0,3,0,0,1,1,167,3,2,0,81,2018,Round 16,2018-07-08,9647
Collingwood,Josh Thomas,5,7,6,54.5,0,1,0,0,0,1,0,3,174,3,1,0,76,2018,Round 16,2018-07-08,9647
Collingwood,Brody Mihocek,3,4,7,100.0,1,2,1,1,0,0,0,4,155,2,0,0,89,2018,Round 16,2018-07-08,9647
Collingwood,Ben Crocker,0,6,6,100.0,0,0,0,1,0,0,0,0,2,1,1,0,79,2018,Round 16,2018-07-08,9647
Collingwood,Will Hoskin Elliott,0,2,1,50.0,0,0,2,2,0,0,0,1,44,1,0,0,69,2018,Round 16,2018-07-08,9647
Adelaide,Rory Laird,13,28,37,86.0,0,1,0,1,0,1,1,7,346,2,12,0,89,2018,Round 17,2018-07-12,9649
Adelaide,Matt Crouch,7,24,21,70.0,0,1,0,1,0,0,1,6,265,6,4,0,83,2018,Round 17,2018-07-12,9649
Adelaide,Rory Atkins,10,18,20,71.4,1,1,0,2,0,0,0,6,516,5,9,0,76,2018,Round 17,2018-07-12,9649
Adelaide,Rory Sloane,17,9,18,66.7,0,2,0,3,0,1,7,7,565,8,5,1,80,2018,Round 17,2018-07-12,9649
Adelaide,Wayne Milera,5,18,21,91.3,0,2,0,1,0,0,1,5,339,3,6,0,86,2018,Round 17,2018-07-12,9649
Adelaide,Tom Lynch,14,10,20,90.9,1,0,3,1,0,1,0,11,351,2,4,0,88,2018,Round 17,2018-07-12,9649
Adelaide,Tom Doedee,8,13,16,80.0,0,0,0,4,0,0,0,1,246,6,8,0,80,2018,Round 17,2018-07-12,9649
Adelaide,Kyle Cheney,3,15,16,88.9,0,0,0,0,0,0,0,4,303,2,4,0,81,2018,Round 17,2018-07-12,9649
Adelaide,Paul Seedsman,6,11,11,61.1,1,0,1,1,1,0,0,5,352,1,3,1,82,2018,Round 17,2018-07-12,9649
Adelaide,Bryce Gibbs,7,11,12,70.6,1,0,0,3,2,1,2,6,357,3,3,3,86,2018,Round 17,2018-07-12,9649
Adelaide,Jake Kelly,2,15,16,94.1,0,0,0,1,0,0,0,4,159,1,3,0,79,2018,Round 17,2018-07-12,9649
Adelaide,Sam Jacobs,8,9,12,75.0,1,0,0,3,0,4,2,5,123,2,1,0,85,2018,Round 17,2018-07-12,9649
Adelaide,Luke Brown,5,11,12,80.0,0,0,0,0,1,0,0,4,282,3,5,1,84,2018,Round 17,2018-07-12,9649
Adelaide,Jordan Gallucci,4,13,10,66.7,1,0,1,1,0,0,1,4,340,4,0,0,82,2018,Round 17,2018-07-12,9649
Adelaide,Edward Betts,3,7,10,71.4,0,1,1,1,0,0,0,5,170,4,2,5,84,2018,Round 17,2018-07-12,9649
Adelaide,Josh Jenkins,6,8,7,50.0,3,0,4,3,1,0,0,6,226,2,2,1,84,2018,Round 17,2018-07-12,9649
Adelaide,Kyle Hartigan,1,13,10,71.4,0,0,0,5,0,0,0,1,233,1,5,0,90,2018,Round 17,2018-07-12,9649
Adelaide,Riley Knight,9,5,8,57.1,0,1,0,4,0,0,2,4,175,4,4,1,79,2018,Round 17,2018-07-12,9649
Adelaide,Alex Keath,4,8,7,58.3,2,0,0,7,0,0,0,2,301,5,5,0,81,2018,Round 17,2018-07-12,9649
Adelaide,Hugh Greenwood,5,7,6,50.0,0,1,0,0,0,0,1,5,107,1,2,4,63,2018,Round 17,2018-07-12,9649
Adelaide,Lachlan Murphy,7,6,6,54.5,1,0,0,1,1,0,1,5,300,4,0,2,75,2018,Round 17,2018-07-12,9649
Adelaide,Taylor Walker,8,5,6,60.0,0,1,0,5,0,0,0,5,179,1,2,2,82,2018,Round 17,2018-07-12,9649
Geelong,Patrick Dangerfield,20,14,20,60.6,1,0,1,5,0,3,5,12,503,10,2,5,88,2018,Round 17,2018-07-12,9649
Geelong,Gary Jnr Ablett,13,17,22,68.8,0,1,0,1,0,8,2,11,545,6,4,0,80,2018,Round 17,2018-07-12,9649
Geelong,Joel Selwood,13,17,18,62.1,1,2,0,1,0,3,0,4,409,9,5,0,77,2018,Round 17,2018-07-12,9649
Geelong,Tim Kelly,15,15,18,62.1,0,1,0,0,0,3,4,5,382,7,3,0,87,2018,Round 17,2018-07-12,9649
Geelong,Mitchell Duncan,7,16,18,78.3,0,0,0,2,0,1,3,6,463,2,2,0,88,2018,Round 17,2018-07-12,9649
Geelong,Zach Tuohy,7,16,14,63.6,0,0,1,1,1,0,1,3,472,5,3,0,85,2018,Round 17,2018-07-12,9649
Geelong,Sam Menegola,10,13,15,68.2,0,0,0,2,0,1,5,6,422,6,1,0,83,2018,Round 17,2018-07-12,9649
Geelong,Tom Hawkins,10,7,11,61.1,4,0,4,2,0,0,1,9,254,5,0,1,92,2018,Round 17,2018-07-12,9649
Geelong,Rhys Stanley,8,10,11,61.1,2,0,1,10,0,1,3,0,320,6,5,0,77,2018,Round 17,2018-07-12,9649
Geelong,Jake Kolodjashnij,4,13,15,88.2,0,0,0,11,0,0,0,1,184,1,3,0,85,2018,Round 17,2018-07-12,9649
Geelong,Thomas Stewart,6,10,10,58.8,0,0,0,4,2,0,1,2,205,5,5,0,86,2018,Round 17,2018-07-12,9649
Geelong,Cameron Guthrie,4,12,14,87.5,0,0,0,0,0,0,1,2,328,4,3,1,82,2018,Round 17,2018-07-12,9649
Geelong,Jed Bews,8,8,12,80.0,0,0,0,1,0,0,2,3,209,6,9,0,87,2018,Round 17,2018-07-12,9649
Geelong,Mark Blicavs,12,6,9,60.0,2,0,1,8,0,0,0,4,226,2,13,0,100,2018,Round 17,2018-07-12,9649
Geelong,Quinton Narkle,6,9,12,80.0,0,1,0,0,1,0,2,4,266,0,1,1,75,2018,Round 17,2018-07-12,9649
Geelong,Scott Selwood,5,8,9,69.2,0,0,0,1,0,1,1,1,100,3,1,1,76,2018,Round 17,2018-07-12,9649
Geelong,Brandan Parfitt,3,8,3,27.3,0,0,0,0,0,0,0,4,206,6,1,1,74,2018,Round 17,2018-07-12,9649
Geelong,Wylie Buzza,5,3,6,75.0,1,0,0,2,0,1,0,3,92,1,2,1,72,2018,Round 17,2018-07-12,9649
Geelong,Jack Henry,6,3,6,75.0,1,0,0,4,0,0,0,1,83,2,6,0,84,2018,Round 17,2018-07-12,9649
Geelong,Sam Simpson,0,7,6,85.7,0,1,0,0,0,0,0,2,89,0,0,0,68,2018,Round 17,2018-07-12,9649
Geelong,Jamaine Jones,3,5,5,71.4,0,1,0,0,0,0,0,2,41,2,1,2,72,2018,Round 17,2018-07-12,9649
Geelong,Daniel Menzel,4,1,5,83.3,0,0,0,1,0,1,0,3,73,1,1,0,83,2018,Round 17,2018-07-12,9649
St Kilda,Jack Steven,10,23,26,78.8,0,0,0,3,1,1,1,11,490,2,0,0,84,2018,Round 17,2018-07-13,9650
St Kilda,Jack Steele,15,17,32,97.0,0,1,0,2,0,0,7,11,334,3,3,1,88,2018,Round 17,2018-07-13,9650
St Kilda,Jack Billings,5,24,22,73.3,0,4,2,0,2,0,4,13,562,5,1,1,89,2018,Round 17,2018-07-13,9650
St Kilda,Luke Dunstan,12,15,17,60.7,0,1,0,0,0,2,2,8,233,1,5,2,53,2018,Round 17,2018-07-13,9650
St Kilda,David Armitage,12,16,18,66.7,0,0,0,1,0,2,0,7,404,4,3,0,83,2018,Round 17,2018-07-13,9650
St Kilda,Shane Savage,3,21,19,76.0,0,0,0,2,2,0,0,8,533,7,5,0,87,2018,Round 17,2018-07-13,9650
St Kilda,Jack Sinclair,9,15,16,64.0,0,0,0,1,3,1,1,10,370,4,7,0,91,2018,Round 17,2018-07-13,9650
St Kilda,Edward Phillips,3,19,18,85.7,0,0,0,4,0,0,0,4,211,4,3,0,90,2018,Round 17,2018-07-13,9650
St Kilda,Jarryn Geary,7,12,13,68.4,1,0,0,6,0,0,2,6,203,2,7,0,87,2018,Round 17,2018-07-13,9650
St Kilda,Jimmy Webster,4,13,14,77.8,0,1,0,3,0,0,1,9,213,2,3,1,65,2018,Round 17,2018-07-13,9650
St Kilda,Bailey Rice,4,14,14,77.8,0,0,0,3,0,0,1,6,257,2,5,0,75,2018,Round 17,2018-07-13,9650
St Kilda,Jack Newnes,6,12,13,81.2,1,0,2,2,1,1,2,7,253,3,3,0,73,2018,Round 17,2018-07-13,9650
St Kilda,Rowan Marshall,6,10,11,68.8,4,0,3,1,0,0,0,8,176,5,0,3,91,2018,Round 17,2018-07-13,9650
St Kilda,Maverick Weller,4,11,13,86.7,0,0,1,0,0,1,0,4,307,2,1,2,81,2018,Round 17,2018-07-13,9650
St Kilda,Tom Hickey,9,6,7,50.0,2,0,1,1,0,0,1,6,125,2,3,0,89,2018,Round 17,2018-07-13,9650
St Kilda,Daniel Mckenzie,3,9,11,84.6,0,0,0,3,0,0,0,4,112,0,5,0,86,2018,Round 17,2018-07-13,9650
St Kilda,Jack Lonie,4,7,9,69.2,0,1,2,0,0,0,1,8,254,1,1,5,78,2018,Round 17,2018-07-13,9650
St Kilda,Jade Gresham,5,9,10,76.9,0,2,0,1,1,2,0,5,302,2,2,0,80,2018,Round 17,2018-07-13,9650
St Kilda,Hunter Clark,5,8,9,69.2,0,0,0,2,0,0,2,4,143,1,2,1,66,2018,Round 17,2018-07-13,9650
St Kilda,Tim Membrey,6,5,8,72.7,2,0,5,2,0,0,0,6,147,1,2,2,89,2018,Round 17,2018-07-13,9650
St Kilda,Jake Carlisle,2,8,5,50.0,0,0,0,1,0,0,0,3,123,1,4,0,87,2018,Round 17,2018-07-13,9650
St Kilda,Sam Gilbert,6,5,8,88.9,0,0,0,6,0,0,0,3,36,1,4,0,91,2018,Round 17,2018-07-13,9650
Carlton,Patrick Cripps,23,12,30,85.7,3,1,1,1,0,3,7,5,263,3,3,1,89,2018,Round 17,2018-07-13,9650
Carlton,Edward Curnow,10,20,22,71.0,0,0,0,1,2,3,4,1,249,6,2,0,91,2018,Round 17,2018-07-13,9650
Carlton,Marc Murphy,8,18,17,70.8,0,0,0,1,0,1,2,6,214,5,4,0,90,2018,Round 17,2018-07-13,9650
Carlton,Dale Thomas,5,19,21,87.5,1,0,0,2,2,0,0,4,431,5,3,0,83,2018,Round 17,2018-07-13,9650
Carlton,Zac Fisher,8,16,16,72.7,0,1,0,0,1,3,0,5,250,2,1,0,75,2018,Round 17,2018-07-13,9650
Carlton,Kade Simpson,7,11,15,71.4,2,1,0,3,0,0,0,5,359,5,7,0,87,2018,Round 17,2018-07-13,9650
Carlton,Sam Petrevski Seton,5,15,14,70.0,0,0,0,1,0,0,0,5,162,3,4,0,72,2018,Round 17,2018-07-13,9650
Carlton,Lochie O Brien,3,15,17,89.5,0,1,0,2,2,0,0,2,269,2,3,0,81,2018,Round 17,2018-07-13,9650
Carlton,Paddy Dow,6,13,11,64.7,0,0,0,0,0,0,1,3,311,2,1,1,75,2018,Round 17,2018-07-13,9650
Carlton,Jed Lamb,3,12,11,68.8,0,0,0,3,0,0,0,1,421,6,4,0,92,2018,Round 17,2018-07-13,9650
Carlton,Charlie Curnow,10,7,12,75.0,1,1,2,5,0,0,1,4,285,3,2,0,90,2018,Round 17,2018-07-13,9650
Carlton,Matt Shaw,1,15,9,60.0,0,0,0,1,0,0,0,4,184,3,1,0,86,2018,Round 17,2018-07-13,9650
Carlton,Harry Mckay,5,10,12,80.0,2,0,0,1,0,0,0,4,202,2,1,0,85,2018,Round 17,2018-07-13,9650
Carlton,Matthew Kennedy 1,8,7,13,86.7,1,0,1,2,0,0,1,3,53,0,2,1,83,2018,Round 17,2018-07-13,9650
Carlton,Jarrod Garlett,6,10,9,64.3,0,0,0,0,0,0,2,2,237,6,1,0,86,2018,Round 17,2018-07-13,9650
Carlton,Jack Silvagni,4,10,11,78.6,1,0,1,2,0,0,0,1,164,2,4,0,80,2018,Round 17,2018-07-13,9650
Carlton,Sam Rowe,5,8,6,54.5,1,0,0,8,0,0,0,1,125,4,5,0,97,2018,Round 17,2018-07-13,9650
Carlton,Liam Jones,6,3,6,66.7,1,0,0,3,0,2,0,2,142,2,5,0,97,2018,Round 17,2018-07-13,9650
Carlton,Jarrod Pickett,5,5,7,77.8,1,0,1,2,0,0,1,3,104,0,0,0,85,2018,Round 17,2018-07-13,9650
Carlton,Caleb Marchbank,1,6,6,85.7,0,0,0,5,0,0,0,3,-12,2,2,0,92,2018,Round 17,2018-07-13,9650
Carlton,Cameron Polson,2,2,1,33.3,0,1,0,0,0,0,0,1,92,4,0,0,76,2018,Round 17,2018-07-13,9650
Carlton,Matthew Kreuzer,0,0,0,0.0,0,0,0,1,0,0,0,0,0,0,0,0,8,2018,Round 17,2018-07-13,9650
Hawthorn,Tom Mitchell,12,31,36,83.7,0,1,1,0,1,0,2,8,402,4,7,2,87,2018,Round 17,2018-07-14,9651
Hawthorn,Liam Shiels,15,18,24,70.6,0,0,0,0,0,4,3,5,554,7,3,1,82,2018,Round 17,2018-07-14,9651
Hawthorn,Jaeger O Meara,12,14,19,70.4,0,0,0,2,0,3,4,8,253,3,3,5,82,2018,Round 17,2018-07-14,9651
Hawthorn,Isaac Smith,4,20,17,70.8,0,0,0,3,0,0,2,2,484,6,2,0,87,2018,Round 17,2018-07-14,9651
Hawthorn,James Sicily,6,18,18,78.3,2,0,0,2,1,0,0,1,621,8,8,0,88,2018,Round 17,2018-07-14,9651
Hawthorn,Blake Hardwick,11,10,20,95.2,2,0,1,0,0,0,0,3,201,2,11,0,82,2018,Round 17,2018-07-14,9651
Hawthorn,Brendan Whitecross,3,15,15,83.3,1,0,1,1,0,1,0,3,196,2,1,1,78,2018,Round 17,2018-07-14,9651
Hawthorn,Ryan Burton,6,14,16,88.9,0,0,0,3,1,0,0,0,222,3,10,0,83,2018,Round 17,2018-07-14,9651
Hawthorn,Jack Gunston,6,12,11,68.8,0,1,2,3,0,0,0,5,139,5,2,1,94,2018,Round 17,2018-07-14,9651
Hawthorn,Teia Miles,3,13,13,81.2,1,0,0,2,0,0,0,1,338,3,2,0,76,2018,Round 17,2018-07-14,9651
Hawthorn,James Frawley,6,8,11,73.3,1,0,0,5,0,0,0,2,320,3,8,0,93,2018,Round 17,2018-07-14,9651
Hawthorn,Jarman Impey,5,10,14,93.3,0,0,0,1,1,0,0,2,385,3,3,0,87,2018,Round 17,2018-07-14,9651
Hawthorn,Daniel Howe,7,9,11,73.3,0,0,1,2,0,1,0,5,189,4,4,1,76,2018,Round 17,2018-07-14,9651
Hawthorn,Ricky Henderson,7,8,10,71.4,1,0,1,2,0,1,0,2,234,2,3,1,78,2018,Round 17,2018-07-14,9651
Hawthorn,Harry Morrison,3,11,10,71.4,1,1,0,1,0,0,0,3,130,2,1,2,69,2018,Round 17,2018-07-14,9651
Hawthorn,Jarryd Roughead,11,3,8,61.5,2,1,1,2,0,1,4,6,256,2,1,2,86,2018,Round 17,2018-07-14,9651
Hawthorn,Paul Puopolo,5,10,9,69.2,0,0,0,1,0,0,0,1,203,5,3,4,81,2018,Round 17,2018-07-14,9651
Hawthorn,Luke Breust,5,7,7,58.3,0,1,3,1,1,0,1,4,207,2,0,0,79,2018,Round 17,2018-07-14,9651
Hawthorn,Benjamin Stratton,2,8,8,80.0,0,0,0,9,0,0,0,1,53,1,3,0,96,2018,Round 17,2018-07-14,9651
Hawthorn,Jonathon Ceglar,6,4,6,66.7,1,0,0,6,0,1,1,2,55,3,3,0,81,2018,Round 17,2018-07-14,9651
Hawthorn,Taylor Duryea,2,5,5,71.4,1,0,1,0,0,0,0,1,149,6,0,0,66,2018,Round 17,2018-07-14,9651
Hawthorn,Tim O Brien,4,3,6,85.7,0,0,0,1,0,0,0,2,97,1,1,0,68,2018,Round 17,2018-07-14,9651
Brisbane Lions,Dayne Beams,14,20,22,66.7,0,2,1,0,0,2,5,8,735,5,4,0,89,2018,Round 17,2018-07-14,9651
Brisbane Lions,Hugh Mccluggage,14,15,23,79.3,0,2,0,0,0,0,5,5,304,3,6,0,84,2018,Round 17,2018-07-14,9651
Brisbane Lions,Alex Witherden,4,19,23,85.2,0,0,0,3,0,1,0,3,747,7,4,0,84,2018,Round 17,2018-07-14,9651
Brisbane Lions,Dayne Zorko,11,13,17,70.8,0,1,0,0,0,2,2,9,624,6,4,0,84,2018,Round 17,2018-07-14,9651
Brisbane Lions,Jarrod Berry,15,12,15,62.5,0,0,2,1,0,2,0,6,120,1,3,0,74,2018,Round 17,2018-07-14,9651
Brisbane Lions,Joshua Walker,13,6,15,75.0,4,0,0,13,0,0,2,3,270,3,10,0,94,2018,Round 17,2018-07-14,9651
Brisbane Lions,Tom Cutler,7,13,12,60.0,0,0,1,1,1,0,2,4,374,5,2,0,91,2018,Round 17,2018-07-14,9651
Brisbane Lions,Daniel Rich,6,10,14,73.7,0,0,0,4,0,0,2,5,546,5,9,0,83,2018,Round 17,2018-07-14,9651
Brisbane Lions,Cameron Rayner,5,13,14,73.7,0,0,1,2,0,1,1,11,462,5,1,0,81,2018,Round 17,2018-07-14,9651
Brisbane Lions,Stefan Martin,13,4,11,64.7,1,0,0,2,0,3,4,5,153,4,4,0,83,2018,Round 17,2018-07-14,9651
Brisbane Lions,Mitch Robinson,9,9,10,58.8,1,0,1,2,0,1,3,6,227,3,1,1,75,2018,Round 17,2018-07-14,9651
Brisbane Lions,Ryan Lester,8,10,10,62.5,0,0,0,3,0,0,0,3,275,6,9,0,86,2018,Round 17,2018-07-14,9651
Brisbane Lions,Allen Christensen,10,6,6,40.0,0,0,0,0,0,0,0,6,224,5,2,2,73,2018,Round 17,2018-07-14,9651
Brisbane Lions,Rhys Mathieson,10,8,13,86.7,0,1,0,1,0,0,3,3,141,1,2,1,68,2018,Round 17,2018-07-14,9651
Brisbane Lions,Nicholas Robertson,5,9,11,78.6,1,0,0,5,0,0,1,2,85,1,4,0,83,2018,Round 17,2018-07-14,9651
Brisbane Lions,Lewis Taylor,4,9,9,69.2,0,1,0,1,0,0,0,6,145,2,1,2,76,2018,Round 17,2018-07-14,9651
Brisbane Lions,Jake Barrett,5,8,10,76.9,0,3,0,1,0,0,0,7,126,3,2,1,77,2018,Round 17,2018-07-14,9651
Brisbane Lions,Eric Hipwood,3,9,5,41.7,2,0,4,1,0,0,0,6,352,4,1,0,83,2018,Round 17,2018-07-14,9651
Brisbane Lions,Oscar Mcinerney,9,3,7,58.3,2,0,1,3,0,2,0,4,198,5,1,1,79,2018,Round 17,2018-07-14,9651
Brisbane Lions,Darcy Gardiner,1,10,8,80.0,0,0,0,10,0,0,0,3,113,1,3,0,95,2018,Round 17,2018-07-14,9651
Brisbane Lions,Daniel Mcstay,7,4,9,90.0,1,1,2,3,0,0,0,7,96,1,0,1,84,2018,Round 17,2018-07-14,9651
Brisbane Lions,Cedric Cox,5,5,6,60.0,0,0,0,2,0,0,0,3,97,2,4,0,74,2018,Round 17,2018-07-14,9651
Melbourne,Angus Brayshaw,16,24,28,73.7,0,0,0,0,0,4,2,15,497,7,4,1,82,2018,Round 17,2018-07-14,9652
Melbourne,Clayton Oliver,17,17,24,70.6,0,3,0,2,0,3,2,10,512,4,5,0,84,2018,Round 17,2018-07-14,9652
Melbourne,Jordan Lewis,9,14,18,78.3,0,1,0,3,0,0,1,4,302,4,9,0,93,2018,Round 17,2018-07-14,9652
Melbourne,Christian Salem,5,14,18,85.7,0,0,0,4,1,0,0,4,441,3,6,0,88,2018,Round 17,2018-07-14,9652
Melbourne,Jake Melksham,7,13,14,70.0,1,3,1,0,2,1,0,8,435,3,4,1,87,2018,Round 17,2018-07-14,9652
Melbourne,Nathan Jones,7,12,11,57.9,0,0,0,1,0,0,2,4,198,4,2,0,81,2018,Round 17,2018-07-14,9652
Melbourne,Christian Petracca,8,10,12,63.2,0,0,1,1,1,3,0,7,356,3,0,0,73,2018,Round 17,2018-07-14,9652
Melbourne,Jesse Hogan,10,9,12,66.7,3,0,3,4,0,0,0,8,348,5,1,1,93,2018,Round 17,2018-07-14,9652
Melbourne,Bayley Fritsch,6,11,14,77.8,1,1,1,3,0,0,0,5,369,2,8,0,82,2018,Round 17,2018-07-14,9652
Melbourne,Max Gawn,9,8,12,70.6,4,0,0,3,0,1,2,13,247,4,6,0,82,2018,Round 17,2018-07-14,9652
Melbourne,Alex Neal Bullen,2,16,17,100.0,0,1,1,1,0,0,0,7,102,0,0,0,74,2018,Round 17,2018-07-14,9652
Melbourne,Tom Mcdonald,8,9,11,68.8,3,0,3,1,0,0,4,7,242,5,1,1,82,2018,Round 17,2018-07-14,9652
Melbourne,Michael Hibberd,3,13,13,81.2,0,0,0,5,0,0,0,3,453,6,5,0,88,2018,Round 17,2018-07-14,9652
Melbourne,James Harmes,5,11,11,68.8,0,1,0,2,0,1,1,6,155,3,3,0,85,2018,Round 17,2018-07-14,9652
Melbourne,Jay Kennedy Harris,5,11,12,80.0,0,1,0,1,0,1,0,4,186,4,4,1,74,2018,Round 17,2018-07-14,9652
Melbourne,Bernie Vince,6,8,9,64.3,0,0,0,3,0,0,0,5,99,4,8,0,84,2018,Round 17,2018-07-14,9652
Melbourne,Charlie Spargo,6,9,11,78.6,0,1,0,2,0,0,0,8,207,3,2,0,77,2018,Round 17,2018-07-14,9652
Melbourne,Jeff Gartlett,5,7,8,66.7,0,1,2,0,0,0,1,6,187,1,1,2,77,2018,Round 17,2018-07-14,9652
Melbourne,Oscar Mcdonald,4,7,11,91.7,1,0,0,11,0,0,0,1,250,2,7,0,98,2018,Round 17,2018-07-14,9652
Melbourne,Mitchell Hannan,4,8,7,63.6,0,2,0,1,0,1,0,7,263,2,2,0,72,2018,Round 17,2018-07-14,9652
Melbourne,Sam Frost,4,6,4,40.0,1,0,0,5,0,0,0,1,250,8,5,0,79,2018,Round 17,2018-07-14,9652
Melbourne,Neville Jetta,6,2,5,71.4,2,0,0,6,0,0,0,0,121,1,5,0,63,2018,Round 17,2018-07-14,9652
Western Bulldogs,Lachlan Hunter,6,25,21,60.0,2,1,1,2,2,0,1,2,567,7,4,0,87,2018,Round 17,2018-07-14,9652
Western Bulldogs,Jackson Macrae,12,23,24,72.7,1,0,0,4,1,2,4,6,326,5,3,1,88,2018,Round 17,2018-07-14,9652
Western Bulldogs,Josh Dunkley,8,22,19,63.3,0,0,0,1,0,0,2,4,212,4,2,0,78,2018,Round 17,2018-07-14,9652
Western Bulldogs,Mitchell Wallis,15,15,20,69.0,0,2,1,1,1,1,3,8,196,5,5,1,81,2018,Round 17,2018-07-14,9652
Western Bulldogs,Luke Dahlhaus,6,17,18,78.3,0,1,0,0,0,1,1,5,177,3,4,2,81,2018,Round 17,2018-07-14,9652
Western Bulldogs,Toby Mclean,11,13,16,72.7,0,1,0,2,0,1,3,5,176,4,4,1,75,2018,Round 17,2018-07-14,9652
Western Bulldogs,Jason Johannisen,7,14,15,71.4,0,0,0,1,1,1,1,5,428,3,3,0,86,2018,Round 17,2018-07-14,9652
Western Bulldogs,Jordan Roughead,9,10,13,65.0,2,1,1,7,0,3,3,3,137,2,0,0,87,2018,Round 17,2018-07-14,9652
Western Bulldogs,Jackson Trengove,7,12,17,89.5,1,0,0,3,0,0,2,1,323,2,8,0,79,2018,Round 17,2018-07-14,9652
Western Bulldogs,Aaron Naughton,6,9,11,61.1,1,0,0,10,0,0,1,2,326,5,9,0,85,2018,Round 17,2018-07-14,9652
Western Bulldogs,Mitch Honeychurch,5,12,9,56.2,0,1,0,2,0,1,0,2,203,5,1,0,79,2018,Round 17,2018-07-14,9652
Western Bulldogs,Caleb Daniel,8,9,10,62.5,0,0,1,1,0,0,5,3,196,2,0,1,80,2018,Round 17,2018-07-14,9652
Western Bulldogs,Billy Gowers,6,11,8,50.0,1,0,1,2,0,2,0,5,537,8,2,0,77,2018,Round 17,2018-07-14,9652
Western Bulldogs,Marcus Adams,6,9,14,87.5,1,0,0,6,0,0,0,1,238,1,9,0,93,2018,Round 17,2018-07-14,9652
Western Bulldogs,Bradley Lynch,8,10,13,81.2,0,0,0,0,1,0,0,2,228,6,8,0,74,2018,Round 17,2018-07-14,9652
Western Bulldogs,Ed Richards,7,10,13,81.2,0,0,0,1,1,0,0,1,306,5,3,0,85,2018,Round 17,2018-07-14,9652
Western Bulldogs,Shane Biggs,5,10,12,80.0,0,1,0,0,1,0,0,4,253,2,3,0,78,2018,Round 17,2018-07-14,9652
Western Bulldogs,Josh Schache,4,12,10,66.7,1,0,3,1,0,0,0,6,241,2,0,0,76,2018,Round 17,2018-07-14,9652
Western Bulldogs,Roarke Smith,6,9,8,57.1,0,0,0,4,0,0,0,1,158,5,3,0,77,2018,Round 17,2018-07-14,9652
Western Bulldogs,Dale Morris,4,9,7,53.8,0,0,1,5,0,0,0,1,92,4,4,0,89,2018,Round 17,2018-07-14,9652
Western Bulldogs,Zaine Cordy,9,3,8,72.7,1,0,0,6,0,0,0,3,157,3,2,2,89,2018,Round 17,2018-07-14,9652
Western Bulldogs,Patrick Lipinski,4,6,8,88.9,0,0,0,1,0,0,1,3,104,4,1,0,76,2018,Round 17,2018-07-14,9652
Greater Western Sydney,Lachie Whitfield,2,32,25,71.4,0,0,0,0,1,0,2,4,696,10,0,1,89,2018,Round 17,2018-07-14,9654
Greater Western Sydney,Callan Ward,19,13,25,78.1,1,0,0,3,0,5,5,8,390,6,7,1,83,2018,Round 17,2018-07-14,9654
Greater Western Sydney,Heath Shaw,6,17,21,70.0,0,1,0,4,4,0,1,5,738,11,7,0,90,2018,Round 17,2018-07-14,9654
Greater Western Sydney,Stephen Coniglio,10,20,20,66.7,0,1,1,0,0,0,4,7,324,6,4,0,84,2018,Round 17,2018-07-14,9654
Greater Western Sydney,Dylan Shiel,12,17,19,65.5,0,0,0,2,0,2,4,4,425,5,7,0,77,2018,Round 17,2018-07-14,9654
Greater Western Sydney,Tim Taranto,10,13,15,65.2,2,2,2,3,0,1,2,7,255,2,6,0,67,2018,Round 17,2018-07-14,9654
Greater Western Sydney,Ryan Griffen,8,13,10,50.0,2,0,0,1,0,0,0,6,406,6,3,1,83,2018,Round 17,2018-07-14,9654
Greater Western Sydney,Joshua Kelly,5,17,11,55.0,0,0,0,2,0,0,1,4,433,6,3,1,86,2018,Round 17,2018-07-14,9654
Greater Western Sydney,Jacob Hopper,12,5,11,64.7,0,0,0,1,0,2,4,3,386,6,4,0,74,2018,Round 17,2018-07-14,9654
Greater Western Sydney,Nick Haynes,3,11,13,81.2,1,0,0,5,2,0,0,3,441,3,8,0,86,2018,Round 17,2018-07-14,9654
Greater Western Sydney,Phil Davis,9,6,13,86.7,0,0,0,8,0,0,1,2,94,2,14,0,98,2018,Round 17,2018-07-14,9654
Greater Western Sydney,Toby Greene,9,5,8,53.3,0,0,1,1,0,0,0,7,303,4,0,0,74,2018,Round 17,2018-07-14,9654
Greater Western Sydney,Zac Giles Langdon,7,8,14,93.3,1,1,4,3,0,0,0,7,267,3,3,1,86,2018,Round 17,2018-07-14,9654
Greater Western Sydney,Adam Tomlinson,5,10,8,57.1,0,0,0,4,0,1,2,2,267,5,1,0,88,2018,Round 17,2018-07-14,9654
Greater Western Sydney,Sam Taylor,7,6,8,61.5,0,0,0,8,0,0,1,3,169,1,7,1,83,2018,Round 17,2018-07-14,9654
Greater Western Sydney,Harrison Himmelberg,2,10,10,83.3,0,1,1,3,0,0,0,7,164,0,0,1,85,2018,Round 17,2018-07-14,9654
Greater Western Sydney,Adam Kennedy,6,6,8,72.7,1,1,0,3,1,0,0,6,276,4,4,0,72,2018,Round 17,2018-07-14,9654
Greater Western Sydney,Samuel Reid,3,8,7,70.0,0,0,0,0,0,0,0,3,200,2,2,0,89,2018,Round 17,2018-07-14,9654
Greater Western Sydney,Rory Lobb,3,6,5,55.6,2,0,0,6,0,0,0,3,190,2,0,0,92,2018,Round 17,2018-07-14,9654
Greater Western Sydney,Brent Daniels,8,2,7,77.8,0,0,0,0,0,1,0,3,100,2,2,1,64,2018,Round 17,2018-07-14,9654
Greater Western Sydney,Aidan Corr,0,5,3,60.0,0,0,0,9,0,0,0,0,45,2,0,0,82,2018,Round 17,2018-07-14,9654
Greater Western Sydney,Dawson Simpson,7,1,4,100.0,1,0,0,5,0,0,3,4,48,1,1,1,69,2018,Round 17,2018-07-14,9654
Richmond,Brandon Ellis,4,27,23,76.7,0,1,0,3,0,0,1,5,464,6,3,0,78,2018,Round 17,2018-07-14,9654
Richmond,Dustin Martin,13,16,19,65.5,0,0,0,3,2,2,3,11,669,8,3,0,88,2018,Round 17,2018-07-14,9654
Richmond,Dion Prestia,10,19,18,62.1,0,0,0,1,0,1,1,5,547,6,6,0,79,2018,Round 17,2018-07-14,9654
Richmond,Kane Lambert,14,16,20,71.4,0,0,0,0,0,2,1,7,225,5,6,2,88,2018,Round 17,2018-07-14,9654
Richmond,Jayden Short,4,18,21,91.3,0,0,0,2,0,0,0,8,661,2,6,0,78,2018,Round 17,2018-07-14,9654
Richmond,Bachar Houli,4,15,18,85.7,0,0,0,0,1,0,0,3,386,6,6,0,75,2018,Round 17,2018-07-14,9654
Richmond,Trent Cotchin,7,10,12,66.7,0,0,0,1,0,2,1,6,341,3,3,0,80,2018,Round 17,2018-07-14,9654
Richmond,David Astbury,6,11,13,72.2,2,0,0,7,0,0,0,2,288,4,8,0,100,2018,Round 17,2018-07-14,9654
Richmond,Nick Vlastuin,9,7,15,83.3,1,0,0,4,0,0,1,1,253,3,9,0,93,2018,Round 17,2018-07-14,9654
Richmond,Daniel Rioli,8,11,11,61.1,0,0,0,3,0,1,0,8,287,4,1,1,80,2018,Round 17,2018-07-14,9654
Richmond,Shaun Grigg,3,12,14,82.4,0,0,0,0,0,0,0,4,312,2,6,0,82,2018,Round 17,2018-07-14,9654
Richmond,Shane Edwards,8,9,12,70.6,1,1,2,2,0,0,0,5,294,2,5,1,79,2018,Round 17,2018-07-14,9654
Richmond,Alex Rance,9,9,14,82.4,1,0,0,12,0,0,0,0,122,3,12,0,100,2018,Round 17,2018-07-14,9654
Richmond,Jack Riewoldt,5,8,8,53.3,1,2,2,1,0,0,1,8,317,4,1,1,94,2018,Round 17,2018-07-14,9654
Richmond,Dylan Grimes,4,10,12,80.0,2,0,0,5,0,0,0,2,108,2,9,0,81,2018,Round 17,2018-07-14,9654
Richmond,Jason Castagna,7,5,6,42.9,0,0,2,1,2,0,0,8,300,3,1,1,88,2018,Round 17,2018-07-14,9654
Richmond,Jack Higgins,6,8,7,50.0,0,0,0,1,0,3,2,5,270,4,1,1,64,2018,Round 17,2018-07-14,9654
Richmond,Josh Caddy,7,3,3,30.0,1,0,1,3,0,0,2,2,158,5,3,2,83,2018,Round 17,2018-07-14,9654
Richmond,Corey Ellis,4,7,7,70.0,0,0,1,4,0,0,1,4,125,1,2,0,68,2018,Round 17,2018-07-14,9654
Richmond,Toby Nankervis,10,2,7,77.8,1,1,1,9,0,2,2,6,229,3,1,0,89,2018,Round 17,2018-07-14,9654
Richmond,Shai Bolton,4,6,5,55.6,0,0,2,1,1,0,1,5,125,3,0,1,65,2018,Round 17,2018-07-14,9654
Richmond,Callum Moore,2,4,3,60.0,0,0,0,0,0,0,0,2,300,3,1,2,67,2018,Round 17,2018-07-14,9654
Gold Coast,Jarrod Harbrow,6,17,14,56.0,0,0,0,4,1,1,1,2,551,10,4,0,89,2018,Round 17,2018-07-14,9653
Gold Coast,Touk Miller,10,13,17,70.8,0,0,0,2,0,1,2,5,301,1,6,0,84,2018,Round 17,2018-07-14,9653
Gold Coast,Jarryd Lyons,12,10,11,47.8,0,1,0,1,0,1,6,4,447,6,2,1,75,2018,Round 17,2018-07-14,9653
Gold Coast,Lachlan Weller,6,15,14,66.7,0,0,0,1,2,0,1,1,382,5,3,0,84,2018,Round 17,2018-07-14,9653
Gold Coast,Alex Sexton,6,15,9,45.0,0,0,1,1,1,0,2,7,533,11,3,0,87,2018,Round 17,2018-07-14,9653
Gold Coast,Jack Martin,11,9,15,75.0,1,0,0,2,0,5,1,3,352,3,4,0,83,2018,Round 17,2018-07-14,9653
Gold Coast,Steven May,5,10,11,57.9,2,0,0,4,0,0,0,2,500,4,13,0,90,2018,Round 17,2018-07-14,9653
Gold Coast,Sean Lemmens,11,6,8,50.0,0,0,0,2,0,0,1,4,269,6,6,0,76,2018,Round 17,2018-07-14,9653
Gold Coast,David Swallow,10,6,11,73.3,0,0,0,4,0,0,3,4,167,2,4,0,82,2018,Round 17,2018-07-14,9653
Gold Coast,Will Brodie,7,7,10,71.4,0,1,0,1,0,3,1,1,135,1,1,0,74,2018,Round 17,2018-07-14,9653
Gold Coast,Jesse Joyce,7,8,7,53.8,0,0,0,6,0,0,0,2,230,7,7,0,83,2018,Round 17,2018-07-14,9653
Gold Coast,Charlie Ballard,5,8,8,61.5,1,0,0,6,0,0,0,0,252,5,8,0,84,2018,Round 17,2018-07-14,9653
Gold Coast,Rory Thompson,6,6,9,75.0,2,0,0,4,0,0,0,2,208,3,11,0,89,2018,Round 17,2018-07-14,9653
Gold Coast,Jarrod Witts,5,5,5,41.7,0,0,0,3,0,0,2,1,219,3,1,2,78,2018,Round 17,2018-07-14,9653
Gold Coast,Aaron Young,5,4,7,63.6,0,0,1,0,0,0,0,4,173,0,3,2,79,2018,Round 17,2018-07-14,9653
Gold Coast,Nicholas Holman,5,8,7,63.6,2,0,3,2,0,0,0,6,208,1,1,0,86,2018,Round 17,2018-07-14,9653
Gold Coast,Peter Wright,3,4,5,55.6,1,0,1,3,0,0,0,2,259,2,1,3,85,2018,Round 17,2018-07-14,9653
Gold Coast,Callum Ah Chee,2,7,5,62.5,0,0,0,0,0,0,0,1,179,2,0,0,86,2018,Round 17,2018-07-14,9653
Gold Coast,Michael Rischitelli,3,4,2,28.6,0,1,0,6,0,0,0,2,230,4,2,1,80,2018,Round 17,2018-07-14,9653
Gold Coast,Brayden Crossley,4,3,6,85.7,1,0,0,5,0,0,0,3,24,0,2,1,79,2018,Round 17,2018-07-14,9653
Gold Coast,Joshua Schoenfeld,4,2,3,50.0,0,0,1,4,0,0,1,1,72,2,1,0,74,2018,Round 17,2018-07-14,9653
Gold Coast,Wil Powell,4,2,2,66.7,1,0,1,0,0,0,0,1,6,2,1,1,75,2018,Round 17,2018-07-14,9653
Essendon,Zachary Merrett,9,28,24,64.9,0,2,0,0,0,0,2,10,607,7,5,2,81,2018,Round 17,2018-07-14,9653
Essendon,Dyson Heppell,15,21,23,63.9,0,0,1,4,0,0,7,11,437,4,6,0,85,2018,Round 17,2018-07-14,9653
Essendon,Darcy Parish,14,13,21,80.8,0,2,0,1,0,5,3,12,280,3,2,1,77,2018,Round 17,2018-07-14,9653
Essendon,Kyle Langford,10,13,15,60.0,2,3,3,3,0,0,1,8,400,3,5,2,81,2018,Round 17,2018-07-14,9653
Essendon,Andrew Mcgrath,8,17,19,76.0,0,0,0,0,5,0,1,2,419,5,3,0,82,2018,Round 17,2018-07-14,9653
Essendon,David Myers,12,14,21,87.5,1,0,1,1,0,1,4,8,315,3,4,0,73,2018,Round 17,2018-07-14,9653
Essendon,Michael Hurley,7,17,20,83.3,2,0,0,6,0,0,0,9,314,4,11,0,91,2018,Round 17,2018-07-14,9653
Essendon,Devon Smith,7,16,12,52.2,0,1,2,4,1,0,3,6,476,6,1,3,83,2018,Round 17,2018-07-14,9653
Essendon,Anthony Mcdonald Tipungwuti,10,11,17,81.0,2,2,1,1,2,0,3,11,384,1,1,0,78,2018,Round 17,2018-07-14,9653
Essendon,Cale Hooker,10,9,12,63.2,4,0,0,4,2,0,0,4,175,6,10,0,93,2018,Round 17,2018-07-14,9653
Essendon,Adam Saad,4,15,13,68.4,0,0,0,5,12,0,1,4,559,6,3,0,67,2018,Round 17,2018-07-14,9653
Essendon,Brendon Goddard,0,17,11,61.1,0,0,0,4,0,0,0,5,405,5,0,0,92,2018,Round 17,2018-07-14,9653
Essendon,Matthew Dea,10,7,16,88.9,2,0,0,4,0,0,0,2,206,2,10,0,84,2018,Round 17,2018-07-14,9653
Essendon,Conor Mckenna,4,13,11,64.7,1,0,1,5,1,0,0,5,281,3,4,0,84,2018,Round 17,2018-07-14,9653
Essendon,Matt Guelfi,8,10,14,82.4,1,0,2,6,0,0,2,7,324,3,6,0,78,2018,Round 17,2018-07-14,9653
Essendon,Mitchell Brown 1,3,11,10,71.4,0,0,1,2,0,0,0,3,165,4,1,0,94,2018,Round 17,2018-07-14,9653
Essendon,Shaun Mckernan,6,9,10,71.4,3,0,1,2,0,0,2,6,199,4,0,0,93,2018,Round 17,2018-07-14,9653
Essendon,Mark Baguley,6,5,5,45.5,3,0,4,1,0,0,0,5,161,2,0,5,82,2018,Round 17,2018-07-14,9653
Essendon,Tom Bellchambers,3,7,3,30.0,0,0,2,3,0,0,3,7,183,2,2,0,77,2018,Round 17,2018-07-14,9653
Essendon,Jake Long,4,6,6,60.0,0,0,0,3,2,0,1,4,245,4,4,1,73,2018,Round 17,2018-07-14,9653
Essendon,Travis Colyer,7,4,4,44.4,0,0,0,0,0,1,0,3,56,0,1,2,70,2018,Round 17,2018-07-14,9653
Essendon,Ben Mcniece,2,7,5,71.4,0,0,0,3,0,0,0,1,56,4,3,0,81,2018,Round 17,2018-07-14,9653
Collingwood,Taylor Adams,13,15,20,71.4,0,1,0,1,2,5,5,10,335,2,1,1,84,2018,Round 17,2018-07-15,9655
Collingwood,Tom Phillips,7,21,20,74.1,0,0,0,0,3,0,2,3,519,5,5,0,89,2018,Round 17,2018-07-15,9655
Collingwood,Scott Pendlebury,10,15,18,72.0,0,0,0,2,0,2,0,7,221,2,4,0,88,2018,Round 17,2018-07-15,9655
Collingwood,Jeremy Howe,7,17,17,70.8,2,0,0,5,0,0,0,6,580,7,9,0,93,2018,Round 17,2018-07-15,9655
Collingwood,Jack Crisp,9,15,16,76.2,0,0,0,3,2,1,1,5,410,3,7,0,89,2018,Round 17,2018-07-15,9655
Collingwood,Brayden Maynard,5,15,15,71.4,0,0,0,1,2,0,2,3,388,4,4,0,86,2018,Round 17,2018-07-15,9655
Collingwood,Levi Greenwood,11,10,12,66.7,1,1,0,3,1,0,0,4,290,6,6,0,84,2018,Round 17,2018-07-15,9655
Collingwood,Steele Sidebottom,6,10,12,66.7,0,0,0,2,0,1,0,3,119,4,5,0,77,2018,Round 17,2018-07-15,9655
Collingwood,Travis Varcoe,6,11,11,64.7,0,0,1,0,0,0,0,5,276,7,1,1,71,2018,Round 17,2018-07-15,9655
Collingwood,Matthew Scharenberg,6,9,13,76.5,0,0,0,4,0,0,0,0,214,5,7,0,85,2018,Round 17,2018-07-15,9655
Collingwood,Christopher Mayne,3,12,14,87.5,0,0,0,1,0,1,0,4,53,1,2,0,82,2018,Round 17,2018-07-15,9655
Collingwood,Tom Langdon,4,10,12,80.0,0,0,0,3,0,0,0,0,175,1,6,0,75,2018,Round 17,2018-07-15,9655
Collingwood,Brody Mihocek,8,8,7,46.7,3,0,2,2,0,0,0,9,371,5,0,1,92,2018,Round 17,2018-07-15,9655
Collingwood,Brodie Grundy,11,3,12,85.7,0,0,0,5,0,2,4,8,81,0,1,1,92,2018,Round 17,2018-07-15,9655
Collingwood,Darcy Moore,6,10,9,64.3,0,0,0,8,0,0,0,1,234,7,10,0,85,2018,Round 17,2018-07-15,9655
Collingwood,Brayden Sier,9,5,10,76.9,0,0,0,0,0,3,1,4,176,1,2,0,44,2018,Round 17,2018-07-15,9655
Collingwood,Josh Thomas,4,8,8,66.7,0,0,1,1,0,0,1,6,188,5,0,3,72,2018,Round 17,2018-07-15,9655
Collingwood,Jordan De Goey,4,9,7,58.3,0,0,1,0,0,0,1,6,360,3,0,0,89,2018,Round 17,2018-07-15,9655
Collingwood,Josh Daicos,2,8,8,72.7,0,1,1,0,0,0,1,3,87,2,0,2,75,2018,Round 17,2018-07-15,9655
Collingwood,Jaidyn Stephenson,3,9,5,45.5,0,1,1,2,0,0,0,2,241,3,1,0,89,2018,Round 17,2018-07-15,9655
Collingwood,Ben Crocker,4,4,5,62.5,1,0,1,0,0,0,0,3,86,2,1,0,78,2018,Round 17,2018-07-15,9655
Collingwood,Will Hoskin Elliott,3,5,6,85.7,0,1,1,2,0,0,0,3,95,1,1,0,82,2018,Round 17,2018-07-15,9655
West Coast,Luke Shuey,12,18,22,73.3,0,0,0,1,1,3,1,7,292,3,4,0,83,2018,Round 17,2018-07-15,9655
West Coast,Jack Redden,11,21,25,83.3,0,1,1,1,0,1,4,6,487,6,5,1,89,2018,Round 17,2018-07-15,9655
West Coast,Andrew Gaff,6,21,20,66.7,0,0,0,0,0,0,0,6,495,6,4,0,89,2018,Round 17,2018-07-15,9655
West Coast,Shannon Hurn,3,17,21,84.0,1,1,0,1,1,0,0,4,568,6,7,0,89,2018,Round 17,2018-07-15,9655
West Coast,Jeremy Mcgovern,11,9,17,77.3,4,0,0,6,0,0,1,3,379,3,14,0,84,2018,Round 17,2018-07-15,9655
West Coast,Mark Lecras,6,12,11,61.1,1,1,2,1,0,0,1,6,238,5,3,1,87,2018,Round 17,2018-07-15,9655
West Coast,Bradley Sheppard,0,16,14,82.4,0,0,0,3,0,0,0,2,275,5,2,0,87,2018,Round 17,2018-07-15,9655
West Coast,Lewis Jetta,3,14,16,94.1,0,2,0,4,0,0,1,5,202,1,4,0,84,2018,Round 17,2018-07-15,9655
West Coast,Elliot Yeo,12,7,9,52.9,1,0,1,6,0,4,1,7,428,5,3,0,86,2018,Round 17,2018-07-15,9655
West Coast,Chris Masten,7,9,11,68.8,0,1,0,2,0,0,1,4,201,4,2,0,87,2018,Round 17,2018-07-15,9655
West Coast,Mark Hutchings,6,11,13,86.7,0,0,0,1,0,1,1,2,302,5,2,0,81,2018,Round 17,2018-07-15,9655
West Coast,Jake Waterman,4,11,9,60.0,0,1,2,0,0,1,0,5,213,2,3,1,80,2018,Round 17,2018-07-15,9655
West Coast,Liam Duggan,7,8,6,42.9,1,0,0,5,1,0,2,3,400,2,5,0,82,2018,Round 17,2018-07-15,9655
West Coast,Tom Cole,8,4,8,66.7,0,0,0,1,0,0,0,1,150,1,8,0,84,2018,Round 17,2018-07-15,9655
West Coast,Daniel Venables,2,10,9,75.0,0,1,2,1,0,0,1,6,133,2,0,2,74,2018,Round 17,2018-07-15,9655
West Coast,Willie Rioli,3,8,7,58.3,0,0,1,2,0,0,0,5,253,3,3,0,87,2018,Round 17,2018-07-15,9655
West Coast,Jack Darling,6,1,7,63.6,2,2,2,0,0,0,0,8,186,3,2,0,86,2018,Round 17,2018-07-15,9655
West Coast,Joshua Kennedy,7,6,6,60.0,2,0,3,0,0,0,0,7,315,2,3,1,81,2018,Round 17,2018-07-15,9655
West Coast,Jamie Cripps,2,7,8,88.9,0,1,0,1,0,0,0,4,135,2,1,2,85,2018,Round 17,2018-07-15,9655
West Coast,Scott Lycett,8,2,6,66.7,1,0,0,3,0,0,2,3,167,2,3,1,84,2018,Round 17,2018-07-15,9655
West Coast,Will Schofield,3,4,7,100.0,0,0,0,3,0,0,0,1,61,1,1,0,91,2018,Round 17,2018-07-15,9655
West Coast,Nicholas Naitanui,3,4,6,100.0,0,0,0,2,1,2,1,0,119,3,0,0,21,2018,Round 17,2018-07-15,9655
Fremantle,Lachie Neale,18,15,24,72.7,0,1,0,0,0,3,6,4,368,6,8,0,80,2018,Round 17,2018-07-15,9657
Fremantle,David Mundy,10,19,16,55.2,2,0,1,4,0,0,3,4,754,5,3,0,83,2018,Round 17,2018-07-15,9657
Fremantle,Ed Langdon,10,18,18,64.3,0,1,0,0,0,0,1,5,403,6,5,1,86,2018,Round 17,2018-07-15,9657
Fremantle,Luke Ryan,9,16,24,85.7,2,0,0,1,0,0,0,5,710,4,16,0,86,2018,Round 17,2018-07-15,9657
Fremantle,Bradley Hill,3,19,16,76.2,0,0,0,0,1,0,1,2,608,7,2,2,84,2018,Round 17,2018-07-15,9657
Fremantle,Stefan Giro,6,12,13,68.4,0,1,0,0,0,0,0,6,174,2,2,0,84,2018,Round 17,2018-07-15,9657
Fremantle,Nathan Wilson,5,10,13,72.2,0,0,0,7,1,0,1,2,452,6,7,0,84,2018,Round 17,2018-07-15,9657
Fremantle,Bailey Banfield,12,6,10,55.6,0,0,0,2,0,3,2,5,197,2,3,1,78,2018,Round 17,2018-07-15,9657
Fremantle,Stephen Hill,6,11,13,76.5,0,0,0,2,1,0,0,1,284,3,4,0,88,2018,Round 17,2018-07-15,9657
Fremantle,Adam Cerra,9,8,8,47.1,0,1,0,2,1,1,2,4,205,7,6,2,65,2018,Round 17,2018-07-15,9657
Fremantle,Brandon Matera,7,9,7,43.8,0,0,0,2,0,0,1,5,117,5,1,2,74,2018,Round 17,2018-07-15,9657
Fremantle,Brennan Cox,6,8,11,68.8,0,0,1,2,0,0,0,5,250,4,1,3,96,2018,Round 17,2018-07-15,9657
Fremantle,Sean Darcy,8,7,9,60.0,1,0,2,4,0,2,3,3,150,2,2,0,77,2018,Round 17,2018-07-15,9657
Fremantle,Michael Walters,7,9,7,50.0,0,0,1,1,0,0,0,5,157,2,4,0,81,2018,Round 17,2018-07-15,9657
Fremantle,Thomas Sheridan,6,7,8,66.7,1,2,1,0,0,0,3,3,217,1,0,0,63,2018,Round 17,2018-07-15,9657
Fremantle,Ethan Hughes,2,8,8,66.7,0,0,0,2,0,0,0,3,224,1,2,0,68,2018,Round 17,2018-07-15,9657
Fremantle,Joel Hamling,6,5,11,100.0,1,0,0,14,0,0,1,0,118,3,7,0,98,2018,Round 17,2018-07-15,9657
Fremantle,Cameron Sutcliffe,5,5,4,36.4,0,0,1,1,0,0,0,4,217,3,3,5,90,2018,Round 17,2018-07-15,9657
Fremantle,Ryan Nyhuis,3,9,8,72.7,0,0,0,3,0,0,0,2,119,2,5,0,91,2018,Round 17,2018-07-15,9657
Fremantle,Alex Pearce,2,5,7,77.8,0,0,0,3,0,0,1,2,160,1,3,0,87,2018,Round 17,2018-07-15,9657
Fremantle,Scott Jones,8,3,5,55.6,1,0,1,5,0,0,0,3,84,2,1,0,90,2018,Round 17,2018-07-15,9657
Fremantle,Cameron Mccarthy,1,3,4,100.0,0,0,0,0,0,0,0,3,50,2,0,0,66,2018,Round 17,2018-07-15,9657
Port Adelaide,Oliver Wines,15,15,18,60.0,2,1,0,2,0,1,4,4,395,3,2,1,79,2018,Round 17,2018-07-15,9657
Port Adelaide,Sam Powell Pepper,10,18,17,60.7,0,0,1,0,2,0,1,1,414,8,0,0,83,2018,Round 17,2018-07-15,9657
Port Adelaide,Jared Polec,8,18,16,61.5,1,2,1,2,1,0,2,4,549,7,4,0,91,2018,Round 17,2018-07-15,9657
Port Adelaide,Tom Rockliff,11,13,14,56.0,0,2,0,0,0,1,4,7,300,7,3,1,76,2018,Round 17,2018-07-15,9657
Port Adelaide,Chad Wingard,14,11,15,62.5,0,0,0,0,0,3,4,3,406,7,4,0,91,2018,Round 17,2018-07-15,9657
Port Adelaide,Travis Boak,9,12,13,59.1,0,0,1,1,0,0,2,5,388,3,4,1,93,2018,Round 17,2018-07-15,9657
Port Adelaide,Karl Amon,8,16,15,68.2,0,0,0,0,1,0,5,2,328,7,5,0,70,2018,Round 17,2018-07-15,9657
Port Adelaide,Dan Houston,5,12,14,73.7,0,0,0,8,0,0,1,1,386,3,6,0,83,2018,Round 17,2018-07-15,9657
Port Adelaide,Justin Westhoff,8,11,11,61.1,1,0,0,6,0,0,1,2,259,5,7,1,93,2018,Round 17,2018-07-15,9657
Port Adelaide,Steven Motlop,4,14,14,77.8,0,0,0,1,1,0,2,3,261,3,2,0,82,2018,Round 17,2018-07-15,9657
Port Adelaide,Jack Watts,6,11,15,88.2,0,1,2,1,0,0,0,4,175,0,1,2,86,2018,Round 17,2018-07-15,9657
Port Adelaide,Darcy Byrne Jones,3,13,10,58.8,0,0,0,2,0,0,0,1,283,4,6,0,82,2018,Round 17,2018-07-15,9657
Port Adelaide,Bradley Ebert,9,7,10,62.5,1,0,1,2,0,2,0,2,157,4,3,1,88,2018,Round 17,2018-07-15,9657
Port Adelaide,Charlie Dixon,8,5,9,56.2,1,1,0,2,1,1,2,3,154,3,1,0,100,2018,Round 17,2018-07-15,9657
Port Adelaide,Sam Gray,4,10,10,62.5,0,0,2,0,0,0,0,6,207,3,1,1,86,2018,Round 17,2018-07-15,9657
Port Adelaide,Lindsay Thomas,3,9,4,30.8,0,0,1,1,0,0,0,3,167,5,0,1,87,2018,Round 17,2018-07-15,9657
Port Adelaide,Tom Clurey,4,8,8,66.7,0,0,0,6,0,0,0,1,190,2,7,0,90,2018,Round 17,2018-07-15,9657
Port Adelaide,Riley Bonner,8,4,6,50.0,0,0,0,3,0,1,0,0,235,5,5,0,75,2018,Round 17,2018-07-15,9657
Port Adelaide,Jack Hombsch,3,8,9,81.8,0,0,0,5,0,0,0,2,83,0,7,0,91,2018,Round 17,2018-07-15,9657
Port Adelaide,Dougal Howard,5,6,6,54.5,0,0,0,14,0,0,0,1,229,5,7,0,97,2018,Round 17,2018-07-15,9657
Port Adelaide,Robert Gray,8,1,4,44.4,0,0,0,1,1,0,2,1,128,1,0,0,46,2018,Round 17,2018-07-15,9657
Port Adelaide,Patrick Ryder,2,1,2,66.7,0,0,0,0,0,0,0,1,-30,0,1,0,31,2018,Round 17,2018-07-15,9657
North Melbourne,Shaun Higgins,18,16,22,66.7,0,2,0,2,0,6,1,4,629,8,5,1,86,2018,Round 17,2018-07-15,9656
North Melbourne,Jed Anderson,10,15,20,74.1,0,3,0,1,0,1,4,9,269,4,0,1,77,2018,Round 17,2018-07-15,9656
North Melbourne,Jack Ziebell,11,12,14,63.6,4,0,2,3,0,0,0,8,362,7,1,0,97,2018,Round 17,2018-07-15,9656
North Melbourne,Samuel Wright,6,15,17,77.3,2,0,0,2,0,0,1,2,286,3,8,0,90,2018,Round 17,2018-07-15,9656
North Melbourne,Ben Cunnington,11,11,18,85.7,1,1,0,0,0,1,5,4,182,2,1,1,79,2018,Round 17,2018-07-15,9656
North Melbourne,Paul Ahern,12,11,15,71.4,0,1,0,2,0,1,1,5,310,3,3,0,71,2018,Round 17,2018-07-15,9656
North Melbourne,Shaun Atley,5,16,17,85.0,0,0,0,1,0,0,0,6,210,5,1,0,89,2018,Round 17,2018-07-15,9656
North Melbourne,Luke Mcdonald,4,16,14,70.0,0,0,0,4,0,1,0,3,471,4,3,0,86,2018,Round 17,2018-07-15,9656
North Melbourne,Todd Goldstein,9,9,15,83.3,1,0,0,4,0,2,2,7,143,1,3,1,96,2018,Round 17,2018-07-15,9656
North Melbourne,Jamie Macmillan,4,14,16,88.9,0,0,0,4,1,0,0,2,399,2,6,0,89,2018,Round 17,2018-07-15,9656
North Melbourne,Alex Morgan,2,16,17,94.4,0,0,0,5,2,0,0,3,237,2,3,0,86,2018,Round 17,2018-07-15,9656
North Melbourne,Jy Simpkin,9,11,11,61.1,1,1,0,4,0,1,1,5,219,4,1,0,82,2018,Round 17,2018-07-15,9656
North Melbourne,Ben Brown,6,11,14,82.4,0,1,3,4,0,0,0,10,306,0,2,0,100,2018,Round 17,2018-07-15,9656
North Melbourne,Luke Davies Uniacke,7,11,14,87.5,0,1,0,0,0,1,3,5,268,2,0,0,72,2018,Round 17,2018-07-15,9656
North Melbourne,Robert Tarrant,4,11,11,73.3,0,0,0,1,0,0,0,2,160,2,6,0,94,2018,Round 17,2018-07-15,9656
North Melbourne,Scott Thompson 1,5,8,8,61.5,1,0,0,8,0,0,1,0,278,3,5,0,93,2018,Round 17,2018-07-15,9656
North Melbourne,Marley Williams,7,7,8,61.5,1,0,0,7,0,0,0,3,449,6,6,0,88,2018,Round 17,2018-07-15,9656
North Melbourne,Trent Dumont,4,10,10,76.9,0,0,0,1,0,1,1,2,71,1,0,0,84,2018,Round 17,2018-07-15,9656
North Melbourne,Majak Daw,4,6,6,60.0,2,1,4,7,0,0,0,8,174,1,0,1,92,2018,Round 17,2018-07-15,9656
North Melbourne,Nathan Hrovat,3,7,8,80.0,0,1,0,3,0,0,0,5,109,1,0,1,85,2018,Round 17,2018-07-15,9656
North Melbourne,Ryan Clarke,5,5,8,80.0,0,1,0,0,0,1,0,5,168,1,3,0,64,2018,Round 17,2018-07-15,9656
North Melbourne,Kayne Turner,0,0,0,0.0,0,0,0,0,0,0,0,0,0,0,0,0,3,2018,Round 17,2018-07-15,9656
Sydney,Jake Lloyd,3,27,24,80.0,0,0,1,1,2,0,0,5,459,4,3,0,94,2018,Round 17,2018-07-15,9656
Sydney,Dane Rampe,5,21,25,89.3,0,0,0,7,1,0,0,4,701,5,6,0,100,2018,Round 17,2018-07-15,9656
Sydney,Isaac Heeney,15,13,20,71.4,0,0,1,2,0,3,2,5,361,5,4,0,88,2018,Round 17,2018-07-15,9656
Sydney,Zak Jones,5,19,19,82.6,0,0,0,0,4,0,1,6,210,2,3,0,84,2018,Round 17,2018-07-15,9656
Sydney,Aliir Aliir,6,18,20,87.0,0,0,0,2,1,0,1,8,293,3,9,0,91,2018,Round 17,2018-07-15,9656
Sydney,Luke Parker,16,6,15,75.0,1,1,0,2,0,4,3,4,134,2,5,0,89,2018,Round 17,2018-07-15,9656
Sydney,Harry Cunningham,2,18,17,85.0,0,1,1,2,1,0,0,3,369,2,1,0,82,2018,Round 17,2018-07-15,9656
Sydney,Oliver Florent,9,10,18,90.0,0,0,0,2,2,1,5,4,313,2,3,0,78,2018,Round 17,2018-07-15,9656
Sydney,Lance Franklin,7,11,15,78.9,2,2,4,1,0,0,0,10,345,4,0,1,93,2018,Round 17,2018-07-15,9656
Sydney,George Hewett,9,11,17,89.5,0,0,0,1,0,1,3,3,72,0,3,1,89,2018,Round 17,2018-07-15,9656
Sydney,Colin O Riordan,6,11,14,82.4,1,0,0,4,0,0,0,0,188,2,10,0,71,2018,Round 17,2018-07-15,9656
Sydney,Nic Newman,5,11,10,62.5,0,1,0,0,0,0,0,4,316,3,1,0,72,2018,Round 17,2018-07-15,9656
Sydney,Will Hayward,4,13,10,62.5,0,0,2,1,0,0,1,8,382,3,0,1,85,2018,Round 17,2018-07-15,9656
Sydney,Ben Ronke,8,8,10,62.5,0,0,2,0,0,0,0,7,369,2,2,0,74,2018,Round 17,2018-07-15,9656
Sydney,Callum Sinclair,9,5,11,73.3,1,0,0,1,0,2,2,3,177,2,2,1,95,2018,Round 17,2018-07-15,9656
Sydney,Tom Papley,7,8,12,85.7,2,3,1,1,1,1,0,9,348,3,2,0,82,2018,Round 17,2018-07-15,9656
Sydney,Robbie Fox,3,11,10,76.9,0,1,1,2,0,1,0,6,150,2,0,0,73,2018,Round 17,2018-07-15,9656
Sydney,Harrison Marsh,3,9,10,83.3,0,0,0,0,0,0,0,3,270,2,3,0,84,2018,Round 17,2018-07-15,9656
Sydney,Nick Smith 1,3,8,9,81.8,0,0,0,4,0,0,0,2,82,1,5,0,92,2018,Round 17,2018-07-15,9656
Sydney,Daniel Robinson,3,8,10,90.9,2,0,0,0,0,0,1,2,154,3,0,0,75,2018,Round 17,2018-07-15,9656
Sydney,Josh P  Kennedy,6,4,7,70.0,0,0,0,0,0,1,0,0,70,1,1,0,22,2018,Round 17,2018-07-15,9656
Sydney,Tom Mccartin,3,7,6,60.0,2,2,3,1,0,0,0,3,93,4,0,0,86,2018,Round 17,2018-07-15,9656
St Kilda,Sebastian Ross,8,24,26,78.8,0,0,0,0,1,1,3,2,478,1,2,1,85,2018,Round 18,2018-07-20,9658
St Kilda,Jack Steele,8,17,18,72.0,0,0,1,0,0,0,2,2,336,2,2,0,83,2018,Round 18,2018-07-20,9658
St Kilda,Jade Gresham,10,13,19,79.2,1,1,0,0,1,4,3,7,571,6,1,1,85,2018,Round 18,2018-07-20,9658
St Kilda,Jack Steven,6,17,14,60.9,0,0,0,0,2,2,1,1,267,8,2,0,71,2018,Round 18,2018-07-20,9658
St Kilda,Jarryn Geary,8,13,17,81.0,1,1,0,2,0,0,1,5,223,5,7,1,85,2018,Round 18,2018-07-20,9658
St Kilda,Luke Dunstan,8,14,16,76.2,0,0,2,0,0,1,2,5,129,3,1,0,77,2018,Round 18,2018-07-20,9658
St Kilda,David Armitage,9,13,15,75.0,0,0,0,1,0,1,2,5,225,3,2,0,65,2018,Round 18,2018-07-20,9658
St Kilda,Jack Billings,10,10,14,70.0,0,1,1,0,0,1,2,6,238,4,1,3,81,2018,Round 18,2018-07-20,9658
St Kilda,Hunter Clark,1,19,14,70.0,0,0,0,2,0,0,0,3,124,4,1,0,79,2018,Round 18,2018-07-20,9658
St Kilda,Shane Savage,2,15,17,89.5,0,0,0,1,1,0,1,3,234,2,2,0,84,2018,Round 18,2018-07-20,9658
St Kilda,Jake Carlisle,5,13,16,84.2,0,0,0,5,0,0,1,3,199,4,7,0,97,2018,Round 18,2018-07-20,9658
St Kilda,Tom Hickey,10,7,13,76.5,2,0,1,2,0,1,3,5,129,3,3,0,77,2018,Round 18,2018-07-20,9658
St Kilda,Jack Sinclair,7,10,15,88.2,0,1,0,0,0,0,2,3,191,2,4,0,91,2018,Round 18,2018-07-20,9658
St Kilda,Rowan Marshall,5,10,6,40.0,1,0,2,5,0,0,1,4,167,3,1,1,90,2018,Round 18,2018-07-20,9658
St Kilda,Jack Newnes,5,9,10,71.4,0,0,0,0,0,0,1,1,287,2,3,1,84,2018,Round 18,2018-07-20,9658
St Kilda,Edward Phillips,4,10,10,71.4,0,0,0,2,0,0,0,3,0,2,3,0,67,2018,Round 18,2018-07-20,9658
St Kilda,Daniel Mckenzie,4,9,10,76.9,0,0,0,5,0,0,0,4,204,4,5,0,88,2018,Round 18,2018-07-20,9658
St Kilda,Sam Gilbert,3,8,9,81.8,0,0,0,4,0,0,0,1,63,1,4,1,90,2018,Round 18,2018-07-20,9658
St Kilda,Maverick Weller,2,9,9,81.8,1,0,1,1,0,0,0,2,143,1,0,1,83,2018,Round 18,2018-07-20,9658
St Kilda,Bailey Rice,2,9,11,100.0,0,0,0,6,0,0,1,1,137,1,2,0,77,2018,Round 18,2018-07-20,9658
St Kilda,Tim Membrey,3,8,7,70.0,0,0,3,3,0,0,0,4,144,2,0,0,86,2018,Round 18,2018-07-20,9658
St Kilda,Josh Battle,2,4,4,57.1,0,0,0,2,0,0,0,1,136,2,2,1,76,2018,Round 18,2018-07-20,9658
Richmond,Dustin Martin,13,17,22,73.3,1,3,1,0,3,2,3,14,563,4,1,0,75,2018,Round 18,2018-07-20,9658
Richmond,Dion Prestia,9,19,22,84.6,0,1,0,1,0,4,0,12,382,1,2,0,78,2018,Round 18,2018-07-20,9658
Richmond,Jayden Short,6,19,19,73.1,0,0,0,1,0,0,1,7,642,6,4,0,85,2018,Round 18,2018-07-20,9658
Richmond,Kane Lambert,9,14,17,73.9,1,0,1,0,0,0,2,7,289,2,3,1,84,2018,Round 18,2018-07-20,9658
Richmond,Shaun Grigg,6,15,19,90.5,0,1,1,0,0,2,1,9,258,1,3,1,81,2018,Round 18,2018-07-20,9658
Richmond,Shane Edwards,8,12,12,63.2,0,0,0,3,0,1,0,6,215,3,6,0,72,2018,Round 18,2018-07-20,9658
Richmond,Toby Nankervis,7,10,12,66.7,0,1,0,4,0,1,2,7,223,3,2,0,79,2018,Round 18,2018-07-20,9658
Richmond,Jack Higgins,10,10,12,66.7,0,1,1,3,0,1,3,9,147,2,2,2,80,2018,Round 18,2018-07-20,9658
Richmond,Trent Cotchin,11,8,11,64.7,0,0,1,1,0,1,3,7,163,1,4,1,64,2018,Round 18,2018-07-20,9658
Richmond,Josh Caddy,7,10,13,81.2,1,0,1,1,0,1,2,6,298,3,3,1,84,2018,Round 18,2018-07-20,9658
Richmond,Brandon Ellis,2,14,14,87.5,1,0,1,1,1,0,0,3,300,3,2,0,75,2018,Round 18,2018-07-20,9658
Richmond,Nick Vlastuin,3,11,12,80.0,0,0,0,5,0,0,0,6,272,1,3,0,88,2018,Round 18,2018-07-20,9658
Richmond,David Astbury,5,9,13,92.9,1,0,0,3,0,0,0,2,252,3,6,0,94,2018,Round 18,2018-07-20,9658
Richmond,Kamdyn Mcintosh,3,11,8,57.1,1,0,2,3,0,0,0,5,212,3,0,1,78,2018,Round 18,2018-07-20,9658
Richmond,Nathan Broad,3,11,12,85.7,1,0,0,2,0,0,0,0,160,2,7,0,87,2018,Round 18,2018-07-20,9658
Richmond,Jack Riewoldt,5,9,9,69.2,1,1,3,5,0,0,1,10,287,2,2,0,92,2018,Round 18,2018-07-20,9658
Richmond,Daniel Rioli,7,4,9,75.0,2,0,2,0,0,0,0,6,130,3,2,1,87,2018,Round 18,2018-07-20,9658
Richmond,Dylan Grimes,3,9,8,72.7,0,0,0,7,2,0,0,2,116,2,4,0,83,2018,Round 18,2018-07-20,9658
Richmond,Alex Rance,5,6,7,70.0,0,0,0,5,0,0,0,0,9,2,5,0,96,2018,Round 18,2018-07-20,9658
Richmond,Connor Menadue,2,8,7,70.0,0,0,0,0,0,0,0,3,111,1,2,0,74,2018,Round 18,2018-07-20,9658
Richmond,Callum Moore,8,4,7,70.0,0,1,0,4,0,0,0,4,94,5,4,1,87,2018,Round 18,2018-07-20,9658
Richmond,Jason Castagna,2,6,5,62.5,0,0,1,1,0,0,0,3,123,2,0,0,78,2018,Round 18,2018-07-20,9658
Collingwood,Scott Pendlebury,11,19,26,86.7,0,0,0,1,2,1,3,6,343,4,4,0,81,2018,Round 18,2018-07-21,9659
Collingwood,Taylor Adams,11,17,18,64.3,0,1,0,0,0,2,3,7,541,6,4,1,77,2018,Round 18,2018-07-21,9659
Collingwood,Steele Sidebottom,7,17,20,83.3,0,4,0,1,0,3,0,9,232,2,1,0,85,2018,Round 18,2018-07-21,9659
Collingwood,Josh Thomas,10,14,17,70.8,0,1,0,1,0,0,1,6,255,6,5,0,82,2018,Round 18,2018-07-21,9659
Collingwood,Samuel Murray,3,20,19,79.2,0,1,0,3,0,1,1,6,394,7,3,0,85,2018,Round 18,2018-07-21,9659
Collingwood,Josh Daicos,5,20,19,82.6,0,0,0,3,2,1,0,5,377,5,2,1,81,2018,Round 18,2018-07-21,9659
Collingwood,Tom Phillips,6,17,15,68.2,1,1,1,0,1,1,0,6,313,4,4,0,86,2018,Round 18,2018-07-21,9659
Collingwood,Brayden Maynard,3,17,17,81.0,0,1,0,3,0,0,0,3,441,7,5,0,79,2018,Round 18,2018-07-21,9659
Collingwood,Jordan De Goey,7,11,15,78.9,1,1,5,2,0,1,1,7,190,1,2,4,70,2018,Round 18,2018-07-21,9659
Collingwood,Brodie Grundy,4,13,14,82.4,2,2,1,2,3,0,0,11,294,2,2,1,87,2018,Round 18,2018-07-21,9659
Collingwood,Matthew Scharenberg,7,10,16,100.0,1,1,0,1,0,0,0,3,125,1,9,0,88,2018,Round 18,2018-07-21,9659
Collingwood,Tom Langdon,6,10,15,93.8,0,0,0,0,0,0,1,3,49,2,3,0,91,2018,Round 18,2018-07-21,9659
Collingwood,Christopher Mayne,2,13,13,86.7,0,0,0,0,0,0,1,4,165,1,1,0,82,2018,Round 18,2018-07-21,9659
Collingwood,Jeremy Howe,6,9,12,80.0,1,0,0,11,0,0,0,6,133,4,8,0,100,2018,Round 18,2018-07-21,9659
Collingwood,Will Hoskin Elliott,8,6,11,78.6,3,0,3,2,0,0,0,6,169,1,2,0,84,2018,Round 18,2018-07-21,9659
Collingwood,Brayden Sier,7,7,12,92.3,0,1,0,3,0,3,2,4,195,0,0,4,72,2018,Round 18,2018-07-21,9659
Collingwood,Brody Mihocek,4,8,9,75.0,3,0,4,1,0,0,1,7,227,2,0,0,86,2018,Round 18,2018-07-21,9659
Collingwood,Travis Varcoe,6,5,8,72.7,1,0,0,1,0,0,0,4,201,2,2,0,70,2018,Round 18,2018-07-21,9659
Collingwood,Jack Crisp,6,7,9,81.8,0,1,0,4,0,1,1,6,153,2,6,0,86,2018,Round 18,2018-07-21,9659
Collingwood,Jaidyn Stephenson,4,7,9,81.8,0,0,1,0,1,1,0,6,172,1,2,0,77,2018,Round 18,2018-07-21,9659
Collingwood,Levi Greenwood,2,9,7,70.0,0,0,0,9,0,0,0,1,190,3,1,0,70,2018,Round 18,2018-07-21,9659
Collingwood,Mason Cox,3,7,5,50.0,1,0,1,2,0,0,0,5,326,4,1,0,80,2018,Round 18,2018-07-21,9659
North Melbourne,Shaun Higgins,13,18,22,66.7,1,0,0,0,0,6,1,7,318,6,2,1,85,2018,Round 18,2018-07-21,9659
North Melbourne,Ben Cunnington,15,15,21,70.0,0,0,0,0,0,2,3,4,252,3,5,3,80,2018,Round 18,2018-07-21,9659
North Melbourne,Ryan Clarke,2,25,21,77.8,0,0,1,1,0,0,0,4,328,4,3,0,86,2018,Round 18,2018-07-21,9659
North Melbourne,Paul Ahern,11,13,15,62.5,0,1,0,1,1,1,0,5,360,5,3,0,64,2018,Round 18,2018-07-21,9659
North Melbourne,Jed Anderson,16,7,12,54.5,2,0,0,1,0,1,1,6,204,4,4,1,74,2018,Round 18,2018-07-21,9659
North Melbourne,Robert Tarrant,8,12,19,90.5,0,0,0,5,0,0,0,5,311,2,10,0,100,2018,Round 18,2018-07-21,9659
North Melbourne,Jamie Macmillan,5,15,15,71.4,0,0,0,4,0,0,0,3,425,5,7,0,90,2018,Round 18,2018-07-21,9659
North Melbourne,Trent Dumont,11,11,12,60.0,1,0,1,2,0,2,1,4,249,5,4,1,84,2018,Round 18,2018-07-21,9659
North Melbourne,Nathan Hrovat,5,13,15,83.3,0,0,0,0,0,1,0,5,177,1,3,1,67,2018,Round 18,2018-07-21,9659
North Melbourne,Todd Goldstein,10,5,13,81.2,1,0,1,4,0,3,5,5,95,1,0,0,83,2018,Round 18,2018-07-21,9659
North Melbourne,Samuel Wright,7,9,7,46.7,0,0,0,1,1,0,1,2,177,4,7,1,87,2018,Round 18,2018-07-21,9659
North Melbourne,Shaun Atley,1,12,10,76.9,0,0,0,0,0,0,1,4,91,1,0,2,84,2018,Round 18,2018-07-21,9659
North Melbourne,Luke Mcdonald,1,11,11,84.6,0,2,0,1,0,0,0,4,310,0,2,0,86,2018,Round 18,2018-07-21,9659
North Melbourne,Scott Thompson 1,4,6,8,72.7,0,0,0,4,1,0,0,2,149,3,5,0,81,2018,Round 18,2018-07-21,9659
North Melbourne,Marley Williams,5,8,6,54.5,0,1,0,4,0,0,0,2,157,3,5,0,85,2018,Round 18,2018-07-21,9659
North Melbourne,Jack Ziebell,7,4,5,50.0,1,1,1,4,0,0,1,4,231,5,1,2,88,2018,Round 18,2018-07-21,9659
North Melbourne,Majak Daw,7,4,7,70.0,2,0,5,3,0,2,1,6,185,4,2,0,90,2018,Round 18,2018-07-21,9659
North Melbourne,Ben Brown,4,6,6,60.0,2,0,2,3,0,0,0,5,320,3,1,0,100,2018,Round 18,2018-07-21,9659
North Melbourne,Kayne Turner,5,4,5,55.6,0,0,0,0,0,0,0,2,106,2,2,0,81,2018,Round 18,2018-07-21,9659
North Melbourne,Jy Simpkin,4,6,4,44.4,0,0,0,0,0,0,1,1,16,2,0,0,77,2018,Round 18,2018-07-21,9659
North Melbourne,Luke Davies Uniacke,1,8,5,62.5,1,1,1,2,0,0,0,2,167,2,0,1,75,2018,Round 18,2018-07-21,9659
North Melbourne,Alex Morgan,1,5,5,83.3,0,0,0,0,0,0,0,2,25,0,1,0,51,2018,Round 18,2018-07-21,9659
Sydney,Josh P  Kennedy,16,17,19,57.6,1,0,0,0,0,1,9,8,399,4,0,0,84,2018,Round 18,2018-07-21,9660
Sydney,Luke Parker,14,13,17,58.6,0,0,1,2,0,2,5,6,424,5,5,0,89,2018,Round 18,2018-07-21,9660
Sydney,Jake Lloyd,4,17,20,80.0,0,0,0,1,3,0,1,6,578,4,2,0,85,2018,Round 18,2018-07-21,9660
Sydney,Harry Cunningham,7,17,20,83.3,0,1,0,0,1,0,5,5,352,2,1,0,83,2018,Round 18,2018-07-21,9660
Sydney,Aliir Aliir,14,13,20,83.3,2,0,0,3,0,0,0,3,315,3,17,0,96,2018,Round 18,2018-07-21,9660
Sydney,Dane Rampe,8,14,16,72.7,0,0,0,9,1,0,0,1,236,3,7,0,94,2018,Round 18,2018-07-21,9660
Sydney,Zak Jones,2,19,15,75.0,0,0,0,3,1,0,0,4,291,4,2,0,83,2018,Round 18,2018-07-21,9660
Sydney,Isaac Heeney,10,10,13,65.0,0,1,2,1,0,2,3,6,295,1,0,0,83,2018,Round 18,2018-07-21,9660
Sydney,Nic Newman,9,10,12,60.0,1,0,0,4,0,0,3,0,375,7,6,1,74,2018,Round 18,2018-07-21,9660
Sydney,Colin O Riordan,7,14,13,65.0,0,0,0,4,1,0,0,6,319,2,9,0,81,2018,Round 18,2018-07-21,9660
Sydney,George Hewett,11,9,13,68.4,0,0,0,1,0,1,3,3,128,3,0,2,79,2018,Round 18,2018-07-21,9660
Sydney,Oliver Florent,9,9,11,61.1,0,0,0,1,0,0,2,3,256,0,1,0,77,2018,Round 18,2018-07-21,9660
Sydney,Lance Franklin,7,10,6,40.0,1,1,1,3,1,0,0,8,455,7,1,2,94,2018,Round 18,2018-07-21,9660
Sydney,Harrison Marsh,1,15,13,86.7,0,1,0,4,1,0,0,4,388,3,2,0,74,2018,Round 18,2018-07-21,9660
Sydney,Tom Papley,10,4,7,58.3,1,0,1,2,1,1,1,4,210,2,0,1,83,2018,Round 18,2018-07-21,9660
Sydney,Will Hayward,7,6,9,75.0,1,0,1,0,0,2,0,4,225,3,0,1,82,2018,Round 18,2018-07-21,9660
Sydney,Ben Ronke,4,7,3,25.0,0,0,1,0,0,0,1,3,175,2,1,2,82,2018,Round 18,2018-07-21,9660
Sydney,Callum Sinclair,6,5,6,54.5,2,0,1,3,0,0,0,4,157,3,4,0,92,2018,Round 18,2018-07-21,9660
Sydney,Tom Mccartin,8,4,7,63.6,1,0,1,1,0,0,0,3,72,5,1,1,81,2018,Round 18,2018-07-21,9660
Sydney,Robbie Fox,3,6,8,88.9,0,0,0,2,0,1,1,2,16,2,0,0,66,2018,Round 18,2018-07-21,9660
Sydney,Nick Smith 1,3,4,4,66.7,0,0,0,1,0,0,0,1,20,1,4,0,92,2018,Round 18,2018-07-21,9660
Sydney,Darcy Cameron,1,2,3,100.0,1,0,0,0,0,0,0,1,33,1,0,0,47,2018,Round 18,2018-07-21,9660
Gold Coast,Will Brodie,11,17,14,51.9,0,1,0,1,3,3,2,2,374,8,2,1,80,2018,Round 18,2018-07-21,9660
Gold Coast,Touk Miller,13,14,15,60.0,0,0,0,3,0,0,6,5,535,3,3,1,87,2018,Round 18,2018-07-21,9660
Gold Coast,Steven May,9,13,14,60.9,4,0,0,9,1,0,0,3,443,8,15,0,89,2018,Round 18,2018-07-21,9660
Gold Coast,Lachlan Weller,6,17,17,73.9,0,0,0,0,1,0,2,7,543,3,2,0,84,2018,Round 18,2018-07-21,9660
Gold Coast,Jarryd Lyons,13,6,13,65.0,0,0,0,1,0,1,9,3,313,4,1,0,69,2018,Round 18,2018-07-21,9660
Gold Coast,Kade Kolodjashnij,4,16,12,60.0,0,0,0,4,0,0,1,3,311,3,7,0,90,2018,Round 18,2018-07-21,9660
Gold Coast,Peter Wright,13,8,13,65.0,4,0,1,4,0,0,0,5,186,6,2,0,93,2018,Round 18,2018-07-21,9660
Gold Coast,Aaron Young,9,7,11,64.7,2,1,2,1,0,1,1,9,307,3,2,3,86,2018,Round 18,2018-07-21,9660
Gold Coast,Nicholas Holman,8,10,12,70.6,2,2,2,2,0,0,0,8,309,1,2,1,82,2018,Round 18,2018-07-21,9660
Gold Coast,Alex Sexton,7,12,12,75.0,1,0,1,2,0,0,1,7,383,4,2,2,86,2018,Round 18,2018-07-21,9660
Gold Coast,Sean Lemmens,8,9,10,62.5,0,0,0,2,0,2,1,7,165,3,2,2,71,2018,Round 18,2018-07-21,9660
Gold Coast,Jesse Joyce,6,10,10,62.5,0,0,0,2,0,0,1,1,215,5,4,0,86,2018,Round 18,2018-07-21,9660
Gold Coast,Jarrod Witts,9,5,7,50.0,1,0,1,2,0,0,3,7,158,0,1,1,83,2018,Round 18,2018-07-21,9660
Gold Coast,Jesse Lonergan,7,7,11,78.6,0,1,0,2,0,2,2,4,246,3,2,0,80,2018,Round 18,2018-07-21,9660
Gold Coast,Jarrod Harbrow,4,9,10,76.9,0,0,0,2,0,0,1,1,244,1,2,0,87,2018,Round 18,2018-07-21,9660
Gold Coast,Charlie Ballard,7,6,10,76.9,1,0,0,2,0,0,2,2,245,2,2,0,71,2018,Round 18,2018-07-21,9660
Gold Coast,Jacob Heron,6,6,6,50.0,1,0,3,1,0,1,0,7,174,1,1,0,75,2018,Round 18,2018-07-21,9660
Gold Coast,Callum Ah Chee,5,6,9,90.0,0,0,0,3,0,0,0,3,158,0,6,0,80,2018,Round 18,2018-07-21,9660
Gold Coast,Brayden Crossley,8,2,6,60.0,1,0,0,2,0,1,0,2,106,2,2,2,76,2018,Round 18,2018-07-21,9660
Gold Coast,Michael Rischitelli,4,4,7,87.5,0,0,0,2,0,0,0,1,249,2,5,0,80,2018,Round 18,2018-07-21,9660
Gold Coast,Wil Powell,5,2,5,71.4,0,0,0,2,0,0,0,1,106,0,1,0,71,2018,Round 18,2018-07-21,9660
Gold Coast,Rory Thompson,1,2,3,75.0,0,0,0,6,0,0,0,0,21,1,1,0,93,2018,Round 18,2018-07-21,9660
Essendon,Zachary Merrett,15,14,15,53.6,0,1,0,3,0,4,3,9,404,7,3,0,85,2018,Round 18,2018-07-21,9661
Essendon,David Zaharakis,6,18,18,69.2,0,2,1,2,0,0,1,14,399,5,4,0,80,2018,Round 18,2018-07-21,9661
Essendon,Dyson Heppell,13,13,21,80.8,0,0,0,0,0,3,6,7,270,3,3,0,92,2018,Round 18,2018-07-21,9661
Essendon,Brendon Goddard,11,15,21,91.3,2,1,0,1,2,0,0,6,168,5,13,0,78,2018,Round 18,2018-07-21,9661
Essendon,Devon Smith,7,16,18,78.3,2,0,2,2,0,1,2,5,415,7,1,2,84,2018,Round 18,2018-07-21,9661
Essendon,Ben Mcniece,8,14,20,95.2,0,1,0,2,1,0,1,6,281,2,7,1,79,2018,Round 18,2018-07-21,9661
Essendon,Matthew Dea,9,12,13,65.0,2,0,0,5,0,0,0,2,220,4,10,0,92,2018,Round 18,2018-07-21,9661
Essendon,Orazio Fantasia,8,11,16,84.2,0,0,7,1,0,0,1,7,239,3,2,1,76,2018,Round 18,2018-07-21,9661
Essendon,Adam Saad,5,12,16,84.2,0,1,1,8,1,0,0,7,227,2,6,0,85,2018,Round 18,2018-07-21,9661
Essendon,David Myers,8,11,11,61.1,0,1,0,0,0,2,3,7,379,2,1,0,76,2018,Round 18,2018-07-21,9661
Essendon,Darcy Parish,6,12,14,77.8,0,0,0,0,0,1,0,5,321,3,2,0,82,2018,Round 18,2018-07-21,9661
Essendon,Michael Hurley,6,10,15,88.2,0,0,0,5,0,0,0,2,172,2,7,0,94,2018,Round 18,2018-07-21,9661
Essendon,Anthony Mcdonald Tipungwuti,10,10,12,70.6,0,2,1,4,1,1,1,8,218,4,3,2,82,2018,Round 18,2018-07-21,9661
Essendon,Kyle Langford,9,8,8,50.0,0,1,1,2,0,2,0,4,263,5,4,1,80,2018,Round 18,2018-07-21,9661
Essendon,Tom Bellchambers,10,5,7,46.7,1,0,1,4,0,0,5,6,190,3,1,1,92,2018,Round 18,2018-07-21,9661
Essendon,Cale Hooker,7,7,9,64.3,3,0,2,4,0,0,0,7,170,2,3,0,98,2018,Round 18,2018-07-21,9661
Essendon,Mark Baguley,4,6,8,66.7,2,1,3,3,0,0,0,6,167,4,0,1,81,2018,Round 18,2018-07-21,9661
Essendon,Matt Guelfi,4,7,8,66.7,0,0,0,5,0,0,0,3,160,2,5,2,89,2018,Round 18,2018-07-21,9661
Essendon,Andrew Mcgrath,4,7,8,72.7,0,0,0,1,0,1,0,2,190,2,2,0,75,2018,Round 18,2018-07-21,9661
Essendon,Mitchell Brown 1,0,10,8,80.0,0,1,2,2,0,0,0,8,266,0,0,1,95,2018,Round 18,2018-07-21,9661
Essendon,Travis Colyer,4,6,5,55.6,0,0,0,3,0,0,2,1,63,2,1,2,75,2018,Round 18,2018-07-21,9661
Essendon,Shaun Mckernan,3,2,5,83.3,2,0,1,1,0,0,1,3,168,2,2,1,30,2018,Round 18,2018-07-21,9661
Fremantle,Lachie Neale,12,18,22,73.3,0,0,1,0,0,4,2,2,375,8,3,0,79,2018,Round 18,2018-07-21,9661
Fremantle,Bailey Banfield,8,13,14,63.6,0,0,0,3,0,2,4,3,398,6,3,0,87,2018,Round 18,2018-07-21,9661
Fremantle,Nathan Wilson,5,13,17,85.0,0,1,0,3,4,0,1,1,570,5,5,0,86,2018,Round 18,2018-07-21,9661
Fremantle,Michael Walters,7,11,14,77.8,0,2,2,0,0,1,1,9,396,2,0,0,82,2018,Round 18,2018-07-21,9661
Fremantle,Bradley Hill,0,17,12,70.6,0,1,0,1,0,0,0,3,396,5,0,0,83,2018,Round 18,2018-07-21,9661
Fremantle,Michael Johnson,11,7,13,81.2,1,2,0,3,0,1,2,4,255,6,2,1,87,2018,Round 18,2018-07-21,9661
Fremantle,Brandon Matera,11,8,6,37.5,0,0,2,2,0,0,1,3,343,8,7,1,75,2018,Round 18,2018-07-21,9661
Fremantle,Taylin Duman,6,11,13,81.2,0,0,0,4,0,0,0,0,215,1,4,0,86,2018,Round 18,2018-07-21,9661
Fremantle,David Mundy,8,6,8,53.3,1,1,1,4,0,1,3,4,152,5,3,1,89,2018,Round 18,2018-07-21,9661
Fremantle,Thomas Sheridan,7,7,14,93.3,0,1,0,1,0,1,1,4,187,2,4,1,61,2018,Round 18,2018-07-21,9661
Fremantle,Joel Hamling,6,8,13,86.7,0,0,0,6,0,0,0,2,202,1,8,0,95,2018,Round 18,2018-07-21,9661
Fremantle,Luke Ryan,7,8,12,80.0,0,0,0,3,0,0,0,3,90,5,6,0,81,2018,Round 18,2018-07-21,9661
Fremantle,Cameron Sutcliffe,4,9,9,69.2,1,0,3,1,0,0,0,2,71,3,2,1,84,2018,Round 18,2018-07-21,9661
Fremantle,Ethan Hughes,3,11,12,92.3,0,0,0,3,0,0,0,1,183,4,2,0,76,2018,Round 18,2018-07-21,9661
Fremantle,Darcy Tucker,7,8,12,92.3,0,0,0,0,0,0,0,0,141,2,5,0,83,2018,Round 18,2018-07-21,9661
Fremantle,Adam Cerra,6,7,7,53.8,0,0,0,5,0,1,0,3,148,3,1,0,66,2018,Round 18,2018-07-21,9661
Fremantle,Stefan Giro,6,9,4,30.8,0,0,0,0,0,0,0,0,123,6,1,0,77,2018,Round 18,2018-07-21,9661
Fremantle,Alex Pearce,9,2,8,72.7,1,0,0,5,0,0,0,2,35,1,10,0,94,2018,Round 18,2018-07-21,9661
Fremantle,Cameron Mccarthy,5,4,4,44.4,0,0,1,1,0,0,0,2,72,2,2,1,74,2018,Round 18,2018-07-21,9661
Fremantle,Ed Langdon,4,3,3,42.9,0,0,0,2,0,0,1,0,47,1,2,0,83,2018,Round 18,2018-07-21,9661
Fremantle,Brennan Cox,3,4,5,71.4,0,0,0,3,0,0,0,1,106,3,1,0,91,2018,Round 18,2018-07-21,9661
Fremantle,Scott Jones,2,3,5,100.0,0,0,0,6,0,0,1,1,61,1,2,0,81,2018,Round 18,2018-07-21,9661
Geelong,Tim Kelly,11,21,19,59.4,1,2,1,1,0,3,2,7,506,9,5,0,89,2018,Round 18,2018-07-21,9663
Geelong,Gary Jnr Ablett,15,16,23,74.2,0,0,0,2,0,2,5,4,376,4,1,1,82,2018,Round 18,2018-07-21,9663
Geelong,Mitchell Duncan,7,25,21,67.7,0,1,1,2,1,0,2,5,431,9,2,0,85,2018,Round 18,2018-07-21,9663
Geelong,Sam Menegola,14,19,20,66.7,1,2,0,3,1,0,3,5,681,6,4,0,81,2018,Round 18,2018-07-21,9663
Geelong,Patrick Dangerfield,17,13,22,78.6,0,1,0,3,0,4,5,7,399,5,2,1,85,2018,Round 18,2018-07-21,9663
Geelong,Zach Tuohy,6,18,19,79.2,1,0,1,1,0,0,1,4,421,7,3,0,98,2018,Round 18,2018-07-21,9663
Geelong,Thomas Stewart,8,11,17,77.3,2,0,0,6,1,0,1,3,350,4,10,0,83,2018,Round 18,2018-07-21,9663
Geelong,Rhys Stanley,8,13,14,66.7,0,0,0,11,0,0,2,6,207,5,4,0,89,2018,Round 18,2018-07-21,9663
Geelong,Brandan Parfitt,7,14,14,70.0,0,1,0,0,0,0,2,8,246,5,1,1,79,2018,Round 18,2018-07-21,9663
Geelong,Tom Hawkins,13,6,14,73.7,4,2,4,1,0,0,2,11,350,4,1,1,94,2018,Round 18,2018-07-21,9663
Geelong,Scott Selwood,4,14,15,83.3,0,0,0,1,0,0,3,3,41,0,1,1,76,2018,Round 18,2018-07-21,9663
Geelong,Jordan Cunico,5,14,12,66.7,0,0,0,0,0,0,1,3,235,5,3,0,72,2018,Round 18,2018-07-21,9663
Geelong,Jake Kolodjashnij,4,12,13,76.5,1,0,0,3,0,0,0,2,198,4,8,0,85,2018,Round 18,2018-07-21,9663
Geelong,Joel Selwood,10,9,12,75.0,0,0,0,2,0,3,0,2,160,1,2,0,74,2018,Round 18,2018-07-21,9663
Geelong,Mark Blicavs,7,10,14,87.5,1,0,0,9,0,0,0,2,173,3,9,0,100,2018,Round 18,2018-07-21,9663
Geelong,Jed Bews,4,10,12,80.0,0,0,0,2,0,1,0,2,231,3,6,0,87,2018,Round 18,2018-07-21,9663
Geelong,Cameron Guthrie,2,10,11,84.6,0,0,0,2,0,0,0,4,117,2,2,0,66,2018,Round 18,2018-07-21,9663
Geelong,Jack Henry,6,5,7,63.6,1,0,1,1,0,0,0,5,159,2,2,2,81,2018,Round 18,2018-07-21,9663
Geelong,Lachlan Henderson,5,5,8,88.9,2,0,0,5,0,0,0,0,170,3,5,0,90,2018,Round 18,2018-07-21,9663
Geelong,Daniel Menzel,3,6,8,88.9,0,1,0,0,0,0,0,4,147,1,1,1,71,2018,Round 18,2018-07-21,9663
Geelong,Jamaine Jones,5,3,4,50.0,0,1,0,0,1,0,1,3,150,3,1,0,68,2018,Round 18,2018-07-21,9663
Geelong,Quinton Narkle,3,5,5,71.4,0,0,0,0,0,0,1,2,116,3,1,0,66,2018,Round 18,2018-07-21,9663
Melbourne,Clayton Oliver,20,20,27,67.5,0,1,0,1,0,4,1,12,461,6,11,1,86,2018,Round 18,2018-07-21,9663
Melbourne,Jordan Lewis,7,20,23,76.7,0,0,0,1,0,0,2,4,325,5,6,0,93,2018,Round 18,2018-07-21,9663
Melbourne,Nathan Jones,8,20,20,74.1,0,1,1,0,0,0,2,9,285,1,0,1,86,2018,Round 18,2018-07-21,9663
Melbourne,Angus Brayshaw,12,11,13,56.5,0,0,0,3,0,2,1,6,470,7,4,0,73,2018,Round 18,2018-07-21,9663
Melbourne,Christian Petracca,12,10,13,59.1,1,0,1,2,0,2,3,7,464,5,1,1,91,2018,Round 18,2018-07-21,9663
Melbourne,Bernie Vince,3,15,16,76.2,0,1,0,4,0,0,0,5,380,5,8,0,84,2018,Round 18,2018-07-21,9663
Melbourne,Dom Tyson,12,11,13,61.9,0,0,0,1,0,5,2,7,177,3,2,0,63,2018,Round 18,2018-07-21,9663
Melbourne,Bayley Fritsch,10,10,16,76.2,2,0,0,0,1,1,2,7,420,3,9,1,75,2018,Round 18,2018-07-21,9663
Melbourne,Christian Salem,6,12,11,57.9,1,0,0,2,0,0,0,4,324,5,6,1,87,2018,Round 18,2018-07-21,9663
Melbourne,Alex Neal Bullen,8,10,9,50.0,0,2,0,1,0,0,1,8,379,4,3,0,79,2018,Round 18,2018-07-21,9663
Melbourne,Tom Mcdonald,10,8,11,68.8,1,0,5,0,0,0,0,10,263,2,3,0,89,2018,Round 18,2018-07-21,9663
Melbourne,Joel Smith 1,12,6,13,81.2,1,0,0,5,0,0,0,3,142,3,12,0,78,2018,Round 18,2018-07-21,9663
Melbourne,Neville Jetta,6,8,11,78.6,0,0,0,0,0,0,1,3,258,3,9,0,74,2018,Round 18,2018-07-21,9663
Melbourne,Sam Frost,4,10,8,57.1,0,0,0,9,0,0,0,3,342,5,4,0,85,2018,Round 18,2018-07-21,9663
Melbourne,Jesse Hogan,8,6,10,71.4,1,1,1,2,0,0,0,7,156,2,0,0,92,2018,Round 18,2018-07-21,9663
Melbourne,Jay Kennedy Harris,5,9,7,50.0,0,0,1,0,0,0,0,7,148,3,1,0,67,2018,Round 18,2018-07-21,9663
Melbourne,Jeff Gartlett,2,10,9,69.2,0,0,1,1,1,1,1,4,160,1,1,2,75,2018,Round 18,2018-07-21,9663
Melbourne,Jake Melksham,6,8,9,75.0,0,3,2,4,1,0,0,6,268,4,1,1,88,2018,Round 18,2018-07-21,9663
Melbourne,Max Gawn,4,8,10,83.3,1,0,0,1,0,0,2,4,229,1,3,0,85,2018,Round 18,2018-07-21,9663
Melbourne,James Harmes,2,10,10,83.3,0,1,0,0,0,0,0,3,157,1,0,0,78,2018,Round 18,2018-07-21,9663
Melbourne,Charlie Spargo,2,9,9,81.8,0,1,2,0,0,0,1,7,159,0,0,0,72,2018,Round 18,2018-07-21,9663
Melbourne,Oscar Mcdonald,4,6,8,80.0,1,0,0,3,0,0,1,1,241,5,3,0,98,2018,Round 18,2018-07-21,9663
Brisbane Lions,Alex Witherden,6,21,20,64.5,0,0,0,1,0,0,1,6,735,6,2,0,87,2018,Round 18,2018-07-21,9662
Brisbane Lions,Dayne Beams,10,17,17,65.4,1,0,0,1,0,2,2,4,346,6,3,1,88,2018,Round 18,2018-07-21,9662
Brisbane Lions,Tom Cutler,10,11,16,66.7,0,0,0,3,3,0,2,5,554,8,7,0,89,2018,Round 18,2018-07-21,9662
Brisbane Lions,Dayne Zorko,10,12,17,81.0,0,1,0,2,0,2,6,9,443,2,2,2,84,2018,Round 18,2018-07-21,9662
Brisbane Lions,Darcy Gardiner,5,16,18,85.7,1,0,0,7,0,0,0,4,394,2,9,0,82,2018,Round 18,2018-07-21,9662
Brisbane Lions,Hugh Mccluggage,7,12,16,80.0,0,1,0,0,0,0,4,3,405,2,4,0,82,2018,Round 18,2018-07-21,9662
Brisbane Lions,Nicholas Robertson,7,13,14,77.8,0,0,0,9,0,0,1,2,211,4,5,0,95,2018,Round 18,2018-07-21,9662
Brisbane Lions,Daniel Rich,3,12,11,64.7,0,0,0,1,0,1,1,5,533,3,0,0,80,2018,Round 18,2018-07-21,9662
Brisbane Lions,Allen Christensen,6,11,10,58.8,0,1,0,1,0,0,0,6,269,2,1,1,75,2018,Round 18,2018-07-21,9662
Brisbane Lions,Ryan Lester,4,14,11,64.7,0,0,0,7,0,0,0,1,173,2,5,0,86,2018,Round 18,2018-07-21,9662
Brisbane Lions,Jarrod Berry,7,10,13,76.5,0,0,1,1,0,0,2,5,151,2,3,0,78,2018,Round 18,2018-07-21,9662
Brisbane Lions,Stefan Martin,11,4,10,71.4,2,2,1,3,0,1,3,3,101,2,3,0,83,2018,Round 18,2018-07-21,9662
Brisbane Lions,Rhys Mathieson,9,6,11,78.6,1,1,0,1,0,3,2,3,168,4,0,1,70,2018,Round 18,2018-07-21,9662
Brisbane Lions,Cameron Rayner,5,9,12,85.7,1,0,2,0,2,1,0,5,271,2,1,1,75,2018,Round 18,2018-07-21,9662
Brisbane Lions,Lewis Taylor,6,7,9,75.0,0,0,1,0,1,0,1,4,210,1,0,0,82,2018,Round 18,2018-07-21,9662
Brisbane Lions,Mitch Robinson,5,5,5,45.5,0,0,1,1,0,1,4,3,270,5,1,0,78,2018,Round 18,2018-07-21,9662
Brisbane Lions,Joshua Walker,5,8,11,100.0,2,0,0,6,1,0,0,4,109,0,6,0,97,2018,Round 18,2018-07-21,9662
Brisbane Lions,Oscar Mcinerney,7,1,6,54.5,4,1,2,5,0,0,0,5,129,4,3,1,75,2018,Round 18,2018-07-21,9662
Brisbane Lions,Daniel Mcstay,2,6,9,100.0,0,1,0,1,0,0,1,5,148,2,3,0,85,2018,Round 18,2018-07-21,9662
Brisbane Lions,Jake Barrett,1,6,5,71.4,0,0,2,1,0,0,0,4,31,2,1,2,71,2018,Round 18,2018-07-21,9662
Brisbane Lions,Eric Hipwood,4,3,5,71.4,1,1,1,2,0,0,0,5,146,1,0,0,87,2018,Round 18,2018-07-21,9662
Brisbane Lions,Cedric Cox,0,7,5,71.4,0,0,0,5,0,0,0,0,96,1,0,0,72,2018,Round 18,2018-07-21,9662
Adelaide,Matt Crouch,15,24,27,67.5,0,2,0,1,1,3,5,8,437,8,5,1,82,2018,Round 18,2018-07-21,9662
Adelaide,Rory Laird,10,18,21,72.4,0,1,1,0,0,0,1,6,477,6,9,0,80,2018,Round 18,2018-07-21,9662
Adelaide,Tom Lynch,13,8,14,60.9,1,1,0,0,0,2,2,9,222,3,3,0,90,2018,Round 18,2018-07-21,9662
Adelaide,Wayne Milera,3,18,18,81.8,1,0,0,2,0,0,0,3,432,4,4,0,85,2018,Round 18,2018-07-21,9662
Adelaide,Bryce Gibbs,9,11,14,66.7,0,2,1,1,0,1,2,7,281,2,4,0,75,2018,Round 18,2018-07-21,9662
Adelaide,Jake Kelly,9,11,17,81.0,3,0,0,2,0,0,3,1,286,4,5,0,85,2018,Round 18,2018-07-21,9662
Adelaide,Josh Jenkins,5,11,9,47.4,0,0,2,0,0,0,0,8,363,2,2,0,93,2018,Round 18,2018-07-21,9662
Adelaide,Paul Seedsman,6,12,14,77.8,0,0,1,3,1,0,2,5,436,3,2,0,89,2018,Round 18,2018-07-21,9662
Adelaide,Rory Atkins,5,11,13,72.2,0,2,0,1,0,0,0,5,410,5,4,0,81,2018,Round 18,2018-07-21,9662
Adelaide,Riley Knight,5,11,8,47.1,0,0,1,0,0,3,2,3,339,5,0,2,90,2018,Round 18,2018-07-21,9662
Adelaide,Hugh Greenwood,14,3,12,70.6,3,0,3,0,0,0,4,12,246,0,3,3,80,2018,Round 18,2018-07-21,9662
Adelaide,Rory Sloane,9,7,13,81.2,0,0,1,2,1,2,2,3,244,2,2,1,82,2018,Round 18,2018-07-21,9662
Adelaide,Edward Betts,9,6,11,73.3,1,1,2,1,1,4,1,6,270,4,0,2,82,2018,Round 18,2018-07-21,9662
Adelaide,Luke Brown,3,11,14,93.3,0,0,0,6,1,0,0,1,262,1,4,0,89,2018,Round 18,2018-07-21,9662
Adelaide,Kyle Cheney,5,8,12,92.3,1,0,0,1,0,0,0,2,178,2,5,0,80,2018,Round 18,2018-07-21,9662
Adelaide,Alex Keath,3,8,10,83.3,2,0,0,4,0,0,0,0,286,1,6,0,91,2018,Round 18,2018-07-21,9662
Adelaide,Daniel Talia,3,7,10,100.0,0,0,0,3,0,0,0,1,89,1,2,1,89,2018,Round 18,2018-07-21,9662
Adelaide,Mitch Mcgovern,3,6,5,55.6,2,0,1,1,0,0,0,2,146,0,1,2,84,2018,Round 18,2018-07-21,9662
Adelaide,Jordan Gallucci,2,7,7,77.8,0,0,1,1,0,0,0,2,121,3,1,0,89,2018,Round 18,2018-07-21,9662
Adelaide,Tom Doedee,1,7,4,50.0,0,0,0,4,0,0,0,1,177,2,1,0,43,2018,Round 18,2018-07-21,9662
Adelaide,Sam Jacobs,2,4,5,83.3,0,0,0,2,0,0,0,7,205,1,1,0,84,2018,Round 18,2018-07-21,9662
Adelaide,Lachlan Murphy,1,3,4,100.0,0,0,0,0,0,0,0,1,-18,0,0,0,56,2018,Round 18,2018-07-21,9662
Carlton,Marc Murphy,9,26,23,65.7,0,1,0,0,0,1,0,5,519,5,6,0,91,2018,Round 18,2018-07-22,9664
Carlton,Patrick Cripps,18,12,23,76.7,3,0,1,0,0,6,1,8,147,4,3,1,93,2018,Round 18,2018-07-22,9664
Carlton,Matthew Kennedy 1,15,13,21,72.4,0,0,1,0,0,2,5,2,215,5,4,0,85,2018,Round 18,2018-07-22,9664
Carlton,Nicholas Graham,5,17,18,78.3,0,0,0,0,0,2,1,5,294,2,0,0,84,2018,Round 18,2018-07-22,9664
Carlton,Jacob Weitering,7,15,19,82.6,3,0,0,4,1,0,0,5,196,5,10,0,94,2018,Round 18,2018-07-22,9664
Carlton,Matt Shaw,3,16,17,81.0,0,0,0,3,0,0,0,1,105,1,4,0,91,2018,Round 18,2018-07-22,9664
Carlton,Caleb Marchbank,3,16,16,76.2,0,0,1,2,0,0,0,1,299,7,4,0,88,2018,Round 18,2018-07-22,9664
Carlton,Kade Simpson,3,14,16,80.0,0,0,2,3,2,0,0,3,308,3,6,0,90,2018,Round 18,2018-07-22,9664
Carlton,Edward Curnow,10,10,14,70.0,1,0,2,1,0,0,2,3,164,2,4,0,90,2018,Round 18,2018-07-22,9664
Carlton,Sam Petrevski Seton,5,15,16,84.2,1,0,0,1,0,0,1,2,159,2,2,0,80,2018,Round 18,2018-07-22,9664
Carlton,Matthew Wright,5,12,13,72.2,0,0,2,0,0,1,0,7,249,1,1,3,85,2018,Round 18,2018-07-22,9664
Carlton,Jack Silvagni,5,11,13,72.2,0,0,0,3,0,0,1,3,235,3,5,0,93,2018,Round 18,2018-07-22,9664
Carlton,Lochie O Brien,1,17,17,94.4,0,1,0,0,1,0,1,5,320,2,1,0,75,2018,Round 18,2018-07-22,9664
Carlton,Harry Mckay,6,9,10,66.7,2,0,2,2,0,0,1,3,260,4,2,0,83,2018,Round 18,2018-07-22,9664
Carlton,Cameron Polson,5,12,12,80.0,0,0,0,0,0,0,0,6,256,2,1,0,85,2018,Round 18,2018-07-22,9664
Carlton,Charlie Curnow,7,7,7,50.0,0,0,1,0,0,0,0,2,219,5,0,0,96,2018,Round 18,2018-07-22,9664
Carlton,Paddy Dow,3,12,11,78.6,0,0,1,0,0,0,0,5,177,0,1,0,80,2018,Round 18,2018-07-22,9664
Carlton,Matthew Lobbe,7,5,7,53.8,0,0,0,3,0,2,3,3,194,6,2,1,84,2018,Round 18,2018-07-22,9664
Carlton,Jarrod Pickett,5,8,10,83.3,0,2,0,2,2,0,2,6,405,1,0,0,84,2018,Round 18,2018-07-22,9664
Carlton,Zac Fisher,5,4,7,77.8,0,0,0,0,2,1,2,0,68,3,2,1,15,2018,Round 18,2018-07-22,9664
Carlton,Liam Jones,4,2,4,80.0,1,0,0,2,0,0,0,0,104,2,4,0,40,2018,Round 18,2018-07-22,9664
Carlton,Levi Casboult,3,2,4,80.0,1,0,0,1,0,0,0,2,46,0,0,0,94,2018,Round 18,2018-07-22,9664
Hawthorn,Tom Mitchell,16,30,36,78.3,1,1,2,1,3,2,4,12,649,5,3,2,90,2018,Round 18,2018-07-22,9664
Hawthorn,James Worpel,14,18,28,87.5,0,3,0,0,0,0,3,10,192,2,5,0,68,2018,Round 18,2018-07-22,9664
Hawthorn,Blake Hardwick,6,17,19,82.6,0,1,0,2,0,0,0,4,251,1,6,0,82,2018,Round 18,2018-07-22,9664
Hawthorn,Paul Puopolo,6,16,17,77.3,0,2,1,1,0,2,0,9,411,4,1,1,83,2018,Round 18,2018-07-22,9664
Hawthorn,Ricky Henderson,7,13,18,90.0,0,3,1,0,2,1,3,9,154,2,5,1,78,2018,Round 18,2018-07-22,9664
Hawthorn,Liam Shiels,6,13,13,68.4,0,0,0,1,0,0,2,3,207,6,4,0,79,2018,Round 18,2018-07-22,9664
Hawthorn,Jonathan O Rourke,7,13,13,68.4,0,0,0,2,0,1,1,3,197,5,1,0,65,2018,Round 18,2018-07-22,9664
Hawthorn,Jarman Impey,4,17,19,100.0,0,0,0,4,0,0,0,3,412,2,3,0,83,2018,Round 18,2018-07-22,9664
Hawthorn,Daniel Howe,9,12,15,78.9,0,0,0,3,0,0,1,3,121,2,6,0,92,2018,Round 18,2018-07-22,9664
Hawthorn,Jarryd Roughead,4,13,12,66.7,0,2,3,3,1,1,1,7,385,3,1,0,82,2018,Round 18,2018-07-22,9664
Hawthorn,Benjamin Stratton,6,11,13,72.2,0,0,0,7,0,0,1,6,50,1,9,0,95,2018,Round 18,2018-07-22,9664
Hawthorn,Isaac Smith,8,9,11,61.1,1,1,2,2,0,1,2,5,221,1,4,0,84,2018,Round 18,2018-07-22,9664
Hawthorn,Brendan Whitecross,6,11,11,64.7,0,0,1,1,0,0,1,5,240,4,0,0,69,2018,Round 18,2018-07-22,9664
Hawthorn,Ryan Burton,3,14,13,76.5,1,0,0,4,0,1,0,5,311,2,4,0,83,2018,Round 18,2018-07-22,9664
Hawthorn,Jack Gunston,4,13,13,81.2,0,1,2,4,0,0,1,10,346,3,3,1,85,2018,Round 18,2018-07-22,9664
Hawthorn,Jonathon Ceglar,6,8,9,56.2,1,0,0,6,0,2,1,5,144,4,0,0,81,2018,Round 18,2018-07-22,9664
Hawthorn,Teia Miles,0,17,15,93.8,0,0,0,1,1,0,0,4,196,2,0,0,83,2018,Round 18,2018-07-22,9664
Hawthorn,Ryan Schoenmakers,4,10,9,64.3,1,0,2,4,0,0,0,8,368,5,1,0,76,2018,Round 18,2018-07-22,9664
Hawthorn,Luke Breust,4,12,12,85.7,0,0,4,0,0,0,1,9,319,1,1,3,79,2018,Round 18,2018-07-22,9664
Hawthorn,Kaiden Brand,4,8,12,92.3,2,0,0,4,0,0,1,1,50,2,2,0,80,2018,Round 18,2018-07-22,9664
Hawthorn,Harry Morrison,5,8,11,84.6,0,0,2,1,0,0,0,7,203,2,2,0,90,2018,Round 18,2018-07-22,9664
Hawthorn,James Frawley,2,9,10,90.9,0,0,0,7,0,0,0,0,187,3,5,0,94,2018,Round 18,2018-07-22,9664
West Coast,Andrew Gaff,8,27,25,71.4,0,0,0,0,0,2,1,4,367,2,1,0,88,2018,Round 18,2018-07-22,9665
West Coast,Chris Masten,7,21,24,85.7,0,1,0,0,0,0,3,6,385,4,1,0,86,2018,Round 18,2018-07-22,9665
West Coast,Luke Shuey,6,24,24,85.7,0,2,1,3,0,0,4,10,309,3,0,0,83,2018,Round 18,2018-07-22,9665
West Coast,Lewis Jetta,7,21,25,89.3,0,0,0,3,0,1,2,4,418,3,3,0,86,2018,Round 18,2018-07-22,9665
West Coast,Elliot Yeo,10,17,20,71.4,1,3,1,0,0,2,3,11,708,6,3,0,88,2018,Round 18,2018-07-22,9665
West Coast,Jack Redden,8,18,19,73.1,0,0,2,2,0,3,1,7,220,1,4,0,86,2018,Round 18,2018-07-22,9665
West Coast,Liam Duggan,6,18,17,68.0,0,0,0,2,0,0,1,5,304,5,6,0,89,2018,Round 18,2018-07-22,9665
West Coast,Jeremy Mcgovern,14,8,15,75.0,5,0,0,3,0,0,0,1,119,3,15,0,88,2018,Round 18,2018-07-22,9665
West Coast,Shannon Hurn,3,13,14,73.7,0,0,0,4,1,0,0,3,380,4,7,0,85,2018,Round 18,2018-07-22,9665
West Coast,Bradley Sheppard,2,15,18,100.0,0,1,0,1,0,0,0,2,141,1,3,0,81,2018,Round 18,2018-07-22,9665
West Coast,Jack Darling,8,10,12,66.7,4,1,5,2,0,0,0,10,293,5,0,0,86,2018,Round 18,2018-07-22,9665
West Coast,Mark Lecras,2,14,13,76.5,0,0,2,1,0,0,1,7,196,1,2,0,83,2018,Round 18,2018-07-22,9665
West Coast,Jamie Cripps,7,11,14,82.4,0,0,1,2,2,1,1,6,297,2,4,1,80,2018,Round 18,2018-07-22,9665
West Coast,Mark Hutchings,5,12,11,68.8,0,0,0,0,0,0,2,2,101,2,1,1,82,2018,Round 18,2018-07-22,9665
West Coast,Tom Cole,2,15,14,93.3,0,0,0,1,0,0,0,4,198,2,3,0,86,2018,Round 18,2018-07-22,9665
West Coast,Daniel Venables,3,9,12,92.3,0,0,1,0,0,0,0,7,282,1,2,0,69,2018,Round 18,2018-07-22,9665
West Coast,Nathan Vardy,8,5,10,83.3,2,0,1,3,0,0,1,4,125,1,3,0,66,2018,Round 18,2018-07-22,9665
West Coast,Willie Rioli,3,8,8,72.7,0,1,2,0,0,0,1,6,188,1,2,0,74,2018,Round 18,2018-07-22,9665
West Coast,Joshua Kennedy,3,9,5,50.0,1,0,3,0,0,0,0,6,149,5,0,1,79,2018,Round 18,2018-07-22,9665
West Coast,Will Schofield,3,6,10,100.0,0,0,0,8,0,0,0,2,56,0,5,0,86,2018,Round 18,2018-07-22,9665
West Coast,Scott Lycett,7,5,8,80.0,2,1,0,4,0,0,2,5,150,4,0,0,78,2018,Round 18,2018-07-22,9665
West Coast,Dominic Sheed,5,6,8,80.0,0,0,0,0,0,1,1,3,197,0,0,0,71,2018,Round 18,2018-07-22,9665
Western Bulldogs,Hayden Crozier,2,24,22,75.9,0,0,0,1,0,0,0,1,626,7,4,0,80,2018,Round 18,2018-07-22,9665
Western Bulldogs,Josh Dunkley,8,20,23,79.3,0,0,0,2,0,2,2,6,187,1,1,1,82,2018,Round 18,2018-07-22,9665
Western Bulldogs,Lachlan Hunter,5,19,22,78.6,0,0,0,0,1,0,1,2,348,4,5,0,95,2018,Round 18,2018-07-22,9665
Western Bulldogs,Toby Mclean,9,16,17,70.8,1,0,0,2,2,0,2,5,471,9,2,1,84,2018,Round 18,2018-07-22,9665
Western Bulldogs,Caleb Daniel,7,15,16,69.6,0,0,1,1,0,0,3,2,423,5,2,1,90,2018,Round 18,2018-07-22,9665
Western Bulldogs,Mitchell Wallis,9,12,18,81.8,0,2,0,0,0,2,1,4,277,5,0,3,83,2018,Round 18,2018-07-22,9665
Western Bulldogs,Jackson Macrae,11,13,15,68.2,0,1,0,1,0,0,2,3,142,4,1,1,87,2018,Round 18,2018-07-22,9665
Western Bulldogs,Jason Johannisen,6,16,18,85.7,0,0,1,6,0,1,2,5,261,2,2,1,87,2018,Round 18,2018-07-22,9665
Western Bulldogs,Billy Gowers,11,7,14,77.8,0,0,1,1,0,1,2,6,307,2,4,0,88,2018,Round 18,2018-07-22,9665
Western Bulldogs,Roarke Smith,9,8,13,81.2,1,0,1,3,0,0,2,1,65,2,6,0,74,2018,Round 18,2018-07-22,9665
Western Bulldogs,Zaine Cordy,1,14,12,85.7,0,0,0,2,0,0,0,1,300,2,2,0,86,2018,Round 18,2018-07-22,9665
Western Bulldogs,Marcus Adams,2,12,9,69.2,0,0,0,7,0,0,0,1,167,3,2,0,95,2018,Round 18,2018-07-22,9665
Western Bulldogs,Dale Morris,5,7,10,83.3,0,0,0,4,0,0,0,2,83,2,6,0,88,2018,Round 18,2018-07-22,9665
Western Bulldogs,Luke Dahlhaus,2,10,8,66.7,0,0,0,0,0,2,0,1,79,1,0,0,45,2018,Round 18,2018-07-22,9665
Western Bulldogs,Bradley Lynch,4,9,11,91.7,0,0,0,3,0,0,0,3,262,4,5,0,80,2018,Round 18,2018-07-22,9665
Western Bulldogs,Thomas Boyd,4,6,7,63.6,0,0,0,3,0,0,1,3,246,1,2,2,72,2018,Round 18,2018-07-22,9665
Western Bulldogs,Josh Schache,2,9,6,54.5,1,1,3,0,0,0,0,4,214,4,1,0,88,2018,Round 18,2018-07-22,9665
Western Bulldogs,Mitch Honeychurch,6,5,6,60.0,0,0,1,2,0,0,0,1,67,1,1,2,68,2018,Round 18,2018-07-22,9665
Western Bulldogs,Jackson Trengove,4,4,6,85.7,0,0,0,5,1,0,0,0,134,1,6,0,92,2018,Round 18,2018-07-22,9665
Western Bulldogs,Jordan Roughead,5,4,4,57.1,0,1,1,7,0,0,3,5,113,3,1,4,80,2018,Round 18,2018-07-22,9665
Western Bulldogs,Ed Richards,2,3,5,71.4,0,0,0,2,0,0,1,1,81,2,2,2,71,2018,Round 18,2018-07-22,9665
Western Bulldogs,Aaron Naughton,3,1,3,100.0,1,0,0,3,0,0,0,0,42,0,1,1,84,2018,Round 18,2018-07-22,9665
Port Adelaide,Jared Polec,10,18,23,79.3,1,0,0,0,0,0,1,6,744,5,7,0,85,2018,Round 18,2018-07-22,9666
Port Adelaide,Oliver Wines,10,17,19,65.5,0,1,1,1,0,1,3,4,217,8,3,0,87,2018,Round 18,2018-07-22,9666
Port Adelaide,Travis Boak,9,15,15,62.5,0,0,1,1,0,1,3,5,408,6,0,1,85,2018,Round 18,2018-07-22,9666
Port Adelaide,Robert Gray,12,10,16,66.7,0,1,0,2,1,1,3,9,381,3,6,3,84,2018,Round 18,2018-07-22,9666
Port Adelaide,Jasper Mcmillan Pittard,5,19,16,69.6,0,0,0,5,3,0,1,2,691,10,3,0,81,2018,Round 18,2018-07-22,9666
Port Adelaide,Chad Wingard,13,10,12,54.5,1,0,0,0,1,5,2,6,363,4,2,0,90,2018,Round 18,2018-07-22,9666
Port Adelaide,Tom Rockliff,5,12,11,55.0,0,0,0,0,0,0,3,2,235,4,3,2,73,2018,Round 18,2018-07-22,9666
Port Adelaide,Jarrod Lienert,7,14,18,90.0,0,1,0,4,0,0,0,5,379,2,7,0,79,2018,Round 18,2018-07-22,9666
Port Adelaide,Justin Westhoff,8,12,14,73.7,1,0,1,3,0,0,1,4,224,3,2,3,89,2018,Round 18,2018-07-22,9666
Port Adelaide,Darcy Byrne Jones,6,13,12,63.2,1,0,1,1,0,0,0,1,272,2,3,1,87,2018,Round 18,2018-07-22,9666
Port Adelaide,Bradley Ebert,7,9,14,82.4,1,1,0,0,0,0,2,5,203,3,5,3,83,2018,Round 18,2018-07-22,9666
Port Adelaide,Dan Houston,5,11,14,82.4,1,0,0,3,0,0,0,2,237,2,6,0,88,2018,Round 18,2018-07-22,9666
Port Adelaide,Tom Clurey,5,9,13,81.2,1,0,0,7,3,0,0,1,424,2,9,0,92,2018,Round 18,2018-07-22,9666
Port Adelaide,Sam Gray,4,9,9,69.2,0,0,0,1,1,0,0,1,82,2,3,1,76,2018,Round 18,2018-07-22,9666
Port Adelaide,Charlie Dixon,6,5,5,45.5,2,0,3,2,0,0,0,6,203,3,2,2,94,2018,Round 18,2018-07-22,9666
Port Adelaide,Karl Amon,4,9,9,81.8,0,0,0,0,1,0,0,1,199,4,2,0,66,2018,Round 18,2018-07-22,9666
Port Adelaide,Sam Powell Pepper,3,8,4,36.4,0,0,0,1,1,0,1,1,255,4,1,1,71,2018,Round 18,2018-07-22,9666
Port Adelaide,Jack Watts,3,7,7,70.0,0,0,0,2,0,0,0,2,170,3,1,2,83,2018,Round 18,2018-07-22,9666
Port Adelaide,Jack Trengove,1,8,7,70.0,0,0,0,0,0,0,1,1,94,2,4,0,75,2018,Round 18,2018-07-22,9666
Port Adelaide,Lindsay Thomas,4,4,4,50.0,0,0,0,1,0,0,0,2,119,1,1,1,63,2018,Round 18,2018-07-22,9666
Port Adelaide,Jack Hombsch,1,7,8,100.0,0,0,0,7,0,0,0,1,143,0,2,0,86,2018,Round 18,2018-07-22,9666
Port Adelaide,Dougal Howard,1,4,5,100.0,0,0,0,13,0,1,0,0,96,0,2,0,84,2018,Round 18,2018-07-22,9666
Greater Western Sydney,Lachie Whitfield,7,22,23,74.2,0,0,0,1,0,1,1,4,743,9,6,0,90,2018,Round 18,2018-07-22,9666
Greater Western Sydney,Joshua Kelly,10,20,20,66.7,0,2,0,2,0,1,4,10,654,4,4,0,85,2018,Round 18,2018-07-22,9666
Greater Western Sydney,Heath Shaw,10,13,18,64.3,3,0,0,4,0,0,1,7,505,10,10,0,86,2018,Round 18,2018-07-22,9666
Greater Western Sydney,Callan Ward,13,16,19,67.9,0,0,0,1,0,4,5,7,560,5,1,0,82,2018,Round 18,2018-07-22,9666
Greater Western Sydney,Jacob Hopper,13,15,16,57.1,0,0,1,0,0,0,7,7,369,3,2,0,80,2018,Round 18,2018-07-22,9666
Greater Western Sydney,Stephen Coniglio,15,10,19,76.0,1,1,1,0,0,1,7,7,289,2,2,3,84,2018,Round 18,2018-07-22,9666
Greater Western Sydney,Dylan Shiel,13,11,16,69.6,0,0,0,0,0,2,6,6,307,5,1,0,77,2018,Round 18,2018-07-22,9666
Greater Western Sydney,Phil Davis,5,11,16,88.9,2,0,0,8,0,0,0,4,249,2,10,0,96,2018,Round 18,2018-07-22,9666
Greater Western Sydney,Tim Taranto,9,8,10,62.5,0,3,1,3,0,0,3,7,239,3,0,2,82,2018,Round 18,2018-07-22,9666
Greater Western Sydney,Adam Kennedy,3,12,15,100.0,0,0,0,5,7,0,0,4,364,3,4,0,79,2018,Round 18,2018-07-22,9666
Greater Western Sydney,Nick Haynes,2,13,10,66.7,0,0,0,5,2,0,0,1,447,5,5,0,88,2018,Round 18,2018-07-22,9666
Greater Western Sydney,Brett Deledio,6,9,9,64.3,0,0,1,0,0,0,1,4,232,4,6,1,72,2018,Round 18,2018-07-22,9666
Greater Western Sydney,Matthew Buntine,7,7,9,69.2,1,1,0,3,0,0,0,1,257,3,8,0,77,2018,Round 18,2018-07-22,9666
Greater Western Sydney,Adam Tomlinson,7,7,10,76.9,0,0,1,2,0,1,2,3,112,3,2,0,87,2018,Round 18,2018-07-22,9666
Greater Western Sydney,Toby Greene,8,4,7,58.3,0,0,0,1,4,0,1,5,166,2,2,0,79,2018,Round 18,2018-07-22,9666
Greater Western Sydney,Dawson Simpson,6,5,9,81.8,1,0,0,1,0,1,1,3,171,3,3,2,66,2018,Round 18,2018-07-22,9666
Greater Western Sydney,Samuel Reid,4,8,5,50.0,0,0,0,1,0,0,0,4,305,1,3,0,85,2018,Round 18,2018-07-22,9666
Greater Western Sydney,Rory Lobb,7,3,4,44.4,4,0,1,4,0,1,1,2,170,2,0,2,87,2018,Round 18,2018-07-22,9666
Greater Western Sydney,Harrison Himmelberg,5,4,7,77.8,1,0,1,5,0,0,0,3,150,2,1,1,86,2018,Round 18,2018-07-22,9666
Greater Western Sydney,Brent Daniels,6,4,8,88.9,0,1,0,1,1,0,0,4,135,0,2,1,60,2018,Round 18,2018-07-22,9666
Greater Western Sydney,Lachlan Keeffe,1,5,6,85.7,0,0,0,3,0,0,0,1,48,2,2,0,93,2018,Round 18,2018-07-22,9666
Greater Western Sydney,Zac Giles Langdon,3,3,4,66.7,0,0,0,2,0,0,0,4,65,1,0,1,80,2018,Round 18,2018-07-22,9666
Essendon,Dyson Heppell,14,17,24,77.4,0,0,0,1,0,2,2,10,579,5,3,0,88,2018,Round 19,2018-07-27,9667
Essendon,Darcy Parish,13,14,17,65.4,0,0,1,2,0,0,2,3,236,2,7,0,80,2018,Round 19,2018-07-27,9667
Essendon,David Myers,15,11,13,52.0,0,1,1,3,0,2,5,14,462,2,3,1,85,2018,Round 19,2018-07-27,9667
Essendon,Zachary Merrett,16,10,17,70.8,0,0,0,3,1,4,3,7,287,4,7,2,76,2018,Round 19,2018-07-27,9667
Essendon,Adam Saad,8,16,21,87.5,0,0,0,6,6,0,0,7,443,2,7,0,90,2018,Round 19,2018-07-27,9667
Essendon,Brendon Goddard,4,17,21,95.5,1,1,0,2,0,1,0,4,275,0,3,0,86,2018,Round 19,2018-07-27,9667
Essendon,David Zaharakis,6,15,16,72.7,0,1,0,1,1,0,0,4,525,7,2,0,88,2018,Round 19,2018-07-27,9667
Essendon,Orazio Fantasia,4,15,12,63.2,0,0,3,2,0,0,0,10,342,3,0,3,85,2018,Round 19,2018-07-27,9667
Essendon,Andrew Mcgrath,5,14,13,72.2,1,1,0,1,1,0,0,4,155,4,5,0,91,2018,Round 19,2018-07-27,9667
Essendon,Devon Smith,10,10,10,58.8,0,0,0,1,3,1,2,5,396,4,3,3,84,2018,Round 19,2018-07-27,9667
Essendon,Conor Mckenna,4,12,13,76.5,0,1,0,1,3,0,0,6,473,4,3,0,86,2018,Round 19,2018-07-27,9667
Essendon,Cale Hooker,5,9,14,93.3,3,0,0,6,0,0,0,2,162,2,8,0,93,2018,Round 19,2018-07-27,9667
Essendon,Kyle Langford,5,10,10,66.7,1,0,0,3,0,0,1,6,234,4,2,1,73,2018,Round 19,2018-07-27,9667
Essendon,Mitchell Brown 1,4,11,12,85.7,1,0,2,2,0,0,0,5,262,2,2,2,100,2018,Round 19,2018-07-27,9667
Essendon,Aaron Francis,6,8,12,85.7,0,1,0,6,0,0,0,7,258,1,7,0,68,2018,Round 19,2018-07-27,9667
Essendon,Anthony Mcdonald Tipungwuti,6,7,12,92.3,0,1,1,1,0,2,1,3,124,2,1,6,86,2018,Round 19,2018-07-27,9667
Essendon,Michael Hurley,7,4,10,83.3,1,0,0,11,0,0,1,0,271,1,7,0,88,2018,Round 19,2018-07-27,9667
Essendon,Jake Stringer,7,5,9,75.0,0,3,0,0,0,1,2,7,361,3,3,1,86,2018,Round 19,2018-07-27,9667
Essendon,Matt Guelfi,4,8,9,75.0,0,0,0,3,0,0,0,4,89,3,3,0,78,2018,Round 19,2018-07-27,9667
Essendon,Tom Bellchambers,7,3,3,27.3,3,0,1,7,0,3,0,8,172,3,1,0,89,2018,Round 19,2018-07-27,9667
Essendon,Mark Baguley,4,7,8,72.7,0,1,3,0,0,0,0,4,225,3,1,1,85,2018,Round 19,2018-07-27,9667
Essendon,Matthew Dea,2,2,4,100.0,0,0,0,0,0,0,0,1,6,0,3,0,14,2018,Round 19,2018-07-27,9667
Sydney,Jake Lloyd,10,14,18,62.1,0,0,0,4,0,0,3,4,535,10,6,0,89,2018,Round 19,2018-07-27,9667
Sydney,Josh P  Kennedy,10,14,14,60.9,0,0,0,0,0,0,1,3,336,6,2,0,76,2018,Round 19,2018-07-27,9667
Sydney,Luke Parker,17,5,14,66.7,3,0,1,1,0,2,4,5,278,5,4,0,86,2018,Round 19,2018-07-27,9667
Sydney,Isaac Heeney,9,10,15,71.4,2,0,0,1,0,2,5,6,427,5,2,0,82,2018,Round 19,2018-07-27,9667
Sydney,Harry Cunningham,7,13,17,85.0,1,0,0,0,0,0,0,1,315,1,4,0,85,2018,Round 19,2018-07-27,9667
Sydney,Oliver Florent,11,9,10,52.6,0,0,0,0,0,0,1,2,411,8,2,0,85,2018,Round 19,2018-07-27,9667
Sydney,Dane Rampe,4,11,15,88.2,0,0,0,9,0,0,0,3,309,3,5,0,98,2018,Round 19,2018-07-27,9667
Sydney,Zak Jones,3,14,13,76.5,1,0,0,1,1,0,0,2,230,2,3,0,86,2018,Round 19,2018-07-27,9667
Sydney,Tom Papley,6,11,13,76.5,1,1,1,0,1,0,2,4,256,4,0,0,88,2018,Round 19,2018-07-27,9667
Sydney,Callum Sinclair,10,5,11,78.6,0,1,0,4,0,2,3,5,250,1,3,0,88,2018,Round 19,2018-07-27,9667
Sydney,Nic Newman,3,9,10,71.4,0,0,0,2,0,0,1,4,353,3,3,0,68,2018,Round 19,2018-07-27,9667
Sydney,George Hewett,7,6,11,84.6,0,0,0,0,0,3,1,2,86,1,1,0,76,2018,Round 19,2018-07-27,9667
Sydney,Nick Smith 1,6,6,12,100.0,1,0,0,4,0,0,1,0,135,3,5,0,88,2018,Round 19,2018-07-27,9667
Sydney,Aliir Aliir,6,7,12,100.0,4,0,0,3,0,0,0,2,37,2,9,0,87,2018,Round 19,2018-07-27,9667
Sydney,Jordan Dawson,4,9,8,66.7,0,0,0,3,0,0,0,4,187,2,1,0,69,2018,Round 19,2018-07-27,9667
Sydney,Ben Ronke,6,8,7,58.3,0,1,0,1,0,1,0,3,185,4,3,0,84,2018,Round 19,2018-07-27,9667
Sydney,Robbie Fox,3,8,9,75.0,1,0,1,3,1,0,2,3,57,0,1,1,83,2018,Round 19,2018-07-27,9667
Sydney,Colin O Riordan,5,6,6,60.0,0,0,0,1,0,0,0,1,222,5,3,0,67,2018,Round 19,2018-07-27,9667
Sydney,Heath Grundy,3,5,4,50.0,1,0,1,2,0,0,0,4,157,4,3,0,74,2018,Round 19,2018-07-27,9667
Sydney,Will Hayward,5,5,5,62.5,0,1,1,0,0,0,0,3,229,5,0,1,77,2018,Round 19,2018-07-27,9667
Sydney,Tom Mccartin,2,7,6,75.0,0,1,1,1,0,0,0,6,122,4,1,0,80,2018,Round 19,2018-07-27,9667
Sydney,Lance Franklin,4,3,4,57.1,0,2,2,0,0,0,0,6,219,1,1,1,87,2018,Round 19,2018-07-27,9667
Richmond,Shane Edwards,11,11,19,86.4,0,1,1,1,0,0,2,6,535,4,8,1,81,2018,Round 19,2018-07-28,9668
Richmond,Brandon Ellis,8,14,17,77.3,1,0,0,1,0,0,1,5,241,5,9,0,71,2018,Round 19,2018-07-28,9668
Richmond,David Astbury,11,11,18,85.7,0,0,0,6,0,0,0,1,181,4,11,0,93,2018,Round 19,2018-07-28,9668
Richmond,Dion Prestia,11,10,18,85.7,0,1,0,0,0,5,2,5,372,3,3,1,71,2018,Round 19,2018-07-28,9668
Richmond,Kamdyn Mcintosh,4,15,16,80.0,0,0,0,2,0,0,1,7,561,5,1,0,81,2018,Round 19,2018-07-28,9668
Richmond,Jack Higgins,14,6,15,75.0,0,0,0,0,0,1,4,5,160,0,5,1,71,2018,Round 19,2018-07-28,9668
Richmond,Dustin Martin,12,9,12,63.2,4,0,3,3,1,3,0,6,276,7,2,0,83,2018,Round 19,2018-07-28,9668
Richmond,Toby Nankervis,12,6,12,63.2,3,0,0,6,0,1,3,4,118,2,4,0,83,2018,Round 19,2018-07-28,9668
Richmond,Jayden Short,1,19,16,84.2,0,0,0,0,0,0,1,3,549,6,2,0,80,2018,Round 19,2018-07-28,9668
Richmond,Nathan Broad,5,13,15,83.3,1,0,0,6,4,0,0,2,141,5,9,0,84,2018,Round 19,2018-07-28,9668
Richmond,Shaun Grigg,3,15,12,70.6,0,1,0,1,0,0,1,3,308,3,2,0,78,2018,Round 19,2018-07-28,9668
Richmond,Trent Cotchin,7,9,9,52.9,0,1,0,0,0,2,2,6,219,5,2,0,77,2018,Round 19,2018-07-28,9668
Richmond,Nick Vlastuin,4,13,15,88.2,1,0,0,2,0,0,0,2,331,3,8,0,89,2018,Round 19,2018-07-28,9668
Richmond,Jack Riewoldt,10,6,11,68.8,3,1,6,3,0,0,0,11,220,2,2,0,96,2018,Round 19,2018-07-28,9668
Richmond,Kane Lambert,6,11,13,81.2,0,1,0,2,0,1,1,6,298,6,3,0,82,2018,Round 19,2018-07-28,9668
Richmond,Alex Rance,6,10,13,86.7,0,0,0,9,0,0,0,1,247,3,7,0,95,2018,Round 19,2018-07-28,9668
Richmond,Daniel Rioli,5,9,11,78.6,0,0,0,0,0,0,0,4,127,3,0,0,77,2018,Round 19,2018-07-28,9668
Richmond,Dylan Grimes,6,6,11,84.6,1,0,0,4,0,0,0,2,153,2,7,0,88,2018,Round 19,2018-07-28,9668
Richmond,Josh Caddy,5,8,7,53.8,0,1,1,1,0,0,0,4,253,3,3,1,85,2018,Round 19,2018-07-28,9668
Richmond,Jason Castagna,3,9,10,83.3,1,1,2,1,0,0,1,6,198,2,0,1,83,2018,Round 19,2018-07-28,9668
Richmond,Liam Baker,6,8,7,58.3,0,1,1,2,0,1,0,5,130,3,2,0,72,2018,Round 19,2018-07-28,9668
Richmond,Jacob Townsend,4,8,8,72.7,1,2,0,0,0,0,1,5,153,2,0,0,80,2018,Round 19,2018-07-28,9668
Collingwood,Steele Sidebottom,9,28,27,71.1,0,0,0,1,1,1,2,6,424,6,4,0,84,2018,Round 19,2018-07-28,9668
Collingwood,Scott Pendlebury,19,17,24,64.9,0,0,0,1,1,5,8,3,337,5,5,0,85,2018,Round 19,2018-07-28,9668
Collingwood,Tom Phillips,9,27,23,69.7,1,0,0,2,0,0,3,2,518,6,6,0,92,2018,Round 19,2018-07-28,9668
Collingwood,Taylor Adams,16,15,22,73.3,0,0,0,0,0,3,4,5,280,3,2,0,84,2018,Round 19,2018-07-28,9668
Collingwood,Brodie Grundy,12,11,18,78.3,1,0,0,6,0,1,4,6,60,2,4,0,88,2018,Round 19,2018-07-28,9668
Collingwood,Jack Crisp,7,13,18,81.8,0,1,0,0,2,0,1,5,270,5,8,0,98,2018,Round 19,2018-07-28,9668
Collingwood,Tom Langdon,7,15,18,81.8,1,0,0,4,0,0,0,2,427,5,7,0,92,2018,Round 19,2018-07-28,9668
Collingwood,Samuel Murray,4,13,10,52.6,0,0,0,2,2,0,1,1,398,10,4,0,92,2018,Round 19,2018-07-28,9668
Collingwood,Callum Brown,11,8,11,57.9,0,0,0,1,0,1,1,3,191,7,2,1,77,2018,Round 19,2018-07-28,9668
Collingwood,Brayden Maynard,8,9,9,50.0,1,0,0,0,0,0,0,1,228,9,6,0,90,2018,Round 19,2018-07-28,9668
Collingwood,Levi Greenwood,5,11,10,62.5,0,1,1,0,0,0,0,2,174,3,2,0,91,2018,Round 19,2018-07-28,9668
Collingwood,Josh Thomas,7,10,13,81.2,1,1,2,0,1,0,2,6,324,2,1,1,84,2018,Round 19,2018-07-28,9668
Collingwood,Christopher Mayne,6,9,11,73.3,1,0,0,2,0,0,2,2,175,2,4,1,85,2018,Round 19,2018-07-28,9668
Collingwood,Josh Daicos,6,10,10,66.7,0,1,1,1,1,1,1,6,219,2,3,1,74,2018,Round 19,2018-07-28,9668
Collingwood,Darcy Moore,5,6,12,100.0,1,0,0,14,0,0,0,0,105,2,8,0,80,2018,Round 19,2018-07-28,9668
Collingwood,Travis Varcoe,4,8,10,90.9,0,0,0,3,0,1,0,4,244,2,3,0,73,2018,Round 19,2018-07-28,9668
Collingwood,Matthew Scharenberg,2,9,11,100.0,1,0,0,2,0,0,0,0,140,0,2,0,64,2018,Round 19,2018-07-28,9668
Collingwood,Mason Cox,8,4,8,72.7,2,0,3,6,0,0,1,4,220,4,4,0,90,2018,Round 19,2018-07-28,9668
Collingwood,Will Hoskin Elliott,9,4,6,60.0,3,0,3,3,0,0,1,5,136,3,0,1,94,2018,Round 19,2018-07-28,9668
Collingwood,Jaidyn Stephenson,3,5,6,66.7,0,2,0,1,3,0,0,6,322,3,1,2,79,2018,Round 19,2018-07-28,9668
Collingwood,Brody Mihocek,5,4,5,62.5,0,1,1,2,0,0,0,3,165,5,1,0,83,2018,Round 19,2018-07-28,9668
Collingwood,Jeremy Howe,1,3,2,50.0,1,0,0,1,0,0,0,0,55,3,2,0,23,2018,Round 19,2018-07-28,9668
Geelong,Gary Jnr Ablett,16,22,32,84.2,0,1,0,1,0,4,4,12,401,4,1,2,87,2018,Round 19,2018-07-28,9669
Geelong,Mitchell Duncan,4,25,23,82.1,0,4,1,0,0,0,0,13,486,1,2,0,87,2018,Round 19,2018-07-28,9669
Geelong,Sam Menegola,7,23,25,92.6,0,1,0,1,0,1,2,11,530,2,3,0,85,2018,Round 19,2018-07-28,9669
Geelong,Patrick Dangerfield,15,13,17,65.4,0,3,1,4,1,2,2,9,445,5,2,0,86,2018,Round 19,2018-07-28,9669
Geelong,Zach Tuohy,9,15,21,80.8,1,0,0,4,0,0,1,6,490,4,9,0,93,2018,Round 19,2018-07-28,9669
Geelong,Brandan Parfitt,8,18,23,88.5,0,1,2,1,0,2,0,8,208,1,2,0,83,2018,Round 19,2018-07-28,9669
Geelong,Scott Selwood,6,18,20,87.0,0,1,1,1,0,1,1,10,239,1,2,1,84,2018,Round 19,2018-07-28,9669
Geelong,Jordan Cunico,7,17,19,82.6,0,1,0,2,0,1,2,11,314,1,0,2,84,2018,Round 19,2018-07-28,9669
Geelong,Joel Selwood,5,18,17,77.3,0,0,1,1,0,1,1,8,173,3,3,0,82,2018,Round 19,2018-07-28,9669
Geelong,Tom Hawkins,9,13,14,63.6,1,0,8,0,0,0,0,14,299,4,0,1,89,2018,Round 19,2018-07-28,9669
Geelong,Lachlan Henderson,7,10,13,76.5,0,0,0,11,0,0,0,7,298,5,9,0,90,2018,Round 19,2018-07-28,9669
Geelong,Rhys Stanley,10,8,16,100.0,0,0,0,4,0,4,4,8,133,2,2,0,75,2018,Round 19,2018-07-28,9669
Geelong,Tim Kelly,4,11,7,43.8,0,0,0,1,0,0,1,3,281,5,1,0,89,2018,Round 19,2018-07-28,9669
Geelong,Lachlan Fogarty,5,9,9,60.0,1,0,1,2,0,0,0,9,262,1,2,1,68,2018,Round 19,2018-07-28,9669
Geelong,Jack Henry,4,9,12,92.3,1,0,3,2,0,0,0,8,324,1,1,0,83,2018,Round 19,2018-07-28,9669
Geelong,Quinton Narkle,2,10,9,75.0,0,1,0,1,0,0,1,4,132,1,1,1,80,2018,Round 19,2018-07-28,9669
Geelong,Daniel Menzel,4,7,10,90.9,0,1,1,0,0,0,1,7,264,1,2,1,87,2018,Round 19,2018-07-28,9669
Geelong,Cameron Guthrie,1,9,11,100.0,1,0,0,2,0,0,0,7,129,1,2,0,82,2018,Round 19,2018-07-28,9669
Geelong,Jake Kolodjashnij,2,11,8,72.7,0,0,0,2,0,0,0,3,275,4,3,0,90,2018,Round 19,2018-07-28,9669
Geelong,Mark Blicavs,5,5,9,90.0,0,0,0,1,0,0,0,5,157,1,4,0,100,2018,Round 19,2018-07-28,9669
Geelong,Thomas Stewart,1,1,3,75.0,0,0,0,1,0,0,0,2,76,0,1,0,14,2018,Round 19,2018-07-28,9669
Geelong,Jed Bews,1,3,2,100.0,0,0,0,4,0,0,0,2,20,3,1,0,82,2018,Round 19,2018-07-28,9669
Brisbane Lions,Dayne Beams,14,24,31,83.8,0,2,1,2,1,3,3,12,520,3,4,1,86,2018,Round 19,2018-07-28,9669
Brisbane Lions,Darcy Gardiner,5,18,22,91.7,0,0,0,6,0,0,0,3,334,4,6,0,88,2018,Round 19,2018-07-28,9669
Brisbane Lions,Dayne Zorko,7,13,18,78.3,0,0,1,3,3,3,1,8,559,2,4,1,82,2018,Round 19,2018-07-28,9669
Brisbane Lions,Lewis Taylor,6,18,20,87.0,0,0,1,0,3,1,2,4,279,3,2,1,81,2018,Round 19,2018-07-28,9669
Brisbane Lions,Alex Witherden,4,14,16,80.0,0,0,0,0,0,0,0,3,395,2,3,1,76,2018,Round 19,2018-07-28,9669
Brisbane Lions,Luke Hodge,3,14,17,94.4,1,1,0,5,0,0,0,4,263,0,5,0,88,2018,Round 19,2018-07-28,9669
Brisbane Lions,Stefan Martin,9,10,12,66.7,0,1,0,1,0,1,1,5,40,2,3,0,85,2018,Round 19,2018-07-28,9669
Brisbane Lions,Joshua Walker,5,13,14,77.8,0,0,0,4,3,0,0,2,340,2,4,0,87,2018,Round 19,2018-07-28,9669
Brisbane Lions,Rhys Mathieson,9,10,16,88.9,0,1,0,0,0,2,3,4,332,3,2,1,73,2018,Round 19,2018-07-28,9669
Brisbane Lions,Mitch Robinson,9,8,10,58.8,1,0,2,1,0,1,4,6,301,5,0,1,80,2018,Round 19,2018-07-28,9669
Brisbane Lions,Hugh Mccluggage,2,14,11,68.8,0,1,1,1,1,0,2,6,307,3,0,0,85,2018,Round 19,2018-07-28,9669
Brisbane Lions,Nicholas Robertson,4,11,11,73.3,0,1,0,0,0,0,0,3,212,2,1,0,86,2018,Round 19,2018-07-28,9669
Brisbane Lions,Jarrod Berry,5,10,9,60.0,1,0,1,1,0,1,0,5,235,3,2,0,76,2018,Round 19,2018-07-28,9669
Brisbane Lions,Daniel Rich,4,10,9,64.3,0,0,0,2,0,1,0,0,349,4,3,0,84,2018,Round 19,2018-07-28,9669
Brisbane Lions,Daniel Mcstay,7,7,10,71.4,3,1,4,1,0,0,0,7,152,1,2,0,79,2018,Round 19,2018-07-28,9669
Brisbane Lions,Jake Barrett,6,7,9,69.2,1,0,0,2,0,0,0,4,12,3,1,1,76,2018,Round 19,2018-07-28,9669
Brisbane Lions,Allen Christensen,5,7,9,75.0,0,1,0,0,0,0,1,3,121,0,1,2,70,2018,Round 19,2018-07-28,9669
Brisbane Lions,Ryan Lester,3,9,11,91.7,0,0,0,5,0,0,0,2,98,1,4,0,85,2018,Round 19,2018-07-28,9669
Brisbane Lions,Cameron Rayner,3,7,9,75.0,1,0,1,1,0,0,0,3,93,2,1,1,79,2018,Round 19,2018-07-28,9669
Brisbane Lions,Harris Andrews,5,6,9,81.8,1,0,0,10,0,0,0,1,114,1,5,0,91,2018,Round 19,2018-07-28,9669
Brisbane Lions,Eric Hipwood,2,9,7,63.6,1,1,2,1,0,0,0,6,359,4,0,2,89,2018,Round 19,2018-07-28,9669
Brisbane Lions,Oscar Mcinerney,3,1,1,25.0,1,0,1,5,0,2,0,1,123,3,0,1,70,2018,Round 19,2018-07-28,9669
Greater Western Sydney,Lachie Whitfield,3,28,25,78.1,0,2,0,1,1,0,1,6,642,4,3,0,89,2018,Round 19,2018-07-28,9670
Greater Western Sydney,Joshua Kelly,8,23,26,81.2,0,3,0,1,0,3,1,9,483,3,3,2,88,2018,Round 19,2018-07-28,9670
Greater Western Sydney,Stephen Coniglio,10,19,16,55.2,0,0,0,0,0,1,2,5,441,8,2,0,86,2018,Round 19,2018-07-28,9670
Greater Western Sydney,Heath Shaw,8,14,19,76.0,1,0,0,6,0,0,2,3,528,5,5,0,88,2018,Round 19,2018-07-28,9670
Greater Western Sydney,Brett Deledio,10,14,22,91.7,1,1,0,5,0,0,1,6,281,2,9,0,73,2018,Round 19,2018-07-28,9670
Greater Western Sydney,Tim Taranto,8,16,17,70.8,1,1,0,0,1,3,1,5,445,7,2,1,87,2018,Round 19,2018-07-28,9670
Greater Western Sydney,Jacob Hopper,8,15,15,65.2,0,0,0,1,1,2,1,7,269,8,3,2,83,2018,Round 19,2018-07-28,9670
Greater Western Sydney,Dylan Shiel,7,14,16,72.7,0,0,0,1,0,1,1,7,224,2,0,1,76,2018,Round 19,2018-07-28,9670
Greater Western Sydney,Adam Kennedy,6,16,17,81.0,1,1,0,1,3,0,1,3,363,4,3,0,82,2018,Round 19,2018-07-28,9670
Greater Western Sydney,Callan Ward,5,14,19,95.0,0,0,0,0,0,0,3,5,183,2,3,0,83,2018,Round 19,2018-07-28,9670
Greater Western Sydney,Nick Haynes,4,16,17,85.0,1,0,0,3,0,0,0,4,210,4,5,0,85,2018,Round 19,2018-07-28,9670
Greater Western Sydney,Phil Davis,8,8,16,94.1,2,0,0,11,0,0,0,3,175,1,9,0,95,2018,Round 19,2018-07-28,9670
Greater Western Sydney,Adam Tomlinson,7,10,14,82.4,0,1,0,2,1,0,4,6,207,1,2,1,87,2018,Round 19,2018-07-28,9670
Greater Western Sydney,Toby Greene,6,10,7,46.7,2,0,4,0,0,0,0,5,343,5,2,0,80,2018,Round 19,2018-07-28,9670
Greater Western Sydney,Matthew Buntine,6,7,11,84.6,0,0,0,5,0,0,1,3,192,2,4,0,80,2018,Round 19,2018-07-28,9670
Greater Western Sydney,Rory Lobb,9,3,8,66.7,2,0,0,5,0,1,0,8,141,1,1,0,83,2018,Round 19,2018-07-28,9670
Greater Western Sydney,Harrison Himmelberg,5,6,10,90.9,2,0,4,1,0,0,0,5,128,1,0,0,77,2018,Round 19,2018-07-28,9670
Greater Western Sydney,Dawson Simpson,7,3,8,80.0,1,0,0,0,0,1,0,4,115,2,4,0,68,2018,Round 19,2018-07-28,9670
Greater Western Sydney,Sam Taylor,5,5,9,90.0,0,0,0,6,0,0,0,1,151,0,5,0,79,2018,Round 19,2018-07-28,9670
Greater Western Sydney,Samuel Reid,4,3,5,71.4,0,0,0,0,0,0,2,2,54,2,1,0,83,2018,Round 19,2018-07-28,9670
Greater Western Sydney,Brent Daniels,1,7,6,85.7,0,0,0,0,0,0,0,4,126,2,1,3,73,2018,Round 19,2018-07-28,9670
Greater Western Sydney,Zac Giles Langdon,3,4,6,100.0,0,1,2,0,0,0,0,3,73,2,1,2,76,2018,Round 19,2018-07-28,9670
St Kilda,Jarryn Geary,7,21,21,70.0,0,0,0,2,0,0,0,2,589,6,6,0,89,2018,Round 19,2018-07-28,9670
St Kilda,Sebastian Ross,7,22,20,66.7,0,1,0,1,0,1,2,8,532,10,3,0,79,2018,Round 19,2018-07-28,9670
St Kilda,Jack Steven,12,16,18,66.7,0,0,1,0,3,4,2,6,435,4,3,2,83,2018,Round 19,2018-07-28,9670
St Kilda,Jade Gresham,8,17,19,76.0,1,1,1,0,6,1,1,7,627,3,2,1,77,2018,Round 19,2018-07-28,9670
St Kilda,Jack Steele,14,13,17,70.8,0,0,0,4,0,3,2,4,209,4,4,1,83,2018,Round 19,2018-07-28,9670
St Kilda,Jack Billings,7,15,15,68.2,0,1,0,1,1,0,0,3,226,3,1,4,89,2018,Round 19,2018-07-28,9670
St Kilda,Shane Savage,2,19,19,90.5,0,1,0,1,0,0,0,4,493,0,4,0,84,2018,Round 19,2018-07-28,9670
St Kilda,Jack Lonie,9,12,13,61.9,0,1,0,1,0,0,0,8,328,2,2,0,78,2018,Round 19,2018-07-28,9670
St Kilda,Jake Carlisle,3,17,15,75.0,1,0,0,4,0,0,0,2,220,2,6,0,98,2018,Round 19,2018-07-28,9670
St Kilda,Jack Newnes,5,12,13,65.0,0,0,0,0,0,0,4,2,173,6,3,0,86,2018,Round 19,2018-07-28,9670
St Kilda,Jack Sinclair,9,12,16,80.0,0,2,0,1,2,0,0,3,188,2,5,1,84,2018,Round 19,2018-07-28,9670
St Kilda,Blake Acres,7,13,8,44.4,1,0,1,2,0,0,2,3,286,5,3,1,64,2018,Round 19,2018-07-28,9670
St Kilda,Luke Dunstan,10,7,14,87.5,0,0,0,2,0,2,2,7,121,2,3,0,65,2018,Round 19,2018-07-28,9670
St Kilda,Tom Hickey,11,4,13,86.7,0,0,0,4,0,2,6,5,97,1,1,0,89,2018,Round 19,2018-07-28,9670
St Kilda,Tim Membrey,7,8,9,60.0,2,0,5,3,0,0,1,6,202,4,1,1,85,2018,Round 19,2018-07-28,9670
St Kilda,Nicholas Coffield,3,12,10,71.4,1,0,0,2,0,0,0,2,252,1,4,0,66,2018,Round 19,2018-07-28,9670
St Kilda,Daniel Mckenzie,6,4,10,90.9,1,0,0,3,2,0,1,1,124,1,5,1,89,2018,Round 19,2018-07-28,9670
St Kilda,Sam Gilbert,4,6,7,70.0,1,0,0,2,0,0,1,1,134,1,3,0,85,2018,Round 19,2018-07-28,9670
St Kilda,Nathan Brown,5,4,7,77.8,1,0,0,10,1,0,0,1,91,2,7,0,88,2018,Round 19,2018-07-28,9670
St Kilda,Maverick Weller,2,7,7,77.8,0,0,0,2,0,0,0,1,98,2,0,1,80,2018,Round 19,2018-07-28,9670
St Kilda,Rowan Marshall,1,8,8,88.9,1,0,1,4,0,0,0,1,70,1,1,2,89,2018,Round 19,2018-07-28,9670
St Kilda,Josh Battle,3,4,7,100.0,0,0,0,2,0,0,0,2,88,4,2,0,69,2018,Round 19,2018-07-28,9670
Adelaide,Matt Crouch,21,10,17,53.1,0,1,1,0,0,1,6,7,142,2,6,1,80,2018,Round 19,2018-07-28,9672
Adelaide,Bryce Gibbs,16,10,17,63.0,0,0,0,1,0,1,4,5,391,2,5,2,82,2018,Round 19,2018-07-28,9672
Adelaide,Wayne Milera,12,15,20,76.9,1,0,0,1,0,0,0,3,350,7,12,1,86,2018,Round 19,2018-07-28,9672
Adelaide,Rory Laird,11,14,18,72.0,0,0,0,1,0,0,3,4,264,3,8,0,83,2018,Round 19,2018-07-28,9672
Adelaide,Tom Lynch,4,17,7,31.8,0,1,0,2,0,0,0,6,468,7,6,0,87,2018,Round 19,2018-07-28,9672
Adelaide,Riley Knight,9,13,17,77.3,1,0,0,1,0,1,4,3,258,4,3,3,86,2018,Round 19,2018-07-28,9672
Adelaide,Rory Atkins,10,10,12,57.1,0,1,1,0,1,0,1,4,478,5,6,0,87,2018,Round 19,2018-07-28,9672
Adelaide,Hugh Greenwood,15,4,10,47.6,0,1,0,1,0,0,5,8,323,4,4,2,88,2018,Round 19,2018-07-28,9672
Adelaide,Edward Betts,8,14,11,55.0,0,0,0,1,0,0,1,10,361,2,1,3,84,2018,Round 19,2018-07-28,9672
Adelaide,Kyle Cheney,6,12,14,77.8,1,0,0,4,0,0,0,0,401,5,10,0,87,2018,Round 19,2018-07-28,9672
Adelaide,Rory Sloane,9,8,5,29.4,0,0,0,2,0,0,3,2,216,5,3,0,88,2018,Round 19,2018-07-28,9672
Adelaide,Luke Brown,5,10,15,93.8,0,0,0,2,0,0,1,1,407,2,5,0,89,2018,Round 19,2018-07-28,9672
Adelaide,Josh Jenkins,11,5,11,73.3,0,0,0,3,0,1,3,6,303,4,3,0,94,2018,Round 19,2018-07-28,9672
Adelaide,Alex Keath,8,10,13,86.7,1,0,0,6,0,0,0,2,246,3,8,0,92,2018,Round 19,2018-07-28,9672
Adelaide,Taylor Walker,5,7,9,64.3,0,0,0,0,0,0,1,7,298,2,1,3,85,2018,Round 19,2018-07-28,9672
Adelaide,Jake Kelly,5,8,9,69.2,0,0,0,4,0,0,0,0,171,4,3,0,77,2018,Round 19,2018-07-28,9672
Adelaide,Daniel Talia,2,7,8,80.0,0,0,0,17,0,0,0,1,83,2,3,0,88,2018,Round 19,2018-07-28,9672
Adelaide,Lachlan Murphy,7,3,7,70.0,1,0,2,2,0,0,0,3,180,1,1,2,81,2018,Round 19,2018-07-28,9672
Adelaide,Mitch Mcgovern,5,4,5,55.6,2,1,0,2,0,0,0,4,172,2,2,0,72,2018,Round 19,2018-07-28,9672
Adelaide,Jordan Gallucci,5,3,3,33.3,0,0,2,2,0,1,1,3,244,3,0,2,88,2018,Round 19,2018-07-28,9672
Adelaide,Sam Jacobs,3,3,4,66.7,0,0,0,4,0,0,1,2,121,0,0,0,84,2018,Round 19,2018-07-28,9672
Adelaide,Paul Seedsman,2,1,1,33.3,0,0,0,0,0,0,0,1,33,0,0,1,12,2018,Round 19,2018-07-28,9672
Melbourne,Clayton Oliver,25,7,18,58.1,0,1,0,2,0,3,11,7,383,7,4,1,88,2018,Round 19,2018-07-28,9672
Melbourne,Nathan Jones,11,15,13,56.5,0,0,1,1,0,2,4,4,229,9,1,1,82,2018,Round 19,2018-07-28,9672
Melbourne,James Harmes,13,10,15,65.2,0,0,0,1,1,0,5,1,138,4,2,0,83,2018,Round 19,2018-07-28,9672
Melbourne,Alex Neal Bullen,12,12,13,59.1,0,0,0,2,0,0,3,5,393,10,5,1,76,2018,Round 19,2018-07-28,9672
Melbourne,Jordan Lewis,8,10,14,66.7,0,0,0,4,0,1,2,4,448,7,9,0,91,2018,Round 19,2018-07-28,9672
Melbourne,Angus Brayshaw,11,10,11,52.4,0,0,0,0,0,1,5,4,421,3,1,1,72,2018,Round 19,2018-07-28,9672
Melbourne,Christian Petracca,12,10,12,57.1,0,4,0,2,0,2,1,9,462,6,3,0,78,2018,Round 19,2018-07-28,9672
Melbourne,Dom Tyson,13,7,13,65.0,0,2,0,3,0,1,4,5,300,4,5,0,76,2018,Round 19,2018-07-28,9672
Melbourne,Jake Melksham,9,8,10,58.8,2,1,2,2,0,0,1,7,279,3,3,0,77,2018,Round 19,2018-07-28,9672
Melbourne,Jay Kennedy Harris,9,7,11,68.8,0,0,1,2,0,0,1,5,192,2,5,0,69,2018,Round 19,2018-07-28,9672
Melbourne,Jeff Gartlett,10,4,9,60.0,0,2,0,2,0,1,0,8,197,2,2,0,74,2018,Round 19,2018-07-28,9672
Melbourne,Christian Salem,4,6,9,60.0,0,0,0,6,0,1,1,1,391,5,4,0,86,2018,Round 19,2018-07-28,9672
Melbourne,Sam Frost,6,9,9,64.3,0,0,0,8,0,0,0,1,431,5,6,0,99,2018,Round 19,2018-07-28,9672
Melbourne,Bernie Vince,4,7,8,61.5,0,0,0,1,0,0,1,1,185,6,4,0,72,2018,Round 19,2018-07-28,9672
Melbourne,Tom Mcdonald,4,8,9,69.2,1,0,3,1,1,0,2,7,186,2,1,2,89,2018,Round 19,2018-07-28,9672
Melbourne,Max Gawn,7,6,9,75.0,1,0,0,6,0,1,2,4,138,1,4,0,86,2018,Round 19,2018-07-28,9672
Melbourne,Jesse Hogan,6,5,10,100.0,1,0,0,2,0,0,0,5,167,2,0,0,86,2018,Round 19,2018-07-28,9672
Melbourne,Charlie Spargo,4,5,7,77.8,0,0,0,1,0,0,1,2,91,1,2,1,77,2018,Round 19,2018-07-28,9672
Melbourne,Joel Smith 1,1,8,3,33.3,0,0,0,3,0,0,1,1,237,6,1,0,80,2018,Round 19,2018-07-28,9672
Melbourne,Bayley Fritsch,3,5,5,62.5,1,0,1,0,0,0,1,2,215,3,2,1,78,2018,Round 19,2018-07-28,9672
Melbourne,Neville Jetta,3,5,5,83.3,0,1,0,6,0,0,0,1,101,1,2,0,80,2018,Round 19,2018-07-28,9672
Melbourne,Oscar Mcdonald,3,2,5,83.3,0,0,1,8,0,0,0,1,92,1,4,0,100,2018,Round 19,2018-07-28,9672
Gold Coast,Jarryd Lyons,20,8,16,55.2,0,0,1,1,0,1,10,3,369,7,1,0,86,2018,Round 19,2018-07-28,9671
Gold Coast,Will Brodie,12,13,15,55.6,0,0,0,2,1,4,2,5,512,5,2,0,81,2018,Round 19,2018-07-28,9671
Gold Coast,Jarrod Harbrow,9,12,13,54.2,0,1,0,3,0,0,2,4,542,10,12,0,88,2018,Round 19,2018-07-28,9671
Gold Coast,Touk Miller,16,9,15,62.5,0,0,1,2,0,1,3,4,62,1,5,1,81,2018,Round 19,2018-07-28,9671
Gold Coast,Jesse Lonergan,15,8,12,54.5,0,0,0,1,0,3,4,0,159,5,2,0,79,2018,Round 19,2018-07-28,9671
Gold Coast,Lachlan Weller,10,10,14,70.0,0,0,0,1,3,0,4,2,325,3,5,1,81,2018,Round 19,2018-07-28,9671
Gold Coast,Jack Bowes,8,10,11,55.0,0,0,0,1,0,0,2,2,291,6,4,1,78,2018,Round 19,2018-07-28,9671
Gold Coast,Steven May,3,10,13,76.5,1,0,1,13,0,0,0,4,438,1,8,0,89,2018,Round 19,2018-07-28,9671
Gold Coast,Jarrod Witts,7,4,8,61.5,1,0,0,1,0,1,5,4,203,3,3,0,84,2018,Round 19,2018-07-28,9671
Gold Coast,Alex Sexton,7,8,5,38.5,0,0,0,2,0,0,3,5,424,3,3,2,90,2018,Round 19,2018-07-28,9671
Gold Coast,Brayden Fiorini,6,8,6,46.2,0,0,0,2,0,0,0,0,247,4,3,0,81,2018,Round 19,2018-07-28,9671
Gold Coast,Aaron Young,3,6,5,41.7,0,1,0,1,0,0,1,1,253,3,2,1,91,2018,Round 19,2018-07-28,9671
Gold Coast,Jesse Joyce,3,7,6,50.0,0,0,0,5,0,0,1,0,113,5,5,0,85,2018,Round 19,2018-07-28,9671
Gold Coast,Michael Rischitelli,4,5,6,60.0,0,0,0,1,0,0,0,2,32,2,6,0,87,2018,Round 19,2018-07-28,9671
Gold Coast,Kade Kolodjashnij,3,8,7,70.0,0,0,0,10,0,0,0,2,176,2,7,0,87,2018,Round 19,2018-07-28,9671
Gold Coast,Sean Lemmens,2,8,9,90.0,0,0,0,1,0,0,0,2,284,6,0,2,84,2018,Round 19,2018-07-28,9671
Gold Coast,David Swallow,4,5,6,66.7,0,0,0,0,0,0,2,1,193,1,0,1,20,2018,Round 19,2018-07-28,9671
Gold Coast,Peter Wright,11,1,7,77.8,2,0,0,7,0,0,0,3,174,3,1,1,90,2018,Round 19,2018-07-28,9671
Gold Coast,Wil Powell,2,7,6,66.7,0,0,1,2,0,0,0,3,164,1,0,1,79,2018,Round 19,2018-07-28,9671
Gold Coast,Nicholas Holman,4,5,5,55.6,0,0,0,2,0,0,1,1,103,2,0,1,86,2018,Round 19,2018-07-28,9671
Gold Coast,Rory Thompson,2,3,2,40.0,0,0,0,13,0,0,0,2,145,0,2,0,92,2018,Round 19,2018-07-28,9671
Gold Coast,Jacob Heron,4,2,2,50.0,0,0,0,1,0,0,0,1,134,1,0,1,80,2018,Round 19,2018-07-28,9671
Carlton,Patrick Cripps,17,21,18,48.6,2,0,0,3,0,2,3,6,536,6,7,0,88,2018,Round 19,2018-07-28,9671
Carlton,Marc Murphy,13,19,27,75.0,0,3,0,3,0,0,8,7,385,3,5,0,90,2018,Round 19,2018-07-28,9671
Carlton,Kade Simpson,12,10,20,69.0,0,0,0,1,0,0,1,4,442,4,11,0,92,2018,Round 19,2018-07-28,9671
Carlton,Edward Curnow,8,17,23,82.1,0,0,0,0,1,0,4,4,321,2,4,1,84,2018,Round 19,2018-07-28,9671
Carlton,Sam Petrevski Seton,7,20,19,73.1,0,2,0,1,0,1,2,6,234,3,1,1,77,2018,Round 19,2018-07-28,9671
Carlton,Matthew Kennedy 1,7,13,15,65.2,0,0,0,0,0,2,3,3,404,4,1,0,71,2018,Round 19,2018-07-28,9671
Carlton,Dale Thomas,4,15,18,81.8,1,0,0,3,0,0,1,3,264,3,4,0,80,2018,Round 19,2018-07-28,9671
Carlton,Darcy Lang,8,13,12,60.0,1,0,1,1,0,1,2,5,342,5,2,1,70,2018,Round 19,2018-07-28,9671
Carlton,Charlie Curnow,10,7,10,55.6,5,0,3,0,0,0,0,6,443,8,1,2,92,2018,Round 19,2018-07-28,9671
Carlton,Paddy Dow,11,7,14,77.8,0,0,0,0,1,0,3,4,314,2,2,1,69,2018,Round 19,2018-07-28,9671
Carlton,Caleb Marchbank,7,8,8,50.0,1,0,0,5,0,0,0,2,306,3,7,0,95,2018,Round 19,2018-07-28,9671
Carlton,Jed Lamb,6,10,12,80.0,0,0,0,5,0,0,1,4,185,3,4,0,87,2018,Round 19,2018-07-28,9671
Carlton,Jacob Weitering,8,6,11,73.3,1,0,0,7,0,0,1,2,118,1,7,0,88,2018,Round 19,2018-07-28,9671
Carlton,Matthew Wright,5,8,9,64.3,0,1,1,3,0,0,3,6,171,0,0,2,90,2018,Round 19,2018-07-28,9671
Carlton,Ciaran Byrne,4,7,8,61.5,1,0,0,4,0,0,0,4,194,4,4,0,78,2018,Round 19,2018-07-28,9671
Carlton,Lochie O Brien,4,10,7,58.3,0,0,1,5,1,0,1,4,318,5,2,1,72,2018,Round 19,2018-07-28,9671
Carlton,Jack Silvagni,5,5,6,54.5,0,1,1,1,0,0,1,5,196,4,2,0,75,2018,Round 19,2018-07-28,9671
Carlton,Harry Mckay,3,7,7,77.8,0,0,2,3,1,0,0,4,227,2,1,0,81,2018,Round 19,2018-07-28,9671
Carlton,Sam Rowe,6,2,4,66.7,0,0,0,10,0,0,0,0,177,2,7,0,91,2018,Round 19,2018-07-28,9671
Carlton,Jarrod Pickett,3,2,4,66.7,0,0,0,0,1,0,1,0,134,2,1,3,74,2018,Round 19,2018-07-28,9671
Carlton,Matthew Lobbe,4,1,2,40.0,0,0,0,4,0,2,1,2,98,3,1,0,85,2018,Round 19,2018-07-28,9671
Carlton,Cameron Polson,3,2,1,25.0,0,1,0,1,0,0,0,1,39,2,0,1,69,2018,Round 19,2018-07-28,9671
North Melbourne,Ben Cunnington,22,18,25,64.1,0,0,0,1,0,1,6,5,268,6,3,2,75,2018,Round 19,2018-07-29,9673
North Melbourne,Paul Ahern,22,16,23,62.2,0,1,0,0,0,6,6,6,523,6,2,0,75,2018,Round 19,2018-07-29,9673
North Melbourne,Ryan Clarke,7,20,23,82.1,0,0,0,0,0,0,1,4,428,2,5,0,80,2018,Round 19,2018-07-29,9673
North Melbourne,Trent Dumont,8,15,18,75.0,0,2,0,1,0,1,2,3,425,7,4,0,79,2018,Round 19,2018-07-29,9673
North Melbourne,Jed Anderson,11,10,16,69.6,0,0,0,1,0,3,4,5,376,4,3,1,69,2018,Round 19,2018-07-29,9673
North Melbourne,Todd Goldstein,7,12,15,68.2,0,1,1,2,0,1,1,6,105,5,6,0,91,2018,Round 19,2018-07-29,9673
North Melbourne,Shaun Higgins,7,13,18,85.7,0,1,0,0,0,1,3,7,400,5,3,3,86,2018,Round 19,2018-07-29,9673
North Melbourne,Shaun Atley,7,14,18,90.0,0,0,0,1,0,0,0,5,90,0,3,0,76,2018,Round 19,2018-07-29,9673
North Melbourne,Jamie Macmillan,5,14,15,78.9,1,0,0,4,1,0,0,2,372,5,8,0,86,2018,Round 19,2018-07-29,9673
North Melbourne,Luke Mcdonald,6,13,15,83.3,0,0,1,2,0,0,1,4,346,4,3,0,91,2018,Round 19,2018-07-29,9673
North Melbourne,Jy Simpkin,7,11,15,83.3,1,3,1,2,0,1,1,5,351,7,1,2,70,2018,Round 19,2018-07-29,9673
North Melbourne,Samuel Wright,5,12,15,88.2,0,0,0,2,0,0,0,4,103,1,5,0,79,2018,Round 19,2018-07-29,9673
North Melbourne,Majak Daw,11,6,11,64.7,4,0,0,10,0,0,0,2,222,2,11,0,89,2018,Round 19,2018-07-29,9673
North Melbourne,Marley Williams,5,11,13,76.5,0,0,0,2,0,0,1,5,379,4,4,0,81,2018,Round 19,2018-07-29,9673
North Melbourne,Kayne Turner,8,8,13,81.2,0,0,0,1,0,0,0,3,187,5,6,1,84,2018,Round 19,2018-07-29,9673
North Melbourne,Mason Wood,5,10,8,53.3,0,0,4,0,0,0,1,7,293,4,2,2,78,2018,Round 19,2018-07-29,9673
North Melbourne,Robert Tarrant,3,11,12,92.3,0,0,0,14,0,0,0,5,153,1,3,0,95,2018,Round 19,2018-07-29,9673
North Melbourne,Jack Ziebell,5,7,5,41.7,2,0,4,4,0,0,1,7,146,2,0,3,91,2018,Round 19,2018-07-29,9673
North Melbourne,Nathan Hrovat,5,7,11,91.7,0,0,0,0,0,0,2,4,168,1,3,1,65,2018,Round 19,2018-07-29,9673
North Melbourne,Will Walker,6,6,7,63.6,0,0,1,1,0,0,0,1,100,1,2,1,61,2018,Round 19,2018-07-29,9673
North Melbourne,Scott Thompson 1,5,4,7,70.0,1,0,0,4,0,0,0,1,162,6,5,0,97,2018,Round 19,2018-07-29,9673
North Melbourne,Ben Brown,6,3,5,55.6,2,0,1,4,0,0,0,4,105,3,2,0,100,2018,Round 19,2018-07-29,9673
West Coast,Elliot Yeo,19,9,19,67.9,1,0,0,1,0,3,4,2,396,4,4,0,87,2018,Round 19,2018-07-29,9673
West Coast,Jack Redden,13,12,14,53.8,0,0,0,2,0,2,4,1,182,4,3,1,85,2018,Round 19,2018-07-29,9673
West Coast,Shannon Hurn,3,14,17,81.0,1,0,0,2,0,0,1,0,344,7,7,0,90,2018,Round 19,2018-07-29,9673
West Coast,Andrew Gaff,5,16,19,90.5,0,0,0,0,0,0,3,5,277,4,1,0,86,2018,Round 19,2018-07-29,9673
West Coast,Jamie Cripps,8,9,11,57.9,0,0,1,1,0,0,4,4,414,5,3,2,77,2018,Round 19,2018-07-29,9673
West Coast,Mark Hutchings,5,13,13,72.2,0,0,0,1,0,0,3,2,234,6,2,1,88,2018,Round 19,2018-07-29,9673
West Coast,Jeremy Mcgovern,14,6,11,61.1,4,0,0,12,0,0,1,1,277,6,14,0,88,2018,Round 19,2018-07-29,9673
West Coast,Tom Cole,8,9,14,77.8,1,0,0,2,0,0,0,1,194,3,11,0,78,2018,Round 19,2018-07-29,9673
West Coast,Bradley Sheppard,4,11,12,70.6,1,0,0,4,0,0,0,1,411,5,6,0,88,2018,Round 19,2018-07-29,9673
West Coast,Dominic Sheed,9,8,11,64.7,1,0,0,0,0,0,4,0,282,7,2,1,78,2018,Round 19,2018-07-29,9673
West Coast,Liam Duggan,8,7,13,76.5,0,0,0,1,0,0,2,2,233,5,5,0,81,2018,Round 19,2018-07-29,9673
West Coast,Chris Masten,5,9,9,56.2,0,0,0,1,0,0,1,1,260,5,6,0,85,2018,Round 19,2018-07-29,9673
West Coast,Tom Barrass,6,7,12,85.7,4,0,0,3,0,0,1,2,139,2,2,0,85,2018,Round 19,2018-07-29,9673
West Coast,Will Schofield,4,6,9,69.2,2,0,0,5,0,0,0,2,293,3,5,0,91,2018,Round 19,2018-07-29,9673
West Coast,Scott Lycett,9,4,8,66.7,1,0,1,1,0,0,2,1,228,3,4,1,83,2018,Round 19,2018-07-29,9673
West Coast,Willie Rioli,3,10,8,66.7,0,0,0,2,0,0,0,5,254,3,0,1,75,2018,Round 19,2018-07-29,9673
West Coast,Mark Lecras,2,6,5,55.6,0,0,1,0,0,0,0,3,154,1,1,0,87,2018,Round 19,2018-07-29,9673
West Coast,Jack Darling,7,1,4,50.0,1,2,0,4,0,0,0,3,124,3,2,3,89,2018,Round 19,2018-07-29,9673
West Coast,Jake Waterman,5,2,3,37.5,0,0,0,3,0,0,1,2,172,4,0,0,68,2018,Round 19,2018-07-29,9673
West Coast,Daniel Venables,3,6,5,62.5,1,0,2,1,0,0,0,3,176,0,0,0,73,2018,Round 19,2018-07-29,9673
West Coast,Jack Petruccelle,3,2,3,60.0,0,0,0,0,0,0,0,1,53,2,2,0,63,2018,Round 19,2018-07-29,9673
West Coast,Nathan Vardy,4,1,3,75.0,1,1,1,4,0,0,0,3,19,1,1,0,74,2018,Round 19,2018-07-29,9673
Fremantle,Lachie Neale,19,16,27,75.0,0,1,0,1,0,2,6,5,334,7,4,2,83,2018,Round 19,2018-07-29,9675
Fremantle,David Mundy,13,20,22,64.7,1,0,1,2,0,2,3,7,472,6,1,0,81,2018,Round 19,2018-07-29,9675
Fremantle,Ed Langdon,6,18,19,73.1,0,0,0,0,1,0,2,5,322,3,5,1,78,2018,Round 19,2018-07-29,9675
Fremantle,Andrew Brayshaw,9,16,16,64.0,0,0,1,1,0,1,1,6,286,5,3,0,69,2018,Round 19,2018-07-29,9675
Fremantle,Michael Walters,8,16,15,68.2,0,1,0,2,1,1,3,4,356,5,4,0,86,2018,Round 19,2018-07-29,9675
Fremantle,Darcy Tucker,5,17,16,72.7,0,0,1,1,0,0,1,3,253,1,5,0,74,2018,Round 19,2018-07-29,9675
Fremantle,Bradley Hill,4,16,17,89.5,0,0,0,0,1,0,2,2,381,2,1,0,77,2018,Round 19,2018-07-29,9675
Fremantle,Bailey Banfield,8,13,11,57.9,0,0,1,1,0,0,5,5,219,5,3,1,88,2018,Round 19,2018-07-29,9675
Fremantle,Stephen Hill,2,15,14,77.8,0,0,0,3,0,0,0,5,468,3,1,0,85,2018,Round 19,2018-07-29,9675
Fremantle,Brandon Matera,3,15,12,66.7,0,0,0,2,0,0,0,3,233,2,2,0,79,2018,Round 19,2018-07-29,9675
Fremantle,Joel Hamling,10,8,15,83.3,2,0,0,11,0,0,0,1,33,1,10,0,95,2018,Round 19,2018-07-29,9675
Fremantle,Nathan Wilson,1,16,11,61.1,0,0,0,5,2,0,0,6,476,5,3,0,85,2018,Round 19,2018-07-29,9675
Fremantle,Taylin Duman,6,12,14,82.4,0,0,0,2,0,0,0,3,182,3,6,0,91,2018,Round 19,2018-07-29,9675
Fremantle,Stefan Giro,4,12,11,64.7,0,0,1,0,0,1,0,7,252,2,2,0,72,2018,Round 19,2018-07-29,9675
Fremantle,Thomas Sheridan,2,14,12,75.0,0,0,1,3,0,0,0,3,117,3,2,1,71,2018,Round 19,2018-07-29,9675
Fremantle,Adam Cerra,5,7,9,75.0,0,0,0,0,0,0,0,4,276,5,4,0,81,2018,Round 19,2018-07-29,9675
Fremantle,Scott Jones,3,7,9,81.8,1,0,0,1,0,0,0,1,79,3,3,0,89,2018,Round 19,2018-07-29,9675
Fremantle,Luke Ryan,4,7,10,100.0,0,0,0,1,0,0,0,4,227,1,2,0,83,2018,Round 19,2018-07-29,9675
Fremantle,Cameron Sutcliffe,1,8,7,77.8,0,0,0,2,0,0,0,2,111,4,0,0,62,2018,Round 19,2018-07-29,9675
Fremantle,Sean Darcy,5,3,7,77.8,0,0,0,0,0,0,0,4,89,2,3,0,86,2018,Round 19,2018-07-29,9675
Fremantle,Alex Pearce,4,4,5,62.5,0,0,0,4,0,0,0,1,20,2,4,0,94,2018,Round 19,2018-07-29,9675
Fremantle,Brennan Cox,2,6,4,57.1,0,2,0,2,0,0,0,4,125,5,1,1,93,2018,Round 19,2018-07-29,9675
Hawthorn,Tom Mitchell,17,26,33,78.6,0,0,1,0,1,5,2,13,521,4,3,0,91,2018,Round 19,2018-07-29,9675
Hawthorn,Jaeger O Meara,8,21,22,66.7,0,3,0,1,0,4,2,9,315,4,2,1,82,2018,Round 19,2018-07-29,9675
Hawthorn,Liam Shiels,8,19,19,70.4,0,0,1,1,0,1,1,4,337,6,3,1,75,2018,Round 19,2018-07-29,9675
Hawthorn,Ricky Henderson,5,18,14,60.9,1,0,0,2,2,0,2,3,389,6,2,0,82,2018,Round 19,2018-07-29,9675
Hawthorn,Teia Miles,5,17,18,78.3,0,1,1,2,1,0,0,6,356,1,4,0,81,2018,Round 19,2018-07-29,9675
Hawthorn,Ryan Burton,4,19,21,91.3,0,1,0,4,3,0,0,7,433,3,5,0,81,2018,Round 19,2018-07-29,9675
Hawthorn,Isaac Smith,3,19,17,77.3,0,3,1,1,0,0,1,8,355,3,1,1,85,2018,Round 19,2018-07-29,9675
Hawthorn,Blake Hardwick,5,16,18,81.8,1,0,0,9,0,0,0,6,209,4,5,0,82,2018,Round 19,2018-07-29,9675
Hawthorn,Shaun Burgoyne,11,9,15,75.0,0,0,0,3,1,4,3,5,274,1,4,2,60,2018,Round 19,2018-07-29,9675
Hawthorn,Jarryd Roughead,8,13,13,65.0,2,0,2,1,0,1,1,8,300,4,1,1,82,2018,Round 19,2018-07-29,9675
Hawthorn,Benjamin Stratton,10,11,17,85.0,2,0,0,5,0,0,1,8,109,4,12,0,95,2018,Round 19,2018-07-29,9675
Hawthorn,Jonathan O Rourke,9,11,14,70.0,0,0,0,1,0,0,2,2,132,3,4,0,75,2018,Round 19,2018-07-29,9675
Hawthorn,Luke Breust,6,14,16,84.2,0,0,1,2,0,0,0,8,229,1,0,3,83,2018,Round 19,2018-07-29,9675
Hawthorn,Jack Gunston,5,14,17,89.5,1,1,0,1,0,0,0,6,264,3,3,0,85,2018,Round 19,2018-07-29,9675
Hawthorn,Kaiden Brand,11,8,12,66.7,1,0,0,6,0,0,0,4,339,6,11,0,96,2018,Round 19,2018-07-29,9675
Hawthorn,James Frawley,6,12,12,70.6,1,0,0,7,1,0,0,2,138,2,8,0,92,2018,Round 19,2018-07-29,9675
Hawthorn,James Worpel,5,10,12,75.0,0,1,1,0,1,0,2,8,296,3,2,2,83,2018,Round 19,2018-07-29,9675
Hawthorn,Jarman Impey,3,13,10,66.7,0,0,0,3,0,0,1,4,227,5,1,0,77,2018,Round 19,2018-07-29,9675
Hawthorn,Ryan Schoenmakers,6,8,8,61.5,2,0,4,2,0,0,0,8,172,2,0,2,82,2018,Round 19,2018-07-29,9675
Hawthorn,Jonathon Ceglar,4,8,9,75.0,1,0,1,3,0,1,0,4,188,2,0,0,76,2018,Round 19,2018-07-29,9675
Hawthorn,Brendan Whitecross,3,8,9,90.0,0,1,0,1,0,0,0,4,179,1,1,2,74,2018,Round 19,2018-07-29,9675
Hawthorn,Paul Puopolo,6,5,8,80.0,0,1,0,1,0,0,0,4,100,1,3,2,80,2018,Round 19,2018-07-29,9675
Western Bulldogs,Jackson Macrae,21,14,23,63.9,0,0,0,0,0,1,11,2,606,9,6,0,83,2018,Round 19,2018-07-29,9674
Western Bulldogs,Lachlan Hunter,10,21,20,57.1,0,0,0,2,2,1,3,1,472,12,6,1,89,2018,Round 19,2018-07-29,9674
Western Bulldogs,Josh Dunkley,17,11,17,63.0,0,1,0,4,0,2,3,1,206,7,5,2,87,2018,Round 19,2018-07-29,9674
Western Bulldogs,Jackson Trengove,18,3,11,50.0,0,0,0,5,0,1,9,5,390,5,4,0,87,2018,Round 19,2018-07-29,9674
Western Bulldogs,Hayden Crozier,8,14,14,63.6,1,0,0,3,0,0,1,4,435,5,8,0,85,2018,Round 19,2018-07-29,9674
Western Bulldogs,Marcus Bontempelli,13,10,14,63.6,0,1,0,3,0,1,7,3,421,8,3,0,79,2018,Round 19,2018-07-29,9674
Western Bulldogs,Toby Mclean,11,12,14,66.7,0,0,1,0,0,0,3,3,70,4,2,3,77,2018,Round 19,2018-07-29,9674
Western Bulldogs,Aaron Naughton,13,6,11,55.0,2,0,0,4,0,0,1,0,317,6,15,0,89,2018,Round 19,2018-07-29,9674
Western Bulldogs,Mitchell Wallis,13,7,14,73.7,0,0,1,0,0,2,2,2,120,2,2,1,74,2018,Round 19,2018-07-29,9674
Western Bulldogs,Caleb Daniel,7,7,8,57.1,0,0,0,2,0,0,1,2,130,4,4,0,73,2018,Round 19,2018-07-29,9674
Western Bulldogs,Patrick Lipinski,4,10,12,85.7,0,1,1,0,0,0,1,1,95,2,1,0,77,2018,Round 19,2018-07-29,9674
Western Bulldogs,Dale Morris,6,4,8,80.0,0,0,0,8,0,0,0,0,184,4,6,0,96,2018,Round 19,2018-07-29,9674
Western Bulldogs,Jordan Roughead,2,7,8,88.9,0,0,0,5,0,0,0,0,126,1,4,0,77,2018,Round 19,2018-07-29,9674
Western Bulldogs,Jason Johannisen,2,5,6,66.7,0,0,0,1,0,0,0,0,152,4,1,2,77,2018,Round 19,2018-07-29,9674
Western Bulldogs,Mitch Honeychurch,6,2,5,55.6,0,0,0,1,0,0,1,1,183,3,1,2,79,2018,Round 19,2018-07-29,9674
Western Bulldogs,Josh Schache,2,5,7,77.8,1,0,1,0,0,0,0,1,46,2,0,1,79,2018,Round 19,2018-07-29,9674
Western Bulldogs,Marcus Adams,4,3,2,22.2,0,0,0,8,0,0,0,0,214,4,5,0,98,2018,Round 19,2018-07-29,9674
Western Bulldogs,Fletcher Roberts,0,6,5,62.5,0,0,0,10,0,0,0,0,185,8,1,0,82,2018,Round 19,2018-07-29,9674
Western Bulldogs,Zaine Cordy,2,7,4,57.1,1,0,0,2,0,0,0,0,165,4,4,1,88,2018,Round 19,2018-07-29,9674
Western Bulldogs,Bradley Lynch,1,2,5,83.3,0,0,0,5,0,0,0,0,188,2,2,0,74,2018,Round 19,2018-07-29,9674
Western Bulldogs,Fergus Greene,2,4,4,80.0,1,0,1,1,0,0,0,1,30,2,0,0,73,2018,Round 19,2018-07-29,9674
Western Bulldogs,Ed Richards,1,5,3,60.0,0,0,0,0,0,0,0,1,116,1,0,0,77,2018,Round 19,2018-07-29,9674
Port Adelaide,Jared Polec,13,18,21,65.6,0,0,0,1,0,0,6,8,789,5,8,0,86,2018,Round 19,2018-07-29,9674
Port Adelaide,Oliver Wines,16,11,17,65.4,1,0,1,1,0,1,3,4,313,7,5,1,74,2018,Round 19,2018-07-29,9674
Port Adelaide,Chad Wingard,16,9,9,36.0,1,0,2,3,0,2,4,5,311,7,7,1,94,2018,Round 19,2018-07-29,9674
Port Adelaide,Travis Boak,9,9,10,47.6,1,0,0,1,0,1,2,4,406,7,3,2,85,2018,Round 19,2018-07-29,9674
Port Adelaide,Tom Rockliff,9,11,10,47.6,0,0,0,1,0,1,2,1,340,6,2,1,80,2018,Round 19,2018-07-29,9674
Port Adelaide,Bradley Ebert,11,10,14,70.0,1,3,1,1,0,0,4,5,226,6,10,2,83,2018,Round 19,2018-07-29,9674
Port Adelaide,Robert Gray,10,7,8,42.1,1,0,1,0,0,1,3,5,331,5,1,0,93,2018,Round 19,2018-07-29,9674
Port Adelaide,Justin Westhoff,6,9,11,64.7,1,1,1,5,0,1,3,7,180,1,1,0,86,2018,Round 19,2018-07-29,9674
Port Adelaide,Jarrod Lienert,8,9,12,70.6,1,0,0,2,0,0,1,2,264,5,10,0,82,2018,Round 19,2018-07-29,9674
Port Adelaide,Jack Watts,5,9,10,66.7,0,0,1,1,0,0,0,6,108,6,0,1,81,2018,Round 19,2018-07-29,9674
Port Adelaide,Jasper Mcmillan Pittard,7,8,9,64.3,0,0,0,7,0,0,1,2,296,3,5,0,82,2018,Round 19,2018-07-29,9674
Port Adelaide,Charlie Dixon,10,4,11,78.6,3,1,5,4,0,0,0,10,262,3,0,1,93,2018,Round 19,2018-07-29,9674
Port Adelaide,Riley Bonner,7,6,7,50.0,0,0,0,1,0,0,0,1,157,3,8,0,78,2018,Round 19,2018-07-29,9674
Port Adelaide,Sam Powell Pepper,4,10,12,85.7,0,1,0,2,0,0,2,5,286,1,1,3,68,2018,Round 19,2018-07-29,9674
Port Adelaide,Steven Motlop,5,10,9,75.0,0,1,0,2,3,0,2,7,432,4,1,0,73,2018,Round 19,2018-07-29,9674
Port Adelaide,Dan Houston,9,4,8,66.7,0,0,0,11,0,0,1,3,274,2,10,0,87,2018,Round 19,2018-07-29,9674
Port Adelaide,Thomas Jonas,5,4,8,72.7,0,0,0,8,0,0,0,2,170,2,10,0,87,2018,Round 19,2018-07-29,9674
Port Adelaide,Darcy Byrne Jones,6,2,7,70.0,2,1,1,1,0,0,1,4,82,1,6,0,82,2018,Round 19,2018-07-29,9674
Port Adelaide,Kane Farrell,5,6,8,80.0,0,0,0,2,0,0,1,2,230,2,1,1,61,2018,Round 19,2018-07-29,9674
Port Adelaide,Tom Clurey,5,4,6,75.0,1,0,0,7,0,0,0,1,210,1,5,0,96,2018,Round 19,2018-07-29,9674
Port Adelaide,Jack Hombsch,3,4,5,71.4,0,0,0,3,0,0,0,1,109,3,4,0,91,2018,Round 19,2018-07-29,9674
Port Adelaide,Patrick Ryder,5,0,4,80.0,1,0,0,5,0,0,1,5,16,0,1,1,58,2018,Round 19,2018-07-29,9674
Richmond,Kane Lambert,14,17,20,64.5,0,2,0,3,0,1,2,8,453,8,8,0,86,2018,Round 20,2018-08-03,9676
Richmond,Dustin Martin,17,8,14,53.8,1,2,0,2,1,5,5,6,569,7,4,2,86,2018,Round 20,2018-08-03,9676
Richmond,Trent Cotchin,11,7,11,57.9,0,0,0,4,0,2,2,3,342,2,2,1,77,2018,Round 20,2018-08-03,9676
Richmond,Brandon Ellis,9,8,16,88.9,0,0,0,1,0,1,0,1,225,4,9,0,83,2018,Round 20,2018-08-03,9676
Richmond,Toby Nankervis,8,6,7,38.9,0,1,0,2,0,1,3,6,319,6,2,1,81,2018,Round 20,2018-08-03,9676
Richmond,Connor Menadue,9,10,12,66.7,0,0,0,1,0,0,1,1,295,6,11,0,72,2018,Round 20,2018-08-03,9676
Richmond,Jack Higgins,13,5,8,44.4,1,0,0,3,0,0,4,5,280,1,3,0,63,2018,Round 20,2018-08-03,9676
Richmond,Sam Lloyd,8,9,13,76.5,0,2,1,3,0,0,2,3,284,3,3,1,69,2018,Round 20,2018-08-03,9676
Richmond,Shaun Grigg,4,9,11,73.3,0,0,0,0,0,0,2,5,282,3,4,0,84,2018,Round 20,2018-08-03,9676
Richmond,Shane Edwards,13,4,11,73.3,0,1,0,2,0,3,2,4,363,1,3,1,76,2018,Round 20,2018-08-03,9676
Richmond,Josh Caddy,7,9,9,60.0,0,0,1,1,0,0,3,4,261,0,3,4,86,2018,Round 20,2018-08-03,9676
Richmond,Nick Vlastuin,4,9,8,57.1,0,0,0,0,1,0,0,2,310,3,6,0,88,2018,Round 20,2018-08-03,9676
Richmond,Jayden Short,3,11,11,78.6,0,1,0,0,1,0,0,4,471,6,4,0,80,2018,Round 20,2018-08-03,9676
Richmond,Liam Baker,2,12,6,42.9,0,0,1,0,0,0,0,6,241,2,0,1,77,2018,Round 20,2018-08-03,9676
Richmond,Alex Rance,5,7,11,84.6,0,0,0,10,0,0,0,3,165,3,5,0,100,2018,Round 20,2018-08-03,9676
Richmond,David Astbury,8,6,9,69.2,0,0,0,6,0,0,0,1,243,2,9,0,91,2018,Round 20,2018-08-03,9676
Richmond,Kamdyn Mcintosh,7,6,11,84.6,0,0,0,4,0,0,0,3,348,2,7,1,67,2018,Round 20,2018-08-03,9676
Richmond,Daniel Rioli,3,9,10,83.3,0,0,0,0,2,0,0,2,263,1,4,0,83,2018,Round 20,2018-08-03,9676
Richmond,Jack Riewoldt,5,6,6,60.0,2,1,4,1,0,0,0,7,217,6,0,2,100,2018,Round 20,2018-08-03,9676
Richmond,Dylan Grimes,2,7,9,100.0,1,0,0,7,0,0,0,0,248,2,5,0,89,2018,Round 20,2018-08-03,9676
Richmond,Jason Castagna,4,4,2,25.0,0,0,1,1,0,0,1,2,236,6,3,2,87,2018,Round 20,2018-08-03,9676
Richmond,Jacob Townsend,2,5,2,28.6,0,0,0,1,0,0,0,3,120,4,1,2,74,2018,Round 20,2018-08-03,9676
Geelong,Patrick Dangerfield,21,19,25,64.1,1,1,0,3,0,2,6,10,405,8,4,1,87,2018,Round 20,2018-08-03,9676
Geelong,Joel Selwood,22,18,26,70.3,0,1,0,9,0,5,4,9,652,4,5,0,81,2018,Round 20,2018-08-03,9676
Geelong,Tim Kelly,16,20,19,52.8,0,1,1,2,0,0,4,7,669,12,4,0,89,2018,Round 20,2018-08-03,9676
Geelong,Mitchell Duncan,15,20,21,63.6,0,1,0,1,0,1,5,10,482,8,8,0,90,2018,Round 20,2018-08-03,9676
Geelong,Sam Menegola,20,12,21,72.4,0,0,0,3,0,0,3,7,455,5,6,1,72,2018,Round 20,2018-08-03,9676
Geelong,Gary Jnr Ablett,11,14,17,70.8,0,0,0,1,0,1,3,8,390,3,1,0,72,2018,Round 20,2018-08-03,9676
Geelong,Zach Tuohy,11,10,16,69.6,0,0,0,3,0,1,0,5,480,7,11,0,94,2018,Round 20,2018-08-03,9676
Geelong,Cameron Guthrie,7,13,13,65.0,0,0,0,6,0,1,0,3,149,3,5,0,86,2018,Round 20,2018-08-03,9676
Geelong,Scott Selwood,6,10,10,62.5,0,0,0,0,0,1,1,4,120,2,2,1,75,2018,Round 20,2018-08-03,9676
Geelong,Jordan Cunico,4,11,11,68.8,0,0,0,1,0,0,0,2,253,6,4,0,76,2018,Round 20,2018-08-03,9676
Geelong,Brandan Parfitt,7,11,12,75.0,0,1,0,0,0,0,3,4,209,3,1,0,78,2018,Round 20,2018-08-03,9676
Geelong,Lachlan Henderson,3,11,10,66.7,0,0,0,8,0,0,0,3,314,5,5,0,95,2018,Round 20,2018-08-03,9676
Geelong,Mark Blicavs,6,9,11,78.6,0,0,0,18,0,0,1,2,270,2,8,0,100,2018,Round 20,2018-08-03,9676
Geelong,Tom Hawkins,6,5,8,61.5,1,1,1,4,0,0,0,8,242,4,1,1,93,2018,Round 20,2018-08-03,9676
Geelong,Daniel Menzel,3,7,6,54.5,2,0,3,1,0,0,0,5,151,4,0,0,86,2018,Round 20,2018-08-03,9676
Geelong,Jackson Thurlow,3,9,6,54.5,1,1,0,0,0,0,1,4,300,4,0,0,65,2018,Round 20,2018-08-03,9676
Geelong,Lachlan Fogarty,6,8,9,81.8,0,0,0,2,0,0,1,2,132,4,2,1,72,2018,Round 20,2018-08-03,9676
Geelong,Ryan Abbott,6,6,8,80.0,0,0,2,5,0,1,0,3,92,2,3,1,83,2018,Round 20,2018-08-03,9676
Geelong,Jed Bews,5,4,5,55.6,0,0,0,2,0,0,1,0,69,3,3,0,80,2018,Round 20,2018-08-03,9676
Geelong,Jack Henry,5,4,5,55.6,0,1,2,1,0,0,1,5,205,3,1,2,82,2018,Round 20,2018-08-03,9676
Geelong,Jamaine Jones,3,4,5,71.4,0,0,0,0,0,0,0,3,63,2,1,1,67,2018,Round 20,2018-08-03,9676
Geelong,Jake Kolodjashnij,2,2,3,60.0,0,1,0,5,0,0,0,1,79,2,4,0,77,2018,Round 20,2018-08-03,9676
Hawthorn,Tom Mitchell,22,22,34,79.1,0,2,0,2,2,5,8,5,569,6,3,0,93,2018,Round 20,2018-08-04,9677
Hawthorn,Jaeger O Meara,15,16,23,76.7,1,0,0,2,1,5,2,6,407,6,1,0,88,2018,Round 20,2018-08-04,9677
Hawthorn,Jack Gunston,9,14,17,70.8,0,1,3,4,0,0,1,9,502,5,1,0,95,2018,Round 20,2018-08-04,9677
Hawthorn,Shaun Burgoyne,11,12,15,68.2,0,1,0,3,0,3,1,8,356,3,2,0,68,2018,Round 20,2018-08-04,9677
Hawthorn,Harry Morrison,6,15,14,63.6,0,2,1,3,0,0,1,8,259,4,4,0,75,2018,Round 20,2018-08-04,9677
Hawthorn,Liam Shiels,8,13,10,47.6,0,0,0,0,0,0,3,3,146,6,5,0,86,2018,Round 20,2018-08-04,9677
Hawthorn,Ricky Henderson,6,14,17,81.0,0,0,1,1,0,0,0,6,483,4,1,1,78,2018,Round 20,2018-08-04,9677
Hawthorn,Isaac Smith,9,12,13,61.9,0,0,0,0,1,0,1,7,252,2,3,0,84,2018,Round 20,2018-08-04,9677
Hawthorn,Ryan Burton,6,12,14,66.7,0,1,0,4,0,0,1,6,414,7,6,0,81,2018,Round 20,2018-08-04,9677
Hawthorn,Benjamin Stratton,6,13,16,84.2,2,0,0,8,0,0,1,4,239,1,11,0,93,2018,Round 20,2018-08-04,9677
Hawthorn,Teia Miles,4,15,15,83.3,0,0,0,2,1,0,0,4,114,2,6,0,83,2018,Round 20,2018-08-04,9677
Hawthorn,Blake Hardwick,8,9,11,68.8,0,0,0,4,0,0,1,4,94,4,9,0,82,2018,Round 20,2018-08-04,9677
Hawthorn,James Worpel,8,8,11,68.8,0,1,0,1,0,2,0,5,239,3,2,0,65,2018,Round 20,2018-08-04,9677
Hawthorn,Jarryd Roughead,6,9,12,80.0,1,1,2,0,0,0,3,7,119,0,1,2,81,2018,Round 20,2018-08-04,9677
Hawthorn,James Frawley,6,9,13,86.7,2,0,0,4,0,0,0,3,302,4,8,0,95,2018,Round 20,2018-08-04,9677
Hawthorn,Kaiden Brand,3,11,12,80.0,0,0,0,4,0,0,0,1,109,3,5,0,94,2018,Round 20,2018-08-04,9677
Hawthorn,Luke Breust,4,10,10,71.4,1,1,2,0,0,0,0,9,244,2,0,1,85,2018,Round 20,2018-08-04,9677
Hawthorn,Jarman Impey,3,9,9,69.2,0,0,0,2,2,0,0,3,294,2,5,0,70,2018,Round 20,2018-08-04,9677
Hawthorn,Paul Puopolo,5,7,9,81.8,0,0,1,1,0,1,0,3,260,2,0,0,82,2018,Round 20,2018-08-04,9677
Hawthorn,Jonathon Ceglar,7,3,6,60.0,2,0,1,2,0,1,0,1,62,1,2,0,81,2018,Round 20,2018-08-04,9677
Hawthorn,Brendan Whitecross,3,5,5,55.6,1,0,0,1,0,0,0,2,115,1,0,0,69,2018,Round 20,2018-08-04,9677
Hawthorn,Ryan Schoenmakers,5,2,5,62.5,1,0,0,2,0,0,0,3,69,0,1,3,72,2018,Round 20,2018-08-04,9677
Essendon,Zachary Merrett,15,27,26,63.4,0,1,0,1,0,4,5,9,344,9,5,0,79,2018,Round 20,2018-08-04,9677
Essendon,Dyson Heppell,9,16,21,84.0,0,0,0,2,0,2,3,4,264,5,2,0,84,2018,Round 20,2018-08-04,9677
Essendon,Travis Colyer,4,17,15,65.2,0,0,0,1,1,0,2,3,475,4,2,0,75,2018,Round 20,2018-08-04,9677
Essendon,Devon Smith,11,11,13,59.1,0,0,0,1,2,0,3,2,315,6,3,1,84,2018,Round 20,2018-08-04,9677
Essendon,Darcy Parish,10,12,15,68.2,0,1,0,0,0,2,1,2,114,2,1,0,78,2018,Round 20,2018-08-04,9677
Essendon,Cale Hooker,7,13,17,81.0,3,0,1,4,0,0,0,5,275,3,10,0,99,2018,Round 20,2018-08-04,9677
Essendon,David Zaharakis,5,17,15,71.4,0,0,0,0,0,0,0,1,223,7,4,0,86,2018,Round 20,2018-08-04,9677
Essendon,Orazio Fantasia,5,15,14,66.7,0,2,1,1,3,0,1,8,419,6,5,1,84,2018,Round 20,2018-08-04,9677
Essendon,Michael Hurley,3,13,14,77.8,2,1,0,6,0,0,0,1,411,4,7,0,86,2018,Round 20,2018-08-04,9677
Essendon,Conor Mckenna,2,11,14,77.8,0,0,0,1,0,1,0,4,422,3,3,0,82,2018,Round 20,2018-08-04,9677
Essendon,Brendon Goddard,8,9,13,76.5,1,0,0,1,0,2,1,4,104,1,4,0,93,2018,Round 20,2018-08-04,9677
Essendon,Adam Saad,2,14,16,94.1,0,0,0,4,4,0,0,3,388,2,3,0,89,2018,Round 20,2018-08-04,9677
Essendon,Mitchell Brown 1,5,11,13,81.2,0,0,2,1,0,0,0,5,250,5,2,2,100,2018,Round 20,2018-08-04,9677
Essendon,David Myers,6,9,9,60.0,0,0,0,2,0,2,1,3,235,5,1,0,67,2018,Round 20,2018-08-04,9677
Essendon,Jake Stringer,7,7,8,57.1,1,3,3,4,0,1,1,11,302,2,0,0,83,2018,Round 20,2018-08-04,9677
Essendon,Anthony Mcdonald Tipungwuti,7,8,12,85.7,0,2,1,2,0,1,1,9,251,2,3,1,72,2018,Round 20,2018-08-04,9677
Essendon,Ben Mcniece,2,11,10,76.9,0,0,0,7,0,1,0,4,176,1,4,0,81,2018,Round 20,2018-08-04,9677
Essendon,Mark Baguley,2,10,9,75.0,0,1,0,1,0,0,0,6,134,2,1,1,79,2018,Round 20,2018-08-04,9677
Essendon,Kyle Langford,3,7,9,90.0,2,0,0,1,0,0,0,1,237,2,1,0,63,2018,Round 20,2018-08-04,9677
Essendon,Andrew Mcgrath,6,5,10,100.0,0,0,0,0,0,0,0,2,126,1,2,0,81,2018,Round 20,2018-08-04,9677
Essendon,Tom Bellchambers,7,1,4,57.1,2,0,1,7,0,1,2,3,88,2,0,0,84,2018,Round 20,2018-08-04,9677
Essendon,Aaron Francis,5,5,5,71.4,1,0,0,4,0,0,0,0,94,2,6,0,71,2018,Round 20,2018-08-04,9677
Brisbane Lions,Dayne Zorko,15,17,24,68.6,0,1,0,2,0,4,5,6,525,5,2,3,77,2018,Round 20,2018-08-04,9678
Brisbane Lions,Dayne Beams,10,17,21,72.4,0,0,0,0,0,6,3,2,299,8,2,0,90,2018,Round 20,2018-08-04,9678
Brisbane Lions,Jarrod Berry,11,16,24,85.7,0,1,0,1,0,1,3,8,299,4,4,0,79,2018,Round 20,2018-08-04,9678
Brisbane Lions,Hugh Mccluggage,11,15,18,69.2,1,2,1,2,0,0,2,8,508,6,6,1,83,2018,Round 20,2018-08-04,9678
Brisbane Lions,Mitch Robinson,7,16,17,73.9,2,0,2,1,0,2,1,7,374,4,1,2,80,2018,Round 20,2018-08-04,9678
Brisbane Lions,Joshua Walker,7,17,20,87.0,2,0,0,12,0,0,1,1,105,2,10,0,93,2018,Round 20,2018-08-04,9678
Brisbane Lions,Alex Witherden,0,21,16,72.7,0,1,1,2,0,0,0,4,305,2,1,0,83,2018,Round 20,2018-08-04,9678
Brisbane Lions,Luke Hodge,7,14,17,89.5,1,0,0,2,1,0,0,2,291,5,6,0,88,2018,Round 20,2018-08-04,9678
Brisbane Lions,Allen Christensen,5,13,15,83.3,0,2,0,0,0,0,1,6,268,3,1,1,73,2018,Round 20,2018-08-04,9678
Brisbane Lions,Nicholas Robertson,5,13,14,77.8,0,1,0,3,0,1,0,4,272,3,3,0,78,2018,Round 20,2018-08-04,9678
Brisbane Lions,Rhys Mathieson,10,5,13,86.7,0,2,1,1,0,3,4,7,87,2,3,1,72,2018,Round 20,2018-08-04,9678
Brisbane Lions,Darcy Gardiner,4,11,13,92.9,0,0,0,5,0,0,0,2,201,2,4,0,83,2018,Round 20,2018-08-04,9678
Brisbane Lions,Harris Andrews,2,13,12,85.7,0,0,0,9,0,0,0,2,205,2,3,0,97,2018,Round 20,2018-08-04,9678
Brisbane Lions,Cameron Rayner,4,9,12,85.7,0,1,2,0,0,0,1,4,262,3,0,1,80,2018,Round 20,2018-08-04,9678
Brisbane Lions,Stefan Martin,3,8,9,75.0,0,1,0,1,0,1,3,3,193,2,1,0,78,2018,Round 20,2018-08-04,9678
Brisbane Lions,Daniel Rich,4,7,7,63.6,0,1,0,2,0,1,0,4,166,4,3,0,78,2018,Round 20,2018-08-04,9678
Brisbane Lions,Ryan Bastinac,2,10,8,72.7,0,0,3,2,0,1,0,1,225,4,2,2,83,2018,Round 20,2018-08-04,9678
Brisbane Lions,Lewis Taylor,2,9,7,70.0,0,0,1,2,0,0,1,3,112,3,2,0,81,2018,Round 20,2018-08-04,9678
Brisbane Lions,Oscar Mcinerney,9,3,5,50.0,2,0,1,2,0,1,1,5,202,3,2,0,76,2018,Round 20,2018-08-04,9678
Brisbane Lions,Brandon Starcevich,5,4,6,66.7,0,0,0,1,0,0,0,4,187,1,2,3,77,2018,Round 20,2018-08-04,9678
Brisbane Lions,Daniel Mcstay,4,3,6,85.7,2,1,3,0,0,0,0,3,39,1,1,3,83,2018,Round 20,2018-08-04,9678
Brisbane Lions,Eric Hipwood,3,3,4,57.1,1,0,1,1,0,0,0,3,172,5,3,1,86,2018,Round 20,2018-08-04,9678
North Melbourne,Trent Dumont,16,13,22,75.9,0,2,0,1,0,2,4,8,455,4,5,1,84,2018,Round 20,2018-08-04,9678
North Melbourne,Jack Ziebell,10,15,16,61.5,0,1,2,0,0,1,2,10,527,4,2,0,87,2018,Round 20,2018-08-04,9678
North Melbourne,Jed Anderson,15,11,17,68.0,1,0,0,2,0,2,4,6,315,5,2,0,77,2018,Round 20,2018-08-04,9678
North Melbourne,Ben Cunnington,13,11,14,63.6,1,0,1,2,0,3,2,6,259,4,3,1,78,2018,Round 20,2018-08-04,9678
North Melbourne,Ryan Clarke,8,14,13,61.9,0,0,0,2,0,0,1,2,299,4,5,0,85,2018,Round 20,2018-08-04,9678
North Melbourne,Jy Simpkin,10,10,15,75.0,1,2,0,0,0,1,1,9,203,2,3,2,75,2018,Round 20,2018-08-04,9678
North Melbourne,Samuel Wright,6,12,12,63.2,0,0,0,0,0,0,1,2,349,6,9,0,83,2018,Round 20,2018-08-04,9678
North Melbourne,Jamie Macmillan,6,12,15,88.2,2,0,0,1,0,0,0,5,303,4,6,1,86,2018,Round 20,2018-08-04,9678
North Melbourne,Kayne Turner,8,10,13,76.5,1,2,0,3,0,1,0,8,245,1,3,1,79,2018,Round 20,2018-08-04,9678
North Melbourne,Paul Ahern,5,11,9,56.2,0,0,0,0,0,0,2,3,267,5,0,0,69,2018,Round 20,2018-08-04,9678
North Melbourne,Majak Daw,10,6,13,86.7,3,0,0,8,0,0,1,3,145,2,10,0,88,2018,Round 20,2018-08-04,9678
North Melbourne,Nathan Hrovat,9,6,9,60.0,0,0,0,0,0,0,0,3,161,3,4,1,73,2018,Round 20,2018-08-04,9678
North Melbourne,Shaun Atley,4,10,13,92.9,0,0,0,0,0,1,1,6,167,1,0,1,86,2018,Round 20,2018-08-04,9678
North Melbourne,Marley Williams,5,8,12,92.3,0,0,0,2,0,0,0,2,225,2,7,0,84,2018,Round 20,2018-08-04,9678
North Melbourne,Robert Tarrant,1,11,9,75.0,0,0,0,4,0,0,0,5,232,3,5,0,91,2018,Round 20,2018-08-04,9678
North Melbourne,Ben Brown,6,4,10,83.3,0,2,0,0,0,0,0,3,253,3,3,0,89,2018,Round 20,2018-08-04,9678
North Melbourne,Will Walker,2,8,7,63.6,0,0,1,0,1,0,2,5,152,2,0,0,60,2018,Round 20,2018-08-04,9678
North Melbourne,Jarrad Waite,3,6,6,66.7,0,2,2,0,0,0,0,6,67,1,2,0,83,2018,Round 20,2018-08-04,9678
North Melbourne,Mason Wood,5,4,4,44.4,0,0,0,2,0,0,0,3,77,3,1,0,86,2018,Round 20,2018-08-04,9678
North Melbourne,Todd Goldstein,1,7,6,75.0,0,1,0,2,0,0,0,3,91,1,2,0,88,2018,Round 20,2018-08-04,9678
North Melbourne,Luke Mcdonald,2,6,5,71.4,0,0,0,3,0,0,1,1,163,2,0,0,81,2018,Round 20,2018-08-04,9678
North Melbourne,Scott Thompson 1,2,4,6,100.0,0,0,0,7,0,0,0,1,83,0,2,0,90,2018,Round 20,2018-08-04,9678
Adelaide,Matt Crouch,18,17,22,62.9,0,1,2,2,0,2,5,4,498,8,6,2,79,2018,Round 20,2018-08-04,9679
Adelaide,Bryce Gibbs,9,19,22,75.9,1,3,0,2,2,3,1,9,658,7,3,1,82,2018,Round 20,2018-08-04,9679
Adelaide,Rory Atkins,8,22,20,69.0,0,1,2,2,1,0,2,8,676,8,5,0,84,2018,Round 20,2018-08-04,9679
Adelaide,Rory Sloane,10,16,19,73.1,1,1,1,2,0,0,1,9,311,3,4,1,87,2018,Round 20,2018-08-04,9679
Adelaide,Wayne Milera,9,13,17,77.3,0,0,0,3,0,0,1,2,429,7,8,0,83,2018,Round 20,2018-08-04,9679
Adelaide,Tom Doedee,11,9,20,95.2,2,0,0,2,0,0,1,4,321,1,14,0,90,2018,Round 20,2018-08-04,9679
Adelaide,Tom Lynch,6,13,13,68.4,0,0,0,0,0,1,0,7,178,5,2,1,88,2018,Round 20,2018-08-04,9679
Adelaide,Luke Brown,6,11,17,89.5,1,0,0,0,0,0,0,1,290,2,9,0,88,2018,Round 20,2018-08-04,9679
Adelaide,Cameron Ellis Yolmen,8,10,16,84.2,0,0,1,2,0,0,5,5,355,3,1,0,69,2018,Round 20,2018-08-04,9679
Adelaide,Josh Jenkins,9,7,10,55.6,2,1,2,4,0,1,1,8,287,4,1,6,85,2018,Round 20,2018-08-04,9679
Adelaide,Alex Keath,10,10,17,94.4,1,0,0,2,0,0,0,3,201,2,11,1,94,2018,Round 20,2018-08-04,9679
Adelaide,Rory Laird,8,9,12,66.7,2,0,0,4,0,0,1,2,339,5,7,0,83,2018,Round 20,2018-08-04,9679
Adelaide,Hugh Greenwood,11,7,13,76.5,3,0,1,2,0,2,4,2,251,4,1,2,73,2018,Round 20,2018-08-04,9679
Adelaide,David Mackay,3,13,13,81.2,0,1,0,1,0,1,0,4,321,4,1,0,82,2018,Round 20,2018-08-04,9679
Adelaide,Riley Knight,6,9,9,60.0,0,0,1,1,0,0,2,2,193,4,1,0,78,2018,Round 20,2018-08-04,9679
Adelaide,Brodie Smith,3,12,10,71.4,0,1,0,4,0,0,0,4,190,3,3,1,78,2018,Round 20,2018-08-04,9679
Adelaide,Edward Betts,8,4,4,33.3,0,0,2,2,0,0,1,4,278,2,2,1,87,2018,Round 20,2018-08-04,9679
Adelaide,Sam Jacobs,7,5,9,81.8,2,0,0,3,0,4,1,3,185,2,1,0,81,2018,Round 20,2018-08-04,9679
Adelaide,Taylor Walker,7,4,6,60.0,4,0,3,5,0,0,1,2,214,3,0,2,86,2018,Round 20,2018-08-04,9679
Adelaide,Jordan Gallucci,3,7,5,50.0,0,0,1,2,0,1,2,4,187,0,0,0,75,2018,Round 20,2018-08-04,9679
Adelaide,Lachlan Murphy,4,3,3,42.9,0,0,0,0,0,0,0,4,114,3,1,1,73,2018,Round 20,2018-08-04,9679
Adelaide,Daniel Talia,2,3,5,100.0,0,0,0,5,0,0,0,1,53,0,1,0,74,2018,Round 20,2018-08-04,9679
Port Adelaide,Jared Polec,12,14,16,66.7,0,3,0,2,0,1,4,8,613,3,3,0,84,2018,Round 20,2018-08-04,9679
Port Adelaide,Dan Houston,12,11,16,76.2,1,0,0,4,0,0,2,2,255,7,14,0,82,2018,Round 20,2018-08-04,9679
Port Adelaide,Travis Boak,5,14,16,80.0,0,2,0,1,0,0,0,7,245,5,2,2,86,2018,Round 20,2018-08-04,9679
Port Adelaide,Robert Gray,12,4,12,60.0,3,0,3,2,1,5,2,8,343,4,1,0,88,2018,Round 20,2018-08-04,9679
Port Adelaide,Bradley Ebert,9,11,16,80.0,1,0,0,4,0,2,1,4,164,2,4,1,83,2018,Round 20,2018-08-04,9679
Port Adelaide,Tom Rockliff,7,13,13,65.0,0,0,0,0,0,0,3,5,422,4,2,1,65,2018,Round 20,2018-08-04,9679
Port Adelaide,Justin Westhoff,8,13,8,44.4,0,1,1,4,0,1,0,3,429,8,4,0,84,2018,Round 20,2018-08-04,9679
Port Adelaide,Jarrod Lienert,8,10,15,83.3,0,1,0,3,0,0,2,4,358,5,8,0,86,2018,Round 20,2018-08-04,9679
Port Adelaide,Oliver Wines,11,7,9,52.9,1,1,1,2,0,2,1,4,249,6,4,0,61,2018,Round 20,2018-08-04,9679
Port Adelaide,Chad Wingard,9,9,11,68.8,0,0,2,3,2,0,1,5,368,3,2,0,87,2018,Round 20,2018-08-04,9679
Port Adelaide,Jasper Mcmillan Pittard,2,10,9,60.0,0,0,0,3,0,0,0,1,361,8,4,0,85,2018,Round 20,2018-08-04,9679
Port Adelaide,Riley Bonner,3,11,13,86.7,0,0,0,2,2,0,0,3,317,3,4,0,79,2018,Round 20,2018-08-04,9679
Port Adelaide,Steven Motlop,9,7,8,57.1,0,0,2,1,1,0,2,2,271,4,5,0,76,2018,Round 20,2018-08-04,9679
Port Adelaide,Kane Farrell,6,7,7,53.8,2,1,0,1,1,0,0,4,384,4,2,1,75,2018,Round 20,2018-08-04,9679
Port Adelaide,Tom Clurey,4,9,11,91.7,1,0,0,5,0,0,0,1,212,3,7,0,86,2018,Round 20,2018-08-04,9679
Port Adelaide,Thomas Jonas,3,6,10,90.9,0,0,0,8,0,0,0,1,262,3,5,0,98,2018,Round 20,2018-08-04,9679
Port Adelaide,Sam Powell Pepper,7,6,6,54.5,1,0,0,2,0,0,2,5,260,2,3,0,68,2018,Round 20,2018-08-04,9679
Port Adelaide,Jack Watts,4,6,9,90.0,1,2,0,0,0,0,0,5,111,1,1,0,70,2018,Round 20,2018-08-04,9679
Port Adelaide,Charlie Dixon,7,4,7,70.0,3,1,1,2,0,0,0,5,144,2,0,0,100,2018,Round 20,2018-08-04,9679
Port Adelaide,Jack Hombsch,4,4,6,75.0,1,0,0,3,0,0,1,2,67,1,3,0,83,2018,Round 20,2018-08-04,9679
Port Adelaide,Patrick Ryder,3,3,4,57.1,1,1,1,6,0,1,1,4,139,2,0,0,85,2018,Round 20,2018-08-04,9679
Port Adelaide,Darcy Byrne Jones,4,4,5,71.4,0,0,0,4,1,0,0,3,120,0,2,1,88,2018,Round 20,2018-08-04,9679
St Kilda,Sebastian Ross,10,26,33,82.5,0,0,1,1,1,1,2,10,561,3,5,0,95,2018,Round 20,2018-08-04,9680
St Kilda,Jack Steven,7,18,17,63.0,1,0,2,0,3,3,0,7,318,5,4,0,89,2018,Round 20,2018-08-04,9680
St Kilda,Jack Billings,10,17,21,77.8,0,1,0,2,0,0,0,8,470,4,6,3,92,2018,Round 20,2018-08-04,9680
St Kilda,Jade Gresham,8,17,17,65.4,0,1,1,0,0,3,2,9,451,2,0,0,87,2018,Round 20,2018-08-04,9680
St Kilda,Jarryn Geary,6,19,23,95.8,0,0,0,0,0,0,2,3,145,1,4,0,88,2018,Round 20,2018-08-04,9680
St Kilda,Jimmy Webster,4,16,17,73.9,0,0,0,6,1,0,1,6,427,6,3,0,87,2018,Round 20,2018-08-04,9680
St Kilda,Luke Dunstan,4,19,16,72.7,1,0,0,1,0,0,0,3,453,6,3,0,66,2018,Round 20,2018-08-04,9680
St Kilda,Blake Acres,9,13,18,81.8,1,1,0,4,1,1,3,7,207,3,3,1,79,2018,Round 20,2018-08-04,9680
St Kilda,Jake Carlisle,6,15,17,81.0,3,0,0,4,0,0,0,8,235,4,8,0,94,2018,Round 20,2018-08-04,9680
St Kilda,Jack Steele,6,18,19,90.5,1,0,0,3,0,0,0,4,230,1,5,0,84,2018,Round 20,2018-08-04,9680
St Kilda,Jack Lonie,2,19,14,66.7,0,0,3,0,0,0,0,7,288,5,1,0,92,2018,Round 20,2018-08-04,9680
St Kilda,Hunter Clark,1,17,18,90.0,0,1,0,0,0,0,0,3,183,3,2,0,69,2018,Round 20,2018-08-04,9680
St Kilda,David Armitage,5,13,18,94.7,0,1,0,5,0,0,1,5,269,1,2,0,90,2018,Round 20,2018-08-04,9680
St Kilda,Nathan Freeman,6,13,16,84.2,0,0,0,1,0,1,0,5,170,2,3,0,80,2018,Round 20,2018-08-04,9680
St Kilda,Tim Membrey,7,9,8,53.3,1,0,2,0,0,0,0,7,205,4,3,3,92,2018,Round 20,2018-08-04,9680
St Kilda,Daniel Mckenzie,4,11,14,93.3,1,0,0,3,0,0,0,4,211,1,5,0,87,2018,Round 20,2018-08-04,9680
St Kilda,Jack Sinclair,3,13,12,80.0,0,0,0,3,2,0,0,4,206,3,2,1,91,2018,Round 20,2018-08-04,9680
St Kilda,Tom Hickey,10,6,8,57.1,0,1,0,5,0,2,2,5,189,3,1,0,68,2018,Round 20,2018-08-04,9680
St Kilda,Nathan Brown,2,9,11,100.0,0,0,0,4,0,0,0,1,52,0,4,0,98,2018,Round 20,2018-08-04,9680
St Kilda,Nicholas Coffield,4,6,7,70.0,1,0,0,0,0,0,0,1,117,3,2,0,74,2018,Round 20,2018-08-04,9680
St Kilda,Jack Newnes,3,8,7,77.8,0,0,0,2,1,0,0,3,133,3,2,1,95,2018,Round 20,2018-08-04,9680
St Kilda,Josh Battle,1,0,1,100.0,0,0,0,0,0,0,0,0,60,0,0,0,6,2018,Round 20,2018-08-04,9680
Western Bulldogs,Jason Johannisen,10,28,35,83.3,0,2,0,2,5,0,1,8,830,7,8,0,87,2018,Round 20,2018-08-04,9680
Western Bulldogs,Jackson Macrae,12,24,29,80.6,0,0,0,0,0,4,3,9,612,7,4,1,88,2018,Round 20,2018-08-04,9680
Western Bulldogs,Josh Dunkley,13,20,24,72.7,1,1,0,3,4,3,1,7,341,4,7,2,85,2018,Round 20,2018-08-04,9680
Western Bulldogs,Lachlan Hunter,8,24,29,90.6,0,0,2,1,1,1,2,9,181,0,2,0,87,2018,Round 20,2018-08-04,9680
Western Bulldogs,Caleb Daniel,4,24,27,93.1,0,2,0,0,2,1,0,8,367,2,3,0,80,2018,Round 20,2018-08-04,9680
Western Bulldogs,Marcus Bontempelli,9,13,16,72.7,1,0,1,1,0,2,2,7,353,5,2,0,90,2018,Round 20,2018-08-04,9680
Western Bulldogs,Toby Mclean,6,18,15,68.2,0,1,0,1,1,2,1,5,338,3,1,2,82,2018,Round 20,2018-08-04,9680
Western Bulldogs,Patrick Lipinski,6,17,19,86.4,0,1,1,1,0,0,0,6,270,3,4,1,85,2018,Round 20,2018-08-04,9680
Western Bulldogs,Mitchell Wallis,10,11,14,66.7,0,0,0,1,0,1,1,6,297,5,2,1,88,2018,Round 20,2018-08-04,9680
Western Bulldogs,Jordan Roughead,7,12,13,68.4,2,1,1,4,0,0,1,6,212,4,2,2,83,2018,Round 20,2018-08-04,9680
Western Bulldogs,Hayden Crozier,5,14,18,94.7,2,2,0,4,0,0,1,6,450,2,5,0,85,2018,Round 20,2018-08-04,9680
Western Bulldogs,Lin Jong,5,13,15,83.3,0,0,1,1,3,1,0,6,153,0,1,1,83,2018,Round 20,2018-08-04,9680
Western Bulldogs,Jackson Trengove,4,11,11,73.3,0,2,0,3,0,0,1,10,36,2,0,2,90,2018,Round 20,2018-08-04,9680
Western Bulldogs,Zaine Cordy,4,9,12,85.7,1,0,0,11,1,0,0,3,301,2,4,0,91,2018,Round 20,2018-08-04,9680
Western Bulldogs,Fergus Greene,3,11,8,57.1,0,0,3,0,0,0,0,6,221,2,0,4,85,2018,Round 20,2018-08-04,9680
Western Bulldogs,Aaron Naughton,4,8,11,84.6,2,0,0,5,0,0,0,3,215,4,7,0,87,2018,Round 20,2018-08-04,9680
Western Bulldogs,Tory Dickson,3,9,9,75.0,0,0,1,0,0,0,0,3,155,2,1,2,86,2018,Round 20,2018-08-04,9680
Western Bulldogs,Josh Schache,6,5,8,72.7,1,0,2,1,0,0,0,5,117,2,4,0,85,2018,Round 20,2018-08-04,9680
Western Bulldogs,Dale Morris,2,8,8,80.0,0,0,0,6,0,0,0,0,4,2,3,0,94,2018,Round 20,2018-08-04,9680
Western Bulldogs,Bradley Lynch,4,8,6,60.0,0,0,1,2,0,0,1,2,261,6,1,0,74,2018,Round 20,2018-08-04,9680
Western Bulldogs,Ed Richards,2,5,5,62.5,1,0,1,0,2,0,0,2,202,1,3,0,77,2018,Round 20,2018-08-04,9680
Western Bulldogs,Roarke Smith,0,2,1,50.0,0,0,0,0,1,0,0,1,29,0,0,0,8,2018,Round 20,2018-08-04,9680
Sydney,Dane Rampe,9,18,20,71.4,0,0,0,1,0,0,2,3,595,7,10,0,100,2018,Round 20,2018-08-04,9681
Sydney,Jake Lloyd,6,21,23,85.2,0,0,0,2,0,0,0,3,422,6,6,0,86,2018,Round 20,2018-08-04,9681
Sydney,Jarrad Mcveigh,7,19,19,73.1,0,0,0,1,0,0,1,4,426,7,5,0,85,2018,Round 20,2018-08-04,9681
Sydney,George Hewett,16,9,20,80.0,0,0,0,1,0,4,6,3,107,3,6,0,90,2018,Round 20,2018-08-04,9681
Sydney,Luke Parker,14,7,12,50.0,0,0,0,2,0,3,4,5,269,7,5,0,89,2018,Round 20,2018-08-04,9681
Sydney,Aliir Aliir,5,20,19,79.2,1,0,0,6,0,0,1,3,355,3,7,0,94,2018,Round 20,2018-08-04,9681
Sydney,Nic Newman,6,18,20,83.3,0,0,0,3,1,0,1,3,378,7,7,0,75,2018,Round 20,2018-08-04,9681
Sydney,Josh P  Kennedy,11,10,12,57.1,0,0,1,0,0,0,3,3,151,5,2,0,82,2018,Round 20,2018-08-04,9681
Sydney,Callum Sinclair,11,8,9,47.4,3,1,0,7,0,2,1,2,221,5,6,0,93,2018,Round 20,2018-08-04,9681
Sydney,Harry Cunningham,2,17,12,66.7,0,1,0,0,0,0,0,2,234,5,1,0,84,2018,Round 20,2018-08-04,9681
Sydney,Lance Franklin,9,8,13,76.5,3,2,6,4,0,0,0,13,484,2,1,1,93,2018,Round 20,2018-08-04,9681
Sydney,Nick Smith 1,3,14,12,75.0,0,0,0,2,0,0,0,2,236,3,4,0,85,2018,Round 20,2018-08-04,9681
Sydney,Alex Johnson,4,12,11,73.3,1,0,0,6,0,0,0,1,178,4,5,0,76,2018,Round 20,2018-08-04,9681
Sydney,Daniel Robinson,6,8,9,64.3,1,0,0,0,0,0,1,3,135,3,5,0,64,2018,Round 20,2018-08-04,9681
Sydney,Isaac Heeney,6,10,9,64.3,0,0,0,2,0,0,1,2,194,1,4,0,82,2018,Round 20,2018-08-04,9681
Sydney,Jordan Dawson,6,7,8,61.5,1,1,2,1,0,0,1,5,129,3,2,0,70,2018,Round 20,2018-08-04,9681
Sydney,Tom Papley,4,9,10,83.3,0,0,0,1,0,1,0,2,163,1,1,2,85,2018,Round 20,2018-08-04,9681
Sydney,Oliver Florent,8,6,6,50.0,0,0,0,1,0,0,2,1,191,8,4,0,81,2018,Round 20,2018-08-04,9681
Sydney,Ben Ronke,5,6,6,60.0,0,0,1,1,0,0,0,2,206,7,4,1,56,2018,Round 20,2018-08-04,9681
Sydney,Kieran Jack,1,8,5,55.6,0,1,0,0,0,0,0,2,212,2,3,0,74,2018,Round 20,2018-08-04,9681
Sydney,Will Hayward,5,3,4,66.7,0,0,0,2,0,0,1,3,62,2,2,0,79,2018,Round 20,2018-08-04,9681
Sydney,Tom Mccartin,6,0,3,50.0,1,0,0,0,0,0,0,2,46,4,1,0,78,2018,Round 20,2018-08-04,9681
Collingwood,Taylor Adams,22,8,16,50.0,0,0,1,0,0,5,5,4,420,9,6,0,82,2018,Round 20,2018-08-04,9681
Collingwood,Jack Crisp,11,18,20,69.0,0,0,0,1,0,0,1,1,527,4,7,0,95,2018,Round 20,2018-08-04,9681
Collingwood,Tom Langdon,19,9,18,69.2,2,0,0,9,0,0,1,2,199,4,19,0,95,2018,Round 20,2018-08-04,9681
Collingwood,Brodie Grundy,17,7,9,37.5,2,0,0,3,0,3,6,5,296,6,2,1,93,2018,Round 20,2018-08-04,9681
Collingwood,Brayden Sier,12,13,15,65.2,0,1,0,0,0,1,2,3,428,6,2,2,75,2018,Round 20,2018-08-04,9681
Collingwood,Tom Phillips,11,14,17,73.9,0,0,0,2,0,0,4,2,294,4,7,0,94,2018,Round 20,2018-08-04,9681
Collingwood,Scott Pendlebury,11,12,11,50.0,0,0,0,3,0,0,1,1,255,7,4,2,85,2018,Round 20,2018-08-04,9681
Collingwood,Christopher Mayne,9,12,15,71.4,1,1,2,2,0,1,0,4,199,3,3,0,95,2018,Round 20,2018-08-04,9681
Collingwood,Brayden Maynard,3,15,14,70.0,0,1,0,5,0,0,0,3,413,3,3,0,85,2018,Round 20,2018-08-04,9681
Collingwood,Steele Sidebottom,9,10,8,44.4,0,0,0,2,0,0,0,1,293,7,4,3,89,2018,Round 20,2018-08-04,9681
Collingwood,Josh Thomas,12,7,17,94.4,0,0,0,3,0,0,4,4,19,0,4,0,83,2018,Round 20,2018-08-04,9681
Collingwood,Samuel Murray,3,15,11,61.1,0,0,0,6,0,1,1,1,463,8,4,0,73,2018,Round 20,2018-08-04,9681
Collingwood,Levi Greenwood,4,10,11,73.3,1,0,0,2,0,0,0,3,167,5,6,0,85,2018,Round 20,2018-08-04,9681
Collingwood,Jack Madgen,9,6,12,92.3,1,0,0,2,0,0,0,1,197,2,8,0,85,2018,Round 20,2018-08-04,9681
Collingwood,Josh Daicos,4,7,9,75.0,0,0,0,1,0,0,0,3,225,4,2,1,65,2018,Round 20,2018-08-04,9681
Collingwood,Travis Varcoe,5,5,8,72.7,1,0,1,1,0,0,0,4,209,3,2,0,75,2018,Round 20,2018-08-04,9681
Collingwood,Mason Cox,8,2,4,36.4,5,0,2,2,0,0,0,4,136,2,0,0,90,2018,Round 20,2018-08-04,9681
Collingwood,Brody Mihocek,3,6,7,70.0,1,0,0,1,0,0,0,0,230,5,5,0,93,2018,Round 20,2018-08-04,9681
Collingwood,Jaidyn Stephenson,2,6,5,55.6,1,1,0,1,0,0,0,3,137,2,1,1,82,2018,Round 20,2018-08-04,9681
Collingwood,Will Hoskin Elliott,2,7,7,87.5,0,1,0,0,0,0,0,4,155,2,2,0,85,2018,Round 20,2018-08-04,9681
Collingwood,Darcy Moore,1,5,5,83.3,0,0,0,1,0,0,0,0,67,2,3,0,30,2018,Round 20,2018-08-04,9681
Collingwood,Callum Brown,3,3,3,60.0,0,0,0,0,0,0,0,0,83,3,1,1,66,2018,Round 20,2018-08-04,9681
Carlton,Patrick Cripps,16,12,20,69.0,1,0,0,0,3,3,3,2,300,4,2,0,85,2018,Round 20,2018-08-05,9682
Carlton,Marc Murphy,9,13,20,83.3,0,0,0,2,0,4,2,5,247,2,3,0,87,2018,Round 20,2018-08-05,9682
Carlton,Edward Curnow,5,16,16,72.7,0,0,0,1,0,0,0,3,318,3,3,0,93,2018,Round 20,2018-08-05,9682
Carlton,Kade Simpson,10,9,15,71.4,1,0,0,8,0,0,2,2,338,2,9,0,93,2018,Round 20,2018-08-05,9682
Carlton,Matthew Wright,5,12,11,61.1,0,0,2,0,1,0,0,4,284,6,5,0,88,2018,Round 20,2018-08-05,9682
Carlton,Jed Lamb,4,11,15,88.2,0,0,0,3,0,0,0,1,381,1,4,0,82,2018,Round 20,2018-08-05,9682
Carlton,Sam Petrevski Seton,4,13,12,70.6,0,1,0,0,1,0,0,3,155,2,2,0,78,2018,Round 20,2018-08-05,9682
Carlton,Ciaran Byrne,4,12,12,75.0,0,0,0,3,0,0,0,0,158,3,3,0,79,2018,Round 20,2018-08-05,9682
Carlton,Harry Mckay,10,6,12,80.0,4,0,3,3,0,1,1,6,286,3,1,1,85,2018,Round 20,2018-08-05,9682
Carlton,Dale Thomas,4,10,9,64.3,0,0,0,1,2,0,0,2,273,5,4,0,69,2018,Round 20,2018-08-05,9682
Carlton,Darcy Lang,4,9,8,61.5,0,0,0,1,1,1,1,2,198,2,2,0,71,2018,Round 20,2018-08-05,9682
Carlton,Matthew Kennedy 1,8,5,7,53.8,0,0,0,1,0,1,0,2,103,2,0,0,70,2018,Round 20,2018-08-05,9682
Carlton,Caleb Marchbank,3,7,7,58.3,0,0,0,17,0,0,1,0,274,5,6,0,99,2018,Round 20,2018-08-05,9682
Carlton,Charlie Curnow,4,6,6,54.5,1,0,2,2,1,0,0,4,265,6,0,2,89,2018,Round 20,2018-08-05,9682
Carlton,Paddy Dow,9,2,8,72.7,0,0,0,1,0,1,1,2,90,1,4,1,77,2018,Round 20,2018-08-05,9682
Carlton,Lochie O Brien,2,8,5,50.0,0,0,0,0,0,0,0,0,174,2,1,0,69,2018,Round 20,2018-08-05,9682
Carlton,Nicholas Graham,2,8,9,100.0,0,0,0,1,0,0,0,2,134,2,1,0,68,2018,Round 20,2018-08-05,9682
Carlton,Jarrod Pickett,5,4,4,44.4,0,1,0,1,0,0,2,2,102,4,2,1,72,2018,Round 20,2018-08-05,9682
Carlton,Sam Rowe,4,4,6,75.0,0,0,0,5,0,0,0,1,71,2,4,0,96,2018,Round 20,2018-08-05,9682
Carlton,Cameron Polson,4,4,4,57.1,0,1,1,0,0,0,0,1,202,3,1,1,82,2018,Round 20,2018-08-05,9682
Carlton,Matthew Lobbe,3,3,2,40.0,0,0,1,5,0,1,2,1,72,3,0,1,86,2018,Round 20,2018-08-05,9682
Carlton,Cameron O Shea,1,4,0,0.0,0,0,0,0,0,0,0,2,118,2,0,0,82,2018,Round 20,2018-08-05,9682
Greater Western Sydney,Joshua Kelly,22,21,33,80.5,0,4,1,2,2,0,10,16,928,6,7,0,95,2018,Round 20,2018-08-05,9682
Greater Western Sydney,Stephen Coniglio,13,24,28,77.8,0,2,1,0,0,6,2,14,478,4,1,1,93,2018,Round 20,2018-08-05,9682
Greater Western Sydney,Callan Ward,16,18,28,82.4,0,2,1,1,0,4,5,12,433,3,3,1,89,2018,Round 20,2018-08-05,9682
Greater Western Sydney,Jacob Hopper,15,16,20,64.5,0,3,1,0,0,2,3,13,433,3,3,1,89,2018,Round 20,2018-08-05,9682
Greater Western Sydney,Lachie Whitfield,6,21,24,85.7,0,0,0,3,0,0,1,10,501,2,9,0,90,2018,Round 20,2018-08-05,9682
Greater Western Sydney,Adam Kennedy,5,21,25,96.2,0,1,0,0,3,0,0,11,341,1,5,0,85,2018,Round 20,2018-08-05,9682
Greater Western Sydney,Adam Tomlinson,6,14,15,71.4,1,1,1,1,0,1,2,9,438,4,4,0,89,2018,Round 20,2018-08-05,9682
Greater Western Sydney,Heath Shaw,7,12,13,68.4,0,0,0,1,0,0,0,1,435,7,9,0,94,2018,Round 20,2018-08-05,9682
Greater Western Sydney,Matthew Deboer,6,12,14,77.8,0,1,1,0,0,1,1,9,273,2,2,2,90,2018,Round 20,2018-08-05,9682
Greater Western Sydney,Phil Davis,7,10,15,88.2,2,0,0,6,0,0,0,5,277,3,7,0,99,2018,Round 20,2018-08-05,9682
Greater Western Sydney,Matthew Buntine,5,11,12,70.6,2,0,0,6,0,0,1,3,44,4,5,0,86,2018,Round 20,2018-08-05,9682
Greater Western Sydney,Jeremy Cameron,6,13,12,70.6,2,0,4,0,0,0,0,10,260,4,1,0,93,2018,Round 20,2018-08-05,9682
Greater Western Sydney,Aiden Bonar,8,9,13,81.2,1,0,1,2,0,2,2,8,331,2,0,0,79,2018,Round 20,2018-08-05,9682
Greater Western Sydney,Harrison Himmelberg,7,8,13,86.7,1,4,3,4,0,0,0,10,99,1,1,0,96,2018,Round 20,2018-08-05,9682
Greater Western Sydney,Nick Haynes,2,8,9,81.8,0,0,0,5,0,0,0,2,165,2,5,0,88,2018,Round 20,2018-08-05,9682
Greater Western Sydney,Rory Lobb,5,7,7,63.6,0,0,2,1,0,1,0,3,336,5,2,1,94,2018,Round 20,2018-08-05,9682
Greater Western Sydney,Brent Daniels,6,4,8,80.0,0,1,0,1,0,0,0,7,122,1,1,2,79,2018,Round 20,2018-08-05,9682
Greater Western Sydney,Zac Giles Langdon,4,4,6,60.0,0,0,1,0,0,0,0,4,120,1,1,1,89,2018,Round 20,2018-08-05,9682
Greater Western Sydney,Dawson Simpson,8,0,6,75.0,1,0,0,2,0,0,3,8,41,0,3,0,51,2018,Round 20,2018-08-05,9682
Greater Western Sydney,Brett Deledio,1,5,3,50.0,0,1,0,0,0,0,0,2,108,2,0,0,27,2018,Round 20,2018-08-05,9682
Greater Western Sydney,Sam Taylor,0,5,4,80.0,0,0,0,1,0,0,0,1,74,0,0,0,48,2018,Round 20,2018-08-05,9682
Greater Western Sydney,Toby Greene,1,3,3,75.0,0,0,1,1,0,0,0,1,70,0,0,0,45,2018,Round 20,2018-08-05,9682
West Coast,Jack Redden,12,23,27,81.8,0,1,0,2,1,0,4,11,512,2,3,0,85,2018,Round 20,2018-08-05,9684
West Coast,Andrew Gaff,12,23,22,66.7,0,1,1,0,0,2,2,8,398,5,6,0,87,2018,Round 20,2018-08-05,9684
West Coast,Luke Shuey,12,16,19,73.1,0,0,0,5,0,4,1,8,186,4,2,0,81,2018,Round 20,2018-08-05,9684
West Coast,Bradley Sheppard,5,21,21,80.8,0,1,1,3,0,0,0,8,327,3,7,0,88,2018,Round 20,2018-08-05,9684
West Coast,Elliot Yeo,9,17,18,69.2,0,0,1,2,2,1,3,14,666,5,3,1,87,2018,Round 20,2018-08-05,9684
West Coast,Mark Hutchings,6,14,14,66.7,0,0,0,0,0,1,2,4,209,4,4,0,86,2018,Round 20,2018-08-05,9684
West Coast,Chris Masten,5,17,16,80.0,0,1,0,3,0,0,0,3,191,2,5,0,85,2018,Round 20,2018-08-05,9684
West Coast,Scott Lycett,16,6,17,85.0,0,0,0,3,0,3,4,7,225,5,2,2,84,2018,Round 20,2018-08-05,9684
West Coast,Shannon Hurn,6,12,19,100.0,0,0,0,1,0,0,0,1,194,1,8,0,85,2018,Round 20,2018-08-05,9684
West Coast,Lewis Jetta,2,17,12,66.7,0,1,0,2,0,0,0,4,262,2,1,0,85,2018,Round 20,2018-08-05,9684
West Coast,Jamie Cripps,5,13,12,70.6,0,0,1,4,1,0,0,9,348,1,2,2,83,2018,Round 20,2018-08-05,9684
West Coast,Jeremy Mcgovern,7,8,14,93.3,2,0,0,4,0,0,0,3,253,2,7,0,75,2018,Round 20,2018-08-05,9684
West Coast,Liam Ryan,8,8,10,66.7,0,2,1,2,1,1,0,10,319,2,1,2,83,2018,Round 20,2018-08-05,9684
West Coast,Liam Duggan,5,10,9,64.3,0,0,0,2,0,0,1,3,459,4,5,0,89,2018,Round 20,2018-08-05,9684
West Coast,Willie Rioli,4,10,12,85.7,0,0,1,1,1,0,0,5,260,3,1,0,87,2018,Round 20,2018-08-05,9684
West Coast,Jack Darling,6,6,8,61.5,1,0,5,4,0,0,0,9,331,3,1,3,89,2018,Round 20,2018-08-05,9684
West Coast,Tom Barrass,7,8,10,76.9,2,0,0,7,0,0,0,3,233,3,7,0,88,2018,Round 20,2018-08-05,9684
West Coast,Mark Lecras,3,9,8,66.7,0,0,0,1,1,0,1,3,377,4,1,1,90,2018,Round 20,2018-08-05,9684
West Coast,Daniel Venables,9,3,9,75.0,0,2,0,0,0,4,1,5,190,3,0,0,80,2018,Round 20,2018-08-05,9684
West Coast,Tom Cole,7,8,9,90.0,0,0,0,5,0,1,0,3,130,0,6,0,87,2018,Round 20,2018-08-05,9684
West Coast,Nathan Vardy,5,3,5,62.5,1,0,0,0,0,0,0,5,142,1,2,1,82,2018,Round 20,2018-08-05,9684
West Coast,Will Schofield,0,2,2,100.0,0,0,0,3,0,0,0,0,57,0,0,0,15,2018,Round 20,2018-08-05,9684
Fremantle,Bradley Hill,6,23,22,73.3,0,1,0,0,0,0,2,6,627,3,3,0,85,2018,Round 20,2018-08-05,9684
Fremantle,David Mundy,15,12,23,85.2,0,1,0,1,0,5,3,6,357,3,2,0,78,2018,Round 20,2018-08-05,9684
Fremantle,Lachie Neale,22,5,19,73.1,2,0,1,2,0,5,4,6,114,3,5,1,82,2018,Round 20,2018-08-05,9684
Fremantle,Michael Walters,11,13,15,68.2,2,0,3,3,0,0,2,10,576,5,1,1,92,2018,Round 20,2018-08-05,9684
Fremantle,Stephen Hill,3,15,12,63.2,0,0,0,3,0,0,1,4,489,4,4,0,82,2018,Round 20,2018-08-05,9684
Fremantle,Brandon Matera,3,13,12,70.6,0,0,1,0,0,0,0,6,349,3,3,0,75,2018,Round 20,2018-08-05,9684
Fremantle,Nathan Wilson,4,14,12,70.6,1,1,0,3,0,0,0,5,462,8,2,0,80,2018,Round 20,2018-08-05,9684
Fremantle,Andrew Brayshaw,8,8,13,81.2,0,0,0,1,0,0,1,1,121,2,5,0,41,2018,Round 20,2018-08-05,9684
Fremantle,Luke Ryan,3,10,9,64.3,2,0,0,4,0,0,0,0,372,9,7,0,93,2018,Round 20,2018-08-05,9684
Fremantle,Brady Grey,2,10,9,69.2,0,2,0,3,0,0,0,3,280,1,2,1,76,2018,Round 20,2018-08-05,9684
Fremantle,Michael Johnson,6,8,8,72.7,0,0,0,7,0,0,1,2,140,5,6,0,87,2018,Round 20,2018-08-05,9684
Fremantle,Hayden Ballantyne,3,8,6,54.5,0,1,1,0,0,1,0,4,219,5,0,0,79,2018,Round 20,2018-08-05,9684
Fremantle,Matthew Taberner,4,7,7,63.6,1,0,2,0,0,0,1,4,220,8,2,0,92,2018,Round 20,2018-08-05,9684
Fremantle,Darcy Tucker,0,11,9,81.8,0,0,0,4,0,0,0,2,257,3,1,0,74,2018,Round 20,2018-08-05,9684
Fremantle,Brennan Cox,6,6,9,81.8,2,0,2,3,0,0,0,6,123,0,1,0,96,2018,Round 20,2018-08-05,9684
Fremantle,Bailey Banfield,7,5,8,72.7,0,0,0,4,0,1,2,3,86,3,3,0,81,2018,Round 20,2018-08-05,9684
Fremantle,Cameron Mccarthy,2,7,8,80.0,1,1,3,2,0,0,0,4,238,2,1,1,97,2018,Round 20,2018-08-05,9684
Fremantle,Ed Langdon,4,5,10,100.0,1,2,0,0,0,0,0,4,143,1,3,1,84,2018,Round 20,2018-08-05,9684
Fremantle,Adam Cerra,3,4,5,71.4,0,0,0,2,0,1,0,0,64,1,2,0,78,2018,Round 20,2018-08-05,9684
Fremantle,Mitchell Crowden,1,6,5,71.4,0,0,0,1,0,0,0,3,97,2,1,0,65,2018,Round 20,2018-08-05,9684
Fremantle,Alex Pearce,6,2,4,66.7,0,0,0,5,0,0,0,0,56,2,6,0,98,2018,Round 20,2018-08-05,9684
Fremantle,Sean Darcy,3,2,5,100.0,0,0,0,2,0,0,2,7,139,0,0,0,87,2018,Round 20,2018-08-05,9684
Melbourne,Clayton Oliver,14,16,14,45.2,1,1,6,0,0,3,1,12,501,4,5,2,90,2018,Round 20,2018-08-05,9683
Melbourne,Dom Tyson,11,16,20,74.1,0,2,0,1,0,0,3,9,395,4,3,0,77,2018,Round 20,2018-08-05,9683
Melbourne,Angus Brayshaw,11,15,19,70.4,1,0,1,0,0,6,2,8,598,5,2,2,79,2018,Round 20,2018-08-05,9683
Melbourne,Christian Salem,7,17,24,92.3,1,1,0,3,1,0,0,11,477,2,8,1,86,2018,Round 20,2018-08-05,9683
Melbourne,James Harmes,10,16,19,76.0,0,0,0,0,1,3,2,10,362,6,1,0,81,2018,Round 20,2018-08-05,9683
Melbourne,Nathan Jones,10,15,17,70.8,1,1,1,0,0,1,2,8,384,4,4,0,83,2018,Round 20,2018-08-05,9683
Melbourne,Jesse Hogan,9,13,15,68.2,2,2,6,2,0,0,0,14,323,3,1,1,89,2018,Round 20,2018-08-05,9683
Melbourne,Alex Neal Bullen,8,15,11,50.0,0,1,2,0,0,0,0,7,348,8,5,0,77,2018,Round 20,2018-08-05,9683
Melbourne,Jeff Gartlett,7,15,13,61.9,0,2,3,0,0,0,1,9,312,2,1,2,81,2018,Round 20,2018-08-05,9683
Melbourne,Bayley Fritsch,7,15,14,66.7,1,0,1,1,0,0,1,8,332,1,5,0,84,2018,Round 20,2018-08-05,9683
Melbourne,Christian Petracca,10,11,12,60.0,0,2,3,1,0,0,1,11,315,2,4,1,85,2018,Round 20,2018-08-05,9683
Melbourne,Jordan Lewis,6,10,16,88.9,0,0,0,4,0,0,1,2,308,1,6,0,87,2018,Round 20,2018-08-05,9683
Melbourne,Max Gawn,8,10,13,72.2,1,0,0,3,0,1,1,7,314,4,5,0,84,2018,Round 20,2018-08-05,9683
Melbourne,Tom Mcdonald,6,12,11,64.7,2,0,3,2,0,0,0,9,229,2,1,2,81,2018,Round 20,2018-08-05,9683
Melbourne,Sam Frost,10,7,12,75.0,2,0,0,2,0,0,1,4,256,3,7,0,84,2018,Round 20,2018-08-05,9683
Melbourne,Neville Jetta,4,10,12,85.7,1,0,0,3,1,0,0,3,233,3,8,0,84,2018,Round 20,2018-08-05,9683
Melbourne,Jay Kennedy Harris,7,8,10,71.4,0,1,0,0,0,0,0,4,92,4,6,2,76,2018,Round 20,2018-08-05,9683
Melbourne,Aaron Vandenberg,5,9,10,71.4,0,1,1,0,0,2,0,4,332,3,0,1,74,2018,Round 20,2018-08-05,9683
Melbourne,Oscar Mcdonald,3,10,11,84.6,0,0,0,1,0,0,0,2,199,2,5,0,90,2018,Round 20,2018-08-05,9683
Melbourne,Joel Smith 1,4,9,9,69.2,2,0,0,1,2,0,0,3,247,3,6,0,69,2018,Round 20,2018-08-05,9683
Melbourne,Charlie Spargo,4,8,10,83.3,0,0,1,0,0,0,0,5,130,3,0,2,73,2018,Round 20,2018-08-05,9683
Melbourne,Bernie Vince,5,6,8,72.7,0,0,0,4,0,1,0,2,79,3,4,0,85,2018,Round 20,2018-08-05,9683
Gold Coast,Touk Miller,14,11,19,76.0,0,0,0,1,1,2,3,3,163,6,7,2,88,2018,Round 20,2018-08-05,9683
Gold Coast,Will Brodie,13,11,14,60.9,1,0,0,1,0,2,1,0,291,8,1,0,81,2018,Round 20,2018-08-05,9683
Gold Coast,Jarrod Harbrow,5,16,12,54.5,0,0,0,2,0,0,1,2,403,6,4,0,85,2018,Round 20,2018-08-05,9683
Gold Coast,Callum Ah Chee,6,16,16,72.7,0,0,0,2,0,1,0,3,363,3,4,0,82,2018,Round 20,2018-08-05,9683
Gold Coast,Pearce Hanley,6,9,10,55.6,0,0,0,1,0,0,0,2,329,8,7,0,79,2018,Round 20,2018-08-05,9683
Gold Coast,Kade Kolodjashnij,6,9,14,77.8,0,0,0,6,0,0,0,4,437,8,12,0,97,2018,Round 20,2018-08-05,9683
Gold Coast,Jacob Dawson,6,11,13,72.2,0,0,0,1,0,1,3,2,87,3,1,0,78,2018,Round 20,2018-08-05,9683
Gold Coast,Lachlan Weller,6,10,12,75.0,1,2,1,1,3,1,0,4,362,3,1,3,86,2018,Round 20,2018-08-05,9683
Gold Coast,Brayden Fiorini,5,10,12,80.0,0,0,0,1,0,1,2,2,231,2,3,2,73,2018,Round 20,2018-08-05,9683
Gold Coast,Jack Bowes,5,9,10,71.4,2,0,0,1,0,0,0,2,224,4,10,0,84,2018,Round 20,2018-08-05,9683
Gold Coast,Aaron Young,3,11,9,69.2,0,0,0,2,0,0,0,2,166,5,5,2,90,2018,Round 20,2018-08-05,9683
Gold Coast,Jesse Lonergan,9,5,9,69.2,0,1,0,1,0,0,5,2,219,2,1,0,78,2018,Round 20,2018-08-05,9683
Gold Coast,Jacob Heron,6,6,8,66.7,0,0,0,1,2,0,0,1,73,3,2,0,82,2018,Round 20,2018-08-05,9683
Gold Coast,Max Spencer,3,6,7,63.6,0,0,0,5,1,0,0,0,213,3,6,0,100,2018,Round 20,2018-08-05,9683
Gold Coast,Jarrod Witts,6,4,7,70.0,0,0,0,5,0,0,2,1,135,5,4,0,89,2018,Round 20,2018-08-05,9683
Gold Coast,Alex Sexton,3,9,8,80.0,0,0,2,1,1,0,1,5,250,4,0,0,92,2018,Round 20,2018-08-05,9683
Gold Coast,Jack Leslie,1,9,5,50.0,0,1,2,5,0,0,0,4,279,3,0,0,100,2018,Round 20,2018-08-05,9683
Gold Coast,Michael Rischitelli,4,6,5,55.6,0,0,0,3,0,0,1,2,199,4,2,0,76,2018,Round 20,2018-08-05,9683
Gold Coast,Sean Lemmens,3,5,5,62.5,1,0,0,0,0,0,1,1,85,4,1,1,86,2018,Round 20,2018-08-05,9683
Gold Coast,Wil Powell,4,5,3,37.5,1,1,1,0,0,0,1,2,113,2,2,3,81,2018,Round 20,2018-08-05,9683
Gold Coast,Nicholas Holman,4,2,4,66.7,2,0,0,0,0,0,0,3,171,0,0,4,89,2018,Round 20,2018-08-05,9683
Gold Coast,Peter Wright,1,0,0,0.0,1,0,1,0,0,0,0,0,33,1,0,0,3,2018,Round 20,2018-08-05,9683
Essendon,Zachary Merrett,11,25,28,77.8,0,0,0,0,0,1,2,10,512,6,5,0,90,2018,Round 21,2018-08-10,9685
Essendon,Andrew Mcgrath,7,26,26,78.8,0,2,0,3,2,0,0,8,383,5,4,0,96,2018,Round 21,2018-08-10,9685
Essendon,David Myers,13,18,21,72.4,0,2,2,2,0,5,1,10,604,6,4,2,86,2018,Round 21,2018-08-10,9685
Essendon,Dyson Heppell,9,19,20,69.0,2,2,1,1,0,1,3,8,498,4,3,0,90,2018,Round 21,2018-08-10,9685
Essendon,Devon Smith,9,17,12,50.0,0,0,1,2,1,1,3,6,441,4,5,0,92,2018,Round 21,2018-08-10,9685
Essendon,Darcy Parish,12,11,19,82.6,0,0,0,2,0,4,2,10,171,3,1,2,92,2018,Round 21,2018-08-10,9685
Essendon,Kyle Langford,5,16,17,77.3,0,0,3,0,0,1,0,12,390,3,3,1,81,2018,Round 21,2018-08-10,9685
Essendon,Michael Hurley,3,17,19,90.5,0,0,0,4,0,0,0,4,306,4,3,0,97,2018,Round 21,2018-08-10,9685
Essendon,Conor Mckenna,5,13,17,85.0,1,3,0,3,5,0,0,8,432,2,4,0,92,2018,Round 21,2018-08-10,9685
Essendon,David Zaharakis,1,17,14,77.8,0,1,0,1,0,0,1,5,226,1,1,0,90,2018,Round 21,2018-08-10,9685
Essendon,Travis Colyer,5,12,9,52.9,0,0,0,0,1,1,0,4,289,3,2,0,86,2018,Round 21,2018-08-10,9685
Essendon,Mitchell Brown 1,5,10,14,93.3,2,1,1,0,0,0,0,5,29,0,3,0,100,2018,Round 21,2018-08-10,9685
Essendon,Anthony Mcdonald Tipungwuti,9,6,14,93.3,0,0,1,1,0,1,1,10,247,0,1,2,89,2018,Round 21,2018-08-10,9685
Essendon,Mark Baguley,6,8,12,85.7,0,0,0,2,0,0,1,3,170,2,5,0,91,2018,Round 21,2018-08-10,9685
Essendon,Orazio Fantasia,8,6,9,64.3,0,0,3,0,1,1,1,8,297,1,1,1,69,2018,Round 21,2018-08-10,9685
Essendon,Tom Bellchambers,5,8,8,61.5,1,1,1,3,0,1,2,7,56,4,1,0,93,2018,Round 21,2018-08-10,9685
Essendon,Aaron Francis,6,6,11,84.6,1,0,0,6,0,0,0,3,238,2,8,0,93,2018,Round 21,2018-08-10,9685
Essendon,Ben Mcniece,3,11,11,84.6,0,0,0,3,0,0,0,4,175,1,3,0,91,2018,Round 21,2018-08-10,9685
Essendon,Jake Stringer,5,8,6,50.0,2,1,4,3,0,0,0,8,312,3,1,1,92,2018,Round 21,2018-08-10,9685
Essendon,Cale Hooker,6,0,4,57.1,1,0,1,2,0,0,0,2,75,3,3,0,67,2018,Round 21,2018-08-10,9685
Essendon,Brendon Goddard,0,4,3,75.0,0,0,0,1,0,0,0,0,0,0,0,0,6,2018,Round 21,2018-08-10,9685
Essendon,Adam Saad,0,2,2,100.0,0,0,0,0,1,0,0,1,55,0,0,0,18,2018,Round 21,2018-08-10,9685
St Kilda,Sebastian Ross,9,35,37,86.0,0,1,0,4,3,4,1,12,670,5,3,1,93,2018,Round 21,2018-08-10,9685
St Kilda,Jack Steele,14,18,24,77.4,3,1,0,3,0,2,0,11,213,4,5,0,91,2018,Round 21,2018-08-10,9685
St Kilda,David Armitage,3,21,18,72.0,0,1,0,1,1,0,0,10,365,2,3,0,84,2018,Round 21,2018-08-10,9685
St Kilda,Jack Billings,7,17,18,72.0,1,0,2,0,0,0,0,8,415,5,2,0,89,2018,Round 21,2018-08-10,9685
St Kilda,Jack Steven,6,17,15,68.2,0,0,0,2,0,0,2,8,276,3,1,0,79,2018,Round 21,2018-08-10,9685
St Kilda,Blake Acres,7,14,16,76.2,0,1,0,2,1,2,0,7,282,2,4,1,72,2018,Round 21,2018-08-10,9685
St Kilda,Jack Sinclair,10,11,14,70.0,0,0,0,0,2,0,2,6,247,5,3,0,84,2018,Round 21,2018-08-10,9685
St Kilda,Lewis Pierce,6,11,16,88.9,2,0,0,2,0,2,1,3,93,1,3,0,79,2018,Round 21,2018-08-10,9685
St Kilda,Jarryn Geary,6,9,11,68.8,0,0,1,2,0,0,0,3,305,2,7,0,85,2018,Round 21,2018-08-10,9685
St Kilda,Nathan Freeman,6,8,11,78.6,0,1,0,1,0,1,0,5,218,0,5,1,55,2018,Round 21,2018-08-10,9685
St Kilda,Rowan Marshall,6,9,11,78.6,2,1,1,5,0,0,0,6,145,2,2,0,87,2018,Round 21,2018-08-10,9685
St Kilda,Jimmy Webster,2,11,9,69.2,0,0,0,0,0,0,1,3,326,5,2,0,80,2018,Round 21,2018-08-10,9685
St Kilda,Tim Membrey,7,7,7,53.8,2,0,3,4,0,0,0,6,156,1,2,0,92,2018,Round 21,2018-08-10,9685
St Kilda,Jack Newnes,6,6,7,63.6,1,0,1,1,1,0,1,4,164,2,1,0,82,2018,Round 21,2018-08-10,9685
St Kilda,Daniel Mckenzie,4,8,10,90.9,1,0,0,5,0,0,0,2,263,5,7,0,89,2018,Round 21,2018-08-10,9685
St Kilda,Jack Lonie,1,11,8,72.7,0,2,2,0,0,0,0,5,138,2,1,2,81,2018,Round 21,2018-08-10,9685
St Kilda,Jade Gresham,1,9,8,72.7,0,0,2,0,0,1,1,6,146,3,0,1,79,2018,Round 21,2018-08-10,9685
St Kilda,Ben Long,7,3,6,60.0,1,0,1,4,0,1,3,3,198,3,1,1,72,2018,Round 21,2018-08-10,9685
St Kilda,Ben Paton,3,6,7,77.8,0,0,1,0,0,0,0,3,194,0,1,0,69,2018,Round 21,2018-08-10,9685
St Kilda,Jake Carlisle,4,4,7,87.5,1,0,0,5,0,0,1,3,75,1,3,0,90,2018,Round 21,2018-08-10,9685
St Kilda,Bailey Rice,4,2,2,40.0,0,0,0,7,0,0,0,2,100,1,2,0,76,2018,Round 21,2018-08-10,9685
St Kilda,Nathan Brown,1,3,2,50.0,0,0,0,4,0,0,1,0,102,3,0,0,93,2018,Round 21,2018-08-10,9685
Hawthorn,Tom Mitchell,13,18,16,50.0,0,0,0,0,0,4,2,3,561,8,3,1,91,2018,Round 21,2018-08-11,9686
Hawthorn,Jaeger O Meara,6,17,19,79.2,0,1,0,0,0,0,2,6,179,3,3,0,81,2018,Round 21,2018-08-11,9686
Hawthorn,James Worpel,9,14,14,60.9,0,0,0,0,1,2,2,6,241,4,2,2,75,2018,Round 21,2018-08-11,9686
Hawthorn,Ricky Henderson,6,19,15,68.2,1,1,0,3,4,0,2,3,417,3,4,1,72,2018,Round 21,2018-08-11,9686
Hawthorn,Liam Shiels,8,12,10,47.6,0,1,0,2,0,1,4,4,504,7,2,1,79,2018,Round 21,2018-08-11,9686
Hawthorn,Isaac Smith,4,18,18,85.7,0,0,0,2,1,0,1,4,294,2,3,2,84,2018,Round 21,2018-08-11,9686
Hawthorn,Paul Puopolo,12,9,13,61.9,0,1,1,0,1,0,3,7,298,3,1,2,79,2018,Round 21,2018-08-11,9686
Hawthorn,Shaun Burgoyne,11,9,17,85.0,0,0,0,2,0,3,4,4,176,2,4,2,69,2018,Round 21,2018-08-11,9686
Hawthorn,Blake Hardwick,12,9,16,84.2,1,0,0,5,0,0,1,1,176,1,11,0,85,2018,Round 21,2018-08-11,9686
Hawthorn,Teia Miles,5,13,14,77.8,0,0,0,1,1,0,3,3,290,2,2,0,77,2018,Round 21,2018-08-11,9686
Hawthorn,Ryan Burton,5,11,13,72.2,1,0,0,5,0,0,2,2,305,2,6,0,81,2018,Round 21,2018-08-11,9686
Hawthorn,James Frawley,3,14,16,94.1,0,0,0,4,0,0,0,0,242,0,5,0,91,2018,Round 21,2018-08-11,9686
Hawthorn,Luke Breust,10,8,12,70.6,1,0,1,1,1,1,3,7,322,3,0,1,89,2018,Round 21,2018-08-11,9686
Hawthorn,Jarman Impey,4,14,11,68.8,0,0,0,3,0,0,1,2,381,5,2,0,82,2018,Round 21,2018-08-11,9686
Hawthorn,Jack Gunston,7,7,10,66.7,0,2,0,1,0,0,0,6,331,3,2,1,91,2018,Round 21,2018-08-11,9686
Hawthorn,Kaiden Brand,1,13,14,93.3,0,0,0,9,0,0,0,1,201,1,4,0,86,2018,Round 21,2018-08-11,9686
Hawthorn,Harry Morrison,6,8,11,73.3,0,1,0,1,0,0,0,4,124,3,3,1,78,2018,Round 21,2018-08-11,9686
Hawthorn,Ryan Schoenmakers,4,7,7,63.6,0,1,1,2,0,0,0,3,167,6,1,0,83,2018,Round 21,2018-08-11,9686
Hawthorn,Jonathon Ceglar,10,0,8,88.9,5,0,2,9,0,0,1,3,149,4,2,0,83,2018,Round 21,2018-08-11,9686
Hawthorn,Benjamin Stratton,4,4,8,100.0,0,0,0,5,0,0,0,0,36,0,5,0,98,2018,Round 21,2018-08-11,9686
Hawthorn,Marc Pittonet,4,2,4,66.7,0,0,1,3,0,2,1,2,24,0,1,0,65,2018,Round 21,2018-08-11,9686
Hawthorn,Conor Nash,5,1,4,80.0,0,0,0,3,0,0,1,2,41,0,1,4,81,2018,Round 21,2018-08-11,9686
Geelong,Patrick Dangerfield,26,14,29,72.5,2,0,0,3,0,4,5,8,439,2,8,1,84,2018,Round 21,2018-08-11,9686
Geelong,Gary Jnr Ablett,15,19,23,71.9,0,0,0,1,0,1,7,6,615,6,3,0,87,2018,Round 21,2018-08-11,9686
Geelong,Sam Menegola,12,18,19,63.3,2,1,0,1,0,0,1,7,554,6,9,2,82,2018,Round 21,2018-08-11,9686
Geelong,Mitchell Duncan,4,21,16,66.7,0,1,0,3,0,0,1,4,486,6,1,0,93,2018,Round 21,2018-08-11,9686
Geelong,Joel Selwood,15,10,16,69.6,0,0,0,2,0,1,2,3,343,2,4,1,80,2018,Round 21,2018-08-11,9686
Geelong,Scott Selwood,8,11,15,83.3,0,0,0,1,0,0,1,4,132,2,2,0,85,2018,Round 21,2018-08-11,9686
Geelong,Brandan Parfitt,9,9,11,64.7,0,1,1,0,0,0,5,4,151,5,1,1,83,2018,Round 21,2018-08-11,9686
Geelong,Tim Kelly,5,13,11,64.7,0,0,0,4,0,0,3,4,385,3,2,0,82,2018,Round 21,2018-08-11,9686
Geelong,Lachlan Henderson,2,12,13,81.2,0,0,0,5,0,0,0,3,309,3,5,0,100,2018,Round 21,2018-08-11,9686
Geelong,Tom Hawkins,7,8,7,50.0,3,0,5,2,0,0,0,5,383,4,0,0,96,2018,Round 21,2018-08-11,9686
Geelong,Zach Tuohy,4,9,9,69.2,0,0,0,3,0,0,0,2,293,3,4,1,86,2018,Round 21,2018-08-11,9686
Geelong,Cameron Guthrie,4,7,11,84.6,1,0,0,1,0,0,1,2,85,5,3,1,85,2018,Round 21,2018-08-11,9686
Geelong,Mark Blicavs,5,8,11,84.6,0,1,0,4,0,1,0,3,279,4,3,0,94,2018,Round 21,2018-08-11,9686
Geelong,Quinton Narkle,8,5,10,76.9,0,0,0,0,0,0,2,4,109,3,0,1,66,2018,Round 21,2018-08-11,9686
Geelong,Jack Henry,7,8,8,66.7,1,0,1,4,0,1,2,6,240,3,2,0,84,2018,Round 21,2018-08-11,9686
Geelong,Thomas Stewart,6,5,7,63.6,0,0,0,4,0,0,0,2,346,2,5,0,87,2018,Round 21,2018-08-11,9686
Geelong,James Parsons,5,3,5,62.5,1,0,1,0,0,0,0,3,80,1,1,1,75,2018,Round 21,2018-08-11,9686
Geelong,Mark O Connor,5,4,7,87.5,2,0,1,1,0,0,0,2,32,1,6,0,74,2018,Round 21,2018-08-11,9686
Geelong,Daniel Menzel,3,4,5,71.4,1,0,1,4,0,0,0,2,132,3,1,1,77,2018,Round 21,2018-08-11,9686
Geelong,Jake Kolodjashnij,3,5,5,71.4,0,0,0,7,1,0,1,0,172,2,2,0,90,2018,Round 21,2018-08-11,9686
Geelong,Lachlan Fogarty,2,3,4,80.0,0,0,1,1,0,0,1,3,73,1,0,1,79,2018,Round 21,2018-08-11,9686
Geelong,Rhys Stanley,2,1,4,100.0,1,0,0,3,0,0,0,1,25,0,0,0,29,2018,Round 21,2018-08-11,9686
Gold Coast,Brayden Fiorini,12,20,22,75.9,0,0,0,4,0,2,4,2,181,5,2,2,82,2018,Round 21,2018-08-11,9687
Gold Coast,David Swallow,13,14,21,80.8,0,1,0,0,0,3,2,4,381,4,3,0,81,2018,Round 21,2018-08-11,9687
Gold Coast,Jarryd Lyons,16,10,15,57.7,0,0,0,2,0,7,4,7,372,6,2,1,83,2018,Round 21,2018-08-11,9687
Gold Coast,Jack Bowes,10,18,18,69.2,0,0,1,2,0,0,1,4,402,6,9,0,82,2018,Round 21,2018-08-11,9687
Gold Coast,Jarrod Harbrow,5,18,19,79.2,0,0,0,2,3,1,2,2,270,3,2,0,85,2018,Round 21,2018-08-11,9687
Gold Coast,Pearce Hanley,5,19,17,73.9,0,0,1,3,0,1,2,3,337,6,4,0,64,2018,Round 21,2018-08-11,9687
Gold Coast,Touk Miller,4,18,12,54.5,0,0,0,1,0,0,0,5,439,6,2,1,86,2018,Round 21,2018-08-11,9687
Gold Coast,Jesse Joyce,7,10,11,64.7,0,0,0,4,0,1,1,1,124,2,7,0,89,2018,Round 21,2018-08-11,9687
Gold Coast,Ben Ainsworth,2,16,9,52.9,0,0,1,0,1,0,0,3,259,4,0,0,74,2018,Round 21,2018-08-11,9687
Gold Coast,Steven May,2,11,13,86.7,1,0,0,6,1,0,0,2,276,3,4,0,94,2018,Round 21,2018-08-11,9687
Gold Coast,Lachlan Weller,7,11,11,73.3,0,0,0,3,1,0,1,3,286,2,3,0,86,2018,Round 21,2018-08-11,9687
Gold Coast,Callum Ah Chee,5,10,9,60.0,1,1,2,0,0,0,0,4,158,3,1,0,87,2018,Round 21,2018-08-11,9687
Gold Coast,Michael Rischitelli,6,9,13,92.9,0,0,0,4,0,0,0,1,189,1,8,0,75,2018,Round 21,2018-08-11,9687
Gold Coast,Jarrod Witts,7,7,12,85.7,0,0,1,5,0,0,5,4,117,4,1,1,87,2018,Round 21,2018-08-11,9687
Gold Coast,Nicholas Holman,8,7,11,78.6,1,0,1,3,0,1,0,3,28,1,2,2,84,2018,Round 21,2018-08-11,9687
Gold Coast,Alex Sexton,2,8,6,50.0,0,1,0,0,3,0,0,4,417,3,3,0,89,2018,Round 21,2018-08-11,9687
Gold Coast,Kade Kolodjashnij,3,10,10,83.3,0,1,0,4,0,0,0,2,252,3,3,0,89,2018,Round 21,2018-08-11,9687
Gold Coast,Brayden Crossley,4,9,8,66.7,0,0,1,1,0,0,0,3,140,2,1,0,93,2018,Round 21,2018-08-11,9687
Gold Coast,Aaron Young,3,9,4,36.4,1,0,2,2,0,0,0,1,250,3,1,0,91,2018,Round 21,2018-08-11,9687
Gold Coast,Wil Powell,6,3,7,77.8,0,0,0,0,0,0,0,2,28,0,0,1,74,2018,Round 21,2018-08-11,9687
Gold Coast,Will Brodie,4,5,4,50.0,0,0,0,0,0,1,1,0,111,3,0,0,25,2018,Round 21,2018-08-11,9687
Gold Coast,Jack Leslie,3,1,4,100.0,1,0,1,4,0,0,0,1,3,0,2,0,100,2018,Round 21,2018-08-11,9687
Richmond,Dustin Martin,10,17,20,71.4,0,1,0,0,1,3,1,6,264,2,1,0,85,2018,Round 21,2018-08-11,9687
Richmond,Jack Riewoldt,9,16,14,53.8,3,1,12,2,0,0,0,20,636,3,2,1,98,2018,Round 21,2018-08-11,9687
Richmond,Shaun Grigg,13,13,19,73.1,0,0,0,1,0,2,4,14,239,2,3,2,75,2018,Round 21,2018-08-11,9687
Richmond,Bachar Houli,6,19,18,69.2,0,2,0,5,0,0,1,7,430,6,6,0,75,2018,Round 21,2018-08-11,9687
Richmond,Kane Lambert,4,21,23,92.0,0,2,0,1,0,1,1,6,277,2,1,0,83,2018,Round 21,2018-08-11,9687
Richmond,Daniel Rioli,7,18,13,52.0,0,2,2,0,4,0,0,6,466,5,1,1,83,2018,Round 21,2018-08-11,9687
Richmond,Dion Prestia,8,17,14,60.9,0,0,1,3,0,1,4,5,427,6,1,0,75,2018,Round 21,2018-08-11,9687
Richmond,Jayden Short,5,18,20,87.0,1,1,0,0,5,0,0,9,696,2,4,0,78,2018,Round 21,2018-08-11,9687
Richmond,Josh Caddy,7,15,18,81.8,1,0,4,2,1,0,2,9,245,1,0,0,85,2018,Round 21,2018-08-11,9687
Richmond,Nick Vlastuin,10,13,18,81.8,0,0,0,4,0,0,0,9,282,2,13,0,84,2018,Round 21,2018-08-11,9687
Richmond,Shane Edwards,17,8,18,85.7,0,1,0,7,0,0,4,5,258,3,3,1,80,2018,Round 21,2018-08-11,9687
Richmond,Jack Graham,7,13,15,78.9,0,1,0,0,2,0,2,7,174,2,1,0,75,2018,Round 21,2018-08-11,9687
Richmond,Brandon Ellis,7,10,14,82.4,1,1,0,1,0,1,2,6,328,2,1,1,81,2018,Round 21,2018-08-11,9687
Richmond,Alex Rance,7,10,10,62.5,2,0,0,13,0,0,0,1,183,6,8,1,94,2018,Round 21,2018-08-11,9687
Richmond,Kamdyn Mcintosh,3,13,12,75.0,0,0,0,1,2,1,0,4,402,3,2,0,78,2018,Round 21,2018-08-11,9687
Richmond,Jack Higgins,6,10,13,81.2,2,2,2,0,1,0,1,7,122,2,1,0,85,2018,Round 21,2018-08-11,9687
Richmond,Trent Cotchin,2,8,6,50.0,0,1,0,1,0,0,1,4,189,2,2,1,53,2018,Round 21,2018-08-11,9687
Richmond,Nathan Broad,6,8,11,91.7,1,0,0,4,1,0,0,4,132,2,6,0,83,2018,Round 21,2018-08-11,9687
Richmond,Ivan Soldo,7,3,7,63.6,0,2,0,1,0,1,3,4,31,2,2,2,86,2018,Round 21,2018-08-11,9687
Richmond,David Astbury,5,6,9,90.0,0,0,0,4,0,0,0,1,122,1,7,0,96,2018,Round 21,2018-08-11,9687
Richmond,Dylan Grimes,5,5,8,88.9,0,0,0,1,0,0,0,3,14,1,5,0,91,2018,Round 21,2018-08-11,9687
Richmond,Jason Castagna,1,5,3,50.0,0,0,1,1,0,0,0,3,142,3,0,0,82,2018,Round 21,2018-08-11,9687
Port Adelaide,Thomas Jonas,6,24,24,80.0,0,2,0,5,0,0,0,3,540,10,9,0,98,2018,Round 21,2018-08-11,9688
Port Adelaide,Oliver Wines,13,13,22,81.5,1,0,0,0,0,1,6,6,342,3,2,0,81,2018,Round 21,2018-08-11,9688
Port Adelaide,Bradley Ebert,16,10,16,64.0,1,0,0,0,0,2,2,3,199,4,7,1,83,2018,Round 21,2018-08-11,9688
Port Adelaide,Jasper Mcmillan Pittard,4,18,22,88.0,1,0,0,1,0,1,0,2,429,4,8,0,92,2018,Round 21,2018-08-11,9688
Port Adelaide,Jared Polec,10,14,16,66.7,0,1,0,2,0,0,2,3,491,4,3,0,88,2018,Round 21,2018-08-11,9688
Port Adelaide,Tom Rockliff,8,14,19,82.6,0,0,0,0,0,0,4,2,112,4,3,1,79,2018,Round 21,2018-08-11,9688
Port Adelaide,Darcy Byrne Jones,5,17,20,87.0,0,0,0,4,1,0,0,0,240,2,6,1,91,2018,Round 21,2018-08-11,9688
Port Adelaide,Justin Westhoff,8,13,14,70.0,1,0,0,5,0,0,4,3,277,5,2,0,92,2018,Round 21,2018-08-11,9688
Port Adelaide,Travis Boak,5,13,10,55.6,0,0,0,0,0,1,1,6,253,2,0,1,77,2018,Round 21,2018-08-11,9688
Port Adelaide,Robert Gray,5,12,12,66.7,0,1,5,3,0,0,1,6,307,3,0,2,88,2018,Round 21,2018-08-11,9688
Port Adelaide,Chad Wingard,7,11,14,77.8,1,1,0,1,0,1,0,3,387,3,1,1,90,2018,Round 21,2018-08-11,9688
Port Adelaide,Jarrod Lienert,4,13,17,94.4,0,0,0,6,0,0,1,0,285,4,3,0,83,2018,Round 21,2018-08-11,9688
Port Adelaide,Steven Motlop,2,15,11,64.7,0,1,1,0,2,0,1,5,385,5,0,1,82,2018,Round 21,2018-08-11,9688
Port Adelaide,Tom Clurey,4,12,12,70.6,1,0,0,6,1,0,0,1,324,4,7,0,94,2018,Round 21,2018-08-11,9688
Port Adelaide,Jack Watts,6,12,14,87.5,3,0,0,1,0,0,0,4,126,3,3,3,78,2018,Round 21,2018-08-11,9688
Port Adelaide,Dougal Howard,6,9,14,87.5,1,0,0,13,0,0,0,4,443,3,10,0,94,2018,Round 21,2018-08-11,9688
Port Adelaide,Sam Gray,5,9,8,57.1,1,0,1,1,0,0,0,3,195,2,2,0,72,2018,Round 21,2018-08-11,9688
Port Adelaide,Dan Houston,3,8,11,100.0,0,0,0,4,0,0,0,3,243,2,6,0,53,2018,Round 21,2018-08-11,9688
Port Adelaide,Patrick Ryder,6,1,5,55.6,2,0,1,1,0,1,1,3,156,4,3,0,55,2018,Round 21,2018-08-11,9688
Port Adelaide,Charlie Dixon,7,3,4,50.0,1,0,1,2,0,0,1,3,62,3,1,3,72,2018,Round 21,2018-08-11,9688
Port Adelaide,Kane Farrell,2,6,5,62.5,0,0,1,1,0,0,0,2,133,5,0,0,72,2018,Round 21,2018-08-11,9688
Port Adelaide,Aidyn Johnson,4,5,5,71.4,0,0,0,4,0,0,0,3,46,2,1,0,85,2018,Round 21,2018-08-11,9688
West Coast,Luke Shuey,15,16,27,87.1,0,0,0,0,0,2,9,5,280,1,1,0,81,2018,Round 21,2018-08-11,9688
West Coast,Elliot Yeo,10,16,13,52.0,2,0,0,3,2,2,3,6,688,11,0,2,85,2018,Round 21,2018-08-11,9688
West Coast,Mark Lecras,5,17,14,58.3,0,0,0,1,0,0,1,3,367,8,1,2,88,2018,Round 21,2018-08-11,9688
West Coast,Jack Redden,13,14,16,66.7,0,0,0,3,0,2,2,4,343,3,3,1,89,2018,Round 21,2018-08-11,9688
West Coast,Dominic Sheed,7,14,17,77.3,0,0,0,1,0,1,3,5,326,4,3,0,72,2018,Round 21,2018-08-11,9688
West Coast,Chris Masten,8,13,14,66.7,0,0,1,0,0,0,0,2,348,6,10,0,86,2018,Round 21,2018-08-11,9688
West Coast,Tom Barrass,10,10,16,76.2,3,0,0,5,0,0,1,5,274,6,13,0,89,2018,Round 21,2018-08-11,9688
West Coast,Scott Lycett,11,9,13,68.4,2,0,0,3,0,2,3,5,345,6,4,0,79,2018,Round 21,2018-08-11,9688
West Coast,Tom Cole,9,10,15,78.9,1,0,0,1,0,0,0,1,249,0,10,0,79,2018,Round 21,2018-08-11,9688
West Coast,Bradley Sheppard,3,15,17,94.4,0,0,0,0,0,0,0,1,381,4,4,0,90,2018,Round 21,2018-08-11,9688
West Coast,Lewis Jetta,5,13,11,61.1,0,1,0,3,0,0,1,2,537,4,3,0,82,2018,Round 21,2018-08-11,9688
West Coast,Liam Duggan,8,12,11,61.1,0,0,0,3,0,1,0,1,426,3,7,0,78,2018,Round 21,2018-08-11,9688
West Coast,Shannon Hurn,4,14,13,86.7,0,0,0,5,0,0,0,1,235,2,5,0,92,2018,Round 21,2018-08-11,9688
West Coast,Brendon Ah Chee,10,5,11,73.3,0,1,1,1,0,0,1,5,150,2,2,1,65,2018,Round 21,2018-08-11,9688
West Coast,Mark Hutchings,5,8,7,58.3,0,1,0,0,0,0,0,4,189,3,1,2,81,2018,Round 21,2018-08-11,9688
West Coast,Jamie Cripps,2,10,10,83.3,0,2,0,1,0,0,0,6,127,1,0,2,84,2018,Round 21,2018-08-11,9688
West Coast,Willie Rioli,5,5,4,40.0,1,1,0,3,0,0,0,3,131,3,2,1,79,2018,Round 21,2018-08-11,9688
West Coast,Liam Ryan,6,3,2,20.0,1,1,2,3,4,0,0,4,250,4,1,2,77,2018,Round 21,2018-08-11,9688
West Coast,Nathan Vardy,5,5,7,77.8,3,0,1,2,0,0,0,3,95,1,4,0,81,2018,Round 21,2018-08-11,9688
West Coast,Jeremy Mcgovern,9,2,8,88.9,5,0,1,4,0,0,0,2,134,1,8,0,89,2018,Round 21,2018-08-11,9688
West Coast,Jack Darling,5,3,7,87.5,2,0,1,0,0,0,0,2,114,3,1,1,93,2018,Round 21,2018-08-11,9688
West Coast,Daniel Venables,4,2,3,60.0,1,0,0,1,0,0,0,0,134,0,0,0,61,2018,Round 21,2018-08-11,9688
Collingwood,Taylor Adams,16,18,22,66.7,0,1,1,0,0,3,5,9,405,7,2,0,72,2018,Round 21,2018-08-11,9689
Collingwood,Scott Pendlebury,12,17,22,78.6,0,2,0,1,0,4,2,8,324,2,2,0,79,2018,Round 21,2018-08-11,9689
Collingwood,Steele Sidebottom,9,21,24,85.7,1,0,0,4,0,1,4,7,343,2,3,1,86,2018,Round 21,2018-08-11,9689
Collingwood,Brayden Sier,13,14,18,66.7,0,1,0,1,0,2,3,8,381,6,4,1,67,2018,Round 21,2018-08-11,9689
Collingwood,Jack Crisp,11,14,20,76.9,3,0,0,1,0,0,2,3,343,3,12,0,88,2018,Round 21,2018-08-11,9689
Collingwood,Jaidyn Stephenson,5,20,18,72.0,0,0,1,2,0,0,0,10,524,5,1,2,76,2018,Round 21,2018-08-11,9689
Collingwood,James Aish,4,18,19,82.6,0,0,0,1,0,0,1,6,362,4,6,0,88,2018,Round 21,2018-08-11,9689
Collingwood,Tom Phillips,7,15,17,77.3,0,1,0,0,0,0,0,4,378,4,4,0,78,2018,Round 21,2018-08-11,9689
Collingwood,Samuel Murray,4,16,16,76.2,0,0,0,6,2,0,1,1,242,4,4,0,82,2018,Round 21,2018-08-11,9689
Collingwood,Brayden Maynard,5,11,12,75.0,1,0,0,4,0,0,0,3,297,4,5,0,84,2018,Round 21,2018-08-11,9689
Collingwood,Jack Madgen,5,10,15,93.8,1,0,0,3,0,0,0,3,162,1,6,0,89,2018,Round 21,2018-08-11,9689
Collingwood,Levi Greenwood,5,10,9,60.0,0,0,0,2,0,1,3,5,233,4,2,1,87,2018,Round 21,2018-08-11,9689
Collingwood,Christopher Mayne,6,9,13,86.7,0,0,3,2,0,0,1,5,235,0,3,1,81,2018,Round 21,2018-08-11,9689
Collingwood,Tom Langdon,7,9,12,80.0,1,0,0,8,0,0,0,2,193,1,6,0,91,2018,Round 21,2018-08-11,9689
Collingwood,Brodie Grundy,10,2,10,76.9,1,1,0,1,0,4,3,7,173,1,1,0,84,2018,Round 21,2018-08-11,9689
Collingwood,Josh Thomas,1,12,10,83.3,0,0,1,0,0,0,1,7,189,3,0,3,77,2018,Round 21,2018-08-11,9689
Collingwood,Jordan De Goey,5,6,8,66.7,1,1,4,2,0,0,0,9,226,2,2,1,81,2018,Round 21,2018-08-11,9689
Collingwood,Travis Varcoe,6,5,10,90.9,0,0,0,2,0,0,0,4,183,1,1,3,75,2018,Round 21,2018-08-11,9689
Collingwood,Adam Oxley,4,6,9,81.8,1,0,0,1,0,0,0,2,169,2,4,0,80,2018,Round 21,2018-08-11,9689
Collingwood,Brody Mihocek,3,5,7,70.0,1,0,0,4,0,0,0,5,159,3,0,2,90,2018,Round 21,2018-08-11,9689
Collingwood,Will Hoskin Elliott,2,8,6,66.7,0,0,0,1,0,0,0,2,143,3,0,1,77,2018,Round 21,2018-08-11,9689
Collingwood,Mason Cox,6,2,5,62.5,3,0,1,4,0,0,0,3,179,3,2,0,86,2018,Round 21,2018-08-11,9689
Brisbane Lions,Dayne Beams,11,24,22,66.7,0,0,0,0,0,4,1,4,675,9,3,0,89,2018,Round 21,2018-08-11,9689
Brisbane Lions,Alex Witherden,4,21,23,76.7,0,1,0,2,0,0,0,3,276,4,4,0,78,2018,Round 21,2018-08-11,9689
Brisbane Lions,Luke Hodge,5,17,18,75.0,0,0,0,2,1,0,0,4,353,8,8,0,86,2018,Round 21,2018-08-11,9689
Brisbane Lions,Mitch Robinson,8,15,15,68.2,0,1,3,1,1,2,1,9,413,4,3,0,85,2018,Round 21,2018-08-11,9689
Brisbane Lions,Allen Christensen,2,19,17,81.0,0,0,1,0,0,0,0,2,226,5,3,2,84,2018,Round 21,2018-08-11,9689
Brisbane Lions,Tom Cutler,5,13,14,73.7,0,1,0,1,0,0,0,4,462,3,5,0,85,2018,Round 21,2018-08-11,9689
Brisbane Lions,Rhys Mathieson,6,12,15,78.9,0,0,0,0,0,0,1,2,231,3,3,1,75,2018,Round 21,2018-08-11,9689
Brisbane Lions,Stefan Martin,10,8,14,77.8,1,0,0,1,0,3,1,3,153,4,5,0,93,2018,Round 21,2018-08-11,9689
Brisbane Lions,Daniel Rich,7,11,12,66.7,0,0,0,1,0,0,2,0,252,3,6,0,77,2018,Round 21,2018-08-11,9689
Brisbane Lions,Harris Andrews,5,13,15,83.3,3,0,0,11,0,0,0,3,136,2,5,0,98,2018,Round 21,2018-08-11,9689
Brisbane Lions,Hugh Mccluggage,4,14,13,72.2,0,0,0,0,0,0,1,5,499,3,2,0,85,2018,Round 21,2018-08-11,9689
Brisbane Lions,Jarrod Berry,10,10,17,94.4,0,3,0,2,0,1,3,5,409,2,2,1,86,2018,Round 21,2018-08-11,9689
Brisbane Lions,Joshua Walker,6,10,14,87.5,3,0,0,8,0,0,0,4,126,2,6,0,90,2018,Round 21,2018-08-11,9689
Brisbane Lions,Lewis Taylor,4,11,12,80.0,0,0,1,1,0,0,0,3,184,3,3,0,78,2018,Round 21,2018-08-11,9689
Brisbane Lions,Dayne Zorko,6,8,11,78.6,0,0,0,2,0,1,5,2,150,3,0,1,79,2018,Round 21,2018-08-11,9689
Brisbane Lions,Nicholas Robertson,2,10,9,75.0,0,0,0,6,0,0,0,1,42,1,2,0,89,2018,Round 21,2018-08-11,9689
Brisbane Lions,Cameron Rayner,6,6,11,91.7,0,1,0,0,0,1,1,4,137,1,3,0,79,2018,Round 21,2018-08-11,9689
Brisbane Lions,Eric Hipwood,5,5,6,66.7,3,0,5,1,0,0,0,7,166,2,0,2,88,2018,Round 21,2018-08-11,9689
Brisbane Lions,Daniel Mcstay,4,3,5,71.4,1,0,1,1,0,0,0,2,169,2,0,1,87,2018,Round 21,2018-08-11,9689
Brisbane Lions,Oscar Mcinerney,4,3,4,57.1,3,0,1,0,0,0,0,3,96,1,1,1,96,2018,Round 21,2018-08-11,9689
Brisbane Lions,Brandon Starcevich,5,6,7,100.0,0,2,0,1,0,0,0,3,124,4,1,0,79,2018,Round 21,2018-08-11,9689
Brisbane Lions,Darcy Gardiner,0,4,4,100.0,0,0,0,1,0,0,0,0,45,1,0,0,15,2018,Round 21,2018-08-11,9689
Greater Western Sydney,Lachie Whitfield,4,24,24,80.0,0,1,1,1,2,0,2,9,673,4,5,0,83,2018,Round 21,2018-08-11,9690
Greater Western Sydney,Callan Ward,16,12,21,77.8,0,0,0,2,0,5,0,5,304,4,7,1,88,2018,Round 21,2018-08-11,9690
Greater Western Sydney,Dylan Shiel,13,12,17,70.8,0,0,0,1,0,3,3,9,420,3,3,1,89,2018,Round 21,2018-08-11,9690
Greater Western Sydney,Nick Haynes,6,15,21,95.5,1,0,0,1,0,0,0,5,628,4,8,0,89,2018,Round 21,2018-08-11,9690
Greater Western Sydney,Heath Shaw,6,11,17,85.0,0,1,0,5,1,0,0,5,412,5,8,0,79,2018,Round 21,2018-08-11,9690
Greater Western Sydney,Stephen Coniglio,10,8,14,73.7,0,1,0,1,0,2,4,6,235,1,2,3,89,2018,Round 21,2018-08-11,9690
Greater Western Sydney,Harrison Himmelberg,11,9,13,72.2,1,1,4,3,0,0,1,12,313,2,4,3,85,2018,Round 21,2018-08-11,9690
Greater Western Sydney,Phil Davis,4,13,14,82.4,0,0,0,4,0,0,0,2,219,3,7,0,97,2018,Round 21,2018-08-11,9690
Greater Western Sydney,Joshua Kelly,7,10,10,58.8,0,0,0,1,0,0,4,4,416,5,3,0,53,2018,Round 21,2018-08-11,9690
Greater Western Sydney,Jacob Hopper,8,8,10,58.8,0,0,0,1,0,1,4,4,190,5,0,0,81,2018,Round 21,2018-08-11,9690
Greater Western Sydney,Tim Taranto,9,7,8,50.0,1,2,0,3,0,0,3,4,243,7,1,0,90,2018,Round 21,2018-08-11,9690
Greater Western Sydney,Jeremy Cameron,8,8,12,80.0,1,0,1,1,0,0,0,7,155,3,1,0,95,2018,Round 21,2018-08-11,9690
Greater Western Sydney,Rory Lobb,10,6,7,46.7,2,0,0,6,0,0,1,11,288,1,1,0,91,2018,Round 21,2018-08-11,9690
Greater Western Sydney,Adam Kennedy,2,10,10,76.9,0,0,0,2,0,0,1,4,302,2,4,0,86,2018,Round 21,2018-08-11,9690
Greater Western Sydney,Zac Giles Langdon,5,8,12,92.3,0,1,0,0,0,2,1,3,137,1,2,3,80,2018,Round 21,2018-08-11,9690
Greater Western Sydney,Adam Tomlinson,6,7,8,66.7,0,0,0,1,0,0,1,3,297,3,2,0,92,2018,Round 21,2018-08-11,9690
Greater Western Sydney,Brent Daniels,6,5,8,72.7,0,2,0,1,0,0,1,6,183,1,2,2,73,2018,Round 21,2018-08-11,9690
Greater Western Sydney,Ryan Griffen,2,8,4,40.0,0,1,0,2,0,0,0,6,132,4,0,1,81,2018,Round 21,2018-08-11,9690
Greater Western Sydney,Lachlan Keeffe,4,6,4,40.0,0,0,0,3,0,0,0,1,126,3,5,0,85,2018,Round 21,2018-08-11,9690
Greater Western Sydney,Aiden Bonar,4,5,5,55.6,1,0,3,0,0,0,0,4,170,2,1,2,70,2018,Round 21,2018-08-11,9690
Greater Western Sydney,Samuel Reid,5,2,4,57.1,0,0,0,2,0,0,0,5,235,0,2,1,40,2018,Round 21,2018-08-11,9690
Greater Western Sydney,Matthew Buntine,2,2,2,50.0,0,0,0,4,0,0,0,0,65,3,4,0,84,2018,Round 21,2018-08-11,9690
Adelaide,Matt Crouch,13,16,19,63.3,0,0,0,2,0,1,2,7,371,8,5,2,78,2018,Round 21,2018-08-11,9690
Adelaide,Brodie Smith,14,17,23,79.3,0,0,0,5,2,1,0,6,599,5,12,0,88,2018,Round 21,2018-08-11,9690
Adelaide,Rory Laird,5,16,20,80.0,0,1,0,0,0,0,0,5,456,7,7,0,88,2018,Round 21,2018-08-11,9690
Adelaide,Rory Sloane,16,9,15,62.5,0,0,0,3,0,4,8,8,335,6,2,1,78,2018,Round 21,2018-08-11,9690
Adelaide,Tom Lynch,8,14,19,86.4,2,2,4,0,0,1,0,13,162,1,3,0,85,2018,Round 21,2018-08-11,9690
Adelaide,Bryce Gibbs,10,12,13,65.0,0,1,1,1,0,0,3,8,334,4,2,1,83,2018,Round 21,2018-08-11,9690
Adelaide,David Mackay,7,13,13,76.5,0,0,0,1,0,0,1,8,341,1,4,0,81,2018,Round 21,2018-08-11,9690
Adelaide,Wayne Milera,2,14,15,88.2,0,0,0,4,0,0,0,3,349,5,5,0,87,2018,Round 21,2018-08-11,9690
Adelaide,Richard Douglas,4,12,9,56.2,0,0,0,0,1,0,2,5,253,4,1,0,84,2018,Round 21,2018-08-11,9690
Adelaide,Cameron Ellis Yolmen,9,6,12,80.0,0,0,0,1,0,1,4,6,103,0,0,0,61,2018,Round 21,2018-08-11,9690
Adelaide,Sam Jacobs,8,5,7,53.8,2,0,0,7,0,2,1,7,124,6,1,0,85,2018,Round 21,2018-08-11,9690
Adelaide,Kyle Cheney,5,8,10,76.9,1,0,0,6,0,0,1,2,91,1,5,0,82,2018,Round 21,2018-08-11,9690
Adelaide,Luke Brown,3,7,7,58.3,0,0,0,3,0,0,0,0,377,2,1,0,80,2018,Round 21,2018-08-11,9690
Adelaide,Tom Doedee,3,11,9,75.0,0,1,0,4,0,0,0,3,190,4,5,0,86,2018,Round 21,2018-08-11,9690
Adelaide,Josh Jenkins,4,7,9,81.8,1,1,2,1,0,0,1,9,224,2,1,1,89,2018,Round 21,2018-08-11,9690
Adelaide,Alex Keath,9,2,7,63.6,1,0,0,9,0,0,2,0,88,2,7,0,92,2018,Round 21,2018-08-11,9690
Adelaide,Jordan Gallucci,3,7,5,45.5,0,1,1,0,0,0,1,4,197,3,2,0,75,2018,Round 21,2018-08-11,9690
Adelaide,Rory Atkins,3,6,5,50.0,0,0,0,0,0,0,1,2,248,4,2,1,83,2018,Round 21,2018-08-11,9690
Adelaide,Hugh Greenwood,9,3,7,70.0,0,0,0,1,0,2,1,4,99,1,3,1,68,2018,Round 21,2018-08-11,9690
Adelaide,Edward Betts,5,3,5,55.6,0,0,0,0,0,0,1,4,105,2,0,0,82,2018,Round 21,2018-08-11,9690
Adelaide,Lachlan Murphy,4,4,4,57.1,0,0,1,0,1,0,0,3,202,3,0,1,79,2018,Round 21,2018-08-11,9690
Adelaide,Taylor Walker,2,4,3,50.0,2,0,1,2,0,0,0,3,139,1,0,3,86,2018,Round 21,2018-08-11,9690
North Melbourne,Ben Cunnington,12,15,18,69.2,2,2,0,0,0,0,3,9,456,3,3,0,74,2018,Round 21,2018-08-12,9691
North Melbourne,Shaun Higgins,12,12,15,62.5,0,1,0,1,1,3,2,5,459,4,2,1,86,2018,Round 21,2018-08-12,9691
North Melbourne,Todd Goldstein,10,10,14,70.0,3,0,0,2,0,1,1,7,269,7,3,0,89,2018,Round 21,2018-08-12,9691
North Melbourne,Jed Anderson,16,5,16,80.0,1,1,0,1,0,4,3,5,205,3,4,1,79,2018,Round 21,2018-08-12,9691
North Melbourne,Jarrad Waite,6,13,11,57.9,1,1,5,0,0,0,0,6,355,7,2,0,87,2018,Round 21,2018-08-12,9691
North Melbourne,Jamie Macmillan,7,11,13,68.4,0,0,0,2,1,0,1,3,288,10,7,1,87,2018,Round 21,2018-08-12,9691
North Melbourne,Scott Thompson 1,4,11,13,72.2,1,0,0,5,1,0,0,3,291,4,9,0,90,2018,Round 21,2018-08-12,9691
North Melbourne,Marley Williams,3,15,16,88.9,0,0,0,0,0,0,0,3,322,2,4,0,88,2018,Round 21,2018-08-12,9691
North Melbourne,Mason Wood,6,12,11,61.1,0,1,1,0,1,0,0,8,459,4,2,1,80,2018,Round 21,2018-08-12,9691
North Melbourne,Trent Dumont,7,12,14,77.8,0,0,1,2,0,1,2,4,327,6,7,1,91,2018,Round 21,2018-08-12,9691
North Melbourne,Jack Ziebell,9,8,12,70.6,1,0,0,1,0,0,0,4,306,5,3,2,84,2018,Round 21,2018-08-12,9691
North Melbourne,Robert Tarrant,3,14,11,68.8,0,0,0,2,0,0,0,2,261,4,3,0,91,2018,Round 21,2018-08-12,9691
North Melbourne,Majak Daw,7,8,14,93.3,5,1,0,7,0,0,1,1,125,1,6,0,91,2018,Round 21,2018-08-12,9691
North Melbourne,Samuel Wright,6,8,14,100.0,1,0,0,0,0,0,1,3,147,1,7,0,79,2018,Round 21,2018-08-12,9691
North Melbourne,Shaun Atley,1,11,8,66.7,0,0,0,0,0,0,0,6,123,0,0,1,80,2018,Round 21,2018-08-12,9691
North Melbourne,Ben Brown,8,4,8,66.7,1,0,2,2,0,0,0,6,194,4,1,1,100,2018,Round 21,2018-08-12,9691
North Melbourne,Ryan Clarke,1,12,10,83.3,0,0,0,1,0,0,0,3,118,0,0,1,67,2018,Round 21,2018-08-12,9691
North Melbourne,Jy Simpkin,3,10,6,54.5,1,0,0,0,0,0,1,2,154,4,1,1,72,2018,Round 21,2018-08-12,9691
North Melbourne,Luke Mcdonald,6,5,8,80.0,0,0,0,3,0,0,0,2,229,1,2,0,84,2018,Round 21,2018-08-12,9691
North Melbourne,Paul Ahern,5,5,6,60.0,0,2,1,0,0,2,0,7,229,1,3,0,63,2018,Round 21,2018-08-12,9691
North Melbourne,Will Walker,3,5,5,62.5,0,0,1,0,0,0,1,2,230,2,1,0,59,2018,Round 21,2018-08-12,9691
North Melbourne,Kayne Turner,4,3,6,100.0,1,0,0,0,0,0,0,4,53,0,1,0,78,2018,Round 21,2018-08-12,9691
Western Bulldogs,Lachlan Hunter,10,32,32,72.7,0,1,1,0,6,0,1,10,536,4,10,0,93,2018,Round 21,2018-08-12,9691
Western Bulldogs,Jackson Macrae,16,25,33,82.5,0,3,0,2,0,1,7,9,451,6,7,0,90,2018,Round 21,2018-08-12,9691
Western Bulldogs,Caleb Daniel,9,31,31,77.5,0,1,0,2,1,1,1,4,709,8,7,0,82,2018,Round 21,2018-08-12,9691
Western Bulldogs,Marcus Bontempelli,10,24,25,71.4,0,1,0,4,2,3,1,10,670,6,6,1,88,2018,Round 21,2018-08-12,9691
Western Bulldogs,Toby Mclean,9,18,21,80.8,1,1,0,1,0,1,3,8,233,2,2,0,84,2018,Round 21,2018-08-12,9691
Western Bulldogs,Josh Dunkley,9,16,23,88.5,0,1,1,5,0,3,3,10,228,2,1,2,78,2018,Round 21,2018-08-12,9691
Western Bulldogs,Jason Johannisen,5,18,21,87.5,0,0,0,1,2,0,1,1,557,6,5,0,83,2018,Round 21,2018-08-12,9691
Western Bulldogs,Hayden Crozier,2,21,20,83.3,0,1,0,5,0,0,0,4,405,4,4,0,78,2018,Round 21,2018-08-12,9691
Western Bulldogs,Mitchell Wallis,11,13,16,72.7,0,0,0,1,0,3,1,6,140,2,0,0,83,2018,Round 21,2018-08-12,9691
Western Bulldogs,Jackson Trengove,10,11,14,66.7,0,0,0,3,1,3,0,5,117,1,3,0,84,2018,Round 21,2018-08-12,9691
Western Bulldogs,Patrick Lipinski,9,9,14,77.8,0,0,0,2,0,0,1,5,103,3,1,0,80,2018,Round 21,2018-08-12,9691
Western Bulldogs,Ed Richards,4,12,13,76.5,0,0,0,0,3,0,0,6,190,2,4,0,79,2018,Round 21,2018-08-12,9691
Western Bulldogs,Lin Jong,8,6,12,80.0,1,0,1,5,0,0,1,6,277,4,3,0,79,2018,Round 21,2018-08-12,9691
Western Bulldogs,Tory Dickson,5,11,7,50.0,1,0,2,2,0,0,0,5,183,3,2,0,85,2018,Round 21,2018-08-12,9691
Western Bulldogs,Josh Schache,4,9,6,42.9,0,0,1,0,0,0,0,7,181,4,0,1,84,2018,Round 21,2018-08-12,9691
Western Bulldogs,Jordan Roughead,7,6,9,75.0,0,1,0,2,0,2,2,6,104,4,1,1,79,2018,Round 21,2018-08-12,9691
Western Bulldogs,Billy Gowers,2,10,7,63.6,0,0,0,1,0,0,0,5,218,3,3,1,85,2018,Round 21,2018-08-12,9691
Western Bulldogs,Fergus Greene,1,10,4,36.4,1,0,5,1,0,0,0,8,235,2,0,1,85,2018,Round 21,2018-08-12,9691
Western Bulldogs,Aaron Naughton,6,3,6,60.0,2,0,0,8,0,0,0,0,87,4,5,0,95,2018,Round 21,2018-08-12,9691
Western Bulldogs,Dale Morris,2,6,8,100.0,1,0,0,5,0,0,0,1,-4,0,6,0,98,2018,Round 21,2018-08-12,9691
Western Bulldogs,Bradley Lynch,4,4,6,75.0,0,2,1,1,1,0,0,4,91,1,1,0,79,2018,Round 21,2018-08-12,9691
Western Bulldogs,Zaine Cordy,2,2,3,75.0,1,0,0,1,0,0,0,0,101,0,3,0,28,2018,Round 21,2018-08-12,9691
Fremantle,Lachie Neale,18,15,26,76.5,1,0,0,0,0,5,5,9,371,2,3,0,79,2018,Round 21,2018-08-12,9693
Fremantle,Ed Langdon,3,28,25,80.6,0,0,1,0,0,0,0,6,443,4,2,0,82,2018,Round 21,2018-08-12,9693
Fremantle,David Mundy,10,18,21,75.0,1,1,0,1,0,3,3,11,249,3,2,0,84,2018,Round 21,2018-08-12,9693
Fremantle,Taylin Duman,7,20,17,63.0,0,0,0,3,0,0,1,5,331,5,8,0,85,2018,Round 21,2018-08-12,9693
Fremantle,Nathan Wilson,4,19,20,83.3,1,2,0,3,1,1,1,5,595,3,3,0,88,2018,Round 21,2018-08-12,9693
Fremantle,Thomas Sheridan,6,12,13,72.2,0,0,0,1,0,0,1,4,260,6,2,1,77,2018,Round 21,2018-08-12,9693
Fremantle,Matthew Taberner,8,9,11,64.7,3,0,1,1,0,0,1,6,405,4,0,1,91,2018,Round 21,2018-08-12,9693
Fremantle,Bradley Hill,3,14,11,68.8,0,1,0,0,2,0,0,5,385,4,0,0,88,2018,Round 21,2018-08-12,9693
Fremantle,Michael Walters,10,6,13,86.7,0,1,0,0,0,3,2,5,183,0,1,1,73,2018,Round 21,2018-08-12,9693
Fremantle,Luke Ryan,2,13,12,80.0,0,0,0,4,0,0,1,3,330,4,4,0,77,2018,Round 21,2018-08-12,9693
Fremantle,Hayden Ballantyne,5,9,10,71.4,0,0,2,2,0,0,2,4,324,4,0,0,78,2018,Round 21,2018-08-12,9693
Fremantle,Shane Kersten,6,8,13,92.9,1,0,0,2,0,0,0,5,264,1,7,0,81,2018,Round 21,2018-08-12,9693
Fremantle,Brennan Cox,5,9,10,71.4,3,0,3,1,0,0,0,7,224,3,1,2,91,2018,Round 21,2018-08-12,9693
Fremantle,Alex Pearce,7,6,11,84.6,2,0,0,7,0,0,0,3,66,1,9,0,99,2018,Round 21,2018-08-12,9693
Fremantle,Sam Switkowski,3,10,9,69.2,0,2,0,1,0,0,1,5,168,2,0,1,64,2018,Round 21,2018-08-12,9693
Fremantle,Michael Johnson,3,10,12,100.0,1,0,0,3,1,0,0,4,264,0,3,0,83,2018,Round 21,2018-08-12,9693
Fremantle,Cameron Mccarthy,5,7,9,75.0,2,1,4,1,0,0,0,7,326,3,0,1,94,2018,Round 21,2018-08-12,9693
Fremantle,Ryan Nyhuis,6,5,8,72.7,0,0,0,2,0,0,0,2,228,4,9,0,86,2018,Round 21,2018-08-12,9693
Fremantle,Brady Grey,4,5,7,77.8,0,0,0,3,0,0,1,5,199,1,1,0,71,2018,Round 21,2018-08-12,9693
Fremantle,Sean Darcy,4,5,6,66.7,0,0,0,0,0,0,0,7,98,0,3,0,86,2018,Round 21,2018-08-12,9693
Fremantle,Adam Cerra,5,3,4,50.0,0,0,0,1,0,1,2,3,113,1,1,0,72,2018,Round 21,2018-08-12,9693
Fremantle,Stefan Giro,3,6,7,87.5,0,1,1,0,0,1,0,3,182,0,1,0,74,2018,Round 21,2018-08-12,9693
Carlton,Patrick Cripps,14,17,20,62.5,1,1,0,2,1,4,4,9,337,4,0,1,91,2018,Round 21,2018-08-12,9693
Carlton,Dale Thomas,12,15,23,76.7,1,0,0,5,0,0,2,5,439,4,9,0,76,2018,Round 21,2018-08-12,9693
Carlton,Sam Kerridge,11,15,20,69.0,0,0,0,0,0,0,3,5,422,5,4,0,76,2018,Round 21,2018-08-12,9693
Carlton,Marc Murphy,4,18,12,54.5,0,2,0,1,0,0,0,6,406,3,2,3,93,2018,Round 21,2018-08-12,9693
Carlton,Kade Simpson,6,12,18,90.0,1,2,0,3,1,0,0,6,516,3,4,0,87,2018,Round 21,2018-08-12,9693
Carlton,Edward Curnow,11,8,12,60.0,0,0,0,0,0,3,5,3,189,2,2,1,86,2018,Round 21,2018-08-12,9693
Carlton,Sam Petrevski Seton,12,8,11,57.9,0,0,1,1,0,1,2,1,130,3,3,2,71,2018,Round 21,2018-08-12,9693
Carlton,Nicholas Graham,6,12,8,44.4,0,0,1,0,0,1,3,5,359,3,1,0,68,2018,Round 21,2018-08-12,9693
Carlton,Jed Lamb,1,14,12,75.0,0,0,0,1,0,1,0,4,333,6,0,0,76,2018,Round 21,2018-08-12,9693
Carlton,Ciaran Byrne,7,10,14,87.5,0,0,0,1,0,0,0,3,208,1,7,0,81,2018,Round 21,2018-08-12,9693
Carlton,Paddy Dow,9,6,9,60.0,0,1,0,0,4,2,2,7,332,4,3,1,72,2018,Round 21,2018-08-12,9693
Carlton,Matthew Lobbe,7,7,11,78.6,2,0,0,9,0,1,2,6,218,2,2,1,88,2018,Round 21,2018-08-12,9693
Carlton,Darcy Lang,6,8,11,78.6,0,0,1,1,0,0,2,4,127,1,2,0,76,2018,Round 21,2018-08-12,9693
Carlton,Charlie Curnow,4,10,7,53.8,0,1,3,1,0,0,0,7,359,2,0,0,97,2018,Round 21,2018-08-12,9693
Carlton,Harry Mckay,8,4,9,75.0,1,1,1,3,0,0,1,5,254,2,0,1,82,2018,Round 21,2018-08-12,9693
Carlton,Sam Rowe,5,5,8,72.7,0,0,0,11,0,0,0,1,64,1,8,0,100,2018,Round 21,2018-08-12,9693
Carlton,Matthew Wright,6,4,5,55.6,0,1,2,0,0,0,0,6,92,1,0,0,75,2018,Round 21,2018-08-12,9693
Carlton,Lochie O Brien,4,5,8,88.9,0,0,0,1,0,0,1,2,173,1,3,0,90,2018,Round 21,2018-08-12,9693
Carlton,Caleb Marchbank,1,8,7,87.5,0,0,0,6,0,0,0,1,255,5,2,0,100,2018,Round 21,2018-08-12,9693
Carlton,Jarrod Pickett,3,6,5,62.5,0,0,0,2,0,0,0,4,190,2,1,0,71,2018,Round 21,2018-08-12,9693
Carlton,Cameron Polson,4,1,4,80.0,0,0,0,0,0,1,0,1,51,3,2,0,62,2018,Round 21,2018-08-12,9693
Carlton,Jack Silvagni,0,3,3,75.0,0,0,0,4,0,0,0,1,105,1,1,0,80,2018,Round 21,2018-08-12,9693
Melbourne,Dom Tyson,10,21,20,64.5,0,1,0,0,0,0,3,7,354,5,6,0,78,2018,Round 21,2018-08-12,9692
Melbourne,Clayton Oliver,13,15,17,63.0,1,0,2,0,0,2,4,7,413,6,3,2,88,2018,Round 21,2018-08-12,9692
Melbourne,James Harmes,12,14,20,76.9,1,2,0,2,3,1,1,10,518,4,6,0,79,2018,Round 21,2018-08-12,9692
Melbourne,Angus Brayshaw,15,10,20,80.0,1,0,1,3,1,1,5,6,424,1,4,0,80,2018,Round 21,2018-08-12,9692
Melbourne,Nathan Jones,6,18,12,52.2,0,1,0,2,0,1,1,3,407,9,3,0,89,2018,Round 21,2018-08-12,9692
Melbourne,Christian Salem,8,13,21,95.5,0,0,0,1,4,1,1,6,373,3,7,0,88,2018,Round 21,2018-08-12,9692
Melbourne,Jordan Lewis,7,13,17,81.0,0,0,0,5,0,0,1,3,364,2,5,0,90,2018,Round 21,2018-08-12,9692
Melbourne,Christian Petracca,7,14,13,65.0,2,0,1,0,0,0,0,6,448,6,0,1,82,2018,Round 21,2018-08-12,9692
Melbourne,Jesse Hogan,8,10,8,42.1,0,0,3,2,0,0,0,7,226,4,1,0,79,2018,Round 21,2018-08-12,9692
Melbourne,Tom Mcdonald,8,10,12,70.6,3,0,4,5,0,0,0,8,391,4,2,1,95,2018,Round 21,2018-08-12,9692
Melbourne,Jay Kennedy Harris,6,9,14,100.0,1,0,0,0,0,0,2,7,128,0,3,1,73,2018,Round 21,2018-08-12,9692
Melbourne,Alex Neal Bullen,4,10,7,50.0,0,0,0,0,0,1,1,4,343,7,1,1,77,2018,Round 21,2018-08-12,9692
Melbourne,Bayley Fritsch,5,8,12,85.7,1,0,0,2,0,0,0,3,169,2,4,0,77,2018,Round 21,2018-08-12,9692
Melbourne,Oscar Mcdonald,7,3,8,72.7,3,0,0,5,0,0,0,1,173,3,8,1,96,2018,Round 21,2018-08-12,9692
Melbourne,Jeff Gartlett,9,2,6,60.0,1,1,1,2,0,0,0,6,33,1,2,0,76,2018,Round 21,2018-08-12,9692
Melbourne,Cameron Pedersen,5,6,8,80.0,2,0,0,3,0,0,1,3,146,2,3,0,83,2018,Round 21,2018-08-12,9692
Melbourne,Jayden Hunt,1,9,8,80.0,0,0,0,0,1,0,0,1,223,3,1,0,66,2018,Round 21,2018-08-12,9692
Melbourne,Aaron Vandenberg,7,4,8,80.0,2,0,2,3,0,0,1,3,126,3,1,1,84,2018,Round 21,2018-08-12,9692
Melbourne,Charlie Spargo,4,6,6,60.0,0,0,2,0,0,0,1,4,95,2,2,2,69,2018,Round 21,2018-08-12,9692
Melbourne,Sam Frost,4,4,8,88.9,1,0,0,5,0,0,0,4,140,0,4,0,97,2018,Round 21,2018-08-12,9692
Melbourne,Neville Jetta,4,5,7,87.5,0,0,0,2,0,0,1,0,134,1,5,0,76,2018,Round 21,2018-08-12,9692
Melbourne,Max Gawn,8,1,5,71.4,2,0,0,9,0,2,1,6,164,2,2,0,80,2018,Round 21,2018-08-12,9692
Sydney,Jake Lloyd,9,17,25,80.6,1,0,0,3,1,0,2,7,516,7,7,0,95,2018,Round 21,2018-08-12,9692
Sydney,Josh P  Kennedy,13,14,18,64.3,0,1,1,2,0,2,4,10,292,5,2,1,84,2018,Round 21,2018-08-12,9692
Sydney,Daniel Hannebery,9,17,16,61.5,0,0,0,0,0,1,2,6,293,5,2,0,83,2018,Round 21,2018-08-12,9692
Sydney,George Hewett,10,14,20,83.3,0,1,0,0,0,1,5,4,333,2,3,0,92,2018,Round 21,2018-08-12,9692
Sydney,Nic Newman,6,19,17,77.3,1,1,0,4,0,0,0,4,491,6,7,0,81,2018,Round 21,2018-08-12,9692
Sydney,Harry Cunningham,7,14,19,95.0,0,1,2,1,0,0,1,4,347,2,5,0,89,2018,Round 21,2018-08-12,9692
Sydney,Lance Franklin,7,14,9,47.4,4,0,2,1,1,0,0,10,531,8,0,2,98,2018,Round 21,2018-08-12,9692
Sydney,Luke Parker,9,9,14,73.7,0,2,1,3,0,0,2,5,125,1,2,0,88,2018,Round 21,2018-08-12,9692
Sydney,Isaac Heeney,10,10,16,84.2,2,1,3,2,0,0,0,5,291,3,8,0,87,2018,Round 21,2018-08-12,9692
Sydney,Oliver Florent,8,10,12,66.7,3,0,0,0,0,0,0,3,188,5,7,0,92,2018,Round 21,2018-08-12,9692
Sydney,Kieran Jack,6,9,13,81.2,0,0,0,1,0,1,0,7,127,0,1,1,76,2018,Round 21,2018-08-12,9692
Sydney,Tom Papley,8,11,11,68.8,0,0,0,1,2,0,3,8,358,2,2,1,87,2018,Round 21,2018-08-12,9692
Sydney,Jarrad Mcveigh,4,12,14,93.3,0,0,0,3,0,0,2,4,212,4,1,0,89,2018,Round 21,2018-08-12,9692
Sydney,Aliir Aliir,4,12,10,66.7,2,0,0,5,0,0,0,2,310,3,7,0,94,2018,Round 21,2018-08-12,9692
Sydney,Jordan Dawson,7,8,11,73.3,3,0,2,0,0,0,1,5,232,1,1,0,81,2018,Round 21,2018-08-12,9692
Sydney,Will Hayward,2,12,12,85.7,0,0,0,0,0,0,1,4,318,1,0,1,83,2018,Round 21,2018-08-12,9692
Sydney,Callum Sinclair,10,1,7,53.8,2,0,0,5,0,3,2,2,273,8,4,0,89,2018,Round 21,2018-08-12,9692
Sydney,Ben Ronke,8,6,8,61.5,1,1,0,1,0,0,0,4,156,4,2,0,84,2018,Round 21,2018-08-12,9692
Sydney,Dane Rampe,6,6,8,66.7,0,0,0,6,0,0,0,2,88,3,6,0,100,2018,Round 21,2018-08-12,9692
Sydney,Tom Mccartin,5,5,10,100.0,2,2,0,4,0,0,0,6,195,1,2,0,80,2018,Round 21,2018-08-12,9692
Sydney,Alex Johnson,2,2,1,25.0,0,0,0,2,0,0,0,0,45,1,1,0,20,2018,Round 21,2018-08-12,9692
Sydney,Nick Smith 1,0,2,2,100.0,0,0,0,1,0,0,0,0,-14,0,0,0,25,2018,Round 21,2018-08-12,9692
Richmond,Dustin Martin,10,18,21,80.8,1,0,3,2,3,1,2,11,445,4,0,0,88,2018,Round 22,2018-08-17,9694
Richmond,Jayden Short,4,22,20,80.0,0,1,0,1,5,0,0,3,655,8,3,0,83,2018,Round 22,2018-08-17,9694
Richmond,Shaun Grigg,14,11,15,65.2,1,0,0,2,0,3,3,7,276,2,5,0,82,2018,Round 22,2018-08-17,9694
Richmond,Brandon Ellis,4,17,19,86.4,0,1,0,2,0,0,0,6,280,4,7,0,79,2018,Round 22,2018-08-17,9694
Richmond,Reece Conca,7,13,15,71.4,0,0,0,0,0,2,3,6,315,4,3,1,72,2018,Round 22,2018-08-17,9694
Richmond,Shane Edwards,8,13,12,60.0,0,2,2,2,1,0,2,8,337,4,4,0,87,2018,Round 22,2018-08-17,9694
Richmond,Bachar Houli,8,14,16,80.0,0,0,1,3,0,0,2,6,383,4,4,0,78,2018,Round 22,2018-08-17,9694
Richmond,Kamdyn Mcintosh,7,12,14,70.0,0,1,1,0,3,1,3,6,427,3,3,0,79,2018,Round 22,2018-08-17,9694
Richmond,Alex Rance,6,11,13,76.5,0,0,0,5,0,0,0,0,173,4,10,0,96,2018,Round 22,2018-08-17,9694
Richmond,Josh Caddy,6,11,13,76.5,3,1,4,1,0,0,0,6,251,4,0,1,88,2018,Round 22,2018-08-17,9694
Richmond,Daniel Rioli,5,13,12,70.6,0,0,1,1,0,0,1,5,89,4,4,0,82,2018,Round 22,2018-08-17,9694
Richmond,Toby Nankervis,9,7,10,62.5,1,0,0,5,0,3,1,4,142,1,2,0,81,2018,Round 22,2018-08-17,9694
Richmond,Sam Lloyd,5,13,14,87.5,0,0,0,3,0,1,1,4,265,2,0,0,71,2018,Round 22,2018-08-17,9694
Richmond,Jack Graham,7,9,10,66.7,0,0,0,0,0,0,0,1,294,0,2,0,80,2018,Round 22,2018-08-17,9694
Richmond,Jack Riewoldt,5,7,8,57.1,1,0,5,4,0,0,0,11,313,6,3,3,100,2018,Round 22,2018-08-17,9694
Richmond,Jack Higgins,5,9,10,71.4,0,0,0,1,0,1,0,2,86,1,1,0,75,2018,Round 22,2018-08-17,9694
Richmond,Dylan Grimes,7,8,11,84.6,3,0,0,16,1,0,0,3,296,2,8,0,90,2018,Round 22,2018-08-17,9694
Richmond,Nick Vlastuin,6,8,10,76.9,0,1,0,3,2,0,0,3,218,2,8,0,90,2018,Round 22,2018-08-17,9694
Richmond,Ryan Garthwaite,2,8,9,81.8,0,0,0,8,0,0,0,1,186,2,4,0,84,2018,Round 22,2018-08-17,9694
Richmond,Jason Castagna,4,8,6,66.7,0,0,0,2,0,0,0,1,50,3,0,0,67,2018,Round 22,2018-08-17,9694
Richmond,Liam Baker,1,7,4,50.0,0,0,0,1,0,0,0,2,193,3,1,1,71,2018,Round 22,2018-08-17,9694
Richmond,Nathan Broad,5,0,3,75.0,0,0,0,6,0,0,0,0,30,1,4,0,78,2018,Round 22,2018-08-17,9694
Essendon,David Zaharakis,11,20,23,76.7,0,0,0,1,0,0,4,5,380,3,5,0,87,2018,Round 22,2018-08-17,9694
Essendon,Devon Smith,18,12,15,53.6,0,1,0,4,0,3,6,6,493,7,2,0,83,2018,Round 22,2018-08-17,9694
Essendon,Dyson Heppell,11,15,21,84.0,0,1,0,0,0,1,3,4,300,6,4,0,83,2018,Round 22,2018-08-17,9694
Essendon,Zachary Merrett,10,17,16,64.0,0,0,0,4,0,2,3,3,283,4,2,0,77,2018,Round 22,2018-08-17,9694
Essendon,Conor Mckenna,9,13,16,69.6,0,0,0,4,4,0,1,3,264,5,8,0,85,2018,Round 22,2018-08-17,9694
Essendon,Brendon Goddard,4,17,17,81.0,1,0,0,2,0,0,0,2,271,4,6,0,79,2018,Round 22,2018-08-17,9694
Essendon,Andrew Mcgrath,7,14,14,66.7,0,0,0,2,0,0,1,1,327,6,3,0,79,2018,Round 22,2018-08-17,9694
Essendon,Darcy Parish,6,13,13,72.2,1,0,1,0,0,1,2,3,302,4,0,0,68,2018,Round 22,2018-08-17,9694
Essendon,Adam Saad,5,15,12,70.6,0,0,0,4,9,0,0,1,379,3,5,0,78,2018,Round 22,2018-08-17,9694
Essendon,Michael Hurley,6,10,14,87.5,1,0,0,7,0,0,0,1,260,4,8,0,100,2018,Round 22,2018-08-17,9694
Essendon,Matthew Dea,0,13,14,87.5,0,0,0,2,0,0,0,1,279,3,4,0,90,2018,Round 22,2018-08-17,9694
Essendon,David Myers,7,9,7,46.7,0,1,0,2,0,1,3,3,271,5,2,0,71,2018,Round 22,2018-08-17,9694
Essendon,Kyle Langford,6,9,10,66.7,0,0,0,1,0,0,1,2,133,2,1,0,75,2018,Round 22,2018-08-17,9694
Essendon,Cale Hooker,10,5,9,64.3,0,0,2,2,0,0,0,6,229,5,1,2,98,2018,Round 22,2018-08-17,9694
Essendon,Tom Bellchambers,8,6,10,76.9,2,0,0,5,0,2,1,5,132,3,4,0,89,2018,Round 22,2018-08-17,9694
Essendon,Jake Stringer,4,7,6,46.2,0,0,1,0,0,2,1,4,324,2,0,0,84,2018,Round 22,2018-08-17,9694
Essendon,Aaron Francis,6,7,11,84.6,4,0,0,5,0,0,0,3,296,2,8,0,88,2018,Round 22,2018-08-17,9694
Essendon,Matt Guelfi,3,11,10,76.9,0,0,0,4,0,0,0,2,128,3,1,0,62,2018,Round 22,2018-08-17,9694
Essendon,Travis Colyer,5,8,9,81.8,0,1,0,1,0,0,0,5,165,2,2,0,69,2018,Round 22,2018-08-17,9694
Essendon,Mitchell Brown 1,5,5,8,80.0,0,0,0,1,0,0,0,3,277,1,1,1,97,2018,Round 22,2018-08-17,9694
Essendon,Mark Baguley,2,5,6,85.7,0,0,1,0,1,0,0,1,54,1,2,1,86,2018,Round 22,2018-08-17,9694
Essendon,Anthony Mcdonald Tipungwuti,4,3,6,85.7,0,0,0,1,0,0,2,1,99,1,0,1,72,2018,Round 22,2018-08-17,9694
Collingwood,Steele Sidebottom,12,21,25,75.8,0,1,2,2,0,1,1,11,435,3,5,0,83,2018,Round 22,2018-08-18,9695
Collingwood,Taylor Adams,12,19,23,76.7,1,2,1,1,0,2,3,9,565,6,2,1,82,2018,Round 22,2018-08-18,9695
Collingwood,Christopher Mayne,10,13,21,77.8,1,0,1,0,0,1,0,4,187,2,12,0,92,2018,Round 22,2018-08-18,9695
Collingwood,Scott Pendlebury,14,15,20,76.9,0,0,0,3,0,1,4,9,245,3,3,0,83,2018,Round 22,2018-08-18,9695
Collingwood,Brodie Grundy,15,9,15,60.0,1,0,1,2,1,1,7,7,190,5,1,2,83,2018,Round 22,2018-08-18,9695
Collingwood,Jack Crisp,9,17,19,79.2,1,2,0,1,0,0,1,5,231,2,3,0,88,2018,Round 22,2018-08-18,9695
Collingwood,Brayden Maynard,10,12,18,78.3,0,0,0,2,0,1,1,5,463,5,8,0,81,2018,Round 22,2018-08-18,9695
Collingwood,Tom Phillips,7,13,14,70.0,1,1,1,0,0,0,2,10,366,5,4,0,78,2018,Round 22,2018-08-18,9695
Collingwood,Tom Langdon,7,11,15,83.3,0,0,0,7,0,0,0,2,139,3,9,0,98,2018,Round 22,2018-08-18,9695
Collingwood,James Aish,7,10,12,70.6,0,0,0,3,0,0,1,5,247,3,7,0,81,2018,Round 22,2018-08-18,9695
Collingwood,Jack Madgen,4,13,12,70.6,0,0,0,5,0,1,0,1,169,2,4,0,88,2018,Round 22,2018-08-18,9695
Collingwood,Brayden Sier,10,9,9,56.2,0,0,0,0,0,0,4,6,316,4,2,2,71,2018,Round 22,2018-08-18,9695
Collingwood,Levi Greenwood,4,10,9,64.3,1,0,0,3,0,1,0,3,197,1,3,0,89,2018,Round 22,2018-08-18,9695
Collingwood,Jordan De Goey,7,7,9,64.3,2,0,3,0,0,0,0,7,170,3,3,0,76,2018,Round 22,2018-08-18,9695
Collingwood,Nathan Murphy,6,8,10,71.4,1,0,0,2,0,0,1,4,181,3,4,0,81,2018,Round 22,2018-08-18,9695
Collingwood,Will Hoskin Elliott,6,7,10,76.9,0,2,0,0,1,1,0,7,172,1,1,1,73,2018,Round 22,2018-08-18,9695
Collingwood,Brody Mihocek,4,8,10,76.9,1,1,0,2,0,0,0,9,199,0,1,1,90,2018,Round 22,2018-08-18,9695
Collingwood,Travis Varcoe,7,5,9,75.0,0,1,0,0,0,0,0,7,197,2,2,0,63,2018,Round 22,2018-08-18,9695
Collingwood,Adam Oxley,4,7,6,50.0,0,1,0,3,0,0,0,2,419,6,5,1,81,2018,Round 22,2018-08-18,9695
Collingwood,Josh Thomas,3,8,10,90.9,0,0,2,1,0,2,0,4,142,1,1,2,81,2018,Round 22,2018-08-18,9695
Collingwood,Mason Cox,7,5,6,54.5,3,0,3,1,0,0,1,6,382,6,0,1,83,2018,Round 22,2018-08-18,9695
Collingwood,Jaidyn Stephenson,3,8,6,66.7,0,0,0,1,0,0,0,8,193,1,0,0,76,2018,Round 22,2018-08-18,9695
Port Adelaide,Oliver Wines,14,16,21,72.4,0,1,1,0,0,2,2,3,295,2,3,1,74,2018,Round 22,2018-08-18,9695
Port Adelaide,Steven Motlop,9,19,21,75.0,0,1,0,0,1,1,4,4,551,6,2,0,86,2018,Round 22,2018-08-18,9695
Port Adelaide,Travis Boak,16,11,18,66.7,0,0,3,4,0,3,2,7,165,7,6,0,84,2018,Round 22,2018-08-18,9695
Port Adelaide,Justin Westhoff,11,10,13,59.1,0,1,0,3,0,1,4,3,332,5,6,1,87,2018,Round 22,2018-08-18,9695
Port Adelaide,Bradley Ebert,9,14,13,61.9,1,1,0,4,0,0,0,2,268,6,2,0,80,2018,Round 22,2018-08-18,9695
Port Adelaide,Jared Polec,4,17,17,81.0,0,1,0,2,0,1,0,3,330,2,2,0,81,2018,Round 22,2018-08-18,9695
Port Adelaide,Robert Gray,9,12,13,68.4,1,1,2,3,1,0,1,6,100,1,2,0,96,2018,Round 22,2018-08-18,9695
Port Adelaide,Dan Houston,6,12,15,78.9,0,0,0,2,0,0,1,2,204,6,6,0,87,2018,Round 22,2018-08-18,9695
Port Adelaide,Chad Wingard,9,9,12,66.7,1,1,1,1,0,0,5,5,265,4,2,0,87,2018,Round 22,2018-08-18,9695
Port Adelaide,Tom Rockliff,8,10,10,58.8,0,0,0,1,0,2,1,0,141,5,1,1,68,2018,Round 22,2018-08-18,9695
Port Adelaide,Sam Gray,8,11,10,58.8,0,0,0,1,0,1,1,2,148,5,6,0,73,2018,Round 22,2018-08-18,9695
Port Adelaide,Jarrod Lienert,1,15,9,52.9,0,0,0,4,0,0,0,1,267,8,3,0,80,2018,Round 22,2018-08-18,9695
Port Adelaide,Dougal Howard,4,11,11,78.6,1,0,0,11,0,0,0,1,268,2,6,0,94,2018,Round 22,2018-08-18,9695
Port Adelaide,Jack Watts,5,8,12,92.3,1,1,1,0,0,0,0,5,95,2,1,1,68,2018,Round 22,2018-08-18,9695
Port Adelaide,Jasper Mcmillan Pittard,2,9,12,92.3,0,0,0,3,0,0,0,3,421,3,3,0,89,2018,Round 22,2018-08-18,9695
Port Adelaide,Thomas Jonas,5,7,10,83.3,0,0,0,7,0,0,0,0,80,1,6,0,97,2018,Round 22,2018-08-18,9695
Port Adelaide,Riley Bonner,3,9,8,72.7,0,0,0,3,0,0,1,1,183,6,2,0,73,2018,Round 22,2018-08-18,9695
Port Adelaide,Patrick Ryder,7,3,9,90.0,2,0,2,3,0,2,0,5,144,1,3,0,82,2018,Round 22,2018-08-18,9695
Port Adelaide,Jack Hombsch,1,9,7,70.0,0,0,0,5,0,0,0,1,154,3,2,0,89,2018,Round 22,2018-08-18,9695
Port Adelaide,Darcy Byrne Jones,3,5,4,50.0,0,0,0,0,0,0,0,0,163,2,3,0,79,2018,Round 22,2018-08-18,9695
Port Adelaide,Kane Farrell,1,5,4,66.7,0,0,0,1,1,0,0,3,105,2,0,1,70,2018,Round 22,2018-08-18,9695
Port Adelaide,Aidyn Johnson,2,2,2,50.0,0,1,0,0,0,0,0,1,95,1,0,2,75,2018,Round 22,2018-08-18,9695
Geelong,Sam Menegola,10,17,23,85.2,0,1,0,1,0,0,2,9,461,5,4,1,82,2018,Round 22,2018-08-18,9696
Geelong,Tim Kelly,14,14,19,73.1,0,1,1,0,1,4,1,12,515,3,5,0,81,2018,Round 22,2018-08-18,9696
Geelong,Gary Jnr Ablett,6,18,19,76.0,0,0,2,0,0,1,1,6,481,5,3,0,84,2018,Round 22,2018-08-18,9696
Geelong,Mitchell Duncan,10,16,20,80.0,0,2,1,3,0,0,4,5,337,4,4,0,84,2018,Round 22,2018-08-18,9696
Geelong,Patrick Dangerfield,11,12,16,66.7,2,1,2,0,0,3,1,9,502,3,2,2,83,2018,Round 22,2018-08-18,9696
Geelong,Joel Selwood,10,12,17,77.3,0,0,0,3,0,1,3,6,335,3,6,1,80,2018,Round 22,2018-08-18,9696
Geelong,Tom Hawkins,11,10,16,72.7,1,2,6,2,0,0,2,13,343,6,1,0,88,2018,Round 22,2018-08-18,9696
Geelong,Lachlan Henderson,7,12,19,95.0,1,0,0,11,0,0,1,8,394,1,11,0,99,2018,Round 22,2018-08-18,9696
Geelong,Jordan Murdoch,9,13,16,80.0,0,2,0,0,0,0,0,9,346,0,7,2,81,2018,Round 22,2018-08-18,9696
Geelong,Thomas Stewart,3,16,13,65.0,0,0,0,2,2,0,0,4,326,5,7,0,87,2018,Round 22,2018-08-18,9696
Geelong,Ryan Abbott,10,9,10,52.6,1,0,1,6,0,4,0,9,172,3,0,1,84,2018,Round 22,2018-08-18,9696
Geelong,Jackson Thurlow,7,12,13,72.2,0,2,1,0,0,0,0,7,385,3,5,0,72,2018,Round 22,2018-08-18,9696
Geelong,Zach Tuohy,5,12,15,88.2,0,0,0,3,0,0,1,8,483,3,3,0,90,2018,Round 22,2018-08-18,9696
Geelong,Cameron Guthrie,7,10,14,82.4,0,2,0,0,0,1,2,7,197,1,2,0,64,2018,Round 22,2018-08-18,9696
Geelong,Brandan Parfitt,6,11,15,88.2,1,3,3,1,0,0,2,11,230,1,0,2,79,2018,Round 22,2018-08-18,9696
Geelong,Scott Selwood,4,12,12,85.7,0,1,0,0,0,0,1,4,-26,0,1,2,83,2018,Round 22,2018-08-18,9696
Geelong,Mark Blicavs,4,7,8,72.7,0,0,0,4,0,2,0,4,99,1,4,0,97,2018,Round 22,2018-08-18,9696
Geelong,Jake Kolodjashnij,5,8,8,72.7,0,0,0,2,0,0,0,3,251,7,5,0,81,2018,Round 22,2018-08-18,9696
Geelong,Mark O Connor,2,9,10,90.9,0,0,0,2,0,0,0,2,194,1,3,0,88,2018,Round 22,2018-08-18,9696
Geelong,Jack Henry,4,7,10,90.9,1,1,1,1,0,0,0,7,185,2,2,3,73,2018,Round 22,2018-08-18,9696
Geelong,Daniel Menzel,3,6,6,66.7,1,1,3,0,0,0,0,5,224,4,1,2,67,2018,Round 22,2018-08-18,9696
Geelong,Harry Taylor,2,2,4,80.0,1,0,0,11,0,0,0,2,7,0,3,0,73,2018,Round 22,2018-08-18,9696
Fremantle,Nathan Fyfe,19,20,21,56.8,2,0,1,6,0,4,3,8,638,9,6,1,81,2018,Round 22,2018-08-18,9696
Fremantle,Lachie Neale,18,11,19,73.1,0,0,0,5,0,3,6,3,133,3,3,0,82,2018,Round 22,2018-08-18,9696
Fremantle,David Mundy,14,10,14,63.6,1,0,1,3,0,2,4,5,291,5,1,0,86,2018,Round 22,2018-08-18,9696
Fremantle,Ed Langdon,7,11,13,72.2,0,0,0,1,0,0,1,4,362,3,3,0,70,2018,Round 22,2018-08-18,9696
Fremantle,Shane Kersten,8,10,11,64.7,1,0,0,8,0,0,0,2,276,5,9,0,96,2018,Round 22,2018-08-18,9696
Fremantle,Bradley Hill,4,11,10,62.5,0,0,0,1,2,0,0,3,382,2,0,0,84,2018,Round 22,2018-08-18,9696
Fremantle,Nathan Wilson,7,6,12,75.0,0,0,0,2,1,0,4,2,504,5,5,0,84,2018,Round 22,2018-08-18,9696
Fremantle,Michael Walters,9,6,13,86.7,0,0,0,0,0,2,1,1,101,3,3,0,75,2018,Round 22,2018-08-18,9696
Fremantle,Adam Cerra,3,11,8,57.1,0,0,0,0,0,0,1,1,288,5,2,0,73,2018,Round 22,2018-08-18,9696
Fremantle,Matthew Taberner,7,5,6,46.2,2,0,1,1,0,0,0,4,210,5,3,0,94,2018,Round 22,2018-08-18,9696
Fremantle,Stefan Giro,2,10,8,61.5,0,0,0,0,0,0,0,1,223,7,0,1,72,2018,Round 22,2018-08-18,9696
Fremantle,Thomas Sheridan,6,7,7,58.3,0,0,0,0,0,0,1,2,199,6,2,0,66,2018,Round 22,2018-08-18,9696
Fremantle,Michael Johnson,3,9,9,81.8,0,0,1,0,0,0,0,3,186,3,4,0,82,2018,Round 22,2018-08-18,9696
Fremantle,Brennan Cox,5,6,7,63.6,1,1,0,1,0,0,0,5,195,1,2,2,90,2018,Round 22,2018-08-18,9696
Fremantle,Bailey Banfield,7,3,9,81.8,1,1,0,3,0,1,0,3,33,2,2,0,69,2018,Round 22,2018-08-18,9696
Fremantle,Taylin Duman,5,5,7,70.0,0,0,0,1,0,0,1,2,149,3,6,0,81,2018,Round 22,2018-08-18,9696
Fremantle,Brady Grey,7,3,4,44.4,0,0,0,1,0,0,1,3,138,5,2,0,85,2018,Round 22,2018-08-18,9696
Fremantle,Ryan Nyhuis,5,3,6,75.0,0,0,0,3,0,0,0,0,77,1,5,0,86,2018,Round 22,2018-08-18,9696
Fremantle,Sean Darcy,3,3,4,66.7,1,0,0,3,0,1,1,3,85,1,0,0,85,2018,Round 22,2018-08-18,9696
Fremantle,Alex Pearce,3,1,4,80.0,1,0,0,6,0,0,0,0,60,3,3,0,85,2018,Round 22,2018-08-18,9696
Fremantle,Hayden Ballantyne,2,1,1,25.0,0,0,1,0,0,0,0,1,54,1,0,1,84,2018,Round 22,2018-08-18,9696
Fremantle,Cameron Mccarthy,1,5,1,25.0,0,0,2,2,0,0,0,3,54,1,0,2,89,2018,Round 22,2018-08-18,9696
Greater Western Sydney,Dylan Shiel,13,20,21,63.6,0,0,1,3,0,3,3,8,413,5,5,0,81,2018,Round 22,2018-08-18,9697
Greater Western Sydney,Tim Taranto,12,14,18,60.0,2,0,0,2,0,0,4,6,463,8,5,0,91,2018,Round 22,2018-08-18,9697
Greater Western Sydney,Callan Ward,13,15,18,66.7,0,0,0,1,0,4,4,6,298,5,3,3,80,2018,Round 22,2018-08-18,9697
Greater Western Sydney,Stephen Coniglio,11,11,14,66.7,1,0,2,1,0,1,4,5,262,4,2,0,85,2018,Round 22,2018-08-18,9697
Greater Western Sydney,Adam Tomlinson,7,14,14,66.7,1,0,0,1,0,1,0,2,309,4,6,1,90,2018,Round 22,2018-08-18,9697
Greater Western Sydney,Jacob Hopper,6,15,13,65.0,0,0,0,1,0,0,1,3,276,5,2,0,82,2018,Round 22,2018-08-18,9697
Greater Western Sydney,Nick Haynes,8,10,14,77.8,4,0,0,1,2,0,0,3,443,7,4,0,83,2018,Round 22,2018-08-18,9697
Greater Western Sydney,Harry Perryman,11,8,13,72.2,0,0,0,1,0,1,0,0,184,1,6,0,73,2018,Round 22,2018-08-18,9697
Greater Western Sydney,Adam Kennedy,7,12,13,76.5,1,0,0,8,2,0,1,5,627,4,7,0,89,2018,Round 22,2018-08-18,9697
Greater Western Sydney,Lachie Whitfield,1,13,15,88.2,0,0,0,0,1,0,0,3,409,6,1,1,93,2018,Round 22,2018-08-18,9697
Greater Western Sydney,Phil Davis,10,3,8,61.5,0,0,0,9,0,0,2,4,171,1,3,1,76,2018,Round 22,2018-08-18,9697
Greater Western Sydney,Matthew Buntine,4,8,9,69.2,0,0,0,4,0,0,0,5,236,2,5,0,80,2018,Round 22,2018-08-18,9697
Greater Western Sydney,Daniel Lloyd,6,6,10,76.9,0,2,1,1,0,0,0,7,237,1,2,0,86,2018,Round 22,2018-08-18,9697
Greater Western Sydney,Jeremy Finlayson,5,5,7,63.6,1,0,0,2,0,0,0,2,222,3,5,0,79,2018,Round 22,2018-08-18,9697
Greater Western Sydney,Harrison Himmelberg,8,3,6,54.5,3,0,3,3,0,0,0,8,204,1,0,0,90,2018,Round 22,2018-08-18,9697
Greater Western Sydney,Zac Giles Langdon,3,6,5,50.0,0,0,0,0,0,0,0,2,186,1,3,0,80,2018,Round 22,2018-08-18,9697
Greater Western Sydney,Lachlan Keeffe,2,5,5,62.5,0,0,0,6,0,0,0,2,172,3,2,0,90,2018,Round 22,2018-08-18,9697
Greater Western Sydney,Jeremy Cameron,6,5,4,50.0,0,1,1,0,0,0,0,6,119,3,2,4,92,2018,Round 22,2018-08-18,9697
Greater Western Sydney,Brent Daniels,1,7,5,62.5,0,0,0,1,0,0,0,0,16,3,2,0,64,2018,Round 22,2018-08-18,9697
Greater Western Sydney,Ryan Griffen,4,3,5,71.4,0,1,0,2,0,0,0,1,110,0,1,1,50,2018,Round 22,2018-08-18,9697
Greater Western Sydney,Rory Lobb,6,4,4,57.1,0,0,0,7,0,0,4,4,143,1,2,1,92,2018,Round 22,2018-08-18,9697
Greater Western Sydney,Aiden Bonar,4,2,4,80.0,1,0,1,0,0,0,1,2,24,1,0,1,73,2018,Round 22,2018-08-18,9697
Sydney,Luke Parker,15,15,21,63.6,0,0,2,2,0,2,7,8,510,3,3,0,91,2018,Round 22,2018-08-18,9697
Sydney,Jake Lloyd,6,23,23,76.7,1,1,1,2,0,0,0,6,401,6,6,0,88,2018,Round 22,2018-08-18,9697
Sydney,Josh P  Kennedy,14,14,19,70.4,1,1,2,0,1,2,3,9,440,5,5,1,79,2018,Round 22,2018-08-18,9697
Sydney,Zak Jones,8,16,20,87.0,0,1,0,5,1,0,1,7,352,3,6,1,87,2018,Round 22,2018-08-18,9697
Sydney,Jarrad Mcveigh,4,19,15,68.2,0,0,0,2,0,0,0,3,427,2,3,0,80,2018,Round 22,2018-08-18,9697
Sydney,Kieran Jack,12,10,10,45.5,0,0,0,1,0,0,3,7,479,7,5,0,71,2018,Round 22,2018-08-18,9697
Sydney,Nic Newman,7,11,16,80.0,0,0,0,3,4,0,2,6,369,2,6,0,79,2018,Round 22,2018-08-18,9697
Sydney,Harry Cunningham,3,16,15,78.9,0,0,1,0,0,0,0,4,275,1,3,0,87,2018,Round 22,2018-08-18,9697
Sydney,Lance Franklin,14,5,12,75.0,5,2,4,2,1,0,0,12,540,5,3,3,92,2018,Round 22,2018-08-18,9697
Sydney,George Hewett,9,7,13,81.2,0,0,0,1,0,2,2,5,73,0,2,0,77,2018,Round 22,2018-08-18,9697
Sydney,Daniel Hannebery,4,12,8,53.3,0,0,0,0,0,0,3,2,327,4,2,1,72,2018,Round 22,2018-08-18,9697
Sydney,Aliir Aliir,4,11,12,80.0,0,0,0,5,0,0,0,6,356,2,6,0,92,2018,Round 22,2018-08-18,9697
Sydney,Oliver Florent,7,7,11,73.3,0,0,0,1,0,0,1,3,193,2,3,1,79,2018,Round 22,2018-08-18,9697
Sydney,Will Hayward,6,4,7,50.0,0,1,0,0,0,1,1,4,143,3,2,2,74,2018,Round 22,2018-08-18,9697
Sydney,Ben Ronke,3,11,9,64.3,0,0,0,1,0,1,0,4,62,1,0,0,65,2018,Round 22,2018-08-18,9697
Sydney,Callum Sinclair,8,4,7,53.8,3,2,0,9,0,1,3,3,198,4,3,0,93,2018,Round 22,2018-08-18,9697
Sydney,Isaac Heeney,10,4,6,46.2,1,0,1,2,0,0,3,3,155,2,1,2,89,2018,Round 22,2018-08-18,9697
Sydney,Dane Rampe,5,5,7,63.6,0,0,0,7,0,0,0,1,158,3,5,0,95,2018,Round 22,2018-08-18,9697
Sydney,Daniel Robinson,4,6,7,70.0,0,0,0,0,0,0,1,0,110,3,2,1,78,2018,Round 22,2018-08-18,9697
Sydney,Tom Mccartin,8,2,6,60.0,1,0,0,1,0,0,0,4,44,1,1,2,88,2018,Round 22,2018-08-18,9697
Sydney,Tom Papley,4,7,4,44.4,0,1,1,2,1,1,0,2,127,3,1,1,78,2018,Round 22,2018-08-18,9697
Sydney,Robbie Fox,3,2,3,75.0,0,0,0,3,0,0,1,0,36,3,1,2,67,2018,Round 22,2018-08-18,9697
St Kilda,Sebastian Ross,12,21,21,61.8,0,0,0,0,0,2,2,8,398,8,6,0,85,2018,Round 22,2018-08-18,9699
St Kilda,Jack Steele,14,15,22,75.9,1,0,0,4,0,3,4,7,405,4,4,1,94,2018,Round 22,2018-08-18,9699
St Kilda,Jack Billings,4,23,23,85.2,0,2,0,1,0,0,0,7,364,2,2,0,81,2018,Round 22,2018-08-18,9699
St Kilda,Jade Gresham,10,18,14,53.8,0,1,1,0,0,0,3,7,497,5,2,0,83,2018,Round 22,2018-08-18,9699
St Kilda,Jack Steven,13,13,17,68.0,0,0,0,2,0,2,5,7,234,3,2,0,81,2018,Round 22,2018-08-18,9699
St Kilda,Logan Austin,3,14,18,85.7,0,0,0,1,0,0,1,1,324,5,5,0,95,2018,Round 22,2018-08-18,9699
St Kilda,Jimmy Webster,5,16,15,75.0,0,0,0,4,0,0,0,5,302,2,5,0,87,2018,Round 22,2018-08-18,9699
St Kilda,Blake Acres,11,9,12,63.2,0,0,0,4,2,1,4,2,272,2,1,0,70,2018,Round 22,2018-08-18,9699
St Kilda,Jack Lonie,9,9,15,83.3,1,1,2,0,0,1,2,6,311,2,3,1,84,2018,Round 22,2018-08-18,9699
St Kilda,Rowan Marshall,10,9,16,88.9,0,0,1,1,0,0,0,6,83,1,4,0,83,2018,Round 22,2018-08-18,9699
St Kilda,Jack Newnes,10,7,13,81.2,1,1,1,1,0,0,3,4,184,3,2,0,85,2018,Round 22,2018-08-18,9699
St Kilda,Bailey Rice,8,9,14,87.5,0,0,0,3,0,0,0,2,278,0,5,0,77,2018,Round 22,2018-08-18,9699
St Kilda,Sam Gilbert,4,9,7,46.7,0,0,0,10,0,0,1,0,317,5,5,1,91,2018,Round 22,2018-08-18,9699
St Kilda,David Armitage,4,11,11,73.3,1,1,1,1,0,0,0,5,251,1,4,0,78,2018,Round 22,2018-08-18,9699
St Kilda,Jack Sinclair,5,10,12,80.0,0,0,0,0,0,1,0,3,140,3,2,1,76,2018,Round 22,2018-08-18,9699
St Kilda,Tim Membrey,7,7,10,71.4,2,0,2,2,0,0,0,3,230,2,0,0,91,2018,Round 22,2018-08-18,9699
St Kilda,Jarryn Geary,4,7,10,90.9,0,2,0,0,0,0,0,3,255,0,2,0,76,2018,Round 22,2018-08-18,9699
St Kilda,Ben Paton,4,7,7,63.6,0,0,1,2,0,0,0,3,153,3,1,1,57,2018,Round 22,2018-08-18,9699
St Kilda,Daniel Mckenzie,5,6,10,100.0,0,0,0,4,0,1,2,0,198,2,4,0,90,2018,Round 22,2018-08-18,9699
St Kilda,Ben Long,5,4,6,66.7,0,0,0,2,0,1,0,3,223,2,2,0,71,2018,Round 22,2018-08-18,9699
St Kilda,Lewis Pierce,4,5,4,57.1,0,0,0,2,0,0,1,2,19,2,0,0,78,2018,Round 22,2018-08-18,9699
St Kilda,Hugh Goddard,5,2,4,66.7,0,0,0,3,0,0,0,2,65,1,4,0,87,2018,Round 22,2018-08-18,9699
Hawthorn,Tom Mitchell,16,18,22,66.7,0,1,0,1,0,3,3,5,276,7,5,3,97,2018,Round 22,2018-08-18,9699
Hawthorn,Jaeger O Meara,10,16,16,59.3,0,0,0,0,1,2,3,5,440,4,1,1,86,2018,Round 22,2018-08-18,9699
Hawthorn,James Worpel,9,18,14,51.9,0,0,1,1,1,2,3,5,481,8,0,0,77,2018,Round 22,2018-08-18,9699
Hawthorn,Shaun Burgoyne,13,11,20,83.3,2,1,0,1,0,1,4,7,429,3,2,1,72,2018,Round 22,2018-08-18,9699
Hawthorn,Jack Gunston,10,11,15,62.5,2,4,4,4,1,0,0,10,496,5,2,0,96,2018,Round 22,2018-08-18,9699
Hawthorn,Liam Shiels,10,13,13,56.5,0,0,0,3,0,1,6,4,484,4,1,0,85,2018,Round 22,2018-08-18,9699
Hawthorn,Jarman Impey,5,15,15,78.9,0,0,0,4,1,0,0,4,233,2,4,0,82,2018,Round 22,2018-08-18,9699
Hawthorn,Teia Miles,2,15,17,94.4,0,0,1,2,0,0,0,8,234,1,3,0,77,2018,Round 22,2018-08-18,9699
Hawthorn,Isaac Smith,4,12,11,68.8,0,0,0,1,0,0,1,1,257,2,3,2,91,2018,Round 22,2018-08-18,9699
Hawthorn,Conor Nash,7,9,12,75.0,0,1,2,2,0,0,0,8,262,4,5,2,78,2018,Round 22,2018-08-18,9699
Hawthorn,Luke Breust,9,8,11,73.3,0,1,2,0,0,1,4,7,219,2,1,1,75,2018,Round 22,2018-08-18,9699
Hawthorn,Harry Morrison,6,8,11,78.6,0,0,0,3,0,0,2,3,202,1,3,0,84,2018,Round 22,2018-08-18,9699
Hawthorn,Paul Puopolo,2,10,11,84.6,0,0,1,1,0,0,0,4,51,3,0,0,88,2018,Round 22,2018-08-18,9699
Hawthorn,Conor Glass,2,10,9,69.2,0,0,0,0,0,0,0,2,288,4,4,0,87,2018,Round 22,2018-08-18,9699
Hawthorn,Ryan Burton,0,14,13,100.0,0,0,0,4,3,0,0,5,166,3,2,1,79,2018,Round 22,2018-08-18,9699
Hawthorn,Blake Hardwick,6,7,12,92.3,0,0,0,6,0,0,1,5,192,2,5,0,86,2018,Round 22,2018-08-18,9699
Hawthorn,Ben Mcevoy,7,4,10,90.9,4,1,2,2,0,0,2,4,154,0,1,0,71,2018,Round 22,2018-08-18,9699
Hawthorn,James Frawley,3,5,9,100.0,0,0,0,3,0,0,0,3,103,0,4,0,47,2018,Round 22,2018-08-18,9699
Hawthorn,Kaiden Brand,3,5,7,77.8,0,0,0,9,0,0,1,2,214,3,4,0,93,2018,Round 22,2018-08-18,9699
Hawthorn,Ryan Schoenmakers,5,3,6,85.7,1,0,0,1,0,0,0,2,82,1,1,1,86,2018,Round 22,2018-08-18,9699
Hawthorn,Benjamin Stratton,4,6,4,57.1,1,0,0,14,0,0,0,1,1,4,5,0,95,2018,Round 22,2018-08-18,9699
Hawthorn,Marc Pittonet,2,1,2,66.7,0,1,0,2,0,0,0,2,-21,1,2,1,66,2018,Round 22,2018-08-18,9699
Gold Coast,Brayden Fiorini,11,21,20,62.5,0,0,0,2,0,2,3,2,585,8,3,0,77,2018,Round 22,2018-08-18,9698
Gold Coast,David Swallow,14,14,16,64.0,1,0,1,4,0,3,5,5,444,3,1,1,81,2018,Round 22,2018-08-18,9698
Gold Coast,Jarrod Harbrow,9,13,16,69.6,0,0,0,1,0,0,1,2,264,6,9,0,83,2018,Round 22,2018-08-18,9698
Gold Coast,Lachlan Weller,8,15,16,72.7,1,0,0,1,2,0,2,5,496,6,5,0,82,2018,Round 22,2018-08-18,9698
Gold Coast,Jesse Joyce,7,14,16,76.2,1,0,0,8,0,0,0,3,373,3,9,0,90,2018,Round 22,2018-08-18,9698
Gold Coast,Michael Barlow,8,13,15,75.0,0,0,0,2,0,1,1,4,213,4,6,0,80,2018,Round 22,2018-08-18,9698
Gold Coast,Jarryd Lyons,9,12,12,60.0,1,2,1,1,0,0,5,6,494,5,2,1,79,2018,Round 22,2018-08-18,9698
Gold Coast,Alex Sexton,8,11,17,89.5,0,0,1,0,2,2,1,8,440,3,1,2,91,2018,Round 22,2018-08-18,9698
Gold Coast,Jack Bowes,10,10,13,68.4,1,0,1,3,0,3,3,7,345,2,2,2,71,2018,Round 22,2018-08-18,9698
Gold Coast,Steven May,2,12,15,88.2,0,0,0,7,0,0,0,2,359,2,5,0,91,2018,Round 22,2018-08-18,9698
Gold Coast,Touk Miller,7,11,11,73.3,0,0,0,3,0,1,2,4,55,3,5,1,83,2018,Round 22,2018-08-18,9698
Gold Coast,Ben Ainsworth,6,9,11,73.3,0,0,1,0,0,1,0,5,118,1,2,2,77,2018,Round 22,2018-08-18,9698
Gold Coast,Aaron Young,9,7,7,50.0,1,1,0,1,0,0,0,3,49,1,1,0,79,2018,Round 22,2018-08-18,9698
Gold Coast,Jarrod Witts,6,7,8,57.1,0,0,1,7,0,2,1,1,76,4,2,1,85,2018,Round 22,2018-08-18,9698
Gold Coast,Michael Rischitelli,1,9,6,54.5,0,0,0,2,0,0,0,1,218,5,2,0,72,2018,Round 22,2018-08-18,9698
Gold Coast,Nicholas Holman,5,6,5,45.5,0,0,2,2,0,0,0,4,126,3,0,1,74,2018,Round 22,2018-08-18,9698
Gold Coast,Callum Ah Chee,1,11,8,80.0,0,0,0,4,0,0,0,1,292,4,1,0,83,2018,Round 22,2018-08-18,9698
Gold Coast,Jacob Heron,5,6,9,90.0,0,0,0,4,0,0,1,2,-6,1,5,0,83,2018,Round 22,2018-08-18,9698
Gold Coast,Sean Lemmens,5,5,5,55.6,0,1,0,1,0,0,0,3,97,3,0,1,80,2018,Round 22,2018-08-18,9698
Gold Coast,Bradley Scheer,3,6,7,77.8,1,0,2,3,0,0,0,2,164,3,3,3,76,2018,Round 22,2018-08-18,9698
Gold Coast,Brayden Crossley,4,3,5,71.4,1,0,1,1,0,0,0,1,23,2,1,0,85,2018,Round 22,2018-08-18,9698
Gold Coast,Jack Leslie,2,2,1,25.0,0,0,0,9,0,0,0,0,61,3,2,0,98,2018,Round 22,2018-08-18,9698
Brisbane Lions,Dayne Beams,17,20,22,57.9,1,0,3,0,0,2,7,12,532,6,5,0,87,2018,Round 22,2018-08-18,9698
Brisbane Lions,Allen Christensen,2,19,20,90.9,0,0,0,3,0,0,0,3,341,1,5,0,77,2018,Round 22,2018-08-18,9698
Brisbane Lions,Hugh Mccluggage,5,17,16,72.7,0,0,1,1,0,0,2,6,307,2,3,2,89,2018,Round 22,2018-08-18,9698
Brisbane Lions,Luke Hodge,4,14,18,85.7,2,0,0,5,0,0,0,2,425,5,9,0,92,2018,Round 22,2018-08-18,9698
Brisbane Lions,Stefan Martin,8,13,14,66.7,1,1,0,2,0,0,2,6,246,5,5,2,90,2018,Round 22,2018-08-18,9698
Brisbane Lions,Daniel Rich,3,17,19,90.5,0,0,0,5,0,0,0,7,430,2,4,1,90,2018,Round 22,2018-08-18,9698
Brisbane Lions,Mitch Robinson,10,11,15,71.4,1,0,0,4,0,0,2,0,374,7,3,1,81,2018,Round 22,2018-08-18,9698
Brisbane Lions,Jarrod Berry,11,10,14,66.7,0,0,0,2,0,3,3,2,395,7,2,0,85,2018,Round 22,2018-08-18,9698
Brisbane Lions,Tom Cutler,6,14,14,73.7,0,1,0,1,0,0,0,9,375,2,6,0,88,2018,Round 22,2018-08-18,9698
Brisbane Lions,Dayne Zorko,10,6,11,64.7,0,0,0,0,0,1,3,5,266,6,2,2,87,2018,Round 22,2018-08-18,9698
Brisbane Lions,Lewis Taylor,6,11,13,76.5,0,0,1,0,0,0,0,6,228,1,2,2,79,2018,Round 22,2018-08-18,9698
Brisbane Lions,Ryan Lester,7,7,11,68.8,0,1,0,5,0,0,1,4,202,4,8,0,81,2018,Round 22,2018-08-18,9698
Brisbane Lions,Nicholas Robertson,3,13,15,93.8,1,0,0,2,0,0,1,2,100,4,2,0,87,2018,Round 22,2018-08-18,9698
Brisbane Lions,Joshua Walker,5,9,12,80.0,1,0,1,2,2,0,2,7,241,2,5,1,91,2018,Round 22,2018-08-18,9698
Brisbane Lions,Rhys Mathieson,9,5,11,73.3,0,0,0,0,0,1,2,1,-4,1,1,0,79,2018,Round 22,2018-08-18,9698
Brisbane Lions,Harris Andrews,5,8,13,92.9,1,0,0,10,0,0,1,3,116,1,6,0,96,2018,Round 22,2018-08-18,9698
Brisbane Lions,Cameron Rayner,8,8,7,50.0,1,0,2,2,0,0,3,4,244,3,1,2,80,2018,Round 22,2018-08-18,9698
Brisbane Lions,Zac Bailey,3,11,11,78.6,0,2,0,2,0,0,1,5,311,2,2,1,84,2018,Round 22,2018-08-18,9698
Brisbane Lions,Eric Hipwood,5,7,2,18.2,0,0,1,2,0,0,0,5,260,3,1,0,83,2018,Round 22,2018-08-18,9698
Brisbane Lions,Brandon Starcevich,8,4,7,70.0,0,0,1,1,0,0,0,3,239,0,2,0,71,2018,Round 22,2018-08-18,9698
Brisbane Lions,Daniel Mcstay,4,3,1,20.0,1,0,1,4,0,0,0,2,137,2,1,1,90,2018,Round 22,2018-08-18,9698
Brisbane Lions,Alex Witherden,1,2,3,75.0,0,0,0,0,0,0,0,1,105,1,1,0,11,2018,Round 22,2018-08-18,9698
Carlton,Kade Simpson,11,21,27,77.1,0,0,0,1,2,0,3,7,702,5,8,0,89,2018,Round 22,2018-08-19,9700
Carlton,Patrick Cripps,12,17,22,75.9,0,0,0,1,0,2,4,2,192,7,1,0,83,2018,Round 22,2018-08-19,9700
Carlton,Edward Curnow,10,19,25,89.3,0,0,0,0,1,1,3,6,314,3,3,0,90,2018,Round 22,2018-08-19,9700
Carlton,Dale Thomas,8,16,20,87.0,0,0,0,3,0,0,0,4,278,1,5,0,76,2018,Round 22,2018-08-19,9700
Carlton,Marc Murphy,4,16,14,63.6,0,0,0,1,0,0,0,4,315,1,1,0,89,2018,Round 22,2018-08-19,9700
Carlton,Ciaran Byrne,7,16,17,77.3,0,0,0,3,0,0,0,3,254,3,9,0,76,2018,Round 22,2018-08-19,9700
Carlton,Jed Lamb,7,12,16,76.2,1,0,0,1,0,0,1,4,396,5,9,0,78,2018,Round 22,2018-08-19,9700
Carlton,Caleb Marchbank,6,15,15,71.4,3,0,0,5,0,0,0,1,317,2,8,0,97,2018,Round 22,2018-08-19,9700
Carlton,Lochie O Brien,4,16,17,85.0,0,1,1,0,0,0,0,6,164,1,2,0,87,2018,Round 22,2018-08-19,9700
Carlton,Jacob Weitering,4,12,11,68.8,0,0,0,8,0,0,0,1,151,4,5,0,94,2018,Round 22,2018-08-19,9700
Carlton,Matthew Lobbe,6,6,9,69.2,0,0,1,2,0,0,1,1,95,1,2,0,85,2018,Round 22,2018-08-19,9700
Carlton,Darcy Lang,2,11,8,61.5,0,0,1,0,0,0,0,1,159,1,0,0,71,2018,Round 22,2018-08-19,9700
Carlton,Harry Mckay,6,7,8,61.5,2,1,2,0,0,0,0,7,259,2,0,0,82,2018,Round 22,2018-08-19,9700
Carlton,Paddy Dow,6,7,10,76.9,0,0,0,0,2,0,3,3,187,2,1,0,73,2018,Round 22,2018-08-19,9700
Carlton,Jack Silvagni,4,8,8,72.7,1,0,1,3,0,0,0,2,76,1,1,1,70,2018,Round 22,2018-08-19,9700
Carlton,Tom De Koning,8,4,6,54.5,2,0,2,0,0,0,1,2,142,3,0,1,70,2018,Round 22,2018-08-19,9700
Carlton,Sam Rowe,4,7,9,90.0,0,0,0,7,0,0,0,2,80,2,5,0,97,2018,Round 22,2018-08-19,9700
Carlton,Cameron Polson,4,6,9,90.0,0,0,0,0,0,0,0,2,75,1,3,0,85,2018,Round 22,2018-08-19,9700
Carlton,Matthew Wright,4,6,7,77.8,0,0,1,2,0,0,0,3,132,2,2,1,83,2018,Round 22,2018-08-19,9700
Carlton,Aaron Mullett,2,6,4,44.4,0,0,0,2,0,0,0,2,116,0,2,0,70,2018,Round 22,2018-08-19,9700
Carlton,Charlie Curnow,7,2,4,44.4,1,0,3,2,0,0,0,3,154,4,0,0,90,2018,Round 22,2018-08-19,9700
Carlton,Sam Petrevski Seton,1,8,7,77.8,0,0,1,0,0,0,0,2,50,2,1,0,65,2018,Round 22,2018-08-19,9700
Western Bulldogs,Marcus Bontempelli,10,24,29,78.4,1,0,0,0,0,3,1,5,506,8,4,1,83,2018,Round 22,2018-08-19,9700
Western Bulldogs,Josh Dunkley,16,21,24,66.7,0,1,1,3,0,2,3,9,289,6,1,1,82,2018,Round 22,2018-08-19,9700
Western Bulldogs,Jackson Macrae,11,22,26,78.8,0,2,0,1,2,4,4,8,348,5,0,0,82,2018,Round 22,2018-08-19,9700
Western Bulldogs,Lachlan Hunter,9,25,32,97.0,0,0,1,2,0,0,5,6,235,2,3,0,91,2018,Round 22,2018-08-19,9700
Western Bulldogs,Jason Johannisen,3,19,20,83.3,1,0,0,2,2,0,0,2,516,5,4,0,87,2018,Round 22,2018-08-19,9700
Western Bulldogs,Mitchell Wallis,8,16,21,91.3,0,0,1,1,0,2,4,5,318,4,0,1,90,2018,Round 22,2018-08-19,9700
Western Bulldogs,Caleb Daniel,5,18,18,78.3,0,0,0,2,1,1,1,3,316,5,4,0,88,2018,Round 22,2018-08-19,9700
Western Bulldogs,Toby Mclean,6,13,11,57.9,0,0,1,1,1,1,3,5,168,5,2,0,84,2018,Round 22,2018-08-19,9700
Western Bulldogs,Patrick Lipinski,3,17,14,73.7,0,1,1,0,0,0,0,5,247,4,4,0,74,2018,Round 22,2018-08-19,9700
Western Bulldogs,Hayden Crozier,6,13,17,94.4,1,0,0,1,0,0,0,2,304,3,9,0,88,2018,Round 22,2018-08-19,9700
Western Bulldogs,Jackson Trengove,7,9,13,76.5,0,0,1,5,0,2,6,3,180,4,2,0,81,2018,Round 22,2018-08-19,9700
Western Bulldogs,Ed Richards,3,13,11,73.3,0,0,0,2,3,0,0,5,273,2,2,0,86,2018,Round 22,2018-08-19,9700
Western Bulldogs,Easton Wood,5,7,12,92.3,2,0,0,3,0,0,0,0,133,0,6,0,80,2018,Round 22,2018-08-19,9700
Western Bulldogs,Lin Jong,4,9,10,76.9,0,1,1,0,0,0,0,5,271,2,2,0,69,2018,Round 22,2018-08-19,9700
Western Bulldogs,Josh Schache,1,12,9,75.0,0,0,1,1,0,0,0,4,211,3,0,2,73,2018,Round 22,2018-08-19,9700
Western Bulldogs,Jordan Roughead,2,8,8,80.0,0,1,2,1,1,0,1,3,103,1,0,1,79,2018,Round 22,2018-08-19,9700
Western Bulldogs,Billy Gowers,5,5,8,88.9,1,1,1,2,0,0,1,5,93,1,0,1,87,2018,Round 22,2018-08-19,9700
Western Bulldogs,Aaron Naughton,5,4,8,88.9,4,0,0,5,0,0,0,1,106,1,5,0,91,2018,Round 22,2018-08-19,9700
Western Bulldogs,Tory Dickson,1,5,4,57.1,0,0,0,1,0,0,0,1,102,3,0,2,76,2018,Round 22,2018-08-19,9700
Western Bulldogs,Bradley Lynch,1,7,5,71.4,0,0,0,1,0,0,0,0,142,3,1,0,68,2018,Round 22,2018-08-19,9700
Western Bulldogs,Fergus Greene,1,6,4,66.7,0,0,1,0,0,0,0,2,48,1,1,4,63,2018,Round 22,2018-08-19,9700
Western Bulldogs,Dale Morris,2,3,5,100.0,1,0,0,3,0,0,0,1,55,0,4,0,100,2018,Round 22,2018-08-19,9700
West Coast,Dominic Sheed,5,26,21,67.7,0,2,0,0,4,0,1,9,506,6,4,0,80,2018,Round 22,2018-08-19,9701
West Coast,Chris Masten,4,23,23,85.2,0,0,0,1,1,0,0,4,442,4,3,0,93,2018,Round 22,2018-08-19,9701
West Coast,Jack Redden,14,10,15,60.0,0,0,0,3,1,4,2,8,355,3,6,0,85,2018,Round 22,2018-08-19,9701
West Coast,Liam Duggan,7,17,20,83.3,0,0,0,5,0,0,0,4,497,8,9,0,87,2018,Round 22,2018-08-19,9701
West Coast,Bradley Sheppard,5,18,18,78.3,2,0,0,3,2,0,0,5,360,3,6,0,93,2018,Round 22,2018-08-19,9701
West Coast,Elliot Yeo,7,16,15,65.2,2,1,2,4,1,2,0,4,450,3,2,2,90,2018,Round 22,2018-08-19,9701
West Coast,Jamie Cripps,7,14,16,72.7,0,2,0,0,0,0,0,5,376,5,2,2,88,2018,Round 22,2018-08-19,9701
West Coast,Luke Shuey,12,12,14,66.7,0,1,0,2,1,3,5,10,202,6,0,0,87,2018,Round 22,2018-08-19,9701
West Coast,Lewis Jetta,8,9,16,84.2,0,0,0,2,0,0,2,2,418,7,6,0,84,2018,Round 22,2018-08-19,9701
West Coast,Shannon Hurn,5,8,15,83.3,1,0,0,1,0,0,0,4,417,2,6,0,88,2018,Round 22,2018-08-19,9701
West Coast,Brendon Ah Chee,8,7,10,66.7,1,0,1,5,0,0,0,2,155,5,6,2,81,2018,Round 22,2018-08-19,9701
West Coast,Mark Hutchings,3,9,9,64.3,0,1,1,0,0,1,1,4,355,4,0,0,81,2018,Round 22,2018-08-19,9701
West Coast,Tom Barrass,8,5,12,85.7,1,0,0,7,0,0,0,2,54,1,12,0,93,2018,Round 22,2018-08-19,9701
West Coast,Jeremy Mcgovern,3,10,10,76.9,1,0,0,3,0,0,0,3,225,1,3,0,85,2018,Round 22,2018-08-19,9701
West Coast,Tom Cole,5,8,11,84.6,0,0,0,1,1,0,0,0,185,4,7,0,86,2018,Round 22,2018-08-19,9701
West Coast,Mark Lecras,9,3,9,81.8,2,1,1,1,0,2,2,5,232,1,1,1,90,2018,Round 22,2018-08-19,9701
West Coast,Scott Lycett,10,2,4,36.4,0,0,0,2,0,1,2,2,116,4,2,0,86,2018,Round 22,2018-08-19,9701
West Coast,Daniel Venables,5,5,8,80.0,0,0,1,0,0,0,0,3,129,2,1,1,70,2018,Round 22,2018-08-19,9701
West Coast,Willie Rioli,4,6,7,70.0,0,2,0,2,0,0,0,8,158,2,1,0,85,2018,Round 22,2018-08-19,9701
West Coast,Nathan Vardy,5,4,4,50.0,2,1,2,2,0,1,0,6,166,1,0,0,86,2018,Round 22,2018-08-19,9701
West Coast,Liam Ryan,3,5,6,75.0,0,1,0,0,1,0,0,3,112,1,1,0,75,2018,Round 22,2018-08-19,9701
West Coast,Jack Darling,0,1,0,0.0,0,0,0,0,0,0,0,0,-3,0,0,0,9,2018,Round 22,2018-08-19,9701
Melbourne,James Harmes,14,14,19,67.9,0,2,0,2,0,1,2,7,357,3,3,1,89,2018,Round 22,2018-08-19,9701
Melbourne,Nathan Jones,10,18,18,66.7,0,1,1,0,0,0,4,7,460,3,4,1,76,2018,Round 22,2018-08-19,9701
Melbourne,Angus Brayshaw,14,15,14,53.8,1,0,1,2,0,3,4,5,485,7,2,0,79,2018,Round 22,2018-08-19,9701
Melbourne,Jordan Lewis,10,12,15,65.2,1,0,0,2,0,0,3,2,322,3,6,0,94,2018,Round 22,2018-08-19,9701
Melbourne,Dom Tyson,9,15,17,73.9,0,1,0,1,0,1,2,8,160,4,4,0,74,2018,Round 22,2018-08-19,9701
Melbourne,Clayton Oliver,16,7,19,82.6,0,0,0,0,0,5,3,6,343,2,4,0,85,2018,Round 22,2018-08-19,9701
Melbourne,Max Gawn,12,8,16,80.0,3,1,0,6,0,4,3,9,379,7,6,0,87,2018,Round 22,2018-08-19,9701
Melbourne,Christian Salem,3,12,17,89.5,0,0,0,1,0,0,0,3,383,3,5,0,82,2018,Round 22,2018-08-19,9701
Melbourne,Jake Melksham,5,14,12,66.7,0,2,5,4,0,0,0,11,290,9,1,1,80,2018,Round 22,2018-08-19,9701
Melbourne,Christian Petracca,9,11,13,72.2,0,2,1,4,0,1,3,5,210,2,1,0,82,2018,Round 22,2018-08-19,9701
Melbourne,Alex Neal Bullen,9,9,11,61.1,0,2,0,0,0,0,2,7,222,4,3,3,81,2018,Round 22,2018-08-19,9701
Melbourne,Michael Hibberd,7,11,13,76.5,0,0,0,4,0,0,0,3,277,3,9,0,76,2018,Round 22,2018-08-19,9701
Melbourne,Bayley Fritsch,6,13,14,87.5,0,0,0,5,0,0,0,2,342,3,5,0,85,2018,Round 22,2018-08-19,9701
Melbourne,Dean Kent,4,11,8,57.1,0,1,1,1,0,0,0,7,266,4,1,2,75,2018,Round 22,2018-08-19,9701
Melbourne,Aaron Vandenberg,7,7,12,85.7,0,0,0,2,0,0,1,4,227,3,3,0,76,2018,Round 22,2018-08-19,9701
Melbourne,Oscar Mcdonald,2,9,9,69.2,1,0,0,9,0,0,0,1,260,3,4,0,96,2018,Round 22,2018-08-19,9701
Melbourne,Sam Weideman,7,5,8,61.5,4,0,2,2,0,1,0,6,268,5,1,0,78,2018,Round 22,2018-08-19,9701
Melbourne,Mitchell Hannan,3,11,10,76.9,0,1,4,1,0,0,0,7,237,2,0,0,76,2018,Round 22,2018-08-19,9701
Melbourne,Charlie Spargo,2,9,9,75.0,0,1,1,0,1,0,0,4,272,4,1,1,72,2018,Round 22,2018-08-19,9701
Melbourne,Sam Frost,3,8,11,100.0,2,0,0,5,0,0,0,3,177,1,3,0,85,2018,Round 22,2018-08-19,9701
Melbourne,Neville Jetta,4,6,7,70.0,1,0,0,2,0,0,0,2,140,0,6,0,83,2018,Round 22,2018-08-19,9701
Melbourne,Tom Mcdonald,3,8,7,70.0,0,1,3,5,0,0,0,4,282,3,1,2,86,2018,Round 22,2018-08-19,9701
Adelaide,Matt Crouch,17,30,39,84.8,0,0,0,2,0,4,5,6,228,2,3,0,78,2018,Round 22,2018-08-19,9702
Adelaide,Rory Laird,8,31,30,73.2,0,0,0,1,0,0,1,4,452,8,6,0,84,2018,Round 22,2018-08-19,9702
Adelaide,Rory Sloane,20,11,22,75.9,0,0,0,2,0,6,5,3,147,6,8,1,79,2018,Round 22,2018-08-19,9702
Adelaide,Bryce Gibbs,7,20,19,70.4,1,1,1,1,1,1,3,7,381,3,1,0,76,2018,Round 22,2018-08-19,9702
Adelaide,Rory Atkins,5,22,19,70.4,0,1,0,4,0,0,1,3,423,7,3,2,77,2018,Round 22,2018-08-19,9702
Adelaide,Tom Lynch,5,17,14,60.9,1,2,2,0,2,0,0,7,387,3,2,0,88,2018,Round 22,2018-08-19,9702
Adelaide,Paul Seedsman,5,18,19,82.6,0,1,1,2,0,0,1,7,574,4,1,0,82,2018,Round 22,2018-08-19,9702
Adelaide,Wayne Milera,2,21,21,91.3,1,0,0,7,1,0,0,2,355,3,4,0,79,2018,Round 22,2018-08-19,9702
Adelaide,David Mackay,3,20,17,77.3,0,0,0,0,2,0,1,3,400,2,2,0,78,2018,Round 22,2018-08-19,9702
Adelaide,Hugh Greenwood,12,9,13,61.9,0,0,1,0,0,1,3,6,167,2,1,0,78,2018,Round 22,2018-08-19,9702
Adelaide,Richard Douglas,6,13,12,60.0,0,0,0,4,0,1,1,5,333,6,2,0,85,2018,Round 22,2018-08-19,9702
Adelaide,Tom Doedee,6,14,15,75.0,1,0,0,3,0,0,0,2,220,5,9,0,63,2018,Round 22,2018-08-19,9702
Adelaide,Andy Otten,9,12,15,78.9,1,0,0,3,0,0,0,2,220,3,8,0,100,2018,Round 22,2018-08-19,9702
Adelaide,Jake Kelly,3,15,17,89.5,0,0,0,3,0,0,0,2,223,2,5,0,94,2018,Round 22,2018-08-19,9702
Adelaide,Sam Jacobs,2,15,15,88.2,1,0,0,2,0,0,1,5,157,0,2,0,78,2018,Round 22,2018-08-19,9702
Adelaide,Mitch Mcgovern,4,12,10,66.7,1,0,1,2,0,0,0,3,256,4,4,2,79,2018,Round 22,2018-08-19,9702
Adelaide,Jordan Gallucci,7,8,9,60.0,2,1,1,0,0,0,0,5,284,3,5,1,79,2018,Round 22,2018-08-19,9702
Adelaide,Josh Jenkins,6,8,9,69.2,0,1,3,4,0,0,0,6,185,2,2,0,91,2018,Round 22,2018-08-19,9702
Adelaide,Riley Knight,4,9,10,76.9,0,0,0,1,0,0,0,4,85,2,2,0,81,2018,Round 22,2018-08-19,9702
Adelaide,Luke Brown,7,6,11,91.7,0,1,0,2,0,0,0,1,198,4,7,0,84,2018,Round 22,2018-08-19,9702
Adelaide,Edward Betts,7,3,7,70.0,1,0,1,0,0,0,2,3,94,0,1,0,85,2018,Round 22,2018-08-19,9702
Adelaide,Kyle Cheney,2,7,7,77.8,0,0,0,2,1,0,0,0,148,1,1,0,83,2018,Round 22,2018-08-19,9702
North Melbourne,Trent Dumont,13,19,19,57.6,0,1,1,1,0,2,3,10,485,8,5,0,91,2018,Round 22,2018-08-19,9702
North Melbourne,Shaun Higgins,7,22,19,65.5,0,1,0,0,0,2,0,6,386,4,1,2,87,2018,Round 22,2018-08-19,9702
North Melbourne,Shaun Atley,5,18,20,87.0,0,0,0,0,0,1,1,8,245,4,1,0,84,2018,Round 22,2018-08-19,9702
North Melbourne,Jed Anderson,10,10,16,76.2,0,0,0,1,1,3,4,6,345,1,1,0,69,2018,Round 22,2018-08-19,9702
North Melbourne,Luke Mcdonald,4,16,13,65.0,0,0,0,1,0,0,1,1,249,6,2,0,83,2018,Round 22,2018-08-19,9702
North Melbourne,Robert Tarrant,5,14,17,89.5,0,1,0,4,0,0,1,7,468,3,7,0,92,2018,Round 22,2018-08-19,9702
North Melbourne,Marley Williams,3,17,16,84.2,0,0,0,1,2,0,0,8,340,2,2,0,89,2018,Round 22,2018-08-19,9702
North Melbourne,Scott Thompson 1,5,14,15,83.3,2,0,0,2,1,0,0,4,409,7,7,0,96,2018,Round 22,2018-08-19,9702
North Melbourne,Samuel Wright,6,12,16,88.9,0,0,0,3,0,0,0,4,348,5,9,0,82,2018,Round 22,2018-08-19,9702
North Melbourne,Jamie Macmillan,3,15,14,77.8,0,0,0,4,0,0,0,5,274,5,4,0,88,2018,Round 22,2018-08-19,9702
North Melbourne,Jack Ziebell,9,8,12,70.6,1,1,0,0,0,1,0,6,254,4,1,2,80,2018,Round 22,2018-08-19,9702
North Melbourne,Majak Daw,6,10,13,76.5,4,0,0,3,0,0,1,4,131,3,10,0,88,2018,Round 22,2018-08-19,9702
North Melbourne,Ryan Clarke,3,13,14,82.4,0,0,0,1,1,0,0,7,186,3,4,0,74,2018,Round 22,2018-08-19,9702
North Melbourne,Ben Cunnington,12,4,9,56.2,0,0,1,2,0,2,3,0,243,6,6,1,80,2018,Round 22,2018-08-19,9702
North Melbourne,Jarrad Waite,8,7,9,60.0,6,1,6,3,0,0,0,9,226,3,2,2,88,2018,Round 22,2018-08-19,9702
North Melbourne,Todd Goldstein,8,6,11,78.6,1,0,0,3,0,0,2,5,168,2,4,0,88,2018,Round 22,2018-08-19,9702
North Melbourne,Kayne Turner,6,6,6,50.0,0,0,1,3,2,0,0,6,170,1,2,1,84,2018,Round 22,2018-08-19,9702
North Melbourne,Nathan Hrovat,3,9,9,81.8,0,2,0,1,0,0,0,6,113,2,1,0,66,2018,Round 22,2018-08-19,9702
North Melbourne,Mason Wood,6,5,8,72.7,2,0,0,0,0,0,0,3,134,3,1,0,81,2018,Round 22,2018-08-19,9702
North Melbourne,Jy Simpkin,7,7,11,100.0,0,0,2,1,0,0,3,4,161,2,1,0,69,2018,Round 22,2018-08-19,9702
North Melbourne,Will Walker,5,6,6,66.7,0,0,1,0,0,0,0,3,190,2,3,1,39,2018,Round 22,2018-08-19,9702
North Melbourne,Ben Brown,2,3,1,25.0,0,0,1,1,0,0,0,1,56,3,0,5,100,2018,Round 22,2018-08-19,9702
Port Adelaide,Chad Wingard,17,16,21,65.6,1,1,0,1,0,2,4,4,346,5,5,2,75,2018,Round 23,2018-08-24,9710
Port Adelaide,Jared Polec,7,23,21,70.0,0,0,0,0,1,0,1,10,718,3,4,0,90,2018,Round 23,2018-08-24,9710
Port Adelaide,Travis Boak,13,12,17,68.0,0,0,0,0,0,4,2,8,317,3,4,2,87,2018,Round 23,2018-08-24,9710
Port Adelaide,Oliver Wines,14,10,15,62.5,0,2,0,3,0,1,2,5,158,4,4,0,69,2018,Round 23,2018-08-24,9710
Port Adelaide,Justin Westhoff,8,12,17,85.0,2,1,3,4,1,0,2,9,338,2,3,1,94,2018,Round 23,2018-08-24,9710
Port Adelaide,Jasper Mcmillan Pittard,5,16,10,50.0,1,0,0,4,1,0,2,3,229,6,6,0,83,2018,Round 23,2018-08-24,9710
Port Adelaide,Robert Gray,11,9,13,68.4,1,1,2,1,0,3,2,5,127,3,2,0,96,2018,Round 23,2018-08-24,9710
Port Adelaide,Steven Motlop,6,13,12,63.2,0,0,0,1,1,1,1,5,253,6,3,1,86,2018,Round 23,2018-08-24,9710
Port Adelaide,Bradley Ebert,8,12,13,72.2,1,1,0,1,0,1,1,5,122,4,2,1,78,2018,Round 23,2018-08-24,9710
Port Adelaide,Jack Watts,8,9,15,88.2,0,0,0,4,0,0,0,7,43,3,1,0,81,2018,Round 23,2018-08-24,9710
Port Adelaide,Sam Gray,6,10,15,88.2,0,1,1,0,0,0,2,6,145,2,2,0,73,2018,Round 23,2018-08-24,9710
Port Adelaide,Patrick Ryder,8,7,11,68.8,3,0,2,4,1,3,0,11,349,1,2,0,93,2018,Round 23,2018-08-24,9710
Port Adelaide,Thomas Jonas,4,12,14,87.5,0,0,0,5,0,0,0,3,166,2,4,0,98,2018,Round 23,2018-08-24,9710
Port Adelaide,Dan Houston,5,10,11,78.6,0,0,0,4,0,1,0,4,231,2,5,0,90,2018,Round 23,2018-08-24,9710
Port Adelaide,Jarrod Lienert,4,10,12,85.7,0,0,0,2,0,0,0,1,305,4,4,0,80,2018,Round 23,2018-08-24,9710
Port Adelaide,Sam Powell Pepper,8,8,7,53.8,0,0,0,2,0,1,2,3,235,3,1,0,64,2018,Round 23,2018-08-24,9710
Port Adelaide,Darcy Byrne Jones,5,6,6,54.5,0,0,0,2,0,0,1,1,127,4,4,0,69,2018,Round 23,2018-08-24,9710
Port Adelaide,Kane Farrell,1,10,9,81.8,0,0,1,0,0,0,0,4,302,2,0,0,71,2018,Round 23,2018-08-24,9710
Port Adelaide,Dougal Howard,3,7,7,70.0,1,0,0,11,0,0,0,1,199,1,4,0,90,2018,Round 23,2018-08-24,9710
Port Adelaide,Jake Neade,4,4,4,50.0,0,1,1,0,0,0,0,3,81,2,1,1,63,2018,Round 23,2018-08-24,9710
Port Adelaide,Billy Frampton,5,3,3,42.9,4,0,3,1,0,0,1,3,144,3,0,0,80,2018,Round 23,2018-08-24,9710
Port Adelaide,Jack Hombsch,0,3,3,75.0,0,0,0,3,0,0,0,1,81,1,1,0,90,2018,Round 23,2018-08-24,9710
Essendon,Devon Smith,7,22,16,55.2,0,1,0,0,0,1,3,7,409,6,2,1,85,2018,Round 23,2018-08-24,9710
Essendon,Zachary Merrett,7,22,21,72.4,0,1,0,1,1,0,1,7,302,2,3,1,80,2018,Round 23,2018-08-24,9710
Essendon,Brendon Goddard,2,23,25,92.6,0,2,0,1,0,0,0,5,249,2,6,0,83,2018,Round 23,2018-08-24,9710
Essendon,Dyson Heppell,10,16,18,69.2,0,0,0,0,0,4,3,6,276,5,2,0,89,2018,Round 23,2018-08-24,9710
Essendon,David Zaharakis,11,15,20,80.0,0,1,0,1,0,0,3,11,368,0,3,0,91,2018,Round 23,2018-08-24,9710
Essendon,Darcy Parish,7,17,16,72.7,0,0,0,3,2,1,2,6,385,2,4,1,75,2018,Round 23,2018-08-24,9710
Essendon,Mitchell Brown 1,11,10,17,81.0,2,1,1,3,0,0,0,8,318,4,1,1,100,2018,Round 23,2018-08-24,9710
Essendon,Cale Hooker,8,11,16,84.2,1,0,0,4,0,0,0,1,248,0,7,0,93,2018,Round 23,2018-08-24,9710
Essendon,Adam Saad,5,14,17,89.5,0,0,0,3,1,0,0,4,320,1,4,0,96,2018,Round 23,2018-08-24,9710
Essendon,Aaron Francis,12,9,12,63.2,6,0,0,4,0,0,0,5,340,7,13,0,76,2018,Round 23,2018-08-24,9710
Essendon,Conor Mckenna,4,13,10,55.6,0,0,0,0,1,0,0,1,294,6,3,0,76,2018,Round 23,2018-08-24,9710
Essendon,Michael Hurley,4,12,13,76.5,0,0,0,6,0,0,0,3,177,4,5,0,94,2018,Round 23,2018-08-24,9710
Essendon,Jayden Laverde,6,13,10,58.8,2,1,2,1,0,0,0,9,263,6,0,0,85,2018,Round 23,2018-08-24,9710
Essendon,David Myers,8,9,12,75.0,0,1,1,1,0,3,2,6,136,3,1,0,71,2018,Round 23,2018-08-24,9710
Essendon,Kyle Langford,7,7,12,80.0,1,1,1,0,0,1,2,6,337,1,3,2,75,2018,Round 23,2018-08-24,9710
Essendon,Travis Colyer,4,10,11,78.6,0,0,0,0,0,0,0,3,213,2,2,0,77,2018,Round 23,2018-08-24,9710
Essendon,Andrew Mcgrath,5,7,10,76.9,0,1,0,1,0,0,0,5,149,2,1,2,78,2018,Round 23,2018-08-24,9710
Essendon,Matt Guelfi,5,8,12,92.3,0,0,0,2,0,1,0,5,182,0,3,0,82,2018,Round 23,2018-08-24,9710
Essendon,Mark Baguley,4,9,8,66.7,0,0,1,3,0,1,0,4,117,5,0,3,91,2018,Round 23,2018-08-24,9710
Essendon,Anthony Mcdonald Tipungwuti,6,4,9,75.0,0,0,1,0,0,1,3,5,142,2,3,2,75,2018,Round 23,2018-08-24,9710
Essendon,Jake Stringer,7,4,3,33.3,1,0,1,1,0,0,1,5,311,2,0,0,88,2018,Round 23,2018-08-24,9710
Essendon,Matthew Leuenberger,2,1,3,100.0,1,0,0,1,0,0,0,4,-30,0,0,1,39,2018,Round 23,2018-08-24,9710
Geelong,Patrick Dangerfield,20,14,23,67.6,3,2,4,1,0,2,4,15,566,2,1,1,89,2018,Round 23,2018-08-25,9704
Geelong,Mitchell Duncan,9,21,22,75.9,0,0,1,2,0,1,2,7,317,3,4,2,84,2018,Round 23,2018-08-25,9704
Geelong,Joel Selwood,14,15,24,85.7,0,1,0,3,0,5,1,9,263,1,6,0,80,2018,Round 23,2018-08-25,9704
Geelong,Gary Jnr Ablett,13,12,17,68.0,1,1,2,0,1,1,2,10,434,6,1,1,86,2018,Round 23,2018-08-25,9704
Geelong,Scott Selwood,5,20,19,76.0,0,2,2,1,0,0,1,10,262,5,3,1,77,2018,Round 23,2018-08-25,9704
Geelong,Sam Menegola,6,19,18,78.3,0,1,1,1,0,0,0,7,448,3,2,0,79,2018,Round 23,2018-08-25,9704
Geelong,Tim Kelly,7,16,17,73.9,0,0,2,1,0,0,3,9,381,5,0,0,78,2018,Round 23,2018-08-25,9704
Geelong,Zach Tuohy,5,15,19,86.4,0,0,0,1,0,0,0,6,457,3,6,0,94,2018,Round 23,2018-08-25,9704
Geelong,Thomas Stewart,5,18,20,90.9,2,0,0,5,0,0,0,5,285,3,11,0,80,2018,Round 23,2018-08-25,9704
Geelong,Lachlan Henderson,6,13,17,85.0,2,2,0,5,0,0,0,7,375,2,10,0,87,2018,Round 23,2018-08-25,9704
Geelong,Cameron Guthrie,8,13,18,90.0,0,0,0,5,0,0,3,5,141,1,2,2,55,2018,Round 23,2018-08-25,9704
Geelong,Brandan Parfitt,5,14,14,77.8,0,1,0,0,0,1,0,4,189,4,3,2,75,2018,Round 23,2018-08-25,9704
Geelong,Tom Hawkins,10,8,10,62.5,3,3,3,1,0,0,0,11,340,4,2,5,92,2018,Round 23,2018-08-25,9704
Geelong,Harry Taylor,1,14,16,100.0,1,0,0,4,0,0,0,1,264,1,3,0,80,2018,Round 23,2018-08-25,9704
Geelong,Jordan Murdoch,1,15,13,81.2,1,0,1,0,1,0,0,4,351,3,0,1,74,2018,Round 23,2018-08-25,9704
Geelong,Mark Blicavs,10,8,15,93.8,2,0,1,5,2,0,0,2,270,4,8,0,94,2018,Round 23,2018-08-25,9704
Geelong,Mark O Connor,3,11,11,73.3,2,0,0,0,0,0,0,5,255,4,4,0,91,2018,Round 23,2018-08-25,9704
Geelong,Jake Kolodjashnij,0,12,10,83.3,0,1,0,0,0,0,0,3,189,2,1,0,74,2018,Round 23,2018-08-25,9704
Geelong,Daniel Menzel,3,9,8,72.7,1,0,1,3,0,0,0,7,222,3,0,0,80,2018,Round 23,2018-08-25,9704
Geelong,Jed Bews,5,5,9,90.0,0,0,0,2,0,1,0,1,56,1,4,0,86,2018,Round 23,2018-08-25,9704
Geelong,Ryan Abbott,4,5,6,66.7,0,1,2,2,0,1,2,7,82,1,0,1,86,2018,Round 23,2018-08-25,9704
Geelong,Jack Henry,4,3,5,83.3,2,1,1,1,0,0,0,1,31,1,1,2,80,2018,Round 23,2018-08-25,9704
Gold Coast,Michael Barlow,14,20,25,71.4,0,0,1,4,0,1,5,4,467,7,6,0,88,2018,Round 23,2018-08-25,9704
Gold Coast,Jarrod Harbrow,3,24,18,69.2,0,0,0,0,0,1,0,2,405,7,2,0,88,2018,Round 23,2018-08-25,9704
Gold Coast,Jack Bowes,13,14,17,68.0,0,0,0,3,0,1,2,1,196,5,4,0,86,2018,Round 23,2018-08-25,9704
Gold Coast,Jarryd Lyons,7,15,16,69.6,0,0,0,1,1,1,2,4,291,3,1,0,79,2018,Round 23,2018-08-25,9704
Gold Coast,Touk Miller,8,14,16,69.6,0,0,1,1,0,1,1,2,238,4,6,0,86,2018,Round 23,2018-08-25,9704
Gold Coast,Brayden Fiorini,4,20,16,69.6,0,1,0,1,1,1,2,3,252,3,0,0,76,2018,Round 23,2018-08-25,9704
Gold Coast,Lachlan Weller,9,14,19,86.4,0,0,0,2,1,1,1,5,313,5,6,0,83,2018,Round 23,2018-08-25,9704
Gold Coast,Callum Ah Chee,5,18,13,61.9,0,0,0,4,0,0,1,3,257,5,3,0,89,2018,Round 23,2018-08-25,9704
Gold Coast,David Swallow,10,11,15,75.0,0,0,0,0,0,3,1,2,104,0,4,1,76,2018,Round 23,2018-08-25,9704
Gold Coast,Jesse Joyce,4,15,14,70.0,0,0,0,4,0,0,0,2,153,4,5,0,84,2018,Round 23,2018-08-25,9704
Gold Coast,Steven May,7,10,15,78.9,1,0,0,8,0,0,1,0,257,1,7,0,100,2018,Round 23,2018-08-25,9704
Gold Coast,Alex Sexton,3,15,5,29.4,1,0,2,1,2,1,0,4,589,8,0,0,88,2018,Round 23,2018-08-25,9704
Gold Coast,Michael Rischitelli,3,12,12,80.0,0,0,0,3,0,0,0,2,201,2,6,0,79,2018,Round 23,2018-08-25,9704
Gold Coast,Nicholas Holman,6,9,10,66.7,0,0,0,0,0,1,2,0,135,6,1,0,87,2018,Round 23,2018-08-25,9704
Gold Coast,Aaron Young,3,10,9,69.2,1,1,1,2,1,0,0,3,259,3,1,0,83,2018,Round 23,2018-08-25,9704
Gold Coast,Bradley Scheer,9,5,8,61.5,1,0,1,3,0,1,1,5,161,3,2,1,86,2018,Round 23,2018-08-25,9704
Gold Coast,Brayden Crossley,4,8,10,83.3,1,0,1,1,0,0,1,4,158,2,2,1,90,2018,Round 23,2018-08-25,9704
Gold Coast,Sean Lemmens,2,8,8,80.0,0,0,0,0,0,0,0,0,100,2,2,0,83,2018,Round 23,2018-08-25,9704
Gold Coast,Joshua Schoenfeld,3,7,10,100.0,0,0,1,1,0,0,0,1,15,0,1,0,79,2018,Round 23,2018-08-25,9704
Gold Coast,Jacob Heron,3,4,6,85.7,0,0,0,2,0,0,2,1,31,1,1,0,87,2018,Round 23,2018-08-25,9704
Gold Coast,Jarrod Witts,4,2,2,33.3,0,0,0,1,0,1,3,2,42,0,0,1,90,2018,Round 23,2018-08-25,9704
Gold Coast,Jack Leslie,2,0,0,0.0,0,0,0,0,0,0,0,0,13,1,2,0,14,2018,Round 23,2018-08-25,9704
Richmond,Dustin Martin,13,20,20,60.6,1,4,0,0,0,6,3,12,634,10,2,1,86,2018,Round 23,2018-08-25,9705
Richmond,Dion Prestia,11,18,16,57.1,0,0,0,0,0,2,4,1,428,5,1,0,75,2018,Round 23,2018-08-25,9705
Richmond,Bachar Houli,2,18,17,81.0,0,1,0,3,1,0,0,5,416,5,3,0,73,2018,Round 23,2018-08-25,9705
Richmond,Brandon Ellis,6,15,14,66.7,0,0,0,1,0,0,0,3,118,5,8,0,71,2018,Round 23,2018-08-25,9705
Richmond,Toby Nankervis,11,10,15,71.4,1,0,1,4,0,0,2,6,215,2,4,0,78,2018,Round 23,2018-08-25,9705
Richmond,Jack Graham,6,16,16,80.0,0,0,1,0,3,0,1,7,333,4,1,3,79,2018,Round 23,2018-08-25,9705
Richmond,Shaun Grigg,5,14,15,78.9,0,0,1,1,0,1,0,5,248,1,2,0,80,2018,Round 23,2018-08-25,9705
Richmond,Reece Conca,5,12,13,72.2,0,1,1,1,1,0,0,4,253,5,3,0,77,2018,Round 23,2018-08-25,9705
Richmond,Jack Higgins,9,11,11,61.1,0,2,0,5,0,0,1,7,193,6,5,3,71,2018,Round 23,2018-08-25,9705
Richmond,Trent Cotchin,9,7,11,64.7,0,0,0,0,0,1,0,3,120,1,2,0,74,2018,Round 23,2018-08-25,9705
Richmond,Kamdyn Mcintosh,7,11,13,76.5,0,1,1,3,0,1,1,6,407,7,4,0,74,2018,Round 23,2018-08-25,9705
Richmond,Jason Castagna,7,10,12,70.6,0,0,0,1,0,0,0,6,315,5,2,2,78,2018,Round 23,2018-08-25,9705
Richmond,Shane Edwards,7,9,13,81.2,0,1,0,2,0,0,1,3,226,4,2,0,87,2018,Round 23,2018-08-25,9705
Richmond,Jack Riewoldt,6,7,10,71.4,3,1,7,1,0,0,0,9,329,4,0,1,100,2018,Round 23,2018-08-25,9705
Richmond,Jayden Short,6,8,12,92.3,0,0,0,4,1,0,1,6,344,0,6,0,78,2018,Round 23,2018-08-25,9705
Richmond,Alex Rance,3,7,11,91.7,0,0,0,8,0,0,0,5,185,0,10,0,100,2018,Round 23,2018-08-25,9705
Richmond,Josh Caddy,5,7,9,75.0,0,0,0,0,0,0,0,5,119,3,0,0,96,2018,Round 23,2018-08-25,9705
Richmond,Nick Vlastuin,4,6,9,75.0,1,0,0,3,0,0,0,2,186,3,7,1,87,2018,Round 23,2018-08-25,9705
Richmond,Dylan Grimes,7,4,10,90.9,1,0,0,6,0,0,0,3,127,1,8,0,87,2018,Round 23,2018-08-25,9705
Richmond,David Astbury,2,8,9,90.0,0,0,0,3,0,0,0,3,162,2,5,0,91,2018,Round 23,2018-08-25,9705
Richmond,Daniel Rioli,0,10,9,90.0,0,2,0,0,0,0,0,7,147,0,0,0,75,2018,Round 23,2018-08-25,9705
Richmond,Nathan Broad,1,4,1,25.0,0,0,0,3,0,0,0,0,70,1,0,0,80,2018,Round 23,2018-08-25,9705
Western Bulldogs,Jackson Macrae,14,30,30,69.8,1,1,1,1,0,3,1,11,569,4,6,0,89,2018,Round 23,2018-08-25,9705
Western Bulldogs,Lachlan Hunter,6,29,30,85.7,0,0,0,3,1,0,2,11,385,4,6,0,89,2018,Round 23,2018-08-25,9705
Western Bulldogs,Marcus Bontempelli,7,22,19,65.5,1,0,1,2,0,1,2,7,550,9,1,1,87,2018,Round 23,2018-08-25,9705
Western Bulldogs,Caleb Daniel,9,18,24,82.8,0,1,0,1,1,1,0,6,352,4,4,0,85,2018,Round 23,2018-08-25,9705
Western Bulldogs,Josh Dunkley,10,17,23,82.1,0,2,0,2,0,3,0,6,152,4,5,0,76,2018,Round 23,2018-08-25,9705
Western Bulldogs,Jason Johannisen,1,22,18,75.0,0,1,0,2,0,0,0,3,496,4,2,0,83,2018,Round 23,2018-08-25,9705
Western Bulldogs,Mitchell Wallis,10,13,18,78.3,0,0,1,1,0,4,1,6,292,3,2,0,80,2018,Round 23,2018-08-25,9705
Western Bulldogs,Hayden Crozier,5,17,17,73.9,1,0,1,8,1,1,0,5,406,6,4,0,84,2018,Round 23,2018-08-25,9705
Western Bulldogs,Bailey Williams,8,11,13,72.2,2,0,1,0,0,0,0,6,373,6,2,0,73,2018,Round 23,2018-08-25,9705
Western Bulldogs,Aaron Naughton,12,6,14,77.8,5,0,0,2,0,0,0,5,100,1,12,0,90,2018,Round 23,2018-08-25,9705
Western Bulldogs,Easton Wood,5,11,16,94.1,1,0,0,0,0,0,0,1,268,1,9,0,89,2018,Round 23,2018-08-25,9705
Western Bulldogs,Toby Mclean,6,12,14,82.4,0,0,0,0,0,1,2,4,173,2,1,0,83,2018,Round 23,2018-08-25,9705
Western Bulldogs,Jackson Trengove,5,9,11,68.8,1,0,1,0,0,3,1,4,318,2,1,0,83,2018,Round 23,2018-08-25,9705
Western Bulldogs,Roarke Smith,4,11,12,80.0,0,3,0,2,0,0,0,4,97,3,4,1,87,2018,Round 23,2018-08-25,9705
Western Bulldogs,Billy Gowers,5,8,9,69.2,1,1,4,1,0,0,0,7,228,3,0,2,82,2018,Round 23,2018-08-25,9705
Western Bulldogs,Jordan Roughead,7,5,8,66.7,3,1,1,3,0,1,0,4,179,4,3,1,87,2018,Round 23,2018-08-25,9705
Western Bulldogs,Josh Schache,4,6,6,60.0,1,0,2,0,0,0,0,1,123,1,1,1,74,2018,Round 23,2018-08-25,9705
Western Bulldogs,Bradley Lynch,2,8,7,70.0,0,0,1,0,1,0,0,6,321,1,2,0,68,2018,Round 23,2018-08-25,9705
Western Bulldogs,Ed Richards,3,7,9,90.0,1,0,0,3,0,0,1,2,94,1,2,0,80,2018,Round 23,2018-08-25,9705
Western Bulldogs,Dale Morris,3,7,6,66.7,0,0,0,11,0,0,0,1,71,2,4,0,93,2018,Round 23,2018-08-25,9705
Western Bulldogs,Fergus Greene,3,6,5,62.5,0,1,0,0,0,0,1,4,41,4,0,0,76,2018,Round 23,2018-08-25,9705
Western Bulldogs,Patrick Lipinski,4,5,3,50.0,0,0,1,0,0,0,1,1,62,5,3,1,63,2018,Round 23,2018-08-25,9705
Fremantle,Bradley Hill,4,29,24,68.6,0,0,0,1,2,0,3,6,884,5,0,0,86,2018,Round 23,2018-08-25,9711
Fremantle,Lachie Neale,20,14,26,76.5,0,0,0,2,0,4,5,2,297,3,7,0,81,2018,Round 23,2018-08-25,9711
Fremantle,Ed Langdon,9,23,22,68.8,0,1,2,2,0,1,4,6,479,6,2,0,84,2018,Round 23,2018-08-25,9711
Fremantle,Taylin Duman,9,15,19,79.2,1,0,0,3,0,0,1,1,302,3,8,0,85,2018,Round 23,2018-08-25,9711
Fremantle,Alex Pearce,8,14,17,77.3,0,0,0,4,0,0,0,4,251,3,8,0,90,2018,Round 23,2018-08-25,9711
Fremantle,Thomas Sheridan,3,18,18,85.7,0,1,2,0,0,0,1,5,202,2,1,1,86,2018,Round 23,2018-08-25,9711
Fremantle,Nathan Fyfe,10,11,13,68.4,1,0,1,2,0,0,3,11,254,4,4,1,76,2018,Round 23,2018-08-25,9711
Fremantle,Joel Hamling,5,12,15,78.9,0,0,0,5,0,0,0,4,158,3,12,0,94,2018,Round 23,2018-08-25,9711
Fremantle,Nathan Wilson,5,12,14,77.8,0,0,0,4,0,0,1,4,448,6,7,0,84,2018,Round 23,2018-08-25,9711
Fremantle,Cameron Mccarthy,6,11,10,58.8,1,1,1,2,0,0,1,5,260,8,1,1,88,2018,Round 23,2018-08-25,9711
Fremantle,Ethan Hughes,5,12,15,88.2,0,0,0,5,0,0,0,6,172,2,4,0,83,2018,Round 23,2018-08-25,9711
Fremantle,Sam Switkowski,7,9,14,82.4,0,1,1,0,0,1,0,8,362,3,3,0,68,2018,Round 23,2018-08-25,9711
Fremantle,David Mundy,8,9,13,81.2,0,0,0,4,0,0,2,4,251,2,2,0,76,2018,Round 23,2018-08-25,9711
Fremantle,Michael Johnson,5,9,14,93.3,3,0,0,2,0,0,0,2,269,3,6,0,85,2018,Round 23,2018-08-25,9711
Fremantle,Matthew Taberner,10,5,12,80.0,5,0,0,2,0,0,1,6,243,4,1,0,89,2018,Round 23,2018-08-25,9711
Fremantle,Brady Grey,7,8,10,66.7,0,0,0,1,0,0,2,3,172,5,2,1,75,2018,Round 23,2018-08-25,9711
Fremantle,Hayden Ballantyne,2,12,11,78.6,0,0,1,1,4,0,1,7,195,3,1,2,78,2018,Round 23,2018-08-25,9711
Fremantle,Shane Kersten,0,11,8,66.7,0,0,0,3,0,0,0,1,354,3,1,0,80,2018,Round 23,2018-08-25,9711
Fremantle,Darcy Tucker,6,5,8,72.7,0,0,0,0,0,2,0,2,90,1,3,0,65,2018,Round 23,2018-08-25,9711
Fremantle,Brennan Cox,10,1,5,45.5,1,1,1,2,0,1,0,3,122,4,1,3,96,2018,Round 23,2018-08-25,9711
Fremantle,Adam Cerra,2,9,10,90.9,0,0,0,2,0,1,0,4,253,3,1,1,66,2018,Round 23,2018-08-25,9711
Fremantle,Sean Darcy,4,4,7,87.5,2,0,0,2,0,0,1,2,67,1,2,0,86,2018,Round 23,2018-08-25,9711
Collingwood,Steele Sidebottom,7,22,23,71.9,0,1,0,4,0,0,2,7,563,3,5,0,91,2018,Round 23,2018-08-25,9711
Collingwood,Scott Pendlebury,16,15,17,56.7,0,0,1,1,0,3,7,5,371,8,3,0,84,2018,Round 23,2018-08-25,9711
Collingwood,Taylor Adams,11,15,16,61.5,0,0,0,0,1,0,4,5,473,4,4,0,76,2018,Round 23,2018-08-25,9711
Collingwood,Brodie Grundy,15,10,20,83.3,3,1,0,3,0,2,3,8,176,1,3,0,89,2018,Round 23,2018-08-25,9711
Collingwood,Brayden Sier,12,10,13,56.5,0,0,0,1,0,0,1,4,127,3,3,1,63,2018,Round 23,2018-08-25,9711
Collingwood,Jack Crisp,6,13,20,100.0,0,0,0,4,1,1,2,2,322,2,6,1,98,2018,Round 23,2018-08-25,9711
Collingwood,Tom Phillips,9,11,14,70.0,0,0,0,1,0,0,2,4,460,2,8,0,87,2018,Round 23,2018-08-25,9711
Collingwood,Jordan De Goey,6,13,10,52.6,1,3,0,0,0,1,1,6,333,8,1,0,84,2018,Round 23,2018-08-25,9711
Collingwood,Josh Thomas,6,11,14,82.4,0,2,0,1,0,0,1,8,318,3,2,1,79,2018,Round 23,2018-08-25,9711
Collingwood,Brayden Maynard,7,8,15,88.2,0,0,0,4,0,0,0,3,369,1,7,0,88,2018,Round 23,2018-08-25,9711
Collingwood,James Aish,9,8,11,68.8,0,1,0,3,0,0,0,4,198,5,7,1,91,2018,Round 23,2018-08-25,9711
Collingwood,Brody Mihocek,4,10,11,73.3,1,0,2,0,0,0,0,7,300,4,0,0,84,2018,Round 23,2018-08-25,9711
Collingwood,Jack Madgen,4,9,6,42.9,0,0,0,4,0,0,0,2,252,5,5,0,92,2018,Round 23,2018-08-25,9711
Collingwood,Travis Varcoe,7,4,7,53.8,0,1,0,2,0,0,0,4,177,6,2,1,73,2018,Round 23,2018-08-25,9711
Collingwood,Tom Langdon,7,7,10,76.9,0,0,0,13,0,0,0,0,79,5,8,0,98,2018,Round 23,2018-08-25,9711
Collingwood,Mason Cox,10,4,8,61.5,3,1,2,2,0,0,0,5,284,7,2,0,92,2018,Round 23,2018-08-25,9711
Collingwood,Levi Greenwood,2,10,9,75.0,0,0,0,0,0,1,0,6,148,2,1,1,84,2018,Round 23,2018-08-25,9711
Collingwood,Will Hoskin Elliott,3,8,10,90.9,0,0,0,0,0,1,0,5,198,2,0,1,64,2018,Round 23,2018-08-25,9711
Collingwood,Adam Oxley,1,8,11,100.0,0,0,0,0,0,0,0,3,272,0,2,0,67,2018,Round 23,2018-08-25,9711
Collingwood,Christopher Mayne,2,7,5,55.6,1,0,2,0,0,0,0,2,132,1,2,0,57,2018,Round 23,2018-08-25,9711
Collingwood,Nathan Murphy,3,6,5,55.6,0,0,0,2,0,0,0,0,172,3,4,0,70,2018,Round 23,2018-08-25,9711
Collingwood,Jaidyn Stephenson,3,5,5,62.5,0,0,3,2,0,0,0,4,180,2,2,1,87,2018,Round 23,2018-08-25,9711
Sydney,Jake Lloyd,10,21,21,67.7,0,0,0,6,0,0,1,7,543,8,11,0,91,2018,Round 23,2018-08-25,9706
Sydney,George Hewett,19,5,17,70.8,0,1,0,0,0,5,7,3,217,2,4,0,87,2018,Round 23,2018-08-25,9706
Sydney,Heath Grundy,10,12,20,90.9,1,0,0,3,0,0,0,2,250,5,12,0,82,2018,Round 23,2018-08-25,9706
Sydney,Josh P  Kennedy,11,7,14,70.0,0,1,1,1,0,2,3,7,342,2,4,2,80,2018,Round 23,2018-08-25,9706
Sydney,Jarrad Mcveigh,5,12,16,88.9,0,0,0,2,0,0,1,3,376,6,4,0,88,2018,Round 23,2018-08-25,9706
Sydney,Harry Cunningham,7,12,13,72.2,0,0,1,2,0,0,2,7,508,2,5,2,91,2018,Round 23,2018-08-25,9706
Sydney,Dane Rampe,4,15,13,72.2,0,0,0,10,0,0,0,1,359,6,3,0,100,2018,Round 23,2018-08-25,9706
Sydney,Isaac Heeney,11,6,13,72.2,1,1,0,1,0,1,3,6,188,1,1,0,88,2018,Round 23,2018-08-25,9706
Sydney,Nic Newman,3,11,12,75.0,0,0,0,1,0,1,1,3,206,4,2,2,64,2018,Round 23,2018-08-25,9706
Sydney,Tom Papley,7,9,8,50.0,0,0,1,0,1,1,1,5,327,3,0,0,89,2018,Round 23,2018-08-25,9706
Sydney,Callum Sinclair,6,9,8,53.3,1,0,1,3,0,1,0,6,317,4,4,0,90,2018,Round 23,2018-08-25,9706
Sydney,Oliver Florent,5,8,7,50.0,1,1,1,0,0,1,0,6,191,3,4,0,77,2018,Round 23,2018-08-25,9706
Sydney,Will Hayward,10,4,9,64.3,0,0,0,2,0,0,2,5,138,5,2,2,82,2018,Round 23,2018-08-25,9706
Sydney,Kieran Jack,2,7,4,30.8,0,0,0,0,0,0,0,5,255,4,2,2,83,2018,Round 23,2018-08-25,9706
Sydney,Daniel Hannebery,3,9,5,41.7,0,0,0,0,0,0,0,1,176,4,2,0,49,2018,Round 23,2018-08-25,9706
Sydney,Zak Jones,3,8,8,72.7,0,0,0,5,0,0,0,2,117,3,5,0,88,2018,Round 23,2018-08-25,9706
Sydney,Aliir Aliir,7,5,5,50.0,1,0,0,6,0,0,0,2,92,5,7,0,82,2018,Round 23,2018-08-25,9706
Sydney,Ben Ronke,3,6,5,50.0,0,0,0,1,0,0,2,3,187,2,0,2,88,2018,Round 23,2018-08-25,9706
Sydney,Daniel Robinson,3,6,8,88.9,0,0,0,1,0,0,0,2,74,1,0,1,87,2018,Round 23,2018-08-25,9706
Sydney,Jordan Dawson,4,5,4,44.4,1,0,1,0,0,0,1,3,143,3,2,1,58,2018,Round 23,2018-08-25,9706
Sydney,Tom Mccartin,2,7,4,44.4,0,0,1,0,0,0,0,5,151,3,1,1,85,2018,Round 23,2018-08-25,9706
Sydney,Robbie Fox,3,6,5,71.4,0,1,0,5,0,0,0,1,57,2,3,0,72,2018,Round 23,2018-08-25,9706
Hawthorn,Liam Shiels,10,14,18,69.2,0,0,0,1,0,2,5,7,465,5,2,0,84,2018,Round 23,2018-08-25,9706
Hawthorn,Tom Mitchell,16,8,14,58.3,0,1,0,1,0,0,7,2,185,6,7,1,87,2018,Round 23,2018-08-25,9706
Hawthorn,James Worpel,9,14,18,78.3,0,1,2,0,0,2,1,7,246,3,5,0,74,2018,Round 23,2018-08-25,9706
Hawthorn,Jarman Impey,5,15,11,50.0,0,0,0,2,1,0,0,2,337,7,7,0,81,2018,Round 23,2018-08-25,9706
Hawthorn,Harry Morrison,8,12,9,45.0,0,0,0,0,1,0,1,4,423,7,4,3,72,2018,Round 23,2018-08-25,9706
Hawthorn,Shaun Burgoyne,10,9,12,63.2,1,0,1,0,0,1,3,4,343,3,2,0,72,2018,Round 23,2018-08-25,9706
Hawthorn,Luke Breust,10,9,13,72.2,0,2,2,2,0,0,1,7,146,3,4,2,81,2018,Round 23,2018-08-25,9706
Hawthorn,Jaeger O Meara,11,8,12,66.7,0,0,0,0,0,1,4,4,250,2,3,0,83,2018,Round 23,2018-08-25,9706
Hawthorn,Ryan Burton,6,9,10,55.6,0,0,0,4,0,0,2,2,287,6,8,0,85,2018,Round 23,2018-08-25,9706
Hawthorn,Isaac Smith,5,10,7,43.8,0,0,0,1,0,0,1,1,227,3,3,0,87,2018,Round 23,2018-08-25,9706
Hawthorn,Ben Mcevoy,12,5,11,73.3,3,0,1,9,0,3,4,1,92,2,3,0,81,2018,Round 23,2018-08-25,9706
Hawthorn,Ricky Henderson,3,9,8,61.5,0,1,3,1,0,0,2,5,240,2,2,1,73,2018,Round 23,2018-08-25,9706
Hawthorn,Jack Gunston,5,7,9,75.0,0,0,1,2,0,0,0,6,225,2,2,0,93,2018,Round 23,2018-08-25,9706
Hawthorn,Conor Nash,7,4,7,58.3,1,1,1,3,0,0,0,5,182,3,3,3,74,2018,Round 23,2018-08-25,9706
Hawthorn,Jarryd Roughead,7,4,8,72.7,1,2,2,2,0,1,2,4,110,2,1,1,82,2018,Round 23,2018-08-25,9706
Hawthorn,Kaiden Brand,4,5,4,40.0,0,0,0,5,0,0,0,0,165,2,7,0,90,2018,Round 23,2018-08-25,9706
Hawthorn,Paul Puopolo,5,5,5,55.6,0,1,0,1,0,0,0,4,149,4,1,1,88,2018,Round 23,2018-08-25,9706
Hawthorn,Blake Hardwick,4,4,7,77.8,0,0,0,8,0,0,0,1,121,3,5,0,82,2018,Round 23,2018-08-25,9706
Hawthorn,Teia Miles,1,6,6,75.0,0,0,0,1,0,0,1,1,190,5,1,0,81,2018,Round 23,2018-08-25,9706
Hawthorn,Ryan Schoenmakers,3,4,4,57.1,1,0,1,1,0,0,0,4,136,4,2,0,69,2018,Round 23,2018-08-25,9706
Hawthorn,Benjamin Stratton,2,4,6,85.7,0,0,0,6,0,0,1,1,69,1,3,0,100,2018,Round 23,2018-08-25,9706
Hawthorn,David Mirra,3,4,5,71.4,0,0,0,11,0,0,0,0,110,2,3,0,80,2018,Round 23,2018-08-25,9706
Carlton,Patrick Cripps,24,12,19,51.4,0,0,0,0,0,12,6,9,217,7,3,1,89,2018,Round 23,2018-08-25,9703
Carlton,Marc Murphy,4,20,15,62.5,0,0,0,0,0,0,0,3,416,8,2,0,93,2018,Round 23,2018-08-25,9703
Carlton,Sam Kerridge,7,15,14,63.6,0,0,1,1,0,0,2,7,334,7,2,0,77,2018,Round 23,2018-08-25,9703
Carlton,Lochie O Brien,4,16,13,59.1,0,1,0,1,0,0,3,1,313,7,4,0,80,2018,Round 23,2018-08-25,9703
Carlton,Dale Thomas,14,7,11,52.4,2,1,2,2,0,3,1,4,318,5,0,1,70,2018,Round 23,2018-08-25,9703
Carlton,Ciaran Byrne,4,17,17,81.0,0,0,0,2,1,0,0,5,355,1,4,0,88,2018,Round 23,2018-08-25,9703
Carlton,Kade Simpson,7,8,15,83.3,1,1,1,2,1,0,0,6,230,3,5,0,82,2018,Round 23,2018-08-25,9703
Carlton,Aaron Mullett,6,11,13,72.2,0,1,0,0,0,0,0,8,419,3,4,0,75,2018,Round 23,2018-08-25,9703
Carlton,Sam Petrevski Seton,7,12,13,72.2,0,0,1,2,0,0,2,5,175,2,4,0,83,2018,Round 23,2018-08-25,9703
Carlton,Edward Curnow,9,10,13,76.5,0,0,0,2,0,2,2,1,185,6,2,0,88,2018,Round 23,2018-08-25,9703
Carlton,Jed Lamb,5,12,11,64.7,0,0,0,4,0,0,1,2,316,5,3,0,89,2018,Round 23,2018-08-25,9703
Carlton,Cameron Polson,6,9,11,73.3,0,0,2,0,0,0,0,7,286,3,5,3,91,2018,Round 23,2018-08-25,9703
Carlton,Jacob Weitering,5,9,12,85.7,3,0,0,5,0,0,0,2,155,2,5,0,55,2018,Round 23,2018-08-25,9703
Carlton,Matthew Wright,6,6,4,30.8,0,0,0,1,0,1,0,2,132,2,4,1,91,2018,Round 23,2018-08-25,9703
Carlton,Jack Silvagni,3,10,9,75.0,1,0,0,3,0,0,0,2,211,2,3,0,85,2018,Round 23,2018-08-25,9703
Carlton,Sam Rowe,8,4,8,72.7,1,0,0,7,0,0,0,1,55,2,8,0,100,2018,Round 23,2018-08-25,9703
Carlton,Darcy Lang,4,6,7,70.0,0,0,0,1,0,1,0,1,88,2,1,1,72,2018,Round 23,2018-08-25,9703
Carlton,Caleb Marchbank,6,7,9,90.0,0,0,1,8,0,0,0,2,61,1,6,0,85,2018,Round 23,2018-08-25,9703
Carlton,Harry Mckay,6,7,8,80.0,3,0,5,1,1,0,0,6,145,2,2,1,86,2018,Round 23,2018-08-25,9703
Carlton,Matthew Lobbe,5,5,8,88.9,1,0,0,2,0,0,1,1,77,1,2,1,90,2018,Round 23,2018-08-25,9703
Carlton,Charlie Curnow,3,5,4,57.1,1,1,1,2,0,0,0,2,77,2,1,0,52,2018,Round 23,2018-08-25,9703
Carlton,Tom De Koning,2,3,3,60.0,0,0,0,1,0,0,0,2,19,2,1,0,78,2018,Round 23,2018-08-25,9703
Adelaide,Rory Laird,4,29,31,91.2,1,2,0,1,0,0,0,9,578,5,6,0,81,2018,Round 23,2018-08-25,9703
Adelaide,Matt Crouch,8,21,21,72.4,0,1,1,1,0,1,2,11,236,6,3,0,79,2018,Round 23,2018-08-25,9703
Adelaide,Wayne Milera,6,19,21,84.0,0,0,0,2,0,0,1,8,321,3,7,0,84,2018,Round 23,2018-08-25,9703
Adelaide,Bryce Gibbs,7,18,14,58.3,0,0,0,1,0,2,1,7,547,5,2,1,81,2018,Round 23,2018-08-25,9703
Adelaide,Cameron Ellis Yolmen,13,12,19,79.2,1,1,0,2,0,1,6,11,157,3,1,0,71,2018,Round 23,2018-08-25,9703
Adelaide,Rory Atkins,4,18,19,86.4,0,0,2,1,2,0,1,8,501,4,5,0,84,2018,Round 23,2018-08-25,9703
Adelaide,Andy Otten,6,12,20,95.2,2,0,0,1,0,0,0,4,199,2,9,0,83,2018,Round 23,2018-08-25,9703
Adelaide,Paul Seedsman,5,15,17,85.0,0,2,1,1,0,1,2,10,405,2,1,0,84,2018,Round 23,2018-08-25,9703
Adelaide,Josh Jenkins,6,13,14,73.7,3,0,6,1,0,0,0,14,414,4,0,2,90,2018,Round 23,2018-08-25,9703
Adelaide,Alex Keath,8,10,14,73.7,2,0,0,3,0,0,1,4,320,3,8,0,83,2018,Round 23,2018-08-25,9703
Adelaide,David Mackay,1,17,14,77.8,0,0,1,3,1,0,0,5,329,5,2,0,86,2018,Round 23,2018-08-25,9703
Adelaide,Richard Douglas,6,14,16,94.1,0,1,0,2,0,2,2,10,66,3,2,0,77,2018,Round 23,2018-08-25,9703
Adelaide,Jordan Gallucci,3,15,11,64.7,0,1,0,1,4,2,0,8,499,4,1,0,82,2018,Round 23,2018-08-25,9703
Adelaide,Tom Lynch,5,12,12,75.0,0,2,2,1,0,0,0,8,197,3,3,0,88,2018,Round 23,2018-08-25,9703
Adelaide,Luke Brown,7,7,14,87.5,0,1,0,1,0,0,0,4,312,3,7,0,82,2018,Round 23,2018-08-25,9703
Adelaide,Mitch Mcgovern,7,8,11,68.8,1,0,0,5,1,0,0,3,279,5,9,0,78,2018,Round 23,2018-08-25,9703
Adelaide,Jake Kelly,3,13,13,86.7,0,0,0,4,0,0,0,9,176,3,3,0,85,2018,Round 23,2018-08-25,9703
Adelaide,Riley Knight,3,10,12,92.3,0,2,0,1,0,1,0,9,230,1,0,0,74,2018,Round 23,2018-08-25,9703
Adelaide,Hugh Greenwood,7,6,8,61.5,1,1,1,1,0,1,1,5,51,2,2,1,73,2018,Round 23,2018-08-25,9703
Adelaide,Elliot Himmelberg,5,8,8,61.5,0,2,1,0,1,1,0,8,180,3,1,1,84,2018,Round 23,2018-08-25,9703
Adelaide,Edward Betts,8,4,11,91.7,1,2,1,1,0,0,0,7,218,1,2,2,91,2018,Round 23,2018-08-25,9703
Adelaide,Sam Jacobs,6,4,8,80.0,0,0,0,0,0,0,1,6,79,0,1,0,82,2018,Round 23,2018-08-25,9703
Brisbane Lions,Dayne Beams,17,16,22,68.8,0,0,0,0,0,1,4,3,238,5,5,0,90,2018,Round 23,2018-08-26,9707
Brisbane Lions,Allen Christensen,8,18,20,76.9,0,0,0,4,0,0,1,2,511,4,5,0,82,2018,Round 23,2018-08-26,9707
Brisbane Lions,Tom Cutler,4,22,18,69.2,1,0,0,2,0,0,0,5,732,6,3,0,88,2018,Round 23,2018-08-26,9707
Brisbane Lions,Nicholas Robertson,5,21,24,92.3,0,0,0,0,0,0,0,5,332,1,9,0,88,2018,Round 23,2018-08-26,9707
Brisbane Lions,Daniel Rich,6,15,21,91.3,0,1,0,2,0,1,0,5,351,2,5,0,82,2018,Round 23,2018-08-26,9707
Brisbane Lions,Jarrod Berry,11,10,20,90.9,0,2,0,1,0,3,3,7,481,1,1,0,72,2018,Round 23,2018-08-26,9707
Brisbane Lions,Hugh Mccluggage,6,16,15,71.4,0,0,0,0,0,0,2,5,180,6,4,0,82,2018,Round 23,2018-08-26,9707
Brisbane Lions,Zac Bailey,6,13,17,85.0,0,0,0,0,0,0,0,6,364,4,3,0,84,2018,Round 23,2018-08-26,9707
Brisbane Lions,Stefan Martin,11,7,10,52.6,0,0,0,0,0,4,4,1,312,7,1,0,90,2018,Round 23,2018-08-26,9707
Brisbane Lions,Mitch Robinson,10,10,13,68.4,0,1,0,2,0,1,4,3,237,3,2,5,76,2018,Round 23,2018-08-26,9707
Brisbane Lions,Lewis Taylor,8,12,14,73.7,0,0,0,1,0,0,1,7,125,2,1,2,75,2018,Round 23,2018-08-26,9707
Brisbane Lions,Ryan Lester,2,15,16,94.1,0,0,0,2,0,0,0,2,201,1,2,0,72,2018,Round 23,2018-08-26,9707
Brisbane Lions,Dayne Zorko,6,9,13,81.2,0,0,0,1,0,0,2,4,218,2,0,2,83,2018,Round 23,2018-08-26,9707
Brisbane Lions,Harris Andrews,5,10,15,93.8,1,0,0,13,0,0,0,3,172,3,6,0,100,2018,Round 23,2018-08-26,9707
Brisbane Lions,Luke Hodge,3,12,11,73.3,0,0,0,3,0,0,0,3,169,3,5,0,88,2018,Round 23,2018-08-26,9707
Brisbane Lions,Rhys Mathieson,3,11,13,92.9,0,1,1,2,0,0,0,5,159,2,0,0,70,2018,Round 23,2018-08-26,9707
Brisbane Lions,Joshua Walker,4,8,10,76.9,3,0,0,7,0,0,0,1,170,2,4,0,91,2018,Round 23,2018-08-26,9707
Brisbane Lions,Cameron Rayner,3,9,8,61.5,0,1,0,0,0,2,0,3,138,4,0,0,71,2018,Round 23,2018-08-26,9707
Brisbane Lions,Daniel Mcstay,4,6,5,50.0,2,1,2,1,0,0,0,4,49,3,0,2,75,2018,Round 23,2018-08-26,9707
Brisbane Lions,Brandon Starcevich,4,7,6,60.0,0,1,0,1,0,1,1,4,191,3,1,0,71,2018,Round 23,2018-08-26,9707
Brisbane Lions,Oscar Mcinerney,5,2,7,77.8,1,1,0,2,0,1,1,6,58,1,2,0,81,2018,Round 23,2018-08-26,9707
Brisbane Lions,Eric Hipwood,1,7,4,50.0,0,0,3,4,0,0,0,2,183,4,0,2,88,2018,Round 23,2018-08-26,9707
West Coast,Dominic Sheed,10,19,19,63.3,0,0,0,0,0,0,3,3,336,6,3,0,82,2018,Round 23,2018-08-26,9707
West Coast,Luke Shuey,17,13,18,62.1,0,0,0,4,2,4,6,9,493,5,5,0,77,2018,Round 23,2018-08-26,9707
West Coast,Jack Redden,12,13,21,77.8,0,0,0,1,0,3,5,6,379,3,4,1,81,2018,Round 23,2018-08-26,9707
West Coast,Chris Masten,7,17,18,78.3,0,0,0,1,0,0,2,1,485,4,3,0,87,2018,Round 23,2018-08-26,9707
West Coast,Jamie Cripps,7,15,14,60.9,0,2,3,1,0,1,1,6,494,5,2,0,77,2018,Round 23,2018-08-26,9707
West Coast,Shannon Hurn,6,15,21,95.5,0,1,0,3,0,0,0,6,403,2,6,0,86,2018,Round 23,2018-08-26,9707
West Coast,Elliot Yeo,6,14,13,61.9,0,0,0,1,0,0,2,5,385,7,2,0,84,2018,Round 23,2018-08-26,9707
West Coast,Liam Duggan,5,11,8,50.0,0,0,0,2,0,0,1,1,287,6,3,0,85,2018,Round 23,2018-08-26,9707
West Coast,Mark Lecras,4,8,7,46.7,0,1,1,0,0,0,3,8,248,2,0,0,83,2018,Round 23,2018-08-26,9707
West Coast,Bradley Sheppard,2,13,13,86.7,0,0,0,1,0,0,0,3,289,2,1,0,89,2018,Round 23,2018-08-26,9707
West Coast,Mark Hutchings,7,9,13,86.7,0,0,0,1,0,2,2,4,175,2,3,0,76,2018,Round 23,2018-08-26,9707
West Coast,Jack Darling,9,6,10,66.7,3,0,3,1,0,0,0,10,208,2,2,0,91,2018,Round 23,2018-08-26,9707
West Coast,Willie Rioli,4,11,13,86.7,0,1,1,3,0,2,1,3,171,0,1,1,75,2018,Round 23,2018-08-26,9707
West Coast,Jeremy Mcgovern,6,9,11,78.6,2,0,0,5,0,0,0,2,190,1,8,0,81,2018,Round 23,2018-08-26,9707
West Coast,Oscar Allen,4,10,9,64.3,0,1,1,0,0,0,0,5,217,2,3,2,80,2018,Round 23,2018-08-26,9707
West Coast,Daniel Venables,6,6,11,84.6,0,2,1,1,0,1,0,6,178,3,3,1,78,2018,Round 23,2018-08-26,9707
West Coast,Tom Barrass,4,8,12,100.0,1,0,1,4,0,0,0,1,140,0,5,0,90,2018,Round 23,2018-08-26,9707
West Coast,Liam Ryan,9,3,7,58.3,2,0,1,1,3,0,0,6,250,3,2,1,83,2018,Round 23,2018-08-26,9707
West Coast,Tom Cole,6,6,9,81.8,0,0,0,1,0,0,1,0,106,2,7,0,89,2018,Round 23,2018-08-26,9707
West Coast,Scott Lycett,2,4,6,75.0,1,0,0,1,0,0,1,4,147,1,1,0,77,2018,Round 23,2018-08-26,9707
West Coast,Will Schofield,4,4,5,100.0,0,0,0,6,0,0,0,1,128,0,4,0,79,2018,Round 23,2018-08-26,9707
West Coast,Nathan Vardy,4,3,4,80.0,0,0,0,1,0,0,1,4,100,1,2,0,69,2018,Round 23,2018-08-26,9707
Melbourne,Angus Brayshaw,13,20,17,53.1,0,0,0,2,2,0,1,8,520,7,1,0,80,2018,Round 23,2018-08-26,9709
Melbourne,Clayton Oliver,13,18,28,93.3,0,0,0,0,1,2,2,10,407,3,2,0,88,2018,Round 23,2018-08-26,9709
Melbourne,James Harmes,15,16,20,69.0,2,1,2,0,1,4,2,11,477,4,2,0,90,2018,Round 23,2018-08-26,9709
Melbourne,Nathan Jones,10,17,19,70.4,1,0,2,0,0,2,3,7,434,3,0,0,83,2018,Round 23,2018-08-26,9709
Melbourne,Christian Salem,6,18,21,80.8,0,0,0,2,2,1,2,8,312,5,4,0,86,2018,Round 23,2018-08-26,9709
Melbourne,Jordan Lewis,7,16,16,72.7,0,0,0,3,0,0,0,9,202,2,6,0,94,2018,Round 23,2018-08-26,9709
Melbourne,Michael Hibberd,3,18,15,68.2,0,0,0,2,1,0,0,4,534,0,3,0,90,2018,Round 23,2018-08-26,9709
Melbourne,Aaron Vandenberg,6,17,14,66.7,0,0,2,1,1,1,0,9,436,4,4,0,85,2018,Round 23,2018-08-26,9709
Melbourne,Christian Petracca,7,13,12,60.0,1,1,2,0,0,0,2,8,301,5,1,0,94,2018,Round 23,2018-08-26,9709
Melbourne,Max Gawn,6,11,13,72.2,3,1,1,2,0,0,1,7,196,1,4,0,91,2018,Round 23,2018-08-26,9709
Melbourne,Sam Weideman,8,8,14,82.4,2,0,1,1,0,0,1,5,183,2,2,0,86,2018,Round 23,2018-08-26,9709
Melbourne,Jake Melksham,4,15,11,68.8,1,2,3,1,0,0,0,9,398,3,1,1,87,2018,Round 23,2018-08-26,9709
Melbourne,Sam Frost,8,8,13,81.2,1,1,0,6,2,0,1,7,370,2,7,0,94,2018,Round 23,2018-08-26,9709
Melbourne,Oscar Mcdonald,4,12,14,87.5,0,1,0,3,0,0,1,8,162,2,6,0,97,2018,Round 23,2018-08-26,9709
Melbourne,Charlie Spargo,6,10,13,81.2,0,2,1,0,0,0,0,7,138,3,1,0,85,2018,Round 23,2018-08-26,9709
Melbourne,Jay Kennedy Harris,7,8,11,73.3,1,0,0,1,0,0,1,5,276,2,3,0,87,2018,Round 23,2018-08-26,9709
Melbourne,Tom Mcdonald,2,12,13,92.9,0,3,2,3,0,0,0,12,154,2,1,1,98,2018,Round 23,2018-08-26,9709
Melbourne,Dom Tyson,4,10,13,100.0,0,0,0,0,1,0,1,1,88,0,4,0,36,2018,Round 23,2018-08-26,9709
Melbourne,Alex Neal Bullen,5,8,9,75.0,0,1,0,2,0,0,1,7,245,2,2,0,90,2018,Round 23,2018-08-26,9709
Melbourne,Bayley Fritsch,2,9,7,58.3,0,0,0,3,0,0,0,1,234,1,3,0,78,2018,Round 23,2018-08-26,9709
Melbourne,Neville Jetta,3,4,8,100.0,0,1,0,2,1,0,1,3,143,0,2,0,78,2018,Round 23,2018-08-26,9709
Melbourne,Dean Kent,0,1,1,100.0,0,0,0,0,0,0,0,1,-12,0,0,0,4,2018,Round 23,2018-08-26,9709
Greater Western Sydney,Stephen Coniglio,13,21,25,78.1,0,1,0,3,1,1,4,9,415,3,1,2,87,2018,Round 23,2018-08-26,9709
Greater Western Sydney,Callan Ward,17,13,24,82.8,0,1,0,5,0,7,5,9,236,2,1,1,85,2018,Round 23,2018-08-26,9709
Greater Western Sydney,Dylan Shiel,7,20,20,74.1,0,3,0,5,1,0,1,6,467,5,3,0,77,2018,Round 23,2018-08-26,9709
Greater Western Sydney,Harry Perryman,5,17,20,90.9,1,0,0,2,1,1,0,3,147,2,5,0,84,2018,Round 23,2018-08-26,9709
Greater Western Sydney,Nick Haynes,2,19,14,66.7,0,0,0,5,0,0,0,3,388,4,7,0,88,2018,Round 23,2018-08-26,9709
Greater Western Sydney,Adam Tomlinson,7,14,16,80.0,1,0,1,1,0,2,0,4,476,3,3,0,90,2018,Round 23,2018-08-26,9709
Greater Western Sydney,Tim Taranto,4,15,14,70.0,0,0,0,0,0,1,0,2,251,3,1,0,81,2018,Round 23,2018-08-26,9709
Greater Western Sydney,Adam Kennedy,5,15,17,89.5,1,0,0,1,9,1,2,5,388,3,4,0,91,2018,Round 23,2018-08-26,9709
Greater Western Sydney,Joshua Kelly,6,14,16,84.2,0,0,0,1,1,0,4,2,366,3,2,0,85,2018,Round 23,2018-08-26,9709
Greater Western Sydney,Lachie Whitfield,4,14,14,82.4,0,0,1,4,2,0,0,3,240,3,3,0,73,2018,Round 23,2018-08-26,9709
Greater Western Sydney,Jeremy Finlayson,2,11,14,87.5,1,0,1,2,2,0,0,4,376,4,2,0,83,2018,Round 23,2018-08-26,9709
Greater Western Sydney,Phil Davis,7,7,11,78.6,1,0,0,9,0,0,0,3,123,2,9,0,91,2018,Round 23,2018-08-26,9709
Greater Western Sydney,Jeremy Cameron,2,11,4,30.8,1,0,2,1,0,0,0,6,264,2,0,0,87,2018,Round 23,2018-08-26,9709
Greater Western Sydney,Harrison Himmelberg,5,9,11,84.6,1,1,1,1,0,0,0,4,247,3,4,0,86,2018,Round 23,2018-08-26,9709
Greater Western Sydney,Aiden Bonar,6,6,8,66.7,1,0,0,0,0,0,0,2,26,2,2,0,66,2018,Round 23,2018-08-26,9709
Greater Western Sydney,Jacob Hopper,4,10,9,81.8,1,0,0,2,0,1,0,2,128,2,0,0,80,2018,Round 23,2018-08-26,9709
Greater Western Sydney,Rory Lobb,2,7,7,70.0,0,0,1,9,0,0,1,4,225,1,0,0,67,2018,Round 23,2018-08-26,9709
Greater Western Sydney,Samuel Reid,4,5,6,66.7,2,1,2,0,0,0,0,4,123,2,1,2,75,2018,Round 23,2018-08-26,9709
Greater Western Sydney,Lachlan Keeffe,1,8,6,75.0,0,0,0,6,0,0,0,0,82,2,2,0,88,2018,Round 23,2018-08-26,9709
Greater Western Sydney,Matthew Buntine,4,5,6,75.0,1,0,0,4,0,0,0,0,174,2,3,0,79,2018,Round 23,2018-08-26,9709
Greater Western Sydney,Zac Giles Langdon,4,4,6,75.0,0,0,1,0,0,0,0,1,110,4,1,0,76,2018,Round 23,2018-08-26,9709
Greater Western Sydney,Daniel Lloyd,0,9,6,85.7,0,0,0,1,0,0,0,2,164,1,0,0,80,2018,Round 23,2018-08-26,9709
St Kilda,Jack Steele,15,20,31,88.6,0,0,1,0,0,5,2,4,313,2,8,2,80,2018,Round 23,2018-08-26,9708
St Kilda,Jack Steven,14,24,30,88.2,0,0,0,2,5,5,4,7,631,7,3,1,81,2018,Round 23,2018-08-26,9708
St Kilda,Sebastian Ross,12,21,26,76.5,0,0,0,0,0,6,0,9,556,6,5,0,88,2018,Round 23,2018-08-26,9708
St Kilda,Jimmy Webster,2,22,20,83.3,0,0,0,3,0,0,0,5,244,3,4,0,83,2018,Round 23,2018-08-26,9708
St Kilda,Jack Billings,5,17,14,63.6,0,1,0,1,0,0,1,4,232,6,3,0,86,2018,Round 23,2018-08-26,9708
St Kilda,Sam Gilbert,4,17,16,76.2,0,1,0,2,0,0,0,4,565,6,4,0,91,2018,Round 23,2018-08-26,9708
St Kilda,Jarryn Geary,7,11,16,88.9,0,0,1,4,0,1,0,2,177,2,4,0,88,2018,Round 23,2018-08-26,9708
St Kilda,Logan Austin,5,11,16,88.9,0,1,0,5,0,0,1,1,388,4,5,0,89,2018,Round 23,2018-08-26,9708
St Kilda,Jade Gresham,6,10,5,29.4,0,1,1,0,1,1,1,4,269,4,1,0,85,2018,Round 23,2018-08-26,9708
St Kilda,Rowan Marshall,7,11,11,68.8,3,0,2,6,0,0,0,7,277,2,2,2,80,2018,Round 23,2018-08-26,9708
St Kilda,Ben Paton,7,11,13,81.2,1,1,1,1,1,0,0,5,116,5,3,0,69,2018,Round 23,2018-08-26,9708
St Kilda,Blake Acres,8,9,12,80.0,0,2,0,1,3,0,2,4,271,4,3,0,66,2018,Round 23,2018-08-26,9708
St Kilda,Jack Newnes,2,13,13,92.9,0,0,2,3,1,0,0,6,210,3,0,0,87,2018,Round 23,2018-08-26,9708
St Kilda,Daniel Mckenzie,4,12,12,85.7,0,0,0,7,0,0,0,3,230,1,4,0,88,2018,Round 23,2018-08-26,9708
St Kilda,Jake Carlisle,5,8,10,76.9,1,0,0,1,0,0,0,3,155,3,8,0,100,2018,Round 23,2018-08-26,9708
St Kilda,Jack Sinclair,2,11,9,69.2,0,1,0,0,0,0,1,6,159,3,0,1,78,2018,Round 23,2018-08-26,9708
St Kilda,Bailey Rice,1,8,9,75.0,0,0,0,3,0,0,0,4,345,5,3,0,75,2018,Round 23,2018-08-26,9708
St Kilda,David Armitage,4,8,9,81.8,1,1,1,2,0,0,1,4,68,2,3,0,76,2018,Round 23,2018-08-26,9708
St Kilda,Tim Membrey,6,6,7,70.0,1,0,4,3,0,0,0,4,51,4,0,0,85,2018,Round 23,2018-08-26,9708
St Kilda,Lewis Pierce,4,5,7,77.8,0,0,0,0,0,1,1,0,33,2,1,0,71,2018,Round 23,2018-08-26,9708
St Kilda,Jack Lonie,2,7,7,77.8,0,4,1,0,0,0,0,7,163,2,1,0,74,2018,Round 23,2018-08-26,9708
St Kilda,Ben Long,3,7,6,75.0,0,0,0,2,0,0,0,2,69,1,3,1,78,2018,Round 23,2018-08-26,9708
North Melbourne,Trent Dumont,13,26,27,71.1,0,2,2,2,0,0,1,13,574,7,6,0,85,2018,Round 23,2018-08-26,9708
North Melbourne,Shaun Higgins,9,22,24,82.8,0,3,1,1,0,2,2,16,546,3,1,0,85,2018,Round 23,2018-08-26,9708
North Melbourne,Samuel Wright,10,17,22,75.9,0,0,0,0,1,0,0,7,429,8,14,0,83,2018,Round 23,2018-08-26,9708
North Melbourne,Ben Cunnington,15,14,26,89.7,0,0,0,1,0,4,3,11,127,2,6,0,77,2018,Round 23,2018-08-26,9708
North Melbourne,Ryan Clarke,4,25,19,67.9,0,1,0,2,0,0,0,9,363,5,5,0,90,2018,Round 23,2018-08-26,9708
North Melbourne,Jamie Macmillan,5,19,21,87.5,0,0,0,0,3,0,0,6,345,4,7,0,81,2018,Round 23,2018-08-26,9708
North Melbourne,Paul Ahern,5,18,16,69.6,0,1,1,1,0,2,0,6,468,6,2,0,71,2018,Round 23,2018-08-26,9708
North Melbourne,Jed Anderson,7,13,16,76.2,0,0,0,1,0,1,0,8,244,2,2,1,71,2018,Round 23,2018-08-26,9708
North Melbourne,Todd Goldstein,9,12,17,85.0,1,1,1,0,0,2,3,7,183,1,1,1,92,2018,Round 23,2018-08-26,9708
North Melbourne,Shaun Atley,3,17,15,75.0,0,1,0,0,1,0,0,8,198,3,2,1,82,2018,Round 23,2018-08-26,9708
North Melbourne,Nathan Hrovat,3,16,12,60.0,0,0,2,2,0,0,0,5,442,2,2,3,74,2018,Round 23,2018-08-26,9708
North Melbourne,Marley Williams,5,15,15,83.3,0,0,0,3,1,0,0,5,296,4,6,0,83,2018,Round 23,2018-08-26,9708
North Melbourne,Robert Tarrant,2,15,14,82.4,0,0,0,5,0,0,0,4,169,2,2,0,88,2018,Round 23,2018-08-26,9708
North Melbourne,Jarrad Waite,4,13,10,62.5,1,2,6,0,1,1,0,11,345,5,1,0,85,2018,Round 23,2018-08-26,9708
North Melbourne,Jack Ziebell,9,8,11,73.3,0,0,2,4,0,0,0,9,165,0,2,1,94,2018,Round 23,2018-08-26,9708
North Melbourne,Luke Mcdonald,0,12,7,50.0,0,0,1,3,0,0,0,4,177,3,3,1,81,2018,Round 23,2018-08-26,9708
North Melbourne,Majak Daw,6,7,12,92.3,2,0,0,5,0,0,0,5,217,1,3,0,88,2018,Round 23,2018-08-26,9708
North Melbourne,Ben Brown,6,7,7,53.8,1,0,3,0,0,0,0,5,200,4,1,0,100,2018,Round 23,2018-08-26,9708
North Melbourne,Kayne Turner,6,9,13,100.0,0,0,0,1,0,1,0,2,133,1,3,0,76,2018,Round 23,2018-08-26,9708
North Melbourne,Jy Simpkin,7,5,9,75.0,1,2,2,0,0,2,0,6,62,1,2,1,92,2018,Round 23,2018-08-26,9708
North Melbourne,Scott Thompson 1,3,7,7,70.0,0,0,0,2,0,0,0,6,114,1,5,0,88,2018,Round 23,2018-08-26,9708
North Melbourne,Mason Wood,0,3,2,66.7,0,0,2,0,0,0,0,1,36,1,1,0,34,2018,Round 23,2018-08-26,9708
Richmond,Dustin Martin,17,7,18,62.1,3,0,0,3,0,5,5,10,512,5,3,0,87,2018,Qualifying Final,2018-09-06,9712
Richmond,Trent Cotchin,16,11,13,50.0,0,1,0,4,0,3,4,8,381,6,4,0,75,2018,Qualifying Final,2018-09-06,9712
Richmond,Dion Prestia,10,15,15,57.7,0,0,1,1,0,0,5,8,626,6,2,0,76,2018,Qualifying Final,2018-09-06,9712
Richmond,Kane Lambert,17,12,18,69.2,0,3,1,2,0,0,4,7,271,7,7,1,83,2018,Qualifying Final,2018-09-06,9712
Richmond,Shaun Grigg,9,16,20,80.0,0,0,0,0,0,1,1,3,525,7,5,0,84,2018,Qualifying Final,2018-09-06,9712
Richmond,Bachar Houli,6,16,16,66.7,0,0,0,4,0,1,1,3,362,9,5,0,73,2018,Qualifying Final,2018-09-06,9712
Richmond,Jayden Short,3,14,16,76.2,0,0,0,1,0,0,0,4,537,3,4,0,79,2018,Qualifying Final,2018-09-06,9712
Richmond,Jack Higgins,10,8,14,70.0,1,2,1,3,0,0,0,8,298,5,3,1,72,2018,Qualifying Final,2018-09-06,9712
Richmond,Reece Conca,5,9,11,64.7,0,0,0,1,0,0,2,3,229,5,2,0,70,2018,Qualifying Final,2018-09-06,9712
Richmond,Josh Caddy,7,10,10,58.8,2,0,2,0,0,0,1,8,378,5,2,1,96,2018,Qualifying Final,2018-09-06,9712
Richmond,Daniel Rioli,12,7,12,70.6,0,0,1,1,0,0,0,6,234,3,3,0,81,2018,Qualifying Final,2018-09-06,9712
Richmond,Shane Edwards,7,7,8,53.3,0,1,0,2,0,2,2,7,196,5,4,0,86,2018,Qualifying Final,2018-09-06,9712
Richmond,Jack Riewoldt,8,3,8,57.1,0,0,1,2,0,0,0,5,194,2,2,1,94,2018,Qualifying Final,2018-09-06,9712
Richmond,Toby Nankervis,8,5,8,57.1,1,0,1,5,0,1,3,5,202,3,5,0,78,2018,Qualifying Final,2018-09-06,9712
Richmond,Alex Rance,4,8,11,84.6,0,0,0,8,0,0,0,0,272,5,8,0,100,2018,Qualifying Final,2018-09-06,9712
Richmond,Dylan Grimes,8,5,9,75.0,2,0,0,12,0,0,0,1,120,1,9,0,86,2018,Qualifying Final,2018-09-06,9712
Richmond,Nick Vlastuin,9,7,10,83.3,1,0,0,9,0,0,0,4,189,5,12,1,88,2018,Qualifying Final,2018-09-06,9712
Richmond,Kamdyn Mcintosh,5,6,9,75.0,0,0,1,4,0,0,0,4,170,0,4,0,81,2018,Qualifying Final,2018-09-06,9712
Richmond,Jason Castagna,2,5,5,62.5,0,1,0,1,0,0,1,3,74,1,0,2,78,2018,Qualifying Final,2018-09-06,9712
Richmond,Jack Graham,2,5,6,85.7,0,0,0,0,0,0,0,4,183,0,1,0,58,2018,Qualifying Final,2018-09-06,9712
Richmond,David Astbury,0,6,4,66.7,0,0,0,8,0,0,0,1,155,3,1,0,96,2018,Qualifying Final,2018-09-06,9712
Richmond,Nathan Broad,4,1,3,100.0,1,0,0,3,0,0,0,2,49,1,4,0,78,2018,Qualifying Final,2018-09-06,9712
Hawthorn,Tom Mitchell,23,15,25,65.8,0,0,0,0,0,4,7,6,319,6,4,2,91,2018,Qualifying Final,2018-09-06,9712
Hawthorn,Ricky Henderson,9,20,20,69.0,0,1,0,1,0,0,1,7,470,2,6,1,83,2018,Qualifying Final,2018-09-06,9712
Hawthorn,Jaeger O Meara,17,15,22,75.9,0,0,0,3,0,2,6,7,228,6,3,0,88,2018,Qualifying Final,2018-09-06,9712
Hawthorn,Liam Shiels,7,16,13,50.0,0,0,1,0,0,1,3,5,489,4,4,4,79,2018,Qualifying Final,2018-09-06,9712
Hawthorn,Isaac Smith,8,16,15,60.0,0,0,0,4,0,1,4,4,349,8,2,0,86,2018,Qualifying Final,2018-09-06,9712
Hawthorn,James Sicily,7,12,14,66.7,0,0,0,8,0,0,1,4,523,8,10,0,92,2018,Qualifying Final,2018-09-06,9712
Hawthorn,Jack Gunston,8,9,11,61.1,0,0,0,5,0,0,1,1,320,5,4,1,91,2018,Qualifying Final,2018-09-06,9712
Hawthorn,Ryan Burton,10,7,10,55.6,1,0,0,8,0,0,0,2,260,2,10,0,81,2018,Qualifying Final,2018-09-06,9712
Hawthorn,Shaun Burgoyne,13,3,9,52.9,0,0,0,1,0,0,4,4,155,5,6,0,79,2018,Qualifying Final,2018-09-06,9712
Hawthorn,James Worpel,8,9,10,58.8,1,0,0,1,0,1,0,4,216,6,3,0,84,2018,Qualifying Final,2018-09-06,9712
Hawthorn,Blake Hardwick,7,9,9,56.2,0,0,0,7,0,0,1,1,288,8,6,0,79,2018,Qualifying Final,2018-09-06,9712
Hawthorn,Daniel Howe,8,6,11,73.3,0,0,0,4,0,0,2,3,254,3,6,2,81,2018,Qualifying Final,2018-09-06,9712
Hawthorn,James Frawley,2,11,12,85.7,0,0,0,8,0,0,0,0,251,2,4,0,97,2018,Qualifying Final,2018-09-06,9712
Hawthorn,Harry Morrison,5,8,9,69.2,0,1,0,2,0,0,0,4,97,4,2,1,83,2018,Qualifying Final,2018-09-06,9712
Hawthorn,Jarman Impey,4,8,7,58.3,0,0,0,1,0,0,0,2,98,2,5,0,71,2018,Qualifying Final,2018-09-06,9712
Hawthorn,Jarryd Roughead,8,3,6,54.5,2,0,0,1,0,0,0,4,179,4,1,1,93,2018,Qualifying Final,2018-09-06,9712
Hawthorn,Luke Breust,7,6,6,54.5,1,0,3,2,0,0,0,6,187,2,0,0,86,2018,Qualifying Final,2018-09-06,9712
Hawthorn,Benjamin Stratton,8,4,7,63.6,1,0,0,9,0,0,1,0,176,5,7,0,61,2018,Qualifying Final,2018-09-06,9712
Hawthorn,Paul Puopolo,3,6,8,80.0,0,3,0,0,0,0,0,6,182,2,1,3,81,2018,Qualifying Final,2018-09-06,9712
Hawthorn,Jonathon Ceglar,3,8,5,55.6,0,0,0,4,0,1,0,5,153,3,1,0,68,2018,Qualifying Final,2018-09-06,9712
Hawthorn,Ben Mcevoy,6,2,6,75.0,0,0,0,4,0,0,2,2,-1,0,1,1,79,2018,Qualifying Final,2018-09-06,9712
Hawthorn,Conor Nash,3,0,3,60.0,1,0,1,0,0,0,0,2,41,2,2,0,69,2018,Qualifying Final,2018-09-06,9712
Melbourne,Clayton Oliver,18,13,19,63.3,0,0,0,4,0,1,4,5,319,6,5,0,87,2018,Elimination Final,2018-09-07,9713
Melbourne,James Harmes,10,18,19,73.1,0,1,1,1,1,3,1,4,400,7,3,1,83,2018,Elimination Final,2018-09-07,9713
Melbourne,Angus Brayshaw,14,12,15,57.7,1,0,0,3,2,3,1,4,392,7,4,3,71,2018,Elimination Final,2018-09-07,9713
Melbourne,Christian Salem,3,18,14,56.0,0,0,0,3,0,0,1,5,571,4,3,0,76,2018,Elimination Final,2018-09-07,9713
Melbourne,Jordan Lewis,6,16,19,79.2,0,1,0,4,0,0,0,6,380,2,9,0,89,2018,Elimination Final,2018-09-07,9713
Melbourne,Sam Weideman,10,14,17,70.8,3,0,2,2,0,0,2,4,181,4,1,1,85,2018,Elimination Final,2018-09-07,9713
Melbourne,Jack Viney,13,8,15,75.0,1,0,0,0,0,3,2,2,126,3,1,3,66,2018,Elimination Final,2018-09-07,9713
Melbourne,Alex Neal Bullen,9,12,14,70.0,0,0,1,1,0,0,2,7,246,1,3,1,78,2018,Elimination Final,2018-09-07,9713
Melbourne,Aaron Vandenberg,9,9,10,55.6,0,0,0,0,0,0,3,2,314,7,5,2,79,2018,Elimination Final,2018-09-07,9713
Melbourne,Tom Mcdonald,8,9,12,70.6,3,0,5,4,0,1,0,7,247,3,1,1,93,2018,Elimination Final,2018-09-07,9713
Melbourne,Dom Tyson,10,9,9,52.9,0,1,0,1,0,0,2,4,240,4,4,1,70,2018,Elimination Final,2018-09-07,9713
Melbourne,Oscar Mcdonald,8,8,13,81.2,1,0,0,2,0,0,0,5,214,1,7,0,96,2018,Elimination Final,2018-09-07,9713
Melbourne,Nathan Jones,4,13,11,73.3,0,0,0,0,1,0,0,5,283,3,0,2,82,2018,Elimination Final,2018-09-07,9713
Melbourne,Michael Hibberd,5,11,12,80.0,0,0,0,3,0,0,0,3,484,1,5,0,84,2018,Elimination Final,2018-09-07,9713
Melbourne,Christian Petracca,4,11,10,66.7,0,2,1,3,0,0,0,4,237,4,3,3,92,2018,Elimination Final,2018-09-07,9713
Melbourne,Mitchell Hannan,7,6,9,64.3,0,0,0,0,3,0,1,5,368,3,3,1,71,2018,Elimination Final,2018-09-07,9713
Melbourne,Bayley Fritsch,1,11,12,100.0,0,0,0,3,0,0,0,1,177,1,1,1,80,2018,Elimination Final,2018-09-07,9713
Melbourne,Jake Melksham,5,6,7,63.6,2,0,3,2,1,1,0,4,278,4,1,1,81,2018,Elimination Final,2018-09-07,9713
Melbourne,Max Gawn,4,7,7,63.6,2,0,1,5,0,0,3,3,126,4,3,0,83,2018,Elimination Final,2018-09-07,9713
Melbourne,Sam Frost,6,3,8,80.0,1,0,0,2,0,1,0,2,117,2,7,0,97,2018,Elimination Final,2018-09-07,9713
Melbourne,Charlie Spargo,3,6,6,66.7,0,1,0,0,0,0,2,4,141,2,0,2,80,2018,Elimination Final,2018-09-07,9713
Melbourne,Neville Jetta,5,2,7,100.0,0,0,0,1,0,0,0,0,104,1,7,0,78,2018,Elimination Final,2018-09-07,9713
Geelong,Gary Jnr Ablett,7,20,17,63.0,1,0,0,0,0,0,4,6,487,8,2,1,87,2018,Elimination Final,2018-09-07,9713
Geelong,Joel Selwood,20,7,18,72.0,1,0,0,1,0,1,7,3,297,6,4,0,79,2018,Elimination Final,2018-09-07,9713
Geelong,Patrick Dangerfield,14,12,13,52.0,1,1,0,3,0,1,2,4,417,10,3,0,84,2018,Elimination Final,2018-09-07,9713
Geelong,Mitchell Duncan,7,14,14,66.7,1,0,0,1,1,0,1,5,412,8,2,0,80,2018,Elimination Final,2018-09-07,9713
Geelong,Sam Menegola,5,16,12,60.0,0,0,0,3,0,0,0,4,293,1,1,0,83,2018,Elimination Final,2018-09-07,9713
Geelong,Zach Tuohy,2,17,18,94.7,0,0,0,1,0,0,0,2,432,3,3,0,86,2018,Elimination Final,2018-09-07,9713
Geelong,Tim Kelly,7,10,8,44.4,0,0,0,0,0,1,1,6,387,4,2,0,87,2018,Elimination Final,2018-09-07,9713
Geelong,Harry Taylor,12,7,12,70.6,0,1,0,8,0,0,0,2,216,2,11,0,74,2018,Elimination Final,2018-09-07,9713
Geelong,Scott Selwood,6,11,14,82.4,0,1,1,1,0,0,1,7,137,3,0,0,89,2018,Elimination Final,2018-09-07,9713
Geelong,Thomas Stewart,3,8,9,56.2,1,1,0,5,0,0,0,3,457,6,6,0,77,2018,Elimination Final,2018-09-07,9713
Geelong,Jed Bews,7,9,11,73.3,0,1,0,0,0,0,0,4,278,3,5,0,91,2018,Elimination Final,2018-09-07,9713
Geelong,Cameron Guthrie,9,4,7,50.0,1,0,0,1,0,0,4,0,170,2,4,0,66,2018,Elimination Final,2018-09-07,9713
Geelong,Jake Kolodjashnij,4,9,10,71.4,0,0,0,3,0,0,0,1,151,2,1,0,77,2018,Elimination Final,2018-09-07,9713
Geelong,Mark Blicavs,6,7,10,76.9,0,0,0,6,0,0,1,3,94,1,6,0,93,2018,Elimination Final,2018-09-07,9713
Geelong,Brandan Parfitt,5,8,9,69.2,0,1,1,2,0,0,1,5,114,3,3,1,74,2018,Elimination Final,2018-09-07,9713
Geelong,Mark O Connor,6,6,10,83.3,1,0,0,3,1,1,0,1,250,2,9,0,80,2018,Elimination Final,2018-09-07,9713
Geelong,Tom Hawkins,7,5,8,72.7,2,0,4,1,0,0,0,7,81,2,0,2,100,2018,Elimination Final,2018-09-07,9713
Geelong,Jack Henry,5,7,7,63.6,0,0,0,2,0,0,0,0,209,3,4,0,77,2018,Elimination Final,2018-09-07,9713
Geelong,Lachlan Henderson,5,5,6,60.0,1,0,0,6,0,0,0,1,136,2,5,0,87,2018,Elimination Final,2018-09-07,9713
Geelong,Daniel Menzel,2,7,5,62.5,0,0,0,1,0,0,1,3,135,1,0,1,82,2018,Elimination Final,2018-09-07,9713
Geelong,Jordan Murdoch,3,5,4,57.1,0,0,0,0,0,0,0,3,159,3,3,1,66,2018,Elimination Final,2018-09-07,9713
Geelong,Ryan Abbott,2,3,2,40.0,1,0,1,5,0,0,0,1,31,1,0,0,81,2018,Elimination Final,2018-09-07,9713
Sydney,Josh P  Kennedy,10,17,12,44.4,0,0,0,0,0,0,2,1,141,7,5,0,79,2018,Elimination Final,2018-09-08,9714
Sydney,Harry Cunningham,5,19,21,84.0,0,0,0,1,0,0,0,1,322,4,5,0,90,2018,Elimination Final,2018-09-08,9714
Sydney,Daniel Hannebery,10,15,13,54.2,0,0,1,1,0,1,4,1,521,11,1,0,73,2018,Elimination Final,2018-09-08,9714
Sydney,Luke Parker,8,9,10,47.6,2,0,0,1,0,0,4,2,323,5,2,1,97,2018,Elimination Final,2018-09-08,9714
Sydney,Isaac Heeney,11,10,13,65.0,1,0,0,1,0,0,4,2,412,6,5,0,85,2018,Elimination Final,2018-09-08,9714
Sydney,Jake Lloyd,3,15,15,88.2,1,0,0,1,0,1,0,3,395,5,3,0,88,2018,Elimination Final,2018-09-08,9714
Sydney,Dane Rampe,4,13,14,82.4,0,0,0,6,0,1,0,0,341,7,5,0,94,2018,Elimination Final,2018-09-08,9714
Sydney,Zak Jones,4,12,15,88.2,1,0,0,2,0,0,0,0,290,4,4,0,86,2018,Elimination Final,2018-09-08,9714
Sydney,George Hewett,8,10,16,94.1,1,0,0,0,0,0,2,1,168,3,4,0,86,2018,Elimination Final,2018-09-08,9714
Sydney,Tom Papley,9,9,14,82.4,0,0,0,1,0,3,1,4,245,2,2,0,87,2018,Elimination Final,2018-09-08,9714
Sydney,Heath Grundy,10,4,12,80.0,4,0,0,1,0,0,0,1,234,4,10,0,79,2018,Elimination Final,2018-09-08,9714
Sydney,Kieran Jack,4,9,8,53.3,0,1,0,0,0,0,1,2,326,4,3,0,65,2018,Elimination Final,2018-09-08,9714
Sydney,Aliir Aliir,5,9,13,86.7,1,0,0,5,0,1,0,0,140,1,10,0,90,2018,Elimination Final,2018-09-08,9714
Sydney,Nic Newman,2,11,11,73.3,0,0,0,3,0,0,0,0,412,2,6,0,76,2018,Elimination Final,2018-09-08,9714
Sydney,Jarrad Mcveigh,5,10,9,64.3,0,0,0,3,0,1,2,3,384,3,1,0,87,2018,Elimination Final,2018-09-08,9714
Sydney,Daniel Robinson,5,9,10,71.4,2,0,0,0,1,0,0,2,213,4,2,0,70,2018,Elimination Final,2018-09-08,9714
Sydney,Oliver Florent,4,8,8,72.7,0,0,0,1,0,0,0,1,278,2,1,0,75,2018,Elimination Final,2018-09-08,9714
Sydney,Ben Ronke,3,7,5,50.0,0,0,1,0,0,0,0,1,170,6,0,1,69,2018,Elimination Final,2018-09-08,9714
Sydney,Lance Franklin,2,6,4,50.0,0,0,1,0,0,0,0,2,59,4,1,0,87,2018,Elimination Final,2018-09-08,9714
Sydney,Callum Sinclair,5,2,4,50.0,0,0,0,8,0,1,2,2,137,2,2,0,92,2018,Elimination Final,2018-09-08,9714
Sydney,Will Hayward,5,3,7,87.5,1,1,0,2,0,0,0,1,177,1,1,0,72,2018,Elimination Final,2018-09-08,9714
Sydney,Tom Mccartin,2,1,2,66.7,1,0,0,0,0,0,0,0,96,1,2,1,73,2018,Elimination Final,2018-09-08,9714
Greater Western Sydney,Callan Ward,17,12,21,72.4,0,0,1,1,1,1,6,8,342,3,5,0,89,2018,Elimination Final,2018-09-08,9714
Greater Western Sydney,Lachie Whitfield,7,21,23,79.3,0,0,0,1,2,0,3,8,531,3,4,0,88,2018,Elimination Final,2018-09-08,9714
Greater Western Sydney,Stephen Coniglio,13,14,14,51.9,0,1,0,1,1,0,4,6,488,5,3,2,83,2018,Elimination Final,2018-09-08,9714
Greater Western Sydney,Toby Greene,8,17,15,55.6,3,0,5,3,0,1,1,6,612,5,2,0,76,2018,Elimination Final,2018-09-08,9714
Greater Western Sydney,Jacob Hopper,9,18,13,50.0,0,0,1,1,0,0,2,6,409,6,3,0,73,2018,Elimination Final,2018-09-08,9714
Greater Western Sydney,Dylan Shiel,9,13,14,60.9,0,2,0,3,1,1,5,4,515,3,1,1,81,2018,Elimination Final,2018-09-08,9714
Greater Western Sydney,Zachary Williams,5,17,18,78.3,1,1,0,3,0,0,0,5,489,3,6,0,74,2018,Elimination Final,2018-09-08,9714
Greater Western Sydney,Harrison Himmelberg,8,16,12,52.2,1,0,2,0,0,0,1,8,365,5,2,1,90,2018,Elimination Final,2018-09-08,9714
Greater Western Sydney,Brett Deledio,6,16,13,59.1,0,1,1,1,0,0,0,7,306,2,4,0,74,2018,Elimination Final,2018-09-08,9714
Greater Western Sydney,Adam Tomlinson,10,11,14,66.7,1,0,0,2,1,1,2,8,485,7,3,0,94,2018,Elimination Final,2018-09-08,9714
Greater Western Sydney,Nick Haynes,9,12,17,85.0,0,0,0,12,0,0,1,0,395,2,9,0,91,2018,Elimination Final,2018-09-08,9714
Greater Western Sydney,Phil Davis,5,11,15,83.3,2,0,0,6,0,0,0,2,89,2,12,0,96,2018,Elimination Final,2018-09-08,9714
Greater Western Sydney,Tim Taranto,9,7,15,83.3,0,0,0,1,0,2,2,3,129,5,5,3,96,2018,Elimination Final,2018-09-08,9714
Greater Western Sydney,Matthew Deboer,7,10,10,58.8,0,0,0,0,0,0,1,4,207,6,0,2,85,2018,Elimination Final,2018-09-08,9714
Greater Western Sydney,Adam Kennedy,2,12,12,75.0,0,0,0,2,0,0,0,2,320,4,6,0,89,2018,Elimination Final,2018-09-08,9714
Greater Western Sydney,Matthew Buntine,9,6,10,71.4,3,0,0,5,0,0,0,1,175,4,11,0,81,2018,Elimination Final,2018-09-08,9714
Greater Western Sydney,Jeremy Cameron,10,4,9,64.3,1,0,1,1,0,0,0,6,265,0,2,1,94,2018,Elimination Final,2018-09-08,9714
Greater Western Sydney,Harry Perryman,4,10,10,76.9,0,0,0,3,0,0,1,3,127,1,3,0,81,2018,Elimination Final,2018-09-08,9714
Greater Western Sydney,Samuel Reid,6,6,8,66.7,0,0,0,3,0,0,1,1,211,3,5,0,82,2018,Elimination Final,2018-09-08,9714
Greater Western Sydney,Rory Lobb,6,2,4,50.0,1,1,0,9,0,0,0,3,86,2,3,1,91,2018,Elimination Final,2018-09-08,9714
Greater Western Sydney,Zac Giles Langdon,3,5,6,75.0,1,0,0,2,0,0,1,4,17,1,1,1,70,2018,Elimination Final,2018-09-08,9714
Greater Western Sydney,Joshua Kelly,1,6,3,42.9,0,0,1,0,0,1,0,1,135,2,0,1,20,2018,Elimination Final,2018-09-08,9714
West Coast,Elliot Yeo,24,13,18,50.0,0,1,0,3,0,2,3,3,621,9,8,0,88,2018,Qualifying Final,2018-09-08,9715
West Coast,Jack Redden,7,24,25,78.1,1,0,1,1,0,1,3,8,497,5,5,0,88,2018,Qualifying Final,2018-09-08,9715
West Coast,Dominic Sheed,15,14,23,85.2,0,0,0,2,0,3,4,7,411,3,6,0,76,2018,Qualifying Final,2018-09-08,9715
West Coast,Lewis Jetta,7,11,16,80.0,0,0,0,5,0,1,0,5,310,3,8,0,86,2018,Qualifying Final,2018-09-08,9715
West Coast,Luke Shuey,12,12,12,63.2,0,0,0,7,1,2,2,4,338,6,5,0,88,2018,Qualifying Final,2018-09-08,9715
West Coast,Jeremy Mcgovern,11,6,13,72.2,4,1,0,8,0,0,0,3,120,3,12,0,88,2018,Qualifying Final,2018-09-08,9715
West Coast,Shannon Hurn,4,11,12,70.6,2,0,0,2,0,0,0,3,410,0,4,0,90,2018,Qualifying Final,2018-09-08,9715
West Coast,Jamie Cripps,4,13,10,62.5,0,0,0,0,0,0,0,7,419,3,3,1,93,2018,Qualifying Final,2018-09-08,9715
West Coast,Mark Lecras,7,8,6,40.0,0,2,0,0,0,0,3,5,217,4,0,0,90,2018,Qualifying Final,2018-09-08,9715
West Coast,Mark Hutchings,7,10,10,66.7,0,0,0,0,0,0,1,2,140,4,5,0,87,2018,Qualifying Final,2018-09-08,9715
West Coast,Liam Duggan,4,10,12,80.0,0,0,0,2,0,0,2,2,489,3,4,1,81,2018,Qualifying Final,2018-09-08,9715
West Coast,Liam Ryan,7,8,7,46.7,0,0,2,0,0,0,0,4,371,7,5,0,76,2018,Qualifying Final,2018-09-08,9715
West Coast,Willie Rioli,8,7,8,57.1,0,0,0,2,0,0,4,5,363,5,2,1,78,2018,Qualifying Final,2018-09-08,9715
West Coast,Jack Darling,10,4,11,84.6,3,2,2,2,0,0,0,7,264,1,1,0,96,2018,Qualifying Final,2018-09-08,9715
West Coast,Joshua Kennedy,7,6,5,41.7,3,0,4,2,0,0,0,7,355,4,1,1,86,2018,Qualifying Final,2018-09-08,9715
West Coast,Chris Masten,2,10,7,63.6,0,0,0,1,0,0,0,0,219,5,2,0,85,2018,Qualifying Final,2018-09-08,9715
West Coast,Nathan Vardy,10,2,8,72.7,1,0,0,4,0,1,2,2,81,1,2,0,77,2018,Qualifying Final,2018-09-08,9715
West Coast,Scott Lycett,8,2,9,90.0,0,0,0,4,0,0,1,3,121,2,4,0,76,2018,Qualifying Final,2018-09-08,9715
West Coast,Tom Barrass,3,5,5,62.5,1,0,0,13,0,0,0,2,58,2,4,0,92,2018,Qualifying Final,2018-09-08,9715
West Coast,Daniel Venables,6,4,4,57.1,0,1,1,0,0,0,0,3,70,3,0,2,73,2018,Qualifying Final,2018-09-08,9715
West Coast,Tom Cole,6,0,4,80.0,0,0,0,3,0,0,1,1,127,2,5,0,92,2018,Qualifying Final,2018-09-08,9715
West Coast,Bradley Sheppard,0,1,1,50.0,0,0,0,0,0,0,0,0,59,0,1,0,16,2018,Qualifying Final,2018-09-08,9715
Collingwood,Steele Sidebottom,12,13,19,70.4,0,0,0,3,0,2,3,5,298,2,5,0,90,2018,Qualifying Final,2018-09-08,9715
Collingwood,Taylor Adams,12,18,16,61.5,0,0,0,4,1,3,3,4,655,9,4,0,73,2018,Qualifying Final,2018-09-08,9715
Collingwood,Brayden Sier,17,10,18,69.2,1,0,0,2,0,4,2,7,147,2,3,0,67,2018,Qualifying Final,2018-09-08,9715
Collingwood,Tom Phillips,6,21,16,61.5,0,0,0,0,0,0,3,6,565,7,3,0,91,2018,Qualifying Final,2018-09-08,9715
Collingwood,Adam Treloar,13,12,12,50.0,0,0,0,0,0,1,5,5,295,6,2,0,66,2018,Qualifying Final,2018-09-08,9715
Collingwood,Josh Thomas,9,12,14,66.7,0,1,0,0,0,0,0,5,274,2,2,0,79,2018,Qualifying Final,2018-09-08,9715
Collingwood,Jack Crisp,8,13,17,81.0,0,2,0,4,0,0,0,5,311,2,5,0,90,2018,Qualifying Final,2018-09-08,9715
Collingwood,James Aish,12,9,14,66.7,0,0,0,3,0,0,1,3,346,7,9,0,84,2018,Qualifying Final,2018-09-08,9715
Collingwood,Brodie Grundy,9,8,13,72.2,0,0,0,6,0,2,3,6,85,4,4,0,93,2018,Qualifying Final,2018-09-08,9715
Collingwood,Scott Pendlebury,5,14,16,94.1,0,0,0,4,0,0,1,6,289,1,2,0,81,2018,Qualifying Final,2018-09-08,9715
Collingwood,Brayden Maynard,6,8,13,76.5,0,1,0,7,0,1,0,3,389,5,5,0,87,2018,Qualifying Final,2018-09-08,9715
Collingwood,Jeremy Howe,6,9,10,62.5,2,0,0,15,0,0,0,1,176,6,7,0,98,2018,Qualifying Final,2018-09-08,9715
Collingwood,Will Hoskin Elliott,7,10,12,80.0,0,0,1,3,0,0,0,3,336,4,3,0,75,2018,Qualifying Final,2018-09-08,9715
Collingwood,Jaidyn Stephenson,7,8,10,66.7,1,0,1,3,0,0,0,6,295,3,1,1,70,2018,Qualifying Final,2018-09-08,9715
Collingwood,Levi Greenwood,2,11,7,53.8,0,0,0,4,2,0,0,2,334,3,2,0,65,2018,Qualifying Final,2018-09-08,9715
Collingwood,Brody Mihocek,3,10,9,69.2,2,1,3,3,0,0,0,7,414,5,0,0,83,2018,Qualifying Final,2018-09-08,9715
Collingwood,Tom Langdon,6,7,10,83.3,0,0,0,10,0,0,0,2,93,1,6,0,91,2018,Qualifying Final,2018-09-08,9715
Collingwood,Christopher Mayne,6,4,7,63.6,1,0,0,0,0,0,0,3,224,5,3,3,85,2018,Qualifying Final,2018-09-08,9715
Collingwood,Jordan De Goey,4,6,8,72.7,1,0,2,1,0,1,1,4,93,6,0,0,87,2018,Qualifying Final,2018-09-08,9715
Collingwood,Travis Varcoe,4,5,7,77.8,0,0,1,1,0,0,1,2,248,4,2,0,71,2018,Qualifying Final,2018-09-08,9715
Collingwood,Tyson Goldsack,6,0,5,83.3,0,0,0,9,0,0,0,1,60,1,6,0,86,2018,Qualifying Final,2018-09-08,9715
Collingwood,Mason Cox,3,2,2,40.0,0,0,0,7,0,0,0,1,118,2,1,0,88,2018,Qualifying Final,2018-09-08,9715
Hawthorn,Tom Mitchell,13,10,22,91.7,0,0,0,1,0,2,6,3,423,6,3,1,90,2018,Semi Final,2018-09-14,9716
Hawthorn,Liam Shiels,13,11,16,69.6,0,0,0,0,0,4,0,5,217,4,3,1,88,2018,Semi Final,2018-09-14,9716
Hawthorn,Isaac Smith,0,21,19,86.4,0,0,0,0,0,0,0,3,321,2,2,0,86,2018,Semi Final,2018-09-14,9716
Hawthorn,Ricky Henderson,4,17,17,81.0,0,2,1,0,0,0,0,7,382,4,7,0,81,2018,Semi Final,2018-09-14,9716
Hawthorn,David Mirra,1,17,15,78.9,1,0,0,2,1,0,0,2,295,4,4,0,82,2018,Semi Final,2018-09-14,9716
Hawthorn,Ben Mcevoy,6,12,16,94.1,1,1,0,5,0,3,1,7,92,1,3,0,86,2018,Semi Final,2018-09-14,9716
Hawthorn,James Sicily,11,8,16,94.1,1,0,0,3,0,0,1,3,447,4,10,0,93,2018,Semi Final,2018-09-14,9716
Hawthorn,Ryan Burton,3,13,12,70.6,0,0,0,7,1,0,0,4,300,4,5,0,76,2018,Semi Final,2018-09-14,9716
Hawthorn,James Frawley,5,11,12,75.0,0,0,0,6,0,0,0,2,110,2,6,0,97,2018,Semi Final,2018-09-14,9716
Hawthorn,Jack Gunston,9,7,8,50.0,3,0,4,0,0,0,0,10,298,1,1,2,93,2018,Semi Final,2018-09-14,9716
Hawthorn,Jarryd Roughead,6,7,9,60.0,0,0,0,3,0,0,2,5,319,2,0,5,88,2018,Semi Final,2018-09-14,9716
Hawthorn,Jarman Impey,6,10,9,60.0,0,1,0,0,2,0,0,2,187,4,2,1,70,2018,Semi Final,2018-09-14,9716
Hawthorn,Daniel Howe,5,13,10,66.7,0,1,0,4,0,0,0,3,170,4,2,0,71,2018,Semi Final,2018-09-14,9716
Hawthorn,Shaun Burgoyne,4,10,10,76.9,0,1,0,3,0,1,0,2,156,0,2,0,89,2018,Semi Final,2018-09-14,9716
Hawthorn,Luke Breust,7,6,8,61.5,0,0,0,0,0,0,3,4,246,2,0,1,83,2018,Semi Final,2018-09-14,9716
Hawthorn,Harry Morrison,5,9,10,76.9,0,0,1,1,0,1,2,4,166,1,2,0,75,2018,Semi Final,2018-09-14,9716
Hawthorn,Taylor Duryea,3,11,8,66.7,0,0,0,2,0,0,0,2,224,4,2,0,87,2018,Semi Final,2018-09-14,9716
Hawthorn,Paul Puopolo,6,5,10,83.3,0,0,1,0,1,0,0,8,222,2,1,2,82,2018,Semi Final,2018-09-14,9716
Hawthorn,Blake Hardwick,4,7,9,81.8,1,0,0,5,0,0,0,1,208,2,7,0,86,2018,Semi Final,2018-09-14,9716
Hawthorn,James Worpel,5,7,4,44.4,0,0,1,2,0,1,1,1,123,5,2,1,66,2018,Semi Final,2018-09-14,9716
Hawthorn,Ryan Schoenmakers,6,1,4,66.7,2,0,3,2,0,0,0,2,125,4,1,0,66,2018,Semi Final,2018-09-14,9716
Hawthorn,Conor Nash,2,3,2,50.0,0,0,0,5,0,0,0,0,32,3,0,1,64,2018,Semi Final,2018-09-14,9716
Melbourne,Jack Viney,17,12,20,74.1,0,1,0,2,0,5,3,4,256,5,1,0,67,2018,Semi Final,2018-09-14,9716
Melbourne,Christian Petracca,8,13,16,72.7,1,1,0,0,1,0,1,7,545,5,0,0,91,2018,Semi Final,2018-09-14,9716
Melbourne,Clayton Oliver,11,11,15,68.2,0,2,0,2,1,3,4,6,130,4,2,3,84,2018,Semi Final,2018-09-14,9716
Melbourne,Michael Hibberd,4,15,16,80.0,0,0,0,6,0,0,0,1,483,4,5,0,85,2018,Semi Final,2018-09-14,9716
Melbourne,Nathan Jones,4,15,13,68.4,0,0,0,0,0,0,0,2,197,3,2,0,79,2018,Semi Final,2018-09-14,9716
Melbourne,James Harmes,8,12,14,73.7,0,0,0,2,0,1,3,1,299,2,1,4,84,2018,Semi Final,2018-09-14,9716
Melbourne,Neville Jetta,8,10,12,70.6,0,0,0,4,0,0,0,2,130,4,7,0,77,2018,Semi Final,2018-09-14,9716
Melbourne,Jordan Lewis,8,6,7,43.8,0,0,0,3,0,0,3,1,89,4,5,0,84,2018,Semi Final,2018-09-14,9716
Melbourne,Christian Salem,3,12,14,87.5,0,0,0,3,0,1,0,2,427,1,3,1,78,2018,Semi Final,2018-09-14,9716
Melbourne,Bayley Fritsch,5,10,13,81.2,1,0,0,1,0,0,1,2,179,3,3,0,82,2018,Semi Final,2018-09-14,9716
Melbourne,Max Gawn,7,7,10,66.7,2,0,1,3,0,1,0,6,160,4,4,1,84,2018,Semi Final,2018-09-14,9716
Melbourne,Aaron Vandenberg,6,9,8,53.3,1,1,1,3,0,0,0,5,294,1,3,0,81,2018,Semi Final,2018-09-14,9716
Melbourne,Tom Mcdonald,6,10,11,78.6,3,0,3,1,0,0,0,5,288,5,3,1,90,2018,Semi Final,2018-09-14,9716
Melbourne,Oscar Mcdonald,2,12,9,64.3,0,0,0,5,0,0,0,1,338,4,4,0,97,2018,Semi Final,2018-09-14,9716
Melbourne,Sam Frost,6,7,9,75.0,1,0,0,4,0,0,0,2,202,2,9,0,95,2018,Semi Final,2018-09-14,9716
Melbourne,Angus Brayshaw,8,5,9,75.0,2,0,2,1,0,1,2,5,260,2,1,0,68,2018,Semi Final,2018-09-14,9716
Melbourne,Charlie Spargo,8,4,10,83.3,0,3,2,0,0,0,2,7,151,1,3,1,71,2018,Semi Final,2018-09-14,9716
Melbourne,Jake Melksham,4,7,7,63.6,2,2,2,0,0,0,0,8,265,5,2,0,88,2018,Semi Final,2018-09-14,9716
Melbourne,Dom Tyson,5,6,9,81.8,0,1,0,0,0,1,2,3,169,3,2,1,72,2018,Semi Final,2018-09-14,9716
Melbourne,Sam Weideman,4,6,9,81.8,2,0,2,2,0,0,1,3,93,0,1,1,81,2018,Semi Final,2018-09-14,9716
Melbourne,Alex Neal Bullen,4,5,5,62.5,0,0,0,4,0,0,1,4,133,2,3,3,85,2018,Semi Final,2018-09-14,9716
Melbourne,Mitchell Hannan,3,4,5,83.3,1,1,2,2,0,0,0,3,118,0,1,2,77,2018,Semi Final,2018-09-14,9716
Collingwood,Steele Sidebottom,10,20,22,71.0,0,0,0,2,1,1,4,6,446,3,3,0,87,2018,Semi Final,2018-09-15,9717
Collingwood,Adam Treloar,11,16,19,65.5,0,0,2,0,0,1,3,10,333,4,4,0,75,2018,Semi Final,2018-09-15,9717
Collingwood,Tom Phillips,8,21,18,62.1,0,0,0,3,0,0,1,8,447,6,3,0,90,2018,Semi Final,2018-09-15,9717
Collingwood,Scott Pendlebury,10,16,17,68.0,0,0,0,4,0,0,4,3,274,5,1,1,82,2018,Semi Final,2018-09-15,9717
Collingwood,Taylor Adams,11,13,15,62.5,0,0,0,0,0,2,3,7,356,5,1,0,84,2018,Semi Final,2018-09-15,9717
Collingwood,Jeremy Howe,13,10,19,82.6,2,0,0,6,0,0,0,3,310,3,10,0,85,2018,Semi Final,2018-09-15,9717
Collingwood,Tom Langdon,8,13,16,76.2,1,0,0,5,0,0,0,1,83,2,12,0,91,2018,Semi Final,2018-09-15,9717
Collingwood,Christopher Mayne,5,13,13,68.4,0,0,0,0,0,1,1,4,173,5,4,0,78,2018,Semi Final,2018-09-15,9717
Collingwood,Will Hoskin Elliott,10,12,13,68.4,2,1,1,3,0,0,0,6,353,5,1,2,90,2018,Semi Final,2018-09-15,9717
Collingwood,James Aish,4,14,11,57.9,1,0,1,1,0,0,0,2,322,6,6,0,86,2018,Semi Final,2018-09-15,9717
Collingwood,Brayden Sier,9,10,11,57.9,0,0,0,0,0,0,2,5,263,2,3,0,51,2018,Semi Final,2018-09-15,9717
Collingwood,Levi Greenwood,6,12,12,66.7,1,0,0,2,0,0,0,1,351,6,6,0,78,2018,Semi Final,2018-09-15,9717
Collingwood,Brodie Grundy,10,9,11,61.1,0,0,1,4,0,1,1,7,184,2,4,1,85,2018,Semi Final,2018-09-15,9717
Collingwood,Brayden Maynard,3,12,12,75.0,0,0,0,10,0,0,1,4,219,3,5,0,84,2018,Semi Final,2018-09-15,9717
Collingwood,Josh Thomas,8,8,9,60.0,0,1,2,4,0,0,1,6,224,4,3,1,79,2018,Semi Final,2018-09-15,9717
Collingwood,Jack Crisp,4,9,13,92.9,1,0,0,7,0,1,2,5,160,1,5,0,88,2018,Semi Final,2018-09-15,9717
Collingwood,Jordan De Goey,3,13,7,50.0,0,2,5,3,0,0,0,11,358,3,0,0,86,2018,Semi Final,2018-09-15,9717
Collingwood,Mason Cox,10,5,5,45.5,1,0,1,9,0,1,0,6,153,4,3,2,91,2018,Semi Final,2018-09-15,9717
Collingwood,Jaidyn Stephenson,4,7,3,30.0,0,0,0,0,0,0,1,5,211,0,0,2,72,2018,Semi Final,2018-09-15,9717
Collingwood,Travis Varcoe,3,7,8,88.9,0,0,0,1,0,0,0,4,151,1,0,0,70,2018,Semi Final,2018-09-15,9717
Collingwood,Brody Mihocek,5,4,6,66.7,0,0,0,0,0,0,1,5,218,2,1,0,78,2018,Semi Final,2018-09-15,9717
Collingwood,Tyson Goldsack,3,5,5,71.4,0,0,0,8,0,0,0,0,73,2,3,0,89,2018,Semi Final,2018-09-15,9717
Greater Western Sydney,Lachie Whitfield,12,18,23,74.2,1,0,0,4,0,0,3,5,730,7,4,0,90,2018,Semi Final,2018-09-15,9717
Greater Western Sydney,Stephen Coniglio,6,22,18,60.0,0,1,2,0,0,0,4,8,516,8,4,0,83,2018,Semi Final,2018-09-15,9717
Greater Western Sydney,Dylan Shiel,8,10,11,50.0,0,0,0,0,0,1,3,0,600,6,3,1,78,2018,Semi Final,2018-09-15,9717
Greater Western Sydney,Zachary Williams,6,11,12,63.2,0,0,0,6,0,0,0,3,375,6,8,0,78,2018,Semi Final,2018-09-15,9717
Greater Western Sydney,Brett Deledio,9,8,15,83.3,0,0,0,0,0,0,1,4,139,1,4,1,79,2018,Semi Final,2018-09-15,9717
Greater Western Sydney,Callan Ward,11,9,11,61.1,0,0,0,1,0,1,2,0,218,4,2,1,80,2018,Semi Final,2018-09-15,9717
Greater Western Sydney,Tim Taranto,6,9,9,52.9,1,0,0,1,0,0,3,3,279,3,4,1,78,2018,Semi Final,2018-09-15,9717
Greater Western Sydney,Jacob Hopper,9,7,10,62.5,0,0,0,0,0,2,3,4,321,5,0,1,73,2018,Semi Final,2018-09-15,9717
Greater Western Sydney,Phil Davis,8,7,9,60.0,1,1,0,12,0,0,0,5,260,5,11,0,86,2018,Semi Final,2018-09-15,9717
Greater Western Sydney,Jeremy Cameron,8,7,9,60.0,4,0,1,1,0,0,0,4,339,3,2,2,84,2018,Semi Final,2018-09-15,9717
Greater Western Sydney,Adam Kennedy,4,7,10,83.3,0,0,0,0,2,0,1,0,270,2,5,0,91,2018,Semi Final,2018-09-15,9717
Greater Western Sydney,Rory Lobb,8,4,7,58.3,2,0,1,6,0,2,0,1,311,3,3,1,84,2018,Semi Final,2018-09-15,9717
Greater Western Sydney,Nick Haynes,2,8,8,72.7,0,0,0,4,1,0,0,2,194,3,4,0,82,2018,Semi Final,2018-09-15,9717
Greater Western Sydney,Harrison Himmelberg,4,8,7,70.0,0,2,2,1,0,0,1,5,165,5,0,1,86,2018,Semi Final,2018-09-15,9717
Greater Western Sydney,Samuel Reid,5,7,8,80.0,0,0,0,2,0,0,1,1,156,4,4,0,81,2018,Semi Final,2018-09-15,9717
Greater Western Sydney,Adam Tomlinson,7,3,6,66.7,0,0,0,2,0,1,1,2,75,1,3,0,85,2018,Semi Final,2018-09-15,9717
Greater Western Sydney,Toby Greene,3,6,4,44.4,0,0,1,0,0,0,0,1,143,4,0,1,85,2018,Semi Final,2018-09-15,9717
Greater Western Sydney,Zac Giles Langdon,7,3,6,66.7,1,0,1,1,0,1,2,2,100,2,2,1,74,2018,Semi Final,2018-09-15,9717
Greater Western Sydney,Ryan Griffen,5,3,5,62.5,0,0,0,2,0,0,0,3,65,2,0,2,64,2018,Semi Final,2018-09-15,9717
Greater Western Sydney,Lachlan Keeffe,4,5,6,75.0,0,0,0,8,0,0,0,0,72,2,6,0,92,2018,Semi Final,2018-09-15,9717
Greater Western Sydney,Matthew Deboer,4,2,6,100.0,0,0,0,0,0,0,0,1,31,0,3,3,85,2018,Semi Final,2018-09-15,9717
Greater Western Sydney,Matthew Buntine,0,4,4,80.0,0,0,0,3,0,0,0,0,94,1,2,0,82,2018,Semi Final,2018-09-15,9717
Richmond,Trent Cotchin,11,14,16,64.0,0,0,0,2,0,3,7,5,367,6,1,1,75,2018,Preliminary Final,2018-09-21,9718
Richmond,Dion Prestia,9,17,10,41.7,0,0,0,1,0,1,3,4,363,8,4,1,77,2018,Preliminary Final,2018-09-21,9718
Richmond,Bachar Houli,6,14,13,59.1,0,0,1,3,0,1,0,4,545,5,7,0,83,2018,Preliminary Final,2018-09-21,9718
Richmond,Alex Rance,7,12,17,85.0,1,0,0,6,0,0,0,3,168,1,10,0,97,2018,Preliminary Final,2018-09-21,9718
Richmond,Dustin Martin,8,8,11,57.9,0,1,0,0,0,0,0,7,172,3,3,1,76,2018,Preliminary Final,2018-09-21,9718
Richmond,Kane Lambert,9,11,11,57.9,0,0,0,1,0,2,1,5,361,5,2,0,82,2018,Preliminary Final,2018-09-21,9718
Richmond,Reece Conca,6,13,13,72.2,0,1,0,2,0,0,1,3,166,6,5,0,74,2018,Preliminary Final,2018-09-21,9718
Richmond,Jayden Short,5,13,10,55.6,0,0,0,0,2,0,0,2,454,8,5,0,77,2018,Preliminary Final,2018-09-21,9718
Richmond,Nick Vlastuin,8,9,13,76.5,0,0,1,7,0,0,1,4,342,1,10,2,86,2018,Preliminary Final,2018-09-21,9718
Richmond,Toby Nankervis,11,4,10,62.5,1,0,0,6,0,3,3,2,144,4,5,3,87,2018,Preliminary Final,2018-09-21,9718
Richmond,Shaun Grigg,6,11,10,66.7,0,0,0,3,0,0,0,5,253,3,4,2,79,2018,Preliminary Final,2018-09-21,9718
Richmond,Kamdyn Mcintosh,4,11,10,66.7,0,0,0,3,2,0,0,2,372,4,3,0,76,2018,Preliminary Final,2018-09-21,9718
Richmond,Jack Riewoldt,5,9,10,71.4,3,0,7,2,0,0,1,7,372,1,0,2,100,2018,Preliminary Final,2018-09-21,9718
Richmond,Shane Edwards,6,6,9,64.3,0,1,0,2,0,1,1,4,122,2,2,1,84,2018,Preliminary Final,2018-09-21,9718
Richmond,Dylan Grimes,9,4,11,78.6,0,0,0,9,0,0,0,4,112,1,10,0,84,2018,Preliminary Final,2018-09-21,9718
Richmond,Daniel Rioli,5,10,12,85.7,1,0,0,1,0,0,2,6,313,3,1,1,83,2018,Preliminary Final,2018-09-21,9718
Richmond,Jack Higgins,9,6,11,78.6,1,0,1,1,0,0,0,6,163,3,3,0,78,2018,Preliminary Final,2018-09-21,9718
Richmond,David Astbury,3,9,8,66.7,1,0,0,5,0,0,0,2,101,4,2,0,88,2018,Preliminary Final,2018-09-21,9718
Richmond,Josh Caddy,8,3,6,54.5,1,1,0,0,0,0,2,2,160,3,0,2,90,2018,Preliminary Final,2018-09-21,9718
Richmond,Nathan Broad,3,6,7,70.0,0,0,0,3,0,0,1,1,161,1,3,0,79,2018,Preliminary Final,2018-09-21,9718
Richmond,Jack Graham,5,6,4,50.0,0,0,0,1,0,0,3,1,205,3,0,2,65,2018,Preliminary Final,2018-09-21,9718
Richmond,Jason Castagna,6,2,6,100.0,0,1,0,0,0,0,0,2,81,2,3,0,79,2018,Preliminary Final,2018-09-21,9718
Collingwood,Steele Sidebottom,6,35,35,85.4,0,3,0,2,2,1,4,7,545,7,2,0,89,2018,Preliminary Final,2018-09-21,9718
Collingwood,Taylor Adams,20,16,25,69.4,0,2,0,2,0,3,5,12,522,7,7,0,79,2018,Preliminary Final,2018-09-21,9718
Collingwood,Jack Crisp,10,22,28,93.3,0,1,0,4,0,0,1,5,551,5,12,0,92,2018,Preliminary Final,2018-09-21,9718
Collingwood,Scott Pendlebury,15,13,16,66.7,0,1,0,1,0,1,7,6,371,7,4,0,79,2018,Preliminary Final,2018-09-21,9718
Collingwood,Tom Langdon,8,18,21,87.5,1,0,0,6,0,0,0,1,56,3,13,0,85,2018,Preliminary Final,2018-09-21,9718
Collingwood,Brodie Grundy,11,10,17,81.0,1,0,0,4,0,2,3,8,184,5,1,1,93,2018,Preliminary Final,2018-09-21,9718
Collingwood,Christopher Mayne,5,15,18,90.0,0,1,0,1,1,0,1,3,160,0,4,1,83,2018,Preliminary Final,2018-09-21,9718
Collingwood,Brayden Sier,10,10,16,80.0,0,0,0,0,0,4,2,3,177,2,1,0,66,2018,Preliminary Final,2018-09-21,9718
Collingwood,Tom Phillips,6,13,11,55.0,0,0,0,0,0,0,1,1,440,6,4,1,83,2018,Preliminary Final,2018-09-21,9718
Collingwood,Adam Treloar,5,14,12,63.2,0,1,0,0,0,1,1,6,214,4,2,0,73,2018,Preliminary Final,2018-09-21,9718
Collingwood,Brayden Maynard,2,14,17,94.4,0,0,0,2,0,0,0,3,341,4,6,0,83,2018,Preliminary Final,2018-09-21,9718
Collingwood,Levi Greenwood,7,9,8,50.0,1,0,0,3,0,3,0,3,339,6,4,1,78,2018,Preliminary Final,2018-09-21,9718
Collingwood,Mason Cox,11,3,6,40.0,8,0,4,1,0,0,0,7,403,4,1,0,88,2018,Preliminary Final,2018-09-21,9718
Collingwood,Josh Thomas,5,9,9,64.3,0,2,1,0,1,0,0,3,248,3,1,0,79,2018,Preliminary Final,2018-09-21,9718
Collingwood,Jaidyn Stephenson,4,9,13,92.9,1,0,1,1,0,0,0,3,196,2,1,1,80,2018,Preliminary Final,2018-09-21,9718
Collingwood,Brody Mihocek,9,5,11,78.6,2,0,1,0,0,0,1,6,258,3,1,1,86,2018,Preliminary Final,2018-09-21,9718
Collingwood,Jeremy Howe,2,11,11,84.6,0,0,0,8,0,0,0,1,257,3,1,0,82,2018,Preliminary Final,2018-09-21,9718
Collingwood,Will Hoskin Elliott,4,9,8,72.7,0,0,0,2,0,0,1,1,94,5,2,1,82,2018,Preliminary Final,2018-09-21,9718
Collingwood,James Aish,3,7,7,63.6,0,0,0,2,0,0,0,0,222,4,5,0,81,2018,Preliminary Final,2018-09-21,9718
Collingwood,Travis Varcoe,3,7,7,70.0,1,0,2,1,0,0,1,6,187,1,0,1,69,2018,Preliminary Final,2018-09-21,9718
Collingwood,Jordan De Goey,4,6,7,70.0,2,1,4,0,0,0,1,8,153,1,0,0,76,2018,Preliminary Final,2018-09-21,9718
Collingwood,Tyson Goldsack,5,4,7,87.5,1,0,0,11,0,0,1,1,118,1,5,0,95,2018,Preliminary Final,2018-09-21,9718
West Coast,Jack Redden,8,22,26,83.9,0,2,1,2,0,0,5,9,374,2,3,2,88,2018,Preliminary Final,2018-09-22,9719
West Coast,Dominic Sheed,14,14,21,77.8,0,1,0,1,1,2,3,8,245,3,4,0,89,2018,Preliminary Final,2018-09-22,9719
West Coast,Shannon Hurn,5,12,19,79.2,2,0,0,6,1,1,0,4,446,5,8,0,91,2018,Preliminary Final,2018-09-22,9719
West Coast,Jamie Cripps,12,14,18,75.0,0,1,0,2,1,2,3,9,327,3,5,1,87,2018,Preliminary Final,2018-09-22,9719
West Coast,Elliot Yeo,11,13,13,56.5,1,0,0,0,0,0,4,6,441,5,3,0,85,2018,Preliminary Final,2018-09-22,9719
West Coast,Luke Shuey,10,10,12,57.1,0,0,0,3,2,2,2,4,518,8,4,0,75,2018,Preliminary Final,2018-09-22,9719
West Coast,Liam Duggan,4,15,16,84.2,0,1,0,1,1,0,1,5,286,1,5,0,85,2018,Preliminary Final,2018-09-22,9719
West Coast,Liam Ryan,10,8,13,72.2,1,1,2,0,1,2,1,9,448,4,2,0,80,2018,Preliminary Final,2018-09-22,9719
West Coast,Chris Masten,6,11,12,70.6,0,0,0,0,0,0,0,5,214,4,3,0,83,2018,Preliminary Final,2018-09-22,9719
West Coast,Jack Darling,9,7,11,64.7,3,2,3,2,0,0,0,9,351,2,0,1,89,2018,Preliminary Final,2018-09-22,9719
West Coast,Jeremy Mcgovern,9,8,10,58.8,1,0,0,1,0,0,1,4,330,7,9,0,66,2018,Preliminary Final,2018-09-22,9719
West Coast,Daniel Venables,12,5,12,70.6,1,1,1,0,0,0,0,6,262,3,2,0,77,2018,Preliminary Final,2018-09-22,9719
West Coast,Lewis Jetta,5,11,10,71.4,0,0,0,3,0,1,0,6,458,3,5,0,75,2018,Preliminary Final,2018-09-22,9719
West Coast,Willie Rioli,4,10,9,64.3,0,1,1,1,0,1,1,9,258,3,1,0,76,2018,Preliminary Final,2018-09-22,9719
West Coast,Joshua Kennedy,8,6,10,76.9,3,0,4,0,0,0,0,6,399,1,3,2,79,2018,Preliminary Final,2018-09-22,9719
West Coast,Tom Barrass,5,8,11,84.6,2,0,0,10,0,0,0,2,239,3,8,0,86,2018,Preliminary Final,2018-09-22,9719
West Coast,Mark Lecras,6,6,7,58.3,0,2,2,3,0,0,1,9,248,3,2,2,88,2018,Preliminary Final,2018-09-22,9719
West Coast,Mark Hutchings,4,9,7,58.3,0,0,0,1,0,2,0,1,195,1,1,1,89,2018,Preliminary Final,2018-09-22,9719
West Coast,Tom Cole,3,7,10,100.0,0,0,0,3,0,0,0,2,84,0,4,0,90,2018,Preliminary Final,2018-09-22,9719
West Coast,Will Schofield,3,6,7,87.5,0,0,0,7,0,0,1,1,45,2,0,0,91,2018,Preliminary Final,2018-09-22,9719
West Coast,Scott Lycett,6,1,2,28.6,0,0,0,8,0,0,2,1,98,3,0,0,69,2018,Preliminary Final,2018-09-22,9719
West Coast,Nathan Vardy,4,1,4,80.0,0,0,0,2,0,2,0,3,30,1,0,0,61,2018,Preliminary Final,2018-09-22,9719
Melbourne,Angus Brayshaw,7,23,19,65.5,0,0,1,4,0,1,1,8,630,8,3,0,75,2018,Preliminary Final,2018-09-22,9719
Melbourne,Clayton Oliver,15,13,19,70.4,0,0,0,1,0,1,2,6,250,3,3,2,80,2018,Preliminary Final,2018-09-22,9719
Melbourne,James Harmes,13,11,11,45.8,1,0,1,1,0,1,3,5,426,3,2,1,86,2018,Preliminary Final,2018-09-22,9719
Melbourne,Jack Viney,17,5,13,61.9,0,0,0,2,0,6,5,6,211,5,2,0,81,2018,Preliminary Final,2018-09-22,9719
Melbourne,Christian Petracca,13,9,14,66.7,0,1,0,0,0,0,2,8,277,4,4,2,86,2018,Preliminary Final,2018-09-22,9719
Melbourne,Christian Salem,3,15,14,73.7,0,0,0,2,2,0,0,5,402,4,2,0,80,2018,Preliminary Final,2018-09-22,9719
Melbourne,Aaron Vandenberg,8,11,14,73.7,1,0,0,3,0,2,1,4,358,3,1,1,82,2018,Preliminary Final,2018-09-22,9719
Melbourne,Jordan Lewis,4,12,12,66.7,0,0,0,2,0,0,0,3,262,6,6,0,82,2018,Preliminary Final,2018-09-22,9719
Melbourne,Nathan Jones,5,12,14,77.8,0,0,0,1,1,1,1,4,301,4,3,0,79,2018,Preliminary Final,2018-09-22,9719
Melbourne,Michael Hibberd,5,9,10,71.4,1,0,0,4,0,0,0,3,322,3,4,0,89,2018,Preliminary Final,2018-09-22,9719
Melbourne,Dom Tyson,7,8,11,78.6,0,0,1,0,0,0,1,5,78,1,4,0,64,2018,Preliminary Final,2018-09-22,9719
Melbourne,Tom Mcdonald,3,10,10,76.9,0,0,0,6,0,0,0,4,238,2,4,2,91,2018,Preliminary Final,2018-09-22,9719
Melbourne,Alex Neal Bullen,4,9,6,50.0,1,2,1,1,1,0,0,6,198,2,0,4,81,2018,Preliminary Final,2018-09-22,9719
Melbourne,Joel Smith 1,9,5,6,50.0,1,0,0,4,0,0,1,3,187,4,5,1,87,2018,Preliminary Final,2018-09-22,9719
Melbourne,Max Gawn,7,3,6,54.5,1,0,1,1,0,1,2,2,195,4,3,0,85,2018,Preliminary Final,2018-09-22,9719
Melbourne,Oscar Mcdonald,8,4,10,90.9,0,0,0,13,0,0,0,3,165,0,10,0,94,2018,Preliminary Final,2018-09-22,9719
Melbourne,Mitchell Hannan,3,9,5,45.5,0,0,1,1,0,0,0,5,190,3,1,0,81,2018,Preliminary Final,2018-09-22,9719
Melbourne,Neville Jetta,5,4,7,70.0,0,0,0,1,0,0,0,3,131,3,5,0,86,2018,Preliminary Final,2018-09-22,9719
Melbourne,Jake Melksham,3,6,6,60.0,0,0,0,0,1,0,0,8,261,1,0,0,89,2018,Preliminary Final,2018-09-22,9719
Melbourne,Charlie Spargo,2,8,4,40.0,0,0,1,0,0,0,0,2,150,4,0,0,73,2018,Preliminary Final,2018-09-22,9719
Melbourne,Sam Frost,1,6,7,100.0,0,0,0,7,0,0,0,1,174,4,5,0,85,2018,Preliminary Final,2018-09-22,9719
Melbourne,Sam Weideman,3,4,3,42.9,2,0,2,0,0,0,0,3,80,2,0,0,64,2018,Preliminary Final,2018-09-22,9719
West Coast,Luke Shuey,19,18,25,73.5,1,2,0,4,0,0,9,8,663,6,5,0,85,2018,Grand Final,2018-09-29,9720
West Coast,Dominic Sheed,15,18,23,71.9,0,1,1,0,0,3,5,4,393,5,4,0,78,2018,Grand Final,2018-09-29,9720
West Coast,Shannon Hurn,4,13,14,66.7,0,0,0,0,0,0,0,1,430,7,7,0,84,2018,Grand Final,2018-09-29,9720
West Coast,Jack Redden,11,14,19,90.5,0,0,0,2,0,1,2,4,321,2,5,1,84,2018,Grand Final,2018-09-29,9720
West Coast,Elliot Yeo,14,7,10,52.6,2,0,1,3,0,0,2,2,387,3,8,1,87,2018,Grand Final,2018-09-29,9720
West Coast,Joshua Kennedy,5,14,10,55.6,2,0,5,2,0,0,0,7,329,5,1,4,90,2018,Grand Final,2018-09-29,9720
West Coast,Tom Barrass,7,10,14,82.4,3,0,0,13,0,0,0,2,223,3,9,0,94,2018,Grand Final,2018-09-29,9720
West Coast,Jamie Cripps,6,11,8,50.0,0,0,0,3,1,0,1,3,249,5,1,4,83,2018,Grand Final,2018-09-29,9720
West Coast,Liam Duggan,2,14,14,87.5,1,0,0,3,0,0,0,1,349,4,3,0,84,2018,Grand Final,2018-09-29,9720
West Coast,Mark Hutchings,6,9,8,53.3,1,0,0,1,1,0,3,2,197,4,4,0,91,2018,Grand Final,2018-09-29,9720
West Coast,Chris Masten,4,10,11,78.6,1,0,1,1,0,1,2,2,255,4,1,0,87,2018,Grand Final,2018-09-29,9720
West Coast,Nathan Vardy,9,5,7,50.0,2,0,1,1,0,2,2,4,191,2,0,1,61,2018,Grand Final,2018-09-29,9720
West Coast,Jeremy Mcgovern,6,8,12,85.7,3,0,0,9,0,0,0,2,276,2,8,0,85,2018,Grand Final,2018-09-29,9720
West Coast,Lewis Jetta,4,8,9,69.2,0,0,0,0,0,0,0,4,278,3,4,1,81,2018,Grand Final,2018-09-29,9720
West Coast,Tom Cole,4,8,9,69.2,0,0,0,2,0,0,0,0,215,2,9,0,82,2018,Grand Final,2018-09-29,9720
West Coast,Jack Darling,8,6,11,91.7,4,0,1,4,0,0,0,3,178,3,0,2,91,2018,Grand Final,2018-09-29,9720
West Coast,Willie Rioli,7,6,8,66.7,0,1,0,2,0,2,1,6,132,2,2,3,84,2018,Grand Final,2018-09-29,9720
West Coast,Mark Lecras,7,4,6,60.0,0,1,1,2,0,1,2,2,99,0,2,4,86,2018,Grand Final,2018-09-29,9720
West Coast,Liam Ryan,4,6,6,60.0,1,2,1,3,0,0,0,6,157,1,1,4,69,2018,Grand Final,2018-09-29,9720
West Coast,Will Schofield,5,4,8,88.9,2,0,0,11,0,0,0,1,45,0,5,0,100,2018,Grand Final,2018-09-29,9720
West Coast,Scott Lycett,7,4,8,88.9,0,1,1,2,0,1,1,5,90,1,2,1,61,2018,Grand Final,2018-09-29,9720
West Coast,Daniel Venables,5,1,2,50.0,0,0,0,2,0,0,0,1,70,2,1,1,55,2018,Grand Final,2018-09-29,9720
Collingwood,Taylor Adams,19,12,20,64.5,1,1,1,2,0,1,8,7,528,3,2,0,78,2018,Grand Final,2018-09-29,9720
Collingwood,Adam Treloar,14,13,19,73.1,0,0,0,0,0,0,5,2,293,7,3,1,78,2018,Grand Final,2018-09-29,9720
Collingwood,Jack Crisp,8,18,16,64.0,1,0,0,5,0,1,2,1,529,7,7,0,90,2018,Grand Final,2018-09-29,9720
Collingwood,Tom Langdon,11,11,17,73.9,3,0,0,11,0,0,2,3,262,4,9,0,85,2018,Grand Final,2018-09-29,9720
Collingwood,Brayden Sier,14,6,10,47.6,0,0,0,2,0,3,4,3,234,6,4,0,55,2018,Grand Final,2018-09-29,9720
Collingwood,Tom Phillips,7,14,14,66.7,0,0,0,0,1,0,3,2,438,7,2,0,79,2018,Grand Final,2018-09-29,9720
Collingwood,Scott Pendlebury,13,8,13,65.0,0,0,0,1,0,0,5,2,215,5,3,0,74,2018,Grand Final,2018-09-29,9720
Collingwood,Will Hoskin Elliott,4,13,13,72.2,1,2,2,2,0,0,1,6,263,3,1,0,82,2018,Grand Final,2018-09-29,9720
Collingwood,Christopher Mayne,7,8,15,100.0,1,0,0,3,0,0,1,2,123,0,6,2,94,2018,Grand Final,2018-09-29,9720
Collingwood,Brody Mihocek,4,9,12,80.0,1,1,0,2,0,0,0,8,376,6,3,0,88,2018,Grand Final,2018-09-29,9720
Collingwood,Steele Sidebottom,5,9,12,85.7,0,1,0,1,1,1,3,5,137,2,1,1,89,2018,Grand Final,2018-09-29,9720
Collingwood,Josh Thomas,5,9,6,46.2,0,0,0,4,0,1,0,5,161,3,0,0,81,2018,Grand Final,2018-09-29,9720
Collingwood,Jeremy Howe,5,7,10,76.9,2,0,0,10,0,0,0,0,306,5,7,0,85,2018,Grand Final,2018-09-29,9720
Collingwood,Jordan De Goey,7,8,7,53.8,0,0,1,2,1,0,1,7,348,1,2,0,84,2018,Grand Final,2018-09-29,9720
Collingwood,Travis Varcoe,6,5,8,72.7,0,1,0,1,0,0,0,4,263,4,4,3,86,2018,Grand Final,2018-09-29,9720
Collingwood,Brodie Grundy,10,3,7,70.0,2,0,0,2,1,2,2,6,178,3,1,4,89,2018,Grand Final,2018-09-29,9720
Collingwood,Tyson Goldsack,6,4,8,88.9,0,0,0,7,0,0,0,0,-22,1,6,0,90,2018,Grand Final,2018-09-29,9720
Collingwood,Mason Cox,6,4,6,66.7,3,0,3,7,0,0,0,2,258,4,1,1,92,2018,Grand Final,2018-09-29,9720
Collingwood,Brayden Maynard,1,7,8,88.9,0,0,0,2,0,0,0,2,261,4,1,0,80,2018,Grand Final,2018-09-29,9720
Collingwood,Jaidyn Stephenson,3,5,7,77.8,0,0,0,0,0,0,0,5,135,2,1,3,73,2018,Grand Final,2018-09-29,9720
Collingwood,Levi Greenwood,3,7,2,25.0,0,0,0,0,0,0,0,1,97,3,1,1,79,2018,Grand Final,2018-09-29,9720
Collingwood,James Aish,4,4,5,71.4,0,0,0,0,0,0,1,1,123,2,4,1,69,2018,Grand Final,2018-09-29,9720
