"providerId","utcStartTime","status","compSeason.shortName","round.name","round.roundNumber","venue.name","home.team.name","home.team.club.name","away.team.name","away.team.club.name","player.jumperNumber","player.photoURL","player.player.position","player.player.player.playerId","player.player.player.captain","player.player.player.playerJumperNumber","player.player.player.givenName","player.player.player.surname","teamId","gamesPlayed","timeOnGroundPercentage","goals","behinds","superGoals","kicks","handballs","disposals","marks","bounces","tackles","contestedPossessions","uncontestedPossessions","totalPossessions","inside50s","marksInside50","contestedMarks","hitouts","onePercenters","disposalEfficiency","clangers","freesFor","freesAgainst","dreamTeamPoints","rebound50s","goalAssists","goalAccuracy","ratingPoints","ranking","lastUpdated","turnovers","intercepts","tacklesInside50","shotsAtGoal","goalEfficiency","shotEfficiency","interchangeCounts","scoreInvolvements","metresGained","clearances.centreClearances","clearances.stoppageClearances","clearances.totalClearances","extendedStats.effectiveKicks","extendedStats.kickEfficiency","extendedStats.kickToHandballRatio","extendedStats.effectiveDisposals","extendedStats.marksOnLead","extendedStats.interceptMarks","extendedStats.contestedPossessionRate","extendedStats.hitoutsToAdvantage","extendedStats.hitoutWinPercentage","extendedStats.hitoutToAdvantageRate","extendedStats.groundBallGets","extendedStats.f50GroundBallGets","extendedStats.scoreLaunches","extendedStats.pressureActs","extendedStats.defHalfPressureActs","extendedStats.spoils","extendedStats.ruckContests","extendedStats.contestDefOneOnOnes","extendedStats.contestDefLosses","extendedStats.contestDefLossPercentage","extendedStats.contestOffOneOnOnes","extendedStats.contestOffWins","extendedStats.contestOffWinsPercentage","extendedStats.centreBounceAttendances","extendedStats.kickins","extendedStats.kickinsPlayon","player.playerId","player.captain","player.playerJumperNumber","player.givenName","player.surname","teamStatus","team.name"
"CD_M20192640101","2019-02-02T07:45:00.000+0000","CONCLUDED","2019 NAB AFLW Season","Round 1",1,"GMHBA Stadium","Geelong Cats","Geelong Cats","Collingwood","Collingwood",16,"https://s.afl.com.au/staticfile/AFL Tenant/AFL/Players/ChampIDImages/AFLW/2019264/1009861.png?im=Scale,width=0.6,height=0.6","R","CD_I1009861",FALSE,16,"Olivia","Purcell","CD_T8467",NA,78,0,0,NA,5,10,15,2,0,6,9,6,15,1,0,0,0,0,26.7,5,0,2,59,1,0,0,0,NA,"2019-02-15T06:19:48.439+0000",3,1,1,0,NA,NA,NA,0,150,1,2,3,0,0,0,0,0,0,0,0,0,0,0,0,0,0,0,0,0,0,0,0,0,0,0,NA,NA,NA,"CD_I1009861",FALSE,16,"Olivia","Purcell","home","Geelong Cats"
"CD_M20192640101","2019-02-02T07:45:00.000+0000","CONCLUDED","2019 NAB AFLW Season","Round 1",1,"GMHBA Stadium","Geelong Cats","Geelong Cats","Collingwood","Collingwood",14,"https://s.afl.com.au/staticfile/AFL Tenant/AFL/Players/ChampIDImages/AFLW/2019264/998148.png?im=Scale,width=0.6,height=0.6","RK","CD_I998148",FALSE,14,"Aasta","O'Connor","CD_T8467",NA,73,0,0,NA,8,2,10,2,0,4,5,3,8,3,0,1,18,1,80,3,0,1,65,2,0,0,0,NA,"2019-02-15T06:19:48.439+0000",5,5,0,0,NA,NA,NA,1,252,0,2,2,0,0,0,0,0,0,0,0,0,0,0,0,0,0,0,0,0,0,0,0,0,0,0,NA,NA,NA,"CD_I998148",FALSE,14,"Aasta","O'Connor","home","Geelong Cats"
"CD_M20192640101","2019-02-02T07:45:00.000+0000","CONCLUDED","2019 NAB AFLW Season","Round 1",1,"GMHBA Stadium","Geelong Cats","Geelong Cats","Collingwood","Collingwood",10,"https://s.afl.com.au/staticfile/AFL Tenant/AFL/Players/ChampIDImages/AFLW/2019264/1013933.png?im=Scale,width=0.6,height=0.6","INT","CD_I1013933",FALSE,10,"Georgie","Rankin","CD_T8467",NA,46,0,0,NA,1,5,6,0,0,1,3,3,6,1,0,0,0,0,66.7,0,1,0,18,0,0,0,0,NA,"2019-02-15T06:19:48.439+0000",1,1,0,0,NA,NA,NA,0,14,0,1,1,0,0,0,0,0,0,0,0,0,0,0,0,0,0,0,0,0,0,0,0,0,0,0,NA,NA,NA,"CD_I1013933",FALSE,10,"Georgie","Rankin","home","Geelong Cats"
"CD_M20192640101","2019-02-02T07:45:00.000+0000","CONCLUDED","2019 NAB AFLW Season","Round 1",1,"GMHBA Stadium","Geelong Cats","Geelong Cats","Collingwood","Collingwood",8,"https://s.afl.com.au/staticfile/AFL Tenant/AFL/Players/ChampIDImages/AFLW/2019264/1007001.png?im=Scale,width=0.6,height=0.6","FPL","CD_I1007001",FALSE,8,"Kate","Darby","CD_T8467",NA,80,0,0,NA,7,1,8,2,1,2,3,6,9,2,0,0,3,1,75,0,1,0,41,1,0,0,0,NA,"2019-02-15T06:19:48.439+0000",1,2,1,0,NA,NA,NA,3,205,0,0,0,0,0,0,0,0,0,0,0,0,0,0,0,0,0,0,0,0,0,0,0,0,0,0,NA,NA,NA,"CD_I1007001",FALSE,8,"Kate","Darby","home","Geelong Cats"
"CD_M20192640101","2019-02-02T07:45:00.000+0000","CONCLUDED","2019 NAB AFLW Season","Round 1",1,"GMHBA Stadium","Geelong Cats","Geelong Cats","Collingwood","Collingwood",2,"https://s.afl.com.au/staticfile/AFL Tenant/AFL/Players/ChampIDImages/AFLW/2019264/1012480.png?im=Scale,width=0.6,height=0.6","FF","CD_I1012480",FALSE,2,"Danielle","Orr","CD_T8467",NA,87,0,1,NA,5,4,9,1,0,1,2,8,10,2,1,0,0,0,44.4,2,0,1,28,0,0,0,0,NA,"2019-02-15T06:19:48.439+0000",4,1,1,2,NA,NA,NA,2,171,0,0,0,0,0,0,0,0,0,0,0,0,0,0,0,0,0,0,0,0,0,0,0,0,0,0,NA,NA,NA,"CD_I1012480",FALSE,2,"Danielle","Orr","home","Geelong Cats"
"CD_M20192640101","2019-02-02T07:45:00.000+0000","CONCLUDED","2019 NAB AFLW Season","Round 1",1,"GMHBA Stadium","Geelong Cats","Geelong Cats","Collingwood","Collingwood",44,"https://s.afl.com.au/staticfile/AFL Tenant/AFL/Players/ChampIDImages/AFLW/2019264/296130.png?im=Scale,width=0.6,height=0.6","FB","CD_I296130",FALSE,44,"Rebecca","Goring","CD_T8467",NA,91,0,0,NA,0,3,3,0,0,1,2,1,3,0,0,0,0,5,66.7,2,0,0,10,0,0,0,0,NA,"2019-02-15T06:19:48.439+0000",1,1,0,0,NA,NA,NA,0,18,0,0,0,0,0,0,0,0,0,0,0,0,0,0,0,0,0,0,0,0,0,0,0,0,0,0,NA,NA,NA,"CD_I296130",FALSE,44,"Rebecca","Goring","home","Geelong Cats"
"CD_M20192640101","2019-02-02T07:45:00.000+0000","CONCLUDED","2019 NAB AFLW Season","Round 1",1,"GMHBA Stadium","Geelong Cats","Geelong Cats","Collingwood","Collingwood",26,"https://s.afl.com.au/staticfile/AFL Tenant/AFL/Players/ChampIDImages/AFLW/2019264/997669.png?im=Scale,width=0.6,height=0.6","CHF","CD_I997669",FALSE,26,"Madeleine","Boyd","CD_T8467",NA,97,2,0,NA,5,6,11,1,0,4,8,2,10,2,0,1,0,4,45.5,4,1,2,53,0,0,100,0,NA,"2019-02-15T06:19:48.439+0000",4,2,1,2,NA,NA,NA,4,174,0,1,1,0,0,0,0,0,0,0,0,0,0,0,0,0,0,0,0,0,0,0,0,0,0,0,NA,NA,NA,"CD_I997669",FALSE,26,"Madeleine","Boyd","home","Geelong Cats"
"CD_M20192640101","2019-02-02T07:45:00.000+0000","CONCLUDED","2019 NAB AFLW Season","Round 1",1,"GMHBA Stadium","Geelong Cats","Geelong Cats","Collingwood","Collingwood",6,"https://s.afl.com.au/staticfile/AFL Tenant/AFL/Players/ChampIDImages/AFLW/2019264/1012640.png?im=Scale,width=0.6,height=0.6","RR","CD_I1012640",FALSE,6,"Julia","Crockett-Grills","CD_T8467",NA,72,0,0,NA,9,3,12,0,0,4,6,7,13,1,0,0,0,0,75,1,4,0,53,2,0,0,0,NA,"2019-02-15T06:19:48.439+0000",3,1,0,0,NA,NA,NA,3,206,0,3,3,0,0,0,0,0,0,0,0,0,0,0,0,0,0,0,0,0,0,0,0,0,0,0,NA,NA,NA,"CD_I1012640",FALSE,6,"Julia","Crockett-Grills","home","Geelong Cats"
"CD_M20192640101","2019-02-02T07:45:00.000+0000","CONCLUDED","2019 NAB AFLW Season","Round 1",1,"GMHBA Stadium","Geelong Cats","Geelong Cats","Collingwood","Collingwood",5,"https://s.afl.com.au/staticfile/AFL Tenant/AFL/Players/ChampIDImages/AFLW/2019264/1008031.png?im=Scale,width=0.6,height=0.6","FPR","CD_I1008031",FALSE,5,"Jordan","Ivey","CD_T8467",NA,79,0,1,NA,3,2,5,2,0,3,2,3,5,2,1,0,0,2,80,0,0,0,32,0,0,0,0,NA,"2019-02-15T06:19:48.439+0000",0,0,0,1,NA,NA,NA,2,86,0,0,0,0,0,0,0,0,0,0,0,0,0,0,0,0,0,0,0,0,0,0,0,0,0,0,NA,NA,NA,"CD_I1008031",FALSE,5,"Jordan","Ivey","home","Geelong Cats"
"CD_M20192640101","2019-02-02T07:45:00.000+0000","CONCLUDED","2019 NAB AFLW Season","Round 1",1,"GMHBA Stadium","Geelong Cats","Geelong Cats","Collingwood","Collingwood",45,"https://s.afl.com.au/staticfile/AFL Tenant/AFL/Players/ChampIDImages/AFLW/2019264/997678.png?im=Scale,width=0.6,height=0.6","HFFL","CD_I997678",FALSE,45,"Madeline","Keryk","CD_T8467",NA,80,0,0,NA,11,5,16,2,0,6,13,6,19,2,0,0,0,3,43.8,1,2,0,75,3,0,0,0,NA,"2019-02-15T06:19:48.439+0000",5,2,1,0,NA,NA,NA,2,291,1,5,6,0,0,0,0,0,0,0,0,0,0,0,0,0,0,0,0,0,0,0,0,0,0,0,NA,NA,NA,"CD_I997678",FALSE,45,"Madeline","Keryk","home","Geelong Cats"
"CD_M20192640101","2019-02-02T07:45:00.000+0000","CONCLUDED","2019 NAB AFLW Season","Round 1",1,"GMHBA Stadium","Geelong Cats","Geelong Cats","Collingwood","Collingwood",11,"https://s.afl.com.au/staticfile/AFL Tenant/AFL/Players/ChampIDImages/AFLW/2019264/1007155.png?im=Scale,width=0.6,height=0.6","CHB","CD_I1007155",FALSE,11,"Meghan","McDonald","CD_T8467",NA,94,0,0,NA,10,5,15,4,0,2,8,6,14,0,0,0,0,4,66.7,2,0,0,60,3,0,0,0,NA,"2019-02-15T06:19:48.439+0000",4,11,0,0,NA,NA,NA,0,302,0,0,0,0,0,0,0,0,0,0,0,0,0,0,0,0,0,0,0,0,0,0,0,0,0,0,NA,NA,NA,"CD_I1007155",FALSE,11,"Meghan","McDonald","home","Geelong Cats"
"CD_M20192640101","2019-02-02T07:45:00.000+0000","CONCLUDED","2019 NAB AFLW Season","Round 1",1,"GMHBA Stadium","Geelong Cats","Geelong Cats","Collingwood","Collingwood",21,"https://s.afl.com.au/staticfile/AFL Tenant/AFL/Players/ChampIDImages/AFLW/2019264/1009860.png?im=Scale,width=0.6,height=0.6","HBFR","CD_I1009860",FALSE,21,"Rebecca","Webster","CD_T8467",NA,81,0,0,NA,4,7,11,3,0,1,7,5,12,0,0,1,0,2,72.7,1,0,0,39,2,0,0,0,NA,"2019-02-15T06:19:48.439+0000",1,5,0,0,NA,NA,NA,0,97,0,0,0,0,0,0,0,0,0,0,0,0,0,0,0,0,0,0,0,0,0,0,0,0,0,0,NA,NA,NA,"CD_I1009860",FALSE,21,"Rebecca","Webster","home","Geelong Cats"
"CD_M20192640101","2019-02-02T07:45:00.000+0000","CONCLUDED","2019 NAB AFLW Season","Round 1",1,"GMHBA Stadium","Geelong Cats","Geelong Cats","Collingwood","Collingwood",24,"https://s.afl.com.au/staticfile/AFL Tenant/AFL/Players/ChampIDImages/AFLW/2019264/1012474.png?im=Scale,width=0.6,height=0.6","INT","CD_I1012474",FALSE,24,"Madaleine","McMahon","CD_T8467",NA,51,0,0,NA,4,3,7,3,0,1,3,4,7,1,1,0,8,0,57.1,2,0,0,39,2,0,0,0,NA,"2019-02-15T06:19:48.439+0000",1,1,0,1,NA,NA,NA,4,94,0,1,1,0,0,0,0,0,0,0,0,0,0,0,0,0,0,0,0,0,0,0,0,0,0,0,NA,NA,NA,"CD_I1012474",FALSE,24,"Madaleine","McMahon","home","Geelong Cats"
"CD_M20192640101","2019-02-02T07:45:00.000+0000","CONCLUDED","2019 NAB AFLW Season","Round 1",1,"GMHBA Stadium","Geelong Cats","Geelong Cats","Collingwood","Collingwood",9,"https://s.afl.com.au/staticfile/AFL Tenant/AFL/Players/ChampIDImages/AFLW/2019264/1009863.png?im=Scale,width=0.6,height=0.6","HFFR","CD_I1009863",FALSE,9,"Nina","Morrison","CD_T8467",NA,88,0,1,NA,13,9,22,2,0,8,14,8,22,3,0,1,0,2,50,2,2,2,92,2,0,0,0,NA,"2019-02-15T06:19:48.439+0000",7,2,1,1,NA,NA,NA,1,334,1,5,6,0,0,0,0,0,0,0,0,0,0,0,0,0,0,0,0,0,0,0,0,0,0,0,NA,NA,NA,"CD_I1009863",FALSE,9,"Nina","Morrison","home","Geelong Cats"
"CD_M20192640101","2019-02-02T07:45:00.000+0000","CONCLUDED","2019 NAB AFLW Season","Round 1",1,"GMHBA Stadium","Geelong Cats","Geelong Cats","Collingwood","Collingwood",7,"https://s.afl.com.au/staticfile/AFL Tenant/AFL/Players/ChampIDImages/AFLW/2019264/1006999.png?im=Scale,width=0.6,height=0.6","BPR","CD_I1006999",FALSE,7,"Mia-Rae","Clifford","CD_T8467",NA,84,1,1,NA,6,3,9,3,0,2,4,4,8,2,1,0,0,2,66.7,1,0,1,45,0,0,50,0,NA,"2019-02-15T06:19:48.439+0000",3,1,0,2,NA,NA,NA,3,117,0,0,0,0,0,0,0,0,0,0,0,0,0,0,0,0,0,0,0,0,0,0,0,0,0,0,NA,NA,NA,"CD_I1006999",FALSE,7,"Mia-Rae","Clifford","home","Geelong Cats"
"CD_M20192640101","2019-02-02T07:45:00.000+0000","CONCLUDED","2019 NAB AFLW Season","Round 1",1,"GMHBA Stadium","Geelong Cats","Geelong Cats","Collingwood","Collingwood",13,"https://s.afl.com.au/staticfile/AFL Tenant/AFL/Players/ChampIDImages/AFLW/2019264/1012633.png?im=Scale,width=0.6,height=0.6","INT","CD_I1012633",FALSE,13,"Maighan","Fogas","CD_T8467",NA,46,0,0,NA,4,2,6,2,0,2,4,2,6,2,0,0,0,1,50,3,1,1,28,0,0,0,0,NA,"2019-02-15T06:19:48.439+0000",2,1,0,0,NA,NA,NA,0,80,0,1,1,0,0,0,0,0,0,0,0,0,0,0,0,0,0,0,0,0,0,0,0,0,0,0,NA,NA,NA,"CD_I1012633",FALSE,13,"Maighan","Fogas","home","Geelong Cats"
"CD_M20192640101","2019-02-02T07:45:00.000+0000","CONCLUDED","2019 NAB AFLW Season","Round 1",1,"GMHBA Stadium","Geelong Cats","Geelong Cats","Collingwood","Collingwood",4,"https://s.afl.com.au/staticfile/AFL Tenant/AFL/Players/ChampIDImages/AFLW/2019264/1012627.png?im=Scale,width=0.6,height=0.6","INT","CD_I1012627",FALSE,4,"Cassie","Blakeway","CD_T8467",NA,68,0,0,NA,2,4,6,1,0,5,4,2,6,0,0,0,0,1,66.7,0,1,0,38,2,0,0,0,NA,"2019-02-15T06:19:48.439+0000",0,5,0,0,NA,NA,NA,1,69,0,0,0,0,0,0,0,0,0,0,0,0,0,0,0,0,0,0,0,0,0,0,0,0,0,0,NA,NA,NA,"CD_I1012627",FALSE,4,"Cassie","Blakeway","home","Geelong Cats"
"CD_M20192640101","2019-02-02T07:45:00.000+0000","CONCLUDED","2019 NAB AFLW Season","Round 1",1,"GMHBA Stadium","Geelong Cats","Geelong Cats","Collingwood","Collingwood",28,"https://s.afl.com.au/staticfile/AFL Tenant/AFL/Players/ChampIDImages/AFLW/2019264/1009854.png?im=Scale,width=0.6,height=0.6","HBFL","CD_I1009854",FALSE,28,"Denby","Taylor","CD_T8467",NA,83,0,0,NA,5,3,8,0,0,1,6,4,10,0,0,0,0,3,37.5,3,0,1,22,2,0,0,0,NA,"2019-02-15T06:19:48.439+0000",3,4,0,0,NA,NA,NA,0,92,0,1,1,0,0,0,0,0,0,0,0,0,0,0,0,0,0,0,0,0,0,0,0,0,0,0,NA,NA,NA,"CD_I1009854",FALSE,28,"Denby","Taylor","home","Geelong Cats"
"CD_M20192640101","2019-02-02T07:45:00.000+0000","CONCLUDED","2019 NAB AFLW Season","Round 1",1,"GMHBA Stadium","Geelong Cats","Geelong Cats","Collingwood","Collingwood",27,"https://s.afl.com.au/staticfile/AFL Tenant/AFL/Players/ChampIDImages/AFLW/2019264/1009765.png?im=Scale,width=0.6,height=0.6","INT","CD_I1009765",FALSE,27,"Sophie","Van De Heuvel","CD_T8467",NA,62,0,0,NA,4,2,6,2,0,2,1,7,8,0,1,0,0,0,66.7,2,0,2,24,1,0,0,0,NA,"2019-02-15T06:19:48.439+0000",1,2,1,0,NA,NA,NA,1,94,0,0,0,0,0,0,0,0,0,0,0,0,0,0,0,0,0,0,0,0,0,0,0,0,0,0,NA,NA,NA,"CD_I1009765",FALSE,27,"Sophie","Van De Heuvel","home","Geelong Cats"
"CD_M20192640101","2019-02-02T07:45:00.000+0000","CONCLUDED","2019 NAB AFLW Season","Round 1",1,"GMHBA Stadium","Geelong Cats","Geelong Cats","Collingwood","Collingwood",40,"https://s.afl.com.au/staticfile/AFL Tenant/AFL/Players/ChampIDImages/AFLW/2019264/1010687.png?im=Scale,width=0.6,height=0.6","BPL","CD_I1010687",FALSE,40,"Anna","Teague","CD_T8467",NA,82,0,0,NA,4,1,5,0,0,3,3,2,5,0,0,0,0,0,80,3,1,2,21,2,0,0,0,NA,"2019-02-15T06:19:48.439+0000",1,2,0,0,NA,NA,NA,0,75,0,0,0,0,0,0,0,0,0,0,0,0,0,0,0,0,0,0,0,0,0,0,0,0,0,0,NA,NA,NA,"CD_I1010687",FALSE,40,"Anna","Teague","home","Geelong Cats"
"CD_M20192640101","2019-02-02T07:45:00.000+0000","CONCLUDED","2019 NAB AFLW Season","Round 1",1,"GMHBA Stadium","Geelong Cats","Geelong Cats","Collingwood","Collingwood",12,"https://s.afl.com.au/staticfile/AFL Tenant/AFL/Players/ChampIDImages/AFLW/2019264/1012470.png?im=Scale,width=0.6,height=0.6","C","CD_I1012470",FALSE,12,"Renee","Garing","CD_T8467",NA,77,0,1,NA,7,10,17,1,0,7,10,7,17,1,0,0,0,0,58.8,2,3,1,73,0,0,0,0,NA,"2019-02-15T06:19:48.439+0000",3,3,1,1,NA,NA,NA,2,50,0,1,1,0,0,0,0,0,0,0,0,0,0,0,0,0,0,0,0,0,0,0,0,0,0,0,NA,NA,NA,"CD_I1012470",FALSE,12,"Renee","Garing","home","Geelong Cats"
"CD_M20192640101","2019-02-02T07:45:00.000+0000","CONCLUDED","2019 NAB AFLW Season","Round 1",1,"GMHBA Stadium","Geelong Cats","Geelong Cats","Collingwood","Collingwood",10,"https://s.afl.com.au/staticfile/AFL Tenant/AFL/Players/ChampIDImages/AFLW/2019264/1010663.png?im=Scale,width=0.6,height=0.6","FB","CD_I1010663",FALSE,10,"Ash","Brazill","CD_T8097",NA,100,0,0,NA,14,2,16,2,0,5,9,3,12,2,0,2,0,4,56.3,3,1,0,73,6,0,0,0,NA,"2019-02-15T06:19:48.439+0000",6,9,0,0,NA,NA,NA,1,438,0,0,0,0,0,0,0,0,0,0,0,0,0,0,0,0,0,0,0,0,0,0,0,0,0,0,NA,NA,NA,"CD_I1010663",FALSE,10,"Ash","Brazill","away","Collingwood"
"CD_M20192640101","2019-02-02T07:45:00.000+0000","CONCLUDED","2019 NAB AFLW Season","Round 1",1,"GMHBA Stadium","Geelong Cats","Geelong Cats","Collingwood","Collingwood",46,"https://s.afl.com.au/staticfile/AFL Tenant/AFL/Players/ChampIDImages/AFLW/2019264/1009872.png?im=Scale,width=0.6,height=0.6","INT","CD_I1009872",FALSE,46,"Sarah","Dargan","CD_T8097",NA,69,0,0,NA,7,4,11,1,0,7,11,0,11,2,0,1,0,1,63.6,5,3,3,54,1,1,0,0,NA,"2019-02-15T06:19:48.439+0000",2,3,1,0,NA,NA,NA,2,166,0,3,3,0,0,0,0,0,0,0,0,0,0,0,0,0,0,0,0,0,0,0,0,0,0,0,NA,NA,NA,"CD_I1009872",FALSE,46,"Sarah","Dargan","away","Collingwood"
"CD_M20192640101","2019-02-02T07:45:00.000+0000","CONCLUDED","2019 NAB AFLW Season","Round 1",1,"GMHBA Stadium","Geelong Cats","Geelong Cats","Collingwood","Collingwood",41,"https://s.afl.com.au/staticfile/AFL Tenant/AFL/Players/ChampIDImages/AFLW/2019264/1010658.png?im=Scale,width=0.6,height=0.6","HFFL","CD_I1010658",FALSE,41,"Kristy","Stratton","CD_T8097",NA,71,0,1,NA,8,2,10,1,0,5,4,5,9,0,1,1,0,2,30,3,0,1,49,2,0,0,0,NA,"2019-02-15T06:19:48.439+0000",5,1,2,1,NA,NA,NA,1,187,1,1,2,0,0,0,0,0,0,0,0,0,0,0,0,0,0,0,0,0,0,0,0,0,0,0,NA,NA,NA,"CD_I1010658",FALSE,41,"Kristy","Stratton","away","Collingwood"
"CD_M20192640101","2019-02-02T07:45:00.000+0000","CONCLUDED","2019 NAB AFLW Season","Round 1",1,"GMHBA Stadium","Geelong Cats","Geelong Cats","Collingwood","Collingwood",23,"https://s.afl.com.au/staticfile/AFL Tenant/AFL/Players/ChampIDImages/AFLW/2019264/1010096.png?im=Scale,width=0.6,height=0.6","INT","CD_I1010096",FALSE,23,"Lauren","Butler","CD_T8097",NA,67,0,0,NA,0,1,1,0,0,4,1,0,1,0,0,0,0,3,100,0,0,0,18,0,0,0,0,NA,"2019-02-15T06:19:48.439+0000",0,1,1,0,NA,NA,NA,0,-6,0,0,0,0,0,0,0,0,0,0,0,0,0,0,0,0,0,0,0,0,0,0,0,0,0,0,NA,NA,NA,"CD_I1010096",FALSE,23,"Lauren","Butler","away","Collingwood"
"CD_M20192640101","2019-02-02T07:45:00.000+0000","CONCLUDED","2019 NAB AFLW Season","Round 1",1,"GMHBA Stadium","Geelong Cats","Geelong Cats","Collingwood","Collingwood",18,"https://s.afl.com.au/staticfile/AFL Tenant/AFL/Players/ChampIDImages/AFLW/2019264/1007027.png?im=Scale,width=0.6,height=0.6","INT","CD_I1007027",FALSE,18,"Ruby","Schleicher","CD_T8097",NA,73,0,0,NA,2,2,4,2,0,1,3,1,4,2,0,1,0,3,50,1,0,0,20,0,0,0,0,NA,"2019-02-15T06:19:48.439+0000",1,4,0,0,NA,NA,NA,0,53,0,0,0,0,0,0,0,0,0,0,0,0,0,0,0,0,0,0,0,0,0,0,0,0,0,0,NA,NA,NA,"CD_I1007027",FALSE,18,"Ruby","Schleicher","away","Collingwood"
"CD_M20192640101","2019-02-02T07:45:00.000+0000","CONCLUDED","2019 NAB AFLW Season","Round 1",1,"GMHBA Stadium","Geelong Cats","Geelong Cats","Collingwood","Collingwood",8,"https://s.afl.com.au/staticfile/AFL Tenant/AFL/Players/ChampIDImages/AFLW/2019264/997729.png?im=Scale,width=0.6,height=0.6","INT","CD_I997729",FALSE,8,"Brittany","Bonnici","CD_T8097",NA,54,0,0,NA,7,3,10,4,0,9,6,5,11,1,0,0,0,2,70,4,0,2,69,0,0,0,0,NA,"2019-02-15T06:19:48.439+0000",4,5,1,0,NA,NA,NA,0,56,0,2,2,0,0,0,0,0,0,0,0,0,0,0,0,0,0,0,0,0,0,0,0,0,0,0,NA,NA,NA,"CD_I997729",FALSE,8,"Brittany","Bonnici","away","Collingwood"
"CD_M20192640101","2019-02-02T07:45:00.000+0000","CONCLUDED","2019 NAB AFLW Season","Round 1",1,"GMHBA Stadium","Geelong Cats","Geelong Cats","Collingwood","Collingwood",13,"https://s.afl.com.au/staticfile/AFL Tenant/AFL/Players/ChampIDImages/AFLW/2019264/1004415.png?im=Scale,width=0.6,height=0.6","R","CD_I1004415",FALSE,13,"Jaimee","Lambert","CD_T8097",NA,81,1,1,NA,13,4,17,3,0,6,11,8,19,3,0,0,0,2,58.8,2,1,1,85,0,0,33.3,0,NA,"2019-02-15T06:19:48.439+0000",5,1,2,3,NA,NA,NA,5,351,3,2,5,0,0,0,0,0,0,0,0,0,0,0,0,0,0,0,0,0,0,0,0,0,0,0,NA,NA,NA,"CD_I1004415",FALSE,13,"Jaimee","Lambert","away","Collingwood"
"CD_M20192640101","2019-02-02T07:45:00.000+0000","CONCLUDED","2019 NAB AFLW Season","Round 1",1,"GMHBA Stadium","Geelong Cats","Geelong Cats","Collingwood","Collingwood",5,"https://s.afl.com.au/staticfile/AFL Tenant/AFL/Players/ChampIDImages/AFLW/2019264/1004401.png?im=Scale,width=0.6,height=0.6","HBFR","CD_I1004401",FALSE,5,"Emma","Grant","CD_T8097",NA,69,0,0,NA,6,4,10,0,0,3,6,5,11,0,0,0,0,1,50,3,2,0,40,3,0,0,0,NA,"2019-02-15T06:19:48.439+0000",3,1,1,0,NA,NA,NA,0,159,0,0,0,0,0,0,0,0,0,0,0,0,0,0,0,0,0,0,0,0,0,0,0,0,0,0,NA,NA,NA,"CD_I1004401",FALSE,5,"Emma","Grant","away","Collingwood"
"CD_M20192640101","2019-02-02T07:45:00.000+0000","CONCLUDED","2019 NAB AFLW Season","Round 1",1,"GMHBA Stadium","Geelong Cats","Geelong Cats","Collingwood","Collingwood",6,"https://s.afl.com.au/staticfile/AFL Tenant/AFL/Players/ChampIDImages/AFLW/2019264/997736.png?im=Scale,width=0.6,height=0.6","BPL","CD_I997736",FALSE,6,"Jordyn","Allen","CD_T8097",NA,86,0,0,NA,5,2,7,1,0,2,6,1,7,1,0,0,0,2,85.7,0,2,0,32,2,0,0,0,NA,"2019-02-15T06:19:48.439+0000",1,5,0,0,NA,NA,NA,0,59,0,0,0,0,0,0,0,0,0,0,0,0,0,0,0,0,0,0,0,0,0,0,0,0,0,0,NA,NA,NA,"CD_I997736",FALSE,6,"Jordyn","Allen","away","Collingwood"
"CD_M20192640101","2019-02-02T07:45:00.000+0000","CONCLUDED","2019 NAB AFLW Season","Round 1",1,"GMHBA Stadium","Geelong Cats","Geelong Cats","Collingwood","Collingwood",4,"https://s.afl.com.au/staticfile/AFL Tenant/AFL/Players/ChampIDImages/AFLW/2019264/1004400.png?im=Scale,width=0.6,height=0.6","CHF","CD_I1004400",FALSE,4,"Sarah","D'Arcy","CD_T8097",NA,95,1,0,NA,4,2,6,4,0,1,2,4,6,2,2,0,0,1,50,2,0,0,38,0,1,100,0,NA,"2019-02-15T06:19:48.439+0000",1,1,0,1,NA,NA,NA,3,139,0,0,0,0,0,0,0,0,0,0,0,0,0,0,0,0,0,0,0,0,0,0,0,0,0,0,NA,NA,NA,"CD_I1004400",FALSE,4,"Sarah","D'Arcy","away","Collingwood"
"CD_M20192640101","2019-02-02T07:45:00.000+0000","CONCLUDED","2019 NAB AFLW Season","Round 1",1,"GMHBA Stadium","Geelong Cats","Geelong Cats","Collingwood","Collingwood",12,"https://s.afl.com.au/staticfile/AFL Tenant/AFL/Players/ChampIDImages/AFLW/2019264/1007015.png?im=Scale,width=0.6,height=0.6","HBFL","CD_I1007015",FALSE,12,"Stacey","Livingstone","CD_T8097",NA,92,0,0,NA,11,0,11,4,0,1,4,5,9,0,0,1,0,4,36.4,3,0,1,46,4,0,0,0,NA,"2019-02-15T06:19:48.439+0000",1,7,0,0,NA,NA,NA,3,288,0,0,0,0,0,0,0,0,0,0,0,0,0,0,0,0,0,0,0,0,0,0,0,0,0,0,NA,NA,NA,"CD_I1007015",FALSE,12,"Stacey","Livingstone","away","Collingwood"
"CD_M20192640101","2019-02-02T07:45:00.000+0000","CONCLUDED","2019 NAB AFLW Season","Round 1",1,"GMHBA Stadium","Geelong Cats","Geelong Cats","Collingwood","Collingwood",1,"https://s.afl.com.au/staticfile/AFL Tenant/AFL/Players/ChampIDImages/AFLW/2019264/1013765.png?im=Scale,width=0.6,height=0.6","RK","CD_I1013765",FALSE,1,"Sharni","Layton","CD_T8097",NA,69,0,0,NA,1,2,3,0,0,2,2,0,2,2,0,0,9,2,66.7,2,1,0,25,0,0,0,0,NA,"2019-02-15T06:19:48.439+0000",1,0,1,0,NA,NA,NA,0,17,0,0,0,0,0,0,0,0,0,0,0,0,0,0,0,0,0,0,0,0,0,0,0,0,0,0,NA,NA,NA,"CD_I1013765",FALSE,1,"Sharni","Layton","away","Collingwood"
"CD_M20192640101","2019-02-02T07:45:00.000+0000","CONCLUDED","2019 NAB AFLW Season","Round 1",1,"GMHBA Stadium","Geelong Cats","Geelong Cats","Collingwood","Collingwood",22,"https://s.afl.com.au/staticfile/AFL Tenant/AFL/Players/ChampIDImages/AFLW/2019264/1007139.png?im=Scale,width=0.6,height=0.6","CHB","CD_I1007139",FALSE,22,"Sophie","Casey","CD_T8097",NA,69,0,0,NA,5,2,7,0,0,3,4,3,7,1,0,0,0,3,57.1,0,2,0,33,3,0,0,0,NA,"2019-02-15T06:19:48.439+0000",2,3,0,0,NA,NA,NA,0,165,0,1,1,0,0,0,0,0,0,0,0,0,0,0,0,0,0,0,0,0,0,0,0,0,0,0,NA,NA,NA,"CD_I1007139",FALSE,22,"Sophie","Casey","away","Collingwood"
"CD_M20192640101","2019-02-02T07:45:00.000+0000","CONCLUDED","2019 NAB AFLW Season","Round 1",1,"GMHBA Stadium","Geelong Cats","Geelong Cats","Collingwood","Collingwood",15,"https://s.afl.com.au/staticfile/AFL Tenant/AFL/Players/ChampIDImages/AFLW/2019264/1005663.png?im=Scale,width=0.6,height=0.6","C","CD_I1005663",FALSE,15,"Erica","Fowler","CD_T8097",NA,81,0,0,NA,4,3,7,3,0,8,4,4,8,3,0,1,19,1,85.7,1,0,1,75,0,0,0,0,NA,"2019-02-15T06:19:48.439+0000",3,4,0,0,NA,NA,NA,0,98,0,1,1,0,0,0,0,0,0,0,0,0,0,0,0,0,0,0,0,0,0,0,0,0,0,0,NA,NA,NA,"CD_I1005663",FALSE,15,"Erica","Fowler","away","Collingwood"
"CD_M20192640101","2019-02-02T07:45:00.000+0000","CONCLUDED","2019 NAB AFLW Season","Round 1",1,"GMHBA Stadium","Geelong Cats","Geelong Cats","Collingwood","Collingwood",32,"https://s.afl.com.au/staticfile/AFL Tenant/AFL/Players/ChampIDImages/AFLW/2019264/997726.png?im=Scale,width=0.6,height=0.6","HFFR","CD_I997726",FALSE,32,"Georgia","Gourlay","CD_T8097",NA,72,0,0,NA,6,1,7,3,0,1,3,4,7,2,0,0,0,0,85.7,0,0,0,33,0,0,0,0,NA,"2019-02-15T06:19:48.439+0000",0,1,0,0,NA,NA,NA,2,133,0,2,2,0,0,0,0,0,0,0,0,0,0,0,0,0,0,0,0,0,0,0,0,0,0,0,NA,NA,NA,"CD_I997726",FALSE,32,"Georgia","Gourlay","away","Collingwood"
"CD_M20192640101","2019-02-02T07:45:00.000+0000","CONCLUDED","2019 NAB AFLW Season","Round 1",1,"GMHBA Stadium","Geelong Cats","Geelong Cats","Collingwood","Collingwood",24,"https://s.afl.com.au/staticfile/AFL Tenant/AFL/Players/ChampIDImages/AFLW/2019264/1012580.png?im=Scale,width=0.6,height=0.6","FF","CD_I1012580",FALSE,24,"Sophie","Alexander","CD_T8097",NA,51,1,2,NA,4,0,4,2,0,0,2,2,4,1,1,1,1,0,50,1,1,1,25,0,0,33.3,0,NA,"2019-02-15T06:19:48.439+0000",1,0,0,3,NA,NA,NA,3,134,0,0,0,0,0,0,0,0,0,0,0,0,0,0,0,0,0,0,0,0,0,0,0,0,0,0,NA,NA,NA,"CD_I1012580",FALSE,24,"Sophie","Alexander","away","Collingwood"
"CD_M20192640101","2019-02-02T07:45:00.000+0000","CONCLUDED","2019 NAB AFLW Season","Round 1",1,"GMHBA Stadium","Geelong Cats","Geelong Cats","Collingwood","Collingwood",21,"https://s.afl.com.au/staticfile/AFL Tenant/AFL/Players/ChampIDImages/AFLW/2019264/1009851.png?im=Scale,width=0.6,height=0.6","BPR","CD_I1009851",FALSE,21,"Iilish","Ross","CD_T8097",NA,80,0,0,NA,2,1,3,0,0,3,3,1,4,0,0,0,0,2,66.7,1,2,0,22,1,0,0,0,NA,"2019-02-15T06:19:48.439+0000",1,2,0,0,NA,NA,NA,0,46,0,1,1,0,0,0,0,0,0,0,0,0,0,0,0,0,0,0,0,0,0,0,0,0,0,0,NA,NA,NA,"CD_I1009851",FALSE,21,"Iilish","Ross","away","Collingwood"
"CD_M20192640101","2019-02-02T07:45:00.000+0000","CONCLUDED","2019 NAB AFLW Season","Round 1",1,"GMHBA Stadium","Geelong Cats","Geelong Cats","Collingwood","Collingwood",17,"https://s.afl.com.au/staticfile/AFL Tenant/AFL/Players/ChampIDImages/AFLW/2019264/998158.png?im=Scale,width=0.6,height=0.6","RR","CD_I998158",FALSE,17,"Stephanie","Chiocci","CD_T8097",NA,84,0,0,NA,6,3,9,2,0,4,3,5,8,1,0,0,0,0,77.8,2,0,1,43,1,0,0,0,NA,"2019-02-15T06:19:48.439+0000",5,2,1,0,NA,NA,NA,0,147,1,0,1,0,0,0,0,0,0,0,0,0,0,0,0,0,0,0,0,0,0,0,0,0,0,0,NA,NA,NA,"CD_I998158",FALSE,17,"Stephanie","Chiocci","away","Collingwood"
"CD_M20192640101","2019-02-02T07:45:00.000+0000","CONCLUDED","2019 NAB AFLW Season","Round 1",1,"GMHBA Stadium","Geelong Cats","Geelong Cats","Collingwood","Collingwood",25,"https://s.afl.com.au/staticfile/AFL Tenant/AFL/Players/ChampIDImages/AFLW/2019264/1012637.png?im=Scale,width=0.6,height=0.6","INT","CD_I1012637",FALSE,25,"Mikala","Cann","CD_T8097",NA,70,0,0,NA,3,3,6,1,0,7,4,4,8,0,0,0,0,0,50,4,1,4,35,0,0,0,0,NA,"2019-02-15T06:19:48.439+0000",2,1,1,0,NA,NA,NA,1,53,0,0,0,0,0,0,0,0,0,0,0,0,0,0,0,0,0,0,0,0,0,0,0,0,0,0,NA,NA,NA,"CD_I1012637",FALSE,25,"Mikala","Cann","away","Collingwood"
"CD_M20192640101","2019-02-02T07:45:00.000+0000","CONCLUDED","2019 NAB AFLW Season","Round 1",1,"GMHBA Stadium","Geelong Cats","Geelong Cats","Collingwood","Collingwood",20,"https://s.afl.com.au/staticfile/AFL Tenant/AFL/Players/ChampIDImages/AFLW/2019264/1001684.png?im=Scale,width=0.6,height=0.6","FPR","CD_I1001684",FALSE,20,"Cecilia","McIntosh","CD_T8097",NA,82,0,0,NA,3,6,9,1,1,6,4,3,7,3,0,0,0,1,77.8,2,0,2,42,0,1,0,0,NA,"2019-02-15T06:19:48.439+0000",3,1,2,0,NA,NA,NA,1,59,0,1,1,0,0,0,0,0,0,0,0,0,0,0,0,0,0,0,0,0,0,0,0,0,0,0,NA,NA,NA,"CD_I1001684",FALSE,20,"Cecilia","McIntosh","away","Collingwood"
"CD_M20192640101","2019-02-02T07:45:00.000+0000","CONCLUDED","2019 NAB AFLW Season","Round 1",1,"GMHBA Stadium","Geelong Cats","Geelong Cats","Collingwood","Collingwood",7,"https://s.afl.com.au/staticfile/AFL Tenant/AFL/Players/ChampIDImages/AFLW/2019264/1013706.png?im=Scale,width=0.6,height=0.6","FPL","CD_I1013706",FALSE,7,"Sarah","Rowe","CD_T8097",NA,86,0,0,NA,6,0,6,2,0,1,3,3,6,3,0,0,0,1,50,3,0,0,28,0,0,0,0,NA,"2019-02-15T06:19:48.439+0000",4,3,0,1,NA,NA,NA,0,177,0,0,0,0,0,0,0,0,0,0,0,0,0,0,0,0,0,0,0,0,0,0,0,0,0,0,NA,NA,NA,"CD_I1013706",FALSE,7,"Sarah","Rowe","away","Collingwood"
"CD_M20192640102","2019-02-02T09:40:00.000+0000","CONCLUDED","2019 NAB AFLW Season","Round 1",1,"Norwood Oval","Adelaide Crows","Adelaide Crows","Western Bulldogs","Western Bulldogs",31,"https://s.afl.com.au/staticfile/AFL Tenant/AFL/Players/ChampIDImages/AFLW/2019264/1005956.png?im=Scale,width=0.6,height=0.6","R","CD_I1005956",FALSE,31,"Dayna","Cox","CD_T8098",NA,85,0,0,NA,3,2,5,0,0,1,4,2,6,0,0,0,0,2,40,3,1,0,18,2,0,0,NA,NA,"2019-05-01T04:32:07.111+0000",3,2,0,0,NA,NA,NA,0,62,0,0,0,0,0,0,0,0,0,0,0,0,0,0,0,0,0,0,0,0,0,0,0,0,0,0,NA,NA,NA,"CD_I1005956",FALSE,31,"Dayna","Cox","home","Adelaide Crows"
"CD_M20192640102","2019-02-02T09:40:00.000+0000","CONCLUDED","2019 NAB AFLW Season","Round 1",1,"Norwood Oval","Adelaide Crows","Adelaide Crows","Western Bulldogs","Western Bulldogs",19,"https://s.afl.com.au/staticfile/AFL Tenant/AFL/Players/ChampIDImages/AFLW/2019264/1007356.png?im=Scale,width=0.6,height=0.6","INT","CD_I1007356",FALSE,19,"Sophie","Li","CD_T8098",NA,55,0,0,NA,0,2,2,0,0,5,2,0,2,0,0,0,0,1,50,1,0,1,21,0,0,0,NA,NA,"2019-05-01T04:32:07.111+0000",0,0,1,0,NA,NA,NA,0,-2,0,0,0,0,0,0,0,0,0,0,0,0,0,0,0,0,0,0,0,0,0,0,0,0,0,0,NA,NA,NA,"CD_I1007356",FALSE,19,"Sophie","Li","home","Adelaide Crows"
"CD_M20192640102","2019-02-02T09:40:00.000+0000","CONCLUDED","2019 NAB AFLW Season","Round 1",1,"Norwood Oval","Adelaide Crows","Adelaide Crows","Western Bulldogs","Western Bulldogs",4,"https://s.afl.com.au/staticfile/AFL Tenant/AFL/Players/ChampIDImages/AFLW/2019264/1007342.png?im=Scale,width=0.6,height=0.6","HFFR","CD_I1007342",FALSE,4,"Chloe","Scheer","CD_T8098",NA,76,1,1,NA,4,2,6,3,0,1,2,3,5,1,2,1,0,3,50,1,0,0,36,0,0,33.3,NA,NA,"2019-05-01T04:32:07.111+0000",1,0,0,3,NA,NA,NA,3,54,0,0,0,0,0,0,0,0,0,0,0,0,0,0,0,0,0,0,0,0,0,0,0,0,0,0,NA,NA,NA,"CD_I1007342",FALSE,4,"Chloe","Scheer","home","Adelaide Crows"
"CD_M20192640102","2019-02-02T09:40:00.000+0000","CONCLUDED","2019 NAB AFLW Season","Round 1",1,"Norwood Oval","Adelaide Crows","Adelaide Crows","Western Bulldogs","Western Bulldogs",3,"https://s.afl.com.au/staticfile/AFL Tenant/AFL/Players/ChampIDImages/AFLW/2019264/1005378.png?im=Scale,width=0.6,height=0.6","HBFL","CD_I1005378",FALSE,3,"Angela","Foley","CD_T8098",NA,76,0,0,NA,8,2,10,1,0,1,4,6,10,2,0,0,0,1,50,6,1,2,30,1,0,0,NA,NA,"2019-05-01T04:32:07.111+0000",3,0,0,1,NA,NA,NA,2,216,0,3,3,0,0,0,0,0,0,0,0,0,0,0,0,0,0,0,0,0,0,0,0,0,0,0,NA,NA,NA,"CD_I1005378",FALSE,3,"Angela","Foley","home","Adelaide Crows"
"CD_M20192640102","2019-02-02T09:40:00.000+0000","CONCLUDED","2019 NAB AFLW Season","Round 1",1,"Norwood Oval","Adelaide Crows","Adelaide Crows","Western Bulldogs","Western Bulldogs",13,"https://s.afl.com.au/staticfile/AFL Tenant/AFL/Players/ChampIDImages/AFLW/2019264/1007129.png?im=Scale,width=0.6,height=0.6","RR","CD_I1007129",FALSE,13,"Erin","Phillips","CD_T8098",NA,90,0,2,NA,11,7,18,2,0,3,9,6,15,2,1,1,0,1,66.7,1,2,0,69,0,0,0,NA,NA,"2019-05-01T04:32:07.111+0000",3,1,2,4,NA,NA,NA,6,306,2,5,7,0,0,0,0,0,0,0,0,0,0,0,0,0,0,0,0,0,0,0,0,0,0,0,NA,NA,NA,"CD_I1007129",FALSE,13,"Erin","Phillips","home","Adelaide Crows"
"CD_M20192640102","2019-02-02T09:40:00.000+0000","CONCLUDED","2019 NAB AFLW Season","Round 1",1,"Norwood Oval","Adelaide Crows","Adelaide Crows","Western Bulldogs","Western Bulldogs",9,"https://s.afl.com.au/staticfile/AFL Tenant/AFL/Players/ChampIDImages/AFLW/2019264/1005251.png?im=Scale,width=0.6,height=0.6","HFFL","CD_I1005251",FALSE,9,"Deni","Varnhagen","CD_T8098",NA,81,0,0,NA,10,3,13,6,0,2,6,7,13,1,1,1,0,1,53.8,4,1,1,60,5,0,0,NA,NA,"2019-05-01T04:32:07.111+0000",4,2,1,1,NA,NA,NA,3,186,1,0,1,0,0,0,0,0,0,0,0,0,0,0,0,0,0,0,0,0,0,0,0,0,0,0,NA,NA,NA,"CD_I1005251",FALSE,9,"Deni","Varnhagen","home","Adelaide Crows"
"CD_M20192640102","2019-02-02T09:40:00.000+0000","CONCLUDED","2019 NAB AFLW Season","Round 1",1,"Norwood Oval","Adelaide Crows","Adelaide Crows","Western Bulldogs","Western Bulldogs",26,"https://s.afl.com.au/staticfile/AFL Tenant/AFL/Players/ChampIDImages/AFLW/2019264/998044.png?im=Scale,width=0.6,height=0.6","CHB","CD_I998044",FALSE,26,"Chelsea","Randall","CD_T8098",NA,90,0,0,NA,7,3,10,4,1,4,4,5,9,0,1,1,0,2,90,2,2,1,54,4,0,0,NA,NA,"2019-05-01T04:32:07.111+0000",3,3,0,0,NA,NA,NA,1,237,0,0,0,0,0,0,0,0,0,0,0,0,0,0,0,0,0,0,0,0,0,0,0,0,0,0,NA,NA,NA,"CD_I998044",FALSE,26,"Chelsea","Randall","home","Adelaide Crows"
"CD_M20192640102","2019-02-02T09:40:00.000+0000","CONCLUDED","2019 NAB AFLW Season","Round 1",1,"Norwood Oval","Adelaide Crows","Adelaide Crows","Western Bulldogs","Western Bulldogs",32,"https://s.afl.com.au/staticfile/AFL Tenant/AFL/Players/ChampIDImages/AFLW/2019264/1007574.png?im=Scale,width=0.6,height=0.6","FF","CD_I1007574",FALSE,32,"Marijana","Rajcic","CD_T8098",NA,82,0,1,NA,7,6,13,2,0,2,5,7,12,1,0,0,0,1,61.5,3,0,0,48,1,0,0,NA,NA,"2019-05-01T04:32:07.111+0000",2,3,0,1,NA,NA,NA,4,151,0,0,0,0,0,0,0,0,0,0,0,0,0,0,0,0,0,0,0,0,0,0,0,0,0,0,NA,NA,NA,"CD_I1007574",FALSE,32,"Marijana","Rajcic","home","Adelaide Crows"
"CD_M20192640102","2019-02-02T09:40:00.000+0000","CONCLUDED","2019 NAB AFLW Season","Round 1",1,"Norwood Oval","Adelaide Crows","Adelaide Crows","Western Bulldogs","Western Bulldogs",16,"https://s.afl.com.au/staticfile/AFL Tenant/AFL/Players/ChampIDImages/AFLW/2019264/1013947.png?im=Scale,width=0.6,height=0.6","INT","CD_I1013947",FALSE,16,"Ailish","Considine","CD_T8098",NA,58,0,0,NA,7,2,9,3,0,0,2,7,9,1,1,0,0,0,77.8,2,1,1,32,0,1,0,NA,NA,"2019-05-01T04:32:07.111+0000",1,2,0,0,NA,NA,NA,2,154,0,0,0,0,0,0,0,0,0,0,0,0,0,0,0,0,0,0,0,0,0,0,0,0,0,0,NA,NA,NA,"CD_I1013947",FALSE,16,"Ailish","Considine","home","Adelaide Crows"
"CD_M20192640102","2019-02-02T09:40:00.000+0000","CONCLUDED","2019 NAB AFLW Season","Round 1",1,"Norwood Oval","Adelaide Crows","Adelaide Crows","Western Bulldogs","Western Bulldogs",24,"https://s.afl.com.au/staticfile/AFL Tenant/AFL/Players/ChampIDImages/AFLW/2019264/1011127.png?im=Scale,width=0.6,height=0.6","RK","CD_I1011127",FALSE,24,"Jessica","Foley","CD_T8098",NA,80,0,0,NA,2,4,6,1,0,5,4,2,6,1,0,0,25,0,83.3,1,2,0,64,1,0,0,NA,NA,"2019-05-01T04:32:07.111+0000",2,1,1,0,NA,NA,NA,0,59,0,3,3,0,0,0,0,0,0,0,0,0,0,0,0,0,0,0,0,0,0,0,0,0,0,0,NA,NA,NA,"CD_I1011127",FALSE,24,"Jessica","Foley","home","Adelaide Crows"
"CD_M20192640102","2019-02-02T09:40:00.000+0000","CONCLUDED","2019 NAB AFLW Season","Round 1",1,"Norwood Oval","Adelaide Crows","Adelaide Crows","Western Bulldogs","Western Bulldogs",6,"https://s.afl.com.au/staticfile/AFL Tenant/AFL/Players/ChampIDImages/AFLW/2019264/1011092.png?im=Scale,width=0.6,height=0.6","BPL","CD_I1011092",FALSE,6,"Hannah","Martin","CD_T8098",NA,64,0,0,NA,3,1,4,1,0,1,2,2,4,1,0,0,0,2,75,3,1,2,13,0,0,0,NA,NA,"2019-05-01T04:32:07.111+0000",2,1,0,0,NA,NA,NA,0,72,0,0,0,0,0,0,0,0,0,0,0,0,0,0,0,0,0,0,0,0,0,0,0,0,0,0,NA,NA,NA,"CD_I1011092",FALSE,6,"Hannah","Martin","home","Adelaide Crows"
"CD_M20192640102","2019-02-02T09:40:00.000+0000","CONCLUDED","2019 NAB AFLW Season","Round 1",1,"Norwood Oval","Adelaide Crows","Adelaide Crows","Western Bulldogs","Western Bulldogs",23,"https://s.afl.com.au/staticfile/AFL Tenant/AFL/Players/ChampIDImages/AFLW/2019264/1005955.png?im=Scale,width=0.6,height=0.6","FPR","CD_I1005955",FALSE,23,"Justine","Mules","CD_T8098",NA,75,0,1,NA,7,4,11,2,0,2,5,6,11,4,0,0,0,1,72.7,2,2,1,43,1,0,0,NA,NA,"2019-05-01T04:32:07.111+0000",3,2,0,1,NA,NA,NA,3,163,0,0,0,0,0,0,0,0,0,0,0,0,0,0,0,0,0,0,0,0,0,0,0,0,0,0,NA,NA,NA,"CD_I1005955",FALSE,23,"Justine","Mules","home","Adelaide Crows"
"CD_M20192640102","2019-02-02T09:40:00.000+0000","CONCLUDED","2019 NAB AFLW Season","Round 1",1,"Norwood Oval","Adelaide Crows","Adelaide Crows","Western Bulldogs","Western Bulldogs",2,"https://s.afl.com.au/staticfile/AFL Tenant/AFL/Players/ChampIDImages/AFLW/2019264/1005258.png?im=Scale,width=0.6,height=0.6","FPL","CD_I1005258",FALSE,2,"Eloise","Jones","CD_T8098",NA,81,0,1,NA,3,0,3,2,0,2,2,2,4,0,2,1,0,2,33.3,1,1,1,22,0,0,0,NA,NA,"2019-05-01T04:32:07.111+0000",1,0,0,1,NA,NA,NA,2,32,0,0,0,0,0,0,0,0,0,0,0,0,0,0,0,0,0,0,0,0,0,0,0,0,0,0,NA,NA,NA,"CD_I1005258",FALSE,2,"Eloise","Jones","home","Adelaide Crows"
"CD_M20192640102","2019-02-02T09:40:00.000+0000","CONCLUDED","2019 NAB AFLW Season","Round 1",1,"Norwood Oval","Adelaide Crows","Adelaide Crows","Western Bulldogs","Western Bulldogs",39,"https://s.afl.com.au/staticfile/AFL Tenant/AFL/Players/ChampIDImages/AFLW/2019264/1005285.png?im=Scale,width=0.6,height=0.6","FB","CD_I1005285",FALSE,39,"Sarah","Allan","CD_T8098",NA,82,0,0,NA,4,3,7,2,0,1,4,4,8,0,0,0,0,3,85.7,1,2,1,27,1,0,0,NA,NA,"2019-05-01T04:32:07.111+0000",1,5,0,0,NA,NA,NA,1,5,0,0,0,0,0,0,0,0,0,0,0,0,0,0,0,0,0,0,0,0,0,0,0,0,0,0,NA,NA,NA,"CD_I1005285",FALSE,39,"Sarah","Allan","home","Adelaide Crows"
"CD_M20192640102","2019-02-02T09:40:00.000+0000","CONCLUDED","2019 NAB AFLW Season","Round 1",1,"Norwood Oval","Adelaide Crows","Adelaide Crows","Western Bulldogs","Western Bulldogs",27,"https://s.afl.com.au/staticfile/AFL Tenant/AFL/Players/ChampIDImages/AFLW/2019264/998045.png?im=Scale,width=0.6,height=0.6","INT","CD_I998045",FALSE,27,"Renee","Forth","CD_T8098",NA,73,0,0,NA,6,1,7,2,0,1,2,5,7,0,0,0,0,3,28.6,3,0,1,27,1,0,0,NA,NA,"2019-05-01T04:32:07.111+0000",2,0,1,0,NA,NA,NA,1,114,0,2,2,0,0,0,0,0,0,0,0,0,0,0,0,0,0,0,0,0,0,0,0,0,0,0,NA,NA,NA,"CD_I998045",FALSE,27,"Renee","Forth","home","Adelaide Crows"
"CD_M20192640102","2019-02-02T09:40:00.000+0000","CONCLUDED","2019 NAB AFLW Season","Round 1",1,"Norwood Oval","Adelaide Crows","Adelaide Crows","Western Bulldogs","Western Bulldogs",5,"https://s.afl.com.au/staticfile/AFL Tenant/AFL/Players/ChampIDImages/AFLW/2019264/1005641.png?im=Scale,width=0.6,height=0.6","INT","CD_I1005641",FALSE,5,"Jenna","McCormick","CD_T8098",NA,69,0,1,NA,5,2,7,2,0,0,2,6,8,0,0,0,0,0,57.1,2,0,1,23,0,0,0,NA,NA,"2019-05-01T04:32:07.111+0000",1,1,0,1,NA,NA,NA,3,166,0,0,0,0,0,0,0,0,0,0,0,0,0,0,0,0,0,0,0,0,0,0,0,0,0,0,NA,NA,NA,"CD_I1005641",FALSE,5,"Jenna","McCormick","home","Adelaide Crows"
"CD_M20192640102","2019-02-02T09:40:00.000+0000","CONCLUDED","2019 NAB AFLW Season","Round 1",1,"Norwood Oval","Adelaide Crows","Adelaide Crows","Western Bulldogs","Western Bulldogs",22,"https://s.afl.com.au/staticfile/AFL Tenant/AFL/Players/ChampIDImages/AFLW/2019264/998046.png?im=Scale,width=0.6,height=0.6","BPR","CD_I998046",FALSE,22,"Courtney","Cramey","CD_T8098",NA,74,0,0,NA,11,1,12,3,0,4,3,7,10,3,0,0,0,3,75,2,2,1,59,2,0,0,NA,NA,"2019-05-01T04:32:07.111+0000",2,5,0,0,NA,NA,NA,2,270,0,0,0,0,0,0,0,0,0,0,0,0,0,0,0,0,0,0,0,0,0,0,0,0,0,0,NA,NA,NA,"CD_I998046",FALSE,22,"Courtney","Cramey","home","Adelaide Crows"
"CD_M20192640102","2019-02-02T09:40:00.000+0000","CONCLUDED","2019 NAB AFLW Season","Round 1",1,"Norwood Oval","Adelaide Crows","Adelaide Crows","Western Bulldogs","Western Bulldogs",33,"https://s.afl.com.au/staticfile/AFL Tenant/AFL/Players/ChampIDImages/AFLW/2019264/1005269.png?im=Scale,width=0.6,height=0.6","CHF","CD_I1005269",FALSE,33,"Anne","Hatchard","CD_T8098",NA,77,0,1,NA,8,12,20,5,0,5,11,9,20,1,0,0,0,1,55,4,0,2,78,2,0,0,NA,NA,"2019-05-01T04:32:07.111+0000",3,1,0,1,NA,NA,NA,4,176,0,5,5,0,0,0,0,0,0,0,0,0,0,0,0,0,0,0,0,0,0,0,0,0,0,0,NA,NA,NA,"CD_I1005269",FALSE,33,"Anne","Hatchard","home","Adelaide Crows"
"CD_M20192640102","2019-02-02T09:40:00.000+0000","CONCLUDED","2019 NAB AFLW Season","Round 1",1,"Norwood Oval","Adelaide Crows","Adelaide Crows","Western Bulldogs","Western Bulldogs",12,"https://s.afl.com.au/staticfile/AFL Tenant/AFL/Players/ChampIDImages/AFLW/2019264/1013946.png?im=Scale,width=0.6,height=0.6","INT","CD_I1013946",FALSE,12,"Maisie","Nankivell","CD_T8098",NA,61,0,1,NA,4,1,5,2,0,3,2,3,5,2,0,0,4,0,60,2,0,2,31,0,0,0,NA,NA,"2019-05-01T04:32:07.111+0000",0,0,1,1,NA,NA,NA,1,79,0,1,1,0,0,0,0,0,0,0,0,0,0,0,0,0,0,0,0,0,0,0,0,0,0,0,NA,NA,NA,"CD_I1013946",FALSE,12,"Maisie","Nankivell","home","Adelaide Crows"
"CD_M20192640102","2019-02-02T09:40:00.000+0000","CONCLUDED","2019 NAB AFLW Season","Round 1",1,"Norwood Oval","Adelaide Crows","Adelaide Crows","Western Bulldogs","Western Bulldogs",10,"https://s.afl.com.au/staticfile/AFL Tenant/AFL/Players/ChampIDImages/AFLW/2019264/1005279.png?im=Scale,width=0.6,height=0.6","C","CD_I1005279",FALSE,10,"Ebony","Marinoff","CD_T8098",NA,83,0,1,NA,13,10,23,2,0,11,10,10,20,3,0,0,0,1,60.9,5,0,1,107,3,0,0,NA,NA,"2019-05-01T04:32:07.111+0000",4,8,0,2,NA,NA,NA,3,274,1,1,2,0,0,0,0,0,0,0,0,0,0,0,0,0,0,0,0,0,0,0,0,0,0,0,NA,NA,NA,"CD_I1005279",FALSE,10,"Ebony","Marinoff","home","Adelaide Crows"
"CD_M20192640102","2019-02-02T09:40:00.000+0000","CONCLUDED","2019 NAB AFLW Season","Round 1",1,"Norwood Oval","Adelaide Crows","Adelaide Crows","Western Bulldogs","Western Bulldogs",14,"https://s.afl.com.au/staticfile/AFL Tenant/AFL/Players/ChampIDImages/AFLW/2019264/1005386.png?im=Scale,width=0.6,height=0.6","HBFR","CD_I1005386",FALSE,14,"Stevie-Lee","Thompson","CD_T8098",NA,88,0,0,NA,2,1,3,0,0,0,2,2,4,0,0,0,0,1,66.7,3,0,2,2,0,0,0,NA,NA,"2019-05-01T04:32:07.111+0000",2,2,0,1,NA,NA,NA,0,64,0,0,0,0,0,0,0,0,0,0,0,0,0,0,0,0,0,0,0,0,0,0,0,0,0,0,NA,NA,NA,"CD_I1005386",FALSE,14,"Stevie-Lee","Thompson","home","Adelaide Crows"
"CD_M20192640102","2019-02-02T09:40:00.000+0000","CONCLUDED","2019 NAB AFLW Season","Round 1",1,"Norwood Oval","Adelaide Crows","Adelaide Crows","Western Bulldogs","Western Bulldogs",36,"https://s.afl.com.au/staticfile/AFL Tenant/AFL/Players/ChampIDImages/AFLW/2019264/1007154.png?im=Scale,width=0.6,height=0.6","INT","CD_I1007154",FALSE,36,"Angelica","Gogos","CD_T7387",NA,49,0,0,NA,5,1,6,1,0,6,4,2,6,4,0,0,0,1,83.3,1,1,0,45,0,0,0,NA,NA,"2019-05-01T04:32:07.111+0000",2,3,2,0,NA,NA,NA,0,131,0,1,1,0,0,0,0,0,0,0,0,0,0,0,0,0,0,0,0,0,0,0,0,0,0,0,NA,NA,NA,"CD_I1007154",FALSE,36,"Angelica","Gogos","away","Western Bulldogs"
"CD_M20192640102","2019-02-02T09:40:00.000+0000","CONCLUDED","2019 NAB AFLW Season","Round 1",1,"Norwood Oval","Adelaide Crows","Adelaide Crows","Western Bulldogs","Western Bulldogs",2,"https://s.afl.com.au/staticfile/AFL Tenant/AFL/Players/ChampIDImages/AFLW/2019264/296125.png?im=Scale,width=0.6,height=0.6","R","CD_I296125",FALSE,2,"Ellie","Blackburn","CD_T7387",NA,100,0,0,NA,14,3,17,6,0,6,6,9,15,4,0,0,0,0,58.8,5,0,0,90,2,1,0,NA,NA,"2019-05-01T04:32:07.111+0000",3,1,2,0,NA,NA,NA,3,343,1,1,2,0,0,0,0,0,0,0,0,0,0,0,0,0,0,0,0,0,0,0,0,0,0,0,NA,NA,NA,"CD_I296125",FALSE,2,"Ellie","Blackburn","away","Western Bulldogs"
"CD_M20192640102","2019-02-02T09:40:00.000+0000","CONCLUDED","2019 NAB AFLW Season","Round 1",1,"Norwood Oval","Adelaide Crows","Adelaide Crows","Western Bulldogs","Western Bulldogs",16,"https://s.afl.com.au/staticfile/AFL Tenant/AFL/Players/ChampIDImages/AFLW/2019264/1010689.png?im=Scale,width=0.6,height=0.6","HFFL","CD_I1010689",FALSE,16,"Naomi","Ferres","CD_T7387",NA,74,0,0,NA,5,1,6,2,0,5,3,4,7,1,0,0,0,0,50,3,3,2,40,0,0,0,NA,NA,"2019-05-01T04:32:07.111+0000",2,2,0,0,NA,NA,NA,0,95,0,0,0,0,0,0,0,0,0,0,0,0,0,0,0,0,0,0,0,0,0,0,0,0,0,0,NA,NA,NA,"CD_I1010689",FALSE,16,"Naomi","Ferres","away","Western Bulldogs"
"CD_M20192640102","2019-02-02T09:40:00.000+0000","CONCLUDED","2019 NAB AFLW Season","Round 1",1,"Norwood Oval","Adelaide Crows","Adelaide Crows","Western Bulldogs","Western Bulldogs",21,"https://s.afl.com.au/staticfile/AFL Tenant/AFL/Players/ChampIDImages/AFLW/2019264/1007008.png?im=Scale,width=0.6,height=0.6","BPR","CD_I1007008",FALSE,21,"Bailey","Hunt","CD_T7387",NA,54,0,0,NA,0,2,2,0,0,0,2,1,3,0,0,0,0,0,100,0,0,0,4,0,0,0,NA,NA,"2019-05-01T04:32:07.111+0000",1,2,0,0,NA,NA,NA,0,4,0,0,0,0,0,0,0,0,0,0,0,0,0,0,0,0,0,0,0,0,0,0,0,0,0,0,NA,NA,NA,"CD_I1007008",FALSE,21,"Bailey","Hunt","away","Western Bulldogs"
"CD_M20192640102","2019-02-02T09:40:00.000+0000","CONCLUDED","2019 NAB AFLW Season","Round 1",1,"Norwood Oval","Adelaide Crows","Adelaide Crows","Western Bulldogs","Western Bulldogs",24,"https://s.afl.com.au/staticfile/AFL Tenant/AFL/Players/ChampIDImages/AFLW/2019264/1010677.png?im=Scale,width=0.6,height=0.6","RK","CD_I1010677",FALSE,24,"Kimberley","Rennie","CD_T7387",NA,53,0,0,NA,1,2,3,0,0,0,4,0,4,1,0,0,6,2,100,1,0,1,10,0,0,0,NA,NA,"2019-05-01T04:32:07.111+0000",2,2,0,0,NA,NA,NA,2,36,0,1,1,0,0,0,0,0,0,0,0,0,0,0,0,0,0,0,0,0,0,0,0,0,0,0,NA,NA,NA,"CD_I1010677",FALSE,24,"Kimberley","Rennie","away","Western Bulldogs"
"CD_M20192640102","2019-02-02T09:40:00.000+0000","CONCLUDED","2019 NAB AFLW Season","Round 1",1,"Norwood Oval","Adelaide Crows","Adelaide Crows","Western Bulldogs","Western Bulldogs",6,"https://s.afl.com.au/staticfile/AFL Tenant/AFL/Players/ChampIDImages/AFLW/2019264/1007020.png?im=Scale,width=0.6,height=0.6","INT","CD_I1007020",FALSE,6,"Kirsten","McLeod","CD_T7387",NA,68,0,2,NA,4,1,5,0,0,2,3,2,5,0,0,0,0,3,0,2,2,1,23,0,0,0,NA,NA,"2019-05-01T04:32:07.111+0000",1,1,1,3,NA,NA,NA,2,107,0,0,0,0,0,0,0,0,0,0,0,0,0,0,0,0,0,0,0,0,0,0,0,0,0,0,NA,NA,NA,"CD_I1007020",FALSE,6,"Kirsten","McLeod","away","Western Bulldogs"
"CD_M20192640102","2019-02-02T09:40:00.000+0000","CONCLUDED","2019 NAB AFLW Season","Round 1",1,"Norwood Oval","Adelaide Crows","Adelaide Crows","Western Bulldogs","Western Bulldogs",7,"https://s.afl.com.au/staticfile/AFL Tenant/AFL/Players/ChampIDImages/AFLW/2019264/997728.png?im=Scale,width=0.6,height=0.6","FPL","CD_I997728",FALSE,7,"Deanna","Berry","CD_T7387",NA,70,0,0,NA,8,0,8,2,0,1,4,3,7,1,0,0,0,0,50,2,3,1,34,2,0,0,NA,NA,"2019-05-01T04:32:07.111+0000",2,0,0,0,NA,NA,NA,3,136,0,2,2,0,0,0,0,0,0,0,0,0,0,0,0,0,0,0,0,0,0,0,0,0,0,0,NA,NA,NA,"CD_I997728",FALSE,7,"Deanna","Berry","away","Western Bulldogs"
"CD_M20192640102","2019-02-02T09:40:00.000+0000","CONCLUDED","2019 NAB AFLW Season","Round 1",1,"Norwood Oval","Adelaide Crows","Adelaide Crows","Western Bulldogs","Western Bulldogs",3,"https://s.afl.com.au/staticfile/AFL Tenant/AFL/Players/ChampIDImages/AFLW/2019264/998157.png?im=Scale,width=0.6,height=0.6","CHF","CD_I998157",FALSE,3,"Katie","Brennan","CD_T7387",NA,100,2,1,NA,6,0,6,4,0,2,2,4,6,2,3,1,0,2,33.3,1,0,0,51,0,0,66.7,NA,NA,"2019-05-01T04:32:07.111+0000",1,2,0,3,NA,NA,NA,3,104,0,0,0,0,0,0,0,0,0,0,0,0,0,0,0,0,0,0,0,0,0,0,0,0,0,0,NA,NA,NA,"CD_I998157",FALSE,3,"Katie","Brennan","away","Western Bulldogs"
"CD_M20192640102","2019-02-02T09:40:00.000+0000","CONCLUDED","2019 NAB AFLW Season","Round 1",1,"Norwood Oval","Adelaide Crows","Adelaide Crows","Western Bulldogs","Western Bulldogs",11,"https://s.afl.com.au/staticfile/AFL Tenant/AFL/Players/ChampIDImages/AFLW/2019264/998153.png?im=Scale,width=0.6,height=0.6","FB","CD_I998153",FALSE,11,"Lauren","Spark","CD_T7387",NA,96,0,0,NA,13,1,14,11,0,1,4,9,13,2,0,3,0,2,71.4,3,0,0,78,3,0,0,NA,NA,"2019-05-01T04:32:07.111+0000",2,8,0,0,NA,NA,NA,0,222,0,0,0,0,0,0,0,0,0,0,0,0,0,0,0,0,0,0,0,0,0,0,0,0,0,0,NA,NA,NA,"CD_I998153",FALSE,11,"Lauren","Spark","away","Western Bulldogs"
"CD_M20192640102","2019-02-02T09:40:00.000+0000","CONCLUDED","2019 NAB AFLW Season","Round 1",1,"Norwood Oval","Adelaide Crows","Adelaide Crows","Western Bulldogs","Western Bulldogs",28,"https://s.afl.com.au/staticfile/AFL Tenant/AFL/Players/ChampIDImages/AFLW/2019264/1010690.png?im=Scale,width=0.6,height=0.6","INT","CD_I1010690",FALSE,28,"Bonnie","Toogood","CD_T7387",NA,51,0,0,NA,2,2,4,1,0,1,2,3,5,3,0,0,0,0,75,1,1,0,18,0,0,0,NA,NA,"2019-05-01T04:32:07.111+0000",2,1,0,0,NA,NA,NA,0,19,0,1,1,0,0,0,0,0,0,0,0,0,0,0,0,0,0,0,0,0,0,0,0,0,0,0,NA,NA,NA,"CD_I1010690",FALSE,28,"Bonnie","Toogood","away","Western Bulldogs"
"CD_M20192640102","2019-02-02T09:40:00.000+0000","CONCLUDED","2019 NAB AFLW Season","Round 1",1,"Norwood Oval","Adelaide Crows","Adelaide Crows","Western Bulldogs","Western Bulldogs",13,"https://s.afl.com.au/staticfile/AFL Tenant/AFL/Players/ChampIDImages/AFLW/2019264/1012555.png?im=Scale,width=0.6,height=0.6","INT","CD_I1012555",FALSE,13,"Celine","Moody","CD_T7387",NA,47,0,0,NA,1,0,1,0,0,0,0,0,0,1,0,0,7,0,0,2,0,2,4,0,0,0,NA,NA,"2019-05-01T04:32:07.111+0000",3,0,0,0,NA,NA,NA,0,24,0,0,0,0,0,0,0,0,0,0,0,0,0,0,0,0,0,0,0,0,0,0,0,0,0,0,NA,NA,NA,"CD_I1012555",FALSE,13,"Celine","Moody","away","Western Bulldogs"
"CD_M20192640102","2019-02-02T09:40:00.000+0000","CONCLUDED","2019 NAB AFLW Season","Round 1",1,"Norwood Oval","Adelaide Crows","Adelaide Crows","Western Bulldogs","Western Bulldogs",8,"https://s.afl.com.au/staticfile/AFL Tenant/AFL/Players/ChampIDImages/AFLW/2019264/1010104.png?im=Scale,width=0.6,height=0.6","HFFR","CD_I1010104",FALSE,8,"Monique","Conti","CD_T7387",NA,88,0,0,NA,5,2,7,2,0,1,6,1,7,0,0,1,0,0,85.7,2,1,2,24,0,0,0,NA,NA,"2019-05-01T04:32:07.111+0000",2,2,0,0,NA,NA,NA,1,127,0,1,1,0,0,0,0,0,0,0,0,0,0,0,0,0,0,0,0,0,0,0,0,0,0,0,NA,NA,NA,"CD_I1010104",FALSE,8,"Monique","Conti","away","Western Bulldogs"
"CD_M20192640102","2019-02-02T09:40:00.000+0000","CONCLUDED","2019 NAB AFLW Season","Round 1",1,"Norwood Oval","Adelaide Crows","Adelaide Crows","Western Bulldogs","Western Bulldogs",19,"https://s.afl.com.au/staticfile/AFL Tenant/AFL/Players/ChampIDImages/AFLW/2019264/997692.png?im=Scale,width=0.6,height=0.6","CHB","CD_I997692",FALSE,19,"Tiarna","Ernst","CD_T7387",NA,96,0,0,NA,6,1,7,3,0,2,2,5,7,1,0,0,0,1,85.7,1,1,1,35,2,0,0,NA,NA,"2019-05-01T04:32:07.111+0000",0,2,0,0,NA,NA,NA,1,68,0,0,0,0,0,0,0,0,0,0,0,0,0,0,0,0,0,0,0,0,0,0,0,0,0,0,NA,NA,NA,"CD_I997692",FALSE,19,"Tiarna","Ernst","away","Western Bulldogs"
"CD_M20192640102","2019-02-02T09:40:00.000+0000","CONCLUDED","2019 NAB AFLW Season","Round 1",1,"Norwood Oval","Adelaide Crows","Adelaide Crows","Western Bulldogs","Western Bulldogs",23,"https://s.afl.com.au/staticfile/AFL Tenant/AFL/Players/ChampIDImages/AFLW/2019264/1010676.png?im=Scale,width=0.6,height=0.6","FPR","CD_I1010676",FALSE,23,"Aisling","Utri","CD_T7387",NA,79,0,1,NA,6,2,8,2,0,2,6,2,8,1,0,1,0,2,25,1,2,0,39,0,0,0,NA,NA,"2019-05-01T04:32:07.111+0000",1,1,0,1,NA,NA,NA,1,119,0,1,1,0,0,0,0,0,0,0,0,0,0,0,0,0,0,0,0,0,0,0,0,0,0,0,NA,NA,NA,"CD_I1010676",FALSE,23,"Aisling","Utri","away","Western Bulldogs"
"CD_M20192640102","2019-02-02T09:40:00.000+0000","CONCLUDED","2019 NAB AFLW Season","Round 1",1,"Norwood Oval","Adelaide Crows","Adelaide Crows","Western Bulldogs","Western Bulldogs",9,"https://s.afl.com.au/staticfile/AFL Tenant/AFL/Players/ChampIDImages/AFLW/2019264/1009875.png?im=Scale,width=0.6,height=0.6","INT","CD_I1009875",FALSE,9,"Eleanor","Brown","CD_T7387",NA,69,0,0,NA,5,0,5,3,0,2,1,4,5,1,0,0,0,1,40,4,0,1,29,2,0,0,NA,NA,"2019-05-01T04:32:07.111+0000",3,2,0,0,NA,NA,NA,0,123,0,0,0,0,0,0,0,0,0,0,0,0,0,0,0,0,0,0,0,0,0,0,0,0,0,0,NA,NA,NA,"CD_I1009875",FALSE,9,"Eleanor","Brown","away","Western Bulldogs"
"CD_M20192640102","2019-02-02T09:40:00.000+0000","CONCLUDED","2019 NAB AFLW Season","Round 1",1,"Norwood Oval","Adelaide Crows","Adelaide Crows","Western Bulldogs","Western Bulldogs",18,"https://s.afl.com.au/staticfile/AFL Tenant/AFL/Players/ChampIDImages/AFLW/2019264/1007157.png?im=Scale,width=0.6,height=0.6","BPL","CD_I1007157",FALSE,18,"Libby","Birch","CD_T7387",NA,100,0,0,NA,10,1,11,5,0,3,2,9,11,0,0,1,0,3,54.5,3,2,2,55,0,0,0,NA,NA,"2019-05-01T04:32:07.111+0000",3,3,0,0,NA,NA,NA,0,69,0,0,0,0,0,0,0,0,0,0,0,0,0,0,0,0,0,0,0,0,0,0,0,0,0,0,NA,NA,NA,"CD_I1007157",FALSE,18,"Libby","Birch","away","Western Bulldogs"
"CD_M20192640102","2019-02-02T09:40:00.000+0000","CONCLUDED","2019 NAB AFLW Season","Round 1",1,"Norwood Oval","Adelaide Crows","Adelaide Crows","Western Bulldogs","Western Bulldogs",10,"https://s.afl.com.au/staticfile/AFL Tenant/AFL/Players/ChampIDImages/AFLW/2019264/997660.png?im=Scale,width=0.6,height=0.6","HBFL","CD_I997660",FALSE,10,"Nicole","Callinan","CD_T7387",NA,81,0,0,NA,8,2,10,5,0,2,4,6,10,0,0,0,0,2,70,1,2,1,50,3,0,0,NA,NA,"2019-05-01T04:32:07.111+0000",1,1,0,0,NA,NA,NA,0,80,0,1,1,0,0,0,0,0,0,0,0,0,0,0,0,0,0,0,0,0,0,0,0,0,0,0,NA,NA,NA,"CD_I997660",FALSE,10,"Nicole","Callinan","away","Western Bulldogs"
"CD_M20192640102","2019-02-02T09:40:00.000+0000","CONCLUDED","2019 NAB AFLW Season","Round 1",1,"Norwood Oval","Adelaide Crows","Adelaide Crows","Western Bulldogs","Western Bulldogs",22,"https://s.afl.com.au/staticfile/AFL Tenant/AFL/Players/ChampIDImages/AFLW/2019264/1001689.png?im=Scale,width=0.6,height=0.6","HBFR","CD_I1001689",FALSE,22,"Hannah","Scott","CD_T7387",NA,95,0,0,NA,17,2,19,5,0,1,4,6,10,2,0,0,0,3,78.9,3,0,1,71,6,0,0,NA,NA,"2019-05-01T04:32:07.111+0000",3,8,0,0,NA,NA,NA,1,506,0,0,0,0,0,0,0,0,0,0,0,0,0,0,0,0,0,0,0,0,0,0,0,0,0,0,NA,NA,NA,"CD_I1001689",FALSE,22,"Hannah","Scott","away","Western Bulldogs"
"CD_M20192640102","2019-02-02T09:40:00.000+0000","CONCLUDED","2019 NAB AFLW Season","Round 1",1,"Norwood Oval","Adelaide Crows","Adelaide Crows","Western Bulldogs","Western Bulldogs",25,"https://s.afl.com.au/staticfile/AFL Tenant/AFL/Players/ChampIDImages/AFLW/2019264/1010732.png?im=Scale,width=0.6,height=0.6","FF","CD_I1010732",FALSE,25,"Emma","Mackie","CD_T7387",NA,85,0,1,NA,8,4,12,4,0,2,8,5,13,1,0,0,0,0,50,4,1,2,48,0,0,0,NA,NA,"2019-05-01T04:32:07.111+0000",3,2,1,1,NA,NA,NA,3,142,0,0,0,0,0,0,0,0,0,0,0,0,0,0,0,0,0,0,0,0,0,0,0,0,0,0,NA,NA,NA,"CD_I1010732",FALSE,25,"Emma","Mackie","away","Western Bulldogs"
"CD_M20192640102","2019-02-02T09:40:00.000+0000","CONCLUDED","2019 NAB AFLW Season","Round 1",1,"Norwood Oval","Adelaide Crows","Adelaide Crows","Western Bulldogs","Western Bulldogs",27,"https://s.afl.com.au/staticfile/AFL Tenant/AFL/Players/ChampIDImages/AFLW/2019264/997686.png?im=Scale,width=0.6,height=0.6","RR","CD_I997686",FALSE,27,"Kirsty","Lamb","CD_T7387",NA,81,0,0,NA,5,6,11,3,0,8,8,4,12,1,0,1,0,0,45.5,1,2,0,70,1,0,0,NA,NA,"2019-05-01T04:32:07.111+0000",1,1,0,0,NA,NA,NA,2,133,0,1,1,0,0,0,0,0,0,0,0,0,0,0,0,0,0,0,0,0,0,0,0,0,0,0,NA,NA,NA,"CD_I997686",FALSE,27,"Kirsty","Lamb","away","Western Bulldogs"
"CD_M20192640102","2019-02-02T09:40:00.000+0000","CONCLUDED","2019 NAB AFLW Season","Round 1",1,"Norwood Oval","Adelaide Crows","Adelaide Crows","Western Bulldogs","Western Bulldogs",12,"https://s.afl.com.au/staticfile/AFL Tenant/AFL/Players/ChampIDImages/AFLW/2019264/1007029.png?im=Scale,width=0.6,height=0.6","C","CD_I1007029",FALSE,12,"Belinda","Smith","CD_T7387",NA,62,0,0,NA,0,1,1,0,0,0,1,0,1,0,0,0,0,0,100,1,0,1,-1,0,0,0,NA,NA,"2019-05-01T04:32:07.111+0000",0,0,0,0,NA,NA,NA,0,0,0,0,0,0,0,0,0,0,0,0,0,0,0,0,0,0,0,0,0,0,0,0,0,0,0,0,NA,NA,NA,"CD_I1007029",FALSE,12,"Belinda","Smith","away","Western Bulldogs"
"CD_M20192640103","2019-02-03T02:05:00.000+0000","CONCLUDED","2019 NAB AFLW Season","Round 1",1,"North Hobart Oval","North Melbourne","North Melbourne","Carlton","Carlton",1,"https://s.afl.com.au/staticfile/AFL Tenant/AFL/Players/ChampIDImages/AFLW/2019264/1010252.png?im=Scale,width=0.6,height=0.6","HFFR","CD_I1010252",FALSE,1,"Sophie","Abbatangelo","CD_T8466",NA,75,0,2,NA,4,4,8,2,0,3,6,2,8,1,2,0,0,2,62.5,1,0,1,37,1,0,0,0,NA,"2019-02-14T05:26:54.854+0000",0,1,2,2,NA,NA,NA,4,113,0,1,1,0,0,0,0,0,0,0,0,0,0,0,0,0,0,0,0,0,0,0,0,0,0,0,NA,NA,NA,"CD_I1010252",FALSE,1,"Sophie","Abbatangelo","home","North Melbourne"
"CD_M20192640103","2019-02-03T02:05:00.000+0000","CONCLUDED","2019 NAB AFLW Season","Round 1",1,"North Hobart Oval","North Melbourne","North Melbourne","Carlton","Carlton",35,"https://s.afl.com.au/staticfile/AFL Tenant/AFL/Players/ChampIDImages/AFLW/2019264/1003018.png?im=Scale,width=0.6,height=0.6","BPR","CD_I1003018",FALSE,35,"Jenna","Bruton","CD_T8466",NA,92,0,0,NA,9,8,17,2,0,4,7,9,16,4,0,0,0,2,70.6,1,1,0,66,3,0,0,0,NA,"2019-02-14T05:26:54.854+0000",2,3,2,0,NA,NA,NA,3,269,4,1,5,0,0,0,0,0,0,0,0,0,0,0,0,0,0,0,0,0,0,0,0,0,0,0,NA,NA,NA,"CD_I1003018",FALSE,35,"Jenna","Bruton","home","North Melbourne"
"CD_M20192640103","2019-02-03T02:05:00.000+0000","CONCLUDED","2019 NAB AFLW Season","Round 1",1,"North Hobart Oval","North Melbourne","North Melbourne","Carlton","Carlton",11,"https://s.afl.com.au/staticfile/AFL Tenant/AFL/Players/ChampIDImages/AFLW/2019264/1013025.png?im=Scale,width=0.6,height=0.6","FPR","CD_I1013025",FALSE,11,"Daisy","Bateman","CD_T8466",NA,55,0,0,NA,0,2,2,0,0,3,3,0,3,0,0,0,0,1,100,1,0,0,16,0,1,0,0,NA,"2019-02-14T05:26:54.854+0000",1,1,1,0,NA,NA,NA,1,-10,0,0,0,0,0,0,0,0,0,0,0,0,0,0,0,0,0,0,0,0,0,0,0,0,0,0,NA,NA,NA,"CD_I1013025",FALSE,11,"Daisy","Bateman","home","North Melbourne"
"CD_M20192640103","2019-02-03T02:05:00.000+0000","CONCLUDED","2019 NAB AFLW Season","Round 1",1,"North Hobart Oval","North Melbourne","North Melbourne","Carlton","Carlton",12,"https://s.afl.com.au/staticfile/AFL Tenant/AFL/Players/ChampIDImages/AFLW/2019264/1013120.png?im=Scale,width=0.6,height=0.6","INT","CD_I1013120",FALSE,12,"Nicole","Bresnehan","CD_T8466",NA,66,0,0,NA,4,3,7,2,0,2,3,6,9,0,0,0,0,2,57.1,2,1,0,33,1,0,0,0,NA,"2019-02-14T05:26:54.854+0000",5,4,0,0,NA,NA,NA,1,106,0,0,0,0,0,0,0,0,0,0,0,0,0,0,0,0,0,0,0,0,0,0,0,0,0,0,NA,NA,NA,"CD_I1013120",FALSE,12,"Nicole","Bresnehan","home","North Melbourne"
"CD_M20192640103","2019-02-03T02:05:00.000+0000","CONCLUDED","2019 NAB AFLW Season","Round 1",1,"North Hobart Oval","North Melbourne","North Melbourne","Carlton","Carlton",8,"https://s.afl.com.au/staticfile/AFL Tenant/AFL/Players/ChampIDImages/AFLW/2019264/1012712.png?im=Scale,width=0.6,height=0.6","INT","CD_I1012712",FALSE,8,"Alison","Drennan","CD_T8466",NA,39,1,0,NA,2,4,6,0,0,2,2,4,6,0,0,0,0,2,50,1,0,0,28,0,0,100,0,NA,"2019-02-14T05:26:54.854+0000",2,1,0,1,NA,NA,NA,2,51,0,1,1,0,0,0,0,0,0,0,0,0,0,0,0,0,0,0,0,0,0,0,0,0,0,0,NA,NA,NA,"CD_I1012712",FALSE,8,"Alison","Drennan","home","North Melbourne"
"CD_M20192640103","2019-02-03T02:05:00.000+0000","CONCLUDED","2019 NAB AFLW Season","Round 1",1,"North Hobart Oval","North Melbourne","North Melbourne","Carlton","Carlton",10,"https://s.afl.com.au/staticfile/AFL Tenant/AFL/Players/ChampIDImages/AFLW/2019264/997649.png?im=Scale,width=0.6,height=0.6","FPL","CD_I997649",FALSE,10,"Kaitlyn","Ashmore","CD_T8466",NA,78,0,2,NA,9,1,10,6,0,4,2,7,9,3,0,0,0,0,40,2,0,0,65,1,0,0,0,NA,"2019-02-14T05:26:54.854+0000",3,0,1,2,NA,NA,NA,4,213,0,1,1,0,0,0,0,0,0,0,0,0,0,0,0,0,0,0,0,0,0,0,0,0,0,0,NA,NA,NA,"CD_I997649",FALSE,10,"Kaitlyn","Ashmore","home","North Melbourne"
"CD_M20192640103","2019-02-03T02:05:00.000+0000","CONCLUDED","2019 NAB AFLW Season","Round 1",1,"North Hobart Oval","North Melbourne","North Melbourne","Carlton","Carlton",18,"https://s.afl.com.au/staticfile/AFL Tenant/AFL/Players/ChampIDImages/AFLW/2019264/1007005.png?im=Scale,width=0.6,height=0.6","FB","CD_I1007005",FALSE,18,"Brittany","Gibson","CD_T8466",NA,81,1,0,NA,6,1,7,2,1,3,2,4,6,1,0,0,0,0,100,2,0,1,41,2,0,100,0,NA,"2019-02-14T05:26:54.854+0000",0,2,0,1,NA,NA,NA,3,265,0,0,0,0,0,0,0,0,0,0,0,0,0,0,0,0,0,0,0,0,0,0,0,0,0,0,NA,NA,NA,"CD_I1007005",FALSE,18,"Brittany","Gibson","home","North Melbourne"
"CD_M20192640103","2019-02-03T02:05:00.000+0000","CONCLUDED","2019 NAB AFLW Season","Round 1",1,"North Hobart Oval","North Melbourne","North Melbourne","Carlton","Carlton",19,"https://s.afl.com.au/staticfile/AFL Tenant/AFL/Players/ChampIDImages/AFLW/2019264/1007006.png?im=Scale,width=0.6,height=0.6","HBFL","CD_I1007006",FALSE,19,"Jasmine","Grierson","CD_T8466",NA,72,0,0,NA,7,3,10,3,0,0,3,7,10,0,0,0,0,3,80,1,0,1,33,0,0,0,0,NA,"2019-02-14T05:26:54.854+0000",3,4,0,0,NA,NA,NA,2,113,0,0,0,0,0,0,0,0,0,0,0,0,0,0,0,0,0,0,0,0,0,0,0,0,0,0,NA,NA,NA,"CD_I1007006",FALSE,19,"Jasmine","Grierson","home","North Melbourne"
"CD_M20192640103","2019-02-03T02:05:00.000+0000","CONCLUDED","2019 NAB AFLW Season","Round 1",1,"North Hobart Oval","North Melbourne","North Melbourne","Carlton","Carlton",31,"https://s.afl.com.au/staticfile/AFL Tenant/AFL/Players/ChampIDImages/AFLW/2019264/296143.png?im=Scale,width=0.6,height=0.6","CHB","CD_I296143",FALSE,31,"Danielle","Hardiman","CD_T8466",NA,100,0,0,NA,6,5,11,3,0,4,6,5,11,0,0,2,0,3,90.9,1,1,0,54,3,0,0,0,NA,"2019-02-14T05:26:54.854+0000",1,6,0,0,NA,NA,NA,2,3,0,1,1,0,0,0,0,0,0,0,0,0,0,0,0,0,0,0,0,0,0,0,0,0,0,0,NA,NA,NA,"CD_I296143",FALSE,31,"Danielle","Hardiman","home","North Melbourne"
"CD_M20192640103","2019-02-03T02:05:00.000+0000","CONCLUDED","2019 NAB AFLW Season","Round 1",1,"North Hobart Oval","North Melbourne","North Melbourne","Carlton","Carlton",6,"https://s.afl.com.au/staticfile/AFL Tenant/AFL/Players/ChampIDImages/AFLW/2019264/1003021.png?im=Scale,width=0.6,height=0.6","INT","CD_I1003021",FALSE,6,"Emma","Humphries","CD_T8466",NA,51,0,0,NA,7,0,7,4,0,1,1,6,7,1,0,0,0,1,28.6,4,0,0,37,2,0,0,0,NA,"2019-02-14T05:26:54.854+0000",5,2,0,1,NA,NA,NA,0,187,0,0,0,0,0,0,0,0,0,0,0,0,0,0,0,0,0,0,0,0,0,0,0,0,0,0,NA,NA,NA,"CD_I1003021",FALSE,6,"Emma","Humphries","home","North Melbourne"
"CD_M20192640103","2019-02-03T02:05:00.000+0000","CONCLUDED","2019 NAB AFLW Season","Round 1",1,"North Hobart Oval","North Melbourne","North Melbourne","Carlton","Carlton",9,"https://s.afl.com.au/staticfile/AFL Tenant/AFL/Players/ChampIDImages/AFLW/2019264/998150.png?im=Scale,width=0.6,height=0.6","C","CD_I998150",FALSE,9,"Emma","Kearney","CD_T8466",NA,98,0,0,NA,14,4,18,1,0,5,7,10,17,1,0,0,0,1,50,8,1,1,71,6,0,0,0,NA,"2019-02-14T05:26:54.854+0000",7,2,4,0,NA,NA,NA,2,271,1,4,5,0,0,0,0,0,0,0,0,0,0,0,0,0,0,0,0,0,0,0,0,0,0,0,NA,NA,NA,"CD_I998150",FALSE,9,"Emma","Kearney","home","North Melbourne"
"CD_M20192640103","2019-02-03T02:05:00.000+0000","CONCLUDED","2019 NAB AFLW Season","Round 1",1,"North Hobart Oval","North Melbourne","North Melbourne","Carlton","Carlton",27,"https://s.afl.com.au/staticfile/AFL Tenant/AFL/Players/ChampIDImages/AFLW/2019264/1005864.png?im=Scale,width=0.6,height=0.6","HBFR","CD_I1005864",FALSE,27,"Jessica","Duffin","CD_T8466",NA,95,0,0,NA,15,3,18,7,2,2,3,13,16,1,0,0,0,1,88.9,1,1,0,81,2,0,0,0,NA,"2019-02-14T05:26:54.854+0000",2,4,0,0,NA,NA,NA,4,302,0,0,0,0,0,0,0,0,0,0,0,0,0,0,0,0,0,0,0,0,0,0,0,0,0,0,NA,NA,NA,"CD_I1005864",FALSE,27,"Jessica","Duffin","home","North Melbourne"
"CD_M20192640103","2019-02-03T02:05:00.000+0000","CONCLUDED","2019 NAB AFLW Season","Round 1",1,"North Hobart Oval","North Melbourne","North Melbourne","Carlton","Carlton",25,"https://s.afl.com.au/staticfile/AFL Tenant/AFL/Players/ChampIDImages/AFLW/2019264/296154.png?im=Scale,width=0.6,height=0.6","CHF","CD_I296154",FALSE,25,"Jasmine","Garner","CD_T8466",NA,95,1,2,NA,13,4,17,4,0,1,10,6,16,4,2,1,0,0,64.7,0,1,0,72,0,1,33.3,0,NA,"2019-02-14T05:26:54.854+0000",3,4,0,3,NA,NA,NA,9,304,0,2,2,0,0,0,0,0,0,0,0,0,0,0,0,0,0,0,0,0,0,0,0,0,0,0,NA,NA,NA,"CD_I296154",FALSE,25,"Jasmine","Garner","home","North Melbourne"
"CD_M20192640103","2019-02-03T02:05:00.000+0000","CONCLUDED","2019 NAB AFLW Season","Round 1",1,"North Hobart Oval","North Melbourne","North Melbourne","Carlton","Carlton",23,"https://s.afl.com.au/staticfile/AFL Tenant/AFL/Players/ChampIDImages/AFLW/2019264/997672.png?im=Scale,width=0.6,height=0.6","FF","CD_I997672",FALSE,23,"Moana","Hope","CD_T8466",NA,90,1,0,NA,6,1,7,2,0,1,5,2,7,1,1,1,0,1,42.9,0,0,0,36,0,0,100,0,NA,"2019-02-14T05:26:54.854+0000",1,1,0,1,NA,NA,NA,3,112,0,0,0,0,0,0,0,0,0,0,0,0,0,0,0,0,0,0,0,0,0,0,0,0,0,0,NA,NA,NA,"CD_I997672",FALSE,23,"Moana","Hope","home","North Melbourne"
"CD_M20192640103","2019-02-03T02:05:00.000+0000","CONCLUDED","2019 NAB AFLW Season","Round 1",1,"North Hobart Oval","North Melbourne","North Melbourne","Carlton","Carlton",5,"https://s.afl.com.au/staticfile/AFL Tenant/AFL/Players/ChampIDImages/AFLW/2019264/997695.png?im=Scale,width=0.6,height=0.6","HFFL","CD_I997695",FALSE,5,"Kate","Gillespie-Jones","CD_T8466",NA,85,0,1,NA,9,6,15,5,0,4,5,9,14,3,0,0,2,0,66.7,1,1,0,74,1,0,0,0,NA,"2019-02-14T05:26:54.854+0000",1,1,3,1,NA,NA,NA,4,184,0,2,2,0,0,0,0,0,0,0,0,0,0,0,0,0,0,0,0,0,0,0,0,0,0,0,NA,NA,NA,"CD_I997695",FALSE,5,"Kate","Gillespie-Jones","home","North Melbourne"
"CD_M20192640103","2019-02-03T02:05:00.000+0000","CONCLUDED","2019 NAB AFLW Season","Round 1",1,"North Hobart Oval","North Melbourne","North Melbourne","Carlton","Carlton",17,"https://s.afl.com.au/staticfile/AFL Tenant/AFL/Players/ChampIDImages/AFLW/2019264/1007030.png?im=Scale,width=0.6,height=0.6","RR","CD_I1007030",FALSE,17,"Jamie","Stanton","CD_T8466",NA,72,0,0,NA,9,6,15,4,0,6,9,8,17,1,0,0,0,2,60,3,1,1,73,1,0,0,0,NA,"2019-02-14T05:26:54.854+0000",3,2,1,0,NA,NA,NA,3,152,0,3,3,0,0,0,0,0,0,0,0,0,0,0,0,0,0,0,0,0,0,0,0,0,0,0,NA,NA,NA,"CD_I1007030",FALSE,17,"Jamie","Stanton","home","North Melbourne"
"CD_M20192640103","2019-02-03T02:05:00.000+0000","CONCLUDED","2019 NAB AFLW Season","Round 1",1,"North Hobart Oval","North Melbourne","North Melbourne","Carlton","Carlton",21,"https://s.afl.com.au/staticfile/AFL Tenant/AFL/Players/ChampIDImages/AFLW/2019264/1004416.png?im=Scale,width=0.6,height=0.6","INT","CD_I1004416",FALSE,21,"Jessica","Trend","CD_T8466",NA,53,0,0,NA,5,2,7,2,0,5,4,2,6,0,0,0,0,1,71.4,1,0,1,42,1,0,0,0,NA,"2019-02-14T05:26:54.854+0000",2,5,0,0,NA,NA,NA,1,82,0,0,0,0,0,0,0,0,0,0,0,0,0,0,0,0,0,0,0,0,0,0,0,0,0,0,NA,NA,NA,"CD_I1004416",FALSE,21,"Jessica","Trend","home","North Melbourne"
"CD_M20192640103","2019-02-03T02:05:00.000+0000","CONCLUDED","2019 NAB AFLW Season","Round 1",1,"North Hobart Oval","North Melbourne","North Melbourne","Carlton","Carlton",22,"https://s.afl.com.au/staticfile/AFL Tenant/AFL/Players/ChampIDImages/AFLW/2019264/1013522.png?im=Scale,width=0.6,height=0.6","INT","CD_I1013522",FALSE,22,"Georgia","Nanscawen","CD_T8466",NA,53,0,0,NA,1,2,3,1,0,4,2,1,3,0,0,1,0,1,33.3,1,0,1,23,0,0,0,0,NA,"2019-02-14T05:26:54.854+0000",1,0,2,0,NA,NA,NA,0,18,0,0,0,0,0,0,0,0,0,0,0,0,0,0,0,0,0,0,0,0,0,0,0,0,0,0,NA,NA,NA,"CD_I1013522",FALSE,22,"Georgia","Nanscawen","home","North Melbourne"
"CD_M20192640103","2019-02-03T02:05:00.000+0000","CONCLUDED","2019 NAB AFLW Season","Round 1",1,"North Hobart Oval","North Melbourne","North Melbourne","Carlton","Carlton",60,"https://s.afl.com.au/staticfile/AFL Tenant/AFL/Players/ChampIDImages/AFLW/2019264/1001686.png?im=Scale,width=0.6,height=0.6","RK","CD_I1001686",FALSE,60,"Emma","King","CD_T8466",NA,90,2,1,NA,5,5,10,2,0,7,10,1,11,0,1,2,16,3,60,2,3,0,91,0,0,66.7,0,NA,"2019-02-14T05:26:54.854+0000",2,2,4,3,NA,NA,NA,4,38,1,2,3,0,0,0,0,0,0,0,0,0,0,0,0,0,0,0,0,0,0,0,0,0,0,0,NA,NA,NA,"CD_I1001686",FALSE,60,"Emma","King","home","North Melbourne"
"CD_M20192640103","2019-02-03T02:05:00.000+0000","CONCLUDED","2019 NAB AFLW Season","Round 1",1,"North Hobart Oval","North Melbourne","North Melbourne","Carlton","Carlton",16,"https://s.afl.com.au/staticfile/AFL Tenant/AFL/Players/ChampIDImages/AFLW/2019264/1003023.png?im=Scale,width=0.6,height=0.6","BPL","CD_I1003023",FALSE,16,"Tahlia","Randall","CD_T8466",NA,94,0,0,NA,3,1,4,1,0,1,3,1,4,0,0,0,0,5,100,1,0,1,15,1,0,0,0,NA,"2019-02-14T05:26:54.854+0000",1,4,0,0,NA,NA,NA,1,51,0,0,0,0,0,0,0,0,0,0,0,0,0,0,0,0,0,0,0,0,0,0,0,0,0,0,NA,NA,NA,"CD_I1003023",FALSE,16,"Tahlia","Randall","home","North Melbourne"
"CD_M20192640103","2019-02-03T02:05:00.000+0000","CONCLUDED","2019 NAB AFLW Season","Round 1",1,"North Hobart Oval","North Melbourne","North Melbourne","Carlton","Carlton",7,"https://s.afl.com.au/staticfile/AFL Tenant/AFL/Players/ChampIDImages/AFLW/2019264/1010265.png?im=Scale,width=0.6,height=0.6","R","CD_I1010265",FALSE,7,"Ashleigh","Riddell","CD_T8466",NA,66,1,1,NA,12,4,16,3,0,4,10,6,16,5,2,0,0,0,62.5,2,1,2,71,1,2,50,0,NA,"2019-02-14T05:26:54.854+0000",1,2,1,2,NA,NA,NA,7,239,2,1,3,0,0,0,0,0,0,0,0,0,0,0,0,0,0,0,0,0,0,0,0,0,0,0,NA,NA,NA,"CD_I1010265",FALSE,7,"Ashleigh","Riddell","home","North Melbourne"
"CD_M20192640103","2019-02-03T02:05:00.000+0000","CONCLUDED","2019 NAB AFLW Season","Round 1",1,"North Hobart Oval","North Melbourne","North Melbourne","Carlton","Carlton",21,"https://s.afl.com.au/staticfile/AFL Tenant/AFL/Players/ChampIDImages/AFLW/2019264/998164.png?im=Scale,width=0.6,height=0.6","FB","CD_I998164",FALSE,21,"Nicola","Stevens","CD_T8096",NA,80,0,0,NA,7,2,9,1,1,2,4,3,7,1,0,1,0,1,55.6,2,0,0,36,3,0,0,0,NA,"2019-02-14T05:26:54.854+0000",5,3,0,0,NA,NA,NA,1,172,0,0,0,0,0,0,0,0,0,0,0,0,0,0,0,0,0,0,0,0,0,0,0,0,0,0,NA,NA,NA,"CD_I998164",FALSE,21,"Nicola","Stevens","away","Carlton"
"CD_M20192640103","2019-02-03T02:05:00.000+0000","CONCLUDED","2019 NAB AFLW Season","Round 1",1,"North Hobart Oval","North Melbourne","North Melbourne","Carlton","Carlton",12,"https://s.afl.com.au/staticfile/AFL Tenant/AFL/Players/ChampIDImages/AFLW/2019264/1006996.png?im=Scale,width=0.6,height=0.6","BPR","CD_I1006996",FALSE,12,"Lauren","Brazzale","CD_T8096",NA,77,0,0,NA,10,2,12,0,0,3,5,5,10,0,0,0,0,1,50,5,1,0,47,1,0,0,0,NA,"2019-02-14T05:26:54.854+0000",5,3,0,1,NA,NA,NA,1,345,0,2,2,0,0,0,0,0,0,0,0,0,0,0,0,0,0,0,0,0,0,0,0,0,0,0,NA,NA,NA,"CD_I1006996",FALSE,12,"Lauren","Brazzale","away","Carlton"
"CD_M20192640103","2019-02-03T02:05:00.000+0000","CONCLUDED","2019 NAB AFLW Season","Round 1",1,"North Hobart Oval","North Melbourne","North Melbourne","Carlton","Carlton",15,"https://s.afl.com.au/staticfile/AFL Tenant/AFL/Players/ChampIDImages/AFLW/2019264/1012549.png?im=Scale,width=0.6,height=0.6","INT","CD_I1012549",FALSE,15,"Chloe","Dalton","CD_T8096",NA,68,0,0,NA,1,2,3,0,0,1,3,2,5,0,0,0,0,1,66.7,0,0,0,11,0,0,0,0,NA,"2019-02-14T05:26:54.854+0000",0,2,1,0,NA,NA,NA,1,70,0,0,0,0,0,0,0,0,0,0,0,0,0,0,0,0,0,0,0,0,0,0,0,0,0,0,NA,NA,NA,"CD_I1012549",FALSE,15,"Chloe","Dalton","away","Carlton"
"CD_M20192640103","2019-02-03T02:05:00.000+0000","CONCLUDED","2019 NAB AFLW Season","Round 1",1,"North Hobart Oval","North Melbourne","North Melbourne","Carlton","Carlton",1,"https://s.afl.com.au/staticfile/AFL Tenant/AFL/Players/ChampIDImages/AFLW/2019264/1003020.png?im=Scale,width=0.6,height=0.6","FF","CD_I1003020",FALSE,1,"Brianna","Davey","CD_T8096",NA,73,1,1,NA,4,6,10,3,0,2,4,8,12,1,1,0,0,2,50,2,1,0,49,0,0,50,0,NA,"2019-02-14T05:26:54.854+0000",3,1,1,2,NA,NA,NA,2,140,0,0,0,0,0,0,0,0,0,0,0,0,0,0,0,0,0,0,0,0,0,0,0,0,0,0,NA,NA,NA,"CD_I1003020",FALSE,1,"Brianna","Davey","away","Carlton"
"CD_M20192640103","2019-02-03T02:05:00.000+0000","CONCLUDED","2019 NAB AFLW Season","Round 1",1,"North Hobart Oval","North Melbourne","North Melbourne","Carlton","Carlton",30,"https://s.afl.com.au/staticfile/AFL Tenant/AFL/Players/ChampIDImages/AFLW/2019264/1007003.png?im=Scale,width=0.6,height=0.6","RK","CD_I1007003",FALSE,30,"Alison","Downie","CD_T8096",NA,84,0,0,NA,2,6,8,1,0,4,4,2,6,2,0,0,13,0,75,2,2,2,46,0,0,0,0,NA,"2019-02-14T05:26:54.854+0000",2,5,1,0,NA,NA,NA,0,58,0,1,1,0,0,0,0,0,0,0,0,0,0,0,0,0,0,0,0,0,0,0,0,0,0,0,NA,NA,NA,"CD_I1007003",FALSE,30,"Alison","Downie","away","Carlton"
"CD_M20192640103","2019-02-03T02:05:00.000+0000","CONCLUDED","2019 NAB AFLW Season","Round 1",1,"North Hobart Oval","North Melbourne","North Melbourne","Carlton","Carlton",8,"https://s.afl.com.au/staticfile/AFL Tenant/AFL/Players/ChampIDImages/AFLW/2019264/997683.png?im=Scale,width=0.6,height=0.6","R","CD_I997683",FALSE,8,"Amelia","Mullane","CD_T8096",NA,77,0,0,NA,8,1,9,0,0,3,5,4,9,5,0,0,2,0,55.6,2,0,1,37,2,0,0,0,NA,"2019-02-14T05:26:54.854+0000",5,0,0,0,NA,NA,NA,2,268,0,4,4,0,0,0,0,0,0,0,0,0,0,0,0,0,0,0,0,0,0,0,0,0,0,0,NA,NA,NA,"CD_I997683",FALSE,8,"Amelia","Mullane","away","Carlton"
"CD_M20192640103","2019-02-03T02:05:00.000+0000","CONCLUDED","2019 NAB AFLW Season","Round 1",1,"North Hobart Oval","North Melbourne","North Melbourne","Carlton","Carlton",13,"https://s.afl.com.au/staticfile/AFL Tenant/AFL/Players/ChampIDImages/AFLW/2019264/998042.png?im=Scale,width=0.6,height=0.6","INT","CD_I998042",FALSE,13,"Kirby","Bentley","CD_T8096",NA,75,0,0,NA,4,4,8,1,0,2,4,2,6,0,0,0,0,3,87.5,1,0,1,28,2,0,0,0,NA,"2019-02-14T05:26:54.854+0000",1,3,0,0,NA,NA,NA,2,101,0,0,0,0,0,0,0,0,0,0,0,0,0,0,0,0,0,0,0,0,0,0,0,0,0,0,NA,NA,NA,"CD_I998042",FALSE,13,"Kirby","Bentley","away","Carlton"
"CD_M20192640103","2019-02-03T02:05:00.000+0000","CONCLUDED","2019 NAB AFLW Season","Round 1",1,"North Hobart Oval","North Melbourne","North Melbourne","Carlton","Carlton",36,"https://s.afl.com.au/staticfile/AFL Tenant/AFL/Players/ChampIDImages/AFLW/2019264/1012659.png?im=Scale,width=0.6,height=0.6","HBFR","CD_I1012659",FALSE,36,"Jayde","Van Dyk","CD_T8096",NA,83,0,0,NA,2,2,4,0,0,0,3,1,4,0,0,0,0,2,75,0,0,0,10,1,0,0,0,NA,"2019-02-14T05:26:54.854+0000",0,3,0,0,NA,NA,NA,0,30,0,0,0,0,0,0,0,0,0,0,0,0,0,0,0,0,0,0,0,0,0,0,0,0,0,0,NA,NA,NA,"CD_I1012659",FALSE,36,"Jayde","Van Dyk","away","Carlton"
"CD_M20192640103","2019-02-03T02:05:00.000+0000","CONCLUDED","2019 NAB AFLW Season","Round 1",1,"North Hobart Oval","North Melbourne","North Melbourne","Carlton","Carlton",26,"https://s.afl.com.au/staticfile/AFL Tenant/AFL/Players/ChampIDImages/AFLW/2019264/997664.png?im=Scale,width=0.6,height=0.6","INT","CD_I997664",FALSE,26,"Shae","Audley","CD_T8096",NA,73,0,0,NA,2,4,6,1,0,5,5,4,9,1,0,0,0,1,83.3,4,2,2,33,0,0,0,0,NA,"2019-02-14T05:26:54.854+0000",1,0,3,0,NA,NA,NA,1,84,0,1,1,0,0,0,0,0,0,0,0,0,0,0,0,0,0,0,0,0,0,0,0,0,0,0,NA,NA,NA,"CD_I997664",FALSE,26,"Shae","Audley","away","Carlton"
"CD_M20192640103","2019-02-03T02:05:00.000+0000","CONCLUDED","2019 NAB AFLW Season","Round 1",1,"North Hobart Oval","North Melbourne","North Melbourne","Carlton","Carlton",10,"https://s.afl.com.au/staticfile/AFL Tenant/AFL/Players/ChampIDImages/AFLW/2019264/1006666.png?im=Scale,width=0.6,height=0.6","FPR","CD_I1006666",FALSE,10,"Sarah","Hosking","CD_T8096",NA,70,0,0,NA,4,4,8,2,0,3,4,4,8,3,0,0,0,0,50,4,1,2,33,0,0,0,0,NA,"2019-02-14T05:26:54.854+0000",2,3,0,0,NA,NA,NA,0,118,0,0,0,0,0,0,0,0,0,0,0,0,0,0,0,0,0,0,0,0,0,0,0,0,0,0,NA,NA,NA,"CD_I1006666",FALSE,10,"Sarah","Hosking","away","Carlton"
"CD_M20192640103","2019-02-03T02:05:00.000+0000","CONCLUDED","2019 NAB AFLW Season","Round 1",1,"North Hobart Oval","North Melbourne","North Melbourne","Carlton","Carlton",2,"https://s.afl.com.au/staticfile/AFL Tenant/AFL/Players/ChampIDImages/AFLW/2019264/1007016.png?im=Scale,width=0.6,height=0.6","C","CD_I1007016",FALSE,2,"Katie","Loynes","CD_T8096",NA,71,0,0,NA,10,8,18,2,0,2,12,5,17,5,0,1,0,2,66.7,4,0,1,57,2,0,0,0,NA,"2019-02-14T05:26:54.854+0000",3,5,0,0,NA,NA,NA,0,323,1,2,3,0,0,0,0,0,0,0,0,0,0,0,0,0,0,0,0,0,0,0,0,0,0,0,NA,NA,NA,"CD_I1007016",FALSE,2,"Katie","Loynes","away","Carlton"
"CD_M20192640103","2019-02-03T02:05:00.000+0000","CONCLUDED","2019 NAB AFLW Season","Round 1",1,"North Hobart Oval","North Melbourne","North Melbourne","Carlton","Carlton",18,"https://s.afl.com.au/staticfile/AFL Tenant/AFL/Players/ChampIDImages/AFLW/2019264/1007017.png?im=Scale,width=0.6,height=0.6","INT","CD_I1007017",FALSE,18,"Tilly","Lucas-Rodd","CD_T8096",NA,58,0,0,NA,3,2,5,0,0,1,3,2,5,1,0,0,0,0,60,0,1,0,18,0,0,0,0,NA,"2019-02-14T05:26:54.854+0000",2,1,1,1,NA,NA,NA,2,81,0,0,0,0,0,0,0,0,0,0,0,0,0,0,0,0,0,0,0,0,0,0,0,0,0,0,NA,NA,NA,"CD_I1007017",FALSE,18,"Tilly","Lucas-Rodd","away","Carlton"
"CD_M20192640103","2019-02-03T02:05:00.000+0000","CONCLUDED","2019 NAB AFLW Season","Round 1",1,"North Hobart Oval","North Melbourne","North Melbourne","Carlton","Carlton",16,"https://s.afl.com.au/staticfile/AFL Tenant/AFL/Players/ChampIDImages/AFLW/2019264/1007023.png?im=Scale,width=0.6,height=0.6","INT","CD_I1007023",FALSE,16,"Breann","Moody","CD_T8096",NA,57,0,0,NA,2,2,4,2,0,2,2,2,4,1,0,0,16,1,0,4,0,1,37,1,0,0,0,NA,"2019-02-14T05:26:54.854+0000",1,2,0,0,NA,NA,NA,1,32,0,0,0,0,0,0,0,0,0,0,0,0,0,0,0,0,0,0,0,0,0,0,0,0,0,0,NA,NA,NA,"CD_I1007023",FALSE,16,"Breann","Moody","away","Carlton"
"CD_M20192640103","2019-02-03T02:05:00.000+0000","CONCLUDED","2019 NAB AFLW Season","Round 1",1,"North Hobart Oval","North Melbourne","North Melbourne","Carlton","Carlton",32,"https://s.afl.com.au/staticfile/AFL Tenant/AFL/Players/ChampIDImages/AFLW/2019264/1007025.png?im=Scale,width=0.6,height=0.6","RR","CD_I1007025",FALSE,32,"Natalie","Plane","CD_T8096",NA,78,0,0,NA,3,4,7,0,1,3,2,5,7,1,0,0,0,2,57.1,1,0,0,29,0,0,0,0,NA,"2019-02-14T05:26:54.854+0000",3,0,1,0,NA,NA,NA,1,89,0,0,0,0,0,0,0,0,0,0,0,0,0,0,0,0,0,0,0,0,0,0,0,0,0,0,NA,NA,NA,"CD_I1007025",FALSE,32,"Natalie","Plane","away","Carlton"
"CD_M20192640103","2019-02-03T02:05:00.000+0000","CONCLUDED","2019 NAB AFLW Season","Round 1",1,"North Hobart Oval","North Melbourne","North Melbourne","Carlton","Carlton",6,"https://s.afl.com.au/staticfile/AFL Tenant/AFL/Players/ChampIDImages/AFLW/2019264/1007026.png?im=Scale,width=0.6,height=0.6","CHB","CD_I1007026",FALSE,6,"Gabriella","Pound","CD_T8096",NA,81,0,0,NA,5,1,6,2,0,2,2,2,4,1,0,1,0,1,33.3,1,0,0,31,1,0,0,0,NA,"2019-02-14T05:26:54.854+0000",2,4,0,0,NA,NA,NA,0,81,0,0,0,0,0,0,0,0,0,0,0,0,0,0,0,0,0,0,0,0,0,0,0,0,0,0,NA,NA,NA,"CD_I1007026",FALSE,6,"Gabriella","Pound","away","Carlton"
"CD_M20192640103","2019-02-03T02:05:00.000+0000","CONCLUDED","2019 NAB AFLW Season","Round 1",1,"North Hobart Oval","North Melbourne","North Melbourne","Carlton","Carlton",4,"https://s.afl.com.au/staticfile/AFL Tenant/AFL/Players/ChampIDImages/AFLW/2019264/1009885.png?im=Scale,width=0.6,height=0.6","HFFL","CD_I1009885",FALSE,4,"Madison","Prespakis","CD_T8096",NA,79,0,0,NA,10,3,13,1,0,5,8,7,15,3,1,0,0,0,53.8,1,0,0,59,3,0,0,0,NA,"2019-02-14T05:26:54.854+0000",2,1,1,1,NA,NA,NA,2,349,0,3,3,0,0,0,0,0,0,0,0,0,0,0,0,0,0,0,0,0,0,0,0,0,0,0,NA,NA,NA,"CD_I1009885",FALSE,4,"Madison","Prespakis","away","Carlton"
"CD_M20192640103","2019-02-03T02:05:00.000+0000","CONCLUDED","2019 NAB AFLW Season","Round 1",1,"North Hobart Oval","North Melbourne","North Melbourne","Carlton","Carlton",25,"https://s.afl.com.au/staticfile/AFL Tenant/AFL/Players/ChampIDImages/AFLW/2019264/1005278.png?im=Scale,width=0.6,height=0.6","FPL","CD_I1005278",FALSE,25,"Jessica","Edwards","CD_T8096",NA,88,1,0,NA,2,6,8,0,0,5,6,2,8,0,0,0,0,3,62.5,0,0,0,44,0,0,100,0,NA,"2019-02-14T05:26:54.854+0000",1,1,0,1,NA,NA,NA,1,12,0,2,2,0,0,0,0,0,0,0,0,0,0,0,0,0,0,0,0,0,0,0,0,0,0,0,NA,NA,NA,"CD_I1005278",FALSE,25,"Jessica","Edwards","away","Carlton"
"CD_M20192640103","2019-02-03T02:05:00.000+0000","CONCLUDED","2019 NAB AFLW Season","Round 1",1,"North Hobart Oval","North Melbourne","North Melbourne","Carlton","Carlton",9,"https://s.afl.com.au/staticfile/AFL Tenant/AFL/Players/ChampIDImages/AFLW/2019264/1009977.png?im=Scale,width=0.6,height=0.6","BPL","CD_I1009977",FALSE,9,"Kerryn","Harrington","CD_T8096",NA,83,0,0,NA,7,5,12,1,0,1,4,3,7,0,0,0,0,1,75,2,0,1,35,3,0,0,0,NA,"2019-02-14T05:26:54.854+0000",2,6,0,0,NA,NA,NA,0,227,0,0,0,0,0,0,0,0,0,0,0,0,0,0,0,0,0,0,0,0,0,0,0,0,0,0,NA,NA,NA,"CD_I1009977",FALSE,9,"Kerryn","Harrington","away","Carlton"
"CD_M20192640103","2019-02-03T02:05:00.000+0000","CONCLUDED","2019 NAB AFLW Season","Round 1",1,"North Hobart Oval","North Melbourne","North Melbourne","Carlton","Carlton",11,"https://s.afl.com.au/staticfile/AFL Tenant/AFL/Players/ChampIDImages/AFLW/2019264/1005865.png?im=Scale,width=0.6,height=0.6","HBFL","CD_I1005865",FALSE,11,"Jess","Hosking","CD_T8096",NA,68,0,0,NA,2,2,4,0,0,1,3,1,4,1,0,0,0,1,25,1,2,0,16,0,0,0,0,NA,"2019-02-14T05:26:54.854+0000",3,0,0,0,NA,NA,NA,0,76,0,1,1,0,0,0,0,0,0,0,0,0,0,0,0,0,0,0,0,0,0,0,0,0,0,0,NA,NA,NA,"CD_I1005865",FALSE,11,"Jess","Hosking","away","Carlton"
"CD_M20192640103","2019-02-03T02:05:00.000+0000","CONCLUDED","2019 NAB AFLW Season","Round 1",1,"North Hobart Oval","North Melbourne","North Melbourne","Carlton","Carlton",7,"https://s.afl.com.au/staticfile/AFL Tenant/AFL/Players/ChampIDImages/AFLW/2019264/998039.png?im=Scale,width=0.6,height=0.6","CHF","CD_I998039",FALSE,7,"Tayla","Harris","CD_T8096",NA,89,0,0,NA,5,2,7,3,0,2,4,3,7,0,3,1,0,0,42.9,2,0,1,33,0,0,0,0,NA,"2019-02-14T05:26:54.854+0000",3,1,1,2,NA,NA,NA,2,46,0,0,0,0,0,0,0,0,0,0,0,0,0,0,0,0,0,0,0,0,0,0,0,0,0,0,NA,NA,NA,"CD_I998039",FALSE,7,"Tayla","Harris","away","Carlton"
"CD_M20192640103","2019-02-03T02:05:00.000+0000","CONCLUDED","2019 NAB AFLW Season","Round 1",1,"North Hobart Oval","North Melbourne","North Melbourne","Carlton","Carlton",3,"https://s.afl.com.au/staticfile/AFL Tenant/AFL/Players/ChampIDImages/AFLW/2019264/997663.png?im=Scale,width=0.6,height=0.6","HFFR","CD_I997663",FALSE,3,"Darcy","Vescio","CD_T8096",NA,87,0,2,NA,7,3,10,3,0,0,5,6,11,3,1,1,1,0,60,1,0,0,39,0,1,0,0,NA,"2019-02-14T05:26:54.854+0000",3,2,0,2,NA,NA,NA,3,230,0,0,0,0,0,0,0,0,0,0,0,0,0,0,0,0,0,0,0,0,0,0,0,0,0,0,NA,NA,NA,"CD_I997663",FALSE,3,"Darcy","Vescio","away","Carlton"
"CD_M20192640104","2019-02-03T04:05:00.000+0000","CONCLUDED","2019 NAB AFLW Season","Round 1",1,"Casey Fields","Melbourne","Melbourne","Fremantle","Fremantle",16,"https://s.afl.com.au/staticfile/AFL Tenant/AFL/Players/ChampIDImages/AFLW/2019264/1007151.png?im=Scale,width=0.6,height=0.6","HFFR","CD_I1007151",FALSE,16,"Aliesha","Newman","CD_T7386",NA,66,1,0,NA,3,3,6,1,1,0,5,1,6,1,0,0,0,0,83.3,1,0,1,21,0,0,50,0,NA,"2019-02-15T06:17:50.895+0000",0,0,0,2,NA,NA,NA,4,71,1,1,2,0,0,0,0,0,0,0,0,0,0,0,0,0,0,0,0,0,0,0,0,0,0,0,NA,NA,NA,"CD_I1007151",FALSE,16,"Aliesha","Newman","home","Melbourne"
"CD_M20192640104","2019-02-03T04:05:00.000+0000","CONCLUDED","2019 NAB AFLW Season","Round 1",1,"Casey Fields","Melbourne","Melbourne","Fremantle","Fremantle",14,"https://s.afl.com.au/staticfile/AFL Tenant/AFL/Players/ChampIDImages/AFLW/2019264/997708.png?im=Scale,width=0.6,height=0.6","RR","CD_I997708",FALSE,14,"Lily","Mithen","CD_T7386",NA,78,0,0,NA,10,8,18,3,0,2,8,9,17,1,1,0,0,1,55.6,0,3,0,66,0,0,0,0,NA,"2019-02-15T06:17:50.895+0000",5,5,0,0,NA,NA,NA,4,203,0,1,1,0,0,0,0,0,0,0,0,0,0,0,0,0,0,0,0,0,0,0,0,0,0,0,NA,NA,NA,"CD_I997708",FALSE,14,"Lily","Mithen","home","Melbourne"
"CD_M20192640104","2019-02-03T04:05:00.000+0000","CONCLUDED","2019 NAB AFLW Season","Round 1",1,"Casey Fields","Melbourne","Melbourne","Fremantle","Fremantle",8,"https://s.afl.com.au/staticfile/AFL Tenant/AFL/Players/ChampIDImages/AFLW/2019264/1007011.png?im=Scale,width=0.6,height=0.6","HBFL","CD_I1007011",FALSE,8,"Sarah","Lampard","CD_T7386",NA,80,0,0,NA,3,2,5,0,0,2,2,2,4,0,0,0,0,0,100,0,0,0,21,1,1,0,0,NA,"2019-02-15T06:17:50.895+0000",0,3,0,0,NA,NA,NA,1,49,0,0,0,0,0,0,0,0,0,0,0,0,0,0,0,0,0,0,0,0,0,0,0,0,0,0,NA,NA,NA,"CD_I1007011",FALSE,8,"Sarah","Lampard","home","Melbourne"
"CD_M20192640104","2019-02-03T04:05:00.000+0000","CONCLUDED","2019 NAB AFLW Season","Round 1",1,"Casey Fields","Melbourne","Melbourne","Fremantle","Fremantle",10,"https://s.afl.com.au/staticfile/AFL Tenant/AFL/Players/ChampIDImages/AFLW/2019264/1009980.png?im=Scale,width=0.6,height=0.6","HFFL","CD_I1009980",FALSE,10,"Kate","Hore","CD_T7386",NA,94,1,1,NA,7,6,13,1,0,1,5,7,12,0,1,1,0,0,30.8,2,0,1,44,0,0,50,0,NA,"2019-02-15T06:17:50.895+0000",0,1,0,2,NA,NA,NA,5,121,0,2,2,0,0,0,0,0,0,0,0,0,0,0,0,0,0,0,0,0,0,0,0,0,0,0,NA,NA,NA,"CD_I1009980",FALSE,10,"Kate","Hore","home","Melbourne"
"CD_M20192640104","2019-02-03T04:05:00.000+0000","CONCLUDED","2019 NAB AFLW Season","Round 1",1,"Casey Fields","Melbourne","Melbourne","Fremantle","Fremantle",28,"https://s.afl.com.au/staticfile/AFL Tenant/AFL/Players/ChampIDImages/AFLW/2019264/1009853.png?im=Scale,width=0.6,height=0.6","INT","CD_I1009853",FALSE,28,"Tyla","Hanks","CD_T7386",NA,74,0,0,NA,6,1,7,0,0,2,4,4,8,2,0,0,0,2,42.9,2,0,2,22,2,0,0,0,NA,"2019-02-15T06:17:50.895+0000",2,1,0,0,NA,NA,NA,2,157,0,2,2,0,0,0,0,0,0,0,0,0,0,0,0,0,0,0,0,0,0,0,0,0,0,0,NA,NA,NA,"CD_I1009853",FALSE,28,"Tyla","Hanks","home","Melbourne"
"CD_M20192640104","2019-02-03T04:05:00.000+0000","CONCLUDED","2019 NAB AFLW Season","Round 1",1,"Casey Fields","Melbourne","Melbourne","Fremantle","Fremantle",21,"https://s.afl.com.au/staticfile/AFL Tenant/AFL/Players/ChampIDImages/AFLW/2019264/1007152.png?im=Scale,width=0.6,height=0.6","FB","CD_I1007152",FALSE,21,"Harriet","Cordner","CD_T7386",NA,100,0,0,NA,6,5,11,1,0,3,7,3,10,1,0,1,0,5,63.6,4,0,1,40,0,0,0,0,NA,"2019-02-15T06:17:50.895+0000",3,8,0,0,NA,NA,NA,2,161,0,0,0,0,0,0,0,0,0,0,0,0,0,0,0,0,0,0,0,0,0,0,0,0,0,0,NA,NA,NA,"CD_I1007152",FALSE,21,"Harriet","Cordner","home","Melbourne"
"CD_M20192640104","2019-02-03T04:05:00.000+0000","CONCLUDED","2019 NAB AFLW Season","Round 1",1,"Casey Fields","Melbourne","Melbourne","Fremantle","Fremantle",1,"https://s.afl.com.au/staticfile/AFL Tenant/AFL/Players/ChampIDImages/AFLW/2019264/1010659.png?im=Scale,width=0.6,height=0.6","FF","CD_I1010659",FALSE,1,"Tegan","Cunningham","CD_T7386",NA,82,1,0,NA,3,5,8,2,0,1,4,4,8,1,2,1,0,1,50,0,1,0,36,0,1,50,0,NA,"2019-02-15T06:17:50.895+0000",2,0,0,2,NA,NA,NA,3,97,0,0,0,0,0,0,0,0,0,0,0,0,0,0,0,0,0,0,0,0,0,0,0,0,0,0,NA,NA,NA,"CD_I1010659",FALSE,1,"Tegan","Cunningham","home","Melbourne"
"CD_M20192640104","2019-02-03T04:05:00.000+0000","CONCLUDED","2019 NAB AFLW Season","Round 1",1,"Casey Fields","Melbourne","Melbourne","Fremantle","Fremantle",2,"https://s.afl.com.au/staticfile/AFL Tenant/AFL/Players/ChampIDImages/AFLW/2019264/1007149.png?im=Scale,width=0.6,height=0.6","BPL","CD_I1007149",FALSE,2,"Meg","Downie","CD_T7386",NA,73,0,0,NA,2,1,3,0,0,3,2,2,4,0,0,0,0,2,66.7,0,0,0,20,1,0,0,0,NA,"2019-02-15T06:17:50.895+0000",0,2,0,0,NA,NA,NA,0,69,0,0,0,0,0,0,0,0,0,0,0,0,0,0,0,0,0,0,0,0,0,0,0,0,0,0,NA,NA,NA,"CD_I1007149",FALSE,2,"Meg","Downie","home","Melbourne"
"CD_M20192640104","2019-02-03T04:05:00.000+0000","CONCLUDED","2019 NAB AFLW Season","Round 1",1,"Casey Fields","Melbourne","Melbourne","Fremantle","Fremantle",11,"https://s.afl.com.au/staticfile/AFL Tenant/AFL/Players/ChampIDImages/AFLW/2019264/1012560.png?im=Scale,width=0.6,height=0.6","C","CD_I1012560",FALSE,11,"Chantel","Emonson","CD_T7386",NA,85,0,0,NA,4,2,6,1,1,4,1,2,3,0,0,0,0,1,66.7,3,0,2,29,1,0,0,0,NA,"2019-02-15T06:17:50.895+0000",2,2,0,0,NA,NA,NA,0,90,0,0,0,0,0,0,0,0,0,0,0,0,0,0,0,0,0,0,0,0,0,0,0,0,0,0,NA,NA,NA,"CD_I1012560",FALSE,11,"Chantel","Emonson","home","Melbourne"
"CD_M20192640104","2019-02-03T04:05:00.000+0000","CONCLUDED","2019 NAB AFLW Season","Round 1",1,"Casey Fields","Melbourne","Melbourne","Fremantle","Fremantle",3,"https://s.afl.com.au/staticfile/AFL Tenant/AFL/Players/ChampIDImages/AFLW/2019264/1009976.png?im=Scale,width=0.6,height=0.6","FPR","CD_I1009976",FALSE,3,"Maddison","Gay","CD_T7386",NA,71,1,2,NA,8,3,11,1,0,2,4,6,10,3,1,0,0,0,72.7,0,1,0,50,1,0,33.3,0,NA,"2019-02-15T06:17:50.895+0000",2,0,0,3,NA,NA,NA,5,258,3,2,5,0,0,0,0,0,0,0,0,0,0,0,0,0,0,0,0,0,0,0,0,0,0,0,NA,NA,NA,"CD_I1009976",FALSE,3,"Maddison","Gay","home","Melbourne"
"CD_M20192640104","2019-02-03T04:05:00.000+0000","CONCLUDED","2019 NAB AFLW Season","Round 1",1,"Casey Fields","Melbourne","Melbourne","Fremantle","Fremantle",7,"https://s.afl.com.au/staticfile/AFL Tenant/AFL/Players/ChampIDImages/AFLW/2019264/296158.png?im=Scale,width=0.6,height=0.6","CHF","CD_I296158",FALSE,7,"Bianca","Jakobsson","CD_T7386",NA,59,1,0,NA,4,3,7,1,0,1,4,3,7,1,0,1,0,0,85.7,2,0,1,28,0,0,50,0,NA,"2019-02-15T06:17:50.895+0000",2,2,0,2,NA,NA,NA,1,103,0,0,0,0,0,0,0,0,0,0,0,0,0,0,0,0,0,0,0,0,0,0,0,0,0,0,NA,NA,NA,"CD_I296158",FALSE,7,"Bianca","Jakobsson","home","Melbourne"
"CD_M20192640104","2019-02-03T04:05:00.000+0000","CONCLUDED","2019 NAB AFLW Season","Round 1",1,"Casey Fields","Melbourne","Melbourne","Fremantle","Fremantle",15,"https://s.afl.com.au/staticfile/AFL Tenant/AFL/Players/ChampIDImages/AFLW/2019264/1005863.png?im=Scale,width=0.6,height=0.6","RK","CD_I1005863",FALSE,15,"Lauren","Pearce","CD_T7386",NA,80,0,0,NA,7,4,11,1,0,1,10,2,12,3,0,0,33,1,54.5,1,2,0,71,3,0,0,0,NA,"2019-02-15T06:17:50.895+0000",1,1,1,0,NA,NA,NA,6,189,0,5,5,0,0,0,0,0,0,0,0,0,0,0,0,0,0,0,0,0,0,0,0,0,0,0,NA,NA,NA,"CD_I1005863",FALSE,15,"Lauren","Pearce","home","Melbourne"
"CD_M20192640104","2019-02-03T04:05:00.000+0000","CONCLUDED","2019 NAB AFLW Season","Round 1",1,"Casey Fields","Melbourne","Melbourne","Fremantle","Fremantle",35,"https://s.afl.com.au/staticfile/AFL Tenant/AFL/Players/ChampIDImages/AFLW/2019264/1007153.png?im=Scale,width=0.6,height=0.6","INT","CD_I1007153",FALSE,35,"Catherine","Phillips","CD_T7386",NA,68,0,0,NA,3,6,9,1,1,1,4,5,9,2,0,0,0,1,77.8,1,0,0,28,1,2,0,0,NA,"2019-02-15T06:17:50.895+0000",1,1,0,0,NA,NA,NA,3,174,0,0,0,0,0,0,0,0,0,0,0,0,0,0,0,0,0,0,0,0,0,0,0,0,0,0,NA,NA,NA,"CD_I1007153",FALSE,35,"Catherine","Phillips","home","Melbourne"
"CD_M20192640104","2019-02-03T04:05:00.000+0000","CONCLUDED","2019 NAB AFLW Season","Round 1",1,"Casey Fields","Melbourne","Melbourne","Fremantle","Fremantle",12,"https://s.afl.com.au/staticfile/AFL Tenant/AFL/Players/ChampIDImages/AFLW/2019264/1007028.png?im=Scale,width=0.6,height=0.6","R","CD_I1007028",FALSE,12,"Shelley","Scott","CD_T7386",NA,95,1,0,NA,3,7,10,2,0,3,9,4,13,1,1,1,0,0,60,4,1,2,42,0,0,50,0,NA,"2019-02-15T06:17:50.895+0000",3,0,0,2,NA,NA,NA,5,107,0,1,1,0,0,0,0,0,0,0,0,0,0,0,0,0,0,0,0,0,0,0,0,0,0,0,NA,NA,NA,"CD_I1007028",FALSE,12,"Shelley","Scott","home","Melbourne"
"CD_M20192640104","2019-02-03T04:05:00.000+0000","CONCLUDED","2019 NAB AFLW Season","Round 1",1,"Casey Fields","Melbourne","Melbourne","Fremantle","Fremantle",4,"https://s.afl.com.au/staticfile/AFL Tenant/AFL/Players/ChampIDImages/AFLW/2019264/998149.png?im=Scale,width=0.6,height=0.6","HBFR","CD_I998149",FALSE,4,"Karen","Paxman","CD_T7386",NA,98,0,0,NA,12,9,21,1,1,3,18,4,22,2,0,0,0,3,57.1,3,3,1,69,4,0,0,0,NA,"2019-02-15T06:17:50.895+0000",4,5,0,0,NA,NA,NA,3,282,0,9,9,0,0,0,0,0,0,0,0,0,0,0,0,0,0,0,0,0,0,0,0,0,0,0,NA,NA,NA,"CD_I998149",FALSE,4,"Karen","Paxman","home","Melbourne"
"CD_M20192640104","2019-02-03T04:05:00.000+0000","CONCLUDED","2019 NAB AFLW Season","Round 1",1,"Casey Fields","Melbourne","Melbourne","Fremantle","Fremantle",26,"https://s.afl.com.au/staticfile/AFL Tenant/AFL/Players/ChampIDImages/AFLW/2019264/1012576.png?im=Scale,width=0.6,height=0.6","BPR","CD_I1012576",FALSE,26,"Shae","Sloane","CD_T7386",NA,39,0,0,NA,4,1,5,0,0,1,1,3,4,0,0,0,0,3,40,0,0,0,18,2,0,0,0,NA,"2019-02-15T06:17:50.895+0000",2,2,0,0,NA,NA,NA,0,89,0,0,0,0,0,0,0,0,0,0,0,0,0,0,0,0,0,0,0,0,0,0,0,0,0,0,NA,NA,NA,"CD_I1012576",FALSE,26,"Shae","Sloane","home","Melbourne"
"CD_M20192640104","2019-02-03T04:05:00.000+0000","CONCLUDED","2019 NAB AFLW Season","Round 1",1,"Casey Fields","Melbourne","Melbourne","Fremantle","Fremantle",13,"https://s.afl.com.au/staticfile/AFL Tenant/AFL/Players/ChampIDImages/AFLW/2019264/997733.png?im=Scale,width=0.6,height=0.6","INT","CD_I997733",FALSE,13,"Katherine","Smith","CD_T7386",NA,78,0,0,NA,5,1,6,0,0,2,4,3,7,1,0,0,0,2,50,0,1,0,26,1,0,0,0,NA,"2019-02-15T06:17:50.895+0000",1,2,0,0,NA,NA,NA,0,119,1,0,1,0,0,0,0,0,0,0,0,0,0,0,0,0,0,0,0,0,0,0,0,0,0,0,NA,NA,NA,"CD_I997733",FALSE,13,"Katherine","Smith","home","Melbourne"
"CD_M20192640104","2019-02-03T04:05:00.000+0000","CONCLUDED","2019 NAB AFLW Season","Round 1",1,"Casey Fields","Melbourne","Melbourne","Fremantle","Fremantle",20,"https://s.afl.com.au/staticfile/AFL Tenant/AFL/Players/ChampIDImages/AFLW/2019264/1010662.png?im=Scale,width=0.6,height=0.6","INT","CD_I1010662",FALSE,20,"Claudia","Whitfort","CD_T7386",NA,50,0,0,NA,1,1,2,1,0,2,1,1,2,0,0,0,0,1,0,2,0,1,13,0,0,0,0,NA,"2019-02-15T06:17:50.895+0000",0,0,0,0,NA,NA,NA,0,-1,0,0,0,0,0,0,0,0,0,0,0,0,0,0,0,0,0,0,0,0,0,0,0,0,0,0,NA,NA,NA,"CD_I1010662",FALSE,20,"Claudia","Whitfort","home","Melbourne"
"CD_M20192640104","2019-02-03T04:05:00.000+0000","CONCLUDED","2019 NAB AFLW Season","Round 1",1,"Casey Fields","Melbourne","Melbourne","Fremantle","Fremantle",19,"https://s.afl.com.au/staticfile/AFL Tenant/AFL/Players/ChampIDImages/AFLW/2019264/1005264.png?im=Scale,width=0.6,height=0.6","INT","CD_I1005264",FALSE,19,"Ashleigh","Woodland","CD_T7386",NA,71,0,0,NA,3,0,3,1,0,1,2,1,3,0,0,0,0,3,0,1,1,0,17,1,0,0,0,NA,"2019-02-15T06:17:50.895+0000",1,2,0,0,NA,NA,NA,0,64,0,0,0,0,0,0,0,0,0,0,0,0,0,0,0,0,0,0,0,0,0,0,0,0,0,0,NA,NA,NA,"CD_I1005264",FALSE,19,"Ashleigh","Woodland","home","Melbourne"
"CD_M20192640104","2019-02-03T04:05:00.000+0000","CONCLUDED","2019 NAB AFLW Season","Round 1",1,"Casey Fields","Melbourne","Melbourne","Fremantle","Fremantle",29,"https://s.afl.com.au/staticfile/AFL Tenant/AFL/Players/ChampIDImages/AFLW/2019264/1009764.png?im=Scale,width=0.6,height=0.6","FPL","CD_I1009764",FALSE,29,"Eden","Zanker","CD_T7386",NA,88,2,0,NA,7,4,11,3,0,1,8,3,11,1,1,2,12,0,54.5,2,0,0,66,0,0,66.7,0,NA,"2019-02-15T06:17:50.895+0000",2,0,0,3,NA,NA,NA,4,148,0,1,1,0,0,0,0,0,0,0,0,0,0,0,0,0,0,0,0,0,0,0,0,0,0,0,NA,NA,NA,"CD_I1009764",FALSE,29,"Eden","Zanker","home","Melbourne"
"CD_M20192640104","2019-02-03T04:05:00.000+0000","CONCLUDED","2019 NAB AFLW Season","Round 1",1,"Casey Fields","Melbourne","Melbourne","Fremantle","Fremantle",5,"https://s.afl.com.au/staticfile/AFL Tenant/AFL/Players/ChampIDImages/AFLW/2019264/998147.png?im=Scale,width=0.6,height=0.6","CHB","CD_I998147",FALSE,5,"Elise","O'Dea","CD_T7386",NA,73,0,0,NA,9,8,17,4,0,9,9,9,18,4,0,0,0,1,58.8,2,0,1,88,1,0,0,0,NA,"2019-02-15T06:17:50.895+0000",2,4,1,0,NA,NA,NA,3,208,1,1,2,0,0,0,0,0,0,0,0,0,0,0,0,0,0,0,0,0,0,0,0,0,0,0,NA,NA,NA,"CD_I998147",FALSE,5,"Elise","O'Dea","home","Melbourne"
"CD_M20192640104","2019-02-03T04:05:00.000+0000","CONCLUDED","2019 NAB AFLW Season","Round 1",1,"Casey Fields","Melbourne","Melbourne","Fremantle","Fremantle",8,"https://s.afl.com.au/staticfile/AFL Tenant/AFL/Players/ChampIDImages/AFLW/2019264/1010656.png?im=Scale,width=0.6,height=0.6","BPL","CD_I1010656",FALSE,8,"Evangeline","Gooch","CD_T7886",NA,81,0,0,NA,7,3,10,1,0,4,3,6,9,2,0,0,0,2,70,3,1,0,47,0,0,0,0,NA,"2019-02-15T06:17:50.895+0000",5,4,0,0,NA,NA,NA,1,153,0,0,0,0,0,0,0,0,0,0,0,0,0,0,0,0,0,0,0,0,0,0,0,0,0,0,NA,NA,NA,"CD_I1010656",FALSE,8,"Evangeline","Gooch","away","Fremantle"
"CD_M20192640104","2019-02-03T04:05:00.000+0000","CONCLUDED","2019 NAB AFLW Season","Round 1",1,"Casey Fields","Melbourne","Melbourne","Fremantle","Fremantle",21,"https://s.afl.com.au/staticfile/AFL Tenant/AFL/Players/ChampIDImages/AFLW/2019264/998041.png?im=Scale,width=0.6,height=0.6","HFFL","CD_I998041",FALSE,21,"Kellie","Gibson","CD_T7886",NA,76,0,0,NA,3,2,5,0,0,3,2,3,5,3,0,0,1,1,60,3,0,2,20,0,1,0,0,NA,"2019-02-15T06:17:50.895+0000",0,0,2,1,NA,NA,NA,4,37,0,0,0,0,0,0,0,0,0,0,0,0,0,0,0,0,0,0,0,0,0,0,0,0,0,0,NA,NA,NA,"CD_I998041",FALSE,21,"Kellie","Gibson","away","Fremantle"
"CD_M20192640104","2019-02-03T04:05:00.000+0000","CONCLUDED","2019 NAB AFLW Season","Round 1",1,"Casey Fields","Melbourne","Melbourne","Fremantle","Fremantle",17,"https://s.afl.com.au/staticfile/AFL Tenant/AFL/Players/ChampIDImages/AFLW/2019264/998156.png?im=Scale,width=0.6,height=0.6","RR","CD_I998156",FALSE,17,"Dana","Hooker","CD_T7886",NA,86,0,0,NA,10,5,15,0,0,12,11,4,15,0,0,0,0,0,60,7,2,3,81,2,0,0,0,NA,"2019-02-15T06:17:50.895+0000",3,1,1,0,NA,NA,NA,1,188,2,6,8,0,0,0,0,0,0,0,0,0,0,0,0,0,0,0,0,0,0,0,0,0,0,0,NA,NA,NA,"CD_I998156",FALSE,17,"Dana","Hooker","away","Fremantle"
"CD_M20192640104","2019-02-03T04:05:00.000+0000","CONCLUDED","2019 NAB AFLW Season","Round 1",1,"Casey Fields","Melbourne","Melbourne","Fremantle","Fremantle",6,"https://s.afl.com.au/staticfile/AFL Tenant/AFL/Players/ChampIDImages/AFLW/2019264/1009895.png?im=Scale,width=0.6,height=0.6","INT","CD_I1009895",FALSE,6,"Sabreena","Duffy","CD_T7886",NA,71,1,1,NA,7,2,9,2,0,1,8,2,10,3,2,1,0,0,66.7,1,0,0,42,0,0,50,0,NA,"2019-02-15T06:17:50.895+0000",2,3,0,2,NA,NA,NA,4,175,0,0,0,0,0,0,0,0,0,0,0,0,0,0,0,0,0,0,0,0,0,0,0,0,0,0,NA,NA,NA,"CD_I1009895",FALSE,6,"Sabreena","Duffy","away","Fremantle"
"CD_M20192640104","2019-02-03T04:05:00.000+0000","CONCLUDED","2019 NAB AFLW Season","Round 1",1,"Casey Fields","Melbourne","Melbourne","Fremantle","Fremantle",20,"https://s.afl.com.au/staticfile/AFL Tenant/AFL/Players/ChampIDImages/AFLW/2019264/1006997.png?im=Scale,width=0.6,height=0.6","C","CD_I1006997",FALSE,20,"Stephanie","Cain","CD_T7886",NA,66,1,0,NA,5,1,6,2,0,4,3,3,6,1,2,1,0,2,33.3,1,0,0,45,1,0,100,0,NA,"2019-02-15T06:17:50.895+0000",2,1,0,1,NA,NA,NA,2,189,0,0,0,0,0,0,0,0,0,0,0,0,0,0,0,0,0,0,0,0,0,0,0,0,0,0,NA,NA,NA,"CD_I1006997",FALSE,20,"Stephanie","Cain","away","Fremantle"
"CD_M20192640104","2019-02-03T04:05:00.000+0000","CONCLUDED","2019 NAB AFLW Season","Round 1",1,"Casey Fields","Melbourne","Melbourne","Fremantle","Fremantle",10,"https://s.afl.com.au/staticfile/AFL Tenant/AFL/Players/ChampIDImages/AFLW/2019264/998152.png?im=Scale,width=0.6,height=0.6","INT","CD_I998152",FALSE,10,"Melissa","Caulfield","CD_T7886",NA,72,1,1,NA,8,4,12,3,0,3,7,4,11,1,1,1,0,1,66.7,0,0,0,60,1,0,50,0,NA,"2019-02-15T06:17:50.895+0000",4,2,0,2,NA,NA,NA,4,185,1,1,2,0,0,0,0,0,0,0,0,0,0,0,0,0,0,0,0,0,0,0,0,0,0,0,NA,NA,NA,"CD_I998152",FALSE,10,"Melissa","Caulfield","away","Fremantle"
"CD_M20192640104","2019-02-03T04:05:00.000+0000","CONCLUDED","2019 NAB AFLW Season","Round 1",1,"Casey Fields","Melbourne","Melbourne","Fremantle","Fremantle",15,"https://s.afl.com.au/staticfile/AFL Tenant/AFL/Players/ChampIDImages/AFLW/2019264/998036.png?im=Scale,width=0.6,height=0.6","R","CD_I998036",FALSE,15,"Kara","Donnellan","CD_T7886",NA,75,0,1,NA,5,5,10,0,0,5,6,3,9,1,0,0,0,2,70,1,1,1,44,0,0,0,0,NA,"2019-02-15T06:17:50.895+0000",1,3,1,1,NA,NA,NA,3,142,0,3,3,0,0,0,0,0,0,0,0,0,0,0,0,0,0,0,0,0,0,0,0,0,0,0,NA,NA,NA,"CD_I998036",FALSE,15,"Kara","Donnellan","away","Fremantle"
"CD_M20192640104","2019-02-03T04:05:00.000+0000","CONCLUDED","2019 NAB AFLW Season","Round 1",1,"Casey Fields","Melbourne","Melbourne","Fremantle","Fremantle",14,"https://s.afl.com.au/staticfile/AFL Tenant/AFL/Players/ChampIDImages/AFLW/2019264/1001680.png?im=Scale,width=0.6,height=0.6","INT","CD_I1001680",FALSE,14,"Leah","Mascall","CD_T7886",NA,68,0,0,NA,2,0,2,0,0,1,2,0,2,0,0,0,0,4,50,0,1,0,11,2,0,0,0,NA,"2019-02-15T06:17:50.895+0000",1,2,0,0,NA,NA,NA,1,81,0,1,1,0,0,0,0,0,0,0,0,0,0,0,0,0,0,0,0,0,0,0,0,0,0,0,NA,NA,NA,"CD_I1001680",FALSE,14,"Leah","Mascall","away","Fremantle"
"CD_M20192640104","2019-02-03T04:05:00.000+0000","CONCLUDED","2019 NAB AFLW Season","Round 1",1,"Casey Fields","Melbourne","Melbourne","Fremantle","Fremantle",13,"https://s.afl.com.au/staticfile/AFL Tenant/AFL/Players/ChampIDImages/AFLW/2019264/1010684.png?im=Scale,width=0.6,height=0.6","INT","CD_I1010684",FALSE,13,"Katie-Jayne","Grieve","CD_T7886",NA,50,0,0,NA,5,2,7,2,0,2,5,3,8,4,0,1,0,1,71.4,2,0,2,27,1,1,0,0,NA,"2019-02-15T06:17:50.895+0000",0,5,0,0,NA,NA,NA,2,181,0,0,0,0,0,0,0,0,0,0,0,0,0,0,0,0,0,0,0,0,0,0,0,0,0,0,NA,NA,NA,"CD_I1010684",FALSE,13,"Katie-Jayne","Grieve","away","Fremantle"
"CD_M20192640104","2019-02-03T04:05:00.000+0000","CONCLUDED","2019 NAB AFLW Season","Round 1",1,"Casey Fields","Melbourne","Melbourne","Fremantle","Fremantle",11,"https://s.afl.com.au/staticfile/AFL Tenant/AFL/Players/ChampIDImages/AFLW/2019264/1012251.png?im=Scale,width=0.6,height=0.6","RK","CD_I1012251",FALSE,11,"Parris","Laurie","CD_T7886",NA,76,0,0,NA,2,8,10,1,0,6,6,4,10,2,0,0,17,0,70,1,0,0,66,0,0,0,0,NA,"2019-02-15T06:17:50.895+0000",1,0,0,0,NA,NA,NA,2,91,0,2,2,0,0,0,0,0,0,0,0,0,0,0,0,0,0,0,0,0,0,0,0,0,0,0,NA,NA,NA,"CD_I1012251",FALSE,11,"Parris","Laurie","away","Fremantle"
"CD_M20192640104","2019-02-03T04:05:00.000+0000","CONCLUDED","2019 NAB AFLW Season","Round 1",1,"Casey Fields","Melbourne","Melbourne","Fremantle","Fremantle",1,"https://s.afl.com.au/staticfile/AFL Tenant/AFL/Players/ChampIDImages/AFLW/2019264/1005416.png?im=Scale,width=0.6,height=0.6","FF","CD_I1005416",FALSE,1,"Ashley","Sharp","CD_T7886",NA,84,2,0,NA,3,2,5,1,0,1,3,2,5,1,1,1,0,1,100,0,0,0,32,0,1,100,0,NA,"2019-02-15T06:17:50.895+0000",0,1,0,2,NA,NA,NA,3,43,0,0,0,0,0,0,0,0,0,0,0,0,0,0,0,0,0,0,0,0,0,0,0,0,0,0,NA,NA,NA,"CD_I1005416",FALSE,1,"Ashley","Sharp","away","Fremantle"
"CD_M20192640104","2019-02-03T04:05:00.000+0000","CONCLUDED","2019 NAB AFLW Season","Round 1",1,"Casey Fields","Melbourne","Melbourne","Fremantle","Fremantle",24,"https://s.afl.com.au/staticfile/AFL Tenant/AFL/Players/ChampIDImages/AFLW/2019264/1013937.png?im=Scale,width=0.6,height=0.6","BPR","CD_I1013937",FALSE,24,"Angelique","Stannett","CD_T7886",NA,88,0,0,NA,2,1,3,1,0,1,0,3,3,0,0,0,0,3,66.7,0,0,0,15,1,0,0,0,NA,"2019-02-15T06:17:50.895+0000",0,1,0,0,NA,NA,NA,2,59,0,0,0,0,0,0,0,0,0,0,0,0,0,0,0,0,0,0,0,0,0,0,0,0,0,0,NA,NA,NA,"CD_I1013937",FALSE,24,"Angelique","Stannett","away","Fremantle"
"CD_M20192640104","2019-02-03T04:05:00.000+0000","CONCLUDED","2019 NAB AFLW Season","Round 1",1,"Casey Fields","Melbourne","Melbourne","Fremantle","Fremantle",9,"https://s.afl.com.au/staticfile/AFL Tenant/AFL/Players/ChampIDImages/AFLW/2019264/1005431.png?im=Scale,width=0.6,height=0.6","HBFL","CD_I1005431",FALSE,9,"Alex","Williams","CD_T7886",NA,86,0,0,NA,1,0,1,1,0,1,0,1,1,0,0,0,0,3,100,0,0,0,10,1,0,0,0,NA,"2019-02-15T06:17:50.895+0000",0,1,0,0,NA,NA,NA,0,13,0,0,0,0,0,0,0,0,0,0,0,0,0,0,0,0,0,0,0,0,0,0,0,0,0,0,NA,NA,NA,"CD_I1005431",FALSE,9,"Alex","Williams","away","Fremantle"
"CD_M20192640104","2019-02-03T04:05:00.000+0000","CONCLUDED","2019 NAB AFLW Season","Round 1",1,"Casey Fields","Melbourne","Melbourne","Fremantle","Fremantle",27,"https://s.afl.com.au/staticfile/AFL Tenant/AFL/Players/ChampIDImages/AFLW/2019264/1007141.png?im=Scale,width=0.6,height=0.6","CHF","CD_I1007141",FALSE,27,"Gemma","Houghton","CD_T7886",NA,78,2,1,NA,8,2,10,4,2,2,6,3,9,1,3,3,1,0,40,3,0,1,59,1,1,50,0,NA,"2019-02-15T06:17:50.895+0000",4,0,1,4,NA,NA,NA,4,209,0,0,0,0,0,0,0,0,0,0,0,0,0,0,0,0,0,0,0,0,0,0,0,0,0,0,NA,NA,NA,"CD_I1007141",FALSE,27,"Gemma","Houghton","away","Fremantle"
"CD_M20192640104","2019-02-03T04:05:00.000+0000","CONCLUDED","2019 NAB AFLW Season","Round 1",1,"Casey Fields","Melbourne","Melbourne","Fremantle","Fremantle",12,"https://s.afl.com.au/staticfile/AFL Tenant/AFL/Players/ChampIDImages/AFLW/2019264/1001682.png?im=Scale,width=0.6,height=0.6","CHB","CD_I1001682",FALSE,12,"Ebony","Antonio","CD_T7886",NA,88,1,1,NA,10,4,14,1,0,4,8,3,11,1,1,1,1,1,57.1,3,2,0,67,0,2,20,0,NA,"2019-02-15T06:17:50.895+0000",5,5,2,5,NA,NA,NA,8,215,0,0,0,0,0,0,0,0,0,0,0,0,0,0,0,0,0,0,0,0,0,0,0,0,0,0,NA,NA,NA,"CD_I1001682",FALSE,12,"Ebony","Antonio","away","Fremantle"
"CD_M20192640104","2019-02-03T04:05:00.000+0000","CONCLUDED","2019 NAB AFLW Season","Round 1",1,"Casey Fields","Melbourne","Melbourne","Fremantle","Fremantle",2,"https://s.afl.com.au/staticfile/AFL Tenant/AFL/Players/ChampIDImages/AFLW/2019264/998030.png?im=Scale,width=0.6,height=0.6","INT","CD_I998030",FALSE,2,"Kiara","Bowers","CD_T7886",NA,62,1,0,NA,12,1,13,2,0,12,10,4,14,4,1,0,0,1,53.8,4,2,3,91,1,1,100,0,NA,"2019-02-15T06:17:50.895+0000",5,2,1,1,NA,NA,NA,5,275,0,5,5,0,0,0,0,0,0,0,0,0,0,0,0,0,0,0,0,0,0,0,0,0,0,0,NA,NA,NA,"CD_I998030",FALSE,2,"Kiara","Bowers","away","Fremantle"
"CD_M20192640104","2019-02-03T04:05:00.000+0000","CONCLUDED","2019 NAB AFLW Season","Round 1",1,"Casey Fields","Melbourne","Melbourne","Fremantle","Fremantle",5,"https://s.afl.com.au/staticfile/AFL Tenant/AFL/Players/ChampIDImages/AFLW/2019264/1005429.png?im=Scale,width=0.6,height=0.6","FB","CD_I1005429",FALSE,5,"Tayla","Bresland","CD_T7886",NA,96,0,0,NA,10,2,12,1,0,3,2,3,5,0,0,0,0,3,58.3,1,0,1,46,4,0,0,0,NA,"2019-02-15T06:17:50.895+0000",3,2,0,0,NA,NA,NA,0,262,0,0,0,0,0,0,0,0,0,0,0,0,0,0,0,0,0,0,0,0,0,0,0,0,0,0,NA,NA,NA,"CD_I1005429",FALSE,5,"Tayla","Bresland","away","Fremantle"
"CD_M20192640104","2019-02-03T04:05:00.000+0000","CONCLUDED","2019 NAB AFLW Season","Round 1",1,"Casey Fields","Melbourne","Melbourne","Fremantle","Fremantle",32,"https://s.afl.com.au/staticfile/AFL Tenant/AFL/Players/ChampIDImages/AFLW/2019264/1005437.png?im=Scale,width=0.6,height=0.6","FPR","CD_I1005437",FALSE,32,"Laura","Pugh","CD_T7886",NA,82,0,0,NA,4,3,7,1,0,1,5,2,7,0,0,0,0,3,57.1,0,0,0,25,1,0,0,0,NA,"2019-02-15T06:17:50.895+0000",0,4,0,0,NA,NA,NA,1,30,0,0,0,0,0,0,0,0,0,0,0,0,0,0,0,0,0,0,0,0,0,0,0,0,0,0,NA,NA,NA,"CD_I1005437",FALSE,32,"Laura","Pugh","away","Fremantle"
"CD_M20192640104","2019-02-03T04:05:00.000+0000","CONCLUDED","2019 NAB AFLW Season","Round 1",1,"Casey Fields","Melbourne","Melbourne","Fremantle","Fremantle",18,"https://s.afl.com.au/staticfile/AFL Tenant/AFL/Players/ChampIDImages/AFLW/2019264/1012248.png?im=Scale,width=0.6,height=0.6","HBFR","CD_I1012248",FALSE,18,"Philipa","Seth","CD_T7886",NA,94,0,0,NA,5,4,9,1,0,6,5,4,9,3,0,0,0,1,88.9,1,2,0,52,0,0,0,0,NA,"2019-02-15T06:17:50.895+0000",2,0,0,0,NA,NA,NA,2,189,1,3,4,0,0,0,0,0,0,0,0,0,0,0,0,0,0,0,0,0,0,0,0,0,0,0,NA,NA,NA,"CD_I1012248",FALSE,18,"Philipa","Seth","away","Fremantle"
"CD_M20192640104","2019-02-03T04:05:00.000+0000","CONCLUDED","2019 NAB AFLW Season","Round 1",1,"Casey Fields","Melbourne","Melbourne","Fremantle","Fremantle",19,"https://s.afl.com.au/staticfile/AFL Tenant/AFL/Players/ChampIDImages/AFLW/2019264/998040.png?im=Scale,width=0.6,height=0.6","FPL","CD_I998040",FALSE,19,"Hayley","Miller","CD_T7886",NA,49,0,0,NA,6,3,9,0,0,2,6,3,9,1,0,0,1,0,44.4,0,0,0,33,0,0,0,0,NA,"2019-02-15T06:17:50.895+0000",2,1,0,0,NA,NA,NA,1,157,0,2,2,0,0,0,0,0,0,0,0,0,0,0,0,0,0,0,0,0,0,0,0,0,0,0,NA,NA,NA,"CD_I998040",FALSE,19,"Hayley","Miller","away","Fremantle"
"CD_M20192640104","2019-02-03T04:05:00.000+0000","CONCLUDED","2019 NAB AFLW Season","Round 1",1,"Casey Fields","Melbourne","Melbourne","Fremantle","Fremantle",22,"https://s.afl.com.au/staticfile/AFL Tenant/AFL/Players/ChampIDImages/AFLW/2019264/1007144.png?im=Scale,width=0.6,height=0.6","HFFR","CD_I1007144",FALSE,22,"Gabby","O'Sullivan","CD_T7886",NA,75,0,0,NA,2,1,3,0,0,3,2,1,3,0,0,0,0,0,33.3,0,2,0,22,0,0,0,0,NA,"2019-02-15T06:17:50.895+0000",1,0,2,0,NA,NA,NA,0,48,0,0,0,0,0,0,0,0,0,0,0,0,0,0,0,0,0,0,0,0,0,0,0,0,0,0,NA,NA,NA,"CD_I1007144",FALSE,22,"Gabby","O'Sullivan","away","Fremantle"
"CD_M20192640105","2019-02-03T06:05:00.000+0000","CONCLUDED","2019 NAB AFLW Season","Round 1",1,"Moreton Bay Central Sports Complex","Brisbane Lions","Brisbane Lions","GWS GIANTS","GWS GIANTS",15,"https://s.afl.com.au/staticfile/AFL Tenant/AFL/Players/ChampIDImages/AFLW/2019264/1007137.png?im=Scale,width=0.6,height=0.6","HFFR","CD_I1007137",FALSE,15,"Nat","Exon","CD_T7887",NA,79,0,1,NA,6,9,15,2,2,4,8,7,15,5,0,0,0,2,66.7,1,0,1,56,0,0,0,0,NA,"2019-02-15T06:23:46.427+0000",4,3,0,1,NA,NA,NA,2,160,0,3,3,0,0,0,0,0,0,0,0,0,0,0,0,0,0,0,0,0,0,0,0,0,0,0,NA,NA,NA,"CD_I1007137",FALSE,15,"Nat","Exon","home","Brisbane Lions"
"CD_M20192640105","2019-02-03T06:05:00.000+0000","CONCLUDED","2019 NAB AFLW Season","Round 1",1,"Moreton Bay Central Sports Complex","Brisbane Lions","Brisbane Lions","GWS GIANTS","GWS GIANTS",1,"https://s.afl.com.au/staticfile/AFL Tenant/AFL/Players/ChampIDImages/AFLW/2019264/998155.png?im=Scale,width=0.6,height=0.6","RR","CD_I998155",FALSE,1,"Emily","Bates","CD_T7887",NA,72,0,0,NA,12,10,22,2,0,4,7,13,20,3,0,0,0,3,77.3,2,1,2,73,2,0,0,0,NA,"2019-02-15T06:23:46.427+0000",4,4,0,0,NA,NA,NA,4,281,1,2,3,0,0,0,0,0,0,0,0,0,0,0,0,0,0,0,0,0,0,0,0,0,0,0,NA,NA,NA,"CD_I998155",FALSE,1,"Emily","Bates","home","Brisbane Lions"
"CD_M20192640105","2019-02-03T06:05:00.000+0000","CONCLUDED","2019 NAB AFLW Season","Round 1",1,"Moreton Bay Central Sports Complex","Brisbane Lions","Brisbane Lions","GWS GIANTS","GWS GIANTS",33,"https://s.afl.com.au/staticfile/AFL Tenant/AFL/Players/ChampIDImages/AFLW/2019264/1009894.png?im=Scale,width=0.6,height=0.6","FF","CD_I1009894",FALSE,33,"McKenzie","Dowrick","CD_T7887",NA,64,0,0,NA,6,3,9,1,0,1,7,3,10,1,0,0,0,1,55.6,1,1,0,32,0,1,0,0,NA,"2019-02-15T06:23:46.427+0000",3,5,0,1,NA,NA,NA,1,172,0,0,0,0,0,0,0,0,0,0,0,0,0,0,0,0,0,0,0,0,0,0,0,0,0,0,NA,NA,NA,"CD_I1009894",FALSE,33,"McKenzie","Dowrick","home","Brisbane Lions"
"CD_M20192640105","2019-02-03T06:05:00.000+0000","CONCLUDED","2019 NAB AFLW Season","Round 1",1,"Moreton Bay Central Sports Complex","Brisbane Lions","Brisbane Lions","GWS GIANTS","GWS GIANTS",16,"https://s.afl.com.au/staticfile/AFL Tenant/AFL/Players/ChampIDImages/AFLW/2019264/998154.png?im=Scale,width=0.6,height=0.6","HBFL","CD_I998154",FALSE,16,"Lauren","Arnell","CD_T7887",NA,68,0,0,NA,9,1,10,0,0,3,5,5,10,0,0,0,0,1,50,3,1,1,39,2,1,0,0,NA,"2019-02-15T06:23:46.427+0000",2,2,1,0,NA,NA,NA,2,138,0,1,1,0,0,0,0,0,0,0,0,0,0,0,0,0,0,0,0,0,0,0,0,0,0,0,NA,NA,NA,"CD_I998154",FALSE,16,"Lauren","Arnell","home","Brisbane Lions"
"CD_M20192640105","2019-02-03T06:05:00.000+0000","CONCLUDED","2019 NAB AFLW Season","Round 1",1,"Moreton Bay Central Sports Complex","Brisbane Lions","Brisbane Lions","GWS GIANTS","GWS GIANTS",18,"https://s.afl.com.au/staticfile/AFL Tenant/AFL/Players/ChampIDImages/AFLW/2019264/1005630.png?im=Scale,width=0.6,height=0.6","R","CD_I1005630",FALSE,18,"Alexandra","Anderson","CD_T7887",NA,84,0,0,NA,10,12,22,4,2,7,14,8,22,2,1,0,0,0,50,3,2,0,96,1,0,0,0,NA,"2019-02-15T06:23:46.427+0000",6,5,1,0,NA,NA,NA,1,213,2,3,5,0,0,0,0,0,0,0,0,0,0,0,0,0,0,0,0,0,0,0,0,0,0,0,NA,NA,NA,"CD_I1005630",FALSE,18,"Alexandra","Anderson","home","Brisbane Lions"
"CD_M20192640105","2019-02-03T06:05:00.000+0000","CONCLUDED","2019 NAB AFLW Season","Round 1",1,"Moreton Bay Central Sports Complex","Brisbane Lions","Brisbane Lions","GWS GIANTS","GWS GIANTS",9,"https://s.afl.com.au/staticfile/AFL Tenant/AFL/Players/ChampIDImages/AFLW/2019264/1005636.png?im=Scale,width=0.6,height=0.6","FPR","CD_I1005636",FALSE,9,"Kate","McCarthy","CD_T7887",NA,97,0,1,NA,4,3,7,1,0,1,2,5,7,0,1,0,0,0,57.1,2,0,0,26,0,0,0,0,NA,"2019-02-15T06:23:46.427+0000",2,1,0,3,NA,NA,NA,2,65,0,0,0,0,0,0,0,0,0,0,0,0,0,0,0,0,0,0,0,0,0,0,0,0,0,0,NA,NA,NA,"CD_I1005636",FALSE,9,"Kate","McCarthy","home","Brisbane Lions"
"CD_M20192640105","2019-02-03T06:05:00.000+0000","CONCLUDED","2019 NAB AFLW Season","Round 1",1,"Moreton Bay Central Sports Complex","Brisbane Lions","Brisbane Lions","GWS GIANTS","GWS GIANTS",23,"https://s.afl.com.au/staticfile/AFL Tenant/AFL/Players/ChampIDImages/AFLW/2019264/1001690.png?im=Scale,width=0.6,height=0.6","FPL","CD_I1001690",FALSE,23,"Jess","Wuetschner","CD_T7887",NA,87,3,0,NA,6,3,9,1,0,2,3,5,8,3,0,0,0,2,77.8,0,1,0,54,0,0,100,0,NA,"2019-02-15T06:23:46.427+0000",2,1,2,3,NA,NA,NA,4,142,0,1,1,0,0,0,0,0,0,0,0,0,0,0,0,0,0,0,0,0,0,0,0,0,0,0,NA,NA,NA,"CD_I1001690",FALSE,23,"Jess","Wuetschner","home","Brisbane Lions"
"CD_M20192640105","2019-02-03T06:05:00.000+0000","CONCLUDED","2019 NAB AFLW Season","Round 1",1,"Moreton Bay Central Sports Complex","Brisbane Lions","Brisbane Lions","GWS GIANTS","GWS GIANTS",7,"https://s.afl.com.au/staticfile/AFL Tenant/AFL/Players/ChampIDImages/AFLW/2019264/1001678.png?im=Scale,width=0.6,height=0.6","HFFL","CD_I1001678",FALSE,7,"Jordan","Zanchetta","CD_T7887",NA,60,0,0,NA,1,1,2,0,0,5,2,0,2,1,0,0,0,1,100,1,0,1,22,0,0,0,0,NA,"2019-02-15T06:23:46.427+0000",1,0,0,0,NA,NA,NA,0,32,1,1,2,0,0,0,0,0,0,0,0,0,0,0,0,0,0,0,0,0,0,0,0,0,0,0,NA,NA,NA,"CD_I1001678",FALSE,7,"Jordan","Zanchetta","home","Brisbane Lions"
"CD_M20192640105","2019-02-03T06:05:00.000+0000","CONCLUDED","2019 NAB AFLW Season","Round 1",1,"Moreton Bay Central Sports Complex","Brisbane Lions","Brisbane Lions","GWS GIANTS","GWS GIANTS",11,"https://s.afl.com.au/staticfile/AFL Tenant/AFL/Players/ChampIDImages/AFLW/2019264/998037.png?im=Scale,width=0.6,height=0.6","FB","CD_I998037",FALSE,11,"Leah","Kaslar","CD_T7887",NA,100,0,0,NA,4,2,6,1,0,4,3,3,6,0,0,0,0,4,66.7,2,0,1,32,1,0,0,0,NA,"2019-02-15T06:23:46.427+0000",3,3,0,0,NA,NA,NA,1,109,0,0,0,0,0,0,0,0,0,0,0,0,0,0,0,0,0,0,0,0,0,0,0,0,0,0,NA,NA,NA,"CD_I998037",FALSE,11,"Leah","Kaslar","home","Brisbane Lions"
"CD_M20192640105","2019-02-03T06:05:00.000+0000","CONCLUDED","2019 NAB AFLW Season","Round 1",1,"Moreton Bay Central Sports Complex","Brisbane Lions","Brisbane Lions","GWS GIANTS","GWS GIANTS",20,"https://s.afl.com.au/staticfile/AFL Tenant/AFL/Players/ChampIDImages/AFLW/2019264/1007130.png?im=Scale,width=0.6,height=0.6","BPR","CD_I1007130",FALSE,20,"Shannon","Campbell","CD_T7887",NA,62,0,0,NA,10,1,11,3,0,5,2,7,9,2,0,0,0,4,81.8,1,0,0,61,1,0,0,0,NA,"2019-02-15T06:23:46.427+0000",2,4,0,0,NA,NA,NA,3,208,0,1,1,0,0,0,0,0,0,0,0,0,0,0,0,0,0,0,0,0,0,0,0,0,0,0,NA,NA,NA,"CD_I1007130",FALSE,20,"Shannon","Campbell","home","Brisbane Lions"
"CD_M20192640105","2019-02-03T06:05:00.000+0000","CONCLUDED","2019 NAB AFLW Season","Round 1",1,"Moreton Bay Central Sports Complex","Brisbane Lions","Brisbane Lions","GWS GIANTS","GWS GIANTS",21,"https://s.afl.com.au/staticfile/AFL Tenant/AFL/Players/ChampIDImages/AFLW/2019264/1005659.png?im=Scale,width=0.6,height=0.6","INT","CD_I1005659",FALSE,21,"Arianna","Clarke","CD_T7887",NA,71,0,0,NA,2,2,4,1,0,2,2,2,4,1,0,0,0,1,50,1,0,1,18,1,0,0,0,NA,"2019-02-15T06:23:46.427+0000",1,1,0,0,NA,NA,NA,0,44,0,1,1,0,0,0,0,0,0,0,0,0,0,0,0,0,0,0,0,0,0,0,0,0,0,0,NA,NA,NA,"CD_I1005659",FALSE,21,"Arianna","Clarke","home","Brisbane Lions"
"CD_M20192640105","2019-02-03T06:05:00.000+0000","CONCLUDED","2019 NAB AFLW Season","Round 1",1,"Moreton Bay Central Sports Complex","Brisbane Lions","Brisbane Lions","GWS GIANTS","GWS GIANTS",32,"https://s.afl.com.au/staticfile/AFL Tenant/AFL/Players/ChampIDImages/AFLW/2019264/1009963.png?im=Scale,width=0.6,height=0.6","INT","CD_I1009963",FALSE,32,"Lauren","Bella","CD_T7887",NA,62,0,0,NA,0,3,3,0,0,0,3,1,4,0,0,0,10,2,66.7,1,0,0,16,0,0,0,0,NA,"2019-02-15T06:23:46.427+0000",0,1,0,0,NA,NA,NA,0,12,0,1,1,0,0,0,0,0,0,0,0,0,0,0,0,0,0,0,0,0,0,0,0,0,0,0,NA,NA,NA,"CD_I1009963",FALSE,32,"Lauren","Bella","home","Brisbane Lions"
"CD_M20192640105","2019-02-03T06:05:00.000+0000","CONCLUDED","2019 NAB AFLW Season","Round 1",1,"Moreton Bay Central Sports Complex","Brisbane Lions","Brisbane Lions","GWS GIANTS","GWS GIANTS",30,"https://s.afl.com.au/staticfile/AFL Tenant/AFL/Players/ChampIDImages/AFLW/2019264/1009838.png?im=Scale,width=0.6,height=0.6","RK","CD_I1009838",FALSE,30,"Jesse","Tawhiao-Wardlaw","CD_T7887",NA,79,0,0,NA,4,1,5,2,0,1,1,5,6,0,1,0,8,0,60,2,1,1,30,1,0,0,0,NA,"2019-02-15T06:23:46.427+0000",2,0,0,0,NA,NA,NA,0,84,0,0,0,0,0,0,0,0,0,0,0,0,0,0,0,0,0,0,0,0,0,0,0,0,0,0,NA,NA,NA,"CD_I1009838",FALSE,30,"Jesse","Tawhiao-Wardlaw","home","Brisbane Lions"
"CD_M20192640105","2019-02-03T06:05:00.000+0000","CONCLUDED","2019 NAB AFLW Season","Round 1",1,"Moreton Bay Central Sports Complex","Brisbane Lions","Brisbane Lions","GWS GIANTS","GWS GIANTS",28,"https://s.afl.com.au/staticfile/AFL Tenant/AFL/Players/ChampIDImages/AFLW/2019264/1009826.png?im=Scale,width=0.6,height=0.6","INT","CD_I1009826",FALSE,28,"Gabby","Collingwood","CD_T7887",NA,62,0,0,NA,1,0,1,0,0,2,0,1,1,0,0,0,0,0,100,1,0,0,11,0,0,0,0,NA,"2019-02-15T06:23:46.427+0000",1,0,0,0,NA,NA,NA,0,35,0,0,0,0,0,0,0,0,0,0,0,0,0,0,0,0,0,0,0,0,0,0,0,0,0,0,NA,NA,NA,"CD_I1009826",FALSE,28,"Gabby","Collingwood","home","Brisbane Lions"
"CD_M20192640105","2019-02-03T06:05:00.000+0000","CONCLUDED","2019 NAB AFLW Season","Round 1",1,"Moreton Bay Central Sports Complex","Brisbane Lions","Brisbane Lions","GWS GIANTS","GWS GIANTS",4,"https://s.afl.com.au/staticfile/AFL Tenant/AFL/Players/ChampIDImages/AFLW/2019264/1005634.png?im=Scale,width=0.6,height=0.6","CHB","CD_I1005634",FALSE,4,"Sharni","Webb","CD_T7887",NA,83,0,0,NA,5,0,5,0,0,6,3,3,6,1,0,0,0,3,60,0,3,0,42,2,0,0,0,NA,"2019-02-15T06:23:46.427+0000",1,3,0,0,NA,NA,NA,0,146,0,0,0,0,0,0,0,0,0,0,0,0,0,0,0,0,0,0,0,0,0,0,0,0,0,0,NA,NA,NA,"CD_I1005634",FALSE,4,"Sharni","Webb","home","Brisbane Lions"
"CD_M20192640105","2019-02-03T06:05:00.000+0000","CONCLUDED","2019 NAB AFLW Season","Round 1",1,"Moreton Bay Central Sports Complex","Brisbane Lions","Brisbane Lions","GWS GIANTS","GWS GIANTS",10,"https://s.afl.com.au/staticfile/AFL Tenant/AFL/Players/ChampIDImages/AFLW/2019264/1014037.png?im=Scale,width=0.6,height=0.6","INT","CD_I1014037",FALSE,10,"Paige","Parker","CD_T7887",NA,56,0,0,NA,4,0,4,0,0,2,2,3,5,1,0,0,0,0,100,1,0,1,17,2,0,0,0,NA,"2019-02-15T06:23:46.427+0000",2,2,0,0,NA,NA,NA,0,105,0,0,0,0,0,0,0,0,0,0,0,0,0,0,0,0,0,0,0,0,0,0,0,0,0,0,NA,NA,NA,"CD_I1014037",FALSE,10,"Paige","Parker","home","Brisbane Lions"
"CD_M20192640105","2019-02-03T06:05:00.000+0000","CONCLUDED","2019 NAB AFLW Season","Round 1",1,"Moreton Bay Central Sports Complex","Brisbane Lions","Brisbane Lions","GWS GIANTS","GWS GIANTS",19,"https://s.afl.com.au/staticfile/AFL Tenant/AFL/Players/ChampIDImages/AFLW/2019264/1010664.png?im=Scale,width=0.6,height=0.6","INT","CD_I1010664",FALSE,19,"Emma","Pittman","CD_T7887",NA,66,0,0,NA,3,2,5,2,0,5,2,3,5,0,0,0,0,0,80,2,0,0,39,1,0,0,0,NA,"2019-02-15T06:23:46.427+0000",0,0,0,0,NA,NA,NA,0,111,0,1,1,0,0,0,0,0,0,0,0,0,0,0,0,0,0,0,0,0,0,0,0,0,0,0,NA,NA,NA,"CD_I1010664",FALSE,19,"Emma","Pittman","home","Brisbane Lions"
"CD_M20192640105","2019-02-03T06:05:00.000+0000","CONCLUDED","2019 NAB AFLW Season","Round 1",1,"Moreton Bay Central Sports Complex","Brisbane Lions","Brisbane Lions","GWS GIANTS","GWS GIANTS",5,"https://s.afl.com.au/staticfile/AFL Tenant/AFL/Players/ChampIDImages/AFLW/2019264/1005652.png?im=Scale,width=0.6,height=0.6","BPL","CD_I1005652",FALSE,5,"Sam","Virgo","CD_T7887",NA,85,0,0,NA,8,4,12,1,2,5,5,5,10,1,0,0,0,1,83.3,2,0,1,52,1,0,0,0,NA,"2019-02-15T06:23:46.427+0000",2,5,0,0,NA,NA,NA,1,222,0,0,0,0,0,0,0,0,0,0,0,0,0,0,0,0,0,0,0,0,0,0,0,0,0,0,NA,NA,NA,"CD_I1005652",FALSE,5,"Sam","Virgo","home","Brisbane Lions"
"CD_M20192640105","2019-02-03T06:05:00.000+0000","CONCLUDED","2019 NAB AFLW Season","Round 1",1,"Moreton Bay Central Sports Complex","Brisbane Lions","Brisbane Lions","GWS GIANTS","GWS GIANTS",14,"https://s.afl.com.au/staticfile/AFL Tenant/AFL/Players/ChampIDImages/AFLW/2019264/1003019.png?im=Scale,width=0.6,height=0.6","CHF","CD_I1003019",FALSE,14,"Sabrina","Frederick-Traub","CD_T7887",NA,100,1,1,NA,13,3,16,5,0,1,9,5,14,7,1,2,2,1,68.8,2,2,1,72,0,0,50,0,NA,"2019-02-15T06:23:46.427+0000",4,2,0,2,NA,NA,NA,5,355,0,2,2,0,0,0,0,0,0,0,0,0,0,0,0,0,0,0,0,0,0,0,0,0,0,0,NA,NA,NA,"CD_I1003019",FALSE,14,"Sabrina","Frederick-Traub","home","Brisbane Lions"
"CD_M20192640105","2019-02-03T06:05:00.000+0000","CONCLUDED","2019 NAB AFLW Season","Round 1",1,"Moreton Bay Central Sports Complex","Brisbane Lions","Brisbane Lions","GWS GIANTS","GWS GIANTS",13,"https://s.afl.com.au/staticfile/AFL Tenant/AFL/Players/ChampIDImages/AFLW/2019264/1005638.png?im=Scale,width=0.6,height=0.6","HBFR","CD_I1005638",FALSE,13,"Kate","Lutkins","CD_T7887",NA,86,0,0,NA,9,4,13,3,0,2,6,3,9,1,0,1,0,5,92.3,1,1,0,53,3,0,0,0,NA,"2019-02-15T06:23:46.427+0000",2,7,0,0,NA,NA,NA,3,224,0,1,1,0,0,0,0,0,0,0,0,0,0,0,0,0,0,0,0,0,0,0,0,0,0,0,NA,NA,NA,"CD_I1005638",FALSE,13,"Kate","Lutkins","home","Brisbane Lions"
"CD_M20192640105","2019-02-03T06:05:00.000+0000","CONCLUDED","2019 NAB AFLW Season","Round 1",1,"Moreton Bay Central Sports Complex","Brisbane Lions","Brisbane Lions","GWS GIANTS","GWS GIANTS",8,"https://s.afl.com.au/staticfile/AFL Tenant/AFL/Players/ChampIDImages/AFLW/2019264/998034.png?im=Scale,width=0.6,height=0.6","C","CD_I998034",FALSE,8,"Emma","Zielke","CD_T7887",NA,77,0,0,NA,6,2,8,5,0,1,2,7,9,1,0,0,0,0,62.5,1,1,0,42,0,0,0,0,NA,"2019-02-15T06:23:46.427+0000",2,1,1,0,NA,NA,NA,1,162,0,1,1,0,0,0,0,0,0,0,0,0,0,0,0,0,0,0,0,0,0,0,0,0,0,0,NA,NA,NA,"CD_I998034",FALSE,8,"Emma","Zielke","home","Brisbane Lions"
"CD_M20192640105","2019-02-03T06:05:00.000+0000","CONCLUDED","2019 NAB AFLW Season","Round 1",1,"Moreton Bay Central Sports Complex","Brisbane Lions","Brisbane Lions","GWS GIANTS","GWS GIANTS",24,"https://s.afl.com.au/staticfile/AFL Tenant/AFL/Players/ChampIDImages/AFLW/2019264/1009801.png?im=Scale,width=0.6,height=0.6","FF","CD_I1009801",FALSE,24,"Haneen","Zreika","CD_T7889",NA,78,0,0,NA,6,9,15,1,0,3,7,8,15,2,0,0,0,1,73.3,4,2,1,50,0,0,0,0,NA,"2019-02-15T06:23:46.427+0000",5,1,1,1,NA,NA,NA,2,162,0,0,0,0,0,0,0,0,0,0,0,0,0,0,0,0,0,0,0,0,0,0,0,0,0,0,NA,NA,NA,"CD_I1009801",FALSE,24,"Haneen","Zreika","away","GWS GIANTS"
"CD_M20192640105","2019-02-03T06:05:00.000+0000","CONCLUDED","2019 NAB AFLW Season","Round 1",1,"Moreton Bay Central Sports Complex","Brisbane Lions","Brisbane Lions","GWS GIANTS","GWS GIANTS",26,"https://s.afl.com.au/staticfile/AFL Tenant/AFL/Players/ChampIDImages/AFLW/2019264/998043.png?im=Scale,width=0.6,height=0.6","HFFL","CD_I998043",FALSE,26,"Courtney","Gum","CD_T7889",NA,74,0,0,NA,8,7,15,1,0,4,11,5,16,3,0,0,0,1,60,2,2,1,56,0,1,0,0,NA,"2019-02-15T06:23:46.427+0000",1,1,0,1,NA,NA,NA,3,96,2,4,6,0,0,0,0,0,0,0,0,0,0,0,0,0,0,0,0,0,0,0,0,0,0,0,NA,NA,NA,"CD_I998043",FALSE,26,"Courtney","Gum","away","GWS GIANTS"
"CD_M20192640105","2019-02-03T06:05:00.000+0000","CONCLUDED","2019 NAB AFLW Season","Round 1",1,"Moreton Bay Central Sports Complex","Brisbane Lions","Brisbane Lions","GWS GIANTS","GWS GIANTS",14,"https://s.afl.com.au/staticfile/AFL Tenant/AFL/Players/ChampIDImages/AFLW/2019264/1003022.png?im=Scale,width=0.6,height=0.6","INT","CD_I1003022",FALSE,14,"Maddy","Collier","CD_T7889",NA,76,0,0,NA,7,2,9,1,0,2,4,5,9,2,0,0,0,1,55.6,3,0,1,33,1,0,0,0,NA,"2019-02-15T06:23:46.427+0000",2,1,0,0,NA,NA,NA,0,207,0,0,0,0,0,0,0,0,0,0,0,0,0,0,0,0,0,0,0,0,0,0,0,0,0,0,NA,NA,NA,"CD_I1003022",FALSE,14,"Maddy","Collier","away","GWS GIANTS"
"CD_M20192640105","2019-02-03T06:05:00.000+0000","CONCLUDED","2019 NAB AFLW Season","Round 1",1,"Moreton Bay Central Sports Complex","Brisbane Lions","Brisbane Lions","GWS GIANTS","GWS GIANTS",23,"https://s.afl.com.au/staticfile/AFL Tenant/AFL/Players/ChampIDImages/AFLW/2019264/1007019.png?im=Scale,width=0.6,height=0.6","RK","CD_I1007019",FALSE,23,"Erin","McKinnon","CD_T7889",NA,80,0,0,NA,0,5,5,0,0,1,5,1,6,1,0,0,31,2,60,0,0,0,45,1,0,0,0,NA,"2019-02-15T06:23:46.427+0000",1,1,0,0,NA,NA,NA,0,11,0,1,1,0,0,0,0,0,0,0,0,0,0,0,0,0,0,0,0,0,0,0,0,0,0,0,NA,NA,NA,"CD_I1007019",FALSE,23,"Erin","McKinnon","away","GWS GIANTS"
"CD_M20192640105","2019-02-03T06:05:00.000+0000","CONCLUDED","2019 NAB AFLW Season","Round 1",1,"Moreton Bay Central Sports Complex","Brisbane Lions","Brisbane Lions","GWS GIANTS","GWS GIANTS",5,"https://s.afl.com.au/staticfile/AFL Tenant/AFL/Players/ChampIDImages/AFLW/2019264/1001681.png?im=Scale,width=0.6,height=0.6","FPR","CD_I1001681",FALSE,5,"Jodie","Hicks","CD_T7889",NA,97,0,1,NA,4,6,10,1,0,4,7,3,10,1,0,0,0,0,60,2,1,1,42,0,0,0,0,NA,"2019-02-15T06:23:46.427+0000",1,0,0,1,NA,NA,NA,1,48,0,0,0,0,0,0,0,0,0,0,0,0,0,0,0,0,0,0,0,0,0,0,0,0,0,0,NA,NA,NA,"CD_I1001681",FALSE,5,"Jodie","Hicks","away","GWS GIANTS"
"CD_M20192640105","2019-02-03T06:05:00.000+0000","CONCLUDED","2019 NAB AFLW Season","Round 1",1,"Moreton Bay Central Sports Complex","Brisbane Lions","Brisbane Lions","GWS GIANTS","GWS GIANTS",17,"https://s.afl.com.au/staticfile/AFL Tenant/AFL/Players/ChampIDImages/AFLW/2019264/998032.png?im=Scale,width=0.6,height=0.6","RR","CD_I998032",FALSE,17,"Emma","Swanson","CD_T7889",NA,95,0,0,NA,13,5,18,4,0,2,8,10,18,0,0,1,0,4,50,5,1,0,70,7,0,0,0,NA,"2019-02-15T06:23:46.427+0000",4,7,0,0,NA,NA,NA,1,274,0,1,1,0,0,0,0,0,0,0,0,0,0,0,0,0,0,0,0,0,0,0,0,0,0,0,NA,NA,NA,"CD_I998032",FALSE,17,"Emma","Swanson","away","GWS GIANTS"
"CD_M20192640105","2019-02-03T06:05:00.000+0000","CONCLUDED","2019 NAB AFLW Season","Round 1",1,"Moreton Bay Central Sports Complex","Brisbane Lions","Brisbane Lions","GWS GIANTS","GWS GIANTS",12,"https://s.afl.com.au/staticfile/AFL Tenant/AFL/Players/ChampIDImages/AFLW/2019264/296141.png?im=Scale,width=0.6,height=0.6","INT","CD_I296141",FALSE,12,"Louise","Stephenson","CD_T7889",NA,45,0,0,NA,4,4,8,2,0,0,5,3,8,1,0,1,3,0,62.5,2,0,1,26,0,0,0,0,NA,"2019-02-15T06:23:46.427+0000",0,2,0,0,NA,NA,NA,0,86,0,3,3,0,0,0,0,0,0,0,0,0,0,0,0,0,0,0,0,0,0,0,0,0,0,0,NA,NA,NA,"CD_I296141",FALSE,12,"Louise","Stephenson","away","GWS GIANTS"
"CD_M20192640105","2019-02-03T06:05:00.000+0000","CONCLUDED","2019 NAB AFLW Season","Round 1",1,"Moreton Bay Central Sports Complex","Brisbane Lions","Brisbane Lions","GWS GIANTS","GWS GIANTS",13,"https://s.afl.com.au/staticfile/AFL Tenant/AFL/Players/ChampIDImages/AFLW/2019264/1010666.png?im=Scale,width=0.6,height=0.6","BPL","CD_I1010666",FALSE,13,"Cora","Staunton","CD_T7889",NA,100,2,0,NA,11,3,14,2,0,2,6,6,12,5,1,0,0,1,57.1,0,0,0,65,0,0,100,0,NA,"2019-02-15T06:23:46.427+0000",1,1,1,2,NA,NA,NA,3,236,0,4,4,0,0,0,0,0,0,0,0,0,0,0,0,0,0,0,0,0,0,0,0,0,0,0,NA,NA,NA,"CD_I1010666",FALSE,13,"Cora","Staunton","away","GWS GIANTS"
"CD_M20192640105","2019-02-03T06:05:00.000+0000","CONCLUDED","2019 NAB AFLW Season","Round 1",1,"Moreton Bay Central Sports Complex","Brisbane Lions","Brisbane Lions","GWS GIANTS","GWS GIANTS",7,"https://s.afl.com.au/staticfile/AFL Tenant/AFL/Players/ChampIDImages/AFLW/2019264/296137.png?im=Scale,width=0.6,height=0.6","C","CD_I296137",FALSE,7,"Jessica","Dal Pos","CD_T7889",NA,86,0,0,NA,7,7,14,2,0,4,6,6,12,1,0,1,0,3,64.3,1,0,1,54,2,0,0,0,NA,"2019-02-15T06:23:46.427+0000",2,2,0,0,NA,NA,NA,0,143,1,1,2,0,0,0,0,0,0,0,0,0,0,0,0,0,0,0,0,0,0,0,0,0,0,0,NA,NA,NA,"CD_I296137",FALSE,7,"Jessica","Dal Pos","away","GWS GIANTS"
"CD_M20192640105","2019-02-03T06:05:00.000+0000","CONCLUDED","2019 NAB AFLW Season","Round 1",1,"Moreton Bay Central Sports Complex","Brisbane Lions","Brisbane Lions","GWS GIANTS","GWS GIANTS",21,"https://s.afl.com.au/staticfile/AFL Tenant/AFL/Players/ChampIDImages/AFLW/2019264/1001688.png?im=Scale,width=0.6,height=0.6","CHB","CD_I1001688",FALSE,21,"Pepa","Randall","CD_T7889",NA,79,0,0,NA,2,0,2,0,0,1,1,1,2,0,0,0,0,1,50,1,0,1,7,1,0,0,0,NA,"2019-02-15T06:23:46.427+0000",0,1,0,0,NA,NA,NA,0,47,0,0,0,0,0,0,0,0,0,0,0,0,0,0,0,0,0,0,0,0,0,0,0,0,0,0,NA,NA,NA,"CD_I1001688",FALSE,21,"Pepa","Randall","away","GWS GIANTS"
"CD_M20192640105","2019-02-03T06:05:00.000+0000","CONCLUDED","2019 NAB AFLW Season","Round 1",1,"Moreton Bay Central Sports Complex","Brisbane Lions","Brisbane Lions","GWS GIANTS","GWS GIANTS",11,"https://s.afl.com.au/staticfile/AFL Tenant/AFL/Players/ChampIDImages/AFLW/2019264/1005432.png?im=Scale,width=0.6,height=0.6","FB","CD_I1005432",FALSE,11,"Aimee","Schmidt","CD_T7889",NA,4,0,0,NA,0,0,0,0,0,0,0,0,0,0,0,0,0,0,0,0,0,0,0,0,0,0,0,NA,"2019-02-15T06:23:46.427+0000",0,0,0,0,NA,NA,NA,0,0,0,0,0,0,0,0,0,0,0,0,0,0,0,0,0,0,0,0,0,0,0,0,0,0,0,0,NA,NA,NA,"CD_I1005432",FALSE,11,"Aimee","Schmidt","away","GWS GIANTS"
"CD_M20192640105","2019-02-03T06:05:00.000+0000","CONCLUDED","2019 NAB AFLW Season","Round 1",1,"Moreton Bay Central Sports Complex","Brisbane Lions","Brisbane Lions","GWS GIANTS","GWS GIANTS",28,"https://s.afl.com.au/staticfile/AFL Tenant/AFL/Players/ChampIDImages/AFLW/2019264/997659.png?im=Scale,width=0.6,height=0.6","INT","CD_I997659",FALSE,28,"Phoebe","Monahan","CD_T7889",NA,72,0,0,NA,6,8,14,0,0,2,11,2,13,0,0,0,0,7,50,2,1,0,43,2,0,0,0,NA,"2019-02-15T06:23:46.427+0000",6,11,0,0,NA,NA,NA,0,102,0,2,2,0,0,0,0,0,0,0,0,0,0,0,0,0,0,0,0,0,0,0,0,0,0,0,NA,NA,NA,"CD_I997659",FALSE,28,"Phoebe","Monahan","away","GWS GIANTS"
"CD_M20192640105","2019-02-03T06:05:00.000+0000","CONCLUDED","2019 NAB AFLW Season","Round 1",1,"Moreton Bay Central Sports Complex","Brisbane Lions","Brisbane Lions","GWS GIANTS","GWS GIANTS",2,"https://s.afl.com.au/staticfile/AFL Tenant/AFL/Players/ChampIDImages/AFLW/2019264/998029.png?im=Scale,width=0.6,height=0.6","CHF","CD_I998029",FALSE,2,"Alicia","Eva","CD_T7889",NA,82,0,0,NA,13,2,15,2,0,2,6,9,15,2,0,0,0,1,60,5,2,0,59,4,0,0,0,NA,"2019-02-15T06:23:46.427+0000",3,2,1,1,NA,NA,NA,2,292,0,1,1,0,0,0,0,0,0,0,0,0,0,0,0,0,0,0,0,0,0,0,0,0,0,0,NA,NA,NA,"CD_I998029",FALSE,2,"Alicia","Eva","away","GWS GIANTS"
"CD_M20192640105","2019-02-03T06:05:00.000+0000","CONCLUDED","2019 NAB AFLW Season","Round 1",1,"Moreton Bay Central Sports Complex","Brisbane Lions","Brisbane Lions","GWS GIANTS","GWS GIANTS",18,"https://s.afl.com.au/staticfile/AFL Tenant/AFL/Players/ChampIDImages/AFLW/2019264/1005476.png?im=Scale,width=0.6,height=0.6","HBFR","CD_I1005476",FALSE,18,"Amanda","Farrugia","CD_T7889",NA,65,0,0,NA,3,2,5,0,0,3,4,1,5,0,0,0,0,2,40,1,0,1,22,2,0,0,0,NA,"2019-02-15T06:23:46.427+0000",3,0,0,0,NA,NA,NA,0,46,0,0,0,0,0,0,0,0,0,0,0,0,0,0,0,0,0,0,0,0,0,0,0,0,0,0,NA,NA,NA,"CD_I1005476",FALSE,18,"Amanda","Farrugia","away","GWS GIANTS"
"CD_M20192640105","2019-02-03T06:05:00.000+0000","CONCLUDED","2019 NAB AFLW Season","Round 1",1,"Moreton Bay Central Sports Complex","Brisbane Lions","Brisbane Lions","GWS GIANTS","GWS GIANTS",22,"https://s.afl.com.au/staticfile/AFL Tenant/AFL/Players/ChampIDImages/AFLW/2019264/1010686.png?im=Scale,width=0.6,height=0.6","INT","CD_I1010686",FALSE,22,"Elle","Bennetts","CD_T7889",NA,63,0,0,NA,7,1,8,0,0,2,3,6,9,0,0,0,0,0,50,2,0,1,28,0,0,0,0,NA,"2019-02-15T06:23:46.427+0000",2,2,0,1,NA,NA,NA,2,175,0,1,1,0,0,0,0,0,0,0,0,0,0,0,0,0,0,0,0,0,0,0,0,0,0,0,NA,NA,NA,"CD_I1010686",FALSE,22,"Elle","Bennetts","away","GWS GIANTS"
"CD_M20192640105","2019-02-03T06:05:00.000+0000","CONCLUDED","2019 NAB AFLW Season","Round 1",1,"Moreton Bay Central Sports Complex","Brisbane Lions","Brisbane Lions","GWS GIANTS","GWS GIANTS",27,"https://s.afl.com.au/staticfile/AFL Tenant/AFL/Players/ChampIDImages/AFLW/2019264/1013935.png?im=Scale,width=0.6,height=0.6","FPL","CD_I1013935",FALSE,27,"Yvonne","Bonner","CD_T7889",NA,79,1,0,NA,4,3,7,0,0,1,5,3,8,1,0,0,0,0,85.7,4,2,3,21,0,0,50,0,NA,"2019-02-15T06:23:46.427+0000",2,0,0,2,NA,NA,NA,3,152,0,0,0,0,0,0,0,0,0,0,0,0,0,0,0,0,0,0,0,0,0,0,0,0,0,0,NA,NA,NA,"CD_I1013935",FALSE,27,"Yvonne","Bonner","away","GWS GIANTS"
"CD_M20192640105","2019-02-03T06:05:00.000+0000","CONCLUDED","2019 NAB AFLW Season","Round 1",1,"Moreton Bay Central Sports Complex","Brisbane Lions","Brisbane Lions","GWS GIANTS","GWS GIANTS",4,"https://s.afl.com.au/staticfile/AFL Tenant/AFL/Players/ChampIDImages/AFLW/2019264/997680.png?im=Scale,width=0.6,height=0.6","HFFR","CD_I997680",FALSE,4,"Christina","Bernardi","CD_T7889",NA,88,1,0,NA,7,1,8,4,0,2,4,6,10,0,2,1,0,2,25,3,0,1,46,1,1,33.3,0,NA,"2019-02-15T06:23:46.427+0000",4,1,1,3,NA,NA,NA,2,214,0,0,0,0,0,0,0,0,0,0,0,0,0,0,0,0,0,0,0,0,0,0,0,0,0,0,NA,NA,NA,"CD_I997680",FALSE,4,"Christina","Bernardi","away","GWS GIANTS"
"CD_M20192640105","2019-02-03T06:05:00.000+0000","CONCLUDED","2019 NAB AFLW Season","Round 1",1,"Moreton Bay Central Sports Complex","Brisbane Lions","Brisbane Lions","GWS GIANTS","GWS GIANTS",8,"https://s.afl.com.au/staticfile/AFL Tenant/AFL/Players/ChampIDImages/AFLW/2019264/1005452.png?im=Scale,width=0.6,height=0.6","HBFL","CD_I1005452",FALSE,8,"Nicola","Barr","CD_T7889",NA,88,0,0,NA,5,4,9,2,0,1,4,5,9,1,0,0,0,1,66.7,2,0,0,33,1,0,0,0,NA,"2019-02-15T06:23:46.427+0000",3,5,0,0,NA,NA,NA,1,100,0,1,1,0,0,0,0,0,0,0,0,0,0,0,0,0,0,0,0,0,0,0,0,0,0,0,NA,NA,NA,"CD_I1005452",FALSE,8,"Nicola","Barr","away","GWS GIANTS"
"CD_M20192640105","2019-02-03T06:05:00.000+0000","CONCLUDED","2019 NAB AFLW Season","Round 1",1,"Moreton Bay Central Sports Complex","Brisbane Lions","Brisbane Lions","GWS GIANTS","GWS GIANTS",6,"https://s.afl.com.au/staticfile/AFL Tenant/AFL/Players/ChampIDImages/AFLW/2019264/1005453.png?im=Scale,width=0.6,height=0.6","INT","CD_I1005453",FALSE,6,"Rebecca","Beeson","CD_T7889",NA,66,0,1,NA,9,9,18,2,0,1,6,12,18,2,0,0,0,0,77.8,1,0,0,56,0,0,0,0,NA,"2019-02-15T06:23:46.427+0000",2,0,0,1,NA,NA,NA,4,268,0,4,4,0,0,0,0,0,0,0,0,0,0,0,0,0,0,0,0,0,0,0,0,0,0,0,NA,NA,NA,"CD_I1005453",FALSE,6,"Rebecca","Beeson","away","GWS GIANTS"
"CD_M20192640105","2019-02-03T06:05:00.000+0000","CONCLUDED","2019 NAB AFLW Season","Round 1",1,"Moreton Bay Central Sports Complex","Brisbane Lions","Brisbane Lions","GWS GIANTS","GWS GIANTS",9,"https://s.afl.com.au/staticfile/AFL Tenant/AFL/Players/ChampIDImages/AFLW/2019264/997684.png?im=Scale,width=0.6,height=0.6","BPR","CD_I997684",FALSE,9,"Tanya","Hetherington","CD_T7889",NA,100,0,0,NA,2,3,5,0,0,2,2,2,4,0,0,0,0,6,100,1,0,1,17,1,0,0,0,NA,"2019-02-15T06:23:46.427+0000",0,3,0,0,NA,NA,NA,1,57,0,0,0,0,0,0,0,0,0,0,0,0,0,0,0,0,0,0,0,0,0,0,0,0,0,0,NA,NA,NA,"CD_I997684",FALSE,9,"Tanya","Hetherington","away","GWS GIANTS"
"CD_M20192640105","2019-02-03T06:05:00.000+0000","CONCLUDED","2019 NAB AFLW Season","Round 1",1,"Moreton Bay Central Sports Complex","Brisbane Lions","Brisbane Lions","GWS GIANTS","GWS GIANTS",3,"https://s.afl.com.au/staticfile/AFL Tenant/AFL/Players/ChampIDImages/AFLW/2019264/1009799.png?im=Scale,width=0.6,height=0.6","R","CD_I1009799",FALSE,3,"Alyce","Parker","CD_T7889",NA,84,0,0,NA,6,12,18,4,0,3,9,10,19,1,0,1,0,3,72.2,3,0,1,63,1,0,0,0,NA,"2019-02-15T06:23:46.427+0000",5,6,1,0,NA,NA,NA,6,167,0,1,1,0,0,0,0,0,0,0,0,0,0,0,0,0,0,0,0,0,0,0,0,0,0,0,NA,NA,NA,"CD_I1009799",FALSE,3,"Alyce","Parker","away","GWS GIANTS"
"CD_M20192640201","2019-02-08T08:15:00.000+0000","CONCLUDED","2019 NAB AFLW Season","Round 2",2,"Drummoyne Oval","GWS GIANTS","GWS GIANTS","North Melbourne","North Melbourne",27,"https://s.afl.com.au/staticfile/AFL Tenant/AFL/Players/ChampIDImages/AFLW/2019264/1013935.png?im=Scale,width=0.6,height=0.6","FPR","CD_I1013935",FALSE,27,"Yvonne","Bonner","CD_T7889",NA,99,1,1,NA,7,4,11,2,0,3,6,5,11,0,1,1,0,1,72.7,2,1,0,55,1,0,50,0,NA,"2019-02-15T06:34:27.286+0000",1,1,1,2,NA,NA,NA,3,152,0,1,1,0,0,0,0,0,0,0,0,0,0,0,0,0,0,0,0,0,0,0,0,0,0,0,NA,NA,NA,"CD_I1013935",FALSE,27,"Yvonne","Bonner","home","GWS GIANTS"
"CD_M20192640201","2019-02-08T08:15:00.000+0000","CONCLUDED","2019 NAB AFLW Season","Round 2",2,"Drummoyne Oval","GWS GIANTS","GWS GIANTS","North Melbourne","North Melbourne",26,"https://s.afl.com.au/staticfile/AFL Tenant/AFL/Players/ChampIDImages/AFLW/2019264/998043.png?im=Scale,width=0.6,height=0.6","RR","CD_I998043",FALSE,26,"Courtney","Gum","CD_T7889",NA,91,0,0,NA,8,3,11,1,0,6,4,7,11,3,0,0,0,1,63.6,3,1,2,52,1,1,0,0,NA,"2019-02-15T06:34:27.286+0000",2,3,1,0,NA,NA,NA,3,213,0,0,0,0,0,0,0,0,0,0,0,0,0,0,0,0,0,0,0,0,0,0,0,0,0,0,NA,NA,NA,"CD_I998043",FALSE,26,"Courtney","Gum","home","GWS GIANTS"
"CD_M20192640201","2019-02-08T08:15:00.000+0000","CONCLUDED","2019 NAB AFLW Season","Round 2",2,"Drummoyne Oval","GWS GIANTS","GWS GIANTS","North Melbourne","North Melbourne",23,"https://s.afl.com.au/staticfile/AFL Tenant/AFL/Players/ChampIDImages/AFLW/2019264/1007019.png?im=Scale,width=0.6,height=0.6","RK","CD_I1007019",FALSE,23,"Erin","McKinnon","CD_T7889",NA,54,0,0,NA,2,4,6,1,0,3,4,2,6,1,0,0,30,0,66.7,1,0,1,56,1,0,0,0,NA,"2019-02-15T06:34:27.286+0000",1,3,1,0,NA,NA,NA,5,59,1,0,1,0,0,0,0,0,0,0,0,0,0,0,0,0,0,0,0,0,0,0,0,0,0,0,NA,NA,NA,"CD_I1007019",FALSE,23,"Erin","McKinnon","home","GWS GIANTS"
"CD_M20192640201","2019-02-08T08:15:00.000+0000","CONCLUDED","2019 NAB AFLW Season","Round 2",2,"Drummoyne Oval","GWS GIANTS","GWS GIANTS","North Melbourne","North Melbourne",6,"https://s.afl.com.au/staticfile/AFL Tenant/AFL/Players/ChampIDImages/AFLW/2019264/1005453.png?im=Scale,width=0.6,height=0.6","R","CD_I1005453",FALSE,6,"Rebecca","Beeson","CD_T7889",NA,72,0,2,NA,6,12,18,1,0,3,12,7,19,1,0,0,0,0,61.1,3,1,0,60,0,0,0,0,NA,"2019-02-15T06:34:27.286+0000",3,2,0,2,NA,NA,NA,6,81,1,4,5,0,0,0,0,0,0,0,0,0,0,0,0,0,0,0,0,0,0,0,0,0,0,0,NA,NA,NA,"CD_I1005453",FALSE,6,"Rebecca","Beeson","home","GWS GIANTS"
"CD_M20192640201","2019-02-08T08:15:00.000+0000","CONCLUDED","2019 NAB AFLW Season","Round 2",2,"Drummoyne Oval","GWS GIANTS","GWS GIANTS","North Melbourne","North Melbourne",22,"https://s.afl.com.au/staticfile/AFL Tenant/AFL/Players/ChampIDImages/AFLW/2019264/1010686.png?im=Scale,width=0.6,height=0.6","INT","CD_I1010686",FALSE,22,"Elle","Bennetts","CD_T7889",NA,86,0,2,NA,7,2,9,0,0,3,4,5,9,2,0,0,0,1,66.7,0,2,0,41,1,0,0,0,NA,"2019-02-15T06:34:27.286+0000",1,1,0,2,NA,NA,NA,3,196,0,0,0,0,0,0,0,0,0,0,0,0,0,0,0,0,0,0,0,0,0,0,0,0,0,0,NA,NA,NA,"CD_I1010686",FALSE,22,"Elle","Bennetts","home","GWS GIANTS"
"CD_M20192640201","2019-02-08T08:15:00.000+0000","CONCLUDED","2019 NAB AFLW Season","Round 2",2,"Drummoyne Oval","GWS GIANTS","GWS GIANTS","North Melbourne","North Melbourne",34,"https://s.afl.com.au/staticfile/AFL Tenant/AFL/Players/ChampIDImages/AFLW/2019264/1005451.png?im=Scale,width=0.6,height=0.6","CHF","CD_I1005451",FALSE,34,"Jacinda","Barclay","CD_T7889",NA,60,0,0,NA,5,5,10,0,0,2,6,4,10,1,0,0,0,1,40,3,0,1,30,0,0,0,0,NA,"2019-02-15T06:34:27.286+0000",4,3,0,0,NA,NA,NA,4,58,0,1,1,0,0,0,0,0,0,0,0,0,0,0,0,0,0,0,0,0,0,0,0,0,0,0,NA,NA,NA,"CD_I1005451",FALSE,34,"Jacinda","Barclay","home","GWS GIANTS"
"CD_M20192640201","2019-02-08T08:15:00.000+0000","CONCLUDED","2019 NAB AFLW Season","Round 2",2,"Drummoyne Oval","GWS GIANTS","GWS GIANTS","North Melbourne","North Melbourne",13,"https://s.afl.com.au/staticfile/AFL Tenant/AFL/Players/ChampIDImages/AFLW/2019264/1010666.png?im=Scale,width=0.6,height=0.6","INT","CD_I1010666",FALSE,13,"Cora","Staunton","CD_T7889",NA,91,0,0,NA,12,3,15,2,0,1,8,6,14,9,0,1,0,0,60,3,3,2,49,1,0,0,0,NA,"2019-02-15T06:34:27.286+0000",8,5,0,1,NA,NA,NA,4,303,0,0,0,0,0,0,0,0,0,0,0,0,0,0,0,0,0,0,0,0,0,0,0,0,0,0,NA,NA,NA,"CD_I1010666",FALSE,13,"Cora","Staunton","home","GWS GIANTS"
"CD_M20192640201","2019-02-08T08:15:00.000+0000","CONCLUDED","2019 NAB AFLW Season","Round 2",2,"Drummoyne Oval","GWS GIANTS","GWS GIANTS","North Melbourne","North Melbourne",18,"https://s.afl.com.au/staticfile/AFL Tenant/AFL/Players/ChampIDImages/AFLW/2019264/1005476.png?im=Scale,width=0.6,height=0.6","HBFL","CD_I1005476",FALSE,18,"Amanda","Farrugia","CD_T7889",NA,74,0,0,NA,4,3,7,1,0,5,3,3,6,1,0,0,0,0,42.9,2,0,1,38,0,0,0,0,NA,"2019-02-15T06:34:27.286+0000",3,2,0,0,NA,NA,NA,0,14,0,1,1,0,0,0,0,0,0,0,0,0,0,0,0,0,0,0,0,0,0,0,0,0,0,0,NA,NA,NA,"CD_I1005476",FALSE,18,"Amanda","Farrugia","home","GWS GIANTS"
"CD_M20192640201","2019-02-08T08:15:00.000+0000","CONCLUDED","2019 NAB AFLW Season","Round 2",2,"Drummoyne Oval","GWS GIANTS","GWS GIANTS","North Melbourne","North Melbourne",19,"https://s.afl.com.au/staticfile/AFL Tenant/AFL/Players/ChampIDImages/AFLW/2019264/1007338.png?im=Scale,width=0.6,height=0.6","FF","CD_I1007338",FALSE,19,"Brittany","Perry","CD_T7889",NA,62,0,0,NA,0,2,2,0,0,2,4,0,4,0,0,0,0,0,50,2,1,2,7,1,0,0,0,NA,"2019-02-15T06:34:27.286+0000",2,2,0,0,NA,NA,NA,1,-5,0,0,0,0,0,0,0,0,0,0,0,0,0,0,0,0,0,0,0,0,0,0,0,0,0,0,NA,NA,NA,"CD_I1007338",FALSE,19,"Brittany","Perry","home","GWS GIANTS"
"CD_M20192640201","2019-02-08T08:15:00.000+0000","CONCLUDED","2019 NAB AFLW Season","Round 2",2,"Drummoyne Oval","GWS GIANTS","GWS GIANTS","North Melbourne","North Melbourne",28,"https://s.afl.com.au/staticfile/AFL Tenant/AFL/Players/ChampIDImages/AFLW/2019264/997659.png?im=Scale,width=0.6,height=0.6","INT","CD_I997659",FALSE,28,"Phoebe","Monahan","CD_T7889",NA,96,0,0,NA,1,2,3,0,0,4,2,0,2,0,0,0,0,6,33.3,1,0,0,23,0,0,0,0,NA,"2019-02-15T06:34:27.286+0000",2,2,0,0,NA,NA,NA,0,12,0,0,0,0,0,0,0,0,0,0,0,0,0,0,0,0,0,0,0,0,0,0,0,0,0,0,NA,NA,NA,"CD_I997659",FALSE,28,"Phoebe","Monahan","home","GWS GIANTS"
"CD_M20192640201","2019-02-08T08:15:00.000+0000","CONCLUDED","2019 NAB AFLW Season","Round 2",2,"Drummoyne Oval","GWS GIANTS","GWS GIANTS","North Melbourne","North Melbourne",3,"https://s.afl.com.au/staticfile/AFL Tenant/AFL/Players/ChampIDImages/AFLW/2019264/1009799.png?im=Scale,width=0.6,height=0.6","INT","CD_I1009799",FALSE,3,"Alyce","Parker","CD_T7889",NA,77,0,1,NA,10,4,14,1,0,7,7,6,13,5,0,0,0,2,42.9,2,0,0,70,0,0,0,0,NA,"2019-02-15T06:34:27.286+0000",2,1,1,1,NA,NA,NA,4,222,2,0,2,0,0,0,0,0,0,0,0,0,0,0,0,0,0,0,0,0,0,0,0,0,0,0,NA,NA,NA,"CD_I1009799",FALSE,3,"Alyce","Parker","home","GWS GIANTS"
"CD_M20192640201","2019-02-08T08:15:00.000+0000","CONCLUDED","2019 NAB AFLW Season","Round 2",2,"Drummoyne Oval","GWS GIANTS","GWS GIANTS","North Melbourne","North Melbourne",7,"https://s.afl.com.au/staticfile/AFL Tenant/AFL/Players/ChampIDImages/AFLW/2019264/296137.png?im=Scale,width=0.6,height=0.6","HFFL","CD_I296137",FALSE,7,"Jessica","Dal Pos","CD_T7889",NA,64,0,1,NA,12,5,17,3,0,5,10,6,16,0,0,1,0,0,58.8,1,1,0,77,4,0,0,0,NA,"2019-02-15T06:34:27.286+0000",6,7,1,1,NA,NA,NA,3,182,1,2,3,0,0,0,0,0,0,0,0,0,0,0,0,0,0,0,0,0,0,0,0,0,0,0,NA,NA,NA,"CD_I296137",FALSE,7,"Jessica","Dal Pos","home","GWS GIANTS"
"CD_M20192640201","2019-02-08T08:15:00.000+0000","CONCLUDED","2019 NAB AFLW Season","Round 2",2,"Drummoyne Oval","GWS GIANTS","GWS GIANTS","North Melbourne","North Melbourne",8,"https://s.afl.com.au/staticfile/AFL Tenant/AFL/Players/ChampIDImages/AFLW/2019264/1005452.png?im=Scale,width=0.6,height=0.6","BPR","CD_I1005452",FALSE,8,"Nicola","Barr","CD_T7889",NA,99,0,0,NA,9,3,12,0,0,7,5,5,10,1,0,0,0,2,50,2,0,0,61,2,0,0,0,NA,"2019-02-15T06:34:27.286+0000",5,6,0,0,NA,NA,NA,1,216,0,0,0,0,0,0,0,0,0,0,0,0,0,0,0,0,0,0,0,0,0,0,0,0,0,0,NA,NA,NA,"CD_I1005452",FALSE,8,"Nicola","Barr","home","GWS GIANTS"
"CD_M20192640201","2019-02-08T08:15:00.000+0000","CONCLUDED","2019 NAB AFLW Season","Round 2",2,"Drummoyne Oval","GWS GIANTS","GWS GIANTS","North Melbourne","North Melbourne",2,"https://s.afl.com.au/staticfile/AFL Tenant/AFL/Players/ChampIDImages/AFLW/2019264/998029.png?im=Scale,width=0.6,height=0.6","C","CD_I998029",FALSE,2,"Alicia","Eva","CD_T7889",NA,61,1,0,NA,12,3,15,1,0,5,6,6,12,0,0,0,0,2,46.7,3,0,1,68,2,0,100,0,NA,"2019-02-15T06:34:27.286+0000",2,3,1,1,NA,NA,NA,2,223,0,0,0,0,0,0,0,0,0,0,0,0,0,0,0,0,0,0,0,0,0,0,0,0,0,0,NA,NA,NA,"CD_I998029",FALSE,2,"Alicia","Eva","home","GWS GIANTS"
"CD_M20192640201","2019-02-08T08:15:00.000+0000","CONCLUDED","2019 NAB AFLW Season","Round 2",2,"Drummoyne Oval","GWS GIANTS","GWS GIANTS","North Melbourne","North Melbourne",24,"https://s.afl.com.au/staticfile/AFL Tenant/AFL/Players/ChampIDImages/AFLW/2019264/1009801.png?im=Scale,width=0.6,height=0.6","HFFR","CD_I1009801",FALSE,24,"Haneen","Zreika","CD_T7889",NA,70,0,0,NA,3,3,6,1,0,5,3,3,6,0,0,0,0,1,66.7,2,0,1,35,0,0,0,0,NA,"2019-02-15T06:34:27.286+0000",1,2,2,0,NA,NA,NA,0,73,0,0,0,0,0,0,0,0,0,0,0,0,0,0,0,0,0,0,0,0,0,0,0,0,0,0,NA,NA,NA,"CD_I1009801",FALSE,24,"Haneen","Zreika","home","GWS GIANTS"
"CD_M20192640201","2019-02-08T08:15:00.000+0000","CONCLUDED","2019 NAB AFLW Season","Round 2",2,"Drummoyne Oval","GWS GIANTS","GWS GIANTS","North Melbourne","North Melbourne",10,"https://s.afl.com.au/staticfile/AFL Tenant/AFL/Players/ChampIDImages/AFLW/2019264/1007148.png?im=Scale,width=0.6,height=0.6","HBFR","CD_I1007148",FALSE,10,"Ellie","Brush","CD_T7889",NA,100,0,0,NA,10,3,13,2,0,3,5,4,9,2,0,0,0,6,46.2,5,2,2,50,3,0,0,0,NA,"2019-02-15T06:34:27.286+0000",4,6,0,1,NA,NA,NA,1,150,0,2,2,0,0,0,0,0,0,0,0,0,0,0,0,0,0,0,0,0,0,0,0,0,0,0,NA,NA,NA,"CD_I1007148",FALSE,10,"Ellie","Brush","home","GWS GIANTS"
"CD_M20192640201","2019-02-08T08:15:00.000+0000","CONCLUDED","2019 NAB AFLW Season","Round 2",2,"Drummoyne Oval","GWS GIANTS","GWS GIANTS","North Melbourne","North Melbourne",21,"https://s.afl.com.au/staticfile/AFL Tenant/AFL/Players/ChampIDImages/AFLW/2019264/1001688.png?im=Scale,width=0.6,height=0.6","BPL","CD_I1001688",FALSE,21,"Pepa","Randall","CD_T7889",NA,100,0,0,NA,0,1,1,0,0,0,0,1,1,0,0,0,0,3,100,2,0,1,-1,0,0,0,0,NA,"2019-02-15T06:34:27.286+0000",0,0,0,0,NA,NA,NA,0,-2,0,0,0,0,0,0,0,0,0,0,0,0,0,0,0,0,0,0,0,0,0,0,0,0,0,0,NA,NA,NA,"CD_I1001688",FALSE,21,"Pepa","Randall","home","GWS GIANTS"
"CD_M20192640201","2019-02-08T08:15:00.000+0000","CONCLUDED","2019 NAB AFLW Season","Round 2",2,"Drummoyne Oval","GWS GIANTS","GWS GIANTS","North Melbourne","North Melbourne",9,"https://s.afl.com.au/staticfile/AFL Tenant/AFL/Players/ChampIDImages/AFLW/2019264/997684.png?im=Scale,width=0.6,height=0.6","INT","CD_I997684",FALSE,9,"Tanya","Hetherington","CD_T7889",NA,80,0,0,NA,3,2,5,0,0,0,2,0,2,0,0,0,0,2,100,0,0,0,13,3,0,0,0,NA,"2019-02-15T06:34:27.286+0000",0,2,0,0,NA,NA,NA,0,114,0,0,0,0,0,0,0,0,0,0,0,0,0,0,0,0,0,0,0,0,0,0,0,0,0,0,NA,NA,NA,"CD_I997684",FALSE,9,"Tanya","Hetherington","home","GWS GIANTS"
"CD_M20192640201","2019-02-08T08:15:00.000+0000","CONCLUDED","2019 NAB AFLW Season","Round 2",2,"Drummoyne Oval","GWS GIANTS","GWS GIANTS","North Melbourne","North Melbourne",4,"https://s.afl.com.au/staticfile/AFL Tenant/AFL/Players/ChampIDImages/AFLW/2019264/997680.png?im=Scale,width=0.6,height=0.6","FPL","CD_I997680",FALSE,4,"Christina","Bernardi","CD_T7889",NA,90,0,3,NA,5,0,5,1,0,5,1,4,5,1,0,0,0,2,0,3,1,0,42,0,0,0,0,NA,"2019-02-15T06:34:27.286+0000",2,0,3,3,NA,NA,NA,3,96,0,1,1,0,0,0,0,0,0,0,0,0,0,0,0,0,0,0,0,0,0,0,0,0,0,0,NA,NA,NA,"CD_I997680",FALSE,4,"Christina","Bernardi","home","GWS GIANTS"
"CD_M20192640201","2019-02-08T08:15:00.000+0000","CONCLUDED","2019 NAB AFLW Season","Round 2",2,"Drummoyne Oval","GWS GIANTS","GWS GIANTS","North Melbourne","North Melbourne",12,"https://s.afl.com.au/staticfile/AFL Tenant/AFL/Players/ChampIDImages/AFLW/2019264/296141.png?im=Scale,width=0.6,height=0.6","CHB","CD_I296141",FALSE,12,"Louise","Stephenson","CD_T7889",NA,62,0,0,NA,7,3,10,4,0,5,5,4,9,1,0,1,7,0,60,4,1,1,64,1,0,0,0,NA,"2019-02-15T06:34:27.286+0000",3,2,0,0,NA,NA,NA,1,104,0,2,2,0,0,0,0,0,0,0,0,0,0,0,0,0,0,0,0,0,0,0,0,0,0,0,NA,NA,NA,"CD_I296141",FALSE,12,"Louise","Stephenson","home","GWS GIANTS"
"CD_M20192640201","2019-02-08T08:15:00.000+0000","CONCLUDED","2019 NAB AFLW Season","Round 2",2,"Drummoyne Oval","GWS GIANTS","GWS GIANTS","North Melbourne","North Melbourne",17,"https://s.afl.com.au/staticfile/AFL Tenant/AFL/Players/ChampIDImages/AFLW/2019264/998032.png?im=Scale,width=0.6,height=0.6","FB","CD_I998032",FALSE,17,"Emma","Swanson","CD_T7889",NA,11,0,0,NA,0,0,0,0,0,0,0,0,0,0,0,0,0,0,0,0,0,0,0,0,0,0,0,NA,"2019-02-15T06:34:27.286+0000",0,0,0,0,NA,NA,NA,0,0,0,0,0,0,0,0,0,0,0,0,0,0,0,0,0,0,0,0,0,0,0,0,0,0,0,0,NA,NA,NA,"CD_I998032",FALSE,17,"Emma","Swanson","home","GWS GIANTS"
"CD_M20192640201","2019-02-08T08:15:00.000+0000","CONCLUDED","2019 NAB AFLW Season","Round 2",2,"Drummoyne Oval","GWS GIANTS","GWS GIANTS","North Melbourne","North Melbourne",11,"https://s.afl.com.au/staticfile/AFL Tenant/AFL/Players/ChampIDImages/AFLW/2019264/1013025.png?im=Scale,width=0.6,height=0.6","INT","CD_I1013025",FALSE,11,"Daisy","Bateman","CD_T8466",NA,70,2,1,NA,3,1,4,0,0,3,2,2,4,0,0,0,0,0,50,0,1,0,37,0,0,66.7,0,NA,"2019-02-15T06:34:27.286+0000",0,0,1,3,NA,NA,NA,3,45,0,0,0,0,0,0,0,0,0,0,0,0,0,0,0,0,0,0,0,0,0,0,0,0,0,0,NA,NA,NA,"CD_I1013025",FALSE,11,"Daisy","Bateman","away","North Melbourne"
"CD_M20192640201","2019-02-08T08:15:00.000+0000","CONCLUDED","2019 NAB AFLW Season","Round 2",2,"Drummoyne Oval","GWS GIANTS","GWS GIANTS","North Melbourne","North Melbourne",6,"https://s.afl.com.au/staticfile/AFL Tenant/AFL/Players/ChampIDImages/AFLW/2019264/1003021.png?im=Scale,width=0.6,height=0.6","BPR","CD_I1003021",FALSE,6,"Emma","Humphries","CD_T8466",NA,65,0,0,NA,3,1,4,0,0,2,2,2,4,0,0,0,0,0,25,0,0,0,19,0,0,0,0,NA,"2019-02-15T06:34:27.286+0000",1,0,0,0,NA,NA,NA,1,46,0,0,0,0,0,0,0,0,0,0,0,0,0,0,0,0,0,0,0,0,0,0,0,0,0,0,NA,NA,NA,"CD_I1003021",FALSE,6,"Emma","Humphries","away","North Melbourne"
"CD_M20192640201","2019-02-08T08:15:00.000+0000","CONCLUDED","2019 NAB AFLW Season","Round 2",2,"Drummoyne Oval","GWS GIANTS","GWS GIANTS","North Melbourne","North Melbourne",60,"https://s.afl.com.au/staticfile/AFL Tenant/AFL/Players/ChampIDImages/AFLW/2019264/1001686.png?im=Scale,width=0.6,height=0.6","RK","CD_I1001686",FALSE,60,"Emma","King","CD_T8466",NA,95,2,1,NA,5,1,6,3,0,4,5,1,6,2,2,2,10,5,66.7,1,1,1,63,0,0,66.7,0,NA,"2019-02-15T06:34:27.286+0000",1,2,2,3,NA,NA,NA,4,115,0,1,1,0,0,0,0,0,0,0,0,0,0,0,0,0,0,0,0,0,0,0,0,0,0,0,NA,NA,NA,"CD_I1001686",FALSE,60,"Emma","King","away","North Melbourne"
"CD_M20192640201","2019-02-08T08:15:00.000+0000","CONCLUDED","2019 NAB AFLW Season","Round 2",2,"Drummoyne Oval","GWS GIANTS","GWS GIANTS","North Melbourne","North Melbourne",1,"https://s.afl.com.au/staticfile/AFL Tenant/AFL/Players/ChampIDImages/AFLW/2019264/1010252.png?im=Scale,width=0.6,height=0.6","FPL","CD_I1010252",FALSE,1,"Sophie","Abbatangelo","CD_T8466",NA,69,1,0,NA,5,7,12,2,0,0,11,3,14,1,2,1,0,0,75,1,0,1,38,0,1,100,0,NA,"2019-02-15T06:34:27.286+0000",2,3,0,1,NA,NA,NA,6,49,0,0,0,0,0,0,0,0,0,0,0,0,0,0,0,0,0,0,0,0,0,0,0,0,0,0,NA,NA,NA,"CD_I1010252",FALSE,1,"Sophie","Abbatangelo","away","North Melbourne"
"CD_M20192640201","2019-02-08T08:15:00.000+0000","CONCLUDED","2019 NAB AFLW Season","Round 2",2,"Drummoyne Oval","GWS GIANTS","GWS GIANTS","North Melbourne","North Melbourne",17,"https://s.afl.com.au/staticfile/AFL Tenant/AFL/Players/ChampIDImages/AFLW/2019264/1007030.png?im=Scale,width=0.6,height=0.6","RR","CD_I1007030",FALSE,17,"Jamie","Stanton","CD_T8466",NA,63,0,0,NA,12,6,18,4,0,8,6,10,16,3,0,0,0,0,38.9,4,1,1,90,2,0,0,0,NA,"2019-02-15T06:34:27.286+0000",5,3,1,0,NA,NA,NA,3,249,0,2,2,0,0,0,0,0,0,0,0,0,0,0,0,0,0,0,0,0,0,0,0,0,0,0,NA,NA,NA,"CD_I1007030",FALSE,17,"Jamie","Stanton","away","North Melbourne"
"CD_M20192640201","2019-02-08T08:15:00.000+0000","CONCLUDED","2019 NAB AFLW Season","Round 2",2,"Drummoyne Oval","GWS GIANTS","GWS GIANTS","North Melbourne","North Melbourne",7,"https://s.afl.com.au/staticfile/AFL Tenant/AFL/Players/ChampIDImages/AFLW/2019264/1010265.png?im=Scale,width=0.6,height=0.6","R","CD_I1010265",FALSE,7,"Ashleigh","Riddell","CD_T8466",NA,63,0,0,NA,8,2,10,0,0,5,6,5,11,0,0,0,0,0,60,1,0,1,45,0,0,0,0,NA,"2019-02-15T06:34:27.286+0000",3,1,3,0,NA,NA,NA,1,113,0,1,1,0,0,0,0,0,0,0,0,0,0,0,0,0,0,0,0,0,0,0,0,0,0,0,NA,NA,NA,"CD_I1010265",FALSE,7,"Ashleigh","Riddell","away","North Melbourne"
"CD_M20192640201","2019-02-08T08:15:00.000+0000","CONCLUDED","2019 NAB AFLW Season","Round 2",2,"Drummoyne Oval","GWS GIANTS","GWS GIANTS","North Melbourne","North Melbourne",27,"https://s.afl.com.au/staticfile/AFL Tenant/AFL/Players/ChampIDImages/AFLW/2019264/1005864.png?im=Scale,width=0.6,height=0.6","HBFR","CD_I1005864",FALSE,27,"Jessica","Duffin","CD_T8466",NA,86,0,1,NA,15,3,18,6,0,4,7,9,16,3,0,0,0,1,61.1,3,3,0,89,5,0,0,0,NA,"2019-02-15T06:34:27.286+0000",5,9,0,2,NA,NA,NA,3,245,0,0,0,0,0,0,0,0,0,0,0,0,0,0,0,0,0,0,0,0,0,0,0,0,0,0,NA,NA,NA,"CD_I1005864",FALSE,27,"Jessica","Duffin","away","North Melbourne"
"CD_M20192640201","2019-02-08T08:15:00.000+0000","CONCLUDED","2019 NAB AFLW Season","Round 2",2,"Drummoyne Oval","GWS GIANTS","GWS GIANTS","North Melbourne","North Melbourne",16,"https://s.afl.com.au/staticfile/AFL Tenant/AFL/Players/ChampIDImages/AFLW/2019264/1003023.png?im=Scale,width=0.6,height=0.6","BPL","CD_I1003023",FALSE,16,"Tahlia","Randall","CD_T8466",NA,66,0,0,NA,9,1,10,4,0,0,2,9,11,1,0,0,0,4,50,5,0,3,32,4,0,0,0,NA,"2019-02-15T06:34:27.286+0000",2,3,0,0,NA,NA,NA,1,160,0,1,1,0,0,0,0,0,0,0,0,0,0,0,0,0,0,0,0,0,0,0,0,0,0,0,NA,NA,NA,"CD_I1003023",FALSE,16,"Tahlia","Randall","away","North Melbourne"
"CD_M20192640201","2019-02-08T08:15:00.000+0000","CONCLUDED","2019 NAB AFLW Season","Round 2",2,"Drummoyne Oval","GWS GIANTS","GWS GIANTS","North Melbourne","North Melbourne",31,"https://s.afl.com.au/staticfile/AFL Tenant/AFL/Players/ChampIDImages/AFLW/2019264/296143.png?im=Scale,width=0.6,height=0.6","CHB","CD_I296143",FALSE,31,"Danielle","Hardiman","CD_T8466",NA,95,0,0,NA,7,8,15,1,0,2,7,7,14,0,0,0,0,3,53.3,3,1,0,49,2,0,0,0,NA,"2019-02-15T06:34:27.286+0000",6,6,0,0,NA,NA,NA,1,50,0,0,0,0,0,0,0,0,0,0,0,0,0,0,0,0,0,0,0,0,0,0,0,0,0,0,NA,NA,NA,"CD_I296143",FALSE,31,"Danielle","Hardiman","away","North Melbourne"
"CD_M20192640201","2019-02-08T08:15:00.000+0000","CONCLUDED","2019 NAB AFLW Season","Round 2",2,"Drummoyne Oval","GWS GIANTS","GWS GIANTS","North Melbourne","North Melbourne",5,"https://s.afl.com.au/staticfile/AFL Tenant/AFL/Players/ChampIDImages/AFLW/2019264/997695.png?im=Scale,width=0.6,height=0.6","HFFL","CD_I997695",FALSE,5,"Kate","Gillespie-Jones","CD_T8466",NA,89,1,0,NA,4,8,12,4,0,7,11,3,14,3,0,1,10,4,58.3,1,0,0,84,2,0,100,0,NA,"2019-02-15T06:34:27.286+0000",2,2,0,1,NA,NA,NA,4,168,1,1,2,0,0,0,0,0,0,0,0,0,0,0,0,0,0,0,0,0,0,0,0,0,0,0,NA,NA,NA,"CD_I997695",FALSE,5,"Kate","Gillespie-Jones","away","North Melbourne"
"CD_M20192640201","2019-02-08T08:15:00.000+0000","CONCLUDED","2019 NAB AFLW Season","Round 2",2,"Drummoyne Oval","GWS GIANTS","GWS GIANTS","North Melbourne","North Melbourne",8,"https://s.afl.com.au/staticfile/AFL Tenant/AFL/Players/ChampIDImages/AFLW/2019264/1012712.png?im=Scale,width=0.6,height=0.6","INT","CD_I1012712",FALSE,8,"Alison","Drennan","CD_T8466",NA,64,0,0,NA,1,10,11,1,0,9,8,3,11,0,0,0,0,0,63.6,0,0,0,62,4,0,0,0,NA,"2019-02-15T06:34:27.286+0000",2,1,2,0,NA,NA,NA,1,33,1,1,2,0,0,0,0,0,0,0,0,0,0,0,0,0,0,0,0,0,0,0,0,0,0,0,NA,NA,NA,"CD_I1012712",FALSE,8,"Alison","Drennan","away","North Melbourne"
"CD_M20192640201","2019-02-08T08:15:00.000+0000","CONCLUDED","2019 NAB AFLW Season","Round 2",2,"Drummoyne Oval","GWS GIANTS","GWS GIANTS","North Melbourne","North Melbourne",4,"https://s.afl.com.au/staticfile/AFL Tenant/AFL/Players/ChampIDImages/AFLW/2019264/1013521.png?im=Scale,width=0.6,height=0.6","INT","CD_I1013521",FALSE,4,"Elisha","King","CD_T8466",NA,74,0,0,NA,4,1,5,2,2,4,1,4,5,3,1,0,0,0,60,2,0,1,33,0,0,0,0,NA,"2019-02-15T06:34:27.286+0000",3,2,1,0,NA,NA,NA,1,133,0,0,0,0,0,0,0,0,0,0,0,0,0,0,0,0,0,0,0,0,0,0,0,0,0,0,NA,NA,NA,"CD_I1013521",FALSE,4,"Elisha","King","away","North Melbourne"
"CD_M20192640201","2019-02-08T08:15:00.000+0000","CONCLUDED","2019 NAB AFLW Season","Round 2",2,"Drummoyne Oval","GWS GIANTS","GWS GIANTS","North Melbourne","North Melbourne",21,"https://s.afl.com.au/staticfile/AFL Tenant/AFL/Players/ChampIDImages/AFLW/2019264/1004416.png?im=Scale,width=0.6,height=0.6","INT","CD_I1004416",FALSE,21,"Jessica","Trend","CD_T8466",NA,67,0,0,NA,4,2,6,3,0,1,3,3,6,0,0,0,0,0,66.7,0,0,0,29,2,0,0,0,NA,"2019-02-15T06:34:27.286+0000",1,2,0,0,NA,NA,NA,0,102,0,1,1,0,0,0,0,0,0,0,0,0,0,0,0,0,0,0,0,0,0,0,0,0,0,0,NA,NA,NA,"CD_I1004416",FALSE,21,"Jessica","Trend","away","North Melbourne"
"CD_M20192640201","2019-02-08T08:15:00.000+0000","CONCLUDED","2019 NAB AFLW Season","Round 2",2,"Drummoyne Oval","GWS GIANTS","GWS GIANTS","North Melbourne","North Melbourne",10,"https://s.afl.com.au/staticfile/AFL Tenant/AFL/Players/ChampIDImages/AFLW/2019264/997649.png?im=Scale,width=0.6,height=0.6","FPR","CD_I997649",FALSE,10,"Kaitlyn","Ashmore","CD_T8466",NA,61,0,0,NA,11,1,12,2,0,5,5,6,11,2,1,0,0,1,58.3,2,2,1,60,0,0,0,0,NA,"2019-02-15T06:34:27.286+0000",3,4,0,0,NA,NA,NA,0,222,0,2,2,0,0,0,0,0,0,0,0,0,0,0,0,0,0,0,0,0,0,0,0,0,0,0,NA,NA,NA,"CD_I997649",FALSE,10,"Kaitlyn","Ashmore","away","North Melbourne"
"CD_M20192640201","2019-02-08T08:15:00.000+0000","CONCLUDED","2019 NAB AFLW Season","Round 2",2,"Drummoyne Oval","GWS GIANTS","GWS GIANTS","North Melbourne","North Melbourne",19,"https://s.afl.com.au/staticfile/AFL Tenant/AFL/Players/ChampIDImages/AFLW/2019264/1007006.png?im=Scale,width=0.6,height=0.6","FB","CD_I1007006",FALSE,19,"Jasmine","Grierson","CD_T8466",NA,87,0,0,NA,2,1,3,1,0,0,1,2,3,0,0,0,0,4,66.7,1,1,1,9,1,0,0,0,NA,"2019-02-15T06:34:27.286+0000",0,1,0,0,NA,NA,NA,1,15,0,1,1,0,0,0,0,0,0,0,0,0,0,0,0,0,0,0,0,0,0,0,0,0,0,0,NA,NA,NA,"CD_I1007006",FALSE,19,"Jasmine","Grierson","away","North Melbourne"
"CD_M20192640201","2019-02-08T08:15:00.000+0000","CONCLUDED","2019 NAB AFLW Season","Round 2",2,"Drummoyne Oval","GWS GIANTS","GWS GIANTS","North Melbourne","North Melbourne",23,"https://s.afl.com.au/staticfile/AFL Tenant/AFL/Players/ChampIDImages/AFLW/2019264/997672.png?im=Scale,width=0.6,height=0.6","FF","CD_I997672",FALSE,23,"Moana","Hope","CD_T8466",NA,77,0,2,NA,3,1,4,1,0,2,2,1,3,1,1,0,0,1,50,0,1,0,25,0,1,0,0,NA,"2019-02-15T06:34:27.286+0000",0,0,1,2,NA,NA,NA,3,37,0,0,0,0,0,0,0,0,0,0,0,0,0,0,0,0,0,0,0,0,0,0,0,0,0,0,NA,NA,NA,"CD_I997672",FALSE,23,"Moana","Hope","away","North Melbourne"
"CD_M20192640201","2019-02-08T08:15:00.000+0000","CONCLUDED","2019 NAB AFLW Season","Round 2",2,"Drummoyne Oval","GWS GIANTS","GWS GIANTS","North Melbourne","North Melbourne",25,"https://s.afl.com.au/staticfile/AFL Tenant/AFL/Players/ChampIDImages/AFLW/2019264/296154.png?im=Scale,width=0.6,height=0.6","CHF","CD_I296154",FALSE,25,"Jasmine","Garner","CD_T8466",NA,92,1,0,NA,11,2,13,2,0,2,7,6,13,4,0,0,0,0,61.5,4,1,0,58,0,1,100,0,NA,"2019-02-15T06:34:27.286+0000",5,2,0,1,NA,NA,NA,5,197,0,2,2,0,0,0,0,0,0,0,0,0,0,0,0,0,0,0,0,0,0,0,0,0,0,0,NA,NA,NA,"CD_I296154",FALSE,25,"Jasmine","Garner","away","North Melbourne"
"CD_M20192640201","2019-02-08T08:15:00.000+0000","CONCLUDED","2019 NAB AFLW Season","Round 2",2,"Drummoyne Oval","GWS GIANTS","GWS GIANTS","North Melbourne","North Melbourne",18,"https://s.afl.com.au/staticfile/AFL Tenant/AFL/Players/ChampIDImages/AFLW/2019264/1007005.png?im=Scale,width=0.6,height=0.6","HBFL","CD_I1007005",FALSE,18,"Brittany","Gibson","CD_T8466",NA,91,0,0,NA,5,1,6,1,0,5,3,2,5,0,0,0,0,4,66.7,1,1,1,38,2,0,0,0,NA,"2019-02-15T06:34:27.286+0000",3,4,0,0,NA,NA,NA,0,138,0,0,0,0,0,0,0,0,0,0,0,0,0,0,0,0,0,0,0,0,0,0,0,0,0,0,NA,NA,NA,"CD_I1007005",FALSE,18,"Brittany","Gibson","away","North Melbourne"
"CD_M20192640201","2019-02-08T08:15:00.000+0000","CONCLUDED","2019 NAB AFLW Season","Round 2",2,"Drummoyne Oval","GWS GIANTS","GWS GIANTS","North Melbourne","North Melbourne",35,"https://s.afl.com.au/staticfile/AFL Tenant/AFL/Players/ChampIDImages/AFLW/2019264/1003018.png?im=Scale,width=0.6,height=0.6","HFFR","CD_I1003018",FALSE,35,"Jenna","Bruton","CD_T8466",NA,66,0,0,NA,7,12,19,2,0,9,8,10,18,1,0,0,0,2,63.2,2,0,1,84,0,0,0,0,NA,"2019-02-15T06:34:27.286+0000",1,3,2,0,NA,NA,NA,1,151,0,1,1,0,0,0,0,0,0,0,0,0,0,0,0,0,0,0,0,0,0,0,0,0,0,0,NA,NA,NA,"CD_I1003018",FALSE,35,"Jenna","Bruton","away","North Melbourne"
"CD_M20192640201","2019-02-08T08:15:00.000+0000","CONCLUDED","2019 NAB AFLW Season","Round 2",2,"Drummoyne Oval","GWS GIANTS","GWS GIANTS","North Melbourne","North Melbourne",12,"https://s.afl.com.au/staticfile/AFL Tenant/AFL/Players/ChampIDImages/AFLW/2019264/1013120.png?im=Scale,width=0.6,height=0.6","INT","CD_I1013120",FALSE,12,"Nicole","Bresnehan","CD_T8466",NA,66,0,0,NA,1,1,2,1,0,0,1,1,2,0,0,0,0,0,50,0,0,0,8,0,0,0,0,NA,"2019-02-15T06:34:27.286+0000",0,2,0,0,NA,NA,NA,0,2,0,0,0,0,0,0,0,0,0,0,0,0,0,0,0,0,0,0,0,0,0,0,0,0,0,0,NA,NA,NA,"CD_I1013120",FALSE,12,"Nicole","Bresnehan","away","North Melbourne"
"CD_M20192640201","2019-02-08T08:15:00.000+0000","CONCLUDED","2019 NAB AFLW Season","Round 2",2,"Drummoyne Oval","GWS GIANTS","GWS GIANTS","North Melbourne","North Melbourne",9,"https://s.afl.com.au/staticfile/AFL Tenant/AFL/Players/ChampIDImages/AFLW/2019264/998150.png?im=Scale,width=0.6,height=0.6","C","CD_I998150",FALSE,9,"Emma","Kearney","CD_T8466",NA,93,0,0,NA,18,4,22,1,0,8,10,11,21,5,0,0,0,2,40.9,3,2,2,93,1,0,0,0,NA,"2019-02-15T06:34:27.286+0000",6,4,2,0,NA,NA,NA,5,419,2,2,4,0,0,0,0,0,0,0,0,0,0,0,0,0,0,0,0,0,0,0,0,0,0,0,NA,NA,NA,"CD_I998150",FALSE,9,"Emma","Kearney","away","North Melbourne"
"CD_M20192640202","2019-02-09T05:45:00.000+0000","CONCLUDED","2019 NAB AFLW Season","Round 2",2,"Victoria Park","Collingwood","Collingwood","Melbourne","Melbourne",4,"https://s.afl.com.au/staticfile/AFL Tenant/AFL/Players/ChampIDImages/AFLW/2019264/1004400.png?im=Scale,width=0.6,height=0.6","CHF","CD_I1004400",FALSE,4,"Sarah","D'Arcy","CD_T8097",NA,95,0,0,NA,7,1,8,4,0,1,3,5,8,0,0,0,0,0,75,5,1,1,37,0,0,0,0,NA,"2019-02-15T06:37:46.844+0000",4,1,0,0,NA,NA,NA,1,62,0,0,0,0,0,0,0,0,0,0,0,0,0,0,0,0,0,0,0,0,0,0,0,0,0,0,NA,NA,NA,"CD_I1004400",FALSE,4,"Sarah","D'Arcy","home","Collingwood"
"CD_M20192640202","2019-02-09T05:45:00.000+0000","CONCLUDED","2019 NAB AFLW Season","Round 2",2,"Victoria Park","Collingwood","Collingwood","Melbourne","Melbourne",16,"https://s.afl.com.au/staticfile/AFL Tenant/AFL/Players/ChampIDImages/AFLW/2019264/1013028.png?im=Scale,width=0.6,height=0.6","FF","CD_I1013028",FALSE,16,"Katie","Lynch","CD_T8097",NA,76,0,0,NA,5,1,6,1,0,3,5,2,7,1,0,0,0,3,66.7,2,1,1,30,0,0,0,0,NA,"2019-02-15T06:37:46.844+0000",0,2,0,0,NA,NA,NA,0,78,0,2,2,0,0,0,0,0,0,0,0,0,0,0,0,0,0,0,0,0,0,0,0,0,0,0,NA,NA,NA,"CD_I1013028",FALSE,16,"Katie","Lynch","home","Collingwood"
"CD_M20192640202","2019-02-09T05:45:00.000+0000","CONCLUDED","2019 NAB AFLW Season","Round 2",2,"Victoria Park","Collingwood","Collingwood","Melbourne","Melbourne",7,"https://s.afl.com.au/staticfile/AFL Tenant/AFL/Players/ChampIDImages/AFLW/2019264/1013706.png?im=Scale,width=0.6,height=0.6","FPL","CD_I1013706",FALSE,7,"Sarah","Rowe","CD_T8097",NA,89,0,0,NA,1,2,3,0,0,8,3,2,5,0,0,0,0,0,33.3,3,0,2,33,0,0,0,0,NA,"2019-02-15T06:37:46.844+0000",3,0,3,0,NA,NA,NA,0,37,0,0,0,0,0,0,0,0,0,0,0,0,0,0,0,0,0,0,0,0,0,0,0,0,0,0,NA,NA,NA,"CD_I1013706",FALSE,7,"Sarah","Rowe","home","Collingwood"
"CD_M20192640202","2019-02-09T05:45:00.000+0000","CONCLUDED","2019 NAB AFLW Season","Round 2",2,"Victoria Park","Collingwood","Collingwood","Melbourne","Melbourne",21,"https://s.afl.com.au/staticfile/AFL Tenant/AFL/Players/ChampIDImages/AFLW/2019264/1009851.png?im=Scale,width=0.6,height=0.6","BPR","CD_I1009851",FALSE,21,"Iilish","Ross","CD_T8097",NA,80,0,0,NA,1,0,1,0,0,3,2,0,2,0,0,0,0,2,100,1,0,1,12,0,0,0,0,NA,"2019-02-15T06:37:46.844+0000",2,2,0,0,NA,NA,NA,0,34,0,0,0,0,0,0,0,0,0,0,0,0,0,0,0,0,0,0,0,0,0,0,0,0,0,0,NA,NA,NA,"CD_I1009851",FALSE,21,"Iilish","Ross","home","Collingwood"
"CD_M20192640202","2019-02-09T05:45:00.000+0000","CONCLUDED","2019 NAB AFLW Season","Round 2",2,"Victoria Park","Collingwood","Collingwood","Melbourne","Melbourne",6,"https://s.afl.com.au/staticfile/AFL Tenant/AFL/Players/ChampIDImages/AFLW/2019264/997736.png?im=Scale,width=0.6,height=0.6","BPL","CD_I997736",FALSE,6,"Jordyn","Allen","CD_T8097",NA,100,0,0,NA,5,4,9,3,0,1,5,4,9,0,0,0,0,2,44.4,3,0,2,30,2,0,0,0,NA,"2019-02-15T06:37:46.844+0000",3,6,0,0,NA,NA,NA,0,128,0,0,0,0,0,0,0,0,0,0,0,0,0,0,0,0,0,0,0,0,0,0,0,0,0,0,NA,NA,NA,"CD_I997736",FALSE,6,"Jordyn","Allen","home","Collingwood"
"CD_M20192640202","2019-02-09T05:45:00.000+0000","CONCLUDED","2019 NAB AFLW Season","Round 2",2,"Victoria Park","Collingwood","Collingwood","Melbourne","Melbourne",11,"https://s.afl.com.au/staticfile/AFL Tenant/AFL/Players/ChampIDImages/AFLW/2019264/1009978.png?im=Scale,width=0.6,height=0.6","C","CD_I1009978",FALSE,11,"Eliza","Hynes","CD_T8097",NA,51,0,0,NA,4,1,5,1,0,5,3,2,5,0,0,0,13,1,60,0,1,0,51,1,0,0,0,NA,"2019-02-15T06:37:46.844+0000",2,1,0,0,NA,NA,NA,0,91,0,3,3,0,0,0,0,0,0,0,0,0,0,0,0,0,0,0,0,0,0,0,0,0,0,0,NA,NA,NA,"CD_I1009978",FALSE,11,"Eliza","Hynes","home","Collingwood"
"CD_M20192640202","2019-02-09T05:45:00.000+0000","CONCLUDED","2019 NAB AFLW Season","Round 2",2,"Victoria Park","Collingwood","Collingwood","Melbourne","Melbourne",12,"https://s.afl.com.au/staticfile/AFL Tenant/AFL/Players/ChampIDImages/AFLW/2019264/1007015.png?im=Scale,width=0.6,height=0.6","HBFL","CD_I1007015",FALSE,12,"Stacey","Livingstone","CD_T8097",NA,87,0,0,NA,5,0,5,0,0,0,1,1,2,0,0,0,0,5,80,1,0,0,15,3,0,0,0,NA,"2019-02-15T06:37:46.844+0000",2,1,0,0,NA,NA,NA,0,209,0,0,0,0,0,0,0,0,0,0,0,0,0,0,0,0,0,0,0,0,0,0,0,0,0,0,NA,NA,NA,"CD_I1007015",FALSE,12,"Stacey","Livingstone","home","Collingwood"
"CD_M20192640202","2019-02-09T05:45:00.000+0000","CONCLUDED","2019 NAB AFLW Season","Round 2",2,"Victoria Park","Collingwood","Collingwood","Melbourne","Melbourne",13,"https://s.afl.com.au/staticfile/AFL Tenant/AFL/Players/ChampIDImages/AFLW/2019264/1004415.png?im=Scale,width=0.6,height=0.6","R","CD_I1004415",FALSE,13,"Jaimee","Lambert","CD_T8097",NA,82,0,0,NA,5,1,6,1,0,7,5,2,7,1,0,0,0,2,50,3,1,2,43,1,0,0,0,NA,"2019-02-15T06:37:46.844+0000",4,1,3,0,NA,NA,NA,0,199,1,2,3,0,0,0,0,0,0,0,0,0,0,0,0,0,0,0,0,0,0,0,0,0,0,0,NA,NA,NA,"CD_I1004415",FALSE,13,"Jaimee","Lambert","home","Collingwood"
"CD_M20192640202","2019-02-09T05:45:00.000+0000","CONCLUDED","2019 NAB AFLW Season","Round 2",2,"Victoria Park","Collingwood","Collingwood","Melbourne","Melbourne",20,"https://s.afl.com.au/staticfile/AFL Tenant/AFL/Players/ChampIDImages/AFLW/2019264/1001684.png?im=Scale,width=0.6,height=0.6","FPR","CD_I1001684",FALSE,20,"Cecilia","McIntosh","CD_T8097",NA,91,0,0,NA,3,3,6,1,0,5,5,1,6,1,0,1,0,0,33.3,0,1,0,39,0,0,0,0,NA,"2019-02-15T06:37:46.844+0000",1,1,1,0,NA,NA,NA,1,82,0,1,1,0,0,0,0,0,0,0,0,0,0,0,0,0,0,0,0,0,0,0,0,0,0,0,NA,NA,NA,"CD_I1001684",FALSE,20,"Cecilia","McIntosh","home","Collingwood"
"CD_M20192640202","2019-02-09T05:45:00.000+0000","CONCLUDED","2019 NAB AFLW Season","Round 2",2,"Victoria Park","Collingwood","Collingwood","Melbourne","Melbourne",15,"https://s.afl.com.au/staticfile/AFL Tenant/AFL/Players/ChampIDImages/AFLW/2019264/1005663.png?im=Scale,width=0.6,height=0.6","INT","CD_I1005663",FALSE,15,"Erica","Fowler","CD_T8097",NA,46,0,0,NA,2,0,2,0,0,6,1,1,2,0,0,0,4,0,50,2,0,1,31,2,0,0,0,NA,"2019-02-15T06:37:46.844+0000",1,0,0,0,NA,NA,NA,0,69,0,1,1,0,0,0,0,0,0,0,0,0,0,0,0,0,0,0,0,0,0,0,0,0,0,0,NA,NA,NA,"CD_I1005663",FALSE,15,"Erica","Fowler","home","Collingwood"
"CD_M20192640202","2019-02-09T05:45:00.000+0000","CONCLUDED","2019 NAB AFLW Season","Round 2",2,"Victoria Park","Collingwood","Collingwood","Melbourne","Melbourne",18,"https://s.afl.com.au/staticfile/AFL Tenant/AFL/Players/ChampIDImages/AFLW/2019264/1007027.png?im=Scale,width=0.6,height=0.6","HFFL","CD_I1007027",FALSE,18,"Ruby","Schleicher","CD_T8097",NA,76,0,0,NA,6,3,9,2,0,0,4,4,8,0,0,0,0,2,33.3,3,0,0,30,5,0,0,0,NA,"2019-02-15T06:37:46.844+0000",4,7,0,0,NA,NA,NA,0,177,0,0,0,0,0,0,0,0,0,0,0,0,0,0,0,0,0,0,0,0,0,0,0,0,0,0,NA,NA,NA,"CD_I1007027",FALSE,18,"Ruby","Schleicher","home","Collingwood"
"CD_M20192640202","2019-02-09T05:45:00.000+0000","CONCLUDED","2019 NAB AFLW Season","Round 2",2,"Victoria Park","Collingwood","Collingwood","Melbourne","Melbourne",1,"https://s.afl.com.au/staticfile/AFL Tenant/AFL/Players/ChampIDImages/AFLW/2019264/1013765.png?im=Scale,width=0.6,height=0.6","RK","CD_I1013765",FALSE,1,"Sharni","Layton","CD_T8097",NA,82,0,0,NA,0,2,2,0,0,3,1,1,2,0,0,0,5,0,50,0,0,0,21,0,0,0,0,NA,"2019-02-15T06:37:46.844+0000",0,0,0,0,NA,NA,NA,2,-2,0,1,1,0,0,0,0,0,0,0,0,0,0,0,0,0,0,0,0,0,0,0,0,0,0,0,NA,NA,NA,"CD_I1013765",FALSE,1,"Sharni","Layton","home","Collingwood"
"CD_M20192640202","2019-02-09T05:45:00.000+0000","CONCLUDED","2019 NAB AFLW Season","Round 2",2,"Victoria Park","Collingwood","Collingwood","Melbourne","Melbourne",5,"https://s.afl.com.au/staticfile/AFL Tenant/AFL/Players/ChampIDImages/AFLW/2019264/1004401.png?im=Scale,width=0.6,height=0.6","HBFR","CD_I1004401",FALSE,5,"Emma","Grant","CD_T8097",NA,22,0,0,NA,3,1,4,1,0,0,2,2,4,0,0,0,0,0,50,2,1,0,15,1,0,0,0,NA,"2019-02-15T06:37:46.844+0000",2,2,0,0,NA,NA,NA,0,50,0,0,0,0,0,0,0,0,0,0,0,0,0,0,0,0,0,0,0,0,0,0,0,0,0,0,NA,NA,NA,"CD_I1004401",FALSE,5,"Emma","Grant","home","Collingwood"
"CD_M20192640202","2019-02-09T05:45:00.000+0000","CONCLUDED","2019 NAB AFLW Season","Round 2",2,"Victoria Park","Collingwood","Collingwood","Melbourne","Melbourne",32,"https://s.afl.com.au/staticfile/AFL Tenant/AFL/Players/ChampIDImages/AFLW/2019264/997726.png?im=Scale,width=0.6,height=0.6","INT","CD_I997726",FALSE,32,"Georgia","Gourlay","CD_T8097",NA,64,0,0,NA,2,0,2,0,0,2,0,1,1,0,0,0,0,0,50,1,0,0,14,0,0,0,0,NA,"2019-02-15T06:37:46.844+0000",1,1,0,0,NA,NA,NA,0,45,0,0,0,0,0,0,0,0,0,0,0,0,0,0,0,0,0,0,0,0,0,0,0,0,0,0,NA,NA,NA,"CD_I997726",FALSE,32,"Georgia","Gourlay","home","Collingwood"
"CD_M20192640202","2019-02-09T05:45:00.000+0000","CONCLUDED","2019 NAB AFLW Season","Round 2",2,"Victoria Park","Collingwood","Collingwood","Melbourne","Melbourne",46,"https://s.afl.com.au/staticfile/AFL Tenant/AFL/Players/ChampIDImages/AFLW/2019264/1009872.png?im=Scale,width=0.6,height=0.6","CHB","CD_I1009872",FALSE,46,"Sarah","Dargan","CD_T8097",NA,80,1,0,NA,8,1,9,0,0,5,6,1,7,2,0,0,0,0,44.4,4,1,1,50,0,0,100,0,NA,"2019-02-15T06:37:46.844+0000",5,3,1,1,NA,NA,NA,1,173,1,1,2,0,0,0,0,0,0,0,0,0,0,0,0,0,0,0,0,0,0,0,0,0,0,0,NA,NA,NA,"CD_I1009872",FALSE,46,"Sarah","Dargan","home","Collingwood"
"CD_M20192640202","2019-02-09T05:45:00.000+0000","CONCLUDED","2019 NAB AFLW Season","Round 2",2,"Victoria Park","Collingwood","Collingwood","Melbourne","Melbourne",10,"https://s.afl.com.au/staticfile/AFL Tenant/AFL/Players/ChampIDImages/AFLW/2019264/1010663.png?im=Scale,width=0.6,height=0.6","FB","CD_I1010663",FALSE,10,"Ash","Brazill","CD_T8097",NA,100,0,0,NA,21,2,23,5,3,3,12,5,17,3,0,1,3,4,60.9,2,2,0,99,5,0,0,0,NA,"2019-02-15T06:37:46.844+0000",7,15,0,1,NA,NA,NA,1,644,1,3,4,0,0,0,0,0,0,0,0,0,0,0,0,0,0,0,0,0,0,0,0,0,0,0,NA,NA,NA,"CD_I1010663",FALSE,10,"Ash","Brazill","home","Collingwood"
"CD_M20192640202","2019-02-09T05:45:00.000+0000","CONCLUDED","2019 NAB AFLW Season","Round 2",2,"Victoria Park","Collingwood","Collingwood","Melbourne","Melbourne",8,"https://s.afl.com.au/staticfile/AFL Tenant/AFL/Players/ChampIDImages/AFLW/2019264/997729.png?im=Scale,width=0.6,height=0.6","HFFR","CD_I997729",FALSE,8,"Brittany","Bonnici","CD_T8097",NA,68,0,0,NA,7,1,8,2,0,3,4,3,7,0,0,0,0,1,25,2,0,0,41,1,0,0,0,NA,"2019-02-15T06:37:46.844+0000",3,2,0,0,NA,NA,NA,0,61,1,2,3,0,0,0,0,0,0,0,0,0,0,0,0,0,0,0,0,0,0,0,0,0,0,0,NA,NA,NA,"CD_I997729",FALSE,8,"Brittany","Bonnici","home","Collingwood"
"CD_M20192640202","2019-02-09T05:45:00.000+0000","CONCLUDED","2019 NAB AFLW Season","Round 2",2,"Victoria Park","Collingwood","Collingwood","Melbourne","Melbourne",23,"https://s.afl.com.au/staticfile/AFL Tenant/AFL/Players/ChampIDImages/AFLW/2019264/1010096.png?im=Scale,width=0.6,height=0.6","INT","CD_I1010096",FALSE,23,"Lauren","Butler","CD_T8097",NA,56,0,0,NA,2,0,2,1,0,2,1,1,2,1,0,1,0,0,100,1,1,1,15,0,0,0,0,NA,"2019-02-15T06:37:46.844+0000",2,1,1,0,NA,NA,NA,0,104,0,0,0,0,0,0,0,0,0,0,0,0,0,0,0,0,0,0,0,0,0,0,0,0,0,0,NA,NA,NA,"CD_I1010096",FALSE,23,"Lauren","Butler","home","Collingwood"
"CD_M20192640202","2019-02-09T05:45:00.000+0000","CONCLUDED","2019 NAB AFLW Season","Round 2",2,"Victoria Park","Collingwood","Collingwood","Melbourne","Melbourne",25,"https://s.afl.com.au/staticfile/AFL Tenant/AFL/Players/ChampIDImages/AFLW/2019264/1012637.png?im=Scale,width=0.6,height=0.6","INT","CD_I1012637",FALSE,25,"Mikala","Cann","CD_T8097",NA,84,0,1,NA,5,2,7,0,0,11,5,1,6,1,0,0,0,0,14.3,4,0,2,58,0,0,0,0,NA,"2019-02-15T06:37:46.844+0000",2,1,3,1,NA,NA,NA,1,121,0,3,3,0,0,0,0,0,0,0,0,0,0,0,0,0,0,0,0,0,0,0,0,0,0,0,NA,NA,NA,"CD_I1012637",FALSE,25,"Mikala","Cann","home","Collingwood"
"CD_M20192640202","2019-02-09T05:45:00.000+0000","CONCLUDED","2019 NAB AFLW Season","Round 2",2,"Victoria Park","Collingwood","Collingwood","Melbourne","Melbourne",22,"https://s.afl.com.au/staticfile/AFL Tenant/AFL/Players/ChampIDImages/AFLW/2019264/1007139.png?im=Scale,width=0.6,height=0.6","INT","CD_I1007139",FALSE,22,"Sophie","Casey","CD_T8097",NA,83,0,0,NA,3,2,5,0,0,2,4,0,4,0,0,0,0,0,40,0,0,0,21,0,0,0,0,NA,"2019-02-15T06:37:46.844+0000",1,2,0,0,NA,NA,NA,0,93,0,1,1,0,0,0,0,0,0,0,0,0,0,0,0,0,0,0,0,0,0,0,0,0,0,0,NA,NA,NA,"CD_I1007139",FALSE,22,"Sophie","Casey","home","Collingwood"
"CD_M20192640202","2019-02-09T05:45:00.000+0000","CONCLUDED","2019 NAB AFLW Season","Round 2",2,"Victoria Park","Collingwood","Collingwood","Melbourne","Melbourne",17,"https://s.afl.com.au/staticfile/AFL Tenant/AFL/Players/ChampIDImages/AFLW/2019264/998158.png?im=Scale,width=0.6,height=0.6","RR","CD_I998158",FALSE,17,"Stephanie","Chiocci","CD_T8097",NA,87,0,1,NA,7,4,11,3,0,5,6,6,12,2,0,0,0,1,54.5,2,2,2,55,2,0,0,0,NA,"2019-02-15T06:37:46.844+0000",4,1,0,1,NA,NA,NA,2,184,0,1,1,0,0,0,0,0,0,0,0,0,0,0,0,0,0,0,0,0,0,0,0,0,0,0,NA,NA,NA,"CD_I998158",FALSE,17,"Stephanie","Chiocci","home","Collingwood"
"CD_M20192640202","2019-02-09T05:45:00.000+0000","CONCLUDED","2019 NAB AFLW Season","Round 2",2,"Victoria Park","Collingwood","Collingwood","Melbourne","Melbourne",16,"https://s.afl.com.au/staticfile/AFL Tenant/AFL/Players/ChampIDImages/AFLW/2019264/1007151.png?im=Scale,width=0.6,height=0.6","HFFR","CD_I1007151",FALSE,16,"Aliesha","Newman","CD_T7386",NA,87,0,1,NA,6,3,9,1,0,5,6,2,8,2,1,0,0,1,55.6,2,1,0,49,0,0,0,0,NA,"2019-02-15T06:37:46.844+0000",2,1,3,2,NA,NA,NA,2,124,0,1,1,0,0,0,0,0,0,0,0,0,0,0,0,0,0,0,0,0,0,0,0,0,0,0,NA,NA,NA,"CD_I1007151",FALSE,16,"Aliesha","Newman","away","Melbourne"
"CD_M20192640202","2019-02-09T05:45:00.000+0000","CONCLUDED","2019 NAB AFLW Season","Round 2",2,"Victoria Park","Collingwood","Collingwood","Melbourne","Melbourne",14,"https://s.afl.com.au/staticfile/AFL Tenant/AFL/Players/ChampIDImages/AFLW/2019264/997708.png?im=Scale,width=0.6,height=0.6","RR","CD_I997708",FALSE,14,"Lily","Mithen","CD_T7386",NA,68,0,0,NA,12,4,16,2,0,3,6,10,16,2,0,0,0,1,31.3,3,2,1,61,0,0,0,0,NA,"2019-02-15T06:37:46.844+0000",5,3,0,0,NA,NA,NA,0,258,0,2,2,0,0,0,0,0,0,0,0,0,0,0,0,0,0,0,0,0,0,0,0,0,0,0,NA,NA,NA,"CD_I997708",FALSE,14,"Lily","Mithen","away","Melbourne"
"CD_M20192640202","2019-02-09T05:45:00.000+0000","CONCLUDED","2019 NAB AFLW Season","Round 2",2,"Victoria Park","Collingwood","Collingwood","Melbourne","Melbourne",13,"https://s.afl.com.au/staticfile/AFL Tenant/AFL/Players/ChampIDImages/AFLW/2019264/997733.png?im=Scale,width=0.6,height=0.6","INT","CD_I997733",FALSE,13,"Katherine","Smith","CD_T7386",NA,47,0,0,NA,1,2,3,0,0,8,3,0,3,0,0,0,0,0,66.7,1,1,1,37,0,0,0,0,NA,"2019-02-15T06:37:46.844+0000",0,1,0,0,NA,NA,NA,0,14,0,1,1,0,0,0,0,0,0,0,0,0,0,0,0,0,0,0,0,0,0,0,0,0,0,0,NA,NA,NA,"CD_I997733",FALSE,13,"Katherine","Smith","away","Melbourne"
"CD_M20192640202","2019-02-09T05:45:00.000+0000","CONCLUDED","2019 NAB AFLW Season","Round 2",2,"Victoria Park","Collingwood","Collingwood","Melbourne","Melbourne",8,"https://s.afl.com.au/staticfile/AFL Tenant/AFL/Players/ChampIDImages/AFLW/2019264/1007011.png?im=Scale,width=0.6,height=0.6","HBFL","CD_I1007011",FALSE,8,"Sarah","Lampard","CD_T7386",NA,85,0,0,NA,4,7,11,3,0,3,4,6,10,0,0,1,0,1,81.8,1,0,0,47,0,0,0,0,NA,"2019-02-15T06:37:46.844+0000",0,6,0,0,NA,NA,NA,0,125,0,0,0,0,0,0,0,0,0,0,0,0,0,0,0,0,0,0,0,0,0,0,0,0,0,0,NA,NA,NA,"CD_I1007011",FALSE,8,"Sarah","Lampard","away","Melbourne"
"CD_M20192640202","2019-02-09T05:45:00.000+0000","CONCLUDED","2019 NAB AFLW Season","Round 2",2,"Victoria Park","Collingwood","Collingwood","Melbourne","Melbourne",21,"https://s.afl.com.au/staticfile/AFL Tenant/AFL/Players/ChampIDImages/AFLW/2019264/1007152.png?im=Scale,width=0.6,height=0.6","FB","CD_I1007152",FALSE,21,"Harriet","Cordner","CD_T7386",NA,100,0,0,NA,7,1,8,2,2,3,4,5,9,0,0,1,0,1,50,2,1,1,39,3,0,0,0,NA,"2019-02-15T06:37:46.844+0000",4,6,0,0,NA,NA,NA,0,193,0,0,0,0,0,0,0,0,0,0,0,0,0,0,0,0,0,0,0,0,0,0,0,0,0,0,NA,NA,NA,"CD_I1007152",FALSE,21,"Harriet","Cordner","away","Melbourne"
"CD_M20192640202","2019-02-09T05:45:00.000+0000","CONCLUDED","2019 NAB AFLW Season","Round 2",2,"Victoria Park","Collingwood","Collingwood","Melbourne","Melbourne",12,"https://s.afl.com.au/staticfile/AFL Tenant/AFL/Players/ChampIDImages/AFLW/2019264/1007028.png?im=Scale,width=0.6,height=0.6","CHF","CD_I1007028",FALSE,12,"Shelley","Scott","CD_T7386",NA,100,0,0,NA,4,0,4,2,0,3,1,4,5,3,0,0,0,2,75,1,0,0,30,0,0,0,0,NA,"2019-02-15T06:37:46.844+0000",2,1,1,1,NA,NA,NA,0,184,0,0,0,0,0,0,0,0,0,0,0,0,0,0,0,0,0,0,0,0,0,0,0,0,0,0,NA,NA,NA,"CD_I1007028",FALSE,12,"Shelley","Scott","away","Melbourne"
"CD_M20192640202","2019-02-09T05:45:00.000+0000","CONCLUDED","2019 NAB AFLW Season","Round 2",2,"Victoria Park","Collingwood","Collingwood","Melbourne","Melbourne",10,"https://s.afl.com.au/staticfile/AFL Tenant/AFL/Players/ChampIDImages/AFLW/2019264/1009980.png?im=Scale,width=0.6,height=0.6","FPR","CD_I1009980",FALSE,10,"Kate","Hore","CD_T7386",NA,79,0,1,NA,7,1,8,3,0,6,8,3,11,5,1,1,0,2,50,3,1,0,58,0,0,0,0,NA,"2019-02-15T06:37:46.844+0000",3,0,4,1,NA,NA,NA,2,127,0,1,1,0,0,0,0,0,0,0,0,0,0,0,0,0,0,0,0,0,0,0,0,0,0,0,NA,NA,NA,"CD_I1009980",FALSE,10,"Kate","Hore","away","Melbourne"
"CD_M20192640202","2019-02-09T05:45:00.000+0000","CONCLUDED","2019 NAB AFLW Season","Round 2",2,"Victoria Park","Collingwood","Collingwood","Melbourne","Melbourne",19,"https://s.afl.com.au/staticfile/AFL Tenant/AFL/Players/ChampIDImages/AFLW/2019264/1005264.png?im=Scale,width=0.6,height=0.6","HBFR","CD_I1005264",FALSE,19,"Ashleigh","Woodland","CD_T7386",NA,54,0,0,NA,2,3,5,0,0,1,3,1,4,0,0,0,0,3,60,2,0,0,16,0,0,0,0,NA,"2019-02-15T06:37:46.844+0000",3,3,0,0,NA,NA,NA,0,45,0,0,0,0,0,0,0,0,0,0,0,0,0,0,0,0,0,0,0,0,0,0,0,0,0,0,NA,NA,NA,"CD_I1005264",FALSE,19,"Ashleigh","Woodland","away","Melbourne"
"CD_M20192640202","2019-02-09T05:45:00.000+0000","CONCLUDED","2019 NAB AFLW Season","Round 2",2,"Victoria Park","Collingwood","Collingwood","Melbourne","Melbourne",5,"https://s.afl.com.au/staticfile/AFL Tenant/AFL/Players/ChampIDImages/AFLW/2019264/998147.png?im=Scale,width=0.6,height=0.6","C","CD_I998147",FALSE,5,"Elise","O'Dea","CD_T7386",NA,83,1,0,NA,15,11,26,3,0,5,13,13,26,7,0,0,0,0,73.1,3,1,1,100,2,0,100,0,NA,"2019-02-15T06:37:46.844+0000",5,4,1,1,NA,NA,NA,5,458,1,4,5,0,0,0,0,0,0,0,0,0,0,0,0,0,0,0,0,0,0,0,0,0,0,0,NA,NA,NA,"CD_I998147",FALSE,5,"Elise","O'Dea","away","Melbourne"
"CD_M20192640202","2019-02-09T05:45:00.000+0000","CONCLUDED","2019 NAB AFLW Season","Round 2",2,"Victoria Park","Collingwood","Collingwood","Melbourne","Melbourne",4,"https://s.afl.com.au/staticfile/AFL Tenant/AFL/Players/ChampIDImages/AFLW/2019264/998149.png?im=Scale,width=0.6,height=0.6","R","CD_I998149",FALSE,4,"Karen","Paxman","CD_T7386",NA,96,0,4,NA,13,5,18,3,0,1,6,11,17,4,1,1,0,1,38.9,3,0,2,60,0,0,0,0,NA,"2019-02-15T06:37:46.844+0000",5,1,0,4,NA,NA,NA,5,362,0,5,5,0,0,0,0,0,0,0,0,0,0,0,0,0,0,0,0,0,0,0,0,0,0,0,NA,NA,NA,"CD_I998149",FALSE,4,"Karen","Paxman","away","Melbourne"
"CD_M20192640202","2019-02-09T05:45:00.000+0000","CONCLUDED","2019 NAB AFLW Season","Round 2",2,"Victoria Park","Collingwood","Collingwood","Melbourne","Melbourne",11,"https://s.afl.com.au/staticfile/AFL Tenant/AFL/Players/ChampIDImages/AFLW/2019264/1012560.png?im=Scale,width=0.6,height=0.6","BPR","CD_I1012560",FALSE,11,"Chantel","Emonson","CD_T7386",NA,82,0,0,NA,8,6,14,1,0,2,5,7,12,1,0,0,0,2,64.3,1,1,0,48,2,0,0,0,NA,"2019-02-15T06:37:46.844+0000",2,3,0,0,NA,NA,NA,1,226,0,2,2,0,0,0,0,0,0,0,0,0,0,0,0,0,0,0,0,0,0,0,0,0,0,0,NA,NA,NA,"CD_I1012560",FALSE,11,"Chantel","Emonson","away","Melbourne"
"CD_M20192640202","2019-02-09T05:45:00.000+0000","CONCLUDED","2019 NAB AFLW Season","Round 2",2,"Victoria Park","Collingwood","Collingwood","Melbourne","Melbourne",3,"https://s.afl.com.au/staticfile/AFL Tenant/AFL/Players/ChampIDImages/AFLW/2019264/1009976.png?im=Scale,width=0.6,height=0.6","HFFL","CD_I1009976",FALSE,3,"Maddison","Gay","CD_T7386",NA,59,0,0,NA,3,4,7,0,0,5,2,5,7,0,0,0,0,0,42.9,3,1,1,35,0,0,0,0,NA,"2019-02-15T06:37:46.844+0000",1,0,3,0,NA,NA,NA,0,71,0,0,0,0,0,0,0,0,0,0,0,0,0,0,0,0,0,0,0,0,0,0,0,0,0,0,NA,NA,NA,"CD_I1009976",FALSE,3,"Maddison","Gay","away","Melbourne"
"CD_M20192640202","2019-02-09T05:45:00.000+0000","CONCLUDED","2019 NAB AFLW Season","Round 2",2,"Victoria Park","Collingwood","Collingwood","Melbourne","Melbourne",17,"https://s.afl.com.au/staticfile/AFL Tenant/AFL/Players/ChampIDImages/AFLW/2019264/1004402.png?im=Scale,width=0.6,height=0.6","INT","CD_I1004402",FALSE,17,"Ashleigh","Guest","CD_T7386",NA,59,0,0,NA,3,4,7,1,0,3,3,3,6,0,0,0,0,0,85.7,3,0,0,32,0,0,0,0,NA,"2019-02-15T06:37:46.844+0000",1,4,0,0,NA,NA,NA,1,95,0,0,0,0,0,0,0,0,0,0,0,0,0,0,0,0,0,0,0,0,0,0,0,0,0,0,NA,NA,NA,"CD_I1004402",FALSE,17,"Ashleigh","Guest","away","Melbourne"
"CD_M20192640202","2019-02-09T05:45:00.000+0000","CONCLUDED","2019 NAB AFLW Season","Round 2",2,"Victoria Park","Collingwood","Collingwood","Melbourne","Melbourne",1,"https://s.afl.com.au/staticfile/AFL Tenant/AFL/Players/ChampIDImages/AFLW/2019264/1010659.png?im=Scale,width=0.6,height=0.6","FF","CD_I1010659",FALSE,1,"Tegan","Cunningham","CD_T7386",NA,81,0,0,NA,3,3,6,4,0,5,4,3,7,0,2,2,0,3,83.3,2,0,1,44,0,0,0,0,NA,"2019-02-15T06:37:46.844+0000",2,0,1,1,NA,NA,NA,3,37,0,0,0,0,0,0,0,0,0,0,0,0,0,0,0,0,0,0,0,0,0,0,0,0,0,0,NA,NA,NA,"CD_I1010659",FALSE,1,"Tegan","Cunningham","away","Melbourne"
"CD_M20192640202","2019-02-09T05:45:00.000+0000","CONCLUDED","2019 NAB AFLW Season","Round 2",2,"Victoria Park","Collingwood","Collingwood","Melbourne","Melbourne",2,"https://s.afl.com.au/staticfile/AFL Tenant/AFL/Players/ChampIDImages/AFLW/2019264/1007149.png?im=Scale,width=0.6,height=0.6","BPL","CD_I1007149",FALSE,2,"Meg","Downie","CD_T7386",NA,75,0,0,NA,5,5,10,3,0,0,5,4,9,0,0,1,0,1,40,1,0,0,34,1,0,0,0,NA,"2019-02-15T06:37:46.844+0000",4,9,0,0,NA,NA,NA,0,116,0,0,0,0,0,0,0,0,0,0,0,0,0,0,0,0,0,0,0,0,0,0,0,0,0,0,NA,NA,NA,"CD_I1007149",FALSE,2,"Meg","Downie","away","Melbourne"
"CD_M20192640202","2019-02-09T05:45:00.000+0000","CONCLUDED","2019 NAB AFLW Season","Round 2",2,"Victoria Park","Collingwood","Collingwood","Melbourne","Melbourne",28,"https://s.afl.com.au/staticfile/AFL Tenant/AFL/Players/ChampIDImages/AFLW/2019264/1009853.png?im=Scale,width=0.6,height=0.6","INT","CD_I1009853",FALSE,28,"Tyla","Hanks","CD_T7386",NA,81,1,1,NA,5,6,11,1,0,3,8,3,11,2,1,1,0,1,45.5,1,0,0,49,0,1,50,0,NA,"2019-02-15T06:37:46.844+0000",2,2,2,2,NA,NA,NA,3,153,0,0,0,0,0,0,0,0,0,0,0,0,0,0,0,0,0,0,0,0,0,0,0,0,0,0,NA,NA,NA,"CD_I1009853",FALSE,28,"Tyla","Hanks","away","Melbourne"
"CD_M20192640202","2019-02-09T05:45:00.000+0000","CONCLUDED","2019 NAB AFLW Season","Round 2",2,"Victoria Park","Collingwood","Collingwood","Melbourne","Melbourne",15,"https://s.afl.com.au/staticfile/AFL Tenant/AFL/Players/ChampIDImages/AFLW/2019264/1005863.png?im=Scale,width=0.6,height=0.6","RK","CD_I1005863",FALSE,15,"Lauren","Pearce","CD_T7386",NA,83,1,0,NA,6,10,16,3,0,2,14,2,16,2,1,2,20,3,62.5,4,1,1,79,0,0,100,0,NA,"2019-02-15T06:37:46.844+0000",3,2,1,1,NA,NA,NA,4,100,1,3,4,0,0,0,0,0,0,0,0,0,0,0,0,0,0,0,0,0,0,0,0,0,0,0,NA,NA,NA,"CD_I1005863",FALSE,15,"Lauren","Pearce","away","Melbourne"
"CD_M20192640202","2019-02-09T05:45:00.000+0000","CONCLUDED","2019 NAB AFLW Season","Round 2",2,"Victoria Park","Collingwood","Collingwood","Melbourne","Melbourne",35,"https://s.afl.com.au/staticfile/AFL Tenant/AFL/Players/ChampIDImages/AFLW/2019264/1007153.png?im=Scale,width=0.6,height=0.6","CHB","CD_I1007153",FALSE,35,"Catherine","Phillips","CD_T7386",NA,76,0,0,NA,6,4,10,0,1,3,6,5,11,1,0,0,0,0,40,2,4,1,39,2,0,0,0,NA,"2019-02-15T06:37:46.844+0000",4,1,2,0,NA,NA,NA,0,205,1,2,3,0,0,0,0,0,0,0,0,0,0,0,0,0,0,0,0,0,0,0,0,0,0,0,NA,NA,NA,"CD_I1007153",FALSE,35,"Catherine","Phillips","away","Melbourne"
"CD_M20192640202","2019-02-09T05:45:00.000+0000","CONCLUDED","2019 NAB AFLW Season","Round 2",2,"Victoria Park","Collingwood","Collingwood","Melbourne","Melbourne",7,"https://s.afl.com.au/staticfile/AFL Tenant/AFL/Players/ChampIDImages/AFLW/2019264/296158.png?im=Scale,width=0.6,height=0.6","INT","CD_I296158",FALSE,7,"Bianca","Jakobsson","CD_T7386",NA,69,0,0,NA,1,7,8,0,0,3,4,4,8,0,0,0,0,0,100,1,0,1,26,0,0,0,0,NA,"2019-02-15T06:37:46.844+0000",0,3,0,0,NA,NA,NA,0,34,1,0,1,0,0,0,0,0,0,0,0,0,0,0,0,0,0,0,0,0,0,0,0,0,0,0,NA,NA,NA,"CD_I296158",FALSE,7,"Bianca","Jakobsson","away","Melbourne"
"CD_M20192640202","2019-02-09T05:45:00.000+0000","CONCLUDED","2019 NAB AFLW Season","Round 2",2,"Victoria Park","Collingwood","Collingwood","Melbourne","Melbourne",36,"https://s.afl.com.au/staticfile/AFL Tenant/AFL/Players/ChampIDImages/AFLW/2019264/1005866.png?im=Scale,width=0.6,height=0.6","INT","CD_I1005866",FALSE,36,"Ainslie","Kemp","CD_T7386",NA,46,0,0,NA,6,1,7,3,0,1,5,2,7,1,0,2,0,3,42.9,1,1,1,31,1,0,0,0,NA,"2019-02-15T06:37:46.844+0000",0,4,0,0,NA,NA,NA,2,84,0,0,0,0,0,0,0,0,0,0,0,0,0,0,0,0,0,0,0,0,0,0,0,0,0,0,NA,NA,NA,"CD_I1005866",FALSE,36,"Ainslie","Kemp","away","Melbourne"
"CD_M20192640202","2019-02-09T05:45:00.000+0000","CONCLUDED","2019 NAB AFLW Season","Round 2",2,"Victoria Park","Collingwood","Collingwood","Melbourne","Melbourne",29,"https://s.afl.com.au/staticfile/AFL Tenant/AFL/Players/ChampIDImages/AFLW/2019264/1009764.png?im=Scale,width=0.6,height=0.6","FPL","CD_I1009764",FALSE,29,"Eden","Zanker","CD_T7386",NA,67,0,0,NA,2,3,5,0,0,3,4,1,5,0,0,0,6,0,40,1,1,0,31,0,0,0,0,NA,"2019-02-15T06:37:46.844+0000",2,1,1,1,NA,NA,NA,0,40,0,0,0,0,0,0,0,0,0,0,0,0,0,0,0,0,0,0,0,0,0,0,0,0,0,0,NA,NA,NA,"CD_I1009764",FALSE,29,"Eden","Zanker","away","Melbourne"
"CD_M20192640203","2019-02-09T08:15:00.000+0000","CONCLUDED","2019 NAB AFLW Season","Round 2",2,"Mission Whitten Oval","Western Bulldogs","Western Bulldogs","Geelong Cats","Geelong Cats",36,"https://s.afl.com.au/staticfile/AFL Tenant/AFL/Players/ChampIDImages/AFLW/2019264/1007154.png?im=Scale,width=0.6,height=0.6","FPR","CD_I1007154",FALSE,36,"Angelica","Gogos","CD_T7387",NA,77,0,0,NA,9,1,10,0,0,8,7,4,11,1,0,0,0,2,40,2,2,0,63,0,1,0,NA,NA,"2019-05-01T04:38:46.909+0000",6,3,0,0,NA,NA,NA,1,143,1,3,4,0,0,0,0,0,0,0,0,0,0,0,0,0,0,0,0,0,0,0,0,0,0,0,NA,NA,NA,"CD_I1007154",FALSE,36,"Angelica","Gogos","home","Western Bulldogs"
"CD_M20192640203","2019-02-09T08:15:00.000+0000","CONCLUDED","2019 NAB AFLW Season","Round 2",2,"Mission Whitten Oval","Western Bulldogs","Western Bulldogs","Geelong Cats","Geelong Cats",13,"https://s.afl.com.au/staticfile/AFL Tenant/AFL/Players/ChampIDImages/AFLW/2019264/1012555.png?im=Scale,width=0.6,height=0.6","INT","CD_I1012555",FALSE,13,"Celine","Moody","CD_T7387",NA,57,0,1,NA,5,0,5,2,0,2,2,3,5,1,1,0,11,1,60,1,1,0,42,0,0,0,NA,NA,"2019-05-01T04:38:46.909+0000",2,3,1,1,NA,NA,NA,1,133,0,0,0,0,0,0,0,0,0,0,0,0,0,0,0,0,0,0,0,0,0,0,0,0,0,0,NA,NA,NA,"CD_I1012555",FALSE,13,"Celine","Moody","home","Western Bulldogs"
"CD_M20192640203","2019-02-09T08:15:00.000+0000","CONCLUDED","2019 NAB AFLW Season","Round 2",2,"Mission Whitten Oval","Western Bulldogs","Western Bulldogs","Geelong Cats","Geelong Cats",10,"https://s.afl.com.au/staticfile/AFL Tenant/AFL/Players/ChampIDImages/AFLW/2019264/997660.png?im=Scale,width=0.6,height=0.6","HFFL","CD_I997660",FALSE,10,"Nicole","Callinan","CD_T7387",NA,72,0,0,NA,5,2,7,2,0,3,4,3,7,2,0,0,0,0,57.1,1,2,0,39,0,0,0,NA,NA,"2019-05-01T04:38:46.909+0000",2,0,0,0,NA,NA,NA,0,70,1,1,2,0,0,0,0,0,0,0,0,0,0,0,0,0,0,0,0,0,0,0,0,0,0,0,NA,NA,NA,"CD_I997660",FALSE,10,"Nicole","Callinan","home","Western Bulldogs"
"CD_M20192640203","2019-02-09T08:15:00.000+0000","CONCLUDED","2019 NAB AFLW Season","Round 2",2,"Mission Whitten Oval","Western Bulldogs","Western Bulldogs","Geelong Cats","Geelong Cats",21,"https://s.afl.com.au/staticfile/AFL Tenant/AFL/Players/ChampIDImages/AFLW/2019264/1007008.png?im=Scale,width=0.6,height=0.6","INT","CD_I1007008",FALSE,21,"Bailey","Hunt","CD_T7387",NA,73,0,0,NA,2,1,3,2,0,4,0,3,3,0,0,0,0,1,66.7,1,0,0,30,2,0,0,NA,NA,"2019-05-01T04:38:46.909+0000",0,1,0,0,NA,NA,NA,0,21,0,0,0,0,0,0,0,0,0,0,0,0,0,0,0,0,0,0,0,0,0,0,0,0,0,0,NA,NA,NA,"CD_I1007008",FALSE,21,"Bailey","Hunt","home","Western Bulldogs"
"CD_M20192640203","2019-02-09T08:15:00.000+0000","CONCLUDED","2019 NAB AFLW Season","Round 2",2,"Mission Whitten Oval","Western Bulldogs","Western Bulldogs","Geelong Cats","Geelong Cats",11,"https://s.afl.com.au/staticfile/AFL Tenant/AFL/Players/ChampIDImages/AFLW/2019264/998153.png?im=Scale,width=0.6,height=0.6","FB","CD_I998153",FALSE,11,"Lauren","Spark","CD_T7387",NA,100,0,0,NA,9,3,12,5,0,3,5,8,13,0,0,2,0,1,50,5,0,1,57,3,0,0,NA,NA,"2019-05-01T04:38:46.909+0000",4,6,0,0,NA,NA,NA,0,168,0,0,0,0,0,0,0,0,0,0,0,0,0,0,0,0,0,0,0,0,0,0,0,0,0,0,NA,NA,NA,"CD_I998153",FALSE,11,"Lauren","Spark","home","Western Bulldogs"
"CD_M20192640203","2019-02-09T08:15:00.000+0000","CONCLUDED","2019 NAB AFLW Season","Round 2",2,"Mission Whitten Oval","Western Bulldogs","Western Bulldogs","Geelong Cats","Geelong Cats",3,"https://s.afl.com.au/staticfile/AFL Tenant/AFL/Players/ChampIDImages/AFLW/2019264/998157.png?im=Scale,width=0.6,height=0.6","CHF","CD_I998157",FALSE,3,"Katie","Brennan","CD_T7387",NA,94,0,1,NA,7,3,10,5,0,3,8,2,10,3,1,4,2,1,40,3,0,1,54,0,0,0,NA,NA,"2019-05-01T04:38:46.909+0000",6,1,0,2,NA,NA,NA,1,106,0,0,0,0,0,0,0,0,0,0,0,0,0,0,0,0,0,0,0,0,0,0,0,0,0,0,NA,NA,NA,"CD_I998157",FALSE,3,"Katie","Brennan","home","Western Bulldogs"
"CD_M20192640203","2019-02-09T08:15:00.000+0000","CONCLUDED","2019 NAB AFLW Season","Round 2",2,"Mission Whitten Oval","Western Bulldogs","Western Bulldogs","Geelong Cats","Geelong Cats",9,"https://s.afl.com.au/staticfile/AFL Tenant/AFL/Players/ChampIDImages/AFLW/2019264/1009875.png?im=Scale,width=0.6,height=0.6","INT","CD_I1009875",FALSE,9,"Eleanor","Brown","CD_T7387",NA,50,0,0,NA,1,3,4,1,0,1,2,2,4,0,0,0,0,1,50,0,0,0,16,0,0,0,NA,NA,"2019-05-01T04:38:46.909+0000",1,0,0,0,NA,NA,NA,0,13,0,0,0,0,0,0,0,0,0,0,0,0,0,0,0,0,0,0,0,0,0,0,0,0,0,0,NA,NA,NA,"CD_I1009875",FALSE,9,"Eleanor","Brown","home","Western Bulldogs"
"CD_M20192640203","2019-02-09T08:15:00.000+0000","CONCLUDED","2019 NAB AFLW Season","Round 2",2,"Mission Whitten Oval","Western Bulldogs","Western Bulldogs","Geelong Cats","Geelong Cats",19,"https://s.afl.com.au/staticfile/AFL Tenant/AFL/Players/ChampIDImages/AFLW/2019264/997692.png?im=Scale,width=0.6,height=0.6","CHB","CD_I997692",FALSE,19,"Tiarna","Ernst","CD_T7387",NA,100,0,0,NA,2,2,4,0,0,1,2,1,3,0,0,0,1,3,75,1,1,0,16,1,0,0,NA,NA,"2019-05-01T04:38:46.909+0000",0,3,0,0,NA,NA,NA,0,60,0,0,0,0,0,0,0,0,0,0,0,0,0,0,0,0,0,0,0,0,0,0,0,0,0,0,NA,NA,NA,"CD_I997692",FALSE,19,"Tiarna","Ernst","home","Western Bulldogs"
"CD_M20192640203","2019-02-09T08:15:00.000+0000","CONCLUDED","2019 NAB AFLW Season","Round 2",2,"Mission Whitten Oval","Western Bulldogs","Western Bulldogs","Geelong Cats","Geelong Cats",12,"https://s.afl.com.au/staticfile/AFL Tenant/AFL/Players/ChampIDImages/AFLW/2019264/1007029.png?im=Scale,width=0.6,height=0.6","INT","CD_I1007029",FALSE,12,"Belinda","Smith","CD_T7387",NA,66,0,0,NA,3,1,4,2,0,8,2,2,4,1,0,0,0,1,75,1,1,0,50,0,0,0,NA,NA,"2019-05-01T04:38:46.909+0000",1,1,2,0,NA,NA,NA,0,19,0,0,0,0,0,0,0,0,0,0,0,0,0,0,0,0,0,0,0,0,0,0,0,0,0,0,NA,NA,NA,"CD_I1007029",FALSE,12,"Belinda","Smith","home","Western Bulldogs"
"CD_M20192640203","2019-02-09T08:15:00.000+0000","CONCLUDED","2019 NAB AFLW Season","Round 2",2,"Mission Whitten Oval","Western Bulldogs","Western Bulldogs","Geelong Cats","Geelong Cats",2,"https://s.afl.com.au/staticfile/AFL Tenant/AFL/Players/ChampIDImages/AFLW/2019264/296125.png?im=Scale,width=0.6,height=0.6","R","CD_I296125",FALSE,2,"Ellie","Blackburn","CD_T7387",NA,98,1,0,NA,14,4,18,0,0,8,13,4,17,0,0,0,0,2,55.6,2,4,0,92,5,0,100,NA,NA,"2019-05-01T04:38:46.909+0000",4,5,3,1,NA,NA,NA,3,329,1,4,5,0,0,0,0,0,0,0,0,0,0,0,0,0,0,0,0,0,0,0,0,0,0,0,NA,NA,NA,"CD_I296125",FALSE,2,"Ellie","Blackburn","home","Western Bulldogs"
"CD_M20192640203","2019-02-09T08:15:00.000+0000","CONCLUDED","2019 NAB AFLW Season","Round 2",2,"Mission Whitten Oval","Western Bulldogs","Western Bulldogs","Geelong Cats","Geelong Cats",18,"https://s.afl.com.au/staticfile/AFL Tenant/AFL/Players/ChampIDImages/AFLW/2019264/1007157.png?im=Scale,width=0.6,height=0.6","BPL","CD_I1007157",FALSE,18,"Libby","Birch","CD_T7387",NA,96,0,0,NA,6,3,9,1,0,7,5,5,10,1,0,0,0,2,55.6,5,2,3,48,1,0,0,NA,NA,"2019-05-01T04:38:46.909+0000",1,4,0,0,NA,NA,NA,0,125,0,0,0,0,0,0,0,0,0,0,0,0,0,0,0,0,0,0,0,0,0,0,0,0,0,0,NA,NA,NA,"CD_I1007157",FALSE,18,"Libby","Birch","home","Western Bulldogs"
"CD_M20192640203","2019-02-09T08:15:00.000+0000","CONCLUDED","2019 NAB AFLW Season","Round 2",2,"Mission Whitten Oval","Western Bulldogs","Western Bulldogs","Geelong Cats","Geelong Cats",8,"https://s.afl.com.au/staticfile/AFL Tenant/AFL/Players/ChampIDImages/AFLW/2019264/1010104.png?im=Scale,width=0.6,height=0.6","RR","CD_I1010104",FALSE,8,"Monique","Conti","CD_T7387",NA,90,0,0,NA,11,8,19,2,0,5,11,8,19,0,0,0,0,0,52.6,5,2,1,74,3,0,0,NA,NA,"2019-05-01T04:38:46.909+0000",5,6,1,1,NA,NA,NA,0,201,0,3,3,0,0,0,0,0,0,0,0,0,0,0,0,0,0,0,0,0,0,0,0,0,0,0,NA,NA,NA,"CD_I1010104",FALSE,8,"Monique","Conti","home","Western Bulldogs"
"CD_M20192640203","2019-02-09T08:15:00.000+0000","CONCLUDED","2019 NAB AFLW Season","Round 2",2,"Mission Whitten Oval","Western Bulldogs","Western Bulldogs","Geelong Cats","Geelong Cats",28,"https://s.afl.com.au/staticfile/AFL Tenant/AFL/Players/ChampIDImages/AFLW/2019264/1010690.png?im=Scale,width=0.6,height=0.6","HFFR","CD_I1010690",FALSE,28,"Bonnie","Toogood","CD_T7387",NA,88,1,0,NA,3,0,3,2,0,1,2,1,3,0,0,1,0,2,66.7,0,0,0,25,0,0,100,NA,NA,"2019-05-01T04:38:46.909+0000",1,0,0,1,NA,NA,NA,1,77,0,0,0,0,0,0,0,0,0,0,0,0,0,0,0,0,0,0,0,0,0,0,0,0,0,0,NA,NA,NA,"CD_I1010690",FALSE,28,"Bonnie","Toogood","home","Western Bulldogs"
"CD_M20192640203","2019-02-09T08:15:00.000+0000","CONCLUDED","2019 NAB AFLW Season","Round 2",2,"Mission Whitten Oval","Western Bulldogs","Western Bulldogs","Geelong Cats","Geelong Cats",27,"https://s.afl.com.au/staticfile/AFL Tenant/AFL/Players/ChampIDImages/AFLW/2019264/997686.png?im=Scale,width=0.6,height=0.6","C","CD_I997686",FALSE,27,"Kirsty","Lamb","CD_T7387",NA,62,0,0,NA,13,5,18,2,0,5,10,9,19,2,0,0,0,1,55.6,3,1,0,76,0,0,0,NA,NA,"2019-05-01T04:38:46.909+0000",4,1,0,0,NA,NA,NA,0,253,1,3,4,0,0,0,0,0,0,0,0,0,0,0,0,0,0,0,0,0,0,0,0,0,0,0,NA,NA,NA,"CD_I997686",FALSE,27,"Kirsty","Lamb","home","Western Bulldogs"
"CD_M20192640203","2019-02-09T08:15:00.000+0000","CONCLUDED","2019 NAB AFLW Season","Round 2",2,"Mission Whitten Oval","Western Bulldogs","Western Bulldogs","Geelong Cats","Geelong Cats",6,"https://s.afl.com.au/staticfile/AFL Tenant/AFL/Players/ChampIDImages/AFLW/2019264/1007020.png?im=Scale,width=0.6,height=0.6","FPL","CD_I1007020",FALSE,6,"Kirsten","McLeod","CD_T7387",NA,44,0,0,NA,1,0,1,0,0,3,0,0,0,2,0,0,0,0,0,2,0,1,12,0,0,0,NA,NA,"2019-05-01T04:38:46.909+0000",1,0,0,0,NA,NA,NA,0,43,0,0,0,0,0,0,0,0,0,0,0,0,0,0,0,0,0,0,0,0,0,0,0,0,0,0,NA,NA,NA,"CD_I1007020",FALSE,6,"Kirsten","McLeod","home","Western Bulldogs"
"CD_M20192640203","2019-02-09T08:15:00.000+0000","CONCLUDED","2019 NAB AFLW Season","Round 2",2,"Mission Whitten Oval","Western Bulldogs","Western Bulldogs","Geelong Cats","Geelong Cats",15,"https://s.afl.com.au/staticfile/AFL Tenant/AFL/Players/ChampIDImages/AFLW/2019264/1014034.png?im=Scale,width=0.6,height=0.6","BPR","CD_I1014034",FALSE,15,"Aisling","McCarthy","CD_T7387",NA,83,1,0,NA,6,2,8,1,0,4,5,2,7,3,0,0,0,1,62.5,3,2,1,46,0,0,100,NA,NA,"2019-05-01T04:38:46.909+0000",4,1,1,1,NA,NA,NA,1,138,0,1,1,0,0,0,0,0,0,0,0,0,0,0,0,0,0,0,0,0,0,0,0,0,0,0,NA,NA,NA,"CD_I1014034",FALSE,15,"Aisling","McCarthy","home","Western Bulldogs"
"CD_M20192640203","2019-02-09T08:15:00.000+0000","CONCLUDED","2019 NAB AFLW Season","Round 2",2,"Mission Whitten Oval","Western Bulldogs","Western Bulldogs","Geelong Cats","Geelong Cats",22,"https://s.afl.com.au/staticfile/AFL Tenant/AFL/Players/ChampIDImages/AFLW/2019264/1001689.png?im=Scale,width=0.6,height=0.6","HBFR","CD_I1001689",FALSE,22,"Hannah","Scott","CD_T7387",NA,96,0,0,NA,8,1,9,1,0,2,1,5,6,0,0,0,0,3,66.7,3,1,2,32,3,0,0,NA,NA,"2019-05-01T04:38:46.909+0000",2,3,0,0,NA,NA,NA,0,185,0,0,0,0,0,0,0,0,0,0,0,0,0,0,0,0,0,0,0,0,0,0,0,0,0,0,NA,NA,NA,"CD_I1001689",FALSE,22,"Hannah","Scott","home","Western Bulldogs"
"CD_M20192640203","2019-02-09T08:15:00.000+0000","CONCLUDED","2019 NAB AFLW Season","Round 2",2,"Mission Whitten Oval","Western Bulldogs","Western Bulldogs","Geelong Cats","Geelong Cats",16,"https://s.afl.com.au/staticfile/AFL Tenant/AFL/Players/ChampIDImages/AFLW/2019264/1010689.png?im=Scale,width=0.6,height=0.6","HBFL","CD_I1010689",FALSE,16,"Naomi","Ferres","CD_T7387",NA,46,0,0,NA,1,2,3,0,0,0,3,0,3,0,0,0,0,1,66.7,0,0,0,7,0,0,0,NA,NA,"2019-05-01T04:38:46.909+0000",0,0,0,0,NA,NA,NA,0,14,0,1,1,0,0,0,0,0,0,0,0,0,0,0,0,0,0,0,0,0,0,0,0,0,0,0,NA,NA,NA,"CD_I1010689",FALSE,16,"Naomi","Ferres","home","Western Bulldogs"
"CD_M20192640203","2019-02-09T08:15:00.000+0000","CONCLUDED","2019 NAB AFLW Season","Round 2",2,"Mission Whitten Oval","Western Bulldogs","Western Bulldogs","Geelong Cats","Geelong Cats",7,"https://s.afl.com.au/staticfile/AFL Tenant/AFL/Players/ChampIDImages/AFLW/2019264/997728.png?im=Scale,width=0.6,height=0.6","FF","CD_I997728",FALSE,7,"Deanna","Berry","CD_T7387",NA,84,1,2,NA,8,2,10,2,2,4,8,3,11,3,2,0,0,1,50,2,1,0,59,0,0,33.3,NA,NA,"2019-05-01T04:38:46.909+0000",3,2,1,3,NA,NA,NA,4,256,0,3,3,0,0,0,0,0,0,0,0,0,0,0,0,0,0,0,0,0,0,0,0,0,0,0,NA,NA,NA,"CD_I997728",FALSE,7,"Deanna","Berry","home","Western Bulldogs"
"CD_M20192640203","2019-02-09T08:15:00.000+0000","CONCLUDED","2019 NAB AFLW Season","Round 2",2,"Mission Whitten Oval","Western Bulldogs","Western Bulldogs","Geelong Cats","Geelong Cats",23,"https://s.afl.com.au/staticfile/AFL Tenant/AFL/Players/ChampIDImages/AFLW/2019264/1010676.png?im=Scale,width=0.6,height=0.6","INT","CD_I1010676",FALSE,23,"Aisling","Utri","CD_T7387",NA,78,1,0,NA,11,3,14,6,0,4,11,4,15,2,1,2,0,0,78.6,2,3,0,82,2,0,100,NA,NA,"2019-05-01T04:38:46.909+0000",4,5,0,1,NA,NA,NA,2,333,0,3,3,0,0,0,0,0,0,0,0,0,0,0,0,0,0,0,0,0,0,0,0,0,0,0,NA,NA,NA,"CD_I1010676",FALSE,23,"Aisling","Utri","home","Western Bulldogs"
"CD_M20192640203","2019-02-09T08:15:00.000+0000","CONCLUDED","2019 NAB AFLW Season","Round 2",2,"Mission Whitten Oval","Western Bulldogs","Western Bulldogs","Geelong Cats","Geelong Cats",24,"https://s.afl.com.au/staticfile/AFL Tenant/AFL/Players/ChampIDImages/AFLW/2019264/1010677.png?im=Scale,width=0.6,height=0.6","RK","CD_I1010677",FALSE,24,"Kimberley","Rennie","CD_T7387",NA,46,0,0,NA,3,0,3,0,0,3,2,0,2,1,0,0,12,0,0,1,1,0,34,1,0,0,NA,NA,"2019-05-01T04:38:46.909+0000",1,0,0,0,NA,NA,NA,0,73,2,1,3,0,0,0,0,0,0,0,0,0,0,0,0,0,0,0,0,0,0,0,0,0,0,0,NA,NA,NA,"CD_I1010677",FALSE,24,"Kimberley","Rennie","home","Western Bulldogs"
"CD_M20192640203","2019-02-09T08:15:00.000+0000","CONCLUDED","2019 NAB AFLW Season","Round 2",2,"Mission Whitten Oval","Western Bulldogs","Western Bulldogs","Geelong Cats","Geelong Cats",27,"https://s.afl.com.au/staticfile/AFL Tenant/AFL/Players/ChampIDImages/AFLW/2019264/1009765.png?im=Scale,width=0.6,height=0.6","INT","CD_I1009765",FALSE,27,"Sophie","Van De Heuvel","CD_T8467",NA,73,0,0,NA,3,2,5,0,0,3,2,3,5,1,0,0,0,1,60,0,0,0,25,1,0,0,NA,NA,"2019-05-01T04:38:46.909+0000",1,1,1,0,NA,NA,NA,0,38,0,0,0,0,0,0,0,0,0,0,0,0,0,0,0,0,0,0,0,0,0,0,0,0,0,0,NA,NA,NA,"CD_I1009765",FALSE,27,"Sophie","Van De Heuvel","away","Geelong Cats"
"CD_M20192640203","2019-02-09T08:15:00.000+0000","CONCLUDED","2019 NAB AFLW Season","Round 2",2,"Mission Whitten Oval","Western Bulldogs","Western Bulldogs","Geelong Cats","Geelong Cats",4,"https://s.afl.com.au/staticfile/AFL Tenant/AFL/Players/ChampIDImages/AFLW/2019264/1012627.png?im=Scale,width=0.6,height=0.6","BPR","CD_I1012627",FALSE,4,"Cassie","Blakeway","CD_T8467",NA,72,0,0,NA,4,3,7,1,0,0,5,4,9,0,0,1,0,2,71.4,3,0,2,15,0,0,0,NA,NA,"2019-05-01T04:38:46.909+0000",5,3,0,0,NA,NA,NA,1,102,0,1,1,0,0,0,0,0,0,0,0,0,0,0,0,0,0,0,0,0,0,0,0,0,0,0,NA,NA,NA,"CD_I1012627",FALSE,4,"Cassie","Blakeway","away","Geelong Cats"
"CD_M20192640203","2019-02-09T08:15:00.000+0000","CONCLUDED","2019 NAB AFLW Season","Round 2",2,"Mission Whitten Oval","Western Bulldogs","Western Bulldogs","Geelong Cats","Geelong Cats",6,"https://s.afl.com.au/staticfile/AFL Tenant/AFL/Players/ChampIDImages/AFLW/2019264/1012640.png?im=Scale,width=0.6,height=0.6","RR","CD_I1012640",FALSE,6,"Julia","Crockett-Grills","CD_T8467",NA,71,0,0,NA,7,6,13,1,0,8,10,3,13,2,0,0,0,0,46.2,2,0,0,68,2,0,0,NA,NA,"2019-05-01T04:38:46.909+0000",2,5,2,0,NA,NA,NA,1,183,0,4,4,0,0,0,0,0,0,0,0,0,0,0,0,0,0,0,0,0,0,0,0,0,0,0,NA,NA,NA,"CD_I1012640",FALSE,6,"Julia","Crockett-Grills","away","Geelong Cats"
"CD_M20192640203","2019-02-09T08:15:00.000+0000","CONCLUDED","2019 NAB AFLW Season","Round 2",2,"Mission Whitten Oval","Western Bulldogs","Western Bulldogs","Geelong Cats","Geelong Cats",8,"https://s.afl.com.au/staticfile/AFL Tenant/AFL/Players/ChampIDImages/AFLW/2019264/1007001.png?im=Scale,width=0.6,height=0.6","FPL","CD_I1007001",FALSE,8,"Kate","Darby","CD_T8467",NA,71,0,2,NA,7,2,9,2,0,3,5,4,9,1,1,0,4,0,44.4,1,0,0,49,0,1,0,NA,NA,"2019-05-01T04:38:46.909+0000",1,0,0,3,NA,NA,NA,3,165,0,2,2,0,0,0,0,0,0,0,0,0,0,0,0,0,0,0,0,0,0,0,0,0,0,0,NA,NA,NA,"CD_I1007001",FALSE,8,"Kate","Darby","away","Geelong Cats"
"CD_M20192640203","2019-02-09T08:15:00.000+0000","CONCLUDED","2019 NAB AFLW Season","Round 2",2,"Mission Whitten Oval","Western Bulldogs","Western Bulldogs","Geelong Cats","Geelong Cats",21,"https://s.afl.com.au/staticfile/AFL Tenant/AFL/Players/ChampIDImages/AFLW/2019264/1009860.png?im=Scale,width=0.6,height=0.6","HBFR","CD_I1009860",FALSE,21,"Rebecca","Webster","CD_T8467",NA,84,0,0,NA,3,5,8,1,0,1,6,3,9,0,0,1,0,0,75,0,1,0,27,2,0,0,NA,NA,"2019-05-01T04:38:46.909+0000",2,3,0,0,NA,NA,NA,0,100,0,1,1,0,0,0,0,0,0,0,0,0,0,0,0,0,0,0,0,0,0,0,0,0,0,0,NA,NA,NA,"CD_I1009860",FALSE,21,"Rebecca","Webster","away","Geelong Cats"
"CD_M20192640203","2019-02-09T08:15:00.000+0000","CONCLUDED","2019 NAB AFLW Season","Round 2",2,"Mission Whitten Oval","Western Bulldogs","Western Bulldogs","Geelong Cats","Geelong Cats",17,"https://s.afl.com.au/staticfile/AFL Tenant/AFL/Players/ChampIDImages/AFLW/2019264/1009857.png?im=Scale,width=0.6,height=0.6","INT","CD_I1009857",FALSE,17,"Georgia","Clarke","CD_T8467",NA,62,1,0,NA,6,2,8,1,0,2,3,4,7,1,0,0,0,0,75,2,2,1,38,0,0,100,NA,NA,"2019-05-01T04:38:46.909+0000",2,4,1,1,NA,NA,NA,1,129,0,0,0,0,0,0,0,0,0,0,0,0,0,0,0,0,0,0,0,0,0,0,0,0,0,0,NA,NA,NA,"CD_I1009857",FALSE,17,"Georgia","Clarke","away","Geelong Cats"
"CD_M20192640203","2019-02-09T08:15:00.000+0000","CONCLUDED","2019 NAB AFLW Season","Round 2",2,"Mission Whitten Oval","Western Bulldogs","Western Bulldogs","Geelong Cats","Geelong Cats",24,"https://s.afl.com.au/staticfile/AFL Tenant/AFL/Players/ChampIDImages/AFLW/2019264/1012474.png?im=Scale,width=0.6,height=0.6","INT","CD_I1012474",FALSE,24,"Madaleine","McMahon","CD_T8467",NA,79,0,0,NA,4,5,9,1,0,0,5,3,8,3,0,0,1,2,77.8,3,0,2,20,1,0,0,NA,NA,"2019-05-01T04:38:46.909+0000",4,4,0,0,NA,NA,NA,0,163,0,1,1,0,0,0,0,0,0,0,0,0,0,0,0,0,0,0,0,0,0,0,0,0,0,0,NA,NA,NA,"CD_I1012474",FALSE,24,"Madaleine","McMahon","away","Geelong Cats"
"CD_M20192640203","2019-02-09T08:15:00.000+0000","CONCLUDED","2019 NAB AFLW Season","Round 2",2,"Mission Whitten Oval","Western Bulldogs","Western Bulldogs","Geelong Cats","Geelong Cats",40,"https://s.afl.com.au/staticfile/AFL Tenant/AFL/Players/ChampIDImages/AFLW/2019264/1010687.png?im=Scale,width=0.6,height=0.6","BPL","CD_I1010687",FALSE,40,"Anna","Teague","CD_T8467",NA,85,0,0,NA,4,3,7,2,0,2,3,4,7,0,0,1,0,3,71.4,0,0,0,32,1,0,0,NA,NA,"2019-05-01T04:38:46.909+0000",0,6,0,0,NA,NA,NA,0,32,0,0,0,0,0,0,0,0,0,0,0,0,0,0,0,0,0,0,0,0,0,0,0,0,0,0,NA,NA,NA,"CD_I1010687",FALSE,40,"Anna","Teague","away","Geelong Cats"
"CD_M20192640203","2019-02-09T08:15:00.000+0000","CONCLUDED","2019 NAB AFLW Season","Round 2",2,"Mission Whitten Oval","Western Bulldogs","Western Bulldogs","Geelong Cats","Geelong Cats",14,"https://s.afl.com.au/staticfile/AFL Tenant/AFL/Players/ChampIDImages/AFLW/2019264/998148.png?im=Scale,width=0.6,height=0.6","RK","CD_I998148",FALSE,14,"Aasta","O'Connor","CD_T8467",NA,41,0,0,NA,2,1,3,1,0,1,2,0,2,1,1,1,3,0,33.3,4,0,1,15,0,0,0,NA,NA,"2019-05-01T04:38:46.909+0000",0,1,1,1,NA,NA,NA,0,62,0,0,0,0,0,0,0,0,0,0,0,0,0,0,0,0,0,0,0,0,0,0,0,0,0,0,NA,NA,NA,"CD_I998148",FALSE,14,"Aasta","O'Connor","away","Geelong Cats"
"CD_M20192640203","2019-02-09T08:15:00.000+0000","CONCLUDED","2019 NAB AFLW Season","Round 2",2,"Mission Whitten Oval","Western Bulldogs","Western Bulldogs","Geelong Cats","Geelong Cats",16,"https://s.afl.com.au/staticfile/AFL Tenant/AFL/Players/ChampIDImages/AFLW/2019264/1009861.png?im=Scale,width=0.6,height=0.6","R","CD_I1009861",FALSE,16,"Olivia","Purcell","CD_T8467",NA,74,0,0,NA,10,7,17,3,0,4,11,9,20,1,0,0,0,1,41.2,9,0,3,60,3,1,0,NA,NA,"2019-05-01T04:38:46.909+0000",4,3,1,0,NA,NA,NA,2,193,0,4,4,0,0,0,0,0,0,0,0,0,0,0,0,0,0,0,0,0,0,0,0,0,0,0,NA,NA,NA,"CD_I1009861",FALSE,16,"Olivia","Purcell","away","Geelong Cats"
"CD_M20192640203","2019-02-09T08:15:00.000+0000","CONCLUDED","2019 NAB AFLW Season","Round 2",2,"Mission Whitten Oval","Western Bulldogs","Western Bulldogs","Geelong Cats","Geelong Cats",45,"https://s.afl.com.au/staticfile/AFL Tenant/AFL/Players/ChampIDImages/AFLW/2019264/997678.png?im=Scale,width=0.6,height=0.6","HFFR","CD_I997678",FALSE,45,"Madeline","Keryk","CD_T8467",NA,88,0,0,NA,10,2,12,1,0,8,3,9,12,3,1,0,0,2,58.3,5,0,3,60,1,0,0,NA,NA,"2019-05-01T04:38:46.909+0000",1,3,1,0,NA,NA,NA,3,258,0,1,1,0,0,0,0,0,0,0,0,0,0,0,0,0,0,0,0,0,0,0,0,0,0,0,NA,NA,NA,"CD_I997678",FALSE,45,"Madeline","Keryk","away","Geelong Cats"
"CD_M20192640203","2019-02-09T08:15:00.000+0000","CONCLUDED","2019 NAB AFLW Season","Round 2",2,"Mission Whitten Oval","Western Bulldogs","Western Bulldogs","Geelong Cats","Geelong Cats",28,"https://s.afl.com.au/staticfile/AFL Tenant/AFL/Players/ChampIDImages/AFLW/2019264/1009854.png?im=Scale,width=0.6,height=0.6","HBFL","CD_I1009854",FALSE,28,"Denby","Taylor","CD_T8467",NA,82,0,0,NA,5,5,10,0,0,4,4,3,7,1,0,0,0,0,50,2,1,1,39,1,0,0,NA,NA,"2019-05-01T04:38:46.909+0000",2,2,0,0,NA,NA,NA,1,37,0,2,2,0,0,0,0,0,0,0,0,0,0,0,0,0,0,0,0,0,0,0,0,0,0,0,NA,NA,NA,"CD_I1009854",FALSE,28,"Denby","Taylor","away","Geelong Cats"
"CD_M20192640203","2019-02-09T08:15:00.000+0000","CONCLUDED","2019 NAB AFLW Season","Round 2",2,"Mission Whitten Oval","Western Bulldogs","Western Bulldogs","Geelong Cats","Geelong Cats",12,"https://s.afl.com.au/staticfile/AFL Tenant/AFL/Players/ChampIDImages/AFLW/2019264/1012470.png?im=Scale,width=0.6,height=0.6","C","CD_I1012470",FALSE,12,"Renee","Garing","CD_T8467",NA,84,0,0,NA,3,6,9,0,0,12,2,7,9,1,0,0,0,2,66.7,3,0,2,63,0,0,0,NA,NA,"2019-05-01T04:38:46.909+0000",1,0,2,0,NA,NA,NA,0,76,0,0,0,0,0,0,0,0,0,0,0,0,0,0,0,0,0,0,0,0,0,0,0,0,0,0,NA,NA,NA,"CD_I1012470",FALSE,12,"Renee","Garing","away","Geelong Cats"
"CD_M20192640203","2019-02-09T08:15:00.000+0000","CONCLUDED","2019 NAB AFLW Season","Round 2",2,"Mission Whitten Oval","Western Bulldogs","Western Bulldogs","Geelong Cats","Geelong Cats",11,"https://s.afl.com.au/staticfile/AFL Tenant/AFL/Players/ChampIDImages/AFLW/2019264/1007155.png?im=Scale,width=0.6,height=0.6","CHB","CD_I1007155",FALSE,11,"Meghan","McDonald","CD_T8467",NA,100,0,0,NA,12,9,21,4,1,1,10,8,18,2,0,1,0,4,76.2,4,0,1,67,3,0,0,NA,NA,"2019-05-01T04:38:46.909+0000",9,11,0,0,NA,NA,NA,0,395,0,0,0,0,0,0,0,0,0,0,0,0,0,0,0,0,0,0,0,0,0,0,0,0,0,0,NA,NA,NA,"CD_I1007155",FALSE,11,"Meghan","McDonald","away","Geelong Cats"
"CD_M20192640203","2019-02-09T08:15:00.000+0000","CONCLUDED","2019 NAB AFLW Season","Round 2",2,"Mission Whitten Oval","Western Bulldogs","Western Bulldogs","Geelong Cats","Geelong Cats",26,"https://s.afl.com.au/staticfile/AFL Tenant/AFL/Players/ChampIDImages/AFLW/2019264/997669.png?im=Scale,width=0.6,height=0.6","CHF","CD_I997669",FALSE,26,"Madeleine","Boyd","CD_T8467",NA,74,0,0,NA,4,2,6,3,0,3,3,4,7,1,0,2,0,1,50,2,0,2,31,0,0,0,NA,NA,"2019-05-01T04:38:46.909+0000",1,0,3,0,NA,NA,NA,0,76,0,0,0,0,0,0,0,0,0,0,0,0,0,0,0,0,0,0,0,0,0,0,0,0,0,0,NA,NA,NA,"CD_I997669",FALSE,26,"Madeleine","Boyd","away","Geelong Cats"
"CD_M20192640203","2019-02-09T08:15:00.000+0000","CONCLUDED","2019 NAB AFLW Season","Round 2",2,"Mission Whitten Oval","Western Bulldogs","Western Bulldogs","Geelong Cats","Geelong Cats",44,"https://s.afl.com.au/staticfile/AFL Tenant/AFL/Players/ChampIDImages/AFLW/2019264/296130.png?im=Scale,width=0.6,height=0.6","FB","CD_I296130",FALSE,44,"Rebecca","Goring","CD_T8467",NA,98,0,0,NA,3,3,6,0,0,4,3,1,4,0,0,0,0,0,50,3,1,0,32,0,0,0,NA,NA,"2019-05-01T04:38:46.909+0000",2,4,0,0,NA,NA,NA,0,85,0,0,0,0,0,0,0,0,0,0,0,0,0,0,0,0,0,0,0,0,0,0,0,0,0,0,NA,NA,NA,"CD_I296130",FALSE,44,"Rebecca","Goring","away","Geelong Cats"
"CD_M20192640203","2019-02-09T08:15:00.000+0000","CONCLUDED","2019 NAB AFLW Season","Round 2",2,"Mission Whitten Oval","Western Bulldogs","Western Bulldogs","Geelong Cats","Geelong Cats",23,"https://s.afl.com.au/staticfile/AFL Tenant/AFL/Players/ChampIDImages/AFLW/2019264/997689.png?im=Scale,width=0.6,height=0.6","FF","CD_I997689",FALSE,23,"Phoebe","McWilliams","CD_T8467",NA,93,1,2,NA,4,0,4,3,0,5,3,2,5,0,2,1,0,1,25,3,2,1,48,0,0,25,NA,NA,"2019-05-01T04:38:46.909+0000",2,1,2,4,NA,NA,NA,3,93,0,1,1,0,0,0,0,0,0,0,0,0,0,0,0,0,0,0,0,0,0,0,0,0,0,0,NA,NA,NA,"CD_I997689",FALSE,23,"Phoebe","McWilliams","away","Geelong Cats"
"CD_M20192640203","2019-02-09T08:15:00.000+0000","CONCLUDED","2019 NAB AFLW Season","Round 2",2,"Mission Whitten Oval","Western Bulldogs","Western Bulldogs","Geelong Cats","Geelong Cats",46,"https://s.afl.com.au/staticfile/AFL Tenant/AFL/Players/ChampIDImages/AFLW/2019264/1010675.png?im=Scale,width=0.6,height=0.6","INT","CD_I1010675",FALSE,46,"Erin","Hoare","CD_T8467",NA,69,0,0,NA,1,3,4,0,0,3,4,1,5,0,0,0,32,3,25,2,1,0,54,0,0,0,NA,NA,"2019-05-01T04:38:46.909+0000",0,1,0,0,NA,NA,NA,0,14,0,2,2,0,0,0,0,0,0,0,0,0,0,0,0,0,0,0,0,0,0,0,0,0,0,0,NA,NA,NA,"CD_I1010675",FALSE,46,"Erin","Hoare","away","Geelong Cats"
"CD_M20192640203","2019-02-09T08:15:00.000+0000","CONCLUDED","2019 NAB AFLW Season","Round 2",2,"Mission Whitten Oval","Western Bulldogs","Western Bulldogs","Geelong Cats","Geelong Cats",7,"https://s.afl.com.au/staticfile/AFL Tenant/AFL/Players/ChampIDImages/AFLW/2019264/1006999.png?im=Scale,width=0.6,height=0.6","INT","CD_I1006999",FALSE,7,"Mia-Rae","Clifford","CD_T8467",NA,62,0,0,NA,2,0,2,1,0,1,1,1,2,1,0,0,0,0,0,3,2,2,9,0,0,0,NA,NA,"2019-05-01T04:38:46.909+0000",3,0,0,0,NA,NA,NA,0,52,0,0,0,0,0,0,0,0,0,0,0,0,0,0,0,0,0,0,0,0,0,0,0,0,0,0,NA,NA,NA,"CD_I1006999",FALSE,7,"Mia-Rae","Clifford","away","Geelong Cats"
"CD_M20192640203","2019-02-09T08:15:00.000+0000","CONCLUDED","2019 NAB AFLW Season","Round 2",2,"Mission Whitten Oval","Western Bulldogs","Western Bulldogs","Geelong Cats","Geelong Cats",5,"https://s.afl.com.au/staticfile/AFL Tenant/AFL/Players/ChampIDImages/AFLW/2019264/1008031.png?im=Scale,width=0.6,height=0.6","FPR","CD_I1008031",FALSE,5,"Jordan","Ivey","CD_T8467",NA,69,0,0,NA,4,0,4,0,0,4,1,2,3,2,0,0,0,0,50,3,1,2,23,0,0,0,NA,NA,"2019-05-01T04:38:46.909+0000",2,0,1,0,NA,NA,NA,0,119,0,1,1,0,0,0,0,0,0,0,0,0,0,0,0,0,0,0,0,0,0,0,0,0,0,0,NA,NA,NA,"CD_I1008031",FALSE,5,"Jordan","Ivey","away","Geelong Cats"
"CD_M20192640203","2019-02-09T08:15:00.000+0000","CONCLUDED","2019 NAB AFLW Season","Round 2",2,"Mission Whitten Oval","Western Bulldogs","Western Bulldogs","Geelong Cats","Geelong Cats",2,"https://s.afl.com.au/staticfile/AFL Tenant/AFL/Players/ChampIDImages/AFLW/2019264/1012480.png?im=Scale,width=0.6,height=0.6","HFFL","CD_I1012480",FALSE,2,"Danielle","Orr","CD_T8467",NA,67,0,0,NA,2,3,5,1,0,5,4,2,6,2,0,0,0,1,80,2,0,2,29,0,0,0,NA,NA,"2019-05-01T04:38:46.909+0000",0,0,1,0,NA,NA,NA,1,41,0,0,0,0,0,0,0,0,0,0,0,0,0,0,0,0,0,0,0,0,0,0,0,0,0,0,NA,NA,NA,"CD_I1012480",FALSE,2,"Danielle","Orr","away","Geelong Cats"
"CD_M20192640204","2019-02-10T05:05:00.000+0000","CONCLUDED","2019 NAB AFLW Season","Round 2",2,"IKON Park","Carlton","Carlton","Adelaide Crows","Adelaide Crows",11,"https://s.afl.com.au/staticfile/AFL Tenant/AFL/Players/ChampIDImages/AFLW/2019264/1005865.png?im=Scale,width=0.6,height=0.6","RR","CD_I1005865",FALSE,11,"Jess","Hosking","CD_T8096",NA,75,0,0,NA,4,3,7,2,0,2,1,6,7,0,0,0,0,0,57.1,1,0,1,29,3,0,0,NA,NA,"2019-05-01T04:38:21.351+0000",4,3,0,0,NA,NA,NA,1,67,0,0,0,0,0,0,0,0,0,0,0,0,0,0,0,0,0,0,0,0,0,0,0,0,0,0,NA,NA,NA,"CD_I1005865",FALSE,11,"Jess","Hosking","home","Carlton"
"CD_M20192640204","2019-02-10T05:05:00.000+0000","CONCLUDED","2019 NAB AFLW Season","Round 2",2,"IKON Park","Carlton","Carlton","Adelaide Crows","Adelaide Crows",8,"https://s.afl.com.au/staticfile/AFL Tenant/AFL/Players/ChampIDImages/AFLW/2019264/997683.png?im=Scale,width=0.6,height=0.6","FPR","CD_I997683",FALSE,8,"Amelia","Mullane","CD_T8096",NA,76,0,0,NA,6,7,13,1,0,6,9,4,13,1,0,0,0,0,61.5,5,0,1,56,2,0,0,NA,NA,"2019-05-01T04:38:21.351+0000",5,1,1,0,NA,NA,NA,1,193,1,4,5,0,0,0,0,0,0,0,0,0,0,0,0,0,0,0,0,0,0,0,0,0,0,0,NA,NA,NA,"CD_I997683",FALSE,8,"Amelia","Mullane","home","Carlton"
"CD_M20192640204","2019-02-10T05:05:00.000+0000","CONCLUDED","2019 NAB AFLW Season","Round 2",2,"IKON Park","Carlton","Carlton","Adelaide Crows","Adelaide Crows",10,"https://s.afl.com.au/staticfile/AFL Tenant/AFL/Players/ChampIDImages/AFLW/2019264/1006666.png?im=Scale,width=0.6,height=0.6","INT","CD_I1006666",FALSE,10,"Sarah","Hosking","CD_T8096",NA,61,0,0,NA,6,5,11,4,0,5,2,9,11,1,0,0,0,0,81.8,3,0,1,57,2,0,0,NA,NA,"2019-05-01T04:38:21.351+0000",3,1,0,0,NA,NA,NA,1,160,0,1,1,0,0,0,0,0,0,0,0,0,0,0,0,0,0,0,0,0,0,0,0,0,0,0,NA,NA,NA,"CD_I1006666",FALSE,10,"Sarah","Hosking","home","Carlton"
"CD_M20192640204","2019-02-10T05:05:00.000+0000","CONCLUDED","2019 NAB AFLW Season","Round 2",2,"IKON Park","Carlton","Carlton","Adelaide Crows","Adelaide Crows",6,"https://s.afl.com.au/staticfile/AFL Tenant/AFL/Players/ChampIDImages/AFLW/2019264/1007026.png?im=Scale,width=0.6,height=0.6","INT","CD_I1007026",FALSE,6,"Gabriella","Pound","CD_T8096",NA,84,0,0,NA,10,3,13,5,0,3,7,6,13,1,0,2,0,2,61.5,5,2,2,59,3,0,0,NA,NA,"2019-05-01T04:38:21.351+0000",3,8,0,0,NA,NA,NA,0,110,0,0,0,0,0,0,0,0,0,0,0,0,0,0,0,0,0,0,0,0,0,0,0,0,0,0,NA,NA,NA,"CD_I1007026",FALSE,6,"Gabriella","Pound","home","Carlton"
"CD_M20192640204","2019-02-10T05:05:00.000+0000","CONCLUDED","2019 NAB AFLW Season","Round 2",2,"IKON Park","Carlton","Carlton","Adelaide Crows","Adelaide Crows",22,"https://s.afl.com.au/staticfile/AFL Tenant/AFL/Players/ChampIDImages/AFLW/2019264/1012734.png?im=Scale,width=0.6,height=0.6","HBFL","CD_I1012734",FALSE,22,"Rhiannon","Watt","CD_T8096",NA,55,0,0,NA,2,4,6,2,0,1,6,1,7,0,0,1,4,1,50,1,0,0,28,1,1,0,NA,NA,"2019-05-01T04:38:21.351+0000",2,2,0,0,NA,NA,NA,2,27,0,0,0,0,0,0,0,0,0,0,0,0,0,0,0,0,0,0,0,0,0,0,0,0,0,0,NA,NA,NA,"CD_I1012734",FALSE,22,"Rhiannon","Watt","home","Carlton"
"CD_M20192640204","2019-02-10T05:05:00.000+0000","CONCLUDED","2019 NAB AFLW Season","Round 2",2,"IKON Park","Carlton","Carlton","Adelaide Crows","Adelaide Crows",30,"https://s.afl.com.au/staticfile/AFL Tenant/AFL/Players/ChampIDImages/AFLW/2019264/1007003.png?im=Scale,width=0.6,height=0.6","RK","CD_I1007003",FALSE,30,"Alison","Downie","CD_T8096",NA,68,0,0,NA,1,8,9,0,0,3,11,0,11,0,0,0,17,1,55.6,1,2,1,47,1,0,0,NA,NA,"2019-05-01T04:38:21.351+0000",1,5,0,0,NA,NA,NA,0,16,1,1,2,0,0,0,0,0,0,0,0,0,0,0,0,0,0,0,0,0,0,0,0,0,0,0,NA,NA,NA,"CD_I1007003",FALSE,30,"Alison","Downie","home","Carlton"
"CD_M20192640204","2019-02-10T05:05:00.000+0000","CONCLUDED","2019 NAB AFLW Season","Round 2",2,"IKON Park","Carlton","Carlton","Adelaide Crows","Adelaide Crows",15,"https://s.afl.com.au/staticfile/AFL Tenant/AFL/Players/ChampIDImages/AFLW/2019264/1012549.png?im=Scale,width=0.6,height=0.6","R","CD_I1012549",FALSE,15,"Chloe","Dalton","CD_T8096",NA,84,1,0,NA,6,5,11,3,0,3,3,8,11,2,0,0,0,0,54.5,2,1,1,53,3,0,100,NA,NA,"2019-05-01T04:38:21.351+0000",4,3,0,1,NA,NA,NA,3,276,0,1,1,0,0,0,0,0,0,0,0,0,0,0,0,0,0,0,0,0,0,0,0,0,0,0,NA,NA,NA,"CD_I1012549",FALSE,15,"Chloe","Dalton","home","Carlton"
"CD_M20192640204","2019-02-10T05:05:00.000+0000","CONCLUDED","2019 NAB AFLW Season","Round 2",2,"IKON Park","Carlton","Carlton","Adelaide Crows","Adelaide Crows",19,"https://s.afl.com.au/staticfile/AFL Tenant/AFL/Players/ChampIDImages/AFLW/2019264/997745.png?im=Scale,width=0.6,height=0.6","C","CD_I997745",FALSE,19,"Georgia","Gee","CD_T8096",NA,73,0,0,NA,7,1,8,1,0,6,4,5,9,3,0,0,0,0,25,4,0,1,47,1,0,0,NA,NA,"2019-05-01T04:38:21.351+0000",3,1,2,0,NA,NA,NA,0,120,0,0,0,0,0,0,0,0,0,0,0,0,0,0,0,0,0,0,0,0,0,0,0,0,0,0,NA,NA,NA,"CD_I997745",FALSE,19,"Georgia","Gee","home","Carlton"
"CD_M20192640204","2019-02-10T05:05:00.000+0000","CONCLUDED","2019 NAB AFLW Season","Round 2",2,"IKON Park","Carlton","Carlton","Adelaide Crows","Adelaide Crows",13,"https://s.afl.com.au/staticfile/AFL Tenant/AFL/Players/ChampIDImages/AFLW/2019264/998042.png?im=Scale,width=0.6,height=0.6","FF","CD_I998042",FALSE,13,"Kirby","Bentley","CD_T8096",NA,81,0,0,NA,8,3,11,4,0,0,3,5,8,0,0,1,0,0,81.8,1,1,0,43,1,0,0,NA,NA,"2019-05-01T04:38:21.351+0000",3,6,0,0,NA,NA,NA,0,105,0,0,0,0,0,0,0,0,0,0,0,0,0,0,0,0,0,0,0,0,0,0,0,0,0,0,NA,NA,NA,"CD_I998042",FALSE,13,"Kirby","Bentley","home","Carlton"
"CD_M20192640204","2019-02-10T05:05:00.000+0000","CONCLUDED","2019 NAB AFLW Season","Round 2",2,"IKON Park","Carlton","Carlton","Adelaide Crows","Adelaide Crows",3,"https://s.afl.com.au/staticfile/AFL Tenant/AFL/Players/ChampIDImages/AFLW/2019264/997663.png?im=Scale,width=0.6,height=0.6","HFFR","CD_I997663",FALSE,3,"Darcy","Vescio","CD_T8096",NA,90,1,1,NA,6,3,9,1,0,1,7,3,10,0,0,0,0,1,55.6,1,0,1,35,0,0,33.3,NA,NA,"2019-05-01T04:38:21.351+0000",2,2,0,3,NA,NA,NA,3,91,0,0,0,0,0,0,0,0,0,0,0,0,0,0,0,0,0,0,0,0,0,0,0,0,0,0,NA,NA,NA,"CD_I997663",FALSE,3,"Darcy","Vescio","home","Carlton"
"CD_M20192640204","2019-02-10T05:05:00.000+0000","CONCLUDED","2019 NAB AFLW Season","Round 2",2,"IKON Park","Carlton","Carlton","Adelaide Crows","Adelaide Crows",25,"https://s.afl.com.au/staticfile/AFL Tenant/AFL/Players/ChampIDImages/AFLW/2019264/1005278.png?im=Scale,width=0.6,height=0.6","BPL","CD_I1005278",FALSE,25,"Jessica","Edwards","CD_T8096",NA,89,0,0,NA,6,2,8,3,0,2,3,6,9,2,0,0,0,4,62.5,7,1,4,28,0,0,0,NA,NA,"2019-05-01T04:38:21.351+0000",4,4,0,0,NA,NA,NA,0,68,0,0,0,0,0,0,0,0,0,0,0,0,0,0,0,0,0,0,0,0,0,0,0,0,0,0,NA,NA,NA,"CD_I1005278",FALSE,25,"Jessica","Edwards","home","Carlton"
"CD_M20192640204","2019-02-10T05:05:00.000+0000","CONCLUDED","2019 NAB AFLW Season","Round 2",2,"IKON Park","Carlton","Carlton","Adelaide Crows","Adelaide Crows",9,"https://s.afl.com.au/staticfile/AFL Tenant/AFL/Players/ChampIDImages/AFLW/2019264/1009977.png?im=Scale,width=0.6,height=0.6","FB","CD_I1009977",FALSE,9,"Kerryn","Harrington","CD_T8096",NA,89,0,0,NA,15,5,20,6,1,1,10,10,20,0,0,1,0,0,75,5,0,1,74,5,0,0,NA,NA,"2019-05-01T04:38:21.351+0000",7,11,0,0,NA,NA,NA,0,400,0,0,0,0,0,0,0,0,0,0,0,0,0,0,0,0,0,0,0,0,0,0,0,0,0,0,NA,NA,NA,"CD_I1009977",FALSE,9,"Kerryn","Harrington","home","Carlton"
"CD_M20192640204","2019-02-10T05:05:00.000+0000","CONCLUDED","2019 NAB AFLW Season","Round 2",2,"IKON Park","Carlton","Carlton","Adelaide Crows","Adelaide Crows",26,"https://s.afl.com.au/staticfile/AFL Tenant/AFL/Players/ChampIDImages/AFLW/2019264/997664.png?im=Scale,width=0.6,height=0.6","FPL","CD_I997664",FALSE,26,"Shae","Audley","CD_T8096",NA,55,0,0,NA,1,1,2,1,0,7,2,1,3,2,0,0,0,0,100,1,0,1,33,0,0,0,NA,NA,"2019-05-01T04:38:21.351+0000",2,0,5,0,NA,NA,NA,0,6,0,0,0,0,0,0,0,0,0,0,0,0,0,0,0,0,0,0,0,0,0,0,0,0,0,0,NA,NA,NA,"CD_I997664",FALSE,26,"Shae","Audley","home","Carlton"
"CD_M20192640204","2019-02-10T05:05:00.000+0000","CONCLUDED","2019 NAB AFLW Season","Round 2",2,"IKON Park","Carlton","Carlton","Adelaide Crows","Adelaide Crows",36,"https://s.afl.com.au/staticfile/AFL Tenant/AFL/Players/ChampIDImages/AFLW/2019264/1012659.png?im=Scale,width=0.6,height=0.6","CHF","CD_I1012659",FALSE,36,"Jayde","Van Dyk","CD_T8096",NA,89,0,0,NA,9,7,16,2,0,2,7,9,16,0,0,0,0,4,62.5,1,3,0,58,3,0,0,NA,NA,"2019-05-01T04:38:21.351+0000",3,6,0,0,NA,NA,NA,0,142,0,0,0,0,0,0,0,0,0,0,0,0,0,0,0,0,0,0,0,0,0,0,0,0,0,0,NA,NA,NA,"CD_I1012659",FALSE,36,"Jayde","Van Dyk","home","Carlton"
"CD_M20192640204","2019-02-10T05:05:00.000+0000","CONCLUDED","2019 NAB AFLW Season","Round 2",2,"IKON Park","Carlton","Carlton","Adelaide Crows","Adelaide Crows",21,"https://s.afl.com.au/staticfile/AFL Tenant/AFL/Players/ChampIDImages/AFLW/2019264/998164.png?im=Scale,width=0.6,height=0.6","BPR","CD_I998164",FALSE,21,"Nicola","Stevens","CD_T8096",NA,77,0,0,NA,4,1,5,2,0,0,4,2,6,0,0,0,0,1,40,2,0,1,17,1,0,0,NA,NA,"2019-05-01T04:38:21.351+0000",4,5,0,0,NA,NA,NA,1,100,0,1,1,0,0,0,0,0,0,0,0,0,0,0,0,0,0,0,0,0,0,0,0,0,0,0,NA,NA,NA,"CD_I998164",FALSE,21,"Nicola","Stevens","home","Carlton"
"CD_M20192640204","2019-02-10T05:05:00.000+0000","CONCLUDED","2019 NAB AFLW Season","Round 2",2,"IKON Park","Carlton","Carlton","Adelaide Crows","Adelaide Crows",32,"https://s.afl.com.au/staticfile/AFL Tenant/AFL/Players/ChampIDImages/AFLW/2019264/1007025.png?im=Scale,width=0.6,height=0.6","INT","CD_I1007025",FALSE,32,"Natalie","Plane","CD_T8096",NA,85,2,0,NA,9,2,11,2,0,3,4,7,11,3,0,0,0,1,72.7,1,1,0,62,0,0,100,NA,NA,"2019-05-01T04:38:21.351+0000",2,1,1,2,NA,NA,NA,4,229,0,0,0,0,0,0,0,0,0,0,0,0,0,0,0,0,0,0,0,0,0,0,0,0,0,0,NA,NA,NA,"CD_I1007025",FALSE,32,"Natalie","Plane","home","Carlton"
"CD_M20192640204","2019-02-10T05:05:00.000+0000","CONCLUDED","2019 NAB AFLW Season","Round 2",2,"IKON Park","Carlton","Carlton","Adelaide Crows","Adelaide Crows",1,"https://s.afl.com.au/staticfile/AFL Tenant/AFL/Players/ChampIDImages/AFLW/2019264/1003020.png?im=Scale,width=0.6,height=0.6","CHB","CD_I1003020",FALSE,1,"Brianna","Davey","CD_T8096",NA,75,0,0,NA,6,5,11,1,1,3,6,5,11,1,0,0,0,0,54.5,2,0,1,40,1,1,0,NA,NA,"2019-05-01T04:38:21.351+0000",6,0,0,0,NA,NA,NA,1,194,0,0,0,0,0,0,0,0,0,0,0,0,0,0,0,0,0,0,0,0,0,0,0,0,0,0,NA,NA,NA,"CD_I1003020",FALSE,1,"Brianna","Davey","home","Carlton"
"CD_M20192640204","2019-02-10T05:05:00.000+0000","CONCLUDED","2019 NAB AFLW Season","Round 2",2,"IKON Park","Carlton","Carlton","Adelaide Crows","Adelaide Crows",12,"https://s.afl.com.au/staticfile/AFL Tenant/AFL/Players/ChampIDImages/AFLW/2019264/1006996.png?im=Scale,width=0.6,height=0.6","HBFR","CD_I1006996",FALSE,12,"Lauren","Brazzale","CD_T8096",NA,80,0,0,NA,9,2,11,5,0,4,2,9,11,4,0,0,0,0,72.7,2,0,0,62,3,0,0,NA,NA,"2019-05-01T04:38:21.351+0000",4,1,0,0,NA,NA,NA,2,295,0,2,2,0,0,0,0,0,0,0,0,0,0,0,0,0,0,0,0,0,0,0,0,0,0,0,NA,NA,NA,"CD_I1006996",FALSE,12,"Lauren","Brazzale","home","Carlton"
"CD_M20192640204","2019-02-10T05:05:00.000+0000","CONCLUDED","2019 NAB AFLW Season","Round 2",2,"IKON Park","Carlton","Carlton","Adelaide Crows","Adelaide Crows",4,"https://s.afl.com.au/staticfile/AFL Tenant/AFL/Players/ChampIDImages/AFLW/2019264/1009885.png?im=Scale,width=0.6,height=0.6","HFFL","CD_I1009885",FALSE,4,"Madison","Prespakis","CD_T8096",NA,78,1,0,NA,13,7,20,2,0,0,10,7,17,1,1,0,0,1,65,2,1,1,63,1,0,100,NA,NA,"2019-05-01T04:38:21.351+0000",1,2,0,1,NA,NA,NA,5,260,4,4,8,0,0,0,0,0,0,0,0,0,0,0,0,0,0,0,0,0,0,0,0,0,0,0,NA,NA,NA,"CD_I1009885",FALSE,4,"Madison","Prespakis","home","Carlton"
"CD_M20192640204","2019-02-10T05:05:00.000+0000","CONCLUDED","2019 NAB AFLW Season","Round 2",2,"IKON Park","Carlton","Carlton","Adelaide Crows","Adelaide Crows",16,"https://s.afl.com.au/staticfile/AFL Tenant/AFL/Players/ChampIDImages/AFLW/2019264/1007023.png?im=Scale,width=0.6,height=0.6","INT","CD_I1007023",FALSE,16,"Breann","Moody","CD_T8096",NA,71,1,0,NA,2,2,4,0,0,1,3,1,4,0,0,0,3,0,75,0,0,0,23,0,0,100,NA,NA,"2019-05-01T04:38:21.351+0000",0,0,1,1,NA,NA,NA,1,31,0,0,0,0,0,0,0,0,0,0,0,0,0,0,0,0,0,0,0,0,0,0,0,0,0,0,NA,NA,NA,"CD_I1007023",FALSE,16,"Breann","Moody","home","Carlton"
"CD_M20192640204","2019-02-10T05:05:00.000+0000","CONCLUDED","2019 NAB AFLW Season","Round 2",2,"IKON Park","Carlton","Carlton","Adelaide Crows","Adelaide Crows",2,"https://s.afl.com.au/staticfile/AFL Tenant/AFL/Players/ChampIDImages/AFLW/2019264/1007016.png?im=Scale,width=0.6,height=0.6","INT","CD_I1007016",FALSE,2,"Katie","Loynes","CD_T8096",NA,68,1,0,NA,7,4,11,2,0,1,7,4,11,2,0,0,0,1,63.6,1,2,0,47,0,0,100,NA,NA,"2019-05-01T04:38:21.351+0000",2,1,1,1,NA,NA,NA,2,181,1,1,2,0,0,0,0,0,0,0,0,0,0,0,0,0,0,0,0,0,0,0,0,0,0,0,NA,NA,NA,"CD_I1007016",FALSE,2,"Katie","Loynes","home","Carlton"
"CD_M20192640204","2019-02-10T05:05:00.000+0000","CONCLUDED","2019 NAB AFLW Season","Round 2",2,"IKON Park","Carlton","Carlton","Adelaide Crows","Adelaide Crows",2,"https://s.afl.com.au/staticfile/AFL Tenant/AFL/Players/ChampIDImages/AFLW/2019264/1005258.png?im=Scale,width=0.6,height=0.6","HFFR","CD_I1005258",FALSE,2,"Eloise","Jones","CD_T8098",NA,74,2,1,NA,5,3,8,2,0,5,6,3,9,0,1,0,0,0,75,0,2,0,62,0,1,66.7,NA,NA,"2019-05-01T04:38:21.351+0000",2,3,3,3,NA,NA,NA,5,108,0,0,0,0,0,0,0,0,0,0,0,0,0,0,0,0,0,0,0,0,0,0,0,0,0,0,NA,NA,NA,"CD_I1005258",FALSE,2,"Eloise","Jones","away","Adelaide Crows"
"CD_M20192640204","2019-02-10T05:05:00.000+0000","CONCLUDED","2019 NAB AFLW Season","Round 2",2,"IKON Park","Carlton","Carlton","Adelaide Crows","Adelaide Crows",14,"https://s.afl.com.au/staticfile/AFL Tenant/AFL/Players/ChampIDImages/AFLW/2019264/1005386.png?im=Scale,width=0.6,height=0.6","BPR","CD_I1005386",FALSE,14,"Stevie-Lee","Thompson","CD_T8098",NA,77,4,0,NA,11,6,17,4,0,3,5,12,17,6,2,1,0,0,76.5,2,1,1,91,0,0,100,NA,NA,"2019-05-01T04:38:21.351+0000",3,1,1,4,NA,NA,NA,6,295,0,0,0,0,0,0,0,0,0,0,0,0,0,0,0,0,0,0,0,0,0,0,0,0,0,0,NA,NA,NA,"CD_I1005386",FALSE,14,"Stevie-Lee","Thompson","away","Adelaide Crows"
"CD_M20192640204","2019-02-10T05:05:00.000+0000","CONCLUDED","2019 NAB AFLW Season","Round 2",2,"IKON Park","Carlton","Carlton","Adelaide Crows","Adelaide Crows",16,"https://s.afl.com.au/staticfile/AFL Tenant/AFL/Players/ChampIDImages/AFLW/2019264/1013947.png?im=Scale,width=0.6,height=0.6","INT","CD_I1013947",FALSE,16,"Ailish","Considine","CD_T8098",NA,56,0,0,NA,6,2,8,0,0,3,2,6,8,2,0,0,0,0,75,2,0,1,31,1,0,0,NA,NA,"2019-05-01T04:38:21.351+0000",5,3,1,1,NA,NA,NA,0,199,0,0,0,0,0,0,0,0,0,0,0,0,0,0,0,0,0,0,0,0,0,0,0,0,0,0,NA,NA,NA,"CD_I1013947",FALSE,16,"Ailish","Considine","away","Adelaide Crows"
"CD_M20192640204","2019-02-10T05:05:00.000+0000","CONCLUDED","2019 NAB AFLW Season","Round 2",2,"IKON Park","Carlton","Carlton","Adelaide Crows","Adelaide Crows",33,"https://s.afl.com.au/staticfile/AFL Tenant/AFL/Players/ChampIDImages/AFLW/2019264/1005269.png?im=Scale,width=0.6,height=0.6","CHF","CD_I1005269",FALSE,33,"Anne","Hatchard","CD_T8098",NA,85,0,0,NA,7,15,22,4,0,7,12,11,23,4,1,0,1,3,68.2,1,0,0,92,1,2,0,NA,NA,"2019-05-01T04:38:21.351+0000",3,6,2,0,NA,NA,NA,5,201,1,3,4,0,0,0,0,0,0,0,0,0,0,0,0,0,0,0,0,0,0,0,0,0,0,0,NA,NA,NA,"CD_I1005269",FALSE,33,"Anne","Hatchard","away","Adelaide Crows"
"CD_M20192640204","2019-02-10T05:05:00.000+0000","CONCLUDED","2019 NAB AFLW Season","Round 2",2,"IKON Park","Carlton","Carlton","Adelaide Crows","Adelaide Crows",28,"https://s.afl.com.au/staticfile/AFL Tenant/AFL/Players/ChampIDImages/AFLW/2019264/296145.png?im=Scale,width=0.6,height=0.6","INT","CD_I296145",FALSE,28,"Sarah","Perkins","CD_T8098",NA,53,1,0,NA,4,3,7,2,0,3,4,2,6,1,1,0,1,0,71.4,1,1,1,41,0,0,100,NA,NA,"2019-05-01T04:38:21.351+0000",1,1,1,1,NA,NA,NA,2,119,0,0,0,0,0,0,0,0,0,0,0,0,0,0,0,0,0,0,0,0,0,0,0,0,0,0,NA,NA,NA,"CD_I296145",FALSE,28,"Sarah","Perkins","away","Adelaide Crows"
"CD_M20192640204","2019-02-10T05:05:00.000+0000","CONCLUDED","2019 NAB AFLW Season","Round 2",2,"IKON Park","Carlton","Carlton","Adelaide Crows","Adelaide Crows",3,"https://s.afl.com.au/staticfile/AFL Tenant/AFL/Players/ChampIDImages/AFLW/2019264/1005378.png?im=Scale,width=0.6,height=0.6","CHB","CD_I1005378",FALSE,3,"Angela","Foley","CD_T8098",NA,79,0,0,NA,7,3,10,1,0,2,4,6,10,2,0,0,0,3,80,3,0,0,38,1,0,0,NA,NA,"2019-05-01T04:38:21.351+0000",3,4,0,0,NA,NA,NA,0,229,0,0,0,0,0,0,0,0,0,0,0,0,0,0,0,0,0,0,0,0,0,0,0,0,0,0,NA,NA,NA,"CD_I1005378",FALSE,3,"Angela","Foley","away","Adelaide Crows"
"CD_M20192640204","2019-02-10T05:05:00.000+0000","CONCLUDED","2019 NAB AFLW Season","Round 2",2,"IKON Park","Carlton","Carlton","Adelaide Crows","Adelaide Crows",23,"https://s.afl.com.au/staticfile/AFL Tenant/AFL/Players/ChampIDImages/AFLW/2019264/1005955.png?im=Scale,width=0.6,height=0.6","FPR","CD_I1005955",FALSE,23,"Justine","Mules","CD_T8098",NA,73,0,0,NA,6,3,9,2,0,3,7,4,11,1,0,0,0,1,55.6,2,0,1,39,0,0,0,NA,NA,"2019-05-01T04:38:21.351+0000",1,4,0,0,NA,NA,NA,2,103,0,2,2,0,0,0,0,0,0,0,0,0,0,0,0,0,0,0,0,0,0,0,0,0,0,0,NA,NA,NA,"CD_I1005955",FALSE,23,"Justine","Mules","away","Adelaide Crows"
"CD_M20192640204","2019-02-10T05:05:00.000+0000","CONCLUDED","2019 NAB AFLW Season","Round 2",2,"IKON Park","Carlton","Carlton","Adelaide Crows","Adelaide Crows",22,"https://s.afl.com.au/staticfile/AFL Tenant/AFL/Players/ChampIDImages/AFLW/2019264/998046.png?im=Scale,width=0.6,height=0.6","HBFR","CD_I998046",FALSE,22,"Courtney","Cramey","CD_T8098",NA,77,0,0,NA,10,3,13,0,0,2,2,11,13,4,0,0,0,1,38.5,5,2,1,43,1,0,0,NA,NA,"2019-05-01T04:38:21.351+0000",8,1,0,0,NA,NA,NA,1,173,0,0,0,0,0,0,0,0,0,0,0,0,0,0,0,0,0,0,0,0,0,0,0,0,0,0,NA,NA,NA,"CD_I998046",FALSE,22,"Courtney","Cramey","away","Adelaide Crows"
"CD_M20192640204","2019-02-10T05:05:00.000+0000","CONCLUDED","2019 NAB AFLW Season","Round 2",2,"IKON Park","Carlton","Carlton","Adelaide Crows","Adelaide Crows",4,"https://s.afl.com.au/staticfile/AFL Tenant/AFL/Players/ChampIDImages/AFLW/2019264/1007342.png?im=Scale,width=0.6,height=0.6","FPL","CD_I1007342",FALSE,4,"Chloe","Scheer","CD_T8098",NA,70,0,1,NA,7,4,11,3,0,1,6,5,11,0,1,0,0,1,54.5,5,1,2,38,0,1,0,NA,NA,"2019-05-01T04:38:21.351+0000",4,1,0,2,NA,NA,NA,4,94,0,0,0,0,0,0,0,0,0,0,0,0,0,0,0,0,0,0,0,0,0,0,0,0,0,0,NA,NA,NA,"CD_I1007342",FALSE,4,"Chloe","Scheer","away","Adelaide Crows"
"CD_M20192640204","2019-02-10T05:05:00.000+0000","CONCLUDED","2019 NAB AFLW Season","Round 2",2,"IKON Park","Carlton","Carlton","Adelaide Crows","Adelaide Crows",6,"https://s.afl.com.au/staticfile/AFL Tenant/AFL/Players/ChampIDImages/AFLW/2019264/1011092.png?im=Scale,width=0.6,height=0.6","INT","CD_I1011092",FALSE,6,"Hannah","Martin","CD_T8098",NA,66,0,0,NA,9,4,13,3,0,3,8,5,13,8,0,0,0,0,69.2,1,2,0,58,0,1,0,NA,NA,"2019-05-01T04:38:21.351+0000",5,3,0,0,NA,NA,NA,3,294,1,2,3,0,0,0,0,0,0,0,0,0,0,0,0,0,0,0,0,0,0,0,0,0,0,0,NA,NA,NA,"CD_I1011092",FALSE,6,"Hannah","Martin","away","Adelaide Crows"
"CD_M20192640204","2019-02-10T05:05:00.000+0000","CONCLUDED","2019 NAB AFLW Season","Round 2",2,"IKON Park","Carlton","Carlton","Adelaide Crows","Adelaide Crows",12,"https://s.afl.com.au/staticfile/AFL Tenant/AFL/Players/ChampIDImages/AFLW/2019264/1013946.png?im=Scale,width=0.6,height=0.6","BPL","CD_I1013946",FALSE,12,"Maisie","Nankivell","CD_T8098",NA,81,0,0,NA,0,2,2,0,0,7,1,1,2,0,0,0,6,1,50,1,0,0,38,1,0,0,NA,NA,"2019-05-01T04:38:21.351+0000",0,0,3,0,NA,NA,NA,0,9,0,0,0,0,0,0,0,0,0,0,0,0,0,0,0,0,0,0,0,0,0,0,0,0,0,0,NA,NA,NA,"CD_I1013946",FALSE,12,"Maisie","Nankivell","away","Adelaide Crows"
"CD_M20192640204","2019-02-10T05:05:00.000+0000","CONCLUDED","2019 NAB AFLW Season","Round 2",2,"IKON Park","Carlton","Carlton","Adelaide Crows","Adelaide Crows",32,"https://s.afl.com.au/staticfile/AFL Tenant/AFL/Players/ChampIDImages/AFLW/2019264/1007574.png?im=Scale,width=0.6,height=0.6","HFFL","CD_I1007574",FALSE,32,"Marijana","Rajcic","CD_T8098",NA,98,0,0,NA,9,6,15,3,0,2,6,10,16,2,0,0,0,3,80,1,0,0,56,0,0,0,NA,NA,"2019-05-01T04:38:21.351+0000",2,6,0,0,NA,NA,NA,1,188,0,0,0,0,0,0,0,0,0,0,0,0,0,0,0,0,0,0,0,0,0,0,0,0,0,0,NA,NA,NA,"CD_I1007574",FALSE,32,"Marijana","Rajcic","away","Adelaide Crows"
"CD_M20192640204","2019-02-10T05:05:00.000+0000","CONCLUDED","2019 NAB AFLW Season","Round 2",2,"IKON Park","Carlton","Carlton","Adelaide Crows","Adelaide Crows",39,"https://s.afl.com.au/staticfile/AFL Tenant/AFL/Players/ChampIDImages/AFLW/2019264/1005285.png?im=Scale,width=0.6,height=0.6","FB","CD_I1005285",FALSE,39,"Sarah","Allan","CD_T8098",NA,100,0,0,NA,10,4,14,5,0,3,6,7,13,0,0,2,0,4,71.4,2,0,0,65,4,0,0,NA,NA,"2019-05-01T04:38:21.351+0000",3,10,0,0,NA,NA,NA,0,226,0,0,0,0,0,0,0,0,0,0,0,0,0,0,0,0,0,0,0,0,0,0,0,0,0,0,NA,NA,NA,"CD_I1005285",FALSE,39,"Sarah","Allan","away","Adelaide Crows"
"CD_M20192640204","2019-02-10T05:05:00.000+0000","CONCLUDED","2019 NAB AFLW Season","Round 2",2,"IKON Park","Carlton","Carlton","Adelaide Crows","Adelaide Crows",13,"https://s.afl.com.au/staticfile/AFL Tenant/AFL/Players/ChampIDImages/AFLW/2019264/1007129.png?im=Scale,width=0.6,height=0.6","FF","CD_I1007129",FALSE,13,"Erin","Phillips","CD_T8098",NA,97,1,0,NA,13,8,21,4,0,3,12,9,21,5,1,0,0,0,52.4,5,4,2,83,0,0,25,NA,NA,"2019-05-01T04:38:21.351+0000",4,2,1,4,NA,NA,NA,4,258,3,1,4,0,0,0,0,0,0,0,0,0,0,0,0,0,0,0,0,0,0,0,0,0,0,0,NA,NA,NA,"CD_I1007129",FALSE,13,"Erin","Phillips","away","Adelaide Crows"
"CD_M20192640204","2019-02-10T05:05:00.000+0000","CONCLUDED","2019 NAB AFLW Season","Round 2",2,"IKON Park","Carlton","Carlton","Adelaide Crows","Adelaide Crows",24,"https://s.afl.com.au/staticfile/AFL Tenant/AFL/Players/ChampIDImages/AFLW/2019264/1011127.png?im=Scale,width=0.6,height=0.6","RK","CD_I1011127",FALSE,24,"Jessica","Foley","CD_T8098",NA,85,1,0,NA,9,6,15,3,0,5,4,11,15,4,1,0,17,1,73.3,5,1,1,89,0,0,100,NA,NA,"2019-05-01T04:38:21.351+0000",5,3,0,1,NA,NA,NA,3,217,2,1,3,0,0,0,0,0,0,0,0,0,0,0,0,0,0,0,0,0,0,0,0,0,0,0,NA,NA,NA,"CD_I1011127",FALSE,24,"Jessica","Foley","away","Adelaide Crows"
"CD_M20192640204","2019-02-10T05:05:00.000+0000","CONCLUDED","2019 NAB AFLW Season","Round 2",2,"IKON Park","Carlton","Carlton","Adelaide Crows","Adelaide Crows",31,"https://s.afl.com.au/staticfile/AFL Tenant/AFL/Players/ChampIDImages/AFLW/2019264/1005956.png?im=Scale,width=0.6,height=0.6","HBFL","CD_I1005956",FALSE,31,"Dayna","Cox","CD_T8098",NA,83,0,0,NA,5,4,9,2,0,4,3,5,8,0,0,0,0,3,88.9,0,0,0,45,1,0,0,NA,NA,"2019-05-01T04:38:21.351+0000",0,5,0,0,NA,NA,NA,1,88,0,0,0,0,0,0,0,0,0,0,0,0,0,0,0,0,0,0,0,0,0,0,0,0,0,0,NA,NA,NA,"CD_I1005956",FALSE,31,"Dayna","Cox","away","Adelaide Crows"
"CD_M20192640204","2019-02-10T05:05:00.000+0000","CONCLUDED","2019 NAB AFLW Season","Round 2",2,"IKON Park","Carlton","Carlton","Adelaide Crows","Adelaide Crows",9,"https://s.afl.com.au/staticfile/AFL Tenant/AFL/Players/ChampIDImages/AFLW/2019264/1005251.png?im=Scale,width=0.6,height=0.6","RR","CD_I1005251",FALSE,9,"Deni","Varnhagen","CD_T8098",NA,67,0,0,NA,8,5,13,5,0,3,4,9,13,1,0,1,0,0,46.2,2,0,0,61,2,0,0,NA,NA,"2019-05-01T04:38:21.351+0000",3,3,0,0,NA,NA,NA,3,200,0,1,1,0,0,0,0,0,0,0,0,0,0,0,0,0,0,0,0,0,0,0,0,0,0,0,NA,NA,NA,"CD_I1005251",FALSE,9,"Deni","Varnhagen","away","Adelaide Crows"
"CD_M20192640204","2019-02-10T05:05:00.000+0000","CONCLUDED","2019 NAB AFLW Season","Round 2",2,"IKON Park","Carlton","Carlton","Adelaide Crows","Adelaide Crows",27,"https://s.afl.com.au/staticfile/AFL Tenant/AFL/Players/ChampIDImages/AFLW/2019264/998045.png?im=Scale,width=0.6,height=0.6","R","CD_I998045",FALSE,27,"Renee","Forth","CD_T8098",NA,64,0,1,NA,8,4,12,3,0,2,3,8,11,1,0,0,0,1,66.7,1,0,0,50,1,0,0,NA,NA,"2019-05-01T04:38:21.351+0000",1,1,0,1,NA,NA,NA,2,177,0,2,2,0,0,0,0,0,0,0,0,0,0,0,0,0,0,0,0,0,0,0,0,0,0,0,NA,NA,NA,"CD_I998045",FALSE,27,"Renee","Forth","away","Adelaide Crows"
"CD_M20192640204","2019-02-10T05:05:00.000+0000","CONCLUDED","2019 NAB AFLW Season","Round 2",2,"IKON Park","Carlton","Carlton","Adelaide Crows","Adelaide Crows",19,"https://s.afl.com.au/staticfile/AFL Tenant/AFL/Players/ChampIDImages/AFLW/2019264/1007356.png?im=Scale,width=0.6,height=0.6","INT","CD_I1007356",FALSE,19,"Sophie","Li","CD_T8098",NA,67,0,0,NA,2,5,7,0,0,3,2,4,6,1,0,0,0,2,85.7,0,0,0,28,0,1,0,NA,NA,"2019-05-01T04:38:21.351+0000",0,1,2,0,NA,NA,NA,2,57,0,0,0,0,0,0,0,0,0,0,0,0,0,0,0,0,0,0,0,0,0,0,0,0,0,0,NA,NA,NA,"CD_I1007356",FALSE,19,"Sophie","Li","away","Adelaide Crows"
"CD_M20192640204","2019-02-10T05:05:00.000+0000","CONCLUDED","2019 NAB AFLW Season","Round 2",2,"IKON Park","Carlton","Carlton","Adelaide Crows","Adelaide Crows",10,"https://s.afl.com.au/staticfile/AFL Tenant/AFL/Players/ChampIDImages/AFLW/2019264/1005279.png?im=Scale,width=0.6,height=0.6","C","CD_I1005279",FALSE,10,"Ebony","Marinoff","CD_T8098",NA,85,0,0,NA,12,5,17,2,0,8,9,8,17,0,0,0,0,2,47.1,6,4,2,82,1,0,0,NA,NA,"2019-05-01T04:38:21.351+0000",8,3,0,0,NA,NA,NA,2,220,1,1,2,0,0,0,0,0,0,0,0,0,0,0,0,0,0,0,0,0,0,0,0,0,0,0,NA,NA,NA,"CD_I1005279",FALSE,10,"Ebony","Marinoff","away","Adelaide Crows"
"CD_M20192640204","2019-02-10T05:05:00.000+0000","CONCLUDED","2019 NAB AFLW Season","Round 2",2,"IKON Park","Carlton","Carlton","Adelaide Crows","Adelaide Crows",15,"https://s.afl.com.au/staticfile/AFL Tenant/AFL/Players/ChampIDImages/AFLW/2019264/1009794.png?im=Scale,width=0.6,height=0.6","INT","CD_I1009794",FALSE,15,"Danielle","Ponter","CD_T8098",NA,63,0,0,NA,3,2,5,2,0,0,2,3,5,0,0,0,0,1,100,1,0,1,16,2,0,0,NA,NA,"2019-05-01T04:38:21.351+0000",0,4,0,0,NA,NA,NA,0,94,0,0,0,0,0,0,0,0,0,0,0,0,0,0,0,0,0,0,0,0,0,0,0,0,0,0,NA,NA,NA,"CD_I1009794",FALSE,15,"Danielle","Ponter","away","Adelaide Crows"
"CD_M20192640205","2019-02-10T07:05:00.000+0000","CONCLUDED","2019 NAB AFLW Season","Round 2",2,"Fremantle Oval","Fremantle","Fremantle","Brisbane Lions","Brisbane Lions",2,"https://s.afl.com.au/staticfile/AFL Tenant/AFL/Players/ChampIDImages/AFLW/2019264/998030.png?im=Scale,width=0.6,height=0.6","INT","CD_I998030",FALSE,2,"Kiara","Bowers","CD_T7886",NA,73,0,0,NA,13,2,15,4,1,5,8,7,15,3,0,0,0,4,53.3,4,2,4,65,2,0,0,NA,NA,"2019-05-01T04:39:35.306+0000",5,7,1,0,NA,NA,NA,4,294,0,3,3,0,0,0,0,0,0,0,0,0,0,0,0,0,0,0,0,0,0,0,0,0,0,0,NA,NA,NA,"CD_I998030",FALSE,2,"Kiara","Bowers","home","Fremantle"
"CD_M20192640205","2019-02-10T07:05:00.000+0000","CONCLUDED","2019 NAB AFLW Season","Round 2",2,"Fremantle Oval","Fremantle","Fremantle","Brisbane Lions","Brisbane Lions",5,"https://s.afl.com.au/staticfile/AFL Tenant/AFL/Players/ChampIDImages/AFLW/2019264/1005429.png?im=Scale,width=0.6,height=0.6","FB","CD_I1005429",FALSE,5,"Tayla","Bresland","CD_T7886",NA,89,0,0,NA,3,2,5,0,0,1,0,4,4,0,0,0,0,2,80,2,1,2,12,0,0,0,NA,NA,"2019-05-01T04:39:35.306+0000",2,0,0,0,NA,NA,NA,0,45,0,0,0,0,0,0,0,0,0,0,0,0,0,0,0,0,0,0,0,0,0,0,0,0,0,0,NA,NA,NA,"CD_I1005429",FALSE,5,"Tayla","Bresland","home","Fremantle"
"CD_M20192640205","2019-02-10T07:05:00.000+0000","CONCLUDED","2019 NAB AFLW Season","Round 2",2,"Fremantle Oval","Fremantle","Fremantle","Brisbane Lions","Brisbane Lions",12,"https://s.afl.com.au/staticfile/AFL Tenant/AFL/Players/ChampIDImages/AFLW/2019264/1001682.png?im=Scale,width=0.6,height=0.6","CHB","CD_I1001682",FALSE,12,"Ebony","Antonio","CD_T7886",NA,88,1,2,NA,8,2,10,3,3,2,6,4,10,2,0,1,1,0,50,2,1,0,55,0,0,33.3,NA,NA,"2019-05-01T04:39:35.306+0000",3,3,1,3,NA,NA,NA,4,225,0,1,1,0,0,0,0,0,0,0,0,0,0,0,0,0,0,0,0,0,0,0,0,0,0,0,NA,NA,NA,"CD_I1001682",FALSE,12,"Ebony","Antonio","home","Fremantle"
"CD_M20192640205","2019-02-10T07:05:00.000+0000","CONCLUDED","2019 NAB AFLW Season","Round 2",2,"Fremantle Oval","Fremantle","Fremantle","Brisbane Lions","Brisbane Lions",37,"https://s.afl.com.au/staticfile/AFL Tenant/AFL/Players/ChampIDImages/AFLW/2019264/1010661.png?im=Scale,width=0.6,height=0.6","INT","CD_I1010661",FALSE,37,"Ashlee","Atkins","CD_T7886",NA,69,1,1,NA,7,2,9,4,0,2,8,2,10,3,2,3,0,2,44.4,3,0,2,46,0,0,50,NA,NA,"2019-05-01T04:39:35.306+0000",2,1,2,2,NA,NA,NA,4,183,0,0,0,0,0,0,0,0,0,0,0,0,0,0,0,0,0,0,0,0,0,0,0,0,0,0,NA,NA,NA,"CD_I1010661",FALSE,37,"Ashlee","Atkins","home","Fremantle"
"CD_M20192640205","2019-02-10T07:05:00.000+0000","CONCLUDED","2019 NAB AFLW Season","Round 2",2,"Fremantle Oval","Fremantle","Fremantle","Brisbane Lions","Brisbane Lions",21,"https://s.afl.com.au/staticfile/AFL Tenant/AFL/Players/ChampIDImages/AFLW/2019264/998041.png?im=Scale,width=0.6,height=0.6","HFFL","CD_I998041",FALSE,21,"Kellie","Gibson","CD_T7886",NA,71,0,0,NA,3,1,4,0,0,1,3,1,4,1,0,0,0,2,50,4,0,1,12,0,0,0,NA,NA,"2019-05-01T04:39:35.306+0000",1,0,1,0,NA,NA,NA,2,90,0,0,0,0,0,0,0,0,0,0,0,0,0,0,0,0,0,0,0,0,0,0,0,0,0,0,NA,NA,NA,"CD_I998041",FALSE,21,"Kellie","Gibson","home","Fremantle"
"CD_M20192640205","2019-02-10T07:05:00.000+0000","CONCLUDED","2019 NAB AFLW Season","Round 2",2,"Fremantle Oval","Fremantle","Fremantle","Brisbane Lions","Brisbane Lions",14,"https://s.afl.com.au/staticfile/AFL Tenant/AFL/Players/ChampIDImages/AFLW/2019264/1001680.png?im=Scale,width=0.6,height=0.6","INT","CD_I1001680",FALSE,14,"Leah","Mascall","CD_T7886",NA,55,0,0,NA,0,0,0,0,0,1,1,0,1,0,0,0,0,1,0,1,0,1,1,1,0,0,NA,NA,"2019-05-01T04:39:35.306+0000",1,1,0,0,NA,NA,NA,0,2,0,0,0,0,0,0,0,0,0,0,0,0,0,0,0,0,0,0,0,0,0,0,0,0,0,0,NA,NA,NA,"CD_I1001680",FALSE,14,"Leah","Mascall","home","Fremantle"
"CD_M20192640205","2019-02-10T07:05:00.000+0000","CONCLUDED","2019 NAB AFLW Season","Round 2",2,"Fremantle Oval","Fremantle","Fremantle","Brisbane Lions","Brisbane Lions",24,"https://s.afl.com.au/staticfile/AFL Tenant/AFL/Players/ChampIDImages/AFLW/2019264/1013937.png?im=Scale,width=0.6,height=0.6","BPR","CD_I1013937",FALSE,24,"Angelique","Stannett","CD_T7886",NA,82,0,0,NA,1,0,1,0,0,1,0,1,1,0,0,0,0,2,0,3,0,2,1,0,0,0,NA,NA,"2019-05-01T04:39:35.306+0000",1,0,0,0,NA,NA,NA,0,0,0,0,0,0,0,0,0,0,0,0,0,0,0,0,0,0,0,0,0,0,0,0,0,0,0,0,NA,NA,NA,"CD_I1013937",FALSE,24,"Angelique","Stannett","home","Fremantle"
"CD_M20192640205","2019-02-10T07:05:00.000+0000","CONCLUDED","2019 NAB AFLW Season","Round 2",2,"Fremantle Oval","Fremantle","Fremantle","Brisbane Lions","Brisbane Lions",27,"https://s.afl.com.au/staticfile/AFL Tenant/AFL/Players/ChampIDImages/AFLW/2019264/1007141.png?im=Scale,width=0.6,height=0.6","CHF","CD_I1007141",FALSE,27,"Gemma","Houghton","CD_T7886",NA,67,1,1,NA,5,3,8,2,1,5,3,5,8,3,1,0,5,0,87.5,1,0,0,59,1,0,50,NA,NA,"2019-05-01T04:39:35.306+0000",2,0,1,2,NA,NA,NA,4,203,1,1,2,0,0,0,0,0,0,0,0,0,0,0,0,0,0,0,0,0,0,0,0,0,0,0,NA,NA,NA,"CD_I1007141",FALSE,27,"Gemma","Houghton","home","Fremantle"
"CD_M20192640205","2019-02-10T07:05:00.000+0000","CONCLUDED","2019 NAB AFLW Season","Round 2",2,"Fremantle Oval","Fremantle","Fremantle","Brisbane Lions","Brisbane Lions",1,"https://s.afl.com.au/staticfile/AFL Tenant/AFL/Players/ChampIDImages/AFLW/2019264/1005416.png?im=Scale,width=0.6,height=0.6","FF","CD_I1005416",FALSE,1,"Ashley","Sharp","CD_T7886",NA,79,2,1,NA,7,1,8,1,2,0,5,3,8,1,1,0,0,0,25,1,1,1,37,0,0,50,NA,NA,"2019-05-01T04:39:35.306+0000",1,1,0,4,NA,NA,NA,5,219,0,0,0,0,0,0,0,0,0,0,0,0,0,0,0,0,0,0,0,0,0,0,0,0,0,0,NA,NA,NA,"CD_I1005416",FALSE,1,"Ashley","Sharp","home","Fremantle"
"CD_M20192640205","2019-02-10T07:05:00.000+0000","CONCLUDED","2019 NAB AFLW Season","Round 2",2,"Fremantle Oval","Fremantle","Fremantle","Brisbane Lions","Brisbane Lions",15,"https://s.afl.com.au/staticfile/AFL Tenant/AFL/Players/ChampIDImages/AFLW/2019264/998036.png?im=Scale,width=0.6,height=0.6","R","CD_I998036",FALSE,15,"Kara","Donnellan","CD_T7886",NA,77,0,1,NA,13,1,14,3,0,3,10,4,14,2,1,0,0,1,35.7,3,3,0,66,3,0,0,NA,NA,"2019-05-01T04:39:35.306+0000",4,2,0,1,NA,NA,NA,4,305,2,5,7,0,0,0,0,0,0,0,0,0,0,0,0,0,0,0,0,0,0,0,0,0,0,0,NA,NA,NA,"CD_I998036",FALSE,15,"Kara","Donnellan","home","Fremantle"
"CD_M20192640205","2019-02-10T07:05:00.000+0000","CONCLUDED","2019 NAB AFLW Season","Round 2",2,"Fremantle Oval","Fremantle","Fremantle","Brisbane Lions","Brisbane Lions",11,"https://s.afl.com.au/staticfile/AFL Tenant/AFL/Players/ChampIDImages/AFLW/2019264/1012251.png?im=Scale,width=0.6,height=0.6","RK","CD_I1012251",FALSE,11,"Parris","Laurie","CD_T7886",NA,76,0,0,NA,1,3,4,0,0,2,5,1,6,1,0,0,14,2,50,7,0,3,22,0,0,0,NA,NA,"2019-05-01T04:39:35.306+0000",3,2,0,0,NA,NA,NA,0,19,0,0,0,0,0,0,0,0,0,0,0,0,0,0,0,0,0,0,0,0,0,0,0,0,0,0,NA,NA,NA,"CD_I1012251",FALSE,11,"Parris","Laurie","home","Fremantle"
"CD_M20192640205","2019-02-10T07:05:00.000+0000","CONCLUDED","2019 NAB AFLW Season","Round 2",2,"Fremantle Oval","Fremantle","Fremantle","Brisbane Lions","Brisbane Lions",13,"https://s.afl.com.au/staticfile/AFL Tenant/AFL/Players/ChampIDImages/AFLW/2019264/1010684.png?im=Scale,width=0.6,height=0.6","INT","CD_I1010684",FALSE,13,"Katie-Jayne","Grieve","CD_T7886",NA,52,0,0,NA,1,1,2,0,0,0,1,0,1,1,0,0,0,1,50,0,0,0,5,0,0,0,NA,NA,"2019-05-01T04:39:35.306+0000",0,0,0,0,NA,NA,NA,0,26,0,0,0,0,0,0,0,0,0,0,0,0,0,0,0,0,0,0,0,0,0,0,0,0,0,0,NA,NA,NA,"CD_I1010684",FALSE,13,"Katie-Jayne","Grieve","home","Fremantle"
"CD_M20192640205","2019-02-10T07:05:00.000+0000","CONCLUDED","2019 NAB AFLW Season","Round 2",2,"Fremantle Oval","Fremantle","Fremantle","Brisbane Lions","Brisbane Lions",10,"https://s.afl.com.au/staticfile/AFL Tenant/AFL/Players/ChampIDImages/AFLW/2019264/998152.png?im=Scale,width=0.6,height=0.6","FPR","CD_I998152",FALSE,10,"Melissa","Caulfield","CD_T7886",NA,65,0,0,NA,5,2,7,1,0,3,6,3,9,3,0,0,0,1,42.9,1,1,0,35,0,0,0,NA,NA,"2019-05-01T04:39:35.306+0000",1,3,0,1,NA,NA,NA,4,137,0,0,0,0,0,0,0,0,0,0,0,0,0,0,0,0,0,0,0,0,0,0,0,0,0,0,NA,NA,NA,"CD_I998152",FALSE,10,"Melissa","Caulfield","home","Fremantle"
"CD_M20192640205","2019-02-10T07:05:00.000+0000","CONCLUDED","2019 NAB AFLW Season","Round 2",2,"Fremantle Oval","Fremantle","Fremantle","Brisbane Lions","Brisbane Lions",6,"https://s.afl.com.au/staticfile/AFL Tenant/AFL/Players/ChampIDImages/AFLW/2019264/1009895.png?im=Scale,width=0.6,height=0.6","INT","CD_I1009895",FALSE,6,"Sabreena","Duffy","CD_T7886",NA,75,2,1,NA,9,2,11,1,0,2,4,7,11,2,1,0,0,0,63.6,0,2,0,57,1,0,66.7,NA,NA,"2019-05-01T04:39:35.306+0000",2,1,1,3,NA,NA,NA,5,268,0,0,0,0,0,0,0,0,0,0,0,0,0,0,0,0,0,0,0,0,0,0,0,0,0,0,NA,NA,NA,"CD_I1009895",FALSE,6,"Sabreena","Duffy","home","Fremantle"
"CD_M20192640205","2019-02-10T07:05:00.000+0000","CONCLUDED","2019 NAB AFLW Season","Round 2",2,"Fremantle Oval","Fremantle","Fremantle","Brisbane Lions","Brisbane Lions",20,"https://s.afl.com.au/staticfile/AFL Tenant/AFL/Players/ChampIDImages/AFLW/2019264/1006997.png?im=Scale,width=0.6,height=0.6","C","CD_I1006997",FALSE,20,"Stephanie","Cain","CD_T7886",NA,84,0,0,NA,6,4,10,2,0,6,8,3,11,1,0,0,0,0,80,5,2,1,55,0,0,0,NA,NA,"2019-05-01T04:39:35.306+0000",2,7,1,0,NA,NA,NA,2,114,0,0,0,0,0,0,0,0,0,0,0,0,0,0,0,0,0,0,0,0,0,0,0,0,0,0,NA,NA,NA,"CD_I1006997",FALSE,20,"Stephanie","Cain","home","Fremantle"
"CD_M20192640205","2019-02-10T07:05:00.000+0000","CONCLUDED","2019 NAB AFLW Season","Round 2",2,"Fremantle Oval","Fremantle","Fremantle","Brisbane Lions","Brisbane Lions",8,"https://s.afl.com.au/staticfile/AFL Tenant/AFL/Players/ChampIDImages/AFLW/2019264/1010656.png?im=Scale,width=0.6,height=0.6","BPL","CD_I1010656",FALSE,8,"Evangeline","Gooch","CD_T7886",NA,80,1,0,NA,5,1,6,2,0,0,3,2,5,1,0,2,0,1,50,3,0,1,26,2,0,100,NA,NA,"2019-05-01T04:39:35.306+0000",2,3,0,1,NA,NA,NA,2,163,0,0,0,0,0,0,0,0,0,0,0,0,0,0,0,0,0,0,0,0,0,0,0,0,0,0,NA,NA,NA,"CD_I1010656",FALSE,8,"Evangeline","Gooch","home","Fremantle"
"CD_M20192640205","2019-02-10T07:05:00.000+0000","CONCLUDED","2019 NAB AFLW Season","Round 2",2,"Fremantle Oval","Fremantle","Fremantle","Brisbane Lions","Brisbane Lions",17,"https://s.afl.com.au/staticfile/AFL Tenant/AFL/Players/ChampIDImages/AFLW/2019264/998156.png?im=Scale,width=0.6,height=0.6","RR","CD_I998156",FALSE,17,"Dana","Hooker","CD_T7886",NA,90,0,0,NA,15,9,24,2,0,5,16,8,24,2,1,0,0,0,70.8,1,6,1,92,3,1,0,NA,NA,"2019-05-01T04:39:35.306+0000",2,5,0,0,NA,NA,NA,7,298,5,3,8,0,0,0,0,0,0,0,0,0,0,0,0,0,0,0,0,0,0,0,0,0,0,0,NA,NA,NA,"CD_I998156",FALSE,17,"Dana","Hooker","home","Fremantle"
"CD_M20192640205","2019-02-10T07:05:00.000+0000","CONCLUDED","2019 NAB AFLW Season","Round 2",2,"Fremantle Oval","Fremantle","Fremantle","Brisbane Lions","Brisbane Lions",22,"https://s.afl.com.au/staticfile/AFL Tenant/AFL/Players/ChampIDImages/AFLW/2019264/1007144.png?im=Scale,width=0.6,height=0.6","HFFR","CD_I1007144",FALSE,22,"Gabby","O'Sullivan","CD_T7886",NA,75,2,0,NA,2,2,4,0,0,0,5,0,5,0,0,0,0,2,75,2,2,2,18,0,1,100,NA,NA,"2019-05-01T04:39:35.306+0000",2,1,0,2,NA,NA,NA,3,37,0,0,0,0,0,0,0,0,0,0,0,0,0,0,0,0,0,0,0,0,0,0,0,0,0,0,NA,NA,NA,"CD_I1007144",FALSE,22,"Gabby","O'Sullivan","home","Fremantle"
"CD_M20192640205","2019-02-10T07:05:00.000+0000","CONCLUDED","2019 NAB AFLW Season","Round 2",2,"Fremantle Oval","Fremantle","Fremantle","Brisbane Lions","Brisbane Lions",19,"https://s.afl.com.au/staticfile/AFL Tenant/AFL/Players/ChampIDImages/AFLW/2019264/998040.png?im=Scale,width=0.6,height=0.6","FPL","CD_I998040",FALSE,19,"Hayley","Miller","CD_T7886",NA,60,0,0,NA,10,2,12,0,0,3,7,3,10,6,0,0,0,1,25,8,0,1,43,0,0,0,NA,NA,"2019-05-01T04:39:35.306+0000",6,5,0,0,NA,NA,NA,2,235,1,0,1,0,0,0,0,0,0,0,0,0,0,0,0,0,0,0,0,0,0,0,0,0,0,0,NA,NA,NA,"CD_I998040",FALSE,19,"Hayley","Miller","home","Fremantle"
"CD_M20192640205","2019-02-10T07:05:00.000+0000","CONCLUDED","2019 NAB AFLW Season","Round 2",2,"Fremantle Oval","Fremantle","Fremantle","Brisbane Lions","Brisbane Lions",9,"https://s.afl.com.au/staticfile/AFL Tenant/AFL/Players/ChampIDImages/AFLW/2019264/1005431.png?im=Scale,width=0.6,height=0.6","HBFL","CD_I1005431",FALSE,9,"Alex","Williams","CD_T7886",NA,93,0,0,NA,3,2,5,0,0,1,4,1,5,1,0,0,0,4,80,1,1,1,15,0,0,0,NA,NA,"2019-05-01T04:39:35.306+0000",1,3,0,0,NA,NA,NA,0,78,0,0,0,0,0,0,0,0,0,0,0,0,0,0,0,0,0,0,0,0,0,0,0,0,0,0,NA,NA,NA,"CD_I1005431",FALSE,9,"Alex","Williams","home","Fremantle"
"CD_M20192640205","2019-02-10T07:05:00.000+0000","CONCLUDED","2019 NAB AFLW Season","Round 2",2,"Fremantle Oval","Fremantle","Fremantle","Brisbane Lions","Brisbane Lions",18,"https://s.afl.com.au/staticfile/AFL Tenant/AFL/Players/ChampIDImages/AFLW/2019264/1012248.png?im=Scale,width=0.6,height=0.6","HBFR","CD_I1012248",FALSE,18,"Philipa","Seth","CD_T7886",NA,100,0,0,NA,3,5,8,0,0,1,7,1,8,0,0,0,0,0,12.5,4,0,2,17,3,0,0,NA,NA,"2019-05-01T04:39:35.306+0000",2,5,0,0,NA,NA,NA,0,68,0,0,0,0,0,0,0,0,0,0,0,0,0,0,0,0,0,0,0,0,0,0,0,0,0,0,NA,NA,NA,"CD_I1012248",FALSE,18,"Philipa","Seth","home","Fremantle"
"CD_M20192640205","2019-02-10T07:05:00.000+0000","CONCLUDED","2019 NAB AFLW Season","Round 2",2,"Fremantle Oval","Fremantle","Fremantle","Brisbane Lions","Brisbane Lions",5,"https://s.afl.com.au/staticfile/AFL Tenant/AFL/Players/ChampIDImages/AFLW/2019264/1005652.png?im=Scale,width=0.6,height=0.6","BPL","CD_I1005652",FALSE,5,"Sam","Virgo","CD_T7887",NA,80,0,0,NA,7,4,11,4,2,1,3,7,10,3,0,0,0,0,63.6,2,0,0,45,4,1,0,NA,NA,"2019-05-01T04:39:35.306+0000",5,4,0,0,NA,NA,NA,2,190,0,0,0,0,0,0,0,0,0,0,0,0,0,0,0,0,0,0,0,0,0,0,0,0,0,0,NA,NA,NA,"CD_I1005652",FALSE,5,"Sam","Virgo","away","Brisbane Lions"
"CD_M20192640205","2019-02-10T07:05:00.000+0000","CONCLUDED","2019 NAB AFLW Season","Round 2",2,"Fremantle Oval","Fremantle","Fremantle","Brisbane Lions","Brisbane Lions",32,"https://s.afl.com.au/staticfile/AFL Tenant/AFL/Players/ChampIDImages/AFLW/2019264/1009963.png?im=Scale,width=0.6,height=0.6","CHF","CD_I1009963",FALSE,32,"Lauren","Bella","CD_T7887",NA,67,0,0,NA,1,10,11,0,0,2,7,5,12,0,0,0,23,3,81.8,2,3,0,57,0,0,0,NA,NA,"2019-05-01T04:39:35.306+0000",2,3,0,0,NA,NA,NA,2,30,0,3,3,0,0,0,0,0,0,0,0,0,0,0,0,0,0,0,0,0,0,0,0,0,0,0,NA,NA,NA,"CD_I1009963",FALSE,32,"Lauren","Bella","away","Brisbane Lions"
"CD_M20192640205","2019-02-10T07:05:00.000+0000","CONCLUDED","2019 NAB AFLW Season","Round 2",2,"Fremantle Oval","Fremantle","Fremantle","Brisbane Lions","Brisbane Lions",26,"https://s.afl.com.au/staticfile/AFL Tenant/AFL/Players/ChampIDImages/AFLW/2019264/1009832.png?im=Scale,width=0.6,height=0.6","INT","CD_I1009832",FALSE,26,"Tori","Groves-Little","CD_T7887",NA,80,0,1,NA,6,0,6,1,0,4,3,2,5,1,0,0,0,0,50,3,1,1,36,0,0,0,NA,NA,"2019-05-01T04:39:35.306+0000",2,2,2,2,NA,NA,NA,2,158,0,1,1,0,0,0,0,0,0,0,0,0,0,0,0,0,0,0,0,0,0,0,0,0,0,0,NA,NA,NA,"CD_I1009832",FALSE,26,"Tori","Groves-Little","away","Brisbane Lions"
"CD_M20192640205","2019-02-10T07:05:00.000+0000","CONCLUDED","2019 NAB AFLW Season","Round 2",2,"Fremantle Oval","Fremantle","Fremantle","Brisbane Lions","Brisbane Lions",1,"https://s.afl.com.au/staticfile/AFL Tenant/AFL/Players/ChampIDImages/AFLW/2019264/998155.png?im=Scale,width=0.6,height=0.6","RR","CD_I998155",FALSE,1,"Emily","Bates","CD_T7887",NA,78,0,0,NA,7,7,14,2,0,5,4,9,13,0,0,0,0,1,57.1,3,0,1,58,2,0,0,NA,NA,"2019-05-01T04:39:35.306+0000",6,2,0,1,NA,NA,NA,2,143,0,2,2,0,0,0,0,0,0,0,0,0,0,0,0,0,0,0,0,0,0,0,0,0,0,0,NA,NA,NA,"CD_I998155",FALSE,1,"Emily","Bates","away","Brisbane Lions"
"CD_M20192640205","2019-02-10T07:05:00.000+0000","CONCLUDED","2019 NAB AFLW Season","Round 2",2,"Fremantle Oval","Fremantle","Fremantle","Brisbane Lions","Brisbane Lions",33,"https://s.afl.com.au/staticfile/AFL Tenant/AFL/Players/ChampIDImages/AFLW/2019264/1009894.png?im=Scale,width=0.6,height=0.6","INT","CD_I1009894",FALSE,33,"McKenzie","Dowrick","CD_T7887",NA,76,0,0,NA,4,1,5,1,0,4,3,2,5,0,0,1,0,1,20,3,0,1,30,3,0,0,NA,NA,"2019-05-01T04:39:35.306+0000",2,1,0,0,NA,NA,NA,0,110,0,0,0,0,0,0,0,0,0,0,0,0,0,0,0,0,0,0,0,0,0,0,0,0,0,0,NA,NA,NA,"CD_I1009894",FALSE,33,"McKenzie","Dowrick","away","Brisbane Lions"
"CD_M20192640205","2019-02-10T07:05:00.000+0000","CONCLUDED","2019 NAB AFLW Season","Round 2",2,"Fremantle Oval","Fremantle","Fremantle","Brisbane Lions","Brisbane Lions",21,"https://s.afl.com.au/staticfile/AFL Tenant/AFL/Players/ChampIDImages/AFLW/2019264/1005659.png?im=Scale,width=0.6,height=0.6","INT","CD_I1005659",FALSE,21,"Arianna","Clarke","CD_T7887",NA,61,0,0,NA,2,0,2,2,0,1,0,2,2,0,0,0,0,0,50,1,0,1,13,1,0,0,NA,NA,"2019-05-01T04:39:35.306+0000",1,1,0,0,NA,NA,NA,0,16,0,0,0,0,0,0,0,0,0,0,0,0,0,0,0,0,0,0,0,0,0,0,0,0,0,0,NA,NA,NA,"CD_I1005659",FALSE,21,"Arianna","Clarke","away","Brisbane Lions"
"CD_M20192640205","2019-02-10T07:05:00.000+0000","CONCLUDED","2019 NAB AFLW Season","Round 2",2,"Fremantle Oval","Fremantle","Fremantle","Brisbane Lions","Brisbane Lions",18,"https://s.afl.com.au/staticfile/AFL Tenant/AFL/Players/ChampIDImages/AFLW/2019264/1005630.png?im=Scale,width=0.6,height=0.6","R","CD_I1005630",FALSE,18,"Alexandra","Anderson","CD_T7887",NA,86,1,0,NA,16,10,26,4,0,5,12,14,26,5,0,0,0,3,61.5,3,3,2,103,0,0,100,NA,NA,"2019-05-01T04:39:35.306+0000",5,6,0,1,NA,NA,NA,3,308,2,3,5,0,0,0,0,0,0,0,0,0,0,0,0,0,0,0,0,0,0,0,0,0,0,0,NA,NA,NA,"CD_I1005630",FALSE,18,"Alexandra","Anderson","away","Brisbane Lions"
"CD_M20192640205","2019-02-10T07:05:00.000+0000","CONCLUDED","2019 NAB AFLW Season","Round 2",2,"Fremantle Oval","Fremantle","Fremantle","Brisbane Lions","Brisbane Lions",4,"https://s.afl.com.au/staticfile/AFL Tenant/AFL/Players/ChampIDImages/AFLW/2019264/1005634.png?im=Scale,width=0.6,height=0.6","FB","CD_I1005634",FALSE,4,"Sharni","Webb","CD_T7887",NA,90,0,0,NA,5,4,9,0,0,2,6,2,8,0,0,0,0,4,11.1,0,1,0,32,3,0,0,NA,NA,"2019-05-01T04:39:35.306+0000",5,6,0,0,NA,NA,NA,0,102,0,1,1,0,0,0,0,0,0,0,0,0,0,0,0,0,0,0,0,0,0,0,0,0,0,0,NA,NA,NA,"CD_I1005634",FALSE,4,"Sharni","Webb","away","Brisbane Lions"
"CD_M20192640205","2019-02-10T07:05:00.000+0000","CONCLUDED","2019 NAB AFLW Season","Round 2",2,"Fremantle Oval","Fremantle","Fremantle","Brisbane Lions","Brisbane Lions",15,"https://s.afl.com.au/staticfile/AFL Tenant/AFL/Players/ChampIDImages/AFLW/2019264/1007137.png?im=Scale,width=0.6,height=0.6","HBFR","CD_I1007137",FALSE,15,"Nat","Exon","CD_T7887",NA,83,2,0,NA,10,7,17,1,0,8,10,5,15,3,1,1,0,1,47.1,5,2,3,84,0,0,100,NA,NA,"2019-05-01T04:39:35.306+0000",2,1,0,2,NA,NA,NA,3,245,4,0,4,0,0,0,0,0,0,0,0,0,0,0,0,0,0,0,0,0,0,0,0,0,0,0,NA,NA,NA,"CD_I1007137",FALSE,15,"Nat","Exon","away","Brisbane Lions"
"CD_M20192640205","2019-02-10T07:05:00.000+0000","CONCLUDED","2019 NAB AFLW Season","Round 2",2,"Fremantle Oval","Fremantle","Fremantle","Brisbane Lions","Brisbane Lions",14,"https://s.afl.com.au/staticfile/AFL Tenant/AFL/Players/ChampIDImages/AFLW/2019264/1003019.png?im=Scale,width=0.6,height=0.6","FF","CD_I1003019",FALSE,14,"Sabrina","Frederick-Traub","CD_T7887",NA,100,0,0,NA,6,5,11,3,0,2,5,7,12,3,1,1,0,1,63.6,3,1,2,40,0,1,0,NA,NA,"2019-05-01T04:39:35.306+0000",3,0,2,0,NA,NA,NA,4,65,0,0,0,0,0,0,0,0,0,0,0,0,0,0,0,0,0,0,0,0,0,0,0,0,0,0,NA,NA,NA,"CD_I1003019",FALSE,14,"Sabrina","Frederick-Traub","away","Brisbane Lions"
"CD_M20192640205","2019-02-10T07:05:00.000+0000","CONCLUDED","2019 NAB AFLW Season","Round 2",2,"Fremantle Oval","Fremantle","Fremantle","Brisbane Lions","Brisbane Lions",20,"https://s.afl.com.au/staticfile/AFL Tenant/AFL/Players/ChampIDImages/AFLW/2019264/1007130.png?im=Scale,width=0.6,height=0.6","HBFL","CD_I1007130",FALSE,20,"Shannon","Campbell","CD_T7887",NA,63,0,0,NA,4,2,6,0,0,7,5,1,6,1,0,0,0,1,33.3,0,1,0,45,0,0,0,NA,NA,"2019-05-01T04:39:35.306+0000",1,3,0,0,NA,NA,NA,2,100,0,0,0,0,0,0,0,0,0,0,0,0,0,0,0,0,0,0,0,0,0,0,0,0,0,0,NA,NA,NA,"CD_I1007130",FALSE,20,"Shannon","Campbell","away","Brisbane Lions"
"CD_M20192640205","2019-02-10T07:05:00.000+0000","CONCLUDED","2019 NAB AFLW Season","Round 2",2,"Fremantle Oval","Fremantle","Fremantle","Brisbane Lions","Brisbane Lions",16,"https://s.afl.com.au/staticfile/AFL Tenant/AFL/Players/ChampIDImages/AFLW/2019264/998154.png?im=Scale,width=0.6,height=0.6","HFFL","CD_I998154",FALSE,16,"Lauren","Arnell","CD_T7887",NA,75,0,0,NA,10,3,13,3,0,6,3,9,12,1,0,0,0,0,61.5,1,1,1,67,0,0,0,NA,NA,"2019-05-01T04:39:35.306+0000",1,3,0,0,NA,NA,NA,2,126,0,1,1,0,0,0,0,0,0,0,0,0,0,0,0,0,0,0,0,0,0,0,0,0,0,0,NA,NA,NA,"CD_I998154",FALSE,16,"Lauren","Arnell","away","Brisbane Lions"
"CD_M20192640205","2019-02-10T07:05:00.000+0000","CONCLUDED","2019 NAB AFLW Season","Round 2",2,"Fremantle Oval","Fremantle","Fremantle","Brisbane Lions","Brisbane Lions",11,"https://s.afl.com.au/staticfile/AFL Tenant/AFL/Players/ChampIDImages/AFLW/2019264/998037.png?im=Scale,width=0.6,height=0.6","CHB","CD_I998037",FALSE,11,"Leah","Kaslar","CD_T7887",NA,85,0,0,NA,3,2,5,1,0,1,3,1,4,0,0,0,0,0,60,3,0,2,14,1,0,0,NA,NA,"2019-05-01T04:39:35.306+0000",1,3,0,0,NA,NA,NA,0,132,0,0,0,0,0,0,0,0,0,0,0,0,0,0,0,0,0,0,0,0,0,0,0,0,0,0,NA,NA,NA,"CD_I998037",FALSE,11,"Leah","Kaslar","away","Brisbane Lions"
"CD_M20192640205","2019-02-10T07:05:00.000+0000","CONCLUDED","2019 NAB AFLW Season","Round 2",2,"Fremantle Oval","Fremantle","Fremantle","Brisbane Lions","Brisbane Lions",10,"https://s.afl.com.au/staticfile/AFL Tenant/AFL/Players/ChampIDImages/AFLW/2019264/1014037.png?im=Scale,width=0.6,height=0.6","INT","CD_I1014037",FALSE,10,"Paige","Parker","CD_T7887",NA,53,0,0,NA,2,1,3,1,0,2,1,2,3,1,0,0,0,0,33.3,4,0,3,10,0,0,0,NA,NA,"2019-05-01T04:39:35.306+0000",2,0,0,0,NA,NA,NA,0,54,0,0,0,0,0,0,0,0,0,0,0,0,0,0,0,0,0,0,0,0,0,0,0,0,0,0,NA,NA,NA,"CD_I1014037",FALSE,10,"Paige","Parker","away","Brisbane Lions"
"CD_M20192640205","2019-02-10T07:05:00.000+0000","CONCLUDED","2019 NAB AFLW Season","Round 2",2,"Fremantle Oval","Fremantle","Fremantle","Brisbane Lions","Brisbane Lions",30,"https://s.afl.com.au/staticfile/AFL Tenant/AFL/Players/ChampIDImages/AFLW/2019264/1009838.png?im=Scale,width=0.6,height=0.6","RK","CD_I1009838",FALSE,30,"Jesse","Tawhiao-Wardlaw","CD_T7887",NA,74,0,1,NA,4,5,9,2,0,1,3,6,9,0,1,0,12,0,66.7,2,1,0,46,1,0,0,NA,NA,"2019-05-01T04:39:35.306+0000",1,1,0,1,NA,NA,NA,3,22,0,0,0,0,0,0,0,0,0,0,0,0,0,0,0,0,0,0,0,0,0,0,0,0,0,0,NA,NA,NA,"CD_I1009838",FALSE,30,"Jesse","Tawhiao-Wardlaw","away","Brisbane Lions"
"CD_M20192640205","2019-02-10T07:05:00.000+0000","CONCLUDED","2019 NAB AFLW Season","Round 2",2,"Fremantle Oval","Fremantle","Fremantle","Brisbane Lions","Brisbane Lions",23,"https://s.afl.com.au/staticfile/AFL Tenant/AFL/Players/ChampIDImages/AFLW/2019264/1001690.png?im=Scale,width=0.6,height=0.6","FPL","CD_I1001690",FALSE,23,"Jess","Wuetschner","CD_T7887",NA,86,2,1,NA,8,1,9,3,0,1,7,3,10,1,3,1,0,2,55.6,1,3,1,52,1,0,66.7,NA,NA,"2019-05-01T04:39:35.306+0000",2,1,0,3,NA,NA,NA,6,199,0,1,1,0,0,0,0,0,0,0,0,0,0,0,0,0,0,0,0,0,0,0,0,0,0,0,NA,NA,NA,"CD_I1001690",FALSE,23,"Jess","Wuetschner","away","Brisbane Lions"
"CD_M20192640205","2019-02-10T07:05:00.000+0000","CONCLUDED","2019 NAB AFLW Season","Round 2",2,"Fremantle Oval","Fremantle","Fremantle","Brisbane Lions","Brisbane Lions",13,"https://s.afl.com.au/staticfile/AFL Tenant/AFL/Players/ChampIDImages/AFLW/2019264/1005638.png?im=Scale,width=0.6,height=0.6","BPR","CD_I1005638",FALSE,13,"Kate","Lutkins","CD_T7887",NA,94,0,1,NA,12,1,13,6,0,0,5,7,12,1,0,2,0,1,61.5,4,1,2,52,6,0,0,NA,NA,"2019-05-01T04:39:35.306+0000",4,6,0,1,NA,NA,NA,3,300,0,1,1,0,0,0,0,0,0,0,0,0,0,0,0,0,0,0,0,0,0,0,0,0,0,0,NA,NA,NA,"CD_I1005638",FALSE,13,"Kate","Lutkins","away","Brisbane Lions"
"CD_M20192640205","2019-02-10T07:05:00.000+0000","CONCLUDED","2019 NAB AFLW Season","Round 2",2,"Fremantle Oval","Fremantle","Fremantle","Brisbane Lions","Brisbane Lions",19,"https://s.afl.com.au/staticfile/AFL Tenant/AFL/Players/ChampIDImages/AFLW/2019264/1010664.png?im=Scale,width=0.6,height=0.6","C","CD_I1010664",FALSE,19,"Emma","Pittman","CD_T7887",NA,56,0,0,NA,3,2,5,2,0,2,1,4,5,0,0,0,0,2,60,2,1,0,28,0,0,0,NA,NA,"2019-05-01T04:39:35.306+0000",1,0,0,0,NA,NA,NA,0,79,0,0,0,0,0,0,0,0,0,0,0,0,0,0,0,0,0,0,0,0,0,0,0,0,0,0,NA,NA,NA,"CD_I1010664",FALSE,19,"Emma","Pittman","away","Brisbane Lions"
"CD_M20192640205","2019-02-10T07:05:00.000+0000","CONCLUDED","2019 NAB AFLW Season","Round 2",2,"Fremantle Oval","Fremantle","Fremantle","Brisbane Lions","Brisbane Lions",7,"https://s.afl.com.au/staticfile/AFL Tenant/AFL/Players/ChampIDImages/AFLW/2019264/1001678.png?im=Scale,width=0.6,height=0.6","INT","CD_I1001678",FALSE,7,"Jordan","Zanchetta","CD_T7887",NA,62,0,0,NA,3,4,7,0,0,8,4,3,7,1,0,0,0,1,100,1,2,1,48,0,0,0,NA,NA,"2019-05-01T04:39:35.306+0000",0,0,1,0,NA,NA,NA,1,47,0,0,0,0,0,0,0,0,0,0,0,0,0,0,0,0,0,0,0,0,0,0,0,0,0,0,NA,NA,NA,"CD_I1001678",FALSE,7,"Jordan","Zanchetta","away","Brisbane Lions"
"CD_M20192640205","2019-02-10T07:05:00.000+0000","CONCLUDED","2019 NAB AFLW Season","Round 2",2,"Fremantle Oval","Fremantle","Fremantle","Brisbane Lions","Brisbane Lions",8,"https://s.afl.com.au/staticfile/AFL Tenant/AFL/Players/ChampIDImages/AFLW/2019264/998034.png?im=Scale,width=0.6,height=0.6","HFFR","CD_I998034",FALSE,8,"Emma","Zielke","CD_T7887",NA,74,0,0,NA,4,4,8,0,0,1,4,4,8,1,0,0,0,1,50,2,1,0,25,0,0,0,NA,NA,"2019-05-01T04:39:35.306+0000",2,1,1,0,NA,NA,NA,2,30,0,1,1,0,0,0,0,0,0,0,0,0,0,0,0,0,0,0,0,0,0,0,0,0,0,0,NA,NA,NA,"CD_I998034",FALSE,8,"Emma","Zielke","away","Brisbane Lions"
"CD_M20192640205","2019-02-10T07:05:00.000+0000","CONCLUDED","2019 NAB AFLW Season","Round 2",2,"Fremantle Oval","Fremantle","Fremantle","Brisbane Lions","Brisbane Lions",9,"https://s.afl.com.au/staticfile/AFL Tenant/AFL/Players/ChampIDImages/AFLW/2019264/1005636.png?im=Scale,width=0.6,height=0.6","FPR","CD_I1005636",FALSE,9,"Kate","McCarthy","CD_T7887",NA,76,1,0,NA,3,3,6,2,0,4,3,3,6,1,0,0,0,0,83.3,2,3,1,43,0,0,100,NA,NA,"2019-05-01T04:39:35.306+0000",1,2,1,1,NA,NA,NA,4,49,0,0,0,0,0,0,0,0,0,0,0,0,0,0,0,0,0,0,0,0,0,0,0,0,0,0,NA,NA,NA,"CD_I1005636",FALSE,9,"Kate","McCarthy","away","Brisbane Lions"
"CD_M20192640301","2019-02-15T08:15:00.000+0000","CONCLUDED","2019 NAB AFLW Season","Round 3",3,"UTAS Stadium","North Melbourne","North Melbourne","Western Bulldogs","Western Bulldogs",25,"https://s.afl.com.au/staticfile/AFL Tenant/AFL/Players/ChampIDImages/AFLW/2019264/296154.png?im=Scale,width=0.6,height=0.6","FF","CD_I296154",FALSE,25,"Jasmine","Garner","CD_T8466",NA,95,1,1,NA,7,4,11,2,0,2,8,4,12,2,0,1,0,2,72.7,1,2,0,52,0,0,50,0,NA,"2019-02-20T00:26:36.680+0000",2,4,0,2,NA,NA,NA,5,228,0,0,0,0,0,0,0,0,0,0,0,0,0,0,0,0,0,0,0,0,0,0,0,0,0,0,NA,NA,NA,"CD_I296154",FALSE,25,"Jasmine","Garner","home","North Melbourne"
"CD_M20192640301","2019-02-15T08:15:00.000+0000","CONCLUDED","2019 NAB AFLW Season","Round 3",3,"UTAS Stadium","North Melbourne","North Melbourne","Western Bulldogs","Western Bulldogs",6,"https://s.afl.com.au/staticfile/AFL Tenant/AFL/Players/ChampIDImages/AFLW/2019264/1003021.png?im=Scale,width=0.6,height=0.6","INT","CD_I1003021",FALSE,6,"Emma","Humphries","CD_T8466",NA,59,0,0,NA,8,2,10,4,0,0,2,8,10,3,0,0,0,1,90,0,0,0,40,1,0,0,0,NA,"2019-02-20T00:26:36.680+0000",0,2,0,0,NA,NA,NA,3,144,1,0,1,0,0,0,0,0,0,0,0,0,0,0,0,0,0,0,0,0,0,0,0,0,0,0,NA,NA,NA,"CD_I1003021",FALSE,6,"Emma","Humphries","home","North Melbourne"
"CD_M20192640301","2019-02-15T08:15:00.000+0000","CONCLUDED","2019 NAB AFLW Season","Round 3",3,"UTAS Stadium","North Melbourne","North Melbourne","Western Bulldogs","Western Bulldogs",13,"https://s.afl.com.au/staticfile/AFL Tenant/AFL/Players/ChampIDImages/AFLW/2019264/1012723.png?im=Scale,width=0.6,height=0.6","FPR","CD_I1012723",FALSE,13,"Courteney","Munn","CD_T8466",NA,85,4,0,NA,6,5,11,4,0,2,5,6,11,1,2,1,0,3,90.9,2,0,1,69,0,1,100,0,NA,"2019-02-20T00:26:36.680+0000",2,2,2,4,NA,NA,NA,7,96,1,0,1,0,0,0,0,0,0,0,0,0,0,0,0,0,0,0,0,0,0,0,0,0,0,0,NA,NA,NA,"CD_I1012723",FALSE,13,"Courteney","Munn","home","North Melbourne"
"CD_M20192640301","2019-02-15T08:15:00.000+0000","CONCLUDED","2019 NAB AFLW Season","Round 3",3,"UTAS Stadium","North Melbourne","North Melbourne","Western Bulldogs","Western Bulldogs",23,"https://s.afl.com.au/staticfile/AFL Tenant/AFL/Players/ChampIDImages/AFLW/2019264/997672.png?im=Scale,width=0.6,height=0.6","FPL","CD_I997672",FALSE,23,"Moana","Hope","CD_T8466",NA,76,1,0,NA,4,1,5,2,0,0,1,3,4,1,2,0,0,0,60,1,0,0,26,0,0,50,0,NA,"2019-02-20T00:26:36.680+0000",2,0,0,2,NA,NA,NA,2,119,0,0,0,0,0,0,0,0,0,0,0,0,0,0,0,0,0,0,0,0,0,0,0,0,0,0,NA,NA,NA,"CD_I997672",FALSE,23,"Moana","Hope","home","North Melbourne"
"CD_M20192640301","2019-02-15T08:15:00.000+0000","CONCLUDED","2019 NAB AFLW Season","Round 3",3,"UTAS Stadium","North Melbourne","North Melbourne","Western Bulldogs","Western Bulldogs",10,"https://s.afl.com.au/staticfile/AFL Tenant/AFL/Players/ChampIDImages/AFLW/2019264/997649.png?im=Scale,width=0.6,height=0.6","HFFL","CD_I997649",FALSE,10,"Kaitlyn","Ashmore","CD_T8466",NA,82,1,1,NA,11,1,12,4,0,9,5,7,12,3,1,0,0,1,41.7,2,2,2,86,2,1,33.3,0,NA,"2019-02-20T00:26:36.680+0000",4,1,1,3,NA,NA,NA,5,206,0,2,2,0,0,0,0,0,0,0,0,0,0,0,0,0,0,0,0,0,0,0,0,0,0,0,NA,NA,NA,"CD_I997649",FALSE,10,"Kaitlyn","Ashmore","home","North Melbourne"
"CD_M20192640301","2019-02-15T08:15:00.000+0000","CONCLUDED","2019 NAB AFLW Season","Round 3",3,"UTAS Stadium","North Melbourne","North Melbourne","Western Bulldogs","Western Bulldogs",9,"https://s.afl.com.au/staticfile/AFL Tenant/AFL/Players/ChampIDImages/AFLW/2019264/998150.png?im=Scale,width=0.6,height=0.6","C","CD_I998150",FALSE,9,"Emma","Kearney","CD_T8466",NA,88,0,1,NA,12,5,17,5,2,4,7,12,19,0,3,0,0,1,64.7,3,4,1,79,3,0,0,0,NA,"2019-02-20T00:26:36.680+0000",2,1,1,1,NA,NA,NA,4,238,1,4,5,0,0,0,0,0,0,0,0,0,0,0,0,0,0,0,0,0,0,0,0,0,0,0,NA,NA,NA,"CD_I998150",FALSE,9,"Emma","Kearney","home","North Melbourne"
"CD_M20192640301","2019-02-15T08:15:00.000+0000","CONCLUDED","2019 NAB AFLW Season","Round 3",3,"UTAS Stadium","North Melbourne","North Melbourne","Western Bulldogs","Western Bulldogs",27,"https://s.afl.com.au/staticfile/AFL Tenant/AFL/Players/ChampIDImages/AFLW/2019264/1005864.png?im=Scale,width=0.6,height=0.6","HBFR","CD_I1005864",FALSE,27,"Jessica","Duffin","CD_T8466",NA,88,1,0,NA,10,1,11,5,0,2,3,6,9,0,1,1,0,4,90.9,4,1,1,59,1,0,100,0,NA,"2019-02-20T00:26:36.680+0000",0,3,0,1,NA,NA,NA,1,167,0,0,0,0,0,0,0,0,0,0,0,0,0,0,0,0,0,0,0,0,0,0,0,0,0,0,NA,NA,NA,"CD_I1005864",FALSE,27,"Jessica","Duffin","home","North Melbourne"
"CD_M20192640301","2019-02-15T08:15:00.000+0000","CONCLUDED","2019 NAB AFLW Season","Round 3",3,"UTAS Stadium","North Melbourne","North Melbourne","Western Bulldogs","Western Bulldogs",60,"https://s.afl.com.au/staticfile/AFL Tenant/AFL/Players/ChampIDImages/AFLW/2019264/1001686.png?im=Scale,width=0.6,height=0.6","RK","CD_I1001686",FALSE,60,"Emma","King","CD_T8466",NA,100,0,0,NA,7,1,8,2,0,1,7,1,8,2,1,2,12,2,50,6,3,5,33,0,0,0,0,NA,"2019-02-20T00:26:36.680+0000",2,1,0,0,NA,NA,NA,2,116,0,2,2,0,0,0,0,0,0,0,0,0,0,0,0,0,0,0,0,0,0,0,0,0,0,0,NA,NA,NA,"CD_I1001686",FALSE,60,"Emma","King","home","North Melbourne"
"CD_M20192640301","2019-02-15T08:15:00.000+0000","CONCLUDED","2019 NAB AFLW Season","Round 3",3,"UTAS Stadium","North Melbourne","North Melbourne","Western Bulldogs","Western Bulldogs",4,"https://s.afl.com.au/staticfile/AFL Tenant/AFL/Players/ChampIDImages/AFLW/2019264/1013521.png?im=Scale,width=0.6,height=0.6","HFFR","CD_I1013521",FALSE,4,"Elisha","King","CD_T8466",NA,57,0,0,NA,4,0,4,3,0,4,0,4,4,1,0,0,0,0,50,2,0,1,34,0,0,0,0,NA,"2019-02-20T00:26:36.680+0000",3,0,0,0,NA,NA,NA,0,79,0,0,0,0,0,0,0,0,0,0,0,0,0,0,0,0,0,0,0,0,0,0,0,0,0,0,NA,NA,NA,"CD_I1013521",FALSE,4,"Elisha","King","home","North Melbourne"
"CD_M20192640301","2019-02-15T08:15:00.000+0000","CONCLUDED","2019 NAB AFLW Season","Round 3",3,"UTAS Stadium","North Melbourne","North Melbourne","Western Bulldogs","Western Bulldogs",31,"https://s.afl.com.au/staticfile/AFL Tenant/AFL/Players/ChampIDImages/AFLW/2019264/296143.png?im=Scale,width=0.6,height=0.6","HBFL","CD_I296143",FALSE,31,"Danielle","Hardiman","CD_T8466",NA,78,0,0,NA,1,2,3,2,0,0,1,2,3,0,0,0,0,2,100,0,0,0,13,0,0,0,0,NA,"2019-02-20T00:26:36.680+0000",0,2,0,0,NA,NA,NA,0,8,0,0,0,0,0,0,0,0,0,0,0,0,0,0,0,0,0,0,0,0,0,0,0,0,0,0,NA,NA,NA,"CD_I296143",FALSE,31,"Danielle","Hardiman","home","North Melbourne"
"CD_M20192640301","2019-02-15T08:15:00.000+0000","CONCLUDED","2019 NAB AFLW Season","Round 3",3,"UTAS Stadium","North Melbourne","North Melbourne","Western Bulldogs","Western Bulldogs",19,"https://s.afl.com.au/staticfile/AFL Tenant/AFL/Players/ChampIDImages/AFLW/2019264/1007006.png?im=Scale,width=0.6,height=0.6","BPR","CD_I1007006",FALSE,19,"Jasmine","Grierson","CD_T8466",NA,81,0,0,NA,6,3,9,3,0,1,4,6,10,0,0,0,0,1,88.9,1,0,0,37,1,0,0,0,NA,"2019-02-20T00:26:36.680+0000",1,4,0,0,NA,NA,NA,0,84,0,2,2,0,0,0,0,0,0,0,0,0,0,0,0,0,0,0,0,0,0,0,0,0,0,0,NA,NA,NA,"CD_I1007006",FALSE,19,"Jasmine","Grierson","home","North Melbourne"
"CD_M20192640301","2019-02-15T08:15:00.000+0000","CONCLUDED","2019 NAB AFLW Season","Round 3",3,"UTAS Stadium","North Melbourne","North Melbourne","Western Bulldogs","Western Bulldogs",35,"https://s.afl.com.au/staticfile/AFL Tenant/AFL/Players/ChampIDImages/AFLW/2019264/1003018.png?im=Scale,width=0.6,height=0.6","R","CD_I1003018",FALSE,35,"Jenna","Bruton","CD_T8466",NA,92,0,0,NA,17,5,22,6,0,6,9,14,23,9,0,0,0,1,63.6,4,2,3,96,1,0,0,0,NA,"2019-02-20T00:26:36.680+0000",5,6,0,0,NA,NA,NA,7,387,1,1,2,0,0,0,0,0,0,0,0,0,0,0,0,0,0,0,0,0,0,0,0,0,0,0,NA,NA,NA,"CD_I1003018",FALSE,35,"Jenna","Bruton","home","North Melbourne"
"CD_M20192640301","2019-02-15T08:15:00.000+0000","CONCLUDED","2019 NAB AFLW Season","Round 3",3,"UTAS Stadium","North Melbourne","North Melbourne","Western Bulldogs","Western Bulldogs",12,"https://s.afl.com.au/staticfile/AFL Tenant/AFL/Players/ChampIDImages/AFLW/2019264/1013120.png?im=Scale,width=0.6,height=0.6","INT","CD_I1013120",FALSE,12,"Nicole","Bresnehan","CD_T8466",NA,68,0,0,NA,7,1,8,3,0,4,2,5,7,0,0,0,0,1,87.5,1,1,0,49,2,0,0,0,NA,"2019-02-20T00:26:36.680+0000",2,3,0,0,NA,NA,NA,2,162,0,0,0,0,0,0,0,0,0,0,0,0,0,0,0,0,0,0,0,0,0,0,0,0,0,0,NA,NA,NA,"CD_I1013120",FALSE,12,"Nicole","Bresnehan","home","North Melbourne"
"CD_M20192640301","2019-02-15T08:15:00.000+0000","CONCLUDED","2019 NAB AFLW Season","Round 3",3,"UTAS Stadium","North Melbourne","North Melbourne","Western Bulldogs","Western Bulldogs",11,"https://s.afl.com.au/staticfile/AFL Tenant/AFL/Players/ChampIDImages/AFLW/2019264/1013025.png?im=Scale,width=0.6,height=0.6","INT","CD_I1013025",FALSE,11,"Daisy","Bateman","CD_T8466",NA,55,0,1,NA,2,4,6,2,0,2,1,6,7,1,1,1,0,0,66.7,1,0,1,26,0,0,0,0,NA,"2019-02-20T00:26:36.680+0000",1,0,1,1,NA,NA,NA,1,20,0,0,0,0,0,0,0,0,0,0,0,0,0,0,0,0,0,0,0,0,0,0,0,0,0,0,NA,NA,NA,"CD_I1013025",FALSE,11,"Daisy","Bateman","home","North Melbourne"
"CD_M20192640301","2019-02-15T08:15:00.000+0000","CONCLUDED","2019 NAB AFLW Season","Round 3",3,"UTAS Stadium","North Melbourne","North Melbourne","Western Bulldogs","Western Bulldogs",8,"https://s.afl.com.au/staticfile/AFL Tenant/AFL/Players/ChampIDImages/AFLW/2019264/1012712.png?im=Scale,width=0.6,height=0.6","INT","CD_I1012712",FALSE,8,"Alison","Drennan","CD_T8466",NA,34,0,0,NA,1,7,8,0,0,1,6,2,8,0,0,0,0,0,50,2,1,1,19,0,0,0,0,NA,"2019-02-20T00:26:36.680+0000",2,2,0,0,NA,NA,NA,1,34,0,1,1,0,0,0,0,0,0,0,0,0,0,0,0,0,0,0,0,0,0,0,0,0,0,0,NA,NA,NA,"CD_I1012712",FALSE,8,"Alison","Drennan","home","North Melbourne"
"CD_M20192640301","2019-02-15T08:15:00.000+0000","CONCLUDED","2019 NAB AFLW Season","Round 3",3,"UTAS Stadium","North Melbourne","North Melbourne","Western Bulldogs","Western Bulldogs",18,"https://s.afl.com.au/staticfile/AFL Tenant/AFL/Players/ChampIDImages/AFLW/2019264/1007005.png?im=Scale,width=0.6,height=0.6","FB","CD_I1007005",FALSE,18,"Brittany","Gibson","CD_T8466",NA,92,0,0,NA,10,3,13,3,0,4,5,6,11,1,0,0,0,1,53.8,3,1,1,59,4,0,0,0,NA,"2019-02-20T00:26:36.680+0000",4,6,0,0,NA,NA,NA,1,341,0,0,0,0,0,0,0,0,0,0,0,0,0,0,0,0,0,0,0,0,0,0,0,0,0,0,NA,NA,NA,"CD_I1007005",FALSE,18,"Brittany","Gibson","home","North Melbourne"
"CD_M20192640301","2019-02-15T08:15:00.000+0000","CONCLUDED","2019 NAB AFLW Season","Round 3",3,"UTAS Stadium","North Melbourne","North Melbourne","Western Bulldogs","Western Bulldogs",5,"https://s.afl.com.au/staticfile/AFL Tenant/AFL/Players/ChampIDImages/AFLW/2019264/997695.png?im=Scale,width=0.6,height=0.6","CHF","CD_I997695",FALSE,5,"Kate","Gillespie-Jones","CD_T8466",NA,97,0,0,NA,12,5,17,4,0,7,6,10,16,4,0,0,6,0,64.7,3,2,2,88,1,1,0,0,NA,"2019-02-20T00:26:36.680+0000",2,3,2,1,NA,NA,NA,2,343,0,0,0,0,0,0,0,0,0,0,0,0,0,0,0,0,0,0,0,0,0,0,0,0,0,0,NA,NA,NA,"CD_I997695",FALSE,5,"Kate","Gillespie-Jones","home","North Melbourne"
"CD_M20192640301","2019-02-15T08:15:00.000+0000","CONCLUDED","2019 NAB AFLW Season","Round 3",3,"UTAS Stadium","North Melbourne","North Melbourne","Western Bulldogs","Western Bulldogs",29,"https://s.afl.com.au/staticfile/AFL Tenant/AFL/Players/ChampIDImages/AFLW/2019264/1009773.png?im=Scale,width=0.6,height=0.6","INT","CD_I1009773",FALSE,29,"Chloe","Haines","CD_T8466",NA,36,0,0,NA,1,1,2,0,0,1,1,2,3,0,0,0,0,0,50,2,1,0,10,0,0,0,0,NA,"2019-02-20T00:26:36.680+0000",1,0,0,0,NA,NA,NA,0,59,0,0,0,0,0,0,0,0,0,0,0,0,0,0,0,0,0,0,0,0,0,0,0,0,0,0,NA,NA,NA,"CD_I1009773",FALSE,29,"Chloe","Haines","home","North Melbourne"
"CD_M20192640301","2019-02-15T08:15:00.000+0000","CONCLUDED","2019 NAB AFLW Season","Round 3",3,"UTAS Stadium","North Melbourne","North Melbourne","Western Bulldogs","Western Bulldogs",16,"https://s.afl.com.au/staticfile/AFL Tenant/AFL/Players/ChampIDImages/AFLW/2019264/1003023.png?im=Scale,width=0.6,height=0.6","CHB","CD_I1003023",FALSE,16,"Tahlia","Randall","CD_T8466",NA,100,0,0,NA,7,1,8,4,0,2,4,5,9,2,0,1,0,3,50,1,1,1,41,1,0,0,0,NA,"2019-02-20T00:26:36.680+0000",1,4,0,0,NA,NA,NA,1,202,0,0,0,0,0,0,0,0,0,0,0,0,0,0,0,0,0,0,0,0,0,0,0,0,0,0,NA,NA,NA,"CD_I1003023",FALSE,16,"Tahlia","Randall","home","North Melbourne"
"CD_M20192640301","2019-02-15T08:15:00.000+0000","CONCLUDED","2019 NAB AFLW Season","Round 3",3,"UTAS Stadium","North Melbourne","North Melbourne","Western Bulldogs","Western Bulldogs",17,"https://s.afl.com.au/staticfile/AFL Tenant/AFL/Players/ChampIDImages/AFLW/2019264/1007030.png?im=Scale,width=0.6,height=0.6","RR","CD_I1007030",FALSE,17,"Jamie","Stanton","CD_T8466",NA,68,0,0,NA,14,6,20,7,0,3,6,14,20,1,0,0,0,0,75,3,0,1,84,3,0,0,0,NA,"2019-02-20T00:26:36.680+0000",3,1,0,0,NA,NA,NA,0,214,2,1,3,0,0,0,0,0,0,0,0,0,0,0,0,0,0,0,0,0,0,0,0,0,0,0,NA,NA,NA,"CD_I1007030",FALSE,17,"Jamie","Stanton","home","North Melbourne"
"CD_M20192640301","2019-02-15T08:15:00.000+0000","CONCLUDED","2019 NAB AFLW Season","Round 3",3,"UTAS Stadium","North Melbourne","North Melbourne","Western Bulldogs","Western Bulldogs",21,"https://s.afl.com.au/staticfile/AFL Tenant/AFL/Players/ChampIDImages/AFLW/2019264/1004416.png?im=Scale,width=0.6,height=0.6","BPL","CD_I1004416",FALSE,21,"Jessica","Trend","CD_T8466",NA,70,0,0,NA,4,4,8,3,0,3,2,6,8,0,0,0,0,0,62.5,0,0,0,41,1,0,0,0,NA,"2019-02-20T00:26:36.680+0000",2,2,0,0,NA,NA,NA,2,50,1,1,2,0,0,0,0,0,0,0,0,0,0,0,0,0,0,0,0,0,0,0,0,0,0,0,NA,NA,NA,"CD_I1004416",FALSE,21,"Jessica","Trend","home","North Melbourne"
"CD_M20192640301","2019-02-15T08:15:00.000+0000","CONCLUDED","2019 NAB AFLW Season","Round 3",3,"UTAS Stadium","North Melbourne","North Melbourne","Western Bulldogs","Western Bulldogs",10,"https://s.afl.com.au/staticfile/AFL Tenant/AFL/Players/ChampIDImages/AFLW/2019264/997660.png?im=Scale,width=0.6,height=0.6","HBFL","CD_I997660",FALSE,10,"Nicole","Callinan","CD_T7387",NA,59,0,0,NA,3,1,4,0,0,0,0,3,3,0,0,0,0,0,75,2,0,1,8,0,0,0,0,NA,"2019-02-20T00:26:36.680+0000",2,1,0,0,NA,NA,NA,2,83,0,0,0,0,0,0,0,0,0,0,0,0,0,0,0,0,0,0,0,0,0,0,0,0,0,0,NA,NA,NA,"CD_I997660",FALSE,10,"Nicole","Callinan","away","Western Bulldogs"
"CD_M20192640301","2019-02-15T08:15:00.000+0000","CONCLUDED","2019 NAB AFLW Season","Round 3",3,"UTAS Stadium","North Melbourne","North Melbourne","Western Bulldogs","Western Bulldogs",8,"https://s.afl.com.au/staticfile/AFL Tenant/AFL/Players/ChampIDImages/AFLW/2019264/1010104.png?im=Scale,width=0.6,height=0.6","HFFR","CD_I1010104",FALSE,8,"Monique","Conti","CD_T7387",NA,95,0,1,NA,8,8,16,3,0,3,12,5,17,3,0,0,0,0,37.5,4,3,2,59,1,0,0,0,NA,"2019-02-20T00:26:36.680+0000",5,6,0,1,NA,NA,NA,3,204,1,2,3,0,0,0,0,0,0,0,0,0,0,0,0,0,0,0,0,0,0,0,0,0,0,0,NA,NA,NA,"CD_I1010104",FALSE,8,"Monique","Conti","away","Western Bulldogs"
"CD_M20192640301","2019-02-15T08:15:00.000+0000","CONCLUDED","2019 NAB AFLW Season","Round 3",3,"UTAS Stadium","North Melbourne","North Melbourne","Western Bulldogs","Western Bulldogs",19,"https://s.afl.com.au/staticfile/AFL Tenant/AFL/Players/ChampIDImages/AFLW/2019264/997692.png?im=Scale,width=0.6,height=0.6","CHB","CD_I997692",FALSE,19,"Tiarna","Ernst","CD_T7387",NA,96,0,0,NA,2,0,2,1,0,2,0,1,1,0,0,0,0,4,0,2,0,1,14,1,0,0,0,NA,"2019-02-20T00:26:36.680+0000",2,1,0,0,NA,NA,NA,0,5,0,0,0,0,0,0,0,0,0,0,0,0,0,0,0,0,0,0,0,0,0,0,0,0,0,0,NA,NA,NA,"CD_I997692",FALSE,19,"Tiarna","Ernst","away","Western Bulldogs"
"CD_M20192640301","2019-02-15T08:15:00.000+0000","CONCLUDED","2019 NAB AFLW Season","Round 3",3,"UTAS Stadium","North Melbourne","North Melbourne","Western Bulldogs","Western Bulldogs",27,"https://s.afl.com.au/staticfile/AFL Tenant/AFL/Players/ChampIDImages/AFLW/2019264/997686.png?im=Scale,width=0.6,height=0.6","C","CD_I997686",FALSE,27,"Kirsty","Lamb","CD_T7387",NA,77,0,0,NA,12,2,14,5,0,4,5,8,13,3,0,0,0,1,64.3,2,0,1,68,2,0,0,0,NA,"2019-02-20T00:26:36.680+0000",4,2,1,0,NA,NA,NA,0,194,1,2,3,0,0,0,0,0,0,0,0,0,0,0,0,0,0,0,0,0,0,0,0,0,0,0,NA,NA,NA,"CD_I997686",FALSE,27,"Kirsty","Lamb","away","Western Bulldogs"
"CD_M20192640301","2019-02-15T08:15:00.000+0000","CONCLUDED","2019 NAB AFLW Season","Round 3",3,"UTAS Stadium","North Melbourne","North Melbourne","Western Bulldogs","Western Bulldogs",2,"https://s.afl.com.au/staticfile/AFL Tenant/AFL/Players/ChampIDImages/AFLW/2019264/296125.png?im=Scale,width=0.6,height=0.6","R","CD_I296125",FALSE,2,"Ellie","Blackburn","CD_T7387",NA,95,0,0,NA,10,4,14,1,0,3,8,5,13,4,1,0,0,3,42.9,6,2,1,52,2,1,0,0,NA,"2019-02-20T00:26:36.680+0000",5,2,0,1,NA,NA,NA,1,310,0,5,5,0,0,0,0,0,0,0,0,0,0,0,0,0,0,0,0,0,0,0,0,0,0,0,NA,NA,NA,"CD_I296125",FALSE,2,"Ellie","Blackburn","away","Western Bulldogs"
"CD_M20192640301","2019-02-15T08:15:00.000+0000","CONCLUDED","2019 NAB AFLW Season","Round 3",3,"UTAS Stadium","North Melbourne","North Melbourne","Western Bulldogs","Western Bulldogs",7,"https://s.afl.com.au/staticfile/AFL Tenant/AFL/Players/ChampIDImages/AFLW/2019264/997728.png?im=Scale,width=0.6,height=0.6","FPR","CD_I997728",FALSE,7,"Deanna","Berry","CD_T7387",NA,60,0,0,NA,1,1,2,0,0,0,1,1,2,1,0,0,0,1,0,2,0,2,-1,0,0,0,0,NA,"2019-02-20T00:26:36.680+0000",1,1,0,0,NA,NA,NA,1,42,0,0,0,0,0,0,0,0,0,0,0,0,0,0,0,0,0,0,0,0,0,0,0,0,0,0,NA,NA,NA,"CD_I997728",FALSE,7,"Deanna","Berry","away","Western Bulldogs"
"CD_M20192640301","2019-02-15T08:15:00.000+0000","CONCLUDED","2019 NAB AFLW Season","Round 3",3,"UTAS Stadium","North Melbourne","North Melbourne","Western Bulldogs","Western Bulldogs",21,"https://s.afl.com.au/staticfile/AFL Tenant/AFL/Players/ChampIDImages/AFLW/2019264/1007008.png?im=Scale,width=0.6,height=0.6","INT","CD_I1007008",FALSE,21,"Bailey","Hunt","CD_T7387",NA,53,0,0,NA,3,1,4,2,0,1,2,2,4,0,0,0,0,0,75,1,1,0,22,2,0,0,0,NA,"2019-02-20T00:26:36.680+0000",1,2,0,0,NA,NA,NA,0,51,0,0,0,0,0,0,0,0,0,0,0,0,0,0,0,0,0,0,0,0,0,0,0,0,0,0,NA,NA,NA,"CD_I1007008",FALSE,21,"Bailey","Hunt","away","Western Bulldogs"
"CD_M20192640301","2019-02-15T08:15:00.000+0000","CONCLUDED","2019 NAB AFLW Season","Round 3",3,"UTAS Stadium","North Melbourne","North Melbourne","Western Bulldogs","Western Bulldogs",3,"https://s.afl.com.au/staticfile/AFL Tenant/AFL/Players/ChampIDImages/AFLW/2019264/998157.png?im=Scale,width=0.6,height=0.6","CHF","CD_I998157",FALSE,3,"Katie","Brennan","CD_T7387",NA,100,1,0,NA,10,4,14,4,0,3,11,5,16,4,0,2,1,1,57.1,7,2,3,62,1,0,100,0,NA,"2019-02-20T00:26:36.680+0000",5,2,2,1,NA,NA,NA,3,263,0,3,3,0,0,0,0,0,0,0,0,0,0,0,0,0,0,0,0,0,0,0,0,0,0,0,NA,NA,NA,"CD_I998157",FALSE,3,"Katie","Brennan","away","Western Bulldogs"
"CD_M20192640301","2019-02-15T08:15:00.000+0000","CONCLUDED","2019 NAB AFLW Season","Round 3",3,"UTAS Stadium","North Melbourne","North Melbourne","Western Bulldogs","Western Bulldogs",36,"https://s.afl.com.au/staticfile/AFL Tenant/AFL/Players/ChampIDImages/AFLW/2019264/1007154.png?im=Scale,width=0.6,height=0.6","RR","CD_I1007154",FALSE,36,"Angelica","Gogos","CD_T7387",NA,73,0,0,NA,6,2,8,0,0,6,3,5,8,1,0,0,0,0,62.5,0,1,0,47,1,0,0,0,NA,"2019-02-20T00:26:36.680+0000",2,3,0,0,NA,NA,NA,1,83,0,0,0,0,0,0,0,0,0,0,0,0,0,0,0,0,0,0,0,0,0,0,0,0,0,0,NA,NA,NA,"CD_I1007154",FALSE,36,"Angelica","Gogos","away","Western Bulldogs"
"CD_M20192640301","2019-02-15T08:15:00.000+0000","CONCLUDED","2019 NAB AFLW Season","Round 3",3,"UTAS Stadium","North Melbourne","North Melbourne","Western Bulldogs","Western Bulldogs",15,"https://s.afl.com.au/staticfile/AFL Tenant/AFL/Players/ChampIDImages/AFLW/2019264/1014034.png?im=Scale,width=0.6,height=0.6","FPL","CD_I1014034",FALSE,15,"Aisling","McCarthy","CD_T7387",NA,72,0,1,NA,5,1,6,3,0,1,2,4,6,1,0,0,0,0,33.3,1,0,0,31,0,0,0,0,NA,"2019-02-20T00:26:36.680+0000",0,0,0,1,NA,NA,NA,1,128,0,0,0,0,0,0,0,0,0,0,0,0,0,0,0,0,0,0,0,0,0,0,0,0,0,0,NA,NA,NA,"CD_I1014034",FALSE,15,"Aisling","McCarthy","away","Western Bulldogs"
"CD_M20192640301","2019-02-15T08:15:00.000+0000","CONCLUDED","2019 NAB AFLW Season","Round 3",3,"UTAS Stadium","North Melbourne","North Melbourne","Western Bulldogs","Western Bulldogs",13,"https://s.afl.com.au/staticfile/AFL Tenant/AFL/Players/ChampIDImages/AFLW/2019264/1012555.png?im=Scale,width=0.6,height=0.6","INT","CD_I1012555",FALSE,13,"Celine","Moody","CD_T7387",NA,50,0,0,NA,2,2,4,0,0,0,4,0,4,1,0,0,15,0,75,2,0,1,22,0,0,0,0,NA,"2019-02-20T00:26:36.680+0000",1,1,0,0,NA,NA,NA,0,67,1,1,2,0,0,0,0,0,0,0,0,0,0,0,0,0,0,0,0,0,0,0,0,0,0,0,NA,NA,NA,"CD_I1012555",FALSE,13,"Celine","Moody","away","Western Bulldogs"
"CD_M20192640301","2019-02-15T08:15:00.000+0000","CONCLUDED","2019 NAB AFLW Season","Round 3",3,"UTAS Stadium","North Melbourne","North Melbourne","Western Bulldogs","Western Bulldogs",16,"https://s.afl.com.au/staticfile/AFL Tenant/AFL/Players/ChampIDImages/AFLW/2019264/1010689.png?im=Scale,width=0.6,height=0.6","BPL","CD_I1010689",FALSE,16,"Naomi","Ferres","CD_T7387",NA,85,0,0,NA,6,3,9,2,0,2,6,3,9,0,0,0,0,2,88.9,1,3,1,38,1,0,0,0,NA,"2019-02-20T00:26:36.680+0000",0,5,0,0,NA,NA,NA,0,10,0,0,0,0,0,0,0,0,0,0,0,0,0,0,0,0,0,0,0,0,0,0,0,0,0,0,NA,NA,NA,"CD_I1010689",FALSE,16,"Naomi","Ferres","away","Western Bulldogs"
"CD_M20192640301","2019-02-15T08:15:00.000+0000","CONCLUDED","2019 NAB AFLW Season","Round 3",3,"UTAS Stadium","North Melbourne","North Melbourne","Western Bulldogs","Western Bulldogs",24,"https://s.afl.com.au/staticfile/AFL Tenant/AFL/Players/ChampIDImages/AFLW/2019264/1010677.png?im=Scale,width=0.6,height=0.6","RK","CD_I1010677",FALSE,24,"Kimberley","Rennie","CD_T7387",NA,50,0,0,NA,6,1,7,0,0,1,8,2,10,0,0,0,7,0,57.1,2,7,2,32,1,0,0,0,NA,"2019-02-20T00:26:36.680+0000",2,1,0,0,NA,NA,NA,0,129,3,3,6,0,0,0,0,0,0,0,0,0,0,0,0,0,0,0,0,0,0,0,0,0,0,0,NA,NA,NA,"CD_I1010677",FALSE,24,"Kimberley","Rennie","away","Western Bulldogs"
"CD_M20192640301","2019-02-15T08:15:00.000+0000","CONCLUDED","2019 NAB AFLW Season","Round 3",3,"UTAS Stadium","North Melbourne","North Melbourne","Western Bulldogs","Western Bulldogs",18,"https://s.afl.com.au/staticfile/AFL Tenant/AFL/Players/ChampIDImages/AFLW/2019264/1007157.png?im=Scale,width=0.6,height=0.6","HFFL","CD_I1007157",FALSE,18,"Libby","Birch","CD_T7387",NA,88,0,0,NA,6,3,9,2,0,1,2,4,6,1,0,0,0,6,55.6,2,0,1,31,1,0,0,0,NA,"2019-02-20T00:26:36.680+0000",1,5,0,0,NA,NA,NA,1,95,0,1,1,0,0,0,0,0,0,0,0,0,0,0,0,0,0,0,0,0,0,0,0,0,0,0,NA,NA,NA,"CD_I1007157",FALSE,18,"Libby","Birch","away","Western Bulldogs"
"CD_M20192640301","2019-02-15T08:15:00.000+0000","CONCLUDED","2019 NAB AFLW Season","Round 3",3,"UTAS Stadium","North Melbourne","North Melbourne","Western Bulldogs","Western Bulldogs",25,"https://s.afl.com.au/staticfile/AFL Tenant/AFL/Players/ChampIDImages/AFLW/2019264/1010732.png?im=Scale,width=0.6,height=0.6","FF","CD_I1010732",FALSE,25,"Emma","Mackie","CD_T7387",NA,100,1,1,NA,5,3,8,3,0,5,3,5,8,1,1,0,0,0,62.5,3,0,2,51,1,0,33.3,0,NA,"2019-02-20T00:26:36.680+0000",2,0,1,3,NA,NA,NA,3,210,0,1,1,0,0,0,0,0,0,0,0,0,0,0,0,0,0,0,0,0,0,0,0,0,0,0,NA,NA,NA,"CD_I1010732",FALSE,25,"Emma","Mackie","away","Western Bulldogs"
"CD_M20192640301","2019-02-15T08:15:00.000+0000","CONCLUDED","2019 NAB AFLW Season","Round 3",3,"UTAS Stadium","North Melbourne","North Melbourne","Western Bulldogs","Western Bulldogs",12,"https://s.afl.com.au/staticfile/AFL Tenant/AFL/Players/ChampIDImages/AFLW/2019264/1007029.png?im=Scale,width=0.6,height=0.6","INT","CD_I1007029",FALSE,12,"Belinda","Smith","CD_T7387",NA,61,0,0,NA,2,2,4,1,0,3,1,4,5,0,0,0,0,0,50,1,0,1,22,0,0,0,0,NA,"2019-02-20T00:26:36.680+0000",2,1,1,0,NA,NA,NA,0,7,0,0,0,0,0,0,0,0,0,0,0,0,0,0,0,0,0,0,0,0,0,0,0,0,0,0,NA,NA,NA,"CD_I1007029",FALSE,12,"Belinda","Smith","away","Western Bulldogs"
"CD_M20192640301","2019-02-15T08:15:00.000+0000","CONCLUDED","2019 NAB AFLW Season","Round 3",3,"UTAS Stadium","North Melbourne","North Melbourne","Western Bulldogs","Western Bulldogs",22,"https://s.afl.com.au/staticfile/AFL Tenant/AFL/Players/ChampIDImages/AFLW/2019264/1001689.png?im=Scale,width=0.6,height=0.6","HBFR","CD_I1001689",FALSE,22,"Hannah","Scott","CD_T7387",NA,92,0,0,NA,8,2,10,1,0,4,4,4,8,1,0,0,0,1,70,3,1,1,45,4,0,0,0,NA,"2019-02-20T00:26:36.680+0000",3,4,0,0,NA,NA,NA,1,182,0,1,1,0,0,0,0,0,0,0,0,0,0,0,0,0,0,0,0,0,0,0,0,0,0,0,NA,NA,NA,"CD_I1001689",FALSE,22,"Hannah","Scott","away","Western Bulldogs"
"CD_M20192640301","2019-02-15T08:15:00.000+0000","CONCLUDED","2019 NAB AFLW Season","Round 3",3,"UTAS Stadium","North Melbourne","North Melbourne","Western Bulldogs","Western Bulldogs",11,"https://s.afl.com.au/staticfile/AFL Tenant/AFL/Players/ChampIDImages/AFLW/2019264/998153.png?im=Scale,width=0.6,height=0.6","FB","CD_I998153",FALSE,11,"Lauren","Spark","CD_T7387",NA,100,0,0,NA,6,0,6,5,0,1,1,5,6,0,0,0,0,1,50,2,1,1,35,1,0,0,0,NA,"2019-02-20T00:26:36.680+0000",2,1,0,0,NA,NA,NA,1,55,0,0,0,0,0,0,0,0,0,0,0,0,0,0,0,0,0,0,0,0,0,0,0,0,0,0,NA,NA,NA,"CD_I998153",FALSE,11,"Lauren","Spark","away","Western Bulldogs"
"CD_M20192640301","2019-02-15T08:15:00.000+0000","CONCLUDED","2019 NAB AFLW Season","Round 3",3,"UTAS Stadium","North Melbourne","North Melbourne","Western Bulldogs","Western Bulldogs",28,"https://s.afl.com.au/staticfile/AFL Tenant/AFL/Players/ChampIDImages/AFLW/2019264/1010690.png?im=Scale,width=0.6,height=0.6","BPR","CD_I1010690",FALSE,28,"Bonnie","Toogood","CD_T7387",NA,69,0,0,NA,7,0,7,5,0,2,3,4,7,1,2,1,0,0,42.9,1,0,0,44,0,0,0,0,NA,"2019-02-20T00:26:36.680+0000",1,1,2,1,NA,NA,NA,0,154,0,0,0,0,0,0,0,0,0,0,0,0,0,0,0,0,0,0,0,0,0,0,0,0,0,0,NA,NA,NA,"CD_I1010690",FALSE,28,"Bonnie","Toogood","away","Western Bulldogs"
"CD_M20192640301","2019-02-15T08:15:00.000+0000","CONCLUDED","2019 NAB AFLW Season","Round 3",3,"UTAS Stadium","North Melbourne","North Melbourne","Western Bulldogs","Western Bulldogs",23,"https://s.afl.com.au/staticfile/AFL Tenant/AFL/Players/ChampIDImages/AFLW/2019264/1010676.png?im=Scale,width=0.6,height=0.6","INT","CD_I1010676",FALSE,23,"Aisling","Utri","CD_T7387",NA,78,1,1,NA,11,1,12,5,0,2,6,6,12,1,2,2,0,1,50,2,0,0,65,1,0,50,0,NA,"2019-02-20T00:26:36.680+0000",3,2,0,2,NA,NA,NA,2,257,0,1,1,0,0,0,0,0,0,0,0,0,0,0,0,0,0,0,0,0,0,0,0,0,0,0,NA,NA,NA,"CD_I1010676",FALSE,23,"Aisling","Utri","away","Western Bulldogs"
"CD_M20192640301","2019-02-15T08:15:00.000+0000","CONCLUDED","2019 NAB AFLW Season","Round 3",3,"UTAS Stadium","North Melbourne","North Melbourne","Western Bulldogs","Western Bulldogs",17,"https://s.afl.com.au/staticfile/AFL Tenant/AFL/Players/ChampIDImages/AFLW/2019264/1004417.png?im=Scale,width=0.6,height=0.6","INT","CD_I1004417",FALSE,17,"Hayley","Wildes","CD_T7387",NA,47,0,0,NA,2,2,4,2,0,1,2,2,4,1,1,0,0,0,25,2,0,0,20,0,0,0,0,NA,"2019-02-20T00:26:36.680+0000",1,0,1,1,NA,NA,NA,0,49,0,0,0,0,0,0,0,0,0,0,0,0,0,0,0,0,0,0,0,0,0,0,0,0,0,0,NA,NA,NA,"CD_I1004417",FALSE,17,"Hayley","Wildes","away","Western Bulldogs"
"CD_M20192640302","2019-02-16T05:45:00.000+0000","CONCLUDED","2019 NAB AFLW Season","Round 3",3,"Blacktown ISP","GWS GIANTS","GWS GIANTS","Carlton","Carlton",28,"https://s.afl.com.au/staticfile/AFL Tenant/AFL/Players/ChampIDImages/AFLW/2019264/997659.png?im=Scale,width=0.6,height=0.6","INT","CD_I997659",FALSE,28,"Phoebe","Monahan","CD_T7889",NA,47,0,0,NA,1,0,1,0,0,0,2,0,2,0,0,0,0,4,0,1,1,0,4,1,0,0,NA,NA,"2019-05-01T04:42:04.286+0000",1,2,0,0,NA,NA,NA,0,16,0,0,0,0,0,0,0,0,0,0,0,0,0,0,0,0,0,0,0,0,0,0,0,0,0,0,NA,NA,NA,"CD_I997659",FALSE,28,"Phoebe","Monahan","home","GWS GIANTS"
"CD_M20192640302","2019-02-16T05:45:00.000+0000","CONCLUDED","2019 NAB AFLW Season","Round 3",3,"Blacktown ISP","GWS GIANTS","GWS GIANTS","Carlton","Carlton",34,"https://s.afl.com.au/staticfile/AFL Tenant/AFL/Players/ChampIDImages/AFLW/2019264/1005451.png?im=Scale,width=0.6,height=0.6","INT","CD_I1005451",FALSE,34,"Jacinda","Barclay","CD_T7889",NA,68,1,0,NA,2,6,8,0,0,1,7,1,8,0,0,0,0,0,62.5,0,0,0,28,0,0,100,NA,NA,"2019-05-01T04:42:04.286+0000",0,2,0,1,NA,NA,NA,4,30,1,1,2,0,0,0,0,0,0,0,0,0,0,0,0,0,0,0,0,0,0,0,0,0,0,0,NA,NA,NA,"CD_I1005451",FALSE,34,"Jacinda","Barclay","home","GWS GIANTS"
"CD_M20192640302","2019-02-16T05:45:00.000+0000","CONCLUDED","2019 NAB AFLW Season","Round 3",3,"Blacktown ISP","GWS GIANTS","GWS GIANTS","Carlton","Carlton",4,"https://s.afl.com.au/staticfile/AFL Tenant/AFL/Players/ChampIDImages/AFLW/2019264/997680.png?im=Scale,width=0.6,height=0.6","FPL","CD_I997680",FALSE,4,"Christina","Bernardi","CD_T7889",NA,87,2,0,NA,8,2,10,1,0,5,2,5,7,3,1,0,0,0,40,3,1,0,64,2,0,50,NA,NA,"2019-05-01T04:42:04.286+0000",3,0,3,4,NA,NA,NA,3,185,0,1,1,0,0,0,0,0,0,0,0,0,0,0,0,0,0,0,0,0,0,0,0,0,0,0,NA,NA,NA,"CD_I997680",FALSE,4,"Christina","Bernardi","home","GWS GIANTS"
"CD_M20192640302","2019-02-16T05:45:00.000+0000","CONCLUDED","2019 NAB AFLW Season","Round 3",3,"Blacktown ISP","GWS GIANTS","GWS GIANTS","Carlton","Carlton",23,"https://s.afl.com.au/staticfile/AFL Tenant/AFL/Players/ChampIDImages/AFLW/2019264/1007019.png?im=Scale,width=0.6,height=0.6","RK","CD_I1007019",FALSE,23,"Erin","McKinnon","CD_T7889",NA,68,0,0,NA,1,4,5,0,0,2,3,2,5,0,0,0,26,1,40,2,0,2,39,1,0,0,NA,NA,"2019-05-01T04:42:04.286+0000",1,0,0,0,NA,NA,NA,4,23,1,0,1,0,0,0,0,0,0,0,0,0,0,0,0,0,0,0,0,0,0,0,0,0,0,0,NA,NA,NA,"CD_I1007019",FALSE,23,"Erin","McKinnon","home","GWS GIANTS"
"CD_M20192640302","2019-02-16T05:45:00.000+0000","CONCLUDED","2019 NAB AFLW Season","Round 3",3,"Blacktown ISP","GWS GIANTS","GWS GIANTS","Carlton","Carlton",22,"https://s.afl.com.au/staticfile/AFL Tenant/AFL/Players/ChampIDImages/AFLW/2019264/1010686.png?im=Scale,width=0.6,height=0.6","INT","CD_I1010686",FALSE,22,"Elle","Bennetts","CD_T7889",NA,62,0,1,NA,5,4,9,1,0,3,3,5,8,2,0,0,0,2,66.7,3,0,1,36,1,0,0,NA,NA,"2019-05-01T04:42:04.286+0000",2,3,1,1,NA,NA,NA,2,139,0,1,1,0,0,0,0,0,0,0,0,0,0,0,0,0,0,0,0,0,0,0,0,0,0,0,NA,NA,NA,"CD_I1010686",FALSE,22,"Elle","Bennetts","home","GWS GIANTS"
"CD_M20192640302","2019-02-16T05:45:00.000+0000","CONCLUDED","2019 NAB AFLW Season","Round 3",3,"Blacktown ISP","GWS GIANTS","GWS GIANTS","Carlton","Carlton",3,"https://s.afl.com.au/staticfile/AFL Tenant/AFL/Players/ChampIDImages/AFLW/2019264/1009799.png?im=Scale,width=0.6,height=0.6","INT","CD_I1009799",FALSE,3,"Alyce","Parker","CD_T7889",NA,58,0,1,NA,11,4,15,1,0,6,9,7,16,4,0,0,0,0,60,4,3,1,69,2,0,0,NA,NA,"2019-05-01T04:42:04.286+0000",4,1,0,2,NA,NA,NA,2,320,2,4,6,0,0,0,0,0,0,0,0,0,0,0,0,0,0,0,0,0,0,0,0,0,0,0,NA,NA,NA,"CD_I1009799",FALSE,3,"Alyce","Parker","home","GWS GIANTS"
"CD_M20192640302","2019-02-16T05:45:00.000+0000","CONCLUDED","2019 NAB AFLW Season","Round 3",3,"Blacktown ISP","GWS GIANTS","GWS GIANTS","Carlton","Carlton",32,"https://s.afl.com.au/staticfile/AFL Tenant/AFL/Players/ChampIDImages/AFLW/2019264/1009781.png?im=Scale,width=0.6,height=0.6","INT","CD_I1009781",FALSE,32,"Tait","Mackrill","CD_T7889",NA,58,0,0,NA,7,4,11,1,0,2,5,6,11,1,1,0,0,0,54.5,6,2,2,36,2,0,0,NA,NA,"2019-05-01T04:42:04.286+0000",3,4,0,1,NA,NA,NA,1,156,0,0,0,0,0,0,0,0,0,0,0,0,0,0,0,0,0,0,0,0,0,0,0,0,0,0,NA,NA,NA,"CD_I1009781",FALSE,32,"Tait","Mackrill","home","GWS GIANTS"
"CD_M20192640302","2019-02-16T05:45:00.000+0000","CONCLUDED","2019 NAB AFLW Season","Round 3",3,"Blacktown ISP","GWS GIANTS","GWS GIANTS","Carlton","Carlton",21,"https://s.afl.com.au/staticfile/AFL Tenant/AFL/Players/ChampIDImages/AFLW/2019264/1001688.png?im=Scale,width=0.6,height=0.6","BPR","CD_I1001688",FALSE,21,"Pepa","Randall","CD_T7889",NA,82,0,0,NA,3,2,5,0,0,3,4,1,5,0,0,0,0,2,40,4,2,3,18,0,0,0,NA,NA,"2019-05-01T04:42:04.286+0000",1,4,0,0,NA,NA,NA,0,38,0,0,0,0,0,0,0,0,0,0,0,0,0,0,0,0,0,0,0,0,0,0,0,0,0,0,NA,NA,NA,"CD_I1001688",FALSE,21,"Pepa","Randall","home","GWS GIANTS"
"CD_M20192640302","2019-02-16T05:45:00.000+0000","CONCLUDED","2019 NAB AFLW Season","Round 3",3,"Blacktown ISP","GWS GIANTS","GWS GIANTS","Carlton","Carlton",14,"https://s.afl.com.au/staticfile/AFL Tenant/AFL/Players/ChampIDImages/AFLW/2019264/1003022.png?im=Scale,width=0.6,height=0.6","HBFR","CD_I1003022",FALSE,14,"Maddy","Collier","CD_T7889",NA,72,0,0,NA,2,3,5,0,0,0,2,4,6,0,0,0,0,1,60,3,1,1,10,0,0,0,NA,NA,"2019-05-01T04:42:04.286+0000",3,0,0,0,NA,NA,NA,1,46,0,1,1,0,0,0,0,0,0,0,0,0,0,0,0,0,0,0,0,0,0,0,0,0,0,0,NA,NA,NA,"CD_I1003022",FALSE,14,"Maddy","Collier","home","GWS GIANTS"
"CD_M20192640302","2019-02-16T05:45:00.000+0000","CONCLUDED","2019 NAB AFLW Season","Round 3",3,"Blacktown ISP","GWS GIANTS","GWS GIANTS","Carlton","Carlton",5,"https://s.afl.com.au/staticfile/AFL Tenant/AFL/Players/ChampIDImages/AFLW/2019264/1001681.png?im=Scale,width=0.6,height=0.6","FPR","CD_I1001681",FALSE,5,"Jodie","Hicks","CD_T7889",NA,69,0,0,NA,3,2,5,0,0,6,2,2,4,0,0,0,0,1,60,3,0,2,31,0,0,0,NA,NA,"2019-05-01T04:42:04.286+0000",2,0,1,0,NA,NA,NA,1,53,0,0,0,0,0,0,0,0,0,0,0,0,0,0,0,0,0,0,0,0,0,0,0,0,0,0,NA,NA,NA,"CD_I1001681",FALSE,5,"Jodie","Hicks","home","GWS GIANTS"
"CD_M20192640302","2019-02-16T05:45:00.000+0000","CONCLUDED","2019 NAB AFLW Season","Round 3",3,"Blacktown ISP","GWS GIANTS","GWS GIANTS","Carlton","Carlton",13,"https://s.afl.com.au/staticfile/AFL Tenant/AFL/Players/ChampIDImages/AFLW/2019264/1010666.png?im=Scale,width=0.6,height=0.6","FF","CD_I1010666",FALSE,13,"Cora","Staunton","CD_T7889",NA,100,1,0,NA,2,4,6,0,0,5,3,3,6,1,0,0,0,0,100,2,1,1,38,0,0,100,NA,NA,"2019-05-01T04:42:04.286+0000",1,0,3,1,NA,NA,NA,3,66,0,0,0,0,0,0,0,0,0,0,0,0,0,0,0,0,0,0,0,0,0,0,0,0,0,0,NA,NA,NA,"CD_I1010666",FALSE,13,"Cora","Staunton","home","GWS GIANTS"
"CD_M20192640302","2019-02-16T05:45:00.000+0000","CONCLUDED","2019 NAB AFLW Season","Round 3",3,"Blacktown ISP","GWS GIANTS","GWS GIANTS","Carlton","Carlton",18,"https://s.afl.com.au/staticfile/AFL Tenant/AFL/Players/ChampIDImages/AFLW/2019264/1005476.png?im=Scale,width=0.6,height=0.6","HBFL","CD_I1005476",FALSE,18,"Amanda","Farrugia","CD_T7889",NA,67,0,0,NA,2,2,4,1,0,2,2,3,5,0,0,0,0,2,50,2,0,1,18,0,0,0,NA,NA,"2019-05-01T04:42:04.286+0000",1,2,0,0,NA,NA,NA,0,66,0,0,0,0,0,0,0,0,0,0,0,0,0,0,0,0,0,0,0,0,0,0,0,0,0,0,NA,NA,NA,"CD_I1005476",FALSE,18,"Amanda","Farrugia","home","GWS GIANTS"
"CD_M20192640302","2019-02-16T05:45:00.000+0000","CONCLUDED","2019 NAB AFLW Season","Round 3",3,"Blacktown ISP","GWS GIANTS","GWS GIANTS","Carlton","Carlton",27,"https://s.afl.com.au/staticfile/AFL Tenant/AFL/Players/ChampIDImages/AFLW/2019264/1013935.png?im=Scale,width=0.6,height=0.6","HFFR","CD_I1013935",FALSE,27,"Yvonne","Bonner","CD_T7889",NA,100,1,2,NA,10,3,13,8,0,0,5,8,13,4,1,2,0,0,76.9,1,1,0,69,0,1,33.3,NA,NA,"2019-05-01T04:42:04.286+0000",1,0,0,3,NA,NA,NA,6,310,0,0,0,0,0,0,0,0,0,0,0,0,0,0,0,0,0,0,0,0,0,0,0,0,0,0,NA,NA,NA,"CD_I1013935",FALSE,27,"Yvonne","Bonner","home","GWS GIANTS"
"CD_M20192640302","2019-02-16T05:45:00.000+0000","CONCLUDED","2019 NAB AFLW Season","Round 3",3,"Blacktown ISP","GWS GIANTS","GWS GIANTS","Carlton","Carlton",7,"https://s.afl.com.au/staticfile/AFL Tenant/AFL/Players/ChampIDImages/AFLW/2019264/296137.png?im=Scale,width=0.6,height=0.6","RR","CD_I296137",FALSE,7,"Jessica","Dal Pos","CD_T7889",NA,87,0,0,NA,4,2,6,1,0,2,1,3,4,0,0,0,0,0,83.3,1,0,1,24,2,0,0,NA,NA,"2019-05-01T04:42:04.286+0000",0,0,0,0,NA,NA,NA,2,83,1,1,2,0,0,0,0,0,0,0,0,0,0,0,0,0,0,0,0,0,0,0,0,0,0,0,NA,NA,NA,"CD_I296137",FALSE,7,"Jessica","Dal Pos","home","GWS GIANTS"
"CD_M20192640302","2019-02-16T05:45:00.000+0000","CONCLUDED","2019 NAB AFLW Season","Round 3",3,"Blacktown ISP","GWS GIANTS","GWS GIANTS","Carlton","Carlton",26,"https://s.afl.com.au/staticfile/AFL Tenant/AFL/Players/ChampIDImages/AFLW/2019264/998043.png?im=Scale,width=0.6,height=0.6","R","CD_I998043",FALSE,26,"Courtney","Gum","CD_T7889",NA,82,0,0,NA,10,5,15,0,0,2,7,7,14,1,0,0,0,2,40,3,1,1,46,2,1,0,NA,NA,"2019-05-01T04:42:04.286+0000",3,2,0,1,NA,NA,NA,3,169,1,2,3,0,0,0,0,0,0,0,0,0,0,0,0,0,0,0,0,0,0,0,0,0,0,0,NA,NA,NA,"CD_I998043",FALSE,26,"Courtney","Gum","home","GWS GIANTS"
"CD_M20192640302","2019-02-16T05:45:00.000+0000","CONCLUDED","2019 NAB AFLW Season","Round 3",3,"Blacktown ISP","GWS GIANTS","GWS GIANTS","Carlton","Carlton",6,"https://s.afl.com.au/staticfile/AFL Tenant/AFL/Players/ChampIDImages/AFLW/2019264/1005453.png?im=Scale,width=0.6,height=0.6","HFFL","CD_I1005453",FALSE,6,"Rebecca","Beeson","CD_T7889",NA,93,0,0,NA,12,5,17,3,0,4,11,6,17,3,0,0,0,0,94.1,2,2,2,67,1,0,0,NA,NA,"2019-05-01T04:42:04.286+0000",3,2,0,0,NA,NA,NA,4,303,1,6,7,0,0,0,0,0,0,0,0,0,0,0,0,0,0,0,0,0,0,0,0,0,0,0,NA,NA,NA,"CD_I1005453",FALSE,6,"Rebecca","Beeson","home","GWS GIANTS"
"CD_M20192640302","2019-02-16T05:45:00.000+0000","CONCLUDED","2019 NAB AFLW Season","Round 3",3,"Blacktown ISP","GWS GIANTS","GWS GIANTS","Carlton","Carlton",12,"https://s.afl.com.au/staticfile/AFL Tenant/AFL/Players/ChampIDImages/AFLW/2019264/296141.png?im=Scale,width=0.6,height=0.6","CHB","CD_I296141",FALSE,12,"Louise","Stephenson","CD_T7889",NA,72,0,0,NA,6,5,11,1,0,2,7,4,11,0,0,0,4,1,54.5,3,1,2,38,0,0,0,NA,NA,"2019-05-01T04:42:04.286+0000",2,6,1,1,NA,NA,NA,1,166,0,2,2,0,0,0,0,0,0,0,0,0,0,0,0,0,0,0,0,0,0,0,0,0,0,0,NA,NA,NA,"CD_I296141",FALSE,12,"Louise","Stephenson","home","GWS GIANTS"
"CD_M20192640302","2019-02-16T05:45:00.000+0000","CONCLUDED","2019 NAB AFLW Season","Round 3",3,"Blacktown ISP","GWS GIANTS","GWS GIANTS","Carlton","Carlton",1,"https://s.afl.com.au/staticfile/AFL Tenant/AFL/Players/ChampIDImages/AFLW/2019264/1005489.png?im=Scale,width=0.6,height=0.6","FB","CD_I1005489",FALSE,1,"Renee","Tomkins","CD_T7889",NA,53,0,0,NA,2,0,2,0,0,1,1,0,1,0,0,0,0,0,50,1,1,0,11,1,0,0,NA,NA,"2019-05-01T04:42:04.286+0000",2,1,0,0,NA,NA,NA,0,33,0,0,0,0,0,0,0,0,0,0,0,0,0,0,0,0,0,0,0,0,0,0,0,0,0,0,NA,NA,NA,"CD_I1005489",FALSE,1,"Renee","Tomkins","home","GWS GIANTS"
"CD_M20192640302","2019-02-16T05:45:00.000+0000","CONCLUDED","2019 NAB AFLW Season","Round 3",3,"Blacktown ISP","GWS GIANTS","GWS GIANTS","Carlton","Carlton",9,"https://s.afl.com.au/staticfile/AFL Tenant/AFL/Players/ChampIDImages/AFLW/2019264/997684.png?im=Scale,width=0.6,height=0.6","CHF","CD_I997684",FALSE,9,"Tanya","Hetherington","CD_T7889",NA,100,0,0,NA,7,0,7,1,1,0,0,2,2,0,0,0,0,3,85.7,1,0,0,24,4,0,0,NA,NA,"2019-05-01T04:42:04.286+0000",2,2,0,0,NA,NA,NA,0,185,0,0,0,0,0,0,0,0,0,0,0,0,0,0,0,0,0,0,0,0,0,0,0,0,0,0,NA,NA,NA,"CD_I997684",FALSE,9,"Tanya","Hetherington","home","GWS GIANTS"
"CD_M20192640302","2019-02-16T05:45:00.000+0000","CONCLUDED","2019 NAB AFLW Season","Round 3",3,"Blacktown ISP","GWS GIANTS","GWS GIANTS","Carlton","Carlton",10,"https://s.afl.com.au/staticfile/AFL Tenant/AFL/Players/ChampIDImages/AFLW/2019264/1007148.png?im=Scale,width=0.6,height=0.6","BPL","CD_I1007148",FALSE,10,"Ellie","Brush","CD_T7889",NA,100,0,0,NA,5,5,10,1,0,1,5,4,9,1,0,0,0,2,50,2,1,0,33,3,0,0,NA,NA,"2019-05-01T04:42:04.286+0000",2,6,0,0,NA,NA,NA,0,151,0,0,0,0,0,0,0,0,0,0,0,0,0,0,0,0,0,0,0,0,0,0,0,0,0,0,NA,NA,NA,"CD_I1007148",FALSE,10,"Ellie","Brush","home","GWS GIANTS"
"CD_M20192640302","2019-02-16T05:45:00.000+0000","CONCLUDED","2019 NAB AFLW Season","Round 3",3,"Blacktown ISP","GWS GIANTS","GWS GIANTS","Carlton","Carlton",2,"https://s.afl.com.au/staticfile/AFL Tenant/AFL/Players/ChampIDImages/AFLW/2019264/998029.png?im=Scale,width=0.6,height=0.6","C","CD_I998029",FALSE,2,"Alicia","Eva","CD_T7889",NA,75,0,1,NA,7,4,11,0,0,2,4,7,11,1,0,0,0,0,45.5,4,0,0,38,1,0,0,NA,NA,"2019-05-01T04:42:04.286+0000",0,0,0,1,NA,NA,NA,2,150,0,1,1,0,0,0,0,0,0,0,0,0,0,0,0,0,0,0,0,0,0,0,0,0,0,0,NA,NA,NA,"CD_I998029",FALSE,2,"Alicia","Eva","home","GWS GIANTS"
"CD_M20192640302","2019-02-16T05:45:00.000+0000","CONCLUDED","2019 NAB AFLW Season","Round 3",3,"Blacktown ISP","GWS GIANTS","GWS GIANTS","Carlton","Carlton",12,"https://s.afl.com.au/staticfile/AFL Tenant/AFL/Players/ChampIDImages/AFLW/2019264/1006996.png?im=Scale,width=0.6,height=0.6","INT","CD_I1006996",FALSE,12,"Lauren","Brazzale","CD_T8096",NA,59,0,0,NA,1,0,1,1,0,1,0,1,1,0,0,0,0,0,100,0,0,0,10,0,0,0,NA,NA,"2019-05-01T04:42:04.286+0000",0,0,0,0,NA,NA,NA,0,34,0,0,0,0,0,0,0,0,0,0,0,0,0,0,0,0,0,0,0,0,0,0,0,0,0,0,NA,NA,NA,"CD_I1006996",FALSE,12,"Lauren","Brazzale","away","Carlton"
"CD_M20192640302","2019-02-16T05:45:00.000+0000","CONCLUDED","2019 NAB AFLW Season","Round 3",3,"Blacktown ISP","GWS GIANTS","GWS GIANTS","Carlton","Carlton",11,"https://s.afl.com.au/staticfile/AFL Tenant/AFL/Players/ChampIDImages/AFLW/2019264/1005865.png?im=Scale,width=0.6,height=0.6","BPR","CD_I1005865",FALSE,11,"Jess","Hosking","CD_T8096",NA,83,0,0,NA,3,2,5,1,0,1,2,2,4,1,0,0,0,2,80,1,0,1,17,1,0,0,NA,NA,"2019-05-01T04:42:04.286+0000",1,3,0,0,NA,NA,NA,0,73,0,0,0,0,0,0,0,0,0,0,0,0,0,0,0,0,0,0,0,0,0,0,0,0,0,0,NA,NA,NA,"CD_I1005865",FALSE,11,"Jess","Hosking","away","Carlton"
"CD_M20192640302","2019-02-16T05:45:00.000+0000","CONCLUDED","2019 NAB AFLW Season","Round 3",3,"Blacktown ISP","GWS GIANTS","GWS GIANTS","Carlton","Carlton",16,"https://s.afl.com.au/staticfile/AFL Tenant/AFL/Players/ChampIDImages/AFLW/2019264/1007023.png?im=Scale,width=0.6,height=0.6","R","CD_I1007023",FALSE,16,"Breann","Moody","CD_T8096",NA,80,0,0,NA,1,0,1,0,0,2,1,0,1,0,0,0,17,1,0,1,0,0,28,1,0,0,NA,NA,"2019-05-01T04:42:04.286+0000",1,0,1,1,NA,NA,NA,0,19,0,0,0,0,0,0,0,0,0,0,0,0,0,0,0,0,0,0,0,0,0,0,0,0,0,0,NA,NA,NA,"CD_I1007023",FALSE,16,"Breann","Moody","away","Carlton"
"CD_M20192640302","2019-02-16T05:45:00.000+0000","CONCLUDED","2019 NAB AFLW Season","Round 3",3,"Blacktown ISP","GWS GIANTS","GWS GIANTS","Carlton","Carlton",36,"https://s.afl.com.au/staticfile/AFL Tenant/AFL/Players/ChampIDImages/AFLW/2019264/1012659.png?im=Scale,width=0.6,height=0.6","CHB","CD_I1012659",FALSE,36,"Jayde","Van Dyk","CD_T8096",NA,87,0,0,NA,8,2,10,3,1,4,2,8,10,1,0,0,0,3,60,0,0,0,53,2,0,0,NA,NA,"2019-05-01T04:42:04.286+0000",2,3,0,0,NA,NA,NA,1,198,0,0,0,0,0,0,0,0,0,0,0,0,0,0,0,0,0,0,0,0,0,0,0,0,0,0,NA,NA,NA,"CD_I1012659",FALSE,36,"Jayde","Van Dyk","away","Carlton"
"CD_M20192640302","2019-02-16T05:45:00.000+0000","CONCLUDED","2019 NAB AFLW Season","Round 3",3,"Blacktown ISP","GWS GIANTS","GWS GIANTS","Carlton","Carlton",1,"https://s.afl.com.au/staticfile/AFL Tenant/AFL/Players/ChampIDImages/AFLW/2019264/1003020.png?im=Scale,width=0.6,height=0.6","C","CD_I1003020",FALSE,1,"Brianna","Davey","CD_T8096",NA,69,0,0,NA,10,6,16,7,1,2,6,10,16,0,0,1,0,1,81.3,1,0,0,71,1,0,0,NA,NA,"2019-05-01T04:42:04.286+0000",0,5,0,0,NA,NA,NA,3,277,0,2,2,0,0,0,0,0,0,0,0,0,0,0,0,0,0,0,0,0,0,0,0,0,0,0,NA,NA,NA,"CD_I1003020",FALSE,1,"Brianna","Davey","away","Carlton"
"CD_M20192640302","2019-02-16T05:45:00.000+0000","CONCLUDED","2019 NAB AFLW Season","Round 3",3,"Blacktown ISP","GWS GIANTS","GWS GIANTS","Carlton","Carlton",19,"https://s.afl.com.au/staticfile/AFL Tenant/AFL/Players/ChampIDImages/AFLW/2019264/997745.png?im=Scale,width=0.6,height=0.6","HFFR","CD_I997745",FALSE,19,"Georgia","Gee","CD_T8096",NA,71,1,0,NA,8,6,14,2,0,6,3,10,13,5,1,0,0,2,64.3,1,0,0,72,0,0,100,NA,NA,"2019-05-01T04:42:04.286+0000",4,3,3,1,NA,NA,NA,4,199,1,0,1,0,0,0,0,0,0,0,0,0,0,0,0,0,0,0,0,0,0,0,0,0,0,0,NA,NA,NA,"CD_I997745",FALSE,19,"Georgia","Gee","away","Carlton"
"CD_M20192640302","2019-02-16T05:45:00.000+0000","CONCLUDED","2019 NAB AFLW Season","Round 3",3,"Blacktown ISP","GWS GIANTS","GWS GIANTS","Carlton","Carlton",3,"https://s.afl.com.au/staticfile/AFL Tenant/AFL/Players/ChampIDImages/AFLW/2019264/997663.png?im=Scale,width=0.6,height=0.6","FF","CD_I997663",FALSE,3,"Darcy","Vescio","CD_T8096",NA,78,1,1,NA,5,2,7,1,0,2,6,1,7,1,1,1,0,1,71.4,1,2,1,36,0,2,50,NA,NA,"2019-05-01T04:42:04.286+0000",1,1,2,2,NA,NA,NA,6,71,0,0,0,0,0,0,0,0,0,0,0,0,0,0,0,0,0,0,0,0,0,0,0,0,0,0,NA,NA,NA,"CD_I997663",FALSE,3,"Darcy","Vescio","away","Carlton"
"CD_M20192640302","2019-02-16T05:45:00.000+0000","CONCLUDED","2019 NAB AFLW Season","Round 3",3,"Blacktown ISP","GWS GIANTS","GWS GIANTS","Carlton","Carlton",6,"https://s.afl.com.au/staticfile/AFL Tenant/AFL/Players/ChampIDImages/AFLW/2019264/1007026.png?im=Scale,width=0.6,height=0.6","HBFR","CD_I1007026",FALSE,6,"Gabriella","Pound","CD_T8096",NA,85,1,0,NA,7,2,9,3,0,3,4,5,9,1,0,1,0,0,77.8,1,2,0,54,2,0,100,NA,NA,"2019-05-01T04:42:04.286+0000",1,2,0,1,NA,NA,NA,2,137,0,1,1,0,0,0,0,0,0,0,0,0,0,0,0,0,0,0,0,0,0,0,0,0,0,0,NA,NA,NA,"CD_I1007026",FALSE,6,"Gabriella","Pound","away","Carlton"
"CD_M20192640302","2019-02-16T05:45:00.000+0000","CONCLUDED","2019 NAB AFLW Season","Round 3",3,"Blacktown ISP","GWS GIANTS","GWS GIANTS","Carlton","Carlton",32,"https://s.afl.com.au/staticfile/AFL Tenant/AFL/Players/ChampIDImages/AFLW/2019264/1007025.png?im=Scale,width=0.6,height=0.6","FPL","CD_I1007025",FALSE,32,"Natalie","Plane","CD_T8096",NA,81,0,0,NA,2,1,3,1,0,2,4,1,5,1,0,0,0,0,100,1,1,1,17,0,0,0,NA,NA,"2019-05-01T04:42:04.286+0000",1,1,0,0,NA,NA,NA,2,58,0,0,0,0,0,0,0,0,0,0,0,0,0,0,0,0,0,0,0,0,0,0,0,0,0,0,NA,NA,NA,"CD_I1007025",FALSE,32,"Natalie","Plane","away","Carlton"
"CD_M20192640302","2019-02-16T05:45:00.000+0000","CONCLUDED","2019 NAB AFLW Season","Round 3",3,"Blacktown ISP","GWS GIANTS","GWS GIANTS","Carlton","Carlton",2,"https://s.afl.com.au/staticfile/AFL Tenant/AFL/Players/ChampIDImages/AFLW/2019264/1007016.png?im=Scale,width=0.6,height=0.6","INT","CD_I1007016",FALSE,2,"Katie","Loynes","CD_T8096",NA,63,0,0,NA,9,0,9,4,0,6,4,5,9,3,0,1,0,0,44.4,4,2,2,59,0,0,0,NA,NA,"2019-05-01T04:42:04.286+0000",2,0,3,0,NA,NA,NA,2,266,0,2,2,0,0,0,0,0,0,0,0,0,0,0,0,0,0,0,0,0,0,0,0,0,0,0,NA,NA,NA,"CD_I1007016",FALSE,2,"Katie","Loynes","away","Carlton"
"CD_M20192640302","2019-02-16T05:45:00.000+0000","CONCLUDED","2019 NAB AFLW Season","Round 3",3,"Blacktown ISP","GWS GIANTS","GWS GIANTS","Carlton","Carlton",21,"https://s.afl.com.au/staticfile/AFL Tenant/AFL/Players/ChampIDImages/AFLW/2019264/998164.png?im=Scale,width=0.6,height=0.6","HBFL","CD_I998164",FALSE,21,"Nicola","Stevens","CD_T8096",NA,92,0,0,NA,3,2,5,0,0,0,1,3,4,0,0,0,0,5,80,1,0,0,13,2,0,0,NA,NA,"2019-05-01T04:42:04.286+0000",2,2,0,0,NA,NA,NA,0,77,0,0,0,0,0,0,0,0,0,0,0,0,0,0,0,0,0,0,0,0,0,0,0,0,0,0,NA,NA,NA,"CD_I998164",FALSE,21,"Nicola","Stevens","away","Carlton"
"CD_M20192640302","2019-02-16T05:45:00.000+0000","CONCLUDED","2019 NAB AFLW Season","Round 3",3,"Blacktown ISP","GWS GIANTS","GWS GIANTS","Carlton","Carlton",7,"https://s.afl.com.au/staticfile/AFL Tenant/AFL/Players/ChampIDImages/AFLW/2019264/998039.png?im=Scale,width=0.6,height=0.6","CHF","CD_I998039",FALSE,7,"Tayla","Harris","CD_T8096",NA,90,3,1,NA,8,1,9,6,1,1,7,2,9,4,3,4,0,0,66.7,4,1,3,59,0,1,60,NA,NA,"2019-05-01T04:42:04.286+0000",4,0,1,5,NA,NA,NA,6,202,0,0,0,0,0,0,0,0,0,0,0,0,0,0,0,0,0,0,0,0,0,0,0,0,0,0,NA,NA,NA,"CD_I998039",FALSE,7,"Tayla","Harris","away","Carlton"
"CD_M20192640302","2019-02-16T05:45:00.000+0000","CONCLUDED","2019 NAB AFLW Season","Round 3",3,"Blacktown ISP","GWS GIANTS","GWS GIANTS","Carlton","Carlton",9,"https://s.afl.com.au/staticfile/AFL Tenant/AFL/Players/ChampIDImages/AFLW/2019264/1009977.png?im=Scale,width=0.6,height=0.6","FB","CD_I1009977",FALSE,9,"Kerryn","Harrington","CD_T8096",NA,84,0,0,NA,8,6,14,2,1,1,4,9,13,0,0,0,0,0,64.3,2,0,1,43,1,0,0,NA,NA,"2019-05-01T04:42:04.286+0000",2,5,0,0,NA,NA,NA,0,151,0,0,0,0,0,0,0,0,0,0,0,0,0,0,0,0,0,0,0,0,0,0,0,0,0,0,NA,NA,NA,"CD_I1009977",FALSE,9,"Kerryn","Harrington","away","Carlton"
"CD_M20192640302","2019-02-16T05:45:00.000+0000","CONCLUDED","2019 NAB AFLW Season","Round 3",3,"Blacktown ISP","GWS GIANTS","GWS GIANTS","Carlton","Carlton",4,"https://s.afl.com.au/staticfile/AFL Tenant/AFL/Players/ChampIDImages/AFLW/2019264/1009885.png?im=Scale,width=0.6,height=0.6","HFFL","CD_I1009885",FALSE,4,"Madison","Prespakis","CD_T8096",NA,89,3,1,NA,14,7,21,4,0,2,14,7,21,3,1,0,0,0,76.2,5,3,2,92,1,2,75,NA,NA,"2019-05-01T04:42:04.286+0000",2,2,0,4,NA,NA,NA,8,330,1,6,7,0,0,0,0,0,0,0,0,0,0,0,0,0,0,0,0,0,0,0,0,0,0,0,NA,NA,NA,"CD_I1009885",FALSE,4,"Madison","Prespakis","away","Carlton"
"CD_M20192640302","2019-02-16T05:45:00.000+0000","CONCLUDED","2019 NAB AFLW Season","Round 3",3,"Blacktown ISP","GWS GIANTS","GWS GIANTS","Carlton","Carlton",25,"https://s.afl.com.au/staticfile/AFL Tenant/AFL/Players/ChampIDImages/AFLW/2019264/1005278.png?im=Scale,width=0.6,height=0.6","FPR","CD_I1005278",FALSE,25,"Jessica","Edwards","CD_T8096",NA,80,0,0,NA,9,5,14,3,0,3,2,11,13,4,0,0,0,0,64.3,1,0,1,55,1,0,0,NA,NA,"2019-05-01T04:42:04.286+0000",5,3,0,0,NA,NA,NA,3,280,0,0,0,0,0,0,0,0,0,0,0,0,0,0,0,0,0,0,0,0,0,0,0,0,0,0,NA,NA,NA,"CD_I1005278",FALSE,25,"Jessica","Edwards","away","Carlton"
"CD_M20192640302","2019-02-16T05:45:00.000+0000","CONCLUDED","2019 NAB AFLW Season","Round 3",3,"Blacktown ISP","GWS GIANTS","GWS GIANTS","Carlton","Carlton",30,"https://s.afl.com.au/staticfile/AFL Tenant/AFL/Players/ChampIDImages/AFLW/2019264/1007003.png?im=Scale,width=0.6,height=0.6","RK","CD_I1007003",FALSE,30,"Alison","Downie","CD_T8096",NA,75,1,0,NA,2,8,10,1,0,0,5,5,10,0,1,0,17,1,90,1,1,0,49,1,0,100,NA,NA,"2019-05-01T04:42:04.286+0000",1,2,0,1,NA,NA,NA,4,66,2,1,3,0,0,0,0,0,0,0,0,0,0,0,0,0,0,0,0,0,0,0,0,0,0,0,NA,NA,NA,"CD_I1007003",FALSE,30,"Alison","Downie","away","Carlton"
"CD_M20192640302","2019-02-16T05:45:00.000+0000","CONCLUDED","2019 NAB AFLW Season","Round 3",3,"Blacktown ISP","GWS GIANTS","GWS GIANTS","Carlton","Carlton",15,"https://s.afl.com.au/staticfile/AFL Tenant/AFL/Players/ChampIDImages/AFLW/2019264/1012549.png?im=Scale,width=0.6,height=0.6","BPL","CD_I1012549",FALSE,15,"Chloe","Dalton","CD_T8096",NA,72,0,1,NA,7,3,10,2,0,2,3,7,10,4,1,0,0,4,70,2,1,1,40,0,0,0,NA,NA,"2019-05-01T04:42:04.286+0000",2,4,0,1,NA,NA,NA,3,277,0,2,2,0,0,0,0,0,0,0,0,0,0,0,0,0,0,0,0,0,0,0,0,0,0,0,NA,NA,NA,"CD_I1012549",FALSE,15,"Chloe","Dalton","away","Carlton"
"CD_M20192640302","2019-02-16T05:45:00.000+0000","CONCLUDED","2019 NAB AFLW Season","Round 3",3,"Blacktown ISP","GWS GIANTS","GWS GIANTS","Carlton","Carlton",13,"https://s.afl.com.au/staticfile/AFL Tenant/AFL/Players/ChampIDImages/AFLW/2019264/998042.png?im=Scale,width=0.6,height=0.6","INT","CD_I998042",FALSE,13,"Kirby","Bentley","CD_T8096",NA,68,0,0,NA,2,2,4,1,0,2,1,2,3,0,0,0,0,1,100,2,0,2,15,1,0,0,NA,NA,"2019-05-01T04:42:04.286+0000",0,1,0,0,NA,NA,NA,0,44,0,0,0,0,0,0,0,0,0,0,0,0,0,0,0,0,0,0,0,0,0,0,0,0,0,0,NA,NA,NA,"CD_I998042",FALSE,13,"Kirby","Bentley","away","Carlton"
"CD_M20192640302","2019-02-16T05:45:00.000+0000","CONCLUDED","2019 NAB AFLW Season","Round 3",3,"Blacktown ISP","GWS GIANTS","GWS GIANTS","Carlton","Carlton",10,"https://s.afl.com.au/staticfile/AFL Tenant/AFL/Players/ChampIDImages/AFLW/2019264/1006666.png?im=Scale,width=0.6,height=0.6","INT","CD_I1006666",FALSE,10,"Sarah","Hosking","CD_T8096",NA,58,0,1,NA,6,3,9,0,0,1,6,3,9,2,0,0,0,1,66.7,1,4,1,30,0,0,0,NA,NA,"2019-05-01T04:42:04.286+0000",1,1,0,1,NA,NA,NA,2,176,2,3,5,0,0,0,0,0,0,0,0,0,0,0,0,0,0,0,0,0,0,0,0,0,0,0,NA,NA,NA,"CD_I1006666",FALSE,10,"Sarah","Hosking","away","Carlton"
"CD_M20192640302","2019-02-16T05:45:00.000+0000","CONCLUDED","2019 NAB AFLW Season","Round 3",3,"Blacktown ISP","GWS GIANTS","GWS GIANTS","Carlton","Carlton",8,"https://s.afl.com.au/staticfile/AFL Tenant/AFL/Players/ChampIDImages/AFLW/2019264/997683.png?im=Scale,width=0.6,height=0.6","RR","CD_I997683",FALSE,8,"Amelia","Mullane","CD_T8096",NA,61,0,0,NA,3,4,7,0,0,8,6,2,8,0,0,0,0,1,42.9,3,3,2,46,1,0,0,NA,NA,"2019-05-01T04:42:04.286+0000",2,0,0,0,NA,NA,NA,0,66,3,1,4,0,0,0,0,0,0,0,0,0,0,0,0,0,0,0,0,0,0,0,0,0,0,0,NA,NA,NA,"CD_I997683",FALSE,8,"Amelia","Mullane","away","Carlton"
"CD_M20192640302","2019-02-16T05:45:00.000+0000","CONCLUDED","2019 NAB AFLW Season","Round 3",3,"Blacktown ISP","GWS GIANTS","GWS GIANTS","Carlton","Carlton",14,"https://s.afl.com.au/staticfile/AFL Tenant/AFL/Players/ChampIDImages/AFLW/2019264/1012558.png?im=Scale,width=0.6,height=0.6","INT","CD_I1012558",FALSE,14,"Brooke","Walker","CD_T8096",NA,75,0,0,NA,6,3,9,2,0,1,3,6,9,3,0,0,0,0,55.6,3,0,0,34,0,1,0,NA,NA,"2019-05-01T04:42:04.286+0000",3,0,0,0,NA,NA,NA,3,67,0,0,0,0,0,0,0,0,0,0,0,0,0,0,0,0,0,0,0,0,0,0,0,0,0,0,NA,NA,NA,"CD_I1012558",FALSE,14,"Brooke","Walker","away","Carlton"
"CD_M20192640303","2019-02-16T08:10:00.000+0000","CONCLUDED","2019 NAB AFLW Season","Round 3",3,"Fremantle Oval","Fremantle","Fremantle","Collingwood","Collingwood",5,"https://s.afl.com.au/staticfile/AFL Tenant/AFL/Players/ChampIDImages/AFLW/2019264/1005429.png?im=Scale,width=0.6,height=0.6","FB","CD_I1005429",FALSE,5,"Tayla","Bresland","CD_T7886",NA,81,0,0,NA,8,2,10,0,0,1,4,4,8,1,0,0,0,6,60,3,2,0,34,3,0,0,NA,NA,"2019-05-01T04:43:08.397+0000",5,5,0,0,NA,NA,NA,0,236,0,0,0,0,0,0,0,0,0,0,0,0,0,0,0,0,0,0,0,0,0,0,0,0,0,0,NA,NA,NA,"CD_I1005429",FALSE,5,"Tayla","Bresland","home","Fremantle"
"CD_M20192640303","2019-02-16T08:10:00.000+0000","CONCLUDED","2019 NAB AFLW Season","Round 3",3,"Fremantle Oval","Fremantle","Fremantle","Collingwood","Collingwood",8,"https://s.afl.com.au/staticfile/AFL Tenant/AFL/Players/ChampIDImages/AFLW/2019264/1010656.png?im=Scale,width=0.6,height=0.6","BPL","CD_I1010656",FALSE,8,"Evangeline","Gooch","CD_T7886",NA,77,0,0,NA,4,0,4,1,0,2,2,0,2,1,0,1,0,2,75,5,1,2,18,2,0,0,NA,NA,"2019-05-01T04:43:08.397+0000",1,2,0,0,NA,NA,NA,1,133,0,0,0,0,0,0,0,0,0,0,0,0,0,0,0,0,0,0,0,0,0,0,0,0,0,0,NA,NA,NA,"CD_I1010656",FALSE,8,"Evangeline","Gooch","home","Fremantle"
"CD_M20192640303","2019-02-16T08:10:00.000+0000","CONCLUDED","2019 NAB AFLW Season","Round 3",3,"Fremantle Oval","Fremantle","Fremantle","Collingwood","Collingwood",20,"https://s.afl.com.au/staticfile/AFL Tenant/AFL/Players/ChampIDImages/AFLW/2019264/1006997.png?im=Scale,width=0.6,height=0.6","HBFR","CD_I1006997",FALSE,20,"Stephanie","Cain","CD_T7886",NA,80,0,0,NA,8,6,14,2,1,4,3,10,13,2,0,0,0,0,57.1,4,0,1,55,2,0,0,NA,NA,"2019-05-01T04:43:08.397+0000",2,3,0,0,NA,NA,NA,3,271,1,0,1,0,0,0,0,0,0,0,0,0,0,0,0,0,0,0,0,0,0,0,0,0,0,0,NA,NA,NA,"CD_I1006997",FALSE,20,"Stephanie","Cain","home","Fremantle"
"CD_M20192640303","2019-02-16T08:10:00.000+0000","CONCLUDED","2019 NAB AFLW Season","Round 3",3,"Fremantle Oval","Fremantle","Fremantle","Collingwood","Collingwood",55,"https://s.afl.com.au/staticfile/AFL Tenant/AFL/Players/ChampIDImages/AFLW/2019264/1013936.png?im=Scale,width=0.6,height=0.6","INT","CD_I1013936",FALSE,55,"Brianna","Moyes","CD_T7886",NA,8,0,0,NA,0,0,0,0,0,0,0,0,0,0,0,0,0,0,0,0,0,0,0,0,0,0,NA,NA,"2019-05-01T04:43:08.397+0000",0,0,0,0,NA,NA,NA,0,0,0,0,0,0,0,0,0,0,0,0,0,0,0,0,0,0,0,0,0,0,0,0,0,0,0,0,NA,NA,NA,"CD_I1013936",FALSE,55,"Brianna","Moyes","home","Fremantle"
"CD_M20192640303","2019-02-16T08:10:00.000+0000","CONCLUDED","2019 NAB AFLW Season","Round 3",3,"Fremantle Oval","Fremantle","Fremantle","Collingwood","Collingwood",32,"https://s.afl.com.au/staticfile/AFL Tenant/AFL/Players/ChampIDImages/AFLW/2019264/1005437.png?im=Scale,width=0.6,height=0.6","INT","CD_I1005437",FALSE,32,"Laura","Pugh","CD_T7886",NA,77,0,0,NA,8,1,9,1,0,0,4,5,9,1,0,0,0,3,33.3,2,0,0,29,3,0,0,NA,NA,"2019-05-01T04:43:08.397+0000",3,6,0,0,NA,NA,NA,1,239,0,0,0,0,0,0,0,0,0,0,0,0,0,0,0,0,0,0,0,0,0,0,0,0,0,0,NA,NA,NA,"CD_I1005437",FALSE,32,"Laura","Pugh","home","Fremantle"
"CD_M20192640303","2019-02-16T08:10:00.000+0000","CONCLUDED","2019 NAB AFLW Season","Round 3",3,"Fremantle Oval","Fremantle","Fremantle","Collingwood","Collingwood",12,"https://s.afl.com.au/staticfile/AFL Tenant/AFL/Players/ChampIDImages/AFLW/2019264/1001682.png?im=Scale,width=0.6,height=0.6","CHB","CD_I1001682",FALSE,12,"Ebony","Antonio","CD_T7886",NA,83,2,0,NA,7,4,11,0,1,2,7,6,13,2,0,0,0,4,63.6,5,1,2,44,1,0,66.7,NA,NA,"2019-05-01T04:43:08.397+0000",5,3,0,3,NA,NA,NA,3,191,0,0,0,0,0,0,0,0,0,0,0,0,0,0,0,0,0,0,0,0,0,0,0,0,0,0,NA,NA,NA,"CD_I1001682",FALSE,12,"Ebony","Antonio","home","Fremantle"
"CD_M20192640303","2019-02-16T08:10:00.000+0000","CONCLUDED","2019 NAB AFLW Season","Round 3",3,"Fremantle Oval","Fremantle","Fremantle","Collingwood","Collingwood",37,"https://s.afl.com.au/staticfile/AFL Tenant/AFL/Players/ChampIDImages/AFLW/2019264/1010661.png?im=Scale,width=0.6,height=0.6","INT","CD_I1010661",FALSE,37,"Ashlee","Atkins","CD_T7886",NA,67,0,1,NA,9,4,13,1,0,2,8,5,13,4,1,0,1,0,38.5,3,5,0,53,0,1,0,NA,NA,"2019-05-01T04:43:08.397+0000",3,2,0,2,NA,NA,NA,4,223,0,2,2,0,0,0,0,0,0,0,0,0,0,0,0,0,0,0,0,0,0,0,0,0,0,0,NA,NA,NA,"CD_I1010661",FALSE,37,"Ashlee","Atkins","home","Fremantle"
"CD_M20192640303","2019-02-16T08:10:00.000+0000","CONCLUDED","2019 NAB AFLW Season","Round 3",3,"Fremantle Oval","Fremantle","Fremantle","Collingwood","Collingwood",18,"https://s.afl.com.au/staticfile/AFL Tenant/AFL/Players/ChampIDImages/AFLW/2019264/1012248.png?im=Scale,width=0.6,height=0.6","C","CD_I1012248",FALSE,18,"Philipa","Seth","CD_T7886",NA,100,0,0,NA,4,5,9,1,0,2,6,3,9,0,0,1,0,1,55.6,4,0,1,30,3,0,0,NA,NA,"2019-05-01T04:43:08.397+0000",5,6,0,0,NA,NA,NA,1,79,0,0,0,0,0,0,0,0,0,0,0,0,0,0,0,0,0,0,0,0,0,0,0,0,0,0,NA,NA,NA,"CD_I1012248",FALSE,18,"Philipa","Seth","home","Fremantle"
"CD_M20192640303","2019-02-16T08:10:00.000+0000","CONCLUDED","2019 NAB AFLW Season","Round 3",3,"Fremantle Oval","Fremantle","Fremantle","Collingwood","Collingwood",1,"https://s.afl.com.au/staticfile/AFL Tenant/AFL/Players/ChampIDImages/AFLW/2019264/1005416.png?im=Scale,width=0.6,height=0.6","FF","CD_I1005416",FALSE,1,"Ashley","Sharp","CD_T7886",NA,89,0,3,NA,4,2,6,0,2,1,4,2,6,2,0,0,0,1,33.3,0,0,0,23,0,1,0,NA,NA,"2019-05-01T04:43:08.397+0000",0,0,1,3,NA,NA,NA,5,170,0,0,0,0,0,0,0,0,0,0,0,0,0,0,0,0,0,0,0,0,0,0,0,0,0,0,NA,NA,NA,"CD_I1005416",FALSE,1,"Ashley","Sharp","home","Fremantle"
"CD_M20192640303","2019-02-16T08:10:00.000+0000","CONCLUDED","2019 NAB AFLW Season","Round 3",3,"Fremantle Oval","Fremantle","Fremantle","Collingwood","Collingwood",9,"https://s.afl.com.au/staticfile/AFL Tenant/AFL/Players/ChampIDImages/AFLW/2019264/1005431.png?im=Scale,width=0.6,height=0.6","HBFL","CD_I1005431",FALSE,9,"Alex","Williams","CD_T7886",NA,71,0,0,NA,4,1,5,0,0,1,3,2,5,1,0,0,0,3,40,0,1,0,19,1,0,0,NA,NA,"2019-05-01T04:43:08.397+0000",3,3,0,0,NA,NA,NA,0,98,0,0,0,0,0,0,0,0,0,0,0,0,0,0,0,0,0,0,0,0,0,0,0,0,0,0,NA,NA,NA,"CD_I1005431",FALSE,9,"Alex","Williams","home","Fremantle"
"CD_M20192640303","2019-02-16T08:10:00.000+0000","CONCLUDED","2019 NAB AFLW Season","Round 3",3,"Fremantle Oval","Fremantle","Fremantle","Collingwood","Collingwood",15,"https://s.afl.com.au/staticfile/AFL Tenant/AFL/Players/ChampIDImages/AFLW/2019264/998036.png?im=Scale,width=0.6,height=0.6","R","CD_I998036",FALSE,15,"Kara","Donnellan","CD_T7886",NA,82,0,0,NA,13,6,19,1,0,6,12,6,18,5,0,0,0,4,68.4,4,5,0,83,1,0,0,NA,NA,"2019-05-01T04:43:08.397+0000",6,7,0,1,NA,NA,NA,3,311,1,5,6,0,0,0,0,0,0,0,0,0,0,0,0,0,0,0,0,0,0,0,0,0,0,0,NA,NA,NA,"CD_I998036",FALSE,15,"Kara","Donnellan","home","Fremantle"
"CD_M20192640303","2019-02-16T08:10:00.000+0000","CONCLUDED","2019 NAB AFLW Season","Round 3",3,"Fremantle Oval","Fremantle","Fremantle","Collingwood","Collingwood",27,"https://s.afl.com.au/staticfile/AFL Tenant/AFL/Players/ChampIDImages/AFLW/2019264/1007141.png?im=Scale,width=0.6,height=0.6","CHF","CD_I1007141",FALSE,27,"Gemma","Houghton","CD_T7886",NA,90,0,0,NA,6,4,10,2,0,8,7,4,11,3,1,1,2,4,60,1,1,0,67,0,1,0,NA,NA,"2019-05-01T04:43:08.397+0000",4,1,4,2,NA,NA,NA,4,173,0,0,0,0,0,0,0,0,0,0,0,0,0,0,0,0,0,0,0,0,0,0,0,0,0,0,NA,NA,NA,"CD_I1007141",FALSE,27,"Gemma","Houghton","home","Fremantle"
"CD_M20192640303","2019-02-16T08:10:00.000+0000","CONCLUDED","2019 NAB AFLW Season","Round 3",3,"Fremantle Oval","Fremantle","Fremantle","Collingwood","Collingwood",10,"https://s.afl.com.au/staticfile/AFL Tenant/AFL/Players/ChampIDImages/AFLW/2019264/998152.png?im=Scale,width=0.6,height=0.6","FPR","CD_I998152",FALSE,10,"Melissa","Caulfield","CD_T7886",NA,73,0,0,NA,8,2,10,1,0,4,4,6,10,3,0,0,0,0,50,3,2,1,46,1,0,0,NA,NA,"2019-05-01T04:43:08.397+0000",3,1,0,1,NA,NA,NA,2,226,0,3,3,0,0,0,0,0,0,0,0,0,0,0,0,0,0,0,0,0,0,0,0,0,0,0,NA,NA,NA,"CD_I998152",FALSE,10,"Melissa","Caulfield","home","Fremantle"
"CD_M20192640303","2019-02-16T08:10:00.000+0000","CONCLUDED","2019 NAB AFLW Season","Round 3",3,"Fremantle Oval","Fremantle","Fremantle","Collingwood","Collingwood",13,"https://s.afl.com.au/staticfile/AFL Tenant/AFL/Players/ChampIDImages/AFLW/2019264/1010684.png?im=Scale,width=0.6,height=0.6","INT","CD_I1010684",FALSE,13,"Katie-Jayne","Grieve","CD_T7886",NA,55,1,0,NA,3,2,5,0,0,5,4,3,7,1,0,0,0,1,60,1,1,1,37,0,0,50,NA,NA,"2019-05-01T04:43:08.397+0000",0,1,1,2,NA,NA,NA,1,105,0,0,0,0,0,0,0,0,0,0,0,0,0,0,0,0,0,0,0,0,0,0,0,0,0,0,NA,NA,NA,"CD_I1010684",FALSE,13,"Katie-Jayne","Grieve","home","Fremantle"
"CD_M20192640303","2019-02-16T08:10:00.000+0000","CONCLUDED","2019 NAB AFLW Season","Round 3",3,"Fremantle Oval","Fremantle","Fremantle","Collingwood","Collingwood",17,"https://s.afl.com.au/staticfile/AFL Tenant/AFL/Players/ChampIDImages/AFLW/2019264/998156.png?im=Scale,width=0.6,height=0.6","RR","CD_I998156",FALSE,17,"Dana","Hooker","CD_T7886",NA,77,1,0,NA,9,3,12,0,0,5,8,2,10,1,0,0,0,2,58.3,3,0,1,56,1,0,50,NA,NA,"2019-05-01T04:43:08.397+0000",5,3,1,2,NA,NA,NA,3,233,1,3,4,0,0,0,0,0,0,0,0,0,0,0,0,0,0,0,0,0,0,0,0,0,0,0,NA,NA,NA,"CD_I998156",FALSE,17,"Dana","Hooker","home","Fremantle"
"CD_M20192640303","2019-02-16T08:10:00.000+0000","CONCLUDED","2019 NAB AFLW Season","Round 3",3,"Fremantle Oval","Fremantle","Fremantle","Collingwood","Collingwood",11,"https://s.afl.com.au/staticfile/AFL Tenant/AFL/Players/ChampIDImages/AFLW/2019264/1012251.png?im=Scale,width=0.6,height=0.6","RK","CD_I1012251",FALSE,11,"Parris","Laurie","CD_T7886",NA,87,0,0,NA,3,14,17,0,0,1,10,6,16,1,0,0,11,0,88.2,1,1,1,50,0,0,0,NA,NA,"2019-05-01T04:43:08.397+0000",0,6,0,0,NA,NA,NA,3,59,0,3,3,0,0,0,0,0,0,0,0,0,0,0,0,0,0,0,0,0,0,0,0,0,0,0,NA,NA,NA,"CD_I1012251",FALSE,11,"Parris","Laurie","home","Fremantle"
"CD_M20192640303","2019-02-16T08:10:00.000+0000","CONCLUDED","2019 NAB AFLW Season","Round 3",3,"Fremantle Oval","Fremantle","Fremantle","Collingwood","Collingwood",19,"https://s.afl.com.au/staticfile/AFL Tenant/AFL/Players/ChampIDImages/AFLW/2019264/998040.png?im=Scale,width=0.6,height=0.6","HFFR","CD_I998040",FALSE,19,"Hayley","Miller","CD_T7886",NA,69,0,1,NA,9,4,13,0,2,2,5,8,13,4,0,0,0,1,53.8,3,0,1,41,0,0,0,NA,NA,"2019-05-01T04:43:08.397+0000",3,1,0,2,NA,NA,NA,4,353,0,1,1,0,0,0,0,0,0,0,0,0,0,0,0,0,0,0,0,0,0,0,0,0,0,0,NA,NA,NA,"CD_I998040",FALSE,19,"Hayley","Miller","home","Fremantle"
"CD_M20192640303","2019-02-16T08:10:00.000+0000","CONCLUDED","2019 NAB AFLW Season","Round 3",3,"Fremantle Oval","Fremantle","Fremantle","Collingwood","Collingwood",2,"https://s.afl.com.au/staticfile/AFL Tenant/AFL/Players/ChampIDImages/AFLW/2019264/998030.png?im=Scale,width=0.6,height=0.6","INT","CD_I998030",FALSE,2,"Kiara","Bowers","CD_T7886",NA,76,1,1,NA,14,1,15,2,0,8,10,5,15,5,0,0,0,1,66.7,4,4,1,90,2,0,50,NA,NA,"2019-05-01T04:43:08.397+0000",3,2,1,2,NA,NA,NA,6,434,2,4,6,0,0,0,0,0,0,0,0,0,0,0,0,0,0,0,0,0,0,0,0,0,0,0,NA,NA,NA,"CD_I998030",FALSE,2,"Kiara","Bowers","home","Fremantle"
"CD_M20192640303","2019-02-16T08:10:00.000+0000","CONCLUDED","2019 NAB AFLW Season","Round 3",3,"Fremantle Oval","Fremantle","Fremantle","Collingwood","Collingwood",6,"https://s.afl.com.au/staticfile/AFL Tenant/AFL/Players/ChampIDImages/AFLW/2019264/1009895.png?im=Scale,width=0.6,height=0.6","FPL","CD_I1009895",FALSE,6,"Sabreena","Duffy","CD_T7886",NA,78,0,1,NA,5,4,9,0,0,2,5,4,9,2,0,0,0,0,55.6,0,0,0,32,0,0,0,NA,NA,"2019-05-01T04:43:08.397+0000",1,1,1,2,NA,NA,NA,2,95,0,0,0,0,0,0,0,0,0,0,0,0,0,0,0,0,0,0,0,0,0,0,0,0,0,0,NA,NA,NA,"CD_I1009895",FALSE,6,"Sabreena","Duffy","home","Fremantle"
"CD_M20192640303","2019-02-16T08:10:00.000+0000","CONCLUDED","2019 NAB AFLW Season","Round 3",3,"Fremantle Oval","Fremantle","Fremantle","Collingwood","Collingwood",21,"https://s.afl.com.au/staticfile/AFL Tenant/AFL/Players/ChampIDImages/AFLW/2019264/998041.png?im=Scale,width=0.6,height=0.6","HFFL","CD_I998041",FALSE,21,"Kellie","Gibson","CD_T7886",NA,96,2,0,NA,8,1,9,1,0,2,3,4,7,4,1,0,0,0,55.6,1,1,1,47,0,0,100,NA,NA,"2019-05-01T04:43:08.397+0000",0,2,2,2,NA,NA,NA,4,228,0,0,0,0,0,0,0,0,0,0,0,0,0,0,0,0,0,0,0,0,0,0,0,0,0,0,NA,NA,NA,"CD_I998041",FALSE,21,"Kellie","Gibson","home","Fremantle"
"CD_M20192640303","2019-02-16T08:10:00.000+0000","CONCLUDED","2019 NAB AFLW Season","Round 3",3,"Fremantle Oval","Fremantle","Fremantle","Collingwood","Collingwood",24,"https://s.afl.com.au/staticfile/AFL Tenant/AFL/Players/ChampIDImages/AFLW/2019264/1013937.png?im=Scale,width=0.6,height=0.6","BPR","CD_I1013937",FALSE,24,"Angelique","Stannett","CD_T7886",NA,85,0,0,NA,2,3,5,0,0,4,3,2,5,0,0,0,0,2,80,2,0,0,28,1,0,0,NA,NA,"2019-05-01T04:43:08.397+0000",1,2,0,0,NA,NA,NA,0,49,0,1,1,0,0,0,0,0,0,0,0,0,0,0,0,0,0,0,0,0,0,0,0,0,0,0,NA,NA,NA,"CD_I1013937",FALSE,24,"Angelique","Stannett","home","Fremantle"
"CD_M20192640303","2019-02-16T08:10:00.000+0000","CONCLUDED","2019 NAB AFLW Season","Round 3",3,"Fremantle Oval","Fremantle","Fremantle","Collingwood","Collingwood",32,"https://s.afl.com.au/staticfile/AFL Tenant/AFL/Players/ChampIDImages/AFLW/2019264/997726.png?im=Scale,width=0.6,height=0.6","HFFL","CD_I997726",FALSE,32,"Georgia","Gourlay","CD_T8097",NA,47,0,0,NA,5,0,5,2,0,2,3,2,5,0,0,0,0,0,40,1,1,0,30,2,0,0,NA,NA,"2019-05-01T04:43:08.397+0000",1,0,0,0,NA,NA,NA,0,89,1,1,2,0,0,0,0,0,0,0,0,0,0,0,0,0,0,0,0,0,0,0,0,0,0,0,NA,NA,NA,"CD_I997726",FALSE,32,"Georgia","Gourlay","away","Collingwood"
"CD_M20192640303","2019-02-16T08:10:00.000+0000","CONCLUDED","2019 NAB AFLW Season","Round 3",3,"Fremantle Oval","Fremantle","Fremantle","Collingwood","Collingwood",22,"https://s.afl.com.au/staticfile/AFL Tenant/AFL/Players/ChampIDImages/AFLW/2019264/1007139.png?im=Scale,width=0.6,height=0.6","INT","CD_I1007139",FALSE,22,"Sophie","Casey","CD_T8097",NA,91,0,0,NA,1,0,1,0,0,1,2,0,2,0,0,0,0,1,100,2,1,2,2,1,0,0,NA,NA,"2019-05-01T04:43:08.397+0000",1,2,0,0,NA,NA,NA,0,2,0,0,0,0,0,0,0,0,0,0,0,0,0,0,0,0,0,0,0,0,0,0,0,0,0,0,NA,NA,NA,"CD_I1007139",FALSE,22,"Sophie","Casey","away","Collingwood"
"CD_M20192640303","2019-02-16T08:10:00.000+0000","CONCLUDED","2019 NAB AFLW Season","Round 3",3,"Fremantle Oval","Fremantle","Fremantle","Collingwood","Collingwood",25,"https://s.afl.com.au/staticfile/AFL Tenant/AFL/Players/ChampIDImages/AFLW/2019264/1012637.png?im=Scale,width=0.6,height=0.6","INT","CD_I1012637",FALSE,25,"Mikala","Cann","CD_T8097",NA,46,0,0,NA,1,1,2,0,0,6,1,1,2,0,0,0,0,1,50,2,0,1,26,0,0,0,NA,NA,"2019-05-01T04:43:08.397+0000",0,0,0,0,NA,NA,NA,0,33,0,0,0,0,0,0,0,0,0,0,0,0,0,0,0,0,0,0,0,0,0,0,0,0,0,0,NA,NA,NA,"CD_I1012637",FALSE,25,"Mikala","Cann","away","Collingwood"
"CD_M20192640303","2019-02-16T08:10:00.000+0000","CONCLUDED","2019 NAB AFLW Season","Round 3",3,"Fremantle Oval","Fremantle","Fremantle","Collingwood","Collingwood",35,"https://s.afl.com.au/staticfile/AFL Tenant/AFL/Players/ChampIDImages/AFLW/2019264/1010688.png?im=Scale,width=0.6,height=0.6","HFFR","CD_I1010688",FALSE,35,"Maddie","Shevlin","CD_T8097",NA,73,0,1,NA,10,1,11,2,2,2,3,7,10,3,0,0,0,1,9.1,4,0,1,44,1,0,0,NA,NA,"2019-05-01T04:43:08.397+0000",4,6,0,3,NA,NA,NA,2,326,0,0,0,0,0,0,0,0,0,0,0,0,0,0,0,0,0,0,0,0,0,0,0,0,0,0,NA,NA,NA,"CD_I1010688",FALSE,35,"Maddie","Shevlin","away","Collingwood"
"CD_M20192640303","2019-02-16T08:10:00.000+0000","CONCLUDED","2019 NAB AFLW Season","Round 3",3,"Fremantle Oval","Fremantle","Fremantle","Collingwood","Collingwood",8,"https://s.afl.com.au/staticfile/AFL Tenant/AFL/Players/ChampIDImages/AFLW/2019264/997729.png?im=Scale,width=0.6,height=0.6","C","CD_I997729",FALSE,8,"Brittany","Bonnici","CD_T8097",NA,70,0,2,NA,12,1,13,0,0,5,6,5,11,3,0,0,0,0,61.5,3,1,1,58,0,0,0,NA,NA,"2019-05-01T04:43:08.397+0000",4,6,0,2,NA,NA,NA,3,341,0,2,2,0,0,0,0,0,0,0,0,0,0,0,0,0,0,0,0,0,0,0,0,0,0,0,NA,NA,NA,"CD_I997729",FALSE,8,"Brittany","Bonnici","away","Collingwood"
"CD_M20192640303","2019-02-16T08:10:00.000+0000","CONCLUDED","2019 NAB AFLW Season","Round 3",3,"Fremantle Oval","Fremantle","Fremantle","Collingwood","Collingwood",20,"https://s.afl.com.au/staticfile/AFL Tenant/AFL/Players/ChampIDImages/AFLW/2019264/1001684.png?im=Scale,width=0.6,height=0.6","FPR","CD_I1001684",FALSE,20,"Cecilia","McIntosh","CD_T8097",NA,69,0,0,NA,1,0,1,0,0,3,1,0,1,0,0,0,0,0,0,1,0,0,15,1,0,0,NA,NA,"2019-05-01T04:43:08.397+0000",1,0,0,0,NA,NA,NA,0,2,0,1,1,0,0,0,0,0,0,0,0,0,0,0,0,0,0,0,0,0,0,0,0,0,0,0,NA,NA,NA,"CD_I1001684",FALSE,20,"Cecilia","McIntosh","away","Collingwood"
"CD_M20192640303","2019-02-16T08:10:00.000+0000","CONCLUDED","2019 NAB AFLW Season","Round 3",3,"Fremantle Oval","Fremantle","Fremantle","Collingwood","Collingwood",17,"https://s.afl.com.au/staticfile/AFL Tenant/AFL/Players/ChampIDImages/AFLW/2019264/998158.png?im=Scale,width=0.6,height=0.6","RR","CD_I998158",FALSE,17,"Stephanie","Chiocci","CD_T8097",NA,80,0,0,NA,8,2,10,1,0,3,6,3,9,2,0,0,0,0,30,3,2,0,45,1,0,0,NA,NA,"2019-05-01T04:43:08.397+0000",5,3,0,0,NA,NA,NA,1,202,0,1,1,0,0,0,0,0,0,0,0,0,0,0,0,0,0,0,0,0,0,0,0,0,0,0,NA,NA,NA,"CD_I998158",FALSE,17,"Stephanie","Chiocci","away","Collingwood"
"CD_M20192640303","2019-02-16T08:10:00.000+0000","CONCLUDED","2019 NAB AFLW Season","Round 3",3,"Fremantle Oval","Fremantle","Fremantle","Collingwood","Collingwood",28,"https://s.afl.com.au/staticfile/AFL Tenant/AFL/Players/ChampIDImages/AFLW/2019264/1009849.png?im=Scale,width=0.6,height=0.6","INT","CD_I1009849",FALSE,28,"Holly","Whitford","CD_T8097",NA,71,0,0,NA,4,0,4,2,0,3,0,4,4,0,0,0,0,0,50,1,0,1,27,1,0,0,NA,NA,"2019-05-01T04:43:08.397+0000",1,0,0,0,NA,NA,NA,0,56,0,0,0,0,0,0,0,0,0,0,0,0,0,0,0,0,0,0,0,0,0,0,0,0,0,0,NA,NA,NA,"CD_I1009849",FALSE,28,"Holly","Whitford","away","Collingwood"
"CD_M20192640303","2019-02-16T08:10:00.000+0000","CONCLUDED","2019 NAB AFLW Season","Round 3",3,"Fremantle Oval","Fremantle","Fremantle","Collingwood","Collingwood",3,"https://s.afl.com.au/staticfile/AFL Tenant/AFL/Players/ChampIDImages/AFLW/2019264/1004405.png?im=Scale,width=0.6,height=0.6","HBFR","CD_I1004405",FALSE,3,"Nicole","Hildebrand","CD_T8097",NA,63,0,0,NA,4,1,5,1,0,0,2,3,5,0,0,0,0,2,100,2,0,0,17,3,0,0,NA,NA,"2019-05-01T04:43:08.397+0000",1,1,0,0,NA,NA,NA,0,85,0,1,1,0,0,0,0,0,0,0,0,0,0,0,0,0,0,0,0,0,0,0,0,0,0,0,NA,NA,NA,"CD_I1004405",FALSE,3,"Nicole","Hildebrand","away","Collingwood"
"CD_M20192640303","2019-02-16T08:10:00.000+0000","CONCLUDED","2019 NAB AFLW Season","Round 3",3,"Fremantle Oval","Fremantle","Fremantle","Collingwood","Collingwood",11,"https://s.afl.com.au/staticfile/AFL Tenant/AFL/Players/ChampIDImages/AFLW/2019264/1009978.png?im=Scale,width=0.6,height=0.6","RK","CD_I1009978",FALSE,11,"Eliza","Hynes","CD_T8097",NA,65,0,0,NA,0,4,4,1,0,3,3,1,4,0,0,0,23,3,25,0,0,0,46,1,0,0,NA,NA,"2019-05-01T04:43:08.397+0000",1,0,0,0,NA,NA,NA,1,10,0,0,0,0,0,0,0,0,0,0,0,0,0,0,0,0,0,0,0,0,0,0,0,0,0,0,NA,NA,NA,"CD_I1009978",FALSE,11,"Eliza","Hynes","away","Collingwood"
"CD_M20192640303","2019-02-16T08:10:00.000+0000","CONCLUDED","2019 NAB AFLW Season","Round 3",3,"Fremantle Oval","Fremantle","Fremantle","Collingwood","Collingwood",7,"https://s.afl.com.au/staticfile/AFL Tenant/AFL/Players/ChampIDImages/AFLW/2019264/1013706.png?im=Scale,width=0.6,height=0.6","FPL","CD_I1013706",FALSE,7,"Sarah","Rowe","CD_T8097",NA,95,0,0,NA,5,4,9,3,0,1,4,6,10,1,0,0,0,0,66.7,3,0,2,30,0,0,0,NA,NA,"2019-05-01T04:43:08.397+0000",3,1,0,0,NA,NA,NA,3,101,0,0,0,0,0,0,0,0,0,0,0,0,0,0,0,0,0,0,0,0,0,0,0,0,0,0,NA,NA,NA,"CD_I1013706",FALSE,7,"Sarah","Rowe","away","Collingwood"
"CD_M20192640303","2019-02-16T08:10:00.000+0000","CONCLUDED","2019 NAB AFLW Season","Round 3",3,"Fremantle Oval","Fremantle","Fremantle","Collingwood","Collingwood",18,"https://s.afl.com.au/staticfile/AFL Tenant/AFL/Players/ChampIDImages/AFLW/2019264/1007027.png?im=Scale,width=0.6,height=0.6","CHB","CD_I1007027",FALSE,18,"Ruby","Schleicher","CD_T8097",NA,81,0,0,NA,5,3,8,0,0,3,2,4,6,1,0,0,0,1,62.5,3,0,2,27,3,0,0,NA,NA,"2019-05-01T04:43:08.397+0000",2,2,0,0,NA,NA,NA,0,70,0,1,1,0,0,0,0,0,0,0,0,0,0,0,0,0,0,0,0,0,0,0,0,0,0,0,NA,NA,NA,"CD_I1007027",FALSE,18,"Ruby","Schleicher","away","Collingwood"
"CD_M20192640303","2019-02-16T08:10:00.000+0000","CONCLUDED","2019 NAB AFLW Season","Round 3",3,"Fremantle Oval","Fremantle","Fremantle","Collingwood","Collingwood",10,"https://s.afl.com.au/staticfile/AFL Tenant/AFL/Players/ChampIDImages/AFLW/2019264/1010663.png?im=Scale,width=0.6,height=0.6","FB","CD_I1010663",FALSE,10,"Ash","Brazill","CD_T8097",NA,73,0,0,NA,11,2,13,2,0,1,9,3,12,0,0,1,8,2,53.8,3,1,2,50,4,0,0,NA,NA,"2019-05-01T04:43:08.397+0000",5,7,0,0,NA,NA,NA,0,225,1,1,2,0,0,0,0,0,0,0,0,0,0,0,0,0,0,0,0,0,0,0,0,0,0,0,NA,NA,NA,"CD_I1010663",FALSE,10,"Ash","Brazill","away","Collingwood"
"CD_M20192640303","2019-02-16T08:10:00.000+0000","CONCLUDED","2019 NAB AFLW Season","Round 3",3,"Fremantle Oval","Fremantle","Fremantle","Collingwood","Collingwood",24,"https://s.afl.com.au/staticfile/AFL Tenant/AFL/Players/ChampIDImages/AFLW/2019264/1012580.png?im=Scale,width=0.6,height=0.6","FF","CD_I1012580",FALSE,24,"Sophie","Alexander","CD_T8097",NA,91,0,0,NA,4,3,7,0,0,2,6,1,7,0,0,0,5,2,42.9,2,1,0,32,1,0,0,NA,NA,"2019-05-01T04:43:08.397+0000",4,3,2,0,NA,NA,NA,2,152,0,0,0,0,0,0,0,0,0,0,0,0,0,0,0,0,0,0,0,0,0,0,0,0,0,0,NA,NA,NA,"CD_I1012580",FALSE,24,"Sophie","Alexander","away","Collingwood"
"CD_M20192640303","2019-02-16T08:10:00.000+0000","CONCLUDED","2019 NAB AFLW Season","Round 3",3,"Fremantle Oval","Fremantle","Fremantle","Collingwood","Collingwood",6,"https://s.afl.com.au/staticfile/AFL Tenant/AFL/Players/ChampIDImages/AFLW/2019264/997736.png?im=Scale,width=0.6,height=0.6","BPL","CD_I997736",FALSE,6,"Jordyn","Allen","CD_T8097",NA,100,0,1,NA,7,3,10,1,0,2,5,3,8,0,0,0,0,1,50,4,0,2,33,1,0,0,NA,NA,"2019-05-01T04:43:08.397+0000",2,4,0,1,NA,NA,NA,3,119,0,1,1,0,0,0,0,0,0,0,0,0,0,0,0,0,0,0,0,0,0,0,0,0,0,0,NA,NA,NA,"CD_I997736",FALSE,6,"Jordyn","Allen","away","Collingwood"
"CD_M20192640303","2019-02-16T08:10:00.000+0000","CONCLUDED","2019 NAB AFLW Season","Round 3",3,"Fremantle Oval","Fremantle","Fremantle","Collingwood","Collingwood",16,"https://s.afl.com.au/staticfile/AFL Tenant/AFL/Players/ChampIDImages/AFLW/2019264/1013028.png?im=Scale,width=0.6,height=0.6","INT","CD_I1013028",FALSE,16,"Katie","Lynch","CD_T8097",NA,66,0,0,NA,6,2,8,2,0,2,4,5,9,2,0,0,0,1,75,4,2,3,29,0,0,0,NA,NA,"2019-05-01T04:43:08.397+0000",5,2,0,0,NA,NA,NA,1,72,0,0,0,0,0,0,0,0,0,0,0,0,0,0,0,0,0,0,0,0,0,0,0,0,0,0,NA,NA,NA,"CD_I1013028",FALSE,16,"Katie","Lynch","away","Collingwood"
"CD_M20192640303","2019-02-16T08:10:00.000+0000","CONCLUDED","2019 NAB AFLW Season","Round 3",3,"Fremantle Oval","Fremantle","Fremantle","Collingwood","Collingwood",46,"https://s.afl.com.au/staticfile/AFL Tenant/AFL/Players/ChampIDImages/AFLW/2019264/1009872.png?im=Scale,width=0.6,height=0.6","INT","CD_I1009872",FALSE,46,"Sarah","Dargan","CD_T8097",NA,75,0,0,NA,6,5,11,1,0,3,6,6,12,5,0,0,0,1,81.8,3,0,2,37,0,0,0,NA,NA,"2019-05-01T04:43:08.397+0000",3,2,0,0,NA,NA,NA,2,250,0,2,2,0,0,0,0,0,0,0,0,0,0,0,0,0,0,0,0,0,0,0,0,0,0,0,NA,NA,NA,"CD_I1009872",FALSE,46,"Sarah","Dargan","away","Collingwood"
"CD_M20192640303","2019-02-16T08:10:00.000+0000","CONCLUDED","2019 NAB AFLW Season","Round 3",3,"Fremantle Oval","Fremantle","Fremantle","Collingwood","Collingwood",4,"https://s.afl.com.au/staticfile/AFL Tenant/AFL/Players/ChampIDImages/AFLW/2019264/1004400.png?im=Scale,width=0.6,height=0.6","CHF","CD_I1004400",FALSE,4,"Sarah","D'Arcy","CD_T8097",NA,86,1,0,NA,10,5,15,5,0,1,10,5,15,5,0,2,0,0,60,1,1,0,66,1,0,50,NA,NA,"2019-05-01T04:43:08.397+0000",2,2,0,2,NA,NA,NA,4,284,1,0,1,0,0,0,0,0,0,0,0,0,0,0,0,0,0,0,0,0,0,0,0,0,0,0,NA,NA,NA,"CD_I1004400",FALSE,4,"Sarah","D'Arcy","away","Collingwood"
"CD_M20192640303","2019-02-16T08:10:00.000+0000","CONCLUDED","2019 NAB AFLW Season","Round 3",3,"Fremantle Oval","Fremantle","Fremantle","Collingwood","Collingwood",13,"https://s.afl.com.au/staticfile/AFL Tenant/AFL/Players/ChampIDImages/AFLW/2019264/1004415.png?im=Scale,width=0.6,height=0.6","R","CD_I1004415",FALSE,13,"Jaimee","Lambert","CD_T8097",NA,89,1,0,NA,4,7,11,2,0,1,8,3,11,0,0,0,0,1,72.7,6,1,5,28,1,0,100,NA,NA,"2019-05-01T04:43:08.397+0000",4,1,0,1,NA,NA,NA,3,104,1,2,3,0,0,0,0,0,0,0,0,0,0,0,0,0,0,0,0,0,0,0,0,0,0,0,NA,NA,NA,"CD_I1004415",FALSE,13,"Jaimee","Lambert","away","Collingwood"
"CD_M20192640303","2019-02-16T08:10:00.000+0000","CONCLUDED","2019 NAB AFLW Season","Round 3",3,"Fremantle Oval","Fremantle","Fremantle","Collingwood","Collingwood",21,"https://s.afl.com.au/staticfile/AFL Tenant/AFL/Players/ChampIDImages/AFLW/2019264/1009851.png?im=Scale,width=0.6,height=0.6","BPR","CD_I1009851",FALSE,21,"Iilish","Ross","CD_T8097",NA,70,0,0,NA,5,1,6,2,0,1,2,4,6,1,0,0,0,1,66.7,0,1,0,28,2,0,0,NA,NA,"2019-05-01T04:43:08.397+0000",2,4,0,0,NA,NA,NA,0,142,0,0,0,0,0,0,0,0,0,0,0,0,0,0,0,0,0,0,0,0,0,0,0,0,0,0,NA,NA,NA,"CD_I1009851",FALSE,21,"Iilish","Ross","away","Collingwood"
"CD_M20192640303","2019-02-16T08:10:00.000+0000","CONCLUDED","2019 NAB AFLW Season","Round 3",3,"Fremantle Oval","Fremantle","Fremantle","Collingwood","Collingwood",12,"https://s.afl.com.au/staticfile/AFL Tenant/AFL/Players/ChampIDImages/AFLW/2019264/1007015.png?im=Scale,width=0.6,height=0.6","HBFL","CD_I1007015",FALSE,12,"Stacey","Livingstone","CD_T8097",NA,100,0,0,NA,13,1,14,0,0,2,3,2,5,0,0,0,0,4,85.7,2,1,1,47,8,0,0,NA,NA,"2019-05-01T04:43:08.397+0000",4,6,0,0,NA,NA,NA,2,485,0,0,0,0,0,0,0,0,0,0,0,0,0,0,0,0,0,0,0,0,0,0,0,0,0,0,NA,NA,NA,"CD_I1007015",FALSE,12,"Stacey","Livingstone","away","Collingwood"
"CD_M20192640304","2019-02-17T03:35:00.000+0000","CONCLUDED","2019 NAB AFLW Season","Round 3",3,"Norwood Oval","Adelaide Crows","Adelaide Crows","Geelong Cats","Geelong Cats",22,"https://s.afl.com.au/staticfile/AFL Tenant/AFL/Players/ChampIDImages/AFLW/2019264/998046.png?im=Scale,width=0.6,height=0.6","HBFR","CD_I998046",FALSE,22,"Courtney","Cramey","CD_T8098",NA,73,0,0,NA,9,6,15,2,0,8,4,11,15,2,0,0,0,0,60,3,0,1,74,0,0,0,0,NA,"2019-03-07T00:08:36.428+0000",4,1,2,0,NA,NA,NA,1,153,0,2,2,0,0,0,0,0,0,0,0,0,0,0,0,0,0,0,0,0,0,0,0,0,0,0,NA,NA,NA,"CD_I998046",FALSE,22,"Courtney","Cramey","home","Adelaide Crows"
"CD_M20192640304","2019-02-17T03:35:00.000+0000","CONCLUDED","2019 NAB AFLW Season","Round 3",3,"Norwood Oval","Adelaide Crows","Adelaide Crows","Geelong Cats","Geelong Cats",32,"https://s.afl.com.au/staticfile/AFL Tenant/AFL/Players/ChampIDImages/AFLW/2019264/1007574.png?im=Scale,width=0.6,height=0.6","BPR","CD_I1007574",FALSE,32,"Marijana","Rajcic","CD_T8098",NA,81,0,0,NA,4,2,6,2,0,1,2,4,6,1,0,0,0,2,83.3,1,0,1,23,0,0,0,0,NA,"2019-03-07T00:08:36.428+0000",1,1,0,0,NA,NA,NA,1,95,0,0,0,0,0,0,0,0,0,0,0,0,0,0,0,0,0,0,0,0,0,0,0,0,0,0,NA,NA,NA,"CD_I1007574",FALSE,32,"Marijana","Rajcic","home","Adelaide Crows"
"CD_M20192640304","2019-02-17T03:35:00.000+0000","CONCLUDED","2019 NAB AFLW Season","Round 3",3,"Norwood Oval","Adelaide Crows","Adelaide Crows","Geelong Cats","Geelong Cats",13,"https://s.afl.com.au/staticfile/AFL Tenant/AFL/Players/ChampIDImages/AFLW/2019264/1007129.png?im=Scale,width=0.6,height=0.6","R","CD_I1007129",FALSE,13,"Erin","Phillips","CD_T8098",NA,97,3,1,NA,13,6,19,3,0,3,14,5,19,2,2,1,1,0,84.2,2,4,1,93,0,1,75,0,NA,"2019-03-07T00:08:36.428+0000",3,3,0,4,NA,NA,NA,7,274,3,1,4,0,0,0,0,0,0,0,0,0,0,0,0,0,0,0,0,0,0,0,0,0,0,0,NA,NA,NA,"CD_I1007129",FALSE,13,"Erin","Phillips","home","Adelaide Crows"
"CD_M20192640304","2019-02-17T03:35:00.000+0000","CONCLUDED","2019 NAB AFLW Season","Round 3",3,"Norwood Oval","Adelaide Crows","Adelaide Crows","Geelong Cats","Geelong Cats",3,"https://s.afl.com.au/staticfile/AFL Tenant/AFL/Players/ChampIDImages/AFLW/2019264/1005378.png?im=Scale,width=0.6,height=0.6","HBFL","CD_I1005378",FALSE,3,"Angela","Foley","CD_T8098",NA,70,0,0,NA,7,6,13,1,0,3,3,11,14,4,0,0,0,1,61.5,2,0,0,48,0,0,0,0,NA,"2019-03-07T00:08:36.428+0000",4,3,0,0,NA,NA,NA,1,213,0,0,0,0,0,0,0,0,0,0,0,0,0,0,0,0,0,0,0,0,0,0,0,0,0,0,NA,NA,NA,"CD_I1005378",FALSE,3,"Angela","Foley","home","Adelaide Crows"
"CD_M20192640304","2019-02-17T03:35:00.000+0000","CONCLUDED","2019 NAB AFLW Season","Round 3",3,"Norwood Oval","Adelaide Crows","Adelaide Crows","Geelong Cats","Geelong Cats",31,"https://s.afl.com.au/staticfile/AFL Tenant/AFL/Players/ChampIDImages/AFLW/2019264/1005956.png?im=Scale,width=0.6,height=0.6","BPL","CD_I1005956",FALSE,31,"Dayna","Cox","CD_T8098",NA,80,0,0,NA,0,1,1,0,0,4,1,0,1,0,0,0,0,0,100,0,0,0,18,0,0,0,0,NA,"2019-03-07T00:08:36.428+0000",0,1,0,0,NA,NA,NA,0,1,0,0,0,0,0,0,0,0,0,0,0,0,0,0,0,0,0,0,0,0,0,0,0,0,0,0,NA,NA,NA,"CD_I1005956",FALSE,31,"Dayna","Cox","home","Adelaide Crows"
"CD_M20192640304","2019-02-17T03:35:00.000+0000","CONCLUDED","2019 NAB AFLW Season","Round 3",3,"Norwood Oval","Adelaide Crows","Adelaide Crows","Geelong Cats","Geelong Cats",16,"https://s.afl.com.au/staticfile/AFL Tenant/AFL/Players/ChampIDImages/AFLW/2019264/1013947.png?im=Scale,width=0.6,height=0.6","INT","CD_I1013947",FALSE,16,"Ailish","Considine","CD_T8098",NA,60,0,0,NA,6,2,8,1,0,1,4,4,8,2,0,0,0,0,50,1,0,0,29,2,0,0,0,NA,"2019-03-07T00:08:36.428+0000",1,1,1,0,NA,NA,NA,1,164,0,2,2,0,0,0,0,0,0,0,0,0,0,0,0,0,0,0,0,0,0,0,0,0,0,0,NA,NA,NA,"CD_I1013947",FALSE,16,"Ailish","Considine","home","Adelaide Crows"
"CD_M20192640304","2019-02-17T03:35:00.000+0000","CONCLUDED","2019 NAB AFLW Season","Round 3",3,"Norwood Oval","Adelaide Crows","Adelaide Crows","Geelong Cats","Geelong Cats",33,"https://s.afl.com.au/staticfile/AFL Tenant/AFL/Players/ChampIDImages/AFLW/2019264/1005269.png?im=Scale,width=0.6,height=0.6","CHB","CD_I1005269",FALSE,33,"Anne","Hatchard","CD_T8098",NA,79,1,0,NA,9,18,27,3,0,5,19,11,30,3,0,1,5,2,59.3,2,1,1,101,1,0,50,0,NA,"2019-03-07T00:08:36.428+0000",3,5,1,2,NA,NA,NA,4,126,2,4,6,0,0,0,0,0,0,0,0,0,0,0,0,0,0,0,0,0,0,0,0,0,0,0,NA,NA,NA,"CD_I1005269",FALSE,33,"Anne","Hatchard","home","Adelaide Crows"
"CD_M20192640304","2019-02-17T03:35:00.000+0000","CONCLUDED","2019 NAB AFLW Season","Round 3",3,"Norwood Oval","Adelaide Crows","Adelaide Crows","Geelong Cats","Geelong Cats",14,"https://s.afl.com.au/staticfile/AFL Tenant/AFL/Players/ChampIDImages/AFLW/2019264/1005386.png?im=Scale,width=0.6,height=0.6","FF","CD_I1005386",FALSE,14,"Stevie-Lee","Thompson","CD_T8098",NA,81,1,0,NA,5,3,8,3,0,1,5,4,9,1,1,1,0,0,75,3,0,2,34,0,1,50,0,NA,"2019-03-07T00:08:36.428+0000",2,1,0,2,NA,NA,NA,2,105,0,0,0,0,0,0,0,0,0,0,0,0,0,0,0,0,0,0,0,0,0,0,0,0,0,0,NA,NA,NA,"CD_I1005386",FALSE,14,"Stevie-Lee","Thompson","home","Adelaide Crows"
"CD_M20192640304","2019-02-17T03:35:00.000+0000","CONCLUDED","2019 NAB AFLW Season","Round 3",3,"Norwood Oval","Adelaide Crows","Adelaide Crows","Geelong Cats","Geelong Cats",2,"https://s.afl.com.au/staticfile/AFL Tenant/AFL/Players/ChampIDImages/AFLW/2019264/1005258.png?im=Scale,width=0.6,height=0.6","HFFR","CD_I1005258",FALSE,2,"Eloise","Jones","CD_T8098",NA,70,1,0,NA,1,2,3,1,0,5,2,1,3,0,1,0,0,1,100,1,1,1,34,0,0,100,0,NA,"2019-03-07T00:08:36.428+0000",0,1,2,1,NA,NA,NA,3,9,0,0,0,0,0,0,0,0,0,0,0,0,0,0,0,0,0,0,0,0,0,0,0,0,0,0,NA,NA,NA,"CD_I1005258",FALSE,2,"Eloise","Jones","home","Adelaide Crows"
"CD_M20192640304","2019-02-17T03:35:00.000+0000","CONCLUDED","2019 NAB AFLW Season","Round 3",3,"Norwood Oval","Adelaide Crows","Adelaide Crows","Geelong Cats","Geelong Cats",27,"https://s.afl.com.au/staticfile/AFL Tenant/AFL/Players/ChampIDImages/AFLW/2019264/998045.png?im=Scale,width=0.6,height=0.6","FPR","CD_I998045",FALSE,27,"Renee","Forth","CD_T8098",NA,75,1,0,NA,7,4,11,7,0,1,3,8,11,4,1,0,0,2,54.5,3,0,1,57,0,0,100,0,NA,"2019-03-07T00:08:36.428+0000",5,1,0,1,NA,NA,NA,4,127,0,0,0,0,0,0,0,0,0,0,0,0,0,0,0,0,0,0,0,0,0,0,0,0,0,0,NA,NA,NA,"CD_I998045",FALSE,27,"Renee","Forth","home","Adelaide Crows"
"CD_M20192640304","2019-02-17T03:35:00.000+0000","CONCLUDED","2019 NAB AFLW Season","Round 3",3,"Norwood Oval","Adelaide Crows","Adelaide Crows","Geelong Cats","Geelong Cats",26,"https://s.afl.com.au/staticfile/AFL Tenant/AFL/Players/ChampIDImages/AFLW/2019264/998044.png?im=Scale,width=0.6,height=0.6","C","CD_I998044",FALSE,26,"Chelsea","Randall","CD_T8098",NA,85,0,0,NA,12,5,17,5,1,2,9,8,17,0,0,2,0,6,76.5,2,0,0,69,1,0,0,0,NA,"2019-03-07T00:08:36.428+0000",2,10,0,0,NA,NA,NA,4,273,1,0,1,0,0,0,0,0,0,0,0,0,0,0,0,0,0,0,0,0,0,0,0,0,0,0,NA,NA,NA,"CD_I998044",FALSE,26,"Chelsea","Randall","home","Adelaide Crows"
"CD_M20192640304","2019-02-17T03:35:00.000+0000","CONCLUDED","2019 NAB AFLW Season","Round 3",3,"Norwood Oval","Adelaide Crows","Adelaide Crows","Geelong Cats","Geelong Cats",8,"https://s.afl.com.au/staticfile/AFL Tenant/AFL/Players/ChampIDImages/AFLW/2019264/1005379.png?im=Scale,width=0.6,height=0.6","INT","CD_I1005379",FALSE,8,"Sally","Riley","CD_T8098",NA,56,0,1,NA,4,6,10,0,0,2,5,5,10,1,0,0,0,0,60,1,0,0,33,0,0,0,0,NA,"2019-03-07T00:08:36.428+0000",1,2,2,1,NA,NA,NA,3,84,0,0,0,0,0,0,0,0,0,0,0,0,0,0,0,0,0,0,0,0,0,0,0,0,0,0,NA,NA,NA,"CD_I1005379",FALSE,8,"Sally","Riley","home","Adelaide Crows"
"CD_M20192640304","2019-02-17T03:35:00.000+0000","CONCLUDED","2019 NAB AFLW Season","Round 3",3,"Norwood Oval","Adelaide Crows","Adelaide Crows","Geelong Cats","Geelong Cats",28,"https://s.afl.com.au/staticfile/AFL Tenant/AFL/Players/ChampIDImages/AFLW/2019264/296145.png?im=Scale,width=0.6,height=0.6","INT","CD_I296145",FALSE,28,"Sarah","Perkins","CD_T8098",NA,59,0,1,NA,2,0,2,1,0,2,1,1,2,0,1,0,0,0,50,0,1,0,19,0,0,0,0,NA,"2019-03-07T00:08:36.428+0000",0,1,1,1,NA,NA,NA,1,57,0,0,0,0,0,0,0,0,0,0,0,0,0,0,0,0,0,0,0,0,0,0,0,0,0,0,NA,NA,NA,"CD_I296145",FALSE,28,"Sarah","Perkins","home","Adelaide Crows"
"CD_M20192640304","2019-02-17T03:35:00.000+0000","CONCLUDED","2019 NAB AFLW Season","Round 3",3,"Norwood Oval","Adelaide Crows","Adelaide Crows","Geelong Cats","Geelong Cats",19,"https://s.afl.com.au/staticfile/AFL Tenant/AFL/Players/ChampIDImages/AFLW/2019264/1007356.png?im=Scale,width=0.6,height=0.6","INT","CD_I1007356",FALSE,19,"Sophie","Li","CD_T8098",NA,53,0,0,NA,1,6,7,2,0,5,4,3,7,0,0,0,0,2,85.7,0,0,0,41,0,0,0,0,NA,"2019-03-07T00:08:36.428+0000",1,4,2,0,NA,NA,NA,0,22,0,1,1,0,0,0,0,0,0,0,0,0,0,0,0,0,0,0,0,0,0,0,0,0,0,0,NA,NA,NA,"CD_I1007356",FALSE,19,"Sophie","Li","home","Adelaide Crows"
"CD_M20192640304","2019-02-17T03:35:00.000+0000","CONCLUDED","2019 NAB AFLW Season","Round 3",3,"Norwood Oval","Adelaide Crows","Adelaide Crows","Geelong Cats","Geelong Cats",10,"https://s.afl.com.au/staticfile/AFL Tenant/AFL/Players/ChampIDImages/AFLW/2019264/1005279.png?im=Scale,width=0.6,height=0.6","RR","CD_I1005279",FALSE,10,"Ebony","Marinoff","CD_T8098",NA,90,0,0,NA,18,16,34,1,0,7,14,21,35,8,0,0,0,1,61.8,5,1,3,109,0,2,0,0,NA,"2019-03-07T00:08:36.428+0000",5,1,1,0,NA,NA,NA,4,410,3,3,6,0,0,0,0,0,0,0,0,0,0,0,0,0,0,0,0,0,0,0,0,0,0,0,NA,NA,NA,"CD_I1005279",FALSE,10,"Ebony","Marinoff","home","Adelaide Crows"
"CD_M20192640304","2019-02-17T03:35:00.000+0000","CONCLUDED","2019 NAB AFLW Season","Round 3",3,"Norwood Oval","Adelaide Crows","Adelaide Crows","Geelong Cats","Geelong Cats",24,"https://s.afl.com.au/staticfile/AFL Tenant/AFL/Players/ChampIDImages/AFLW/2019264/1011127.png?im=Scale,width=0.6,height=0.6","RK","CD_I1011127",FALSE,24,"Jessica","Foley","CD_T8098",NA,73,0,1,NA,11,7,18,7,0,4,7,11,18,3,2,1,20,3,50,2,1,0,106,0,0,0,0,NA,"2019-03-07T00:08:36.428+0000",4,2,0,2,NA,NA,NA,6,259,1,3,4,0,0,0,0,0,0,0,0,0,0,0,0,0,0,0,0,0,0,0,0,0,0,0,NA,NA,NA,"CD_I1011127",FALSE,24,"Jessica","Foley","home","Adelaide Crows"
"CD_M20192640304","2019-02-17T03:35:00.000+0000","CONCLUDED","2019 NAB AFLW Season","Round 3",3,"Norwood Oval","Adelaide Crows","Adelaide Crows","Geelong Cats","Geelong Cats",4,"https://s.afl.com.au/staticfile/AFL Tenant/AFL/Players/ChampIDImages/AFLW/2019264/1007342.png?im=Scale,width=0.6,height=0.6","HFFL","CD_I1007342",FALSE,4,"Chloe","Scheer","CD_T8098",NA,64,2,1,NA,8,4,12,4,1,0,3,8,11,3,3,0,0,0,66.7,3,0,1,54,0,0,40,0,NA,"2019-03-07T00:08:36.428+0000",2,3,0,5,NA,NA,NA,3,331,0,0,0,0,0,0,0,0,0,0,0,0,0,0,0,0,0,0,0,0,0,0,0,0,0,0,NA,NA,NA,"CD_I1007342",FALSE,4,"Chloe","Scheer","home","Adelaide Crows"
"CD_M20192640304","2019-02-17T03:35:00.000+0000","CONCLUDED","2019 NAB AFLW Season","Round 3",3,"Norwood Oval","Adelaide Crows","Adelaide Crows","Geelong Cats","Geelong Cats",9,"https://s.afl.com.au/staticfile/AFL Tenant/AFL/Players/ChampIDImages/AFLW/2019264/1005251.png?im=Scale,width=0.6,height=0.6","CHF","CD_I1005251",FALSE,9,"Deni","Varnhagen","CD_T8098",NA,74,1,1,NA,11,2,13,0,0,7,3,11,14,3,0,0,0,2,38.5,5,0,1,69,1,0,33.3,0,NA,"2019-03-07T00:08:36.428+0000",4,1,2,3,NA,NA,NA,3,328,0,2,2,0,0,0,0,0,0,0,0,0,0,0,0,0,0,0,0,0,0,0,0,0,0,0,NA,NA,NA,"CD_I1005251",FALSE,9,"Deni","Varnhagen","home","Adelaide Crows"
"CD_M20192640304","2019-02-17T03:35:00.000+0000","CONCLUDED","2019 NAB AFLW Season","Round 3",3,"Norwood Oval","Adelaide Crows","Adelaide Crows","Geelong Cats","Geelong Cats",15,"https://s.afl.com.au/staticfile/AFL Tenant/AFL/Players/ChampIDImages/AFLW/2019264/1009794.png?im=Scale,width=0.6,height=0.6","INT","CD_I1009794",FALSE,15,"Danielle","Ponter","CD_T8098",NA,50,0,0,NA,2,5,7,1,0,0,4,3,7,0,0,0,0,1,85.7,2,0,1,16,1,0,0,0,NA,"2019-03-07T00:08:36.428+0000",1,3,0,0,NA,NA,NA,0,48,1,1,2,0,0,0,0,0,0,0,0,0,0,0,0,0,0,0,0,0,0,0,0,0,0,0,NA,NA,NA,"CD_I1009794",FALSE,15,"Danielle","Ponter","home","Adelaide Crows"
"CD_M20192640304","2019-02-17T03:35:00.000+0000","CONCLUDED","2019 NAB AFLW Season","Round 3",3,"Norwood Oval","Adelaide Crows","Adelaide Crows","Geelong Cats","Geelong Cats",23,"https://s.afl.com.au/staticfile/AFL Tenant/AFL/Players/ChampIDImages/AFLW/2019264/1005955.png?im=Scale,width=0.6,height=0.6","FPL","CD_I1005955",FALSE,23,"Justine","Mules","CD_T8098",NA,62,0,0,NA,9,8,17,2,0,3,7,9,16,4,0,0,0,2,64.7,1,2,0,63,1,1,0,0,NA,"2019-03-07T00:08:36.428+0000",2,3,0,1,NA,NA,NA,4,216,1,1,2,0,0,0,0,0,0,0,0,0,0,0,0,0,0,0,0,0,0,0,0,0,0,0,NA,NA,NA,"CD_I1005955",FALSE,23,"Justine","Mules","home","Adelaide Crows"
"CD_M20192640304","2019-02-17T03:35:00.000+0000","CONCLUDED","2019 NAB AFLW Season","Round 3",3,"Norwood Oval","Adelaide Crows","Adelaide Crows","Geelong Cats","Geelong Cats",39,"https://s.afl.com.au/staticfile/AFL Tenant/AFL/Players/ChampIDImages/AFLW/2019264/1005285.png?im=Scale,width=0.6,height=0.6","FB","CD_I1005285",FALSE,39,"Sarah","Allan","CD_T8098",NA,100,0,0,NA,5,1,6,1,1,1,1,4,5,0,0,0,0,3,83.3,0,0,0,24,3,0,0,0,NA,"2019-03-07T00:08:36.428+0000",1,1,0,0,NA,NA,NA,0,126,0,0,0,0,0,0,0,0,0,0,0,0,0,0,0,0,0,0,0,0,0,0,0,0,0,0,NA,NA,NA,"CD_I1005285",FALSE,39,"Sarah","Allan","home","Adelaide Crows"
"CD_M20192640304","2019-02-17T03:35:00.000+0000","CONCLUDED","2019 NAB AFLW Season","Round 3",3,"Norwood Oval","Adelaide Crows","Adelaide Crows","Geelong Cats","Geelong Cats",17,"https://s.afl.com.au/staticfile/AFL Tenant/AFL/Players/ChampIDImages/AFLW/2019264/1009857.png?im=Scale,width=0.6,height=0.6","BPR","CD_I1009857",FALSE,17,"Georgia","Clarke","CD_T8467",NA,77,0,0,NA,11,0,11,3,0,1,3,10,13,1,0,0,0,4,63.6,3,1,2,41,3,0,0,0,NA,"2019-03-07T00:08:36.428+0000",6,5,0,0,NA,NA,NA,2,267,0,0,0,0,0,0,0,0,0,0,0,0,0,0,0,0,0,0,0,0,0,0,0,0,0,0,NA,NA,NA,"CD_I1009857",FALSE,17,"Georgia","Clarke","away","Geelong Cats"
"CD_M20192640304","2019-02-17T03:35:00.000+0000","CONCLUDED","2019 NAB AFLW Season","Round 3",3,"Norwood Oval","Adelaide Crows","Adelaide Crows","Geelong Cats","Geelong Cats",44,"https://s.afl.com.au/staticfile/AFL Tenant/AFL/Players/ChampIDImages/AFLW/2019264/296130.png?im=Scale,width=0.6,height=0.6","FB","CD_I296130",FALSE,44,"Rebecca","Goring","CD_T8467",NA,85,0,0,NA,5,1,6,6,0,3,1,6,7,0,0,1,0,0,50,4,0,2,41,2,0,0,0,NA,"2019-03-07T00:08:36.428+0000",2,3,0,0,NA,NA,NA,1,36,0,0,0,0,0,0,0,0,0,0,0,0,0,0,0,0,0,0,0,0,0,0,0,0,0,0,NA,NA,NA,"CD_I296130",FALSE,44,"Rebecca","Goring","away","Geelong Cats"
"CD_M20192640304","2019-02-17T03:35:00.000+0000","CONCLUDED","2019 NAB AFLW Season","Round 3",3,"Norwood Oval","Adelaide Crows","Adelaide Crows","Geelong Cats","Geelong Cats",45,"https://s.afl.com.au/staticfile/AFL Tenant/AFL/Players/ChampIDImages/AFLW/2019264/997678.png?im=Scale,width=0.6,height=0.6","FPR","CD_I997678",FALSE,45,"Madeline","Keryk","CD_T8467",NA,68,0,0,NA,9,4,13,3,0,5,8,6,14,0,0,0,0,3,53.8,1,4,1,65,2,0,0,0,NA,"2019-03-07T00:08:36.428+0000",4,5,0,0,NA,NA,NA,0,139,0,4,4,0,0,0,0,0,0,0,0,0,0,0,0,0,0,0,0,0,0,0,0,0,0,0,NA,NA,NA,"CD_I997678",FALSE,45,"Madeline","Keryk","away","Geelong Cats"
"CD_M20192640304","2019-02-17T03:35:00.000+0000","CONCLUDED","2019 NAB AFLW Season","Round 3",3,"Norwood Oval","Adelaide Crows","Adelaide Crows","Geelong Cats","Geelong Cats",18,"https://s.afl.com.au/staticfile/AFL Tenant/AFL/Players/ChampIDImages/AFLW/2019264/998038.png?im=Scale,width=0.6,height=0.6","HBFL","CD_I998038",FALSE,18,"Melissa","Hickey","CD_T8467",NA,82,0,0,NA,6,2,8,3,0,1,2,7,9,1,0,0,0,2,75,2,0,1,32,1,0,0,0,NA,"2019-03-07T00:08:36.428+0000",1,0,0,0,NA,NA,NA,2,140,0,0,0,0,0,0,0,0,0,0,0,0,0,0,0,0,0,0,0,0,0,0,0,0,0,0,NA,NA,NA,"CD_I998038",FALSE,18,"Melissa","Hickey","away","Geelong Cats"
"CD_M20192640304","2019-02-17T03:35:00.000+0000","CONCLUDED","2019 NAB AFLW Season","Round 3",3,"Norwood Oval","Adelaide Crows","Adelaide Crows","Geelong Cats","Geelong Cats",46,"https://s.afl.com.au/staticfile/AFL Tenant/AFL/Players/ChampIDImages/AFLW/2019264/1010675.png?im=Scale,width=0.6,height=0.6","RK","CD_I1010675",FALSE,46,"Erin","Hoare","CD_T8467",NA,72,0,0,NA,2,3,5,0,0,4,4,0,4,0,0,0,28,0,40,2,0,1,53,1,0,0,0,NA,"2019-03-07T00:08:36.428+0000",1,0,1,0,NA,NA,NA,1,64,0,1,1,0,0,0,0,0,0,0,0,0,0,0,0,0,0,0,0,0,0,0,0,0,0,0,NA,NA,NA,"CD_I1010675",FALSE,46,"Erin","Hoare","away","Geelong Cats"
"CD_M20192640304","2019-02-17T03:35:00.000+0000","CONCLUDED","2019 NAB AFLW Season","Round 3",3,"Norwood Oval","Adelaide Crows","Adelaide Crows","Geelong Cats","Geelong Cats",6,"https://s.afl.com.au/staticfile/AFL Tenant/AFL/Players/ChampIDImages/AFLW/2019264/1012640.png?im=Scale,width=0.6,height=0.6","INT","CD_I1012640",FALSE,6,"Julia","Crockett-Grills","CD_T8467",NA,71,0,0,NA,4,3,7,2,0,6,3,5,8,0,0,0,0,1,57.1,2,1,1,46,1,0,0,0,NA,"2019-03-07T00:08:36.428+0000",3,0,0,0,NA,NA,NA,0,54,0,1,1,0,0,0,0,0,0,0,0,0,0,0,0,0,0,0,0,0,0,0,0,0,0,0,NA,NA,NA,"CD_I1012640",FALSE,6,"Julia","Crockett-Grills","away","Geelong Cats"
"CD_M20192640304","2019-02-17T03:35:00.000+0000","CONCLUDED","2019 NAB AFLW Season","Round 3",3,"Norwood Oval","Adelaide Crows","Adelaide Crows","Geelong Cats","Geelong Cats",30,"https://s.afl.com.au/staticfile/AFL Tenant/AFL/Players/ChampIDImages/AFLW/2019264/997673.png?im=Scale,width=0.6,height=0.6","C","CD_I997673",FALSE,30,"Richelle","Cranston","CD_T8467",NA,77,0,0,NA,12,7,19,1,0,3,12,5,17,3,0,0,0,0,42.1,4,1,0,66,3,1,0,0,NA,"2019-03-07T00:08:36.428+0000",5,2,1,0,NA,NA,NA,3,305,1,4,5,0,0,0,0,0,0,0,0,0,0,0,0,0,0,0,0,0,0,0,0,0,0,0,NA,NA,NA,"CD_I997673",FALSE,30,"Richelle","Cranston","away","Geelong Cats"
"CD_M20192640304","2019-02-17T03:35:00.000+0000","CONCLUDED","2019 NAB AFLW Season","Round 3",3,"Norwood Oval","Adelaide Crows","Adelaide Crows","Geelong Cats","Geelong Cats",5,"https://s.afl.com.au/staticfile/AFL Tenant/AFL/Players/ChampIDImages/AFLW/2019264/1008031.png?im=Scale,width=0.6,height=0.6","INT","CD_I1008031",FALSE,5,"Jordan","Ivey","CD_T8467",NA,59,0,1,NA,4,5,9,1,0,3,5,3,8,0,0,0,0,1,66.7,0,1,0,39,0,0,0,0,NA,"2019-03-07T00:08:36.428+0000",0,2,0,1,NA,NA,NA,2,90,2,1,3,0,0,0,0,0,0,0,0,0,0,0,0,0,0,0,0,0,0,0,0,0,0,0,NA,NA,NA,"CD_I1008031",FALSE,5,"Jordan","Ivey","away","Geelong Cats"
"CD_M20192640304","2019-02-17T03:35:00.000+0000","CONCLUDED","2019 NAB AFLW Season","Round 3",3,"Norwood Oval","Adelaide Crows","Adelaide Crows","Geelong Cats","Geelong Cats",26,"https://s.afl.com.au/staticfile/AFL Tenant/AFL/Players/ChampIDImages/AFLW/2019264/997669.png?im=Scale,width=0.6,height=0.6","CHF","CD_I997669",FALSE,26,"Madeleine","Boyd","CD_T8467",NA,82,0,0,NA,2,4,6,3,0,1,4,3,7,0,0,1,0,1,83.3,0,0,0,27,0,0,0,0,NA,"2019-03-07T00:08:36.428+0000",0,0,0,0,NA,NA,NA,2,55,0,0,0,0,0,0,0,0,0,0,0,0,0,0,0,0,0,0,0,0,0,0,0,0,0,0,NA,NA,NA,"CD_I997669",FALSE,26,"Madeleine","Boyd","away","Geelong Cats"
"CD_M20192640304","2019-02-17T03:35:00.000+0000","CONCLUDED","2019 NAB AFLW Season","Round 3",3,"Norwood Oval","Adelaide Crows","Adelaide Crows","Geelong Cats","Geelong Cats",23,"https://s.afl.com.au/staticfile/AFL Tenant/AFL/Players/ChampIDImages/AFLW/2019264/997689.png?im=Scale,width=0.6,height=0.6","FF","CD_I997689",FALSE,23,"Phoebe","McWilliams","CD_T8467",NA,93,1,0,NA,6,2,8,4,0,1,5,3,8,2,1,2,0,2,87.5,0,1,0,45,0,1,100,0,NA,"2019-03-07T00:08:36.428+0000",1,0,0,1,NA,NA,NA,3,179,0,0,0,0,0,0,0,0,0,0,0,0,0,0,0,0,0,0,0,0,0,0,0,0,0,0,NA,NA,NA,"CD_I997689",FALSE,23,"Phoebe","McWilliams","away","Geelong Cats"
"CD_M20192640304","2019-02-17T03:35:00.000+0000","CONCLUDED","2019 NAB AFLW Season","Round 3",3,"Norwood Oval","Adelaide Crows","Adelaide Crows","Geelong Cats","Geelong Cats",2,"https://s.afl.com.au/staticfile/AFL Tenant/AFL/Players/ChampIDImages/AFLW/2019264/1012480.png?im=Scale,width=0.6,height=0.6","FPL","CD_I1012480",FALSE,2,"Danielle","Orr","CD_T8467",NA,72,1,0,NA,6,3,9,1,1,5,5,4,9,3,0,0,0,0,77.8,0,0,0,53,1,1,100,0,NA,"2019-03-07T00:08:36.428+0000",3,2,0,1,NA,NA,NA,3,197,0,2,2,0,0,0,0,0,0,0,0,0,0,0,0,0,0,0,0,0,0,0,0,0,0,0,NA,NA,NA,"CD_I1012480",FALSE,2,"Danielle","Orr","away","Geelong Cats"
"CD_M20192640304","2019-02-17T03:35:00.000+0000","CONCLUDED","2019 NAB AFLW Season","Round 3",3,"Norwood Oval","Adelaide Crows","Adelaide Crows","Geelong Cats","Geelong Cats",16,"https://s.afl.com.au/staticfile/AFL Tenant/AFL/Players/ChampIDImages/AFLW/2019264/1009861.png?im=Scale,width=0.6,height=0.6","R","CD_I1009861",FALSE,16,"Olivia","Purcell","CD_T8467",NA,73,1,0,NA,4,6,10,1,0,3,4,7,11,0,0,0,0,0,30,3,0,0,45,0,0,100,0,NA,"2019-03-07T00:08:36.428+0000",4,0,0,1,NA,NA,NA,1,145,0,1,1,0,0,0,0,0,0,0,0,0,0,0,0,0,0,0,0,0,0,0,0,0,0,0,NA,NA,NA,"CD_I1009861",FALSE,16,"Olivia","Purcell","away","Geelong Cats"
"CD_M20192640304","2019-02-17T03:35:00.000+0000","CONCLUDED","2019 NAB AFLW Season","Round 3",3,"Norwood Oval","Adelaide Crows","Adelaide Crows","Geelong Cats","Geelong Cats",27,"https://s.afl.com.au/staticfile/AFL Tenant/AFL/Players/ChampIDImages/AFLW/2019264/1009765.png?im=Scale,width=0.6,height=0.6","HFFR","CD_I1009765",FALSE,27,"Sophie","Van De Heuvel","CD_T8467",NA,57,0,0,NA,4,1,5,1,0,3,3,1,4,2,0,0,0,0,80,0,1,0,30,2,0,0,0,NA,"2019-03-07T00:08:36.428+0000",2,2,0,0,NA,NA,NA,0,102,0,2,2,0,0,0,0,0,0,0,0,0,0,0,0,0,0,0,0,0,0,0,0,0,0,0,NA,NA,NA,"CD_I1009765",FALSE,27,"Sophie","Van De Heuvel","away","Geelong Cats"
"CD_M20192640304","2019-02-17T03:35:00.000+0000","CONCLUDED","2019 NAB AFLW Season","Round 3",3,"Norwood Oval","Adelaide Crows","Adelaide Crows","Geelong Cats","Geelong Cats",21,"https://s.afl.com.au/staticfile/AFL Tenant/AFL/Players/ChampIDImages/AFLW/2019264/1009860.png?im=Scale,width=0.6,height=0.6","HBFR","CD_I1009860",FALSE,21,"Rebecca","Webster","CD_T8467",NA,64,0,0,NA,1,2,3,0,0,1,4,0,4,0,0,0,0,4,66.7,1,0,1,8,1,0,0,0,NA,"2019-03-07T00:08:36.428+0000",2,3,0,0,NA,NA,NA,0,16,0,0,0,0,0,0,0,0,0,0,0,0,0,0,0,0,0,0,0,0,0,0,0,0,0,0,NA,NA,NA,"CD_I1009860",FALSE,21,"Rebecca","Webster","away","Geelong Cats"
"CD_M20192640304","2019-02-17T03:35:00.000+0000","CONCLUDED","2019 NAB AFLW Season","Round 3",3,"Norwood Oval","Adelaide Crows","Adelaide Crows","Geelong Cats","Geelong Cats",7,"https://s.afl.com.au/staticfile/AFL Tenant/AFL/Players/ChampIDImages/AFLW/2019264/1006999.png?im=Scale,width=0.6,height=0.6","INT","CD_I1006999",FALSE,7,"Mia-Rae","Clifford","CD_T8467",NA,67,2,0,NA,3,2,5,2,0,1,2,3,5,1,1,1,0,0,80,0,1,0,36,0,0,100,0,NA,"2019-03-07T00:08:36.428+0000",1,0,1,2,NA,NA,NA,3,98,0,0,0,0,0,0,0,0,0,0,0,0,0,0,0,0,0,0,0,0,0,0,0,0,0,0,NA,NA,NA,"CD_I1006999",FALSE,7,"Mia-Rae","Clifford","away","Geelong Cats"
"CD_M20192640304","2019-02-17T03:35:00.000+0000","CONCLUDED","2019 NAB AFLW Season","Round 3",3,"Norwood Oval","Adelaide Crows","Adelaide Crows","Geelong Cats","Geelong Cats",8,"https://s.afl.com.au/staticfile/AFL Tenant/AFL/Players/ChampIDImages/AFLW/2019264/1007001.png?im=Scale,width=0.6,height=0.6","INT","CD_I1007001",FALSE,8,"Kate","Darby","CD_T8467",NA,74,1,0,NA,3,2,5,0,0,1,3,2,5,0,0,0,4,1,60,1,0,1,24,0,0,100,0,NA,"2019-03-07T00:08:36.428+0000",2,0,0,1,NA,NA,NA,2,77,0,1,1,0,0,0,0,0,0,0,0,0,0,0,0,0,0,0,0,0,0,0,0,0,0,0,NA,NA,NA,"CD_I1007001",FALSE,8,"Kate","Darby","away","Geelong Cats"
"CD_M20192640304","2019-02-17T03:35:00.000+0000","CONCLUDED","2019 NAB AFLW Season","Round 3",3,"Norwood Oval","Adelaide Crows","Adelaide Crows","Geelong Cats","Geelong Cats",12,"https://s.afl.com.au/staticfile/AFL Tenant/AFL/Players/ChampIDImages/AFLW/2019264/1012470.png?im=Scale,width=0.6,height=0.6","RR","CD_I1012470",FALSE,12,"Renee","Garing","CD_T8467",NA,84,0,0,NA,3,6,9,2,0,2,2,8,10,3,0,0,0,0,44.4,4,0,0,35,0,0,0,0,NA,"2019-03-07T00:08:36.428+0000",4,3,1,0,NA,NA,NA,1,128,0,0,0,0,0,0,0,0,0,0,0,0,0,0,0,0,0,0,0,0,0,0,0,0,0,0,NA,NA,NA,"CD_I1012470",FALSE,12,"Renee","Garing","away","Geelong Cats"
"CD_M20192640304","2019-02-17T03:35:00.000+0000","CONCLUDED","2019 NAB AFLW Season","Round 3",3,"Norwood Oval","Adelaide Crows","Adelaide Crows","Geelong Cats","Geelong Cats",40,"https://s.afl.com.au/staticfile/AFL Tenant/AFL/Players/ChampIDImages/AFLW/2019264/1010687.png?im=Scale,width=0.6,height=0.6","BPL","CD_I1010687",FALSE,40,"Anna","Teague","CD_T8467",NA,92,0,0,NA,3,3,6,0,0,1,2,3,5,0,0,0,0,0,83.3,0,1,0,20,1,0,0,0,NA,"2019-03-07T00:08:36.428+0000",0,2,0,0,NA,NA,NA,0,19,0,1,1,0,0,0,0,0,0,0,0,0,0,0,0,0,0,0,0,0,0,0,0,0,0,0,NA,NA,NA,"CD_I1010687",FALSE,40,"Anna","Teague","away","Geelong Cats"
"CD_M20192640304","2019-02-17T03:35:00.000+0000","CONCLUDED","2019 NAB AFLW Season","Round 3",3,"Norwood Oval","Adelaide Crows","Adelaide Crows","Geelong Cats","Geelong Cats",11,"https://s.afl.com.au/staticfile/AFL Tenant/AFL/Players/ChampIDImages/AFLW/2019264/1007155.png?im=Scale,width=0.6,height=0.6","CHB","CD_I1007155",FALSE,11,"Meghan","McDonald","CD_T8467",NA,96,0,0,NA,12,4,16,4,0,0,7,5,12,0,0,0,0,4,56.3,7,1,1,54,5,0,0,0,NA,"2019-03-07T00:08:36.428+0000",5,6,0,0,NA,NA,NA,2,325,0,0,0,0,0,0,0,0,0,0,0,0,0,0,0,0,0,0,0,0,0,0,0,0,0,0,NA,NA,NA,"CD_I1007155",FALSE,11,"Meghan","McDonald","away","Geelong Cats"
"CD_M20192640304","2019-02-17T03:35:00.000+0000","CONCLUDED","2019 NAB AFLW Season","Round 3",3,"Norwood Oval","Adelaide Crows","Adelaide Crows","Geelong Cats","Geelong Cats",24,"https://s.afl.com.au/staticfile/AFL Tenant/AFL/Players/ChampIDImages/AFLW/2019264/1012474.png?im=Scale,width=0.6,height=0.6","INT","CD_I1012474",FALSE,24,"Madaleine","McMahon","CD_T8467",NA,80,0,0,NA,7,3,10,4,0,2,6,3,9,0,0,2,0,3,70,0,1,0,48,5,0,0,0,NA,"2019-03-07T00:08:36.428+0000",2,9,0,0,NA,NA,NA,0,172,0,0,0,0,0,0,0,0,0,0,0,0,0,0,0,0,0,0,0,0,0,0,0,0,0,0,NA,NA,NA,"CD_I1012474",FALSE,24,"Madaleine","McMahon","away","Geelong Cats"
"CD_M20192640304","2019-02-17T03:35:00.000+0000","CONCLUDED","2019 NAB AFLW Season","Round 3",3,"Norwood Oval","Adelaide Crows","Adelaide Crows","Geelong Cats","Geelong Cats",28,"https://s.afl.com.au/staticfile/AFL Tenant/AFL/Players/ChampIDImages/AFLW/2019264/1009854.png?im=Scale,width=0.6,height=0.6","HFFL","CD_I1009854",FALSE,28,"Denby","Taylor","CD_T8467",NA,70,0,0,NA,2,4,6,2,0,1,2,4,6,0,0,0,0,1,66.7,1,0,0,24,1,0,0,0,NA,"2019-03-07T00:08:36.428+0000",1,2,0,0,NA,NA,NA,0,38,0,0,0,0,0,0,0,0,0,0,0,0,0,0,0,0,0,0,0,0,0,0,0,0,0,0,NA,NA,NA,"CD_I1009854",FALSE,28,"Denby","Taylor","away","Geelong Cats"
"CD_M20192640305","2019-02-17T05:35:00.000+0000","CONCLUDED","2019 NAB AFLW Season","Round 3",3,"Hickey Park","Brisbane Lions","Brisbane Lions","Melbourne","Melbourne",18,"https://s.afl.com.au/staticfile/AFL Tenant/AFL/Players/ChampIDImages/AFLW/2019264/1005630.png?im=Scale,width=0.6,height=0.6","R","CD_I1005630",FALSE,18,"Alexandra","Anderson","CD_T7887",NA,80,0,0,NA,11,10,21,3,0,5,12,10,22,2,2,0,0,0,42.9,5,2,0,84,1,1,0,NA,NA,"2019-05-01T04:42:46.667+0000",8,5,0,1,NA,NA,NA,1,233,2,5,7,0,0,0,0,0,0,0,0,0,0,0,0,0,0,0,0,0,0,0,0,0,0,0,NA,NA,NA,"CD_I1005630",FALSE,18,"Alexandra","Anderson","home","Brisbane Lions"
"CD_M20192640305","2019-02-17T05:35:00.000+0000","CONCLUDED","2019 NAB AFLW Season","Round 3",3,"Hickey Park","Brisbane Lions","Brisbane Lions","Melbourne","Melbourne",16,"https://s.afl.com.au/staticfile/AFL Tenant/AFL/Players/ChampIDImages/AFLW/2019264/998154.png?im=Scale,width=0.6,height=0.6","HBFL","CD_I998154",FALSE,16,"Lauren","Arnell","CD_T7887",NA,85,0,0,NA,10,2,12,4,0,2,2,8,10,2,0,0,0,0,66.7,1,0,0,54,2,0,0,NA,NA,"2019-05-01T04:42:46.667+0000",5,1,0,0,NA,NA,NA,1,243,0,2,2,0,0,0,0,0,0,0,0,0,0,0,0,0,0,0,0,0,0,0,0,0,0,0,NA,NA,NA,"CD_I998154",FALSE,16,"Lauren","Arnell","home","Brisbane Lions"
"CD_M20192640305","2019-02-17T05:35:00.000+0000","CONCLUDED","2019 NAB AFLW Season","Round 3",3,"Hickey Park","Brisbane Lions","Brisbane Lions","Melbourne","Melbourne",15,"https://s.afl.com.au/staticfile/AFL Tenant/AFL/Players/ChampIDImages/AFLW/2019264/1007137.png?im=Scale,width=0.6,height=0.6","C","CD_I1007137",FALSE,15,"Nat","Exon","CD_T7887",NA,71,1,0,NA,5,5,10,3,0,6,5,5,10,3,1,0,0,0,70,0,1,0,65,0,0,100,NA,NA,"2019-05-01T04:42:46.667+0000",2,3,1,1,NA,NA,NA,1,132,0,2,2,0,0,0,0,0,0,0,0,0,0,0,0,0,0,0,0,0,0,0,0,0,0,0,NA,NA,NA,"CD_I1007137",FALSE,15,"Nat","Exon","home","Brisbane Lions"
"CD_M20192640305","2019-02-17T05:35:00.000+0000","CONCLUDED","2019 NAB AFLW Season","Round 3",3,"Hickey Park","Brisbane Lions","Brisbane Lions","Melbourne","Melbourne",11,"https://s.afl.com.au/staticfile/AFL Tenant/AFL/Players/ChampIDImages/AFLW/2019264/998037.png?im=Scale,width=0.6,height=0.6","FB","CD_I998037",FALSE,11,"Leah","Kaslar","CD_T7887",NA,41,0,0,NA,2,3,5,0,0,2,3,2,5,0,0,0,0,3,60,1,0,0,20,2,0,0,NA,NA,"2019-05-01T04:42:46.667+0000",0,2,0,0,NA,NA,NA,0,41,0,0,0,0,0,0,0,0,0,0,0,0,0,0,0,0,0,0,0,0,0,0,0,0,0,0,NA,NA,NA,"CD_I998037",FALSE,11,"Leah","Kaslar","home","Brisbane Lions"
"CD_M20192640305","2019-02-17T05:35:00.000+0000","CONCLUDED","2019 NAB AFLW Season","Round 3",3,"Hickey Park","Brisbane Lions","Brisbane Lions","Melbourne","Melbourne",7,"https://s.afl.com.au/staticfile/AFL Tenant/AFL/Players/ChampIDImages/AFLW/2019264/1001678.png?im=Scale,width=0.6,height=0.6","INT","CD_I1001678",FALSE,7,"Jordan","Zanchetta","CD_T7887",NA,57,0,0,NA,1,4,5,0,0,6,4,2,6,1,0,0,0,0,100,1,0,1,32,1,0,0,NA,NA,"2019-05-01T04:42:46.667+0000",0,2,0,0,NA,NA,NA,0,26,1,0,1,0,0,0,0,0,0,0,0,0,0,0,0,0,0,0,0,0,0,0,0,0,0,0,NA,NA,NA,"CD_I1001678",FALSE,7,"Jordan","Zanchetta","home","Brisbane Lions"
"CD_M20192640305","2019-02-17T05:35:00.000+0000","CONCLUDED","2019 NAB AFLW Season","Round 3",3,"Hickey Park","Brisbane Lions","Brisbane Lions","Melbourne","Melbourne",8,"https://s.afl.com.au/staticfile/AFL Tenant/AFL/Players/ChampIDImages/AFLW/2019264/998034.png?im=Scale,width=0.6,height=0.6","HFFR","CD_I998034",FALSE,8,"Emma","Zielke","CD_T7887",NA,67,0,0,NA,8,3,11,3,0,0,3,8,11,2,0,0,0,0,72.7,0,0,0,39,2,0,0,NA,NA,"2019-05-01T04:42:46.667+0000",1,1,0,0,NA,NA,NA,2,216,0,1,1,0,0,0,0,0,0,0,0,0,0,0,0,0,0,0,0,0,0,0,0,0,0,0,NA,NA,NA,"CD_I998034",FALSE,8,"Emma","Zielke","home","Brisbane Lions"
"CD_M20192640305","2019-02-17T05:35:00.000+0000","CONCLUDED","2019 NAB AFLW Season","Round 3",3,"Hickey Park","Brisbane Lions","Brisbane Lions","Melbourne","Melbourne",14,"https://s.afl.com.au/staticfile/AFL Tenant/AFL/Players/ChampIDImages/AFLW/2019264/1003019.png?im=Scale,width=0.6,height=0.6","FF","CD_I1003019",FALSE,14,"Sabrina","Frederick-Traub","CD_T7887",NA,100,0,0,NA,2,2,4,1,0,4,3,1,4,1,0,1,2,1,50,0,0,0,31,1,0,0,NA,NA,"2019-05-01T04:42:46.667+0000",0,2,1,0,NA,NA,NA,0,38,0,0,0,0,0,0,0,0,0,0,0,0,0,0,0,0,0,0,0,0,0,0,0,0,0,0,NA,NA,NA,"CD_I1003019",FALSE,14,"Sabrina","Frederick-Traub","home","Brisbane Lions"
"CD_M20192640305","2019-02-17T05:35:00.000+0000","CONCLUDED","2019 NAB AFLW Season","Round 3",3,"Hickey Park","Brisbane Lions","Brisbane Lions","Melbourne","Melbourne",1,"https://s.afl.com.au/staticfile/AFL Tenant/AFL/Players/ChampIDImages/AFLW/2019264/998155.png?im=Scale,width=0.6,height=0.6","HBFR","CD_I998155",FALSE,1,"Emily","Bates","CD_T7887",NA,78,0,1,NA,6,7,13,3,0,2,7,5,12,1,1,0,0,0,38.5,1,0,1,47,2,0,0,NA,NA,"2019-05-01T04:42:46.667+0000",3,3,0,1,NA,NA,NA,2,118,0,0,0,0,0,0,0,0,0,0,0,0,0,0,0,0,0,0,0,0,0,0,0,0,0,0,NA,NA,NA,"CD_I998155",FALSE,1,"Emily","Bates","home","Brisbane Lions"
"CD_M20192640305","2019-02-17T05:35:00.000+0000","CONCLUDED","2019 NAB AFLW Season","Round 3",3,"Hickey Park","Brisbane Lions","Brisbane Lions","Melbourne","Melbourne",32,"https://s.afl.com.au/staticfile/AFL Tenant/AFL/Players/ChampIDImages/AFLW/2019264/1009963.png?im=Scale,width=0.6,height=0.6","RK","CD_I1009963",FALSE,32,"Lauren","Bella","CD_T7887",NA,63,0,0,NA,1,0,1,0,0,4,0,1,1,0,0,0,17,1,0,2,0,1,33,1,0,0,NA,NA,"2019-05-01T04:42:46.667+0000",1,0,0,0,NA,NA,NA,0,32,0,0,0,0,0,0,0,0,0,0,0,0,0,0,0,0,0,0,0,0,0,0,0,0,0,0,NA,NA,NA,"CD_I1009963",FALSE,32,"Lauren","Bella","home","Brisbane Lions"
"CD_M20192640305","2019-02-17T05:35:00.000+0000","CONCLUDED","2019 NAB AFLW Season","Round 3",3,"Hickey Park","Brisbane Lions","Brisbane Lions","Melbourne","Melbourne",23,"https://s.afl.com.au/staticfile/AFL Tenant/AFL/Players/ChampIDImages/AFLW/2019264/1001690.png?im=Scale,width=0.6,height=0.6","FPL","CD_I1001690",FALSE,23,"Jess","Wuetschner","CD_T7887",NA,94,0,0,NA,9,4,13,2,0,5,8,5,13,1,1,0,0,2,53.8,3,1,0,62,2,2,0,NA,NA,"2019-05-01T04:42:46.667+0000",6,4,1,0,NA,NA,NA,2,226,0,2,2,0,0,0,0,0,0,0,0,0,0,0,0,0,0,0,0,0,0,0,0,0,0,0,NA,NA,NA,"CD_I1001690",FALSE,23,"Jess","Wuetschner","home","Brisbane Lions"
"CD_M20192640305","2019-02-17T05:35:00.000+0000","CONCLUDED","2019 NAB AFLW Season","Round 3",3,"Hickey Park","Brisbane Lions","Brisbane Lions","Melbourne","Melbourne",20,"https://s.afl.com.au/staticfile/AFL Tenant/AFL/Players/ChampIDImages/AFLW/2019264/1007130.png?im=Scale,width=0.6,height=0.6","BPL","CD_I1007130",FALSE,20,"Shannon","Campbell","CD_T7887",NA,83,0,0,NA,4,3,7,2,0,1,2,5,7,1,0,0,0,5,85.7,2,0,0,28,0,0,0,NA,NA,"2019-05-01T04:42:46.667+0000",1,4,0,0,NA,NA,NA,2,72,0,0,0,0,0,0,0,0,0,0,0,0,0,0,0,0,0,0,0,0,0,0,0,0,0,0,NA,NA,NA,"CD_I1007130",FALSE,20,"Shannon","Campbell","home","Brisbane Lions"
"CD_M20192640305","2019-02-17T05:35:00.000+0000","CONCLUDED","2019 NAB AFLW Season","Round 3",3,"Hickey Park","Brisbane Lions","Brisbane Lions","Melbourne","Melbourne",26,"https://s.afl.com.au/staticfile/AFL Tenant/AFL/Players/ChampIDImages/AFLW/2019264/1009832.png?im=Scale,width=0.6,height=0.6","FPR","CD_I1009832",FALSE,26,"Tori","Groves-Little","CD_T7887",NA,93,0,0,NA,4,2,6,0,0,4,6,0,6,2,0,0,0,0,50,1,2,0,34,0,0,0,NA,NA,"2019-05-01T04:42:46.667+0000",3,2,0,0,NA,NA,NA,2,135,0,0,0,0,0,0,0,0,0,0,0,0,0,0,0,0,0,0,0,0,0,0,0,0,0,0,NA,NA,NA,"CD_I1009832",FALSE,26,"Tori","Groves-Little","home","Brisbane Lions"
"CD_M20192640305","2019-02-17T05:35:00.000+0000","CONCLUDED","2019 NAB AFLW Season","Round 3",3,"Hickey Park","Brisbane Lions","Brisbane Lions","Melbourne","Melbourne",3,"https://s.afl.com.au/staticfile/AFL Tenant/AFL/Players/ChampIDImages/AFLW/2019264/1005661.png?im=Scale,width=0.6,height=0.6","RR","CD_I1005661",FALSE,3,"Breanna","Koenen","CD_T7887",NA,78,0,0,NA,7,1,8,2,0,2,3,4,7,1,0,1,0,3,62.5,0,0,0,37,1,0,0,NA,NA,"2019-05-01T04:42:46.667+0000",4,5,0,0,NA,NA,NA,1,116,0,0,0,0,0,0,0,0,0,0,0,0,0,0,0,0,0,0,0,0,0,0,0,0,0,0,NA,NA,NA,"CD_I1005661",FALSE,3,"Breanna","Koenen","home","Brisbane Lions"
"CD_M20192640305","2019-02-17T05:35:00.000+0000","CONCLUDED","2019 NAB AFLW Season","Round 3",3,"Hickey Park","Brisbane Lions","Brisbane Lions","Melbourne","Melbourne",13,"https://s.afl.com.au/staticfile/AFL Tenant/AFL/Players/ChampIDImages/AFLW/2019264/1005638.png?im=Scale,width=0.6,height=0.6","CHB","CD_I1005638",FALSE,13,"Kate","Lutkins","CD_T7887",NA,85,0,1,NA,12,3,15,3,0,5,8,6,14,1,0,2,0,1,53.3,4,2,0,74,5,0,0,NA,NA,"2019-05-01T04:42:46.667+0000",6,4,0,1,NA,NA,NA,2,354,0,1,1,0,0,0,0,0,0,0,0,0,0,0,0,0,0,0,0,0,0,0,0,0,0,0,NA,NA,NA,"CD_I1005638",FALSE,13,"Kate","Lutkins","home","Brisbane Lions"
"CD_M20192640305","2019-02-17T05:35:00.000+0000","CONCLUDED","2019 NAB AFLW Season","Round 3",3,"Hickey Park","Brisbane Lions","Brisbane Lions","Melbourne","Melbourne",10,"https://s.afl.com.au/staticfile/AFL Tenant/AFL/Players/ChampIDImages/AFLW/2019264/1014037.png?im=Scale,width=0.6,height=0.6","INT","CD_I1014037",FALSE,10,"Paige","Parker","CD_T7887",NA,77,0,0,NA,3,2,5,1,1,1,2,4,6,0,0,1,0,2,60,5,0,2,14,2,0,0,NA,NA,"2019-05-01T04:42:46.667+0000",2,2,0,0,NA,NA,NA,1,105,0,0,0,0,0,0,0,0,0,0,0,0,0,0,0,0,0,0,0,0,0,0,0,0,0,0,NA,NA,NA,"CD_I1014037",FALSE,10,"Paige","Parker","home","Brisbane Lions"
"CD_M20192640305","2019-02-17T05:35:00.000+0000","CONCLUDED","2019 NAB AFLW Season","Round 3",3,"Hickey Park","Brisbane Lions","Brisbane Lions","Melbourne","Melbourne",33,"https://s.afl.com.au/staticfile/AFL Tenant/AFL/Players/ChampIDImages/AFLW/2019264/1009894.png?im=Scale,width=0.6,height=0.6","HFFL","CD_I1009894",FALSE,33,"McKenzie","Dowrick","CD_T7887",NA,66,0,1,NA,11,2,13,3,0,1,7,7,14,2,0,0,0,0,53.8,3,0,0,51,1,0,0,NA,NA,"2019-05-01T04:42:46.667+0000",5,7,0,1,NA,NA,NA,1,262,0,1,1,0,0,0,0,0,0,0,0,0,0,0,0,0,0,0,0,0,0,0,0,0,0,0,NA,NA,NA,"CD_I1009894",FALSE,33,"McKenzie","Dowrick","home","Brisbane Lions"
"CD_M20192640305","2019-02-17T05:35:00.000+0000","CONCLUDED","2019 NAB AFLW Season","Round 3",3,"Hickey Park","Brisbane Lions","Brisbane Lions","Melbourne","Melbourne",9,"https://s.afl.com.au/staticfile/AFL Tenant/AFL/Players/ChampIDImages/AFLW/2019264/1005636.png?im=Scale,width=0.6,height=0.6","INT","CD_I1005636",FALSE,9,"Kate","McCarthy","CD_T7887",NA,80,1,0,NA,5,1,6,1,0,5,4,2,6,1,1,0,0,0,33.3,1,2,0,48,0,0,50,NA,NA,"2019-05-01T04:42:46.667+0000",4,2,3,2,NA,NA,NA,1,81,1,1,2,0,0,0,0,0,0,0,0,0,0,0,0,0,0,0,0,0,0,0,0,0,0,0,NA,NA,NA,"CD_I1005636",FALSE,9,"Kate","McCarthy","home","Brisbane Lions"
"CD_M20192640305","2019-02-17T05:35:00.000+0000","CONCLUDED","2019 NAB AFLW Season","Round 3",3,"Hickey Park","Brisbane Lions","Brisbane Lions","Melbourne","Melbourne",19,"https://s.afl.com.au/staticfile/AFL Tenant/AFL/Players/ChampIDImages/AFLW/2019264/1010664.png?im=Scale,width=0.6,height=0.6","INT","CD_I1010664",FALSE,19,"Emma","Pittman","CD_T7887",NA,61,0,0,NA,3,5,8,1,0,1,5,2,7,1,0,0,0,2,75,3,1,0,27,1,0,0,NA,NA,"2019-05-01T04:42:46.667+0000",1,6,1,0,NA,NA,NA,0,45,0,0,0,0,0,0,0,0,0,0,0,0,0,0,0,0,0,0,0,0,0,0,0,0,0,0,NA,NA,NA,"CD_I1010664",FALSE,19,"Emma","Pittman","home","Brisbane Lions"
"CD_M20192640305","2019-02-17T05:35:00.000+0000","CONCLUDED","2019 NAB AFLW Season","Round 3",3,"Hickey Park","Brisbane Lions","Brisbane Lions","Melbourne","Melbourne",30,"https://s.afl.com.au/staticfile/AFL Tenant/AFL/Players/ChampIDImages/AFLW/2019264/1009838.png?im=Scale,width=0.6,height=0.6","CHF","CD_I1009838",FALSE,30,"Jesse","Tawhiao-Wardlaw","CD_T7887",NA,83,1,0,NA,3,5,8,3,0,2,5,4,9,0,2,1,8,0,62.5,0,0,0,50,0,0,100,NA,NA,"2019-05-01T04:42:46.667+0000",2,2,0,1,NA,NA,NA,1,71,0,1,1,0,0,0,0,0,0,0,0,0,0,0,0,0,0,0,0,0,0,0,0,0,0,0,NA,NA,NA,"CD_I1009838",FALSE,30,"Jesse","Tawhiao-Wardlaw","home","Brisbane Lions"
"CD_M20192640305","2019-02-17T05:35:00.000+0000","CONCLUDED","2019 NAB AFLW Season","Round 3",3,"Hickey Park","Brisbane Lions","Brisbane Lions","Melbourne","Melbourne",5,"https://s.afl.com.au/staticfile/AFL Tenant/AFL/Players/ChampIDImages/AFLW/2019264/1005652.png?im=Scale,width=0.6,height=0.6","BPR","CD_I1005652",FALSE,5,"Sam","Virgo","CD_T7887",NA,88,0,0,NA,7,0,7,2,0,4,3,2,5,0,0,1,0,0,57.1,2,1,1,41,1,0,0,NA,NA,"2019-05-01T04:42:46.667+0000",4,5,0,0,NA,NA,NA,0,94,0,0,0,0,0,0,0,0,0,0,0,0,0,0,0,0,0,0,0,0,0,0,0,0,0,0,NA,NA,NA,"CD_I1005652",FALSE,5,"Sam","Virgo","home","Brisbane Lions"
"CD_M20192640305","2019-02-17T05:35:00.000+0000","CONCLUDED","2019 NAB AFLW Season","Round 3",3,"Hickey Park","Brisbane Lions","Brisbane Lions","Melbourne","Melbourne",28,"https://s.afl.com.au/staticfile/AFL Tenant/AFL/Players/ChampIDImages/AFLW/2019264/1009826.png?im=Scale,width=0.6,height=0.6","INT","CD_I1009826",FALSE,28,"Gabby","Collingwood","CD_T7887",NA,69,0,0,NA,6,1,7,4,1,3,1,6,7,1,0,0,0,1,71.4,2,0,0,44,0,0,0,NA,NA,"2019-05-01T04:42:46.667+0000",1,1,1,0,NA,NA,NA,1,99,0,1,1,0,0,0,0,0,0,0,0,0,0,0,0,0,0,0,0,0,0,0,0,0,0,0,NA,NA,NA,"CD_I1009826",FALSE,28,"Gabby","Collingwood","home","Brisbane Lions"
"CD_M20192640305","2019-02-17T05:35:00.000+0000","CONCLUDED","2019 NAB AFLW Season","Round 3",3,"Hickey Park","Brisbane Lions","Brisbane Lions","Melbourne","Melbourne",12,"https://s.afl.com.au/staticfile/AFL Tenant/AFL/Players/ChampIDImages/AFLW/2019264/1007028.png?im=Scale,width=0.6,height=0.6","CHF","CD_I1007028",FALSE,12,"Shelley","Scott","CD_T7386",NA,100,0,0,NA,6,7,13,4,0,1,9,3,12,3,2,2,0,3,69.2,3,1,0,49,1,0,0,NA,NA,"2019-05-01T04:42:46.667+0000",3,8,1,0,NA,NA,NA,3,178,0,0,0,0,0,0,0,0,0,0,0,0,0,0,0,0,0,0,0,0,0,0,0,0,0,0,NA,NA,NA,"CD_I1007028",FALSE,12,"Shelley","Scott","away","Melbourne"
"CD_M20192640305","2019-02-17T05:35:00.000+0000","CONCLUDED","2019 NAB AFLW Season","Round 3",3,"Hickey Park","Brisbane Lions","Brisbane Lions","Melbourne","Melbourne",19,"https://s.afl.com.au/staticfile/AFL Tenant/AFL/Players/ChampIDImages/AFLW/2019264/1005264.png?im=Scale,width=0.6,height=0.6","INT","CD_I1005264",FALSE,19,"Ashleigh","Woodland","CD_T7386",NA,52,0,0,NA,0,2,2,0,0,0,1,1,2,0,0,0,0,0,50,0,0,0,4,0,0,0,NA,NA,"2019-05-01T04:42:46.667+0000",0,1,0,0,NA,NA,NA,0,5,0,0,0,0,0,0,0,0,0,0,0,0,0,0,0,0,0,0,0,0,0,0,0,0,0,0,NA,NA,NA,"CD_I1005264",FALSE,19,"Ashleigh","Woodland","away","Melbourne"
"CD_M20192640305","2019-02-17T05:35:00.000+0000","CONCLUDED","2019 NAB AFLW Season","Round 3",3,"Hickey Park","Brisbane Lions","Brisbane Lions","Melbourne","Melbourne",21,"https://s.afl.com.au/staticfile/AFL Tenant/AFL/Players/ChampIDImages/AFLW/2019264/1007152.png?im=Scale,width=0.6,height=0.6","FB","CD_I1007152",FALSE,21,"Harriet","Cordner","CD_T7386",NA,100,0,0,NA,6,6,12,4,0,1,7,6,13,1,0,3,0,7,66.7,1,0,0,46,1,0,0,NA,NA,"2019-05-01T04:42:46.667+0000",1,7,0,0,NA,NA,NA,2,190,0,0,0,0,0,0,0,0,0,0,0,0,0,0,0,0,0,0,0,0,0,0,0,0,0,0,NA,NA,NA,"CD_I1007152",FALSE,21,"Harriet","Cordner","away","Melbourne"
"CD_M20192640305","2019-02-17T05:35:00.000+0000","CONCLUDED","2019 NAB AFLW Season","Round 3",3,"Hickey Park","Brisbane Lions","Brisbane Lions","Melbourne","Melbourne",1,"https://s.afl.com.au/staticfile/AFL Tenant/AFL/Players/ChampIDImages/AFLW/2019264/1010659.png?im=Scale,width=0.6,height=0.6","FF","CD_I1010659",FALSE,1,"Tegan","Cunningham","CD_T7386",NA,78,1,0,NA,2,2,4,2,0,2,3,1,4,0,2,1,1,2,75,1,1,1,29,0,0,50,NA,NA,"2019-05-01T04:42:46.667+0000",2,0,1,2,NA,NA,NA,2,41,0,0,0,0,0,0,0,0,0,0,0,0,0,0,0,0,0,0,0,0,0,0,0,0,0,0,NA,NA,NA,"CD_I1010659",FALSE,1,"Tegan","Cunningham","away","Melbourne"
"CD_M20192640305","2019-02-17T05:35:00.000+0000","CONCLUDED","2019 NAB AFLW Season","Round 3",3,"Hickey Park","Brisbane Lions","Brisbane Lions","Melbourne","Melbourne",2,"https://s.afl.com.au/staticfile/AFL Tenant/AFL/Players/ChampIDImages/AFLW/2019264/1007149.png?im=Scale,width=0.6,height=0.6","BPL","CD_I1007149",FALSE,2,"Meg","Downie","CD_T7386",NA,79,0,0,NA,2,6,8,2,0,1,4,4,8,0,0,0,0,2,100,1,0,1,25,0,0,0,NA,NA,"2019-05-01T04:42:46.667+0000",1,6,0,0,NA,NA,NA,0,27,0,0,0,0,0,0,0,0,0,0,0,0,0,0,0,0,0,0,0,0,0,0,0,0,0,0,NA,NA,NA,"CD_I1007149",FALSE,2,"Meg","Downie","away","Melbourne"
"CD_M20192640305","2019-02-17T05:35:00.000+0000","CONCLUDED","2019 NAB AFLW Season","Round 3",3,"Hickey Park","Brisbane Lions","Brisbane Lions","Melbourne","Melbourne",36,"https://s.afl.com.au/staticfile/AFL Tenant/AFL/Players/ChampIDImages/AFLW/2019264/1005866.png?im=Scale,width=0.6,height=0.6","BPR","CD_I1005866",FALSE,36,"Ainslie","Kemp","CD_T7386",NA,57,0,0,NA,1,7,8,1,0,1,4,4,8,0,0,0,0,0,87.5,0,0,0,24,1,0,0,NA,NA,"2019-05-01T04:42:46.667+0000",0,4,0,0,NA,NA,NA,2,28,0,0,0,0,0,0,0,0,0,0,0,0,0,0,0,0,0,0,0,0,0,0,0,0,0,0,NA,NA,NA,"CD_I1005866",FALSE,36,"Ainslie","Kemp","away","Melbourne"
"CD_M20192640305","2019-02-17T05:35:00.000+0000","CONCLUDED","2019 NAB AFLW Season","Round 3",3,"Hickey Park","Brisbane Lions","Brisbane Lions","Melbourne","Melbourne",15,"https://s.afl.com.au/staticfile/AFL Tenant/AFL/Players/ChampIDImages/AFLW/2019264/1005863.png?im=Scale,width=0.6,height=0.6","RK","CD_I1005863",FALSE,15,"Lauren","Pearce","CD_T7386",NA,84,0,0,NA,10,11,21,2,0,2,15,3,18,5,0,0,15,2,57.1,4,1,1,79,2,0,0,NA,NA,"2019-05-01T04:42:46.667+0000",5,5,0,0,NA,NA,NA,3,298,3,6,9,0,0,0,0,0,0,0,0,0,0,0,0,0,0,0,0,0,0,0,0,0,0,0,NA,NA,NA,"CD_I1005863",FALSE,15,"Lauren","Pearce","away","Melbourne"
"CD_M20192640305","2019-02-17T05:35:00.000+0000","CONCLUDED","2019 NAB AFLW Season","Round 3",3,"Hickey Park","Brisbane Lions","Brisbane Lions","Melbourne","Melbourne",11,"https://s.afl.com.au/staticfile/AFL Tenant/AFL/Players/ChampIDImages/AFLW/2019264/1012560.png?im=Scale,width=0.6,height=0.6","HBFR","CD_I1012560",FALSE,11,"Chantel","Emonson","CD_T7386",NA,85,0,0,NA,8,1,9,1,0,5,1,8,9,1,0,0,0,0,66.7,0,0,0,49,3,0,0,NA,NA,"2019-05-01T04:42:46.667+0000",2,1,0,0,NA,NA,NA,1,175,0,0,0,0,0,0,0,0,0,0,0,0,0,0,0,0,0,0,0,0,0,0,0,0,0,0,NA,NA,NA,"CD_I1012560",FALSE,11,"Chantel","Emonson","away","Melbourne"
"CD_M20192640305","2019-02-17T05:35:00.000+0000","CONCLUDED","2019 NAB AFLW Season","Round 3",3,"Hickey Park","Brisbane Lions","Brisbane Lions","Melbourne","Melbourne",17,"https://s.afl.com.au/staticfile/AFL Tenant/AFL/Players/ChampIDImages/AFLW/2019264/1004402.png?im=Scale,width=0.6,height=0.6","INT","CD_I1004402",FALSE,17,"Ashleigh","Guest","CD_T7386",NA,50,0,0,NA,1,3,4,0,0,0,1,3,4,0,0,0,0,0,75,0,0,0,9,0,0,0,NA,NA,"2019-05-01T04:42:46.667+0000",0,0,0,0,NA,NA,NA,2,28,0,1,1,0,0,0,0,0,0,0,0,0,0,0,0,0,0,0,0,0,0,0,0,0,0,0,NA,NA,NA,"CD_I1004402",FALSE,17,"Ashleigh","Guest","away","Melbourne"
"CD_M20192640305","2019-02-17T05:35:00.000+0000","CONCLUDED","2019 NAB AFLW Season","Round 3",3,"Hickey Park","Brisbane Lions","Brisbane Lions","Melbourne","Melbourne",3,"https://s.afl.com.au/staticfile/AFL Tenant/AFL/Players/ChampIDImages/AFLW/2019264/1009976.png?im=Scale,width=0.6,height=0.6","HFFL","CD_I1009976",FALSE,3,"Maddison","Gay","CD_T7386",NA,77,0,0,NA,5,3,8,1,0,1,5,3,8,2,0,1,0,2,75,1,0,0,28,2,0,0,NA,NA,"2019-05-01T04:42:46.667+0000",1,1,1,1,NA,NA,NA,0,98,0,3,3,0,0,0,0,0,0,0,0,0,0,0,0,0,0,0,0,0,0,0,0,0,0,0,NA,NA,NA,"CD_I1009976",FALSE,3,"Maddison","Gay","away","Melbourne"
"CD_M20192640305","2019-02-17T05:35:00.000+0000","CONCLUDED","2019 NAB AFLW Season","Round 3",3,"Hickey Park","Brisbane Lions","Brisbane Lions","Melbourne","Melbourne",8,"https://s.afl.com.au/staticfile/AFL Tenant/AFL/Players/ChampIDImages/AFLW/2019264/1007011.png?im=Scale,width=0.6,height=0.6","HBFL","CD_I1007011",FALSE,8,"Sarah","Lampard","CD_T7386",NA,82,0,0,NA,3,4,7,0,0,0,3,2,5,0,0,0,0,0,71.4,1,0,1,14,0,0,0,NA,NA,"2019-05-01T04:42:46.667+0000",3,3,0,0,NA,NA,NA,2,82,0,0,0,0,0,0,0,0,0,0,0,0,0,0,0,0,0,0,0,0,0,0,0,0,0,0,NA,NA,NA,"CD_I1007011",FALSE,8,"Sarah","Lampard","away","Melbourne"
"CD_M20192640305","2019-02-17T05:35:00.000+0000","CONCLUDED","2019 NAB AFLW Season","Round 3",3,"Hickey Park","Brisbane Lions","Brisbane Lions","Melbourne","Melbourne",28,"https://s.afl.com.au/staticfile/AFL Tenant/AFL/Players/ChampIDImages/AFLW/2019264/1009853.png?im=Scale,width=0.6,height=0.6","INT","CD_I1009853",FALSE,28,"Tyla","Hanks","CD_T7386",NA,75,0,0,NA,9,3,12,4,0,3,2,10,12,3,1,0,0,0,75,1,0,1,54,0,1,0,NA,NA,"2019-05-01T04:42:46.667+0000",2,1,2,0,NA,NA,NA,3,170,0,0,0,0,0,0,0,0,0,0,0,0,0,0,0,0,0,0,0,0,0,0,0,0,0,0,NA,NA,NA,"CD_I1009853",FALSE,28,"Tyla","Hanks","away","Melbourne"
"CD_M20192640305","2019-02-17T05:35:00.000+0000","CONCLUDED","2019 NAB AFLW Season","Round 3",3,"Hickey Park","Brisbane Lions","Brisbane Lions","Melbourne","Melbourne",29,"https://s.afl.com.au/staticfile/AFL Tenant/AFL/Players/ChampIDImages/AFLW/2019264/1009764.png?im=Scale,width=0.6,height=0.6","FPL","CD_I1009764",FALSE,29,"Eden","Zanker","CD_T7386",NA,83,1,0,NA,7,4,11,3,0,3,6,5,11,1,2,1,10,1,45.5,0,0,0,66,0,0,25,NA,NA,"2019-05-01T04:42:46.667+0000",3,1,1,4,NA,NA,NA,2,145,1,0,1,0,0,0,0,0,0,0,0,0,0,0,0,0,0,0,0,0,0,0,0,0,0,0,NA,NA,NA,"CD_I1009764",FALSE,29,"Eden","Zanker","away","Melbourne"
"CD_M20192640305","2019-02-17T05:35:00.000+0000","CONCLUDED","2019 NAB AFLW Season","Round 3",3,"Hickey Park","Brisbane Lions","Brisbane Lions","Melbourne","Melbourne",4,"https://s.afl.com.au/staticfile/AFL Tenant/AFL/Players/ChampIDImages/AFLW/2019264/998149.png?im=Scale,width=0.6,height=0.6","R","CD_I998149",FALSE,4,"Karen","Paxman","CD_T7386",NA,86,1,0,NA,15,9,24,2,1,4,12,9,21,4,1,0,0,1,62.5,4,0,2,85,2,1,100,NA,NA,"2019-05-01T04:42:46.667+0000",5,8,1,1,NA,NA,NA,5,362,0,5,5,0,0,0,0,0,0,0,0,0,0,0,0,0,0,0,0,0,0,0,0,0,0,0,NA,NA,NA,"CD_I998149",FALSE,4,"Karen","Paxman","away","Melbourne"
"CD_M20192640305","2019-02-17T05:35:00.000+0000","CONCLUDED","2019 NAB AFLW Season","Round 3",3,"Hickey Park","Brisbane Lions","Brisbane Lions","Melbourne","Melbourne",14,"https://s.afl.com.au/staticfile/AFL Tenant/AFL/Players/ChampIDImages/AFLW/2019264/997708.png?im=Scale,width=0.6,height=0.6","RR","CD_I997708",FALSE,14,"Lily","Mithen","CD_T7386",NA,53,0,0,NA,7,3,10,4,0,4,5,5,10,0,0,0,0,0,40,3,1,1,53,3,0,0,NA,NA,"2019-05-01T04:42:46.667+0000",6,4,0,0,NA,NA,NA,0,44,1,1,2,0,0,0,0,0,0,0,0,0,0,0,0,0,0,0,0,0,0,0,0,0,0,0,NA,NA,NA,"CD_I997708",FALSE,14,"Lily","Mithen","away","Melbourne"
"CD_M20192640305","2019-02-17T05:35:00.000+0000","CONCLUDED","2019 NAB AFLW Season","Round 3",3,"Hickey Park","Brisbane Lions","Brisbane Lions","Melbourne","Melbourne",16,"https://s.afl.com.au/staticfile/AFL Tenant/AFL/Players/ChampIDImages/AFLW/2019264/1007151.png?im=Scale,width=0.6,height=0.6","HFFR","CD_I1007151",FALSE,16,"Aliesha","Newman","CD_T7386",NA,83,3,1,NA,13,6,19,2,3,0,8,10,18,4,0,0,0,1,52.6,3,0,0,76,0,0,60,NA,NA,"2019-05-01T04:42:46.667+0000",5,2,0,5,NA,NA,NA,4,397,0,0,0,0,0,0,0,0,0,0,0,0,0,0,0,0,0,0,0,0,0,0,0,0,0,0,NA,NA,NA,"CD_I1007151",FALSE,16,"Aliesha","Newman","away","Melbourne"
"CD_M20192640305","2019-02-17T05:35:00.000+0000","CONCLUDED","2019 NAB AFLW Season","Round 3",3,"Hickey Park","Brisbane Lions","Brisbane Lions","Melbourne","Melbourne",5,"https://s.afl.com.au/staticfile/AFL Tenant/AFL/Players/ChampIDImages/AFLW/2019264/998147.png?im=Scale,width=0.6,height=0.6","C","CD_I998147",FALSE,5,"Elise","O'Dea","CD_T7386",NA,80,0,0,NA,15,3,18,4,0,2,3,12,15,3,1,0,0,0,77.8,3,0,0,71,3,0,0,NA,NA,"2019-05-01T04:42:46.667+0000",4,3,0,0,NA,NA,NA,5,422,0,1,1,0,0,0,0,0,0,0,0,0,0,0,0,0,0,0,0,0,0,0,0,0,0,0,NA,NA,NA,"CD_I998147",FALSE,5,"Elise","O'Dea","away","Melbourne"
"CD_M20192640305","2019-02-17T05:35:00.000+0000","CONCLUDED","2019 NAB AFLW Season","Round 3",3,"Hickey Park","Brisbane Lions","Brisbane Lions","Melbourne","Melbourne",35,"https://s.afl.com.au/staticfile/AFL Tenant/AFL/Players/ChampIDImages/AFLW/2019264/1007153.png?im=Scale,width=0.6,height=0.6","CHB","CD_I1007153",FALSE,35,"Catherine","Phillips","CD_T7386",NA,76,0,0,NA,5,9,14,3,0,2,7,7,14,1,0,0,0,1,64.3,2,1,1,48,0,1,0,NA,NA,"2019-05-01T04:42:46.667+0000",5,5,0,0,NA,NA,NA,3,193,0,1,1,0,0,0,0,0,0,0,0,0,0,0,0,0,0,0,0,0,0,0,0,0,0,0,NA,NA,NA,"CD_I1007153",FALSE,35,"Catherine","Phillips","away","Melbourne"
"CD_M20192640305","2019-02-17T05:35:00.000+0000","CONCLUDED","2019 NAB AFLW Season","Round 3",3,"Hickey Park","Brisbane Lions","Brisbane Lions","Melbourne","Melbourne",13,"https://s.afl.com.au/staticfile/AFL Tenant/AFL/Players/ChampIDImages/AFLW/2019264/997733.png?im=Scale,width=0.6,height=0.6","INT","CD_I997733",FALSE,13,"Katherine","Smith","CD_T7386",NA,52,1,0,NA,6,0,6,2,0,5,2,4,6,5,0,0,0,1,100,1,0,1,47,0,0,100,NA,NA,"2019-05-01T04:42:46.667+0000",3,1,1,1,NA,NA,NA,2,185,0,2,2,0,0,0,0,0,0,0,0,0,0,0,0,0,0,0,0,0,0,0,0,0,0,0,NA,NA,NA,"CD_I997733",FALSE,13,"Katherine","Smith","away","Melbourne"
"CD_M20192640305","2019-02-17T05:35:00.000+0000","CONCLUDED","2019 NAB AFLW Season","Round 3",3,"Hickey Park","Brisbane Lions","Brisbane Lions","Melbourne","Melbourne",7,"https://s.afl.com.au/staticfile/AFL Tenant/AFL/Players/ChampIDImages/AFLW/2019264/296158.png?im=Scale,width=0.6,height=0.6","INT","CD_I296158",FALSE,7,"Bianca","Jakobsson","CD_T7386",NA,83,2,0,NA,8,6,14,2,1,3,5,11,16,2,1,0,0,0,92.9,2,0,1,63,1,1,100,NA,NA,"2019-05-01T04:42:46.667+0000",4,3,1,2,NA,NA,NA,4,244,0,2,2,0,0,0,0,0,0,0,0,0,0,0,0,0,0,0,0,0,0,0,0,0,0,0,NA,NA,NA,"CD_I296158",FALSE,7,"Bianca","Jakobsson","away","Melbourne"
"CD_M20192640305","2019-02-17T05:35:00.000+0000","CONCLUDED","2019 NAB AFLW Season","Round 3",3,"Hickey Park","Brisbane Lions","Brisbane Lions","Melbourne","Melbourne",10,"https://s.afl.com.au/staticfile/AFL Tenant/AFL/Players/ChampIDImages/AFLW/2019264/1009980.png?im=Scale,width=0.6,height=0.6","FPR","CD_I1009980",FALSE,10,"Kate","Hore","CD_T7386",NA,86,0,2,NA,8,5,13,3,0,3,7,8,15,0,1,1,0,3,38.5,2,1,1,55,0,0,0,NA,NA,"2019-05-01T04:42:46.667+0000",3,1,3,3,NA,NA,NA,3,105,0,0,0,0,0,0,0,0,0,0,0,0,0,0,0,0,0,0,0,0,0,0,0,0,0,0,NA,NA,NA,"CD_I1009980",FALSE,10,"Kate","Hore","away","Melbourne"
"CD_M20192640401","2019-02-23T05:45:00.000+0000","CONCLUDED","2019 NAB AFLW Season","Round 4",4,"GMHBA Stadium","Geelong Cats","Geelong Cats","Carlton","Carlton",7,"https://s.afl.com.au/staticfile/AFL Tenant/AFL/Players/ChampIDImages/AFLW/2019264/1006999.png?im=Scale,width=0.6,height=0.6","R","CD_I1006999",FALSE,7,"Mia-Rae","Clifford","CD_T8467",NA,77,0,0,NA,1,0,1,0,0,6,1,0,1,0,0,0,0,0,0,1,0,0,27,1,0,0,NA,NA,"2019-05-01T04:46:14.945+0000",1,1,1,0,NA,NA,NA,0,61,0,0,0,0,0,0,0,0,0,0,0,0,0,0,0,0,0,0,0,0,0,0,0,0,0,0,NA,NA,NA,"CD_I1006999",FALSE,7,"Mia-Rae","Clifford","home","Geelong Cats"
"CD_M20192640401","2019-02-23T05:45:00.000+0000","CONCLUDED","2019 NAB AFLW Season","Round 4",4,"GMHBA Stadium","Geelong Cats","Geelong Cats","Carlton","Carlton",6,"https://s.afl.com.au/staticfile/AFL Tenant/AFL/Players/ChampIDImages/AFLW/2019264/1012640.png?im=Scale,width=0.6,height=0.6","INT","CD_I1012640",FALSE,6,"Julia","Crockett-Grills","CD_T8467",NA,67,0,0,NA,2,0,2,0,0,4,1,1,2,0,0,0,0,0,50,0,0,0,22,0,0,0,NA,NA,"2019-05-01T04:46:14.945+0000",1,0,1,0,NA,NA,NA,0,34,0,0,0,0,0,0,0,0,0,0,0,0,0,0,0,0,0,0,0,0,0,0,0,0,0,0,NA,NA,NA,"CD_I1012640",FALSE,6,"Julia","Crockett-Grills","home","Geelong Cats"
"CD_M20192640401","2019-02-23T05:45:00.000+0000","CONCLUDED","2019 NAB AFLW Season","Round 4",4,"GMHBA Stadium","Geelong Cats","Geelong Cats","Carlton","Carlton",45,"https://s.afl.com.au/staticfile/AFL Tenant/AFL/Players/ChampIDImages/AFLW/2019264/997678.png?im=Scale,width=0.6,height=0.6","RR","CD_I997678",FALSE,45,"Madeline","Keryk","CD_T8467",NA,64,0,0,NA,9,6,15,5,0,5,7,8,15,1,0,0,0,0,60,2,0,0,74,2,0,0,NA,NA,"2019-05-01T04:46:14.945+0000",4,5,0,0,NA,NA,NA,0,125,1,2,3,0,0,0,0,0,0,0,0,0,0,0,0,0,0,0,0,0,0,0,0,0,0,0,NA,NA,NA,"CD_I997678",FALSE,45,"Madeline","Keryk","home","Geelong Cats"
"CD_M20192640401","2019-02-23T05:45:00.000+0000","CONCLUDED","2019 NAB AFLW Season","Round 4",4,"GMHBA Stadium","Geelong Cats","Geelong Cats","Carlton","Carlton",17,"https://s.afl.com.au/staticfile/AFL Tenant/AFL/Players/ChampIDImages/AFLW/2019264/1009857.png?im=Scale,width=0.6,height=0.6","INT","CD_I1009857",FALSE,17,"Georgia","Clarke","CD_T8467",NA,57,0,0,NA,5,3,8,2,0,0,2,6,8,0,0,0,0,0,37.5,3,0,0,27,0,0,0,NA,NA,"2019-05-01T04:46:14.945+0000",4,1,0,0,NA,NA,NA,1,89,0,0,0,0,0,0,0,0,0,0,0,0,0,0,0,0,0,0,0,0,0,0,0,0,0,0,NA,NA,NA,"CD_I1009857",FALSE,17,"Georgia","Clarke","home","Geelong Cats"
"CD_M20192640401","2019-02-23T05:45:00.000+0000","CONCLUDED","2019 NAB AFLW Season","Round 4",4,"GMHBA Stadium","Geelong Cats","Geelong Cats","Carlton","Carlton",24,"https://s.afl.com.au/staticfile/AFL Tenant/AFL/Players/ChampIDImages/AFLW/2019264/1012474.png?im=Scale,width=0.6,height=0.6","BPR","CD_I1012474",FALSE,24,"Madaleine","McMahon","CD_T8467",NA,91,0,0,NA,7,5,12,0,0,1,8,2,10,1,0,0,0,4,83.3,1,2,0,37,4,0,0,NA,NA,"2019-05-01T04:46:14.945+0000",4,9,0,0,NA,NA,NA,1,212,0,0,0,0,0,0,0,0,0,0,0,0,0,0,0,0,0,0,0,0,0,0,0,0,0,0,NA,NA,NA,"CD_I1012474",FALSE,24,"Madaleine","McMahon","home","Geelong Cats"
"CD_M20192640401","2019-02-23T05:45:00.000+0000","CONCLUDED","2019 NAB AFLW Season","Round 4",4,"GMHBA Stadium","Geelong Cats","Geelong Cats","Carlton","Carlton",26,"https://s.afl.com.au/staticfile/AFL Tenant/AFL/Players/ChampIDImages/AFLW/2019264/997669.png?im=Scale,width=0.6,height=0.6","CHF","CD_I997669",FALSE,26,"Madeleine","Boyd","CD_T8467",NA,94,0,2,NA,7,4,11,7,0,1,6,6,12,4,0,2,0,4,54.5,2,0,1,53,0,1,0,NA,NA,"2019-05-01T04:46:14.945+0000",1,4,1,2,NA,NA,NA,3,214,0,0,0,0,0,0,0,0,0,0,0,0,0,0,0,0,0,0,0,0,0,0,0,0,0,0,NA,NA,NA,"CD_I997669",FALSE,26,"Madeleine","Boyd","home","Geelong Cats"
"CD_M20192640401","2019-02-23T05:45:00.000+0000","CONCLUDED","2019 NAB AFLW Season","Round 4",4,"GMHBA Stadium","Geelong Cats","Geelong Cats","Carlton","Carlton",30,"https://s.afl.com.au/staticfile/AFL Tenant/AFL/Players/ChampIDImages/AFLW/2019264/997673.png?im=Scale,width=0.6,height=0.6","C","CD_I997673",FALSE,30,"Richelle","Cranston","CD_T8467",NA,82,0,2,NA,12,0,12,3,0,9,5,7,12,4,0,0,0,0,50,3,3,1,83,1,0,0,NA,NA,"2019-05-01T04:46:14.945+0000",4,3,2,4,NA,NA,NA,3,388,1,2,3,0,0,0,0,0,0,0,0,0,0,0,0,0,0,0,0,0,0,0,0,0,0,0,NA,NA,NA,"CD_I997673",FALSE,30,"Richelle","Cranston","home","Geelong Cats"
"CD_M20192640401","2019-02-23T05:45:00.000+0000","CONCLUDED","2019 NAB AFLW Season","Round 4",4,"GMHBA Stadium","Geelong Cats","Geelong Cats","Carlton","Carlton",18,"https://s.afl.com.au/staticfile/AFL Tenant/AFL/Players/ChampIDImages/AFLW/2019264/998038.png?im=Scale,width=0.6,height=0.6","HBFL","CD_I998038",FALSE,18,"Melissa","Hickey","CD_T8467",NA,67,0,0,NA,5,3,8,2,0,4,5,2,7,1,0,1,0,1,50,3,1,0,44,2,0,0,NA,NA,"2019-05-01T04:46:14.945+0000",4,6,0,0,NA,NA,NA,0,108,0,0,0,0,0,0,0,0,0,0,0,0,0,0,0,0,0,0,0,0,0,0,0,0,0,0,NA,NA,NA,"CD_I998038",FALSE,18,"Melissa","Hickey","home","Geelong Cats"
"CD_M20192640401","2019-02-23T05:45:00.000+0000","CONCLUDED","2019 NAB AFLW Season","Round 4",4,"GMHBA Stadium","Geelong Cats","Geelong Cats","Carlton","Carlton",23,"https://s.afl.com.au/staticfile/AFL Tenant/AFL/Players/ChampIDImages/AFLW/2019264/997689.png?im=Scale,width=0.6,height=0.6","FF","CD_I997689",FALSE,23,"Phoebe","McWilliams","CD_T8467",NA,96,1,1,NA,6,4,10,6,0,3,4,6,10,2,3,2,0,0,70,1,0,0,63,0,0,50,NA,NA,"2019-05-01T04:46:14.945+0000",1,1,1,2,NA,NA,NA,2,183,0,0,0,0,0,0,0,0,0,0,0,0,0,0,0,0,0,0,0,0,0,0,0,0,0,0,NA,NA,NA,"CD_I997689",FALSE,23,"Phoebe","McWilliams","home","Geelong Cats"
"CD_M20192640401","2019-02-23T05:45:00.000+0000","CONCLUDED","2019 NAB AFLW Season","Round 4",4,"GMHBA Stadium","Geelong Cats","Geelong Cats","Carlton","Carlton",14,"https://s.afl.com.au/staticfile/AFL Tenant/AFL/Players/ChampIDImages/AFLW/2019264/998148.png?im=Scale,width=0.6,height=0.6","RK","CD_I998148",FALSE,14,"Aasta","O'Connor","CD_T8467",NA,72,0,1,NA,2,2,4,2,0,1,1,3,4,0,0,0,5,0,50,1,0,0,26,0,0,0,NA,NA,"2019-05-01T04:46:14.945+0000",0,0,1,1,NA,NA,NA,1,55,0,0,0,0,0,0,0,0,0,0,0,0,0,0,0,0,0,0,0,0,0,0,0,0,0,0,NA,NA,NA,"CD_I998148",FALSE,14,"Aasta","O'Connor","home","Geelong Cats"
"CD_M20192640401","2019-02-23T05:45:00.000+0000","CONCLUDED","2019 NAB AFLW Season","Round 4",4,"GMHBA Stadium","Geelong Cats","Geelong Cats","Carlton","Carlton",11,"https://s.afl.com.au/staticfile/AFL Tenant/AFL/Players/ChampIDImages/AFLW/2019264/1007155.png?im=Scale,width=0.6,height=0.6","BPL","CD_I1007155",FALSE,11,"Meghan","McDonald","CD_T8467",NA,79,0,0,NA,8,3,11,1,0,0,5,2,7,0,0,0,0,2,54.5,2,1,0,34,3,0,0,NA,NA,"2019-05-01T04:46:14.945+0000",3,7,0,0,NA,NA,NA,1,252,0,0,0,0,0,0,0,0,0,0,0,0,0,0,0,0,0,0,0,0,0,0,0,0,0,0,NA,NA,NA,"CD_I1007155",FALSE,11,"Meghan","McDonald","home","Geelong Cats"
"CD_M20192640401","2019-02-23T05:45:00.000+0000","CONCLUDED","2019 NAB AFLW Season","Round 4",4,"GMHBA Stadium","Geelong Cats","Geelong Cats","Carlton","Carlton",40,"https://s.afl.com.au/staticfile/AFL Tenant/AFL/Players/ChampIDImages/AFLW/2019264/1010687.png?im=Scale,width=0.6,height=0.6","INT","CD_I1010687",FALSE,40,"Anna","Teague","CD_T8467",NA,55,0,0,NA,0,1,1,0,0,1,1,0,1,0,0,0,0,0,100,1,0,1,3,0,0,0,NA,NA,"2019-05-01T04:46:14.945+0000",0,0,0,0,NA,NA,NA,0,0,0,1,1,0,0,0,0,0,0,0,0,0,0,0,0,0,0,0,0,0,0,0,0,0,0,0,NA,NA,NA,"CD_I1010687",FALSE,40,"Anna","Teague","home","Geelong Cats"
"CD_M20192640401","2019-02-23T05:45:00.000+0000","CONCLUDED","2019 NAB AFLW Season","Round 4",4,"GMHBA Stadium","Geelong Cats","Geelong Cats","Carlton","Carlton",16,"https://s.afl.com.au/staticfile/AFL Tenant/AFL/Players/ChampIDImages/AFLW/2019264/1009861.png?im=Scale,width=0.6,height=0.6","INT","CD_I1009861",FALSE,16,"Olivia","Purcell","CD_T8467",NA,78,0,0,NA,9,5,14,1,0,3,9,5,14,4,0,0,0,1,57.1,2,3,0,55,2,0,0,NA,NA,"2019-05-01T04:46:14.945+0000",2,3,0,0,NA,NA,NA,0,205,0,3,3,0,0,0,0,0,0,0,0,0,0,0,0,0,0,0,0,0,0,0,0,0,0,0,NA,NA,NA,"CD_I1009861",FALSE,16,"Olivia","Purcell","home","Geelong Cats"
"CD_M20192640401","2019-02-23T05:45:00.000+0000","CONCLUDED","2019 NAB AFLW Season","Round 4",4,"GMHBA Stadium","Geelong Cats","Geelong Cats","Carlton","Carlton",4,"https://s.afl.com.au/staticfile/AFL Tenant/AFL/Players/ChampIDImages/AFLW/2019264/1012627.png?im=Scale,width=0.6,height=0.6","INT","CD_I1012627",FALSE,4,"Cassie","Blakeway","CD_T8467",NA,59,0,0,NA,3,2,5,1,0,2,2,3,5,0,0,0,0,0,80,2,0,2,18,1,0,0,NA,NA,"2019-05-01T04:46:14.945+0000",1,1,0,0,NA,NA,NA,1,95,0,0,0,0,0,0,0,0,0,0,0,0,0,0,0,0,0,0,0,0,0,0,0,0,0,0,NA,NA,NA,"CD_I1012627",FALSE,4,"Cassie","Blakeway","home","Geelong Cats"
"CD_M20192640401","2019-02-23T05:45:00.000+0000","CONCLUDED","2019 NAB AFLW Season","Round 4",4,"GMHBA Stadium","Geelong Cats","Geelong Cats","Carlton","Carlton",12,"https://s.afl.com.au/staticfile/AFL Tenant/AFL/Players/ChampIDImages/AFLW/2019264/1012470.png?im=Scale,width=0.6,height=0.6","FPL","CD_I1012470",FALSE,12,"Renee","Garing","CD_T8467",NA,83,0,0,NA,6,9,15,1,0,9,9,5,14,2,0,0,0,0,46.7,1,1,1,73,1,0,0,NA,NA,"2019-05-01T04:46:14.945+0000",2,4,1,0,NA,NA,NA,3,116,0,3,3,0,0,0,0,0,0,0,0,0,0,0,0,0,0,0,0,0,0,0,0,0,0,0,NA,NA,NA,"CD_I1012470",FALSE,12,"Renee","Garing","home","Geelong Cats"
"CD_M20192640401","2019-02-23T05:45:00.000+0000","CONCLUDED","2019 NAB AFLW Season","Round 4",4,"GMHBA Stadium","Geelong Cats","Geelong Cats","Carlton","Carlton",44,"https://s.afl.com.au/staticfile/AFL Tenant/AFL/Players/ChampIDImages/AFLW/2019264/296130.png?im=Scale,width=0.6,height=0.6","FB","CD_I296130",FALSE,44,"Rebecca","Goring","CD_T8467",NA,90,0,0,NA,10,2,12,1,0,0,3,7,10,2,0,0,0,0,41.7,2,0,0,37,1,0,0,NA,NA,"2019-05-01T04:46:14.945+0000",7,6,0,0,NA,NA,NA,1,287,0,0,0,0,0,0,0,0,0,0,0,0,0,0,0,0,0,0,0,0,0,0,0,0,0,0,NA,NA,NA,"CD_I296130",FALSE,44,"Rebecca","Goring","home","Geelong Cats"
"CD_M20192640401","2019-02-23T05:45:00.000+0000","CONCLUDED","2019 NAB AFLW Season","Round 4",4,"GMHBA Stadium","Geelong Cats","Geelong Cats","Carlton","Carlton",46,"https://s.afl.com.au/staticfile/AFL Tenant/AFL/Players/ChampIDImages/AFLW/2019264/1010675.png?im=Scale,width=0.6,height=0.6","CHB","CD_I1010675",FALSE,46,"Erin","Hoare","CD_T8467",NA,73,0,0,NA,2,2,4,0,0,1,1,2,3,1,0,0,18,0,25,3,0,1,29,2,0,0,NA,NA,"2019-05-01T04:46:14.945+0000",2,0,0,0,NA,NA,NA,0,24,0,1,1,0,0,0,0,0,0,0,0,0,0,0,0,0,0,0,0,0,0,0,0,0,0,0,NA,NA,NA,"CD_I1010675",FALSE,46,"Erin","Hoare","home","Geelong Cats"
"CD_M20192640401","2019-02-23T05:45:00.000+0000","CONCLUDED","2019 NAB AFLW Season","Round 4",4,"GMHBA Stadium","Geelong Cats","Geelong Cats","Carlton","Carlton",5,"https://s.afl.com.au/staticfile/AFL Tenant/AFL/Players/ChampIDImages/AFLW/2019264/1008031.png?im=Scale,width=0.6,height=0.6","FPR","CD_I1008031",FALSE,5,"Jordan","Ivey","CD_T8467",NA,85,0,1,NA,7,1,8,4,0,8,1,8,9,2,0,0,0,1,75,4,1,3,60,1,0,0,NA,NA,"2019-05-01T04:46:14.945+0000",4,0,2,1,NA,NA,NA,1,233,0,0,0,0,0,0,0,0,0,0,0,0,0,0,0,0,0,0,0,0,0,0,0,0,0,0,NA,NA,NA,"CD_I1008031",FALSE,5,"Jordan","Ivey","home","Geelong Cats"
"CD_M20192640401","2019-02-23T05:45:00.000+0000","CONCLUDED","2019 NAB AFLW Season","Round 4",4,"GMHBA Stadium","Geelong Cats","Geelong Cats","Carlton","Carlton",2,"https://s.afl.com.au/staticfile/AFL Tenant/AFL/Players/ChampIDImages/AFLW/2019264/1012480.png?im=Scale,width=0.6,height=0.6","HFFL","CD_I1012480",FALSE,2,"Danielle","Orr","CD_T8467",NA,82,0,0,NA,7,4,11,2,0,3,8,4,12,2,0,0,0,0,81.8,3,0,1,44,1,0,0,NA,NA,"2019-05-01T04:46:14.945+0000",5,2,0,1,NA,NA,NA,1,151,0,0,0,0,0,0,0,0,0,0,0,0,0,0,0,0,0,0,0,0,0,0,0,0,0,0,NA,NA,NA,"CD_I1012480",FALSE,2,"Danielle","Orr","home","Geelong Cats"
"CD_M20192640401","2019-02-23T05:45:00.000+0000","CONCLUDED","2019 NAB AFLW Season","Round 4",4,"GMHBA Stadium","Geelong Cats","Geelong Cats","Carlton","Carlton",27,"https://s.afl.com.au/staticfile/AFL Tenant/AFL/Players/ChampIDImages/AFLW/2019264/1009765.png?im=Scale,width=0.6,height=0.6","HFFR","CD_I1009765",FALSE,27,"Sophie","Van De Heuvel","CD_T8467",NA,76,1,0,NA,6,3,9,2,0,3,5,4,9,2,0,0,0,0,55.6,0,2,0,50,1,0,100,NA,NA,"2019-05-01T04:46:14.945+0000",4,4,2,1,NA,NA,NA,1,160,0,0,0,0,0,0,0,0,0,0,0,0,0,0,0,0,0,0,0,0,0,0,0,0,0,0,NA,NA,NA,"CD_I1009765",FALSE,27,"Sophie","Van De Heuvel","home","Geelong Cats"
"CD_M20192640401","2019-02-23T05:45:00.000+0000","CONCLUDED","2019 NAB AFLW Season","Round 4",4,"GMHBA Stadium","Geelong Cats","Geelong Cats","Carlton","Carlton",28,"https://s.afl.com.au/staticfile/AFL Tenant/AFL/Players/ChampIDImages/AFLW/2019264/1009854.png?im=Scale,width=0.6,height=0.6","HBFR","CD_I1009854",FALSE,28,"Denby","Taylor","CD_T8467",NA,73,0,0,NA,11,3,14,3,0,0,6,9,15,0,0,1,0,3,42.9,3,0,0,48,4,0,0,NA,NA,"2019-05-01T04:46:14.945+0000",5,5,0,0,NA,NA,NA,0,241,0,2,2,0,0,0,0,0,0,0,0,0,0,0,0,0,0,0,0,0,0,0,0,0,0,0,NA,NA,NA,"CD_I1009854",FALSE,28,"Denby","Taylor","home","Geelong Cats"
"CD_M20192640401","2019-02-23T05:45:00.000+0000","CONCLUDED","2019 NAB AFLW Season","Round 4",4,"GMHBA Stadium","Geelong Cats","Geelong Cats","Carlton","Carlton",32,"https://s.afl.com.au/staticfile/AFL Tenant/AFL/Players/ChampIDImages/AFLW/2019264/1007025.png?im=Scale,width=0.6,height=0.6","C","CD_I1007025",FALSE,32,"Natalie","Plane","CD_T8096",NA,81,0,0,NA,4,1,5,1,0,7,1,3,4,2,0,0,0,2,80,1,0,0,45,0,0,0,NA,NA,"2019-05-01T04:46:14.945+0000",2,1,3,0,NA,NA,NA,1,119,0,0,0,0,0,0,0,0,0,0,0,0,0,0,0,0,0,0,0,0,0,0,0,0,0,0,NA,NA,NA,"CD_I1007025",FALSE,32,"Natalie","Plane","away","Carlton"
"CD_M20192640401","2019-02-23T05:45:00.000+0000","CONCLUDED","2019 NAB AFLW Season","Round 4",4,"GMHBA Stadium","Geelong Cats","Geelong Cats","Carlton","Carlton",15,"https://s.afl.com.au/staticfile/AFL Tenant/AFL/Players/ChampIDImages/AFLW/2019264/1012549.png?im=Scale,width=0.6,height=0.6","R","CD_I1012549",FALSE,15,"Chloe","Dalton","CD_T8096",NA,76,0,0,NA,8,5,13,2,0,7,6,8,14,1,1,0,0,1,53.8,5,1,3,60,4,0,0,NA,NA,"2019-05-01T04:46:14.945+0000",5,7,0,1,NA,NA,NA,0,186,0,0,0,0,0,0,0,0,0,0,0,0,0,0,0,0,0,0,0,0,0,0,0,0,0,0,NA,NA,NA,"CD_I1012549",FALSE,15,"Chloe","Dalton","away","Carlton"
"CD_M20192640401","2019-02-23T05:45:00.000+0000","CONCLUDED","2019 NAB AFLW Season","Round 4",4,"GMHBA Stadium","Geelong Cats","Geelong Cats","Carlton","Carlton",1,"https://s.afl.com.au/staticfile/AFL Tenant/AFL/Players/ChampIDImages/AFLW/2019264/1003020.png?im=Scale,width=0.6,height=0.6","FF","CD_I1003020",FALSE,1,"Brianna","Davey","CD_T8096",NA,82,0,0,NA,9,8,17,1,0,2,9,8,17,0,0,0,0,3,70.6,3,1,1,52,3,0,0,NA,NA,"2019-05-01T04:46:14.945+0000",3,5,0,0,NA,NA,NA,1,256,1,3,4,0,0,0,0,0,0,0,0,0,0,0,0,0,0,0,0,0,0,0,0,0,0,0,NA,NA,NA,"CD_I1003020",FALSE,1,"Brianna","Davey","away","Carlton"
"CD_M20192640401","2019-02-23T05:45:00.000+0000","CONCLUDED","2019 NAB AFLW Season","Round 4",4,"GMHBA Stadium","Geelong Cats","Geelong Cats","Carlton","Carlton",10,"https://s.afl.com.au/staticfile/AFL Tenant/AFL/Players/ChampIDImages/AFLW/2019264/1006666.png?im=Scale,width=0.6,height=0.6","BPR","CD_I1006666",FALSE,10,"Sarah","Hosking","CD_T8096",NA,77,0,0,NA,5,4,9,0,0,6,7,1,8,3,0,0,0,1,55.6,1,2,1,46,0,0,0,NA,NA,"2019-05-01T04:46:14.945+0000",1,2,1,0,NA,NA,NA,1,83,1,2,3,0,0,0,0,0,0,0,0,0,0,0,0,0,0,0,0,0,0,0,0,0,0,0,NA,NA,NA,"CD_I1006666",FALSE,10,"Sarah","Hosking","away","Carlton"
"CD_M20192640401","2019-02-23T05:45:00.000+0000","CONCLUDED","2019 NAB AFLW Season","Round 4",4,"GMHBA Stadium","Geelong Cats","Geelong Cats","Carlton","Carlton",30,"https://s.afl.com.au/staticfile/AFL Tenant/AFL/Players/ChampIDImages/AFLW/2019264/1007003.png?im=Scale,width=0.6,height=0.6","RK","CD_I1007003",FALSE,30,"Alison","Downie","CD_T8096",NA,75,0,0,NA,2,9,11,1,0,0,7,4,11,0,0,0,20,3,63.6,1,1,0,48,0,0,0,NA,NA,"2019-05-01T04:46:14.945+0000",2,3,0,1,NA,NA,NA,0,14,1,2,3,0,0,0,0,0,0,0,0,0,0,0,0,0,0,0,0,0,0,0,0,0,0,0,NA,NA,NA,"CD_I1007003",FALSE,30,"Alison","Downie","away","Carlton"
"CD_M20192640401","2019-02-23T05:45:00.000+0000","CONCLUDED","2019 NAB AFLW Season","Round 4",4,"GMHBA Stadium","Geelong Cats","Geelong Cats","Carlton","Carlton",25,"https://s.afl.com.au/staticfile/AFL Tenant/AFL/Players/ChampIDImages/AFLW/2019264/1005278.png?im=Scale,width=0.6,height=0.6","BPL","CD_I1005278",FALSE,25,"Jessica","Edwards","CD_T8096",NA,80,0,0,NA,5,7,12,2,0,4,5,9,14,1,0,0,0,1,66.7,6,0,1,48,2,0,0,NA,NA,"2019-05-01T04:46:14.945+0000",4,2,1,0,NA,NA,NA,2,161,0,1,1,0,0,0,0,0,0,0,0,0,0,0,0,0,0,0,0,0,0,0,0,0,0,0,NA,NA,NA,"CD_I1005278",FALSE,25,"Jessica","Edwards","away","Carlton"
"CD_M20192640401","2019-02-23T05:45:00.000+0000","CONCLUDED","2019 NAB AFLW Season","Round 4",4,"GMHBA Stadium","Geelong Cats","Geelong Cats","Carlton","Carlton",2,"https://s.afl.com.au/staticfile/AFL Tenant/AFL/Players/ChampIDImages/AFLW/2019264/1007016.png?im=Scale,width=0.6,height=0.6","INT","CD_I1007016",FALSE,2,"Katie","Loynes","CD_T8096",NA,77,1,1,NA,5,2,7,0,0,5,5,2,7,1,0,0,0,0,42.9,2,1,0,47,2,0,50,NA,NA,"2019-05-01T04:46:14.945+0000",2,1,2,2,NA,NA,NA,2,142,0,3,3,0,0,0,0,0,0,0,0,0,0,0,0,0,0,0,0,0,0,0,0,0,0,0,NA,NA,NA,"CD_I1007016",FALSE,2,"Katie","Loynes","away","Carlton"
"CD_M20192640401","2019-02-23T05:45:00.000+0000","CONCLUDED","2019 NAB AFLW Season","Round 4",4,"GMHBA Stadium","Geelong Cats","Geelong Cats","Carlton","Carlton",14,"https://s.afl.com.au/staticfile/AFL Tenant/AFL/Players/ChampIDImages/AFLW/2019264/1012558.png?im=Scale,width=0.6,height=0.6","INT","CD_I1012558",FALSE,14,"Brooke","Walker","CD_T8096",NA,60,0,1,NA,6,5,11,2,0,2,3,8,11,4,1,0,0,0,45.5,2,0,0,43,0,0,0,NA,NA,"2019-05-01T04:46:14.945+0000",4,1,2,3,NA,NA,NA,2,215,0,1,1,0,0,0,0,0,0,0,0,0,0,0,0,0,0,0,0,0,0,0,0,0,0,0,NA,NA,NA,"CD_I1012558",FALSE,14,"Brooke","Walker","away","Carlton"
"CD_M20192640401","2019-02-23T05:45:00.000+0000","CONCLUDED","2019 NAB AFLW Season","Round 4",4,"GMHBA Stadium","Geelong Cats","Geelong Cats","Carlton","Carlton",36,"https://s.afl.com.au/staticfile/AFL Tenant/AFL/Players/ChampIDImages/AFLW/2019264/1012659.png?im=Scale,width=0.6,height=0.6","FB","CD_I1012659",FALSE,36,"Jayde","Van Dyk","CD_T8096",NA,79,0,0,NA,3,7,10,2,0,3,2,8,10,0,0,0,0,4,90,2,0,1,38,0,0,0,NA,NA,"2019-05-01T04:46:14.945+0000",1,2,0,0,NA,NA,NA,0,30,0,0,0,0,0,0,0,0,0,0,0,0,0,0,0,0,0,0,0,0,0,0,0,0,0,0,NA,NA,NA,"CD_I1012659",FALSE,36,"Jayde","Van Dyk","away","Carlton"
"CD_M20192640401","2019-02-23T05:45:00.000+0000","CONCLUDED","2019 NAB AFLW Season","Round 4",4,"GMHBA Stadium","Geelong Cats","Geelong Cats","Carlton","Carlton",21,"https://s.afl.com.au/staticfile/AFL Tenant/AFL/Players/ChampIDImages/AFLW/2019264/998164.png?im=Scale,width=0.6,height=0.6","HBFL","CD_I998164",FALSE,21,"Nicola","Stevens","CD_T8096",NA,75,0,0,NA,4,3,7,2,0,1,3,4,7,0,1,0,0,4,42.9,2,0,0,28,0,0,0,NA,NA,"2019-05-01T04:46:14.945+0000",4,4,0,0,NA,NA,NA,0,105,0,0,0,0,0,0,0,0,0,0,0,0,0,0,0,0,0,0,0,0,0,0,0,0,0,0,NA,NA,NA,"CD_I998164",FALSE,21,"Nicola","Stevens","away","Carlton"
"CD_M20192640401","2019-02-23T05:45:00.000+0000","CONCLUDED","2019 NAB AFLW Season","Round 4",4,"GMHBA Stadium","Geelong Cats","Geelong Cats","Carlton","Carlton",3,"https://s.afl.com.au/staticfile/AFL Tenant/AFL/Players/ChampIDImages/AFLW/2019264/997663.png?im=Scale,width=0.6,height=0.6","FPL","CD_I997663",FALSE,3,"Darcy","Vescio","CD_T8096",NA,91,0,1,NA,5,2,7,2,0,4,4,3,7,4,2,0,0,0,42.9,3,0,2,36,0,0,0,NA,NA,"2019-05-01T04:46:14.945+0000",3,1,1,2,NA,NA,NA,4,173,0,0,0,0,0,0,0,0,0,0,0,0,0,0,0,0,0,0,0,0,0,0,0,0,0,0,NA,NA,NA,"CD_I997663",FALSE,3,"Darcy","Vescio","away","Carlton"
"CD_M20192640401","2019-02-23T05:45:00.000+0000","CONCLUDED","2019 NAB AFLW Season","Round 4",4,"GMHBA Stadium","Geelong Cats","Geelong Cats","Carlton","Carlton",6,"https://s.afl.com.au/staticfile/AFL Tenant/AFL/Players/ChampIDImages/AFLW/2019264/1007026.png?im=Scale,width=0.6,height=0.6","HBFR","CD_I1007026",FALSE,6,"Gabriella","Pound","CD_T8096",NA,85,0,0,NA,12,4,16,5,0,2,4,10,14,1,0,0,0,2,81.3,2,1,0,68,4,0,0,NA,NA,"2019-05-01T04:46:14.945+0000",3,8,0,0,NA,NA,NA,1,201,0,0,0,0,0,0,0,0,0,0,0,0,0,0,0,0,0,0,0,0,0,0,0,0,0,0,NA,NA,NA,"CD_I1007026",FALSE,6,"Gabriella","Pound","away","Carlton"
"CD_M20192640401","2019-02-23T05:45:00.000+0000","CONCLUDED","2019 NAB AFLW Season","Round 4",4,"GMHBA Stadium","Geelong Cats","Geelong Cats","Carlton","Carlton",22,"https://s.afl.com.au/staticfile/AFL Tenant/AFL/Players/ChampIDImages/AFLW/2019264/1012734.png?im=Scale,width=0.6,height=0.6","CHF","CD_I1012734",FALSE,22,"Rhiannon","Watt","CD_T8096",NA,58,0,0,NA,2,4,6,1,0,0,3,3,6,0,0,1,4,2,83.3,1,0,1,18,1,0,0,NA,NA,"2019-05-01T04:46:14.945+0000",1,2,0,0,NA,NA,NA,2,61,0,1,1,0,0,0,0,0,0,0,0,0,0,0,0,0,0,0,0,0,0,0,0,0,0,0,NA,NA,NA,"CD_I1012734",FALSE,22,"Rhiannon","Watt","away","Carlton"
"CD_M20192640401","2019-02-23T05:45:00.000+0000","CONCLUDED","2019 NAB AFLW Season","Round 4",4,"GMHBA Stadium","Geelong Cats","Geelong Cats","Carlton","Carlton",4,"https://s.afl.com.au/staticfile/AFL Tenant/AFL/Players/ChampIDImages/AFLW/2019264/1009885.png?im=Scale,width=0.6,height=0.6","HFFL","CD_I1009885",FALSE,4,"Madison","Prespakis","CD_T8096",NA,77,0,0,NA,13,6,19,1,0,3,9,9,18,4,0,0,0,0,52.6,2,1,0,67,0,0,0,NA,NA,"2019-05-01T04:46:14.945+0000",6,1,1,1,NA,NA,NA,2,304,0,4,4,0,0,0,0,0,0,0,0,0,0,0,0,0,0,0,0,0,0,0,0,0,0,0,NA,NA,NA,"CD_I1009885",FALSE,4,"Madison","Prespakis","away","Carlton"
"CD_M20192640401","2019-02-23T05:45:00.000+0000","CONCLUDED","2019 NAB AFLW Season","Round 4",4,"GMHBA Stadium","Geelong Cats","Geelong Cats","Carlton","Carlton",19,"https://s.afl.com.au/staticfile/AFL Tenant/AFL/Players/ChampIDImages/AFLW/2019264/997745.png?im=Scale,width=0.6,height=0.6","FPR","CD_I997745",FALSE,19,"Georgia","Gee","CD_T8096",NA,79,0,0,NA,6,4,10,1,0,4,3,7,10,0,0,0,0,1,40,3,0,0,45,0,0,0,NA,NA,"2019-05-01T04:46:14.945+0000",3,1,1,0,NA,NA,NA,1,112,0,1,1,0,0,0,0,0,0,0,0,0,0,0,0,0,0,0,0,0,0,0,0,0,0,0,NA,NA,NA,"CD_I997745",FALSE,19,"Georgia","Gee","away","Carlton"
"CD_M20192640401","2019-02-23T05:45:00.000+0000","CONCLUDED","2019 NAB AFLW Season","Round 4",4,"GMHBA Stadium","Geelong Cats","Geelong Cats","Carlton","Carlton",9,"https://s.afl.com.au/staticfile/AFL Tenant/AFL/Players/ChampIDImages/AFLW/2019264/1009977.png?im=Scale,width=0.6,height=0.6","CHB","CD_I1009977",FALSE,9,"Kerryn","Harrington","CD_T8096",NA,91,0,0,NA,15,3,18,4,1,3,6,8,14,0,0,1,0,5,66.7,4,0,0,75,7,0,0,NA,NA,"2019-05-01T04:46:14.945+0000",5,7,0,0,NA,NA,NA,2,326,0,1,1,0,0,0,0,0,0,0,0,0,0,0,0,0,0,0,0,0,0,0,0,0,0,0,NA,NA,NA,"CD_I1009977",FALSE,9,"Kerryn","Harrington","away","Carlton"
"CD_M20192640401","2019-02-23T05:45:00.000+0000","CONCLUDED","2019 NAB AFLW Season","Round 4",4,"GMHBA Stadium","Geelong Cats","Geelong Cats","Carlton","Carlton",12,"https://s.afl.com.au/staticfile/AFL Tenant/AFL/Players/ChampIDImages/AFLW/2019264/1006996.png?im=Scale,width=0.6,height=0.6","INT","CD_I1006996",FALSE,12,"Lauren","Brazzale","CD_T8096",NA,71,0,1,NA,10,2,12,3,0,5,3,8,11,4,0,0,0,4,50,4,1,0,65,0,0,0,NA,NA,"2019-05-01T04:46:14.945+0000",4,2,1,1,NA,NA,NA,3,275,0,0,0,0,0,0,0,0,0,0,0,0,0,0,0,0,0,0,0,0,0,0,0,0,0,0,NA,NA,NA,"CD_I1006996",FALSE,12,"Lauren","Brazzale","away","Carlton"
"CD_M20192640401","2019-02-23T05:45:00.000+0000","CONCLUDED","2019 NAB AFLW Season","Round 4",4,"GMHBA Stadium","Geelong Cats","Geelong Cats","Carlton","Carlton",5,"https://s.afl.com.au/staticfile/AFL Tenant/AFL/Players/ChampIDImages/AFLW/2019264/1013027.png?im=Scale,width=0.6,height=0.6","INT","CD_I1013027",FALSE,5,"Abbie","McKay","CD_T8096",NA,55,0,0,NA,1,6,7,0,0,2,3,5,8,1,0,0,0,1,71.4,2,0,1,20,1,0,0,NA,NA,"2019-05-01T04:46:14.945+0000",3,3,0,0,NA,NA,NA,0,62,0,1,1,0,0,0,0,0,0,0,0,0,0,0,0,0,0,0,0,0,0,0,0,0,0,0,NA,NA,NA,"CD_I1013027",FALSE,5,"Abbie","McKay","away","Carlton"
"CD_M20192640401","2019-02-23T05:45:00.000+0000","CONCLUDED","2019 NAB AFLW Season","Round 4",4,"GMHBA Stadium","Geelong Cats","Geelong Cats","Carlton","Carlton",7,"https://s.afl.com.au/staticfile/AFL Tenant/AFL/Players/ChampIDImages/AFLW/2019264/998039.png?im=Scale,width=0.6,height=0.6","HFFR","CD_I998039",FALSE,7,"Tayla","Harris","CD_T8096",NA,97,0,4,NA,4,1,5,2,1,4,2,3,5,0,2,1,0,0,20,1,1,1,38,0,0,0,NA,NA,"2019-05-01T04:46:14.945+0000",1,0,2,4,NA,NA,NA,4,77,0,0,0,0,0,0,0,0,0,0,0,0,0,0,0,0,0,0,0,0,0,0,0,0,0,0,NA,NA,NA,"CD_I998039",FALSE,7,"Tayla","Harris","away","Carlton"
"CD_M20192640401","2019-02-23T05:45:00.000+0000","CONCLUDED","2019 NAB AFLW Season","Round 4",4,"GMHBA Stadium","Geelong Cats","Geelong Cats","Carlton","Carlton",11,"https://s.afl.com.au/staticfile/AFL Tenant/AFL/Players/ChampIDImages/AFLW/2019264/1005865.png?im=Scale,width=0.6,height=0.6","INT","CD_I1005865",FALSE,11,"Jess","Hosking","CD_T8096",NA,74,0,0,NA,7,4,11,3,0,3,6,5,11,0,0,2,0,1,81.8,2,1,1,48,1,0,0,NA,NA,"2019-05-01T04:46:14.945+0000",1,4,0,0,NA,NA,NA,2,48,0,0,0,0,0,0,0,0,0,0,0,0,0,0,0,0,0,0,0,0,0,0,0,0,0,0,NA,NA,NA,"CD_I1005865",FALSE,11,"Jess","Hosking","away","Carlton"
"CD_M20192640401","2019-02-23T05:45:00.000+0000","CONCLUDED","2019 NAB AFLW Season","Round 4",4,"GMHBA Stadium","Geelong Cats","Geelong Cats","Carlton","Carlton",8,"https://s.afl.com.au/staticfile/AFL Tenant/AFL/Players/ChampIDImages/AFLW/2019264/997683.png?im=Scale,width=0.6,height=0.6","RR","CD_I997683",FALSE,8,"Amelia","Mullane","CD_T8096",NA,59,0,0,NA,2,6,8,1,0,8,7,4,11,3,0,0,0,1,50,3,0,1,50,0,0,0,NA,NA,"2019-05-01T04:46:14.945+0000",3,2,3,0,NA,NA,NA,0,107,1,0,1,0,0,0,0,0,0,0,0,0,0,0,0,0,0,0,0,0,0,0,0,0,0,0,NA,NA,NA,"CD_I997683",FALSE,8,"Amelia","Mullane","away","Carlton"
"CD_M20192640402","2019-02-23T08:10:00.000+0000","CONCLUDED","2019 NAB AFLW Season","Round 4",4,"Mission Whitten Oval","Western Bulldogs","Western Bulldogs","Brisbane Lions","Brisbane Lions",3,"https://s.afl.com.au/staticfile/AFL Tenant/AFL/Players/ChampIDImages/AFLW/2019264/998157.png?im=Scale,width=0.6,height=0.6","FF","CD_I998157",FALSE,3,"Katie","Brennan","CD_T7387",NA,100,0,2,NA,7,2,9,4,0,1,2,7,9,1,1,0,2,0,66.7,5,0,2,39,0,0,0,0,NA,"2019-02-24T01:21:24.026+0000",4,0,1,2,NA,NA,NA,4,148,0,0,0,0,0,0,0,0,0,0,0,0,0,0,0,0,0,0,0,0,0,0,0,0,0,0,NA,NA,NA,"CD_I998157",FALSE,3,"Katie","Brennan","home","Western Bulldogs"
"CD_M20192640402","2019-02-23T08:10:00.000+0000","CONCLUDED","2019 NAB AFLW Season","Round 4",4,"Mission Whitten Oval","Western Bulldogs","Western Bulldogs","Brisbane Lions","Brisbane Lions",2,"https://s.afl.com.au/staticfile/AFL Tenant/AFL/Players/ChampIDImages/AFLW/2019264/296125.png?im=Scale,width=0.6,height=0.6","RR","CD_I296125",FALSE,2,"Ellie","Blackburn","CD_T7387",NA,67,0,0,NA,7,5,12,1,0,2,8,4,12,1,0,0,0,1,66.7,4,1,0,43,1,0,0,0,NA,"2019-02-24T01:21:24.026+0000",3,2,1,0,NA,NA,NA,2,138,0,1,1,0,0,0,0,0,0,0,0,0,0,0,0,0,0,0,0,0,0,0,0,0,0,0,NA,NA,NA,"CD_I296125",FALSE,2,"Ellie","Blackburn","home","Western Bulldogs"
"CD_M20192640402","2019-02-23T08:10:00.000+0000","CONCLUDED","2019 NAB AFLW Season","Round 4",4,"Mission Whitten Oval","Western Bulldogs","Western Bulldogs","Brisbane Lions","Brisbane Lions",25,"https://s.afl.com.au/staticfile/AFL Tenant/AFL/Players/ChampIDImages/AFLW/2019264/1010732.png?im=Scale,width=0.6,height=0.6","FPR","CD_I1010732",FALSE,25,"Emma","Mackie","CD_T7387",NA,80,0,0,NA,6,8,14,1,0,3,10,5,15,0,0,0,0,0,64.3,3,0,2,43,1,0,0,0,NA,"2019-02-24T01:21:24.026+0000",3,1,0,1,NA,NA,NA,1,81,1,3,4,0,0,0,0,0,0,0,0,0,0,0,0,0,0,0,0,0,0,0,0,0,0,0,NA,NA,NA,"CD_I1010732",FALSE,25,"Emma","Mackie","home","Western Bulldogs"
"CD_M20192640402","2019-02-23T08:10:00.000+0000","CONCLUDED","2019 NAB AFLW Season","Round 4",4,"Mission Whitten Oval","Western Bulldogs","Western Bulldogs","Brisbane Lions","Brisbane Lions",22,"https://s.afl.com.au/staticfile/AFL Tenant/AFL/Players/ChampIDImages/AFLW/2019264/1001689.png?im=Scale,width=0.6,height=0.6","HBFR","CD_I1001689",FALSE,22,"Hannah","Scott","CD_T7387",NA,89,0,0,NA,7,1,8,2,0,2,4,6,10,4,0,0,0,2,62.5,5,0,3,28,1,0,0,0,NA,"2019-02-24T01:21:24.026+0000",4,0,0,0,NA,NA,NA,0,284,1,1,2,0,0,0,0,0,0,0,0,0,0,0,0,0,0,0,0,0,0,0,0,0,0,0,NA,NA,NA,"CD_I1001689",FALSE,22,"Hannah","Scott","home","Western Bulldogs"
"CD_M20192640402","2019-02-23T08:10:00.000+0000","CONCLUDED","2019 NAB AFLW Season","Round 4",4,"Mission Whitten Oval","Western Bulldogs","Western Bulldogs","Brisbane Lions","Brisbane Lions",18,"https://s.afl.com.au/staticfile/AFL Tenant/AFL/Players/ChampIDImages/AFLW/2019264/1007157.png?im=Scale,width=0.6,height=0.6","HBFL","CD_I1007157",FALSE,18,"Libby","Birch","CD_T7387",NA,100,0,0,NA,3,5,8,0,0,5,7,1,8,0,0,0,0,3,62.5,1,2,0,41,0,0,0,0,NA,"2019-02-24T01:21:24.026+0000",1,5,0,0,NA,NA,NA,2,49,1,1,2,0,0,0,0,0,0,0,0,0,0,0,0,0,0,0,0,0,0,0,0,0,0,0,NA,NA,NA,"CD_I1007157",FALSE,18,"Libby","Birch","home","Western Bulldogs"
"CD_M20192640402","2019-02-23T08:10:00.000+0000","CONCLUDED","2019 NAB AFLW Season","Round 4",4,"Mission Whitten Oval","Western Bulldogs","Western Bulldogs","Brisbane Lions","Brisbane Lions",7,"https://s.afl.com.au/staticfile/AFL Tenant/AFL/Players/ChampIDImages/AFLW/2019264/997728.png?im=Scale,width=0.6,height=0.6","INT","CD_I997728",FALSE,7,"Deanna","Berry","CD_T7387",NA,51,0,0,NA,3,1,4,2,0,2,2,3,5,0,0,0,0,0,25,4,0,1,22,1,0,0,0,NA,"2019-02-24T01:21:24.026+0000",3,1,0,0,NA,NA,NA,0,49,0,1,1,0,0,0,0,0,0,0,0,0,0,0,0,0,0,0,0,0,0,0,0,0,0,0,NA,NA,NA,"CD_I997728",FALSE,7,"Deanna","Berry","home","Western Bulldogs"
"CD_M20192640402","2019-02-23T08:10:00.000+0000","CONCLUDED","2019 NAB AFLW Season","Round 4",4,"Mission Whitten Oval","Western Bulldogs","Western Bulldogs","Brisbane Lions","Brisbane Lions",8,"https://s.afl.com.au/staticfile/AFL Tenant/AFL/Players/ChampIDImages/AFLW/2019264/1010104.png?im=Scale,width=0.6,height=0.6","R","CD_I1010104",FALSE,8,"Monique","Conti","CD_T7387",NA,78,0,1,NA,15,4,19,2,1,4,12,6,18,3,0,0,0,0,42.1,4,1,1,74,2,0,0,0,NA,"2019-02-24T01:21:24.026+0000",5,2,0,1,NA,NA,NA,2,331,3,2,5,0,0,0,0,0,0,0,0,0,0,0,0,0,0,0,0,0,0,0,0,0,0,0,NA,NA,NA,"CD_I1010104",FALSE,8,"Monique","Conti","home","Western Bulldogs"
"CD_M20192640402","2019-02-23T08:10:00.000+0000","CONCLUDED","2019 NAB AFLW Season","Round 4",4,"Mission Whitten Oval","Western Bulldogs","Western Bulldogs","Brisbane Lions","Brisbane Lions",10,"https://s.afl.com.au/staticfile/AFL Tenant/AFL/Players/ChampIDImages/AFLW/2019264/997660.png?im=Scale,width=0.6,height=0.6","BPR","CD_I997660",FALSE,10,"Nicole","Callinan","CD_T7387",NA,78,0,0,NA,2,2,4,0,0,2,1,4,5,0,0,0,0,3,50,1,0,1,15,1,0,0,0,NA,"2019-02-24T01:21:24.026+0000",2,0,0,0,NA,NA,NA,1,69,0,0,0,0,0,0,0,0,0,0,0,0,0,0,0,0,0,0,0,0,0,0,0,0,0,0,NA,NA,NA,"CD_I997660",FALSE,10,"Nicole","Callinan","home","Western Bulldogs"
"CD_M20192640402","2019-02-23T08:10:00.000+0000","CONCLUDED","2019 NAB AFLW Season","Round 4",4,"Mission Whitten Oval","Western Bulldogs","Western Bulldogs","Brisbane Lions","Brisbane Lions",16,"https://s.afl.com.au/staticfile/AFL Tenant/AFL/Players/ChampIDImages/AFLW/2019264/1010689.png?im=Scale,width=0.6,height=0.6","BPL","CD_I1010689",FALSE,16,"Naomi","Ferres","CD_T7387",NA,74,0,0,NA,4,3,7,0,0,2,1,6,7,1,0,0,0,3,57.1,2,1,0,27,0,0,0,0,NA,"2019-02-24T01:21:24.026+0000",2,0,0,0,NA,NA,NA,1,17,0,0,0,0,0,0,0,0,0,0,0,0,0,0,0,0,0,0,0,0,0,0,0,0,0,0,NA,NA,NA,"CD_I1010689",FALSE,16,"Naomi","Ferres","home","Western Bulldogs"
"CD_M20192640402","2019-02-23T08:10:00.000+0000","CONCLUDED","2019 NAB AFLW Season","Round 4",4,"Mission Whitten Oval","Western Bulldogs","Western Bulldogs","Brisbane Lions","Brisbane Lions",11,"https://s.afl.com.au/staticfile/AFL Tenant/AFL/Players/ChampIDImages/AFLW/2019264/998153.png?im=Scale,width=0.6,height=0.6","FB","CD_I998153",FALSE,11,"Lauren","Spark","CD_T7387",NA,91,0,0,NA,9,2,11,5,0,2,1,9,10,0,0,0,0,3,45.5,0,0,0,54,3,0,0,0,NA,"2019-02-24T01:21:24.026+0000",1,2,0,0,NA,NA,NA,1,175,0,0,0,0,0,0,0,0,0,0,0,0,0,0,0,0,0,0,0,0,0,0,0,0,0,0,NA,NA,NA,"CD_I998153",FALSE,11,"Lauren","Spark","home","Western Bulldogs"
"CD_M20192640402","2019-02-23T08:10:00.000+0000","CONCLUDED","2019 NAB AFLW Season","Round 4",4,"Mission Whitten Oval","Western Bulldogs","Western Bulldogs","Brisbane Lions","Brisbane Lions",15,"https://s.afl.com.au/staticfile/AFL Tenant/AFL/Players/ChampIDImages/AFLW/2019264/1014034.png?im=Scale,width=0.6,height=0.6","FPL","CD_I1014034",FALSE,15,"Aisling","McCarthy","CD_T7387",NA,83,1,0,NA,8,4,12,2,0,2,8,5,13,3,0,0,0,2,58.3,2,1,0,53,0,0,50,0,NA,"2019-02-24T01:21:24.026+0000",2,4,0,2,NA,NA,NA,4,245,0,1,1,0,0,0,0,0,0,0,0,0,0,0,0,0,0,0,0,0,0,0,0,0,0,0,NA,NA,NA,"CD_I1014034",FALSE,15,"Aisling","McCarthy","home","Western Bulldogs"
"CD_M20192640402","2019-02-23T08:10:00.000+0000","CONCLUDED","2019 NAB AFLW Season","Round 4",4,"Mission Whitten Oval","Western Bulldogs","Western Bulldogs","Brisbane Lions","Brisbane Lions",24,"https://s.afl.com.au/staticfile/AFL Tenant/AFL/Players/ChampIDImages/AFLW/2019264/1010677.png?im=Scale,width=0.6,height=0.6","RK","CD_I1010677",FALSE,24,"Kimberley","Rennie","CD_T7387",NA,55,0,0,NA,4,1,5,0,0,1,6,0,6,1,0,0,19,3,80,2,4,2,35,0,0,0,0,NA,"2019-02-24T01:21:24.026+0000",2,2,0,0,NA,NA,NA,1,87,0,4,4,0,0,0,0,0,0,0,0,0,0,0,0,0,0,0,0,0,0,0,0,0,0,0,NA,NA,NA,"CD_I1010677",FALSE,24,"Kimberley","Rennie","home","Western Bulldogs"
"CD_M20192640402","2019-02-23T08:10:00.000+0000","CONCLUDED","2019 NAB AFLW Season","Round 4",4,"Mission Whitten Oval","Western Bulldogs","Western Bulldogs","Brisbane Lions","Brisbane Lions",13,"https://s.afl.com.au/staticfile/AFL Tenant/AFL/Players/ChampIDImages/AFLW/2019264/1012555.png?im=Scale,width=0.6,height=0.6","INT","CD_I1012555",FALSE,13,"Celine","Moody","CD_T7387",NA,45,0,0,NA,1,0,1,0,0,1,0,1,1,0,0,0,6,1,0,1,0,1,10,0,0,0,0,NA,"2019-02-24T01:21:24.026+0000",1,0,0,0,NA,NA,NA,0,20,0,0,0,0,0,0,0,0,0,0,0,0,0,0,0,0,0,0,0,0,0,0,0,0,0,0,NA,NA,NA,"CD_I1012555",FALSE,13,"Celine","Moody","home","Western Bulldogs"
"CD_M20192640402","2019-02-23T08:10:00.000+0000","CONCLUDED","2019 NAB AFLW Season","Round 4",4,"Mission Whitten Oval","Western Bulldogs","Western Bulldogs","Brisbane Lions","Brisbane Lions",27,"https://s.afl.com.au/staticfile/AFL Tenant/AFL/Players/ChampIDImages/AFLW/2019264/997686.png?im=Scale,width=0.6,height=0.6","C","CD_I997686",FALSE,27,"Kirsty","Lamb","CD_T7387",NA,74,0,0,NA,8,2,10,2,0,3,5,5,10,1,0,0,0,0,60,5,2,3,39,2,0,0,0,NA,"2019-02-24T01:21:24.026+0000",3,1,0,0,NA,NA,NA,0,193,2,1,3,0,0,0,0,0,0,0,0,0,0,0,0,0,0,0,0,0,0,0,0,0,0,0,NA,NA,NA,"CD_I997686",FALSE,27,"Kirsty","Lamb","home","Western Bulldogs"
"CD_M20192640402","2019-02-23T08:10:00.000+0000","CONCLUDED","2019 NAB AFLW Season","Round 4",4,"Mission Whitten Oval","Western Bulldogs","Western Bulldogs","Brisbane Lions","Brisbane Lions",6,"https://s.afl.com.au/staticfile/AFL Tenant/AFL/Players/ChampIDImages/AFLW/2019264/1007020.png?im=Scale,width=0.6,height=0.6","INT","CD_I1007020",FALSE,6,"Kirsten","McLeod","CD_T7387",NA,75,1,1,NA,7,0,7,3,0,1,3,4,7,1,0,0,0,1,42.9,1,0,0,41,0,0,33.3,0,NA,"2019-02-24T01:21:24.026+0000",1,1,0,3,NA,NA,NA,3,121,0,0,0,0,0,0,0,0,0,0,0,0,0,0,0,0,0,0,0,0,0,0,0,0,0,0,NA,NA,NA,"CD_I1007020",FALSE,6,"Kirsten","McLeod","home","Western Bulldogs"
"CD_M20192640402","2019-02-23T08:10:00.000+0000","CONCLUDED","2019 NAB AFLW Season","Round 4",4,"Mission Whitten Oval","Western Bulldogs","Western Bulldogs","Brisbane Lions","Brisbane Lions",19,"https://s.afl.com.au/staticfile/AFL Tenant/AFL/Players/ChampIDImages/AFLW/2019264/997692.png?im=Scale,width=0.6,height=0.6","CHB","CD_I997692",FALSE,19,"Tiarna","Ernst","CD_T7387",NA,91,0,0,NA,7,4,11,2,0,3,7,4,11,1,0,0,0,7,72.7,2,0,1,44,2,0,0,0,NA,"2019-02-24T01:21:24.026+0000",2,6,0,0,NA,NA,NA,3,180,0,0,0,0,0,0,0,0,0,0,0,0,0,0,0,0,0,0,0,0,0,0,0,0,0,0,NA,NA,NA,"CD_I997692",FALSE,19,"Tiarna","Ernst","home","Western Bulldogs"
"CD_M20192640402","2019-02-23T08:10:00.000+0000","CONCLUDED","2019 NAB AFLW Season","Round 4",4,"Mission Whitten Oval","Western Bulldogs","Western Bulldogs","Brisbane Lions","Brisbane Lions",14,"https://s.afl.com.au/staticfile/AFL Tenant/AFL/Players/ChampIDImages/AFLW/2019264/1005374.png?im=Scale,width=0.6,height=0.6","CHF","CD_I1005374",FALSE,14,"Ellyse","Gamble","CD_T7387",NA,69,0,0,NA,7,1,8,3,0,1,3,5,8,1,1,0,2,2,0,2,1,1,36,1,0,0,0,NA,"2019-02-24T01:21:24.026+0000",2,2,0,0,NA,NA,NA,0,106,0,1,1,0,0,0,0,0,0,0,0,0,0,0,0,0,0,0,0,0,0,0,0,0,0,0,NA,NA,NA,"CD_I1005374",FALSE,14,"Ellyse","Gamble","home","Western Bulldogs"
"CD_M20192640402","2019-02-23T08:10:00.000+0000","CONCLUDED","2019 NAB AFLW Season","Round 4",4,"Mission Whitten Oval","Western Bulldogs","Western Bulldogs","Brisbane Lions","Brisbane Lions",36,"https://s.afl.com.au/staticfile/AFL Tenant/AFL/Players/ChampIDImages/AFLW/2019264/1007154.png?im=Scale,width=0.6,height=0.6","INT","CD_I1007154",FALSE,36,"Angelica","Gogos","CD_T7387",NA,68,0,0,NA,5,4,9,0,0,11,6,4,10,2,0,0,0,0,44.4,2,0,1,64,0,0,0,0,NA,"2019-02-24T01:21:24.026+0000",4,4,0,0,NA,NA,NA,1,111,0,1,1,0,0,0,0,0,0,0,0,0,0,0,0,0,0,0,0,0,0,0,0,0,0,0,NA,NA,NA,"CD_I1007154",FALSE,36,"Angelica","Gogos","home","Western Bulldogs"
"CD_M20192640402","2019-02-23T08:10:00.000+0000","CONCLUDED","2019 NAB AFLW Season","Round 4",4,"Mission Whitten Oval","Western Bulldogs","Western Bulldogs","Brisbane Lions","Brisbane Lions",26,"https://s.afl.com.au/staticfile/AFL Tenant/AFL/Players/ChampIDImages/AFLW/2019264/1012716.png?im=Scale,width=0.6,height=0.6","INT","CD_I1012716",FALSE,26,"Selena","Karlson","CD_T7387",NA,81,0,0,NA,4,2,6,0,0,1,5,1,6,0,0,0,0,0,50,3,0,2,14,0,0,0,0,NA,"2019-02-24T01:21:24.026+0000",2,4,0,0,NA,NA,NA,0,96,0,1,1,0,0,0,0,0,0,0,0,0,0,0,0,0,0,0,0,0,0,0,0,0,0,0,NA,NA,NA,"CD_I1012716",FALSE,26,"Selena","Karlson","home","Western Bulldogs"
"CD_M20192640402","2019-02-23T08:10:00.000+0000","CONCLUDED","2019 NAB AFLW Season","Round 4",4,"Mission Whitten Oval","Western Bulldogs","Western Bulldogs","Brisbane Lions","Brisbane Lions",28,"https://s.afl.com.au/staticfile/AFL Tenant/AFL/Players/ChampIDImages/AFLW/2019264/1010690.png?im=Scale,width=0.6,height=0.6","HFFR","CD_I1010690",FALSE,28,"Bonnie","Toogood","CD_T7387",NA,77,0,0,NA,3,1,4,1,0,0,2,2,4,0,0,0,0,2,50,1,0,1,11,1,0,0,0,NA,"2019-02-24T01:21:24.026+0000",1,0,0,0,NA,NA,NA,0,52,0,0,0,0,0,0,0,0,0,0,0,0,0,0,0,0,0,0,0,0,0,0,0,0,0,0,NA,NA,NA,"CD_I1010690",FALSE,28,"Bonnie","Toogood","home","Western Bulldogs"
"CD_M20192640402","2019-02-23T08:10:00.000+0000","CONCLUDED","2019 NAB AFLW Season","Round 4",4,"Mission Whitten Oval","Western Bulldogs","Western Bulldogs","Brisbane Lions","Brisbane Lions",23,"https://s.afl.com.au/staticfile/AFL Tenant/AFL/Players/ChampIDImages/AFLW/2019264/1010676.png?im=Scale,width=0.6,height=0.6","HFFL","CD_I1010676",FALSE,23,"Aisling","Utri","CD_T7387",NA,75,0,0,NA,8,7,15,3,0,1,9,6,15,2,0,0,0,2,60,3,1,1,49,0,0,0,0,NA,"2019-02-24T01:21:24.026+0000",4,6,0,0,NA,NA,NA,3,250,0,1,1,0,0,0,0,0,0,0,0,0,0,0,0,0,0,0,0,0,0,0,0,0,0,0,NA,NA,NA,"CD_I1010676",FALSE,23,"Aisling","Utri","home","Western Bulldogs"
"CD_M20192640402","2019-02-23T08:10:00.000+0000","CONCLUDED","2019 NAB AFLW Season","Round 4",4,"Mission Whitten Oval","Western Bulldogs","Western Bulldogs","Brisbane Lions","Brisbane Lions",1,"https://s.afl.com.au/staticfile/AFL Tenant/AFL/Players/ChampIDImages/AFLW/2019264/998155.png?im=Scale,width=0.6,height=0.6","HBFR","CD_I998155",FALSE,1,"Emily","Bates","CD_T7887",NA,82,0,0,NA,5,12,17,1,0,2,6,12,18,1,0,0,0,0,76.5,2,2,2,46,0,0,0,0,NA,"2019-02-24T01:21:24.026+0000",4,2,0,0,NA,NA,NA,1,89,0,3,3,0,0,0,0,0,0,0,0,0,0,0,0,0,0,0,0,0,0,0,0,0,0,0,NA,NA,NA,"CD_I998155",FALSE,1,"Emily","Bates","away","Brisbane Lions"
"CD_M20192640402","2019-02-23T08:10:00.000+0000","CONCLUDED","2019 NAB AFLW Season","Round 4",4,"Mission Whitten Oval","Western Bulldogs","Western Bulldogs","Brisbane Lions","Brisbane Lions",3,"https://s.afl.com.au/staticfile/AFL Tenant/AFL/Players/ChampIDImages/AFLW/2019264/1005661.png?im=Scale,width=0.6,height=0.6","RR","CD_I1005661",FALSE,3,"Breanna","Koenen","CD_T7887",NA,81,1,0,NA,10,4,14,2,0,3,4,9,13,2,0,0,0,3,92.9,0,2,0,64,1,1,100,0,NA,"2019-02-24T01:21:24.026+0000",0,5,1,1,NA,NA,NA,6,240,1,0,1,0,0,0,0,0,0,0,0,0,0,0,0,0,0,0,0,0,0,0,0,0,0,0,NA,NA,NA,"CD_I1005661",FALSE,3,"Breanna","Koenen","away","Brisbane Lions"
"CD_M20192640402","2019-02-23T08:10:00.000+0000","CONCLUDED","2019 NAB AFLW Season","Round 4",4,"Mission Whitten Oval","Western Bulldogs","Western Bulldogs","Brisbane Lions","Brisbane Lions",25,"https://s.afl.com.au/staticfile/AFL Tenant/AFL/Players/ChampIDImages/AFLW/2019264/1009964.png?im=Scale,width=0.6,height=0.6","INT","CD_I1009964",FALSE,25,"Jacqui","Yorston","CD_T7887",NA,62,0,0,NA,7,1,8,1,0,9,7,3,10,2,0,0,0,1,62.5,0,5,0,67,0,0,0,0,NA,"2019-02-24T01:21:24.026+0000",2,1,3,2,NA,NA,NA,0,126,1,4,5,0,0,0,0,0,0,0,0,0,0,0,0,0,0,0,0,0,0,0,0,0,0,0,NA,NA,NA,"CD_I1009964",FALSE,25,"Jacqui","Yorston","away","Brisbane Lions"
"CD_M20192640402","2019-02-23T08:10:00.000+0000","CONCLUDED","2019 NAB AFLW Season","Round 4",4,"Mission Whitten Oval","Western Bulldogs","Western Bulldogs","Brisbane Lions","Brisbane Lions",18,"https://s.afl.com.au/staticfile/AFL Tenant/AFL/Players/ChampIDImages/AFLW/2019264/1005630.png?im=Scale,width=0.6,height=0.6","R","CD_I1005630",FALSE,18,"Alexandra","Anderson","CD_T7887",NA,83,0,0,NA,14,6,20,4,1,5,7,12,19,0,0,0,0,0,75,4,2,1,85,2,0,0,0,NA,"2019-02-24T01:21:24.026+0000",2,4,1,0,NA,NA,NA,4,242,0,1,1,0,0,0,0,0,0,0,0,0,0,0,0,0,0,0,0,0,0,0,0,0,0,0,NA,NA,NA,"CD_I1005630",FALSE,18,"Alexandra","Anderson","away","Brisbane Lions"
"CD_M20192640402","2019-02-23T08:10:00.000+0000","CONCLUDED","2019 NAB AFLW Season","Round 4",4,"Mission Whitten Oval","Western Bulldogs","Western Bulldogs","Brisbane Lions","Brisbane Lions",27,"https://s.afl.com.au/staticfile/AFL Tenant/AFL/Players/ChampIDImages/AFLW/2019264/1010667.png?im=Scale,width=0.6,height=0.6","FF","CD_I1010667",FALSE,27,"Jessy","Keeffe","CD_T7887",NA,75,0,0,NA,1,7,8,1,0,3,6,2,8,1,0,1,8,1,50,5,0,3,31,0,0,0,0,NA,"2019-02-24T01:21:24.026+0000",2,3,0,0,NA,NA,NA,2,52,0,0,0,0,0,0,0,0,0,0,0,0,0,0,0,0,0,0,0,0,0,0,0,0,0,0,NA,NA,NA,"CD_I1010667",FALSE,27,"Jessy","Keeffe","away","Brisbane Lions"
"CD_M20192640402","2019-02-23T08:10:00.000+0000","CONCLUDED","2019 NAB AFLW Season","Round 4",4,"Mission Whitten Oval","Western Bulldogs","Western Bulldogs","Brisbane Lions","Brisbane Lions",30,"https://s.afl.com.au/staticfile/AFL Tenant/AFL/Players/ChampIDImages/AFLW/2019264/1009838.png?im=Scale,width=0.6,height=0.6","CHF","CD_I1009838",FALSE,30,"Jesse","Tawhiao-Wardlaw","CD_T7887",NA,92,0,0,NA,7,5,12,6,0,0,5,7,12,3,3,0,14,1,83.3,1,2,0,65,0,0,0,0,NA,"2019-02-24T01:21:24.026+0000",1,1,0,1,NA,NA,NA,4,136,0,1,1,0,0,0,0,0,0,0,0,0,0,0,0,0,0,0,0,0,0,0,0,0,0,0,NA,NA,NA,"CD_I1009838",FALSE,30,"Jesse","Tawhiao-Wardlaw","away","Brisbane Lions"
"CD_M20192640402","2019-02-23T08:10:00.000+0000","CONCLUDED","2019 NAB AFLW Season","Round 4",4,"Mission Whitten Oval","Western Bulldogs","Western Bulldogs","Brisbane Lions","Brisbane Lions",23,"https://s.afl.com.au/staticfile/AFL Tenant/AFL/Players/ChampIDImages/AFLW/2019264/1001690.png?im=Scale,width=0.6,height=0.6","FPL","CD_I1001690",FALSE,23,"Jess","Wuetschner","CD_T7887",NA,88,1,1,NA,9,4,13,2,0,2,6,7,13,2,1,0,0,3,38.5,3,1,1,54,0,1,50,0,NA,"2019-02-24T01:21:24.026+0000",4,3,1,2,NA,NA,NA,4,212,0,1,1,0,0,0,0,0,0,0,0,0,0,0,0,0,0,0,0,0,0,0,0,0,0,0,NA,NA,NA,"CD_I1001690",FALSE,23,"Jess","Wuetschner","away","Brisbane Lions"
"CD_M20192640402","2019-02-23T08:10:00.000+0000","CONCLUDED","2019 NAB AFLW Season","Round 4",4,"Mission Whitten Oval","Western Bulldogs","Western Bulldogs","Brisbane Lions","Brisbane Lions",6,"https://s.afl.com.au/staticfile/AFL Tenant/AFL/Players/ChampIDImages/AFLW/2019264/1005651.png?im=Scale,width=0.6,height=0.6","INT","CD_I1005651",FALSE,6,"Megan","Hunt","CD_T7887",NA,50,1,0,NA,2,3,5,1,0,2,1,4,5,1,0,0,0,2,100,2,0,1,26,0,0,100,0,NA,"2019-02-24T01:21:24.026+0000",0,0,2,1,NA,NA,NA,3,17,1,0,1,0,0,0,0,0,0,0,0,0,0,0,0,0,0,0,0,0,0,0,0,0,0,0,NA,NA,NA,"CD_I1005651",FALSE,6,"Megan","Hunt","away","Brisbane Lions"
"CD_M20192640402","2019-02-23T08:10:00.000+0000","CONCLUDED","2019 NAB AFLW Season","Round 4",4,"Mission Whitten Oval","Western Bulldogs","Western Bulldogs","Brisbane Lions","Brisbane Lions",28,"https://s.afl.com.au/staticfile/AFL Tenant/AFL/Players/ChampIDImages/AFLW/2019264/1009826.png?im=Scale,width=0.6,height=0.6","INT","CD_I1009826",FALSE,28,"Gabby","Collingwood","CD_T7887",NA,44,0,0,NA,4,1,5,1,0,4,2,4,6,0,0,0,0,0,60,0,1,0,34,0,0,0,0,NA,"2019-02-24T01:21:24.026+0000",2,0,2,0,NA,NA,NA,0,33,0,1,1,0,0,0,0,0,0,0,0,0,0,0,0,0,0,0,0,0,0,0,0,0,0,0,NA,NA,NA,"CD_I1009826",FALSE,28,"Gabby","Collingwood","away","Brisbane Lions"
"CD_M20192640402","2019-02-23T08:10:00.000+0000","CONCLUDED","2019 NAB AFLW Season","Round 4",4,"Mission Whitten Oval","Western Bulldogs","Western Bulldogs","Brisbane Lions","Brisbane Lions",8,"https://s.afl.com.au/staticfile/AFL Tenant/AFL/Players/ChampIDImages/AFLW/2019264/998034.png?im=Scale,width=0.6,height=0.6","HFFR","CD_I998034",FALSE,8,"Emma","Zielke","CD_T7887",NA,75,0,0,NA,7,7,14,5,1,3,6,8,14,4,0,0,0,0,71.4,1,1,1,60,1,0,0,0,NA,"2019-02-24T01:21:24.026+0000",1,5,0,0,NA,NA,NA,3,250,0,0,0,0,0,0,0,0,0,0,0,0,0,0,0,0,0,0,0,0,0,0,0,0,0,0,NA,NA,NA,"CD_I998034",FALSE,8,"Emma","Zielke","away","Brisbane Lions"
"CD_M20192640402","2019-02-23T08:10:00.000+0000","CONCLUDED","2019 NAB AFLW Season","Round 4",4,"Mission Whitten Oval","Western Bulldogs","Western Bulldogs","Brisbane Lions","Brisbane Lions",14,"https://s.afl.com.au/staticfile/AFL Tenant/AFL/Players/ChampIDImages/AFLW/2019264/1003019.png?im=Scale,width=0.6,height=0.6","RK","CD_I1003019",FALSE,14,"Sabrina","Frederick-Traub","CD_T7887",NA,97,0,3,NA,5,5,10,4,0,3,8,3,11,0,3,1,0,3,50,2,0,1,49,0,1,0,0,NA,"2019-02-24T01:21:24.026+0000",2,1,2,3,NA,NA,NA,4,68,0,0,0,0,0,0,0,0,0,0,0,0,0,0,0,0,0,0,0,0,0,0,0,0,0,0,NA,NA,NA,"CD_I1003019",FALSE,14,"Sabrina","Frederick-Traub","away","Brisbane Lions"
"CD_M20192640402","2019-02-23T08:10:00.000+0000","CONCLUDED","2019 NAB AFLW Season","Round 4",4,"Mission Whitten Oval","Western Bulldogs","Western Bulldogs","Brisbane Lions","Brisbane Lions",16,"https://s.afl.com.au/staticfile/AFL Tenant/AFL/Players/ChampIDImages/AFLW/2019264/998154.png?im=Scale,width=0.6,height=0.6","HFFL","CD_I998154",FALSE,16,"Lauren","Arnell","CD_T7887",NA,77,0,0,NA,4,6,10,1,0,7,3,7,10,1,0,0,0,1,60,1,0,0,55,1,0,0,0,NA,"2019-02-24T01:21:24.026+0000",1,1,5,0,NA,NA,NA,0,97,0,1,1,0,0,0,0,0,0,0,0,0,0,0,0,0,0,0,0,0,0,0,0,0,0,0,NA,NA,NA,"CD_I998154",FALSE,16,"Lauren","Arnell","away","Brisbane Lions"
"CD_M20192640402","2019-02-23T08:10:00.000+0000","CONCLUDED","2019 NAB AFLW Season","Round 4",4,"Mission Whitten Oval","Western Bulldogs","Western Bulldogs","Brisbane Lions","Brisbane Lions",20,"https://s.afl.com.au/staticfile/AFL Tenant/AFL/Players/ChampIDImages/AFLW/2019264/1007130.png?im=Scale,width=0.6,height=0.6","BPR","CD_I1007130",FALSE,20,"Shannon","Campbell","CD_T7887",NA,94,0,0,NA,8,5,13,0,3,1,7,2,9,1,0,0,0,5,61.5,5,3,0,41,4,0,0,0,NA,"2019-02-24T01:21:24.026+0000",3,6,0,0,NA,NA,NA,0,258,0,1,1,0,0,0,0,0,0,0,0,0,0,0,0,0,0,0,0,0,0,0,0,0,0,0,NA,NA,NA,"CD_I1007130",FALSE,20,"Shannon","Campbell","away","Brisbane Lions"
"CD_M20192640402","2019-02-23T08:10:00.000+0000","CONCLUDED","2019 NAB AFLW Season","Round 4",4,"Mission Whitten Oval","Western Bulldogs","Western Bulldogs","Brisbane Lions","Brisbane Lions",21,"https://s.afl.com.au/staticfile/AFL Tenant/AFL/Players/ChampIDImages/AFLW/2019264/1005659.png?im=Scale,width=0.6,height=0.6","INT","CD_I1005659",FALSE,21,"Arianna","Clarke","CD_T7887",NA,81,0,0,NA,3,4,7,1,0,0,3,4,7,1,0,0,0,1,71.4,2,0,1,17,1,0,0,0,NA,"2019-02-24T01:21:24.026+0000",1,2,0,0,NA,NA,NA,1,135,0,0,0,0,0,0,0,0,0,0,0,0,0,0,0,0,0,0,0,0,0,0,0,0,0,0,NA,NA,NA,"CD_I1005659",FALSE,21,"Arianna","Clarke","away","Brisbane Lions"
"CD_M20192640402","2019-02-23T08:10:00.000+0000","CONCLUDED","2019 NAB AFLW Season","Round 4",4,"Mission Whitten Oval","Western Bulldogs","Western Bulldogs","Brisbane Lions","Brisbane Lions",5,"https://s.afl.com.au/staticfile/AFL Tenant/AFL/Players/ChampIDImages/AFLW/2019264/1005652.png?im=Scale,width=0.6,height=0.6","INT","CD_I1005652",FALSE,5,"Sam","Virgo","CD_T7887",NA,68,0,0,NA,6,3,9,2,0,2,3,7,10,3,0,0,0,0,44.4,3,1,0,39,1,0,0,0,NA,"2019-02-24T01:21:24.026+0000",4,4,1,0,NA,NA,NA,1,186,0,1,1,0,0,0,0,0,0,0,0,0,0,0,0,0,0,0,0,0,0,0,0,0,0,0,NA,NA,NA,"CD_I1005652",FALSE,5,"Sam","Virgo","away","Brisbane Lions"
"CD_M20192640402","2019-02-23T08:10:00.000+0000","CONCLUDED","2019 NAB AFLW Season","Round 4",4,"Mission Whitten Oval","Western Bulldogs","Western Bulldogs","Brisbane Lions","Brisbane Lions",7,"https://s.afl.com.au/staticfile/AFL Tenant/AFL/Players/ChampIDImages/AFLW/2019264/1001678.png?im=Scale,width=0.6,height=0.6","C","CD_I1001678",FALSE,7,"Jordan","Zanchetta","CD_T7887",NA,80,1,0,NA,7,3,10,4,0,2,1,10,11,0,0,0,0,1,80,3,0,2,47,0,0,100,0,NA,"2019-02-24T01:21:24.026+0000",3,0,0,1,NA,NA,NA,1,89,0,0,0,0,0,0,0,0,0,0,0,0,0,0,0,0,0,0,0,0,0,0,0,0,0,0,NA,NA,NA,"CD_I1001678",FALSE,7,"Jordan","Zanchetta","away","Brisbane Lions"
"CD_M20192640402","2019-02-23T08:10:00.000+0000","CONCLUDED","2019 NAB AFLW Season","Round 4",4,"Mission Whitten Oval","Western Bulldogs","Western Bulldogs","Brisbane Lions","Brisbane Lions",33,"https://s.afl.com.au/staticfile/AFL Tenant/AFL/Players/ChampIDImages/AFLW/2019264/1009894.png?im=Scale,width=0.6,height=0.6","BPL","CD_I1009894",FALSE,33,"McKenzie","Dowrick","CD_T7887",NA,63,0,0,NA,10,2,12,4,0,3,1,11,12,1,1,0,0,2,91.7,0,0,0,58,4,0,0,0,NA,"2019-02-24T01:21:24.026+0000",4,3,1,0,NA,NA,NA,2,400,0,0,0,0,0,0,0,0,0,0,0,0,0,0,0,0,0,0,0,0,0,0,0,0,0,0,NA,NA,NA,"CD_I1009894",FALSE,33,"McKenzie","Dowrick","away","Brisbane Lions"
"CD_M20192640402","2019-02-23T08:10:00.000+0000","CONCLUDED","2019 NAB AFLW Season","Round 4",4,"Mission Whitten Oval","Western Bulldogs","Western Bulldogs","Brisbane Lions","Brisbane Lions",15,"https://s.afl.com.au/staticfile/AFL Tenant/AFL/Players/ChampIDImages/AFLW/2019264/1007137.png?im=Scale,width=0.6,height=0.6","FPR","CD_I1007137",FALSE,15,"Nat","Exon","CD_T7887",NA,71,1,1,NA,8,8,16,4,2,6,6,9,15,1,1,0,0,2,68.8,1,0,0,83,1,0,50,0,NA,"2019-02-24T01:21:24.026+0000",4,3,1,2,NA,NA,NA,5,247,0,1,1,0,0,0,0,0,0,0,0,0,0,0,0,0,0,0,0,0,0,0,0,0,0,0,NA,NA,NA,"CD_I1007137",FALSE,15,"Nat","Exon","away","Brisbane Lions"
"CD_M20192640402","2019-02-23T08:10:00.000+0000","CONCLUDED","2019 NAB AFLW Season","Round 4",4,"Mission Whitten Oval","Western Bulldogs","Western Bulldogs","Brisbane Lions","Brisbane Lions",17,"https://s.afl.com.au/staticfile/AFL Tenant/AFL/Players/ChampIDImages/AFLW/2019264/1009836.png?im=Scale,width=0.6,height=0.6","FB","CD_I1009836",FALSE,17,"Natalie","Grider","CD_T7887",NA,68,0,0,NA,4,4,8,3,0,3,5,3,8,0,0,1,0,2,87.5,2,2,1,40,4,0,0,0,NA,"2019-02-24T01:21:24.026+0000",0,2,0,0,NA,NA,NA,1,53,0,0,0,0,0,0,0,0,0,0,0,0,0,0,0,0,0,0,0,0,0,0,0,0,0,0,NA,NA,NA,"CD_I1009836",FALSE,17,"Natalie","Grider","away","Brisbane Lions"
"CD_M20192640402","2019-02-23T08:10:00.000+0000","CONCLUDED","2019 NAB AFLW Season","Round 4",4,"Mission Whitten Oval","Western Bulldogs","Western Bulldogs","Brisbane Lions","Brisbane Lions",13,"https://s.afl.com.au/staticfile/AFL Tenant/AFL/Players/ChampIDImages/AFLW/2019264/1005638.png?im=Scale,width=0.6,height=0.6","CHB","CD_I1005638",FALSE,13,"Kate","Lutkins","CD_T7887",NA,94,0,0,NA,4,2,6,1,0,4,3,1,4,1,0,0,0,2,50,1,1,0,36,0,0,0,0,NA,"2019-02-24T01:21:24.026+0000",2,5,0,0,NA,NA,NA,1,109,0,0,0,0,0,0,0,0,0,0,0,0,0,0,0,0,0,0,0,0,0,0,0,0,0,0,NA,NA,NA,"CD_I1005638",FALSE,13,"Kate","Lutkins","away","Brisbane Lions"
"CD_M20192640402","2019-02-23T08:10:00.000+0000","CONCLUDED","2019 NAB AFLW Season","Round 4",4,"Mission Whitten Oval","Western Bulldogs","Western Bulldogs","Brisbane Lions","Brisbane Lions",9,"https://s.afl.com.au/staticfile/AFL Tenant/AFL/Players/ChampIDImages/AFLW/2019264/1005636.png?im=Scale,width=0.6,height=0.6","HBFL","CD_I1005636",FALSE,9,"Kate","McCarthy","CD_T7887",NA,76,2,1,NA,7,0,7,2,3,5,2,5,7,1,0,0,0,0,85.7,0,0,0,60,0,0,66.7,0,NA,"2019-02-24T01:21:24.026+0000",0,1,2,3,NA,NA,NA,4,257,0,0,0,0,0,0,0,0,0,0,0,0,0,0,0,0,0,0,0,0,0,0,0,0,0,0,NA,NA,NA,"CD_I1005636",FALSE,9,"Kate","McCarthy","away","Brisbane Lions"
"CD_M20192640403","2019-02-23T10:35:00.000+0000","CONCLUDED","2019 NAB AFLW Season","Round 4",4,"TIO Stadium","Adelaide Crows","Adelaide Crows","Fremantle","Fremantle",19,"https://s.afl.com.au/staticfile/AFL Tenant/AFL/Players/ChampIDImages/AFLW/2019264/1007356.png?im=Scale,width=0.6,height=0.6","INT","CD_I1007356",FALSE,19,"Sophie","Li","CD_T8098",NA,52,0,0,NA,3,4,7,0,0,3,2,4,6,2,0,0,0,0,71.4,0,0,0,29,0,0,0,NA,NA,"2019-05-01T04:45:17.275+0000",1,1,0,0,NA,NA,NA,2,107,0,1,1,0,0,0,0,0,0,0,0,0,0,0,0,0,0,0,0,0,0,0,0,0,0,0,NA,NA,NA,"CD_I1007356",FALSE,19,"Sophie","Li","home","Adelaide Crows"
"CD_M20192640403","2019-02-23T10:35:00.000+0000","CONCLUDED","2019 NAB AFLW Season","Round 4",4,"TIO Stadium","Adelaide Crows","Adelaide Crows","Fremantle","Fremantle",27,"https://s.afl.com.au/staticfile/AFL Tenant/AFL/Players/ChampIDImages/AFLW/2019264/998045.png?im=Scale,width=0.6,height=0.6","FPR","CD_I998045",FALSE,27,"Renee","Forth","CD_T8098",NA,72,0,1,NA,4,3,7,0,0,1,2,3,5,1,0,0,0,2,71.4,2,1,1,21,1,0,0,NA,NA,"2019-05-01T04:45:17.275+0000",1,1,0,1,NA,NA,NA,2,114,0,0,0,0,0,0,0,0,0,0,0,0,0,0,0,0,0,0,0,0,0,0,0,0,0,0,NA,NA,NA,"CD_I998045",FALSE,27,"Renee","Forth","home","Adelaide Crows"
"CD_M20192640403","2019-02-23T10:35:00.000+0000","CONCLUDED","2019 NAB AFLW Season","Round 4",4,"TIO Stadium","Adelaide Crows","Adelaide Crows","Fremantle","Fremantle",26,"https://s.afl.com.au/staticfile/AFL Tenant/AFL/Players/ChampIDImages/AFLW/2019264/998044.png?im=Scale,width=0.6,height=0.6","BPR","CD_I998044",FALSE,26,"Chelsea","Randall","CD_T8098",NA,94,0,1,NA,8,8,16,2,0,1,4,6,10,3,0,0,0,3,68.8,1,0,0,51,0,0,0,NA,NA,"2019-05-01T04:45:17.275+0000",3,6,0,1,NA,NA,NA,1,174,1,0,1,0,0,0,0,0,0,0,0,0,0,0,0,0,0,0,0,0,0,0,0,0,0,0,NA,NA,NA,"CD_I998044",FALSE,26,"Chelsea","Randall","home","Adelaide Crows"
"CD_M20192640403","2019-02-23T10:35:00.000+0000","CONCLUDED","2019 NAB AFLW Season","Round 4",4,"TIO Stadium","Adelaide Crows","Adelaide Crows","Fremantle","Fremantle",39,"https://s.afl.com.au/staticfile/AFL Tenant/AFL/Players/ChampIDImages/AFLW/2019264/1005285.png?im=Scale,width=0.6,height=0.6","FB","CD_I1005285",FALSE,39,"Sarah","Allan","CD_T8098",NA,89,0,0,NA,9,4,13,4,0,1,4,7,11,0,0,1,0,2,53.8,4,0,1,48,2,0,0,NA,NA,"2019-05-01T04:45:17.275+0000",4,4,0,0,NA,NA,NA,0,197,0,0,0,0,0,0,0,0,0,0,0,0,0,0,0,0,0,0,0,0,0,0,0,0,0,0,NA,NA,NA,"CD_I1005285",FALSE,39,"Sarah","Allan","home","Adelaide Crows"
"CD_M20192640403","2019-02-23T10:35:00.000+0000","CONCLUDED","2019 NAB AFLW Season","Round 4",4,"TIO Stadium","Adelaide Crows","Adelaide Crows","Fremantle","Fremantle",16,"https://s.afl.com.au/staticfile/AFL Tenant/AFL/Players/ChampIDImages/AFLW/2019264/1013947.png?im=Scale,width=0.6,height=0.6","INT","CD_I1013947",FALSE,16,"Ailish","Considine","CD_T8098",NA,69,0,0,NA,4,5,9,0,0,1,8,1,9,1,0,0,0,0,55.6,1,2,1,25,2,0,0,NA,NA,"2019-05-01T04:45:17.275+0000",2,2,0,0,NA,NA,NA,3,114,0,2,2,0,0,0,0,0,0,0,0,0,0,0,0,0,0,0,0,0,0,0,0,0,0,0,NA,NA,NA,"CD_I1013947",FALSE,16,"Ailish","Considine","home","Adelaide Crows"
"CD_M20192640403","2019-02-23T10:35:00.000+0000","CONCLUDED","2019 NAB AFLW Season","Round 4",4,"TIO Stadium","Adelaide Crows","Adelaide Crows","Fremantle","Fremantle",24,"https://s.afl.com.au/staticfile/AFL Tenant/AFL/Players/ChampIDImages/AFLW/2019264/1011127.png?im=Scale,width=0.6,height=0.6","RK","CD_I1011127",FALSE,24,"Jessica","Foley","CD_T8098",NA,86,0,0,NA,9,4,13,5,1,1,4,10,14,5,0,1,24,3,69.2,2,0,0,78,0,0,0,NA,NA,"2019-05-01T04:45:17.275+0000",0,3,0,0,NA,NA,NA,5,209,0,2,2,0,0,0,0,0,0,0,0,0,0,0,0,0,0,0,0,0,0,0,0,0,0,0,NA,NA,NA,"CD_I1011127",FALSE,24,"Jessica","Foley","home","Adelaide Crows"
"CD_M20192640403","2019-02-23T10:35:00.000+0000","CONCLUDED","2019 NAB AFLW Season","Round 4",4,"TIO Stadium","Adelaide Crows","Adelaide Crows","Fremantle","Fremantle",3,"https://s.afl.com.au/staticfile/AFL Tenant/AFL/Players/ChampIDImages/AFLW/2019264/1005378.png?im=Scale,width=0.6,height=0.6","HFFL","CD_I1005378",FALSE,3,"Angela","Foley","CD_T8098",NA,77,0,0,NA,9,6,15,2,0,0,4,11,15,0,0,0,0,0,40,4,1,1,43,2,0,0,NA,NA,"2019-05-01T04:45:17.275+0000",6,1,0,1,NA,NA,NA,2,240,0,0,0,0,0,0,0,0,0,0,0,0,0,0,0,0,0,0,0,0,0,0,0,0,0,0,NA,NA,NA,"CD_I1005378",FALSE,3,"Angela","Foley","home","Adelaide Crows"
"CD_M20192640403","2019-02-23T10:35:00.000+0000","CONCLUDED","2019 NAB AFLW Season","Round 4",4,"TIO Stadium","Adelaide Crows","Adelaide Crows","Fremantle","Fremantle",8,"https://s.afl.com.au/staticfile/AFL Tenant/AFL/Players/ChampIDImages/AFLW/2019264/1005379.png?im=Scale,width=0.6,height=0.6","INT","CD_I1005379",FALSE,8,"Sally","Riley","CD_T8098",NA,62,0,1,NA,2,4,6,1,0,0,5,2,7,0,0,1,0,1,66.7,1,1,1,16,0,0,0,NA,NA,"2019-05-01T04:45:17.275+0000",2,0,0,1,NA,NA,NA,3,14,0,0,0,0,0,0,0,0,0,0,0,0,0,0,0,0,0,0,0,0,0,0,0,0,0,0,NA,NA,NA,"CD_I1005379",FALSE,8,"Sally","Riley","home","Adelaide Crows"
"CD_M20192640403","2019-02-23T10:35:00.000+0000","CONCLUDED","2019 NAB AFLW Season","Round 4",4,"TIO Stadium","Adelaide Crows","Adelaide Crows","Fremantle","Fremantle",33,"https://s.afl.com.au/staticfile/AFL Tenant/AFL/Players/ChampIDImages/AFLW/2019264/1005269.png?im=Scale,width=0.6,height=0.6","RR","CD_I1005269",FALSE,33,"Anne","Hatchard","CD_T8098",NA,90,0,0,NA,9,13,22,4,0,3,15,10,25,2,1,1,5,3,81.8,3,3,2,79,1,1,0,NA,NA,"2019-05-01T04:45:17.275+0000",2,5,1,0,NA,NA,NA,9,208,1,5,6,0,0,0,0,0,0,0,0,0,0,0,0,0,0,0,0,0,0,0,0,0,0,0,NA,NA,NA,"CD_I1005269",FALSE,33,"Anne","Hatchard","home","Adelaide Crows"
"CD_M20192640403","2019-02-23T10:35:00.000+0000","CONCLUDED","2019 NAB AFLW Season","Round 4",4,"TIO Stadium","Adelaide Crows","Adelaide Crows","Fremantle","Fremantle",10,"https://s.afl.com.au/staticfile/AFL Tenant/AFL/Players/ChampIDImages/AFLW/2019264/1005279.png?im=Scale,width=0.6,height=0.6","C","CD_I1005279",FALSE,10,"Ebony","Marinoff","CD_T8098",NA,79,0,0,NA,14,6,20,2,0,4,8,14,22,7,0,0,0,0,40,8,0,3,67,1,1,0,NA,NA,"2019-05-01T04:45:17.275+0000",7,3,1,0,NA,NA,NA,8,489,1,1,2,0,0,0,0,0,0,0,0,0,0,0,0,0,0,0,0,0,0,0,0,0,0,0,NA,NA,NA,"CD_I1005279",FALSE,10,"Ebony","Marinoff","home","Adelaide Crows"
"CD_M20192640403","2019-02-23T10:35:00.000+0000","CONCLUDED","2019 NAB AFLW Season","Round 4",4,"TIO Stadium","Adelaide Crows","Adelaide Crows","Fremantle","Fremantle",31,"https://s.afl.com.au/staticfile/AFL Tenant/AFL/Players/ChampIDImages/AFLW/2019264/1005956.png?im=Scale,width=0.6,height=0.6","BPL","CD_I1005956",FALSE,31,"Dayna","Cox","CD_T8098",NA,81,0,0,NA,4,7,11,1,0,2,7,4,11,0,0,0,0,3,72.7,2,1,1,35,0,0,0,NA,NA,"2019-05-01T04:45:17.275+0000",1,4,0,0,NA,NA,NA,2,56,0,1,1,0,0,0,0,0,0,0,0,0,0,0,0,0,0,0,0,0,0,0,0,0,0,0,NA,NA,NA,"CD_I1005956",FALSE,31,"Dayna","Cox","home","Adelaide Crows"
"CD_M20192640403","2019-02-23T10:35:00.000+0000","CONCLUDED","2019 NAB AFLW Season","Round 4",4,"TIO Stadium","Adelaide Crows","Adelaide Crows","Fremantle","Fremantle",22,"https://s.afl.com.au/staticfile/AFL Tenant/AFL/Players/ChampIDImages/AFLW/2019264/998046.png?im=Scale,width=0.6,height=0.6","CHF","CD_I998046",FALSE,22,"Courtney","Cramey","CD_T8098",NA,33,0,0,NA,5,2,7,2,0,1,3,6,9,2,0,0,0,0,42.9,2,1,1,27,1,0,0,NA,NA,"2019-05-01T04:45:17.275+0000",3,2,1,0,NA,NA,NA,3,143,0,1,1,0,0,0,0,0,0,0,0,0,0,0,0,0,0,0,0,0,0,0,0,0,0,0,NA,NA,NA,"CD_I998046",FALSE,22,"Courtney","Cramey","home","Adelaide Crows"
"CD_M20192640403","2019-02-23T10:35:00.000+0000","CONCLUDED","2019 NAB AFLW Season","Round 4",4,"TIO Stadium","Adelaide Crows","Adelaide Crows","Fremantle","Fremantle",15,"https://s.afl.com.au/staticfile/AFL Tenant/AFL/Players/ChampIDImages/AFLW/2019264/1009794.png?im=Scale,width=0.6,height=0.6","HFFR","CD_I1009794",FALSE,15,"Danielle","Ponter","CD_T8098",NA,70,2,0,NA,3,5,8,1,0,0,2,6,8,1,0,0,0,2,87.5,1,0,0,34,0,0,100,NA,NA,"2019-05-01T04:45:17.275+0000",1,0,0,2,NA,NA,NA,2,131,0,0,0,0,0,0,0,0,0,0,0,0,0,0,0,0,0,0,0,0,0,0,0,0,0,0,NA,NA,NA,"CD_I1009794",FALSE,15,"Danielle","Ponter","home","Adelaide Crows"
"CD_M20192640403","2019-02-23T10:35:00.000+0000","CONCLUDED","2019 NAB AFLW Season","Round 4",4,"TIO Stadium","Adelaide Crows","Adelaide Crows","Fremantle","Fremantle",14,"https://s.afl.com.au/staticfile/AFL Tenant/AFL/Players/ChampIDImages/AFLW/2019264/1005386.png?im=Scale,width=0.6,height=0.6","R","CD_I1005386",FALSE,14,"Stevie-Lee","Thompson","CD_T8098",NA,75,2,2,NA,8,6,14,2,0,2,10,3,13,1,1,1,0,0,50,2,1,0,65,0,0,50,NA,NA,"2019-05-01T04:45:17.275+0000",3,1,1,4,NA,NA,NA,5,127,0,0,0,0,0,0,0,0,0,0,0,0,0,0,0,0,0,0,0,0,0,0,0,0,0,0,NA,NA,NA,"CD_I1005386",FALSE,14,"Stevie-Lee","Thompson","home","Adelaide Crows"
"CD_M20192640403","2019-02-23T10:35:00.000+0000","CONCLUDED","2019 NAB AFLW Season","Round 4",4,"TIO Stadium","Adelaide Crows","Adelaide Crows","Fremantle","Fremantle",32,"https://s.afl.com.au/staticfile/AFL Tenant/AFL/Players/ChampIDImages/AFLW/2019264/1007574.png?im=Scale,width=0.6,height=0.6","CHB","CD_I1007574",FALSE,32,"Marijana","Rajcic","CD_T8098",NA,90,0,0,NA,11,2,13,4,0,2,4,7,11,2,0,1,0,2,92.3,1,1,1,55,3,1,0,NA,NA,"2019-05-01T04:45:17.275+0000",1,8,0,0,NA,NA,NA,2,274,0,0,0,0,0,0,0,0,0,0,0,0,0,0,0,0,0,0,0,0,0,0,0,0,0,0,NA,NA,NA,"CD_I1007574",FALSE,32,"Marijana","Rajcic","home","Adelaide Crows"
"CD_M20192640403","2019-02-23T10:35:00.000+0000","CONCLUDED","2019 NAB AFLW Season","Round 4",4,"TIO Stadium","Adelaide Crows","Adelaide Crows","Fremantle","Fremantle",23,"https://s.afl.com.au/staticfile/AFL Tenant/AFL/Players/ChampIDImages/AFLW/2019264/1005955.png?im=Scale,width=0.6,height=0.6","HBFR","CD_I1005955",FALSE,23,"Justine","Mules","CD_T8098",NA,78,0,0,NA,8,4,12,1,0,3,7,6,13,3,0,0,0,0,50,4,2,2,43,0,0,0,NA,NA,"2019-05-01T04:45:17.275+0000",5,4,0,0,NA,NA,NA,2,207,0,0,0,0,0,0,0,0,0,0,0,0,0,0,0,0,0,0,0,0,0,0,0,0,0,0,NA,NA,NA,"CD_I1005955",FALSE,23,"Justine","Mules","home","Adelaide Crows"
"CD_M20192640403","2019-02-23T10:35:00.000+0000","CONCLUDED","2019 NAB AFLW Season","Round 4",4,"TIO Stadium","Adelaide Crows","Adelaide Crows","Fremantle","Fremantle",5,"https://s.afl.com.au/staticfile/AFL Tenant/AFL/Players/ChampIDImages/AFLW/2019264/1005641.png?im=Scale,width=0.6,height=0.6","INT","CD_I1005641",FALSE,5,"Jenna","McCormick","CD_T8098",NA,75,0,0,NA,7,4,11,1,0,0,5,6,11,1,0,0,0,1,72.7,2,0,1,29,1,0,0,NA,NA,"2019-05-01T04:45:17.275+0000",2,5,0,0,NA,NA,NA,2,105,0,1,1,0,0,0,0,0,0,0,0,0,0,0,0,0,0,0,0,0,0,0,0,0,0,0,NA,NA,NA,"CD_I1005641",FALSE,5,"Jenna","McCormick","home","Adelaide Crows"
"CD_M20192640403","2019-02-23T10:35:00.000+0000","CONCLUDED","2019 NAB AFLW Season","Round 4",4,"TIO Stadium","Adelaide Crows","Adelaide Crows","Fremantle","Fremantle",2,"https://s.afl.com.au/staticfile/AFL Tenant/AFL/Players/ChampIDImages/AFLW/2019264/1005258.png?im=Scale,width=0.6,height=0.6","FPL","CD_I1005258",FALSE,2,"Eloise","Jones","CD_T8098",NA,82,2,3,NA,8,3,11,2,0,0,4,5,9,2,2,1,0,1,63.6,1,0,1,48,0,2,40,NA,NA,"2019-05-01T04:45:17.275+0000",1,1,0,5,NA,NA,NA,7,194,0,0,0,0,0,0,0,0,0,0,0,0,0,0,0,0,0,0,0,0,0,0,0,0,0,0,NA,NA,NA,"CD_I1005258",FALSE,2,"Eloise","Jones","home","Adelaide Crows"
"CD_M20192640403","2019-02-23T10:35:00.000+0000","CONCLUDED","2019 NAB AFLW Season","Round 4",4,"TIO Stadium","Adelaide Crows","Adelaide Crows","Fremantle","Fremantle",6,"https://s.afl.com.au/staticfile/AFL Tenant/AFL/Players/ChampIDImages/AFLW/2019264/1011092.png?im=Scale,width=0.6,height=0.6","INT","CD_I1011092",FALSE,6,"Hannah","Martin","CD_T8098",NA,75,1,0,NA,5,3,8,0,0,2,5,5,10,1,0,0,0,2,62.5,3,1,1,33,0,1,100,NA,NA,"2019-05-01T04:45:17.275+0000",3,0,1,1,NA,NA,NA,5,131,0,1,1,0,0,0,0,0,0,0,0,0,0,0,0,0,0,0,0,0,0,0,0,0,0,0,NA,NA,NA,"CD_I1011092",FALSE,6,"Hannah","Martin","home","Adelaide Crows"
"CD_M20192640403","2019-02-23T10:35:00.000+0000","CONCLUDED","2019 NAB AFLW Season","Round 4",4,"TIO Stadium","Adelaide Crows","Adelaide Crows","Fremantle","Fremantle",13,"https://s.afl.com.au/staticfile/AFL Tenant/AFL/Players/ChampIDImages/AFLW/2019264/1007129.png?im=Scale,width=0.6,height=0.6","FF","CD_I1007129",FALSE,13,"Erin","Phillips","CD_T8098",NA,92,2,3,NA,23,2,25,4,0,2,16,8,24,7,3,3,0,2,44,5,5,2,107,1,1,33.3,NA,NA,"2019-05-01T04:45:17.275+0000",6,2,1,6,NA,NA,NA,9,564,5,2,7,0,0,0,0,0,0,0,0,0,0,0,0,0,0,0,0,0,0,0,0,0,0,0,NA,NA,NA,"CD_I1007129",FALSE,13,"Erin","Phillips","home","Adelaide Crows"
"CD_M20192640403","2019-02-23T10:35:00.000+0000","CONCLUDED","2019 NAB AFLW Season","Round 4",4,"TIO Stadium","Adelaide Crows","Adelaide Crows","Fremantle","Fremantle",9,"https://s.afl.com.au/staticfile/AFL Tenant/AFL/Players/ChampIDImages/AFLW/2019264/1005251.png?im=Scale,width=0.6,height=0.6","HBFL","CD_I1005251",FALSE,9,"Deni","Varnhagen","CD_T8098",NA,80,0,0,NA,8,4,12,5,1,1,4,8,12,2,1,0,0,1,66.7,2,0,1,48,4,0,0,NA,NA,"2019-05-01T04:45:17.275+0000",4,3,0,0,NA,NA,NA,3,218,1,2,3,0,0,0,0,0,0,0,0,0,0,0,0,0,0,0,0,0,0,0,0,0,0,0,NA,NA,NA,"CD_I1005251",FALSE,9,"Deni","Varnhagen","home","Adelaide Crows"
"CD_M20192640403","2019-02-23T10:35:00.000+0000","CONCLUDED","2019 NAB AFLW Season","Round 4",4,"TIO Stadium","Adelaide Crows","Adelaide Crows","Fremantle","Fremantle",9,"https://s.afl.com.au/staticfile/AFL Tenant/AFL/Players/ChampIDImages/AFLW/2019264/1005431.png?im=Scale,width=0.6,height=0.6","HBFL","CD_I1005431",FALSE,9,"Alex","Williams","CD_T7886",NA,75,0,0,NA,2,2,4,0,0,3,3,1,4,0,0,0,0,3,75,3,0,2,16,2,0,0,NA,NA,"2019-05-01T04:45:17.275+0000",2,3,0,0,NA,NA,NA,0,58,0,0,0,0,0,0,0,0,0,0,0,0,0,0,0,0,0,0,0,0,0,0,0,0,0,0,NA,NA,NA,"CD_I1005431",FALSE,9,"Alex","Williams","away","Fremantle"
"CD_M20192640403","2019-02-23T10:35:00.000+0000","CONCLUDED","2019 NAB AFLW Season","Round 4",4,"TIO Stadium","Adelaide Crows","Adelaide Crows","Fremantle","Fremantle",13,"https://s.afl.com.au/staticfile/AFL Tenant/AFL/Players/ChampIDImages/AFLW/2019264/1010684.png?im=Scale,width=0.6,height=0.6","INT","CD_I1010684",FALSE,13,"Katie-Jayne","Grieve","CD_T7886",NA,65,0,0,NA,2,1,3,0,0,1,1,1,2,1,0,0,0,0,100,0,1,0,13,0,0,0,NA,NA,"2019-05-01T04:45:17.275+0000",1,2,0,0,NA,NA,NA,1,63,0,0,0,0,0,0,0,0,0,0,0,0,0,0,0,0,0,0,0,0,0,0,0,0,0,0,NA,NA,NA,"CD_I1010684",FALSE,13,"Katie-Jayne","Grieve","away","Fremantle"
"CD_M20192640403","2019-02-23T10:35:00.000+0000","CONCLUDED","2019 NAB AFLW Season","Round 4",4,"TIO Stadium","Adelaide Crows","Adelaide Crows","Fremantle","Fremantle",17,"https://s.afl.com.au/staticfile/AFL Tenant/AFL/Players/ChampIDImages/AFLW/2019264/998156.png?im=Scale,width=0.6,height=0.6","RR","CD_I998156",FALSE,17,"Dana","Hooker","CD_T7886",NA,86,0,0,NA,12,4,16,0,0,8,11,4,15,1,0,0,0,0,43.8,4,5,0,81,4,0,0,NA,NA,"2019-05-01T04:45:17.275+0000",10,5,2,0,NA,NA,NA,3,365,2,1,3,0,0,0,0,0,0,0,0,0,0,0,0,0,0,0,0,0,0,0,0,0,0,0,NA,NA,NA,"CD_I998156",FALSE,17,"Dana","Hooker","away","Fremantle"
"CD_M20192640403","2019-02-23T10:35:00.000+0000","CONCLUDED","2019 NAB AFLW Season","Round 4",4,"TIO Stadium","Adelaide Crows","Adelaide Crows","Fremantle","Fremantle",6,"https://s.afl.com.au/staticfile/AFL Tenant/AFL/Players/ChampIDImages/AFLW/2019264/1009895.png?im=Scale,width=0.6,height=0.6","INT","CD_I1009895",FALSE,6,"Sabreena","Duffy","CD_T7886",NA,71,0,1,NA,6,1,7,3,0,2,5,3,8,3,1,1,0,1,57.1,1,1,0,39,0,0,0,NA,NA,"2019-05-01T04:45:17.275+0000",2,2,1,1,NA,NA,NA,2,113,0,0,0,0,0,0,0,0,0,0,0,0,0,0,0,0,0,0,0,0,0,0,0,0,0,0,NA,NA,NA,"CD_I1009895",FALSE,6,"Sabreena","Duffy","away","Fremantle"
"CD_M20192640403","2019-02-23T10:35:00.000+0000","CONCLUDED","2019 NAB AFLW Season","Round 4",4,"TIO Stadium","Adelaide Crows","Adelaide Crows","Fremantle","Fremantle",1,"https://s.afl.com.au/staticfile/AFL Tenant/AFL/Players/ChampIDImages/AFLW/2019264/1005416.png?im=Scale,width=0.6,height=0.6","CHF","CD_I1005416",FALSE,1,"Ashley","Sharp","CD_T7886",NA,70,0,0,NA,0,1,1,0,0,0,0,1,1,0,0,0,0,1,0,1,0,0,2,0,0,0,NA,NA,"2019-05-01T04:45:17.275+0000",1,0,0,0,NA,NA,NA,1,-4,0,0,0,0,0,0,0,0,0,0,0,0,0,0,0,0,0,0,0,0,0,0,0,0,0,0,NA,NA,NA,"CD_I1005416",FALSE,1,"Ashley","Sharp","away","Fremantle"
"CD_M20192640403","2019-02-23T10:35:00.000+0000","CONCLUDED","2019 NAB AFLW Season","Round 4",4,"TIO Stadium","Adelaide Crows","Adelaide Crows","Fremantle","Fremantle",12,"https://s.afl.com.au/staticfile/AFL Tenant/AFL/Players/ChampIDImages/AFLW/2019264/1001682.png?im=Scale,width=0.6,height=0.6","CHB","CD_I1001682",FALSE,12,"Ebony","Antonio","CD_T7886",NA,78,1,0,NA,7,2,9,2,0,1,9,1,10,2,1,1,0,2,44.4,3,3,1,41,2,0,100,NA,NA,"2019-05-01T04:45:17.275+0000",5,2,0,1,NA,NA,NA,2,199,0,2,2,0,0,0,0,0,0,0,0,0,0,0,0,0,0,0,0,0,0,0,0,0,0,0,NA,NA,NA,"CD_I1001682",FALSE,12,"Ebony","Antonio","away","Fremantle"
"CD_M20192640403","2019-02-23T10:35:00.000+0000","CONCLUDED","2019 NAB AFLW Season","Round 4",4,"TIO Stadium","Adelaide Crows","Adelaide Crows","Fremantle","Fremantle",10,"https://s.afl.com.au/staticfile/AFL Tenant/AFL/Players/ChampIDImages/AFLW/2019264/998152.png?im=Scale,width=0.6,height=0.6","FPR","CD_I998152",FALSE,10,"Melissa","Caulfield","CD_T7886",NA,69,0,0,NA,2,1,3,1,0,2,1,2,3,1,0,0,0,0,66.7,1,0,0,19,0,0,0,NA,NA,"2019-05-01T04:45:17.275+0000",1,0,0,0,NA,NA,NA,1,57,0,1,1,0,0,0,0,0,0,0,0,0,0,0,0,0,0,0,0,0,0,0,0,0,0,0,NA,NA,NA,"CD_I998152",FALSE,10,"Melissa","Caulfield","away","Fremantle"
"CD_M20192640403","2019-02-23T10:35:00.000+0000","CONCLUDED","2019 NAB AFLW Season","Round 4",4,"TIO Stadium","Adelaide Crows","Adelaide Crows","Fremantle","Fremantle",2,"https://s.afl.com.au/staticfile/AFL Tenant/AFL/Players/ChampIDImages/AFLW/2019264/998030.png?im=Scale,width=0.6,height=0.6","FPL","CD_I998030",FALSE,2,"Kiara","Bowers","CD_T7886",NA,86,0,0,NA,16,3,19,5,0,10,11,8,19,0,0,1,0,1,47.4,7,3,2,106,5,1,0,NA,NA,"2019-05-01T04:45:17.275+0000",5,9,3,1,NA,NA,NA,1,292,0,1,1,0,0,0,0,0,0,0,0,0,0,0,0,0,0,0,0,0,0,0,0,0,0,0,NA,NA,NA,"CD_I998030",FALSE,2,"Kiara","Bowers","away","Fremantle"
"CD_M20192640403","2019-02-23T10:35:00.000+0000","CONCLUDED","2019 NAB AFLW Season","Round 4",4,"TIO Stadium","Adelaide Crows","Adelaide Crows","Fremantle","Fremantle",37,"https://s.afl.com.au/staticfile/AFL Tenant/AFL/Players/ChampIDImages/AFLW/2019264/1010661.png?im=Scale,width=0.6,height=0.6","INT","CD_I1010661",FALSE,37,"Ashlee","Atkins","CD_T7886",NA,47,1,1,NA,3,3,6,2,0,1,3,3,6,1,0,0,0,0,50,3,0,1,29,0,0,50,NA,NA,"2019-05-01T04:45:17.275+0000",3,2,1,2,NA,NA,NA,2,108,0,0,0,0,0,0,0,0,0,0,0,0,0,0,0,0,0,0,0,0,0,0,0,0,0,0,NA,NA,NA,"CD_I1010661",FALSE,37,"Ashlee","Atkins","away","Fremantle"
"CD_M20192640403","2019-02-23T10:35:00.000+0000","CONCLUDED","2019 NAB AFLW Season","Round 4",4,"TIO Stadium","Adelaide Crows","Adelaide Crows","Fremantle","Fremantle",27,"https://s.afl.com.au/staticfile/AFL Tenant/AFL/Players/ChampIDImages/AFLW/2019264/1007141.png?im=Scale,width=0.6,height=0.6","HFFL","CD_I1007141",FALSE,27,"Gemma","Houghton","CD_T7886",NA,87,0,2,NA,9,0,9,3,0,6,6,3,9,1,1,2,1,0,66.7,3,1,2,58,0,0,0,NA,NA,"2019-05-01T04:45:17.275+0000",4,1,3,2,NA,NA,NA,3,318,0,0,0,0,0,0,0,0,0,0,0,0,0,0,0,0,0,0,0,0,0,0,0,0,0,0,NA,NA,NA,"CD_I1007141",FALSE,27,"Gemma","Houghton","away","Fremantle"
"CD_M20192640403","2019-02-23T10:35:00.000+0000","CONCLUDED","2019 NAB AFLW Season","Round 4",4,"TIO Stadium","Adelaide Crows","Adelaide Crows","Fremantle","Fremantle",21,"https://s.afl.com.au/staticfile/AFL Tenant/AFL/Players/ChampIDImages/AFLW/2019264/998041.png?im=Scale,width=0.6,height=0.6","FF","CD_I998041",FALSE,21,"Kellie","Gibson","CD_T7886",NA,76,1,0,NA,7,5,12,3,1,2,4,8,12,3,0,0,0,1,58.3,1,1,0,55,1,1,100,NA,NA,"2019-05-01T04:45:17.275+0000",1,0,1,1,NA,NA,NA,2,264,0,0,0,0,0,0,0,0,0,0,0,0,0,0,0,0,0,0,0,0,0,0,0,0,0,0,NA,NA,NA,"CD_I998041",FALSE,21,"Kellie","Gibson","away","Fremantle"
"CD_M20192640403","2019-02-23T10:35:00.000+0000","CONCLUDED","2019 NAB AFLW Season","Round 4",4,"TIO Stadium","Adelaide Crows","Adelaide Crows","Fremantle","Fremantle",15,"https://s.afl.com.au/staticfile/AFL Tenant/AFL/Players/ChampIDImages/AFLW/2019264/998036.png?im=Scale,width=0.6,height=0.6","HBFR","CD_I998036",FALSE,15,"Kara","Donnellan","CD_T7886",NA,79,0,0,NA,3,0,3,0,0,3,1,1,2,0,0,0,0,0,33.3,2,0,2,15,0,0,0,NA,NA,"2019-05-01T04:45:17.275+0000",1,0,0,0,NA,NA,NA,1,64,1,1,2,0,0,0,0,0,0,0,0,0,0,0,0,0,0,0,0,0,0,0,0,0,0,0,NA,NA,NA,"CD_I998036",FALSE,15,"Kara","Donnellan","away","Fremantle"
"CD_M20192640403","2019-02-23T10:35:00.000+0000","CONCLUDED","2019 NAB AFLW Season","Round 4",4,"TIO Stadium","Adelaide Crows","Adelaide Crows","Fremantle","Fremantle",8,"https://s.afl.com.au/staticfile/AFL Tenant/AFL/Players/ChampIDImages/AFLW/2019264/1010656.png?im=Scale,width=0.6,height=0.6","BPL","CD_I1010656",FALSE,8,"Evangeline","Gooch","CD_T7886",NA,96,0,0,NA,16,1,17,4,0,0,3,5,8,1,0,1,0,0,82.4,5,0,4,50,7,0,0,NA,NA,"2019-05-01T04:45:17.275+0000",4,5,0,0,NA,NA,NA,1,482,0,0,0,0,0,0,0,0,0,0,0,0,0,0,0,0,0,0,0,0,0,0,0,0,0,0,NA,NA,NA,"CD_I1010656",FALSE,8,"Evangeline","Gooch","away","Fremantle"
"CD_M20192640403","2019-02-23T10:35:00.000+0000","CONCLUDED","2019 NAB AFLW Season","Round 4",4,"TIO Stadium","Adelaide Crows","Adelaide Crows","Fremantle","Fremantle",24,"https://s.afl.com.au/staticfile/AFL Tenant/AFL/Players/ChampIDImages/AFLW/2019264/1013937.png?im=Scale,width=0.6,height=0.6","BPR","CD_I1013937",FALSE,24,"Angelique","Stannett","CD_T7886",NA,79,0,0,NA,1,3,4,0,0,5,4,2,6,0,0,0,0,2,75,1,1,0,30,1,0,0,NA,NA,"2019-05-01T04:45:17.275+0000",1,4,0,0,NA,NA,NA,0,32,0,0,0,0,0,0,0,0,0,0,0,0,0,0,0,0,0,0,0,0,0,0,0,0,0,0,NA,NA,NA,"CD_I1013937",FALSE,24,"Angelique","Stannett","away","Fremantle"
"CD_M20192640403","2019-02-23T10:35:00.000+0000","CONCLUDED","2019 NAB AFLW Season","Round 4",4,"TIO Stadium","Adelaide Crows","Adelaide Crows","Fremantle","Fremantle",4,"https://s.afl.com.au/staticfile/AFL Tenant/AFL/Players/ChampIDImages/AFLW/2019264/1012250.png?im=Scale,width=0.6,height=0.6","INT","CD_I1012250",FALSE,4,"Courtney","Stubbs","CD_T7886",NA,56,0,0,NA,1,3,4,0,0,2,2,2,4,0,0,0,0,0,75,2,1,1,15,1,0,0,NA,NA,"2019-05-01T04:45:17.275+0000",0,1,0,0,NA,NA,NA,1,-3,0,0,0,0,0,0,0,0,0,0,0,0,0,0,0,0,0,0,0,0,0,0,0,0,0,0,NA,NA,NA,"CD_I1012250",FALSE,4,"Courtney","Stubbs","away","Fremantle"
"CD_M20192640403","2019-02-23T10:35:00.000+0000","CONCLUDED","2019 NAB AFLW Season","Round 4",4,"TIO Stadium","Adelaide Crows","Adelaide Crows","Fremantle","Fremantle",18,"https://s.afl.com.au/staticfile/AFL Tenant/AFL/Players/ChampIDImages/AFLW/2019264/1012248.png?im=Scale,width=0.6,height=0.6","C","CD_I1012248",FALSE,18,"Philipa","Seth","CD_T7886",NA,93,0,0,NA,7,4,11,3,0,1,3,8,11,2,0,0,0,1,81.8,1,0,1,39,2,0,0,NA,NA,"2019-05-01T04:45:17.275+0000",1,6,0,0,NA,NA,NA,0,156,0,0,0,0,0,0,0,0,0,0,0,0,0,0,0,0,0,0,0,0,0,0,0,0,0,0,NA,NA,NA,"CD_I1012248",FALSE,18,"Philipa","Seth","away","Fremantle"
"CD_M20192640403","2019-02-23T10:35:00.000+0000","CONCLUDED","2019 NAB AFLW Season","Round 4",4,"TIO Stadium","Adelaide Crows","Adelaide Crows","Fremantle","Fremantle",11,"https://s.afl.com.au/staticfile/AFL Tenant/AFL/Players/ChampIDImages/AFLW/2019264/1012251.png?im=Scale,width=0.6,height=0.6","RK","CD_I1012251",FALSE,11,"Parris","Laurie","CD_T7886",NA,83,0,0,NA,3,5,8,2,0,1,5,4,9,1,0,0,4,0,50,1,1,0,34,1,0,0,NA,NA,"2019-05-01T04:45:17.275+0000",2,5,0,0,NA,NA,NA,0,76,0,0,0,0,0,0,0,0,0,0,0,0,0,0,0,0,0,0,0,0,0,0,0,0,0,0,NA,NA,NA,"CD_I1012251",FALSE,11,"Parris","Laurie","away","Fremantle"
"CD_M20192640403","2019-02-23T10:35:00.000+0000","CONCLUDED","2019 NAB AFLW Season","Round 4",4,"TIO Stadium","Adelaide Crows","Adelaide Crows","Fremantle","Fremantle",22,"https://s.afl.com.au/staticfile/AFL Tenant/AFL/Players/ChampIDImages/AFLW/2019264/1007144.png?im=Scale,width=0.6,height=0.6","HFFR","CD_I1007144",FALSE,22,"Gabby","O'Sullivan","CD_T7886",NA,75,0,0,NA,1,4,5,1,0,0,3,2,5,1,0,1,0,0,80,2,0,0,14,0,0,0,NA,NA,"2019-05-01T04:45:17.275+0000",1,0,0,0,NA,NA,NA,0,36,0,0,0,0,0,0,0,0,0,0,0,0,0,0,0,0,0,0,0,0,0,0,0,0,0,0,NA,NA,NA,"CD_I1007144",FALSE,22,"Gabby","O'Sullivan","away","Fremantle"
"CD_M20192640403","2019-02-23T10:35:00.000+0000","CONCLUDED","2019 NAB AFLW Season","Round 4",4,"TIO Stadium","Adelaide Crows","Adelaide Crows","Fremantle","Fremantle",32,"https://s.afl.com.au/staticfile/AFL Tenant/AFL/Players/ChampIDImages/AFLW/2019264/1005437.png?im=Scale,width=0.6,height=0.6","FB","CD_I1005437",FALSE,32,"Laura","Pugh","CD_T7886",NA,85,0,0,NA,5,1,6,0,0,6,3,3,6,0,0,0,0,1,33.3,2,1,1,39,1,0,0,NA,NA,"2019-05-01T04:45:17.275+0000",4,3,0,0,NA,NA,NA,0,36,0,0,0,0,0,0,0,0,0,0,0,0,0,0,0,0,0,0,0,0,0,0,0,0,0,0,NA,NA,NA,"CD_I1005437",FALSE,32,"Laura","Pugh","away","Fremantle"
"CD_M20192640403","2019-02-23T10:35:00.000+0000","CONCLUDED","2019 NAB AFLW Season","Round 4",4,"TIO Stadium","Adelaide Crows","Adelaide Crows","Fremantle","Fremantle",20,"https://s.afl.com.au/staticfile/AFL Tenant/AFL/Players/ChampIDImages/AFLW/2019264/1006997.png?im=Scale,width=0.6,height=0.6","R","CD_I1006997",FALSE,20,"Stephanie","Cain","CD_T7886",NA,73,0,0,NA,11,3,14,5,1,0,3,10,13,3,0,0,0,1,64.3,4,2,2,50,2,0,0,NA,NA,"2019-05-01T04:45:17.275+0000",4,4,0,0,NA,NA,NA,0,321,0,0,0,0,0,0,0,0,0,0,0,0,0,0,0,0,0,0,0,0,0,0,0,0,0,0,NA,NA,NA,"CD_I1006997",FALSE,20,"Stephanie","Cain","away","Fremantle"
"CD_M20192640403","2019-02-23T10:35:00.000+0000","CONCLUDED","2019 NAB AFLW Season","Round 4",4,"TIO Stadium","Adelaide Crows","Adelaide Crows","Fremantle","Fremantle",5,"https://s.afl.com.au/staticfile/AFL Tenant/AFL/Players/ChampIDImages/AFLW/2019264/1005429.png?im=Scale,width=0.6,height=0.6","INT","CD_I1005429",FALSE,5,"Tayla","Bresland","CD_T7886",NA,78,0,0,NA,6,2,8,3,0,1,6,1,7,1,0,3,0,3,75,3,0,1,32,1,0,0,NA,NA,"2019-05-01T04:45:17.275+0000",3,5,0,0,NA,NA,NA,0,168,0,0,0,0,0,0,0,0,0,0,0,0,0,0,0,0,0,0,0,0,0,0,0,0,0,0,NA,NA,NA,"CD_I1005429",FALSE,5,"Tayla","Bresland","away","Fremantle"
"CD_M20192640404","2019-02-24T03:05:00.000+0000","CONCLUDED","2019 NAB AFLW Season","Round 4",4,"Morwell Recreation Reserve","Collingwood","Collingwood","GWS GIANTS","GWS GIANTS",19,"https://s.afl.com.au/staticfile/AFL Tenant/AFL/Players/ChampIDImages/AFLW/2019264/1009979.png?im=Scale,width=0.6,height=0.6","INT","CD_I1009979",FALSE,19,"Georgie","Parker","CD_T8097",NA,65,0,0,NA,2,0,2,0,0,4,2,1,3,1,0,0,0,1,0,4,1,2,17,0,0,0,NA,NA,"2019-05-01T04:46:10.127+0000",1,0,1,0,NA,NA,NA,0,31,0,0,0,0,0,0,0,0,0,0,0,0,0,0,0,0,0,0,0,0,0,0,0,0,0,0,NA,NA,NA,"CD_I1009979",FALSE,19,"Georgie","Parker","home","Collingwood"
"CD_M20192640404","2019-02-24T03:05:00.000+0000","CONCLUDED","2019 NAB AFLW Season","Round 4",4,"Morwell Recreation Reserve","Collingwood","Collingwood","GWS GIANTS","GWS GIANTS",24,"https://s.afl.com.au/staticfile/AFL Tenant/AFL/Players/ChampIDImages/AFLW/2019264/1012580.png?im=Scale,width=0.6,height=0.6","FF","CD_I1012580",FALSE,24,"Sophie","Alexander","CD_T8097",NA,100,0,0,NA,6,2,8,3,0,2,5,3,8,0,0,0,0,1,62.5,2,1,0,40,4,0,0,NA,NA,"2019-05-01T04:46:10.127+0000",2,7,0,0,NA,NA,NA,0,95,0,0,0,0,0,0,0,0,0,0,0,0,0,0,0,0,0,0,0,0,0,0,0,0,0,0,NA,NA,NA,"CD_I1012580",FALSE,24,"Sophie","Alexander","home","Collingwood"
"CD_M20192640404","2019-02-24T03:05:00.000+0000","CONCLUDED","2019 NAB AFLW Season","Round 4",4,"Morwell Recreation Reserve","Collingwood","Collingwood","GWS GIANTS","GWS GIANTS",21,"https://s.afl.com.au/staticfile/AFL Tenant/AFL/Players/ChampIDImages/AFLW/2019264/1009851.png?im=Scale,width=0.6,height=0.6","BPR","CD_I1009851",FALSE,21,"Iilish","Ross","CD_T8097",NA,74,0,0,NA,10,2,12,3,0,4,2,8,10,1,0,0,0,0,33.3,4,1,2,54,0,0,0,NA,NA,"2019-05-01T04:46:10.127+0000",4,4,0,0,NA,NA,NA,1,163,0,0,0,0,0,0,0,0,0,0,0,0,0,0,0,0,0,0,0,0,0,0,0,0,0,0,NA,NA,NA,"CD_I1009851",FALSE,21,"Iilish","Ross","home","Collingwood"
"CD_M20192640404","2019-02-24T03:05:00.000+0000","CONCLUDED","2019 NAB AFLW Season","Round 4",4,"Morwell Recreation Reserve","Collingwood","Collingwood","GWS GIANTS","GWS GIANTS",35,"https://s.afl.com.au/staticfile/AFL Tenant/AFL/Players/ChampIDImages/AFLW/2019264/1010688.png?im=Scale,width=0.6,height=0.6","INT","CD_I1010688",FALSE,35,"Maddie","Shevlin","CD_T8097",NA,64,1,0,NA,5,3,8,0,0,3,4,4,8,1,0,0,0,0,87.5,2,0,1,36,1,0,100,NA,NA,"2019-05-01T04:46:10.127+0000",1,2,0,1,NA,NA,NA,2,80,0,2,2,0,0,0,0,0,0,0,0,0,0,0,0,0,0,0,0,0,0,0,0,0,0,0,NA,NA,NA,"CD_I1010688",FALSE,35,"Maddie","Shevlin","home","Collingwood"
"CD_M20192640404","2019-02-24T03:05:00.000+0000","CONCLUDED","2019 NAB AFLW Season","Round 4",4,"Morwell Recreation Reserve","Collingwood","Collingwood","GWS GIANTS","GWS GIANTS",31,"https://s.afl.com.au/staticfile/AFL Tenant/AFL/Players/ChampIDImages/AFLW/2019264/1005664.png?im=Scale,width=0.6,height=0.6","CHF","CD_I1005664",FALSE,31,"Jordan","Membrey","CD_T8097",NA,85,2,0,NA,4,0,4,3,0,1,3,2,5,1,2,1,0,0,50,0,2,0,39,0,0,100,NA,NA,"2019-05-01T04:46:10.127+0000",1,0,1,2,NA,NA,NA,2,74,0,0,0,0,0,0,0,0,0,0,0,0,0,0,0,0,0,0,0,0,0,0,0,0,0,0,NA,NA,NA,"CD_I1005664",FALSE,31,"Jordan","Membrey","home","Collingwood"
"CD_M20192640404","2019-02-24T03:05:00.000+0000","CONCLUDED","2019 NAB AFLW Season","Round 4",4,"Morwell Recreation Reserve","Collingwood","Collingwood","GWS GIANTS","GWS GIANTS",22,"https://s.afl.com.au/staticfile/AFL Tenant/AFL/Players/ChampIDImages/AFLW/2019264/1007139.png?im=Scale,width=0.6,height=0.6","FB","CD_I1007139",FALSE,22,"Sophie","Casey","CD_T8097",NA,93,0,0,NA,1,0,1,1,0,3,1,1,2,0,0,0,0,3,100,1,0,1,15,1,0,0,NA,NA,"2019-05-01T04:46:10.127+0000",2,2,0,0,NA,NA,NA,1,54,0,0,0,0,0,0,0,0,0,0,0,0,0,0,0,0,0,0,0,0,0,0,0,0,0,0,NA,NA,NA,"CD_I1007139",FALSE,22,"Sophie","Casey","home","Collingwood"
"CD_M20192640404","2019-02-24T03:05:00.000+0000","CONCLUDED","2019 NAB AFLW Season","Round 4",4,"Morwell Recreation Reserve","Collingwood","Collingwood","GWS GIANTS","GWS GIANTS",13,"https://s.afl.com.au/staticfile/AFL Tenant/AFL/Players/ChampIDImages/AFLW/2019264/1004415.png?im=Scale,width=0.6,height=0.6","R","CD_I1004415",FALSE,13,"Jaimee","Lambert","CD_T8097",NA,86,0,0,NA,14,7,21,4,0,7,14,6,20,1,0,1,0,3,52.4,3,3,0,99,5,0,0,NA,NA,"2019-05-01T04:46:10.127+0000",6,3,0,1,NA,NA,NA,2,253,2,6,8,0,0,0,0,0,0,0,0,0,0,0,0,0,0,0,0,0,0,0,0,0,0,0,NA,NA,NA,"CD_I1004415",FALSE,13,"Jaimee","Lambert","home","Collingwood"
"CD_M20192640404","2019-02-24T03:05:00.000+0000","CONCLUDED","2019 NAB AFLW Season","Round 4",4,"Morwell Recreation Reserve","Collingwood","Collingwood","GWS GIANTS","GWS GIANTS",1,"https://s.afl.com.au/staticfile/AFL Tenant/AFL/Players/ChampIDImages/AFLW/2019264/1013765.png?im=Scale,width=0.6,height=0.6","INT","CD_I1013765",FALSE,1,"Sharni","Layton","CD_T8097",NA,43,0,0,NA,2,3,5,1,0,2,3,2,5,0,0,0,10,0,60,0,1,0,34,0,2,0,NA,NA,"2019-05-01T04:46:10.127+0000",1,2,2,0,NA,NA,NA,3,41,0,1,1,0,0,0,0,0,0,0,0,0,0,0,0,0,0,0,0,0,0,0,0,0,0,0,NA,NA,NA,"CD_I1013765",FALSE,1,"Sharni","Layton","home","Collingwood"
"CD_M20192640404","2019-02-24T03:05:00.000+0000","CONCLUDED","2019 NAB AFLW Season","Round 4",4,"Morwell Recreation Reserve","Collingwood","Collingwood","GWS GIANTS","GWS GIANTS",41,"https://s.afl.com.au/staticfile/AFL Tenant/AFL/Players/ChampIDImages/AFLW/2019264/1010658.png?im=Scale,width=0.6,height=0.6","INT","CD_I1010658",FALSE,41,"Kristy","Stratton","CD_T8097",NA,69,0,0,NA,5,5,10,0,0,7,10,1,11,1,0,0,0,0,60,2,2,0,55,0,0,0,NA,NA,"2019-05-01T04:46:10.127+0000",3,2,0,0,NA,NA,NA,1,100,0,2,2,0,0,0,0,0,0,0,0,0,0,0,0,0,0,0,0,0,0,0,0,0,0,0,NA,NA,NA,"CD_I1010658",FALSE,41,"Kristy","Stratton","home","Collingwood"
"CD_M20192640404","2019-02-24T03:05:00.000+0000","CONCLUDED","2019 NAB AFLW Season","Round 4",4,"Morwell Recreation Reserve","Collingwood","Collingwood","GWS GIANTS","GWS GIANTS",6,"https://s.afl.com.au/staticfile/AFL Tenant/AFL/Players/ChampIDImages/AFLW/2019264/997736.png?im=Scale,width=0.6,height=0.6","BPL","CD_I997736",FALSE,6,"Jordyn","Allen","CD_T8097",NA,100,0,0,NA,4,3,7,2,0,1,1,5,6,1,0,0,0,2,71.4,1,0,0,28,0,0,0,NA,NA,"2019-05-01T04:46:10.127+0000",1,3,0,0,NA,NA,NA,1,97,0,0,0,0,0,0,0,0,0,0,0,0,0,0,0,0,0,0,0,0,0,0,0,0,0,0,NA,NA,NA,"CD_I997736",FALSE,6,"Jordyn","Allen","home","Collingwood"
"CD_M20192640404","2019-02-24T03:05:00.000+0000","CONCLUDED","2019 NAB AFLW Season","Round 4",4,"Morwell Recreation Reserve","Collingwood","Collingwood","GWS GIANTS","GWS GIANTS",17,"https://s.afl.com.au/staticfile/AFL Tenant/AFL/Players/ChampIDImages/AFLW/2019264/998158.png?im=Scale,width=0.6,height=0.6","RR","CD_I998158",FALSE,17,"Stephanie","Chiocci","CD_T8097",NA,72,0,0,NA,3,2,5,1,0,4,2,2,4,2,0,0,0,0,100,1,0,1,29,0,0,0,NA,NA,"2019-05-01T04:46:10.127+0000",0,2,0,0,NA,NA,NA,0,41,0,1,1,0,0,0,0,0,0,0,0,0,0,0,0,0,0,0,0,0,0,0,0,0,0,0,NA,NA,NA,"CD_I998158",FALSE,17,"Stephanie","Chiocci","home","Collingwood"
"CD_M20192640404","2019-02-24T03:05:00.000+0000","CONCLUDED","2019 NAB AFLW Season","Round 4",4,"Morwell Recreation Reserve","Collingwood","Collingwood","GWS GIANTS","GWS GIANTS",3,"https://s.afl.com.au/staticfile/AFL Tenant/AFL/Players/ChampIDImages/AFLW/2019264/1004405.png?im=Scale,width=0.6,height=0.6","INT","CD_I1004405",FALSE,3,"Nicole","Hildebrand","CD_T8097",NA,48,0,0,NA,6,2,8,2,0,5,4,3,7,0,0,0,0,1,75,2,1,0,49,2,0,0,NA,NA,"2019-05-01T04:46:10.127+0000",1,7,0,0,NA,NA,NA,1,167,0,0,0,0,0,0,0,0,0,0,0,0,0,0,0,0,0,0,0,0,0,0,0,0,0,0,NA,NA,NA,"CD_I1004405",FALSE,3,"Nicole","Hildebrand","home","Collingwood"
"CD_M20192640404","2019-02-24T03:05:00.000+0000","CONCLUDED","2019 NAB AFLW Season","Round 4",4,"Morwell Recreation Reserve","Collingwood","Collingwood","GWS GIANTS","GWS GIANTS",12,"https://s.afl.com.au/staticfile/AFL Tenant/AFL/Players/ChampIDImages/AFLW/2019264/1007015.png?im=Scale,width=0.6,height=0.6","CHB","CD_I1007015",FALSE,12,"Stacey","Livingstone","CD_T8097",NA,100,0,0,NA,9,0,9,0,0,1,0,5,5,2,0,0,0,5,77.8,2,0,0,31,5,0,0,NA,NA,"2019-05-01T04:46:10.127+0000",2,2,0,0,NA,NA,NA,0,192,0,0,0,0,0,0,0,0,0,0,0,0,0,0,0,0,0,0,0,0,0,0,0,0,0,0,NA,NA,NA,"CD_I1007015",FALSE,12,"Stacey","Livingstone","home","Collingwood"
"CD_M20192640404","2019-02-24T03:05:00.000+0000","CONCLUDED","2019 NAB AFLW Season","Round 4",4,"Morwell Recreation Reserve","Collingwood","Collingwood","GWS GIANTS","GWS GIANTS",46,"https://s.afl.com.au/staticfile/AFL Tenant/AFL/Players/ChampIDImages/AFLW/2019264/1009872.png?im=Scale,width=0.6,height=0.6","HBFR","CD_I1009872",FALSE,46,"Sarah","Dargan","CD_T8097",NA,85,1,1,NA,11,5,16,2,0,6,9,8,17,3,0,0,0,1,75,1,2,1,79,2,1,50,NA,NA,"2019-05-01T04:46:10.127+0000",2,1,1,2,NA,NA,NA,4,240,0,5,5,0,0,0,0,0,0,0,0,0,0,0,0,0,0,0,0,0,0,0,0,0,0,0,NA,NA,NA,"CD_I1009872",FALSE,46,"Sarah","Dargan","home","Collingwood"
"CD_M20192640404","2019-02-24T03:05:00.000+0000","CONCLUDED","2019 NAB AFLW Season","Round 4",4,"Morwell Recreation Reserve","Collingwood","Collingwood","GWS GIANTS","GWS GIANTS",16,"https://s.afl.com.au/staticfile/AFL Tenant/AFL/Players/ChampIDImages/AFLW/2019264/1013028.png?im=Scale,width=0.6,height=0.6","HBFL","CD_I1013028",FALSE,16,"Katie","Lynch","CD_T8097",NA,83,0,0,NA,2,5,7,1,0,3,4,2,6,0,0,0,0,0,71.4,0,1,0,32,0,0,0,NA,NA,"2019-05-01T04:46:10.127+0000",1,0,0,0,NA,NA,NA,2,10,0,0,0,0,0,0,0,0,0,0,0,0,0,0,0,0,0,0,0,0,0,0,0,0,0,0,NA,NA,NA,"CD_I1013028",FALSE,16,"Katie","Lynch","home","Collingwood"
"CD_M20192640404","2019-02-24T03:05:00.000+0000","CONCLUDED","2019 NAB AFLW Season","Round 4",4,"Morwell Recreation Reserve","Collingwood","Collingwood","GWS GIANTS","GWS GIANTS",9,"https://s.afl.com.au/staticfile/AFL Tenant/AFL/Players/ChampIDImages/AFLW/2019264/1004407.png?im=Scale,width=0.6,height=0.6","HFFL","CD_I1004407",FALSE,9,"Melissa","Kuys","CD_T8097",NA,64,0,0,NA,3,0,3,2,0,1,1,2,3,0,0,0,0,1,33.3,3,0,1,16,0,0,0,NA,NA,"2019-05-01T04:46:10.127+0000",0,0,1,0,NA,NA,NA,0,34,0,0,0,0,0,0,0,0,0,0,0,0,0,0,0,0,0,0,0,0,0,0,0,0,0,0,NA,NA,NA,"CD_I1004407",FALSE,9,"Melissa","Kuys","home","Collingwood"
"CD_M20192640404","2019-02-24T03:05:00.000+0000","CONCLUDED","2019 NAB AFLW Season","Round 4",4,"Morwell Recreation Reserve","Collingwood","Collingwood","GWS GIANTS","GWS GIANTS",5,"https://s.afl.com.au/staticfile/AFL Tenant/AFL/Players/ChampIDImages/AFLW/2019264/1004401.png?im=Scale,width=0.6,height=0.6","HFFR","CD_I1004401",FALSE,5,"Emma","Grant","CD_T8097",NA,85,0,0,NA,6,1,7,1,0,2,4,1,5,0,0,1,0,3,71.4,3,2,2,27,1,0,0,NA,NA,"2019-05-01T04:46:10.127+0000",3,5,0,0,NA,NA,NA,0,102,0,0,0,0,0,0,0,0,0,0,0,0,0,0,0,0,0,0,0,0,0,0,0,0,0,0,NA,NA,NA,"CD_I1004401",FALSE,5,"Emma","Grant","home","Collingwood"
"CD_M20192640404","2019-02-24T03:05:00.000+0000","CONCLUDED","2019 NAB AFLW Season","Round 4",4,"Morwell Recreation Reserve","Collingwood","Collingwood","GWS GIANTS","GWS GIANTS",20,"https://s.afl.com.au/staticfile/AFL Tenant/AFL/Players/ChampIDImages/AFLW/2019264/1001684.png?im=Scale,width=0.6,height=0.6","FPR","CD_I1001684",FALSE,20,"Cecilia","McIntosh","CD_T8097",NA,71,0,0,NA,4,3,7,0,0,1,6,1,7,1,0,0,0,0,57.1,0,1,0,23,0,0,0,NA,NA,"2019-05-01T04:46:10.127+0000",1,0,1,0,NA,NA,NA,1,106,0,2,2,0,0,0,0,0,0,0,0,0,0,0,0,0,0,0,0,0,0,0,0,0,0,0,NA,NA,NA,"CD_I1001684",FALSE,20,"Cecilia","McIntosh","home","Collingwood"
"CD_M20192640404","2019-02-24T03:05:00.000+0000","CONCLUDED","2019 NAB AFLW Season","Round 4",4,"Morwell Recreation Reserve","Collingwood","Collingwood","GWS GIANTS","GWS GIANTS",11,"https://s.afl.com.au/staticfile/AFL Tenant/AFL/Players/ChampIDImages/AFLW/2019264/1009978.png?im=Scale,width=0.6,height=0.6","RK","CD_I1009978",FALSE,11,"Eliza","Hynes","CD_T8097",NA,65,0,0,NA,1,3,4,1,0,3,4,2,6,0,0,0,29,0,50,2,1,2,48,0,0,0,NA,NA,"2019-05-01T04:46:10.127+0000",1,2,1,0,NA,NA,NA,0,49,0,0,0,0,0,0,0,0,0,0,0,0,0,0,0,0,0,0,0,0,0,0,0,0,0,0,NA,NA,NA,"CD_I1009978",FALSE,11,"Eliza","Hynes","home","Collingwood"
"CD_M20192640404","2019-02-24T03:05:00.000+0000","CONCLUDED","2019 NAB AFLW Season","Round 4",4,"Morwell Recreation Reserve","Collingwood","Collingwood","GWS GIANTS","GWS GIANTS",7,"https://s.afl.com.au/staticfile/AFL Tenant/AFL/Players/ChampIDImages/AFLW/2019264/1013706.png?im=Scale,width=0.6,height=0.6","FPL","CD_I1013706",FALSE,7,"Sarah","Rowe","CD_T8097",NA,87,0,2,NA,7,2,9,2,1,5,1,8,9,2,0,0,0,0,55.6,2,0,1,50,1,0,0,NA,NA,"2019-05-01T04:46:10.127+0000",4,0,2,2,NA,NA,NA,3,193,0,0,0,0,0,0,0,0,0,0,0,0,0,0,0,0,0,0,0,0,0,0,0,0,0,0,NA,NA,NA,"CD_I1013706",FALSE,7,"Sarah","Rowe","home","Collingwood"
"CD_M20192640404","2019-02-24T03:05:00.000+0000","CONCLUDED","2019 NAB AFLW Season","Round 4",4,"Morwell Recreation Reserve","Collingwood","Collingwood","GWS GIANTS","GWS GIANTS",8,"https://s.afl.com.au/staticfile/AFL Tenant/AFL/Players/ChampIDImages/AFLW/2019264/997729.png?im=Scale,width=0.6,height=0.6","C","CD_I997729",FALSE,8,"Brittany","Bonnici","CD_T8097",NA,60,0,0,NA,9,3,12,2,0,3,6,5,11,2,0,0,0,1,33.3,5,0,4,39,1,0,0,NA,NA,"2019-05-01T04:46:10.127+0000",6,1,0,0,NA,NA,NA,0,228,1,1,2,0,0,0,0,0,0,0,0,0,0,0,0,0,0,0,0,0,0,0,0,0,0,0,NA,NA,NA,"CD_I997729",FALSE,8,"Brittany","Bonnici","home","Collingwood"
"CD_M20192640404","2019-02-24T03:05:00.000+0000","CONCLUDED","2019 NAB AFLW Season","Round 4",4,"Morwell Recreation Reserve","Collingwood","Collingwood","GWS GIANTS","GWS GIANTS",12,"https://s.afl.com.au/staticfile/AFL Tenant/AFL/Players/ChampIDImages/AFLW/2019264/296141.png?im=Scale,width=0.6,height=0.6","CHB","CD_I296141",FALSE,12,"Louise","Stephenson","CD_T7889",NA,87,1,0,NA,6,7,13,0,0,1,6,6,12,3,0,0,4,0,69.2,4,1,1,44,0,0,100,NA,NA,"2019-05-01T04:46:10.127+0000",1,1,0,1,NA,NA,NA,3,124,0,3,3,0,0,0,0,0,0,0,0,0,0,0,0,0,0,0,0,0,0,0,0,0,0,0,NA,NA,NA,"CD_I296141",FALSE,12,"Louise","Stephenson","away","GWS GIANTS"
"CD_M20192640404","2019-02-24T03:05:00.000+0000","CONCLUDED","2019 NAB AFLW Season","Round 4",4,"Morwell Recreation Reserve","Collingwood","Collingwood","GWS GIANTS","GWS GIANTS",21,"https://s.afl.com.au/staticfile/AFL Tenant/AFL/Players/ChampIDImages/AFLW/2019264/1001688.png?im=Scale,width=0.6,height=0.6","FB","CD_I1001688",FALSE,21,"Pepa","Randall","CD_T7889",NA,94,0,0,NA,6,1,7,3,0,2,2,5,7,1,0,0,0,2,28.6,3,0,0,37,1,1,0,NA,NA,"2019-05-01T04:46:10.127+0000",4,3,0,0,NA,NA,NA,1,108,0,0,0,0,0,0,0,0,0,0,0,0,0,0,0,0,0,0,0,0,0,0,0,0,0,0,NA,NA,NA,"CD_I1001688",FALSE,21,"Pepa","Randall","away","GWS GIANTS"
"CD_M20192640404","2019-02-24T03:05:00.000+0000","CONCLUDED","2019 NAB AFLW Season","Round 4",4,"Morwell Recreation Reserve","Collingwood","Collingwood","GWS GIANTS","GWS GIANTS",13,"https://s.afl.com.au/staticfile/AFL Tenant/AFL/Players/ChampIDImages/AFLW/2019264/1010666.png?im=Scale,width=0.6,height=0.6","FF","CD_I1010666",FALSE,13,"Cora","Staunton","CD_T7889",NA,87,1,2,NA,6,8,14,3,1,6,8,7,15,0,2,1,0,0,50,4,3,2,72,0,1,33.3,NA,NA,"2019-05-01T04:46:10.127+0000",4,3,0,3,NA,NA,NA,4,173,0,0,0,0,0,0,0,0,0,0,0,0,0,0,0,0,0,0,0,0,0,0,0,0,0,0,NA,NA,NA,"CD_I1010666",FALSE,13,"Cora","Staunton","away","GWS GIANTS"
"CD_M20192640404","2019-02-24T03:05:00.000+0000","CONCLUDED","2019 NAB AFLW Season","Round 4",4,"Morwell Recreation Reserve","Collingwood","Collingwood","GWS GIANTS","GWS GIANTS",6,"https://s.afl.com.au/staticfile/AFL Tenant/AFL/Players/ChampIDImages/AFLW/2019264/1005453.png?im=Scale,width=0.6,height=0.6","RR","CD_I1005453",FALSE,6,"Rebecca","Beeson","CD_T7889",NA,87,0,0,NA,12,10,22,1,0,2,10,12,22,4,0,0,0,0,68.2,5,3,3,61,2,0,0,NA,NA,"2019-05-01T04:46:10.127+0000",6,2,0,0,NA,NA,NA,4,260,0,2,2,0,0,0,0,0,0,0,0,0,0,0,0,0,0,0,0,0,0,0,0,0,0,0,NA,NA,NA,"CD_I1005453",FALSE,6,"Rebecca","Beeson","away","GWS GIANTS"
"CD_M20192640404","2019-02-24T03:05:00.000+0000","CONCLUDED","2019 NAB AFLW Season","Round 4",4,"Morwell Recreation Reserve","Collingwood","Collingwood","GWS GIANTS","GWS GIANTS",26,"https://s.afl.com.au/staticfile/AFL Tenant/AFL/Players/ChampIDImages/AFLW/2019264/998043.png?im=Scale,width=0.6,height=0.6","R","CD_I998043",FALSE,26,"Courtney","Gum","CD_T7889",NA,77,0,0,NA,8,9,17,1,0,3,12,5,17,1,0,0,0,3,64.7,2,1,0,58,2,0,0,NA,NA,"2019-05-01T04:46:10.127+0000",2,1,0,0,NA,NA,NA,2,167,0,6,6,0,0,0,0,0,0,0,0,0,0,0,0,0,0,0,0,0,0,0,0,0,0,0,NA,NA,NA,"CD_I998043",FALSE,26,"Courtney","Gum","away","GWS GIANTS"
"CD_M20192640404","2019-02-24T03:05:00.000+0000","CONCLUDED","2019 NAB AFLW Season","Round 4",4,"Morwell Recreation Reserve","Collingwood","Collingwood","GWS GIANTS","GWS GIANTS",16,"https://s.afl.com.au/staticfile/AFL Tenant/AFL/Players/ChampIDImages/AFLW/2019264/1013934.png?im=Scale,width=0.6,height=0.6","INT","CD_I1013934",FALSE,16,"Taylah","Davies","CD_T7889",NA,53,0,0,NA,2,2,4,0,0,3,2,2,4,2,0,0,0,0,50,0,1,0,23,0,0,0,NA,NA,"2019-05-01T04:46:10.127+0000",1,0,2,0,NA,NA,NA,0,62,0,0,0,0,0,0,0,0,0,0,0,0,0,0,0,0,0,0,0,0,0,0,0,0,0,0,NA,NA,NA,"CD_I1013934",FALSE,16,"Taylah","Davies","away","GWS GIANTS"
"CD_M20192640404","2019-02-24T03:05:00.000+0000","CONCLUDED","2019 NAB AFLW Season","Round 4",4,"Morwell Recreation Reserve","Collingwood","Collingwood","GWS GIANTS","GWS GIANTS",34,"https://s.afl.com.au/staticfile/AFL Tenant/AFL/Players/ChampIDImages/AFLW/2019264/1005451.png?im=Scale,width=0.6,height=0.6","FPR","CD_I1005451",FALSE,34,"Jacinda","Barclay","CD_T7889",NA,67,0,2,NA,4,4,8,1,0,0,4,4,8,1,0,1,0,1,25,0,1,0,26,0,0,0,NA,NA,"2019-05-01T04:46:10.127+0000",0,0,0,2,NA,NA,NA,2,126,0,0,0,0,0,0,0,0,0,0,0,0,0,0,0,0,0,0,0,0,0,0,0,0,0,0,NA,NA,NA,"CD_I1005451",FALSE,34,"Jacinda","Barclay","away","GWS GIANTS"
"CD_M20192640404","2019-02-24T03:05:00.000+0000","CONCLUDED","2019 NAB AFLW Season","Round 4",4,"Morwell Recreation Reserve","Collingwood","Collingwood","GWS GIANTS","GWS GIANTS",10,"https://s.afl.com.au/staticfile/AFL Tenant/AFL/Players/ChampIDImages/AFLW/2019264/1007148.png?im=Scale,width=0.6,height=0.6","BPL","CD_I1007148",FALSE,10,"Ellie","Brush","CD_T7889",NA,87,0,0,NA,6,5,11,3,0,0,5,7,12,0,0,0,0,3,100,2,0,2,31,4,0,0,NA,NA,"2019-05-01T04:46:10.127+0000",1,3,0,0,NA,NA,NA,1,83,0,2,2,0,0,0,0,0,0,0,0,0,0,0,0,0,0,0,0,0,0,0,0,0,0,0,NA,NA,NA,"CD_I1007148",FALSE,10,"Ellie","Brush","away","GWS GIANTS"
"CD_M20192640404","2019-02-24T03:05:00.000+0000","CONCLUDED","2019 NAB AFLW Season","Round 4",4,"Morwell Recreation Reserve","Collingwood","Collingwood","GWS GIANTS","GWS GIANTS",4,"https://s.afl.com.au/staticfile/AFL Tenant/AFL/Players/ChampIDImages/AFLW/2019264/997680.png?im=Scale,width=0.6,height=0.6","FPL","CD_I997680",FALSE,4,"Christina","Bernardi","CD_T7889",NA,82,0,0,NA,1,3,4,0,0,0,1,3,4,0,0,0,0,1,75,2,0,1,6,0,0,0,NA,NA,"2019-05-01T04:46:10.127+0000",2,0,0,0,NA,NA,NA,1,14,0,0,0,0,0,0,0,0,0,0,0,0,0,0,0,0,0,0,0,0,0,0,0,0,0,0,NA,NA,NA,"CD_I997680",FALSE,4,"Christina","Bernardi","away","GWS GIANTS"
"CD_M20192640404","2019-02-24T03:05:00.000+0000","CONCLUDED","2019 NAB AFLW Season","Round 4",4,"Morwell Recreation Reserve","Collingwood","Collingwood","GWS GIANTS","GWS GIANTS",2,"https://s.afl.com.au/staticfile/AFL Tenant/AFL/Players/ChampIDImages/AFLW/2019264/998029.png?im=Scale,width=0.6,height=0.6","C","CD_I998029",FALSE,2,"Alicia","Eva","CD_T7889",NA,87,0,0,NA,13,8,21,3,1,0,7,14,21,4,0,0,0,0,76.2,2,0,1,61,1,0,0,NA,NA,"2019-05-01T04:46:10.127+0000",5,4,0,1,NA,NA,NA,2,312,1,2,3,0,0,0,0,0,0,0,0,0,0,0,0,0,0,0,0,0,0,0,0,0,0,0,NA,NA,NA,"CD_I998029",FALSE,2,"Alicia","Eva","away","GWS GIANTS"
"CD_M20192640404","2019-02-24T03:05:00.000+0000","CONCLUDED","2019 NAB AFLW Season","Round 4",4,"Morwell Recreation Reserve","Collingwood","Collingwood","GWS GIANTS","GWS GIANTS",14,"https://s.afl.com.au/staticfile/AFL Tenant/AFL/Players/ChampIDImages/AFLW/2019264/1003022.png?im=Scale,width=0.6,height=0.6","INT","CD_I1003022",FALSE,14,"Maddy","Collier","CD_T7889",NA,32,0,0,NA,2,2,4,0,0,2,0,4,4,1,0,0,0,0,25,3,1,1,16,0,0,0,NA,NA,"2019-05-01T04:46:10.127+0000",3,1,0,0,NA,NA,NA,0,51,0,0,0,0,0,0,0,0,0,0,0,0,0,0,0,0,0,0,0,0,0,0,0,0,0,0,NA,NA,NA,"CD_I1003022",FALSE,14,"Maddy","Collier","away","GWS GIANTS"
"CD_M20192640404","2019-02-24T03:05:00.000+0000","CONCLUDED","2019 NAB AFLW Season","Round 4",4,"Morwell Recreation Reserve","Collingwood","Collingwood","GWS GIANTS","GWS GIANTS",7,"https://s.afl.com.au/staticfile/AFL Tenant/AFL/Players/ChampIDImages/AFLW/2019264/296137.png?im=Scale,width=0.6,height=0.6","INT","CD_I296137",FALSE,7,"Jessica","Dal Pos","CD_T7889",NA,90,1,0,NA,8,3,11,1,0,2,5,5,10,1,0,0,0,0,72.7,2,0,0,47,1,0,100,NA,NA,"2019-05-01T04:46:10.127+0000",1,4,0,1,NA,NA,NA,2,159,2,0,2,0,0,0,0,0,0,0,0,0,0,0,0,0,0,0,0,0,0,0,0,0,0,0,NA,NA,NA,"CD_I296137",FALSE,7,"Jessica","Dal Pos","away","GWS GIANTS"
"CD_M20192640404","2019-02-24T03:05:00.000+0000","CONCLUDED","2019 NAB AFLW Season","Round 4",4,"Morwell Recreation Reserve","Collingwood","Collingwood","GWS GIANTS","GWS GIANTS",22,"https://s.afl.com.au/staticfile/AFL Tenant/AFL/Players/ChampIDImages/AFLW/2019264/1010686.png?im=Scale,width=0.6,height=0.6","HFFL","CD_I1010686",FALSE,22,"Elle","Bennetts","CD_T7889",NA,79,0,0,NA,5,4,9,1,0,0,4,4,8,3,0,0,0,0,77.8,1,1,0,27,0,0,0,NA,NA,"2019-05-01T04:46:10.127+0000",3,1,0,0,NA,NA,NA,1,136,0,1,1,0,0,0,0,0,0,0,0,0,0,0,0,0,0,0,0,0,0,0,0,0,0,0,NA,NA,NA,"CD_I1010686",FALSE,22,"Elle","Bennetts","away","GWS GIANTS"
"CD_M20192640404","2019-02-24T03:05:00.000+0000","CONCLUDED","2019 NAB AFLW Season","Round 4",4,"Morwell Recreation Reserve","Collingwood","Collingwood","GWS GIANTS","GWS GIANTS",9,"https://s.afl.com.au/staticfile/AFL Tenant/AFL/Players/ChampIDImages/AFLW/2019264/997684.png?im=Scale,width=0.6,height=0.6","INT","CD_I997684",FALSE,9,"Tanya","Hetherington","CD_T7889",NA,76,0,0,NA,3,2,5,0,0,2,0,3,3,1,0,0,0,1,80,0,0,0,21,0,0,0,NA,NA,"2019-05-01T04:46:10.127+0000",1,2,0,0,NA,NA,NA,1,72,0,0,0,0,0,0,0,0,0,0,0,0,0,0,0,0,0,0,0,0,0,0,0,0,0,0,NA,NA,NA,"CD_I997684",FALSE,9,"Tanya","Hetherington","away","GWS GIANTS"
"CD_M20192640404","2019-02-24T03:05:00.000+0000","CONCLUDED","2019 NAB AFLW Season","Round 4",4,"Morwell Recreation Reserve","Collingwood","Collingwood","GWS GIANTS","GWS GIANTS",24,"https://s.afl.com.au/staticfile/AFL Tenant/AFL/Players/ChampIDImages/AFLW/2019264/1009801.png?im=Scale,width=0.6,height=0.6","HFFR","CD_I1009801",FALSE,24,"Haneen","Zreika","CD_T7889",NA,55,0,0,NA,2,5,7,0,0,5,4,4,8,0,0,0,0,1,71.4,2,0,2,30,0,0,0,NA,NA,"2019-05-01T04:46:10.127+0000",1,1,1,0,NA,NA,NA,0,1,0,0,0,0,0,0,0,0,0,0,0,0,0,0,0,0,0,0,0,0,0,0,0,0,0,0,NA,NA,NA,"CD_I1009801",FALSE,24,"Haneen","Zreika","away","GWS GIANTS"
"CD_M20192640404","2019-02-24T03:05:00.000+0000","CONCLUDED","2019 NAB AFLW Season","Round 4",4,"Morwell Recreation Reserve","Collingwood","Collingwood","GWS GIANTS","GWS GIANTS",3,"https://s.afl.com.au/staticfile/AFL Tenant/AFL/Players/ChampIDImages/AFLW/2019264/1009799.png?im=Scale,width=0.6,height=0.6","INT","CD_I1009799",FALSE,3,"Alyce","Parker","CD_T7889",NA,60,0,0,NA,7,5,12,0,0,2,8,3,11,2,0,0,0,2,66.7,3,3,2,36,0,0,0,NA,NA,"2019-05-01T04:46:10.127+0000",1,2,0,0,NA,NA,NA,2,117,3,0,3,0,0,0,0,0,0,0,0,0,0,0,0,0,0,0,0,0,0,0,0,0,0,0,NA,NA,NA,"CD_I1009799",FALSE,3,"Alyce","Parker","away","GWS GIANTS"
"CD_M20192640404","2019-02-24T03:05:00.000+0000","CONCLUDED","2019 NAB AFLW Season","Round 4",4,"Morwell Recreation Reserve","Collingwood","Collingwood","GWS GIANTS","GWS GIANTS",8,"https://s.afl.com.au/staticfile/AFL Tenant/AFL/Players/ChampIDImages/AFLW/2019264/1005452.png?im=Scale,width=0.6,height=0.6","BPR","CD_I1005452",FALSE,8,"Nicola","Barr","CD_T7889",NA,100,0,0,NA,7,3,10,2,0,6,4,6,10,0,0,0,0,0,60,1,0,0,57,2,0,0,NA,NA,"2019-05-01T04:46:10.127+0000",2,4,0,0,NA,NA,NA,0,106,1,0,1,0,0,0,0,0,0,0,0,0,0,0,0,0,0,0,0,0,0,0,0,0,0,0,NA,NA,NA,"CD_I1005452",FALSE,8,"Nicola","Barr","away","GWS GIANTS"
"CD_M20192640404","2019-02-24T03:05:00.000+0000","CONCLUDED","2019 NAB AFLW Season","Round 4",4,"Morwell Recreation Reserve","Collingwood","Collingwood","GWS GIANTS","GWS GIANTS",27,"https://s.afl.com.au/staticfile/AFL Tenant/AFL/Players/ChampIDImages/AFLW/2019264/1013935.png?im=Scale,width=0.6,height=0.6","CHF","CD_I1013935",FALSE,27,"Yvonne","Bonner","CD_T7889",NA,100,1,0,NA,2,7,9,1,0,1,6,2,8,1,0,0,0,0,100,0,0,0,33,0,1,100,NA,NA,"2019-05-01T04:46:10.127+0000",0,1,0,1,NA,NA,NA,3,26,0,0,0,0,0,0,0,0,0,0,0,0,0,0,0,0,0,0,0,0,0,0,0,0,0,0,NA,NA,NA,"CD_I1013935",FALSE,27,"Yvonne","Bonner","away","GWS GIANTS"
"CD_M20192640404","2019-02-24T03:05:00.000+0000","CONCLUDED","2019 NAB AFLW Season","Round 4",4,"Morwell Recreation Reserve","Collingwood","Collingwood","GWS GIANTS","GWS GIANTS",25,"https://s.afl.com.au/staticfile/AFL Tenant/AFL/Players/ChampIDImages/AFLW/2019264/1014036.png?im=Scale,width=0.6,height=0.6","RK","CD_I1014036",FALSE,25,"Ingrid","Nielsen","CD_T7889",NA,66,0,0,NA,5,5,10,1,0,5,6,4,10,2,0,1,18,0,80,2,1,2,61,0,0,0,NA,NA,"2019-05-01T04:46:10.127+0000",1,2,0,0,NA,NA,NA,2,153,1,1,2,0,0,0,0,0,0,0,0,0,0,0,0,0,0,0,0,0,0,0,0,0,0,0,NA,NA,NA,"CD_I1014036",FALSE,25,"Ingrid","Nielsen","away","GWS GIANTS"
"CD_M20192640404","2019-02-24T03:05:00.000+0000","CONCLUDED","2019 NAB AFLW Season","Round 4",4,"Morwell Recreation Reserve","Collingwood","Collingwood","GWS GIANTS","GWS GIANTS",32,"https://s.afl.com.au/staticfile/AFL Tenant/AFL/Players/ChampIDImages/AFLW/2019264/1009781.png?im=Scale,width=0.6,height=0.6","HBFR","CD_I1009781",FALSE,32,"Tait","Mackrill","CD_T7889",NA,55,1,0,NA,6,3,9,1,0,1,5,4,9,2,0,0,0,0,44.4,5,1,2,32,0,0,100,NA,NA,"2019-05-01T04:46:10.127+0000",4,2,1,1,NA,NA,NA,2,167,0,0,0,0,0,0,0,0,0,0,0,0,0,0,0,0,0,0,0,0,0,0,0,0,0,0,NA,NA,NA,"CD_I1009781",FALSE,32,"Tait","Mackrill","away","GWS GIANTS"
"CD_M20192640404","2019-02-24T03:05:00.000+0000","CONCLUDED","2019 NAB AFLW Season","Round 4",4,"Morwell Recreation Reserve","Collingwood","Collingwood","GWS GIANTS","GWS GIANTS",18,"https://s.afl.com.au/staticfile/AFL Tenant/AFL/Players/ChampIDImages/AFLW/2019264/1005476.png?im=Scale,width=0.6,height=0.6","HBFL","CD_I1005476",FALSE,18,"Amanda","Farrugia","CD_T7889",NA,79,0,0,NA,8,7,15,4,0,1,3,13,16,0,0,0,0,1,80,1,1,0,55,2,0,0,NA,NA,"2019-05-01T04:46:10.127+0000",1,6,0,0,NA,NA,NA,1,64,0,0,0,0,0,0,0,0,0,0,0,0,0,0,0,0,0,0,0,0,0,0,0,0,0,0,NA,NA,NA,"CD_I1005476",FALSE,18,"Amanda","Farrugia","away","GWS GIANTS"
"CD_M20192640405","2019-02-24T05:05:00.000+0000","CONCLUDED","2019 NAB AFLW Season","Round 4",4,"Casey Fields","Melbourne","Melbourne","North Melbourne","North Melbourne",35,"https://s.afl.com.au/staticfile/AFL Tenant/AFL/Players/ChampIDImages/AFLW/2019264/1007153.png?im=Scale,width=0.6,height=0.6","INT","CD_I1007153",FALSE,35,"Catherine","Phillips","CD_T7386",NA,74,1,0,NA,5,5,10,1,0,3,8,3,11,1,1,0,0,1,60,3,1,3,38,0,0,50,0,NA,"2019-02-27T00:47:21.579+0000",3,5,1,2,NA,NA,NA,2,121,0,2,2,0,0,0,0,0,0,0,0,0,0,0,0,0,0,0,0,0,0,0,0,0,0,0,NA,NA,NA,"CD_I1007153",FALSE,35,"Catherine","Phillips","home","Melbourne"
"CD_M20192640405","2019-02-24T05:05:00.000+0000","CONCLUDED","2019 NAB AFLW Season","Round 4",4,"Casey Fields","Melbourne","Melbourne","North Melbourne","North Melbourne",12,"https://s.afl.com.au/staticfile/AFL Tenant/AFL/Players/ChampIDImages/AFLW/2019264/1007028.png?im=Scale,width=0.6,height=0.6","CHF","CD_I1007028",FALSE,12,"Shelley","Scott","CD_T7386",NA,100,0,0,NA,7,1,8,4,0,3,1,6,7,2,0,0,0,0,75,1,2,0,49,0,0,0,0,NA,"2019-02-27T00:47:21.579+0000",3,4,1,0,NA,NA,NA,0,131,0,0,0,0,0,0,0,0,0,0,0,0,0,0,0,0,0,0,0,0,0,0,0,0,0,0,NA,NA,NA,"CD_I1007028",FALSE,12,"Shelley","Scott","home","Melbourne"
"CD_M20192640405","2019-02-24T05:05:00.000+0000","CONCLUDED","2019 NAB AFLW Season","Round 4",4,"Casey Fields","Melbourne","Melbourne","North Melbourne","North Melbourne",14,"https://s.afl.com.au/staticfile/AFL Tenant/AFL/Players/ChampIDImages/AFLW/2019264/997708.png?im=Scale,width=0.6,height=0.6","RR","CD_I997708",FALSE,14,"Lily","Mithen","CD_T7386",NA,76,0,0,NA,17,5,22,5,0,4,9,15,24,2,0,0,0,0,68.2,7,3,2,89,3,2,0,0,NA,"2019-02-27T00:47:21.579+0000",8,7,0,0,NA,NA,NA,2,284,0,1,1,0,0,0,0,0,0,0,0,0,0,0,0,0,0,0,0,0,0,0,0,0,0,0,NA,NA,NA,"CD_I997708",FALSE,14,"Lily","Mithen","home","Melbourne"
"CD_M20192640405","2019-02-24T05:05:00.000+0000","CONCLUDED","2019 NAB AFLW Season","Round 4",4,"Casey Fields","Melbourne","Melbourne","North Melbourne","North Melbourne",7,"https://s.afl.com.au/staticfile/AFL Tenant/AFL/Players/ChampIDImages/AFLW/2019264/296158.png?im=Scale,width=0.6,height=0.6","CHB","CD_I296158",FALSE,7,"Bianca","Jakobsson","CD_T7386",NA,66,0,0,NA,5,7,12,1,0,1,2,10,12,2,0,0,0,0,50,5,0,1,33,0,0,0,0,NA,"2019-02-27T00:47:21.579+0000",4,1,0,0,NA,NA,NA,4,148,0,0,0,0,0,0,0,0,0,0,0,0,0,0,0,0,0,0,0,0,0,0,0,0,0,0,NA,NA,NA,"CD_I296158",FALSE,7,"Bianca","Jakobsson","home","Melbourne"
"CD_M20192640405","2019-02-24T05:05:00.000+0000","CONCLUDED","2019 NAB AFLW Season","Round 4",4,"Casey Fields","Melbourne","Melbourne","North Melbourne","North Melbourne",4,"https://s.afl.com.au/staticfile/AFL Tenant/AFL/Players/ChampIDImages/AFLW/2019264/998149.png?im=Scale,width=0.6,height=0.6","R","CD_I998149",FALSE,4,"Karen","Paxman","CD_T7386",NA,92,0,0,NA,16,9,25,2,1,3,12,13,25,6,1,0,0,2,60,6,3,0,87,2,0,0,0,NA,"2019-02-27T00:47:21.579+0000",6,4,0,2,NA,NA,NA,2,524,1,1,2,0,0,0,0,0,0,0,0,0,0,0,0,0,0,0,0,0,0,0,0,0,0,0,NA,NA,NA,"CD_I998149",FALSE,4,"Karen","Paxman","home","Melbourne"
"CD_M20192640405","2019-02-24T05:05:00.000+0000","CONCLUDED","2019 NAB AFLW Season","Round 4",4,"Casey Fields","Melbourne","Melbourne","North Melbourne","North Melbourne",29,"https://s.afl.com.au/staticfile/AFL Tenant/AFL/Players/ChampIDImages/AFLW/2019264/1009764.png?im=Scale,width=0.6,height=0.6","FPL","CD_I1009764",FALSE,29,"Eden","Zanker","CD_T7386",NA,63,0,0,NA,0,5,5,0,0,4,3,2,5,0,0,0,11,1,80,0,0,0,37,0,0,0,0,NA,"2019-02-27T00:47:21.579+0000",0,1,1,0,NA,NA,NA,2,-10,0,1,1,0,0,0,0,0,0,0,0,0,0,0,0,0,0,0,0,0,0,0,0,0,0,0,NA,NA,NA,"CD_I1009764",FALSE,29,"Eden","Zanker","home","Melbourne"
"CD_M20192640405","2019-02-24T05:05:00.000+0000","CONCLUDED","2019 NAB AFLW Season","Round 4",4,"Casey Fields","Melbourne","Melbourne","North Melbourne","North Melbourne",5,"https://s.afl.com.au/staticfile/AFL Tenant/AFL/Players/ChampIDImages/AFLW/2019264/998147.png?im=Scale,width=0.6,height=0.6","C","CD_I998147",FALSE,5,"Elise","O'Dea","CD_T7386",NA,77,0,0,NA,10,5,15,3,0,4,3,13,16,3,0,0,0,1,53.3,2,0,0,65,0,0,0,0,NA,"2019-02-27T00:47:21.579+0000",4,1,0,0,NA,NA,NA,1,254,1,0,1,0,0,0,0,0,0,0,0,0,0,0,0,0,0,0,0,0,0,0,0,0,0,0,NA,NA,NA,"CD_I998147",FALSE,5,"Elise","O'Dea","home","Melbourne"
"CD_M20192640405","2019-02-24T05:05:00.000+0000","CONCLUDED","2019 NAB AFLW Season","Round 4",4,"Casey Fields","Melbourne","Melbourne","North Melbourne","North Melbourne",15,"https://s.afl.com.au/staticfile/AFL Tenant/AFL/Players/ChampIDImages/AFLW/2019264/1005863.png?im=Scale,width=0.6,height=0.6","RK","CD_I1005863",FALSE,15,"Lauren","Pearce","CD_T7386",NA,72,0,0,NA,9,4,13,4,0,2,7,6,13,1,0,1,14,0,61.5,2,1,1,67,0,0,0,0,NA,"2019-02-27T00:47:21.579+0000",1,3,0,0,NA,NA,NA,2,17,0,3,3,0,0,0,0,0,0,0,0,0,0,0,0,0,0,0,0,0,0,0,0,0,0,0,NA,NA,NA,"CD_I1005863",FALSE,15,"Lauren","Pearce","home","Melbourne"
"CD_M20192640405","2019-02-24T05:05:00.000+0000","CONCLUDED","2019 NAB AFLW Season","Round 4",4,"Casey Fields","Melbourne","Melbourne","North Melbourne","North Melbourne",16,"https://s.afl.com.au/staticfile/AFL Tenant/AFL/Players/ChampIDImages/AFLW/2019264/1007151.png?im=Scale,width=0.6,height=0.6","HFFR","CD_I1007151",FALSE,16,"Aliesha","Newman","CD_T7386",NA,82,2,0,NA,5,5,10,3,2,0,2,8,10,1,1,0,0,1,70,4,0,2,40,0,0,100,0,NA,"2019-02-27T00:47:21.579+0000",4,1,0,2,NA,NA,NA,2,193,0,1,1,0,0,0,0,0,0,0,0,0,0,0,0,0,0,0,0,0,0,0,0,0,0,0,NA,NA,NA,"CD_I1007151",FALSE,16,"Aliesha","Newman","home","Melbourne"
"CD_M20192640405","2019-02-24T05:05:00.000+0000","CONCLUDED","2019 NAB AFLW Season","Round 4",4,"Casey Fields","Melbourne","Melbourne","North Melbourne","North Melbourne",11,"https://s.afl.com.au/staticfile/AFL Tenant/AFL/Players/ChampIDImages/AFLW/2019264/1012560.png?im=Scale,width=0.6,height=0.6","HBFR","CD_I1012560",FALSE,11,"Chantel","Emonson","CD_T7386",NA,73,0,0,NA,6,1,7,1,0,3,4,2,6,0,0,0,0,0,100,0,2,0,37,4,0,0,0,NA,"2019-02-27T00:47:21.579+0000",2,3,0,0,NA,NA,NA,1,108,0,0,0,0,0,0,0,0,0,0,0,0,0,0,0,0,0,0,0,0,0,0,0,0,0,0,NA,NA,NA,"CD_I1012560",FALSE,11,"Chantel","Emonson","home","Melbourne"
"CD_M20192640405","2019-02-24T05:05:00.000+0000","CONCLUDED","2019 NAB AFLW Season","Round 4",4,"Casey Fields","Melbourne","Melbourne","North Melbourne","North Melbourne",3,"https://s.afl.com.au/staticfile/AFL Tenant/AFL/Players/ChampIDImages/AFLW/2019264/1009976.png?im=Scale,width=0.6,height=0.6","HFFL","CD_I1009976",FALSE,3,"Maddison","Gay","CD_T7386",NA,87,0,2,NA,8,7,15,2,0,4,8,7,15,2,0,0,0,2,66.7,1,1,0,63,0,1,0,0,NA,"2019-02-27T00:47:21.579+0000",2,2,0,3,NA,NA,NA,3,105,0,4,4,0,0,0,0,0,0,0,0,0,0,0,0,0,0,0,0,0,0,0,0,0,0,0,NA,NA,NA,"CD_I1009976",FALSE,3,"Maddison","Gay","home","Melbourne"
"CD_M20192640405","2019-02-24T05:05:00.000+0000","CONCLUDED","2019 NAB AFLW Season","Round 4",4,"Casey Fields","Melbourne","Melbourne","North Melbourne","North Melbourne",17,"https://s.afl.com.au/staticfile/AFL Tenant/AFL/Players/ChampIDImages/AFLW/2019264/1004402.png?im=Scale,width=0.6,height=0.6","INT","CD_I1004402",FALSE,17,"Ashleigh","Guest","CD_T7386",NA,56,0,0,NA,4,4,8,1,0,3,2,5,7,0,0,0,0,0,87.5,0,1,0,36,1,0,0,0,NA,"2019-02-27T00:47:21.579+0000",0,2,0,0,NA,NA,NA,0,142,0,0,0,0,0,0,0,0,0,0,0,0,0,0,0,0,0,0,0,0,0,0,0,0,0,0,NA,NA,NA,"CD_I1004402",FALSE,17,"Ashleigh","Guest","home","Melbourne"
"CD_M20192640405","2019-02-24T05:05:00.000+0000","CONCLUDED","2019 NAB AFLW Season","Round 4",4,"Casey Fields","Melbourne","Melbourne","North Melbourne","North Melbourne",28,"https://s.afl.com.au/staticfile/AFL Tenant/AFL/Players/ChampIDImages/AFLW/2019264/1009853.png?im=Scale,width=0.6,height=0.6","INT","CD_I1009853",FALSE,28,"Tyla","Hanks","CD_T7386",NA,74,1,0,NA,5,7,12,2,0,3,4,8,12,0,1,0,0,1,75,1,1,1,51,0,0,100,0,NA,"2019-02-27T00:47:21.579+0000",2,2,1,1,NA,NA,NA,3,99,0,0,0,0,0,0,0,0,0,0,0,0,0,0,0,0,0,0,0,0,0,0,0,0,0,0,NA,NA,NA,"CD_I1009853",FALSE,28,"Tyla","Hanks","home","Melbourne"
"CD_M20192640405","2019-02-24T05:05:00.000+0000","CONCLUDED","2019 NAB AFLW Season","Round 4",4,"Casey Fields","Melbourne","Melbourne","North Melbourne","North Melbourne",10,"https://s.afl.com.au/staticfile/AFL Tenant/AFL/Players/ChampIDImages/AFLW/2019264/1009980.png?im=Scale,width=0.6,height=0.6","FPR","CD_I1009980",FALSE,10,"Kate","Hore","CD_T7386",NA,81,0,0,NA,9,9,18,3,0,3,11,9,20,2,1,0,0,0,72.2,6,1,2,61,1,0,0,0,NA,"2019-02-27T00:47:21.579+0000",6,1,2,0,NA,NA,NA,3,183,1,4,5,0,0,0,0,0,0,0,0,0,0,0,0,0,0,0,0,0,0,0,0,0,0,0,NA,NA,NA,"CD_I1009980",FALSE,10,"Kate","Hore","home","Melbourne"
"CD_M20192640405","2019-02-24T05:05:00.000+0000","CONCLUDED","2019 NAB AFLW Season","Round 4",4,"Casey Fields","Melbourne","Melbourne","North Melbourne","North Melbourne",36,"https://s.afl.com.au/staticfile/AFL Tenant/AFL/Players/ChampIDImages/AFLW/2019264/1005866.png?im=Scale,width=0.6,height=0.6","BPR","CD_I1005866",FALSE,36,"Ainslie","Kemp","CD_T7386",NA,60,0,0,NA,3,1,4,1,0,1,4,0,4,0,0,1,0,2,75,1,0,0,18,2,0,0,0,NA,"2019-02-27T00:47:21.579+0000",2,3,0,0,NA,NA,NA,0,85,0,1,1,0,0,0,0,0,0,0,0,0,0,0,0,0,0,0,0,0,0,0,0,0,0,0,NA,NA,NA,"CD_I1005866",FALSE,36,"Ainslie","Kemp","home","Melbourne"
"CD_M20192640405","2019-02-24T05:05:00.000+0000","CONCLUDED","2019 NAB AFLW Season","Round 4",4,"Casey Fields","Melbourne","Melbourne","North Melbourne","North Melbourne",2,"https://s.afl.com.au/staticfile/AFL Tenant/AFL/Players/ChampIDImages/AFLW/2019264/1007149.png?im=Scale,width=0.6,height=0.6","BPL","CD_I1007149",FALSE,2,"Meg","Downie","CD_T7386",NA,90,0,0,NA,6,3,9,3,0,3,5,6,11,0,0,0,0,5,55.6,1,3,0,48,2,0,0,0,NA,"2019-02-27T00:47:21.579+0000",2,5,0,0,NA,NA,NA,0,55,0,0,0,0,0,0,0,0,0,0,0,0,0,0,0,0,0,0,0,0,0,0,0,0,0,0,NA,NA,NA,"CD_I1007149",FALSE,2,"Meg","Downie","home","Melbourne"
"CD_M20192640405","2019-02-24T05:05:00.000+0000","CONCLUDED","2019 NAB AFLW Season","Round 4",4,"Casey Fields","Melbourne","Melbourne","North Melbourne","North Melbourne",21,"https://s.afl.com.au/staticfile/AFL Tenant/AFL/Players/ChampIDImages/AFLW/2019264/1007152.png?im=Scale,width=0.6,height=0.6","FB","CD_I1007152",FALSE,21,"Harriet","Cordner","CD_T7386",NA,100,0,0,NA,5,1,6,1,1,0,2,3,5,1,0,1,0,4,50,8,0,4,8,4,0,0,0,NA,"2019-02-27T00:47:21.579+0000",3,3,0,0,NA,NA,NA,0,177,0,0,0,0,0,0,0,0,0,0,0,0,0,0,0,0,0,0,0,0,0,0,0,0,0,0,NA,NA,NA,"CD_I1007152",FALSE,21,"Harriet","Cordner","home","Melbourne"
"CD_M20192640405","2019-02-24T05:05:00.000+0000","CONCLUDED","2019 NAB AFLW Season","Round 4",4,"Casey Fields","Melbourne","Melbourne","North Melbourne","North Melbourne",19,"https://s.afl.com.au/staticfile/AFL Tenant/AFL/Players/ChampIDImages/AFLW/2019264/1005264.png?im=Scale,width=0.6,height=0.6","INT","CD_I1005264",FALSE,19,"Ashleigh","Woodland","CD_T7386",NA,55,0,0,NA,3,5,8,1,0,0,6,2,8,0,0,1,0,1,100,0,0,0,22,3,0,0,0,NA,"2019-02-27T00:47:21.579+0000",0,5,0,0,NA,NA,NA,0,46,0,1,1,0,0,0,0,0,0,0,0,0,0,0,0,0,0,0,0,0,0,0,0,0,0,0,NA,NA,NA,"CD_I1005264",FALSE,19,"Ashleigh","Woodland","home","Melbourne"
"CD_M20192640405","2019-02-24T05:05:00.000+0000","CONCLUDED","2019 NAB AFLW Season","Round 4",4,"Casey Fields","Melbourne","Melbourne","North Melbourne","North Melbourne",1,"https://s.afl.com.au/staticfile/AFL Tenant/AFL/Players/ChampIDImages/AFLW/2019264/1010659.png?im=Scale,width=0.6,height=0.6","FF","CD_I1010659",FALSE,1,"Tegan","Cunningham","CD_T7386",NA,98,1,1,NA,7,6,13,7,0,0,5,9,14,1,4,2,0,3,92.3,2,0,2,55,0,0,50,0,NA,"2019-02-27T00:47:21.579+0000",2,1,0,2,NA,NA,NA,6,100,0,0,0,0,0,0,0,0,0,0,0,0,0,0,0,0,0,0,0,0,0,0,0,0,0,0,NA,NA,NA,"CD_I1010659",FALSE,1,"Tegan","Cunningham","home","Melbourne"
"CD_M20192640405","2019-02-24T05:05:00.000+0000","CONCLUDED","2019 NAB AFLW Season","Round 4",4,"Casey Fields","Melbourne","Melbourne","North Melbourne","North Melbourne",13,"https://s.afl.com.au/staticfile/AFL Tenant/AFL/Players/ChampIDImages/AFLW/2019264/997733.png?im=Scale,width=0.6,height=0.6","INT","CD_I997733",FALSE,13,"Katherine","Smith","CD_T7386",NA,46,0,0,NA,4,2,6,1,0,3,2,4,6,1,0,0,0,0,66.7,3,0,1,28,0,0,0,0,NA,"2019-02-27T00:47:21.579+0000",2,2,0,0,NA,NA,NA,3,125,0,1,1,0,0,0,0,0,0,0,0,0,0,0,0,0,0,0,0,0,0,0,0,0,0,0,NA,NA,NA,"CD_I997733",FALSE,13,"Katherine","Smith","home","Melbourne"
"CD_M20192640405","2019-02-24T05:05:00.000+0000","CONCLUDED","2019 NAB AFLW Season","Round 4",4,"Casey Fields","Melbourne","Melbourne","North Melbourne","North Melbourne",8,"https://s.afl.com.au/staticfile/AFL Tenant/AFL/Players/ChampIDImages/AFLW/2019264/1007011.png?im=Scale,width=0.6,height=0.6","HBFL","CD_I1007011",FALSE,8,"Sarah","Lampard","CD_T7386",NA,75,0,0,NA,3,2,5,1,0,4,4,1,5,0,0,0,0,2,80,0,3,0,35,0,0,0,0,NA,"2019-02-27T00:47:21.579+0000",1,4,0,0,NA,NA,NA,0,46,0,0,0,0,0,0,0,0,0,0,0,0,0,0,0,0,0,0,0,0,0,0,0,0,0,0,NA,NA,NA,"CD_I1007011",FALSE,8,"Sarah","Lampard","home","Melbourne"
"CD_M20192640405","2019-02-24T05:05:00.000+0000","CONCLUDED","2019 NAB AFLW Season","Round 4",4,"Casey Fields","Melbourne","Melbourne","North Melbourne","North Melbourne",11,"https://s.afl.com.au/staticfile/AFL Tenant/AFL/Players/ChampIDImages/AFLW/2019264/1013025.png?im=Scale,width=0.6,height=0.6","FPL","CD_I1013025",FALSE,11,"Daisy","Bateman","CD_T8466",NA,49,0,0,NA,0,1,1,0,0,1,0,2,2,0,0,0,0,0,100,0,0,0,6,0,0,0,0,NA,"2019-02-27T00:47:21.579+0000",1,0,1,0,NA,NA,NA,0,3,0,0,0,0,0,0,0,0,0,0,0,0,0,0,0,0,0,0,0,0,0,0,0,0,0,0,NA,NA,NA,"CD_I1013025",FALSE,11,"Daisy","Bateman","away","North Melbourne"
"CD_M20192640405","2019-02-24T05:05:00.000+0000","CONCLUDED","2019 NAB AFLW Season","Round 4",4,"Casey Fields","Melbourne","Melbourne","North Melbourne","North Melbourne",10,"https://s.afl.com.au/staticfile/AFL Tenant/AFL/Players/ChampIDImages/AFLW/2019264/997649.png?im=Scale,width=0.6,height=0.6","FPR","CD_I997649",FALSE,10,"Kaitlyn","Ashmore","CD_T8466",NA,77,0,0,NA,4,1,5,1,0,3,2,3,5,0,0,0,0,0,40,5,1,3,21,1,0,0,0,NA,"2019-02-27T00:47:21.579+0000",4,2,1,0,NA,NA,NA,0,73,0,0,0,0,0,0,0,0,0,0,0,0,0,0,0,0,0,0,0,0,0,0,0,0,0,0,NA,NA,NA,"CD_I997649",FALSE,10,"Kaitlyn","Ashmore","away","North Melbourne"
"CD_M20192640405","2019-02-24T05:05:00.000+0000","CONCLUDED","2019 NAB AFLW Season","Round 4",4,"Casey Fields","Melbourne","Melbourne","North Melbourne","North Melbourne",20,"https://s.afl.com.au/staticfile/AFL Tenant/AFL/Players/ChampIDImages/AFLW/2019264/1012700.png?im=Scale,width=0.6,height=0.6","INT","CD_I1012700",FALSE,20,"Bethany","Lynch","CD_T8466",NA,40,0,0,NA,4,0,4,0,0,0,3,2,5,1,0,0,0,1,25,1,2,0,14,1,0,0,0,NA,"2019-02-27T00:47:21.579+0000",1,2,0,0,NA,NA,NA,2,91,0,0,0,0,0,0,0,0,0,0,0,0,0,0,0,0,0,0,0,0,0,0,0,0,0,0,NA,NA,NA,"CD_I1012700",FALSE,20,"Bethany","Lynch","away","North Melbourne"
"CD_M20192640405","2019-02-24T05:05:00.000+0000","CONCLUDED","2019 NAB AFLW Season","Round 4",4,"Casey Fields","Melbourne","Melbourne","North Melbourne","North Melbourne",23,"https://s.afl.com.au/staticfile/AFL Tenant/AFL/Players/ChampIDImages/AFLW/2019264/997672.png?im=Scale,width=0.6,height=0.6","FF","CD_I997672",FALSE,23,"Moana","Hope","CD_T8466",NA,100,2,0,NA,8,2,10,3,0,1,7,2,9,1,2,2,0,0,80,4,1,3,45,0,1,100,0,NA,"2019-02-27T00:47:21.579+0000",5,1,1,2,NA,NA,NA,4,183,0,0,0,0,0,0,0,0,0,0,0,0,0,0,0,0,0,0,0,0,0,0,0,0,0,0,NA,NA,NA,"CD_I997672",FALSE,23,"Moana","Hope","away","North Melbourne"
"CD_M20192640405","2019-02-24T05:05:00.000+0000","CONCLUDED","2019 NAB AFLW Season","Round 4",4,"Casey Fields","Melbourne","Melbourne","North Melbourne","North Melbourne",25,"https://s.afl.com.au/staticfile/AFL Tenant/AFL/Players/ChampIDImages/AFLW/2019264/296154.png?im=Scale,width=0.6,height=0.6","CHF","CD_I296154",FALSE,25,"Jasmine","Garner","CD_T8466",NA,95,0,0,NA,6,5,11,2,0,3,8,4,12,2,0,0,0,0,90.9,3,3,2,43,0,0,0,0,NA,"2019-02-27T00:47:21.579+0000",2,3,0,0,NA,NA,NA,1,183,0,2,2,0,0,0,0,0,0,0,0,0,0,0,0,0,0,0,0,0,0,0,0,0,0,0,NA,NA,NA,"CD_I296154",FALSE,25,"Jasmine","Garner","away","North Melbourne"
"CD_M20192640405","2019-02-24T05:05:00.000+0000","CONCLUDED","2019 NAB AFLW Season","Round 4",4,"Casey Fields","Melbourne","Melbourne","North Melbourne","North Melbourne",9,"https://s.afl.com.au/staticfile/AFL Tenant/AFL/Players/ChampIDImages/AFLW/2019264/998150.png?im=Scale,width=0.6,height=0.6","C","CD_I998150",FALSE,9,"Emma","Kearney","CD_T8466",NA,96,0,0,NA,9,6,15,3,1,4,10,9,19,2,0,0,0,4,86.7,3,1,3,56,3,0,0,0,NA,"2019-02-27T00:47:21.579+0000",3,4,0,0,NA,NA,NA,4,201,2,3,5,0,0,0,0,0,0,0,0,0,0,0,0,0,0,0,0,0,0,0,0,0,0,0,NA,NA,NA,"CD_I998150",FALSE,9,"Emma","Kearney","away","North Melbourne"
"CD_M20192640405","2019-02-24T05:05:00.000+0000","CONCLUDED","2019 NAB AFLW Season","Round 4",4,"Casey Fields","Melbourne","Melbourne","North Melbourne","North Melbourne",5,"https://s.afl.com.au/staticfile/AFL Tenant/AFL/Players/ChampIDImages/AFLW/2019264/997695.png?im=Scale,width=0.6,height=0.6","HFFL","CD_I997695",FALSE,5,"Kate","Gillespie-Jones","CD_T8466",NA,100,0,0,NA,5,4,9,3,0,5,5,5,10,1,1,0,8,1,66.7,3,2,2,56,0,0,0,0,NA,"2019-02-27T00:47:21.579+0000",5,1,0,1,NA,NA,NA,2,91,0,1,1,0,0,0,0,0,0,0,0,0,0,0,0,0,0,0,0,0,0,0,0,0,0,0,NA,NA,NA,"CD_I997695",FALSE,5,"Kate","Gillespie-Jones","away","North Melbourne"
"CD_M20192640405","2019-02-24T05:05:00.000+0000","CONCLUDED","2019 NAB AFLW Season","Round 4",4,"Casey Fields","Melbourne","Melbourne","North Melbourne","North Melbourne",6,"https://s.afl.com.au/staticfile/AFL Tenant/AFL/Players/ChampIDImages/AFLW/2019264/1003021.png?im=Scale,width=0.6,height=0.6","BPR","CD_I1003021",FALSE,6,"Emma","Humphries","CD_T8466",NA,59,0,0,NA,2,0,2,0,1,0,1,2,3,1,0,0,0,1,50,0,0,0,6,0,0,0,0,NA,"2019-02-27T00:47:21.579+0000",2,2,0,0,NA,NA,NA,0,63,0,0,0,0,0,0,0,0,0,0,0,0,0,0,0,0,0,0,0,0,0,0,0,0,0,0,NA,NA,NA,"CD_I1003021",FALSE,6,"Emma","Humphries","away","North Melbourne"
"CD_M20192640405","2019-02-24T05:05:00.000+0000","CONCLUDED","2019 NAB AFLW Season","Round 4",4,"Casey Fields","Melbourne","Melbourne","North Melbourne","North Melbourne",27,"https://s.afl.com.au/staticfile/AFL Tenant/AFL/Players/ChampIDImages/AFLW/2019264/1005864.png?im=Scale,width=0.6,height=0.6","HBFL","CD_I1005864",FALSE,27,"Jessica","Duffin","CD_T8466",NA,100,0,0,NA,17,3,20,7,0,1,8,11,19,5,0,1,0,3,60,5,1,2,77,5,0,0,0,NA,"2019-02-27T00:47:21.579+0000",5,12,0,0,NA,NA,NA,1,445,0,0,0,0,0,0,0,0,0,0,0,0,0,0,0,0,0,0,0,0,0,0,0,0,0,0,NA,NA,NA,"CD_I1005864",FALSE,27,"Jessica","Duffin","away","North Melbourne"
"CD_M20192640405","2019-02-24T05:05:00.000+0000","CONCLUDED","2019 NAB AFLW Season","Round 4",4,"Casey Fields","Melbourne","Melbourne","North Melbourne","North Melbourne",35,"https://s.afl.com.au/staticfile/AFL Tenant/AFL/Players/ChampIDImages/AFLW/2019264/1003018.png?im=Scale,width=0.6,height=0.6","R","CD_I1003018",FALSE,35,"Jenna","Bruton","CD_T8466",NA,85,0,0,NA,10,3,13,0,0,3,8,6,14,4,0,0,0,0,46.2,1,2,0,50,0,1,0,0,NA,"2019-02-27T00:47:21.579+0000",4,2,0,0,NA,NA,NA,3,325,2,2,4,0,0,0,0,0,0,0,0,0,0,0,0,0,0,0,0,0,0,0,0,0,0,0,NA,NA,NA,"CD_I1003018",FALSE,35,"Jenna","Bruton","away","North Melbourne"
"CD_M20192640405","2019-02-24T05:05:00.000+0000","CONCLUDED","2019 NAB AFLW Season","Round 4",4,"Casey Fields","Melbourne","Melbourne","North Melbourne","North Melbourne",1,"https://s.afl.com.au/staticfile/AFL Tenant/AFL/Players/ChampIDImages/AFLW/2019264/1010252.png?im=Scale,width=0.6,height=0.6","HFFR","CD_I1010252",FALSE,1,"Sophie","Abbatangelo","CD_T8466",NA,71,1,0,NA,6,3,9,1,0,1,9,2,11,2,0,0,0,0,55.6,5,1,4,26,0,1,100,0,NA,"2019-02-27T00:47:21.579+0000",6,1,1,1,NA,NA,NA,2,105,0,1,1,0,0,0,0,0,0,0,0,0,0,0,0,0,0,0,0,0,0,0,0,0,0,0,NA,NA,NA,"CD_I1010252",FALSE,1,"Sophie","Abbatangelo","away","North Melbourne"
"CD_M20192640405","2019-02-24T05:05:00.000+0000","CONCLUDED","2019 NAB AFLW Season","Round 4",4,"Casey Fields","Melbourne","Melbourne","North Melbourne","North Melbourne",17,"https://s.afl.com.au/staticfile/AFL Tenant/AFL/Players/ChampIDImages/AFLW/2019264/1007030.png?im=Scale,width=0.6,height=0.6","RR","CD_I1007030",FALSE,17,"Jamie","Stanton","CD_T8466",NA,67,0,0,NA,13,8,21,2,0,2,10,11,21,3,0,0,0,2,57.1,5,0,1,66,2,0,0,0,NA,"2019-02-27T00:47:21.579+0000",5,1,0,0,NA,NA,NA,3,342,2,1,3,0,0,0,0,0,0,0,0,0,0,0,0,0,0,0,0,0,0,0,0,0,0,0,NA,NA,NA,"CD_I1007030",FALSE,17,"Jamie","Stanton","away","North Melbourne"
"CD_M20192640405","2019-02-24T05:05:00.000+0000","CONCLUDED","2019 NAB AFLW Season","Round 4",4,"Casey Fields","Melbourne","Melbourne","North Melbourne","North Melbourne",21,"https://s.afl.com.au/staticfile/AFL Tenant/AFL/Players/ChampIDImages/AFLW/2019264/1004416.png?im=Scale,width=0.6,height=0.6","INT","CD_I1004416",FALSE,21,"Jessica","Trend","CD_T8466",NA,52,0,0,NA,6,5,11,3,0,2,5,6,11,1,0,0,0,2,63.6,1,1,0,46,3,0,0,0,NA,"2019-02-27T00:47:21.579+0000",1,4,0,0,NA,NA,NA,0,124,0,0,0,0,0,0,0,0,0,0,0,0,0,0,0,0,0,0,0,0,0,0,0,0,0,0,NA,NA,NA,"CD_I1004416",FALSE,21,"Jessica","Trend","away","North Melbourne"
"CD_M20192640405","2019-02-24T05:05:00.000+0000","CONCLUDED","2019 NAB AFLW Season","Round 4",4,"Casey Fields","Melbourne","Melbourne","North Melbourne","North Melbourne",8,"https://s.afl.com.au/staticfile/AFL Tenant/AFL/Players/ChampIDImages/AFLW/2019264/1012712.png?im=Scale,width=0.6,height=0.6","INT","CD_I1012712",FALSE,8,"Alison","Drennan","CD_T8466",NA,44,0,0,NA,3,2,5,2,0,9,3,2,5,1,0,0,0,0,80,0,0,0,55,0,0,0,0,NA,"2019-02-27T00:47:21.579+0000",0,2,0,0,NA,NA,NA,1,45,0,1,1,0,0,0,0,0,0,0,0,0,0,0,0,0,0,0,0,0,0,0,0,0,0,0,NA,NA,NA,"CD_I1012712",FALSE,8,"Alison","Drennan","away","North Melbourne"
"CD_M20192640405","2019-02-24T05:05:00.000+0000","CONCLUDED","2019 NAB AFLW Season","Round 4",4,"Casey Fields","Melbourne","Melbourne","North Melbourne","North Melbourne",18,"https://s.afl.com.au/staticfile/AFL Tenant/AFL/Players/ChampIDImages/AFLW/2019264/1007005.png?im=Scale,width=0.6,height=0.6","BPL","CD_I1007005",FALSE,18,"Brittany","Gibson","CD_T8466",NA,97,0,0,NA,7,3,10,2,0,3,4,7,11,1,0,0,0,2,60,4,0,2,39,0,0,0,0,NA,"2019-02-27T00:47:21.579+0000",3,6,0,0,NA,NA,NA,2,208,1,1,2,0,0,0,0,0,0,0,0,0,0,0,0,0,0,0,0,0,0,0,0,0,0,0,NA,NA,NA,"CD_I1007005",FALSE,18,"Brittany","Gibson","away","North Melbourne"
"CD_M20192640405","2019-02-24T05:05:00.000+0000","CONCLUDED","2019 NAB AFLW Season","Round 4",4,"Casey Fields","Melbourne","Melbourne","North Melbourne","North Melbourne",31,"https://s.afl.com.au/staticfile/AFL Tenant/AFL/Players/ChampIDImages/AFLW/2019264/296143.png?im=Scale,width=0.6,height=0.6","FB","CD_I296143",FALSE,31,"Danielle","Hardiman","CD_T8466",NA,100,0,0,NA,3,6,9,0,0,1,3,6,9,0,0,0,0,3,55.6,2,0,0,25,1,0,0,0,NA,"2019-02-27T00:47:21.579+0000",2,4,0,0,NA,NA,NA,0,119,0,0,0,0,0,0,0,0,0,0,0,0,0,0,0,0,0,0,0,0,0,0,0,0,0,0,NA,NA,NA,"CD_I296143",FALSE,31,"Danielle","Hardiman","away","North Melbourne"
"CD_M20192640405","2019-02-24T05:05:00.000+0000","CONCLUDED","2019 NAB AFLW Season","Round 4",4,"Casey Fields","Melbourne","Melbourne","North Melbourne","North Melbourne",4,"https://s.afl.com.au/staticfile/AFL Tenant/AFL/Players/ChampIDImages/AFLW/2019264/1013521.png?im=Scale,width=0.6,height=0.6","INT","CD_I1013521",FALSE,4,"Elisha","King","CD_T8466",NA,56,0,0,NA,6,1,7,2,0,1,3,3,6,2,0,0,0,2,42.9,2,1,0,31,0,0,0,0,NA,"2019-02-27T00:47:21.579+0000",4,2,0,0,NA,NA,NA,2,164,0,2,2,0,0,0,0,0,0,0,0,0,0,0,0,0,0,0,0,0,0,0,0,0,0,0,NA,NA,NA,"CD_I1013521",FALSE,4,"Elisha","King","away","North Melbourne"
"CD_M20192640405","2019-02-24T05:05:00.000+0000","CONCLUDED","2019 NAB AFLW Season","Round 4",4,"Casey Fields","Melbourne","Melbourne","North Melbourne","North Melbourne",19,"https://s.afl.com.au/staticfile/AFL Tenant/AFL/Players/ChampIDImages/AFLW/2019264/1007006.png?im=Scale,width=0.6,height=0.6","HBFR","CD_I1007006",FALSE,19,"Jasmine","Grierson","CD_T8466",NA,70,0,0,NA,4,2,6,2,0,0,3,3,6,0,0,0,0,4,66.7,1,1,0,23,1,0,0,0,NA,"2019-02-27T00:47:21.579+0000",1,5,0,0,NA,NA,NA,0,56,0,0,0,0,0,0,0,0,0,0,0,0,0,0,0,0,0,0,0,0,0,0,0,0,0,0,NA,NA,NA,"CD_I1007006",FALSE,19,"Jasmine","Grierson","away","North Melbourne"
"CD_M20192640405","2019-02-24T05:05:00.000+0000","CONCLUDED","2019 NAB AFLW Season","Round 4",4,"Casey Fields","Melbourne","Melbourne","North Melbourne","North Melbourne",60,"https://s.afl.com.au/staticfile/AFL Tenant/AFL/Players/ChampIDImages/AFLW/2019264/1001686.png?im=Scale,width=0.6,height=0.6","RK","CD_I1001686",FALSE,60,"Emma","King","CD_T8466",NA,100,3,1,NA,8,0,8,3,0,0,6,2,8,1,2,1,18,1,75,1,2,0,72,0,0,75,0,NA,"2019-02-27T00:47:21.579+0000",2,1,0,4,NA,NA,NA,4,138,0,2,2,0,0,0,0,0,0,0,0,0,0,0,0,0,0,0,0,0,0,0,0,0,0,0,NA,NA,NA,"CD_I1001686",FALSE,60,"Emma","King","away","North Melbourne"
"CD_M20192640405","2019-02-24T05:05:00.000+0000","CONCLUDED","2019 NAB AFLW Season","Round 4",4,"Casey Fields","Melbourne","Melbourne","North Melbourne","North Melbourne",22,"https://s.afl.com.au/staticfile/AFL Tenant/AFL/Players/ChampIDImages/AFLW/2019264/1013522.png?im=Scale,width=0.6,height=0.6","INT","CD_I1013522",FALSE,22,"Georgia","Nanscawen","CD_T8466",NA,43,0,1,NA,3,1,4,1,0,1,2,2,4,0,0,0,0,0,0,1,0,0,19,0,0,0,0,NA,"2019-02-27T00:47:21.579+0000",1,1,0,1,NA,NA,NA,1,63,0,0,0,0,0,0,0,0,0,0,0,0,0,0,0,0,0,0,0,0,0,0,0,0,0,0,NA,NA,NA,"CD_I1013522",FALSE,22,"Georgia","Nanscawen","away","North Melbourne"
"CD_M20192640405","2019-02-24T05:05:00.000+0000","CONCLUDED","2019 NAB AFLW Season","Round 4",4,"Casey Fields","Melbourne","Melbourne","North Melbourne","North Melbourne",16,"https://s.afl.com.au/staticfile/AFL Tenant/AFL/Players/ChampIDImages/AFLW/2019264/1003023.png?im=Scale,width=0.6,height=0.6","CHB","CD_I1003023",FALSE,16,"Tahlia","Randall","CD_T8466",NA,100,0,0,NA,4,2,6,3,0,3,1,4,5,0,0,0,0,7,66.7,1,0,0,37,3,0,0,0,NA,"2019-02-27T00:47:21.579+0000",1,3,0,0,NA,NA,NA,1,100,0,0,0,0,0,0,0,0,0,0,0,0,0,0,0,0,0,0,0,0,0,0,0,0,0,0,NA,NA,NA,"CD_I1003023",FALSE,16,"Tahlia","Randall","away","North Melbourne"
"CD_M20192640501","2019-03-02T05:45:00.000+0000","CONCLUDED","2019 NAB AFLW Season","Round 5",5,"Moreton Bay Central Sports Complex","Brisbane Lions","Brisbane Lions","Geelong Cats","Geelong Cats",21,"https://s.afl.com.au/staticfile/AFL Tenant/AFL/Players/ChampIDImages/AFLW/2019264/1005659.png?im=Scale,width=0.6,height=0.6","INT","CD_I1005659",FALSE,21,"Arianna","Clarke","CD_T7887",NA,76,0,0,NA,3,2,5,0,0,1,2,2,4,0,0,0,0,1,80,2,1,1,15,0,0,0,NA,NA,"2019-05-01T04:49:12.650+0000",0,2,0,0,NA,NA,NA,0,43,0,0,0,0,0,0,0,0,0,0,0,0,0,0,0,0,0,0,0,0,0,0,0,0,0,0,NA,NA,NA,"CD_I1005659",FALSE,21,"Arianna","Clarke","home","Brisbane Lions"
"CD_M20192640501","2019-03-02T05:45:00.000+0000","CONCLUDED","2019 NAB AFLW Season","Round 5",5,"Moreton Bay Central Sports Complex","Brisbane Lions","Brisbane Lions","Geelong Cats","Geelong Cats",25,"https://s.afl.com.au/staticfile/AFL Tenant/AFL/Players/ChampIDImages/AFLW/2019264/1009964.png?im=Scale,width=0.6,height=0.6","INT","CD_I1009964",FALSE,25,"Jacqui","Yorston","CD_T7887",NA,69,0,0,NA,4,5,9,1,0,6,10,3,13,1,0,0,0,2,44.4,2,0,1,46,1,0,0,NA,NA,"2019-05-01T04:49:12.650+0000",4,2,0,0,NA,NA,NA,0,60,1,3,4,0,0,0,0,0,0,0,0,0,0,0,0,0,0,0,0,0,0,0,0,0,0,0,NA,NA,NA,"CD_I1009964",FALSE,25,"Jacqui","Yorston","home","Brisbane Lions"
"CD_M20192640501","2019-03-02T05:45:00.000+0000","CONCLUDED","2019 NAB AFLW Season","Round 5",5,"Moreton Bay Central Sports Complex","Brisbane Lions","Brisbane Lions","Geelong Cats","Geelong Cats",7,"https://s.afl.com.au/staticfile/AFL Tenant/AFL/Players/ChampIDImages/AFLW/2019264/1001678.png?im=Scale,width=0.6,height=0.6","FPR","CD_I1001678",FALSE,7,"Jordan","Zanchetta","CD_T7887",NA,88,0,0,NA,1,8,9,0,0,1,6,3,9,0,0,0,0,0,66.7,1,0,0,23,0,0,0,NA,NA,"2019-05-01T04:49:12.650+0000",1,0,0,0,NA,NA,NA,1,7,0,1,1,0,0,0,0,0,0,0,0,0,0,0,0,0,0,0,0,0,0,0,0,0,0,0,NA,NA,NA,"CD_I1001678",FALSE,7,"Jordan","Zanchetta","home","Brisbane Lions"
"CD_M20192640501","2019-03-02T05:45:00.000+0000","CONCLUDED","2019 NAB AFLW Season","Round 5",5,"Moreton Bay Central Sports Complex","Brisbane Lions","Brisbane Lions","Geelong Cats","Geelong Cats",23,"https://s.afl.com.au/staticfile/AFL Tenant/AFL/Players/ChampIDImages/AFLW/2019264/1001690.png?im=Scale,width=0.6,height=0.6","FPL","CD_I1001690",FALSE,23,"Jess","Wuetschner","CD_T7887",NA,97,0,0,NA,5,2,7,2,0,2,2,5,7,0,0,0,0,0,42.9,3,0,0,33,1,0,0,NA,NA,"2019-05-01T04:49:12.650+0000",4,1,1,0,NA,NA,NA,0,158,0,0,0,0,0,0,0,0,0,0,0,0,0,0,0,0,0,0,0,0,0,0,0,0,0,0,NA,NA,NA,"CD_I1001690",FALSE,23,"Jess","Wuetschner","home","Brisbane Lions"
"CD_M20192640501","2019-03-02T05:45:00.000+0000","CONCLUDED","2019 NAB AFLW Season","Round 5",5,"Moreton Bay Central Sports Complex","Brisbane Lions","Brisbane Lions","Geelong Cats","Geelong Cats",15,"https://s.afl.com.au/staticfile/AFL Tenant/AFL/Players/ChampIDImages/AFLW/2019264/1007137.png?im=Scale,width=0.6,height=0.6","RR","CD_I1007137",FALSE,15,"Nat","Exon","CD_T7887",NA,83,0,0,NA,11,5,16,3,0,8,6,9,15,1,0,0,0,0,50,3,0,0,84,3,0,0,NA,NA,"2019-05-01T04:49:12.650+0000",4,5,0,0,NA,NA,NA,1,223,0,2,2,0,0,0,0,0,0,0,0,0,0,0,0,0,0,0,0,0,0,0,0,0,0,0,NA,NA,NA,"CD_I1007137",FALSE,15,"Nat","Exon","home","Brisbane Lions"
"CD_M20192640501","2019-03-02T05:45:00.000+0000","CONCLUDED","2019 NAB AFLW Season","Round 5",5,"Moreton Bay Central Sports Complex","Brisbane Lions","Brisbane Lions","Geelong Cats","Geelong Cats",13,"https://s.afl.com.au/staticfile/AFL Tenant/AFL/Players/ChampIDImages/AFLW/2019264/1005638.png?im=Scale,width=0.6,height=0.6","CHB","CD_I1005638",FALSE,13,"Kate","Lutkins","CD_T7887",NA,93,0,0,NA,8,5,13,3,0,5,7,5,12,0,0,2,0,5,69.2,2,2,0,65,6,0,0,NA,NA,"2019-05-01T04:49:12.650+0000",1,6,0,0,NA,NA,NA,2,191,0,1,1,0,0,0,0,0,0,0,0,0,0,0,0,0,0,0,0,0,0,0,0,0,0,0,NA,NA,NA,"CD_I1005638",FALSE,13,"Kate","Lutkins","home","Brisbane Lions"
"CD_M20192640501","2019-03-02T05:45:00.000+0000","CONCLUDED","2019 NAB AFLW Season","Round 5",5,"Moreton Bay Central Sports Complex","Brisbane Lions","Brisbane Lions","Geelong Cats","Geelong Cats",9,"https://s.afl.com.au/staticfile/AFL Tenant/AFL/Players/ChampIDImages/AFLW/2019264/1005636.png?im=Scale,width=0.6,height=0.6","HBFL","CD_I1005636",FALSE,9,"Kate","McCarthy","CD_T7887",NA,78,1,0,NA,4,1,5,0,1,3,2,5,7,2,0,0,0,1,60,3,1,1,30,0,0,50,NA,NA,"2019-05-01T04:49:12.650+0000",1,0,0,2,NA,NA,NA,1,102,0,0,0,0,0,0,0,0,0,0,0,0,0,0,0,0,0,0,0,0,0,0,0,0,0,0,NA,NA,NA,"CD_I1005636",FALSE,9,"Kate","McCarthy","home","Brisbane Lions"
"CD_M20192640501","2019-03-02T05:45:00.000+0000","CONCLUDED","2019 NAB AFLW Season","Round 5",5,"Moreton Bay Central Sports Complex","Brisbane Lions","Brisbane Lions","Geelong Cats","Geelong Cats",27,"https://s.afl.com.au/staticfile/AFL Tenant/AFL/Players/ChampIDImages/AFLW/2019264/1010667.png?im=Scale,width=0.6,height=0.6","FF","CD_I1010667",FALSE,27,"Jessy","Keeffe","CD_T7887",NA,80,0,0,NA,1,6,7,0,0,5,4,2,6,0,0,0,27,1,57.1,2,0,1,59,1,0,0,NA,NA,"2019-05-01T04:49:12.650+0000",1,3,0,0,NA,NA,NA,0,42,0,1,1,0,0,0,0,0,0,0,0,0,0,0,0,0,0,0,0,0,0,0,0,0,0,0,NA,NA,NA,"CD_I1010667",FALSE,27,"Jessy","Keeffe","home","Brisbane Lions"
"CD_M20192640501","2019-03-02T05:45:00.000+0000","CONCLUDED","2019 NAB AFLW Season","Round 5",5,"Moreton Bay Central Sports Complex","Brisbane Lions","Brisbane Lions","Geelong Cats","Geelong Cats",33,"https://s.afl.com.au/staticfile/AFL Tenant/AFL/Players/ChampIDImages/AFLW/2019264/1009894.png?im=Scale,width=0.6,height=0.6","BPL","CD_I1009894",FALSE,33,"McKenzie","Dowrick","CD_T7887",NA,81,0,0,NA,9,2,11,4,0,2,1,9,10,2,0,0,0,1,63.6,0,0,0,51,1,0,0,NA,NA,"2019-05-01T04:49:12.650+0000",2,3,0,1,NA,NA,NA,0,153,0,0,0,0,0,0,0,0,0,0,0,0,0,0,0,0,0,0,0,0,0,0,0,0,0,0,NA,NA,NA,"CD_I1009894",FALSE,33,"McKenzie","Dowrick","home","Brisbane Lions"
"CD_M20192640501","2019-03-02T05:45:00.000+0000","CONCLUDED","2019 NAB AFLW Season","Round 5",5,"Moreton Bay Central Sports Complex","Brisbane Lions","Brisbane Lions","Geelong Cats","Geelong Cats",1,"https://s.afl.com.au/staticfile/AFL Tenant/AFL/Players/ChampIDImages/AFLW/2019264/998155.png?im=Scale,width=0.6,height=0.6","HBFR","CD_I998155",FALSE,1,"Emily","Bates","CD_T7887",NA,63,0,0,NA,11,10,21,3,3,4,11,11,22,1,0,0,0,1,66.7,2,3,0,81,2,0,0,NA,NA,"2019-05-01T04:49:12.650+0000",5,2,0,0,NA,NA,NA,0,363,1,4,5,0,0,0,0,0,0,0,0,0,0,0,0,0,0,0,0,0,0,0,0,0,0,0,NA,NA,NA,"CD_I998155",FALSE,1,"Emily","Bates","home","Brisbane Lions"
"CD_M20192640501","2019-03-02T05:45:00.000+0000","CONCLUDED","2019 NAB AFLW Season","Round 5",5,"Moreton Bay Central Sports Complex","Brisbane Lions","Brisbane Lions","Geelong Cats","Geelong Cats",18,"https://s.afl.com.au/staticfile/AFL Tenant/AFL/Players/ChampIDImages/AFLW/2019264/1005630.png?im=Scale,width=0.6,height=0.6","R","CD_I1005630",FALSE,18,"Alexandra","Anderson","CD_T7887",NA,84,0,0,NA,16,4,20,4,0,2,7,12,19,1,0,0,0,0,30,3,0,1,73,6,0,0,NA,NA,"2019-05-01T04:49:12.650+0000",8,7,0,0,NA,NA,NA,0,222,0,1,1,0,0,0,0,0,0,0,0,0,0,0,0,0,0,0,0,0,0,0,0,0,0,0,NA,NA,NA,"CD_I1005630",FALSE,18,"Alexandra","Anderson","home","Brisbane Lions"
"CD_M20192640501","2019-03-02T05:45:00.000+0000","CONCLUDED","2019 NAB AFLW Season","Round 5",5,"Moreton Bay Central Sports Complex","Brisbane Lions","Brisbane Lions","Geelong Cats","Geelong Cats",11,"https://s.afl.com.au/staticfile/AFL Tenant/AFL/Players/ChampIDImages/AFLW/2019264/998037.png?im=Scale,width=0.6,height=0.6","FB","CD_I998037",FALSE,11,"Leah","Kaslar","CD_T7887",NA,83,0,0,NA,2,3,5,0,0,3,3,2,5,0,0,0,0,4,80,0,0,0,24,2,0,0,NA,NA,"2019-05-01T04:49:12.650+0000",0,2,0,0,NA,NA,NA,1,71,0,0,0,0,0,0,0,0,0,0,0,0,0,0,0,0,0,0,0,0,0,0,0,0,0,0,NA,NA,NA,"CD_I998037",FALSE,11,"Leah","Kaslar","home","Brisbane Lions"
"CD_M20192640501","2019-03-02T05:45:00.000+0000","CONCLUDED","2019 NAB AFLW Season","Round 5",5,"Moreton Bay Central Sports Complex","Brisbane Lions","Brisbane Lions","Geelong Cats","Geelong Cats",20,"https://s.afl.com.au/staticfile/AFL Tenant/AFL/Players/ChampIDImages/AFLW/2019264/1007130.png?im=Scale,width=0.6,height=0.6","BPR","CD_I1007130",FALSE,20,"Shannon","Campbell","CD_T7887",NA,44,0,0,NA,3,0,3,0,0,1,1,1,2,0,0,0,0,1,33.3,1,1,1,11,0,0,0,NA,NA,"2019-05-01T04:49:12.650+0000",1,2,0,0,NA,NA,NA,0,74,0,0,0,0,0,0,0,0,0,0,0,0,0,0,0,0,0,0,0,0,0,0,0,0,0,0,NA,NA,NA,"CD_I1007130",FALSE,20,"Shannon","Campbell","home","Brisbane Lions"
"CD_M20192640501","2019-03-02T05:45:00.000+0000","CONCLUDED","2019 NAB AFLW Season","Round 5",5,"Moreton Bay Central Sports Complex","Brisbane Lions","Brisbane Lions","Geelong Cats","Geelong Cats",3,"https://s.afl.com.au/staticfile/AFL Tenant/AFL/Players/ChampIDImages/AFLW/2019264/1005661.png?im=Scale,width=0.6,height=0.6","C","CD_I1005661",FALSE,3,"Breanna","Koenen","CD_T7887",NA,75,0,0,NA,7,1,8,1,1,2,5,3,8,0,0,0,0,0,50,2,1,0,35,3,0,0,NA,NA,"2019-05-01T04:49:12.650+0000",1,3,0,0,NA,NA,NA,1,96,0,1,1,0,0,0,0,0,0,0,0,0,0,0,0,0,0,0,0,0,0,0,0,0,0,0,NA,NA,NA,"CD_I1005661",FALSE,3,"Breanna","Koenen","home","Brisbane Lions"
"CD_M20192640501","2019-03-02T05:45:00.000+0000","CONCLUDED","2019 NAB AFLW Season","Round 5",5,"Moreton Bay Central Sports Complex","Brisbane Lions","Brisbane Lions","Geelong Cats","Geelong Cats",16,"https://s.afl.com.au/staticfile/AFL Tenant/AFL/Players/ChampIDImages/AFLW/2019264/998154.png?im=Scale,width=0.6,height=0.6","HFFR","CD_I998154",FALSE,16,"Lauren","Arnell","CD_T7887",NA,71,0,0,NA,5,6,11,1,0,4,5,7,12,1,0,0,0,3,72.7,1,0,0,46,1,0,0,NA,NA,"2019-05-01T04:49:12.650+0000",1,2,1,0,NA,NA,NA,1,166,0,1,1,0,0,0,0,0,0,0,0,0,0,0,0,0,0,0,0,0,0,0,0,0,0,0,NA,NA,NA,"CD_I998154",FALSE,16,"Lauren","Arnell","home","Brisbane Lions"
"CD_M20192640501","2019-03-02T05:45:00.000+0000","CONCLUDED","2019 NAB AFLW Season","Round 5",5,"Moreton Bay Central Sports Complex","Brisbane Lions","Brisbane Lions","Geelong Cats","Geelong Cats",28,"https://s.afl.com.au/staticfile/AFL Tenant/AFL/Players/ChampIDImages/AFLW/2019264/1009826.png?im=Scale,width=0.6,height=0.6","INT","CD_I1009826",FALSE,28,"Gabby","Collingwood","CD_T7887",NA,56,0,0,NA,4,3,7,2,0,2,2,4,6,4,0,0,0,1,42.9,3,1,0,33,1,1,0,NA,NA,"2019-05-01T04:49:12.650+0000",3,1,0,0,NA,NA,NA,1,94,0,1,1,0,0,0,0,0,0,0,0,0,0,0,0,0,0,0,0,0,0,0,0,0,0,0,NA,NA,NA,"CD_I1009826",FALSE,28,"Gabby","Collingwood","home","Brisbane Lions"
"CD_M20192640501","2019-03-02T05:45:00.000+0000","CONCLUDED","2019 NAB AFLW Season","Round 5",5,"Moreton Bay Central Sports Complex","Brisbane Lions","Brisbane Lions","Geelong Cats","Geelong Cats",14,"https://s.afl.com.au/staticfile/AFL Tenant/AFL/Players/ChampIDImages/AFLW/2019264/1003019.png?im=Scale,width=0.6,height=0.6","RK","CD_I1003019",FALSE,14,"Sabrina","Frederick-Traub","CD_T7887",NA,100,0,1,NA,5,5,10,0,0,7,6,1,7,1,0,0,1,0,20,2,1,1,53,0,0,0,NA,NA,"2019-05-01T04:49:12.650+0000",3,2,1,2,NA,NA,NA,1,65,0,1,1,0,0,0,0,0,0,0,0,0,0,0,0,0,0,0,0,0,0,0,0,0,0,0,NA,NA,NA,"CD_I1003019",FALSE,14,"Sabrina","Frederick-Traub","home","Brisbane Lions"
"CD_M20192640501","2019-03-02T05:45:00.000+0000","CONCLUDED","2019 NAB AFLW Season","Round 5",5,"Moreton Bay Central Sports Complex","Brisbane Lions","Brisbane Lions","Geelong Cats","Geelong Cats",6,"https://s.afl.com.au/staticfile/AFL Tenant/AFL/Players/ChampIDImages/AFLW/2019264/1005651.png?im=Scale,width=0.6,height=0.6","INT","CD_I1005651",FALSE,6,"Megan","Hunt","CD_T7887",NA,54,0,0,NA,3,1,4,0,0,2,1,3,4,0,0,0,0,1,50,0,0,0,19,0,0,0,NA,NA,"2019-05-01T04:49:12.650+0000",0,0,0,0,NA,NA,NA,0,15,0,1,1,0,0,0,0,0,0,0,0,0,0,0,0,0,0,0,0,0,0,0,0,0,0,0,NA,NA,NA,"CD_I1005651",FALSE,6,"Megan","Hunt","home","Brisbane Lions"
"CD_M20192640501","2019-03-02T05:45:00.000+0000","CONCLUDED","2019 NAB AFLW Season","Round 5",5,"Moreton Bay Central Sports Complex","Brisbane Lions","Brisbane Lions","Geelong Cats","Geelong Cats",30,"https://s.afl.com.au/staticfile/AFL Tenant/AFL/Players/ChampIDImages/AFLW/2019264/1009838.png?im=Scale,width=0.6,height=0.6","CHF","CD_I1009838",FALSE,30,"Jesse","Tawhiao-Wardlaw","CD_T7887",NA,82,0,0,NA,1,2,3,0,0,2,2,1,3,2,0,0,5,1,66.7,1,0,1,17,0,0,0,NA,NA,"2019-05-01T04:49:12.650+0000",0,2,0,0,NA,NA,NA,0,19,0,0,0,0,0,0,0,0,0,0,0,0,0,0,0,0,0,0,0,0,0,0,0,0,0,0,NA,NA,NA,"CD_I1009838",FALSE,30,"Jesse","Tawhiao-Wardlaw","home","Brisbane Lions"
"CD_M20192640501","2019-03-02T05:45:00.000+0000","CONCLUDED","2019 NAB AFLW Season","Round 5",5,"Moreton Bay Central Sports Complex","Brisbane Lions","Brisbane Lions","Geelong Cats","Geelong Cats",5,"https://s.afl.com.au/staticfile/AFL Tenant/AFL/Players/ChampIDImages/AFLW/2019264/1005652.png?im=Scale,width=0.6,height=0.6","INT","CD_I1005652",FALSE,5,"Sam","Virgo","CD_T7887",NA,68,0,0,NA,3,6,9,1,0,1,3,6,9,0,0,1,0,2,77.8,2,0,1,25,0,0,0,NA,NA,"2019-05-01T04:49:12.650+0000",2,3,0,0,NA,NA,NA,1,105,0,0,0,0,0,0,0,0,0,0,0,0,0,0,0,0,0,0,0,0,0,0,0,0,0,0,NA,NA,NA,"CD_I1005652",FALSE,5,"Sam","Virgo","home","Brisbane Lions"
"CD_M20192640501","2019-03-02T05:45:00.000+0000","CONCLUDED","2019 NAB AFLW Season","Round 5",5,"Moreton Bay Central Sports Complex","Brisbane Lions","Brisbane Lions","Geelong Cats","Geelong Cats",8,"https://s.afl.com.au/staticfile/AFL Tenant/AFL/Players/ChampIDImages/AFLW/2019264/998034.png?im=Scale,width=0.6,height=0.6","HFFL","CD_I998034",FALSE,8,"Emma","Zielke","CD_T7887",NA,74,0,1,NA,10,1,11,4,1,1,4,7,11,1,1,0,0,0,36.4,3,0,1,46,2,0,0,NA,NA,"2019-05-01T04:49:12.650+0000",7,0,0,1,NA,NA,NA,1,217,0,3,3,0,0,0,0,0,0,0,0,0,0,0,0,0,0,0,0,0,0,0,0,0,0,0,NA,NA,NA,"CD_I998034",FALSE,8,"Emma","Zielke","home","Brisbane Lions"
"CD_M20192640501","2019-03-02T05:45:00.000+0000","CONCLUDED","2019 NAB AFLW Season","Round 5",5,"Moreton Bay Central Sports Complex","Brisbane Lions","Brisbane Lions","Geelong Cats","Geelong Cats",24,"https://s.afl.com.au/staticfile/AFL Tenant/AFL/Players/ChampIDImages/AFLW/2019264/1012474.png?im=Scale,width=0.6,height=0.6","BPR","CD_I1012474",FALSE,24,"Madaleine","McMahon","CD_T8467",NA,89,0,0,NA,9,5,14,6,0,2,5,8,13,1,0,0,0,1,85.7,0,0,0,63,2,0,0,NA,NA,"2019-05-01T04:49:12.650+0000",1,7,0,0,NA,NA,NA,3,200,0,0,0,0,0,0,0,0,0,0,0,0,0,0,0,0,0,0,0,0,0,0,0,0,0,0,NA,NA,NA,"CD_I1012474",FALSE,24,"Madaleine","McMahon","away","Geelong Cats"
"CD_M20192640501","2019-03-02T05:45:00.000+0000","CONCLUDED","2019 NAB AFLW Season","Round 5",5,"Moreton Bay Central Sports Complex","Brisbane Lions","Brisbane Lions","Geelong Cats","Geelong Cats",23,"https://s.afl.com.au/staticfile/AFL Tenant/AFL/Players/ChampIDImages/AFLW/2019264/997689.png?im=Scale,width=0.6,height=0.6","FF","CD_I997689",FALSE,23,"Phoebe","McWilliams","CD_T8467",NA,64,0,0,NA,1,1,2,1,0,2,1,1,2,0,0,0,0,0,100,0,0,0,16,0,1,0,NA,NA,"2019-05-01T04:49:12.650+0000",1,0,1,0,NA,NA,NA,1,42,0,0,0,0,0,0,0,0,0,0,0,0,0,0,0,0,0,0,0,0,0,0,0,0,0,0,NA,NA,NA,"CD_I997689",FALSE,23,"Phoebe","McWilliams","away","Geelong Cats"
"CD_M20192640501","2019-03-02T05:45:00.000+0000","CONCLUDED","2019 NAB AFLW Season","Round 5",5,"Moreton Bay Central Sports Complex","Brisbane Lions","Brisbane Lions","Geelong Cats","Geelong Cats",46,"https://s.afl.com.au/staticfile/AFL Tenant/AFL/Players/ChampIDImages/AFLW/2019264/1010675.png?im=Scale,width=0.6,height=0.6","RK","CD_I1010675",FALSE,46,"Erin","Hoare","CD_T8467",NA,64,0,0,NA,3,3,6,2,0,1,1,5,6,2,0,0,19,0,66.7,1,1,0,45,1,0,0,NA,NA,"2019-05-01T04:49:12.650+0000",1,2,0,0,NA,NA,NA,2,58,0,1,1,0,0,0,0,0,0,0,0,0,0,0,0,0,0,0,0,0,0,0,0,0,0,0,NA,NA,NA,"CD_I1010675",FALSE,46,"Erin","Hoare","away","Geelong Cats"
"CD_M20192640501","2019-03-02T05:45:00.000+0000","CONCLUDED","2019 NAB AFLW Season","Round 5",5,"Moreton Bay Central Sports Complex","Brisbane Lions","Brisbane Lions","Geelong Cats","Geelong Cats",45,"https://s.afl.com.au/staticfile/AFL Tenant/AFL/Players/ChampIDImages/AFLW/2019264/997678.png?im=Scale,width=0.6,height=0.6","RR","CD_I997678",FALSE,45,"Madeline","Keryk","CD_T8467",NA,74,0,0,NA,6,2,8,1,0,3,4,4,8,2,1,0,0,1,37.5,0,0,0,37,1,0,0,NA,NA,"2019-05-01T04:49:12.650+0000",1,1,1,0,NA,NA,NA,1,138,2,0,2,0,0,0,0,0,0,0,0,0,0,0,0,0,0,0,0,0,0,0,0,0,0,0,NA,NA,NA,"CD_I997678",FALSE,45,"Madeline","Keryk","away","Geelong Cats"
"CD_M20192640501","2019-03-02T05:45:00.000+0000","CONCLUDED","2019 NAB AFLW Season","Round 5",5,"Moreton Bay Central Sports Complex","Brisbane Lions","Brisbane Lions","Geelong Cats","Geelong Cats",5,"https://s.afl.com.au/staticfile/AFL Tenant/AFL/Players/ChampIDImages/AFLW/2019264/1008031.png?im=Scale,width=0.6,height=0.6","FPR","CD_I1008031",FALSE,5,"Jordan","Ivey","CD_T8467",NA,86,0,0,NA,4,5,9,4,0,4,4,6,10,0,2,1,0,0,66.7,5,0,2,44,0,0,0,NA,NA,"2019-05-01T04:49:12.650+0000",4,1,2,1,NA,NA,NA,2,26,0,2,2,0,0,0,0,0,0,0,0,0,0,0,0,0,0,0,0,0,0,0,0,0,0,0,NA,NA,NA,"CD_I1008031",FALSE,5,"Jordan","Ivey","away","Geelong Cats"
"CD_M20192640501","2019-03-02T05:45:00.000+0000","CONCLUDED","2019 NAB AFLW Season","Round 5",5,"Moreton Bay Central Sports Complex","Brisbane Lions","Brisbane Lions","Geelong Cats","Geelong Cats",27,"https://s.afl.com.au/staticfile/AFL Tenant/AFL/Players/ChampIDImages/AFLW/2019264/1009765.png?im=Scale,width=0.6,height=0.6","HFFR","CD_I1009765",FALSE,27,"Sophie","Van De Heuvel","CD_T8467",NA,85,0,0,NA,3,4,7,0,0,1,6,2,8,2,0,0,0,2,57.1,3,0,2,15,0,0,0,NA,NA,"2019-05-01T04:49:12.650+0000",2,1,0,0,NA,NA,NA,1,76,0,0,0,0,0,0,0,0,0,0,0,0,0,0,0,0,0,0,0,0,0,0,0,0,0,0,NA,NA,NA,"CD_I1009765",FALSE,27,"Sophie","Van De Heuvel","away","Geelong Cats"
"CD_M20192640501","2019-03-02T05:45:00.000+0000","CONCLUDED","2019 NAB AFLW Season","Round 5",5,"Moreton Bay Central Sports Complex","Brisbane Lions","Brisbane Lions","Geelong Cats","Geelong Cats",40,"https://s.afl.com.au/staticfile/AFL Tenant/AFL/Players/ChampIDImages/AFLW/2019264/1010687.png?im=Scale,width=0.6,height=0.6","INT","CD_I1010687",FALSE,40,"Anna","Teague","CD_T8467",NA,58,0,0,NA,7,1,8,2,0,1,0,7,7,0,0,0,0,3,50,2,0,1,30,1,0,0,NA,NA,"2019-05-01T04:49:12.650+0000",1,3,0,0,NA,NA,NA,1,102,0,0,0,0,0,0,0,0,0,0,0,0,0,0,0,0,0,0,0,0,0,0,0,0,0,0,NA,NA,NA,"CD_I1010687",FALSE,40,"Anna","Teague","away","Geelong Cats"
"CD_M20192640501","2019-03-02T05:45:00.000+0000","CONCLUDED","2019 NAB AFLW Season","Round 5",5,"Moreton Bay Central Sports Complex","Brisbane Lions","Brisbane Lions","Geelong Cats","Geelong Cats",18,"https://s.afl.com.au/staticfile/AFL Tenant/AFL/Players/ChampIDImages/AFLW/2019264/998038.png?im=Scale,width=0.6,height=0.6","HBFL","CD_I998038",FALSE,18,"Melissa","Hickey","CD_T8467",NA,74,0,0,NA,6,5,11,2,0,3,4,7,11,0,0,1,0,1,63.6,3,0,0,46,1,0,0,NA,NA,"2019-05-01T04:49:12.650+0000",3,3,0,0,NA,NA,NA,2,98,0,0,0,0,0,0,0,0,0,0,0,0,0,0,0,0,0,0,0,0,0,0,0,0,0,0,NA,NA,NA,"CD_I998038",FALSE,18,"Melissa","Hickey","away","Geelong Cats"
"CD_M20192640501","2019-03-02T05:45:00.000+0000","CONCLUDED","2019 NAB AFLW Season","Round 5",5,"Moreton Bay Central Sports Complex","Brisbane Lions","Brisbane Lions","Geelong Cats","Geelong Cats",11,"https://s.afl.com.au/staticfile/AFL Tenant/AFL/Players/ChampIDImages/AFLW/2019264/1007155.png?im=Scale,width=0.6,height=0.6","CHB","CD_I1007155",FALSE,11,"Meghan","McDonald","CD_T8467",NA,100,0,0,NA,6,8,14,1,0,1,8,3,11,0,0,0,0,4,57.1,4,0,1,38,4,0,0,NA,NA,"2019-05-01T04:49:12.650+0000",6,10,0,0,NA,NA,NA,1,164,0,0,0,0,0,0,0,0,0,0,0,0,0,0,0,0,0,0,0,0,0,0,0,0,0,0,NA,NA,NA,"CD_I1007155",FALSE,11,"Meghan","McDonald","away","Geelong Cats"
"CD_M20192640501","2019-03-02T05:45:00.000+0000","CONCLUDED","2019 NAB AFLW Season","Round 5",5,"Moreton Bay Central Sports Complex","Brisbane Lions","Brisbane Lions","Geelong Cats","Geelong Cats",44,"https://s.afl.com.au/staticfile/AFL Tenant/AFL/Players/ChampIDImages/AFLW/2019264/296130.png?im=Scale,width=0.6,height=0.6","FB","CD_I296130",FALSE,44,"Rebecca","Goring","CD_T8467",NA,76,0,0,NA,3,3,6,1,0,2,2,3,5,0,0,0,0,2,66.7,0,0,0,26,1,0,0,NA,NA,"2019-05-01T04:49:12.650+0000",1,4,0,0,NA,NA,NA,0,72,0,0,0,0,0,0,0,0,0,0,0,0,0,0,0,0,0,0,0,0,0,0,0,0,0,0,NA,NA,NA,"CD_I296130",FALSE,44,"Rebecca","Goring","away","Geelong Cats"
"CD_M20192640501","2019-03-02T05:45:00.000+0000","CONCLUDED","2019 NAB AFLW Season","Round 5",5,"Moreton Bay Central Sports Complex","Brisbane Lions","Brisbane Lions","Geelong Cats","Geelong Cats",28,"https://s.afl.com.au/staticfile/AFL Tenant/AFL/Players/ChampIDImages/AFLW/2019264/1009854.png?im=Scale,width=0.6,height=0.6","HBFR","CD_I1009854",FALSE,28,"Denby","Taylor","CD_T8467",NA,81,0,0,NA,1,2,3,0,0,2,3,0,3,0,0,0,0,2,33.3,1,0,1,12,0,0,0,NA,NA,"2019-05-01T04:49:12.650+0000",1,2,0,0,NA,NA,NA,0,-6,0,0,0,0,0,0,0,0,0,0,0,0,0,0,0,0,0,0,0,0,0,0,0,0,0,0,NA,NA,NA,"CD_I1009854",FALSE,28,"Denby","Taylor","away","Geelong Cats"
"CD_M20192640501","2019-03-02T05:45:00.000+0000","CONCLUDED","2019 NAB AFLW Season","Round 5",5,"Moreton Bay Central Sports Complex","Brisbane Lions","Brisbane Lions","Geelong Cats","Geelong Cats",30,"https://s.afl.com.au/staticfile/AFL Tenant/AFL/Players/ChampIDImages/AFLW/2019264/997673.png?im=Scale,width=0.6,height=0.6","C","CD_I997673",FALSE,30,"Richelle","Cranston","CD_T8467",NA,77,0,1,NA,16,6,22,3,0,2,16,6,22,9,0,1,0,1,45.5,4,1,1,76,0,0,0,NA,NA,"2019-05-01T04:49:12.650+0000",4,3,0,2,NA,NA,NA,2,510,3,4,7,0,0,0,0,0,0,0,0,0,0,0,0,0,0,0,0,0,0,0,0,0,0,0,NA,NA,NA,"CD_I997673",FALSE,30,"Richelle","Cranston","away","Geelong Cats"
"CD_M20192640501","2019-03-02T05:45:00.000+0000","CONCLUDED","2019 NAB AFLW Season","Round 5",5,"Moreton Bay Central Sports Complex","Brisbane Lions","Brisbane Lions","Geelong Cats","Geelong Cats",16,"https://s.afl.com.au/staticfile/AFL Tenant/AFL/Players/ChampIDImages/AFLW/2019264/1009861.png?im=Scale,width=0.6,height=0.6","R","CD_I1009861",FALSE,16,"Olivia","Purcell","CD_T8467",NA,93,1,0,NA,12,8,20,1,0,10,7,14,21,5,0,0,0,1,75,1,1,0,102,0,0,50,NA,NA,"2019-05-01T04:49:12.650+0000",5,2,3,2,NA,NA,NA,6,392,0,3,3,0,0,0,0,0,0,0,0,0,0,0,0,0,0,0,0,0,0,0,0,0,0,0,NA,NA,NA,"CD_I1009861",FALSE,16,"Olivia","Purcell","away","Geelong Cats"
"CD_M20192640501","2019-03-02T05:45:00.000+0000","CONCLUDED","2019 NAB AFLW Season","Round 5",5,"Moreton Bay Central Sports Complex","Brisbane Lions","Brisbane Lions","Geelong Cats","Geelong Cats",17,"https://s.afl.com.au/staticfile/AFL Tenant/AFL/Players/ChampIDImages/AFLW/2019264/1009857.png?im=Scale,width=0.6,height=0.6","INT","CD_I1009857",FALSE,17,"Georgia","Clarke","CD_T8467",NA,46,0,0,NA,5,3,8,3,0,3,4,4,8,1,1,1,0,1,87.5,2,0,0,42,1,0,0,NA,NA,"2019-05-01T04:49:12.650+0000",1,3,0,0,NA,NA,NA,1,67,0,0,0,0,0,0,0,0,0,0,0,0,0,0,0,0,0,0,0,0,0,0,0,0,0,0,NA,NA,NA,"CD_I1009857",FALSE,17,"Georgia","Clarke","away","Geelong Cats"
"CD_M20192640501","2019-03-02T05:45:00.000+0000","CONCLUDED","2019 NAB AFLW Season","Round 5",5,"Moreton Bay Central Sports Complex","Brisbane Lions","Brisbane Lions","Geelong Cats","Geelong Cats",7,"https://s.afl.com.au/staticfile/AFL Tenant/AFL/Players/ChampIDImages/AFLW/2019264/1006999.png?im=Scale,width=0.6,height=0.6","FPL","CD_I1006999",FALSE,7,"Mia-Rae","Clifford","CD_T8467",NA,82,1,1,NA,8,1,9,2,0,1,5,4,9,1,0,1,0,1,55.6,0,2,0,45,1,0,50,NA,NA,"2019-05-01T04:49:12.650+0000",1,0,0,2,NA,NA,NA,3,137,0,0,0,0,0,0,0,0,0,0,0,0,0,0,0,0,0,0,0,0,0,0,0,0,0,0,NA,NA,NA,"CD_I1006999",FALSE,7,"Mia-Rae","Clifford","away","Geelong Cats"
"CD_M20192640501","2019-03-02T05:45:00.000+0000","CONCLUDED","2019 NAB AFLW Season","Round 5",5,"Moreton Bay Central Sports Complex","Brisbane Lions","Brisbane Lions","Geelong Cats","Geelong Cats",4,"https://s.afl.com.au/staticfile/AFL Tenant/AFL/Players/ChampIDImages/AFLW/2019264/1012627.png?im=Scale,width=0.6,height=0.6","INT","CD_I1012627",FALSE,4,"Cassie","Blakeway","CD_T8467",NA,56,0,0,NA,7,2,9,1,0,1,0,9,9,4,0,0,0,1,66.7,3,0,1,29,1,0,0,NA,NA,"2019-05-01T04:49:12.650+0000",2,0,0,0,NA,NA,NA,1,165,0,0,0,0,0,0,0,0,0,0,0,0,0,0,0,0,0,0,0,0,0,0,0,0,0,0,NA,NA,NA,"CD_I1012627",FALSE,4,"Cassie","Blakeway","away","Geelong Cats"
"CD_M20192640501","2019-03-02T05:45:00.000+0000","CONCLUDED","2019 NAB AFLW Season","Round 5",5,"Moreton Bay Central Sports Complex","Brisbane Lions","Brisbane Lions","Geelong Cats","Geelong Cats",1,"https://s.afl.com.au/staticfile/AFL Tenant/AFL/Players/ChampIDImages/AFLW/2019264/1009866.png?im=Scale,width=0.6,height=0.6","INT","CD_I1009866",FALSE,1,"Rene","Caris","CD_T8467",NA,47,0,1,NA,2,5,7,0,0,0,4,2,6,0,0,0,4,1,57.1,0,0,0,21,0,0,0,NA,NA,"2019-05-01T04:49:12.650+0000",0,1,0,1,NA,NA,NA,1,41,0,1,1,0,0,0,0,0,0,0,0,0,0,0,0,0,0,0,0,0,0,0,0,0,0,0,NA,NA,NA,"CD_I1009866",FALSE,1,"Rene","Caris","away","Geelong Cats"
"CD_M20192640501","2019-03-02T05:45:00.000+0000","CONCLUDED","2019 NAB AFLW Season","Round 5",5,"Moreton Bay Central Sports Complex","Brisbane Lions","Brisbane Lions","Geelong Cats","Geelong Cats",6,"https://s.afl.com.au/staticfile/AFL Tenant/AFL/Players/ChampIDImages/AFLW/2019264/1012640.png?im=Scale,width=0.6,height=0.6","INT","CD_I1012640",FALSE,6,"Julia","Crockett-Grills","CD_T8467",NA,84,0,0,NA,8,2,10,3,0,2,7,2,9,4,0,2,0,1,30,2,0,2,39,0,0,0,NA,NA,"2019-05-01T04:49:12.650+0000",1,2,1,0,NA,NA,NA,3,140,1,1,2,0,0,0,0,0,0,0,0,0,0,0,0,0,0,0,0,0,0,0,0,0,0,0,NA,NA,NA,"CD_I1012640",FALSE,6,"Julia","Crockett-Grills","away","Geelong Cats"
"CD_M20192640501","2019-03-02T05:45:00.000+0000","CONCLUDED","2019 NAB AFLW Season","Round 5",5,"Moreton Bay Central Sports Complex","Brisbane Lions","Brisbane Lions","Geelong Cats","Geelong Cats",8,"https://s.afl.com.au/staticfile/AFL Tenant/AFL/Players/ChampIDImages/AFLW/2019264/1007001.png?im=Scale,width=0.6,height=0.6","CHF","CD_I1007001",FALSE,8,"Kate","Darby","CD_T8467",NA,94,3,1,NA,12,3,15,4,0,3,9,6,15,2,1,0,6,1,66.7,2,3,0,94,0,0,75,NA,NA,"2019-05-01T04:49:12.650+0000",5,1,2,4,NA,NA,NA,4,287,0,1,1,0,0,0,0,0,0,0,0,0,0,0,0,0,0,0,0,0,0,0,0,0,0,0,NA,NA,NA,"CD_I1007001",FALSE,8,"Kate","Darby","away","Geelong Cats"
"CD_M20192640501","2019-03-02T05:45:00.000+0000","CONCLUDED","2019 NAB AFLW Season","Round 5",5,"Moreton Bay Central Sports Complex","Brisbane Lions","Brisbane Lions","Geelong Cats","Geelong Cats",12,"https://s.afl.com.au/staticfile/AFL Tenant/AFL/Players/ChampIDImages/AFLW/2019264/1012470.png?im=Scale,width=0.6,height=0.6","BPL","CD_I1012470",FALSE,12,"Renee","Garing","CD_T8467",NA,87,0,0,NA,9,10,19,2,0,9,10,9,19,3,0,0,0,3,57.9,0,1,0,90,0,0,0,NA,NA,"2019-05-01T04:49:12.650+0000",3,3,3,0,NA,NA,NA,6,203,0,0,0,0,0,0,0,0,0,0,0,0,0,0,0,0,0,0,0,0,0,0,0,0,0,0,NA,NA,NA,"CD_I1012470",FALSE,12,"Renee","Garing","away","Geelong Cats"
"CD_M20192640501","2019-03-02T05:45:00.000+0000","CONCLUDED","2019 NAB AFLW Season","Round 5",5,"Moreton Bay Central Sports Complex","Brisbane Lions","Brisbane Lions","Geelong Cats","Geelong Cats",2,"https://s.afl.com.au/staticfile/AFL Tenant/AFL/Players/ChampIDImages/AFLW/2019264/1012480.png?im=Scale,width=0.6,height=0.6","HFFL","CD_I1012480",FALSE,2,"Danielle","Orr","CD_T8467",NA,84,0,0,NA,4,3,7,2,0,1,3,4,7,1,0,0,0,0,71.4,1,1,0,29,1,0,0,NA,NA,"2019-05-01T04:49:12.650+0000",1,0,0,0,NA,NA,NA,2,58,0,1,1,0,0,0,0,0,0,0,0,0,0,0,0,0,0,0,0,0,0,0,0,0,0,0,NA,NA,NA,"CD_I1012480",FALSE,2,"Danielle","Orr","away","Geelong Cats"
"CD_M20192640502","2019-03-02T08:10:00.000+0000","CONCLUDED","2019 NAB AFLW Season","Round 5",5,"IKON Park","Carlton","Carlton","Collingwood","Collingwood",30,"https://s.afl.com.au/staticfile/AFL Tenant/AFL/Players/ChampIDImages/AFLW/2019264/1007003.png?im=Scale,width=0.6,height=0.6","RK","CD_I1007003",FALSE,30,"Alison","Downie","CD_T8096",NA,86,1,0,NA,3,7,10,1,0,1,7,4,11,0,0,0,17,1,90,2,0,1,50,1,0,50,NA,NA,"2019-05-01T04:48:07.340+0000",2,1,0,2,NA,NA,NA,4,58,0,2,2,0,0,0,0,0,0,0,0,0,0,0,0,0,0,0,0,0,0,0,0,0,0,0,NA,NA,NA,"CD_I1007003",FALSE,30,"Alison","Downie","home","Carlton"
"CD_M20192640502","2019-03-02T08:10:00.000+0000","CONCLUDED","2019 NAB AFLW Season","Round 5",5,"IKON Park","Carlton","Carlton","Collingwood","Collingwood",15,"https://s.afl.com.au/staticfile/AFL Tenant/AFL/Players/ChampIDImages/AFLW/2019264/1012549.png?im=Scale,width=0.6,height=0.6","R","CD_I1012549",FALSE,15,"Chloe","Dalton","CD_T8096",NA,66,0,0,NA,7,2,9,3,0,2,6,3,9,3,0,1,0,0,55.6,0,1,0,43,1,0,0,NA,NA,"2019-05-01T04:48:07.340+0000",1,3,0,0,NA,NA,NA,2,138,0,2,2,0,0,0,0,0,0,0,0,0,0,0,0,0,0,0,0,0,0,0,0,0,0,0,NA,NA,NA,"CD_I1012549",FALSE,15,"Chloe","Dalton","home","Carlton"
"CD_M20192640502","2019-03-02T08:10:00.000+0000","CONCLUDED","2019 NAB AFLW Season","Round 5",5,"IKON Park","Carlton","Carlton","Collingwood","Collingwood",4,"https://s.afl.com.au/staticfile/AFL Tenant/AFL/Players/ChampIDImages/AFLW/2019264/1009885.png?im=Scale,width=0.6,height=0.6","HFFL","CD_I1009885",FALSE,4,"Madison","Prespakis","CD_T8096",NA,77,1,1,NA,12,9,21,4,0,0,8,13,21,4,2,1,0,1,57.1,3,0,1,70,0,0,33.3,NA,NA,"2019-05-01T04:48:07.340+0000",5,2,0,3,NA,NA,NA,4,285,1,0,1,0,0,0,0,0,0,0,0,0,0,0,0,0,0,0,0,0,0,0,0,0,0,0,NA,NA,NA,"CD_I1009885",FALSE,4,"Madison","Prespakis","home","Carlton"
"CD_M20192640502","2019-03-02T08:10:00.000+0000","CONCLUDED","2019 NAB AFLW Season","Round 5",5,"IKON Park","Carlton","Carlton","Collingwood","Collingwood",21,"https://s.afl.com.au/staticfile/AFL Tenant/AFL/Players/ChampIDImages/AFLW/2019264/998164.png?im=Scale,width=0.6,height=0.6","BPL","CD_I998164",FALSE,21,"Nicola","Stevens","CD_T8096",NA,89,0,0,NA,6,2,8,3,2,2,5,4,9,2,0,1,0,0,100,1,1,0,40,2,0,0,NA,NA,"2019-05-01T04:48:07.340+0000",1,6,0,0,NA,NA,NA,0,220,0,1,1,0,0,0,0,0,0,0,0,0,0,0,0,0,0,0,0,0,0,0,0,0,0,0,NA,NA,NA,"CD_I998164",FALSE,21,"Nicola","Stevens","home","Carlton"
"CD_M20192640502","2019-03-02T08:10:00.000+0000","CONCLUDED","2019 NAB AFLW Season","Round 5",5,"IKON Park","Carlton","Carlton","Collingwood","Collingwood",6,"https://s.afl.com.au/staticfile/AFL Tenant/AFL/Players/ChampIDImages/AFLW/2019264/1007026.png?im=Scale,width=0.6,height=0.6","HBFR","CD_I1007026",FALSE,6,"Gabriella","Pound","CD_T8096",NA,82,0,0,NA,14,2,16,8,0,3,2,14,16,2,0,0,0,1,68.8,2,1,1,80,3,0,0,NA,NA,"2019-05-01T04:48:07.340+0000",4,5,0,0,NA,NA,NA,2,194,1,0,1,0,0,0,0,0,0,0,0,0,0,0,0,0,0,0,0,0,0,0,0,0,0,0,NA,NA,NA,"CD_I1007026",FALSE,6,"Gabriella","Pound","home","Carlton"
"CD_M20192640502","2019-03-02T08:10:00.000+0000","CONCLUDED","2019 NAB AFLW Season","Round 5",5,"IKON Park","Carlton","Carlton","Collingwood","Collingwood",7,"https://s.afl.com.au/staticfile/AFL Tenant/AFL/Players/ChampIDImages/AFLW/2019264/998039.png?im=Scale,width=0.6,height=0.6","CHF","CD_I998039",FALSE,7,"Tayla","Harris","CD_T8096",NA,78,1,1,NA,9,2,11,4,0,2,5,6,11,5,2,1,0,1,63.6,0,1,0,59,0,0,50,NA,NA,"2019-05-01T04:48:07.340+0000",2,2,2,2,NA,NA,NA,4,323,0,0,0,0,0,0,0,0,0,0,0,0,0,0,0,0,0,0,0,0,0,0,0,0,0,0,NA,NA,NA,"CD_I998039",FALSE,7,"Tayla","Harris","home","Carlton"
"CD_M20192640502","2019-03-02T08:10:00.000+0000","CONCLUDED","2019 NAB AFLW Season","Round 5",5,"IKON Park","Carlton","Carlton","Collingwood","Collingwood",3,"https://s.afl.com.au/staticfile/AFL Tenant/AFL/Players/ChampIDImages/AFLW/2019264/997663.png?im=Scale,width=0.6,height=0.6","FPL","CD_I997663",FALSE,3,"Darcy","Vescio","CD_T8096",NA,90,1,3,NA,6,3,9,3,0,1,8,2,10,0,3,3,0,2,55.6,1,1,1,44,0,0,25,NA,NA,"2019-05-01T04:48:07.340+0000",2,0,1,4,NA,NA,NA,7,102,0,0,0,0,0,0,0,0,0,0,0,0,0,0,0,0,0,0,0,0,0,0,0,0,0,0,NA,NA,NA,"CD_I997663",FALSE,3,"Darcy","Vescio","home","Carlton"
"CD_M20192640502","2019-03-02T08:10:00.000+0000","CONCLUDED","2019 NAB AFLW Season","Round 5",5,"IKON Park","Carlton","Carlton","Collingwood","Collingwood",19,"https://s.afl.com.au/staticfile/AFL Tenant/AFL/Players/ChampIDImages/AFLW/2019264/997745.png?im=Scale,width=0.6,height=0.6","FPR","CD_I997745",FALSE,19,"Georgia","Gee","CD_T8096",NA,79,0,0,NA,7,3,10,1,0,1,4,4,8,2,1,0,0,0,50,0,1,0,35,0,0,0,NA,NA,"2019-05-01T04:48:07.340+0000",2,0,1,0,NA,NA,NA,3,162,0,0,0,0,0,0,0,0,0,0,0,0,0,0,0,0,0,0,0,0,0,0,0,0,0,0,NA,NA,NA,"CD_I997745",FALSE,19,"Georgia","Gee","home","Carlton"
"CD_M20192640502","2019-03-02T08:10:00.000+0000","CONCLUDED","2019 NAB AFLW Season","Round 5",5,"IKON Park","Carlton","Carlton","Collingwood","Collingwood",1,"https://s.afl.com.au/staticfile/AFL Tenant/AFL/Players/ChampIDImages/AFLW/2019264/1003020.png?im=Scale,width=0.6,height=0.6","FF","CD_I1003020",FALSE,1,"Brianna","Davey","CD_T8096",NA,79,0,0,NA,10,10,20,5,0,4,10,9,19,5,0,1,0,0,95,3,0,3,72,3,1,0,NA,NA,"2019-05-01T04:48:07.340+0000",2,6,0,0,NA,NA,NA,5,255,3,2,5,0,0,0,0,0,0,0,0,0,0,0,0,0,0,0,0,0,0,0,0,0,0,0,NA,NA,NA,"CD_I1003020",FALSE,1,"Brianna","Davey","home","Carlton"
"CD_M20192640502","2019-03-02T08:10:00.000+0000","CONCLUDED","2019 NAB AFLW Season","Round 5",5,"IKON Park","Carlton","Carlton","Collingwood","Collingwood",9,"https://s.afl.com.au/staticfile/AFL Tenant/AFL/Players/ChampIDImages/AFLW/2019264/1009977.png?im=Scale,width=0.6,height=0.6","CHB","CD_I1009977",FALSE,9,"Kerryn","Harrington","CD_T8096",NA,93,0,0,NA,12,3,15,7,0,3,7,7,14,3,0,3,0,1,73.3,2,0,0,75,3,0,0,NA,NA,"2019-05-01T04:48:07.340+0000",3,8,0,0,NA,NA,NA,3,298,0,0,0,0,0,0,0,0,0,0,0,0,0,0,0,0,0,0,0,0,0,0,0,0,0,0,NA,NA,NA,"CD_I1009977",FALSE,9,"Kerryn","Harrington","home","Carlton"
"CD_M20192640502","2019-03-02T08:10:00.000+0000","CONCLUDED","2019 NAB AFLW Season","Round 5",5,"IKON Park","Carlton","Carlton","Collingwood","Collingwood",11,"https://s.afl.com.au/staticfile/AFL Tenant/AFL/Players/ChampIDImages/AFLW/2019264/1005865.png?im=Scale,width=0.6,height=0.6","INT","CD_I1005865",FALSE,11,"Jess","Hosking","CD_T8096",NA,72,0,0,NA,5,2,7,1,0,1,4,2,6,0,0,0,0,4,85.7,1,0,0,26,0,0,0,NA,NA,"2019-05-01T04:48:07.340+0000",1,4,0,0,NA,NA,NA,2,93,0,0,0,0,0,0,0,0,0,0,0,0,0,0,0,0,0,0,0,0,0,0,0,0,0,0,NA,NA,NA,"CD_I1005865",FALSE,11,"Jess","Hosking","home","Carlton"
"CD_M20192640502","2019-03-02T08:10:00.000+0000","CONCLUDED","2019 NAB AFLW Season","Round 5",5,"IKON Park","Carlton","Carlton","Collingwood","Collingwood",25,"https://s.afl.com.au/staticfile/AFL Tenant/AFL/Players/ChampIDImages/AFLW/2019264/1005278.png?im=Scale,width=0.6,height=0.6","BPR","CD_I1005278",FALSE,25,"Jessica","Edwards","CD_T8096",NA,62,0,0,NA,5,5,10,0,0,2,4,5,9,2,0,0,0,2,50,4,1,2,28,3,0,0,NA,NA,"2019-05-01T04:48:07.340+0000",4,1,0,0,NA,NA,NA,2,114,0,2,2,0,0,0,0,0,0,0,0,0,0,0,0,0,0,0,0,0,0,0,0,0,0,0,NA,NA,NA,"CD_I1005278",FALSE,25,"Jessica","Edwards","home","Carlton"
"CD_M20192640502","2019-03-02T08:10:00.000+0000","CONCLUDED","2019 NAB AFLW Season","Round 5",5,"IKON Park","Carlton","Carlton","Collingwood","Collingwood",36,"https://s.afl.com.au/staticfile/AFL Tenant/AFL/Players/ChampIDImages/AFLW/2019264/1012659.png?im=Scale,width=0.6,height=0.6","FB","CD_I1012659",FALSE,36,"Jayde","Van Dyk","CD_T8096",NA,88,0,0,NA,8,4,12,4,0,3,6,7,13,1,0,0,0,1,100,0,2,0,58,1,0,0,NA,NA,"2019-05-01T04:48:07.340+0000",2,2,0,0,NA,NA,NA,2,196,0,2,2,0,0,0,0,0,0,0,0,0,0,0,0,0,0,0,0,0,0,0,0,0,0,0,NA,NA,NA,"CD_I1012659",FALSE,36,"Jayde","Van Dyk","home","Carlton"
"CD_M20192640502","2019-03-02T08:10:00.000+0000","CONCLUDED","2019 NAB AFLW Season","Round 5",5,"IKON Park","Carlton","Carlton","Collingwood","Collingwood",14,"https://s.afl.com.au/staticfile/AFL Tenant/AFL/Players/ChampIDImages/AFLW/2019264/1012558.png?im=Scale,width=0.6,height=0.6","INT","CD_I1012558",FALSE,14,"Brooke","Walker","CD_T8096",NA,70,0,1,NA,5,2,7,0,0,4,3,4,7,0,0,0,0,1,42.9,3,2,0,38,0,0,0,NA,NA,"2019-05-01T04:48:07.340+0000",2,0,3,1,NA,NA,NA,3,65,0,0,0,0,0,0,0,0,0,0,0,0,0,0,0,0,0,0,0,0,0,0,0,0,0,0,NA,NA,NA,"CD_I1012558",FALSE,14,"Brooke","Walker","home","Carlton"
"CD_M20192640502","2019-03-02T08:10:00.000+0000","CONCLUDED","2019 NAB AFLW Season","Round 5",5,"IKON Park","Carlton","Carlton","Collingwood","Collingwood",20,"https://s.afl.com.au/staticfile/AFL Tenant/AFL/Players/ChampIDImages/AFLW/2019264/1009880.png?im=Scale,width=0.6,height=0.6","HBFL","CD_I1009880",FALSE,20,"Charlotte","Wilson","CD_T8096",NA,77,0,0,NA,3,2,5,2,0,0,3,2,5,0,0,2,0,0,40,2,0,0,19,1,0,0,NA,NA,"2019-05-01T04:48:07.340+0000",2,1,0,0,NA,NA,NA,0,26,0,0,0,0,0,0,0,0,0,0,0,0,0,0,0,0,0,0,0,0,0,0,0,0,0,0,NA,NA,NA,"CD_I1009880",FALSE,20,"Charlotte","Wilson","home","Carlton"
"CD_M20192640502","2019-03-02T08:10:00.000+0000","CONCLUDED","2019 NAB AFLW Season","Round 5",5,"IKON Park","Carlton","Carlton","Collingwood","Collingwood",16,"https://s.afl.com.au/staticfile/AFL Tenant/AFL/Players/ChampIDImages/AFLW/2019264/1007023.png?im=Scale,width=0.6,height=0.6","HFFR","CD_I1007023",FALSE,16,"Breann","Moody","CD_T8096",NA,76,0,1,NA,5,3,8,3,0,0,2,6,8,0,1,1,11,1,50,1,0,0,42,0,0,0,NA,NA,"2019-05-01T04:48:07.340+0000",1,0,0,2,NA,NA,NA,3,138,0,1,1,0,0,0,0,0,0,0,0,0,0,0,0,0,0,0,0,0,0,0,0,0,0,0,NA,NA,NA,"CD_I1007023",FALSE,16,"Breann","Moody","home","Carlton"
"CD_M20192640502","2019-03-02T08:10:00.000+0000","CONCLUDED","2019 NAB AFLW Season","Round 5",5,"IKON Park","Carlton","Carlton","Collingwood","Collingwood",2,"https://s.afl.com.au/staticfile/AFL Tenant/AFL/Players/ChampIDImages/AFLW/2019264/1007016.png?im=Scale,width=0.6,height=0.6","RR","CD_I1007016",FALSE,2,"Katie","Loynes","CD_T8096",NA,86,0,0,NA,5,1,6,2,0,3,3,3,6,3,0,1,0,2,66.7,2,0,2,29,0,0,0,NA,NA,"2019-05-01T04:48:07.340+0000",2,1,0,0,NA,NA,NA,1,123,0,1,1,0,0,0,0,0,0,0,0,0,0,0,0,0,0,0,0,0,0,0,0,0,0,0,NA,NA,NA,"CD_I1007016",FALSE,2,"Katie","Loynes","home","Carlton"
"CD_M20192640502","2019-03-02T08:10:00.000+0000","CONCLUDED","2019 NAB AFLW Season","Round 5",5,"IKON Park","Carlton","Carlton","Collingwood","Collingwood",8,"https://s.afl.com.au/staticfile/AFL Tenant/AFL/Players/ChampIDImages/AFLW/2019264/997683.png?im=Scale,width=0.6,height=0.6","INT","CD_I997683",FALSE,8,"Amelia","Mullane","CD_T8096",NA,58,0,0,NA,4,3,7,0,0,3,7,2,9,1,0,0,0,0,42.9,0,1,0,31,0,0,0,NA,NA,"2019-05-01T04:48:07.340+0000",1,1,1,1,NA,NA,NA,1,106,0,4,4,0,0,0,0,0,0,0,0,0,0,0,0,0,0,0,0,0,0,0,0,0,0,0,NA,NA,NA,"CD_I997683",FALSE,8,"Amelia","Mullane","home","Carlton"
"CD_M20192640502","2019-03-02T08:10:00.000+0000","CONCLUDED","2019 NAB AFLW Season","Round 5",5,"IKON Park","Carlton","Carlton","Collingwood","Collingwood",10,"https://s.afl.com.au/staticfile/AFL Tenant/AFL/Players/ChampIDImages/AFLW/2019264/1006666.png?im=Scale,width=0.6,height=0.6","INT","CD_I1006666",FALSE,10,"Sarah","Hosking","CD_T8096",NA,66,0,0,NA,9,4,13,2,0,1,4,9,13,2,0,0,0,2,76.9,2,0,0,45,0,0,0,NA,NA,"2019-05-01T04:48:07.340+0000",3,2,0,0,NA,NA,NA,2,251,0,1,1,0,0,0,0,0,0,0,0,0,0,0,0,0,0,0,0,0,0,0,0,0,0,0,NA,NA,NA,"CD_I1006666",FALSE,10,"Sarah","Hosking","home","Carlton"
"CD_M20192640502","2019-03-02T08:10:00.000+0000","CONCLUDED","2019 NAB AFLW Season","Round 5",5,"IKON Park","Carlton","Carlton","Collingwood","Collingwood",5,"https://s.afl.com.au/staticfile/AFL Tenant/AFL/Players/ChampIDImages/AFLW/2019264/1013027.png?im=Scale,width=0.6,height=0.6","INT","CD_I1013027",FALSE,5,"Abbie","McKay","CD_T8096",NA,64,0,0,NA,2,8,10,1,0,0,5,5,10,0,0,1,0,2,60,2,1,0,26,0,0,0,NA,NA,"2019-05-01T04:48:07.340+0000",1,2,0,0,NA,NA,NA,1,44,0,0,0,0,0,0,0,0,0,0,0,0,0,0,0,0,0,0,0,0,0,0,0,0,0,0,NA,NA,NA,"CD_I1013027",FALSE,5,"Abbie","McKay","home","Carlton"
"CD_M20192640502","2019-03-02T08:10:00.000+0000","CONCLUDED","2019 NAB AFLW Season","Round 5",5,"IKON Park","Carlton","Carlton","Collingwood","Collingwood",27,"https://s.afl.com.au/staticfile/AFL Tenant/AFL/Players/ChampIDImages/AFLW/2019264/1009876.png?im=Scale,width=0.6,height=0.6","C","CD_I1009876",FALSE,27,"Emerson","Woods","CD_T8096",NA,61,0,0,NA,4,3,7,1,0,0,2,5,7,1,0,0,0,0,57.1,2,0,1,18,0,0,0,NA,NA,"2019-05-01T04:48:07.340+0000",4,1,0,0,NA,NA,NA,0,99,0,0,0,0,0,0,0,0,0,0,0,0,0,0,0,0,0,0,0,0,0,0,0,0,0,0,NA,NA,NA,"CD_I1009876",FALSE,27,"Emerson","Woods","home","Carlton"
"CD_M20192640502","2019-03-02T08:10:00.000+0000","CONCLUDED","2019 NAB AFLW Season","Round 5",5,"IKON Park","Carlton","Carlton","Collingwood","Collingwood",31,"https://s.afl.com.au/staticfile/AFL Tenant/AFL/Players/ChampIDImages/AFLW/2019264/1005664.png?im=Scale,width=0.6,height=0.6","CHF","CD_I1005664",FALSE,31,"Jordan","Membrey","CD_T8097",NA,71,0,0,NA,2,4,6,3,0,2,1,5,6,0,1,0,0,1,83.3,1,0,0,31,0,0,0,NA,NA,"2019-05-01T04:48:07.340+0000",2,0,1,0,NA,NA,NA,2,31,0,1,1,0,0,0,0,0,0,0,0,0,0,0,0,0,0,0,0,0,0,0,0,0,0,0,NA,NA,NA,"CD_I1005664",FALSE,31,"Jordan","Membrey","away","Collingwood"
"CD_M20192640502","2019-03-02T08:10:00.000+0000","CONCLUDED","2019 NAB AFLW Season","Round 5",5,"IKON Park","Carlton","Carlton","Collingwood","Collingwood",17,"https://s.afl.com.au/staticfile/AFL Tenant/AFL/Players/ChampIDImages/AFLW/2019264/998158.png?im=Scale,width=0.6,height=0.6","RR","CD_I998158",FALSE,17,"Stephanie","Chiocci","CD_T8097",NA,74,0,2,NA,12,0,12,4,0,1,3,9,12,3,0,1,0,1,58.3,1,2,0,56,1,0,0,NA,NA,"2019-05-01T04:48:07.340+0000",5,2,0,2,NA,NA,NA,3,317,1,0,1,0,0,0,0,0,0,0,0,0,0,0,0,0,0,0,0,0,0,0,0,0,0,0,NA,NA,NA,"CD_I998158",FALSE,17,"Stephanie","Chiocci","away","Collingwood"
"CD_M20192640502","2019-03-02T08:10:00.000+0000","CONCLUDED","2019 NAB AFLW Season","Round 5",5,"IKON Park","Carlton","Carlton","Collingwood","Collingwood",22,"https://s.afl.com.au/staticfile/AFL Tenant/AFL/Players/ChampIDImages/AFLW/2019264/1007139.png?im=Scale,width=0.6,height=0.6","FB","CD_I1007139",FALSE,22,"Sophie","Casey","CD_T8097",NA,74,0,0,NA,4,3,7,1,0,4,5,3,8,0,0,0,0,1,57.1,2,1,1,35,2,0,0,NA,NA,"2019-05-01T04:48:07.340+0000",0,5,0,0,NA,NA,NA,0,45,0,1,1,0,0,0,0,0,0,0,0,0,0,0,0,0,0,0,0,0,0,0,0,0,0,0,NA,NA,NA,"CD_I1007139",FALSE,22,"Sophie","Casey","away","Collingwood"
"CD_M20192640502","2019-03-02T08:10:00.000+0000","CONCLUDED","2019 NAB AFLW Season","Round 5",5,"IKON Park","Carlton","Carlton","Collingwood","Collingwood",10,"https://s.afl.com.au/staticfile/AFL Tenant/AFL/Players/ChampIDImages/AFLW/2019264/1010663.png?im=Scale,width=0.6,height=0.6","HBFR","CD_I1010663",FALSE,10,"Ash","Brazill","CD_T8097",NA,100,0,0,NA,12,1,13,5,1,3,5,6,11,1,0,1,0,1,61.5,1,1,0,66,7,0,0,NA,NA,"2019-05-01T04:48:07.340+0000",4,6,0,0,NA,NA,NA,2,402,0,1,1,0,0,0,0,0,0,0,0,0,0,0,0,0,0,0,0,0,0,0,0,0,0,0,NA,NA,NA,"CD_I1010663",FALSE,10,"Ash","Brazill","away","Collingwood"
"CD_M20192640502","2019-03-02T08:10:00.000+0000","CONCLUDED","2019 NAB AFLW Season","Round 5",5,"IKON Park","Carlton","Carlton","Collingwood","Collingwood",9,"https://s.afl.com.au/staticfile/AFL Tenant/AFL/Players/ChampIDImages/AFLW/2019264/1004407.png?im=Scale,width=0.6,height=0.6","INT","CD_I1004407",FALSE,9,"Melissa","Kuys","CD_T8097",NA,49,0,0,NA,4,0,4,3,0,1,1,3,4,1,0,1,0,0,75,0,0,0,25,0,0,0,NA,NA,"2019-05-01T04:48:07.340+0000",0,3,0,0,NA,NA,NA,0,54,0,0,0,0,0,0,0,0,0,0,0,0,0,0,0,0,0,0,0,0,0,0,0,0,0,0,NA,NA,NA,"CD_I1004407",FALSE,9,"Melissa","Kuys","away","Collingwood"
"CD_M20192640502","2019-03-02T08:10:00.000+0000","CONCLUDED","2019 NAB AFLW Season","Round 5",5,"IKON Park","Carlton","Carlton","Collingwood","Collingwood",13,"https://s.afl.com.au/staticfile/AFL Tenant/AFL/Players/ChampIDImages/AFLW/2019264/1004415.png?im=Scale,width=0.6,height=0.6","R","CD_I1004415",FALSE,13,"Jaimee","Lambert","CD_T8097",NA,79,0,1,NA,14,4,18,2,0,7,12,7,19,3,0,0,0,1,66.7,2,3,1,85,3,0,0,NA,NA,"2019-05-01T04:48:07.340+0000",4,4,0,1,NA,NA,NA,4,307,0,3,3,0,0,0,0,0,0,0,0,0,0,0,0,0,0,0,0,0,0,0,0,0,0,0,NA,NA,NA,"CD_I1004415",FALSE,13,"Jaimee","Lambert","away","Collingwood"
"CD_M20192640502","2019-03-02T08:10:00.000+0000","CONCLUDED","2019 NAB AFLW Season","Round 5",5,"IKON Park","Carlton","Carlton","Collingwood","Collingwood",8,"https://s.afl.com.au/staticfile/AFL Tenant/AFL/Players/ChampIDImages/AFLW/2019264/997729.png?im=Scale,width=0.6,height=0.6","C","CD_I997729",FALSE,8,"Brittany","Bonnici","CD_T8097",NA,77,0,0,NA,9,0,9,1,1,6,8,1,9,4,0,1,0,2,33.3,1,2,0,56,3,0,0,NA,NA,"2019-05-01T04:48:07.340+0000",4,3,1,0,NA,NA,NA,1,236,0,5,5,0,0,0,0,0,0,0,0,0,0,0,0,0,0,0,0,0,0,0,0,0,0,0,NA,NA,NA,"CD_I997729",FALSE,8,"Brittany","Bonnici","away","Collingwood"
"CD_M20192640502","2019-03-02T08:10:00.000+0000","CONCLUDED","2019 NAB AFLW Season","Round 5",5,"IKON Park","Carlton","Carlton","Collingwood","Collingwood",41,"https://s.afl.com.au/staticfile/AFL Tenant/AFL/Players/ChampIDImages/AFLW/2019264/1010658.png?im=Scale,width=0.6,height=0.6","INT","CD_I1010658",FALSE,41,"Kristy","Stratton","CD_T8097",NA,72,0,0,NA,4,2,6,1,0,5,5,2,7,1,0,0,0,0,83.3,0,0,0,39,2,0,0,NA,NA,"2019-05-01T04:48:07.340+0000",0,1,0,0,NA,NA,NA,0,106,0,2,2,0,0,0,0,0,0,0,0,0,0,0,0,0,0,0,0,0,0,0,0,0,0,0,NA,NA,NA,"CD_I1010658",FALSE,41,"Kristy","Stratton","away","Collingwood"
"CD_M20192640502","2019-03-02T08:10:00.000+0000","CONCLUDED","2019 NAB AFLW Season","Round 5",5,"IKON Park","Carlton","Carlton","Collingwood","Collingwood",35,"https://s.afl.com.au/staticfile/AFL Tenant/AFL/Players/ChampIDImages/AFLW/2019264/1010688.png?im=Scale,width=0.6,height=0.6","HFFL","CD_I1010688",FALSE,35,"Maddie","Shevlin","CD_T8097",NA,80,0,0,NA,11,2,13,2,0,2,5,9,14,2,0,0,0,1,53.8,4,0,1,48,2,0,0,NA,NA,"2019-05-01T04:48:07.340+0000",8,1,1,0,NA,NA,NA,0,329,0,0,0,0,0,0,0,0,0,0,0,0,0,0,0,0,0,0,0,0,0,0,0,0,0,0,NA,NA,NA,"CD_I1010688",FALSE,35,"Maddie","Shevlin","away","Collingwood"
"CD_M20192640502","2019-03-02T08:10:00.000+0000","CONCLUDED","2019 NAB AFLW Season","Round 5",5,"IKON Park","Carlton","Carlton","Collingwood","Collingwood",16,"https://s.afl.com.au/staticfile/AFL Tenant/AFL/Players/ChampIDImages/AFLW/2019264/1013028.png?im=Scale,width=0.6,height=0.6","FPR","CD_I1013028",FALSE,16,"Katie","Lynch","CD_T8097",NA,92,1,0,NA,4,1,5,2,0,3,2,4,6,1,0,0,0,1,80,2,1,2,33,0,0,100,NA,NA,"2019-05-01T04:48:07.340+0000",2,1,1,1,NA,NA,NA,2,61,0,0,0,0,0,0,0,0,0,0,0,0,0,0,0,0,0,0,0,0,0,0,0,0,0,0,NA,NA,NA,"CD_I1013028",FALSE,16,"Katie","Lynch","away","Collingwood"
"CD_M20192640502","2019-03-02T08:10:00.000+0000","CONCLUDED","2019 NAB AFLW Season","Round 5",5,"IKON Park","Carlton","Carlton","Collingwood","Collingwood",7,"https://s.afl.com.au/staticfile/AFL Tenant/AFL/Players/ChampIDImages/AFLW/2019264/1013706.png?im=Scale,width=0.6,height=0.6","FPL","CD_I1013706",FALSE,7,"Sarah","Rowe","CD_T8097",NA,83,1,0,NA,8,5,13,5,0,1,3,11,14,0,3,1,0,0,84.6,2,1,1,57,0,1,33.3,NA,NA,"2019-05-01T04:48:07.340+0000",3,1,0,3,NA,NA,NA,3,215,0,0,0,0,0,0,0,0,0,0,0,0,0,0,0,0,0,0,0,0,0,0,0,0,0,0,NA,NA,NA,"CD_I1013706",FALSE,7,"Sarah","Rowe","away","Collingwood"
"CD_M20192640502","2019-03-02T08:10:00.000+0000","CONCLUDED","2019 NAB AFLW Season","Round 5",5,"IKON Park","Carlton","Carlton","Collingwood","Collingwood",21,"https://s.afl.com.au/staticfile/AFL Tenant/AFL/Players/ChampIDImages/AFLW/2019264/1009851.png?im=Scale,width=0.6,height=0.6","BPR","CD_I1009851",FALSE,21,"Iilish","Ross","CD_T8097",NA,92,0,0,NA,3,3,6,1,0,3,4,2,6,0,0,0,0,2,66.7,2,0,1,27,2,0,0,NA,NA,"2019-05-01T04:48:07.340+0000",2,5,0,0,NA,NA,NA,0,79,0,0,0,0,0,0,0,0,0,0,0,0,0,0,0,0,0,0,0,0,0,0,0,0,0,0,NA,NA,NA,"CD_I1009851",FALSE,21,"Iilish","Ross","away","Collingwood"
"CD_M20192640502","2019-03-02T08:10:00.000+0000","CONCLUDED","2019 NAB AFLW Season","Round 5",5,"IKON Park","Carlton","Carlton","Collingwood","Collingwood",24,"https://s.afl.com.au/staticfile/AFL Tenant/AFL/Players/ChampIDImages/AFLW/2019264/1012580.png?im=Scale,width=0.6,height=0.6","FF","CD_I1012580",FALSE,24,"Sophie","Alexander","CD_T8097",NA,70,0,0,NA,3,0,3,2,0,1,2,1,3,0,1,1,0,0,33.3,2,0,0,19,0,0,0,NA,NA,"2019-05-01T04:48:07.340+0000",2,0,0,0,NA,NA,NA,0,86,0,0,0,0,0,0,0,0,0,0,0,0,0,0,0,0,0,0,0,0,0,0,0,0,0,0,NA,NA,NA,"CD_I1012580",FALSE,24,"Sophie","Alexander","away","Collingwood"
"CD_M20192640502","2019-03-02T08:10:00.000+0000","CONCLUDED","2019 NAB AFLW Season","Round 5",5,"IKON Park","Carlton","Carlton","Collingwood","Collingwood",5,"https://s.afl.com.au/staticfile/AFL Tenant/AFL/Players/ChampIDImages/AFLW/2019264/1004401.png?im=Scale,width=0.6,height=0.6","INT","CD_I1004401",FALSE,5,"Emma","Grant","CD_T8097",NA,59,0,0,NA,1,3,4,1,0,3,3,2,5,1,0,1,0,3,75,0,0,0,24,0,0,0,NA,NA,"2019-05-01T04:48:07.340+0000",0,2,0,0,NA,NA,NA,0,21,1,0,1,0,0,0,0,0,0,0,0,0,0,0,0,0,0,0,0,0,0,0,0,0,0,0,NA,NA,NA,"CD_I1004401",FALSE,5,"Emma","Grant","away","Collingwood"
"CD_M20192640502","2019-03-02T08:10:00.000+0000","CONCLUDED","2019 NAB AFLW Season","Round 5",5,"IKON Park","Carlton","Carlton","Collingwood","Collingwood",34,"https://s.afl.com.au/staticfile/AFL Tenant/AFL/Players/ChampIDImages/AFLW/2019264/1009855.png?im=Scale,width=0.6,height=0.6","INT","CD_I1009855",FALSE,34,"Darcy","Guttridge","CD_T8097",NA,90,1,1,NA,4,4,8,0,0,1,6,4,10,3,0,0,0,1,75,1,0,1,28,0,1,50,NA,NA,"2019-05-01T04:48:07.340+0000",1,2,1,2,NA,NA,NA,3,134,0,0,0,0,0,0,0,0,0,0,0,0,0,0,0,0,0,0,0,0,0,0,0,0,0,0,NA,NA,NA,"CD_I1009855",FALSE,34,"Darcy","Guttridge","away","Collingwood"
"CD_M20192640502","2019-03-02T08:10:00.000+0000","CONCLUDED","2019 NAB AFLW Season","Round 5",5,"IKON Park","Carlton","Carlton","Collingwood","Collingwood",1,"https://s.afl.com.au/staticfile/AFL Tenant/AFL/Players/ChampIDImages/AFLW/2019264/1013765.png?im=Scale,width=0.6,height=0.6","INT","CD_I1013765",FALSE,1,"Sharni","Layton","CD_T8097",NA,39,0,0,NA,2,3,5,1,0,2,4,2,6,1,0,0,6,0,80,1,0,1,26,0,0,0,NA,NA,"2019-05-01T04:48:07.340+0000",1,0,0,0,NA,NA,NA,0,67,0,2,2,0,0,0,0,0,0,0,0,0,0,0,0,0,0,0,0,0,0,0,0,0,0,0,NA,NA,NA,"CD_I1013765",FALSE,1,"Sharni","Layton","away","Collingwood"
"CD_M20192640502","2019-03-02T08:10:00.000+0000","CONCLUDED","2019 NAB AFLW Season","Round 5",5,"IKON Park","Carlton","Carlton","Collingwood","Collingwood",12,"https://s.afl.com.au/staticfile/AFL Tenant/AFL/Players/ChampIDImages/AFLW/2019264/1007015.png?im=Scale,width=0.6,height=0.6","CHB","CD_I1007015",FALSE,12,"Stacey","Livingstone","CD_T8097",NA,82,0,0,NA,7,1,8,0,0,1,3,1,4,0,0,0,0,4,100,1,0,1,24,5,0,0,NA,NA,"2019-05-01T04:48:07.340+0000",2,4,0,0,NA,NA,NA,0,239,0,0,0,0,0,0,0,0,0,0,0,0,0,0,0,0,0,0,0,0,0,0,0,0,0,0,NA,NA,NA,"CD_I1007015",FALSE,12,"Stacey","Livingstone","away","Collingwood"
"CD_M20192640502","2019-03-02T08:10:00.000+0000","CONCLUDED","2019 NAB AFLW Season","Round 5",5,"IKON Park","Carlton","Carlton","Collingwood","Collingwood",46,"https://s.afl.com.au/staticfile/AFL Tenant/AFL/Players/ChampIDImages/AFLW/2019264/1009872.png?im=Scale,width=0.6,height=0.6","HBFL","CD_I1009872",FALSE,46,"Sarah","Dargan","CD_T8097",NA,81,0,0,NA,4,1,5,1,0,1,7,0,7,0,1,1,0,1,60,3,1,1,19,0,0,0,NA,NA,"2019-05-01T04:48:07.340+0000",2,0,0,0,NA,NA,NA,1,121,0,3,3,0,0,0,0,0,0,0,0,0,0,0,0,0,0,0,0,0,0,0,0,0,0,0,NA,NA,NA,"CD_I1009872",FALSE,46,"Sarah","Dargan","away","Collingwood"
"CD_M20192640502","2019-03-02T08:10:00.000+0000","CONCLUDED","2019 NAB AFLW Season","Round 5",5,"IKON Park","Carlton","Carlton","Collingwood","Collingwood",11,"https://s.afl.com.au/staticfile/AFL Tenant/AFL/Players/ChampIDImages/AFLW/2019264/1009978.png?im=Scale,width=0.6,height=0.6","RK","CD_I1009978",FALSE,11,"Eliza","Hynes","CD_T8097",NA,61,0,0,NA,1,3,4,1,0,2,2,3,5,0,0,0,13,0,75,1,0,1,30,0,0,0,NA,NA,"2019-05-01T04:48:07.340+0000",1,1,0,0,NA,NA,NA,0,-20,0,0,0,0,0,0,0,0,0,0,0,0,0,0,0,0,0,0,0,0,0,0,0,0,0,0,NA,NA,NA,"CD_I1009978",FALSE,11,"Eliza","Hynes","away","Collingwood"
"CD_M20192640502","2019-03-02T08:10:00.000+0000","CONCLUDED","2019 NAB AFLW Season","Round 5",5,"IKON Park","Carlton","Carlton","Collingwood","Collingwood",18,"https://s.afl.com.au/staticfile/AFL Tenant/AFL/Players/ChampIDImages/AFLW/2019264/1007027.png?im=Scale,width=0.6,height=0.6","HFFR","CD_I1007027",FALSE,18,"Ruby","Schleicher","CD_T8097",NA,81,0,0,NA,7,1,8,3,0,1,1,4,5,0,0,0,0,2,87.5,1,0,1,33,3,0,0,NA,NA,"2019-05-01T04:48:07.340+0000",0,4,0,0,NA,NA,NA,0,162,0,0,0,0,0,0,0,0,0,0,0,0,0,0,0,0,0,0,0,0,0,0,0,0,0,0,NA,NA,NA,"CD_I1007027",FALSE,18,"Ruby","Schleicher","away","Collingwood"
"CD_M20192640502","2019-03-02T08:10:00.000+0000","CONCLUDED","2019 NAB AFLW Season","Round 5",5,"IKON Park","Carlton","Carlton","Collingwood","Collingwood",6,"https://s.afl.com.au/staticfile/AFL Tenant/AFL/Players/ChampIDImages/AFLW/2019264/997736.png?im=Scale,width=0.6,height=0.6","BPL","CD_I997736",FALSE,6,"Jordyn","Allen","CD_T8097",NA,93,1,1,NA,9,3,12,6,0,0,2,9,11,2,0,0,0,0,66.7,2,0,0,58,0,0,50,NA,NA,"2019-05-01T04:48:07.340+0000",3,2,0,2,NA,NA,NA,4,148,0,0,0,0,0,0,0,0,0,0,0,0,0,0,0,0,0,0,0,0,0,0,0,0,0,0,NA,NA,NA,"CD_I997736",FALSE,6,"Jordyn","Allen","away","Collingwood"
"CD_M20192640503","2019-03-03T03:05:00.000+0000","CONCLUDED","2019 NAB AFLW Season","Round 5",5,"Blacktown ISP","GWS GIANTS","GWS GIANTS","Melbourne","Melbourne",4,"https://s.afl.com.au/staticfile/AFL Tenant/AFL/Players/ChampIDImages/AFLW/2019264/997680.png?im=Scale,width=0.6,height=0.6","FF","CD_I997680",FALSE,4,"Christina","Bernardi","CD_T7889",NA,83,1,0,NA,7,5,12,5,0,2,7,5,12,0,2,2,0,0,50,0,1,0,61,0,0,25,NA,NA,"2019-05-01T04:48:32.810+0000",0,3,1,4,NA,NA,NA,3,135,0,1,1,0,0,0,0,0,0,0,0,0,0,0,0,0,0,0,0,0,0,0,0,0,0,0,NA,NA,NA,"CD_I997680",FALSE,4,"Christina","Bernardi","home","GWS GIANTS"
"CD_M20192640503","2019-03-03T03:05:00.000+0000","CONCLUDED","2019 NAB AFLW Season","Round 5",5,"Blacktown ISP","GWS GIANTS","GWS GIANTS","Melbourne","Melbourne",27,"https://s.afl.com.au/staticfile/AFL Tenant/AFL/Players/ChampIDImages/AFLW/2019264/1013935.png?im=Scale,width=0.6,height=0.6","CHF","CD_I1013935",FALSE,27,"Yvonne","Bonner","CD_T7889",NA,94,0,1,NA,6,5,11,4,0,2,5,6,11,4,0,0,0,0,72.7,4,0,2,43,0,0,0,NA,NA,"2019-05-01T04:48:32.810+0000",4,2,1,1,NA,NA,NA,5,101,0,0,0,0,0,0,0,0,0,0,0,0,0,0,0,0,0,0,0,0,0,0,0,0,0,0,NA,NA,NA,"CD_I1013935",FALSE,27,"Yvonne","Bonner","home","GWS GIANTS"
"CD_M20192640503","2019-03-03T03:05:00.000+0000","CONCLUDED","2019 NAB AFLW Season","Round 5",5,"Blacktown ISP","GWS GIANTS","GWS GIANTS","Melbourne","Melbourne",7,"https://s.afl.com.au/staticfile/AFL Tenant/AFL/Players/ChampIDImages/AFLW/2019264/296137.png?im=Scale,width=0.6,height=0.6","INT","CD_I296137",FALSE,7,"Jessica","Dal Pos","CD_T7889",NA,76,0,0,NA,9,5,14,3,0,2,6,6,12,2,0,0,0,0,50,2,0,1,51,1,0,0,NA,NA,"2019-05-01T04:48:32.810+0000",3,1,0,0,NA,NA,NA,2,200,1,2,3,0,0,0,0,0,0,0,0,0,0,0,0,0,0,0,0,0,0,0,0,0,0,0,NA,NA,NA,"CD_I296137",FALSE,7,"Jessica","Dal Pos","home","GWS GIANTS"
"CD_M20192640503","2019-03-03T03:05:00.000+0000","CONCLUDED","2019 NAB AFLW Season","Round 5",5,"Blacktown ISP","GWS GIANTS","GWS GIANTS","Melbourne","Melbourne",25,"https://s.afl.com.au/staticfile/AFL Tenant/AFL/Players/ChampIDImages/AFLW/2019264/1014036.png?im=Scale,width=0.6,height=0.6","HFFR","CD_I1014036",FALSE,25,"Ingrid","Nielsen","CD_T7889",NA,67,0,1,NA,5,2,7,0,0,6,7,2,9,0,0,0,16,2,28.6,2,1,2,55,0,0,0,NA,NA,"2019-05-01T04:48:32.810+0000",1,2,0,1,NA,NA,NA,1,109,1,1,2,0,0,0,0,0,0,0,0,0,0,0,0,0,0,0,0,0,0,0,0,0,0,0,NA,NA,NA,"CD_I1014036",FALSE,25,"Ingrid","Nielsen","home","GWS GIANTS"
"CD_M20192640503","2019-03-03T03:05:00.000+0000","CONCLUDED","2019 NAB AFLW Season","Round 5",5,"Blacktown ISP","GWS GIANTS","GWS GIANTS","Melbourne","Melbourne",22,"https://s.afl.com.au/staticfile/AFL Tenant/AFL/Players/ChampIDImages/AFLW/2019264/1010686.png?im=Scale,width=0.6,height=0.6","BPL","CD_I1010686",FALSE,22,"Elle","Bennetts","CD_T7889",NA,77,0,0,NA,5,7,12,2,0,1,3,9,12,2,0,0,0,0,66.7,1,1,0,40,0,0,0,NA,NA,"2019-05-01T04:48:32.810+0000",2,1,0,0,NA,NA,NA,4,98,0,0,0,0,0,0,0,0,0,0,0,0,0,0,0,0,0,0,0,0,0,0,0,0,0,0,NA,NA,NA,"CD_I1010686",FALSE,22,"Elle","Bennetts","home","GWS GIANTS"
"CD_M20192640503","2019-03-03T03:05:00.000+0000","CONCLUDED","2019 NAB AFLW Season","Round 5",5,"Blacktown ISP","GWS GIANTS","GWS GIANTS","Melbourne","Melbourne",21,"https://s.afl.com.au/staticfile/AFL Tenant/AFL/Players/ChampIDImages/AFLW/2019264/1001688.png?im=Scale,width=0.6,height=0.6","CHB","CD_I1001688",FALSE,21,"Pepa","Randall","CD_T7889",NA,78,0,0,NA,4,5,9,2,0,2,4,5,9,0,0,0,0,3,100,1,0,1,33,2,0,0,NA,NA,"2019-05-01T04:48:32.810+0000",2,4,0,0,NA,NA,NA,1,80,0,0,0,0,0,0,0,0,0,0,0,0,0,0,0,0,0,0,0,0,0,0,0,0,0,0,NA,NA,NA,"CD_I1001688",FALSE,21,"Pepa","Randall","home","GWS GIANTS"
"CD_M20192640503","2019-03-03T03:05:00.000+0000","CONCLUDED","2019 NAB AFLW Season","Round 5",5,"Blacktown ISP","GWS GIANTS","GWS GIANTS","Melbourne","Melbourne",10,"https://s.afl.com.au/staticfile/AFL Tenant/AFL/Players/ChampIDImages/AFLW/2019264/1007148.png?im=Scale,width=0.6,height=0.6","FB","CD_I1007148",FALSE,10,"Ellie","Brush","CD_T7889",NA,76,0,0,NA,5,4,9,2,0,2,5,5,10,0,0,1,0,2,88.9,3,0,3,28,2,0,0,NA,NA,"2019-05-01T04:48:32.810+0000",2,4,0,0,NA,NA,NA,2,129,0,0,0,0,0,0,0,0,0,0,0,0,0,0,0,0,0,0,0,0,0,0,0,0,0,0,NA,NA,NA,"CD_I1007148",FALSE,10,"Ellie","Brush","home","GWS GIANTS"
"CD_M20192640503","2019-03-03T03:05:00.000+0000","CONCLUDED","2019 NAB AFLW Season","Round 5",5,"Blacktown ISP","GWS GIANTS","GWS GIANTS","Melbourne","Melbourne",8,"https://s.afl.com.au/staticfile/AFL Tenant/AFL/Players/ChampIDImages/AFLW/2019264/1005452.png?im=Scale,width=0.6,height=0.6","HBFR","CD_I1005452",FALSE,8,"Nicola","Barr","CD_T7889",NA,100,0,0,NA,4,1,5,0,0,0,2,3,5,1,0,0,0,1,40,1,0,0,14,0,0,0,NA,NA,"2019-05-01T04:48:32.810+0000",2,2,0,0,NA,NA,NA,1,154,0,0,0,0,0,0,0,0,0,0,0,0,0,0,0,0,0,0,0,0,0,0,0,0,0,0,NA,NA,NA,"CD_I1005452",FALSE,8,"Nicola","Barr","home","GWS GIANTS"
"CD_M20192640503","2019-03-03T03:05:00.000+0000","CONCLUDED","2019 NAB AFLW Season","Round 5",5,"Blacktown ISP","GWS GIANTS","GWS GIANTS","Melbourne","Melbourne",9,"https://s.afl.com.au/staticfile/AFL Tenant/AFL/Players/ChampIDImages/AFLW/2019264/997684.png?im=Scale,width=0.6,height=0.6","INT","CD_I997684",FALSE,9,"Tanya","Hetherington","CD_T7889",NA,88,0,0,NA,6,2,8,1,0,0,1,5,6,1,0,0,0,4,87.5,4,1,2,20,2,0,0,NA,NA,"2019-05-01T04:48:32.810+0000",4,2,0,0,NA,NA,NA,0,160,0,0,0,0,0,0,0,0,0,0,0,0,0,0,0,0,0,0,0,0,0,0,0,0,0,0,NA,NA,NA,"CD_I997684",FALSE,9,"Tanya","Hetherington","home","GWS GIANTS"
"CD_M20192640503","2019-03-03T03:05:00.000+0000","CONCLUDED","2019 NAB AFLW Season","Round 5",5,"Blacktown ISP","GWS GIANTS","GWS GIANTS","Melbourne","Melbourne",16,"https://s.afl.com.au/staticfile/AFL Tenant/AFL/Players/ChampIDImages/AFLW/2019264/1013934.png?im=Scale,width=0.6,height=0.6","INT","CD_I1013934",FALSE,16,"Taylah","Davies","CD_T7889",NA,59,0,1,NA,3,2,5,1,0,2,0,7,7,0,0,0,0,0,40,2,0,2,19,1,0,0,NA,NA,"2019-05-01T04:48:32.810+0000",4,0,2,1,NA,NA,NA,1,73,0,0,0,0,0,0,0,0,0,0,0,0,0,0,0,0,0,0,0,0,0,0,0,0,0,0,NA,NA,NA,"CD_I1013934",FALSE,16,"Taylah","Davies","home","GWS GIANTS"
"CD_M20192640503","2019-03-03T03:05:00.000+0000","CONCLUDED","2019 NAB AFLW Season","Round 5",5,"Blacktown ISP","GWS GIANTS","GWS GIANTS","Melbourne","Melbourne",2,"https://s.afl.com.au/staticfile/AFL Tenant/AFL/Players/ChampIDImages/AFLW/2019264/998029.png?im=Scale,width=0.6,height=0.6","C","CD_I998029",FALSE,2,"Alicia","Eva","CD_T7889",NA,85,0,0,NA,14,6,20,3,0,2,7,14,21,1,0,0,0,0,60,4,1,1,69,5,0,0,NA,NA,"2019-05-01T04:48:32.810+0000",5,5,0,0,NA,NA,NA,3,235,0,0,0,0,0,0,0,0,0,0,0,0,0,0,0,0,0,0,0,0,0,0,0,0,0,0,NA,NA,NA,"CD_I998029",FALSE,2,"Alicia","Eva","home","GWS GIANTS"
"CD_M20192640503","2019-03-03T03:05:00.000+0000","CONCLUDED","2019 NAB AFLW Season","Round 5",5,"Blacktown ISP","GWS GIANTS","GWS GIANTS","Melbourne","Melbourne",24,"https://s.afl.com.au/staticfile/AFL Tenant/AFL/Players/ChampIDImages/AFLW/2019264/1009801.png?im=Scale,width=0.6,height=0.6","R","CD_I1009801",FALSE,24,"Haneen","Zreika","CD_T7889",NA,67,0,0,NA,2,9,11,1,0,4,7,4,11,0,0,0,0,0,63.6,2,1,2,38,1,0,0,NA,NA,"2019-05-01T04:48:32.810+0000",1,1,1,0,NA,NA,NA,0,15,0,1,1,0,0,0,0,0,0,0,0,0,0,0,0,0,0,0,0,0,0,0,0,0,0,0,NA,NA,NA,"CD_I1009801",FALSE,24,"Haneen","Zreika","home","GWS GIANTS"
"CD_M20192640503","2019-03-03T03:05:00.000+0000","CONCLUDED","2019 NAB AFLW Season","Round 5",5,"Blacktown ISP","GWS GIANTS","GWS GIANTS","Melbourne","Melbourne",13,"https://s.afl.com.au/staticfile/AFL Tenant/AFL/Players/ChampIDImages/AFLW/2019264/1010666.png?im=Scale,width=0.6,height=0.6","HFFL","CD_I1010666",FALSE,13,"Cora","Staunton","CD_T7889",NA,84,0,0,NA,11,5,16,1,0,4,8,9,17,5,0,0,0,1,50,5,1,1,60,1,0,0,NA,NA,"2019-05-01T04:48:32.810+0000",4,2,3,2,NA,NA,NA,3,368,0,1,1,0,0,0,0,0,0,0,0,0,0,0,0,0,0,0,0,0,0,0,0,0,0,0,NA,NA,NA,"CD_I1010666",FALSE,13,"Cora","Staunton","home","GWS GIANTS"
"CD_M20192640503","2019-03-03T03:05:00.000+0000","CONCLUDED","2019 NAB AFLW Season","Round 5",5,"Blacktown ISP","GWS GIANTS","GWS GIANTS","Melbourne","Melbourne",18,"https://s.afl.com.au/staticfile/AFL Tenant/AFL/Players/ChampIDImages/AFLW/2019264/1005476.png?im=Scale,width=0.6,height=0.6","BPR","CD_I1005476",FALSE,18,"Amanda","Farrugia","CD_T7889",NA,82,0,0,NA,6,1,7,2,0,1,2,6,8,1,0,0,0,2,71.4,2,0,1,27,1,0,0,NA,NA,"2019-05-01T04:48:32.810+0000",1,0,0,0,NA,NA,NA,0,145,0,1,1,0,0,0,0,0,0,0,0,0,0,0,0,0,0,0,0,0,0,0,0,0,0,0,NA,NA,NA,"CD_I1005476",FALSE,18,"Amanda","Farrugia","home","GWS GIANTS"
"CD_M20192640503","2019-03-03T03:05:00.000+0000","CONCLUDED","2019 NAB AFLW Season","Round 5",5,"Blacktown ISP","GWS GIANTS","GWS GIANTS","Melbourne","Melbourne",34,"https://s.afl.com.au/staticfile/AFL Tenant/AFL/Players/ChampIDImages/AFLW/2019264/1005451.png?im=Scale,width=0.6,height=0.6","FPL","CD_I1005451",FALSE,34,"Jacinda","Barclay","CD_T7889",NA,75,1,0,NA,7,5,12,4,1,2,7,5,12,1,1,1,0,0,75,0,2,0,59,0,0,100,NA,NA,"2019-05-01T04:48:32.810+0000",2,1,0,1,NA,NA,NA,4,175,0,0,0,0,0,0,0,0,0,0,0,0,0,0,0,0,0,0,0,0,0,0,0,0,0,0,NA,NA,NA,"CD_I1005451",FALSE,34,"Jacinda","Barclay","home","GWS GIANTS"
"CD_M20192640503","2019-03-03T03:05:00.000+0000","CONCLUDED","2019 NAB AFLW Season","Round 5",5,"Blacktown ISP","GWS GIANTS","GWS GIANTS","Melbourne","Melbourne",6,"https://s.afl.com.au/staticfile/AFL Tenant/AFL/Players/ChampIDImages/AFLW/2019264/1005453.png?im=Scale,width=0.6,height=0.6","HBFL","CD_I1005453",FALSE,6,"Rebecca","Beeson","CD_T7889",NA,90,0,0,NA,8,7,15,3,0,1,6,9,15,2,0,0,0,0,66.7,3,1,1,49,0,0,0,NA,NA,"2019-05-01T04:48:32.810+0000",2,0,0,1,NA,NA,NA,4,154,3,1,4,0,0,0,0,0,0,0,0,0,0,0,0,0,0,0,0,0,0,0,0,0,0,0,NA,NA,NA,"CD_I1005453",FALSE,6,"Rebecca","Beeson","home","GWS GIANTS"
"CD_M20192640503","2019-03-03T03:05:00.000+0000","CONCLUDED","2019 NAB AFLW Season","Round 5",5,"Blacktown ISP","GWS GIANTS","GWS GIANTS","Melbourne","Melbourne",19,"https://s.afl.com.au/staticfile/AFL Tenant/AFL/Players/ChampIDImages/AFLW/2019264/1007338.png?im=Scale,width=0.6,height=0.6","INT","CD_I1007338",FALSE,19,"Brittany","Perry","CD_T7889",NA,28,0,1,NA,4,1,5,2,0,0,2,3,5,3,1,0,0,0,40,0,0,0,21,0,0,0,NA,NA,"2019-05-01T04:48:32.810+0000",0,0,0,1,NA,NA,NA,3,94,0,0,0,0,0,0,0,0,0,0,0,0,0,0,0,0,0,0,0,0,0,0,0,0,0,0,NA,NA,NA,"CD_I1007338",FALSE,19,"Brittany","Perry","home","GWS GIANTS"
"CD_M20192640503","2019-03-03T03:05:00.000+0000","CONCLUDED","2019 NAB AFLW Season","Round 5",5,"Blacktown ISP","GWS GIANTS","GWS GIANTS","Melbourne","Melbourne",3,"https://s.afl.com.au/staticfile/AFL Tenant/AFL/Players/ChampIDImages/AFLW/2019264/1009799.png?im=Scale,width=0.6,height=0.6","INT","CD_I1009799",FALSE,3,"Alyce","Parker","CD_T7889",NA,84,0,1,NA,8,12,20,3,0,2,12,8,20,0,0,0,0,1,70,2,0,1,63,1,0,0,NA,NA,"2019-05-01T04:48:32.810+0000",2,6,1,1,NA,NA,NA,4,242,2,3,5,0,0,0,0,0,0,0,0,0,0,0,0,0,0,0,0,0,0,0,0,0,0,0,NA,NA,NA,"CD_I1009799",FALSE,3,"Alyce","Parker","home","GWS GIANTS"
"CD_M20192640503","2019-03-03T03:05:00.000+0000","CONCLUDED","2019 NAB AFLW Season","Round 5",5,"Blacktown ISP","GWS GIANTS","GWS GIANTS","Melbourne","Melbourne",26,"https://s.afl.com.au/staticfile/AFL Tenant/AFL/Players/ChampIDImages/AFLW/2019264/998043.png?im=Scale,width=0.6,height=0.6","RR","CD_I998043",FALSE,26,"Courtney","Gum","CD_T7889",NA,74,0,0,NA,5,3,8,1,0,4,4,6,10,2,0,0,0,1,50,0,1,0,41,2,0,0,NA,NA,"2019-05-01T04:48:32.810+0000",2,2,0,0,NA,NA,NA,0,56,1,1,2,0,0,0,0,0,0,0,0,0,0,0,0,0,0,0,0,0,0,0,0,0,0,0,NA,NA,NA,"CD_I998043",FALSE,26,"Courtney","Gum","home","GWS GIANTS"
"CD_M20192640503","2019-03-03T03:05:00.000+0000","CONCLUDED","2019 NAB AFLW Season","Round 5",5,"Blacktown ISP","GWS GIANTS","GWS GIANTS","Melbourne","Melbourne",12,"https://s.afl.com.au/staticfile/AFL Tenant/AFL/Players/ChampIDImages/AFLW/2019264/296141.png?im=Scale,width=0.6,height=0.6","RK","CD_I296141",FALSE,12,"Louise","Stephenson","CD_T7889",NA,85,0,0,NA,2,6,8,0,1,2,3,4,7,0,0,0,1,1,50,2,0,1,24,1,0,0,NA,NA,"2019-05-01T04:48:32.810+0000",4,1,0,0,NA,NA,NA,1,72,0,2,2,0,0,0,0,0,0,0,0,0,0,0,0,0,0,0,0,0,0,0,0,0,0,0,NA,NA,NA,"CD_I296141",FALSE,12,"Louise","Stephenson","home","GWS GIANTS"
"CD_M20192640503","2019-03-03T03:05:00.000+0000","CONCLUDED","2019 NAB AFLW Season","Round 5",5,"Blacktown ISP","GWS GIANTS","GWS GIANTS","Melbourne","Melbourne",32,"https://s.afl.com.au/staticfile/AFL Tenant/AFL/Players/ChampIDImages/AFLW/2019264/1009781.png?im=Scale,width=0.6,height=0.6","FPR","CD_I1009781",FALSE,32,"Tait","Mackrill","CD_T7889",NA,49,0,0,NA,2,2,4,0,0,0,2,2,4,1,0,0,0,0,50,1,1,1,8,0,0,0,NA,NA,"2019-05-01T04:48:32.810+0000",2,0,0,0,NA,NA,NA,0,40,0,0,0,0,0,0,0,0,0,0,0,0,0,0,0,0,0,0,0,0,0,0,0,0,0,0,NA,NA,NA,"CD_I1009781",FALSE,32,"Tait","Mackrill","home","GWS GIANTS"
"CD_M20192640503","2019-03-03T03:05:00.000+0000","CONCLUDED","2019 NAB AFLW Season","Round 5",5,"Blacktown ISP","GWS GIANTS","GWS GIANTS","Melbourne","Melbourne",21,"https://s.afl.com.au/staticfile/AFL Tenant/AFL/Players/ChampIDImages/AFLW/2019264/1007152.png?im=Scale,width=0.6,height=0.6","FB","CD_I1007152",FALSE,21,"Harriet","Cordner","CD_T7386",NA,79,0,0,NA,7,6,13,1,0,1,8,6,14,0,0,1,0,4,84.6,2,0,1,37,0,0,0,NA,NA,"2019-05-01T04:48:32.810+0000",1,7,0,0,NA,NA,NA,3,141,0,0,0,0,0,0,0,0,0,0,0,0,0,0,0,0,0,0,0,0,0,0,0,0,0,0,NA,NA,NA,"CD_I1007152",FALSE,21,"Harriet","Cordner","away","Melbourne"
"CD_M20192640503","2019-03-03T03:05:00.000+0000","CONCLUDED","2019 NAB AFLW Season","Round 5",5,"Blacktown ISP","GWS GIANTS","GWS GIANTS","Melbourne","Melbourne",1,"https://s.afl.com.au/staticfile/AFL Tenant/AFL/Players/ChampIDImages/AFLW/2019264/1010659.png?im=Scale,width=0.6,height=0.6","FF","CD_I1010659",FALSE,1,"Tegan","Cunningham","CD_T7386",NA,93,3,2,NA,7,5,12,5,0,0,6,5,11,0,3,3,1,0,83.3,0,1,0,68,0,0,60,NA,NA,"2019-05-01T04:48:32.810+0000",0,0,0,5,NA,NA,NA,7,116,0,0,0,0,0,0,0,0,0,0,0,0,0,0,0,0,0,0,0,0,0,0,0,0,0,0,NA,NA,NA,"CD_I1010659",FALSE,1,"Tegan","Cunningham","away","Melbourne"
"CD_M20192640503","2019-03-03T03:05:00.000+0000","CONCLUDED","2019 NAB AFLW Season","Round 5",5,"Blacktown ISP","GWS GIANTS","GWS GIANTS","Melbourne","Melbourne",2,"https://s.afl.com.au/staticfile/AFL Tenant/AFL/Players/ChampIDImages/AFLW/2019264/1007149.png?im=Scale,width=0.6,height=0.6","BPL","CD_I1007149",FALSE,2,"Meg","Downie","CD_T7386",NA,69,0,0,NA,3,4,7,3,1,1,2,6,8,0,0,0,0,4,85.7,1,0,1,27,4,0,0,NA,NA,"2019-05-01T04:48:32.810+0000",3,4,0,0,NA,NA,NA,1,217,0,1,1,0,0,0,0,0,0,0,0,0,0,0,0,0,0,0,0,0,0,0,0,0,0,0,NA,NA,NA,"CD_I1007149",FALSE,2,"Meg","Downie","away","Melbourne"
"CD_M20192640503","2019-03-03T03:05:00.000+0000","CONCLUDED","2019 NAB AFLW Season","Round 5",5,"Blacktown ISP","GWS GIANTS","GWS GIANTS","Melbourne","Melbourne",11,"https://s.afl.com.au/staticfile/AFL Tenant/AFL/Players/ChampIDImages/AFLW/2019264/1012560.png?im=Scale,width=0.6,height=0.6","HBFR","CD_I1012560",FALSE,11,"Chantel","Emonson","CD_T7386",NA,82,0,0,NA,10,1,11,0,0,6,3,4,7,1,0,0,0,4,63.6,0,2,0,58,4,0,0,NA,NA,"2019-05-01T04:48:32.810+0000",4,3,0,0,NA,NA,NA,3,327,0,0,0,0,0,0,0,0,0,0,0,0,0,0,0,0,0,0,0,0,0,0,0,0,0,0,NA,NA,NA,"CD_I1012560",FALSE,11,"Chantel","Emonson","away","Melbourne"
"CD_M20192640503","2019-03-03T03:05:00.000+0000","CONCLUDED","2019 NAB AFLW Season","Round 5",5,"Blacktown ISP","GWS GIANTS","GWS GIANTS","Melbourne","Melbourne",29,"https://s.afl.com.au/staticfile/AFL Tenant/AFL/Players/ChampIDImages/AFLW/2019264/1009764.png?im=Scale,width=0.6,height=0.6","INT","CD_I1009764",FALSE,29,"Eden","Zanker","CD_T7386",NA,63,1,1,NA,5,2,7,3,0,2,4,2,6,1,1,2,10,1,71.4,1,0,0,53,0,0,50,NA,NA,"2019-05-01T04:48:32.810+0000",2,1,1,2,NA,NA,NA,4,126,0,1,1,0,0,0,0,0,0,0,0,0,0,0,0,0,0,0,0,0,0,0,0,0,0,0,NA,NA,NA,"CD_I1009764",FALSE,29,"Eden","Zanker","away","Melbourne"
"CD_M20192640503","2019-03-03T03:05:00.000+0000","CONCLUDED","2019 NAB AFLW Season","Round 5",5,"Blacktown ISP","GWS GIANTS","GWS GIANTS","Melbourne","Melbourne",15,"https://s.afl.com.au/staticfile/AFL Tenant/AFL/Players/ChampIDImages/AFLW/2019264/1005863.png?im=Scale,width=0.6,height=0.6","RK","CD_I1005863",FALSE,15,"Lauren","Pearce","CD_T7386",NA,81,1,0,NA,3,6,9,1,0,2,8,3,11,1,0,0,12,0,88.9,2,2,2,46,0,0,100,NA,NA,"2019-05-01T04:48:32.810+0000",2,1,0,1,NA,NA,NA,3,107,1,3,4,0,0,0,0,0,0,0,0,0,0,0,0,0,0,0,0,0,0,0,0,0,0,0,NA,NA,NA,"CD_I1005863",FALSE,15,"Lauren","Pearce","away","Melbourne"
"CD_M20192640503","2019-03-03T03:05:00.000+0000","CONCLUDED","2019 NAB AFLW Season","Round 5",5,"Blacktown ISP","GWS GIANTS","GWS GIANTS","Melbourne","Melbourne",10,"https://s.afl.com.au/staticfile/AFL Tenant/AFL/Players/ChampIDImages/AFLW/2019264/1009980.png?im=Scale,width=0.6,height=0.6","FPR","CD_I1009980",FALSE,10,"Kate","Hore","CD_T7386",NA,81,0,0,NA,9,4,13,2,0,3,4,9,13,1,0,0,0,0,38.5,1,2,1,52,1,0,0,NA,NA,"2019-05-01T04:48:32.810+0000",1,1,3,1,NA,NA,NA,5,118,0,0,0,0,0,0,0,0,0,0,0,0,0,0,0,0,0,0,0,0,0,0,0,0,0,0,NA,NA,NA,"CD_I1009980",FALSE,10,"Kate","Hore","away","Melbourne"
"CD_M20192640503","2019-03-03T03:05:00.000+0000","CONCLUDED","2019 NAB AFLW Season","Round 5",5,"Blacktown ISP","GWS GIANTS","GWS GIANTS","Melbourne","Melbourne",5,"https://s.afl.com.au/staticfile/AFL Tenant/AFL/Players/ChampIDImages/AFLW/2019264/998147.png?im=Scale,width=0.6,height=0.6","C","CD_I998147",FALSE,5,"Elise","O'Dea","CD_T7386",NA,69,0,0,NA,5,6,11,4,0,0,6,4,10,4,0,0,0,1,45.5,2,0,1,36,1,0,0,NA,NA,"2019-05-01T04:48:32.810+0000",3,3,0,0,NA,NA,NA,2,133,1,0,1,0,0,0,0,0,0,0,0,0,0,0,0,0,0,0,0,0,0,0,0,0,0,0,NA,NA,NA,"CD_I998147",FALSE,5,"Elise","O'Dea","away","Melbourne"
"CD_M20192640503","2019-03-03T03:05:00.000+0000","CONCLUDED","2019 NAB AFLW Season","Round 5",5,"Blacktown ISP","GWS GIANTS","GWS GIANTS","Melbourne","Melbourne",13,"https://s.afl.com.au/staticfile/AFL Tenant/AFL/Players/ChampIDImages/AFLW/2019264/997733.png?im=Scale,width=0.6,height=0.6","INT","CD_I997733",FALSE,13,"Katherine","Smith","CD_T7386",NA,55,0,0,NA,3,4,7,1,0,5,3,4,7,1,0,0,0,2,57.1,0,1,0,41,2,0,0,NA,NA,"2019-05-01T04:48:32.810+0000",1,4,0,0,NA,NA,NA,1,74,0,0,0,0,0,0,0,0,0,0,0,0,0,0,0,0,0,0,0,0,0,0,0,0,0,0,NA,NA,NA,"CD_I997733",FALSE,13,"Katherine","Smith","away","Melbourne"
"CD_M20192640503","2019-03-03T03:05:00.000+0000","CONCLUDED","2019 NAB AFLW Season","Round 5",5,"Blacktown ISP","GWS GIANTS","GWS GIANTS","Melbourne","Melbourne",17,"https://s.afl.com.au/staticfile/AFL Tenant/AFL/Players/ChampIDImages/AFLW/2019264/1004402.png?im=Scale,width=0.6,height=0.6","INT","CD_I1004402",FALSE,17,"Ashleigh","Guest","CD_T7386",NA,57,0,0,NA,2,1,3,1,0,2,1,2,3,0,0,0,0,2,100,1,0,1,16,1,0,0,NA,NA,"2019-05-01T04:48:32.810+0000",1,1,0,0,NA,NA,NA,0,86,0,0,0,0,0,0,0,0,0,0,0,0,0,0,0,0,0,0,0,0,0,0,0,0,0,0,NA,NA,NA,"CD_I1004402",FALSE,17,"Ashleigh","Guest","away","Melbourne"
"CD_M20192640503","2019-03-03T03:05:00.000+0000","CONCLUDED","2019 NAB AFLW Season","Round 5",5,"Blacktown ISP","GWS GIANTS","GWS GIANTS","Melbourne","Melbourne",4,"https://s.afl.com.au/staticfile/AFL Tenant/AFL/Players/ChampIDImages/AFLW/2019264/998149.png?im=Scale,width=0.6,height=0.6","R","CD_I998149",FALSE,4,"Karen","Paxman","CD_T7386",NA,91,1,0,NA,12,5,17,1,0,1,7,9,16,3,0,0,0,0,64.7,1,2,1,58,0,0,100,NA,NA,"2019-05-01T04:48:32.810+0000",1,2,0,1,NA,NA,NA,5,302,2,0,2,0,0,0,0,0,0,0,0,0,0,0,0,0,0,0,0,0,0,0,0,0,0,0,NA,NA,NA,"CD_I998149",FALSE,4,"Karen","Paxman","away","Melbourne"
"CD_M20192640503","2019-03-03T03:05:00.000+0000","CONCLUDED","2019 NAB AFLW Season","Round 5",5,"Blacktown ISP","GWS GIANTS","GWS GIANTS","Melbourne","Melbourne",22,"https://s.afl.com.au/staticfile/AFL Tenant/AFL/Players/ChampIDImages/AFLW/2019264/1009888.png?im=Scale,width=0.6,height=0.6","INT","CD_I1009888",FALSE,22,"Madeline","Guerin","CD_T7386",NA,57,0,1,NA,8,2,10,0,1,1,6,6,12,1,0,0,0,0,30,1,1,1,31,1,0,0,NA,NA,"2019-05-01T04:48:32.810+0000",0,1,1,2,NA,NA,NA,3,214,0,0,0,0,0,0,0,0,0,0,0,0,0,0,0,0,0,0,0,0,0,0,0,0,0,0,NA,NA,NA,"CD_I1009888",FALSE,22,"Madeline","Guerin","away","Melbourne"
"CD_M20192640503","2019-03-03T03:05:00.000+0000","CONCLUDED","2019 NAB AFLW Season","Round 5",5,"Blacktown ISP","GWS GIANTS","GWS GIANTS","Melbourne","Melbourne",3,"https://s.afl.com.au/staticfile/AFL Tenant/AFL/Players/ChampIDImages/AFLW/2019264/1009976.png?im=Scale,width=0.6,height=0.6","HFFL","CD_I1009976",FALSE,3,"Maddison","Gay","CD_T7386",NA,90,1,2,NA,9,10,19,3,0,2,12,8,20,2,2,0,0,3,73.7,2,2,1,71,2,0,33.3,NA,NA,"2019-05-01T04:48:32.810+0000",3,2,0,3,NA,NA,NA,8,273,0,3,3,0,0,0,0,0,0,0,0,0,0,0,0,0,0,0,0,0,0,0,0,0,0,0,NA,NA,NA,"CD_I1009976",FALSE,3,"Maddison","Gay","away","Melbourne"
"CD_M20192640503","2019-03-03T03:05:00.000+0000","CONCLUDED","2019 NAB AFLW Season","Round 5",5,"Blacktown ISP","GWS GIANTS","GWS GIANTS","Melbourne","Melbourne",7,"https://s.afl.com.au/staticfile/AFL Tenant/AFL/Players/ChampIDImages/AFLW/2019264/296158.png?im=Scale,width=0.6,height=0.6","INT","CD_I296158",FALSE,7,"Bianca","Jakobsson","CD_T7386",NA,66,0,0,NA,9,2,11,4,0,4,3,8,11,4,0,0,0,0,63.6,3,1,1,57,0,1,0,NA,NA,"2019-05-01T04:48:32.810+0000",3,3,1,0,NA,NA,NA,4,233,0,0,0,0,0,0,0,0,0,0,0,0,0,0,0,0,0,0,0,0,0,0,0,0,0,0,NA,NA,NA,"CD_I296158",FALSE,7,"Bianca","Jakobsson","away","Melbourne"
"CD_M20192640503","2019-03-03T03:05:00.000+0000","CONCLUDED","2019 NAB AFLW Season","Round 5",5,"Blacktown ISP","GWS GIANTS","GWS GIANTS","Melbourne","Melbourne",35,"https://s.afl.com.au/staticfile/AFL Tenant/AFL/Players/ChampIDImages/AFLW/2019264/1007153.png?im=Scale,width=0.6,height=0.6","FPL","CD_I1007153",FALSE,35,"Catherine","Phillips","CD_T7386",NA,69,0,0,NA,3,5,8,1,0,0,5,3,8,0,0,0,0,0,87.5,0,0,0,22,1,0,0,NA,NA,"2019-05-01T04:48:32.810+0000",1,4,0,0,NA,NA,NA,0,71,0,0,0,0,0,0,0,0,0,0,0,0,0,0,0,0,0,0,0,0,0,0,0,0,0,0,NA,NA,NA,"CD_I1007153",FALSE,35,"Catherine","Phillips","away","Melbourne"
"CD_M20192640503","2019-03-03T03:05:00.000+0000","CONCLUDED","2019 NAB AFLW Season","Round 5",5,"Blacktown ISP","GWS GIANTS","GWS GIANTS","Melbourne","Melbourne",28,"https://s.afl.com.au/staticfile/AFL Tenant/AFL/Players/ChampIDImages/AFLW/2019264/1009853.png?im=Scale,width=0.6,height=0.6","CHB","CD_I1009853",FALSE,28,"Tyla","Hanks","CD_T7386",NA,74,1,0,NA,7,0,7,0,0,3,3,4,7,3,0,0,0,1,57.1,1,4,0,43,1,1,100,NA,NA,"2019-05-01T04:48:32.810+0000",2,2,0,1,NA,NA,NA,2,167,0,0,0,0,0,0,0,0,0,0,0,0,0,0,0,0,0,0,0,0,0,0,0,0,0,0,NA,NA,NA,"CD_I1009853",FALSE,28,"Tyla","Hanks","away","Melbourne"
"CD_M20192640503","2019-03-03T03:05:00.000+0000","CONCLUDED","2019 NAB AFLW Season","Round 5",5,"Blacktown ISP","GWS GIANTS","GWS GIANTS","Melbourne","Melbourne",24,"https://s.afl.com.au/staticfile/AFL Tenant/AFL/Players/ChampIDImages/AFLW/2019264/1007271.png?im=Scale,width=0.6,height=0.6","BPR","CD_I1007271",FALSE,24,"Brooke","Patterson","CD_T7386",NA,91,0,0,NA,3,3,6,1,0,3,3,3,6,0,0,0,0,0,83.3,0,2,0,32,0,0,0,NA,NA,"2019-05-01T04:48:32.810+0000",1,3,0,0,NA,NA,NA,1,73,0,1,1,0,0,0,0,0,0,0,0,0,0,0,0,0,0,0,0,0,0,0,0,0,0,0,NA,NA,NA,"CD_I1007271",FALSE,24,"Brooke","Patterson","away","Melbourne"
"CD_M20192640503","2019-03-03T03:05:00.000+0000","CONCLUDED","2019 NAB AFLW Season","Round 5",5,"Blacktown ISP","GWS GIANTS","GWS GIANTS","Melbourne","Melbourne",12,"https://s.afl.com.au/staticfile/AFL Tenant/AFL/Players/ChampIDImages/AFLW/2019264/1007028.png?im=Scale,width=0.6,height=0.6","CHF","CD_I1007028",FALSE,12,"Shelley","Scott","CD_T7386",NA,75,0,0,NA,3,7,10,3,1,1,7,3,10,2,1,1,1,0,60,1,0,0,37,0,1,0,NA,NA,"2019-05-01T04:48:32.810+0000",3,3,1,0,NA,NA,NA,3,65,0,0,0,0,0,0,0,0,0,0,0,0,0,0,0,0,0,0,0,0,0,0,0,0,0,0,NA,NA,NA,"CD_I1007028",FALSE,12,"Shelley","Scott","away","Melbourne"
"CD_M20192640503","2019-03-03T03:05:00.000+0000","CONCLUDED","2019 NAB AFLW Season","Round 5",5,"Blacktown ISP","GWS GIANTS","GWS GIANTS","Melbourne","Melbourne",8,"https://s.afl.com.au/staticfile/AFL Tenant/AFL/Players/ChampIDImages/AFLW/2019264/1007011.png?im=Scale,width=0.6,height=0.6","HBFL","CD_I1007011",FALSE,8,"Sarah","Lampard","CD_T7386",NA,81,0,0,NA,3,3,6,1,0,3,2,4,6,0,0,0,0,4,83.3,2,0,1,27,2,0,0,NA,NA,"2019-05-01T04:48:32.810+0000",2,3,0,0,NA,NA,NA,0,87,0,0,0,0,0,0,0,0,0,0,0,0,0,0,0,0,0,0,0,0,0,0,0,0,0,0,NA,NA,NA,"CD_I1007011",FALSE,8,"Sarah","Lampard","away","Melbourne"
"CD_M20192640503","2019-03-03T03:05:00.000+0000","CONCLUDED","2019 NAB AFLW Season","Round 5",5,"Blacktown ISP","GWS GIANTS","GWS GIANTS","Melbourne","Melbourne",14,"https://s.afl.com.au/staticfile/AFL Tenant/AFL/Players/ChampIDImages/AFLW/2019264/997708.png?im=Scale,width=0.6,height=0.6","RR","CD_I997708",FALSE,14,"Lily","Mithen","CD_T7386",NA,85,0,0,NA,7,5,12,4,0,6,4,8,12,2,0,0,0,1,75,0,1,0,68,2,0,0,NA,NA,"2019-05-01T04:48:32.810+0000",1,1,0,0,NA,NA,NA,2,204,0,2,2,0,0,0,0,0,0,0,0,0,0,0,0,0,0,0,0,0,0,0,0,0,0,0,NA,NA,NA,"CD_I997708",FALSE,14,"Lily","Mithen","away","Melbourne"
"CD_M20192640503","2019-03-03T03:05:00.000+0000","CONCLUDED","2019 NAB AFLW Season","Round 5",5,"Blacktown ISP","GWS GIANTS","GWS GIANTS","Melbourne","Melbourne",16,"https://s.afl.com.au/staticfile/AFL Tenant/AFL/Players/ChampIDImages/AFLW/2019264/1007151.png?im=Scale,width=0.6,height=0.6","HFFR","CD_I1007151",FALSE,16,"Aliesha","Newman","CD_T7386",NA,91,0,2,NA,9,3,12,5,0,1,2,10,12,3,0,0,0,0,41.7,3,1,0,55,0,0,0,NA,NA,"2019-05-01T04:48:32.810+0000",3,0,0,2,NA,NA,NA,2,285,0,0,0,0,0,0,0,0,0,0,0,0,0,0,0,0,0,0,0,0,0,0,0,0,0,0,NA,NA,NA,"CD_I1007151",FALSE,16,"Aliesha","Newman","away","Melbourne"
"CD_M20192640504","2019-03-03T05:05:00.000+0000","CONCLUDED","2019 NAB AFLW Season","Round 5",5,"Melbourne Avalon Airport Oval","North Melbourne","North Melbourne","Adelaide Crows","Adelaide Crows",31,"https://s.afl.com.au/staticfile/AFL Tenant/AFL/Players/ChampIDImages/AFLW/2019264/296143.png?im=Scale,width=0.6,height=0.6","FB","CD_I296143",FALSE,31,"Danielle","Hardiman","CD_T8466",NA,87,0,0,NA,7,2,9,2,0,2,3,6,9,0,0,0,0,1,77.8,0,0,0,39,2,0,0,NA,NA,"2019-05-01T04:48:59.936+0000",2,3,0,0,NA,NA,NA,2,70,0,0,0,0,0,0,0,0,0,0,0,0,0,0,0,0,0,0,0,0,0,0,0,0,0,0,NA,NA,NA,"CD_I296143",FALSE,31,"Danielle","Hardiman","home","North Melbourne"
"CD_M20192640504","2019-03-03T05:05:00.000+0000","CONCLUDED","2019 NAB AFLW Season","Round 5",5,"Melbourne Avalon Airport Oval","North Melbourne","North Melbourne","Adelaide Crows","Adelaide Crows",6,"https://s.afl.com.au/staticfile/AFL Tenant/AFL/Players/ChampIDImages/AFLW/2019264/1003021.png?im=Scale,width=0.6,height=0.6","INT","CD_I1003021",FALSE,6,"Emma","Humphries","CD_T8466",NA,38,0,0,NA,3,0,3,3,0,0,0,3,3,0,0,0,0,0,33.3,1,0,0,18,1,0,0,NA,NA,"2019-05-01T04:48:59.936+0000",2,2,0,0,NA,NA,NA,0,54,0,0,0,0,0,0,0,0,0,0,0,0,0,0,0,0,0,0,0,0,0,0,0,0,0,0,NA,NA,NA,"CD_I1003021",FALSE,6,"Emma","Humphries","home","North Melbourne"
"CD_M20192640504","2019-03-03T05:05:00.000+0000","CONCLUDED","2019 NAB AFLW Season","Round 5",5,"Melbourne Avalon Airport Oval","North Melbourne","North Melbourne","Adelaide Crows","Adelaide Crows",18,"https://s.afl.com.au/staticfile/AFL Tenant/AFL/Players/ChampIDImages/AFLW/2019264/1007005.png?im=Scale,width=0.6,height=0.6","BPL","CD_I1007005",FALSE,18,"Brittany","Gibson","CD_T8466",NA,71,0,0,NA,7,3,10,4,0,1,4,5,9,1,0,0,0,3,90,2,0,1,40,2,0,0,NA,NA,"2019-05-01T04:48:59.936+0000",3,4,1,0,NA,NA,NA,1,199,1,1,2,0,0,0,0,0,0,0,0,0,0,0,0,0,0,0,0,0,0,0,0,0,0,0,NA,NA,NA,"CD_I1007005",FALSE,18,"Brittany","Gibson","home","North Melbourne"
"CD_M20192640504","2019-03-03T05:05:00.000+0000","CONCLUDED","2019 NAB AFLW Season","Round 5",5,"Melbourne Avalon Airport Oval","North Melbourne","North Melbourne","Adelaide Crows","Adelaide Crows",13,"https://s.afl.com.au/staticfile/AFL Tenant/AFL/Players/ChampIDImages/AFLW/2019264/1012723.png?im=Scale,width=0.6,height=0.6","FF","CD_I1012723",FALSE,13,"Courteney","Munn","CD_T8466",NA,47,0,1,NA,1,2,3,1,0,1,3,1,4,0,0,0,0,1,0,0,0,0,15,0,0,0,NA,NA,"2019-05-01T04:48:59.936+0000",0,1,1,1,NA,NA,NA,1,26,0,0,0,0,0,0,0,0,0,0,0,0,0,0,0,0,0,0,0,0,0,0,0,0,0,0,NA,NA,NA,"CD_I1012723",FALSE,13,"Courteney","Munn","home","North Melbourne"
"CD_M20192640504","2019-03-03T05:05:00.000+0000","CONCLUDED","2019 NAB AFLW Season","Round 5",5,"Melbourne Avalon Airport Oval","North Melbourne","North Melbourne","Adelaide Crows","Adelaide Crows",11,"https://s.afl.com.au/staticfile/AFL Tenant/AFL/Players/ChampIDImages/AFLW/2019264/1013025.png?im=Scale,width=0.6,height=0.6","INT","CD_I1013025",FALSE,11,"Daisy","Bateman","CD_T8466",NA,45,0,0,NA,3,3,6,2,0,2,1,3,4,1,1,0,0,0,83.3,0,0,0,29,0,0,0,NA,NA,"2019-05-01T04:48:59.936+0000",1,2,0,0,NA,NA,NA,0,67,0,0,0,0,0,0,0,0,0,0,0,0,0,0,0,0,0,0,0,0,0,0,0,0,0,0,NA,NA,NA,"CD_I1013025",FALSE,11,"Daisy","Bateman","home","North Melbourne"
"CD_M20192640504","2019-03-03T05:05:00.000+0000","CONCLUDED","2019 NAB AFLW Season","Round 5",5,"Melbourne Avalon Airport Oval","North Melbourne","North Melbourne","Adelaide Crows","Adelaide Crows",35,"https://s.afl.com.au/staticfile/AFL Tenant/AFL/Players/ChampIDImages/AFLW/2019264/1003018.png?im=Scale,width=0.6,height=0.6","R","CD_I1003018",FALSE,35,"Jenna","Bruton","CD_T8466",NA,82,0,0,NA,7,4,11,4,0,7,5,7,12,1,0,0,0,1,63.6,3,0,2,63,0,0,0,NA,NA,"2019-05-01T04:48:59.936+0000",4,2,0,0,NA,NA,NA,2,107,1,1,2,0,0,0,0,0,0,0,0,0,0,0,0,0,0,0,0,0,0,0,0,0,0,0,NA,NA,NA,"CD_I1003018",FALSE,35,"Jenna","Bruton","home","North Melbourne"
"CD_M20192640504","2019-03-03T05:05:00.000+0000","CONCLUDED","2019 NAB AFLW Season","Round 5",5,"Melbourne Avalon Airport Oval","North Melbourne","North Melbourne","Adelaide Crows","Adelaide Crows",27,"https://s.afl.com.au/staticfile/AFL Tenant/AFL/Players/ChampIDImages/AFLW/2019264/1005864.png?im=Scale,width=0.6,height=0.6","HBFL","CD_I1005864",FALSE,27,"Jessica","Duffin","CD_T8466",NA,92,0,0,NA,16,7,23,11,0,1,11,11,22,1,0,5,0,1,82.6,4,3,1,99,7,0,0,NA,NA,"2019-05-01T04:48:59.936+0000",5,14,0,0,NA,NA,NA,2,315,0,0,0,0,0,0,0,0,0,0,0,0,0,0,0,0,0,0,0,0,0,0,0,0,0,0,NA,NA,NA,"CD_I1005864",FALSE,27,"Jessica","Duffin","home","North Melbourne"
"CD_M20192640504","2019-03-03T05:05:00.000+0000","CONCLUDED","2019 NAB AFLW Season","Round 5",5,"Melbourne Avalon Airport Oval","North Melbourne","North Melbourne","Adelaide Crows","Adelaide Crows",25,"https://s.afl.com.au/staticfile/AFL Tenant/AFL/Players/ChampIDImages/AFLW/2019264/296154.png?im=Scale,width=0.6,height=0.6","CHF","CD_I296154",FALSE,25,"Jasmine","Garner","CD_T8466",NA,97,0,0,NA,11,4,15,6,0,3,7,7,14,1,1,1,0,1,73.3,0,0,0,71,1,1,0,NA,NA,"2019-05-01T04:48:59.936+0000",1,2,1,0,NA,NA,NA,4,180,0,1,1,0,0,0,0,0,0,0,0,0,0,0,0,0,0,0,0,0,0,0,0,0,0,0,NA,NA,NA,"CD_I296154",FALSE,25,"Jasmine","Garner","home","North Melbourne"
"CD_M20192640504","2019-03-03T05:05:00.000+0000","CONCLUDED","2019 NAB AFLW Season","Round 5",5,"Melbourne Avalon Airport Oval","North Melbourne","North Melbourne","Adelaide Crows","Adelaide Crows",5,"https://s.afl.com.au/staticfile/AFL Tenant/AFL/Players/ChampIDImages/AFLW/2019264/997695.png?im=Scale,width=0.6,height=0.6","HFFL","CD_I997695",FALSE,5,"Kate","Gillespie-Jones","CD_T8466",NA,94,0,0,NA,10,2,12,4,0,4,1,11,12,3,0,0,10,0,91.7,2,0,1,69,3,0,0,NA,NA,"2019-05-01T04:48:59.936+0000",4,2,1,0,NA,NA,NA,2,267,0,0,0,0,0,0,0,0,0,0,0,0,0,0,0,0,0,0,0,0,0,0,0,0,0,0,NA,NA,NA,"CD_I997695",FALSE,5,"Kate","Gillespie-Jones","home","North Melbourne"
"CD_M20192640504","2019-03-03T05:05:00.000+0000","CONCLUDED","2019 NAB AFLW Season","Round 5",5,"Melbourne Avalon Airport Oval","North Melbourne","North Melbourne","Adelaide Crows","Adelaide Crows",60,"https://s.afl.com.au/staticfile/AFL Tenant/AFL/Players/ChampIDImages/AFLW/2019264/1001686.png?im=Scale,width=0.6,height=0.6","RK","CD_I1001686",FALSE,60,"Emma","King","CD_T8466",NA,100,1,1,NA,4,1,5,3,0,3,2,3,5,0,2,0,19,0,80,1,1,1,59,0,0,50,NA,NA,"2019-05-01T04:48:59.936+0000",1,0,2,2,NA,NA,NA,4,76,0,1,1,0,0,0,0,0,0,0,0,0,0,0,0,0,0,0,0,0,0,0,0,0,0,0,NA,NA,NA,"CD_I1001686",FALSE,60,"Emma","King","home","North Melbourne"
"CD_M20192640504","2019-03-03T05:05:00.000+0000","CONCLUDED","2019 NAB AFLW Season","Round 5",5,"Melbourne Avalon Airport Oval","North Melbourne","North Melbourne","Adelaide Crows","Adelaide Crows",1,"https://s.afl.com.au/staticfile/AFL Tenant/AFL/Players/ChampIDImages/AFLW/2019264/1010252.png?im=Scale,width=0.6,height=0.6","HFFR","CD_I1010252",FALSE,1,"Sophie","Abbatangelo","CD_T8466",NA,86,0,2,NA,9,4,13,6,0,0,2,10,12,2,2,0,0,1,30.8,2,0,0,55,0,0,0,NA,NA,"2019-05-01T04:48:59.936+0000",3,1,0,3,NA,NA,NA,3,147,0,1,1,0,0,0,0,0,0,0,0,0,0,0,0,0,0,0,0,0,0,0,0,0,0,0,NA,NA,NA,"CD_I1010252",FALSE,1,"Sophie","Abbatangelo","home","North Melbourne"
"CD_M20192640504","2019-03-03T05:05:00.000+0000","CONCLUDED","2019 NAB AFLW Season","Round 5",5,"Melbourne Avalon Airport Oval","North Melbourne","North Melbourne","Adelaide Crows","Adelaide Crows",23,"https://s.afl.com.au/staticfile/AFL Tenant/AFL/Players/ChampIDImages/AFLW/2019264/997672.png?im=Scale,width=0.6,height=0.6","FPL","CD_I997672",FALSE,23,"Moana","Hope","CD_T8466",NA,63,1,1,NA,4,1,5,3,0,0,3,2,5,1,2,1,0,1,40,0,1,0,31,0,0,50,NA,NA,"2019-05-01T04:48:59.936+0000",0,1,0,2,NA,NA,NA,3,89,0,0,0,0,0,0,0,0,0,0,0,0,0,0,0,0,0,0,0,0,0,0,0,0,0,0,NA,NA,NA,"CD_I997672",FALSE,23,"Moana","Hope","home","North Melbourne"
"CD_M20192640504","2019-03-03T05:05:00.000+0000","CONCLUDED","2019 NAB AFLW Season","Round 5",5,"Melbourne Avalon Airport Oval","North Melbourne","North Melbourne","Adelaide Crows","Adelaide Crows",4,"https://s.afl.com.au/staticfile/AFL Tenant/AFL/Players/ChampIDImages/AFLW/2019264/1013521.png?im=Scale,width=0.6,height=0.6","INT","CD_I1013521",FALSE,4,"Elisha","King","CD_T8466",NA,76,1,0,NA,5,2,7,2,0,0,4,3,7,2,0,0,0,0,100,0,2,0,33,0,0,100,NA,NA,"2019-05-01T04:48:59.936+0000",2,1,0,1,NA,NA,NA,1,122,1,1,2,0,0,0,0,0,0,0,0,0,0,0,0,0,0,0,0,0,0,0,0,0,0,0,NA,NA,NA,"CD_I1013521",FALSE,4,"Elisha","King","home","North Melbourne"
"CD_M20192640504","2019-03-03T05:05:00.000+0000","CONCLUDED","2019 NAB AFLW Season","Round 5",5,"Melbourne Avalon Airport Oval","North Melbourne","North Melbourne","Adelaide Crows","Adelaide Crows",20,"https://s.afl.com.au/staticfile/AFL Tenant/AFL/Players/ChampIDImages/AFLW/2019264/1012700.png?im=Scale,width=0.6,height=0.6","HBFR","CD_I1012700",FALSE,20,"Bethany","Lynch","CD_T8466",NA,69,0,0,NA,4,2,6,3,0,0,5,2,7,2,0,2,0,1,83.3,2,0,1,22,1,0,0,NA,NA,"2019-05-01T04:48:59.936+0000",3,6,0,0,NA,NA,NA,0,103,0,0,0,0,0,0,0,0,0,0,0,0,0,0,0,0,0,0,0,0,0,0,0,0,0,0,NA,NA,NA,"CD_I1012700",FALSE,20,"Bethany","Lynch","home","North Melbourne"
"CD_M20192640504","2019-03-03T05:05:00.000+0000","CONCLUDED","2019 NAB AFLW Season","Round 5",5,"Melbourne Avalon Airport Oval","North Melbourne","North Melbourne","Adelaide Crows","Adelaide Crows",19,"https://s.afl.com.au/staticfile/AFL Tenant/AFL/Players/ChampIDImages/AFLW/2019264/1007006.png?im=Scale,width=0.6,height=0.6","INT","CD_I1007006",FALSE,19,"Jasmine","Grierson","CD_T8466",NA,83,0,0,NA,7,2,9,2,0,4,4,5,9,0,0,0,0,2,55.6,2,2,0,49,2,0,0,NA,NA,"2019-05-01T04:48:59.936+0000",2,7,0,0,NA,NA,NA,1,59,0,0,0,0,0,0,0,0,0,0,0,0,0,0,0,0,0,0,0,0,0,0,0,0,0,0,NA,NA,NA,"CD_I1007006",FALSE,19,"Jasmine","Grierson","home","North Melbourne"
"CD_M20192640504","2019-03-03T05:05:00.000+0000","CONCLUDED","2019 NAB AFLW Season","Round 5",5,"Melbourne Avalon Airport Oval","North Melbourne","North Melbourne","Adelaide Crows","Adelaide Crows",9,"https://s.afl.com.au/staticfile/AFL Tenant/AFL/Players/ChampIDImages/AFLW/2019264/998150.png?im=Scale,width=0.6,height=0.6","C","CD_I998150",FALSE,9,"Emma","Kearney","CD_T8466",NA,96,0,0,NA,24,7,31,8,0,3,16,18,34,4,2,0,0,2,58.1,4,3,0,125,6,0,0,NA,NA,"2019-05-01T04:48:59.936+0000",10,4,0,0,NA,NA,NA,4,488,4,6,10,0,0,0,0,0,0,0,0,0,0,0,0,0,0,0,0,0,0,0,0,0,0,0,NA,NA,NA,"CD_I998150",FALSE,9,"Emma","Kearney","home","North Melbourne"
"CD_M20192640504","2019-03-03T05:05:00.000+0000","CONCLUDED","2019 NAB AFLW Season","Round 5",5,"Melbourne Avalon Airport Oval","North Melbourne","North Melbourne","Adelaide Crows","Adelaide Crows",21,"https://s.afl.com.au/staticfile/AFL Tenant/AFL/Players/ChampIDImages/AFLW/2019264/1004416.png?im=Scale,width=0.6,height=0.6","BPR","CD_I1004416",FALSE,21,"Jessica","Trend","CD_T8466",NA,62,0,0,NA,6,7,13,5,0,3,2,10,12,2,0,0,0,0,61.5,3,0,0,59,0,0,0,NA,NA,"2019-05-01T04:48:59.936+0000",4,2,0,0,NA,NA,NA,2,165,1,0,1,0,0,0,0,0,0,0,0,0,0,0,0,0,0,0,0,0,0,0,0,0,0,0,NA,NA,NA,"CD_I1004416",FALSE,21,"Jessica","Trend","home","North Melbourne"
"CD_M20192640504","2019-03-03T05:05:00.000+0000","CONCLUDED","2019 NAB AFLW Season","Round 5",5,"Melbourne Avalon Airport Oval","North Melbourne","North Melbourne","Adelaide Crows","Adelaide Crows",10,"https://s.afl.com.au/staticfile/AFL Tenant/AFL/Players/ChampIDImages/AFLW/2019264/997649.png?im=Scale,width=0.6,height=0.6","FPR","CD_I997649",FALSE,10,"Kaitlyn","Ashmore","CD_T8466",NA,92,1,0,NA,11,0,11,9,0,9,0,11,11,4,1,0,0,2,81.8,2,0,0,102,1,2,100,NA,NA,"2019-05-01T04:48:59.936+0000",5,0,4,1,NA,NA,NA,4,354,0,0,0,0,0,0,0,0,0,0,0,0,0,0,0,0,0,0,0,0,0,0,0,0,0,0,NA,NA,NA,"CD_I997649",FALSE,10,"Kaitlyn","Ashmore","home","North Melbourne"
"CD_M20192640504","2019-03-03T05:05:00.000+0000","CONCLUDED","2019 NAB AFLW Season","Round 5",5,"Melbourne Avalon Airport Oval","North Melbourne","North Melbourne","Adelaide Crows","Adelaide Crows",8,"https://s.afl.com.au/staticfile/AFL Tenant/AFL/Players/ChampIDImages/AFLW/2019264/1012712.png?im=Scale,width=0.6,height=0.6","INT","CD_I1012712",FALSE,8,"Alison","Drennan","CD_T8466",NA,55,0,0,NA,1,5,6,1,0,3,2,4,6,0,0,0,0,2,50,1,0,0,28,0,0,0,NA,NA,"2019-05-01T04:48:59.936+0000",1,0,1,0,NA,NA,NA,1,14,0,0,0,0,0,0,0,0,0,0,0,0,0,0,0,0,0,0,0,0,0,0,0,0,0,0,NA,NA,NA,"CD_I1012712",FALSE,8,"Alison","Drennan","home","North Melbourne"
"CD_M20192640504","2019-03-03T05:05:00.000+0000","CONCLUDED","2019 NAB AFLW Season","Round 5",5,"Melbourne Avalon Airport Oval","North Melbourne","North Melbourne","Adelaide Crows","Adelaide Crows",16,"https://s.afl.com.au/staticfile/AFL Tenant/AFL/Players/ChampIDImages/AFLW/2019264/1003023.png?im=Scale,width=0.6,height=0.6","CHB","CD_I1003023",FALSE,16,"Tahlia","Randall","CD_T8466",NA,100,0,0,NA,4,1,5,3,0,3,2,3,5,0,0,0,0,5,80,2,0,2,29,0,0,0,NA,NA,"2019-05-01T04:48:59.936+0000",0,3,0,0,NA,NA,NA,0,60,0,0,0,0,0,0,0,0,0,0,0,0,0,0,0,0,0,0,0,0,0,0,0,0,0,0,NA,NA,NA,"CD_I1003023",FALSE,16,"Tahlia","Randall","home","North Melbourne"
"CD_M20192640504","2019-03-03T05:05:00.000+0000","CONCLUDED","2019 NAB AFLW Season","Round 5",5,"Melbourne Avalon Airport Oval","North Melbourne","North Melbourne","Adelaide Crows","Adelaide Crows",17,"https://s.afl.com.au/staticfile/AFL Tenant/AFL/Players/ChampIDImages/AFLW/2019264/1007030.png?im=Scale,width=0.6,height=0.6","RR","CD_I1007030",FALSE,17,"Jamie","Stanton","CD_T8466",NA,64,0,0,NA,9,6,15,7,0,2,6,9,15,2,0,0,0,1,80,1,1,1,66,2,0,0,NA,NA,"2019-05-01T04:48:59.936+0000",1,4,0,0,NA,NA,NA,3,143,0,0,0,0,0,0,0,0,0,0,0,0,0,0,0,0,0,0,0,0,0,0,0,0,0,0,NA,NA,NA,"CD_I1007030",FALSE,17,"Jamie","Stanton","home","North Melbourne"
"CD_M20192640504","2019-03-03T05:05:00.000+0000","CONCLUDED","2019 NAB AFLW Season","Round 5",5,"Melbourne Avalon Airport Oval","North Melbourne","North Melbourne","Adelaide Crows","Adelaide Crows",16,"https://s.afl.com.au/staticfile/AFL Tenant/AFL/Players/ChampIDImages/AFLW/2019264/1013947.png?im=Scale,width=0.6,height=0.6","INT","CD_I1013947",FALSE,16,"Ailish","Considine","CD_T8098",NA,59,0,0,NA,2,0,2,0,0,1,1,3,4,1,0,0,0,0,100,4,0,2,4,0,0,0,NA,NA,"2019-05-01T04:48:59.936+0000",2,1,1,0,NA,NA,NA,0,59,0,0,0,0,0,0,0,0,0,0,0,0,0,0,0,0,0,0,0,0,0,0,0,0,0,0,NA,NA,NA,"CD_I1013947",FALSE,16,"Ailish","Considine","away","Adelaide Crows"
"CD_M20192640504","2019-03-03T05:05:00.000+0000","CONCLUDED","2019 NAB AFLW Season","Round 5",5,"Melbourne Avalon Airport Oval","North Melbourne","North Melbourne","Adelaide Crows","Adelaide Crows",31,"https://s.afl.com.au/staticfile/AFL Tenant/AFL/Players/ChampIDImages/AFLW/2019264/1005956.png?im=Scale,width=0.6,height=0.6","BPL","CD_I1005956",FALSE,31,"Dayna","Cox","CD_T8098",NA,76,0,0,NA,6,4,10,0,0,1,4,6,10,0,0,0,0,4,70,2,1,0,31,1,0,0,NA,NA,"2019-05-01T04:48:59.936+0000",2,5,0,0,NA,NA,NA,2,107,0,1,1,0,0,0,0,0,0,0,0,0,0,0,0,0,0,0,0,0,0,0,0,0,0,0,NA,NA,NA,"CD_I1005956",FALSE,31,"Dayna","Cox","away","Adelaide Crows"
"CD_M20192640504","2019-03-03T05:05:00.000+0000","CONCLUDED","2019 NAB AFLW Season","Round 5",5,"Melbourne Avalon Airport Oval","North Melbourne","North Melbourne","Adelaide Crows","Adelaide Crows",14,"https://s.afl.com.au/staticfile/AFL Tenant/AFL/Players/ChampIDImages/AFLW/2019264/1005386.png?im=Scale,width=0.6,height=0.6","CHF","CD_I1005386",FALSE,14,"Stevie-Lee","Thompson","CD_T8098",NA,70,2,1,NA,5,2,7,2,0,0,1,6,7,2,1,0,0,0,57.1,1,0,0,38,0,1,50,NA,NA,"2019-05-01T04:48:59.936+0000",1,1,0,4,NA,NA,NA,6,121,0,0,0,0,0,0,0,0,0,0,0,0,0,0,0,0,0,0,0,0,0,0,0,0,0,0,NA,NA,NA,"CD_I1005386",FALSE,14,"Stevie-Lee","Thompson","away","Adelaide Crows"
"CD_M20192640504","2019-03-03T05:05:00.000+0000","CONCLUDED","2019 NAB AFLW Season","Round 5",5,"Melbourne Avalon Airport Oval","North Melbourne","North Melbourne","Adelaide Crows","Adelaide Crows",9,"https://s.afl.com.au/staticfile/AFL Tenant/AFL/Players/ChampIDImages/AFLW/2019264/1005251.png?im=Scale,width=0.6,height=0.6","HBFL","CD_I1005251",FALSE,9,"Deni","Varnhagen","CD_T8098",NA,80,0,0,NA,4,2,6,0,0,0,3,3,6,2,0,0,0,0,66.7,3,0,1,13,2,0,0,NA,NA,"2019-05-01T04:48:59.936+0000",2,3,0,0,NA,NA,NA,3,147,0,0,0,0,0,0,0,0,0,0,0,0,0,0,0,0,0,0,0,0,0,0,0,0,0,0,NA,NA,NA,"CD_I1005251",FALSE,9,"Deni","Varnhagen","away","Adelaide Crows"
"CD_M20192640504","2019-03-03T05:05:00.000+0000","CONCLUDED","2019 NAB AFLW Season","Round 5",5,"Melbourne Avalon Airport Oval","North Melbourne","North Melbourne","Adelaide Crows","Adelaide Crows",10,"https://s.afl.com.au/staticfile/AFL Tenant/AFL/Players/ChampIDImages/AFLW/2019264/1005279.png?im=Scale,width=0.6,height=0.6","R","CD_I1005279",FALSE,10,"Ebony","Marinoff","CD_T8098",NA,69,0,0,NA,13,9,22,3,0,10,11,11,22,2,0,0,0,0,54.5,5,0,0,106,2,0,0,NA,NA,"2019-05-01T04:48:59.936+0000",7,3,0,0,NA,NA,NA,1,315,2,3,5,0,0,0,0,0,0,0,0,0,0,0,0,0,0,0,0,0,0,0,0,0,0,0,NA,NA,NA,"CD_I1005279",FALSE,10,"Ebony","Marinoff","away","Adelaide Crows"
"CD_M20192640504","2019-03-03T05:05:00.000+0000","CONCLUDED","2019 NAB AFLW Season","Round 5",5,"Melbourne Avalon Airport Oval","North Melbourne","North Melbourne","Adelaide Crows","Adelaide Crows",15,"https://s.afl.com.au/staticfile/AFL Tenant/AFL/Players/ChampIDImages/AFLW/2019264/1009794.png?im=Scale,width=0.6,height=0.6","FPR","CD_I1009794",FALSE,15,"Danielle","Ponter","CD_T8098",NA,64,2,1,NA,5,5,10,1,0,1,5,6,11,1,1,0,0,0,80,0,0,0,45,0,1,66.7,NA,NA,"2019-05-01T04:48:59.936+0000",1,3,1,3,NA,NA,NA,4,91,0,0,0,0,0,0,0,0,0,0,0,0,0,0,0,0,0,0,0,0,0,0,0,0,0,0,NA,NA,NA,"CD_I1009794",FALSE,15,"Danielle","Ponter","away","Adelaide Crows"
"CD_M20192640504","2019-03-03T05:05:00.000+0000","CONCLUDED","2019 NAB AFLW Season","Round 5",5,"Melbourne Avalon Airport Oval","North Melbourne","North Melbourne","Adelaide Crows","Adelaide Crows",33,"https://s.afl.com.au/staticfile/AFL Tenant/AFL/Players/ChampIDImages/AFLW/2019264/1005269.png?im=Scale,width=0.6,height=0.6","RR","CD_I1005269",FALSE,33,"Anne","Hatchard","CD_T8098",NA,84,0,0,NA,7,9,16,2,0,3,8,8,16,1,0,0,6,1,68.8,4,0,1,60,2,0,0,NA,NA,"2019-05-01T04:48:59.936+0000",4,2,0,0,NA,NA,NA,1,220,1,2,3,0,0,0,0,0,0,0,0,0,0,0,0,0,0,0,0,0,0,0,0,0,0,0,NA,NA,NA,"CD_I1005269",FALSE,33,"Anne","Hatchard","away","Adelaide Crows"
"CD_M20192640504","2019-03-03T05:05:00.000+0000","CONCLUDED","2019 NAB AFLW Season","Round 5",5,"Melbourne Avalon Airport Oval","North Melbourne","North Melbourne","Adelaide Crows","Adelaide Crows",39,"https://s.afl.com.au/staticfile/AFL Tenant/AFL/Players/ChampIDImages/AFLW/2019264/1005285.png?im=Scale,width=0.6,height=0.6","FB","CD_I1005285",FALSE,39,"Sarah","Allan","CD_T8098",NA,100,0,0,NA,5,1,6,2,0,0,0,4,4,1,0,0,0,2,66.7,2,0,0,23,2,0,0,NA,NA,"2019-05-01T04:48:59.936+0000",3,0,0,0,NA,NA,NA,0,148,0,0,0,0,0,0,0,0,0,0,0,0,0,0,0,0,0,0,0,0,0,0,0,0,0,0,NA,NA,NA,"CD_I1005285",FALSE,39,"Sarah","Allan","away","Adelaide Crows"
"CD_M20192640504","2019-03-03T05:05:00.000+0000","CONCLUDED","2019 NAB AFLW Season","Round 5",5,"Melbourne Avalon Airport Oval","North Melbourne","North Melbourne","Adelaide Crows","Adelaide Crows",24,"https://s.afl.com.au/staticfile/AFL Tenant/AFL/Players/ChampIDImages/AFLW/2019264/1011127.png?im=Scale,width=0.6,height=0.6","INT","CD_I1011127",FALSE,24,"Jessica","Foley","CD_T8098",NA,76,0,0,NA,12,4,16,4,0,3,8,8,16,3,0,0,16,0,62.5,4,3,1,84,0,0,0,NA,NA,"2019-05-01T04:48:59.936+0000",3,4,0,0,NA,NA,NA,2,243,1,3,4,0,0,0,0,0,0,0,0,0,0,0,0,0,0,0,0,0,0,0,0,0,0,0,NA,NA,NA,"CD_I1011127",FALSE,24,"Jessica","Foley","away","Adelaide Crows"
"CD_M20192640504","2019-03-03T05:05:00.000+0000","CONCLUDED","2019 NAB AFLW Season","Round 5",5,"Melbourne Avalon Airport Oval","North Melbourne","North Melbourne","Adelaide Crows","Adelaide Crows",32,"https://s.afl.com.au/staticfile/AFL Tenant/AFL/Players/ChampIDImages/AFLW/2019264/1007574.png?im=Scale,width=0.6,height=0.6","CHB","CD_I1007574",FALSE,32,"Marijana","Rajcic","CD_T8098",NA,100,0,0,NA,4,5,9,1,0,1,5,4,9,1,0,1,0,3,88.9,3,0,1,26,2,0,0,NA,NA,"2019-05-01T04:48:59.936+0000",1,5,0,0,NA,NA,NA,2,164,0,0,0,0,0,0,0,0,0,0,0,0,0,0,0,0,0,0,0,0,0,0,0,0,0,0,NA,NA,NA,"CD_I1007574",FALSE,32,"Marijana","Rajcic","away","Adelaide Crows"
"CD_M20192640504","2019-03-03T05:05:00.000+0000","CONCLUDED","2019 NAB AFLW Season","Round 5",5,"Melbourne Avalon Airport Oval","North Melbourne","North Melbourne","Adelaide Crows","Adelaide Crows",3,"https://s.afl.com.au/staticfile/AFL Tenant/AFL/Players/ChampIDImages/AFLW/2019264/1005378.png?im=Scale,width=0.6,height=0.6","HBFR","CD_I1005378",FALSE,3,"Angela","Foley","CD_T8098",NA,68,0,0,NA,8,3,11,2,0,1,2,8,10,2,0,0,0,3,81.8,0,1,0,41,2,0,0,NA,NA,"2019-05-01T04:48:59.936+0000",3,4,0,0,NA,NA,NA,1,248,0,0,0,0,0,0,0,0,0,0,0,0,0,0,0,0,0,0,0,0,0,0,0,0,0,0,NA,NA,NA,"CD_I1005378",FALSE,3,"Angela","Foley","away","Adelaide Crows"
"CD_M20192640504","2019-03-03T05:05:00.000+0000","CONCLUDED","2019 NAB AFLW Season","Round 5",5,"Melbourne Avalon Airport Oval","North Melbourne","North Melbourne","Adelaide Crows","Adelaide Crows",6,"https://s.afl.com.au/staticfile/AFL Tenant/AFL/Players/ChampIDImages/AFLW/2019264/1011092.png?im=Scale,width=0.6,height=0.6","INT","CD_I1011092",FALSE,6,"Hannah","Martin","CD_T8098",NA,47,0,1,NA,4,5,9,0,0,2,4,5,9,2,0,0,0,0,77.8,2,3,1,31,1,1,0,NA,NA,"2019-05-01T04:48:59.936+0000",2,1,0,1,NA,NA,NA,2,109,0,1,1,0,0,0,0,0,0,0,0,0,0,0,0,0,0,0,0,0,0,0,0,0,0,0,NA,NA,NA,"CD_I1011092",FALSE,6,"Hannah","Martin","away","Adelaide Crows"
"CD_M20192640504","2019-03-03T05:05:00.000+0000","CONCLUDED","2019 NAB AFLW Season","Round 5",5,"Melbourne Avalon Airport Oval","North Melbourne","North Melbourne","Adelaide Crows","Adelaide Crows",26,"https://s.afl.com.au/staticfile/AFL Tenant/AFL/Players/ChampIDImages/AFLW/2019264/998044.png?im=Scale,width=0.6,height=0.6","BPR","CD_I998044",FALSE,26,"Chelsea","Randall","CD_T8098",NA,89,0,0,NA,15,8,23,7,0,1,11,11,22,4,0,1,0,3,69.6,1,0,0,86,2,0,0,NA,NA,"2019-05-01T04:48:59.936+0000",4,13,0,0,NA,NA,NA,2,442,0,0,0,0,0,0,0,0,0,0,0,0,0,0,0,0,0,0,0,0,0,0,0,0,0,0,NA,NA,NA,"CD_I998044",FALSE,26,"Chelsea","Randall","away","Adelaide Crows"
"CD_M20192640504","2019-03-03T05:05:00.000+0000","CONCLUDED","2019 NAB AFLW Season","Round 5",5,"Melbourne Avalon Airport Oval","North Melbourne","North Melbourne","Adelaide Crows","Adelaide Crows",23,"https://s.afl.com.au/staticfile/AFL Tenant/AFL/Players/ChampIDImages/AFLW/2019264/1005955.png?im=Scale,width=0.6,height=0.6","FPL","CD_I1005955",FALSE,23,"Justine","Mules","CD_T8098",NA,71,0,0,NA,6,2,8,2,0,2,2,5,7,2,0,1,0,1,75,2,0,0,36,1,0,0,NA,NA,"2019-05-01T04:48:59.936+0000",3,0,0,0,NA,NA,NA,3,113,0,2,2,0,0,0,0,0,0,0,0,0,0,0,0,0,0,0,0,0,0,0,0,0,0,0,NA,NA,NA,"CD_I1005955",FALSE,23,"Justine","Mules","away","Adelaide Crows"
"CD_M20192640504","2019-03-03T05:05:00.000+0000","CONCLUDED","2019 NAB AFLW Season","Round 5",5,"Melbourne Avalon Airport Oval","North Melbourne","North Melbourne","Adelaide Crows","Adelaide Crows",2,"https://s.afl.com.au/staticfile/AFL Tenant/AFL/Players/ChampIDImages/AFLW/2019264/1005258.png?im=Scale,width=0.6,height=0.6","HFFL","CD_I1005258",FALSE,2,"Eloise","Jones","CD_T8098",NA,73,1,0,NA,7,3,10,2,0,3,3,5,8,1,1,1,0,0,60,2,0,0,51,1,1,100,NA,NA,"2019-05-01T04:48:59.936+0000",3,2,0,1,NA,NA,NA,4,172,0,0,0,0,0,0,0,0,0,0,0,0,0,0,0,0,0,0,0,0,0,0,0,0,0,0,NA,NA,NA,"CD_I1005258",FALSE,2,"Eloise","Jones","away","Adelaide Crows"
"CD_M20192640504","2019-03-03T05:05:00.000+0000","CONCLUDED","2019 NAB AFLW Season","Round 5",5,"Melbourne Avalon Airport Oval","North Melbourne","North Melbourne","Adelaide Crows","Adelaide Crows",27,"https://s.afl.com.au/staticfile/AFL Tenant/AFL/Players/ChampIDImages/AFLW/2019264/998045.png?im=Scale,width=0.6,height=0.6","HFFR","CD_I998045",FALSE,27,"Renee","Forth","CD_T8098",NA,58,0,0,NA,4,6,10,1,0,2,5,5,10,2,0,1,0,2,60,3,0,0,35,1,1,0,NA,NA,"2019-05-01T04:48:59.936+0000",3,0,0,0,NA,NA,NA,2,97,0,1,1,0,0,0,0,0,0,0,0,0,0,0,0,0,0,0,0,0,0,0,0,0,0,0,NA,NA,NA,"CD_I998045",FALSE,27,"Renee","Forth","away","Adelaide Crows"
"CD_M20192640504","2019-03-03T05:05:00.000+0000","CONCLUDED","2019 NAB AFLW Season","Round 5",5,"Melbourne Avalon Airport Oval","North Melbourne","North Melbourne","Adelaide Crows","Adelaide Crows",13,"https://s.afl.com.au/staticfile/AFL Tenant/AFL/Players/ChampIDImages/AFLW/2019264/1007129.png?im=Scale,width=0.6,height=0.6","C","CD_I1007129",FALSE,13,"Erin","Phillips","CD_T8098",NA,99,2,0,NA,14,9,23,3,0,2,12,10,22,7,2,1,0,1,78.3,7,1,3,81,1,1,100,NA,NA,"2019-05-01T04:48:59.936+0000",7,3,0,2,NA,NA,NA,5,428,3,3,6,0,0,0,0,0,0,0,0,0,0,0,0,0,0,0,0,0,0,0,0,0,0,0,NA,NA,NA,"CD_I1007129",FALSE,13,"Erin","Phillips","away","Adelaide Crows"
"CD_M20192640504","2019-03-03T05:05:00.000+0000","CONCLUDED","2019 NAB AFLW Season","Round 5",5,"Melbourne Avalon Airport Oval","North Melbourne","North Melbourne","Adelaide Crows","Adelaide Crows",4,"https://s.afl.com.au/staticfile/AFL Tenant/AFL/Players/ChampIDImages/AFLW/2019264/1007342.png?im=Scale,width=0.6,height=0.6","FF","CD_I1007342",FALSE,4,"Chloe","Scheer","CD_T8098",NA,77,1,0,NA,5,7,12,3,0,1,7,5,12,3,1,1,0,0,58.3,4,1,1,46,0,0,100,NA,NA,"2019-05-01T04:48:59.936+0000",2,0,0,1,NA,NA,NA,6,137,0,2,2,0,0,0,0,0,0,0,0,0,0,0,0,0,0,0,0,0,0,0,0,0,0,0,NA,NA,NA,"CD_I1007342",FALSE,4,"Chloe","Scheer","away","Adelaide Crows"
"CD_M20192640504","2019-03-03T05:05:00.000+0000","CONCLUDED","2019 NAB AFLW Season","Round 5",5,"Melbourne Avalon Airport Oval","North Melbourne","North Melbourne","Adelaide Crows","Adelaide Crows",8,"https://s.afl.com.au/staticfile/AFL Tenant/AFL/Players/ChampIDImages/AFLW/2019264/1005379.png?im=Scale,width=0.6,height=0.6","INT","CD_I1005379",FALSE,8,"Sally","Riley","CD_T8098",NA,69,1,1,NA,2,6,8,2,0,0,3,5,8,0,1,0,0,1,62.5,1,0,0,31,0,1,50,NA,NA,"2019-05-01T04:48:59.936+0000",1,0,0,2,NA,NA,NA,3,28,0,0,0,0,0,0,0,0,0,0,0,0,0,0,0,0,0,0,0,0,0,0,0,0,0,0,NA,NA,NA,"CD_I1005379",FALSE,8,"Sally","Riley","away","Adelaide Crows"
"CD_M20192640504","2019-03-03T05:05:00.000+0000","CONCLUDED","2019 NAB AFLW Season","Round 5",5,"Melbourne Avalon Airport Oval","North Melbourne","North Melbourne","Adelaide Crows","Adelaide Crows",19,"https://s.afl.com.au/staticfile/AFL Tenant/AFL/Players/ChampIDImages/AFLW/2019264/1007356.png?im=Scale,width=0.6,height=0.6","INT","CD_I1007356",FALSE,19,"Sophie","Li","CD_T8098",NA,60,1,0,NA,4,4,8,1,0,1,3,4,7,1,1,0,0,1,75,2,0,2,27,1,2,100,NA,NA,"2019-05-01T04:48:59.936+0000",3,1,0,1,NA,NA,NA,4,86,0,1,1,0,0,0,0,0,0,0,0,0,0,0,0,0,0,0,0,0,0,0,0,0,0,0,NA,NA,NA,"CD_I1007356",FALSE,19,"Sophie","Li","away","Adelaide Crows"
"CD_M20192640504","2019-03-03T05:05:00.000+0000","CONCLUDED","2019 NAB AFLW Season","Round 5",5,"Melbourne Avalon Airport Oval","North Melbourne","North Melbourne","Adelaide Crows","Adelaide Crows",5,"https://s.afl.com.au/staticfile/AFL Tenant/AFL/Players/ChampIDImages/AFLW/2019264/1005641.png?im=Scale,width=0.6,height=0.6","RK","CD_I1005641",FALSE,5,"Jenna","McCormick","CD_T8098",NA,75,0,0,NA,6,5,11,1,0,4,4,7,11,1,0,0,0,0,63.6,1,0,0,47,2,0,0,NA,NA,"2019-05-01T04:48:59.936+0000",3,3,0,0,NA,NA,NA,2,132,1,0,1,0,0,0,0,0,0,0,0,0,0,0,0,0,0,0,0,0,0,0,0,0,0,0,NA,NA,NA,"CD_I1005641",FALSE,5,"Jenna","McCormick","away","Adelaide Crows"
"CD_M20192640505","2019-03-03T07:05:00.000+0000","CONCLUDED","2019 NAB AFLW Season","Round 5",5,"Fremantle Oval","Fremantle","Fremantle","Western Bulldogs","Western Bulldogs",15,"https://s.afl.com.au/staticfile/AFL Tenant/AFL/Players/ChampIDImages/AFLW/2019264/998036.png?im=Scale,width=0.6,height=0.6","HBFR","CD_I998036",FALSE,15,"Kara","Donnellan","CD_T7886",NA,80,0,0,NA,11,3,14,2,1,2,5,8,13,4,0,0,0,0,50,1,0,1,50,2,0,0,0,NA,"2019-03-04T05:21:55.689+0000",5,3,1,0,NA,NA,NA,1,289,0,1,1,0,0,0,0,0,0,0,0,0,0,0,0,0,0,0,0,0,0,0,0,0,0,0,NA,NA,NA,"CD_I998036",FALSE,15,"Kara","Donnellan","home","Fremantle"
"CD_M20192640505","2019-03-03T07:05:00.000+0000","CONCLUDED","2019 NAB AFLW Season","Round 5",5,"Fremantle Oval","Fremantle","Fremantle","Western Bulldogs","Western Bulldogs",6,"https://s.afl.com.au/staticfile/AFL Tenant/AFL/Players/ChampIDImages/AFLW/2019264/1009895.png?im=Scale,width=0.6,height=0.6","FPR","CD_I1009895",FALSE,6,"Sabreena","Duffy","CD_T7886",NA,86,2,0,NA,9,1,10,1,0,0,7,2,9,2,0,0,0,2,50,2,1,0,45,0,1,66.7,0,NA,"2019-03-04T05:21:55.689+0000",4,3,0,3,NA,NA,NA,3,196,0,1,1,0,0,0,0,0,0,0,0,0,0,0,0,0,0,0,0,0,0,0,0,0,0,0,NA,NA,NA,"CD_I1009895",FALSE,6,"Sabreena","Duffy","home","Fremantle"
"CD_M20192640505","2019-03-03T07:05:00.000+0000","CONCLUDED","2019 NAB AFLW Season","Round 5",5,"Fremantle Oval","Fremantle","Fremantle","Western Bulldogs","Western Bulldogs",18,"https://s.afl.com.au/staticfile/AFL Tenant/AFL/Players/ChampIDImages/AFLW/2019264/1012248.png?im=Scale,width=0.6,height=0.6","C","CD_I1012248",FALSE,18,"Philipa","Seth","CD_T7886",NA,100,0,0,NA,7,1,8,3,1,0,2,4,6,0,0,0,0,1,50,0,1,0,33,2,0,0,0,NA,"2019-03-04T05:21:55.689+0000",0,4,0,0,NA,NA,NA,0,130,0,0,0,0,0,0,0,0,0,0,0,0,0,0,0,0,0,0,0,0,0,0,0,0,0,0,NA,NA,NA,"CD_I1012248",FALSE,18,"Philipa","Seth","home","Fremantle"
"CD_M20192640505","2019-03-03T07:05:00.000+0000","CONCLUDED","2019 NAB AFLW Season","Round 5",5,"Fremantle Oval","Fremantle","Fremantle","Western Bulldogs","Western Bulldogs",1,"https://s.afl.com.au/staticfile/AFL Tenant/AFL/Players/ChampIDImages/AFLW/2019264/1005416.png?im=Scale,width=0.6,height=0.6","CHF","CD_I1005416",FALSE,1,"Ashley","Sharp","CD_T7886",NA,80,0,1,NA,5,3,8,1,0,2,5,2,7,2,0,0,0,0,50,2,0,0,33,0,1,0,0,NA,"2019-03-04T05:21:55.689+0000",3,1,1,1,NA,NA,NA,3,135,0,0,0,0,0,0,0,0,0,0,0,0,0,0,0,0,0,0,0,0,0,0,0,0,0,0,NA,NA,NA,"CD_I1005416",FALSE,1,"Ashley","Sharp","home","Fremantle"
"CD_M20192640505","2019-03-03T07:05:00.000+0000","CONCLUDED","2019 NAB AFLW Season","Round 5",5,"Fremantle Oval","Fremantle","Fremantle","Western Bulldogs","Western Bulldogs",27,"https://s.afl.com.au/staticfile/AFL Tenant/AFL/Players/ChampIDImages/AFLW/2019264/1007141.png?im=Scale,width=0.6,height=0.6","HFFL","CD_I1007141",FALSE,27,"Gemma","Houghton","CD_T7886",NA,74,2,0,NA,3,3,6,2,0,8,2,4,6,0,2,0,1,0,33.3,4,1,1,64,0,0,66.7,0,NA,"2019-03-04T05:21:55.689+0000",2,0,5,3,NA,NA,NA,2,62,0,0,0,0,0,0,0,0,0,0,0,0,0,0,0,0,0,0,0,0,0,0,0,0,0,0,NA,NA,NA,"CD_I1007141",FALSE,27,"Gemma","Houghton","home","Fremantle"
"CD_M20192640505","2019-03-03T07:05:00.000+0000","CONCLUDED","2019 NAB AFLW Season","Round 5",5,"Fremantle Oval","Fremantle","Fremantle","Western Bulldogs","Western Bulldogs",5,"https://s.afl.com.au/staticfile/AFL Tenant/AFL/Players/ChampIDImages/AFLW/2019264/1005429.png?im=Scale,width=0.6,height=0.6","FB","CD_I1005429",FALSE,5,"Tayla","Bresland","CD_T7886",NA,91,0,0,NA,4,1,5,0,0,2,1,2,3,0,0,0,0,0,80,1,0,0,22,2,0,0,0,NA,"2019-03-04T05:21:55.689+0000",2,2,0,0,NA,NA,NA,0,95,0,0,0,0,0,0,0,0,0,0,0,0,0,0,0,0,0,0,0,0,0,0,0,0,0,0,NA,NA,NA,"CD_I1005429",FALSE,5,"Tayla","Bresland","home","Fremantle"
"CD_M20192640505","2019-03-03T07:05:00.000+0000","CONCLUDED","2019 NAB AFLW Season","Round 5",5,"Fremantle Oval","Fremantle","Fremantle","Western Bulldogs","Western Bulldogs",10,"https://s.afl.com.au/staticfile/AFL Tenant/AFL/Players/ChampIDImages/AFLW/2019264/998152.png?im=Scale,width=0.6,height=0.6","INT","CD_I998152",FALSE,10,"Melissa","Caulfield","CD_T7886",NA,63,0,0,NA,3,1,4,0,0,2,3,1,4,1,0,0,0,0,75,2,0,1,16,0,0,0,0,NA,"2019-03-04T05:21:55.689+0000",1,1,0,0,NA,NA,NA,0,103,0,2,2,0,0,0,0,0,0,0,0,0,0,0,0,0,0,0,0,0,0,0,0,0,0,0,NA,NA,NA,"CD_I998152",FALSE,10,"Melissa","Caulfield","home","Fremantle"
"CD_M20192640505","2019-03-03T07:05:00.000+0000","CONCLUDED","2019 NAB AFLW Season","Round 5",5,"Fremantle Oval","Fremantle","Fremantle","Western Bulldogs","Western Bulldogs",22,"https://s.afl.com.au/staticfile/AFL Tenant/AFL/Players/ChampIDImages/AFLW/2019264/1007144.png?im=Scale,width=0.6,height=0.6","INT","CD_I1007144",FALSE,22,"Gabby","O'Sullivan","CD_T7886",NA,70,0,1,NA,3,5,8,1,0,2,4,4,8,2,1,0,0,2,50,3,0,1,28,0,2,0,0,NA,"2019-03-04T05:21:55.689+0000",2,1,0,1,NA,NA,NA,4,104,0,0,0,0,0,0,0,0,0,0,0,0,0,0,0,0,0,0,0,0,0,0,0,0,0,0,NA,NA,NA,"CD_I1007144",FALSE,22,"Gabby","O'Sullivan","home","Fremantle"
"CD_M20192640505","2019-03-03T07:05:00.000+0000","CONCLUDED","2019 NAB AFLW Season","Round 5",5,"Fremantle Oval","Fremantle","Fremantle","Western Bulldogs","Western Bulldogs",21,"https://s.afl.com.au/staticfile/AFL Tenant/AFL/Players/ChampIDImages/AFLW/2019264/998041.png?im=Scale,width=0.6,height=0.6","FF","CD_I998041",FALSE,21,"Kellie","Gibson","CD_T7886",NA,83,3,0,NA,5,1,6,2,0,1,4,2,6,1,1,1,0,0,100,3,2,2,41,0,0,100,0,NA,"2019-03-04T05:21:55.689+0000",2,0,1,3,NA,NA,NA,3,151,0,0,0,0,0,0,0,0,0,0,0,0,0,0,0,0,0,0,0,0,0,0,0,0,0,0,NA,NA,NA,"CD_I998041",FALSE,21,"Kellie","Gibson","home","Fremantle"
"CD_M20192640505","2019-03-03T07:05:00.000+0000","CONCLUDED","2019 NAB AFLW Season","Round 5",5,"Fremantle Oval","Fremantle","Fremantle","Western Bulldogs","Western Bulldogs",20,"https://s.afl.com.au/staticfile/AFL Tenant/AFL/Players/ChampIDImages/AFLW/2019264/1006997.png?im=Scale,width=0.6,height=0.6","R","CD_I1006997",FALSE,20,"Stephanie","Cain","CD_T7886",NA,78,0,0,NA,12,2,14,2,1,2,6,6,12,4,0,0,0,0,57.1,3,2,1,53,2,0,0,0,NA,"2019-03-04T05:21:55.689+0000",4,6,1,0,NA,NA,NA,1,274,1,1,2,0,0,0,0,0,0,0,0,0,0,0,0,0,0,0,0,0,0,0,0,0,0,0,NA,NA,NA,"CD_I1006997",FALSE,20,"Stephanie","Cain","home","Fremantle"
"CD_M20192640505","2019-03-03T07:05:00.000+0000","CONCLUDED","2019 NAB AFLW Season","Round 5",5,"Fremantle Oval","Fremantle","Fremantle","Western Bulldogs","Western Bulldogs",30,"https://s.afl.com.au/staticfile/AFL Tenant/AFL/Players/ChampIDImages/AFLW/2019264/1004406.png?im=Scale,width=0.6,height=0.6","INT","CD_I1004406",FALSE,30,"Alicia","Janz","CD_T7886",NA,36,0,0,NA,0,2,2,0,0,5,2,0,2,0,0,0,12,3,50,1,1,1,34,0,0,0,0,NA,"2019-03-04T05:21:55.689+0000",0,0,0,0,NA,NA,NA,1,0,0,2,2,0,0,0,0,0,0,0,0,0,0,0,0,0,0,0,0,0,0,0,0,0,0,0,NA,NA,NA,"CD_I1004406",FALSE,30,"Alicia","Janz","home","Fremantle"
"CD_M20192640505","2019-03-03T07:05:00.000+0000","CONCLUDED","2019 NAB AFLW Season","Round 5",5,"Fremantle Oval","Fremantle","Fremantle","Western Bulldogs","Western Bulldogs",19,"https://s.afl.com.au/staticfile/AFL Tenant/AFL/Players/ChampIDImages/AFLW/2019264/998040.png?im=Scale,width=0.6,height=0.6","HFFR","CD_I998040",FALSE,19,"Hayley","Miller","CD_T7886",NA,73,0,0,NA,7,2,9,0,1,1,4,3,7,5,0,0,0,2,55.6,0,0,0,29,0,0,0,0,NA,"2019-03-04T05:21:55.689+0000",2,2,0,0,NA,NA,NA,4,208,1,3,4,0,0,0,0,0,0,0,0,0,0,0,0,0,0,0,0,0,0,0,0,0,0,0,NA,NA,NA,"CD_I998040",FALSE,19,"Hayley","Miller","home","Fremantle"
"CD_M20192640505","2019-03-03T07:05:00.000+0000","CONCLUDED","2019 NAB AFLW Season","Round 5",5,"Fremantle Oval","Fremantle","Fremantle","Western Bulldogs","Western Bulldogs",14,"https://s.afl.com.au/staticfile/AFL Tenant/AFL/Players/ChampIDImages/AFLW/2019264/1001680.png?im=Scale,width=0.6,height=0.6","BPL","CD_I1001680",FALSE,14,"Leah","Mascall","CD_T7886",NA,82,0,0,NA,5,2,7,1,0,2,2,3,5,0,0,1,0,2,57.1,0,0,0,30,0,0,0,0,NA,"2019-03-04T05:21:55.689+0000",1,4,0,0,NA,NA,NA,0,122,0,0,0,0,0,0,0,0,0,0,0,0,0,0,0,0,0,0,0,0,0,0,0,0,0,0,NA,NA,NA,"CD_I1001680",FALSE,14,"Leah","Mascall","home","Fremantle"
"CD_M20192640505","2019-03-03T07:05:00.000+0000","CONCLUDED","2019 NAB AFLW Season","Round 5",5,"Fremantle Oval","Fremantle","Fremantle","Western Bulldogs","Western Bulldogs",11,"https://s.afl.com.au/staticfile/AFL Tenant/AFL/Players/ChampIDImages/AFLW/2019264/1012251.png?im=Scale,width=0.6,height=0.6","RK","CD_I1012251",FALSE,11,"Parris","Laurie","CD_T7886",NA,64,0,0,NA,4,4,8,0,0,0,7,3,10,2,0,0,14,0,62.5,1,0,1,31,0,0,0,0,NA,"2019-03-04T05:21:55.689+0000",3,2,0,0,NA,NA,NA,3,85,0,4,4,0,0,0,0,0,0,0,0,0,0,0,0,0,0,0,0,0,0,0,0,0,0,0,NA,NA,NA,"CD_I1012251",FALSE,11,"Parris","Laurie","home","Fremantle"
"CD_M20192640505","2019-03-03T07:05:00.000+0000","CONCLUDED","2019 NAB AFLW Season","Round 5",5,"Fremantle Oval","Fremantle","Fremantle","Western Bulldogs","Western Bulldogs",17,"https://s.afl.com.au/staticfile/AFL Tenant/AFL/Players/ChampIDImages/AFLW/2019264/998156.png?im=Scale,width=0.6,height=0.6","RR","CD_I998156",FALSE,17,"Dana","Hooker","CD_T7886",NA,84,0,0,NA,15,6,21,3,0,9,16,5,21,7,0,0,0,1,61.9,2,5,1,104,0,1,0,0,NA,"2019-03-04T05:21:55.689+0000",5,4,0,0,NA,NA,NA,4,345,6,3,9,0,0,0,0,0,0,0,0,0,0,0,0,0,0,0,0,0,0,0,0,0,0,0,NA,NA,NA,"CD_I998156",FALSE,17,"Dana","Hooker","home","Fremantle"
"CD_M20192640505","2019-03-03T07:05:00.000+0000","CONCLUDED","2019 NAB AFLW Season","Round 5",5,"Fremantle Oval","Fremantle","Fremantle","Western Bulldogs","Western Bulldogs",2,"https://s.afl.com.au/staticfile/AFL Tenant/AFL/Players/ChampIDImages/AFLW/2019264/998030.png?im=Scale,width=0.6,height=0.6","FPL","CD_I998030",FALSE,2,"Kiara","Bowers","CD_T7886",NA,88,1,2,NA,18,5,23,5,0,16,15,8,23,6,0,1,0,1,65.2,0,6,0,157,1,1,33.3,0,NA,"2019-03-04T05:21:55.689+0000",1,4,3,3,NA,NA,NA,6,485,2,5,7,0,0,0,0,0,0,0,0,0,0,0,0,0,0,0,0,0,0,0,0,0,0,0,NA,NA,NA,"CD_I998030",FALSE,2,"Kiara","Bowers","home","Fremantle"
"CD_M20192640505","2019-03-03T07:05:00.000+0000","CONCLUDED","2019 NAB AFLW Season","Round 5",5,"Fremantle Oval","Fremantle","Fremantle","Western Bulldogs","Western Bulldogs",12,"https://s.afl.com.au/staticfile/AFL Tenant/AFL/Players/ChampIDImages/AFLW/2019264/1001682.png?im=Scale,width=0.6,height=0.6","CHB","CD_I1001682",FALSE,12,"Ebony","Antonio","CD_T7886",NA,87,0,0,NA,3,5,8,0,0,6,6,2,8,0,0,0,1,3,50,6,1,2,39,0,0,0,0,NA,"2019-03-04T05:21:55.689+0000",6,4,2,1,NA,NA,NA,1,54,0,0,0,0,0,0,0,0,0,0,0,0,0,0,0,0,0,0,0,0,0,0,0,0,0,0,NA,NA,NA,"CD_I1001682",FALSE,12,"Ebony","Antonio","home","Fremantle"
"CD_M20192640505","2019-03-03T07:05:00.000+0000","CONCLUDED","2019 NAB AFLW Season","Round 5",5,"Fremantle Oval","Fremantle","Fremantle","Western Bulldogs","Western Bulldogs",9,"https://s.afl.com.au/staticfile/AFL Tenant/AFL/Players/ChampIDImages/AFLW/2019264/1005431.png?im=Scale,width=0.6,height=0.6","HBFL","CD_I1005431",FALSE,9,"Alex","Williams","CD_T7886",NA,78,0,0,NA,4,2,6,1,0,1,2,3,5,0,0,0,0,2,33.3,4,0,2,17,0,0,0,0,NA,"2019-03-04T05:21:55.689+0000",3,3,0,0,NA,NA,NA,0,89,0,0,0,0,0,0,0,0,0,0,0,0,0,0,0,0,0,0,0,0,0,0,0,0,0,0,NA,NA,NA,"CD_I1005431",FALSE,9,"Alex","Williams","home","Fremantle"
"CD_M20192640505","2019-03-03T07:05:00.000+0000","CONCLUDED","2019 NAB AFLW Season","Round 5",5,"Fremantle Oval","Fremantle","Fremantle","Western Bulldogs","Western Bulldogs",32,"https://s.afl.com.au/staticfile/AFL Tenant/AFL/Players/ChampIDImages/AFLW/2019264/1005437.png?im=Scale,width=0.6,height=0.6","INT","CD_I1005437",FALSE,32,"Laura","Pugh","CD_T7886",NA,75,0,0,NA,1,5,6,0,0,0,5,2,7,0,0,0,0,2,33.3,1,0,0,13,1,0,0,0,NA,"2019-03-04T05:21:55.689+0000",2,4,0,0,NA,NA,NA,0,14,0,0,0,0,0,0,0,0,0,0,0,0,0,0,0,0,0,0,0,0,0,0,0,0,0,0,NA,NA,NA,"CD_I1005437",FALSE,32,"Laura","Pugh","home","Fremantle"
"CD_M20192640505","2019-03-03T07:05:00.000+0000","CONCLUDED","2019 NAB AFLW Season","Round 5",5,"Fremantle Oval","Fremantle","Fremantle","Western Bulldogs","Western Bulldogs",23,"https://s.afl.com.au/staticfile/AFL Tenant/AFL/Players/ChampIDImages/AFLW/2019264/1009893.png?im=Scale,width=0.6,height=0.6","INT","CD_I1009893",FALSE,23,"Matilda","Sergeant","CD_T7886",NA,55,0,0,NA,4,3,7,1,0,2,6,1,7,1,0,0,0,1,42.9,1,1,0,30,1,0,0,0,NA,"2019-03-04T05:21:55.689+0000",0,0,0,0,NA,NA,NA,0,85,1,2,3,0,0,0,0,0,0,0,0,0,0,0,0,0,0,0,0,0,0,0,0,0,0,0,NA,NA,NA,"CD_I1009893",FALSE,23,"Matilda","Sergeant","home","Fremantle"
"CD_M20192640505","2019-03-03T07:05:00.000+0000","CONCLUDED","2019 NAB AFLW Season","Round 5",5,"Fremantle Oval","Fremantle","Fremantle","Western Bulldogs","Western Bulldogs",24,"https://s.afl.com.au/staticfile/AFL Tenant/AFL/Players/ChampIDImages/AFLW/2019264/1013937.png?im=Scale,width=0.6,height=0.6","BPR","CD_I1013937",FALSE,24,"Angelique","Stannett","CD_T7886",NA,74,0,0,NA,1,0,1,0,0,2,1,0,1,0,0,0,0,2,0,2,1,2,6,0,0,0,0,NA,"2019-03-04T05:21:55.689+0000",0,1,0,0,NA,NA,NA,0,30,0,0,0,0,0,0,0,0,0,0,0,0,0,0,0,0,0,0,0,0,0,0,0,0,0,0,NA,NA,NA,"CD_I1013937",FALSE,24,"Angelique","Stannett","home","Fremantle"
"CD_M20192640505","2019-03-03T07:05:00.000+0000","CONCLUDED","2019 NAB AFLW Season","Round 5",5,"Fremantle Oval","Fremantle","Fremantle","Western Bulldogs","Western Bulldogs",36,"https://s.afl.com.au/staticfile/AFL Tenant/AFL/Players/ChampIDImages/AFLW/2019264/1007154.png?im=Scale,width=0.6,height=0.6","INT","CD_I1007154",FALSE,36,"Angelica","Gogos","CD_T7387",NA,54,0,0,NA,7,3,10,1,0,4,4,6,10,0,0,0,0,0,30,2,2,0,48,0,0,0,0,NA,"2019-03-04T05:21:55.689+0000",4,0,0,0,NA,NA,NA,0,64,1,1,2,0,0,0,0,0,0,0,0,0,0,0,0,0,0,0,0,0,0,0,0,0,0,0,NA,NA,NA,"CD_I1007154",FALSE,36,"Angelica","Gogos","away","Western Bulldogs"
"CD_M20192640505","2019-03-03T07:05:00.000+0000","CONCLUDED","2019 NAB AFLW Season","Round 5",5,"Fremantle Oval","Fremantle","Fremantle","Western Bulldogs","Western Bulldogs",1,"https://s.afl.com.au/staticfile/AFL Tenant/AFL/Players/ChampIDImages/AFLW/2019264/1004408.png?im=Scale,width=0.6,height=0.6","HFFL","CD_I1004408",FALSE,1,"Brooke","Lochland","CD_T7387",NA,81,1,1,NA,7,3,10,1,0,3,6,6,12,2,0,0,0,0,70,1,2,1,48,1,0,50,0,NA,"2019-03-04T05:21:55.689+0000",3,1,0,2,NA,NA,NA,2,127,0,0,0,0,0,0,0,0,0,0,0,0,0,0,0,0,0,0,0,0,0,0,0,0,0,0,NA,NA,NA,"CD_I1004408",FALSE,1,"Brooke","Lochland","away","Western Bulldogs"
"CD_M20192640505","2019-03-03T07:05:00.000+0000","CONCLUDED","2019 NAB AFLW Season","Round 5",5,"Fremantle Oval","Fremantle","Fremantle","Western Bulldogs","Western Bulldogs",25,"https://s.afl.com.au/staticfile/AFL Tenant/AFL/Players/ChampIDImages/AFLW/2019264/1010732.png?im=Scale,width=0.6,height=0.6","INT","CD_I1010732",FALSE,25,"Emma","Mackie","CD_T7387",NA,61,0,0,NA,0,3,3,1,0,1,0,3,3,0,1,0,0,0,66.7,0,0,0,13,0,0,0,0,NA,"2019-03-04T05:21:55.689+0000",0,0,0,0,NA,NA,NA,1,27,0,0,0,0,0,0,0,0,0,0,0,0,0,0,0,0,0,0,0,0,0,0,0,0,0,0,NA,NA,NA,"CD_I1010732",FALSE,25,"Emma","Mackie","away","Western Bulldogs"
"CD_M20192640505","2019-03-03T07:05:00.000+0000","CONCLUDED","2019 NAB AFLW Season","Round 5",5,"Fremantle Oval","Fremantle","Fremantle","Western Bulldogs","Western Bulldogs",27,"https://s.afl.com.au/staticfile/AFL Tenant/AFL/Players/ChampIDImages/AFLW/2019264/997686.png?im=Scale,width=0.6,height=0.6","C","CD_I997686",FALSE,27,"Kirsty","Lamb","CD_T7387",NA,76,0,2,NA,15,3,18,5,0,8,8,9,17,0,0,0,0,1,44.4,5,0,4,88,3,0,0,0,NA,"2019-03-04T05:21:55.689+0000",3,2,1,2,NA,NA,NA,2,272,0,5,5,0,0,0,0,0,0,0,0,0,0,0,0,0,0,0,0,0,0,0,0,0,0,0,NA,NA,NA,"CD_I997686",FALSE,27,"Kirsty","Lamb","away","Western Bulldogs"
"CD_M20192640505","2019-03-03T07:05:00.000+0000","CONCLUDED","2019 NAB AFLW Season","Round 5",5,"Fremantle Oval","Fremantle","Fremantle","Western Bulldogs","Western Bulldogs",9,"https://s.afl.com.au/staticfile/AFL Tenant/AFL/Players/ChampIDImages/AFLW/2019264/1009875.png?im=Scale,width=0.6,height=0.6","INT","CD_I1009875",FALSE,9,"Eleanor","Brown","CD_T7387",NA,78,0,0,NA,6,2,8,1,0,0,3,5,8,1,0,0,0,1,37.5,3,0,1,22,3,0,0,0,NA,"2019-03-04T05:21:55.689+0000",5,4,0,0,NA,NA,NA,1,119,0,0,0,0,0,0,0,0,0,0,0,0,0,0,0,0,0,0,0,0,0,0,0,0,0,0,NA,NA,NA,"CD_I1009875",FALSE,9,"Eleanor","Brown","away","Western Bulldogs"
"CD_M20192640505","2019-03-03T07:05:00.000+0000","CONCLUDED","2019 NAB AFLW Season","Round 5",5,"Fremantle Oval","Fremantle","Fremantle","Western Bulldogs","Western Bulldogs",18,"https://s.afl.com.au/staticfile/AFL Tenant/AFL/Players/ChampIDImages/AFLW/2019264/1007157.png?im=Scale,width=0.6,height=0.6","BPR","CD_I1007157",FALSE,18,"Libby","Birch","CD_T7387",NA,100,0,0,NA,7,2,9,0,0,3,6,2,8,0,0,0,0,4,77.8,3,3,2,34,3,0,0,0,NA,"2019-03-04T05:21:55.689+0000",1,6,0,0,NA,NA,NA,0,103,0,1,1,0,0,0,0,0,0,0,0,0,0,0,0,0,0,0,0,0,0,0,0,0,0,0,NA,NA,NA,"CD_I1007157",FALSE,18,"Libby","Birch","away","Western Bulldogs"
"CD_M20192640505","2019-03-03T07:05:00.000+0000","CONCLUDED","2019 NAB AFLW Season","Round 5",5,"Fremantle Oval","Fremantle","Fremantle","Western Bulldogs","Western Bulldogs",14,"https://s.afl.com.au/staticfile/AFL Tenant/AFL/Players/ChampIDImages/AFLW/2019264/1005374.png?im=Scale,width=0.6,height=0.6","CHF","CD_I1005374",FALSE,14,"Ellyse","Gamble","CD_T7387",NA,65,0,0,NA,0,1,1,0,0,0,1,0,1,0,0,0,8,0,100,2,0,2,4,0,0,0,0,NA,"2019-03-04T05:21:55.689+0000",0,0,0,0,NA,NA,NA,0,0,0,0,0,0,0,0,0,0,0,0,0,0,0,0,0,0,0,0,0,0,0,0,0,0,0,0,NA,NA,NA,"CD_I1005374",FALSE,14,"Ellyse","Gamble","away","Western Bulldogs"
"CD_M20192640505","2019-03-03T07:05:00.000+0000","CONCLUDED","2019 NAB AFLW Season","Round 5",5,"Fremantle Oval","Fremantle","Fremantle","Western Bulldogs","Western Bulldogs",19,"https://s.afl.com.au/staticfile/AFL Tenant/AFL/Players/ChampIDImages/AFLW/2019264/997692.png?im=Scale,width=0.6,height=0.6","CHB","CD_I997692",FALSE,19,"Tiarna","Ernst","CD_T7387",NA,82,0,0,NA,5,4,9,4,0,1,3,5,8,0,0,0,0,4,66.7,3,0,1,36,2,0,0,0,NA,"2019-03-04T05:21:55.689+0000",2,5,0,0,NA,NA,NA,0,98,0,0,0,0,0,0,0,0,0,0,0,0,0,0,0,0,0,0,0,0,0,0,0,0,0,0,NA,NA,NA,"CD_I997692",FALSE,19,"Tiarna","Ernst","away","Western Bulldogs"
"CD_M20192640505","2019-03-03T07:05:00.000+0000","CONCLUDED","2019 NAB AFLW Season","Round 5",5,"Fremantle Oval","Fremantle","Fremantle","Western Bulldogs","Western Bulldogs",24,"https://s.afl.com.au/staticfile/AFL Tenant/AFL/Players/ChampIDImages/AFLW/2019264/1010677.png?im=Scale,width=0.6,height=0.6","RK","CD_I1010677",FALSE,24,"Kimberley","Rennie","CD_T7387",NA,60,0,0,NA,3,1,4,2,0,3,4,2,6,0,0,1,25,2,0,0,0,0,54,2,0,0,0,NA,"2019-03-04T05:21:55.689+0000",2,0,0,0,NA,NA,NA,3,43,1,1,2,0,0,0,0,0,0,0,0,0,0,0,0,0,0,0,0,0,0,0,0,0,0,0,NA,NA,NA,"CD_I1010677",FALSE,24,"Kimberley","Rennie","away","Western Bulldogs"
"CD_M20192640505","2019-03-03T07:05:00.000+0000","CONCLUDED","2019 NAB AFLW Season","Round 5",5,"Fremantle Oval","Fremantle","Fremantle","Western Bulldogs","Western Bulldogs",26,"https://s.afl.com.au/staticfile/AFL Tenant/AFL/Players/ChampIDImages/AFLW/2019264/1012716.png?im=Scale,width=0.6,height=0.6","HBFL","CD_I1012716",FALSE,26,"Selena","Karlson","CD_T7387",NA,61,0,0,NA,4,1,5,2,0,2,3,3,6,0,0,0,0,2,40,1,0,1,25,4,0,0,0,NA,"2019-03-04T05:21:55.689+0000",1,2,0,0,NA,NA,NA,0,64,0,1,1,0,0,0,0,0,0,0,0,0,0,0,0,0,0,0,0,0,0,0,0,0,0,0,NA,NA,NA,"CD_I1012716",FALSE,26,"Selena","Karlson","away","Western Bulldogs"
"CD_M20192640505","2019-03-03T07:05:00.000+0000","CONCLUDED","2019 NAB AFLW Season","Round 5",5,"Fremantle Oval","Fremantle","Fremantle","Western Bulldogs","Western Bulldogs",7,"https://s.afl.com.au/staticfile/AFL Tenant/AFL/Players/ChampIDImages/AFLW/2019264/997728.png?im=Scale,width=0.6,height=0.6","INT","CD_I997728",FALSE,7,"Deanna","Berry","CD_T7387",NA,53,0,0,NA,2,1,3,1,0,2,2,2,4,1,0,0,0,0,66.7,2,1,0,20,0,0,0,0,NA,"2019-03-04T05:21:55.689+0000",1,1,0,0,NA,NA,NA,1,107,0,1,1,0,0,0,0,0,0,0,0,0,0,0,0,0,0,0,0,0,0,0,0,0,0,0,NA,NA,NA,"CD_I997728",FALSE,7,"Deanna","Berry","away","Western Bulldogs"
"CD_M20192640505","2019-03-03T07:05:00.000+0000","CONCLUDED","2019 NAB AFLW Season","Round 5",5,"Fremantle Oval","Fremantle","Fremantle","Western Bulldogs","Western Bulldogs",8,"https://s.afl.com.au/staticfile/AFL Tenant/AFL/Players/ChampIDImages/AFLW/2019264/1010104.png?im=Scale,width=0.6,height=0.6","R","CD_I1010104",FALSE,8,"Monique","Conti","CD_T7387",NA,76,0,0,NA,5,15,20,2,0,8,16,5,21,1,0,0,0,1,60,4,2,3,76,0,0,0,0,NA,"2019-03-04T05:21:55.689+0000",4,6,1,0,NA,NA,NA,2,91,3,3,6,0,0,0,0,0,0,0,0,0,0,0,0,0,0,0,0,0,0,0,0,0,0,0,NA,NA,NA,"CD_I1010104",FALSE,8,"Monique","Conti","away","Western Bulldogs"
"CD_M20192640505","2019-03-03T07:05:00.000+0000","CONCLUDED","2019 NAB AFLW Season","Round 5",5,"Fremantle Oval","Fremantle","Fremantle","Western Bulldogs","Western Bulldogs",23,"https://s.afl.com.au/staticfile/AFL Tenant/AFL/Players/ChampIDImages/AFLW/2019264/1010676.png?im=Scale,width=0.6,height=0.6","HBFR","CD_I1010676",FALSE,23,"Aisling","Utri","CD_T7387",NA,100,1,0,NA,9,3,12,3,0,2,6,6,12,3,1,1,0,3,50,2,2,0,58,2,0,100,0,NA,"2019-03-04T05:21:55.689+0000",5,2,0,1,NA,NA,NA,1,287,0,0,0,0,0,0,0,0,0,0,0,0,0,0,0,0,0,0,0,0,0,0,0,0,0,0,NA,NA,NA,"CD_I1010676",FALSE,23,"Aisling","Utri","away","Western Bulldogs"
"CD_M20192640505","2019-03-03T07:05:00.000+0000","CONCLUDED","2019 NAB AFLW Season","Round 5",5,"Fremantle Oval","Fremantle","Fremantle","Western Bulldogs","Western Bulldogs",2,"https://s.afl.com.au/staticfile/AFL Tenant/AFL/Players/ChampIDImages/AFLW/2019264/296125.png?im=Scale,width=0.6,height=0.6","RR","CD_I296125",FALSE,2,"Ellie","Blackburn","CD_T7387",NA,93,0,1,NA,10,5,15,2,0,3,10,8,18,2,0,0,0,2,53.3,6,1,4,48,1,0,0,0,NA,"2019-03-04T05:21:55.689+0000",3,3,0,1,NA,NA,NA,2,266,0,3,3,0,0,0,0,0,0,0,0,0,0,0,0,0,0,0,0,0,0,0,0,0,0,0,NA,NA,NA,"CD_I296125",FALSE,2,"Ellie","Blackburn","away","Western Bulldogs"
"CD_M20192640505","2019-03-03T07:05:00.000+0000","CONCLUDED","2019 NAB AFLW Season","Round 5",5,"Fremantle Oval","Fremantle","Fremantle","Western Bulldogs","Western Bulldogs",3,"https://s.afl.com.au/staticfile/AFL Tenant/AFL/Players/ChampIDImages/AFLW/2019264/998157.png?im=Scale,width=0.6,height=0.6","FPR","CD_I998157",FALSE,3,"Katie","Brennan","CD_T7387",NA,89,1,0,NA,15,3,18,3,0,1,4,15,19,3,0,0,0,0,77.8,3,0,2,64,4,1,100,0,NA,"2019-03-04T05:21:55.689+0000",3,3,0,1,NA,NA,NA,3,394,0,0,0,0,0,0,0,0,0,0,0,0,0,0,0,0,0,0,0,0,0,0,0,0,0,0,NA,NA,NA,"CD_I998157",FALSE,3,"Katie","Brennan","away","Western Bulldogs"
"CD_M20192640505","2019-03-03T07:05:00.000+0000","CONCLUDED","2019 NAB AFLW Season","Round 5",5,"Fremantle Oval","Fremantle","Fremantle","Western Bulldogs","Western Bulldogs",4,"https://s.afl.com.au/staticfile/AFL Tenant/AFL/Players/ChampIDImages/AFLW/2019264/997725.png?im=Scale,width=0.6,height=0.6","FF","CD_I997725",FALSE,4,"Isabel","Huntington","CD_T7387",NA,97,1,0,NA,2,1,3,2,0,1,2,1,3,0,1,1,0,0,100,0,0,0,24,0,0,100,0,NA,"2019-03-04T05:21:55.689+0000",0,0,0,1,NA,NA,NA,2,46,0,0,0,0,0,0,0,0,0,0,0,0,0,0,0,0,0,0,0,0,0,0,0,0,0,0,NA,NA,NA,"CD_I997725",FALSE,4,"Isabel","Huntington","away","Western Bulldogs"
"CD_M20192640505","2019-03-03T07:05:00.000+0000","CONCLUDED","2019 NAB AFLW Season","Round 5",5,"Fremantle Oval","Fremantle","Fremantle","Western Bulldogs","Western Bulldogs",11,"https://s.afl.com.au/staticfile/AFL Tenant/AFL/Players/ChampIDImages/AFLW/2019264/998153.png?im=Scale,width=0.6,height=0.6","FB","CD_I998153",FALSE,11,"Lauren","Spark","CD_T7387",NA,87,0,0,NA,6,3,9,3,0,1,5,5,10,0,0,1,0,0,55.6,0,0,0,37,0,0,0,0,NA,"2019-03-04T05:21:55.689+0000",4,5,0,0,NA,NA,NA,0,108,0,0,0,0,0,0,0,0,0,0,0,0,0,0,0,0,0,0,0,0,0,0,0,0,0,0,NA,NA,NA,"CD_I998153",FALSE,11,"Lauren","Spark","away","Western Bulldogs"
"CD_M20192640505","2019-03-03T07:05:00.000+0000","CONCLUDED","2019 NAB AFLW Season","Round 5",5,"Fremantle Oval","Fremantle","Fremantle","Western Bulldogs","Western Bulldogs",16,"https://s.afl.com.au/staticfile/AFL Tenant/AFL/Players/ChampIDImages/AFLW/2019264/1010689.png?im=Scale,width=0.6,height=0.6","INT","CD_I1010689",FALSE,16,"Naomi","Ferres","CD_T7387",NA,57,0,0,NA,3,6,9,1,0,4,5,3,8,0,0,0,0,0,77.8,1,1,0,41,1,0,0,0,NA,"2019-03-04T05:21:55.689+0000",1,1,1,0,NA,NA,NA,1,38,0,1,1,0,0,0,0,0,0,0,0,0,0,0,0,0,0,0,0,0,0,0,0,0,0,0,NA,NA,NA,"CD_I1010689",FALSE,16,"Naomi","Ferres","away","Western Bulldogs"
"CD_M20192640505","2019-03-03T07:05:00.000+0000","CONCLUDED","2019 NAB AFLW Season","Round 5",5,"Fremantle Oval","Fremantle","Fremantle","Western Bulldogs","Western Bulldogs",15,"https://s.afl.com.au/staticfile/AFL Tenant/AFL/Players/ChampIDImages/AFLW/2019264/1014034.png?im=Scale,width=0.6,height=0.6","FPL","CD_I1014034",FALSE,15,"Aisling","McCarthy","CD_T7387",NA,79,1,0,NA,5,3,8,2,0,1,4,3,7,1,1,0,0,1,62.5,1,1,0,38,0,0,100,0,NA,"2019-03-04T05:21:55.689+0000",2,1,0,1,NA,NA,NA,2,105,0,1,1,0,0,0,0,0,0,0,0,0,0,0,0,0,0,0,0,0,0,0,0,0,0,0,NA,NA,NA,"CD_I1014034",FALSE,15,"Aisling","McCarthy","away","Western Bulldogs"
"CD_M20192640505","2019-03-03T07:05:00.000+0000","CONCLUDED","2019 NAB AFLW Season","Round 5",5,"Fremantle Oval","Fremantle","Fremantle","Western Bulldogs","Western Bulldogs",6,"https://s.afl.com.au/staticfile/AFL Tenant/AFL/Players/ChampIDImages/AFLW/2019264/1007020.png?im=Scale,width=0.6,height=0.6","HFFR","CD_I1007020",FALSE,6,"Kirsten","McLeod","CD_T7387",NA,59,0,0,NA,5,2,7,2,0,2,5,2,7,2,0,0,0,0,42.9,1,1,1,31,0,1,0,0,NA,"2019-03-04T05:21:55.689+0000",2,2,0,0,NA,NA,NA,1,106,0,1,1,0,0,0,0,0,0,0,0,0,0,0,0,0,0,0,0,0,0,0,0,0,0,0,NA,NA,NA,"CD_I1007020",FALSE,6,"Kirsten","McLeod","away","Western Bulldogs"
"CD_M20192640505","2019-03-03T07:05:00.000+0000","CONCLUDED","2019 NAB AFLW Season","Round 5",5,"Fremantle Oval","Fremantle","Fremantle","Western Bulldogs","Western Bulldogs",22,"https://s.afl.com.au/staticfile/AFL Tenant/AFL/Players/ChampIDImages/AFLW/2019264/1001689.png?im=Scale,width=0.6,height=0.6","BPL","CD_I1001689",FALSE,22,"Hannah","Scott","CD_T7387",NA,91,0,0,NA,6,3,9,1,0,4,3,3,6,0,0,0,0,9,77.8,2,0,0,43,3,0,0,0,NA,"2019-03-04T05:21:55.689+0000",3,4,0,0,NA,NA,NA,0,112,0,1,1,0,0,0,0,0,0,0,0,0,0,0,0,0,0,0,0,0,0,0,0,0,0,0,NA,NA,NA,"CD_I1001689",FALSE,22,"Hannah","Scott","away","Western Bulldogs"
"CD_M20192640601","2019-03-09T03:35:00.000+0000","CONCLUDED","2019 NAB AFLW Season","Round 6",6,"GMHBA Stadium","Geelong Cats","Geelong Cats","Fremantle","Fremantle",17,"https://s.afl.com.au/staticfile/AFL Tenant/AFL/Players/ChampIDImages/AFLW/2019264/1009857.png?im=Scale,width=0.6,height=0.6","INT","CD_I1009857",FALSE,17,"Georgia","Clarke","CD_T8467",NA,57,0,0,NA,0,1,1,0,0,0,1,1,2,0,0,0,0,1,100,1,0,1,-1,0,0,0,NA,NA,"2019-05-01T04:51:54.339+0000",0,1,0,0,NA,NA,NA,0,1,0,0,0,0,0,0,0,0,0,0,0,0,0,0,0,0,0,0,0,0,0,0,0,0,0,0,NA,NA,NA,"CD_I1009857",FALSE,17,"Georgia","Clarke","home","Geelong Cats"
"CD_M20192640601","2019-03-09T03:35:00.000+0000","CONCLUDED","2019 NAB AFLW Season","Round 6",6,"GMHBA Stadium","Geelong Cats","Geelong Cats","Fremantle","Fremantle",24,"https://s.afl.com.au/staticfile/AFL Tenant/AFL/Players/ChampIDImages/AFLW/2019264/1012474.png?im=Scale,width=0.6,height=0.6","BPR","CD_I1012474",FALSE,24,"Madaleine","McMahon","CD_T8467",NA,98,0,0,NA,12,5,17,2,0,4,11,6,17,0,0,0,0,2,52.9,4,0,2,62,7,0,0,NA,NA,"2019-05-01T04:51:54.339+0000",8,11,0,0,NA,NA,NA,0,363,0,1,1,0,0,0,0,0,0,0,0,0,0,0,0,0,0,0,0,0,0,0,0,0,0,0,NA,NA,NA,"CD_I1012474",FALSE,24,"Madaleine","McMahon","home","Geelong Cats"
"CD_M20192640601","2019-03-09T03:35:00.000+0000","CONCLUDED","2019 NAB AFLW Season","Round 6",6,"GMHBA Stadium","Geelong Cats","Geelong Cats","Fremantle","Fremantle",4,"https://s.afl.com.au/staticfile/AFL Tenant/AFL/Players/ChampIDImages/AFLW/2019264/1012627.png?im=Scale,width=0.6,height=0.6","INT","CD_I1012627",FALSE,4,"Cassie","Blakeway","CD_T8467",NA,51,0,0,NA,3,1,4,2,0,1,1,2,3,1,0,0,0,0,100,0,1,0,22,0,0,0,NA,NA,"2019-05-01T04:51:54.339+0000",1,3,1,0,NA,NA,NA,0,77,0,0,0,0,0,0,0,0,0,0,0,0,0,0,0,0,0,0,0,0,0,0,0,0,0,0,NA,NA,NA,"CD_I1012627",FALSE,4,"Cassie","Blakeway","home","Geelong Cats"
"CD_M20192640601","2019-03-09T03:35:00.000+0000","CONCLUDED","2019 NAB AFLW Season","Round 6",6,"GMHBA Stadium","Geelong Cats","Geelong Cats","Fremantle","Fremantle",45,"https://s.afl.com.au/staticfile/AFL Tenant/AFL/Players/ChampIDImages/AFLW/2019264/997678.png?im=Scale,width=0.6,height=0.6","HFFR","CD_I997678",FALSE,45,"Madeline","Keryk","CD_T8467",NA,63,0,0,NA,8,1,9,0,0,2,4,5,9,2,0,0,0,0,11.1,3,0,1,31,3,0,0,NA,NA,"2019-05-01T04:51:54.339+0000",3,1,1,0,NA,NA,NA,0,178,0,2,2,0,0,0,0,0,0,0,0,0,0,0,0,0,0,0,0,0,0,0,0,0,0,0,NA,NA,NA,"CD_I997678",FALSE,45,"Madeline","Keryk","home","Geelong Cats"
"CD_M20192640601","2019-03-09T03:35:00.000+0000","CONCLUDED","2019 NAB AFLW Season","Round 6",6,"GMHBA Stadium","Geelong Cats","Geelong Cats","Fremantle","Fremantle",30,"https://s.afl.com.au/staticfile/AFL Tenant/AFL/Players/ChampIDImages/AFLW/2019264/997673.png?im=Scale,width=0.6,height=0.6","C","CD_I997673",FALSE,30,"Richelle","Cranston","CD_T8467",NA,69,0,0,NA,9,5,14,2,0,6,10,5,15,4,0,0,1,0,42.9,3,2,0,70,0,0,0,NA,NA,"2019-05-01T04:51:54.339+0000",6,1,0,0,NA,NA,NA,0,214,1,5,6,0,0,0,0,0,0,0,0,0,0,0,0,0,0,0,0,0,0,0,0,0,0,0,NA,NA,NA,"CD_I997673",FALSE,30,"Richelle","Cranston","home","Geelong Cats"
"CD_M20192640601","2019-03-09T03:35:00.000+0000","CONCLUDED","2019 NAB AFLW Season","Round 6",6,"GMHBA Stadium","Geelong Cats","Geelong Cats","Fremantle","Fremantle",16,"https://s.afl.com.au/staticfile/AFL Tenant/AFL/Players/ChampIDImages/AFLW/2019264/1009861.png?im=Scale,width=0.6,height=0.6","R","CD_I1009861",FALSE,16,"Olivia","Purcell","CD_T8467",NA,88,0,0,NA,8,7,15,1,0,7,8,8,16,2,0,0,0,0,53.3,1,0,1,66,2,0,0,NA,NA,"2019-05-01T04:51:54.339+0000",0,2,1,0,NA,NA,NA,2,233,1,1,2,0,0,0,0,0,0,0,0,0,0,0,0,0,0,0,0,0,0,0,0,0,0,0,NA,NA,NA,"CD_I1009861",FALSE,16,"Olivia","Purcell","home","Geelong Cats"
"CD_M20192640601","2019-03-09T03:35:00.000+0000","CONCLUDED","2019 NAB AFLW Season","Round 6",6,"GMHBA Stadium","Geelong Cats","Geelong Cats","Fremantle","Fremantle",10,"https://s.afl.com.au/staticfile/AFL Tenant/AFL/Players/ChampIDImages/AFLW/2019264/1013933.png?im=Scale,width=0.6,height=0.6","INT","CD_I1013933",FALSE,10,"Georgie","Rankin","CD_T8467",NA,52,0,0,NA,2,2,4,1,0,5,1,4,5,0,0,0,0,0,75,0,1,0,34,0,0,0,NA,NA,"2019-05-01T04:51:54.339+0000",1,1,0,0,NA,NA,NA,0,-3,0,0,0,0,0,0,0,0,0,0,0,0,0,0,0,0,0,0,0,0,0,0,0,0,0,0,NA,NA,NA,"CD_I1013933",FALSE,10,"Georgie","Rankin","home","Geelong Cats"
"CD_M20192640601","2019-03-09T03:35:00.000+0000","CONCLUDED","2019 NAB AFLW Season","Round 6",6,"GMHBA Stadium","Geelong Cats","Geelong Cats","Fremantle","Fremantle",7,"https://s.afl.com.au/staticfile/AFL Tenant/AFL/Players/ChampIDImages/AFLW/2019264/1006999.png?im=Scale,width=0.6,height=0.6","FPL","CD_I1006999",FALSE,7,"Mia-Rae","Clifford","CD_T8467",NA,92,1,0,NA,2,1,3,1,0,2,1,1,2,2,1,1,0,0,100,0,0,0,25,0,0,100,NA,NA,"2019-05-01T04:51:54.339+0000",0,1,0,1,NA,NA,NA,1,14,0,0,0,0,0,0,0,0,0,0,0,0,0,0,0,0,0,0,0,0,0,0,0,0,0,0,NA,NA,NA,"CD_I1006999",FALSE,7,"Mia-Rae","Clifford","home","Geelong Cats"
"CD_M20192640601","2019-03-09T03:35:00.000+0000","CONCLUDED","2019 NAB AFLW Season","Round 6",6,"GMHBA Stadium","Geelong Cats","Geelong Cats","Fremantle","Fremantle",44,"https://s.afl.com.au/staticfile/AFL Tenant/AFL/Players/ChampIDImages/AFLW/2019264/296130.png?im=Scale,width=0.6,height=0.6","FB","CD_I296130",FALSE,44,"Rebecca","Goring","CD_T8467",NA,89,0,0,NA,4,3,7,1,0,2,3,2,5,0,0,0,0,2,85.7,1,0,1,26,0,0,0,NA,NA,"2019-05-01T04:51:54.339+0000",0,3,0,0,NA,NA,NA,1,92,0,0,0,0,0,0,0,0,0,0,0,0,0,0,0,0,0,0,0,0,0,0,0,0,0,0,NA,NA,NA,"CD_I296130",FALSE,44,"Rebecca","Goring","home","Geelong Cats"
"CD_M20192640601","2019-03-09T03:35:00.000+0000","CONCLUDED","2019 NAB AFLW Season","Round 6",6,"GMHBA Stadium","Geelong Cats","Geelong Cats","Fremantle","Fremantle",1,"https://s.afl.com.au/staticfile/AFL Tenant/AFL/Players/ChampIDImages/AFLW/2019264/1009866.png?im=Scale,width=0.6,height=0.6","INT","CD_I1009866",FALSE,1,"Rene","Caris","CD_T8467",NA,44,0,0,NA,2,3,5,0,0,1,4,2,6,0,0,0,9,1,20,1,0,0,25,1,0,0,NA,NA,"2019-05-01T04:51:54.339+0000",1,1,0,0,NA,NA,NA,0,43,0,0,0,0,0,0,0,0,0,0,0,0,0,0,0,0,0,0,0,0,0,0,0,0,0,0,NA,NA,NA,"CD_I1009866",FALSE,1,"Rene","Caris","home","Geelong Cats"
"CD_M20192640601","2019-03-09T03:35:00.000+0000","CONCLUDED","2019 NAB AFLW Season","Round 6",6,"GMHBA Stadium","Geelong Cats","Geelong Cats","Fremantle","Fremantle",26,"https://s.afl.com.au/staticfile/AFL Tenant/AFL/Players/ChampIDImages/AFLW/2019264/997669.png?im=Scale,width=0.6,height=0.6","BPL","CD_I997669",FALSE,26,"Madeleine","Boyd","CD_T8467",NA,88,0,0,NA,2,2,4,2,0,0,4,1,5,0,0,1,0,0,75,1,0,1,13,0,0,0,NA,NA,"2019-05-01T04:51:54.339+0000",3,1,0,0,NA,NA,NA,0,50,0,0,0,0,0,0,0,0,0,0,0,0,0,0,0,0,0,0,0,0,0,0,0,0,0,0,NA,NA,NA,"CD_I997669",FALSE,26,"Madeleine","Boyd","home","Geelong Cats"
"CD_M20192640601","2019-03-09T03:35:00.000+0000","CONCLUDED","2019 NAB AFLW Season","Round 6",6,"GMHBA Stadium","Geelong Cats","Geelong Cats","Fremantle","Fremantle",6,"https://s.afl.com.au/staticfile/AFL Tenant/AFL/Players/ChampIDImages/AFLW/2019264/1012640.png?im=Scale,width=0.6,height=0.6","INT","CD_I1012640",FALSE,6,"Julia","Crockett-Grills","CD_T8467",NA,85,0,0,NA,6,4,10,1,0,1,4,7,11,0,0,0,0,2,60,2,0,1,30,0,0,0,NA,NA,"2019-05-01T04:51:54.339+0000",3,0,0,0,NA,NA,NA,0,103,0,1,1,0,0,0,0,0,0,0,0,0,0,0,0,0,0,0,0,0,0,0,0,0,0,0,NA,NA,NA,"CD_I1012640",FALSE,6,"Julia","Crockett-Grills","home","Geelong Cats"
"CD_M20192640601","2019-03-09T03:35:00.000+0000","CONCLUDED","2019 NAB AFLW Season","Round 6",6,"GMHBA Stadium","Geelong Cats","Geelong Cats","Fremantle","Fremantle",46,"https://s.afl.com.au/staticfile/AFL Tenant/AFL/Players/ChampIDImages/AFLW/2019264/1010675.png?im=Scale,width=0.6,height=0.6","RK","CD_I1010675",FALSE,46,"Erin","Hoare","CD_T8467",NA,56,0,0,NA,3,4,7,3,0,3,3,4,7,0,1,0,32,1,100,1,0,1,67,1,0,0,NA,NA,"2019-05-01T04:51:54.339+0000",2,1,0,0,NA,NA,NA,0,59,0,1,1,0,0,0,0,0,0,0,0,0,0,0,0,0,0,0,0,0,0,0,0,0,0,0,NA,NA,NA,"CD_I1010675",FALSE,46,"Erin","Hoare","home","Geelong Cats"
"CD_M20192640601","2019-03-09T03:35:00.000+0000","CONCLUDED","2019 NAB AFLW Season","Round 6",6,"GMHBA Stadium","Geelong Cats","Geelong Cats","Fremantle","Fremantle",8,"https://s.afl.com.au/staticfile/AFL Tenant/AFL/Players/ChampIDImages/AFLW/2019264/1007001.png?im=Scale,width=0.6,height=0.6","CHF","CD_I1007001",FALSE,8,"Kate","Darby","CD_T8467",NA,92,1,0,NA,3,1,4,1,0,7,4,0,4,1,0,1,5,1,100,0,1,0,54,0,0,100,NA,NA,"2019-05-01T04:51:54.339+0000",0,2,1,1,NA,NA,NA,2,110,0,0,0,0,0,0,0,0,0,0,0,0,0,0,0,0,0,0,0,0,0,0,0,0,0,0,NA,NA,NA,"CD_I1007001",FALSE,8,"Kate","Darby","home","Geelong Cats"
"CD_M20192640601","2019-03-09T03:35:00.000+0000","CONCLUDED","2019 NAB AFLW Season","Round 6",6,"GMHBA Stadium","Geelong Cats","Geelong Cats","Fremantle","Fremantle",12,"https://s.afl.com.au/staticfile/AFL Tenant/AFL/Players/ChampIDImages/AFLW/2019264/1012470.png?im=Scale,width=0.6,height=0.6","RR","CD_I1012470",FALSE,12,"Renee","Garing","CD_T8467",NA,64,0,0,NA,4,9,13,0,0,9,8,5,13,1,0,0,0,0,53.8,0,0,0,66,1,0,0,NA,NA,"2019-05-01T04:51:54.339+0000",2,2,1,0,NA,NA,NA,1,86,3,1,4,0,0,0,0,0,0,0,0,0,0,0,0,0,0,0,0,0,0,0,0,0,0,0,NA,NA,NA,"CD_I1012470",FALSE,12,"Renee","Garing","home","Geelong Cats"
"CD_M20192640601","2019-03-09T03:35:00.000+0000","CONCLUDED","2019 NAB AFLW Season","Round 6",6,"GMHBA Stadium","Geelong Cats","Geelong Cats","Fremantle","Fremantle",11,"https://s.afl.com.au/staticfile/AFL Tenant/AFL/Players/ChampIDImages/AFLW/2019264/1007155.png?im=Scale,width=0.6,height=0.6","CHB","CD_I1007155",FALSE,11,"Meghan","McDonald","CD_T8467",NA,100,0,0,NA,15,7,22,2,0,2,6,6,12,1,0,1,0,3,77.3,2,0,1,70,6,0,0,NA,NA,"2019-05-01T04:51:54.339+0000",6,8,0,0,NA,NA,NA,0,390,0,1,1,0,0,0,0,0,0,0,0,0,0,0,0,0,0,0,0,0,0,0,0,0,0,0,NA,NA,NA,"CD_I1007155",FALSE,11,"Meghan","McDonald","home","Geelong Cats"
"CD_M20192640601","2019-03-09T03:35:00.000+0000","CONCLUDED","2019 NAB AFLW Season","Round 6",6,"GMHBA Stadium","Geelong Cats","Geelong Cats","Fremantle","Fremantle",5,"https://s.afl.com.au/staticfile/AFL Tenant/AFL/Players/ChampIDImages/AFLW/2019264/1008031.png?im=Scale,width=0.6,height=0.6","FPR","CD_I1008031",FALSE,5,"Jordan","Ivey","CD_T8467",NA,88,0,0,NA,6,5,11,1,0,3,8,2,10,1,1,0,0,2,45.5,0,2,0,45,1,0,0,NA,NA,"2019-05-01T04:51:54.339+0000",3,0,1,0,NA,NA,NA,1,101,0,3,3,0,0,0,0,0,0,0,0,0,0,0,0,0,0,0,0,0,0,0,0,0,0,0,NA,NA,NA,"CD_I1008031",FALSE,5,"Jordan","Ivey","home","Geelong Cats"
"CD_M20192640601","2019-03-09T03:35:00.000+0000","CONCLUDED","2019 NAB AFLW Season","Round 6",6,"GMHBA Stadium","Geelong Cats","Geelong Cats","Fremantle","Fremantle",18,"https://s.afl.com.au/staticfile/AFL Tenant/AFL/Players/ChampIDImages/AFLW/2019264/998038.png?im=Scale,width=0.6,height=0.6","HBFL","CD_I998038",FALSE,18,"Melissa","Hickey","CD_T8467",NA,78,0,0,NA,1,5,6,2,0,8,5,4,9,0,0,0,0,1,66.7,3,1,0,52,0,0,0,NA,NA,"2019-05-01T04:51:54.339+0000",1,3,1,0,NA,NA,NA,0,17,1,1,2,0,0,0,0,0,0,0,0,0,0,0,0,0,0,0,0,0,0,0,0,0,0,0,NA,NA,NA,"CD_I998038",FALSE,18,"Melissa","Hickey","home","Geelong Cats"
"CD_M20192640601","2019-03-09T03:35:00.000+0000","CONCLUDED","2019 NAB AFLW Season","Round 6",6,"GMHBA Stadium","Geelong Cats","Geelong Cats","Fremantle","Fremantle",2,"https://s.afl.com.au/staticfile/AFL Tenant/AFL/Players/ChampIDImages/AFLW/2019264/1012480.png?im=Scale,width=0.6,height=0.6","HFFL","CD_I1012480",FALSE,2,"Danielle","Orr","CD_T8467",NA,88,0,0,NA,5,3,8,3,0,2,1,8,9,1,0,0,0,1,62.5,3,0,2,32,3,0,0,NA,NA,"2019-05-01T04:51:54.339+0000",1,0,0,0,NA,NA,NA,0,114,0,0,0,0,0,0,0,0,0,0,0,0,0,0,0,0,0,0,0,0,0,0,0,0,0,0,NA,NA,NA,"CD_I1012480",FALSE,2,"Danielle","Orr","home","Geelong Cats"
"CD_M20192640601","2019-03-09T03:35:00.000+0000","CONCLUDED","2019 NAB AFLW Season","Round 6",6,"GMHBA Stadium","Geelong Cats","Geelong Cats","Fremantle","Fremantle",23,"https://s.afl.com.au/staticfile/AFL Tenant/AFL/Players/ChampIDImages/AFLW/2019264/997689.png?im=Scale,width=0.6,height=0.6","FF","CD_I997689",FALSE,23,"Phoebe","McWilliams","CD_T8467",NA,86,0,1,NA,8,2,10,3,0,2,5,4,9,1,1,2,0,1,60,1,1,0,47,0,1,0,NA,NA,"2019-05-01T04:51:54.339+0000",3,1,0,1,NA,NA,NA,2,220,0,0,0,0,0,0,0,0,0,0,0,0,0,0,0,0,0,0,0,0,0,0,0,0,0,0,NA,NA,NA,"CD_I997689",FALSE,23,"Phoebe","McWilliams","home","Geelong Cats"
"CD_M20192640601","2019-03-09T03:35:00.000+0000","CONCLUDED","2019 NAB AFLW Season","Round 6",6,"GMHBA Stadium","Geelong Cats","Geelong Cats","Fremantle","Fremantle",28,"https://s.afl.com.au/staticfile/AFL Tenant/AFL/Players/ChampIDImages/AFLW/2019264/1009854.png?im=Scale,width=0.6,height=0.6","HBFR","CD_I1009854",FALSE,28,"Denby","Taylor","CD_T8467",NA,72,0,0,NA,6,2,8,0,0,4,4,2,6,0,0,0,0,0,37.5,1,1,0,39,1,0,0,NA,NA,"2019-05-01T04:51:54.339+0000",2,3,0,0,NA,NA,NA,0,102,0,0,0,0,0,0,0,0,0,0,0,0,0,0,0,0,0,0,0,0,0,0,0,0,0,0,NA,NA,NA,"CD_I1009854",FALSE,28,"Denby","Taylor","home","Geelong Cats"
"CD_M20192640601","2019-03-09T03:35:00.000+0000","CONCLUDED","2019 NAB AFLW Season","Round 6",6,"GMHBA Stadium","Geelong Cats","Geelong Cats","Fremantle","Fremantle",11,"https://s.afl.com.au/staticfile/AFL Tenant/AFL/Players/ChampIDImages/AFLW/2019264/1012251.png?im=Scale,width=0.6,height=0.6","RK","CD_I1012251",FALSE,11,"Parris","Laurie","CD_T7886",NA,79,0,0,NA,3,8,11,3,0,2,9,3,12,1,1,0,9,2,63.6,2,1,0,52,0,0,0,NA,NA,"2019-05-01T04:51:54.339+0000",2,3,0,0,NA,NA,NA,2,40,0,4,4,0,0,0,0,0,0,0,0,0,0,0,0,0,0,0,0,0,0,0,0,0,0,0,NA,NA,NA,"CD_I1012251",FALSE,11,"Parris","Laurie","away","Fremantle"
"CD_M20192640601","2019-03-09T03:35:00.000+0000","CONCLUDED","2019 NAB AFLW Season","Round 6",6,"GMHBA Stadium","Geelong Cats","Geelong Cats","Fremantle","Fremantle",20,"https://s.afl.com.au/staticfile/AFL Tenant/AFL/Players/ChampIDImages/AFLW/2019264/1006997.png?im=Scale,width=0.6,height=0.6","R","CD_I1006997",FALSE,20,"Stephanie","Cain","CD_T7886",NA,79,1,0,NA,8,3,11,2,0,7,5,7,12,0,0,0,0,3,81.8,1,1,0,71,3,0,100,NA,NA,"2019-05-01T04:51:54.339+0000",2,2,1,1,NA,NA,NA,3,268,0,2,2,0,0,0,0,0,0,0,0,0,0,0,0,0,0,0,0,0,0,0,0,0,0,0,NA,NA,NA,"CD_I1006997",FALSE,20,"Stephanie","Cain","away","Fremantle"
"CD_M20192640601","2019-03-09T03:35:00.000+0000","CONCLUDED","2019 NAB AFLW Season","Round 6",6,"GMHBA Stadium","Geelong Cats","Geelong Cats","Fremantle","Fremantle",22,"https://s.afl.com.au/staticfile/AFL Tenant/AFL/Players/ChampIDImages/AFLW/2019264/1007144.png?im=Scale,width=0.6,height=0.6","HFFL","CD_I1007144",FALSE,22,"Gabby","O'Sullivan","CD_T7886",NA,84,0,0,NA,6,5,11,2,0,4,7,4,11,1,1,0,0,0,63.6,3,0,0,50,0,0,0,NA,NA,"2019-05-01T04:51:54.339+0000",6,0,3,1,NA,NA,NA,2,157,0,1,1,0,0,0,0,0,0,0,0,0,0,0,0,0,0,0,0,0,0,0,0,0,0,0,NA,NA,NA,"CD_I1007144",FALSE,22,"Gabby","O'Sullivan","away","Fremantle"
"CD_M20192640601","2019-03-09T03:35:00.000+0000","CONCLUDED","2019 NAB AFLW Season","Round 6",6,"GMHBA Stadium","Geelong Cats","Geelong Cats","Fremantle","Fremantle",30,"https://s.afl.com.au/staticfile/AFL Tenant/AFL/Players/ChampIDImages/AFLW/2019264/1004406.png?im=Scale,width=0.6,height=0.6","INT","CD_I1004406",FALSE,30,"Alicia","Janz","CD_T7886",NA,59,0,0,NA,1,3,4,0,0,7,5,0,5,0,0,0,18,1,100,0,1,0,56,2,0,0,NA,NA,"2019-05-01T04:51:54.339+0000",0,2,1,0,NA,NA,NA,1,43,0,2,2,0,0,0,0,0,0,0,0,0,0,0,0,0,0,0,0,0,0,0,0,0,0,0,NA,NA,NA,"CD_I1004406",FALSE,30,"Alicia","Janz","away","Fremantle"
"CD_M20192640601","2019-03-09T03:35:00.000+0000","CONCLUDED","2019 NAB AFLW Season","Round 6",6,"GMHBA Stadium","Geelong Cats","Geelong Cats","Fremantle","Fremantle",9,"https://s.afl.com.au/staticfile/AFL Tenant/AFL/Players/ChampIDImages/AFLW/2019264/1005431.png?im=Scale,width=0.6,height=0.6","HBFL","CD_I1005431",FALSE,9,"Alex","Williams","CD_T7886",NA,32,0,0,NA,0,0,0,0,0,1,0,0,0,0,0,0,0,2,0,1,0,1,1,0,0,0,NA,NA,"2019-05-01T04:51:54.339+0000",0,0,0,0,NA,NA,NA,0,0,0,0,0,0,0,0,0,0,0,0,0,0,0,0,0,0,0,0,0,0,0,0,0,0,0,0,NA,NA,NA,"CD_I1005431",FALSE,9,"Alex","Williams","away","Fremantle"
"CD_M20192640601","2019-03-09T03:35:00.000+0000","CONCLUDED","2019 NAB AFLW Season","Round 6",6,"GMHBA Stadium","Geelong Cats","Geelong Cats","Fremantle","Fremantle",10,"https://s.afl.com.au/staticfile/AFL Tenant/AFL/Players/ChampIDImages/AFLW/2019264/998152.png?im=Scale,width=0.6,height=0.6","INT","CD_I998152",FALSE,10,"Melissa","Caulfield","CD_T7886",NA,63,0,1,NA,4,2,6,1,0,0,4,3,7,0,1,0,0,0,50,1,1,1,18,0,0,0,NA,NA,"2019-05-01T04:51:54.339+0000",1,1,0,2,NA,NA,NA,2,102,0,1,1,0,0,0,0,0,0,0,0,0,0,0,0,0,0,0,0,0,0,0,0,0,0,0,NA,NA,NA,"CD_I998152",FALSE,10,"Melissa","Caulfield","away","Fremantle"
"CD_M20192640601","2019-03-09T03:35:00.000+0000","CONCLUDED","2019 NAB AFLW Season","Round 6",6,"GMHBA Stadium","Geelong Cats","Geelong Cats","Fremantle","Fremantle",27,"https://s.afl.com.au/staticfile/AFL Tenant/AFL/Players/ChampIDImages/AFLW/2019264/1007141.png?im=Scale,width=0.6,height=0.6","FF","CD_I1007141",FALSE,27,"Gemma","Houghton","CD_T7886",NA,78,2,2,NA,10,1,11,4,1,1,6,5,11,3,2,1,0,0,54.5,2,1,1,60,0,0,33.3,NA,NA,"2019-05-01T04:51:54.339+0000",2,1,0,6,NA,NA,NA,9,233,0,0,0,0,0,0,0,0,0,0,0,0,0,0,0,0,0,0,0,0,0,0,0,0,0,0,NA,NA,NA,"CD_I1007141",FALSE,27,"Gemma","Houghton","away","Fremantle"
"CD_M20192640601","2019-03-09T03:35:00.000+0000","CONCLUDED","2019 NAB AFLW Season","Round 6",6,"GMHBA Stadium","Geelong Cats","Geelong Cats","Fremantle","Fremantle",14,"https://s.afl.com.au/staticfile/AFL Tenant/AFL/Players/ChampIDImages/AFLW/2019264/1001680.png?im=Scale,width=0.6,height=0.6","INT","CD_I1001680",FALSE,14,"Leah","Mascall","CD_T7886",NA,70,0,0,NA,4,2,6,1,0,2,5,1,6,0,1,1,0,1,16.7,0,0,0,27,2,0,0,NA,NA,"2019-05-01T04:51:54.339+0000",3,4,0,0,NA,NA,NA,0,83,0,1,1,0,0,0,0,0,0,0,0,0,0,0,0,0,0,0,0,0,0,0,0,0,0,0,NA,NA,NA,"CD_I1001680",FALSE,14,"Leah","Mascall","away","Fremantle"
"CD_M20192640601","2019-03-09T03:35:00.000+0000","CONCLUDED","2019 NAB AFLW Season","Round 6",6,"GMHBA Stadium","Geelong Cats","Geelong Cats","Fremantle","Fremantle",19,"https://s.afl.com.au/staticfile/AFL Tenant/AFL/Players/ChampIDImages/AFLW/2019264/998040.png?im=Scale,width=0.6,height=0.6","HFFR","CD_I998040",FALSE,19,"Hayley","Miller","CD_T7886",NA,78,1,1,NA,13,2,15,1,0,8,7,8,15,5,0,0,0,1,60,4,1,0,86,0,0,33.3,NA,NA,"2019-05-01T04:51:54.339+0000",4,0,1,3,NA,NA,NA,4,403,1,5,6,0,0,0,0,0,0,0,0,0,0,0,0,0,0,0,0,0,0,0,0,0,0,0,NA,NA,NA,"CD_I998040",FALSE,19,"Hayley","Miller","away","Fremantle"
"CD_M20192640601","2019-03-09T03:35:00.000+0000","CONCLUDED","2019 NAB AFLW Season","Round 6",6,"GMHBA Stadium","Geelong Cats","Geelong Cats","Fremantle","Fremantle",15,"https://s.afl.com.au/staticfile/AFL Tenant/AFL/Players/ChampIDImages/AFLW/2019264/998036.png?im=Scale,width=0.6,height=0.6","FPL","CD_I998036",FALSE,15,"Kara","Donnellan","CD_T7886",NA,77,0,1,NA,10,1,11,1,1,4,5,5,10,2,0,1,0,3,54.5,1,1,1,50,0,0,0,NA,NA,"2019-05-01T04:51:54.339+0000",1,3,2,2,NA,NA,NA,3,289,0,1,1,0,0,0,0,0,0,0,0,0,0,0,0,0,0,0,0,0,0,0,0,0,0,0,NA,NA,NA,"CD_I998036",FALSE,15,"Kara","Donnellan","away","Fremantle"
"CD_M20192640601","2019-03-09T03:35:00.000+0000","CONCLUDED","2019 NAB AFLW Season","Round 6",6,"GMHBA Stadium","Geelong Cats","Geelong Cats","Fremantle","Fremantle",8,"https://s.afl.com.au/staticfile/AFL Tenant/AFL/Players/ChampIDImages/AFLW/2019264/1010656.png?im=Scale,width=0.6,height=0.6","BPL","CD_I1010656",FALSE,8,"Evangeline","Gooch","CD_T7886",NA,90,0,0,NA,5,1,6,2,0,3,3,3,6,0,0,0,0,2,33.3,0,0,0,35,1,0,0,NA,NA,"2019-05-01T04:51:54.339+0000",3,3,0,0,NA,NA,NA,1,96,0,0,0,0,0,0,0,0,0,0,0,0,0,0,0,0,0,0,0,0,0,0,0,0,0,0,NA,NA,NA,"CD_I1010656",FALSE,8,"Evangeline","Gooch","away","Fremantle"
"CD_M20192640601","2019-03-09T03:35:00.000+0000","CONCLUDED","2019 NAB AFLW Season","Round 6",6,"GMHBA Stadium","Geelong Cats","Geelong Cats","Fremantle","Fremantle",17,"https://s.afl.com.au/staticfile/AFL Tenant/AFL/Players/ChampIDImages/AFLW/2019264/998156.png?im=Scale,width=0.6,height=0.6","RR","CD_I998156",FALSE,17,"Dana","Hooker","CD_T7886",NA,85,0,1,NA,8,10,18,0,0,10,12,8,20,2,0,0,0,1,44.4,3,0,2,79,2,0,0,NA,NA,"2019-05-01T04:51:54.339+0000",3,6,1,1,NA,NA,NA,7,195,1,1,2,0,0,0,0,0,0,0,0,0,0,0,0,0,0,0,0,0,0,0,0,0,0,0,NA,NA,NA,"CD_I998156",FALSE,17,"Dana","Hooker","away","Fremantle"
"CD_M20192640601","2019-03-09T03:35:00.000+0000","CONCLUDED","2019 NAB AFLW Season","Round 6",6,"GMHBA Stadium","Geelong Cats","Geelong Cats","Fremantle","Fremantle",2,"https://s.afl.com.au/staticfile/AFL Tenant/AFL/Players/ChampIDImages/AFLW/2019264/998030.png?im=Scale,width=0.6,height=0.6","C","CD_I998030",FALSE,2,"Kiara","Bowers","CD_T7886",NA,76,0,0,NA,12,4,16,1,0,19,10,5,15,6,0,0,0,3,56.3,3,0,1,120,1,1,0,NA,NA,"2019-05-01T04:51:54.339+0000",5,2,1,0,NA,NA,NA,5,278,0,8,8,0,0,0,0,0,0,0,0,0,0,0,0,0,0,0,0,0,0,0,0,0,0,0,NA,NA,NA,"CD_I998030",FALSE,2,"Kiara","Bowers","away","Fremantle"
"CD_M20192640601","2019-03-09T03:35:00.000+0000","CONCLUDED","2019 NAB AFLW Season","Round 6",6,"GMHBA Stadium","Geelong Cats","Geelong Cats","Fremantle","Fremantle",6,"https://s.afl.com.au/staticfile/AFL Tenant/AFL/Players/ChampIDImages/AFLW/2019264/1009895.png?im=Scale,width=0.6,height=0.6","FPR","CD_I1009895",FALSE,6,"Sabreena","Duffy","CD_T7886",NA,78,0,1,NA,7,0,7,2,0,3,4,3,7,3,1,0,0,1,42.9,0,0,0,40,0,0,0,NA,NA,"2019-05-01T04:51:54.339+0000",1,1,1,2,NA,NA,NA,2,213,0,0,0,0,0,0,0,0,0,0,0,0,0,0,0,0,0,0,0,0,0,0,0,0,0,0,NA,NA,NA,"CD_I1009895",FALSE,6,"Sabreena","Duffy","away","Fremantle"
"CD_M20192640601","2019-03-09T03:35:00.000+0000","CONCLUDED","2019 NAB AFLW Season","Round 6",6,"GMHBA Stadium","Geelong Cats","Geelong Cats","Fremantle","Fremantle",23,"https://s.afl.com.au/staticfile/AFL Tenant/AFL/Players/ChampIDImages/AFLW/2019264/1009893.png?im=Scale,width=0.6,height=0.6","INT","CD_I1009893",FALSE,23,"Matilda","Sergeant","CD_T7886",NA,57,0,0,NA,5,2,7,0,0,4,5,2,7,2,0,0,0,0,42.9,0,0,0,35,0,0,0,NA,NA,"2019-05-01T04:51:54.339+0000",1,1,0,0,NA,NA,NA,2,154,0,3,3,0,0,0,0,0,0,0,0,0,0,0,0,0,0,0,0,0,0,0,0,0,0,0,NA,NA,NA,"CD_I1009893",FALSE,23,"Matilda","Sergeant","away","Fremantle"
"CD_M20192640601","2019-03-09T03:35:00.000+0000","CONCLUDED","2019 NAB AFLW Season","Round 6",6,"GMHBA Stadium","Geelong Cats","Geelong Cats","Fremantle","Fremantle",12,"https://s.afl.com.au/staticfile/AFL Tenant/AFL/Players/ChampIDImages/AFLW/2019264/1001682.png?im=Scale,width=0.6,height=0.6","CHB","CD_I1001682",FALSE,12,"Ebony","Antonio","CD_T7886",NA,91,0,2,NA,10,2,12,2,0,4,6,7,13,4,2,1,0,2,50,1,1,0,59,1,0,0,NA,NA,"2019-05-01T04:51:54.339+0000",4,5,0,2,NA,NA,NA,5,207,0,0,0,0,0,0,0,0,0,0,0,0,0,0,0,0,0,0,0,0,0,0,0,0,0,0,NA,NA,NA,"CD_I1001682",FALSE,12,"Ebony","Antonio","away","Fremantle"
"CD_M20192640601","2019-03-09T03:35:00.000+0000","CONCLUDED","2019 NAB AFLW Season","Round 6",6,"GMHBA Stadium","Geelong Cats","Geelong Cats","Fremantle","Fremantle",24,"https://s.afl.com.au/staticfile/AFL Tenant/AFL/Players/ChampIDImages/AFLW/2019264/1013937.png?im=Scale,width=0.6,height=0.6","BPR","CD_I1013937",FALSE,24,"Angelique","Stannett","CD_T7886",NA,88,0,0,NA,4,1,5,0,0,2,6,1,7,1,0,0,0,4,60,1,2,0,24,0,0,0,NA,NA,"2019-05-01T04:51:54.339+0000",1,5,0,0,NA,NA,NA,2,50,0,0,0,0,0,0,0,0,0,0,0,0,0,0,0,0,0,0,0,0,0,0,0,0,0,0,NA,NA,NA,"CD_I1013937",FALSE,24,"Angelique","Stannett","away","Fremantle"
"CD_M20192640601","2019-03-09T03:35:00.000+0000","CONCLUDED","2019 NAB AFLW Season","Round 6",6,"GMHBA Stadium","Geelong Cats","Geelong Cats","Fremantle","Fremantle",5,"https://s.afl.com.au/staticfile/AFL Tenant/AFL/Players/ChampIDImages/AFLW/2019264/1005429.png?im=Scale,width=0.6,height=0.6","FB","CD_I1005429",FALSE,5,"Tayla","Bresland","CD_T7886",NA,70,0,0,NA,4,2,6,1,0,1,4,1,5,0,0,0,0,2,50,4,0,1,20,2,0,0,NA,NA,"2019-05-01T04:51:54.339+0000",3,4,0,0,NA,NA,NA,0,113,0,1,1,0,0,0,0,0,0,0,0,0,0,0,0,0,0,0,0,0,0,0,0,0,0,0,NA,NA,NA,"CD_I1005429",FALSE,5,"Tayla","Bresland","away","Fremantle"
"CD_M20192640601","2019-03-09T03:35:00.000+0000","CONCLUDED","2019 NAB AFLW Season","Round 6",6,"GMHBA Stadium","Geelong Cats","Geelong Cats","Fremantle","Fremantle",1,"https://s.afl.com.au/staticfile/AFL Tenant/AFL/Players/ChampIDImages/AFLW/2019264/1005416.png?im=Scale,width=0.6,height=0.6","CHF","CD_I1005416",FALSE,1,"Ashley","Sharp","CD_T7886",NA,81,2,1,NA,5,4,9,1,0,2,6,3,9,2,1,0,0,0,77.8,0,1,0,48,0,1,66.7,NA,NA,"2019-05-01T04:51:54.339+0000",0,0,1,3,NA,NA,NA,6,140,0,0,0,0,0,0,0,0,0,0,0,0,0,0,0,0,0,0,0,0,0,0,0,0,0,0,NA,NA,NA,"CD_I1005416",FALSE,1,"Ashley","Sharp","away","Fremantle"
"CD_M20192640601","2019-03-09T03:35:00.000+0000","CONCLUDED","2019 NAB AFLW Season","Round 6",6,"GMHBA Stadium","Geelong Cats","Geelong Cats","Fremantle","Fremantle",37,"https://s.afl.com.au/staticfile/AFL Tenant/AFL/Players/ChampIDImages/AFLW/2019264/1010661.png?im=Scale,width=0.6,height=0.6","INT","CD_I1010661",FALSE,37,"Ashlee","Atkins","CD_T7886",NA,86,0,0,NA,5,2,7,1,0,3,4,3,7,3,0,0,0,1,71.4,3,1,2,29,0,1,0,NA,NA,"2019-05-01T04:51:54.339+0000",3,1,1,0,NA,NA,NA,2,118,0,1,1,0,0,0,0,0,0,0,0,0,0,0,0,0,0,0,0,0,0,0,0,0,0,0,NA,NA,NA,"CD_I1010661",FALSE,37,"Ashlee","Atkins","away","Fremantle"
"CD_M20192640601","2019-03-09T03:35:00.000+0000","CONCLUDED","2019 NAB AFLW Season","Round 6",6,"GMHBA Stadium","Geelong Cats","Geelong Cats","Fremantle","Fremantle",18,"https://s.afl.com.au/staticfile/AFL Tenant/AFL/Players/ChampIDImages/AFLW/2019264/1012248.png?im=Scale,width=0.6,height=0.6","HBFR","CD_I1012248",FALSE,18,"Philipa","Seth","CD_T7886",NA,99,0,0,NA,2,0,2,0,1,3,4,0,4,0,0,0,0,1,50,0,0,0,18,0,0,0,NA,NA,"2019-05-01T04:51:54.339+0000",1,3,0,0,NA,NA,NA,0,24,0,1,1,0,0,0,0,0,0,0,0,0,0,0,0,0,0,0,0,0,0,0,0,0,0,0,NA,NA,NA,"CD_I1012248",FALSE,18,"Philipa","Seth","away","Fremantle"
"CD_M20192640602","2019-03-09T05:40:00.000+0000","CONCLUDED","2019 NAB AFLW Season","Round 6",6,"Marvel Stadium","Collingwood","Collingwood","North Melbourne","North Melbourne",4,"https://s.afl.com.au/staticfile/AFL Tenant/AFL/Players/ChampIDImages/AFLW/2019264/1004400.png?im=Scale,width=0.6,height=0.6","FF","CD_I1004400",FALSE,4,"Sarah","D'Arcy","CD_T8097",NA,84,0,0,NA,4,1,5,4,0,2,0,5,5,1,0,0,0,1,80,2,0,0,34,0,0,0,NA,NA,"2019-05-01T04:51:07.178+0000",2,0,1,0,NA,NA,NA,1,45,0,0,0,0,0,0,0,0,0,0,0,0,0,0,0,0,0,0,0,0,0,0,0,0,0,0,NA,NA,NA,"CD_I1004400",FALSE,4,"Sarah","D'Arcy","home","Collingwood"
"CD_M20192640602","2019-03-09T05:40:00.000+0000","CONCLUDED","2019 NAB AFLW Season","Round 6",6,"Marvel Stadium","Collingwood","Collingwood","North Melbourne","North Melbourne",35,"https://s.afl.com.au/staticfile/AFL Tenant/AFL/Players/ChampIDImages/AFLW/2019264/1010688.png?im=Scale,width=0.6,height=0.6","HFFR","CD_I1010688",FALSE,35,"Maddie","Shevlin","CD_T8097",NA,65,0,0,NA,5,2,7,2,0,3,2,4,6,2,0,0,0,2,28.6,2,0,0,37,2,0,0,NA,NA,"2019-05-01T04:51:07.178+0000",3,2,0,0,NA,NA,NA,1,140,0,1,1,0,0,0,0,0,0,0,0,0,0,0,0,0,0,0,0,0,0,0,0,0,0,0,NA,NA,NA,"CD_I1010688",FALSE,35,"Maddie","Shevlin","home","Collingwood"
"CD_M20192640602","2019-03-09T05:40:00.000+0000","CONCLUDED","2019 NAB AFLW Season","Round 6",6,"Marvel Stadium","Collingwood","Collingwood","North Melbourne","North Melbourne",21,"https://s.afl.com.au/staticfile/AFL Tenant/AFL/Players/ChampIDImages/AFLW/2019264/1009851.png?im=Scale,width=0.6,height=0.6","BPR","CD_I1009851",FALSE,21,"Iilish","Ross","CD_T8097",NA,50,0,0,NA,2,0,2,1,0,1,2,1,3,0,0,1,0,1,50,1,0,1,10,1,0,0,NA,NA,"2019-05-01T04:51:07.178+0000",0,2,0,0,NA,NA,NA,0,37,0,0,0,0,0,0,0,0,0,0,0,0,0,0,0,0,0,0,0,0,0,0,0,0,0,0,NA,NA,NA,"CD_I1009851",FALSE,21,"Iilish","Ross","home","Collingwood"
"CD_M20192640602","2019-03-09T05:40:00.000+0000","CONCLUDED","2019 NAB AFLW Season","Round 6",6,"Marvel Stadium","Collingwood","Collingwood","North Melbourne","North Melbourne",22,"https://s.afl.com.au/staticfile/AFL Tenant/AFL/Players/ChampIDImages/AFLW/2019264/1007139.png?im=Scale,width=0.6,height=0.6","FB","CD_I1007139",FALSE,22,"Sophie","Casey","CD_T8097",NA,73,0,0,NA,2,0,2,0,0,0,1,1,2,0,0,0,0,4,100,1,0,0,6,0,0,0,NA,NA,"2019-05-01T04:51:07.178+0000",0,2,0,0,NA,NA,NA,0,23,0,0,0,0,0,0,0,0,0,0,0,0,0,0,0,0,0,0,0,0,0,0,0,0,0,0,NA,NA,NA,"CD_I1007139",FALSE,22,"Sophie","Casey","home","Collingwood"
"CD_M20192640602","2019-03-09T05:40:00.000+0000","CONCLUDED","2019 NAB AFLW Season","Round 6",6,"Marvel Stadium","Collingwood","Collingwood","North Melbourne","North Melbourne",17,"https://s.afl.com.au/staticfile/AFL Tenant/AFL/Players/ChampIDImages/AFLW/2019264/998158.png?im=Scale,width=0.6,height=0.6","RR","CD_I998158",FALSE,17,"Stephanie","Chiocci","CD_T8097",NA,76,1,0,NA,4,4,8,2,0,1,3,6,9,1,1,0,0,2,62.5,3,0,2,30,0,0,100,NA,NA,"2019-05-01T04:51:07.178+0000",2,3,0,1,NA,NA,NA,2,87,0,0,0,0,0,0,0,0,0,0,0,0,0,0,0,0,0,0,0,0,0,0,0,0,0,0,NA,NA,NA,"CD_I998158",FALSE,17,"Stephanie","Chiocci","home","Collingwood"
"CD_M20192640602","2019-03-09T05:40:00.000+0000","CONCLUDED","2019 NAB AFLW Season","Round 6",6,"Marvel Stadium","Collingwood","Collingwood","North Melbourne","North Melbourne",32,"https://s.afl.com.au/staticfile/AFL Tenant/AFL/Players/ChampIDImages/AFLW/2019264/997726.png?im=Scale,width=0.6,height=0.6","INT","CD_I997726",FALSE,32,"Georgia","Gourlay","CD_T8097",NA,50,0,0,NA,4,0,4,2,0,0,1,3,4,1,0,0,0,0,50,0,0,0,18,1,0,0,NA,NA,"2019-05-01T04:51:07.178+0000",1,3,0,0,NA,NA,NA,0,56,0,0,0,0,0,0,0,0,0,0,0,0,0,0,0,0,0,0,0,0,0,0,0,0,0,0,NA,NA,NA,"CD_I997726",FALSE,32,"Georgia","Gourlay","home","Collingwood"
"CD_M20192640602","2019-03-09T05:40:00.000+0000","CONCLUDED","2019 NAB AFLW Season","Round 6",6,"Marvel Stadium","Collingwood","Collingwood","North Melbourne","North Melbourne",8,"https://s.afl.com.au/staticfile/AFL Tenant/AFL/Players/ChampIDImages/AFLW/2019264/997729.png?im=Scale,width=0.6,height=0.6","C","CD_I997729",FALSE,8,"Brittany","Bonnici","CD_T8097",NA,81,0,0,NA,14,7,21,3,0,10,16,6,22,4,0,0,0,0,42.9,6,6,3,102,2,0,0,NA,NA,"2019-05-01T04:51:07.178+0000",7,3,1,1,NA,NA,NA,0,359,0,4,4,0,0,0,0,0,0,0,0,0,0,0,0,0,0,0,0,0,0,0,0,0,0,0,NA,NA,NA,"CD_I997729",FALSE,8,"Brittany","Bonnici","home","Collingwood"
"CD_M20192640602","2019-03-09T05:40:00.000+0000","CONCLUDED","2019 NAB AFLW Season","Round 6",6,"Marvel Stadium","Collingwood","Collingwood","North Melbourne","North Melbourne",10,"https://s.afl.com.au/staticfile/AFL Tenant/AFL/Players/ChampIDImages/AFLW/2019264/1010663.png?im=Scale,width=0.6,height=0.6","HBFR","CD_I1010663",FALSE,10,"Ash","Brazill","CD_T8097",NA,100,0,0,NA,16,3,19,2,3,2,9,6,15,0,0,0,0,4,63.2,6,0,2,62,6,0,0,NA,NA,"2019-05-01T04:51:07.178+0000",6,8,0,0,NA,NA,NA,3,476,0,0,0,0,0,0,0,0,0,0,0,0,0,0,0,0,0,0,0,0,0,0,0,0,0,0,NA,NA,NA,"CD_I1010663",FALSE,10,"Ash","Brazill","home","Collingwood"
"CD_M20192640602","2019-03-09T05:40:00.000+0000","CONCLUDED","2019 NAB AFLW Season","Round 6",6,"Marvel Stadium","Collingwood","Collingwood","North Melbourne","North Melbourne",31,"https://s.afl.com.au/staticfile/AFL Tenant/AFL/Players/ChampIDImages/AFLW/2019264/1005664.png?im=Scale,width=0.6,height=0.6","CHF","CD_I1005664",FALSE,31,"Jordan","Membrey","CD_T8097",NA,52,0,0,NA,0,2,2,1,0,3,2,1,3,0,1,0,0,2,50,1,0,1,16,0,1,0,NA,NA,"2019-05-01T04:51:07.178+0000",1,0,0,0,NA,NA,NA,1,-10,0,0,0,0,0,0,0,0,0,0,0,0,0,0,0,0,0,0,0,0,0,0,0,0,0,0,NA,NA,NA,"CD_I1005664",FALSE,31,"Jordan","Membrey","home","Collingwood"
"CD_M20192640602","2019-03-09T05:40:00.000+0000","CONCLUDED","2019 NAB AFLW Season","Round 6",6,"Marvel Stadium","Collingwood","Collingwood","North Melbourne","North Melbourne",6,"https://s.afl.com.au/staticfile/AFL Tenant/AFL/Players/ChampIDImages/AFLW/2019264/997736.png?im=Scale,width=0.6,height=0.6","BPL","CD_I997736",FALSE,6,"Jordyn","Allen","CD_T8097",NA,94,0,0,NA,5,1,6,3,0,0,3,3,6,1,1,0,0,1,50,0,0,0,26,0,0,0,NA,NA,"2019-05-01T04:51:07.178+0000",2,1,0,1,NA,NA,NA,2,111,0,0,0,0,0,0,0,0,0,0,0,0,0,0,0,0,0,0,0,0,0,0,0,0,0,0,NA,NA,NA,"CD_I997736",FALSE,6,"Jordyn","Allen","home","Collingwood"
"CD_M20192640602","2019-03-09T05:40:00.000+0000","CONCLUDED","2019 NAB AFLW Season","Round 6",6,"Marvel Stadium","Collingwood","Collingwood","North Melbourne","North Melbourne",7,"https://s.afl.com.au/staticfile/AFL Tenant/AFL/Players/ChampIDImages/AFLW/2019264/1013706.png?im=Scale,width=0.6,height=0.6","FPL","CD_I1013706",FALSE,7,"Sarah","Rowe","CD_T8097",NA,100,1,0,NA,12,5,17,5,0,3,6,10,16,4,1,0,0,1,64.7,4,1,2,74,0,1,100,NA,NA,"2019-05-01T04:51:07.178+0000",5,1,1,1,NA,NA,NA,4,183,2,0,2,0,0,0,0,0,0,0,0,0,0,0,0,0,0,0,0,0,0,0,0,0,0,0,NA,NA,NA,"CD_I1013706",FALSE,7,"Sarah","Rowe","home","Collingwood"
"CD_M20192640602","2019-03-09T05:40:00.000+0000","CONCLUDED","2019 NAB AFLW Season","Round 6",6,"Marvel Stadium","Collingwood","Collingwood","North Melbourne","North Melbourne",1,"https://s.afl.com.au/staticfile/AFL Tenant/AFL/Players/ChampIDImages/AFLW/2019264/1013765.png?im=Scale,width=0.6,height=0.6","INT","CD_I1013765",FALSE,1,"Sharni","Layton","CD_T8097",NA,43,0,0,NA,1,3,4,1,0,1,4,1,5,0,0,0,8,0,50,1,0,1,21,0,0,0,NA,NA,"2019-05-01T04:51:07.178+0000",1,1,0,0,NA,NA,NA,0,32,1,0,1,0,0,0,0,0,0,0,0,0,0,0,0,0,0,0,0,0,0,0,0,0,0,0,NA,NA,NA,"CD_I1013765",FALSE,1,"Sharni","Layton","home","Collingwood"
"CD_M20192640602","2019-03-09T05:40:00.000+0000","CONCLUDED","2019 NAB AFLW Season","Round 6",6,"Marvel Stadium","Collingwood","Collingwood","North Melbourne","North Melbourne",18,"https://s.afl.com.au/staticfile/AFL Tenant/AFL/Players/ChampIDImages/AFLW/2019264/1007027.png?im=Scale,width=0.6,height=0.6","INT","CD_I1007027",FALSE,18,"Ruby","Schleicher","CD_T8097",NA,77,0,0,NA,2,2,4,1,0,1,3,1,4,0,0,0,0,2,75,0,0,0,17,2,0,0,NA,NA,"2019-05-01T04:51:07.178+0000",1,2,0,0,NA,NA,NA,0,37,1,0,1,0,0,0,0,0,0,0,0,0,0,0,0,0,0,0,0,0,0,0,0,0,0,0,NA,NA,NA,"CD_I1007027",FALSE,18,"Ruby","Schleicher","home","Collingwood"
"CD_M20192640602","2019-03-09T05:40:00.000+0000","CONCLUDED","2019 NAB AFLW Season","Round 6",6,"Marvel Stadium","Collingwood","Collingwood","North Melbourne","North Melbourne",5,"https://s.afl.com.au/staticfile/AFL Tenant/AFL/Players/ChampIDImages/AFLW/2019264/1004401.png?im=Scale,width=0.6,height=0.6","HBFL","CD_I1004401",FALSE,5,"Emma","Grant","CD_T8097",NA,100,1,0,NA,4,1,5,2,0,3,2,3,5,1,2,0,0,0,80,2,2,1,37,0,1,100,NA,NA,"2019-05-01T04:51:07.178+0000",1,1,1,1,NA,NA,NA,2,45,0,0,0,0,0,0,0,0,0,0,0,0,0,0,0,0,0,0,0,0,0,0,0,0,0,0,NA,NA,NA,"CD_I1004401",FALSE,5,"Emma","Grant","home","Collingwood"
"CD_M20192640602","2019-03-09T05:40:00.000+0000","CONCLUDED","2019 NAB AFLW Season","Round 6",6,"Marvel Stadium","Collingwood","Collingwood","North Melbourne","North Melbourne",46,"https://s.afl.com.au/staticfile/AFL Tenant/AFL/Players/ChampIDImages/AFLW/2019264/1009872.png?im=Scale,width=0.6,height=0.6","INT","CD_I1009872",FALSE,46,"Sarah","Dargan","CD_T8097",NA,83,0,0,NA,8,1,9,3,0,3,5,4,9,3,0,0,0,1,66.7,3,1,1,45,1,0,0,NA,NA,"2019-05-01T04:51:07.178+0000",2,2,0,0,NA,NA,NA,1,110,1,0,1,0,0,0,0,0,0,0,0,0,0,0,0,0,0,0,0,0,0,0,0,0,0,0,NA,NA,NA,"CD_I1009872",FALSE,46,"Sarah","Dargan","home","Collingwood"
"CD_M20192640602","2019-03-09T05:40:00.000+0000","CONCLUDED","2019 NAB AFLW Season","Round 6",6,"Marvel Stadium","Collingwood","Collingwood","North Melbourne","North Melbourne",41,"https://s.afl.com.au/staticfile/AFL Tenant/AFL/Players/ChampIDImages/AFLW/2019264/1010658.png?im=Scale,width=0.6,height=0.6","FPR","CD_I1010658",FALSE,41,"Kristy","Stratton","CD_T8097",NA,73,0,0,NA,6,4,10,0,0,8,8,2,10,2,0,0,0,1,60,3,1,2,53,1,0,0,NA,NA,"2019-05-01T04:51:07.178+0000",5,2,1,0,NA,NA,NA,0,105,1,3,4,0,0,0,0,0,0,0,0,0,0,0,0,0,0,0,0,0,0,0,0,0,0,0,NA,NA,NA,"CD_I1010658",FALSE,41,"Kristy","Stratton","home","Collingwood"
"CD_M20192640602","2019-03-09T05:40:00.000+0000","CONCLUDED","2019 NAB AFLW Season","Round 6",6,"Marvel Stadium","Collingwood","Collingwood","North Melbourne","North Melbourne",12,"https://s.afl.com.au/staticfile/AFL Tenant/AFL/Players/ChampIDImages/AFLW/2019264/1007015.png?im=Scale,width=0.6,height=0.6","CHB","CD_I1007015",FALSE,12,"Stacey","Livingstone","CD_T8097",NA,100,0,0,NA,13,0,13,2,0,1,5,3,8,1,0,1,1,5,61.5,5,0,2,44,5,1,0,NA,NA,"2019-05-01T04:51:07.178+0000",5,7,0,0,NA,NA,NA,2,359,0,0,0,0,0,0,0,0,0,0,0,0,0,0,0,0,0,0,0,0,0,0,0,0,0,0,NA,NA,NA,"CD_I1007015",FALSE,12,"Stacey","Livingstone","home","Collingwood"
"CD_M20192640602","2019-03-09T05:40:00.000+0000","CONCLUDED","2019 NAB AFLW Season","Round 6",6,"Marvel Stadium","Collingwood","Collingwood","North Melbourne","North Melbourne",16,"https://s.afl.com.au/staticfile/AFL Tenant/AFL/Players/ChampIDImages/AFLW/2019264/1013028.png?im=Scale,width=0.6,height=0.6","INT","CD_I1013028",FALSE,16,"Katie","Lynch","CD_T8097",NA,71,0,0,NA,1,2,3,1,0,2,0,3,3,1,0,0,0,1,33.3,1,0,1,15,0,0,0,NA,NA,"2019-05-01T04:51:07.178+0000",2,0,0,0,NA,NA,NA,1,32,0,0,0,0,0,0,0,0,0,0,0,0,0,0,0,0,0,0,0,0,0,0,0,0,0,0,NA,NA,NA,"CD_I1013028",FALSE,16,"Katie","Lynch","home","Collingwood"
"CD_M20192640602","2019-03-09T05:40:00.000+0000","CONCLUDED","2019 NAB AFLW Season","Round 6",6,"Marvel Stadium","Collingwood","Collingwood","North Melbourne","North Melbourne",34,"https://s.afl.com.au/staticfile/AFL Tenant/AFL/Players/ChampIDImages/AFLW/2019264/1009855.png?im=Scale,width=0.6,height=0.6","HFFL","CD_I1009855",FALSE,34,"Darcy","Guttridge","CD_T8097",NA,86,2,0,NA,3,4,7,2,0,0,3,4,7,1,2,0,0,1,71.4,2,1,1,33,0,0,100,NA,NA,"2019-05-01T04:51:07.178+0000",2,1,0,2,NA,NA,NA,3,92,0,0,0,0,0,0,0,0,0,0,0,0,0,0,0,0,0,0,0,0,0,0,0,0,0,0,NA,NA,NA,"CD_I1009855",FALSE,34,"Darcy","Guttridge","home","Collingwood"
"CD_M20192640602","2019-03-09T05:40:00.000+0000","CONCLUDED","2019 NAB AFLW Season","Round 6",6,"Marvel Stadium","Collingwood","Collingwood","North Melbourne","North Melbourne",11,"https://s.afl.com.au/staticfile/AFL Tenant/AFL/Players/ChampIDImages/AFLW/2019264/1009978.png?im=Scale,width=0.6,height=0.6","RK","CD_I1009978",FALSE,11,"Eliza","Hynes","CD_T8097",NA,63,0,0,NA,2,2,4,2,0,1,3,2,5,1,0,0,15,0,75,3,0,2,29,0,0,0,NA,NA,"2019-05-01T04:51:07.178+0000",0,0,0,0,NA,NA,NA,1,38,0,0,0,0,0,0,0,0,0,0,0,0,0,0,0,0,0,0,0,0,0,0,0,0,0,0,NA,NA,NA,"CD_I1009978",FALSE,11,"Eliza","Hynes","home","Collingwood"
"CD_M20192640602","2019-03-09T05:40:00.000+0000","CONCLUDED","2019 NAB AFLW Season","Round 6",6,"Marvel Stadium","Collingwood","Collingwood","North Melbourne","North Melbourne",13,"https://s.afl.com.au/staticfile/AFL Tenant/AFL/Players/ChampIDImages/AFLW/2019264/1004415.png?im=Scale,width=0.6,height=0.6","R","CD_I1004415",FALSE,13,"Jaimee","Lambert","CD_T8097",NA,80,0,1,NA,17,3,20,7,0,8,7,13,20,2,0,0,0,0,60,4,4,1,112,2,1,0,NA,NA,"2019-05-01T04:51:07.178+0000",4,1,0,2,NA,NA,NA,3,285,1,2,3,0,0,0,0,0,0,0,0,0,0,0,0,0,0,0,0,0,0,0,0,0,0,0,NA,NA,NA,"CD_I1004415",FALSE,13,"Jaimee","Lambert","home","Collingwood"
"CD_M20192640602","2019-03-09T05:40:00.000+0000","CONCLUDED","2019 NAB AFLW Season","Round 6",6,"Marvel Stadium","Collingwood","Collingwood","North Melbourne","North Melbourne",31,"https://s.afl.com.au/staticfile/AFL Tenant/AFL/Players/ChampIDImages/AFLW/2019264/296143.png?im=Scale,width=0.6,height=0.6","FB","CD_I296143",FALSE,31,"Danielle","Hardiman","CD_T8466",NA,63,0,0,NA,3,6,9,0,0,3,6,4,10,0,0,0,0,3,88.9,0,2,0,35,2,0,0,NA,NA,"2019-05-01T04:51:07.178+0000",0,5,0,0,NA,NA,NA,3,95,0,1,1,0,0,0,0,0,0,0,0,0,0,0,0,0,0,0,0,0,0,0,0,0,0,0,NA,NA,NA,"CD_I296143",FALSE,31,"Danielle","Hardiman","away","North Melbourne"
"CD_M20192640602","2019-03-09T05:40:00.000+0000","CONCLUDED","2019 NAB AFLW Season","Round 6",6,"Marvel Stadium","Collingwood","Collingwood","North Melbourne","North Melbourne",19,"https://s.afl.com.au/staticfile/AFL Tenant/AFL/Players/ChampIDImages/AFLW/2019264/1007006.png?im=Scale,width=0.6,height=0.6","BPL","CD_I1007006",FALSE,19,"Jasmine","Grierson","CD_T8466",NA,73,0,0,NA,6,4,10,1,0,1,8,4,12,0,0,0,0,2,70,2,2,1,32,2,0,0,NA,NA,"2019-05-01T04:51:07.178+0000",2,6,0,0,NA,NA,NA,2,24,0,1,1,0,0,0,0,0,0,0,0,0,0,0,0,0,0,0,0,0,0,0,0,0,0,0,NA,NA,NA,"CD_I1007006",FALSE,19,"Jasmine","Grierson","away","North Melbourne"
"CD_M20192640602","2019-03-09T05:40:00.000+0000","CONCLUDED","2019 NAB AFLW Season","Round 6",6,"Marvel Stadium","Collingwood","Collingwood","North Melbourne","North Melbourne",10,"https://s.afl.com.au/staticfile/AFL Tenant/AFL/Players/ChampIDImages/AFLW/2019264/997649.png?im=Scale,width=0.6,height=0.6","FPR","CD_I997649",FALSE,10,"Kaitlyn","Ashmore","CD_T8466",NA,80,1,0,NA,6,2,8,3,0,5,2,6,8,3,0,0,0,1,50,3,0,0,57,0,1,100,NA,NA,"2019-05-01T04:51:07.178+0000",3,0,1,1,NA,NA,NA,3,145,0,0,0,0,0,0,0,0,0,0,0,0,0,0,0,0,0,0,0,0,0,0,0,0,0,0,NA,NA,NA,"CD_I997649",FALSE,10,"Kaitlyn","Ashmore","away","North Melbourne"
"CD_M20192640602","2019-03-09T05:40:00.000+0000","CONCLUDED","2019 NAB AFLW Season","Round 6",6,"Marvel Stadium","Collingwood","Collingwood","North Melbourne","North Melbourne",8,"https://s.afl.com.au/staticfile/AFL Tenant/AFL/Players/ChampIDImages/AFLW/2019264/1012712.png?im=Scale,width=0.6,height=0.6","INT","CD_I1012712",FALSE,8,"Alison","Drennan","CD_T8466",NA,67,0,2,NA,8,6,14,1,1,6,6,9,15,2,0,0,0,2,50,0,2,0,67,1,0,0,NA,NA,"2019-05-01T04:51:07.178+0000",2,0,0,2,NA,NA,NA,4,207,0,2,2,0,0,0,0,0,0,0,0,0,0,0,0,0,0,0,0,0,0,0,0,0,0,0,NA,NA,NA,"CD_I1012712",FALSE,8,"Alison","Drennan","away","North Melbourne"
"CD_M20192640602","2019-03-09T05:40:00.000+0000","CONCLUDED","2019 NAB AFLW Season","Round 6",6,"Marvel Stadium","Collingwood","Collingwood","North Melbourne","North Melbourne",21,"https://s.afl.com.au/staticfile/AFL Tenant/AFL/Players/ChampIDImages/AFLW/2019264/1004416.png?im=Scale,width=0.6,height=0.6","BPR","CD_I1004416",FALSE,21,"Jessica","Trend","CD_T8466",NA,47,0,0,NA,4,5,9,2,0,2,3,6,9,2,0,0,0,0,55.6,1,0,0,36,0,0,0,NA,NA,"2019-05-01T04:51:07.178+0000",1,2,0,0,NA,NA,NA,1,93,1,1,2,0,0,0,0,0,0,0,0,0,0,0,0,0,0,0,0,0,0,0,0,0,0,0,NA,NA,NA,"CD_I1004416",FALSE,21,"Jessica","Trend","away","North Melbourne"
"CD_M20192640602","2019-03-09T05:40:00.000+0000","CONCLUDED","2019 NAB AFLW Season","Round 6",6,"Marvel Stadium","Collingwood","Collingwood","North Melbourne","North Melbourne",2,"https://s.afl.com.au/staticfile/AFL Tenant/AFL/Players/ChampIDImages/AFLW/2019264/1005361.png?im=Scale,width=0.6,height=0.6","FPL","CD_I1005361",FALSE,2,"Daria","Bannister","CD_T8466",NA,53,1,0,NA,3,0,3,1,0,0,1,2,3,1,0,0,0,0,100,3,0,1,15,0,0,100,NA,NA,"2019-05-01T04:51:07.178+0000",1,0,0,1,NA,NA,NA,2,80,0,0,0,0,0,0,0,0,0,0,0,0,0,0,0,0,0,0,0,0,0,0,0,0,0,0,NA,NA,NA,"CD_I1005361",FALSE,2,"Daria","Bannister","away","North Melbourne"
"CD_M20192640602","2019-03-09T05:40:00.000+0000","CONCLUDED","2019 NAB AFLW Season","Round 6",6,"Marvel Stadium","Collingwood","Collingwood","North Melbourne","North Melbourne",4,"https://s.afl.com.au/staticfile/AFL Tenant/AFL/Players/ChampIDImages/AFLW/2019264/1013521.png?im=Scale,width=0.6,height=0.6","INT","CD_I1013521",FALSE,4,"Elisha","King","CD_T8466",NA,67,0,0,NA,7,3,10,1,0,2,6,4,10,2,0,0,0,1,30,2,0,0,38,0,0,0,NA,NA,"2019-05-01T04:51:07.178+0000",3,2,0,0,NA,NA,NA,4,87,0,1,1,0,0,0,0,0,0,0,0,0,0,0,0,0,0,0,0,0,0,0,0,0,0,0,NA,NA,NA,"CD_I1013521",FALSE,4,"Elisha","King","away","North Melbourne"
"CD_M20192640602","2019-03-09T05:40:00.000+0000","CONCLUDED","2019 NAB AFLW Season","Round 6",6,"Marvel Stadium","Collingwood","Collingwood","North Melbourne","North Melbourne",27,"https://s.afl.com.au/staticfile/AFL Tenant/AFL/Players/ChampIDImages/AFLW/2019264/1005864.png?im=Scale,width=0.6,height=0.6","HBFL","CD_I1005864",FALSE,27,"Jessica","Duffin","CD_T8466",NA,100,0,0,NA,8,3,11,2,0,4,3,7,10,3,0,0,0,1,81.8,3,1,1,50,2,0,0,NA,NA,"2019-05-01T04:51:07.178+0000",2,4,0,0,NA,NA,NA,4,159,0,0,0,0,0,0,0,0,0,0,0,0,0,0,0,0,0,0,0,0,0,0,0,0,0,0,NA,NA,NA,"CD_I1005864",FALSE,27,"Jessica","Duffin","away","North Melbourne"
"CD_M20192640602","2019-03-09T05:40:00.000+0000","CONCLUDED","2019 NAB AFLW Season","Round 6",6,"Marvel Stadium","Collingwood","Collingwood","North Melbourne","North Melbourne",25,"https://s.afl.com.au/staticfile/AFL Tenant/AFL/Players/ChampIDImages/AFLW/2019264/296154.png?im=Scale,width=0.6,height=0.6","CHF","CD_I296154",FALSE,25,"Jasmine","Garner","CD_T8466",NA,100,2,0,NA,9,4,13,3,0,4,6,8,14,3,0,0,0,1,76.9,1,2,1,71,0,0,100,NA,NA,"2019-05-01T04:51:07.178+0000",3,1,3,2,NA,NA,NA,5,183,0,0,0,0,0,0,0,0,0,0,0,0,0,0,0,0,0,0,0,0,0,0,0,0,0,0,NA,NA,NA,"CD_I296154",FALSE,25,"Jasmine","Garner","away","North Melbourne"
"CD_M20192640602","2019-03-09T05:40:00.000+0000","CONCLUDED","2019 NAB AFLW Season","Round 6",6,"Marvel Stadium","Collingwood","Collingwood","North Melbourne","North Melbourne",5,"https://s.afl.com.au/staticfile/AFL Tenant/AFL/Players/ChampIDImages/AFLW/2019264/997695.png?im=Scale,width=0.6,height=0.6","HFFL","CD_I997695",FALSE,5,"Kate","Gillespie-Jones","CD_T8466",NA,93,0,0,NA,4,4,8,3,0,9,2,6,8,2,0,1,9,0,87.5,1,1,0,75,0,3,0,NA,NA,"2019-05-01T04:51:07.178+0000",0,0,2,0,NA,NA,NA,6,134,0,1,1,0,0,0,0,0,0,0,0,0,0,0,0,0,0,0,0,0,0,0,0,0,0,0,NA,NA,NA,"CD_I997695",FALSE,5,"Kate","Gillespie-Jones","away","North Melbourne"
"CD_M20192640602","2019-03-09T05:40:00.000+0000","CONCLUDED","2019 NAB AFLW Season","Round 6",6,"Marvel Stadium","Collingwood","Collingwood","North Melbourne","North Melbourne",20,"https://s.afl.com.au/staticfile/AFL Tenant/AFL/Players/ChampIDImages/AFLW/2019264/1012700.png?im=Scale,width=0.6,height=0.6","INT","CD_I1012700",FALSE,20,"Bethany","Lynch","CD_T8466",NA,78,0,0,NA,3,3,6,1,0,2,4,3,7,0,0,0,0,1,50,1,1,1,24,1,0,0,NA,NA,"2019-05-01T04:51:07.178+0000",2,3,0,0,NA,NA,NA,0,120,0,1,1,0,0,0,0,0,0,0,0,0,0,0,0,0,0,0,0,0,0,0,0,0,0,0,NA,NA,NA,"CD_I1012700",FALSE,20,"Bethany","Lynch","away","North Melbourne"
"CD_M20192640602","2019-03-09T05:40:00.000+0000","CONCLUDED","2019 NAB AFLW Season","Round 6",6,"Marvel Stadium","Collingwood","Collingwood","North Melbourne","North Melbourne",17,"https://s.afl.com.au/staticfile/AFL Tenant/AFL/Players/ChampIDImages/AFLW/2019264/1007030.png?im=Scale,width=0.6,height=0.6","RR","CD_I1007030",FALSE,17,"Jamie","Stanton","CD_T8466",NA,73,0,1,NA,13,2,15,5,0,5,4,11,15,1,2,0,0,0,53.3,3,1,2,74,2,0,0,NA,NA,"2019-05-01T04:51:07.178+0000",1,3,0,2,NA,NA,NA,5,316,1,2,3,0,0,0,0,0,0,0,0,0,0,0,0,0,0,0,0,0,0,0,0,0,0,0,NA,NA,NA,"CD_I1007030",FALSE,17,"Jamie","Stanton","away","North Melbourne"
"CD_M20192640602","2019-03-09T05:40:00.000+0000","CONCLUDED","2019 NAB AFLW Season","Round 6",6,"Marvel Stadium","Collingwood","Collingwood","North Melbourne","North Melbourne",60,"https://s.afl.com.au/staticfile/AFL Tenant/AFL/Players/ChampIDImages/AFLW/2019264/1001686.png?im=Scale,width=0.6,height=0.6","RK","CD_I1001686",FALSE,60,"Emma","King","CD_T8466",NA,82,0,1,NA,3,2,5,1,0,6,1,4,5,1,0,0,18,5,60,3,0,2,53,0,0,0,NA,NA,"2019-05-01T04:51:07.178+0000",1,1,0,1,NA,NA,NA,5,64,0,0,0,0,0,0,0,0,0,0,0,0,0,0,0,0,0,0,0,0,0,0,0,0,0,0,NA,NA,NA,"CD_I1001686",FALSE,60,"Emma","King","away","North Melbourne"
"CD_M20192640602","2019-03-09T05:40:00.000+0000","CONCLUDED","2019 NAB AFLW Season","Round 6",6,"Marvel Stadium","Collingwood","Collingwood","North Melbourne","North Melbourne",16,"https://s.afl.com.au/staticfile/AFL Tenant/AFL/Players/ChampIDImages/AFLW/2019264/1003023.png?im=Scale,width=0.6,height=0.6","CHB","CD_I1003023",FALSE,16,"Tahlia","Randall","CD_T8466",NA,81,0,0,NA,5,3,8,1,0,4,4,3,7,1,0,0,0,5,50,2,2,0,42,5,0,0,NA,NA,"2019-05-01T04:51:07.178+0000",2,5,0,0,NA,NA,NA,1,209,0,0,0,0,0,0,0,0,0,0,0,0,0,0,0,0,0,0,0,0,0,0,0,0,0,0,NA,NA,NA,"CD_I1003023",FALSE,16,"Tahlia","Randall","away","North Melbourne"
"CD_M20192640602","2019-03-09T05:40:00.000+0000","CONCLUDED","2019 NAB AFLW Season","Round 6",6,"Marvel Stadium","Collingwood","Collingwood","North Melbourne","North Melbourne",23,"https://s.afl.com.au/staticfile/AFL Tenant/AFL/Players/ChampIDImages/AFLW/2019264/997672.png?im=Scale,width=0.6,height=0.6","FF","CD_I997672",FALSE,23,"Moana","Hope","CD_T8466",NA,81,1,1,NA,3,1,4,2,0,0,1,3,4,1,1,1,0,0,75,0,0,0,24,0,1,50,NA,NA,"2019-05-01T04:51:07.178+0000",0,0,0,2,NA,NA,NA,3,71,0,0,0,0,0,0,0,0,0,0,0,0,0,0,0,0,0,0,0,0,0,0,0,0,0,0,NA,NA,NA,"CD_I997672",FALSE,23,"Moana","Hope","away","North Melbourne"
"CD_M20192640602","2019-03-09T05:40:00.000+0000","CONCLUDED","2019 NAB AFLW Season","Round 6",6,"Marvel Stadium","Collingwood","Collingwood","North Melbourne","North Melbourne",11,"https://s.afl.com.au/staticfile/AFL Tenant/AFL/Players/ChampIDImages/AFLW/2019264/1013025.png?im=Scale,width=0.6,height=0.6","INT","CD_I1013025",FALSE,11,"Daisy","Bateman","CD_T8466",NA,70,2,2,NA,5,1,6,2,0,2,4,2,6,1,2,1,0,0,66.7,0,2,0,47,0,0,50,NA,NA,"2019-05-01T04:51:07.178+0000",1,0,2,4,NA,NA,NA,5,112,0,0,0,0,0,0,0,0,0,0,0,0,0,0,0,0,0,0,0,0,0,0,0,0,0,0,NA,NA,NA,"CD_I1013025",FALSE,11,"Daisy","Bateman","away","North Melbourne"
"CD_M20192640602","2019-03-09T05:40:00.000+0000","CONCLUDED","2019 NAB AFLW Season","Round 6",6,"Marvel Stadium","Collingwood","Collingwood","North Melbourne","North Melbourne",18,"https://s.afl.com.au/staticfile/AFL Tenant/AFL/Players/ChampIDImages/AFLW/2019264/1007005.png?im=Scale,width=0.6,height=0.6","HBFR","CD_I1007005",FALSE,18,"Brittany","Gibson","CD_T8466",NA,89,0,0,NA,9,3,12,6,0,2,5,7,12,0,0,2,0,2,83.3,2,0,1,56,2,0,0,NA,NA,"2019-05-01T04:51:07.178+0000",4,6,0,0,NA,NA,NA,3,316,0,0,0,0,0,0,0,0,0,0,0,0,0,0,0,0,0,0,0,0,0,0,0,0,0,0,NA,NA,NA,"CD_I1007005",FALSE,18,"Brittany","Gibson","away","North Melbourne"
"CD_M20192640602","2019-03-09T05:40:00.000+0000","CONCLUDED","2019 NAB AFLW Season","Round 6",6,"Marvel Stadium","Collingwood","Collingwood","North Melbourne","North Melbourne",9,"https://s.afl.com.au/staticfile/AFL Tenant/AFL/Players/ChampIDImages/AFLW/2019264/998150.png?im=Scale,width=0.6,height=0.6","C","CD_I998150",FALSE,9,"Emma","Kearney","CD_T8466",NA,82,0,1,NA,6,8,14,1,0,5,9,6,15,1,1,0,0,1,57.1,5,3,4,49,1,0,0,NA,NA,"2019-05-01T04:51:07.178+0000",4,4,1,1,NA,NA,NA,3,212,1,4,5,0,0,0,0,0,0,0,0,0,0,0,0,0,0,0,0,0,0,0,0,0,0,0,NA,NA,NA,"CD_I998150",FALSE,9,"Emma","Kearney","away","North Melbourne"
"CD_M20192640602","2019-03-09T05:40:00.000+0000","CONCLUDED","2019 NAB AFLW Season","Round 6",6,"Marvel Stadium","Collingwood","Collingwood","North Melbourne","North Melbourne",3,"https://s.afl.com.au/staticfile/AFL Tenant/AFL/Players/ChampIDImages/AFLW/2019264/1010292.png?im=Scale,width=0.6,height=0.6","INT","CD_I1010292",FALSE,3,"Taylor","Mesiti","CD_T8466",NA,59,0,0,NA,4,3,7,2,0,2,4,3,7,0,0,0,0,1,57.1,0,0,0,32,1,0,0,NA,NA,"2019-05-01T04:51:07.178+0000",2,4,0,0,NA,NA,NA,1,91,0,0,0,0,0,0,0,0,0,0,0,0,0,0,0,0,0,0,0,0,0,0,0,0,0,0,NA,NA,NA,"CD_I1010292",FALSE,3,"Taylor","Mesiti","away","North Melbourne"
"CD_M20192640602","2019-03-09T05:40:00.000+0000","CONCLUDED","2019 NAB AFLW Season","Round 6",6,"Marvel Stadium","Collingwood","Collingwood","North Melbourne","North Melbourne",1,"https://s.afl.com.au/staticfile/AFL Tenant/AFL/Players/ChampIDImages/AFLW/2019264/1010252.png?im=Scale,width=0.6,height=0.6","HFFR","CD_I1010252",FALSE,1,"Sophie","Abbatangelo","CD_T8466",NA,91,0,1,NA,7,6,13,2,0,1,8,6,14,2,0,0,0,0,69.2,0,3,0,47,0,0,0,NA,NA,"2019-05-01T04:51:07.178+0000",2,1,1,2,NA,NA,NA,7,122,0,0,0,0,0,0,0,0,0,0,0,0,0,0,0,0,0,0,0,0,0,0,0,0,0,0,NA,NA,NA,"CD_I1010252",FALSE,1,"Sophie","Abbatangelo","away","North Melbourne"
"CD_M20192640602","2019-03-09T05:40:00.000+0000","CONCLUDED","2019 NAB AFLW Season","Round 6",6,"Marvel Stadium","Collingwood","Collingwood","North Melbourne","North Melbourne",35,"https://s.afl.com.au/staticfile/AFL Tenant/AFL/Players/ChampIDImages/AFLW/2019264/1003018.png?im=Scale,width=0.6,height=0.6","R","CD_I1003018",FALSE,35,"Jenna","Bruton","CD_T8466",NA,72,0,0,NA,12,7,19,1,0,2,13,4,17,4,0,0,0,1,57.9,4,1,2,56,2,0,0,NA,NA,"2019-05-01T04:51:07.178+0000",6,6,0,0,NA,NA,NA,2,309,2,3,5,0,0,0,0,0,0,0,0,0,0,0,0,0,0,0,0,0,0,0,0,0,0,0,NA,NA,NA,"CD_I1003018",FALSE,35,"Jenna","Bruton","away","North Melbourne"
"CD_M20192640603","2019-03-09T08:10:00.000+0000","CONCLUDED","2019 NAB AFLW Season","Round 6",6,"Marvel Stadium","Western Bulldogs","Western Bulldogs","Melbourne","Melbourne",9,"https://s.afl.com.au/staticfile/AFL Tenant/AFL/Players/ChampIDImages/AFLW/2019264/1009875.png?im=Scale,width=0.6,height=0.6","INT","CD_I1009875",FALSE,9,"Eleanor","Brown","CD_T7387",NA,78,0,0,NA,1,7,8,0,0,2,7,1,8,0,0,0,0,1,62.5,2,0,0,25,2,0,0,0,NA,"2019-03-09T10:07:49.326+0000",2,1,0,0,NA,NA,NA,0,18,0,4,4,0,0,0,0,0,0,0,0,0,0,0,0,0,0,0,0,0,0,0,0,0,0,0,NA,NA,NA,"CD_I1009875",FALSE,9,"Eleanor","Brown","home","Western Bulldogs"
"CD_M20192640603","2019-03-09T08:10:00.000+0000","CONCLUDED","2019 NAB AFLW Season","Round 6",6,"Marvel Stadium","Western Bulldogs","Western Bulldogs","Melbourne","Melbourne",10,"https://s.afl.com.au/staticfile/AFL Tenant/AFL/Players/ChampIDImages/AFLW/2019264/997660.png?im=Scale,width=0.6,height=0.6","INT","CD_I997660",FALSE,10,"Nicole","Callinan","CD_T7387",NA,53,0,0,NA,6,1,7,2,0,6,3,5,8,1,0,0,0,1,57.1,1,0,1,47,2,0,0,0,NA,"2019-03-09T10:07:49.326+0000",3,2,0,0,NA,NA,NA,1,108,0,0,0,0,0,0,0,0,0,0,0,0,0,0,0,0,0,0,0,0,0,0,0,0,0,0,NA,NA,NA,"CD_I997660",FALSE,10,"Nicole","Callinan","home","Western Bulldogs"
"CD_M20192640603","2019-03-09T08:10:00.000+0000","CONCLUDED","2019 NAB AFLW Season","Round 6",6,"Marvel Stadium","Western Bulldogs","Western Bulldogs","Melbourne","Melbourne",27,"https://s.afl.com.au/staticfile/AFL Tenant/AFL/Players/ChampIDImages/AFLW/2019264/997686.png?im=Scale,width=0.6,height=0.6","C","CD_I997686",FALSE,27,"Kirsty","Lamb","CD_T7387",NA,84,0,0,NA,12,3,15,5,0,10,9,7,16,3,0,1,0,1,66.7,2,3,1,97,1,2,0,0,NA,"2019-03-09T10:07:49.326+0000",4,4,0,0,NA,NA,NA,3,160,1,2,3,0,0,0,0,0,0,0,0,0,0,0,0,0,0,0,0,0,0,0,0,0,0,0,NA,NA,NA,"CD_I997686",FALSE,27,"Kirsty","Lamb","home","Western Bulldogs"
"CD_M20192640603","2019-03-09T08:10:00.000+0000","CONCLUDED","2019 NAB AFLW Season","Round 6",6,"Marvel Stadium","Western Bulldogs","Western Bulldogs","Melbourne","Melbourne",1,"https://s.afl.com.au/staticfile/AFL Tenant/AFL/Players/ChampIDImages/AFLW/2019264/1004408.png?im=Scale,width=0.6,height=0.6","HFFR","CD_I1004408",FALSE,1,"Brooke","Lochland","CD_T7387",NA,73,0,1,NA,4,1,5,2,0,2,2,3,5,1,1,0,0,0,0,1,1,0,30,0,0,0,0,NA,"2019-03-09T10:07:49.326+0000",1,0,1,1,NA,NA,NA,1,98,0,0,0,0,0,0,0,0,0,0,0,0,0,0,0,0,0,0,0,0,0,0,0,0,0,0,NA,NA,NA,"CD_I1004408",FALSE,1,"Brooke","Lochland","home","Western Bulldogs"
"CD_M20192640603","2019-03-09T08:10:00.000+0000","CONCLUDED","2019 NAB AFLW Season","Round 6",6,"Marvel Stadium","Western Bulldogs","Western Bulldogs","Melbourne","Melbourne",6,"https://s.afl.com.au/staticfile/AFL Tenant/AFL/Players/ChampIDImages/AFLW/2019264/1007020.png?im=Scale,width=0.6,height=0.6","INT","CD_I1007020",FALSE,6,"Kirsten","McLeod","CD_T7387",NA,52,1,0,NA,2,1,3,1,0,2,0,2,2,1,0,0,0,0,100,0,0,0,25,0,0,100,0,NA,"2019-03-09T10:07:49.326+0000",1,0,1,1,NA,NA,NA,1,64,0,0,0,0,0,0,0,0,0,0,0,0,0,0,0,0,0,0,0,0,0,0,0,0,0,0,NA,NA,NA,"CD_I1007020",FALSE,6,"Kirsten","McLeod","home","Western Bulldogs"
"CD_M20192640603","2019-03-09T08:10:00.000+0000","CONCLUDED","2019 NAB AFLW Season","Round 6",6,"Marvel Stadium","Western Bulldogs","Western Bulldogs","Melbourne","Melbourne",4,"https://s.afl.com.au/staticfile/AFL Tenant/AFL/Players/ChampIDImages/AFLW/2019264/997725.png?im=Scale,width=0.6,height=0.6","FPR","CD_I997725",FALSE,4,"Isabel","Huntington","CD_T7387",NA,100,0,0,NA,5,3,8,3,0,4,4,3,7,2,2,2,0,0,25,0,0,0,46,0,1,0,0,NA,"2019-03-09T10:07:49.326+0000",1,0,2,2,NA,NA,NA,3,118,0,0,0,0,0,0,0,0,0,0,0,0,0,0,0,0,0,0,0,0,0,0,0,0,0,0,NA,NA,NA,"CD_I997725",FALSE,4,"Isabel","Huntington","home","Western Bulldogs"
"CD_M20192640603","2019-03-09T08:10:00.000+0000","CONCLUDED","2019 NAB AFLW Season","Round 6",6,"Marvel Stadium","Western Bulldogs","Western Bulldogs","Melbourne","Melbourne",11,"https://s.afl.com.au/staticfile/AFL Tenant/AFL/Players/ChampIDImages/AFLW/2019264/998153.png?im=Scale,width=0.6,height=0.6","FB","CD_I998153",FALSE,11,"Lauren","Spark","CD_T7387",NA,85,0,0,NA,5,1,6,3,0,1,1,5,6,0,0,1,0,0,33.3,3,0,1,27,0,0,0,0,NA,"2019-03-09T10:07:49.326+0000",1,1,0,0,NA,NA,NA,0,52,0,0,0,0,0,0,0,0,0,0,0,0,0,0,0,0,0,0,0,0,0,0,0,0,0,0,NA,NA,NA,"CD_I998153",FALSE,11,"Lauren","Spark","home","Western Bulldogs"
"CD_M20192640603","2019-03-09T08:10:00.000+0000","CONCLUDED","2019 NAB AFLW Season","Round 6",6,"Marvel Stadium","Western Bulldogs","Western Bulldogs","Melbourne","Melbourne",2,"https://s.afl.com.au/staticfile/AFL Tenant/AFL/Players/ChampIDImages/AFLW/2019264/296125.png?im=Scale,width=0.6,height=0.6","RR","CD_I296125",FALSE,2,"Ellie","Blackburn","CD_T7387",NA,94,0,0,NA,14,8,22,4,0,3,11,9,20,2,0,1,0,2,45.5,4,1,1,80,1,0,0,0,NA,"2019-03-09T10:07:49.326+0000",7,6,0,0,NA,NA,NA,1,315,0,1,1,0,0,0,0,0,0,0,0,0,0,0,0,0,0,0,0,0,0,0,0,0,0,0,NA,NA,NA,"CD_I296125",FALSE,2,"Ellie","Blackburn","home","Western Bulldogs"
"CD_M20192640603","2019-03-09T08:10:00.000+0000","CONCLUDED","2019 NAB AFLW Season","Round 6",6,"Marvel Stadium","Western Bulldogs","Western Bulldogs","Melbourne","Melbourne",15,"https://s.afl.com.au/staticfile/AFL Tenant/AFL/Players/ChampIDImages/AFLW/2019264/1014034.png?im=Scale,width=0.6,height=0.6","FPL","CD_I1014034",FALSE,15,"Aisling","McCarthy","CD_T7387",NA,84,1,0,NA,7,4,11,0,0,2,6,4,10,0,0,0,0,0,45.5,1,2,0,45,0,0,100,0,NA,"2019-03-09T10:07:49.326+0000",1,1,0,1,NA,NA,NA,1,128,1,1,2,0,0,0,0,0,0,0,0,0,0,0,0,0,0,0,0,0,0,0,0,0,0,0,NA,NA,NA,"CD_I1014034",FALSE,15,"Aisling","McCarthy","home","Western Bulldogs"
"CD_M20192640603","2019-03-09T08:10:00.000+0000","CONCLUDED","2019 NAB AFLW Season","Round 6",6,"Marvel Stadium","Western Bulldogs","Western Bulldogs","Melbourne","Melbourne",36,"https://s.afl.com.au/staticfile/AFL Tenant/AFL/Players/ChampIDImages/AFLW/2019264/1007154.png?im=Scale,width=0.6,height=0.6","INT","CD_I1007154",FALSE,36,"Angelica","Gogos","CD_T7387",NA,78,0,0,NA,2,2,4,0,0,5,3,1,4,0,0,0,0,1,25,0,0,0,30,0,0,0,0,NA,"2019-03-09T10:07:49.326+0000",0,0,0,0,NA,NA,NA,0,41,1,0,1,0,0,0,0,0,0,0,0,0,0,0,0,0,0,0,0,0,0,0,0,0,0,0,NA,NA,NA,"CD_I1007154",FALSE,36,"Angelica","Gogos","home","Western Bulldogs"
"CD_M20192640603","2019-03-09T08:10:00.000+0000","CONCLUDED","2019 NAB AFLW Season","Round 6",6,"Marvel Stadium","Western Bulldogs","Western Bulldogs","Melbourne","Melbourne",22,"https://s.afl.com.au/staticfile/AFL Tenant/AFL/Players/ChampIDImages/AFLW/2019264/1001689.png?im=Scale,width=0.6,height=0.6","HBFR","CD_I1001689",FALSE,22,"Hannah","Scott","CD_T7387",NA,98,0,0,NA,16,2,18,1,0,4,8,6,14,1,0,0,0,1,61.1,2,2,1,70,9,0,0,0,NA,"2019-03-09T10:07:49.326+0000",7,7,0,0,NA,NA,NA,1,605,0,0,0,0,0,0,0,0,0,0,0,0,0,0,0,0,0,0,0,0,0,0,0,0,0,0,NA,NA,NA,"CD_I1001689",FALSE,22,"Hannah","Scott","home","Western Bulldogs"
"CD_M20192640603","2019-03-09T08:10:00.000+0000","CONCLUDED","2019 NAB AFLW Season","Round 6",6,"Marvel Stadium","Western Bulldogs","Western Bulldogs","Melbourne","Melbourne",19,"https://s.afl.com.au/staticfile/AFL Tenant/AFL/Players/ChampIDImages/AFLW/2019264/997692.png?im=Scale,width=0.6,height=0.6","CHB","CD_I997692",FALSE,19,"Tiarna","Ernst","CD_T7387",NA,97,0,0,NA,2,1,3,0,1,3,3,2,5,0,0,0,0,1,66.7,2,2,1,19,0,0,0,0,NA,"2019-03-09T10:07:49.326+0000",2,2,0,0,NA,NA,NA,0,55,0,2,2,0,0,0,0,0,0,0,0,0,0,0,0,0,0,0,0,0,0,0,0,0,0,0,NA,NA,NA,"CD_I997692",FALSE,19,"Tiarna","Ernst","home","Western Bulldogs"
"CD_M20192640603","2019-03-09T08:10:00.000+0000","CONCLUDED","2019 NAB AFLW Season","Round 6",6,"Marvel Stadium","Western Bulldogs","Western Bulldogs","Melbourne","Melbourne",14,"https://s.afl.com.au/staticfile/AFL Tenant/AFL/Players/ChampIDImages/AFLW/2019264/1005374.png?im=Scale,width=0.6,height=0.6","CHF","CD_I1005374",FALSE,14,"Ellyse","Gamble","CD_T7387",NA,46,0,0,NA,1,1,2,1,0,5,1,1,2,0,0,0,4,0,50,2,0,1,29,0,0,0,0,NA,"2019-03-09T10:07:49.326+0000",1,0,1,0,NA,NA,NA,0,15,0,1,1,0,0,0,0,0,0,0,0,0,0,0,0,0,0,0,0,0,0,0,0,0,0,0,NA,NA,NA,"CD_I1005374",FALSE,14,"Ellyse","Gamble","home","Western Bulldogs"
"CD_M20192640603","2019-03-09T08:10:00.000+0000","CONCLUDED","2019 NAB AFLW Season","Round 6",6,"Marvel Stadium","Western Bulldogs","Western Bulldogs","Melbourne","Melbourne",18,"https://s.afl.com.au/staticfile/AFL Tenant/AFL/Players/ChampIDImages/AFLW/2019264/1007157.png?im=Scale,width=0.6,height=0.6","HBFL","CD_I1007157",FALSE,18,"Libby","Birch","CD_T7387",NA,100,0,0,NA,10,3,13,7,0,1,4,8,12,0,0,0,0,0,53.8,3,1,0,62,4,0,0,0,NA,"2019-03-09T10:07:49.326+0000",3,9,0,0,NA,NA,NA,1,213,0,0,0,0,0,0,0,0,0,0,0,0,0,0,0,0,0,0,0,0,0,0,0,0,0,0,NA,NA,NA,"CD_I1007157",FALSE,18,"Libby","Birch","home","Western Bulldogs"
"CD_M20192640603","2019-03-09T08:10:00.000+0000","CONCLUDED","2019 NAB AFLW Season","Round 6",6,"Marvel Stadium","Western Bulldogs","Western Bulldogs","Melbourne","Melbourne",3,"https://s.afl.com.au/staticfile/AFL Tenant/AFL/Players/ChampIDImages/AFLW/2019264/998157.png?im=Scale,width=0.6,height=0.6","FF","CD_I998157",FALSE,3,"Katie","Brennan","CD_T7387",NA,81,1,0,NA,4,0,4,1,0,4,3,2,5,0,0,1,0,1,50,3,1,2,32,1,0,100,0,NA,"2019-03-09T10:07:49.326+0000",2,1,0,1,NA,NA,NA,1,55,0,0,0,0,0,0,0,0,0,0,0,0,0,0,0,0,0,0,0,0,0,0,0,0,0,0,NA,NA,NA,"CD_I998157",FALSE,3,"Katie","Brennan","home","Western Bulldogs"
"CD_M20192640603","2019-03-09T08:10:00.000+0000","CONCLUDED","2019 NAB AFLW Season","Round 6",6,"Marvel Stadium","Western Bulldogs","Western Bulldogs","Melbourne","Melbourne",16,"https://s.afl.com.au/staticfile/AFL Tenant/AFL/Players/ChampIDImages/AFLW/2019264/1010689.png?im=Scale,width=0.6,height=0.6","INT","CD_I1010689",FALSE,16,"Naomi","Ferres","CD_T7387",NA,46,1,0,NA,1,2,3,0,0,1,2,1,3,1,0,0,0,0,66.7,0,1,0,18,0,0,100,0,NA,"2019-03-09T10:07:49.326+0000",1,0,0,1,NA,NA,NA,1,57,1,0,1,0,0,0,0,0,0,0,0,0,0,0,0,0,0,0,0,0,0,0,0,0,0,0,NA,NA,NA,"CD_I1010689",FALSE,16,"Naomi","Ferres","home","Western Bulldogs"
"CD_M20192640603","2019-03-09T08:10:00.000+0000","CONCLUDED","2019 NAB AFLW Season","Round 6",6,"Marvel Stadium","Western Bulldogs","Western Bulldogs","Melbourne","Melbourne",28,"https://s.afl.com.au/staticfile/AFL Tenant/AFL/Players/ChampIDImages/AFLW/2019264/1010690.png?im=Scale,width=0.6,height=0.6","BPL","CD_I1010690",FALSE,28,"Bonnie","Toogood","CD_T7387",NA,59,0,0,NA,3,0,3,1,0,2,2,2,4,1,0,1,0,0,33.3,1,1,0,21,0,0,0,0,NA,"2019-03-09T10:07:49.326+0000",1,0,0,0,NA,NA,NA,1,48,0,1,1,0,0,0,0,0,0,0,0,0,0,0,0,0,0,0,0,0,0,0,0,0,0,0,NA,NA,NA,"CD_I1010690",FALSE,28,"Bonnie","Toogood","home","Western Bulldogs"
"CD_M20192640603","2019-03-09T08:10:00.000+0000","CONCLUDED","2019 NAB AFLW Season","Round 6",6,"Marvel Stadium","Western Bulldogs","Western Bulldogs","Melbourne","Melbourne",24,"https://s.afl.com.au/staticfile/AFL Tenant/AFL/Players/ChampIDImages/AFLW/2019264/1010677.png?im=Scale,width=0.6,height=0.6","RK","CD_I1010677",FALSE,24,"Kimberley","Rennie","CD_T7387",NA,55,0,0,NA,4,2,6,1,0,4,6,2,8,0,0,1,15,2,66.7,1,2,0,52,1,0,0,0,NA,"2019-03-09T10:07:49.326+0000",2,2,0,0,NA,NA,NA,1,76,1,3,4,0,0,0,0,0,0,0,0,0,0,0,0,0,0,0,0,0,0,0,0,0,0,0,NA,NA,NA,"CD_I1010677",FALSE,24,"Kimberley","Rennie","home","Western Bulldogs"
"CD_M20192640603","2019-03-09T08:10:00.000+0000","CONCLUDED","2019 NAB AFLW Season","Round 6",6,"Marvel Stadium","Western Bulldogs","Western Bulldogs","Melbourne","Melbourne",26,"https://s.afl.com.au/staticfile/AFL Tenant/AFL/Players/ChampIDImages/AFLW/2019264/1012716.png?im=Scale,width=0.6,height=0.6","BPR","CD_I1012716",FALSE,26,"Selena","Karlson","CD_T7387",NA,50,0,0,NA,2,2,4,0,0,2,2,1,3,0,0,0,0,1,75,1,0,0,18,0,0,0,0,NA,"2019-03-09T10:07:49.326+0000",1,3,0,0,NA,NA,NA,0,22,0,0,0,0,0,0,0,0,0,0,0,0,0,0,0,0,0,0,0,0,0,0,0,0,0,0,NA,NA,NA,"CD_I1012716",FALSE,26,"Selena","Karlson","home","Western Bulldogs"
"CD_M20192640603","2019-03-09T08:10:00.000+0000","CONCLUDED","2019 NAB AFLW Season","Round 6",6,"Marvel Stadium","Western Bulldogs","Western Bulldogs","Melbourne","Melbourne",8,"https://s.afl.com.au/staticfile/AFL Tenant/AFL/Players/ChampIDImages/AFLW/2019264/1010104.png?im=Scale,width=0.6,height=0.6","R","CD_I1010104",FALSE,8,"Monique","Conti","CD_T7387",NA,89,1,0,NA,13,7,20,5,1,7,11,9,20,5,0,0,0,1,70,0,4,0,106,2,0,100,0,NA,"2019-03-09T10:07:49.326+0000",4,4,1,1,NA,NA,NA,2,252,1,3,4,0,0,0,0,0,0,0,0,0,0,0,0,0,0,0,0,0,0,0,0,0,0,0,NA,NA,NA,"CD_I1010104",FALSE,8,"Monique","Conti","home","Western Bulldogs"
"CD_M20192640603","2019-03-09T08:10:00.000+0000","CONCLUDED","2019 NAB AFLW Season","Round 6",6,"Marvel Stadium","Western Bulldogs","Western Bulldogs","Melbourne","Melbourne",23,"https://s.afl.com.au/staticfile/AFL Tenant/AFL/Players/ChampIDImages/AFLW/2019264/1010676.png?im=Scale,width=0.6,height=0.6","HFFL","CD_I1010676",FALSE,23,"Aisling","Utri","CD_T7387",NA,97,1,1,NA,8,1,9,4,0,5,7,4,11,1,1,1,0,0,44.4,2,3,1,65,0,0,50,0,NA,"2019-03-09T10:07:49.326+0000",1,2,1,2,NA,NA,NA,4,164,0,1,1,0,0,0,0,0,0,0,0,0,0,0,0,0,0,0,0,0,0,0,0,0,0,0,NA,NA,NA,"CD_I1010676",FALSE,23,"Aisling","Utri","home","Western Bulldogs"
"CD_M20192640603","2019-03-09T08:10:00.000+0000","CONCLUDED","2019 NAB AFLW Season","Round 6",6,"Marvel Stadium","Western Bulldogs","Western Bulldogs","Melbourne","Melbourne",10,"https://s.afl.com.au/staticfile/AFL Tenant/AFL/Players/ChampIDImages/AFLW/2019264/1009980.png?im=Scale,width=0.6,height=0.6","CHF","CD_I1009980",FALSE,10,"Kate","Hore","CD_T7386",NA,86,0,3,NA,5,6,11,2,0,4,6,5,11,0,2,0,0,0,45.5,1,1,1,50,0,0,0,0,NA,"2019-03-09T10:07:49.326+0000",1,2,3,3,NA,NA,NA,6,105,0,1,1,0,0,0,0,0,0,0,0,0,0,0,0,0,0,0,0,0,0,0,0,0,0,0,NA,NA,NA,"CD_I1009980",FALSE,10,"Kate","Hore","away","Melbourne"
"CD_M20192640603","2019-03-09T08:10:00.000+0000","CONCLUDED","2019 NAB AFLW Season","Round 6",6,"Marvel Stadium","Western Bulldogs","Western Bulldogs","Melbourne","Melbourne",8,"https://s.afl.com.au/staticfile/AFL Tenant/AFL/Players/ChampIDImages/AFLW/2019264/1007011.png?im=Scale,width=0.6,height=0.6","HBFL","CD_I1007011",FALSE,8,"Sarah","Lampard","CD_T7386",NA,81,0,0,NA,5,8,13,2,0,0,3,10,13,1,0,0,0,2,69.2,2,0,0,37,1,1,0,0,NA,"2019-03-09T10:07:49.326+0000",3,4,0,0,NA,NA,NA,3,195,0,0,0,0,0,0,0,0,0,0,0,0,0,0,0,0,0,0,0,0,0,0,0,0,0,0,NA,NA,NA,"CD_I1007011",FALSE,8,"Sarah","Lampard","away","Melbourne"
"CD_M20192640603","2019-03-09T08:10:00.000+0000","CONCLUDED","2019 NAB AFLW Season","Round 6",6,"Marvel Stadium","Western Bulldogs","Western Bulldogs","Melbourne","Melbourne",15,"https://s.afl.com.au/staticfile/AFL Tenant/AFL/Players/ChampIDImages/AFLW/2019264/1005863.png?im=Scale,width=0.6,height=0.6","RK","CD_I1005863",FALSE,15,"Lauren","Pearce","CD_T7386",NA,74,0,0,NA,4,8,12,1,0,2,10,7,17,0,0,0,31,3,50,1,1,0,71,2,0,0,0,NA,"2019-03-09T10:07:49.326+0000",0,2,0,0,NA,NA,NA,4,98,0,4,4,0,0,0,0,0,0,0,0,0,0,0,0,0,0,0,0,0,0,0,0,0,0,0,NA,NA,NA,"CD_I1005863",FALSE,15,"Lauren","Pearce","away","Melbourne"
"CD_M20192640603","2019-03-09T08:10:00.000+0000","CONCLUDED","2019 NAB AFLW Season","Round 6",6,"Marvel Stadium","Western Bulldogs","Western Bulldogs","Melbourne","Melbourne",35,"https://s.afl.com.au/staticfile/AFL Tenant/AFL/Players/ChampIDImages/AFLW/2019264/1007153.png?im=Scale,width=0.6,height=0.6","CHB","CD_I1007153",FALSE,35,"Catherine","Phillips","CD_T7386",NA,70,0,0,NA,2,10,12,1,0,1,9,5,14,2,0,0,0,1,58.3,5,1,4,22,0,0,0,0,NA,"2019-03-09T10:07:49.326+0000",3,3,0,0,NA,NA,NA,1,63,0,1,1,0,0,0,0,0,0,0,0,0,0,0,0,0,0,0,0,0,0,0,0,0,0,0,NA,NA,NA,"CD_I1007153",FALSE,35,"Catherine","Phillips","away","Melbourne"
"CD_M20192640603","2019-03-09T08:10:00.000+0000","CONCLUDED","2019 NAB AFLW Season","Round 6",6,"Marvel Stadium","Western Bulldogs","Western Bulldogs","Melbourne","Melbourne",4,"https://s.afl.com.au/staticfile/AFL Tenant/AFL/Players/ChampIDImages/AFLW/2019264/998149.png?im=Scale,width=0.6,height=0.6","R","CD_I998149",FALSE,4,"Karen","Paxman","CD_T7386",NA,90,1,1,NA,12,12,24,4,0,7,13,11,24,6,0,0,0,0,75,5,1,4,96,1,0,50,0,NA,"2019-03-09T10:07:49.326+0000",3,3,0,2,NA,NA,NA,5,491,2,6,8,0,0,0,0,0,0,0,0,0,0,0,0,0,0,0,0,0,0,0,0,0,0,0,NA,NA,NA,"CD_I998149",FALSE,4,"Karen","Paxman","away","Melbourne"
"CD_M20192640603","2019-03-09T08:10:00.000+0000","CONCLUDED","2019 NAB AFLW Season","Round 6",6,"Marvel Stadium","Western Bulldogs","Western Bulldogs","Melbourne","Melbourne",30,"https://s.afl.com.au/staticfile/AFL Tenant/AFL/Players/ChampIDImages/AFLW/2019264/1012713.png?im=Scale,width=0.6,height=0.6","BPR","CD_I1012713",FALSE,30,"Shelley","Heath","CD_T7386",NA,69,0,0,NA,2,4,6,0,0,2,3,3,6,0,0,0,0,1,83.3,1,0,0,22,1,0,0,0,NA,"2019-03-09T10:07:49.326+0000",0,4,0,0,NA,NA,NA,0,45,0,0,0,0,0,0,0,0,0,0,0,0,0,0,0,0,0,0,0,0,0,0,0,0,0,0,NA,NA,NA,"CD_I1012713",FALSE,30,"Shelley","Heath","away","Melbourne"
"CD_M20192640603","2019-03-09T08:10:00.000+0000","CONCLUDED","2019 NAB AFLW Season","Round 6",6,"Marvel Stadium","Western Bulldogs","Western Bulldogs","Melbourne","Melbourne",1,"https://s.afl.com.au/staticfile/AFL Tenant/AFL/Players/ChampIDImages/AFLW/2019264/1010659.png?im=Scale,width=0.6,height=0.6","FF","CD_I1010659",FALSE,1,"Tegan","Cunningham","CD_T7386",NA,89,2,1,NA,5,4,9,3,0,3,7,2,9,1,2,2,1,2,66.7,2,1,1,56,0,0,66.7,0,NA,"2019-03-09T10:07:49.326+0000",2,0,2,3,NA,NA,NA,5,99,0,0,0,0,0,0,0,0,0,0,0,0,0,0,0,0,0,0,0,0,0,0,0,0,0,0,NA,NA,NA,"CD_I1010659",FALSE,1,"Tegan","Cunningham","away","Melbourne"
"CD_M20192640603","2019-03-09T08:10:00.000+0000","CONCLUDED","2019 NAB AFLW Season","Round 6",6,"Marvel Stadium","Western Bulldogs","Western Bulldogs","Melbourne","Melbourne",7,"https://s.afl.com.au/staticfile/AFL Tenant/AFL/Players/ChampIDImages/AFLW/2019264/296158.png?im=Scale,width=0.6,height=0.6","INT","CD_I296158",FALSE,7,"Bianca","Jakobsson","CD_T7386",NA,61,0,0,NA,8,5,13,3,0,1,4,9,13,5,1,1,0,1,30.8,4,0,0,47,0,0,0,0,NA,"2019-03-09T10:07:49.326+0000",6,1,0,0,NA,NA,NA,2,252,0,1,1,0,0,0,0,0,0,0,0,0,0,0,0,0,0,0,0,0,0,0,0,0,0,0,NA,NA,NA,"CD_I296158",FALSE,7,"Bianca","Jakobsson","away","Melbourne"
"CD_M20192640603","2019-03-09T08:10:00.000+0000","CONCLUDED","2019 NAB AFLW Season","Round 6",6,"Marvel Stadium","Western Bulldogs","Western Bulldogs","Melbourne","Melbourne",14,"https://s.afl.com.au/staticfile/AFL Tenant/AFL/Players/ChampIDImages/AFLW/2019264/997708.png?im=Scale,width=0.6,height=0.6","RR","CD_I997708",FALSE,14,"Lily","Mithen","CD_T7386",NA,72,0,0,NA,3,7,10,0,0,4,5,6,11,0,0,0,0,0,60,2,0,0,39,0,0,0,0,NA,"2019-03-09T10:07:49.326+0000",2,1,0,0,NA,NA,NA,0,91,0,1,1,0,0,0,0,0,0,0,0,0,0,0,0,0,0,0,0,0,0,0,0,0,0,0,NA,NA,NA,"CD_I997708",FALSE,14,"Lily","Mithen","away","Melbourne"
"CD_M20192640603","2019-03-09T08:10:00.000+0000","CONCLUDED","2019 NAB AFLW Season","Round 6",6,"Marvel Stadium","Western Bulldogs","Western Bulldogs","Melbourne","Melbourne",3,"https://s.afl.com.au/staticfile/AFL Tenant/AFL/Players/ChampIDImages/AFLW/2019264/1009976.png?im=Scale,width=0.6,height=0.6","HFFL","CD_I1009976",FALSE,3,"Maddison","Gay","CD_T7386",NA,78,1,0,NA,7,6,13,2,0,5,8,4,12,1,0,0,0,0,61.5,2,0,1,62,0,1,100,0,NA,"2019-03-09T10:07:49.326+0000",2,3,1,1,NA,NA,NA,2,121,1,1,2,0,0,0,0,0,0,0,0,0,0,0,0,0,0,0,0,0,0,0,0,0,0,0,NA,NA,NA,"CD_I1009976",FALSE,3,"Maddison","Gay","away","Melbourne"
"CD_M20192640603","2019-03-09T08:10:00.000+0000","CONCLUDED","2019 NAB AFLW Season","Round 6",6,"Marvel Stadium","Western Bulldogs","Western Bulldogs","Melbourne","Melbourne",22,"https://s.afl.com.au/staticfile/AFL Tenant/AFL/Players/ChampIDImages/AFLW/2019264/1009888.png?im=Scale,width=0.6,height=0.6","INT","CD_I1009888",FALSE,22,"Madeline","Guerin","CD_T7386",NA,52,0,0,NA,6,4,10,3,0,2,4,6,10,3,1,1,0,1,80,0,1,0,44,0,0,0,0,NA,"2019-03-09T10:07:49.326+0000",4,2,0,0,NA,NA,NA,1,166,0,2,2,0,0,0,0,0,0,0,0,0,0,0,0,0,0,0,0,0,0,0,0,0,0,0,NA,NA,NA,"CD_I1009888",FALSE,22,"Madeline","Guerin","away","Melbourne"
"CD_M20192640603","2019-03-09T08:10:00.000+0000","CONCLUDED","2019 NAB AFLW Season","Round 6",6,"Marvel Stadium","Western Bulldogs","Western Bulldogs","Melbourne","Melbourne",28,"https://s.afl.com.au/staticfile/AFL Tenant/AFL/Players/ChampIDImages/AFLW/2019264/1009853.png?im=Scale,width=0.6,height=0.6","INT","CD_I1009853",FALSE,28,"Tyla","Hanks","CD_T7386",NA,87,0,0,NA,3,1,4,1,0,1,3,2,5,0,0,0,0,2,50,3,0,2,12,0,0,0,0,NA,"2019-03-09T10:07:49.326+0000",2,1,0,1,NA,NA,NA,0,47,0,0,0,0,0,0,0,0,0,0,0,0,0,0,0,0,0,0,0,0,0,0,0,0,0,0,NA,NA,NA,"CD_I1009853",FALSE,28,"Tyla","Hanks","away","Melbourne"
"CD_M20192640603","2019-03-09T08:10:00.000+0000","CONCLUDED","2019 NAB AFLW Season","Round 6",6,"Marvel Stadium","Western Bulldogs","Western Bulldogs","Melbourne","Melbourne",13,"https://s.afl.com.au/staticfile/AFL Tenant/AFL/Players/ChampIDImages/AFLW/2019264/997733.png?im=Scale,width=0.6,height=0.6","INT","CD_I997733",FALSE,13,"Katherine","Smith","CD_T7386",NA,61,0,0,NA,3,1,4,0,0,5,3,1,4,3,0,0,0,1,50,4,1,2,26,0,0,0,0,NA,"2019-03-09T10:07:49.326+0000",2,1,2,0,NA,NA,NA,0,90,0,2,2,0,0,0,0,0,0,0,0,0,0,0,0,0,0,0,0,0,0,0,0,0,0,0,NA,NA,NA,"CD_I997733",FALSE,13,"Katherine","Smith","away","Melbourne"
"CD_M20192640603","2019-03-09T08:10:00.000+0000","CONCLUDED","2019 NAB AFLW Season","Round 6",6,"Marvel Stadium","Western Bulldogs","Western Bulldogs","Melbourne","Melbourne",5,"https://s.afl.com.au/staticfile/AFL Tenant/AFL/Players/ChampIDImages/AFLW/2019264/998147.png?im=Scale,width=0.6,height=0.6","C","CD_I998147",FALSE,5,"Elise","O'Dea","CD_T7386",NA,77,0,0,NA,10,11,21,3,1,8,15,9,24,2,1,0,0,0,61.9,5,2,5,80,0,1,0,0,NA,"2019-03-09T10:07:49.326+0000",3,2,2,0,NA,NA,NA,5,170,0,4,4,0,0,0,0,0,0,0,0,0,0,0,0,0,0,0,0,0,0,0,0,0,0,0,NA,NA,NA,"CD_I998147",FALSE,5,"Elise","O'Dea","away","Melbourne"
"CD_M20192640603","2019-03-09T08:10:00.000+0000","CONCLUDED","2019 NAB AFLW Season","Round 6",6,"Marvel Stadium","Western Bulldogs","Western Bulldogs","Melbourne","Melbourne",12,"https://s.afl.com.au/staticfile/AFL Tenant/AFL/Players/ChampIDImages/AFLW/2019264/1007028.png?im=Scale,width=0.6,height=0.6","HFFR","CD_I1007028",FALSE,12,"Shelley","Scott","CD_T7386",NA,94,0,2,NA,7,2,9,5,0,3,2,7,9,2,1,1,0,1,22.2,1,0,0,54,1,0,0,0,NA,"2019-03-09T10:07:49.326+0000",3,0,1,2,NA,NA,NA,4,143,0,0,0,0,0,0,0,0,0,0,0,0,0,0,0,0,0,0,0,0,0,0,0,0,0,0,NA,NA,NA,"CD_I1007028",FALSE,12,"Shelley","Scott","away","Melbourne"
"CD_M20192640603","2019-03-09T08:10:00.000+0000","CONCLUDED","2019 NAB AFLW Season","Round 6",6,"Marvel Stadium","Western Bulldogs","Western Bulldogs","Melbourne","Melbourne",11,"https://s.afl.com.au/staticfile/AFL Tenant/AFL/Players/ChampIDImages/AFLW/2019264/1012560.png?im=Scale,width=0.6,height=0.6","HBFR","CD_I1012560",FALSE,11,"Chantel","Emonson","CD_T7386",NA,87,0,0,NA,9,3,12,1,0,2,2,6,8,0,0,0,0,1,83.3,2,0,1,41,2,0,0,0,NA,"2019-03-09T10:07:49.326+0000",0,3,0,0,NA,NA,NA,1,214,1,0,1,0,0,0,0,0,0,0,0,0,0,0,0,0,0,0,0,0,0,0,0,0,0,0,NA,NA,NA,"CD_I1012560",FALSE,11,"Chantel","Emonson","away","Melbourne"
"CD_M20192640603","2019-03-09T08:10:00.000+0000","CONCLUDED","2019 NAB AFLW Season","Round 6",6,"Marvel Stadium","Western Bulldogs","Western Bulldogs","Melbourne","Melbourne",21,"https://s.afl.com.au/staticfile/AFL Tenant/AFL/Players/ChampIDImages/AFLW/2019264/1007152.png?im=Scale,width=0.6,height=0.6","FB","CD_I1007152",FALSE,21,"Harriet","Cordner","CD_T7386",NA,92,0,0,NA,3,1,4,0,0,1,3,2,5,0,0,0,0,7,50,2,0,1,12,0,0,0,0,NA,"2019-03-09T10:07:49.326+0000",2,2,0,0,NA,NA,NA,1,75,0,0,0,0,0,0,0,0,0,0,0,0,0,0,0,0,0,0,0,0,0,0,0,0,0,0,NA,NA,NA,"CD_I1007152",FALSE,21,"Harriet","Cordner","away","Melbourne"
"CD_M20192640603","2019-03-09T08:10:00.000+0000","CONCLUDED","2019 NAB AFLW Season","Round 6",6,"Marvel Stadium","Western Bulldogs","Western Bulldogs","Melbourne","Melbourne",29,"https://s.afl.com.au/staticfile/AFL Tenant/AFL/Players/ChampIDImages/AFLW/2019264/1009764.png?im=Scale,width=0.6,height=0.6","FPL","CD_I1009764",FALSE,29,"Eden","Zanker","CD_T7386",NA,56,1,0,NA,2,1,3,1,0,4,2,2,4,1,1,0,9,0,100,2,0,1,39,0,0,100,0,NA,"2019-03-09T10:07:49.326+0000",2,1,0,1,NA,NA,NA,2,69,0,0,0,0,0,0,0,0,0,0,0,0,0,0,0,0,0,0,0,0,0,0,0,0,0,0,NA,NA,NA,"CD_I1009764",FALSE,29,"Eden","Zanker","away","Melbourne"
"CD_M20192640603","2019-03-09T08:10:00.000+0000","CONCLUDED","2019 NAB AFLW Season","Round 6",6,"Marvel Stadium","Western Bulldogs","Western Bulldogs","Melbourne","Melbourne",24,"https://s.afl.com.au/staticfile/AFL Tenant/AFL/Players/ChampIDImages/AFLW/2019264/1007271.png?im=Scale,width=0.6,height=0.6","INT","CD_I1007271",FALSE,24,"Brooke","Patterson","CD_T7386",NA,39,0,0,NA,1,1,2,1,0,2,1,1,2,0,0,0,0,0,50,0,0,0,16,0,0,0,0,NA,"2019-03-09T10:07:49.326+0000",0,1,0,0,NA,NA,NA,0,2,0,0,0,0,0,0,0,0,0,0,0,0,0,0,0,0,0,0,0,0,0,0,0,0,0,0,NA,NA,NA,"CD_I1007271",FALSE,24,"Brooke","Patterson","away","Melbourne"
"CD_M20192640603","2019-03-09T08:10:00.000+0000","CONCLUDED","2019 NAB AFLW Season","Round 6",6,"Marvel Stadium","Western Bulldogs","Western Bulldogs","Melbourne","Melbourne",16,"https://s.afl.com.au/staticfile/AFL Tenant/AFL/Players/ChampIDImages/AFLW/2019264/1007151.png?im=Scale,width=0.6,height=0.6","FPR","CD_I1007151",FALSE,16,"Aliesha","Newman","CD_T7386",NA,88,0,1,NA,5,8,13,1,0,4,7,5,12,1,0,0,0,0,38.5,2,1,1,49,0,1,0,0,NA,"2019-03-09T10:07:49.326+0000",2,3,2,2,NA,NA,NA,4,111,0,0,0,0,0,0,0,0,0,0,0,0,0,0,0,0,0,0,0,0,0,0,0,0,0,0,NA,NA,NA,"CD_I1007151",FALSE,16,"Aliesha","Newman","away","Melbourne"
"CD_M20192640603","2019-03-09T08:10:00.000+0000","CONCLUDED","2019 NAB AFLW Season","Round 6",6,"Marvel Stadium","Western Bulldogs","Western Bulldogs","Melbourne","Melbourne",2,"https://s.afl.com.au/staticfile/AFL Tenant/AFL/Players/ChampIDImages/AFLW/2019264/1007149.png?im=Scale,width=0.6,height=0.6","BPL","CD_I1007149",FALSE,2,"Meg","Downie","CD_T7386",NA,97,0,0,NA,6,4,10,1,0,1,5,5,10,1,0,0,0,5,70,1,0,0,33,3,0,0,0,NA,"2019-03-09T10:07:49.326+0000",2,7,0,0,NA,NA,NA,4,193,0,0,0,0,0,0,0,0,0,0,0,0,0,0,0,0,0,0,0,0,0,0,0,0,0,0,NA,NA,NA,"CD_I1007149",FALSE,2,"Meg","Downie","away","Melbourne"
"CD_M20192640604","2019-03-10T03:05:00.000+0000","CONCLUDED","2019 NAB AFLW Season","Round 6",6,"Unley Oval","Adelaide Crows","Adelaide Crows","GWS GIANTS","GWS GIANTS",2,"https://s.afl.com.au/staticfile/AFL Tenant/AFL/Players/ChampIDImages/AFLW/2019264/1005258.png?im=Scale,width=0.6,height=0.6","HFFL","CD_I1005258",FALSE,2,"Eloise","Jones","CD_T8098",NA,81,1,0,NA,1,4,5,1,0,7,6,0,6,1,1,1,0,2,100,1,0,1,45,0,1,100,NA,NA,"2019-05-01T04:51:19.772+0000",0,2,4,1,NA,NA,NA,2,-10,0,2,2,0,0,0,0,0,0,0,0,0,0,0,0,0,0,0,0,0,0,0,0,0,0,0,NA,NA,NA,"CD_I1005258",FALSE,2,"Eloise","Jones","home","Adelaide Crows"
"CD_M20192640604","2019-03-10T03:05:00.000+0000","CONCLUDED","2019 NAB AFLW Season","Round 6",6,"Unley Oval","Adelaide Crows","Adelaide Crows","GWS GIANTS","GWS GIANTS",8,"https://s.afl.com.au/staticfile/AFL Tenant/AFL/Players/ChampIDImages/AFLW/2019264/1005379.png?im=Scale,width=0.6,height=0.6","INT","CD_I1005379",FALSE,8,"Sally","Riley","CD_T8098",NA,53,0,0,NA,2,4,6,1,0,0,3,2,5,2,0,1,0,1,83.3,0,0,0,17,0,0,0,NA,NA,"2019-05-01T04:51:19.772+0000",0,1,0,0,NA,NA,NA,2,61,0,0,0,0,0,0,0,0,0,0,0,0,0,0,0,0,0,0,0,0,0,0,0,0,0,0,NA,NA,NA,"CD_I1005379",FALSE,8,"Sally","Riley","home","Adelaide Crows"
"CD_M20192640604","2019-03-10T03:05:00.000+0000","CONCLUDED","2019 NAB AFLW Season","Round 6",6,"Unley Oval","Adelaide Crows","Adelaide Crows","GWS GIANTS","GWS GIANTS",9,"https://s.afl.com.au/staticfile/AFL Tenant/AFL/Players/ChampIDImages/AFLW/2019264/1005251.png?im=Scale,width=0.6,height=0.6","FPL","CD_I1005251",FALSE,9,"Deni","Varnhagen","CD_T8098",NA,76,0,0,NA,11,5,16,6,0,1,7,10,17,3,1,0,0,1,56.3,4,1,1,63,0,0,0,NA,NA,"2019-05-01T04:51:19.772+0000",4,3,0,1,NA,NA,NA,3,275,0,4,4,0,0,0,0,0,0,0,0,0,0,0,0,0,0,0,0,0,0,0,0,0,0,0,NA,NA,NA,"CD_I1005251",FALSE,9,"Deni","Varnhagen","home","Adelaide Crows"
"CD_M20192640604","2019-03-10T03:05:00.000+0000","CONCLUDED","2019 NAB AFLW Season","Round 6",6,"Unley Oval","Adelaide Crows","Adelaide Crows","GWS GIANTS","GWS GIANTS",10,"https://s.afl.com.au/staticfile/AFL Tenant/AFL/Players/ChampIDImages/AFLW/2019264/1005279.png?im=Scale,width=0.6,height=0.6","RR","CD_I1005279",FALSE,10,"Ebony","Marinoff","CD_T8098",NA,89,0,1,NA,15,9,24,2,0,10,15,10,25,5,0,0,0,0,45.8,6,2,3,103,0,0,0,NA,NA,"2019-05-01T04:51:19.772+0000",8,3,3,1,NA,NA,NA,4,330,2,6,8,0,0,0,0,0,0,0,0,0,0,0,0,0,0,0,0,0,0,0,0,0,0,0,NA,NA,NA,"CD_I1005279",FALSE,10,"Ebony","Marinoff","home","Adelaide Crows"
"CD_M20192640604","2019-03-10T03:05:00.000+0000","CONCLUDED","2019 NAB AFLW Season","Round 6",6,"Unley Oval","Adelaide Crows","Adelaide Crows","GWS GIANTS","GWS GIANTS",31,"https://s.afl.com.au/staticfile/AFL Tenant/AFL/Players/ChampIDImages/AFLW/2019264/1005956.png?im=Scale,width=0.6,height=0.6","HBFL","CD_I1005956",FALSE,31,"Dayna","Cox","CD_T8098",NA,89,0,0,NA,7,5,12,3,0,1,7,5,12,1,0,0,0,4,83.3,1,3,1,44,2,0,0,NA,NA,"2019-05-01T04:51:19.772+0000",3,8,0,0,NA,NA,NA,3,211,0,0,0,0,0,0,0,0,0,0,0,0,0,0,0,0,0,0,0,0,0,0,0,0,0,0,NA,NA,NA,"CD_I1005956",FALSE,31,"Dayna","Cox","home","Adelaide Crows"
"CD_M20192640604","2019-03-10T03:05:00.000+0000","CONCLUDED","2019 NAB AFLW Season","Round 6",6,"Unley Oval","Adelaide Crows","Adelaide Crows","GWS GIANTS","GWS GIANTS",24,"https://s.afl.com.au/staticfile/AFL Tenant/AFL/Players/ChampIDImages/AFLW/2019264/1011127.png?im=Scale,width=0.6,height=0.6","RK","CD_I1011127",FALSE,24,"Jessica","Foley","CD_T8098",NA,87,0,1,NA,8,7,15,3,0,2,8,7,15,4,1,0,19,2,53.3,0,1,0,76,0,0,0,NA,NA,"2019-05-01T04:51:19.772+0000",3,4,0,1,NA,NA,NA,5,219,1,3,4,0,0,0,0,0,0,0,0,0,0,0,0,0,0,0,0,0,0,0,0,0,0,0,NA,NA,NA,"CD_I1011127",FALSE,24,"Jessica","Foley","home","Adelaide Crows"
"CD_M20192640604","2019-03-10T03:05:00.000+0000","CONCLUDED","2019 NAB AFLW Season","Round 6",6,"Unley Oval","Adelaide Crows","Adelaide Crows","GWS GIANTS","GWS GIANTS",5,"https://s.afl.com.au/staticfile/AFL Tenant/AFL/Players/ChampIDImages/AFLW/2019264/1005641.png?im=Scale,width=0.6,height=0.6","INT","CD_I1005641",FALSE,5,"Jenna","McCormick","CD_T8098",NA,71,0,0,NA,3,1,4,0,0,4,1,4,5,0,0,0,0,0,25,3,0,1,24,0,0,0,NA,NA,"2019-05-01T04:51:19.772+0000",3,2,1,0,NA,NA,NA,1,85,0,0,0,0,0,0,0,0,0,0,0,0,0,0,0,0,0,0,0,0,0,0,0,0,0,0,NA,NA,NA,"CD_I1005641",FALSE,5,"Jenna","McCormick","home","Adelaide Crows"
"CD_M20192640604","2019-03-10T03:05:00.000+0000","CONCLUDED","2019 NAB AFLW Season","Round 6",6,"Unley Oval","Adelaide Crows","Adelaide Crows","GWS GIANTS","GWS GIANTS",19,"https://s.afl.com.au/staticfile/AFL Tenant/AFL/Players/ChampIDImages/AFLW/2019264/1007356.png?im=Scale,width=0.6,height=0.6","INT","CD_I1007356",FALSE,19,"Sophie","Li","CD_T8098",NA,55,0,0,NA,6,2,8,2,0,1,4,6,10,3,0,1,0,1,87.5,0,0,0,32,0,0,0,NA,NA,"2019-05-01T04:51:19.772+0000",1,2,1,0,NA,NA,NA,1,145,0,0,0,0,0,0,0,0,0,0,0,0,0,0,0,0,0,0,0,0,0,0,0,0,0,0,NA,NA,NA,"CD_I1007356",FALSE,19,"Sophie","Li","home","Adelaide Crows"
"CD_M20192640604","2019-03-10T03:05:00.000+0000","CONCLUDED","2019 NAB AFLW Season","Round 6",6,"Unley Oval","Adelaide Crows","Adelaide Crows","GWS GIANTS","GWS GIANTS",33,"https://s.afl.com.au/staticfile/AFL Tenant/AFL/Players/ChampIDImages/AFLW/2019264/1005269.png?im=Scale,width=0.6,height=0.6","R","CD_I1005269",FALSE,33,"Anne","Hatchard","CD_T8098",NA,80,1,0,NA,6,7,13,2,0,1,7,6,13,3,1,0,2,0,84.6,3,0,1,47,0,0,100,NA,NA,"2019-05-01T04:51:19.772+0000",4,2,1,1,NA,NA,NA,2,173,3,0,3,0,0,0,0,0,0,0,0,0,0,0,0,0,0,0,0,0,0,0,0,0,0,0,NA,NA,NA,"CD_I1005269",FALSE,33,"Anne","Hatchard","home","Adelaide Crows"
"CD_M20192640604","2019-03-10T03:05:00.000+0000","CONCLUDED","2019 NAB AFLW Season","Round 6",6,"Unley Oval","Adelaide Crows","Adelaide Crows","GWS GIANTS","GWS GIANTS",39,"https://s.afl.com.au/staticfile/AFL Tenant/AFL/Players/ChampIDImages/AFLW/2019264/1005285.png?im=Scale,width=0.6,height=0.6","FB","CD_I1005285",FALSE,39,"Sarah","Allan","CD_T8098",NA,100,0,0,NA,1,3,4,0,0,2,1,2,3,0,0,0,0,0,100,0,0,0,17,1,0,0,NA,NA,"2019-05-01T04:51:19.772+0000",0,1,0,0,NA,NA,NA,1,20,0,0,0,0,0,0,0,0,0,0,0,0,0,0,0,0,0,0,0,0,0,0,0,0,0,0,NA,NA,NA,"CD_I1005285",FALSE,39,"Sarah","Allan","home","Adelaide Crows"
"CD_M20192640604","2019-03-10T03:05:00.000+0000","CONCLUDED","2019 NAB AFLW Season","Round 6",6,"Unley Oval","Adelaide Crows","Adelaide Crows","GWS GIANTS","GWS GIANTS",13,"https://s.afl.com.au/staticfile/AFL Tenant/AFL/Players/ChampIDImages/AFLW/2019264/1007129.png?im=Scale,width=0.6,height=0.6","C","CD_I1007129",FALSE,13,"Erin","Phillips","CD_T8098",NA,95,1,1,NA,12,12,24,6,0,3,19,6,25,3,3,4,0,1,66.7,3,3,0,100,1,1,50,NA,NA,"2019-05-01T04:51:19.772+0000",6,4,0,2,NA,NA,NA,5,287,2,3,5,0,0,0,0,0,0,0,0,0,0,0,0,0,0,0,0,0,0,0,0,0,0,0,NA,NA,NA,"CD_I1007129",FALSE,13,"Erin","Phillips","home","Adelaide Crows"
"CD_M20192640604","2019-03-10T03:05:00.000+0000","CONCLUDED","2019 NAB AFLW Season","Round 6",6,"Unley Oval","Adelaide Crows","Adelaide Crows","GWS GIANTS","GWS GIANTS",26,"https://s.afl.com.au/staticfile/AFL Tenant/AFL/Players/ChampIDImages/AFLW/2019264/998044.png?im=Scale,width=0.6,height=0.6","CHB","CD_I998044",FALSE,26,"Chelsea","Randall","CD_T8098",NA,89,0,0,NA,10,6,16,1,2,6,6,9,15,3,0,0,0,2,75,3,2,0,71,2,1,0,NA,NA,"2019-05-01T04:51:19.772+0000",3,7,2,0,NA,NA,NA,1,324,0,0,0,0,0,0,0,0,0,0,0,0,0,0,0,0,0,0,0,0,0,0,0,0,0,0,NA,NA,NA,"CD_I998044",FALSE,26,"Chelsea","Randall","home","Adelaide Crows"
"CD_M20192640604","2019-03-10T03:05:00.000+0000","CONCLUDED","2019 NAB AFLW Season","Round 6",6,"Unley Oval","Adelaide Crows","Adelaide Crows","GWS GIANTS","GWS GIANTS",15,"https://s.afl.com.au/staticfile/AFL Tenant/AFL/Players/ChampIDImages/AFLW/2019264/1009794.png?im=Scale,width=0.6,height=0.6","FF","CD_I1009794",FALSE,15,"Danielle","Ponter","CD_T8098",NA,69,2,0,NA,3,1,4,1,0,2,3,0,3,1,0,1,0,0,75,2,0,1,31,0,0,100,NA,NA,"2019-05-01T04:51:19.772+0000",1,0,2,2,NA,NA,NA,3,48,0,0,0,0,0,0,0,0,0,0,0,0,0,0,0,0,0,0,0,0,0,0,0,0,0,0,NA,NA,NA,"CD_I1009794",FALSE,15,"Danielle","Ponter","home","Adelaide Crows"
"CD_M20192640604","2019-03-10T03:05:00.000+0000","CONCLUDED","2019 NAB AFLW Season","Round 6",6,"Unley Oval","Adelaide Crows","Adelaide Crows","GWS GIANTS","GWS GIANTS",32,"https://s.afl.com.au/staticfile/AFL Tenant/AFL/Players/ChampIDImages/AFLW/2019264/1007574.png?im=Scale,width=0.6,height=0.6","BPL","CD_I1007574",FALSE,32,"Marijana","Rajcic","CD_T8098",NA,86,0,0,NA,6,1,7,3,0,2,4,3,7,0,1,2,0,1,57.1,2,1,2,32,1,0,0,NA,NA,"2019-05-01T04:51:19.772+0000",1,4,0,0,NA,NA,NA,0,172,0,0,0,0,0,0,0,0,0,0,0,0,0,0,0,0,0,0,0,0,0,0,0,0,0,0,NA,NA,NA,"CD_I1007574",FALSE,32,"Marijana","Rajcic","home","Adelaide Crows"
"CD_M20192640604","2019-03-10T03:05:00.000+0000","CONCLUDED","2019 NAB AFLW Season","Round 6",6,"Unley Oval","Adelaide Crows","Adelaide Crows","GWS GIANTS","GWS GIANTS",4,"https://s.afl.com.au/staticfile/AFL Tenant/AFL/Players/ChampIDImages/AFLW/2019264/1007342.png?im=Scale,width=0.6,height=0.6","CHF","CD_I1007342",FALSE,4,"Chloe","Scheer","CD_T8098",NA,71,1,0,NA,7,5,12,2,0,0,4,8,12,3,1,0,0,4,66.7,2,1,0,44,0,0,100,NA,NA,"2019-05-01T04:51:19.772+0000",3,2,0,1,NA,NA,NA,3,276,0,1,1,0,0,0,0,0,0,0,0,0,0,0,0,0,0,0,0,0,0,0,0,0,0,0,NA,NA,NA,"CD_I1007342",FALSE,4,"Chloe","Scheer","home","Adelaide Crows"
"CD_M20192640604","2019-03-10T03:05:00.000+0000","CONCLUDED","2019 NAB AFLW Season","Round 6",6,"Unley Oval","Adelaide Crows","Adelaide Crows","GWS GIANTS","GWS GIANTS",7,"https://s.afl.com.au/staticfile/AFL Tenant/AFL/Players/ChampIDImages/AFLW/2019264/1009783.png?im=Scale,width=0.6,height=0.6","INT","CD_I1009783",FALSE,7,"Nikki","Gore","CD_T8098",NA,62,0,0,NA,5,2,7,1,0,1,3,4,7,2,0,0,0,0,42.9,1,0,1,23,1,0,0,NA,NA,"2019-05-01T04:51:19.772+0000",3,2,1,1,NA,NA,NA,0,94,0,0,0,0,0,0,0,0,0,0,0,0,0,0,0,0,0,0,0,0,0,0,0,0,0,0,NA,NA,NA,"CD_I1009783",FALSE,7,"Nikki","Gore","home","Adelaide Crows"
"CD_M20192640604","2019-03-10T03:05:00.000+0000","CONCLUDED","2019 NAB AFLW Season","Round 6",6,"Unley Oval","Adelaide Crows","Adelaide Crows","GWS GIANTS","GWS GIANTS",23,"https://s.afl.com.au/staticfile/AFL Tenant/AFL/Players/ChampIDImages/AFLW/2019264/1005955.png?im=Scale,width=0.6,height=0.6","BPR","CD_I1005955",FALSE,23,"Justine","Mules","CD_T8098",NA,75,0,0,NA,10,4,14,1,0,7,6,8,14,5,1,0,0,1,64.3,4,0,1,66,0,2,0,NA,NA,"2019-05-01T04:51:19.772+0000",4,7,2,1,NA,NA,NA,2,292,0,0,0,0,0,0,0,0,0,0,0,0,0,0,0,0,0,0,0,0,0,0,0,0,0,0,NA,NA,NA,"CD_I1005955",FALSE,23,"Justine","Mules","home","Adelaide Crows"
"CD_M20192640604","2019-03-10T03:05:00.000+0000","CONCLUDED","2019 NAB AFLW Season","Round 6",6,"Unley Oval","Adelaide Crows","Adelaide Crows","GWS GIANTS","GWS GIANTS",3,"https://s.afl.com.au/staticfile/AFL Tenant/AFL/Players/ChampIDImages/AFLW/2019264/1005378.png?im=Scale,width=0.6,height=0.6","HBFR","CD_I1005378",FALSE,3,"Angela","Foley","CD_T8098",NA,73,0,0,NA,11,4,15,4,0,3,6,8,14,3,0,0,0,1,66.7,3,3,1,65,2,0,0,NA,NA,"2019-05-01T04:51:19.772+0000",4,6,1,0,NA,NA,NA,2,250,0,0,0,0,0,0,0,0,0,0,0,0,0,0,0,0,0,0,0,0,0,0,0,0,0,0,NA,NA,NA,"CD_I1005378",FALSE,3,"Angela","Foley","home","Adelaide Crows"
"CD_M20192640604","2019-03-10T03:05:00.000+0000","CONCLUDED","2019 NAB AFLW Season","Round 6",6,"Unley Oval","Adelaide Crows","Adelaide Crows","GWS GIANTS","GWS GIANTS",14,"https://s.afl.com.au/staticfile/AFL Tenant/AFL/Players/ChampIDImages/AFLW/2019264/1005386.png?im=Scale,width=0.6,height=0.6","HFFR","CD_I1005386",FALSE,14,"Stevie-Lee","Thompson","CD_T8098",NA,74,3,1,NA,9,3,12,3,0,2,7,4,11,1,3,1,0,2,50,3,2,0,71,0,0,60,NA,NA,"2019-05-01T04:51:19.772+0000",3,2,1,5,NA,NA,NA,5,217,0,0,0,0,0,0,0,0,0,0,0,0,0,0,0,0,0,0,0,0,0,0,0,0,0,0,NA,NA,NA,"CD_I1005386",FALSE,14,"Stevie-Lee","Thompson","home","Adelaide Crows"
"CD_M20192640604","2019-03-10T03:05:00.000+0000","CONCLUDED","2019 NAB AFLW Season","Round 6",6,"Unley Oval","Adelaide Crows","Adelaide Crows","GWS GIANTS","GWS GIANTS",27,"https://s.afl.com.au/staticfile/AFL Tenant/AFL/Players/ChampIDImages/AFLW/2019264/998045.png?im=Scale,width=0.6,height=0.6","INT","CD_I998045",FALSE,27,"Renee","Forth","CD_T8098",NA,64,0,0,NA,8,1,9,2,0,4,4,5,9,0,0,0,0,0,33.3,1,0,0,48,0,0,0,NA,NA,"2019-05-01T04:51:19.772+0000",3,2,2,1,NA,NA,NA,2,145,0,1,1,0,0,0,0,0,0,0,0,0,0,0,0,0,0,0,0,0,0,0,0,0,0,0,NA,NA,NA,"CD_I998045",FALSE,27,"Renee","Forth","home","Adelaide Crows"
"CD_M20192640604","2019-03-10T03:05:00.000+0000","CONCLUDED","2019 NAB AFLW Season","Round 6",6,"Unley Oval","Adelaide Crows","Adelaide Crows","GWS GIANTS","GWS GIANTS",6,"https://s.afl.com.au/staticfile/AFL Tenant/AFL/Players/ChampIDImages/AFLW/2019264/1011092.png?im=Scale,width=0.6,height=0.6","FPR","CD_I1011092",FALSE,6,"Hannah","Martin","CD_T8098",NA,64,0,0,NA,5,3,8,0,0,4,3,5,8,3,0,0,0,0,50,5,0,2,31,1,0,0,NA,NA,"2019-05-01T04:51:19.772+0000",4,2,0,0,NA,NA,NA,1,172,0,0,0,0,0,0,0,0,0,0,0,0,0,0,0,0,0,0,0,0,0,0,0,0,0,0,NA,NA,NA,"CD_I1011092",FALSE,6,"Hannah","Martin","home","Adelaide Crows"
"CD_M20192640604","2019-03-10T03:05:00.000+0000","CONCLUDED","2019 NAB AFLW Season","Round 6",6,"Unley Oval","Adelaide Crows","Adelaide Crows","GWS GIANTS","GWS GIANTS",4,"https://s.afl.com.au/staticfile/AFL Tenant/AFL/Players/ChampIDImages/AFLW/2019264/997680.png?im=Scale,width=0.6,height=0.6","CHF","CD_I997680",FALSE,4,"Christina","Bernardi","CD_T7889",NA,88,1,1,NA,7,3,10,2,0,0,5,6,11,2,1,0,0,1,40,1,0,0,40,0,1,50,NA,NA,"2019-05-01T04:51:19.772+0000",5,2,0,2,NA,NA,NA,3,175,0,0,0,0,0,0,0,0,0,0,0,0,0,0,0,0,0,0,0,0,0,0,0,0,0,0,NA,NA,NA,"CD_I997680",FALSE,4,"Christina","Bernardi","away","GWS GIANTS"
"CD_M20192640604","2019-03-10T03:05:00.000+0000","CONCLUDED","2019 NAB AFLW Season","Round 6",6,"Unley Oval","Adelaide Crows","Adelaide Crows","GWS GIANTS","GWS GIANTS",18,"https://s.afl.com.au/staticfile/AFL Tenant/AFL/Players/ChampIDImages/AFLW/2019264/1005476.png?im=Scale,width=0.6,height=0.6","BPR","CD_I1005476",FALSE,18,"Amanda","Farrugia","CD_T7889",NA,88,0,0,NA,7,4,11,3,0,1,5,7,12,0,0,0,0,2,72.7,3,0,1,39,2,0,0,NA,NA,"2019-05-01T04:51:19.772+0000",4,5,0,0,NA,NA,NA,1,155,0,1,1,0,0,0,0,0,0,0,0,0,0,0,0,0,0,0,0,0,0,0,0,0,0,0,NA,NA,NA,"CD_I1005476",FALSE,18,"Amanda","Farrugia","away","GWS GIANTS"
"CD_M20192640604","2019-03-10T03:05:00.000+0000","CONCLUDED","2019 NAB AFLW Season","Round 6",6,"Unley Oval","Adelaide Crows","Adelaide Crows","GWS GIANTS","GWS GIANTS",34,"https://s.afl.com.au/staticfile/AFL Tenant/AFL/Players/ChampIDImages/AFLW/2019264/1005451.png?im=Scale,width=0.6,height=0.6","INT","CD_I1005451",FALSE,34,"Jacinda","Barclay","CD_T7889",NA,32,0,0,NA,1,1,2,1,0,0,2,1,3,1,0,0,0,1,50,0,0,0,8,0,0,0,NA,NA,"2019-05-01T04:51:19.772+0000",0,0,0,0,NA,NA,NA,1,20,0,0,0,0,0,0,0,0,0,0,0,0,0,0,0,0,0,0,0,0,0,0,0,0,0,0,NA,NA,NA,"CD_I1005451",FALSE,34,"Jacinda","Barclay","away","GWS GIANTS"
"CD_M20192640604","2019-03-10T03:05:00.000+0000","CONCLUDED","2019 NAB AFLW Season","Round 6",6,"Unley Oval","Adelaide Crows","Adelaide Crows","GWS GIANTS","GWS GIANTS",5,"https://s.afl.com.au/staticfile/AFL Tenant/AFL/Players/ChampIDImages/AFLW/2019264/1001681.png?im=Scale,width=0.6,height=0.6","C","CD_I1001681",FALSE,5,"Jodie","Hicks","CD_T7889",NA,73,1,0,NA,4,1,5,1,0,2,2,3,5,0,0,0,0,0,80,0,2,0,33,1,0,100,NA,NA,"2019-05-01T04:51:19.772+0000",1,1,0,1,NA,NA,NA,2,106,0,0,0,0,0,0,0,0,0,0,0,0,0,0,0,0,0,0,0,0,0,0,0,0,0,0,NA,NA,NA,"CD_I1001681",FALSE,5,"Jodie","Hicks","away","GWS GIANTS"
"CD_M20192640604","2019-03-10T03:05:00.000+0000","CONCLUDED","2019 NAB AFLW Season","Round 6",6,"Unley Oval","Adelaide Crows","Adelaide Crows","GWS GIANTS","GWS GIANTS",15,"https://s.afl.com.au/staticfile/AFL Tenant/AFL/Players/ChampIDImages/AFLW/2019264/1011077.png?im=Scale,width=0.6,height=0.6","INT","CD_I1011077",FALSE,15,"Lisa","Whiteley","CD_T7889",NA,58,0,0,NA,1,1,2,0,0,1,2,2,4,0,0,0,0,2,50,2,0,1,6,1,0,0,NA,NA,"2019-05-01T04:51:19.772+0000",2,1,0,0,NA,NA,NA,0,8,0,0,0,0,0,0,0,0,0,0,0,0,0,0,0,0,0,0,0,0,0,0,0,0,0,0,NA,NA,NA,"CD_I1011077",FALSE,15,"Lisa","Whiteley","away","GWS GIANTS"
"CD_M20192640604","2019-03-10T03:05:00.000+0000","CONCLUDED","2019 NAB AFLW Season","Round 6",6,"Unley Oval","Adelaide Crows","Adelaide Crows","GWS GIANTS","GWS GIANTS",22,"https://s.afl.com.au/staticfile/AFL Tenant/AFL/Players/ChampIDImages/AFLW/2019264/1010686.png?im=Scale,width=0.6,height=0.6","HBFL","CD_I1010686",FALSE,22,"Elle","Bennetts","CD_T7889",NA,89,0,0,NA,9,5,14,4,1,2,4,10,14,1,0,0,0,0,71.4,1,2,0,59,3,0,0,NA,NA,"2019-05-01T04:51:19.772+0000",4,2,0,0,NA,NA,NA,1,283,0,1,1,0,0,0,0,0,0,0,0,0,0,0,0,0,0,0,0,0,0,0,0,0,0,0,NA,NA,NA,"CD_I1010686",FALSE,22,"Elle","Bennetts","away","GWS GIANTS"
"CD_M20192640604","2019-03-10T03:05:00.000+0000","CONCLUDED","2019 NAB AFLW Season","Round 6",6,"Unley Oval","Adelaide Crows","Adelaide Crows","GWS GIANTS","GWS GIANTS",2,"https://s.afl.com.au/staticfile/AFL Tenant/AFL/Players/ChampIDImages/AFLW/2019264/998029.png?im=Scale,width=0.6,height=0.6","HFFR","CD_I998029",FALSE,2,"Alicia","Eva","CD_T7889",NA,83,0,0,NA,17,3,20,2,0,0,7,11,18,0,0,0,0,0,50,3,0,0,63,6,1,0,NA,NA,"2019-05-01T04:51:19.772+0000",4,7,0,0,NA,NA,NA,2,317,0,1,1,0,0,0,0,0,0,0,0,0,0,0,0,0,0,0,0,0,0,0,0,0,0,0,NA,NA,NA,"CD_I998029",FALSE,2,"Alicia","Eva","away","GWS GIANTS"
"CD_M20192640604","2019-03-10T03:05:00.000+0000","CONCLUDED","2019 NAB AFLW Season","Round 6",6,"Unley Oval","Adelaide Crows","Adelaide Crows","GWS GIANTS","GWS GIANTS",26,"https://s.afl.com.au/staticfile/AFL Tenant/AFL/Players/ChampIDImages/AFLW/2019264/998043.png?im=Scale,width=0.6,height=0.6","RR","CD_I998043",FALSE,26,"Courtney","Gum","CD_T7889",NA,89,0,0,NA,7,6,13,0,0,4,7,5,12,1,0,0,0,1,46.2,3,0,0,49,0,0,0,NA,NA,"2019-05-01T04:51:19.772+0000",3,2,0,0,NA,NA,NA,2,48,1,2,3,0,0,0,0,0,0,0,0,0,0,0,0,0,0,0,0,0,0,0,0,0,0,0,NA,NA,NA,"CD_I998043",FALSE,26,"Courtney","Gum","away","GWS GIANTS"
"CD_M20192640604","2019-03-10T03:05:00.000+0000","CONCLUDED","2019 NAB AFLW Season","Round 6",6,"Unley Oval","Adelaide Crows","Adelaide Crows","GWS GIANTS","GWS GIANTS",7,"https://s.afl.com.au/staticfile/AFL Tenant/AFL/Players/ChampIDImages/AFLW/2019264/296137.png?im=Scale,width=0.6,height=0.6","FPR","CD_I296137",FALSE,7,"Jessica","Dal Pos","CD_T7889",NA,79,0,0,NA,6,5,11,1,0,3,7,4,11,0,1,0,0,2,63.6,1,1,0,44,3,0,0,NA,NA,"2019-05-01T04:51:19.772+0000",2,2,1,0,NA,NA,NA,1,99,1,2,3,0,0,0,0,0,0,0,0,0,0,0,0,0,0,0,0,0,0,0,0,0,0,0,NA,NA,NA,"CD_I296137",FALSE,7,"Jessica","Dal Pos","away","GWS GIANTS"
"CD_M20192640604","2019-03-10T03:05:00.000+0000","CONCLUDED","2019 NAB AFLW Season","Round 6",6,"Unley Oval","Adelaide Crows","Adelaide Crows","GWS GIANTS","GWS GIANTS",10,"https://s.afl.com.au/staticfile/AFL Tenant/AFL/Players/ChampIDImages/AFLW/2019264/1007148.png?im=Scale,width=0.6,height=0.6","HBFR","CD_I1007148",FALSE,10,"Ellie","Brush","CD_T7889",NA,82,0,0,NA,12,5,17,5,0,2,8,10,18,0,0,1,0,2,58.8,2,1,0,70,5,0,0,NA,NA,"2019-05-01T04:51:19.772+0000",4,13,0,0,NA,NA,NA,0,220,0,0,0,0,0,0,0,0,0,0,0,0,0,0,0,0,0,0,0,0,0,0,0,0,0,0,NA,NA,NA,"CD_I1007148",FALSE,10,"Ellie","Brush","away","GWS GIANTS"
"CD_M20192640604","2019-03-10T03:05:00.000+0000","CONCLUDED","2019 NAB AFLW Season","Round 6",6,"Unley Oval","Adelaide Crows","Adelaide Crows","GWS GIANTS","GWS GIANTS",27,"https://s.afl.com.au/staticfile/AFL Tenant/AFL/Players/ChampIDImages/AFLW/2019264/1013935.png?im=Scale,width=0.6,height=0.6","HFFL","CD_I1013935",FALSE,27,"Yvonne","Bonner","CD_T7889",NA,96,1,0,NA,8,2,10,2,0,1,3,6,9,1,0,0,0,1,80,4,1,3,36,0,0,100,NA,NA,"2019-05-01T04:51:19.772+0000",5,1,0,1,NA,NA,NA,3,155,0,0,0,0,0,0,0,0,0,0,0,0,0,0,0,0,0,0,0,0,0,0,0,0,0,0,NA,NA,NA,"CD_I1013935",FALSE,27,"Yvonne","Bonner","away","GWS GIANTS"
"CD_M20192640604","2019-03-10T03:05:00.000+0000","CONCLUDED","2019 NAB AFLW Season","Round 6",6,"Unley Oval","Adelaide Crows","Adelaide Crows","GWS GIANTS","GWS GIANTS",23,"https://s.afl.com.au/staticfile/AFL Tenant/AFL/Players/ChampIDImages/AFLW/2019264/1007019.png?im=Scale,width=0.6,height=0.6","RK","CD_I1007019",FALSE,23,"Erin","McKinnon","CD_T7889",NA,62,0,0,NA,1,2,3,0,0,7,2,2,4,0,0,0,17,1,66.7,6,1,3,44,1,0,0,NA,NA,"2019-05-01T04:51:19.772+0000",3,0,0,0,NA,NA,NA,0,29,0,1,1,0,0,0,0,0,0,0,0,0,0,0,0,0,0,0,0,0,0,0,0,0,0,0,NA,NA,NA,"CD_I1007019",FALSE,23,"Erin","McKinnon","away","GWS GIANTS"
"CD_M20192640604","2019-03-10T03:05:00.000+0000","CONCLUDED","2019 NAB AFLW Season","Round 6",6,"Unley Oval","Adelaide Crows","Adelaide Crows","GWS GIANTS","GWS GIANTS",13,"https://s.afl.com.au/staticfile/AFL Tenant/AFL/Players/ChampIDImages/AFLW/2019264/1010666.png?im=Scale,width=0.6,height=0.6","FPL","CD_I1010666",FALSE,13,"Cora","Staunton","CD_T7889",NA,100,1,1,NA,13,2,15,5,0,3,8,9,17,6,1,1,0,1,53.3,6,2,3,70,1,0,50,NA,NA,"2019-05-01T04:51:19.772+0000",7,2,1,2,NA,NA,NA,3,427,0,2,2,0,0,0,0,0,0,0,0,0,0,0,0,0,0,0,0,0,0,0,0,0,0,0,NA,NA,NA,"CD_I1010666",FALSE,13,"Cora","Staunton","away","GWS GIANTS"
"CD_M20192640604","2019-03-10T03:05:00.000+0000","CONCLUDED","2019 NAB AFLW Season","Round 6",6,"Unley Oval","Adelaide Crows","Adelaide Crows","GWS GIANTS","GWS GIANTS",9,"https://s.afl.com.au/staticfile/AFL Tenant/AFL/Players/ChampIDImages/AFLW/2019264/997684.png?im=Scale,width=0.6,height=0.6","BPL","CD_I997684",FALSE,9,"Tanya","Hetherington","CD_T7889",NA,88,0,0,NA,5,4,9,2,0,2,4,3,7,0,0,1,0,3,77.8,3,0,0,37,2,0,0,NA,NA,"2019-05-01T04:51:19.772+0000",4,4,0,0,NA,NA,NA,0,105,0,0,0,0,0,0,0,0,0,0,0,0,0,0,0,0,0,0,0,0,0,0,0,0,0,0,NA,NA,NA,"CD_I997684",FALSE,9,"Tanya","Hetherington","away","GWS GIANTS"
"CD_M20192640604","2019-03-10T03:05:00.000+0000","CONCLUDED","2019 NAB AFLW Season","Round 6",6,"Unley Oval","Adelaide Crows","Adelaide Crows","GWS GIANTS","GWS GIANTS",19,"https://s.afl.com.au/staticfile/AFL Tenant/AFL/Players/ChampIDImages/AFLW/2019264/1007338.png?im=Scale,width=0.6,height=0.6","FF","CD_I1007338",FALSE,19,"Brittany","Perry","CD_T7889",NA,85,0,0,NA,4,5,9,2,0,4,7,4,11,2,0,0,0,1,66.7,2,2,2,40,0,0,0,NA,NA,"2019-05-01T04:51:19.772+0000",2,3,1,0,NA,NA,NA,2,71,0,2,2,0,0,0,0,0,0,0,0,0,0,0,0,0,0,0,0,0,0,0,0,0,0,0,NA,NA,NA,"CD_I1007338",FALSE,19,"Brittany","Perry","away","GWS GIANTS"
"CD_M20192640604","2019-03-10T03:05:00.000+0000","CONCLUDED","2019 NAB AFLW Season","Round 6",6,"Unley Oval","Adelaide Crows","Adelaide Crows","GWS GIANTS","GWS GIANTS",21,"https://s.afl.com.au/staticfile/AFL Tenant/AFL/Players/ChampIDImages/AFLW/2019264/1001688.png?im=Scale,width=0.6,height=0.6","FB","CD_I1001688",FALSE,21,"Pepa","Randall","CD_T7889",NA,78,0,0,NA,6,1,7,3,0,2,1,6,7,0,1,0,0,2,71.4,7,0,4,25,0,0,0,NA,NA,"2019-05-01T04:51:19.772+0000",5,3,0,0,NA,NA,NA,0,110,0,0,0,0,0,0,0,0,0,0,0,0,0,0,0,0,0,0,0,0,0,0,0,0,0,0,NA,NA,NA,"CD_I1001688",FALSE,21,"Pepa","Randall","away","GWS GIANTS"
"CD_M20192640604","2019-03-10T03:05:00.000+0000","CONCLUDED","2019 NAB AFLW Season","Round 6",6,"Unley Oval","Adelaide Crows","Adelaide Crows","GWS GIANTS","GWS GIANTS",8,"https://s.afl.com.au/staticfile/AFL Tenant/AFL/Players/ChampIDImages/AFLW/2019264/1005452.png?im=Scale,width=0.6,height=0.6","CHB","CD_I1005452",FALSE,8,"Nicola","Barr","CD_T7889",NA,58,0,0,NA,4,0,4,2,0,3,0,3,3,0,0,0,0,1,0,2,0,1,27,0,0,0,NA,NA,"2019-05-01T04:51:19.772+0000",4,1,0,0,NA,NA,NA,0,114,0,0,0,0,0,0,0,0,0,0,0,0,0,0,0,0,0,0,0,0,0,0,0,0,0,0,NA,NA,NA,"CD_I1005452",FALSE,8,"Nicola","Barr","away","GWS GIANTS"
"CD_M20192640604","2019-03-10T03:05:00.000+0000","CONCLUDED","2019 NAB AFLW Season","Round 6",6,"Unley Oval","Adelaide Crows","Adelaide Crows","GWS GIANTS","GWS GIANTS",6,"https://s.afl.com.au/staticfile/AFL Tenant/AFL/Players/ChampIDImages/AFLW/2019264/1005453.png?im=Scale,width=0.6,height=0.6","INT","CD_I1005453",FALSE,6,"Rebecca","Beeson","CD_T7889",NA,70,0,0,NA,7,3,10,1,0,3,5,7,12,0,0,0,0,1,70,1,3,0,45,2,0,0,NA,NA,"2019-05-01T04:51:19.772+0000",1,1,0,0,NA,NA,NA,0,130,0,2,2,0,0,0,0,0,0,0,0,0,0,0,0,0,0,0,0,0,0,0,0,0,0,0,NA,NA,NA,"CD_I1005453",FALSE,6,"Rebecca","Beeson","away","GWS GIANTS"
"CD_M20192640604","2019-03-10T03:05:00.000+0000","CONCLUDED","2019 NAB AFLW Season","Round 6",6,"Unley Oval","Adelaide Crows","Adelaide Crows","GWS GIANTS","GWS GIANTS",12,"https://s.afl.com.au/staticfile/AFL Tenant/AFL/Players/ChampIDImages/AFLW/2019264/296141.png?im=Scale,width=0.6,height=0.6","INT","CD_I296141",FALSE,12,"Louise","Stephenson","CD_T7889",NA,72,0,0,NA,2,5,7,2,0,1,4,4,8,0,0,1,0,0,42.9,1,0,0,26,2,0,0,NA,NA,"2019-05-01T04:51:19.772+0000",1,4,0,0,NA,NA,NA,0,43,0,1,1,0,0,0,0,0,0,0,0,0,0,0,0,0,0,0,0,0,0,0,0,0,0,0,NA,NA,NA,"CD_I296141",FALSE,12,"Louise","Stephenson","away","GWS GIANTS"
"CD_M20192640604","2019-03-10T03:05:00.000+0000","CONCLUDED","2019 NAB AFLW Season","Round 6",6,"Unley Oval","Adelaide Crows","Adelaide Crows","GWS GIANTS","GWS GIANTS",25,"https://s.afl.com.au/staticfile/AFL Tenant/AFL/Players/ChampIDImages/AFLW/2019264/1014036.png?im=Scale,width=0.6,height=0.6","INT","CD_I1014036",FALSE,25,"Ingrid","Nielsen","CD_T7889",NA,66,0,1,NA,2,0,2,1,0,2,2,1,3,0,0,0,10,0,50,0,0,0,28,0,0,0,NA,NA,"2019-05-01T04:51:19.772+0000",0,1,0,1,NA,NA,NA,1,51,0,1,1,0,0,0,0,0,0,0,0,0,0,0,0,0,0,0,0,0,0,0,0,0,0,0,NA,NA,NA,"CD_I1014036",FALSE,25,"Ingrid","Nielsen","away","GWS GIANTS"
"CD_M20192640604","2019-03-10T03:05:00.000+0000","CONCLUDED","2019 NAB AFLW Season","Round 6",6,"Unley Oval","Adelaide Crows","Adelaide Crows","GWS GIANTS","GWS GIANTS",3,"https://s.afl.com.au/staticfile/AFL Tenant/AFL/Players/ChampIDImages/AFLW/2019264/1009799.png?im=Scale,width=0.6,height=0.6","R","CD_I1009799",FALSE,3,"Alyce","Parker","CD_T7889",NA,64,0,0,NA,11,5,16,3,0,4,8,7,15,1,0,0,0,0,68.8,3,1,1,66,5,0,0,NA,NA,"2019-05-01T04:51:19.772+0000",4,7,0,0,NA,NA,NA,0,254,2,1,3,0,0,0,0,0,0,0,0,0,0,0,0,0,0,0,0,0,0,0,0,0,0,0,NA,NA,NA,"CD_I1009799",FALSE,3,"Alyce","Parker","away","GWS GIANTS"
"CD_M20192640605","2019-03-10T05:05:00.000+0000","CONCLUDED","2019 NAB AFLW Season","Round 6",6,"IKON Park","Carlton","Carlton","Brisbane Lions","Brisbane Lions",12,"https://s.afl.com.au/staticfile/AFL Tenant/AFL/Players/ChampIDImages/AFLW/2019264/1006996.png?im=Scale,width=0.6,height=0.6","INT","CD_I1006996",FALSE,12,"Lauren","Brazzale","CD_T8096",NA,67,0,0,NA,7,1,8,0,0,2,2,5,7,2,0,0,0,0,87.5,1,0,0,31,4,0,0,0,NA,"2019-03-10T07:00:26.254+0000",1,2,1,0,NA,NA,NA,2,214,1,0,1,0,0,0,0,0,0,0,0,0,0,0,0,0,0,0,0,0,0,0,0,0,0,0,NA,NA,NA,"CD_I1006996",FALSE,12,"Lauren","Brazzale","home","Carlton"
"CD_M20192640605","2019-03-10T05:05:00.000+0000","CONCLUDED","2019 NAB AFLW Season","Round 6",6,"IKON Park","Carlton","Carlton","Brisbane Lions","Brisbane Lions",19,"https://s.afl.com.au/staticfile/AFL Tenant/AFL/Players/ChampIDImages/AFLW/2019264/997745.png?im=Scale,width=0.6,height=0.6","FPR","CD_I997745",FALSE,19,"Georgia","Gee","CD_T8096",NA,78,0,0,NA,8,4,12,2,0,2,5,7,12,2,0,0,0,1,75,2,0,0,46,1,0,0,0,NA,"2019-03-10T07:00:26.254+0000",4,3,0,0,NA,NA,NA,5,119,0,1,1,0,0,0,0,0,0,0,0,0,0,0,0,0,0,0,0,0,0,0,0,0,0,0,NA,NA,NA,"CD_I997745",FALSE,19,"Georgia","Gee","home","Carlton"
"CD_M20192640605","2019-03-10T05:05:00.000+0000","CONCLUDED","2019 NAB AFLW Season","Round 6",6,"IKON Park","Carlton","Carlton","Brisbane Lions","Brisbane Lions",7,"https://s.afl.com.au/staticfile/AFL Tenant/AFL/Players/ChampIDImages/AFLW/2019264/998039.png?im=Scale,width=0.6,height=0.6","CHF","CD_I998039",FALSE,7,"Tayla","Harris","CD_T8096",NA,90,2,0,NA,6,2,8,2,0,4,4,3,7,2,1,1,0,1,87.5,0,0,0,56,0,0,100,0,NA,"2019-03-10T07:00:26.254+0000",1,0,4,2,NA,NA,NA,5,141,0,0,0,0,0,0,0,0,0,0,0,0,0,0,0,0,0,0,0,0,0,0,0,0,0,0,NA,NA,NA,"CD_I998039",FALSE,7,"Tayla","Harris","home","Carlton"
"CD_M20192640605","2019-03-10T05:05:00.000+0000","CONCLUDED","2019 NAB AFLW Season","Round 6",6,"IKON Park","Carlton","Carlton","Brisbane Lions","Brisbane Lions",11,"https://s.afl.com.au/staticfile/AFL Tenant/AFL/Players/ChampIDImages/AFLW/2019264/1005865.png?im=Scale,width=0.6,height=0.6","INT","CD_I1005865",FALSE,11,"Jess","Hosking","CD_T8096",NA,80,0,0,NA,7,2,9,2,0,1,3,7,10,1,0,0,0,5,55.6,3,1,0,36,3,0,0,0,NA,"2019-03-10T07:00:26.254+0000",4,4,0,0,NA,NA,NA,1,224,0,0,0,0,0,0,0,0,0,0,0,0,0,0,0,0,0,0,0,0,0,0,0,0,0,0,NA,NA,NA,"CD_I1005865",FALSE,11,"Jess","Hosking","home","Carlton"
"CD_M20192640605","2019-03-10T05:05:00.000+0000","CONCLUDED","2019 NAB AFLW Season","Round 6",6,"IKON Park","Carlton","Carlton","Brisbane Lions","Brisbane Lions",14,"https://s.afl.com.au/staticfile/AFL Tenant/AFL/Players/ChampIDImages/AFLW/2019264/1012558.png?im=Scale,width=0.6,height=0.6","BPR","CD_I1012558",FALSE,14,"Brooke","Walker","CD_T8096",NA,62,2,2,NA,5,7,12,4,0,2,5,7,12,1,2,0,0,0,58.3,1,0,0,63,0,2,50,0,NA,"2019-03-10T07:00:26.254+0000",1,0,1,4,NA,NA,NA,6,155,0,1,1,0,0,0,0,0,0,0,0,0,0,0,0,0,0,0,0,0,0,0,0,0,0,0,NA,NA,NA,"CD_I1012558",FALSE,14,"Brooke","Walker","home","Carlton"
"CD_M20192640605","2019-03-10T05:05:00.000+0000","CONCLUDED","2019 NAB AFLW Season","Round 6",6,"IKON Park","Carlton","Carlton","Brisbane Lions","Brisbane Lions",3,"https://s.afl.com.au/staticfile/AFL Tenant/AFL/Players/ChampIDImages/AFLW/2019264/997663.png?im=Scale,width=0.6,height=0.6","FPL","CD_I997663",FALSE,3,"Darcy","Vescio","CD_T8096",NA,91,1,1,NA,9,4,13,1,0,1,8,5,13,1,0,0,0,1,53.8,2,0,1,46,2,0,50,0,NA,"2019-03-10T07:00:26.254+0000",4,1,1,2,NA,NA,NA,3,188,0,1,1,0,0,0,0,0,0,0,0,0,0,0,0,0,0,0,0,0,0,0,0,0,0,0,NA,NA,NA,"CD_I997663",FALSE,3,"Darcy","Vescio","home","Carlton"
"CD_M20192640605","2019-03-10T05:05:00.000+0000","CONCLUDED","2019 NAB AFLW Season","Round 6",6,"IKON Park","Carlton","Carlton","Brisbane Lions","Brisbane Lions",1,"https://s.afl.com.au/staticfile/AFL Tenant/AFL/Players/ChampIDImages/AFLW/2019264/1003020.png?im=Scale,width=0.6,height=0.6","FF","CD_I1003020",FALSE,1,"Brianna","Davey","CD_T8096",NA,70,0,0,NA,9,5,14,4,0,2,8,7,15,2,0,1,0,1,35.7,3,2,1,56,0,0,0,0,NA,"2019-03-10T07:00:26.254+0000",7,3,0,0,NA,NA,NA,2,241,0,4,4,0,0,0,0,0,0,0,0,0,0,0,0,0,0,0,0,0,0,0,0,0,0,0,NA,NA,NA,"CD_I1003020",FALSE,1,"Brianna","Davey","home","Carlton"
"CD_M20192640605","2019-03-10T05:05:00.000+0000","CONCLUDED","2019 NAB AFLW Season","Round 6",6,"IKON Park","Carlton","Carlton","Brisbane Lions","Brisbane Lions",9,"https://s.afl.com.au/staticfile/AFL Tenant/AFL/Players/ChampIDImages/AFLW/2019264/1009977.png?im=Scale,width=0.6,height=0.6","CHB","CD_I1009977",FALSE,9,"Kerryn","Harrington","CD_T8096",NA,96,0,0,NA,10,1,11,0,0,0,4,6,10,1,0,0,0,3,63.6,3,0,0,32,4,0,0,0,NA,"2019-03-10T07:00:26.254+0000",3,4,0,1,NA,NA,NA,0,277,0,0,0,0,0,0,0,0,0,0,0,0,0,0,0,0,0,0,0,0,0,0,0,0,0,0,NA,NA,NA,"CD_I1009977",FALSE,9,"Kerryn","Harrington","home","Carlton"
"CD_M20192640605","2019-03-10T05:05:00.000+0000","CONCLUDED","2019 NAB AFLW Season","Round 6",6,"IKON Park","Carlton","Carlton","Brisbane Lions","Brisbane Lions",6,"https://s.afl.com.au/staticfile/AFL Tenant/AFL/Players/ChampIDImages/AFLW/2019264/1007026.png?im=Scale,width=0.6,height=0.6","HBFR","CD_I1007026",FALSE,6,"Gabriella","Pound","CD_T8096",NA,91,0,0,NA,10,3,13,3,0,0,5,7,12,3,0,1,0,0,69.2,1,0,0,45,1,0,0,0,NA,"2019-03-10T07:00:26.254+0000",0,7,0,0,NA,NA,NA,2,206,0,0,0,0,0,0,0,0,0,0,0,0,0,0,0,0,0,0,0,0,0,0,0,0,0,0,NA,NA,NA,"CD_I1007026",FALSE,6,"Gabriella","Pound","home","Carlton"
"CD_M20192640605","2019-03-10T05:05:00.000+0000","CONCLUDED","2019 NAB AFLW Season","Round 6",6,"IKON Park","Carlton","Carlton","Brisbane Lions","Brisbane Lions",2,"https://s.afl.com.au/staticfile/AFL Tenant/AFL/Players/ChampIDImages/AFLW/2019264/1007016.png?im=Scale,width=0.6,height=0.6","C","CD_I1007016",FALSE,2,"Katie","Loynes","CD_T8096",NA,77,0,0,NA,4,1,5,0,0,8,6,0,6,1,0,0,0,1,60,1,2,1,45,0,0,0,0,NA,"2019-03-10T07:00:26.254+0000",3,0,2,1,NA,NA,NA,1,39,0,1,1,0,0,0,0,0,0,0,0,0,0,0,0,0,0,0,0,0,0,0,0,0,0,0,NA,NA,NA,"CD_I1007016",FALSE,2,"Katie","Loynes","home","Carlton"
"CD_M20192640605","2019-03-10T05:05:00.000+0000","CONCLUDED","2019 NAB AFLW Season","Round 6",6,"IKON Park","Carlton","Carlton","Brisbane Lions","Brisbane Lions",15,"https://s.afl.com.au/staticfile/AFL Tenant/AFL/Players/ChampIDImages/AFLW/2019264/1012549.png?im=Scale,width=0.6,height=0.6","R","CD_I1012549",FALSE,15,"Chloe","Dalton","CD_T8096",NA,66,0,2,NA,6,7,13,2,0,2,8,8,16,2,1,1,0,2,53.8,0,0,0,48,0,1,0,0,NA,"2019-03-10T07:00:26.254+0000",1,1,2,2,NA,NA,NA,6,195,0,2,2,0,0,0,0,0,0,0,0,0,0,0,0,0,0,0,0,0,0,0,0,0,0,0,NA,NA,NA,"CD_I1012549",FALSE,15,"Chloe","Dalton","home","Carlton"
"CD_M20192640605","2019-03-10T05:05:00.000+0000","CONCLUDED","2019 NAB AFLW Season","Round 6",6,"IKON Park","Carlton","Carlton","Brisbane Lions","Brisbane Lions",30,"https://s.afl.com.au/staticfile/AFL Tenant/AFL/Players/ChampIDImages/AFLW/2019264/1007003.png?im=Scale,width=0.6,height=0.6","RK","CD_I1007003",FALSE,30,"Alison","Downie","CD_T8096",NA,81,0,0,NA,4,3,7,0,0,3,5,2,7,0,0,0,29,0,100,1,3,0,62,1,0,0,0,NA,"2019-03-10T07:00:26.254+0000",0,2,1,0,NA,NA,NA,1,44,1,2,3,0,0,0,0,0,0,0,0,0,0,0,0,0,0,0,0,0,0,0,0,0,0,0,NA,NA,NA,"CD_I1007003",FALSE,30,"Alison","Downie","home","Carlton"
"CD_M20192640605","2019-03-10T05:05:00.000+0000","CONCLUDED","2019 NAB AFLW Season","Round 6",6,"IKON Park","Carlton","Carlton","Brisbane Lions","Brisbane Lions",18,"https://s.afl.com.au/staticfile/AFL Tenant/AFL/Players/ChampIDImages/AFLW/2019264/1007017.png?im=Scale,width=0.6,height=0.6","INT","CD_I1007017",FALSE,18,"Tilly","Lucas-Rodd","CD_T8096",NA,63,1,0,NA,4,6,10,1,0,4,5,5,10,1,0,0,0,1,40,2,0,1,46,0,0,100,0,NA,"2019-03-10T07:00:26.254+0000",3,2,2,1,NA,NA,NA,2,109,0,1,1,0,0,0,0,0,0,0,0,0,0,0,0,0,0,0,0,0,0,0,0,0,0,0,NA,NA,NA,"CD_I1007017",FALSE,18,"Tilly","Lucas-Rodd","home","Carlton"
"CD_M20192640605","2019-03-10T05:05:00.000+0000","CONCLUDED","2019 NAB AFLW Season","Round 6",6,"IKON Park","Carlton","Carlton","Brisbane Lions","Brisbane Lions",8,"https://s.afl.com.au/staticfile/AFL Tenant/AFL/Players/ChampIDImages/AFLW/2019264/997683.png?im=Scale,width=0.6,height=0.6","INT","CD_I997683",FALSE,8,"Amelia","Mullane","CD_T8096",NA,54,0,0,NA,6,7,13,1,0,3,9,4,13,4,0,0,0,1,84.6,0,1,0,48,1,1,0,0,NA,"2019-03-10T07:00:26.254+0000",0,4,1,0,NA,NA,NA,5,269,0,1,1,0,0,0,0,0,0,0,0,0,0,0,0,0,0,0,0,0,0,0,0,0,0,0,NA,NA,NA,"CD_I997683",FALSE,8,"Amelia","Mullane","home","Carlton"
"CD_M20192640605","2019-03-10T05:05:00.000+0000","CONCLUDED","2019 NAB AFLW Season","Round 6",6,"IKON Park","Carlton","Carlton","Brisbane Lions","Brisbane Lions",21,"https://s.afl.com.au/staticfile/AFL Tenant/AFL/Players/ChampIDImages/AFLW/2019264/998164.png?im=Scale,width=0.6,height=0.6","BPL","CD_I998164",FALSE,21,"Nicola","Stevens","CD_T8096",NA,90,0,0,NA,7,6,13,0,0,3,7,4,11,2,0,0,0,2,76.9,3,2,2,41,2,0,0,0,NA,"2019-03-10T07:00:26.254+0000",3,6,0,0,NA,NA,NA,1,131,0,1,1,0,0,0,0,0,0,0,0,0,0,0,0,0,0,0,0,0,0,0,0,0,0,0,NA,NA,NA,"CD_I998164",FALSE,21,"Nicola","Stevens","home","Carlton"
"CD_M20192640605","2019-03-10T05:05:00.000+0000","CONCLUDED","2019 NAB AFLW Season","Round 6",6,"IKON Park","Carlton","Carlton","Brisbane Lions","Brisbane Lions",16,"https://s.afl.com.au/staticfile/AFL Tenant/AFL/Players/ChampIDImages/AFLW/2019264/1007023.png?im=Scale,width=0.6,height=0.6","HFFR","CD_I1007023",FALSE,16,"Breann","Moody","CD_T8096",NA,73,0,0,NA,4,3,7,2,0,1,5,3,8,3,0,1,4,0,28.6,2,2,1,31,0,0,0,0,NA,"2019-03-10T07:00:26.254+0000",3,0,1,1,NA,NA,NA,3,81,0,0,0,0,0,0,0,0,0,0,0,0,0,0,0,0,0,0,0,0,0,0,0,0,0,0,NA,NA,NA,"CD_I1007023",FALSE,16,"Breann","Moody","home","Carlton"
"CD_M20192640605","2019-03-10T05:05:00.000+0000","CONCLUDED","2019 NAB AFLW Season","Round 6",6,"IKON Park","Carlton","Carlton","Brisbane Lions","Brisbane Lions",4,"https://s.afl.com.au/staticfile/AFL Tenant/AFL/Players/ChampIDImages/AFLW/2019264/1009885.png?im=Scale,width=0.6,height=0.6","HFFL","CD_I1009885",FALSE,4,"Madison","Prespakis","CD_T8096",NA,83,0,0,NA,15,12,27,0,0,2,13,12,25,3,0,0,0,0,66.7,4,1,3,69,2,0,0,0,NA,"2019-03-10T07:00:26.254+0000",3,3,0,0,NA,NA,NA,4,322,2,4,6,0,0,0,0,0,0,0,0,0,0,0,0,0,0,0,0,0,0,0,0,0,0,0,NA,NA,NA,"CD_I1009885",FALSE,4,"Madison","Prespakis","home","Carlton"
"CD_M20192640605","2019-03-10T05:05:00.000+0000","CONCLUDED","2019 NAB AFLW Season","Round 6",6,"IKON Park","Carlton","Carlton","Brisbane Lions","Brisbane Lions",5,"https://s.afl.com.au/staticfile/AFL Tenant/AFL/Players/ChampIDImages/AFLW/2019264/1013027.png?im=Scale,width=0.6,height=0.6","INT","CD_I1013027",FALSE,5,"Abbie","McKay","CD_T8096",NA,67,0,1,NA,3,3,6,1,0,3,2,4,6,0,0,0,0,0,50,1,1,1,29,0,0,0,0,NA,"2019-03-10T07:00:26.254+0000",1,0,0,1,NA,NA,NA,3,100,0,0,0,0,0,0,0,0,0,0,0,0,0,0,0,0,0,0,0,0,0,0,0,0,0,0,NA,NA,NA,"CD_I1013027",FALSE,5,"Abbie","McKay","home","Carlton"
"CD_M20192640605","2019-03-10T05:05:00.000+0000","CONCLUDED","2019 NAB AFLW Season","Round 6",6,"IKON Park","Carlton","Carlton","Brisbane Lions","Brisbane Lions",10,"https://s.afl.com.au/staticfile/AFL Tenant/AFL/Players/ChampIDImages/AFLW/2019264/1006666.png?im=Scale,width=0.6,height=0.6","RR","CD_I1006666",FALSE,10,"Sarah","Hosking","CD_T8096",NA,73,0,0,NA,3,4,7,2,0,2,3,4,7,2,0,0,0,3,85.7,0,0,0,31,0,0,0,0,NA,"2019-03-10T07:00:26.254+0000",1,2,0,0,NA,NA,NA,1,89,1,0,1,0,0,0,0,0,0,0,0,0,0,0,0,0,0,0,0,0,0,0,0,0,0,0,NA,NA,NA,"CD_I1006666",FALSE,10,"Sarah","Hosking","home","Carlton"
"CD_M20192640605","2019-03-10T05:05:00.000+0000","CONCLUDED","2019 NAB AFLW Season","Round 6",6,"IKON Park","Carlton","Carlton","Brisbane Lions","Brisbane Lions",36,"https://s.afl.com.au/staticfile/AFL Tenant/AFL/Players/ChampIDImages/AFLW/2019264/1012659.png?im=Scale,width=0.6,height=0.6","FB","CD_I1012659",FALSE,36,"Jayde","Van Dyk","CD_T8096",NA,72,0,0,NA,4,7,11,2,0,0,4,6,10,0,0,0,0,2,72.7,2,0,0,32,0,0,0,0,NA,"2019-03-10T07:00:26.254+0000",2,4,0,1,NA,NA,NA,1,89,0,1,1,0,0,0,0,0,0,0,0,0,0,0,0,0,0,0,0,0,0,0,0,0,0,0,NA,NA,NA,"CD_I1012659",FALSE,36,"Jayde","Van Dyk","home","Carlton"
"CD_M20192640605","2019-03-10T05:05:00.000+0000","CONCLUDED","2019 NAB AFLW Season","Round 6",6,"IKON Park","Carlton","Carlton","Brisbane Lions","Brisbane Lions",20,"https://s.afl.com.au/staticfile/AFL Tenant/AFL/Players/ChampIDImages/AFLW/2019264/1009880.png?im=Scale,width=0.6,height=0.6","HBFL","CD_I1009880",FALSE,20,"Charlotte","Wilson","CD_T8096",NA,71,0,0,NA,1,1,2,0,0,1,0,2,2,1,0,0,0,1,0,1,0,1,6,1,0,0,0,NA,"2019-03-10T07:00:26.254+0000",1,0,0,0,NA,NA,NA,0,25,0,0,0,0,0,0,0,0,0,0,0,0,0,0,0,0,0,0,0,0,0,0,0,0,0,0,NA,NA,NA,"CD_I1009880",FALSE,20,"Charlotte","Wilson","home","Carlton"
"CD_M20192640605","2019-03-10T05:05:00.000+0000","CONCLUDED","2019 NAB AFLW Season","Round 6",6,"IKON Park","Carlton","Carlton","Brisbane Lions","Brisbane Lions",20,"https://s.afl.com.au/staticfile/AFL Tenant/AFL/Players/ChampIDImages/AFLW/2019264/1007130.png?im=Scale,width=0.6,height=0.6","FB","CD_I1007130",FALSE,20,"Shannon","Campbell","CD_T7887",NA,70,0,0,NA,7,2,9,3,0,4,4,5,9,2,0,1,0,5,55.6,0,1,0,51,0,0,0,0,NA,"2019-03-10T07:00:26.254+0000",2,5,0,0,NA,NA,NA,1,82,0,0,0,0,0,0,0,0,0,0,0,0,0,0,0,0,0,0,0,0,0,0,0,0,0,0,NA,NA,NA,"CD_I1007130",FALSE,20,"Shannon","Campbell","away","Brisbane Lions"
"CD_M20192640605","2019-03-10T05:05:00.000+0000","CONCLUDED","2019 NAB AFLW Season","Round 6",6,"IKON Park","Carlton","Carlton","Brisbane Lions","Brisbane Lions",30,"https://s.afl.com.au/staticfile/AFL Tenant/AFL/Players/ChampIDImages/AFLW/2019264/1009838.png?im=Scale,width=0.6,height=0.6","R","CD_I1009838",FALSE,30,"Jesse","Tawhiao-Wardlaw","CD_T7887",NA,69,0,0,NA,4,0,4,2,0,4,2,2,4,1,0,0,4,2,50,0,1,0,39,0,0,0,0,NA,"2019-03-10T07:00:26.254+0000",0,1,0,0,NA,NA,NA,0,45,0,0,0,0,0,0,0,0,0,0,0,0,0,0,0,0,0,0,0,0,0,0,0,0,0,0,NA,NA,NA,"CD_I1009838",FALSE,30,"Jesse","Tawhiao-Wardlaw","away","Brisbane Lions"
"CD_M20192640605","2019-03-10T05:05:00.000+0000","CONCLUDED","2019 NAB AFLW Season","Round 6",6,"IKON Park","Carlton","Carlton","Brisbane Lions","Brisbane Lions",23,"https://s.afl.com.au/staticfile/AFL Tenant/AFL/Players/ChampIDImages/AFLW/2019264/1001690.png?im=Scale,width=0.6,height=0.6","FPL","CD_I1001690",FALSE,23,"Jess","Wuetschner","CD_T7887",NA,94,1,2,NA,10,4,14,6,0,1,7,8,15,1,2,0,0,1,42.9,3,0,0,68,0,0,25,0,NA,"2019-03-10T07:00:26.254+0000",3,1,0,4,NA,NA,NA,4,163,0,1,1,0,0,0,0,0,0,0,0,0,0,0,0,0,0,0,0,0,0,0,0,0,0,0,NA,NA,NA,"CD_I1001690",FALSE,23,"Jess","Wuetschner","away","Brisbane Lions"
"CD_M20192640605","2019-03-10T05:05:00.000+0000","CONCLUDED","2019 NAB AFLW Season","Round 6",6,"IKON Park","Carlton","Carlton","Brisbane Lions","Brisbane Lions",18,"https://s.afl.com.au/staticfile/AFL Tenant/AFL/Players/ChampIDImages/AFLW/2019264/1005630.png?im=Scale,width=0.6,height=0.6","RR","CD_I1005630",FALSE,18,"Alexandra","Anderson","CD_T7887",NA,80,0,0,NA,14,6,20,6,0,6,9,12,21,1,0,0,0,0,45,4,0,0,96,2,0,0,0,NA,"2019-03-10T07:00:26.254+0000",7,3,0,1,NA,NA,NA,0,135,1,1,2,0,0,0,0,0,0,0,0,0,0,0,0,0,0,0,0,0,0,0,0,0,0,0,NA,NA,NA,"CD_I1005630",FALSE,18,"Alexandra","Anderson","away","Brisbane Lions"
"CD_M20192640605","2019-03-10T05:05:00.000+0000","CONCLUDED","2019 NAB AFLW Season","Round 6",6,"IKON Park","Carlton","Carlton","Brisbane Lions","Brisbane Lions",4,"https://s.afl.com.au/staticfile/AFL Tenant/AFL/Players/ChampIDImages/AFLW/2019264/1005634.png?im=Scale,width=0.6,height=0.6","FPR","CD_I1005634",FALSE,4,"Sharni","Webb","CD_T7887",NA,74,0,0,NA,1,2,3,0,0,0,3,1,4,0,0,0,0,3,66.7,1,0,1,4,0,0,0,0,NA,"2019-03-10T07:00:26.254+0000",0,0,0,0,NA,NA,NA,0,21,0,2,2,0,0,0,0,0,0,0,0,0,0,0,0,0,0,0,0,0,0,0,0,0,0,0,NA,NA,NA,"CD_I1005634",FALSE,4,"Sharni","Webb","away","Brisbane Lions"
"CD_M20192640605","2019-03-10T05:05:00.000+0000","CONCLUDED","2019 NAB AFLW Season","Round 6",6,"IKON Park","Carlton","Carlton","Brisbane Lions","Brisbane Lions",33,"https://s.afl.com.au/staticfile/AFL Tenant/AFL/Players/ChampIDImages/AFLW/2019264/1009894.png?im=Scale,width=0.6,height=0.6","INT","CD_I1009894",FALSE,33,"McKenzie","Dowrick","CD_T7887",NA,52,0,0,NA,2,1,3,1,0,2,2,1,3,1,0,0,0,1,100,0,0,0,19,1,0,0,0,NA,"2019-03-10T07:00:26.254+0000",1,1,1,0,NA,NA,NA,1,64,0,0,0,0,0,0,0,0,0,0,0,0,0,0,0,0,0,0,0,0,0,0,0,0,0,0,NA,NA,NA,"CD_I1009894",FALSE,33,"McKenzie","Dowrick","away","Brisbane Lions"
"CD_M20192640605","2019-03-10T05:05:00.000+0000","CONCLUDED","2019 NAB AFLW Season","Round 6",6,"IKON Park","Carlton","Carlton","Brisbane Lions","Brisbane Lions",29,"https://s.afl.com.au/staticfile/AFL Tenant/AFL/Players/ChampIDImages/AFLW/2019264/1009828.png?im=Scale,width=0.6,height=0.6","INT","CD_I1009828",FALSE,29,"Jade","Ellenger","CD_T7887",NA,67,2,0,NA,5,1,6,2,0,5,3,4,7,1,0,0,0,1,50,3,0,1,52,0,0,100,0,NA,"2019-03-10T07:00:26.254+0000",2,1,0,2,NA,NA,NA,2,138,0,0,0,0,0,0,0,0,0,0,0,0,0,0,0,0,0,0,0,0,0,0,0,0,0,0,NA,NA,NA,"CD_I1009828",FALSE,29,"Jade","Ellenger","away","Brisbane Lions"
"CD_M20192640605","2019-03-10T05:05:00.000+0000","CONCLUDED","2019 NAB AFLW Season","Round 6",6,"IKON Park","Carlton","Carlton","Brisbane Lions","Brisbane Lions",15,"https://s.afl.com.au/staticfile/AFL Tenant/AFL/Players/ChampIDImages/AFLW/2019264/1007137.png?im=Scale,width=0.6,height=0.6","HFFR","CD_I1007137",FALSE,15,"Nat","Exon","CD_T7887",NA,81,0,0,NA,13,4,17,4,0,9,8,9,17,6,0,0,0,1,70.6,1,3,0,98,4,0,0,0,NA,"2019-03-10T07:00:26.254+0000",2,3,2,0,NA,NA,NA,3,253,0,5,5,0,0,0,0,0,0,0,0,0,0,0,0,0,0,0,0,0,0,0,0,0,0,0,NA,NA,NA,"CD_I1007137",FALSE,15,"Nat","Exon","away","Brisbane Lions"
"CD_M20192640605","2019-03-10T05:05:00.000+0000","CONCLUDED","2019 NAB AFLW Season","Round 6",6,"IKON Park","Carlton","Carlton","Brisbane Lions","Brisbane Lions",8,"https://s.afl.com.au/staticfile/AFL Tenant/AFL/Players/ChampIDImages/AFLW/2019264/998034.png?im=Scale,width=0.6,height=0.6","CHF","CD_I998034",FALSE,8,"Emma","Zielke","CD_T7887",NA,85,0,0,NA,8,5,13,5,0,4,6,7,13,1,0,1,0,0,69.2,2,1,0,66,0,0,0,0,NA,"2019-03-10T07:00:26.254+0000",5,0,1,0,NA,NA,NA,1,159,0,1,1,0,0,0,0,0,0,0,0,0,0,0,0,0,0,0,0,0,0,0,0,0,0,0,NA,NA,NA,"CD_I998034",FALSE,8,"Emma","Zielke","away","Brisbane Lions"
"CD_M20192640605","2019-03-10T05:05:00.000+0000","CONCLUDED","2019 NAB AFLW Season","Round 6",6,"IKON Park","Carlton","Carlton","Brisbane Lions","Brisbane Lions",5,"https://s.afl.com.au/staticfile/AFL Tenant/AFL/Players/ChampIDImages/AFLW/2019264/1005652.png?im=Scale,width=0.6,height=0.6","CHB","CD_I1005652",FALSE,5,"Sam","Virgo","CD_T7887",NA,65,0,0,NA,4,3,7,2,0,2,1,5,6,1,0,0,0,2,71.4,0,0,0,32,1,0,0,0,NA,"2019-03-10T07:00:26.254+0000",1,2,0,0,NA,NA,NA,3,90,0,0,0,0,0,0,0,0,0,0,0,0,0,0,0,0,0,0,0,0,0,0,0,0,0,0,NA,NA,NA,"CD_I1005652",FALSE,5,"Sam","Virgo","away","Brisbane Lions"
"CD_M20192640605","2019-03-10T05:05:00.000+0000","CONCLUDED","2019 NAB AFLW Season","Round 6",6,"IKON Park","Carlton","Carlton","Brisbane Lions","Brisbane Lions",14,"https://s.afl.com.au/staticfile/AFL Tenant/AFL/Players/ChampIDImages/AFLW/2019264/1003019.png?im=Scale,width=0.6,height=0.6","FF","CD_I1003019",FALSE,14,"Sabrina","Frederick-Traub","CD_T7887",NA,90,0,0,NA,7,2,9,4,0,2,6,3,9,3,0,2,2,0,44.4,3,0,1,44,0,1,0,0,NA,"2019-03-10T07:00:26.254+0000",4,3,1,0,NA,NA,NA,1,103,0,0,0,0,0,0,0,0,0,0,0,0,0,0,0,0,0,0,0,0,0,0,0,0,0,0,NA,NA,NA,"CD_I1003019",FALSE,14,"Sabrina","Frederick-Traub","away","Brisbane Lions"
"CD_M20192640605","2019-03-10T05:05:00.000+0000","CONCLUDED","2019 NAB AFLW Season","Round 6",6,"IKON Park","Carlton","Carlton","Brisbane Lions","Brisbane Lions",1,"https://s.afl.com.au/staticfile/AFL Tenant/AFL/Players/ChampIDImages/AFLW/2019264/998155.png?im=Scale,width=0.6,height=0.6","HBFR","CD_I998155",FALSE,1,"Emily","Bates","CD_T7887",NA,84,0,0,NA,16,6,22,3,0,5,9,13,22,5,1,1,0,0,72.7,5,1,5,75,1,1,0,0,NA,"2019-03-10T07:00:26.254+0000",5,2,0,0,NA,NA,NA,3,426,2,1,3,0,0,0,0,0,0,0,0,0,0,0,0,0,0,0,0,0,0,0,0,0,0,0,NA,NA,NA,"CD_I998155",FALSE,1,"Emily","Bates","away","Brisbane Lions"
"CD_M20192640605","2019-03-10T05:05:00.000+0000","CONCLUDED","2019 NAB AFLW Season","Round 6",6,"IKON Park","Carlton","Carlton","Brisbane Lions","Brisbane Lions",27,"https://s.afl.com.au/staticfile/AFL Tenant/AFL/Players/ChampIDImages/AFLW/2019264/1010667.png?im=Scale,width=0.6,height=0.6","RK","CD_I1010667",FALSE,27,"Jessy","Keeffe","CD_T7887",NA,77,0,0,NA,1,0,1,0,0,1,1,0,1,0,0,0,17,1,0,2,0,2,18,0,0,0,0,NA,"2019-03-10T07:00:26.254+0000",2,1,0,0,NA,NA,NA,0,4,0,0,0,0,0,0,0,0,0,0,0,0,0,0,0,0,0,0,0,0,0,0,0,0,0,0,NA,NA,NA,"CD_I1010667",FALSE,27,"Jessy","Keeffe","away","Brisbane Lions"
"CD_M20192640605","2019-03-10T05:05:00.000+0000","CONCLUDED","2019 NAB AFLW Season","Round 6",6,"IKON Park","Carlton","Carlton","Brisbane Lions","Brisbane Lions",13,"https://s.afl.com.au/staticfile/AFL Tenant/AFL/Players/ChampIDImages/AFLW/2019264/1005638.png?im=Scale,width=0.6,height=0.6","BPR","CD_I1005638",FALSE,13,"Kate","Lutkins","CD_T7887",NA,100,0,0,NA,18,2,20,5,0,7,5,11,16,0,0,0,0,5,55,5,1,2,96,8,0,0,0,NA,"2019-03-10T07:00:26.254+0000",5,9,0,0,NA,NA,NA,1,511,0,0,0,0,0,0,0,0,0,0,0,0,0,0,0,0,0,0,0,0,0,0,0,0,0,0,NA,NA,NA,"CD_I1005638",FALSE,13,"Kate","Lutkins","away","Brisbane Lions"
"CD_M20192640605","2019-03-10T05:05:00.000+0000","CONCLUDED","2019 NAB AFLW Season","Round 6",6,"IKON Park","Carlton","Carlton","Brisbane Lions","Brisbane Lions",3,"https://s.afl.com.au/staticfile/AFL Tenant/AFL/Players/ChampIDImages/AFLW/2019264/1005661.png?im=Scale,width=0.6,height=0.6","C","CD_I1005661",FALSE,3,"Breanna","Koenen","CD_T7887",NA,80,0,0,NA,5,7,12,4,1,4,5,7,12,1,0,1,0,0,50,2,1,0,58,1,1,0,0,NA,"2019-03-10T07:00:26.254+0000",4,5,0,0,NA,NA,NA,2,147,0,0,0,0,0,0,0,0,0,0,0,0,0,0,0,0,0,0,0,0,0,0,0,0,0,0,NA,NA,NA,"CD_I1005661",FALSE,3,"Breanna","Koenen","away","Brisbane Lions"
"CD_M20192640605","2019-03-10T05:05:00.000+0000","CONCLUDED","2019 NAB AFLW Season","Round 6",6,"IKON Park","Carlton","Carlton","Brisbane Lions","Brisbane Lions",7,"https://s.afl.com.au/staticfile/AFL Tenant/AFL/Players/ChampIDImages/AFLW/2019264/1001678.png?im=Scale,width=0.6,height=0.6","INT","CD_I1001678",FALSE,7,"Jordan","Zanchetta","CD_T7887",NA,62,0,0,NA,1,1,2,0,0,2,2,0,2,0,0,0,0,0,50,1,0,1,10,1,0,0,0,NA,"2019-03-10T07:00:26.254+0000",0,1,1,0,NA,NA,NA,0,18,0,0,0,0,0,0,0,0,0,0,0,0,0,0,0,0,0,0,0,0,0,0,0,0,0,0,NA,NA,NA,"CD_I1001678",FALSE,7,"Jordan","Zanchetta","away","Brisbane Lions"
"CD_M20192640605","2019-03-10T05:05:00.000+0000","CONCLUDED","2019 NAB AFLW Season","Round 6",6,"IKON Park","Carlton","Carlton","Brisbane Lions","Brisbane Lions",16,"https://s.afl.com.au/staticfile/AFL Tenant/AFL/Players/ChampIDImages/AFLW/2019264/998154.png?im=Scale,width=0.6,height=0.6","HFFL","CD_I998154",FALSE,16,"Lauren","Arnell","CD_T7887",NA,86,0,0,NA,8,3,11,3,1,3,5,6,11,0,0,0,0,1,63.6,1,1,1,49,1,0,0,0,NA,"2019-03-10T07:00:26.254+0000",2,4,0,0,NA,NA,NA,1,128,1,1,2,0,0,0,0,0,0,0,0,0,0,0,0,0,0,0,0,0,0,0,0,0,0,0,NA,NA,NA,"CD_I998154",FALSE,16,"Lauren","Arnell","away","Brisbane Lions"
"CD_M20192640605","2019-03-10T05:05:00.000+0000","CONCLUDED","2019 NAB AFLW Season","Round 6",6,"IKON Park","Carlton","Carlton","Brisbane Lions","Brisbane Lions",11,"https://s.afl.com.au/staticfile/AFL Tenant/AFL/Players/ChampIDImages/AFLW/2019264/998037.png?im=Scale,width=0.6,height=0.6","BPL","CD_I998037",FALSE,11,"Leah","Kaslar","CD_T7887",NA,93,0,0,NA,5,2,7,2,0,2,3,4,7,0,0,0,0,2,85.7,0,1,0,34,4,0,0,0,NA,"2019-03-10T07:00:26.254+0000",0,2,0,0,NA,NA,NA,0,45,0,0,0,0,0,0,0,0,0,0,0,0,0,0,0,0,0,0,0,0,0,0,0,0,0,0,NA,NA,NA,"CD_I998037",FALSE,11,"Leah","Kaslar","away","Brisbane Lions"
"CD_M20192640605","2019-03-10T05:05:00.000+0000","CONCLUDED","2019 NAB AFLW Season","Round 6",6,"IKON Park","Carlton","Carlton","Brisbane Lions","Brisbane Lions",28,"https://s.afl.com.au/staticfile/AFL Tenant/AFL/Players/ChampIDImages/AFLW/2019264/1009826.png?im=Scale,width=0.6,height=0.6","INT","CD_I1009826",FALSE,28,"Gabby","Collingwood","CD_T7887",NA,61,0,0,NA,1,1,2,0,0,4,1,1,2,0,0,0,0,0,50,0,0,0,21,0,0,0,0,NA,"2019-03-10T07:00:26.254+0000",0,0,1,0,NA,NA,NA,0,20,0,0,0,0,0,0,0,0,0,0,0,0,0,0,0,0,0,0,0,0,0,0,0,0,0,0,NA,NA,NA,"CD_I1009826",FALSE,28,"Gabby","Collingwood","away","Brisbane Lions"
"CD_M20192640605","2019-03-10T05:05:00.000+0000","CONCLUDED","2019 NAB AFLW Season","Round 6",6,"IKON Park","Carlton","Carlton","Brisbane Lions","Brisbane Lions",9,"https://s.afl.com.au/staticfile/AFL Tenant/AFL/Players/ChampIDImages/AFLW/2019264/1005636.png?im=Scale,width=0.6,height=0.6","HBFL","CD_I1005636",FALSE,9,"Kate","McCarthy","CD_T7887",NA,72,1,1,NA,3,0,3,0,1,0,2,1,3,0,0,0,0,0,33.3,0,0,0,16,0,0,50,0,NA,"2019-03-10T07:00:26.254+0000",1,0,0,2,NA,NA,NA,2,75,0,0,0,0,0,0,0,0,0,0,0,0,0,0,0,0,0,0,0,0,0,0,0,0,0,0,NA,NA,NA,"CD_I1005636",FALSE,9,"Kate","McCarthy","away","Brisbane Lions"
"CD_M20192640605","2019-03-10T05:05:00.000+0000","CONCLUDED","2019 NAB AFLW Season","Round 6",6,"IKON Park","Carlton","Carlton","Brisbane Lions","Brisbane Lions",25,"https://s.afl.com.au/staticfile/AFL Tenant/AFL/Players/ChampIDImages/AFLW/2019264/1009964.png?im=Scale,width=0.6,height=0.6","INT","CD_I1009964",FALSE,25,"Jacqui","Yorston","CD_T7887",NA,58,0,0,NA,7,5,12,1,0,8,8,3,11,2,0,0,0,1,41.7,1,1,1,64,1,0,0,0,NA,"2019-03-10T07:00:26.254+0000",1,2,0,0,NA,NA,NA,3,96,1,2,3,0,0,0,0,0,0,0,0,0,0,0,0,0,0,0,0,0,0,0,0,0,0,0,NA,NA,NA,"CD_I1009964",FALSE,25,"Jacqui","Yorston","away","Brisbane Lions"
"CD_M20192640701","2019-03-15T08:15:00.000+0000","CONCLUDED","2019 NAB AFLW Season","Round 7",7,"Corroboree Group Oval Manuka","GWS GIANTS","GWS GIANTS","Geelong Cats","Geelong Cats",9,"https://s.afl.com.au/staticfile/AFL Tenant/AFL/Players/ChampIDImages/AFLW/2019264/997684.png?im=Scale,width=0.6,height=0.6","CHB","CD_I997684",FALSE,9,"Tanya","Hetherington","CD_T7889",NA,77,0,0,NA,5,4,9,2,0,2,3,5,8,0,0,0,0,2,77.8,0,0,0,37,3,0,0,0,NA,"2019-03-20T00:57:47.480+0000",1,5,0,0,NA,NA,NA,1,154,0,0,0,0,0,0,0,0,0,0,0,0,0,0,0,0,0,0,0,0,0,0,0,0,0,0,NA,NA,NA,"CD_I997684",FALSE,9,"Tanya","Hetherington","home","GWS GIANTS"
"CD_M20192640701","2019-03-15T08:15:00.000+0000","CONCLUDED","2019 NAB AFLW Season","Round 7",7,"Corroboree Group Oval Manuka","GWS GIANTS","GWS GIANTS","Geelong Cats","Geelong Cats",30,"https://s.afl.com.au/staticfile/AFL Tenant/AFL/Players/ChampIDImages/AFLW/2019264/1005657.png?im=Scale,width=0.6,height=0.6","INT","CD_I1005657",FALSE,30,"Delma","Gisu","CD_T7889",NA,45,0,0,NA,1,4,5,0,0,0,3,2,5,2,0,0,0,1,80,1,0,0,11,0,0,0,0,NA,"2019-03-20T00:57:47.480+0000",1,0,0,0,NA,NA,NA,0,25,0,0,0,0,0,0,0,0,0,0,0,0,0,0,0,0,0,0,0,0,0,0,0,0,0,0,NA,NA,NA,"CD_I1005657",FALSE,30,"Delma","Gisu","home","GWS GIANTS"
"CD_M20192640701","2019-03-15T08:15:00.000+0000","CONCLUDED","2019 NAB AFLW Season","Round 7",7,"Corroboree Group Oval Manuka","GWS GIANTS","GWS GIANTS","Geelong Cats","Geelong Cats",28,"https://s.afl.com.au/staticfile/AFL Tenant/AFL/Players/ChampIDImages/AFLW/2019264/997659.png?im=Scale,width=0.6,height=0.6","INT","CD_I997659",FALSE,28,"Phoebe","Monahan","CD_T7889",NA,63,0,0,NA,7,3,10,0,0,2,2,6,8,0,0,0,0,3,40,0,0,0,35,2,0,0,0,NA,"2019-03-20T00:57:47.480+0000",3,2,0,0,NA,NA,NA,0,124,0,0,0,0,0,0,0,0,0,0,0,0,0,0,0,0,0,0,0,0,0,0,0,0,0,0,NA,NA,NA,"CD_I997659",FALSE,28,"Phoebe","Monahan","home","GWS GIANTS"
"CD_M20192640701","2019-03-15T08:15:00.000+0000","CONCLUDED","2019 NAB AFLW Season","Round 7",7,"Corroboree Group Oval Manuka","GWS GIANTS","GWS GIANTS","Geelong Cats","Geelong Cats",3,"https://s.afl.com.au/staticfile/AFL Tenant/AFL/Players/ChampIDImages/AFLW/2019264/1009799.png?im=Scale,width=0.6,height=0.6","RR","CD_I1009799",FALSE,3,"Alyce","Parker","CD_T7889",NA,84,0,0,NA,14,5,19,1,0,5,13,9,22,0,0,0,0,0,57.9,6,1,1,73,1,0,0,0,NA,"2019-03-20T00:57:47.480+0000",3,1,1,0,NA,NA,NA,2,319,0,6,6,0,0,0,0,0,0,0,0,0,0,0,0,0,0,0,0,0,0,0,0,0,0,0,NA,NA,NA,"CD_I1009799",FALSE,3,"Alyce","Parker","home","GWS GIANTS"
"CD_M20192640701","2019-03-15T08:15:00.000+0000","CONCLUDED","2019 NAB AFLW Season","Round 7",7,"Corroboree Group Oval Manuka","GWS GIANTS","GWS GIANTS","Geelong Cats","Geelong Cats",21,"https://s.afl.com.au/staticfile/AFL Tenant/AFL/Players/ChampIDImages/AFLW/2019264/1001688.png?im=Scale,width=0.6,height=0.6","BPL","CD_I1001688",FALSE,21,"Pepa","Randall","CD_T7889",NA,82,0,0,NA,1,2,3,0,0,6,1,2,3,0,0,0,0,4,66.7,0,0,0,31,0,0,0,0,NA,"2019-03-20T00:57:47.480+0000",0,1,0,0,NA,NA,NA,0,0,0,0,0,0,0,0,0,0,0,0,0,0,0,0,0,0,0,0,0,0,0,0,0,0,0,0,NA,NA,NA,"CD_I1001688",FALSE,21,"Pepa","Randall","home","GWS GIANTS"
"CD_M20192640701","2019-03-15T08:15:00.000+0000","CONCLUDED","2019 NAB AFLW Season","Round 7",7,"Corroboree Group Oval Manuka","GWS GIANTS","GWS GIANTS","Geelong Cats","Geelong Cats",26,"https://s.afl.com.au/staticfile/AFL Tenant/AFL/Players/ChampIDImages/AFLW/2019264/998043.png?im=Scale,width=0.6,height=0.6","C","CD_I998043",FALSE,26,"Courtney","Gum","CD_T7889",NA,96,0,0,NA,8,1,9,0,0,1,7,3,10,2,0,0,0,2,77.8,1,1,1,28,0,2,0,0,NA,"2019-03-20T00:57:47.480+0000",2,1,1,1,NA,NA,NA,4,210,0,0,0,0,0,0,0,0,0,0,0,0,0,0,0,0,0,0,0,0,0,0,0,0,0,0,NA,NA,NA,"CD_I998043",FALSE,26,"Courtney","Gum","home","GWS GIANTS"
"CD_M20192640701","2019-03-15T08:15:00.000+0000","CONCLUDED","2019 NAB AFLW Season","Round 7",7,"Corroboree Group Oval Manuka","GWS GIANTS","GWS GIANTS","Geelong Cats","Geelong Cats",6,"https://s.afl.com.au/staticfile/AFL Tenant/AFL/Players/ChampIDImages/AFLW/2019264/1005453.png?im=Scale,width=0.6,height=0.6","INT","CD_I1005453",FALSE,6,"Rebecca","Beeson","CD_T7889",NA,59,0,0,NA,6,8,14,3,0,8,10,6,16,0,0,0,0,1,64.3,5,1,1,73,2,0,0,0,NA,"2019-03-20T00:57:47.480+0000",2,4,2,0,NA,NA,NA,2,119,1,3,4,0,0,0,0,0,0,0,0,0,0,0,0,0,0,0,0,0,0,0,0,0,0,0,NA,NA,NA,"CD_I1005453",FALSE,6,"Rebecca","Beeson","home","GWS GIANTS"
"CD_M20192640701","2019-03-15T08:15:00.000+0000","CONCLUDED","2019 NAB AFLW Season","Round 7",7,"Corroboree Group Oval Manuka","GWS GIANTS","GWS GIANTS","Geelong Cats","Geelong Cats",23,"https://s.afl.com.au/staticfile/AFL Tenant/AFL/Players/ChampIDImages/AFLW/2019264/1007019.png?im=Scale,width=0.6,height=0.6","RK","CD_I1007019",FALSE,23,"Erin","McKinnon","CD_T7889",NA,64,0,0,NA,3,2,5,1,0,1,3,2,5,1,0,1,21,1,80,1,0,1,38,1,0,0,0,NA,"2019-03-20T00:57:47.480+0000",1,2,0,0,NA,NA,NA,0,156,1,0,1,0,0,0,0,0,0,0,0,0,0,0,0,0,0,0,0,0,0,0,0,0,0,0,NA,NA,NA,"CD_I1007019",FALSE,23,"Erin","McKinnon","home","GWS GIANTS"
"CD_M20192640701","2019-03-15T08:15:00.000+0000","CONCLUDED","2019 NAB AFLW Season","Round 7",7,"Corroboree Group Oval Manuka","GWS GIANTS","GWS GIANTS","Geelong Cats","Geelong Cats",15,"https://s.afl.com.au/staticfile/AFL Tenant/AFL/Players/ChampIDImages/AFLW/2019264/1011077.png?im=Scale,width=0.6,height=0.6","INT","CD_I1011077",FALSE,15,"Lisa","Whiteley","CD_T7889",NA,55,0,0,NA,2,2,4,2,0,0,3,3,6,0,0,0,0,2,100,3,0,3,7,1,0,0,0,NA,"2019-03-20T00:57:47.480+0000",1,4,0,0,NA,NA,NA,1,17,0,0,0,0,0,0,0,0,0,0,0,0,0,0,0,0,0,0,0,0,0,0,0,0,0,0,NA,NA,NA,"CD_I1011077",FALSE,15,"Lisa","Whiteley","home","GWS GIANTS"
"CD_M20192640701","2019-03-15T08:15:00.000+0000","CONCLUDED","2019 NAB AFLW Season","Round 7",7,"Corroboree Group Oval Manuka","GWS GIANTS","GWS GIANTS","Geelong Cats","Geelong Cats",18,"https://s.afl.com.au/staticfile/AFL Tenant/AFL/Players/ChampIDImages/AFLW/2019264/1005476.png?im=Scale,width=0.6,height=0.6","BPR","CD_I1005476",FALSE,18,"Amanda","Farrugia","CD_T7889",NA,80,0,0,NA,3,7,10,0,0,3,2,6,8,1,0,0,0,2,80,2,0,1,32,0,0,0,0,NA,"2019-03-20T00:57:47.480+0000",3,3,0,0,NA,NA,NA,0,9,0,0,0,0,0,0,0,0,0,0,0,0,0,0,0,0,0,0,0,0,0,0,0,0,0,0,NA,NA,NA,"CD_I1005476",FALSE,18,"Amanda","Farrugia","home","GWS GIANTS"
"CD_M20192640701","2019-03-15T08:15:00.000+0000","CONCLUDED","2019 NAB AFLW Season","Round 7",7,"Corroboree Group Oval Manuka","GWS GIANTS","GWS GIANTS","Geelong Cats","Geelong Cats",14,"https://s.afl.com.au/staticfile/AFL Tenant/AFL/Players/ChampIDImages/AFLW/2019264/1003022.png?im=Scale,width=0.6,height=0.6","HBFR","CD_I1003022",FALSE,14,"Maddy","Collier","CD_T7889",NA,69,0,0,NA,3,3,6,2,0,6,3,4,7,1,0,0,0,1,50,3,1,0,46,1,0,0,0,NA,"2019-03-20T00:57:47.480+0000",3,1,0,0,NA,NA,NA,2,82,0,0,0,0,0,0,0,0,0,0,0,0,0,0,0,0,0,0,0,0,0,0,0,0,0,0,NA,NA,NA,"CD_I1003022",FALSE,14,"Maddy","Collier","home","GWS GIANTS"
"CD_M20192640701","2019-03-15T08:15:00.000+0000","CONCLUDED","2019 NAB AFLW Season","Round 7",7,"Corroboree Group Oval Manuka","GWS GIANTS","GWS GIANTS","Geelong Cats","Geelong Cats",10,"https://s.afl.com.au/staticfile/AFL Tenant/AFL/Players/ChampIDImages/AFLW/2019264/1007148.png?im=Scale,width=0.6,height=0.6","FB","CD_I1007148",FALSE,10,"Ellie","Brush","CD_T7889",NA,93,0,0,NA,6,8,14,2,0,5,7,7,14,1,0,0,0,8,85.7,5,0,5,45,0,0,0,0,NA,"2019-03-20T00:57:47.480+0000",2,8,0,0,NA,NA,NA,1,97,0,1,1,0,0,0,0,0,0,0,0,0,0,0,0,0,0,0,0,0,0,0,0,0,0,0,NA,NA,NA,"CD_I1007148",FALSE,10,"Ellie","Brush","home","GWS GIANTS"
"CD_M20192640701","2019-03-15T08:15:00.000+0000","CONCLUDED","2019 NAB AFLW Season","Round 7",7,"Corroboree Group Oval Manuka","GWS GIANTS","GWS GIANTS","Geelong Cats","Geelong Cats",24,"https://s.afl.com.au/staticfile/AFL Tenant/AFL/Players/ChampIDImages/AFLW/2019264/1009801.png?im=Scale,width=0.6,height=0.6","HFFR","CD_I1009801",FALSE,24,"Haneen","Zreika","CD_T7889",NA,65,1,0,NA,5,12,17,0,0,7,14,4,18,1,0,0,0,2,82.4,2,0,0,73,0,0,100,0,NA,"2019-03-20T00:57:47.480+0000",2,3,0,1,NA,NA,NA,4,145,1,3,4,0,0,0,0,0,0,0,0,0,0,0,0,0,0,0,0,0,0,0,0,0,0,0,NA,NA,NA,"CD_I1009801",FALSE,24,"Haneen","Zreika","home","GWS GIANTS"
"CD_M20192640701","2019-03-15T08:15:00.000+0000","CONCLUDED","2019 NAB AFLW Season","Round 7",7,"Corroboree Group Oval Manuka","GWS GIANTS","GWS GIANTS","Geelong Cats","Geelong Cats",2,"https://s.afl.com.au/staticfile/AFL Tenant/AFL/Players/ChampIDImages/AFLW/2019264/998029.png?im=Scale,width=0.6,height=0.6","R","CD_I998029",FALSE,2,"Alicia","Eva","CD_T7889",NA,92,1,0,NA,14,3,17,4,0,9,5,12,17,4,0,0,0,0,70.6,1,1,0,103,4,0,100,0,NA,"2019-03-20T00:57:47.480+0000",3,1,2,1,NA,NA,NA,2,401,0,0,0,0,0,0,0,0,0,0,0,0,0,0,0,0,0,0,0,0,0,0,0,0,0,0,NA,NA,NA,"CD_I998029",FALSE,2,"Alicia","Eva","home","GWS GIANTS"
"CD_M20192640701","2019-03-15T08:15:00.000+0000","CONCLUDED","2019 NAB AFLW Season","Round 7",7,"Corroboree Group Oval Manuka","GWS GIANTS","GWS GIANTS","Geelong Cats","Geelong Cats",13,"https://s.afl.com.au/staticfile/AFL Tenant/AFL/Players/ChampIDImages/AFLW/2019264/1010666.png?im=Scale,width=0.6,height=0.6","FF","CD_I1010666",FALSE,13,"Cora","Staunton","CD_T7889",NA,66,1,1,NA,10,6,16,6,0,3,10,9,19,5,4,1,0,2,68.8,4,2,3,72,0,1,33.3,0,NA,"2019-03-20T00:57:47.480+0000",6,1,1,3,NA,NA,NA,6,456,0,3,3,0,0,0,0,0,0,0,0,0,0,0,0,0,0,0,0,0,0,0,0,0,0,0,NA,NA,NA,"CD_I1010666",FALSE,13,"Cora","Staunton","home","GWS GIANTS"
"CD_M20192640701","2019-03-15T08:15:00.000+0000","CONCLUDED","2019 NAB AFLW Season","Round 7",7,"Corroboree Group Oval Manuka","GWS GIANTS","GWS GIANTS","Geelong Cats","Geelong Cats",27,"https://s.afl.com.au/staticfile/AFL Tenant/AFL/Players/ChampIDImages/AFLW/2019264/1013935.png?im=Scale,width=0.6,height=0.6","HFFL","CD_I1013935",FALSE,27,"Yvonne","Bonner","CD_T7889",NA,94,1,0,NA,7,3,10,4,0,3,4,5,9,0,1,0,0,2,50,1,0,1,54,0,0,100,0,NA,"2019-03-20T00:57:47.480+0000",2,1,1,1,NA,NA,NA,2,30,0,0,0,0,0,0,0,0,0,0,0,0,0,0,0,0,0,0,0,0,0,0,0,0,0,0,NA,NA,NA,"CD_I1013935",FALSE,27,"Yvonne","Bonner","home","GWS GIANTS"
"CD_M20192640701","2019-03-15T08:15:00.000+0000","CONCLUDED","2019 NAB AFLW Season","Round 7",7,"Corroboree Group Oval Manuka","GWS GIANTS","GWS GIANTS","Geelong Cats","Geelong Cats",22,"https://s.afl.com.au/staticfile/AFL Tenant/AFL/Players/ChampIDImages/AFLW/2019264/1010686.png?im=Scale,width=0.6,height=0.6","CHF","CD_I1010686",FALSE,22,"Elle","Bennetts","CD_T7889",NA,86,0,0,NA,11,4,15,2,0,0,6,10,16,4,0,0,1,1,53.3,2,0,0,48,1,1,0,0,NA,"2019-03-20T00:57:47.480+0000",4,3,0,0,NA,NA,NA,2,307,0,1,1,0,0,0,0,0,0,0,0,0,0,0,0,0,0,0,0,0,0,0,0,0,0,0,NA,NA,NA,"CD_I1010686",FALSE,22,"Elle","Bennetts","home","GWS GIANTS"
"CD_M20192640701","2019-03-15T08:15:00.000+0000","CONCLUDED","2019 NAB AFLW Season","Round 7",7,"Corroboree Group Oval Manuka","GWS GIANTS","GWS GIANTS","Geelong Cats","Geelong Cats",7,"https://s.afl.com.au/staticfile/AFL Tenant/AFL/Players/ChampIDImages/AFLW/2019264/296137.png?im=Scale,width=0.6,height=0.6","INT","CD_I296137",FALSE,7,"Jessica","Dal Pos","CD_T7889",NA,79,0,0,NA,7,2,9,1,0,3,2,7,9,2,0,0,0,1,88.9,0,0,0,40,2,0,0,0,NA,"2019-03-20T00:57:47.480+0000",1,1,1,0,NA,NA,NA,1,174,0,0,0,0,0,0,0,0,0,0,0,0,0,0,0,0,0,0,0,0,0,0,0,0,0,0,NA,NA,NA,"CD_I296137",FALSE,7,"Jessica","Dal Pos","home","GWS GIANTS"
"CD_M20192640701","2019-03-15T08:15:00.000+0000","CONCLUDED","2019 NAB AFLW Season","Round 7",7,"Corroboree Group Oval Manuka","GWS GIANTS","GWS GIANTS","Geelong Cats","Geelong Cats",4,"https://s.afl.com.au/staticfile/AFL Tenant/AFL/Players/ChampIDImages/AFLW/2019264/997680.png?im=Scale,width=0.6,height=0.6","FPR","CD_I997680",FALSE,4,"Christina","Bernardi","CD_T7889",NA,80,2,2,NA,9,1,10,2,0,1,8,3,11,3,1,1,0,0,50,7,1,2,48,0,1,40,0,NA,"2019-03-20T00:57:47.480+0000",5,1,0,5,NA,NA,NA,5,189,0,2,2,0,0,0,0,0,0,0,0,0,0,0,0,0,0,0,0,0,0,0,0,0,0,0,NA,NA,NA,"CD_I997680",FALSE,4,"Christina","Bernardi","home","GWS GIANTS"
"CD_M20192640701","2019-03-15T08:15:00.000+0000","CONCLUDED","2019 NAB AFLW Season","Round 7",7,"Corroboree Group Oval Manuka","GWS GIANTS","GWS GIANTS","Geelong Cats","Geelong Cats",19,"https://s.afl.com.au/staticfile/AFL Tenant/AFL/Players/ChampIDImages/AFLW/2019264/1007338.png?im=Scale,width=0.6,height=0.6","FPL","CD_I1007338",FALSE,19,"Brittany","Perry","CD_T7889",NA,76,0,0,NA,3,3,6,0,0,4,5,3,8,1,0,0,0,1,66.7,0,1,0,32,1,0,0,0,NA,"2019-03-20T00:57:47.480+0000",0,0,1,0,NA,NA,NA,0,48,0,2,2,0,0,0,0,0,0,0,0,0,0,0,0,0,0,0,0,0,0,0,0,0,0,0,NA,NA,NA,"CD_I1007338",FALSE,19,"Brittany","Perry","home","GWS GIANTS"
"CD_M20192640701","2019-03-15T08:15:00.000+0000","CONCLUDED","2019 NAB AFLW Season","Round 7",7,"Corroboree Group Oval Manuka","GWS GIANTS","GWS GIANTS","Geelong Cats","Geelong Cats",12,"https://s.afl.com.au/staticfile/AFL Tenant/AFL/Players/ChampIDImages/AFLW/2019264/296141.png?im=Scale,width=0.6,height=0.6","HBFL","CD_I296141",FALSE,12,"Louise","Stephenson","CD_T7889",NA,81,0,0,NA,3,7,10,1,0,2,3,5,8,0,0,0,6,0,40,1,0,1,37,0,0,0,0,NA,"2019-03-20T00:57:47.480+0000",2,2,1,0,NA,NA,NA,1,63,1,0,1,0,0,0,0,0,0,0,0,0,0,0,0,0,0,0,0,0,0,0,0,0,0,0,NA,NA,NA,"CD_I296141",FALSE,12,"Louise","Stephenson","home","GWS GIANTS"
"CD_M20192640701","2019-03-15T08:15:00.000+0000","CONCLUDED","2019 NAB AFLW Season","Round 7",7,"Corroboree Group Oval Manuka","GWS GIANTS","GWS GIANTS","Geelong Cats","Geelong Cats",7,"https://s.afl.com.au/staticfile/AFL Tenant/AFL/Players/ChampIDImages/AFLW/2019264/1006999.png?im=Scale,width=0.6,height=0.6","INT","CD_I1006999",FALSE,7,"Mia-Rae","Clifford","CD_T8467",NA,58,1,0,NA,3,1,4,3,0,1,2,2,4,1,1,1,0,1,75,1,1,0,31,0,0,100,0,NA,"2019-03-20T00:57:47.480+0000",1,0,0,1,NA,NA,NA,2,59,0,0,0,0,0,0,0,0,0,0,0,0,0,0,0,0,0,0,0,0,0,0,0,0,0,0,NA,NA,NA,"CD_I1006999",FALSE,7,"Mia-Rae","Clifford","away","Geelong Cats"
"CD_M20192640701","2019-03-15T08:15:00.000+0000","CONCLUDED","2019 NAB AFLW Season","Round 7",7,"Corroboree Group Oval Manuka","GWS GIANTS","GWS GIANTS","Geelong Cats","Geelong Cats",5,"https://s.afl.com.au/staticfile/AFL Tenant/AFL/Players/ChampIDImages/AFLW/2019264/1008031.png?im=Scale,width=0.6,height=0.6","HFFL","CD_I1008031",FALSE,5,"Jordan","Ivey","CD_T8467",NA,75,0,1,NA,3,1,4,2,0,3,1,4,5,2,1,0,0,2,75,0,1,0,31,0,0,0,0,NA,"2019-03-20T00:57:47.480+0000",0,0,1,1,NA,NA,NA,1,101,0,0,0,0,0,0,0,0,0,0,0,0,0,0,0,0,0,0,0,0,0,0,0,0,0,0,NA,NA,NA,"CD_I1008031",FALSE,5,"Jordan","Ivey","away","Geelong Cats"
"CD_M20192640701","2019-03-15T08:15:00.000+0000","CONCLUDED","2019 NAB AFLW Season","Round 7",7,"Corroboree Group Oval Manuka","GWS GIANTS","GWS GIANTS","Geelong Cats","Geelong Cats",27,"https://s.afl.com.au/staticfile/AFL Tenant/AFL/Players/ChampIDImages/AFLW/2019264/1009765.png?im=Scale,width=0.6,height=0.6","INT","CD_I1009765",FALSE,27,"Sophie","Van De Heuvel","CD_T8467",NA,74,0,0,NA,2,6,8,1,0,1,5,4,9,1,0,0,0,0,50,1,1,0,26,0,0,0,0,NA,"2019-03-20T00:57:47.480+0000",2,2,0,0,NA,NA,NA,2,38,0,0,0,0,0,0,0,0,0,0,0,0,0,0,0,0,0,0,0,0,0,0,0,0,0,0,NA,NA,NA,"CD_I1009765",FALSE,27,"Sophie","Van De Heuvel","away","Geelong Cats"
"CD_M20192640701","2019-03-15T08:15:00.000+0000","CONCLUDED","2019 NAB AFLW Season","Round 7",7,"Corroboree Group Oval Manuka","GWS GIANTS","GWS GIANTS","Geelong Cats","Geelong Cats",46,"https://s.afl.com.au/staticfile/AFL Tenant/AFL/Players/ChampIDImages/AFLW/2019264/1010675.png?im=Scale,width=0.6,height=0.6","RK","CD_I1010675",FALSE,46,"Erin","Hoare","CD_T8467",NA,57,0,0,NA,1,1,2,1,0,2,1,1,2,0,0,1,23,0,100,0,0,0,39,0,0,0,0,NA,"2019-03-20T00:57:47.480+0000",1,1,0,0,NA,NA,NA,0,50,0,0,0,0,0,0,0,0,0,0,0,0,0,0,0,0,0,0,0,0,0,0,0,0,0,0,NA,NA,NA,"CD_I1010675",FALSE,46,"Erin","Hoare","away","Geelong Cats"
"CD_M20192640701","2019-03-15T08:15:00.000+0000","CONCLUDED","2019 NAB AFLW Season","Round 7",7,"Corroboree Group Oval Manuka","GWS GIANTS","GWS GIANTS","Geelong Cats","Geelong Cats",12,"https://s.afl.com.au/staticfile/AFL Tenant/AFL/Players/ChampIDImages/AFLW/2019264/1012470.png?im=Scale,width=0.6,height=0.6","RR","CD_I1012470",FALSE,12,"Renee","Garing","CD_T8467",NA,85,0,0,NA,7,8,15,2,0,14,11,4,15,1,0,0,0,2,40,1,0,1,96,1,0,0,0,NA,"2019-03-20T00:57:47.480+0000",4,4,1,0,NA,NA,NA,0,162,2,2,4,0,0,0,0,0,0,0,0,0,0,0,0,0,0,0,0,0,0,0,0,0,0,0,NA,NA,NA,"CD_I1012470",FALSE,12,"Renee","Garing","away","Geelong Cats"
"CD_M20192640701","2019-03-15T08:15:00.000+0000","CONCLUDED","2019 NAB AFLW Season","Round 7",7,"Corroboree Group Oval Manuka","GWS GIANTS","GWS GIANTS","Geelong Cats","Geelong Cats",2,"https://s.afl.com.au/staticfile/AFL Tenant/AFL/Players/ChampIDImages/AFLW/2019264/1012480.png?im=Scale,width=0.6,height=0.6","FPR","CD_I1012480",FALSE,2,"Danielle","Orr","CD_T8467",NA,74,0,0,NA,5,4,9,1,0,4,6,3,9,2,0,0,0,0,66.7,1,2,0,44,1,0,0,0,NA,"2019-03-20T00:57:47.480+0000",2,0,0,0,NA,NA,NA,0,163,0,3,3,0,0,0,0,0,0,0,0,0,0,0,0,0,0,0,0,0,0,0,0,0,0,0,NA,NA,NA,"CD_I1012480",FALSE,2,"Danielle","Orr","away","Geelong Cats"
"CD_M20192640701","2019-03-15T08:15:00.000+0000","CONCLUDED","2019 NAB AFLW Season","Round 7",7,"Corroboree Group Oval Manuka","GWS GIANTS","GWS GIANTS","Geelong Cats","Geelong Cats",44,"https://s.afl.com.au/staticfile/AFL Tenant/AFL/Players/ChampIDImages/AFLW/2019264/296130.png?im=Scale,width=0.6,height=0.6","FB","CD_I296130",FALSE,44,"Rebecca","Goring","CD_T8467",NA,98,0,0,NA,2,2,4,1,0,2,4,0,4,1,0,1,0,3,100,2,1,1,19,2,0,0,0,NA,"2019-03-20T00:57:47.480+0000",0,4,0,0,NA,NA,NA,1,7,0,0,0,0,0,0,0,0,0,0,0,0,0,0,0,0,0,0,0,0,0,0,0,0,0,0,NA,NA,NA,"CD_I296130",FALSE,44,"Rebecca","Goring","away","Geelong Cats"
"CD_M20192640701","2019-03-15T08:15:00.000+0000","CONCLUDED","2019 NAB AFLW Season","Round 7",7,"Corroboree Group Oval Manuka","GWS GIANTS","GWS GIANTS","Geelong Cats","Geelong Cats",8,"https://s.afl.com.au/staticfile/AFL Tenant/AFL/Players/ChampIDImages/AFLW/2019264/1007001.png?im=Scale,width=0.6,height=0.6","FPL","CD_I1007001",FALSE,8,"Kate","Darby","CD_T8467",NA,71,0,1,NA,3,3,6,0,0,1,3,3,6,0,0,0,0,0,16.7,0,0,0,20,0,0,0,0,NA,"2019-03-20T00:57:47.480+0000",1,0,1,1,NA,NA,NA,2,118,0,0,0,0,0,0,0,0,0,0,0,0,0,0,0,0,0,0,0,0,0,0,0,0,0,0,NA,NA,NA,"CD_I1007001",FALSE,8,"Kate","Darby","away","Geelong Cats"
"CD_M20192640701","2019-03-15T08:15:00.000+0000","CONCLUDED","2019 NAB AFLW Season","Round 7",7,"Corroboree Group Oval Manuka","GWS GIANTS","GWS GIANTS","Geelong Cats","Geelong Cats",45,"https://s.afl.com.au/staticfile/AFL Tenant/AFL/Players/ChampIDImages/AFLW/2019264/997678.png?im=Scale,width=0.6,height=0.6","HBFR","CD_I997678",FALSE,45,"Madeline","Keryk","CD_T8467",NA,88,0,0,NA,4,7,11,0,0,6,7,5,12,1,0,0,0,0,63.6,2,0,1,47,0,0,0,0,NA,"2019-03-20T00:57:47.480+0000",2,3,0,0,NA,NA,NA,2,103,0,3,3,0,0,0,0,0,0,0,0,0,0,0,0,0,0,0,0,0,0,0,0,0,0,0,NA,NA,NA,"CD_I997678",FALSE,45,"Madeline","Keryk","away","Geelong Cats"
"CD_M20192640701","2019-03-15T08:15:00.000+0000","CONCLUDED","2019 NAB AFLW Season","Round 7",7,"Corroboree Group Oval Manuka","GWS GIANTS","GWS GIANTS","Geelong Cats","Geelong Cats",6,"https://s.afl.com.au/staticfile/AFL Tenant/AFL/Players/ChampIDImages/AFLW/2019264/1012640.png?im=Scale,width=0.6,height=0.6","HFFR","CD_I1012640",FALSE,6,"Julia","Crockett-Grills","CD_T8467",NA,70,0,1,NA,4,1,5,1,0,1,3,3,6,0,0,0,0,1,60,1,2,1,21,1,0,0,0,NA,"2019-03-20T00:57:47.480+0000",0,1,0,1,NA,NA,NA,1,125,0,0,0,0,0,0,0,0,0,0,0,0,0,0,0,0,0,0,0,0,0,0,0,0,0,0,NA,NA,NA,"CD_I1012640",FALSE,6,"Julia","Crockett-Grills","away","Geelong Cats"
"CD_M20192640701","2019-03-15T08:15:00.000+0000","CONCLUDED","2019 NAB AFLW Season","Round 7",7,"Corroboree Group Oval Manuka","GWS GIANTS","GWS GIANTS","Geelong Cats","Geelong Cats",24,"https://s.afl.com.au/staticfile/AFL Tenant/AFL/Players/ChampIDImages/AFLW/2019264/1012474.png?im=Scale,width=0.6,height=0.6","BPR","CD_I1012474",FALSE,24,"Madaleine","McMahon","CD_T8467",NA,85,0,0,NA,11,3,14,5,0,6,7,5,12,3,0,2,0,0,71.4,2,2,0,80,2,0,0,0,NA,"2019-03-20T00:57:47.480+0000",4,5,0,0,NA,NA,NA,0,292,0,3,3,0,0,0,0,0,0,0,0,0,0,0,0,0,0,0,0,0,0,0,0,0,0,0,NA,NA,NA,"CD_I1012474",FALSE,24,"Madaleine","McMahon","away","Geelong Cats"
"CD_M20192640701","2019-03-15T08:15:00.000+0000","CONCLUDED","2019 NAB AFLW Season","Round 7",7,"Corroboree Group Oval Manuka","GWS GIANTS","GWS GIANTS","Geelong Cats","Geelong Cats",30,"https://s.afl.com.au/staticfile/AFL Tenant/AFL/Players/ChampIDImages/AFLW/2019264/997673.png?im=Scale,width=0.6,height=0.6","C","CD_I997673",FALSE,30,"Richelle","Cranston","CD_T8467",NA,78,0,0,NA,7,8,15,1,0,4,12,4,16,3,0,1,0,3,33.3,3,1,1,54,0,0,0,0,NA,"2019-03-20T00:57:47.480+0000",5,2,0,1,NA,NA,NA,0,202,0,2,2,0,0,0,0,0,0,0,0,0,0,0,0,0,0,0,0,0,0,0,0,0,0,0,NA,NA,NA,"CD_I997673",FALSE,30,"Richelle","Cranston","away","Geelong Cats"
"CD_M20192640701","2019-03-15T08:15:00.000+0000","CONCLUDED","2019 NAB AFLW Season","Round 7",7,"Corroboree Group Oval Manuka","GWS GIANTS","GWS GIANTS","Geelong Cats","Geelong Cats",28,"https://s.afl.com.au/staticfile/AFL Tenant/AFL/Players/ChampIDImages/AFLW/2019264/1009854.png?im=Scale,width=0.6,height=0.6","BPL","CD_I1009854",FALSE,28,"Denby","Taylor","CD_T8467",NA,71,0,0,NA,4,1,5,0,0,2,4,1,5,0,0,0,0,0,60,3,2,1,21,2,0,0,0,NA,"2019-03-20T00:57:47.480+0000",1,4,0,0,NA,NA,NA,0,45,0,0,0,0,0,0,0,0,0,0,0,0,0,0,0,0,0,0,0,0,0,0,0,0,0,0,NA,NA,NA,"CD_I1009854",FALSE,28,"Denby","Taylor","away","Geelong Cats"
"CD_M20192640701","2019-03-15T08:15:00.000+0000","CONCLUDED","2019 NAB AFLW Season","Round 7",7,"Corroboree Group Oval Manuka","GWS GIANTS","GWS GIANTS","Geelong Cats","Geelong Cats",18,"https://s.afl.com.au/staticfile/AFL Tenant/AFL/Players/ChampIDImages/AFLW/2019264/998038.png?im=Scale,width=0.6,height=0.6","HBFL","CD_I998038",FALSE,18,"Melissa","Hickey","CD_T8467",NA,83,0,0,NA,6,5,11,3,0,3,5,6,11,0,0,1,0,2,63.6,2,0,1,46,2,0,0,0,NA,"2019-03-20T00:57:47.480+0000",4,5,0,0,NA,NA,NA,1,124,0,1,1,0,0,0,0,0,0,0,0,0,0,0,0,0,0,0,0,0,0,0,0,0,0,0,NA,NA,NA,"CD_I998038",FALSE,18,"Melissa","Hickey","away","Geelong Cats"
"CD_M20192640701","2019-03-15T08:15:00.000+0000","CONCLUDED","2019 NAB AFLW Season","Round 7",7,"Corroboree Group Oval Manuka","GWS GIANTS","GWS GIANTS","Geelong Cats","Geelong Cats",3,"https://s.afl.com.au/staticfile/AFL Tenant/AFL/Players/ChampIDImages/AFLW/2019264/1012628.png?im=Scale,width=0.6,height=0.6","INT","CD_I1012628",FALSE,3,"Hannah","Burchell","CD_T8467",NA,56,0,0,NA,6,2,8,2,0,1,2,6,8,2,0,0,0,0,50,1,1,0,33,0,0,0,0,NA,"2019-03-20T00:57:47.480+0000",3,2,0,0,NA,NA,NA,0,119,0,1,1,0,0,0,0,0,0,0,0,0,0,0,0,0,0,0,0,0,0,0,0,0,0,0,NA,NA,NA,"CD_I1012628",FALSE,3,"Hannah","Burchell","away","Geelong Cats"
"CD_M20192640701","2019-03-15T08:15:00.000+0000","CONCLUDED","2019 NAB AFLW Season","Round 7",7,"Corroboree Group Oval Manuka","GWS GIANTS","GWS GIANTS","Geelong Cats","Geelong Cats",14,"https://s.afl.com.au/staticfile/AFL Tenant/AFL/Players/ChampIDImages/AFLW/2019264/998148.png?im=Scale,width=0.6,height=0.6","INT","CD_I998148",FALSE,14,"Aasta","O'Connor","CD_T8467",NA,62,0,0,NA,4,2,6,1,0,4,3,3,6,0,0,0,11,2,33.3,2,1,1,44,2,0,0,0,NA,"2019-03-20T00:57:47.480+0000",5,2,0,0,NA,NA,NA,0,132,0,1,1,0,0,0,0,0,0,0,0,0,0,0,0,0,0,0,0,0,0,0,0,0,0,0,NA,NA,NA,"CD_I998148",FALSE,14,"Aasta","O'Connor","away","Geelong Cats"
"CD_M20192640701","2019-03-15T08:15:00.000+0000","CONCLUDED","2019 NAB AFLW Season","Round 7",7,"Corroboree Group Oval Manuka","GWS GIANTS","GWS GIANTS","Geelong Cats","Geelong Cats",23,"https://s.afl.com.au/staticfile/AFL Tenant/AFL/Players/ChampIDImages/AFLW/2019264/997689.png?im=Scale,width=0.6,height=0.6","FF","CD_I997689",FALSE,23,"Phoebe","McWilliams","CD_T8467",NA,86,0,0,NA,2,0,2,2,0,0,0,3,3,1,0,0,0,0,50,1,0,0,12,0,0,0,0,NA,"2019-03-20T00:57:47.480+0000",1,0,0,0,NA,NA,NA,0,54,0,0,0,0,0,0,0,0,0,0,0,0,0,0,0,0,0,0,0,0,0,0,0,0,0,0,NA,NA,NA,"CD_I997689",FALSE,23,"Phoebe","McWilliams","away","Geelong Cats"
"CD_M20192640701","2019-03-15T08:15:00.000+0000","CONCLUDED","2019 NAB AFLW Season","Round 7",7,"Corroboree Group Oval Manuka","GWS GIANTS","GWS GIANTS","Geelong Cats","Geelong Cats",16,"https://s.afl.com.au/staticfile/AFL Tenant/AFL/Players/ChampIDImages/AFLW/2019264/1009861.png?im=Scale,width=0.6,height=0.6","R","CD_I1009861",FALSE,16,"Olivia","Purcell","CD_T8467",NA,82,0,0,NA,6,13,19,0,0,4,15,5,20,1,0,0,0,0,57.9,3,3,0,63,2,1,0,0,NA,"2019-03-20T00:57:47.480+0000",3,2,1,0,NA,NA,NA,3,203,1,2,3,0,0,0,0,0,0,0,0,0,0,0,0,0,0,0,0,0,0,0,0,0,0,0,NA,NA,NA,"CD_I1009861",FALSE,16,"Olivia","Purcell","away","Geelong Cats"
"CD_M20192640701","2019-03-15T08:15:00.000+0000","CONCLUDED","2019 NAB AFLW Season","Round 7",7,"Corroboree Group Oval Manuka","GWS GIANTS","GWS GIANTS","Geelong Cats","Geelong Cats",26,"https://s.afl.com.au/staticfile/AFL Tenant/AFL/Players/ChampIDImages/AFLW/2019264/997669.png?im=Scale,width=0.6,height=0.6","CHF","CD_I997669",FALSE,26,"Madeleine","Boyd","CD_T8467",NA,65,0,0,NA,1,2,3,2,0,3,3,0,3,2,0,2,0,1,66.7,1,0,0,25,0,0,0,0,NA,"2019-03-20T00:57:47.480+0000",0,1,0,0,NA,NA,NA,1,11,0,0,0,0,0,0,0,0,0,0,0,0,0,0,0,0,0,0,0,0,0,0,0,0,0,0,NA,NA,NA,"CD_I997669",FALSE,26,"Madeleine","Boyd","away","Geelong Cats"
"CD_M20192640701","2019-03-15T08:15:00.000+0000","CONCLUDED","2019 NAB AFLW Season","Round 7",7,"Corroboree Group Oval Manuka","GWS GIANTS","GWS GIANTS","Geelong Cats","Geelong Cats",11,"https://s.afl.com.au/staticfile/AFL Tenant/AFL/Players/ChampIDImages/AFLW/2019264/1007155.png?im=Scale,width=0.6,height=0.6","CHB","CD_I1007155",FALSE,11,"Meghan","McDonald","CD_T8467",NA,98,0,0,NA,6,5,11,3,0,2,5,3,8,0,0,2,0,4,72.7,0,0,0,45,4,0,0,0,NA,"2019-03-20T00:57:47.480+0000",3,6,0,0,NA,NA,NA,0,195,0,0,0,0,0,0,0,0,0,0,0,0,0,0,0,0,0,0,0,0,0,0,0,0,0,0,NA,NA,NA,"CD_I1007155",FALSE,11,"Meghan","McDonald","away","Geelong Cats"
"CD_M20192640701","2019-03-15T08:15:00.000+0000","CONCLUDED","2019 NAB AFLW Season","Round 7",7,"Corroboree Group Oval Manuka","GWS GIANTS","GWS GIANTS","Geelong Cats","Geelong Cats",4,"https://s.afl.com.au/staticfile/AFL Tenant/AFL/Players/ChampIDImages/AFLW/2019264/1012627.png?im=Scale,width=0.6,height=0.6","INT","CD_I1012627",FALSE,4,"Cassie","Blakeway","CD_T8467",NA,83,0,0,NA,8,0,8,2,0,2,3,5,8,0,0,1,0,2,62.5,2,2,1,37,2,0,0,0,NA,"2019-03-20T00:57:47.480+0000",2,3,0,0,NA,NA,NA,1,137,0,1,1,0,0,0,0,0,0,0,0,0,0,0,0,0,0,0,0,0,0,0,0,0,0,0,NA,NA,NA,"CD_I1012627",FALSE,4,"Cassie","Blakeway","away","Geelong Cats"
"CD_M20192640702","2019-03-16T05:45:00.000+0000","CONCLUDED","2019 NAB AFLW Season","Round 7",7,"Casey Fields","Melbourne","Melbourne","Adelaide Crows","Adelaide Crows",2,"https://s.afl.com.au/staticfile/AFL Tenant/AFL/Players/ChampIDImages/AFLW/2019264/1007149.png?im=Scale,width=0.6,height=0.6","BPL","CD_I1007149",FALSE,2,"Meg","Downie","CD_T7386",NA,92,0,0,NA,5,9,14,4,0,2,9,5,14,0,0,2,0,4,92.9,1,1,0,54,1,0,0,0,NA,"2019-03-16T07:43:30.663+0000",2,9,0,0,NA,NA,NA,0,74,0,0,0,0,0,0,0,0,0,0,0,0,0,0,0,0,0,0,0,0,0,0,0,0,0,0,NA,NA,NA,"CD_I1007149",FALSE,2,"Meg","Downie","home","Melbourne"
"CD_M20192640702","2019-03-16T05:45:00.000+0000","CONCLUDED","2019 NAB AFLW Season","Round 7",7,"Casey Fields","Melbourne","Melbourne","Adelaide Crows","Adelaide Crows",30,"https://s.afl.com.au/staticfile/AFL Tenant/AFL/Players/ChampIDImages/AFLW/2019264/1012713.png?im=Scale,width=0.6,height=0.6","INT","CD_I1012713",FALSE,30,"Shelley","Heath","CD_T7386",NA,55,0,0,NA,0,3,3,1,0,2,2,1,3,0,0,0,0,0,66.7,0,0,0,17,0,0,0,0,NA,"2019-03-16T07:43:30.663+0000",0,2,0,0,NA,NA,NA,0,-10,0,0,0,0,0,0,0,0,0,0,0,0,0,0,0,0,0,0,0,0,0,0,0,0,0,0,NA,NA,NA,"CD_I1012713",FALSE,30,"Shelley","Heath","home","Melbourne"
"CD_M20192640702","2019-03-16T05:45:00.000+0000","CONCLUDED","2019 NAB AFLW Season","Round 7",7,"Casey Fields","Melbourne","Melbourne","Adelaide Crows","Adelaide Crows",10,"https://s.afl.com.au/staticfile/AFL Tenant/AFL/Players/ChampIDImages/AFLW/2019264/1009980.png?im=Scale,width=0.6,height=0.6","CHF","CD_I1009980",FALSE,10,"Kate","Hore","CD_T7386",NA,92,0,0,NA,6,5,11,2,0,5,6,4,10,0,0,0,0,0,54.5,3,2,0,56,0,0,0,0,NA,"2019-03-16T07:43:30.663+0000",2,2,3,1,NA,NA,NA,1,94,1,1,2,0,0,0,0,0,0,0,0,0,0,0,0,0,0,0,0,0,0,0,0,0,0,0,NA,NA,NA,"CD_I1009980",FALSE,10,"Kate","Hore","home","Melbourne"
"CD_M20192640702","2019-03-16T05:45:00.000+0000","CONCLUDED","2019 NAB AFLW Season","Round 7",7,"Casey Fields","Melbourne","Melbourne","Adelaide Crows","Adelaide Crows",13,"https://s.afl.com.au/staticfile/AFL Tenant/AFL/Players/ChampIDImages/AFLW/2019264/997733.png?im=Scale,width=0.6,height=0.6","BPR","CD_I997733",FALSE,13,"Katherine","Smith","CD_T7386",NA,71,0,0,NA,4,2,6,1,0,5,3,4,7,1,0,0,0,4,50,4,1,3,31,1,0,0,0,NA,"2019-03-16T07:43:30.663+0000",1,1,0,0,NA,NA,NA,0,34,0,0,0,0,0,0,0,0,0,0,0,0,0,0,0,0,0,0,0,0,0,0,0,0,0,0,NA,NA,NA,"CD_I997733",FALSE,13,"Katherine","Smith","home","Melbourne"
"CD_M20192640702","2019-03-16T05:45:00.000+0000","CONCLUDED","2019 NAB AFLW Season","Round 7",7,"Casey Fields","Melbourne","Melbourne","Adelaide Crows","Adelaide Crows",5,"https://s.afl.com.au/staticfile/AFL Tenant/AFL/Players/ChampIDImages/AFLW/2019264/998147.png?im=Scale,width=0.6,height=0.6","C","CD_I998147",FALSE,5,"Elise","O'Dea","CD_T7386",NA,80,0,0,NA,14,7,21,5,0,1,7,12,19,3,0,0,0,0,52.4,3,2,0,77,2,0,0,0,NA,"2019-03-16T07:43:30.663+0000",6,1,0,0,NA,NA,NA,0,442,0,5,5,0,0,0,0,0,0,0,0,0,0,0,0,0,0,0,0,0,0,0,0,0,0,0,NA,NA,NA,"CD_I998147",FALSE,5,"Elise","O'Dea","home","Melbourne"
"CD_M20192640702","2019-03-16T05:45:00.000+0000","CONCLUDED","2019 NAB AFLW Season","Round 7",7,"Casey Fields","Melbourne","Melbourne","Adelaide Crows","Adelaide Crows",1,"https://s.afl.com.au/staticfile/AFL Tenant/AFL/Players/ChampIDImages/AFLW/2019264/1010659.png?im=Scale,width=0.6,height=0.6","FF","CD_I1010659",FALSE,1,"Tegan","Cunningham","CD_T7386",NA,94,0,0,NA,5,5,10,6,0,3,6,6,12,1,1,3,0,0,70,1,2,1,54,0,0,0,0,NA,"2019-03-16T07:43:30.663+0000",4,2,0,0,NA,NA,NA,0,70,0,0,0,0,0,0,0,0,0,0,0,0,0,0,0,0,0,0,0,0,0,0,0,0,0,0,NA,NA,NA,"CD_I1010659",FALSE,1,"Tegan","Cunningham","home","Melbourne"
"CD_M20192640702","2019-03-16T05:45:00.000+0000","CONCLUDED","2019 NAB AFLW Season","Round 7",7,"Casey Fields","Melbourne","Melbourne","Adelaide Crows","Adelaide Crows",35,"https://s.afl.com.au/staticfile/AFL Tenant/AFL/Players/ChampIDImages/AFLW/2019264/1007153.png?im=Scale,width=0.6,height=0.6","INT","CD_I1007153",FALSE,35,"Catherine","Phillips","CD_T7386",NA,77,0,0,NA,3,7,10,1,0,2,4,7,11,1,0,0,0,0,70,2,2,1,33,0,0,0,0,NA,"2019-03-16T07:43:30.663+0000",4,3,0,0,NA,NA,NA,0,91,0,0,0,0,0,0,0,0,0,0,0,0,0,0,0,0,0,0,0,0,0,0,0,0,0,0,NA,NA,NA,"CD_I1007153",FALSE,35,"Catherine","Phillips","home","Melbourne"
"CD_M20192640702","2019-03-16T05:45:00.000+0000","CONCLUDED","2019 NAB AFLW Season","Round 7",7,"Casey Fields","Melbourne","Melbourne","Adelaide Crows","Adelaide Crows",22,"https://s.afl.com.au/staticfile/AFL Tenant/AFL/Players/ChampIDImages/AFLW/2019264/1009888.png?im=Scale,width=0.6,height=0.6","INT","CD_I1009888",FALSE,22,"Madeline","Guerin","CD_T7386",NA,51,0,0,NA,3,1,4,1,0,4,2,1,3,2,0,1,0,0,75,2,0,1,27,2,0,0,0,NA,"2019-03-16T07:43:30.663+0000",2,2,1,0,NA,NA,NA,0,141,0,1,1,0,0,0,0,0,0,0,0,0,0,0,0,0,0,0,0,0,0,0,0,0,0,0,NA,NA,NA,"CD_I1009888",FALSE,22,"Madeline","Guerin","home","Melbourne"
"CD_M20192640702","2019-03-16T05:45:00.000+0000","CONCLUDED","2019 NAB AFLW Season","Round 7",7,"Casey Fields","Melbourne","Melbourne","Adelaide Crows","Adelaide Crows",14,"https://s.afl.com.au/staticfile/AFL Tenant/AFL/Players/ChampIDImages/AFLW/2019264/997708.png?im=Scale,width=0.6,height=0.6","RR","CD_I997708",FALSE,14,"Lily","Mithen","CD_T7386",NA,79,0,0,NA,11,5,16,4,1,6,6,9,15,1,0,0,0,0,56.3,5,1,1,77,3,0,0,0,NA,"2019-03-16T07:43:30.663+0000",3,4,1,0,NA,NA,NA,0,185,1,0,1,0,0,0,0,0,0,0,0,0,0,0,0,0,0,0,0,0,0,0,0,0,0,0,NA,NA,NA,"CD_I997708",FALSE,14,"Lily","Mithen","home","Melbourne"
"CD_M20192640702","2019-03-16T05:45:00.000+0000","CONCLUDED","2019 NAB AFLW Season","Round 7",7,"Casey Fields","Melbourne","Melbourne","Adelaide Crows","Adelaide Crows",28,"https://s.afl.com.au/staticfile/AFL Tenant/AFL/Players/ChampIDImages/AFLW/2019264/1009853.png?im=Scale,width=0.6,height=0.6","CHB","CD_I1009853",FALSE,28,"Tyla","Hanks","CD_T7386",NA,74,0,0,NA,2,3,5,1,0,0,2,4,6,1,0,0,0,1,80,0,0,0,15,0,0,0,0,NA,"2019-03-16T07:43:30.663+0000",0,1,0,0,NA,NA,NA,1,78,0,0,0,0,0,0,0,0,0,0,0,0,0,0,0,0,0,0,0,0,0,0,0,0,0,0,NA,NA,NA,"CD_I1009853",FALSE,28,"Tyla","Hanks","home","Melbourne"
"CD_M20192640702","2019-03-16T05:45:00.000+0000","CONCLUDED","2019 NAB AFLW Season","Round 7",7,"Casey Fields","Melbourne","Melbourne","Adelaide Crows","Adelaide Crows",7,"https://s.afl.com.au/staticfile/AFL Tenant/AFL/Players/ChampIDImages/AFLW/2019264/296158.png?im=Scale,width=0.6,height=0.6","INT","CD_I296158",FALSE,7,"Bianca","Jakobsson","CD_T7386",NA,54,0,0,NA,2,2,4,0,0,2,2,2,4,1,0,0,0,2,75,1,1,0,19,1,0,0,0,NA,"2019-03-16T07:43:30.663+0000",1,2,0,0,NA,NA,NA,0,12,0,0,0,0,0,0,0,0,0,0,0,0,0,0,0,0,0,0,0,0,0,0,0,0,0,0,NA,NA,NA,"CD_I296158",FALSE,7,"Bianca","Jakobsson","home","Melbourne"
"CD_M20192640702","2019-03-16T05:45:00.000+0000","CONCLUDED","2019 NAB AFLW Season","Round 7",7,"Casey Fields","Melbourne","Melbourne","Adelaide Crows","Adelaide Crows",36,"https://s.afl.com.au/staticfile/AFL Tenant/AFL/Players/ChampIDImages/AFLW/2019264/1005866.png?im=Scale,width=0.6,height=0.6","INT","CD_I1005866",FALSE,36,"Ainslie","Kemp","CD_T7386",NA,45,0,0,NA,0,3,3,0,0,2,2,2,4,1,0,0,0,0,66.7,0,0,0,14,0,0,0,0,NA,"2019-03-16T07:43:30.663+0000",1,1,1,0,NA,NA,NA,0,-8,0,0,0,0,0,0,0,0,0,0,0,0,0,0,0,0,0,0,0,0,0,0,0,0,0,0,NA,NA,NA,"CD_I1005866",FALSE,36,"Ainslie","Kemp","home","Melbourne"
"CD_M20192640702","2019-03-16T05:45:00.000+0000","CONCLUDED","2019 NAB AFLW Season","Round 7",7,"Casey Fields","Melbourne","Melbourne","Adelaide Crows","Adelaide Crows",21,"https://s.afl.com.au/staticfile/AFL Tenant/AFL/Players/ChampIDImages/AFLW/2019264/1007152.png?im=Scale,width=0.6,height=0.6","FB","CD_I1007152",FALSE,21,"Harriet","Cordner","CD_T7386",NA,94,0,0,NA,11,8,19,7,2,1,9,12,21,2,0,2,0,4,73.7,3,1,1,72,3,0,0,0,NA,"2019-03-16T07:43:30.663+0000",6,10,0,0,NA,NA,NA,0,297,0,0,0,0,0,0,0,0,0,0,0,0,0,0,0,0,0,0,0,0,0,0,0,0,0,0,NA,NA,NA,"CD_I1007152",FALSE,21,"Harriet","Cordner","home","Melbourne"
"CD_M20192640702","2019-03-16T05:45:00.000+0000","CONCLUDED","2019 NAB AFLW Season","Round 7",7,"Casey Fields","Melbourne","Melbourne","Adelaide Crows","Adelaide Crows",15,"https://s.afl.com.au/staticfile/AFL Tenant/AFL/Players/ChampIDImages/AFLW/2019264/1005863.png?im=Scale,width=0.6,height=0.6","RK","CD_I1005863",FALSE,15,"Lauren","Pearce","CD_T7386",NA,63,0,0,NA,1,6,7,0,0,1,5,2,7,1,0,0,14,0,28.6,1,0,1,30,0,0,0,0,NA,"2019-03-16T07:43:30.663+0000",0,1,0,0,NA,NA,NA,0,3,0,1,1,0,0,0,0,0,0,0,0,0,0,0,0,0,0,0,0,0,0,0,0,0,0,0,NA,NA,NA,"CD_I1005863",FALSE,15,"Lauren","Pearce","home","Melbourne"
"CD_M20192640702","2019-03-16T05:45:00.000+0000","CONCLUDED","2019 NAB AFLW Season","Round 7",7,"Casey Fields","Melbourne","Melbourne","Adelaide Crows","Adelaide Crows",29,"https://s.afl.com.au/staticfile/AFL Tenant/AFL/Players/ChampIDImages/AFLW/2019264/1009764.png?im=Scale,width=0.6,height=0.6","FPL","CD_I1009764",FALSE,29,"Eden","Zanker","CD_T7386",NA,69,0,0,NA,3,1,4,2,0,5,2,2,4,1,0,0,14,0,50,1,0,1,48,0,0,0,0,NA,"2019-03-16T07:43:30.663+0000",1,1,2,0,NA,NA,NA,0,89,0,1,1,0,0,0,0,0,0,0,0,0,0,0,0,0,0,0,0,0,0,0,0,0,0,0,NA,NA,NA,"CD_I1009764",FALSE,29,"Eden","Zanker","home","Melbourne"
"CD_M20192640702","2019-03-16T05:45:00.000+0000","CONCLUDED","2019 NAB AFLW Season","Round 7",7,"Casey Fields","Melbourne","Melbourne","Adelaide Crows","Adelaide Crows",8,"https://s.afl.com.au/staticfile/AFL Tenant/AFL/Players/ChampIDImages/AFLW/2019264/1007011.png?im=Scale,width=0.6,height=0.6","HBFL","CD_I1007011",FALSE,8,"Sarah","Lampard","CD_T7386",NA,84,0,0,NA,3,8,11,2,0,4,4,7,11,0,0,0,0,1,54.5,3,0,0,47,2,0,0,0,NA,"2019-03-16T07:43:30.663+0000",2,5,0,0,NA,NA,NA,0,131,0,0,0,0,0,0,0,0,0,0,0,0,0,0,0,0,0,0,0,0,0,0,0,0,0,0,NA,NA,NA,"CD_I1007011",FALSE,8,"Sarah","Lampard","home","Melbourne"
"CD_M20192640702","2019-03-16T05:45:00.000+0000","CONCLUDED","2019 NAB AFLW Season","Round 7",7,"Casey Fields","Melbourne","Melbourne","Adelaide Crows","Adelaide Crows",3,"https://s.afl.com.au/staticfile/AFL Tenant/AFL/Players/ChampIDImages/AFLW/2019264/1009976.png?im=Scale,width=0.6,height=0.6","HFFL","CD_I1009976",FALSE,3,"Maddison","Gay","CD_T7386",NA,70,0,0,NA,7,8,15,1,0,5,8,8,16,1,0,1,0,2,60,6,1,1,58,2,0,0,0,NA,"2019-03-16T07:43:30.663+0000",6,2,1,0,NA,NA,NA,0,156,0,1,1,0,0,0,0,0,0,0,0,0,0,0,0,0,0,0,0,0,0,0,0,0,0,0,NA,NA,NA,"CD_I1009976",FALSE,3,"Maddison","Gay","home","Melbourne"
"CD_M20192640702","2019-03-16T05:45:00.000+0000","CONCLUDED","2019 NAB AFLW Season","Round 7",7,"Casey Fields","Melbourne","Melbourne","Adelaide Crows","Adelaide Crows",11,"https://s.afl.com.au/staticfile/AFL Tenant/AFL/Players/ChampIDImages/AFLW/2019264/1012560.png?im=Scale,width=0.6,height=0.6","HBFR","CD_I1012560",FALSE,11,"Chantel","Emonson","CD_T7386",NA,95,1,0,NA,13,1,14,1,0,5,3,3,6,3,0,0,0,2,71.4,3,1,0,71,5,0,100,0,NA,"2019-03-16T07:43:30.663+0000",7,3,0,1,NA,NA,NA,1,417,0,0,0,0,0,0,0,0,0,0,0,0,0,0,0,0,0,0,0,0,0,0,0,0,0,0,NA,NA,NA,"CD_I1012560",FALSE,11,"Chantel","Emonson","home","Melbourne"
"CD_M20192640702","2019-03-16T05:45:00.000+0000","CONCLUDED","2019 NAB AFLW Season","Round 7",7,"Casey Fields","Melbourne","Melbourne","Adelaide Crows","Adelaide Crows",16,"https://s.afl.com.au/staticfile/AFL Tenant/AFL/Players/ChampIDImages/AFLW/2019264/1007151.png?im=Scale,width=0.6,height=0.6","FPR","CD_I1007151",FALSE,16,"Aliesha","Newman","CD_T7386",NA,71,0,0,NA,2,4,6,3,0,2,2,4,6,1,0,0,0,1,66.7,2,0,1,28,0,0,0,0,NA,"2019-03-16T07:43:30.663+0000",2,0,0,0,NA,NA,NA,1,25,0,0,0,0,0,0,0,0,0,0,0,0,0,0,0,0,0,0,0,0,0,0,0,0,0,0,NA,NA,NA,"CD_I1007151",FALSE,16,"Aliesha","Newman","home","Melbourne"
"CD_M20192640702","2019-03-16T05:45:00.000+0000","CONCLUDED","2019 NAB AFLW Season","Round 7",7,"Casey Fields","Melbourne","Melbourne","Adelaide Crows","Adelaide Crows",4,"https://s.afl.com.au/staticfile/AFL Tenant/AFL/Players/ChampIDImages/AFLW/2019264/998149.png?im=Scale,width=0.6,height=0.6","R","CD_I998149",FALSE,4,"Karen","Paxman","CD_T7386",NA,94,0,0,NA,13,4,17,2,1,5,9,11,20,3,0,0,0,0,64.7,6,2,3,66,2,0,0,0,NA,"2019-03-16T07:43:30.663+0000",8,4,0,0,NA,NA,NA,0,412,1,3,4,0,0,0,0,0,0,0,0,0,0,0,0,0,0,0,0,0,0,0,0,0,0,0,NA,NA,NA,"CD_I998149",FALSE,4,"Karen","Paxman","home","Melbourne"
"CD_M20192640702","2019-03-16T05:45:00.000+0000","CONCLUDED","2019 NAB AFLW Season","Round 7",7,"Casey Fields","Melbourne","Melbourne","Adelaide Crows","Adelaide Crows",12,"https://s.afl.com.au/staticfile/AFL Tenant/AFL/Players/ChampIDImages/AFLW/2019264/1007028.png?im=Scale,width=0.6,height=0.6","HFFR","CD_I1007028",FALSE,12,"Shelley","Scott","CD_T7386",NA,98,0,0,NA,3,3,6,3,0,5,1,5,6,0,0,1,0,0,66.7,1,0,1,41,0,0,0,0,NA,"2019-03-16T07:43:30.663+0000",1,0,1,0,NA,NA,NA,0,26,0,0,0,0,0,0,0,0,0,0,0,0,0,0,0,0,0,0,0,0,0,0,0,0,0,0,NA,NA,NA,"CD_I1007028",FALSE,12,"Shelley","Scott","home","Melbourne"
"CD_M20192640702","2019-03-16T05:45:00.000+0000","CONCLUDED","2019 NAB AFLW Season","Round 7",7,"Casey Fields","Melbourne","Melbourne","Adelaide Crows","Adelaide Crows",24,"https://s.afl.com.au/staticfile/AFL Tenant/AFL/Players/ChampIDImages/AFLW/2019264/1011127.png?im=Scale,width=0.6,height=0.6","RK","CD_I1011127",FALSE,24,"Jessica","Foley","CD_T8098",NA,83,2,0,NA,10,5,15,2,0,6,9,4,13,1,1,0,16,1,73.3,3,3,1,98,1,0,100,0,NA,"2019-03-16T07:43:30.663+0000",3,4,1,2,NA,NA,NA,4,238,1,4,5,0,0,0,0,0,0,0,0,0,0,0,0,0,0,0,0,0,0,0,0,0,0,0,NA,NA,NA,"CD_I1011127",FALSE,24,"Jessica","Foley","away","Adelaide Crows"
"CD_M20192640702","2019-03-16T05:45:00.000+0000","CONCLUDED","2019 NAB AFLW Season","Round 7",7,"Casey Fields","Melbourne","Melbourne","Adelaide Crows","Adelaide Crows",33,"https://s.afl.com.au/staticfile/AFL Tenant/AFL/Players/ChampIDImages/AFLW/2019264/1005269.png?im=Scale,width=0.6,height=0.6","RR","CD_I1005269",FALSE,33,"Anne","Hatchard","CD_T8098",NA,45,0,0,NA,2,6,8,1,0,2,5,4,9,0,0,0,0,1,50,1,0,0,29,0,0,0,0,NA,"2019-03-16T07:43:30.663+0000",1,1,0,0,NA,NA,NA,0,42,1,1,2,0,0,0,0,0,0,0,0,0,0,0,0,0,0,0,0,0,0,0,0,0,0,0,NA,NA,NA,"CD_I1005269",FALSE,33,"Anne","Hatchard","away","Adelaide Crows"
"CD_M20192640702","2019-03-16T05:45:00.000+0000","CONCLUDED","2019 NAB AFLW Season","Round 7",7,"Casey Fields","Melbourne","Melbourne","Adelaide Crows","Adelaide Crows",26,"https://s.afl.com.au/staticfile/AFL Tenant/AFL/Players/ChampIDImages/AFLW/2019264/998044.png?im=Scale,width=0.6,height=0.6","CHF","CD_I998044",FALSE,26,"Chelsea","Randall","CD_T8098",NA,80,0,0,NA,7,4,11,2,0,0,7,4,11,0,1,0,0,3,45.5,5,0,2,29,3,0,0,0,NA,"2019-03-16T07:43:30.663+0000",5,10,0,0,NA,NA,NA,1,146,0,0,0,0,0,0,0,0,0,0,0,0,0,0,0,0,0,0,0,0,0,0,0,0,0,0,NA,NA,NA,"CD_I998044",FALSE,26,"Chelsea","Randall","away","Adelaide Crows"
"CD_M20192640702","2019-03-16T05:45:00.000+0000","CONCLUDED","2019 NAB AFLW Season","Round 7",7,"Casey Fields","Melbourne","Melbourne","Adelaide Crows","Adelaide Crows",3,"https://s.afl.com.au/staticfile/AFL Tenant/AFL/Players/ChampIDImages/AFLW/2019264/1005378.png?im=Scale,width=0.6,height=0.6","R","CD_I1005378",FALSE,3,"Angela","Foley","CD_T8098",NA,91,0,0,NA,5,5,10,0,0,0,3,7,10,1,0,0,0,0,60,2,0,1,22,1,1,0,0,NA,"2019-03-16T07:43:30.663+0000",4,2,0,0,NA,NA,NA,1,218,1,0,1,0,0,0,0,0,0,0,0,0,0,0,0,0,0,0,0,0,0,0,0,0,0,0,NA,NA,NA,"CD_I1005378",FALSE,3,"Angela","Foley","away","Adelaide Crows"
"CD_M20192640702","2019-03-16T05:45:00.000+0000","CONCLUDED","2019 NAB AFLW Season","Round 7",7,"Casey Fields","Melbourne","Melbourne","Adelaide Crows","Adelaide Crows",5,"https://s.afl.com.au/staticfile/AFL Tenant/AFL/Players/ChampIDImages/AFLW/2019264/1005641.png?im=Scale,width=0.6,height=0.6","INT","CD_I1005641",FALSE,5,"Jenna","McCormick","CD_T8098",NA,72,0,0,NA,10,0,10,5,0,1,1,10,11,3,0,0,0,2,70,2,0,0,49,1,2,0,0,NA,"2019-03-16T07:43:30.663+0000",1,1,0,0,NA,NA,NA,3,212,0,0,0,0,0,0,0,0,0,0,0,0,0,0,0,0,0,0,0,0,0,0,0,0,0,0,NA,NA,NA,"CD_I1005641",FALSE,5,"Jenna","McCormick","away","Adelaide Crows"
"CD_M20192640702","2019-03-16T05:45:00.000+0000","CONCLUDED","2019 NAB AFLW Season","Round 7",7,"Casey Fields","Melbourne","Melbourne","Adelaide Crows","Adelaide Crows",15,"https://s.afl.com.au/staticfile/AFL Tenant/AFL/Players/ChampIDImages/AFLW/2019264/1009794.png?im=Scale,width=0.6,height=0.6","INT","CD_I1009794",FALSE,15,"Danielle","Ponter","CD_T8098",NA,64,1,0,NA,3,2,5,1,0,1,2,2,4,1,0,1,0,2,60,1,0,0,26,0,0,100,0,NA,"2019-03-16T07:43:30.663+0000",1,1,1,1,NA,NA,NA,1,66,0,0,0,0,0,0,0,0,0,0,0,0,0,0,0,0,0,0,0,0,0,0,0,0,0,0,NA,NA,NA,"CD_I1009794",FALSE,15,"Danielle","Ponter","away","Adelaide Crows"
"CD_M20192640702","2019-03-16T05:45:00.000+0000","CONCLUDED","2019 NAB AFLW Season","Round 7",7,"Casey Fields","Melbourne","Melbourne","Adelaide Crows","Adelaide Crows",13,"https://s.afl.com.au/staticfile/AFL Tenant/AFL/Players/ChampIDImages/AFLW/2019264/1007129.png?im=Scale,width=0.6,height=0.6","FF","CD_I1007129",FALSE,13,"Erin","Phillips","CD_T8098",NA,92,0,3,NA,14,8,22,3,0,3,11,13,24,4,1,0,0,0,54.5,1,2,1,81,0,0,0,0,NA,"2019-03-16T07:43:30.663+0000",2,1,1,4,NA,NA,NA,6,431,2,7,9,0,0,0,0,0,0,0,0,0,0,0,0,0,0,0,0,0,0,0,0,0,0,0,NA,NA,NA,"CD_I1007129",FALSE,13,"Erin","Phillips","away","Adelaide Crows"
"CD_M20192640702","2019-03-16T05:45:00.000+0000","CONCLUDED","2019 NAB AFLW Season","Round 7",7,"Casey Fields","Melbourne","Melbourne","Adelaide Crows","Adelaide Crows",22,"https://s.afl.com.au/staticfile/AFL Tenant/AFL/Players/ChampIDImages/AFLW/2019264/998046.png?im=Scale,width=0.6,height=0.6","BPR","CD_I998046",FALSE,22,"Courtney","Cramey","CD_T8098",NA,79,1,0,NA,13,5,18,2,0,1,6,11,17,2,0,0,0,0,77.8,4,4,2,63,2,0,100,0,NA,"2019-03-16T07:43:30.663+0000",5,6,0,1,NA,NA,NA,2,288,0,1,1,0,0,0,0,0,0,0,0,0,0,0,0,0,0,0,0,0,0,0,0,0,0,0,NA,NA,NA,"CD_I998046",FALSE,22,"Courtney","Cramey","away","Adelaide Crows"
"CD_M20192640702","2019-03-16T05:45:00.000+0000","CONCLUDED","2019 NAB AFLW Season","Round 7",7,"Casey Fields","Melbourne","Melbourne","Adelaide Crows","Adelaide Crows",16,"https://s.afl.com.au/staticfile/AFL Tenant/AFL/Players/ChampIDImages/AFLW/2019264/1013947.png?im=Scale,width=0.6,height=0.6","INT","CD_I1013947",FALSE,16,"Ailish","Considine","CD_T8098",NA,60,2,1,NA,7,0,7,2,0,1,0,6,6,0,0,0,0,0,28.6,2,0,1,41,0,0,40,0,NA,"2019-03-16T07:43:30.663+0000",2,1,1,5,NA,NA,NA,3,118,0,1,1,0,0,0,0,0,0,0,0,0,0,0,0,0,0,0,0,0,0,0,0,0,0,0,NA,NA,NA,"CD_I1013947",FALSE,16,"Ailish","Considine","away","Adelaide Crows"
"CD_M20192640702","2019-03-16T05:45:00.000+0000","CONCLUDED","2019 NAB AFLW Season","Round 7",7,"Casey Fields","Melbourne","Melbourne","Adelaide Crows","Adelaide Crows",27,"https://s.afl.com.au/staticfile/AFL Tenant/AFL/Players/ChampIDImages/AFLW/2019264/998045.png?im=Scale,width=0.6,height=0.6","INT","CD_I998045",FALSE,27,"Renee","Forth","CD_T8098",NA,68,0,1,NA,6,4,10,2,0,3,4,8,12,3,0,0,0,1,50,3,0,2,39,1,0,0,0,NA,"2019-03-16T07:43:30.663+0000",3,1,0,1,NA,NA,NA,2,131,0,0,0,0,0,0,0,0,0,0,0,0,0,0,0,0,0,0,0,0,0,0,0,0,0,0,NA,NA,NA,"CD_I998045",FALSE,27,"Renee","Forth","away","Adelaide Crows"
"CD_M20192640702","2019-03-16T05:45:00.000+0000","CONCLUDED","2019 NAB AFLW Season","Round 7",7,"Casey Fields","Melbourne","Melbourne","Adelaide Crows","Adelaide Crows",39,"https://s.afl.com.au/staticfile/AFL Tenant/AFL/Players/ChampIDImages/AFLW/2019264/1005285.png?im=Scale,width=0.6,height=0.6","FB","CD_I1005285",FALSE,39,"Sarah","Allan","CD_T8098",NA,92,0,0,NA,5,2,7,2,0,2,4,2,6,0,0,1,0,2,85.7,0,0,0,33,3,0,0,0,NA,"2019-03-16T07:43:30.663+0000",2,3,0,0,NA,NA,NA,0,88,1,0,1,0,0,0,0,0,0,0,0,0,0,0,0,0,0,0,0,0,0,0,0,0,0,0,NA,NA,NA,"CD_I1005285",FALSE,39,"Sarah","Allan","away","Adelaide Crows"
"CD_M20192640702","2019-03-16T05:45:00.000+0000","CONCLUDED","2019 NAB AFLW Season","Round 7",7,"Casey Fields","Melbourne","Melbourne","Adelaide Crows","Adelaide Crows",23,"https://s.afl.com.au/staticfile/AFL Tenant/AFL/Players/ChampIDImages/AFLW/2019264/1005955.png?im=Scale,width=0.6,height=0.6","HBFR","CD_I1005955",FALSE,23,"Justine","Mules","CD_T8098",NA,80,0,0,NA,5,3,8,3,0,5,4,4,8,2,0,1,0,0,75,2,1,1,48,1,0,0,0,NA,"2019-03-16T07:43:30.663+0000",3,2,1,0,NA,NA,NA,0,131,0,0,0,0,0,0,0,0,0,0,0,0,0,0,0,0,0,0,0,0,0,0,0,0,0,0,NA,NA,NA,"CD_I1005955",FALSE,23,"Justine","Mules","away","Adelaide Crows"
"CD_M20192640702","2019-03-16T05:45:00.000+0000","CONCLUDED","2019 NAB AFLW Season","Round 7",7,"Casey Fields","Melbourne","Melbourne","Adelaide Crows","Adelaide Crows",4,"https://s.afl.com.au/staticfile/AFL Tenant/AFL/Players/ChampIDImages/AFLW/2019264/1007342.png?im=Scale,width=0.6,height=0.6","FPL","CD_I1007342",FALSE,4,"Chloe","Scheer","CD_T8098",NA,67,1,3,NA,7,4,11,2,0,2,5,6,11,2,1,0,0,1,54.5,2,1,0,53,0,0,25,0,NA,"2019-03-16T07:43:30.663+0000",2,4,0,4,NA,NA,NA,7,162,0,1,1,0,0,0,0,0,0,0,0,0,0,0,0,0,0,0,0,0,0,0,0,0,0,0,NA,NA,NA,"CD_I1007342",FALSE,4,"Chloe","Scheer","away","Adelaide Crows"
"CD_M20192640702","2019-03-16T05:45:00.000+0000","CONCLUDED","2019 NAB AFLW Season","Round 7",7,"Casey Fields","Melbourne","Melbourne","Adelaide Crows","Adelaide Crows",31,"https://s.afl.com.au/staticfile/AFL Tenant/AFL/Players/ChampIDImages/AFLW/2019264/1005956.png?im=Scale,width=0.6,height=0.6","BPL","CD_I1005956",FALSE,31,"Dayna","Cox","CD_T8098",NA,80,0,0,NA,3,6,9,2,1,3,7,3,10,1,0,0,0,0,66.7,2,1,1,37,1,0,0,0,NA,"2019-03-16T07:43:30.663+0000",2,6,0,0,NA,NA,NA,1,77,0,1,1,0,0,0,0,0,0,0,0,0,0,0,0,0,0,0,0,0,0,0,0,0,0,0,NA,NA,NA,"CD_I1005956",FALSE,31,"Dayna","Cox","away","Adelaide Crows"
"CD_M20192640702","2019-03-16T05:45:00.000+0000","CONCLUDED","2019 NAB AFLW Season","Round 7",7,"Casey Fields","Melbourne","Melbourne","Adelaide Crows","Adelaide Crows",2,"https://s.afl.com.au/staticfile/AFL Tenant/AFL/Players/ChampIDImages/AFLW/2019264/1005258.png?im=Scale,width=0.6,height=0.6","HFFL","CD_I1005258",FALSE,2,"Eloise","Jones","CD_T8098",NA,80,0,0,NA,4,4,8,1,0,4,5,2,7,4,0,0,0,0,75,1,0,1,36,1,1,0,0,NA,"2019-03-16T07:43:30.663+0000",4,4,3,1,NA,NA,NA,2,138,0,0,0,0,0,0,0,0,0,0,0,0,0,0,0,0,0,0,0,0,0,0,0,0,0,0,NA,NA,NA,"CD_I1005258",FALSE,2,"Eloise","Jones","away","Adelaide Crows"
"CD_M20192640702","2019-03-16T05:45:00.000+0000","CONCLUDED","2019 NAB AFLW Season","Round 7",7,"Casey Fields","Melbourne","Melbourne","Adelaide Crows","Adelaide Crows",10,"https://s.afl.com.au/staticfile/AFL Tenant/AFL/Players/ChampIDImages/AFLW/2019264/1005279.png?im=Scale,width=0.6,height=0.6","C","CD_I1005279",FALSE,10,"Ebony","Marinoff","CD_T8098",NA,79,1,0,NA,9,10,19,0,0,8,16,2,18,1,0,0,0,0,84.2,2,2,1,84,2,0,100,0,NA,"2019-03-16T07:43:30.663+0000",4,4,2,1,NA,NA,NA,4,263,1,6,7,0,0,0,0,0,0,0,0,0,0,0,0,0,0,0,0,0,0,0,0,0,0,0,NA,NA,NA,"CD_I1005279",FALSE,10,"Ebony","Marinoff","away","Adelaide Crows"
"CD_M20192640702","2019-03-16T05:45:00.000+0000","CONCLUDED","2019 NAB AFLW Season","Round 7",7,"Casey Fields","Melbourne","Melbourne","Adelaide Crows","Adelaide Crows",19,"https://s.afl.com.au/staticfile/AFL Tenant/AFL/Players/ChampIDImages/AFLW/2019264/1007356.png?im=Scale,width=0.6,height=0.6","INT","CD_I1007356",FALSE,19,"Sophie","Li","CD_T8098",NA,62,0,0,NA,1,4,5,1,0,5,2,3,5,0,0,0,0,0,80,4,0,2,28,0,0,0,0,NA,"2019-03-16T07:43:30.663+0000",1,2,1,0,NA,NA,NA,0,8,0,0,0,0,0,0,0,0,0,0,0,0,0,0,0,0,0,0,0,0,0,0,0,0,0,0,NA,NA,NA,"CD_I1007356",FALSE,19,"Sophie","Li","away","Adelaide Crows"
"CD_M20192640702","2019-03-16T05:45:00.000+0000","CONCLUDED","2019 NAB AFLW Season","Round 7",7,"Casey Fields","Melbourne","Melbourne","Adelaide Crows","Adelaide Crows",14,"https://s.afl.com.au/staticfile/AFL Tenant/AFL/Players/ChampIDImages/AFLW/2019264/1005386.png?im=Scale,width=0.6,height=0.6","FPR","CD_I1005386",FALSE,14,"Stevie-Lee","Thompson","CD_T8098",NA,80,1,0,NA,5,3,8,1,0,2,4,4,8,3,0,0,0,1,75,0,2,0,40,0,2,50,0,NA,"2019-03-16T07:43:30.663+0000",1,3,1,2,NA,NA,NA,4,224,0,0,0,0,0,0,0,0,0,0,0,0,0,0,0,0,0,0,0,0,0,0,0,0,0,0,NA,NA,NA,"CD_I1005386",FALSE,14,"Stevie-Lee","Thompson","away","Adelaide Crows"
"CD_M20192640702","2019-03-16T05:45:00.000+0000","CONCLUDED","2019 NAB AFLW Season","Round 7",7,"Casey Fields","Melbourne","Melbourne","Adelaide Crows","Adelaide Crows",9,"https://s.afl.com.au/staticfile/AFL Tenant/AFL/Players/ChampIDImages/AFLW/2019264/1005251.png?im=Scale,width=0.6,height=0.6","HBFL","CD_I1005251",FALSE,9,"Deni","Varnhagen","CD_T8098",NA,75,1,0,NA,8,2,10,2,0,3,1,8,9,2,1,0,0,3,40,0,0,0,52,1,0,100,0,NA,"2019-03-16T07:43:30.663+0000",4,2,1,1,NA,NA,NA,1,254,0,0,0,0,0,0,0,0,0,0,0,0,0,0,0,0,0,0,0,0,0,0,0,0,0,0,NA,NA,NA,"CD_I1005251",FALSE,9,"Deni","Varnhagen","away","Adelaide Crows"
"CD_M20192640702","2019-03-16T05:45:00.000+0000","CONCLUDED","2019 NAB AFLW Season","Round 7",7,"Casey Fields","Melbourne","Melbourne","Adelaide Crows","Adelaide Crows",6,"https://s.afl.com.au/staticfile/AFL Tenant/AFL/Players/ChampIDImages/AFLW/2019264/1011092.png?im=Scale,width=0.6,height=0.6","HFFR","CD_I1011092",FALSE,6,"Hannah","Martin","CD_T8098",NA,81,0,0,NA,3,3,6,2,0,2,5,2,7,4,0,0,0,0,83.3,2,0,1,26,1,0,0,0,NA,"2019-03-16T07:43:30.663+0000",2,0,1,0,NA,NA,NA,2,136,0,1,1,0,0,0,0,0,0,0,0,0,0,0,0,0,0,0,0,0,0,0,0,0,0,0,NA,NA,NA,"CD_I1011092",FALSE,6,"Hannah","Martin","away","Adelaide Crows"
"CD_M20192640702","2019-03-16T05:45:00.000+0000","CONCLUDED","2019 NAB AFLW Season","Round 7",7,"Casey Fields","Melbourne","Melbourne","Adelaide Crows","Adelaide Crows",32,"https://s.afl.com.au/staticfile/AFL Tenant/AFL/Players/ChampIDImages/AFLW/2019264/1007574.png?im=Scale,width=0.6,height=0.6","CHB","CD_I1007574",FALSE,32,"Marijana","Rajcic","CD_T8098",NA,89,0,0,NA,8,1,9,3,0,0,2,7,9,0,0,0,0,1,88.9,2,0,0,35,3,0,0,0,NA,"2019-03-16T07:43:30.663+0000",2,4,0,0,NA,NA,NA,0,179,0,0,0,0,0,0,0,0,0,0,0,0,0,0,0,0,0,0,0,0,0,0,0,0,0,0,NA,NA,NA,"CD_I1007574",FALSE,32,"Marijana","Rajcic","away","Adelaide Crows"
"CD_M20192640703","2019-03-16T08:10:00.000+0000","CONCLUDED","2019 NAB AFLW Season","Round 7",7,"Fremantle Oval","Fremantle","Fremantle","North Melbourne","North Melbourne",12,"https://s.afl.com.au/staticfile/AFL Tenant/AFL/Players/ChampIDImages/AFLW/2019264/1001682.png?im=Scale,width=0.6,height=0.6","CHF","CD_I1001682",FALSE,12,"Ebony","Antonio","CD_T7886",NA,81,0,0,NA,11,0,11,5,0,2,5,6,11,2,0,1,0,5,81.8,1,1,0,57,3,0,0,0,NA,"2019-03-16T10:04:34.953+0000",2,7,0,0,NA,NA,NA,1,310,0,2,2,0,0,0,0,0,0,0,0,0,0,0,0,0,0,0,0,0,0,0,0,0,0,0,NA,NA,NA,"CD_I1001682",FALSE,12,"Ebony","Antonio","home","Fremantle"
"CD_M20192640703","2019-03-16T08:10:00.000+0000","CONCLUDED","2019 NAB AFLW Season","Round 7",7,"Fremantle Oval","Fremantle","Fremantle","North Melbourne","North Melbourne",10,"https://s.afl.com.au/staticfile/AFL Tenant/AFL/Players/ChampIDImages/AFLW/2019264/998152.png?im=Scale,width=0.6,height=0.6","INT","CD_I998152",FALSE,10,"Melissa","Caulfield","CD_T7886",NA,70,0,0,NA,11,6,17,2,0,1,7,9,16,5,0,0,0,1,64.7,1,1,0,56,1,0,0,0,NA,"2019-03-16T10:04:34.953+0000",3,6,0,0,NA,NA,NA,3,330,0,1,1,0,0,0,0,0,0,0,0,0,0,0,0,0,0,0,0,0,0,0,0,0,0,0,NA,NA,NA,"CD_I998152",FALSE,10,"Melissa","Caulfield","home","Fremantle"
"CD_M20192640703","2019-03-16T08:10:00.000+0000","CONCLUDED","2019 NAB AFLW Season","Round 7",7,"Fremantle Oval","Fremantle","Fremantle","North Melbourne","North Melbourne",18,"https://s.afl.com.au/staticfile/AFL Tenant/AFL/Players/ChampIDImages/AFLW/2019264/1012248.png?im=Scale,width=0.6,height=0.6","HBFR","CD_I1012248",FALSE,18,"Philipa","Seth","CD_T7886",NA,90,0,0,NA,6,1,7,0,0,1,3,4,7,2,0,0,0,4,71.4,1,0,0,24,1,0,0,0,NA,"2019-03-16T10:04:34.953+0000",1,4,0,0,NA,NA,NA,1,183,1,0,1,0,0,0,0,0,0,0,0,0,0,0,0,0,0,0,0,0,0,0,0,0,0,0,NA,NA,NA,"CD_I1012248",FALSE,18,"Philipa","Seth","home","Fremantle"
"CD_M20192640703","2019-03-16T08:10:00.000+0000","CONCLUDED","2019 NAB AFLW Season","Round 7",7,"Fremantle Oval","Fremantle","Fremantle","North Melbourne","North Melbourne",1,"https://s.afl.com.au/staticfile/AFL Tenant/AFL/Players/ChampIDImages/AFLW/2019264/1005416.png?im=Scale,width=0.6,height=0.6","FPR","CD_I1005416",FALSE,1,"Ashley","Sharp","CD_T7886",NA,76,2,0,NA,6,3,9,1,0,0,4,4,8,2,0,0,0,0,55.6,2,1,1,37,1,0,100,0,NA,"2019-03-16T10:04:34.953+0000",3,2,0,2,NA,NA,NA,3,108,0,0,0,0,0,0,0,0,0,0,0,0,0,0,0,0,0,0,0,0,0,0,0,0,0,0,NA,NA,NA,"CD_I1005416",FALSE,1,"Ashley","Sharp","home","Fremantle"
"CD_M20192640703","2019-03-16T08:10:00.000+0000","CONCLUDED","2019 NAB AFLW Season","Round 7",7,"Fremantle Oval","Fremantle","Fremantle","North Melbourne","North Melbourne",17,"https://s.afl.com.au/staticfile/AFL Tenant/AFL/Players/ChampIDImages/AFLW/2019264/998156.png?im=Scale,width=0.6,height=0.6","RR","CD_I998156",FALSE,17,"Dana","Hooker","CD_T7886",NA,76,0,0,NA,12,3,15,2,0,4,8,8,16,3,0,0,0,0,40,4,1,1,62,1,0,0,0,NA,"2019-03-16T10:04:34.953+0000",3,0,1,0,NA,NA,NA,2,246,2,2,4,0,0,0,0,0,0,0,0,0,0,0,0,0,0,0,0,0,0,0,0,0,0,0,NA,NA,NA,"CD_I998156",FALSE,17,"Dana","Hooker","home","Fremantle"
"CD_M20192640703","2019-03-16T08:10:00.000+0000","CONCLUDED","2019 NAB AFLW Season","Round 7",7,"Fremantle Oval","Fremantle","Fremantle","North Melbourne","North Melbourne",2,"https://s.afl.com.au/staticfile/AFL Tenant/AFL/Players/ChampIDImages/AFLW/2019264/998030.png?im=Scale,width=0.6,height=0.6","C","CD_I998030",FALSE,2,"Kiara","Bowers","CD_T7886",NA,84,0,0,NA,19,4,23,3,0,13,15,7,22,2,0,0,0,1,60.9,5,1,3,118,0,0,0,0,NA,"2019-03-16T10:04:34.953+0000",3,4,1,0,NA,NA,NA,3,196,1,6,7,0,0,0,0,0,0,0,0,0,0,0,0,0,0,0,0,0,0,0,0,0,0,0,NA,NA,NA,"CD_I998030",FALSE,2,"Kiara","Bowers","home","Fremantle"
"CD_M20192640703","2019-03-16T08:10:00.000+0000","CONCLUDED","2019 NAB AFLW Season","Round 7",7,"Fremantle Oval","Fremantle","Fremantle","North Melbourne","North Melbourne",14,"https://s.afl.com.au/staticfile/AFL Tenant/AFL/Players/ChampIDImages/AFLW/2019264/1001680.png?im=Scale,width=0.6,height=0.6","INT","CD_I1001680",FALSE,14,"Leah","Mascall","CD_T7886",NA,64,0,0,NA,1,1,2,0,0,3,2,0,2,0,0,0,0,0,100,0,1,0,18,0,0,0,0,NA,"2019-03-16T10:04:34.953+0000",0,2,0,0,NA,NA,NA,0,0,0,0,0,0,0,0,0,0,0,0,0,0,0,0,0,0,0,0,0,0,0,0,0,0,0,0,NA,NA,NA,"CD_I1001680",FALSE,14,"Leah","Mascall","home","Fremantle"
"CD_M20192640703","2019-03-16T08:10:00.000+0000","CONCLUDED","2019 NAB AFLW Season","Round 7",7,"Fremantle Oval","Fremantle","Fremantle","North Melbourne","North Melbourne",23,"https://s.afl.com.au/staticfile/AFL Tenant/AFL/Players/ChampIDImages/AFLW/2019264/1009893.png?im=Scale,width=0.6,height=0.6","INT","CD_I1009893",FALSE,23,"Matilda","Sergeant","CD_T7886",NA,63,0,0,NA,8,4,12,3,0,4,6,6,12,4,1,0,0,5,66.7,1,1,0,58,1,0,0,0,NA,"2019-03-16T10:04:34.953+0000",0,1,0,0,NA,NA,NA,3,207,4,0,4,0,0,0,0,0,0,0,0,0,0,0,0,0,0,0,0,0,0,0,0,0,0,0,NA,NA,NA,"CD_I1009893",FALSE,23,"Matilda","Sergeant","home","Fremantle"
"CD_M20192640703","2019-03-16T08:10:00.000+0000","CONCLUDED","2019 NAB AFLW Season","Round 7",7,"Fremantle Oval","Fremantle","Fremantle","North Melbourne","North Melbourne",5,"https://s.afl.com.au/staticfile/AFL Tenant/AFL/Players/ChampIDImages/AFLW/2019264/1005429.png?im=Scale,width=0.6,height=0.6","FB","CD_I1005429",FALSE,5,"Tayla","Bresland","CD_T7886",NA,95,0,0,NA,6,0,6,0,0,1,3,3,6,1,0,0,0,2,16.7,2,0,1,19,2,0,0,0,NA,"2019-03-16T10:04:34.953+0000",3,3,0,0,NA,NA,NA,1,158,0,0,0,0,0,0,0,0,0,0,0,0,0,0,0,0,0,0,0,0,0,0,0,0,0,0,NA,NA,NA,"CD_I1005429",FALSE,5,"Tayla","Bresland","home","Fremantle"
"CD_M20192640703","2019-03-16T08:10:00.000+0000","CONCLUDED","2019 NAB AFLW Season","Round 7",7,"Fremantle Oval","Fremantle","Fremantle","North Melbourne","North Melbourne",22,"https://s.afl.com.au/staticfile/AFL Tenant/AFL/Players/ChampIDImages/AFLW/2019264/1007144.png?im=Scale,width=0.6,height=0.6","INT","CD_I1007144",FALSE,22,"Gabby","O'Sullivan","CD_T7886",NA,79,0,1,NA,5,5,10,1,0,6,3,7,10,1,1,0,0,1,50,3,1,2,48,0,0,0,0,NA,"2019-03-16T10:04:34.953+0000",5,0,1,1,NA,NA,NA,5,118,0,0,0,0,0,0,0,0,0,0,0,0,0,0,0,0,0,0,0,0,0,0,0,0,0,0,NA,NA,NA,"CD_I1007144",FALSE,22,"Gabby","O'Sullivan","home","Fremantle"
"CD_M20192640703","2019-03-16T08:10:00.000+0000","CONCLUDED","2019 NAB AFLW Season","Round 7",7,"Fremantle Oval","Fremantle","Fremantle","North Melbourne","North Melbourne",15,"https://s.afl.com.au/staticfile/AFL Tenant/AFL/Players/ChampIDImages/AFLW/2019264/998036.png?im=Scale,width=0.6,height=0.6","HBFL","CD_I998036",FALSE,15,"Kara","Donnellan","CD_T7886",NA,66,0,0,NA,3,1,4,0,0,1,2,3,5,0,0,0,0,1,0,2,0,0,15,0,0,0,0,NA,"2019-03-16T10:04:34.953+0000",3,1,0,0,NA,NA,NA,0,82,0,0,0,0,0,0,0,0,0,0,0,0,0,0,0,0,0,0,0,0,0,0,0,0,0,0,NA,NA,NA,"CD_I998036",FALSE,15,"Kara","Donnellan","home","Fremantle"
"CD_M20192640703","2019-03-16T08:10:00.000+0000","CONCLUDED","2019 NAB AFLW Season","Round 7",7,"Fremantle Oval","Fremantle","Fremantle","North Melbourne","North Melbourne",11,"https://s.afl.com.au/staticfile/AFL Tenant/AFL/Players/ChampIDImages/AFLW/2019264/1012251.png?im=Scale,width=0.6,height=0.6","RK","CD_I1012251",FALSE,11,"Parris","Laurie","CD_T7886",NA,75,0,0,NA,4,8,12,3,0,3,7,5,12,2,0,1,4,0,100,0,0,0,53,1,0,0,0,NA,"2019-03-16T10:04:34.953+0000",0,6,2,0,NA,NA,NA,3,84,1,1,2,0,0,0,0,0,0,0,0,0,0,0,0,0,0,0,0,0,0,0,0,0,0,0,NA,NA,NA,"CD_I1012251",FALSE,11,"Parris","Laurie","home","Fremantle"
"CD_M20192640703","2019-03-16T08:10:00.000+0000","CONCLUDED","2019 NAB AFLW Season","Round 7",7,"Fremantle Oval","Fremantle","Fremantle","North Melbourne","North Melbourne",6,"https://s.afl.com.au/staticfile/AFL Tenant/AFL/Players/ChampIDImages/AFLW/2019264/1009895.png?im=Scale,width=0.6,height=0.6","BPL","CD_I1009895",FALSE,6,"Sabreena","Duffy","CD_T7886",NA,53,2,0,NA,6,1,7,0,0,5,4,1,5,2,0,0,0,0,71.4,2,0,2,46,0,0,100,0,NA,"2019-03-16T10:04:34.953+0000",2,1,2,2,NA,NA,NA,3,134,0,0,0,0,0,0,0,0,0,0,0,0,0,0,0,0,0,0,0,0,0,0,0,0,0,0,NA,NA,NA,"CD_I1009895",FALSE,6,"Sabreena","Duffy","home","Fremantle"
"CD_M20192640703","2019-03-16T08:10:00.000+0000","CONCLUDED","2019 NAB AFLW Season","Round 7",7,"Fremantle Oval","Fremantle","Fremantle","North Melbourne","North Melbourne",27,"https://s.afl.com.au/staticfile/AFL Tenant/AFL/Players/ChampIDImages/AFLW/2019264/1007141.png?im=Scale,width=0.6,height=0.6","FF","CD_I1007141",FALSE,27,"Gemma","Houghton","CD_T7886",NA,83,1,2,NA,6,5,11,4,1,5,8,4,12,1,3,3,1,1,54.5,1,1,0,70,0,0,33.3,0,NA,"2019-03-16T10:04:34.953+0000",4,0,2,3,NA,NA,NA,5,209,0,1,1,0,0,0,0,0,0,0,0,0,0,0,0,0,0,0,0,0,0,0,0,0,0,0,NA,NA,NA,"CD_I1007141",FALSE,27,"Gemma","Houghton","home","Fremantle"
"CD_M20192640703","2019-03-16T08:10:00.000+0000","CONCLUDED","2019 NAB AFLW Season","Round 7",7,"Fremantle Oval","Fremantle","Fremantle","North Melbourne","North Melbourne",21,"https://s.afl.com.au/staticfile/AFL Tenant/AFL/Players/ChampIDImages/AFLW/2019264/998041.png?im=Scale,width=0.6,height=0.6","FPL","CD_I998041",FALSE,21,"Kellie","Gibson","CD_T7886",NA,76,1,1,NA,7,2,9,0,1,2,4,4,8,2,0,0,0,0,44.4,2,0,0,40,0,1,50,0,NA,"2019-03-16T10:04:34.953+0000",2,2,2,2,NA,NA,NA,5,135,0,0,0,0,0,0,0,0,0,0,0,0,0,0,0,0,0,0,0,0,0,0,0,0,0,0,NA,NA,NA,"CD_I998041",FALSE,21,"Kellie","Gibson","home","Fremantle"
"CD_M20192640703","2019-03-16T08:10:00.000+0000","CONCLUDED","2019 NAB AFLW Season","Round 7",7,"Fremantle Oval","Fremantle","Fremantle","North Melbourne","North Melbourne",30,"https://s.afl.com.au/staticfile/AFL Tenant/AFL/Players/ChampIDImages/AFLW/2019264/1004406.png?im=Scale,width=0.6,height=0.6","INT","CD_I1004406",FALSE,30,"Alicia","Janz","CD_T7886",NA,58,0,0,NA,1,3,4,0,0,1,4,0,4,0,0,0,6,0,75,1,2,1,18,0,0,0,0,NA,"2019-03-16T10:04:34.953+0000",0,2,0,0,NA,NA,NA,2,13,1,1,2,0,0,0,0,0,0,0,0,0,0,0,0,0,0,0,0,0,0,0,0,0,0,0,NA,NA,NA,"CD_I1004406",FALSE,30,"Alicia","Janz","home","Fremantle"
"CD_M20192640703","2019-03-16T08:10:00.000+0000","CONCLUDED","2019 NAB AFLW Season","Round 7",7,"Fremantle Oval","Fremantle","Fremantle","North Melbourne","North Melbourne",20,"https://s.afl.com.au/staticfile/AFL Tenant/AFL/Players/ChampIDImages/AFLW/2019264/1006997.png?im=Scale,width=0.6,height=0.6","R","CD_I1006997",FALSE,20,"Stephanie","Cain","CD_T7886",NA,83,0,1,NA,9,3,12,5,0,5,6,7,13,1,2,1,0,2,58.3,4,1,1,67,3,0,0,0,NA,"2019-03-16T10:04:34.953+0000",5,4,2,1,NA,NA,NA,3,205,0,1,1,0,0,0,0,0,0,0,0,0,0,0,0,0,0,0,0,0,0,0,0,0,0,0,NA,NA,NA,"CD_I1006997",FALSE,20,"Stephanie","Cain","home","Fremantle"
"CD_M20192640703","2019-03-16T08:10:00.000+0000","CONCLUDED","2019 NAB AFLW Season","Round 7",7,"Fremantle Oval","Fremantle","Fremantle","North Melbourne","North Melbourne",37,"https://s.afl.com.au/staticfile/AFL Tenant/AFL/Players/ChampIDImages/AFLW/2019264/1010661.png?im=Scale,width=0.6,height=0.6","HFFL","CD_I1010661",FALSE,37,"Ashlee","Atkins","CD_T7886",NA,73,1,3,NA,14,2,16,3,0,1,9,9,18,2,0,0,0,0,43.8,2,2,0,70,0,0,25,0,NA,"2019-03-16T10:04:34.953+0000",4,1,1,4,NA,NA,NA,7,285,0,0,0,0,0,0,0,0,0,0,0,0,0,0,0,0,0,0,0,0,0,0,0,0,0,0,NA,NA,NA,"CD_I1010661",FALSE,37,"Ashlee","Atkins","home","Fremantle"
"CD_M20192640703","2019-03-16T08:10:00.000+0000","CONCLUDED","2019 NAB AFLW Season","Round 7",7,"Fremantle Oval","Fremantle","Fremantle","North Melbourne","North Melbourne",8,"https://s.afl.com.au/staticfile/AFL Tenant/AFL/Players/ChampIDImages/AFLW/2019264/1010656.png?im=Scale,width=0.6,height=0.6","CHB","CD_I1010656",FALSE,8,"Evangeline","Gooch","CD_T7886",NA,87,0,1,NA,7,4,11,0,0,4,7,2,9,2,0,0,0,1,45.5,3,1,1,44,0,0,0,0,NA,"2019-03-16T10:04:34.953+0000",3,7,0,1,NA,NA,NA,2,230,0,0,0,0,0,0,0,0,0,0,0,0,0,0,0,0,0,0,0,0,0,0,0,0,0,0,NA,NA,NA,"CD_I1010656",FALSE,8,"Evangeline","Gooch","home","Fremantle"
"CD_M20192640703","2019-03-16T08:10:00.000+0000","CONCLUDED","2019 NAB AFLW Season","Round 7",7,"Fremantle Oval","Fremantle","Fremantle","North Melbourne","North Melbourne",19,"https://s.afl.com.au/staticfile/AFL Tenant/AFL/Players/ChampIDImages/AFLW/2019264/998040.png?im=Scale,width=0.6,height=0.6","HFFR","CD_I998040",FALSE,19,"Hayley","Miller","CD_T7886",NA,78,0,1,NA,9,5,14,2,1,3,6,9,15,4,0,0,0,1,57.1,2,0,1,53,2,1,0,0,NA,"2019-03-16T10:04:34.953+0000",3,5,0,1,NA,NA,NA,5,260,0,0,0,0,0,0,0,0,0,0,0,0,0,0,0,0,0,0,0,0,0,0,0,0,0,0,NA,NA,NA,"CD_I998040",FALSE,19,"Hayley","Miller","home","Fremantle"
"CD_M20192640703","2019-03-16T08:10:00.000+0000","CONCLUDED","2019 NAB AFLW Season","Round 7",7,"Fremantle Oval","Fremantle","Fremantle","North Melbourne","North Melbourne",24,"https://s.afl.com.au/staticfile/AFL Tenant/AFL/Players/ChampIDImages/AFLW/2019264/1013937.png?im=Scale,width=0.6,height=0.6","BPR","CD_I1013937",FALSE,24,"Angelique","Stannett","CD_T7886",NA,88,0,0,NA,4,1,5,0,0,0,3,2,5,0,0,0,0,6,40,1,0,0,14,0,0,0,0,NA,"2019-03-16T10:04:34.953+0000",1,3,0,0,NA,NA,NA,0,58,0,0,0,0,0,0,0,0,0,0,0,0,0,0,0,0,0,0,0,0,0,0,0,0,0,0,NA,NA,NA,"CD_I1013937",FALSE,24,"Angelique","Stannett","home","Fremantle"
"CD_M20192640703","2019-03-16T08:10:00.000+0000","CONCLUDED","2019 NAB AFLW Season","Round 7",7,"Fremantle Oval","Fremantle","Fremantle","North Melbourne","North Melbourne",25,"https://s.afl.com.au/staticfile/AFL Tenant/AFL/Players/ChampIDImages/AFLW/2019264/296154.png?im=Scale,width=0.6,height=0.6","CHF","CD_I296154",FALSE,25,"Jasmine","Garner","CD_T8466",NA,100,0,1,NA,11,1,12,6,0,0,2,9,11,0,2,1,0,0,58.3,1,1,1,52,3,1,0,0,NA,"2019-03-16T10:04:34.953+0000",3,1,0,1,NA,NA,NA,3,208,0,1,1,0,0,0,0,0,0,0,0,0,0,0,0,0,0,0,0,0,0,0,0,0,0,0,NA,NA,NA,"CD_I296154",FALSE,25,"Jasmine","Garner","away","North Melbourne"
"CD_M20192640703","2019-03-16T08:10:00.000+0000","CONCLUDED","2019 NAB AFLW Season","Round 7",7,"Fremantle Oval","Fremantle","Fremantle","North Melbourne","North Melbourne",31,"https://s.afl.com.au/staticfile/AFL Tenant/AFL/Players/ChampIDImages/AFLW/2019264/296143.png?im=Scale,width=0.6,height=0.6","FB","CD_I296143",FALSE,31,"Danielle","Hardiman","CD_T8466",NA,62,0,0,NA,4,1,5,1,0,1,1,4,5,2,0,0,0,0,60,3,0,0,21,1,0,0,0,NA,"2019-03-16T10:04:34.953+0000",1,1,0,0,NA,NA,NA,0,126,0,0,0,0,0,0,0,0,0,0,0,0,0,0,0,0,0,0,0,0,0,0,0,0,0,0,NA,NA,NA,"CD_I296143",FALSE,31,"Danielle","Hardiman","away","North Melbourne"
"CD_M20192640703","2019-03-16T08:10:00.000+0000","CONCLUDED","2019 NAB AFLW Season","Round 7",7,"Fremantle Oval","Fremantle","Fremantle","North Melbourne","North Melbourne",60,"https://s.afl.com.au/staticfile/AFL Tenant/AFL/Players/ChampIDImages/AFLW/2019264/1001686.png?im=Scale,width=0.6,height=0.6","RK","CD_I1001686",FALSE,60,"Emma","King","CD_T8466",NA,100,0,0,NA,2,4,6,1,0,2,2,4,6,1,0,0,32,1,50,1,0,0,57,0,0,0,0,NA,"2019-03-16T10:04:34.953+0000",0,2,0,0,NA,NA,NA,1,81,0,0,0,0,0,0,0,0,0,0,0,0,0,0,0,0,0,0,0,0,0,0,0,0,0,0,NA,NA,NA,"CD_I1001686",FALSE,60,"Emma","King","away","North Melbourne"
"CD_M20192640703","2019-03-16T08:10:00.000+0000","CONCLUDED","2019 NAB AFLW Season","Round 7",7,"Fremantle Oval","Fremantle","Fremantle","North Melbourne","North Melbourne",5,"https://s.afl.com.au/staticfile/AFL Tenant/AFL/Players/ChampIDImages/AFLW/2019264/997695.png?im=Scale,width=0.6,height=0.6","HFFL","CD_I997695",FALSE,5,"Kate","Gillespie-Jones","CD_T8466",NA,93,0,0,NA,4,5,9,2,0,4,7,4,11,0,0,0,10,1,44.4,2,2,2,50,2,0,0,0,NA,"2019-03-16T10:04:34.953+0000",2,3,0,0,NA,NA,NA,0,114,0,1,1,0,0,0,0,0,0,0,0,0,0,0,0,0,0,0,0,0,0,0,0,0,0,0,NA,NA,NA,"CD_I997695",FALSE,5,"Kate","Gillespie-Jones","away","North Melbourne"
"CD_M20192640703","2019-03-16T08:10:00.000+0000","CONCLUDED","2019 NAB AFLW Season","Round 7",7,"Fremantle Oval","Fremantle","Fremantle","North Melbourne","North Melbourne",16,"https://s.afl.com.au/staticfile/AFL Tenant/AFL/Players/ChampIDImages/AFLW/2019264/1003023.png?im=Scale,width=0.6,height=0.6","CHB","CD_I1003023",FALSE,16,"Tahlia","Randall","CD_T8466",NA,100,0,0,NA,7,1,8,1,0,5,3,3,6,2,0,0,0,5,37.5,4,1,1,44,1,0,0,0,NA,"2019-03-16T10:04:34.953+0000",5,4,0,0,NA,NA,NA,0,213,0,1,1,0,0,0,0,0,0,0,0,0,0,0,0,0,0,0,0,0,0,0,0,0,0,0,NA,NA,NA,"CD_I1003023",FALSE,16,"Tahlia","Randall","away","North Melbourne"
"CD_M20192640703","2019-03-16T08:10:00.000+0000","CONCLUDED","2019 NAB AFLW Season","Round 7",7,"Fremantle Oval","Fremantle","Fremantle","North Melbourne","North Melbourne",1,"https://s.afl.com.au/staticfile/AFL Tenant/AFL/Players/ChampIDImages/AFLW/2019264/1010252.png?im=Scale,width=0.6,height=0.6","HFFR","CD_I1010252",FALSE,1,"Sophie","Abbatangelo","CD_T8466",NA,79,0,0,NA,3,1,4,0,0,0,4,0,4,0,0,0,0,0,50,2,1,0,12,0,1,0,0,NA,"2019-03-16T10:04:34.953+0000",3,0,0,1,NA,NA,NA,1,63,0,0,0,0,0,0,0,0,0,0,0,0,0,0,0,0,0,0,0,0,0,0,0,0,0,0,NA,NA,NA,"CD_I1010252",FALSE,1,"Sophie","Abbatangelo","away","North Melbourne"
"CD_M20192640703","2019-03-16T08:10:00.000+0000","CONCLUDED","2019 NAB AFLW Season","Round 7",7,"Fremantle Oval","Fremantle","Fremantle","North Melbourne","North Melbourne",2,"https://s.afl.com.au/staticfile/AFL Tenant/AFL/Players/ChampIDImages/AFLW/2019264/1005361.png?im=Scale,width=0.6,height=0.6","FPL","CD_I1005361",FALSE,2,"Daria","Bannister","CD_T8466",NA,74,0,0,NA,3,0,3,1,0,4,2,2,4,1,0,0,0,0,33.3,1,0,0,28,0,0,0,0,NA,"2019-03-16T10:04:34.953+0000",2,0,1,0,NA,NA,NA,1,70,0,0,0,0,0,0,0,0,0,0,0,0,0,0,0,0,0,0,0,0,0,0,0,0,0,0,NA,NA,NA,"CD_I1005361",FALSE,2,"Daria","Bannister","away","North Melbourne"
"CD_M20192640703","2019-03-16T08:10:00.000+0000","CONCLUDED","2019 NAB AFLW Season","Round 7",7,"Fremantle Oval","Fremantle","Fremantle","North Melbourne","North Melbourne",23,"https://s.afl.com.au/staticfile/AFL Tenant/AFL/Players/ChampIDImages/AFLW/2019264/997672.png?im=Scale,width=0.6,height=0.6","FF","CD_I997672",FALSE,23,"Moana","Hope","CD_T8466",NA,91,2,0,NA,5,0,5,3,0,4,2,1,3,1,3,2,0,0,60,0,0,0,52,0,0,100,0,NA,"2019-03-16T10:04:34.953+0000",0,0,1,2,NA,NA,NA,3,91,0,0,0,0,0,0,0,0,0,0,0,0,0,0,0,0,0,0,0,0,0,0,0,0,0,0,NA,NA,NA,"CD_I997672",FALSE,23,"Moana","Hope","away","North Melbourne"
"CD_M20192640703","2019-03-16T08:10:00.000+0000","CONCLUDED","2019 NAB AFLW Season","Round 7",7,"Fremantle Oval","Fremantle","Fremantle","North Melbourne","North Melbourne",3,"https://s.afl.com.au/staticfile/AFL Tenant/AFL/Players/ChampIDImages/AFLW/2019264/1010292.png?im=Scale,width=0.6,height=0.6","INT","CD_I1010292",FALSE,3,"Taylor","Mesiti","CD_T8466",NA,38,0,0,NA,1,0,1,0,0,0,0,0,0,0,0,0,0,0,100,2,0,0,3,0,0,0,0,NA,"2019-03-16T10:04:34.953+0000",2,1,0,0,NA,NA,NA,0,26,0,0,0,0,0,0,0,0,0,0,0,0,0,0,0,0,0,0,0,0,0,0,0,0,0,0,NA,NA,NA,"CD_I1010292",FALSE,3,"Taylor","Mesiti","away","North Melbourne"
"CD_M20192640703","2019-03-16T08:10:00.000+0000","CONCLUDED","2019 NAB AFLW Season","Round 7",7,"Fremantle Oval","Fremantle","Fremantle","North Melbourne","North Melbourne",35,"https://s.afl.com.au/staticfile/AFL Tenant/AFL/Players/ChampIDImages/AFLW/2019264/1003018.png?im=Scale,width=0.6,height=0.6","R","CD_I1003018",FALSE,35,"Jenna","Bruton","CD_T8466",NA,84,0,0,NA,19,7,26,3,1,6,15,10,25,4,0,0,0,2,69.2,5,4,0,108,3,1,0,0,NA,"2019-03-16T10:04:34.953+0000",4,3,1,0,NA,NA,NA,4,320,2,6,8,0,0,0,0,0,0,0,0,0,0,0,0,0,0,0,0,0,0,0,0,0,0,0,NA,NA,NA,"CD_I1003018",FALSE,35,"Jenna","Bruton","away","North Melbourne"
"CD_M20192640703","2019-03-16T08:10:00.000+0000","CONCLUDED","2019 NAB AFLW Season","Round 7",7,"Fremantle Oval","Fremantle","Fremantle","North Melbourne","North Melbourne",9,"https://s.afl.com.au/staticfile/AFL Tenant/AFL/Players/ChampIDImages/AFLW/2019264/998150.png?im=Scale,width=0.6,height=0.6","C","CD_I998150",FALSE,9,"Emma","Kearney","CD_T8466",NA,97,1,0,NA,13,11,24,3,1,7,17,11,28,3,0,0,0,1,66.7,2,1,1,102,3,0,50,0,NA,"2019-03-16T10:04:34.953+0000",6,3,0,2,NA,NA,NA,2,366,1,8,9,0,0,0,0,0,0,0,0,0,0,0,0,0,0,0,0,0,0,0,0,0,0,0,NA,NA,NA,"CD_I998150",FALSE,9,"Emma","Kearney","away","North Melbourne"
"CD_M20192640703","2019-03-16T08:10:00.000+0000","CONCLUDED","2019 NAB AFLW Season","Round 7",7,"Fremantle Oval","Fremantle","Fremantle","North Melbourne","North Melbourne",8,"https://s.afl.com.au/staticfile/AFL Tenant/AFL/Players/ChampIDImages/AFLW/2019264/1012712.png?im=Scale,width=0.6,height=0.6","INT","CD_I1012712",FALSE,8,"Alison","Drennan","CD_T8466",NA,48,0,0,NA,3,6,9,0,0,3,4,5,9,0,0,0,0,0,66.7,2,0,0,33,1,0,0,0,NA,"2019-03-16T10:04:34.953+0000",4,2,1,0,NA,NA,NA,1,114,1,1,2,0,0,0,0,0,0,0,0,0,0,0,0,0,0,0,0,0,0,0,0,0,0,0,NA,NA,NA,"CD_I1012712",FALSE,8,"Alison","Drennan","away","North Melbourne"
"CD_M20192640703","2019-03-16T08:10:00.000+0000","CONCLUDED","2019 NAB AFLW Season","Round 7",7,"Fremantle Oval","Fremantle","Fremantle","North Melbourne","North Melbourne",17,"https://s.afl.com.au/staticfile/AFL Tenant/AFL/Players/ChampIDImages/AFLW/2019264/1007030.png?im=Scale,width=0.6,height=0.6","RR","CD_I1007030",FALSE,17,"Jamie","Stanton","CD_T8466",NA,62,0,0,NA,10,6,16,6,0,2,4,12,16,5,1,1,0,1,37.5,3,0,0,68,2,0,0,0,NA,"2019-03-16T10:04:34.953+0000",6,3,0,0,NA,NA,NA,1,229,0,0,0,0,0,0,0,0,0,0,0,0,0,0,0,0,0,0,0,0,0,0,0,0,0,0,NA,NA,NA,"CD_I1007030",FALSE,17,"Jamie","Stanton","away","North Melbourne"
"CD_M20192640703","2019-03-16T08:10:00.000+0000","CONCLUDED","2019 NAB AFLW Season","Round 7",7,"Fremantle Oval","Fremantle","Fremantle","North Melbourne","North Melbourne",18,"https://s.afl.com.au/staticfile/AFL Tenant/AFL/Players/ChampIDImages/AFLW/2019264/1007005.png?im=Scale,width=0.6,height=0.6","HBFR","CD_I1007005",FALSE,18,"Brittany","Gibson","CD_T8466",NA,94,0,0,NA,6,6,12,2,0,1,9,3,12,0,0,0,0,0,75,3,1,3,32,4,0,0,0,NA,"2019-03-16T10:04:34.953+0000",4,10,0,0,NA,NA,NA,0,223,0,0,0,0,0,0,0,0,0,0,0,0,0,0,0,0,0,0,0,0,0,0,0,0,0,0,NA,NA,NA,"CD_I1007005",FALSE,18,"Brittany","Gibson","away","North Melbourne"
"CD_M20192640703","2019-03-16T08:10:00.000+0000","CONCLUDED","2019 NAB AFLW Season","Round 7",7,"Fremantle Oval","Fremantle","Fremantle","North Melbourne","North Melbourne",21,"https://s.afl.com.au/staticfile/AFL Tenant/AFL/Players/ChampIDImages/AFLW/2019264/1004416.png?im=Scale,width=0.6,height=0.6","INT","CD_I1004416",FALSE,21,"Jessica","Trend","CD_T8466",NA,50,0,0,NA,0,1,1,0,0,1,1,0,1,0,0,0,0,0,100,3,0,1,3,0,0,0,0,NA,"2019-03-16T10:04:34.953+0000",0,0,0,0,NA,NA,NA,0,-3,0,1,1,0,0,0,0,0,0,0,0,0,0,0,0,0,0,0,0,0,0,0,0,0,0,0,NA,NA,NA,"CD_I1004416",FALSE,21,"Jessica","Trend","away","North Melbourne"
"CD_M20192640703","2019-03-16T08:10:00.000+0000","CONCLUDED","2019 NAB AFLW Season","Round 7",7,"Fremantle Oval","Fremantle","Fremantle","North Melbourne","North Melbourne",10,"https://s.afl.com.au/staticfile/AFL Tenant/AFL/Players/ChampIDImages/AFLW/2019264/997649.png?im=Scale,width=0.6,height=0.6","FPR","CD_I997649",FALSE,10,"Kaitlyn","Ashmore","CD_T8466",NA,92,1,0,NA,11,2,13,4,1,3,7,7,14,2,1,0,0,1,53.8,7,2,4,57,2,0,50,0,NA,"2019-03-16T10:04:34.953+0000",8,3,0,2,NA,NA,NA,1,338,0,1,1,0,0,0,0,0,0,0,0,0,0,0,0,0,0,0,0,0,0,0,0,0,0,0,NA,NA,NA,"CD_I997649",FALSE,10,"Kaitlyn","Ashmore","away","North Melbourne"
"CD_M20192640703","2019-03-16T08:10:00.000+0000","CONCLUDED","2019 NAB AFLW Season","Round 7",7,"Fremantle Oval","Fremantle","Fremantle","North Melbourne","North Melbourne",27,"https://s.afl.com.au/staticfile/AFL Tenant/AFL/Players/ChampIDImages/AFLW/2019264/1005864.png?im=Scale,width=0.6,height=0.6","HBFL","CD_I1005864",FALSE,27,"Jessica","Duffin","CD_T8466",NA,100,0,0,NA,13,9,22,2,0,5,9,7,16,0,0,0,0,5,63.6,1,1,0,84,5,0,0,0,NA,"2019-03-16T10:04:34.953+0000",5,8,0,0,NA,NA,NA,0,326,0,2,2,0,0,0,0,0,0,0,0,0,0,0,0,0,0,0,0,0,0,0,0,0,0,0,NA,NA,NA,"CD_I1005864",FALSE,27,"Jessica","Duffin","away","North Melbourne"
"CD_M20192640703","2019-03-16T08:10:00.000+0000","CONCLUDED","2019 NAB AFLW Season","Round 7",7,"Fremantle Oval","Fremantle","Fremantle","North Melbourne","North Melbourne",19,"https://s.afl.com.au/staticfile/AFL Tenant/AFL/Players/ChampIDImages/AFLW/2019264/1007006.png?im=Scale,width=0.6,height=0.6","BPL","CD_I1007006",FALSE,19,"Jasmine","Grierson","CD_T8466",NA,67,0,0,NA,5,3,8,1,0,1,3,5,8,0,0,0,0,4,75,1,0,1,25,1,0,0,0,NA,"2019-03-16T10:04:34.953+0000",2,4,0,0,NA,NA,NA,0,93,0,0,0,0,0,0,0,0,0,0,0,0,0,0,0,0,0,0,0,0,0,0,0,0,0,0,NA,NA,NA,"CD_I1007006",FALSE,19,"Jasmine","Grierson","away","North Melbourne"
"CD_M20192640703","2019-03-16T08:10:00.000+0000","CONCLUDED","2019 NAB AFLW Season","Round 7",7,"Fremantle Oval","Fremantle","Fremantle","North Melbourne","North Melbourne",12,"https://s.afl.com.au/staticfile/AFL Tenant/AFL/Players/ChampIDImages/AFLW/2019264/1013120.png?im=Scale,width=0.6,height=0.6","BPR","CD_I1013120",FALSE,12,"Nicole","Bresnehan","CD_T8466",NA,89,0,0,NA,3,3,6,1,0,1,3,3,6,0,0,0,0,3,50,0,0,0,22,1,0,0,0,NA,"2019-03-16T10:04:34.953+0000",1,2,0,0,NA,NA,NA,0,49,0,0,0,0,0,0,0,0,0,0,0,0,0,0,0,0,0,0,0,0,0,0,0,0,0,0,NA,NA,NA,"CD_I1013120",FALSE,12,"Nicole","Bresnehan","away","North Melbourne"
"CD_M20192640703","2019-03-16T08:10:00.000+0000","CONCLUDED","2019 NAB AFLW Season","Round 7",7,"Fremantle Oval","Fremantle","Fremantle","North Melbourne","North Melbourne",11,"https://s.afl.com.au/staticfile/AFL Tenant/AFL/Players/ChampIDImages/AFLW/2019264/1013025.png?im=Scale,width=0.6,height=0.6","INT","CD_I1013025",FALSE,11,"Daisy","Bateman","CD_T8466",NA,45,0,0,NA,2,2,4,2,0,0,1,3,4,0,1,0,0,0,50,1,0,1,13,0,0,0,0,NA,"2019-03-16T10:04:34.953+0000",3,0,0,0,NA,NA,NA,0,70,0,0,0,0,0,0,0,0,0,0,0,0,0,0,0,0,0,0,0,0,0,0,0,0,0,0,NA,NA,NA,"CD_I1013025",FALSE,11,"Daisy","Bateman","away","North Melbourne"
"CD_M20192640703","2019-03-16T08:10:00.000+0000","CONCLUDED","2019 NAB AFLW Season","Round 7",7,"Fremantle Oval","Fremantle","Fremantle","North Melbourne","North Melbourne",4,"https://s.afl.com.au/staticfile/AFL Tenant/AFL/Players/ChampIDImages/AFLW/2019264/1013521.png?im=Scale,width=0.6,height=0.6","INT","CD_I1013521",FALSE,4,"Elisha","King","CD_T8466",NA,37,0,0,NA,1,1,2,1,0,2,0,2,2,0,0,0,0,0,100,0,0,0,16,0,0,0,0,NA,"2019-03-16T10:04:34.953+0000",0,0,0,0,NA,NA,NA,0,17,0,0,0,0,0,0,0,0,0,0,0,0,0,0,0,0,0,0,0,0,0,0,0,0,0,0,NA,NA,NA,"CD_I1013521",FALSE,4,"Elisha","King","away","North Melbourne"
"CD_M20192640704","2019-03-17T03:05:00.000+0000","CONCLUDED","2019 NAB AFLW Season","Round 7",7,"Victoria Park","Collingwood","Collingwood","Brisbane Lions","Brisbane Lions",6,"https://s.afl.com.au/staticfile/AFL Tenant/AFL/Players/ChampIDImages/AFLW/2019264/997736.png?im=Scale,width=0.6,height=0.6","BPL","CD_I997736",FALSE,6,"Jordyn","Allen","CD_T8097",NA,76,0,0,NA,8,2,10,6,0,3,2,8,10,1,1,0,0,1,70,1,0,0,58,0,1,0,0,NA,"2019-03-20T03:42:00.395+0000",2,2,0,0,NA,NA,NA,1,34,0,0,0,0,0,0,0,0,0,0,0,0,0,0,0,0,0,0,0,0,0,0,0,0,0,0,NA,NA,NA,"CD_I997736",FALSE,6,"Jordyn","Allen","home","Collingwood"
"CD_M20192640704","2019-03-17T03:05:00.000+0000","CONCLUDED","2019 NAB AFLW Season","Round 7",7,"Victoria Park","Collingwood","Collingwood","Brisbane Lions","Brisbane Lions",10,"https://s.afl.com.au/staticfile/AFL Tenant/AFL/Players/ChampIDImages/AFLW/2019264/1010663.png?im=Scale,width=0.6,height=0.6","HBFR","CD_I1010663",FALSE,10,"Ash","Brazill","CD_T8097",NA,100,0,0,NA,19,4,23,4,0,0,13,6,19,1,0,0,0,3,82.6,3,1,0,78,9,0,0,0,NA,"2019-03-20T03:42:00.395+0000",5,15,0,0,NA,NA,NA,0,431,0,3,3,0,0,0,0,0,0,0,0,0,0,0,0,0,0,0,0,0,0,0,0,0,0,0,NA,NA,NA,"CD_I1010663",FALSE,10,"Ash","Brazill","home","Collingwood"
"CD_M20192640704","2019-03-17T03:05:00.000+0000","CONCLUDED","2019 NAB AFLW Season","Round 7",7,"Victoria Park","Collingwood","Collingwood","Brisbane Lions","Brisbane Lions",25,"https://s.afl.com.au/staticfile/AFL Tenant/AFL/Players/ChampIDImages/AFLW/2019264/1012637.png?im=Scale,width=0.6,height=0.6","INT","CD_I1012637",FALSE,25,"Mikala","Cann","CD_T8097",NA,57,0,1,NA,1,2,3,1,0,2,3,0,3,0,1,1,0,0,66.7,1,0,1,16,0,0,0,0,NA,"2019-03-20T03:42:00.395+0000",1,1,0,1,NA,NA,NA,2,11,0,0,0,0,0,0,0,0,0,0,0,0,0,0,0,0,0,0,0,0,0,0,0,0,0,0,NA,NA,NA,"CD_I1012637",FALSE,25,"Mikala","Cann","home","Collingwood"
"CD_M20192640704","2019-03-17T03:05:00.000+0000","CONCLUDED","2019 NAB AFLW Season","Round 7",7,"Victoria Park","Collingwood","Collingwood","Brisbane Lions","Brisbane Lions",5,"https://s.afl.com.au/staticfile/AFL Tenant/AFL/Players/ChampIDImages/AFLW/2019264/1004401.png?im=Scale,width=0.6,height=0.6","HBFL","CD_I1004401",FALSE,5,"Emma","Grant","CD_T8097",NA,93,0,0,NA,5,7,12,4,1,1,6,7,13,0,0,1,0,1,58.3,2,0,0,45,2,0,0,0,NA,"2019-03-20T03:42:00.395+0000",3,6,0,0,NA,NA,NA,2,99,0,0,0,0,0,0,0,0,0,0,0,0,0,0,0,0,0,0,0,0,0,0,0,0,0,0,NA,NA,NA,"CD_I1004401",FALSE,5,"Emma","Grant","home","Collingwood"
"CD_M20192640704","2019-03-17T03:05:00.000+0000","CONCLUDED","2019 NAB AFLW Season","Round 7",7,"Victoria Park","Collingwood","Collingwood","Brisbane Lions","Brisbane Lions",18,"https://s.afl.com.au/staticfile/AFL Tenant/AFL/Players/ChampIDImages/AFLW/2019264/1007027.png?im=Scale,width=0.6,height=0.6","BPR","CD_I1007027",FALSE,18,"Ruby","Schleicher","CD_T8097",NA,53,0,0,NA,1,2,3,1,0,2,2,1,3,0,0,0,0,0,66.7,1,0,0,18,0,0,0,0,NA,"2019-03-20T03:42:00.395+0000",1,2,0,0,NA,NA,NA,1,12,0,0,0,0,0,0,0,0,0,0,0,0,0,0,0,0,0,0,0,0,0,0,0,0,0,0,NA,NA,NA,"CD_I1007027",FALSE,18,"Ruby","Schleicher","home","Collingwood"
"CD_M20192640704","2019-03-17T03:05:00.000+0000","CONCLUDED","2019 NAB AFLW Season","Round 7",7,"Victoria Park","Collingwood","Collingwood","Brisbane Lions","Brisbane Lions",35,"https://s.afl.com.au/staticfile/AFL Tenant/AFL/Players/ChampIDImages/AFLW/2019264/1010688.png?im=Scale,width=0.6,height=0.6","HFFR","CD_I1010688",FALSE,35,"Maddie","Shevlin","CD_T8097",NA,75,0,1,NA,9,0,9,4,0,3,2,7,9,4,1,1,0,0,33.3,4,1,1,50,2,0,0,0,NA,"2019-03-20T03:42:00.395+0000",6,3,0,1,NA,NA,NA,1,279,0,0,0,0,0,0,0,0,0,0,0,0,0,0,0,0,0,0,0,0,0,0,0,0,0,0,NA,NA,NA,"CD_I1010688",FALSE,35,"Maddie","Shevlin","home","Collingwood"
"CD_M20192640704","2019-03-17T03:05:00.000+0000","CONCLUDED","2019 NAB AFLW Season","Round 7",7,"Victoria Park","Collingwood","Collingwood","Brisbane Lions","Brisbane Lions",12,"https://s.afl.com.au/staticfile/AFL Tenant/AFL/Players/ChampIDImages/AFLW/2019264/1007015.png?im=Scale,width=0.6,height=0.6","CHB","CD_I1007015",FALSE,12,"Stacey","Livingstone","CD_T8097",NA,100,0,0,NA,7,0,7,0,0,3,2,2,4,0,0,0,1,5,85.7,2,0,1,31,5,0,0,0,NA,"2019-03-20T03:42:00.395+0000",2,2,0,0,NA,NA,NA,1,218,0,0,0,0,0,0,0,0,0,0,0,0,0,0,0,0,0,0,0,0,0,0,0,0,0,0,NA,NA,NA,"CD_I1007015",FALSE,12,"Stacey","Livingstone","home","Collingwood"
"CD_M20192640704","2019-03-17T03:05:00.000+0000","CONCLUDED","2019 NAB AFLW Season","Round 7",7,"Victoria Park","Collingwood","Collingwood","Brisbane Lions","Brisbane Lions",11,"https://s.afl.com.au/staticfile/AFL Tenant/AFL/Players/ChampIDImages/AFLW/2019264/1009978.png?im=Scale,width=0.6,height=0.6","RK","CD_I1009978",FALSE,11,"Eliza","Hynes","CD_T8097",NA,62,0,0,NA,0,5,5,0,0,2,2,3,5,0,0,0,8,0,60,1,0,0,26,0,0,0,0,NA,"2019-03-20T03:42:00.395+0000",1,0,0,0,NA,NA,NA,1,3,0,1,1,0,0,0,0,0,0,0,0,0,0,0,0,0,0,0,0,0,0,0,0,0,0,0,NA,NA,NA,"CD_I1009978",FALSE,11,"Eliza","Hynes","home","Collingwood"
"CD_M20192640704","2019-03-17T03:05:00.000+0000","CONCLUDED","2019 NAB AFLW Season","Round 7",7,"Victoria Park","Collingwood","Collingwood","Brisbane Lions","Brisbane Lions",32,"https://s.afl.com.au/staticfile/AFL Tenant/AFL/Players/ChampIDImages/AFLW/2019264/997726.png?im=Scale,width=0.6,height=0.6","INT","CD_I997726",FALSE,32,"Georgia","Gourlay","CD_T8097",NA,46,0,0,NA,6,0,6,2,0,1,1,5,6,1,0,1,0,1,66.7,2,0,1,25,2,0,0,0,NA,"2019-03-20T03:42:00.395+0000",2,0,0,0,NA,NA,NA,0,144,0,0,0,0,0,0,0,0,0,0,0,0,0,0,0,0,0,0,0,0,0,0,0,0,0,0,NA,NA,NA,"CD_I997726",FALSE,32,"Georgia","Gourlay","home","Collingwood"
"CD_M20192640704","2019-03-17T03:05:00.000+0000","CONCLUDED","2019 NAB AFLW Season","Round 7",7,"Victoria Park","Collingwood","Collingwood","Brisbane Lions","Brisbane Lions",1,"https://s.afl.com.au/staticfile/AFL Tenant/AFL/Players/ChampIDImages/AFLW/2019264/1013765.png?im=Scale,width=0.6,height=0.6","INT","CD_I1013765",FALSE,1,"Sharni","Layton","CD_T8097",NA,38,0,0,NA,2,3,5,2,0,0,3,3,6,0,0,0,3,2,40,1,0,0,21,0,0,0,0,NA,"2019-03-20T03:42:00.395+0000",2,0,0,0,NA,NA,NA,0,17,1,1,2,0,0,0,0,0,0,0,0,0,0,0,0,0,0,0,0,0,0,0,0,0,0,0,NA,NA,NA,"CD_I1013765",FALSE,1,"Sharni","Layton","home","Collingwood"
"CD_M20192640704","2019-03-17T03:05:00.000+0000","CONCLUDED","2019 NAB AFLW Season","Round 7",7,"Victoria Park","Collingwood","Collingwood","Brisbane Lions","Brisbane Lions",4,"https://s.afl.com.au/staticfile/AFL Tenant/AFL/Players/ChampIDImages/AFLW/2019264/1004400.png?im=Scale,width=0.6,height=0.6","FF","CD_I1004400",FALSE,4,"Sarah","D'Arcy","CD_T8097",NA,95,2,0,NA,16,4,20,11,0,1,7,15,22,2,2,4,0,1,60,4,1,2,100,0,0,40,0,NA,"2019-03-20T03:42:00.395+0000",8,1,1,5,NA,NA,NA,3,267,0,0,0,0,0,0,0,0,0,0,0,0,0,0,0,0,0,0,0,0,0,0,0,0,0,0,NA,NA,NA,"CD_I1004400",FALSE,4,"Sarah","D'Arcy","home","Collingwood"
"CD_M20192640704","2019-03-17T03:05:00.000+0000","CONCLUDED","2019 NAB AFLW Season","Round 7",7,"Victoria Park","Collingwood","Collingwood","Brisbane Lions","Brisbane Lions",8,"https://s.afl.com.au/staticfile/AFL Tenant/AFL/Players/ChampIDImages/AFLW/2019264/997729.png?im=Scale,width=0.6,height=0.6","C","CD_I997729",FALSE,8,"Brittany","Bonnici","CD_T8097",NA,84,0,0,NA,13,2,15,4,0,8,5,8,13,3,1,0,0,0,60,5,2,2,83,0,0,0,0,NA,"2019-03-20T03:42:00.395+0000",6,5,2,0,NA,NA,NA,3,264,0,3,3,0,0,0,0,0,0,0,0,0,0,0,0,0,0,0,0,0,0,0,0,0,0,0,NA,NA,NA,"CD_I997729",FALSE,8,"Brittany","Bonnici","home","Collingwood"
"CD_M20192640704","2019-03-17T03:05:00.000+0000","CONCLUDED","2019 NAB AFLW Season","Round 7",7,"Victoria Park","Collingwood","Collingwood","Brisbane Lions","Brisbane Lions",41,"https://s.afl.com.au/staticfile/AFL Tenant/AFL/Players/ChampIDImages/AFLW/2019264/1010658.png?im=Scale,width=0.6,height=0.6","FPR","CD_I1010658",FALSE,41,"Kristy","Stratton","CD_T8097",NA,82,0,1,NA,8,4,12,0,0,4,9,3,12,3,0,0,0,1,75,1,2,0,51,2,0,0,0,NA,"2019-03-20T03:42:00.395+0000",2,3,1,1,NA,NA,NA,2,180,0,3,3,0,0,0,0,0,0,0,0,0,0,0,0,0,0,0,0,0,0,0,0,0,0,0,NA,NA,NA,"CD_I1010658",FALSE,41,"Kristy","Stratton","home","Collingwood"
"CD_M20192640704","2019-03-17T03:05:00.000+0000","CONCLUDED","2019 NAB AFLW Season","Round 7",7,"Victoria Park","Collingwood","Collingwood","Brisbane Lions","Brisbane Lions",34,"https://s.afl.com.au/staticfile/AFL Tenant/AFL/Players/ChampIDImages/AFLW/2019264/1009855.png?im=Scale,width=0.6,height=0.6","HFFL","CD_I1009855",FALSE,34,"Darcy","Guttridge","CD_T8097",NA,88,0,0,NA,2,6,8,0,0,2,5,4,9,1,0,0,0,1,50,1,0,1,23,0,0,0,0,NA,"2019-03-20T03:42:00.395+0000",1,2,1,0,NA,NA,NA,0,32,0,0,0,0,0,0,0,0,0,0,0,0,0,0,0,0,0,0,0,0,0,0,0,0,0,0,NA,NA,NA,"CD_I1009855",FALSE,34,"Darcy","Guttridge","home","Collingwood"
"CD_M20192640704","2019-03-17T03:05:00.000+0000","CONCLUDED","2019 NAB AFLW Season","Round 7",7,"Victoria Park","Collingwood","Collingwood","Brisbane Lions","Brisbane Lions",46,"https://s.afl.com.au/staticfile/AFL Tenant/AFL/Players/ChampIDImages/AFLW/2019264/1009872.png?im=Scale,width=0.6,height=0.6","INT","CD_I1009872",FALSE,46,"Sarah","Dargan","CD_T8097",NA,74,0,1,NA,7,4,11,2,0,3,7,5,12,2,0,0,0,2,63.6,0,2,0,50,0,0,0,0,NA,"2019-03-20T03:42:00.395+0000",0,0,0,1,NA,NA,NA,4,145,0,4,4,0,0,0,0,0,0,0,0,0,0,0,0,0,0,0,0,0,0,0,0,0,0,0,NA,NA,NA,"CD_I1009872",FALSE,46,"Sarah","Dargan","home","Collingwood"
"CD_M20192640704","2019-03-17T03:05:00.000+0000","CONCLUDED","2019 NAB AFLW Season","Round 7",7,"Victoria Park","Collingwood","Collingwood","Brisbane Lions","Brisbane Lions",23,"https://s.afl.com.au/staticfile/AFL Tenant/AFL/Players/ChampIDImages/AFLW/2019264/1010096.png?im=Scale,width=0.6,height=0.6","INT","CD_I1010096",FALSE,23,"Lauren","Butler","CD_T8097",NA,60,0,0,NA,2,4,6,0,0,2,3,3,6,1,0,0,0,1,50,0,0,0,22,0,0,0,0,NA,"2019-03-20T03:42:00.395+0000",1,2,0,0,NA,NA,NA,0,29,0,0,0,0,0,0,0,0,0,0,0,0,0,0,0,0,0,0,0,0,0,0,0,0,0,0,NA,NA,NA,"CD_I1010096",FALSE,23,"Lauren","Butler","home","Collingwood"
"CD_M20192640704","2019-03-17T03:05:00.000+0000","CONCLUDED","2019 NAB AFLW Season","Round 7",7,"Victoria Park","Collingwood","Collingwood","Brisbane Lions","Brisbane Lions",22,"https://s.afl.com.au/staticfile/AFL Tenant/AFL/Players/ChampIDImages/AFLW/2019264/1007139.png?im=Scale,width=0.6,height=0.6","FB","CD_I1007139",FALSE,22,"Sophie","Casey","CD_T8097",NA,93,0,0,NA,4,1,5,0,0,2,2,3,5,0,0,0,0,0,60,3,0,1,19,3,0,0,0,NA,"2019-03-20T03:42:00.395+0000",1,2,0,0,NA,NA,NA,0,86,0,0,0,0,0,0,0,0,0,0,0,0,0,0,0,0,0,0,0,0,0,0,0,0,0,0,NA,NA,NA,"CD_I1007139",FALSE,22,"Sophie","Casey","home","Collingwood"
"CD_M20192640704","2019-03-17T03:05:00.000+0000","CONCLUDED","2019 NAB AFLW Season","Round 7",7,"Victoria Park","Collingwood","Collingwood","Brisbane Lions","Brisbane Lions",7,"https://s.afl.com.au/staticfile/AFL Tenant/AFL/Players/ChampIDImages/AFLW/2019264/1013706.png?im=Scale,width=0.6,height=0.6","FPL","CD_I1013706",FALSE,7,"Sarah","Rowe","CD_T8097",NA,100,0,0,NA,13,3,16,4,0,1,3,13,16,4,0,0,0,0,50,2,0,0,61,0,1,0,0,NA,"2019-03-20T03:42:00.395+0000",6,2,0,0,NA,NA,NA,3,329,0,0,0,0,0,0,0,0,0,0,0,0,0,0,0,0,0,0,0,0,0,0,0,0,0,0,NA,NA,NA,"CD_I1013706",FALSE,7,"Sarah","Rowe","home","Collingwood"
"CD_M20192640704","2019-03-17T03:05:00.000+0000","CONCLUDED","2019 NAB AFLW Season","Round 7",7,"Victoria Park","Collingwood","Collingwood","Brisbane Lions","Brisbane Lions",13,"https://s.afl.com.au/staticfile/AFL Tenant/AFL/Players/ChampIDImages/AFLW/2019264/1004415.png?im=Scale,width=0.6,height=0.6","R","CD_I1004415",FALSE,13,"Jaimee","Lambert","CD_T8097",NA,67,1,2,NA,8,8,16,3,0,1,11,6,17,0,1,1,0,2,56.3,2,1,1,59,0,0,25,0,NA,"2019-03-20T03:42:00.395+0000",2,1,1,4,NA,NA,NA,5,148,1,4,5,0,0,0,0,0,0,0,0,0,0,0,0,0,0,0,0,0,0,0,0,0,0,0,NA,NA,NA,"CD_I1004415",FALSE,13,"Jaimee","Lambert","home","Collingwood"
"CD_M20192640704","2019-03-17T03:05:00.000+0000","CONCLUDED","2019 NAB AFLW Season","Round 7",7,"Victoria Park","Collingwood","Collingwood","Brisbane Lions","Brisbane Lions",16,"https://s.afl.com.au/staticfile/AFL Tenant/AFL/Players/ChampIDImages/AFLW/2019264/1013028.png?im=Scale,width=0.6,height=0.6","CHF","CD_I1013028",FALSE,16,"Katie","Lynch","CD_T8097",NA,70,0,0,NA,3,3,6,2,0,1,1,5,6,1,0,0,0,2,83.3,1,0,0,25,0,0,0,0,NA,"2019-03-20T03:42:00.395+0000",1,0,0,0,NA,NA,NA,0,58,0,0,0,0,0,0,0,0,0,0,0,0,0,0,0,0,0,0,0,0,0,0,0,0,0,0,NA,NA,NA,"CD_I1013028",FALSE,16,"Katie","Lynch","home","Collingwood"
"CD_M20192640704","2019-03-17T03:05:00.000+0000","CONCLUDED","2019 NAB AFLW Season","Round 7",7,"Victoria Park","Collingwood","Collingwood","Brisbane Lions","Brisbane Lions",17,"https://s.afl.com.au/staticfile/AFL Tenant/AFL/Players/ChampIDImages/AFLW/2019264/998158.png?im=Scale,width=0.6,height=0.6","RR","CD_I998158",FALSE,17,"Stephanie","Chiocci","CD_T8097",NA,85,0,0,NA,11,7,18,7,0,3,6,11,17,1,0,0,0,0,66.7,4,1,3,72,2,0,0,0,NA,"2019-03-20T03:42:00.395+0000",2,3,0,0,NA,NA,NA,4,172,0,0,0,0,0,0,0,0,0,0,0,0,0,0,0,0,0,0,0,0,0,0,0,0,0,0,NA,NA,NA,"CD_I998158",FALSE,17,"Stephanie","Chiocci","home","Collingwood"
"CD_M20192640704","2019-03-17T03:05:00.000+0000","CONCLUDED","2019 NAB AFLW Season","Round 7",7,"Victoria Park","Collingwood","Collingwood","Brisbane Lions","Brisbane Lions",1,"https://s.afl.com.au/staticfile/AFL Tenant/AFL/Players/ChampIDImages/AFLW/2019264/998155.png?im=Scale,width=0.6,height=0.6","BPR","CD_I998155",FALSE,1,"Emily","Bates","CD_T7887",NA,82,0,0,NA,5,2,7,1,0,7,3,4,7,1,0,0,0,1,42.9,1,2,0,52,0,0,0,0,NA,"2019-03-20T03:42:00.395+0000",3,1,1,0,NA,NA,NA,0,109,0,1,1,0,0,0,0,0,0,0,0,0,0,0,0,0,0,0,0,0,0,0,0,0,0,0,NA,NA,NA,"CD_I998155",FALSE,1,"Emily","Bates","away","Brisbane Lions"
"CD_M20192640704","2019-03-17T03:05:00.000+0000","CONCLUDED","2019 NAB AFLW Season","Round 7",7,"Victoria Park","Collingwood","Collingwood","Brisbane Lions","Brisbane Lions",25,"https://s.afl.com.au/staticfile/AFL Tenant/AFL/Players/ChampIDImages/AFLW/2019264/1009964.png?im=Scale,width=0.6,height=0.6","INT","CD_I1009964",FALSE,25,"Jacqui","Yorston","CD_T7887",NA,79,0,0,NA,10,11,21,2,0,9,13,9,22,4,0,0,0,2,71.4,7,2,2,90,2,0,0,0,NA,"2019-03-20T03:42:00.395+0000",6,6,4,0,NA,NA,NA,3,239,1,1,2,0,0,0,0,0,0,0,0,0,0,0,0,0,0,0,0,0,0,0,0,0,0,0,NA,NA,NA,"CD_I1009964",FALSE,25,"Jacqui","Yorston","away","Brisbane Lions"
"CD_M20192640704","2019-03-17T03:05:00.000+0000","CONCLUDED","2019 NAB AFLW Season","Round 7",7,"Victoria Park","Collingwood","Collingwood","Brisbane Lions","Brisbane Lions",8,"https://s.afl.com.au/staticfile/AFL Tenant/AFL/Players/ChampIDImages/AFLW/2019264/998034.png?im=Scale,width=0.6,height=0.6","HBFR","CD_I998034",FALSE,8,"Emma","Zielke","CD_T7887",NA,73,1,0,NA,7,2,9,2,0,0,4,5,9,3,0,0,0,0,33.3,3,0,1,34,2,0,100,0,NA,"2019-03-20T03:42:00.395+0000",3,1,0,1,NA,NA,NA,2,165,0,1,1,0,0,0,0,0,0,0,0,0,0,0,0,0,0,0,0,0,0,0,0,0,0,0,NA,NA,NA,"CD_I998034",FALSE,8,"Emma","Zielke","away","Brisbane Lions"
"CD_M20192640704","2019-03-17T03:05:00.000+0000","CONCLUDED","2019 NAB AFLW Season","Round 7",7,"Victoria Park","Collingwood","Collingwood","Brisbane Lions","Brisbane Lions",33,"https://s.afl.com.au/staticfile/AFL Tenant/AFL/Players/ChampIDImages/AFLW/2019264/1009894.png?im=Scale,width=0.6,height=0.6","INT","CD_I1009894",FALSE,33,"McKenzie","Dowrick","CD_T7887",NA,59,0,1,NA,4,6,10,1,0,1,6,4,10,2,1,1,0,0,70,0,0,0,32,0,0,0,0,NA,"2019-03-20T03:42:00.395+0000",1,1,0,2,NA,NA,NA,1,137,0,1,1,0,0,0,0,0,0,0,0,0,0,0,0,0,0,0,0,0,0,0,0,0,0,0,NA,NA,NA,"CD_I1009894",FALSE,33,"McKenzie","Dowrick","away","Brisbane Lions"
"CD_M20192640704","2019-03-17T03:05:00.000+0000","CONCLUDED","2019 NAB AFLW Season","Round 7",7,"Victoria Park","Collingwood","Collingwood","Brisbane Lions","Brisbane Lions",16,"https://s.afl.com.au/staticfile/AFL Tenant/AFL/Players/ChampIDImages/AFLW/2019264/998154.png?im=Scale,width=0.6,height=0.6","HFFL","CD_I998154",FALSE,16,"Lauren","Arnell","CD_T7887",NA,81,0,0,NA,12,9,21,3,0,7,7,12,19,1,0,0,0,1,42.9,1,0,0,91,3,0,0,0,NA,"2019-03-20T03:42:00.395+0000",5,3,2,0,NA,NA,NA,1,259,0,2,2,0,0,0,0,0,0,0,0,0,0,0,0,0,0,0,0,0,0,0,0,0,0,0,NA,NA,NA,"CD_I998154",FALSE,16,"Lauren","Arnell","away","Brisbane Lions"
"CD_M20192640704","2019-03-17T03:05:00.000+0000","CONCLUDED","2019 NAB AFLW Season","Round 7",7,"Victoria Park","Collingwood","Collingwood","Brisbane Lions","Brisbane Lions",18,"https://s.afl.com.au/staticfile/AFL Tenant/AFL/Players/ChampIDImages/AFLW/2019264/1005630.png?im=Scale,width=0.6,height=0.6","R","CD_I1005630",FALSE,18,"Alexandra","Anderson","CD_T7887",NA,76,0,0,NA,10,8,18,2,0,5,12,8,20,1,0,0,0,0,61.1,3,0,2,66,1,0,0,0,NA,"2019-03-20T03:42:00.395+0000",2,4,1,0,NA,NA,NA,2,158,1,4,5,0,0,0,0,0,0,0,0,0,0,0,0,0,0,0,0,0,0,0,0,0,0,0,NA,NA,NA,"CD_I1005630",FALSE,18,"Alexandra","Anderson","away","Brisbane Lions"
"CD_M20192640704","2019-03-17T03:05:00.000+0000","CONCLUDED","2019 NAB AFLW Season","Round 7",7,"Victoria Park","Collingwood","Collingwood","Brisbane Lions","Brisbane Lions",17,"https://s.afl.com.au/staticfile/AFL Tenant/AFL/Players/ChampIDImages/AFLW/2019264/1009836.png?im=Scale,width=0.6,height=0.6","BPL","CD_I1009836",FALSE,17,"Natalie","Grider","CD_T7887",NA,70,0,0,NA,1,1,2,0,0,1,2,1,3,0,0,0,0,2,100,0,1,0,10,0,0,0,0,NA,"2019-03-20T03:42:00.395+0000",1,2,0,0,NA,NA,NA,0,5,0,0,0,0,0,0,0,0,0,0,0,0,0,0,0,0,0,0,0,0,0,0,0,0,0,0,NA,NA,NA,"CD_I1009836",FALSE,17,"Natalie","Grider","away","Brisbane Lions"
"CD_M20192640704","2019-03-17T03:05:00.000+0000","CONCLUDED","2019 NAB AFLW Season","Round 7",7,"Victoria Park","Collingwood","Collingwood","Brisbane Lions","Brisbane Lions",5,"https://s.afl.com.au/staticfile/AFL Tenant/AFL/Players/ChampIDImages/AFLW/2019264/1005652.png?im=Scale,width=0.6,height=0.6","INT","CD_I1005652",FALSE,5,"Sam","Virgo","CD_T7887",NA,62,0,0,NA,4,3,7,1,0,0,3,3,6,0,0,0,0,2,85.7,2,0,1,18,1,1,0,0,NA,"2019-03-20T03:42:00.395+0000",2,2,0,0,NA,NA,NA,1,19,0,1,1,0,0,0,0,0,0,0,0,0,0,0,0,0,0,0,0,0,0,0,0,0,0,0,NA,NA,NA,"CD_I1005652",FALSE,5,"Sam","Virgo","away","Brisbane Lions"
"CD_M20192640704","2019-03-17T03:05:00.000+0000","CONCLUDED","2019 NAB AFLW Season","Round 7",7,"Victoria Park","Collingwood","Collingwood","Brisbane Lions","Brisbane Lions",15,"https://s.afl.com.au/staticfile/AFL Tenant/AFL/Players/ChampIDImages/AFLW/2019264/1007137.png?im=Scale,width=0.6,height=0.6","RR","CD_I1007137",FALSE,15,"Nat","Exon","CD_T7887",NA,77,0,0,NA,13,4,17,5,2,4,8,10,18,3,0,2,1,0,64.7,3,2,0,81,2,0,0,0,NA,"2019-03-20T03:42:00.395+0000",3,4,0,1,NA,NA,NA,1,222,0,3,3,0,0,0,0,0,0,0,0,0,0,0,0,0,0,0,0,0,0,0,0,0,0,0,NA,NA,NA,"CD_I1007137",FALSE,15,"Nat","Exon","away","Brisbane Lions"
"CD_M20192640704","2019-03-17T03:05:00.000+0000","CONCLUDED","2019 NAB AFLW Season","Round 7",7,"Victoria Park","Collingwood","Collingwood","Brisbane Lions","Brisbane Lions",20,"https://s.afl.com.au/staticfile/AFL Tenant/AFL/Players/ChampIDImages/AFLW/2019264/1007130.png?im=Scale,width=0.6,height=0.6","FB","CD_I1007130",FALSE,20,"Shannon","Campbell","CD_T7887",NA,90,0,0,NA,6,3,9,2,4,3,4,3,7,0,0,1,0,5,88.9,2,1,1,40,2,0,0,0,NA,"2019-03-20T03:42:00.395+0000",3,5,0,0,NA,NA,NA,1,179,0,0,0,0,0,0,0,0,0,0,0,0,0,0,0,0,0,0,0,0,0,0,0,0,0,0,NA,NA,NA,"CD_I1007130",FALSE,20,"Shannon","Campbell","away","Brisbane Lions"
"CD_M20192640704","2019-03-17T03:05:00.000+0000","CONCLUDED","2019 NAB AFLW Season","Round 7",7,"Victoria Park","Collingwood","Collingwood","Brisbane Lions","Brisbane Lions",19,"https://s.afl.com.au/staticfile/AFL Tenant/AFL/Players/ChampIDImages/AFLW/2019264/1010664.png?im=Scale,width=0.6,height=0.6","HFFR","CD_I1010664",FALSE,19,"Emma","Pittman","CD_T7887",NA,69,0,0,NA,2,2,4,0,0,0,2,1,3,0,0,0,0,0,50,0,0,0,10,1,0,0,0,NA,"2019-03-20T03:42:00.395+0000",0,2,0,0,NA,NA,NA,1,18,0,0,0,0,0,0,0,0,0,0,0,0,0,0,0,0,0,0,0,0,0,0,0,0,0,0,NA,NA,NA,"CD_I1010664",FALSE,19,"Emma","Pittman","away","Brisbane Lions"
"CD_M20192640704","2019-03-17T03:05:00.000+0000","CONCLUDED","2019 NAB AFLW Season","Round 7",7,"Victoria Park","Collingwood","Collingwood","Brisbane Lions","Brisbane Lions",10,"https://s.afl.com.au/staticfile/AFL Tenant/AFL/Players/ChampIDImages/AFLW/2019264/1014037.png?im=Scale,width=0.6,height=0.6","INT","CD_I1014037",FALSE,10,"Paige","Parker","CD_T7887",NA,62,0,0,NA,4,2,6,1,0,0,2,2,4,2,0,0,0,0,50,0,0,0,19,1,0,0,0,NA,"2019-03-20T03:42:00.395+0000",2,3,0,0,NA,NA,NA,1,70,0,0,0,0,0,0,0,0,0,0,0,0,0,0,0,0,0,0,0,0,0,0,0,0,0,0,NA,NA,NA,"CD_I1014037",FALSE,10,"Paige","Parker","away","Brisbane Lions"
"CD_M20192640704","2019-03-17T03:05:00.000+0000","CONCLUDED","2019 NAB AFLW Season","Round 7",7,"Victoria Park","Collingwood","Collingwood","Brisbane Lions","Brisbane Lions",30,"https://s.afl.com.au/staticfile/AFL Tenant/AFL/Players/ChampIDImages/AFLW/2019264/1009838.png?im=Scale,width=0.6,height=0.6","HBFL","CD_I1009838",FALSE,30,"Jesse","Tawhiao-Wardlaw","CD_T7887",NA,70,0,0,NA,4,0,4,0,0,4,3,1,4,1,0,0,8,0,50,1,1,0,37,0,0,0,0,NA,"2019-03-20T03:42:00.395+0000",2,0,3,0,NA,NA,NA,0,79,0,1,1,0,0,0,0,0,0,0,0,0,0,0,0,0,0,0,0,0,0,0,0,0,0,0,NA,NA,NA,"CD_I1009838",FALSE,30,"Jesse","Tawhiao-Wardlaw","away","Brisbane Lions"
"CD_M20192640704","2019-03-17T03:05:00.000+0000","CONCLUDED","2019 NAB AFLW Season","Round 7",7,"Victoria Park","Collingwood","Collingwood","Brisbane Lions","Brisbane Lions",29,"https://s.afl.com.au/staticfile/AFL Tenant/AFL/Players/ChampIDImages/AFLW/2019264/1009828.png?im=Scale,width=0.6,height=0.6","INT","CD_I1009828",FALSE,29,"Jade","Ellenger","CD_T7887",NA,73,0,0,NA,3,2,5,0,0,0,1,4,5,1,0,0,0,1,80,1,0,1,10,2,0,0,0,NA,"2019-03-20T03:42:00.395+0000",1,1,0,0,NA,NA,NA,1,77,0,0,0,0,0,0,0,0,0,0,0,0,0,0,0,0,0,0,0,0,0,0,0,0,0,0,NA,NA,NA,"CD_I1009828",FALSE,29,"Jade","Ellenger","away","Brisbane Lions"
"CD_M20192640704","2019-03-17T03:05:00.000+0000","CONCLUDED","2019 NAB AFLW Season","Round 7",7,"Victoria Park","Collingwood","Collingwood","Brisbane Lions","Brisbane Lions",14,"https://s.afl.com.au/staticfile/AFL Tenant/AFL/Players/ChampIDImages/AFLW/2019264/1003019.png?im=Scale,width=0.6,height=0.6","RK","CD_I1003019",FALSE,14,"Sabrina","Frederick-Traub","CD_T7887",NA,88,0,2,NA,6,5,11,4,0,4,9,3,12,2,2,3,0,1,63.6,3,1,1,56,0,0,0,0,NA,"2019-03-20T03:42:00.395+0000",4,2,1,2,NA,NA,NA,2,113,0,0,0,0,0,0,0,0,0,0,0,0,0,0,0,0,0,0,0,0,0,0,0,0,0,0,NA,NA,NA,"CD_I1003019",FALSE,14,"Sabrina","Frederick-Traub","away","Brisbane Lions"
"CD_M20192640704","2019-03-17T03:05:00.000+0000","CONCLUDED","2019 NAB AFLW Season","Round 7",7,"Victoria Park","Collingwood","Collingwood","Brisbane Lions","Brisbane Lions",13,"https://s.afl.com.au/staticfile/AFL Tenant/AFL/Players/ChampIDImages/AFLW/2019264/1005638.png?im=Scale,width=0.6,height=0.6","CHB","CD_I1005638",FALSE,13,"Kate","Lutkins","CD_T7887",NA,95,0,0,NA,11,3,14,6,2,1,7,7,14,2,1,1,0,1,71.4,3,0,1,58,3,0,0,0,NA,"2019-03-20T03:42:00.395+0000",4,8,0,1,NA,NA,NA,4,269,0,0,0,0,0,0,0,0,0,0,0,0,0,0,0,0,0,0,0,0,0,0,0,0,0,0,NA,NA,NA,"CD_I1005638",FALSE,13,"Kate","Lutkins","away","Brisbane Lions"
"CD_M20192640704","2019-03-17T03:05:00.000+0000","CONCLUDED","2019 NAB AFLW Season","Round 7",7,"Victoria Park","Collingwood","Collingwood","Brisbane Lions","Brisbane Lions",27,"https://s.afl.com.au/staticfile/AFL Tenant/AFL/Players/ChampIDImages/AFLW/2019264/1010667.png?im=Scale,width=0.6,height=0.6","CHF","CD_I1010667",FALSE,27,"Jessy","Keeffe","CD_T7887",NA,73,0,0,NA,1,1,2,0,0,5,1,1,2,0,0,0,21,1,50,0,0,0,46,0,0,0,0,NA,"2019-03-20T03:42:00.395+0000",1,0,0,0,NA,NA,NA,0,36,0,0,0,0,0,0,0,0,0,0,0,0,0,0,0,0,0,0,0,0,0,0,0,0,0,0,NA,NA,NA,"CD_I1010667",FALSE,27,"Jessy","Keeffe","away","Brisbane Lions"
"CD_M20192640704","2019-03-17T03:05:00.000+0000","CONCLUDED","2019 NAB AFLW Season","Round 7",7,"Victoria Park","Collingwood","Collingwood","Brisbane Lions","Brisbane Lions",23,"https://s.afl.com.au/staticfile/AFL Tenant/AFL/Players/ChampIDImages/AFLW/2019264/1001690.png?im=Scale,width=0.6,height=0.6","FPL","CD_I1001690",FALSE,23,"Jess","Wuetschner","CD_T7887",NA,92,1,2,NA,6,5,11,3,0,2,4,6,10,1,3,0,0,1,36.4,5,2,1,52,0,0,33.3,0,NA,"2019-03-20T03:42:00.395+0000",4,2,1,3,NA,NA,NA,4,127,0,0,0,0,0,0,0,0,0,0,0,0,0,0,0,0,0,0,0,0,0,0,0,0,0,0,NA,NA,NA,"CD_I1001690",FALSE,23,"Jess","Wuetschner","away","Brisbane Lions"
"CD_M20192640704","2019-03-17T03:05:00.000+0000","CONCLUDED","2019 NAB AFLW Season","Round 7",7,"Victoria Park","Collingwood","Collingwood","Brisbane Lions","Brisbane Lions",3,"https://s.afl.com.au/staticfile/AFL Tenant/AFL/Players/ChampIDImages/AFLW/2019264/1005661.png?im=Scale,width=0.6,height=0.6","C","CD_I1005661",FALSE,3,"Breanna","Koenen","CD_T7887",NA,63,0,0,NA,9,2,11,3,0,3,3,8,11,4,0,0,0,0,54.5,0,1,0,53,1,0,0,0,NA,"2019-03-20T03:42:00.395+0000",5,5,0,0,NA,NA,NA,2,223,0,0,0,0,0,0,0,0,0,0,0,0,0,0,0,0,0,0,0,0,0,0,0,0,0,0,NA,NA,NA,"CD_I1005661",FALSE,3,"Breanna","Koenen","away","Brisbane Lions"
"CD_M20192640704","2019-03-17T03:05:00.000+0000","CONCLUDED","2019 NAB AFLW Season","Round 7",7,"Victoria Park","Collingwood","Collingwood","Brisbane Lions","Brisbane Lions",9,"https://s.afl.com.au/staticfile/AFL Tenant/AFL/Players/ChampIDImages/AFLW/2019264/1005636.png?im=Scale,width=0.6,height=0.6","FPR","CD_I1005636",FALSE,9,"Kate","McCarthy","CD_T7887",NA,75,0,1,NA,6,0,6,1,1,2,2,4,6,2,1,0,0,0,33.3,1,1,0,31,0,1,0,0,NA,"2019-03-20T03:42:00.395+0000",0,1,1,1,NA,NA,NA,2,145,0,0,0,0,0,0,0,0,0,0,0,0,0,0,0,0,0,0,0,0,0,0,0,0,0,0,NA,NA,NA,"CD_I1005636",FALSE,9,"Kate","McCarthy","away","Brisbane Lions"
"CD_M20192640704","2019-03-17T03:05:00.000+0000","CONCLUDED","2019 NAB AFLW Season","Round 7",7,"Victoria Park","Collingwood","Collingwood","Brisbane Lions","Brisbane Lions",4,"https://s.afl.com.au/staticfile/AFL Tenant/AFL/Players/ChampIDImages/AFLW/2019264/1005634.png?im=Scale,width=0.6,height=0.6","FF","CD_I1005634",FALSE,4,"Sharni","Webb","CD_T7887",NA,88,0,0,NA,1,2,3,0,0,1,2,1,3,0,0,0,0,5,0,1,1,0,12,0,0,0,0,NA,"2019-03-20T03:42:00.395+0000",0,2,0,0,NA,NA,NA,0,38,0,0,0,0,0,0,0,0,0,0,0,0,0,0,0,0,0,0,0,0,0,0,0,0,0,0,NA,NA,NA,"CD_I1005634",FALSE,4,"Sharni","Webb","away","Brisbane Lions"
"CD_M20192640705","2019-03-17T05:05:00.000+0000","CONCLUDED","2019 NAB AFLW Season","Round 7",7,"Mission Whitten Oval","Western Bulldogs","Western Bulldogs","Carlton","Carlton",20,"https://s.afl.com.au/staticfile/AFL Tenant/AFL/Players/ChampIDImages/AFLW/2019264/1009900.png?im=Scale,width=0.6,height=0.6","INT","CD_I1009900",FALSE,20,"Kate","Bartlett","CD_T7387",NA,59,0,0,NA,1,0,1,0,0,3,1,0,1,0,0,0,0,0,0,0,1,0,16,0,0,0,0,NA,"2019-03-18T00:04:37.826+0000",0,0,2,0,NA,NA,NA,1,37,0,1,1,0,0,0,0,0,0,0,0,0,0,0,0,0,0,0,0,0,0,0,0,0,0,0,NA,NA,NA,"CD_I1009900",FALSE,20,"Kate","Bartlett","home","Western Bulldogs"
"CD_M20192640705","2019-03-17T05:05:00.000+0000","CONCLUDED","2019 NAB AFLW Season","Round 7",7,"Mission Whitten Oval","Western Bulldogs","Western Bulldogs","Carlton","Carlton",9,"https://s.afl.com.au/staticfile/AFL Tenant/AFL/Players/ChampIDImages/AFLW/2019264/1009875.png?im=Scale,width=0.6,height=0.6","HFFR","CD_I1009875",FALSE,9,"Eleanor","Brown","CD_T7387",NA,92,0,0,NA,8,1,9,2,0,2,3,6,9,2,0,0,0,2,33.3,5,0,1,37,2,0,0,0,NA,"2019-03-18T00:04:37.826+0000",5,1,0,0,NA,NA,NA,0,215,0,0,0,0,0,0,0,0,0,0,0,0,0,0,0,0,0,0,0,0,0,0,0,0,0,0,NA,NA,NA,"CD_I1009875",FALSE,9,"Eleanor","Brown","home","Western Bulldogs"
"CD_M20192640705","2019-03-17T05:05:00.000+0000","CONCLUDED","2019 NAB AFLW Season","Round 7",7,"Mission Whitten Oval","Western Bulldogs","Western Bulldogs","Carlton","Carlton",15,"https://s.afl.com.au/staticfile/AFL Tenant/AFL/Players/ChampIDImages/AFLW/2019264/1014034.png?im=Scale,width=0.6,height=0.6","HFFL","CD_I1014034",FALSE,15,"Aisling","McCarthy","CD_T7387",NA,91,1,0,NA,10,6,16,3,0,5,7,8,15,3,1,1,0,1,68.8,1,0,0,77,1,0,100,0,NA,"2019-03-18T00:04:37.826+0000",5,4,1,1,NA,NA,NA,3,224,1,1,2,0,0,0,0,0,0,0,0,0,0,0,0,0,0,0,0,0,0,0,0,0,0,0,NA,NA,NA,"CD_I1014034",FALSE,15,"Aisling","McCarthy","home","Western Bulldogs"
"CD_M20192640705","2019-03-17T05:05:00.000+0000","CONCLUDED","2019 NAB AFLW Season","Round 7",7,"Mission Whitten Oval","Western Bulldogs","Western Bulldogs","Carlton","Carlton",6,"https://s.afl.com.au/staticfile/AFL Tenant/AFL/Players/ChampIDImages/AFLW/2019264/1007020.png?im=Scale,width=0.6,height=0.6","INT","CD_I1007020",FALSE,6,"Kirsten","McLeod","CD_T7387",NA,61,0,2,NA,5,0,5,1,0,1,4,1,5,1,0,1,0,0,40,1,0,1,21,0,0,0,0,NA,"2019-03-18T00:04:37.826+0000",2,3,0,2,NA,NA,NA,2,154,0,0,0,0,0,0,0,0,0,0,0,0,0,0,0,0,0,0,0,0,0,0,0,0,0,0,NA,NA,NA,"CD_I1007020",FALSE,6,"Kirsten","McLeod","home","Western Bulldogs"
"CD_M20192640705","2019-03-17T05:05:00.000+0000","CONCLUDED","2019 NAB AFLW Season","Round 7",7,"Mission Whitten Oval","Western Bulldogs","Western Bulldogs","Carlton","Carlton",27,"https://s.afl.com.au/staticfile/AFL Tenant/AFL/Players/ChampIDImages/AFLW/2019264/997686.png?im=Scale,width=0.6,height=0.6","C","CD_I997686",FALSE,27,"Kirsty","Lamb","CD_T7387",NA,93,0,0,NA,8,4,12,2,0,5,6,7,13,3,1,0,0,0,66.7,3,0,0,58,0,1,0,0,NA,"2019-03-18T00:04:37.826+0000",3,1,2,0,NA,NA,NA,3,213,1,2,3,0,0,0,0,0,0,0,0,0,0,0,0,0,0,0,0,0,0,0,0,0,0,0,NA,NA,NA,"CD_I997686",FALSE,27,"Kirsty","Lamb","home","Western Bulldogs"
"CD_M20192640705","2019-03-17T05:05:00.000+0000","CONCLUDED","2019 NAB AFLW Season","Round 7",7,"Mission Whitten Oval","Western Bulldogs","Western Bulldogs","Carlton","Carlton",19,"https://s.afl.com.au/staticfile/AFL Tenant/AFL/Players/ChampIDImages/AFLW/2019264/997692.png?im=Scale,width=0.6,height=0.6","CHB","CD_I997692",FALSE,19,"Tiarna","Ernst","CD_T7387",NA,91,0,0,NA,3,1,4,1,0,8,2,2,4,1,0,0,0,2,100,3,2,3,39,2,0,0,0,NA,"2019-03-18T00:04:37.826+0000",0,3,0,0,NA,NA,NA,0,142,0,0,0,0,0,0,0,0,0,0,0,0,0,0,0,0,0,0,0,0,0,0,0,0,0,0,NA,NA,NA,"CD_I997692",FALSE,19,"Tiarna","Ernst","home","Western Bulldogs"
"CD_M20192640705","2019-03-17T05:05:00.000+0000","CONCLUDED","2019 NAB AFLW Season","Round 7",7,"Mission Whitten Oval","Western Bulldogs","Western Bulldogs","Carlton","Carlton",16,"https://s.afl.com.au/staticfile/AFL Tenant/AFL/Players/ChampIDImages/AFLW/2019264/1010689.png?im=Scale,width=0.6,height=0.6","BPL","CD_I1010689",FALSE,16,"Naomi","Ferres","CD_T7387",NA,56,0,0,NA,3,3,6,1,0,5,2,4,6,0,0,0,0,0,66.7,0,1,0,39,1,0,0,0,NA,"2019-03-18T00:04:37.826+0000",1,3,0,0,NA,NA,NA,0,55,0,0,0,0,0,0,0,0,0,0,0,0,0,0,0,0,0,0,0,0,0,0,0,0,0,0,NA,NA,NA,"CD_I1010689",FALSE,16,"Naomi","Ferres","home","Western Bulldogs"
"CD_M20192640705","2019-03-17T05:05:00.000+0000","CONCLUDED","2019 NAB AFLW Season","Round 7",7,"Mission Whitten Oval","Western Bulldogs","Western Bulldogs","Carlton","Carlton",36,"https://s.afl.com.au/staticfile/AFL Tenant/AFL/Players/ChampIDImages/AFLW/2019264/1007154.png?im=Scale,width=0.6,height=0.6","HBFR","CD_I1007154",FALSE,36,"Angelica","Gogos","CD_T7387",NA,40,0,0,NA,5,1,6,0,0,2,3,4,7,1,0,0,0,0,33.3,1,1,0,26,1,0,0,0,NA,"2019-03-18T00:04:37.826+0000",2,1,1,0,NA,NA,NA,0,129,0,1,1,0,0,0,0,0,0,0,0,0,0,0,0,0,0,0,0,0,0,0,0,0,0,0,NA,NA,NA,"CD_I1007154",FALSE,36,"Angelica","Gogos","home","Western Bulldogs"
"CD_M20192640705","2019-03-17T05:05:00.000+0000","CONCLUDED","2019 NAB AFLW Season","Round 7",7,"Mission Whitten Oval","Western Bulldogs","Western Bulldogs","Carlton","Carlton",28,"https://s.afl.com.au/staticfile/AFL Tenant/AFL/Players/ChampIDImages/AFLW/2019264/1010690.png?im=Scale,width=0.6,height=0.6","INT","CD_I1010690",FALSE,28,"Bonnie","Toogood","CD_T7387",NA,48,0,0,NA,1,1,2,0,0,0,1,0,1,0,0,0,0,0,100,0,0,0,5,1,0,0,0,NA,"2019-03-18T00:04:37.826+0000",0,0,0,0,NA,NA,NA,0,44,0,0,0,0,0,0,0,0,0,0,0,0,0,0,0,0,0,0,0,0,0,0,0,0,0,0,NA,NA,NA,"CD_I1010690",FALSE,28,"Bonnie","Toogood","home","Western Bulldogs"
"CD_M20192640705","2019-03-17T05:05:00.000+0000","CONCLUDED","2019 NAB AFLW Season","Round 7",7,"Mission Whitten Oval","Western Bulldogs","Western Bulldogs","Carlton","Carlton",4,"https://s.afl.com.au/staticfile/AFL Tenant/AFL/Players/ChampIDImages/AFLW/2019264/997725.png?im=Scale,width=0.6,height=0.6","FPL","CD_I997725",FALSE,4,"Isabel","Huntington","CD_T7387",NA,79,1,1,NA,3,2,5,2,0,2,5,0,5,1,1,2,1,1,80,0,1,0,36,0,0,50,0,NA,"2019-03-18T00:04:37.826+0000",0,0,2,2,NA,NA,NA,2,31,0,0,0,0,0,0,0,0,0,0,0,0,0,0,0,0,0,0,0,0,0,0,0,0,0,0,NA,NA,NA,"CD_I997725",FALSE,4,"Isabel","Huntington","home","Western Bulldogs"
"CD_M20192640705","2019-03-17T05:05:00.000+0000","CONCLUDED","2019 NAB AFLW Season","Round 7",7,"Mission Whitten Oval","Western Bulldogs","Western Bulldogs","Carlton","Carlton",2,"https://s.afl.com.au/staticfile/AFL Tenant/AFL/Players/ChampIDImages/AFLW/2019264/296125.png?im=Scale,width=0.6,height=0.6","RR","CD_I296125",FALSE,2,"Ellie","Blackburn","CD_T7387",NA,96,1,2,NA,17,6,23,5,0,2,12,12,24,7,1,0,0,1,39.1,8,2,2,90,2,0,33.3,0,NA,"2019-03-18T00:04:37.826+0000",7,4,0,3,NA,NA,NA,5,555,1,7,8,0,0,0,0,0,0,0,0,0,0,0,0,0,0,0,0,0,0,0,0,0,0,0,NA,NA,NA,"CD_I296125",FALSE,2,"Ellie","Blackburn","home","Western Bulldogs"
"CD_M20192640705","2019-03-17T05:05:00.000+0000","CONCLUDED","2019 NAB AFLW Season","Round 7",7,"Mission Whitten Oval","Western Bulldogs","Western Bulldogs","Carlton","Carlton",3,"https://s.afl.com.au/staticfile/AFL Tenant/AFL/Players/ChampIDImages/AFLW/2019264/998157.png?im=Scale,width=0.6,height=0.6","FF","CD_I998157",FALSE,3,"Katie","Brennan","CD_T7387",NA,90,1,1,NA,10,3,13,2,0,3,6,6,12,1,2,0,0,0,46.2,7,1,3,53,1,0,25,0,NA,"2019-03-18T00:04:37.826+0000",7,4,1,4,NA,NA,NA,2,224,0,3,3,0,0,0,0,0,0,0,0,0,0,0,0,0,0,0,0,0,0,0,0,0,0,0,NA,NA,NA,"CD_I998157",FALSE,3,"Katie","Brennan","home","Western Bulldogs"
"CD_M20192640705","2019-03-17T05:05:00.000+0000","CONCLUDED","2019 NAB AFLW Season","Round 7",7,"Mission Whitten Oval","Western Bulldogs","Western Bulldogs","Carlton","Carlton",18,"https://s.afl.com.au/staticfile/AFL Tenant/AFL/Players/ChampIDImages/AFLW/2019264/1007157.png?im=Scale,width=0.6,height=0.6","BPR","CD_I1007157",FALSE,18,"Libby","Birch","CD_T7387",NA,92,1,0,NA,4,1,5,3,0,5,2,4,6,1,0,0,0,9,100,1,1,0,50,2,0,100,0,NA,"2019-03-18T00:04:37.826+0000",0,2,0,1,NA,NA,NA,2,116,1,0,1,0,0,0,0,0,0,0,0,0,0,0,0,0,0,0,0,0,0,0,0,0,0,0,NA,NA,NA,"CD_I1007157",FALSE,18,"Libby","Birch","home","Western Bulldogs"
"CD_M20192640705","2019-03-17T05:05:00.000+0000","CONCLUDED","2019 NAB AFLW Season","Round 7",7,"Mission Whitten Oval","Western Bulldogs","Western Bulldogs","Carlton","Carlton",13,"https://s.afl.com.au/staticfile/AFL Tenant/AFL/Players/ChampIDImages/AFLW/2019264/1012555.png?im=Scale,width=0.6,height=0.6","INT","CD_I1012555",FALSE,13,"Celine","Moody","CD_T7387",NA,44,0,0,NA,1,0,1,0,0,0,3,0,3,0,0,0,9,0,100,0,0,0,12,1,0,0,0,NA,"2019-03-18T00:04:37.826+0000",0,1,0,0,NA,NA,NA,0,14,0,0,0,0,0,0,0,0,0,0,0,0,0,0,0,0,0,0,0,0,0,0,0,0,0,0,NA,NA,NA,"CD_I1012555",FALSE,13,"Celine","Moody","home","Western Bulldogs"
"CD_M20192640705","2019-03-17T05:05:00.000+0000","CONCLUDED","2019 NAB AFLW Season","Round 7",7,"Mission Whitten Oval","Western Bulldogs","Western Bulldogs","Carlton","Carlton",24,"https://s.afl.com.au/staticfile/AFL Tenant/AFL/Players/ChampIDImages/AFLW/2019264/1010677.png?im=Scale,width=0.6,height=0.6","RK","CD_I1010677",FALSE,24,"Kimberley","Rennie","CD_T7387",NA,56,0,0,NA,3,2,5,2,0,0,4,3,7,2,0,0,18,3,80,0,0,0,37,1,0,0,0,NA,"2019-03-18T00:04:37.826+0000",0,0,0,0,NA,NA,NA,1,81,0,1,1,0,0,0,0,0,0,0,0,0,0,0,0,0,0,0,0,0,0,0,0,0,0,0,NA,NA,NA,"CD_I1010677",FALSE,24,"Kimberley","Rennie","home","Western Bulldogs"
"CD_M20192640705","2019-03-17T05:05:00.000+0000","CONCLUDED","2019 NAB AFLW Season","Round 7",7,"Mission Whitten Oval","Western Bulldogs","Western Bulldogs","Carlton","Carlton",1,"https://s.afl.com.au/staticfile/AFL Tenant/AFL/Players/ChampIDImages/AFLW/2019264/1004408.png?im=Scale,width=0.6,height=0.6","CHF","CD_I1004408",FALSE,1,"Brooke","Lochland","CD_T7387",NA,81,0,0,NA,3,1,4,1,0,4,2,2,4,0,0,0,0,0,25,1,0,1,27,0,0,0,0,NA,"2019-03-18T00:04:37.826+0000",1,1,1,0,NA,NA,NA,0,34,0,0,0,0,0,0,0,0,0,0,0,0,0,0,0,0,0,0,0,0,0,0,0,0,0,0,NA,NA,NA,"CD_I1004408",FALSE,1,"Brooke","Lochland","home","Western Bulldogs"
"CD_M20192640705","2019-03-17T05:05:00.000+0000","CONCLUDED","2019 NAB AFLW Season","Round 7",7,"Mission Whitten Oval","Western Bulldogs","Western Bulldogs","Carlton","Carlton",22,"https://s.afl.com.au/staticfile/AFL Tenant/AFL/Players/ChampIDImages/AFLW/2019264/1001689.png?im=Scale,width=0.6,height=0.6","HBFL","CD_I1001689",FALSE,22,"Hannah","Scott","CD_T7387",NA,88,0,0,NA,8,0,8,1,0,1,3,2,5,2,0,0,0,0,50,2,1,1,29,3,0,0,0,NA,"2019-03-18T00:04:37.826+0000",4,5,0,0,NA,NA,NA,1,271,0,0,0,0,0,0,0,0,0,0,0,0,0,0,0,0,0,0,0,0,0,0,0,0,0,0,NA,NA,NA,"CD_I1001689",FALSE,22,"Hannah","Scott","home","Western Bulldogs"
"CD_M20192640705","2019-03-17T05:05:00.000+0000","CONCLUDED","2019 NAB AFLW Season","Round 7",7,"Mission Whitten Oval","Western Bulldogs","Western Bulldogs","Carlton","Carlton",11,"https://s.afl.com.au/staticfile/AFL Tenant/AFL/Players/ChampIDImages/AFLW/2019264/998153.png?im=Scale,width=0.6,height=0.6","FB","CD_I998153",FALSE,11,"Lauren","Spark","CD_T7387",NA,93,0,0,NA,7,5,12,5,0,1,7,5,12,1,0,1,0,2,66.7,2,0,1,47,0,0,0,0,NA,"2019-03-18T00:04:37.826+0000",1,9,0,0,NA,NA,NA,0,160,0,0,0,0,0,0,0,0,0,0,0,0,0,0,0,0,0,0,0,0,0,0,0,0,0,0,NA,NA,NA,"CD_I998153",FALSE,11,"Lauren","Spark","home","Western Bulldogs"
"CD_M20192640705","2019-03-17T05:05:00.000+0000","CONCLUDED","2019 NAB AFLW Season","Round 7",7,"Mission Whitten Oval","Western Bulldogs","Western Bulldogs","Carlton","Carlton",8,"https://s.afl.com.au/staticfile/AFL Tenant/AFL/Players/ChampIDImages/AFLW/2019264/1010104.png?im=Scale,width=0.6,height=0.6","R","CD_I1010104",FALSE,8,"Monique","Conti","CD_T7387",NA,100,0,1,NA,16,9,25,4,3,3,12,11,23,4,1,1,0,1,52,3,1,0,92,1,0,0,0,NA,"2019-03-18T00:04:37.826+0000",8,2,1,1,NA,NA,NA,4,380,5,1,6,0,0,0,0,0,0,0,0,0,0,0,0,0,0,0,0,0,0,0,0,0,0,0,NA,NA,NA,"CD_I1010104",FALSE,8,"Monique","Conti","home","Western Bulldogs"
"CD_M20192640705","2019-03-17T05:05:00.000+0000","CONCLUDED","2019 NAB AFLW Season","Round 7",7,"Mission Whitten Oval","Western Bulldogs","Western Bulldogs","Carlton","Carlton",23,"https://s.afl.com.au/staticfile/AFL Tenant/AFL/Players/ChampIDImages/AFLW/2019264/1010676.png?im=Scale,width=0.6,height=0.6","FPR","CD_I1010676",FALSE,23,"Aisling","Utri","CD_T7387",NA,100,0,0,NA,6,4,10,2,0,4,4,5,9,3,0,0,0,0,70,1,0,0,48,1,0,0,0,NA,"2019-03-18T00:04:37.826+0000",2,1,2,0,NA,NA,NA,0,200,1,2,3,0,0,0,0,0,0,0,0,0,0,0,0,0,0,0,0,0,0,0,0,0,0,0,NA,NA,NA,"CD_I1010676",FALSE,23,"Aisling","Utri","home","Western Bulldogs"
"CD_M20192640705","2019-03-17T05:05:00.000+0000","CONCLUDED","2019 NAB AFLW Season","Round 7",7,"Mission Whitten Oval","Western Bulldogs","Western Bulldogs","Carlton","Carlton",10,"https://s.afl.com.au/staticfile/AFL Tenant/AFL/Players/ChampIDImages/AFLW/2019264/997660.png?im=Scale,width=0.6,height=0.6","INT","CD_I997660",FALSE,10,"Nicole","Callinan","CD_T7387",NA,51,0,0,NA,5,1,6,0,0,3,3,4,7,2,0,0,0,1,50,0,1,0,30,0,0,0,0,NA,"2019-03-18T00:04:37.826+0000",1,0,0,0,NA,NA,NA,0,126,0,2,2,0,0,0,0,0,0,0,0,0,0,0,0,0,0,0,0,0,0,0,0,0,0,0,NA,NA,NA,"CD_I997660",FALSE,10,"Nicole","Callinan","home","Western Bulldogs"
"CD_M20192640705","2019-03-17T05:05:00.000+0000","CONCLUDED","2019 NAB AFLW Season","Round 7",7,"Mission Whitten Oval","Western Bulldogs","Western Bulldogs","Carlton","Carlton",11,"https://s.afl.com.au/staticfile/AFL Tenant/AFL/Players/ChampIDImages/AFLW/2019264/1005865.png?im=Scale,width=0.6,height=0.6","HBFL","CD_I1005865",FALSE,11,"Jess","Hosking","CD_T8096",NA,69,0,0,NA,4,2,6,2,0,3,2,4,6,2,0,0,0,0,50,1,0,0,34,2,0,0,0,NA,"2019-03-18T00:04:37.826+0000",1,2,0,0,NA,NA,NA,1,136,0,1,1,0,0,0,0,0,0,0,0,0,0,0,0,0,0,0,0,0,0,0,0,0,0,0,NA,NA,NA,"CD_I1005865",FALSE,11,"Jess","Hosking","away","Carlton"
"CD_M20192640705","2019-03-17T05:05:00.000+0000","CONCLUDED","2019 NAB AFLW Season","Round 7",7,"Mission Whitten Oval","Western Bulldogs","Western Bulldogs","Carlton","Carlton",6,"https://s.afl.com.au/staticfile/AFL Tenant/AFL/Players/ChampIDImages/AFLW/2019264/1007026.png?im=Scale,width=0.6,height=0.6","HBFR","CD_I1007026",FALSE,6,"Gabriella","Pound","CD_T8096",NA,92,0,0,NA,8,7,15,1,0,1,7,7,14,0,0,0,0,2,73.3,2,0,0,45,3,0,0,0,NA,"2019-03-18T00:04:37.826+0000",2,7,0,0,NA,NA,NA,2,225,0,0,0,0,0,0,0,0,0,0,0,0,0,0,0,0,0,0,0,0,0,0,0,0,0,0,NA,NA,NA,"CD_I1007026",FALSE,6,"Gabriella","Pound","away","Carlton"
"CD_M20192640705","2019-03-17T05:05:00.000+0000","CONCLUDED","2019 NAB AFLW Season","Round 7",7,"Mission Whitten Oval","Western Bulldogs","Western Bulldogs","Carlton","Carlton",14,"https://s.afl.com.au/staticfile/AFL Tenant/AFL/Players/ChampIDImages/AFLW/2019264/1012558.png?im=Scale,width=0.6,height=0.6","BPR","CD_I1012558",FALSE,14,"Brooke","Walker","CD_T8096",NA,78,3,0,NA,3,2,5,2,0,4,0,5,5,2,1,0,0,0,100,1,0,0,53,0,0,100,0,NA,"2019-03-18T00:04:37.826+0000",0,0,1,3,NA,NA,NA,4,91,0,0,0,0,0,0,0,0,0,0,0,0,0,0,0,0,0,0,0,0,0,0,0,0,0,0,NA,NA,NA,"CD_I1012558",FALSE,14,"Brooke","Walker","away","Carlton"
"CD_M20192640705","2019-03-17T05:05:00.000+0000","CONCLUDED","2019 NAB AFLW Season","Round 7",7,"Mission Whitten Oval","Western Bulldogs","Western Bulldogs","Carlton","Carlton",3,"https://s.afl.com.au/staticfile/AFL Tenant/AFL/Players/ChampIDImages/AFLW/2019264/997663.png?im=Scale,width=0.6,height=0.6","FPL","CD_I997663",FALSE,3,"Darcy","Vescio","CD_T8096",NA,91,0,0,NA,3,4,7,0,0,1,5,2,7,0,0,0,0,3,28.6,2,0,2,15,0,0,0,0,NA,"2019-03-18T00:04:37.826+0000",1,1,0,0,NA,NA,NA,0,37,0,0,0,0,0,0,0,0,0,0,0,0,0,0,0,0,0,0,0,0,0,0,0,0,0,0,NA,NA,NA,"CD_I997663",FALSE,3,"Darcy","Vescio","away","Carlton"
"CD_M20192640705","2019-03-17T05:05:00.000+0000","CONCLUDED","2019 NAB AFLW Season","Round 7",7,"Mission Whitten Oval","Western Bulldogs","Western Bulldogs","Carlton","Carlton",1,"https://s.afl.com.au/staticfile/AFL Tenant/AFL/Players/ChampIDImages/AFLW/2019264/1003020.png?im=Scale,width=0.6,height=0.6","FF","CD_I1003020",FALSE,1,"Brianna","Davey","CD_T8096",NA,76,0,0,NA,12,9,21,2,0,11,11,10,21,2,0,0,0,1,71.4,3,2,1,103,2,0,0,0,NA,"2019-03-18T00:04:37.826+0000",5,2,1,1,NA,NA,NA,1,401,2,7,9,0,0,0,0,0,0,0,0,0,0,0,0,0,0,0,0,0,0,0,0,0,0,0,NA,NA,NA,"CD_I1003020",FALSE,1,"Brianna","Davey","away","Carlton"
"CD_M20192640705","2019-03-17T05:05:00.000+0000","CONCLUDED","2019 NAB AFLW Season","Round 7",7,"Mission Whitten Oval","Western Bulldogs","Western Bulldogs","Carlton","Carlton",7,"https://s.afl.com.au/staticfile/AFL Tenant/AFL/Players/ChampIDImages/AFLW/2019264/998039.png?im=Scale,width=0.6,height=0.6","CHF","CD_I998039",FALSE,7,"Tayla","Harris","CD_T8096",NA,88,1,1,NA,7,2,9,3,0,3,7,2,9,1,2,2,0,0,33.3,2,1,0,54,0,0,33.3,0,NA,"2019-03-18T00:04:37.826+0000",2,0,1,3,NA,NA,NA,5,158,0,1,1,0,0,0,0,0,0,0,0,0,0,0,0,0,0,0,0,0,0,0,0,0,0,0,NA,NA,NA,"CD_I998039",FALSE,7,"Tayla","Harris","away","Carlton"
"CD_M20192640705","2019-03-17T05:05:00.000+0000","CONCLUDED","2019 NAB AFLW Season","Round 7",7,"Mission Whitten Oval","Western Bulldogs","Western Bulldogs","Carlton","Carlton",16,"https://s.afl.com.au/staticfile/AFL Tenant/AFL/Players/ChampIDImages/AFLW/2019264/1007023.png?im=Scale,width=0.6,height=0.6","HFFR","CD_I1007023",FALSE,16,"Breann","Moody","CD_T8096",NA,65,0,1,NA,2,0,2,1,0,2,2,0,2,1,0,1,8,2,50,1,0,1,23,0,0,0,0,NA,"2019-03-18T00:04:37.826+0000",0,1,0,1,NA,NA,NA,1,65,0,1,1,0,0,0,0,0,0,0,0,0,0,0,0,0,0,0,0,0,0,0,0,0,0,0,NA,NA,NA,"CD_I1007023",FALSE,16,"Breann","Moody","away","Carlton"
"CD_M20192640705","2019-03-17T05:05:00.000+0000","CONCLUDED","2019 NAB AFLW Season","Round 7",7,"Mission Whitten Oval","Western Bulldogs","Western Bulldogs","Carlton","Carlton",4,"https://s.afl.com.au/staticfile/AFL Tenant/AFL/Players/ChampIDImages/AFLW/2019264/1009885.png?im=Scale,width=0.6,height=0.6","HFFL","CD_I1009885",FALSE,4,"Madison","Prespakis","CD_T8096",NA,76,0,0,NA,12,7,19,0,0,4,10,9,19,2,0,0,0,1,42.1,4,0,0,66,2,0,0,0,NA,"2019-03-18T00:04:37.826+0000",8,1,1,0,NA,NA,NA,1,318,0,4,4,0,0,0,0,0,0,0,0,0,0,0,0,0,0,0,0,0,0,0,0,0,0,0,NA,NA,NA,"CD_I1009885",FALSE,4,"Madison","Prespakis","away","Carlton"
"CD_M20192640705","2019-03-17T05:05:00.000+0000","CONCLUDED","2019 NAB AFLW Season","Round 7",7,"Mission Whitten Oval","Western Bulldogs","Western Bulldogs","Carlton","Carlton",2,"https://s.afl.com.au/staticfile/AFL Tenant/AFL/Players/ChampIDImages/AFLW/2019264/1007016.png?im=Scale,width=0.6,height=0.6","C","CD_I1007016",FALSE,2,"Katie","Loynes","CD_T8096",NA,75,0,1,NA,2,5,7,2,0,1,3,4,7,1,1,1,0,0,57.1,3,0,0,27,0,1,0,0,NA,"2019-03-18T00:04:37.826+0000",2,0,0,2,NA,NA,NA,2,99,0,1,1,0,0,0,0,0,0,0,0,0,0,0,0,0,0,0,0,0,0,0,0,0,0,0,NA,NA,NA,"CD_I1007016",FALSE,2,"Katie","Loynes","away","Carlton"
"CD_M20192640705","2019-03-17T05:05:00.000+0000","CONCLUDED","2019 NAB AFLW Season","Round 7",7,"Mission Whitten Oval","Western Bulldogs","Western Bulldogs","Carlton","Carlton",15,"https://s.afl.com.au/staticfile/AFL Tenant/AFL/Players/ChampIDImages/AFLW/2019264/1012549.png?im=Scale,width=0.6,height=0.6","R","CD_I1012549",FALSE,15,"Chloe","Dalton","CD_T8096",NA,75,2,0,NA,5,4,9,2,0,3,6,4,10,2,0,0,0,0,66.7,3,3,1,53,0,1,100,0,NA,"2019-03-18T00:04:37.826+0000",2,1,0,2,NA,NA,NA,3,162,0,0,0,0,0,0,0,0,0,0,0,0,0,0,0,0,0,0,0,0,0,0,0,0,0,0,NA,NA,NA,"CD_I1012549",FALSE,15,"Chloe","Dalton","away","Carlton"
"CD_M20192640705","2019-03-17T05:05:00.000+0000","CONCLUDED","2019 NAB AFLW Season","Round 7",7,"Mission Whitten Oval","Western Bulldogs","Western Bulldogs","Carlton","Carlton",36,"https://s.afl.com.au/staticfile/AFL Tenant/AFL/Players/ChampIDImages/AFLW/2019264/1012659.png?im=Scale,width=0.6,height=0.6","FB","CD_I1012659",FALSE,36,"Jayde","Van Dyk","CD_T8096",NA,92,0,0,NA,6,7,13,4,0,3,7,6,13,1,0,2,0,0,61.5,0,1,0,57,5,0,0,0,NA,"2019-03-18T00:04:37.826+0000",1,8,0,0,NA,NA,NA,1,115,0,0,0,0,0,0,0,0,0,0,0,0,0,0,0,0,0,0,0,0,0,0,0,0,0,0,NA,NA,NA,"CD_I1012659",FALSE,36,"Jayde","Van Dyk","away","Carlton"
"CD_M20192640705","2019-03-17T05:05:00.000+0000","CONCLUDED","2019 NAB AFLW Season","Round 7",7,"Mission Whitten Oval","Western Bulldogs","Western Bulldogs","Carlton","Carlton",9,"https://s.afl.com.au/staticfile/AFL Tenant/AFL/Players/ChampIDImages/AFLW/2019264/1009977.png?im=Scale,width=0.6,height=0.6","CHB","CD_I1009977",FALSE,9,"Kerryn","Harrington","CD_T8096",NA,95,0,0,NA,8,2,10,1,0,1,4,2,6,1,0,0,0,5,70,1,1,0,36,4,0,0,0,NA,"2019-03-18T00:04:37.826+0000",2,5,0,0,NA,NA,NA,1,254,0,0,0,0,0,0,0,0,0,0,0,0,0,0,0,0,0,0,0,0,0,0,0,0,0,0,NA,NA,NA,"CD_I1009977",FALSE,9,"Kerryn","Harrington","away","Carlton"
"CD_M20192640705","2019-03-17T05:05:00.000+0000","CONCLUDED","2019 NAB AFLW Season","Round 7",7,"Mission Whitten Oval","Western Bulldogs","Western Bulldogs","Carlton","Carlton",5,"https://s.afl.com.au/staticfile/AFL Tenant/AFL/Players/ChampIDImages/AFLW/2019264/1013027.png?im=Scale,width=0.6,height=0.6","INT","CD_I1013027",FALSE,5,"Abbie","McKay","CD_T8096",NA,69,0,0,NA,3,4,7,1,0,1,3,5,8,2,0,0,0,2,42.9,2,0,0,24,0,0,0,0,NA,"2019-03-18T00:04:37.826+0000",2,0,1,0,NA,NA,NA,0,134,0,2,2,0,0,0,0,0,0,0,0,0,0,0,0,0,0,0,0,0,0,0,0,0,0,0,NA,NA,NA,"CD_I1013027",FALSE,5,"Abbie","McKay","away","Carlton"
"CD_M20192640705","2019-03-17T05:05:00.000+0000","CONCLUDED","2019 NAB AFLW Season","Round 7",7,"Mission Whitten Oval","Western Bulldogs","Western Bulldogs","Carlton","Carlton",19,"https://s.afl.com.au/staticfile/AFL Tenant/AFL/Players/ChampIDImages/AFLW/2019264/997745.png?im=Scale,width=0.6,height=0.6","INT","CD_I997745",FALSE,19,"Georgia","Gee","CD_T8096",NA,68,0,0,NA,8,3,11,1,0,4,8,3,11,3,0,0,0,1,63.6,1,1,1,47,0,1,0,0,NA,"2019-03-18T00:04:37.826+0000",3,4,0,0,NA,NA,NA,3,191,0,3,3,0,0,0,0,0,0,0,0,0,0,0,0,0,0,0,0,0,0,0,0,0,0,0,NA,NA,NA,"CD_I997745",FALSE,19,"Georgia","Gee","away","Carlton"
"CD_M20192640705","2019-03-17T05:05:00.000+0000","CONCLUDED","2019 NAB AFLW Season","Round 7",7,"Mission Whitten Oval","Western Bulldogs","Western Bulldogs","Carlton","Carlton",30,"https://s.afl.com.au/staticfile/AFL Tenant/AFL/Players/ChampIDImages/AFLW/2019264/1007003.png?im=Scale,width=0.6,height=0.6","RK","CD_I1007003",FALSE,30,"Alison","Downie","CD_T8096",NA,67,0,0,NA,5,7,12,4,0,3,7,5,12,1,0,0,28,4,91.7,0,1,0,82,3,0,0,0,NA,"2019-03-18T00:04:37.826+0000",2,6,0,0,NA,NA,NA,2,124,0,2,2,0,0,0,0,0,0,0,0,0,0,0,0,0,0,0,0,0,0,0,0,0,0,0,NA,NA,NA,"CD_I1007003",FALSE,30,"Alison","Downie","away","Carlton"
"CD_M20192640705","2019-03-17T05:05:00.000+0000","CONCLUDED","2019 NAB AFLW Season","Round 7",7,"Mission Whitten Oval","Western Bulldogs","Western Bulldogs","Carlton","Carlton",12,"https://s.afl.com.au/staticfile/AFL Tenant/AFL/Players/ChampIDImages/AFLW/2019264/1006996.png?im=Scale,width=0.6,height=0.6","FPR","CD_I1006996",FALSE,12,"Lauren","Brazzale","CD_T8096",NA,74,0,1,NA,6,0,6,1,0,1,2,5,7,1,0,0,0,1,50,1,0,0,26,0,0,0,0,NA,"2019-03-18T00:04:37.826+0000",1,0,1,1,NA,NA,NA,1,241,0,0,0,0,0,0,0,0,0,0,0,0,0,0,0,0,0,0,0,0,0,0,0,0,0,0,NA,NA,NA,"CD_I1006996",FALSE,12,"Lauren","Brazzale","away","Carlton"
"CD_M20192640705","2019-03-17T05:05:00.000+0000","CONCLUDED","2019 NAB AFLW Season","Round 7",7,"Mission Whitten Oval","Western Bulldogs","Western Bulldogs","Carlton","Carlton",10,"https://s.afl.com.au/staticfile/AFL Tenant/AFL/Players/ChampIDImages/AFLW/2019264/1006666.png?im=Scale,width=0.6,height=0.6","RR","CD_I1006666",FALSE,10,"Sarah","Hosking","CD_T8096",NA,66,0,0,NA,5,3,8,3,0,0,4,6,10,2,0,0,0,0,62.5,0,0,0,30,0,2,0,0,NA,"2019-03-18T00:04:37.826+0000",0,1,0,0,NA,NA,NA,3,147,0,0,0,0,0,0,0,0,0,0,0,0,0,0,0,0,0,0,0,0,0,0,0,0,0,0,NA,NA,NA,"CD_I1006666",FALSE,10,"Sarah","Hosking","away","Carlton"
"CD_M20192640705","2019-03-17T05:05:00.000+0000","CONCLUDED","2019 NAB AFLW Season","Round 7",7,"Mission Whitten Oval","Western Bulldogs","Western Bulldogs","Carlton","Carlton",18,"https://s.afl.com.au/staticfile/AFL Tenant/AFL/Players/ChampIDImages/AFLW/2019264/1007017.png?im=Scale,width=0.6,height=0.6","INT","CD_I1007017",FALSE,18,"Tilly","Lucas-Rodd","CD_T8096",NA,72,0,0,NA,3,0,3,1,2,5,2,2,4,1,0,0,0,0,33.3,6,2,3,25,0,0,0,0,NA,"2019-03-18T00:04:37.826+0000",5,1,4,0,NA,NA,NA,0,85,0,0,0,0,0,0,0,0,0,0,0,0,0,0,0,0,0,0,0,0,0,0,0,0,0,0,NA,NA,NA,"CD_I1007017",FALSE,18,"Tilly","Lucas-Rodd","away","Carlton"
"CD_M20192640705","2019-03-17T05:05:00.000+0000","CONCLUDED","2019 NAB AFLW Season","Round 7",7,"Mission Whitten Oval","Western Bulldogs","Western Bulldogs","Carlton","Carlton",8,"https://s.afl.com.au/staticfile/AFL Tenant/AFL/Players/ChampIDImages/AFLW/2019264/997683.png?im=Scale,width=0.6,height=0.6","INT","CD_I997683",FALSE,8,"Amelia","Mullane","CD_T8096",NA,61,0,0,NA,2,4,6,2,0,6,6,3,9,2,0,0,1,0,16.7,4,0,2,39,0,0,0,0,NA,"2019-03-18T00:04:37.826+0000",2,3,0,0,NA,NA,NA,1,99,0,0,0,0,0,0,0,0,0,0,0,0,0,0,0,0,0,0,0,0,0,0,0,0,0,0,NA,NA,NA,"CD_I997683",FALSE,8,"Amelia","Mullane","away","Carlton"
"CD_M20192640705","2019-03-17T05:05:00.000+0000","CONCLUDED","2019 NAB AFLW Season","Round 7",7,"Mission Whitten Oval","Western Bulldogs","Western Bulldogs","Carlton","Carlton",21,"https://s.afl.com.au/staticfile/AFL Tenant/AFL/Players/ChampIDImages/AFLW/2019264/998164.png?im=Scale,width=0.6,height=0.6","BPL","CD_I998164",FALSE,21,"Nicola","Stevens","CD_T8096",NA,83,0,0,NA,8,2,10,3,0,0,3,5,8,0,0,1,0,2,60,2,1,2,32,6,1,0,0,NA,"2019-03-18T00:04:37.826+0000",2,5,0,0,NA,NA,NA,1,218,0,0,0,0,0,0,0,0,0,0,0,0,0,0,0,0,0,0,0,0,0,0,0,0,0,0,NA,NA,NA,"CD_I998164",FALSE,21,"Nicola","Stevens","away","Carlton"
"CD_M20192640705","2019-03-17T05:05:00.000+0000","CONCLUDED","2019 NAB AFLW Season","Round 7",7,"Mission Whitten Oval","Western Bulldogs","Western Bulldogs","Carlton","Carlton",20,"https://s.afl.com.au/staticfile/AFL Tenant/AFL/Players/ChampIDImages/AFLW/2019264/1009880.png?im=Scale,width=0.6,height=0.6","INT","CD_I1009880",FALSE,20,"Charlotte","Wilson","CD_T8096",NA,69,0,0,NA,4,0,4,3,0,1,2,2,4,0,0,2,0,1,50,0,0,0,25,2,0,0,0,NA,"2019-03-18T00:04:37.826+0000",1,2,0,0,NA,NA,NA,0,82,0,0,0,0,0,0,0,0,0,0,0,0,0,0,0,0,0,0,0,0,0,0,0,0,0,0,NA,NA,NA,"CD_I1009880",FALSE,20,"Charlotte","Wilson","away","Carlton"
"CD_M20192640801","2019-03-23T03:45:00.000+0000","CONCLUDED","2019 NAB AFLW Season","Preliminary Finals",8,"IKON Park","Carlton","Carlton","Fremantle","Fremantle",12,"https://s.afl.com.au/staticfile/AFL Tenant/AFL/Players/ChampIDImages/AFLW/2019264/1006996.png?im=Scale,width=0.6,height=0.6","HFFL","CD_I1006996",FALSE,12,"Lauren","Brazzale","CD_T8096",NA,78,0,2,NA,16,6,22,2,0,0,8,14,22,7,0,0,0,2,40.9,4,1,2,63,1,0,0,0,NA,"2019-03-25T01:29:21.984+0000",6,6,0,2,NA,NA,NA,3,501,0,1,1,0,0,0,0,0,0,0,0,0,0,0,0,0,0,0,0,0,0,0,0,0,0,0,NA,NA,NA,"CD_I1006996",FALSE,12,"Lauren","Brazzale","home","Carlton"
"CD_M20192640801","2019-03-23T03:45:00.000+0000","CONCLUDED","2019 NAB AFLW Season","Preliminary Finals",8,"IKON Park","Carlton","Carlton","Fremantle","Fremantle",25,"https://s.afl.com.au/staticfile/AFL Tenant/AFL/Players/ChampIDImages/AFLW/2019264/1005278.png?im=Scale,width=0.6,height=0.6","INT","CD_I1005278",FALSE,25,"Jessica","Edwards","CD_T8096",NA,63,0,0,NA,2,8,10,0,0,1,7,4,11,2,0,0,0,0,40,4,0,1,23,0,0,0,0,NA,"2019-03-25T01:29:21.984+0000",3,2,1,0,NA,NA,NA,1,23,0,0,0,0,0,0,0,0,0,0,0,0,0,0,0,0,0,0,0,0,0,0,0,0,0,0,NA,NA,NA,"CD_I1005278",FALSE,25,"Jessica","Edwards","home","Carlton"
"CD_M20192640801","2019-03-23T03:45:00.000+0000","CONCLUDED","2019 NAB AFLW Season","Preliminary Finals",8,"IKON Park","Carlton","Carlton","Fremantle","Fremantle",18,"https://s.afl.com.au/staticfile/AFL Tenant/AFL/Players/ChampIDImages/AFLW/2019264/1007017.png?im=Scale,width=0.6,height=0.6","INT","CD_I1007017",FALSE,18,"Tilly","Lucas-Rodd","CD_T8096",NA,60,1,1,NA,7,3,10,2,0,3,6,5,11,1,2,0,0,1,50,3,1,2,47,0,0,33.3,0,NA,"2019-03-25T01:29:21.984+0000",4,0,2,3,NA,NA,NA,4,158,0,0,0,0,0,0,0,0,0,0,0,0,0,0,0,0,0,0,0,0,0,0,0,0,0,0,NA,NA,NA,"CD_I1007017",FALSE,18,"Tilly","Lucas-Rodd","home","Carlton"
"CD_M20192640801","2019-03-23T03:45:00.000+0000","CONCLUDED","2019 NAB AFLW Season","Preliminary Finals",8,"IKON Park","Carlton","Carlton","Fremantle","Fremantle",10,"https://s.afl.com.au/staticfile/AFL Tenant/AFL/Players/ChampIDImages/AFLW/2019264/1006666.png?im=Scale,width=0.6,height=0.6","R","CD_I1006666",FALSE,10,"Sarah","Hosking","CD_T8096",NA,68,1,0,NA,7,3,10,1,0,3,5,5,10,5,1,0,0,1,70,0,2,0,50,0,1,100,0,NA,"2019-03-25T01:29:21.984+0000",0,3,0,1,NA,NA,NA,6,157,0,2,2,0,0,0,0,0,0,0,0,0,0,0,0,0,0,0,0,0,0,0,0,0,0,0,NA,NA,NA,"CD_I1006666",FALSE,10,"Sarah","Hosking","home","Carlton"
"CD_M20192640801","2019-03-23T03:45:00.000+0000","CONCLUDED","2019 NAB AFLW Season","Preliminary Finals",8,"IKON Park","Carlton","Carlton","Fremantle","Fremantle",2,"https://s.afl.com.au/staticfile/AFL Tenant/AFL/Players/ChampIDImages/AFLW/2019264/1007016.png?im=Scale,width=0.6,height=0.6","HFFR","CD_I1007016",FALSE,2,"Katie","Loynes","CD_T8096",NA,81,0,1,NA,5,4,9,2,0,4,5,5,10,3,0,0,0,0,66.7,1,2,0,48,1,0,0,0,NA,"2019-03-25T01:29:21.984+0000",2,2,2,1,NA,NA,NA,1,176,0,1,1,0,0,0,0,0,0,0,0,0,0,0,0,0,0,0,0,0,0,0,0,0,0,0,NA,NA,NA,"CD_I1007016",FALSE,2,"Katie","Loynes","home","Carlton"
"CD_M20192640801","2019-03-23T03:45:00.000+0000","CONCLUDED","2019 NAB AFLW Season","Preliminary Finals",8,"IKON Park","Carlton","Carlton","Fremantle","Fremantle",16,"https://s.afl.com.au/staticfile/AFL Tenant/AFL/Players/ChampIDImages/AFLW/2019264/1007023.png?im=Scale,width=0.6,height=0.6","CHF","CD_I1007023",FALSE,16,"Breann","Moody","CD_T8096",NA,78,1,1,NA,4,2,6,0,2,0,3,5,8,1,0,0,7,1,83.3,1,1,1,28,0,1,50,0,NA,"2019-03-25T01:29:21.984+0000",1,0,0,2,NA,NA,NA,5,202,0,0,0,0,0,0,0,0,0,0,0,0,0,0,0,0,0,0,0,0,0,0,0,0,0,0,NA,NA,NA,"CD_I1007023",FALSE,16,"Breann","Moody","home","Carlton"
"CD_M20192640801","2019-03-23T03:45:00.000+0000","CONCLUDED","2019 NAB AFLW Season","Preliminary Finals",8,"IKON Park","Carlton","Carlton","Fremantle","Fremantle",9,"https://s.afl.com.au/staticfile/AFL Tenant/AFL/Players/ChampIDImages/AFLW/2019264/1009977.png?im=Scale,width=0.6,height=0.6","FB","CD_I1009977",FALSE,9,"Kerryn","Harrington","CD_T8096",NA,89,0,0,NA,5,1,6,3,0,1,2,4,6,0,0,2,0,2,66.7,2,1,1,28,3,0,0,0,NA,"2019-03-25T01:29:21.984+0000",2,2,0,0,NA,NA,NA,1,105,0,0,0,0,0,0,0,0,0,0,0,0,0,0,0,0,0,0,0,0,0,0,0,0,0,0,NA,NA,NA,"CD_I1009977",FALSE,9,"Kerryn","Harrington","home","Carlton"
"CD_M20192640801","2019-03-23T03:45:00.000+0000","CONCLUDED","2019 NAB AFLW Season","Preliminary Finals",8,"IKON Park","Carlton","Carlton","Fremantle","Fremantle",6,"https://s.afl.com.au/staticfile/AFL Tenant/AFL/Players/ChampIDImages/AFLW/2019264/1007026.png?im=Scale,width=0.6,height=0.6","HBFR","CD_I1007026",FALSE,6,"Gabriella","Pound","CD_T8096",NA,80,0,0,NA,7,4,11,1,0,0,6,5,11,0,0,0,0,1,63.6,1,2,0,34,2,0,0,0,NA,"2019-03-25T01:29:21.984+0000",1,6,0,0,NA,NA,NA,0,108,0,0,0,0,0,0,0,0,0,0,0,0,0,0,0,0,0,0,0,0,0,0,0,0,0,0,NA,NA,NA,"CD_I1007026",FALSE,6,"Gabriella","Pound","home","Carlton"
"CD_M20192640801","2019-03-23T03:45:00.000+0000","CONCLUDED","2019 NAB AFLW Season","Preliminary Finals",8,"IKON Park","Carlton","Carlton","Fremantle","Fremantle",36,"https://s.afl.com.au/staticfile/AFL Tenant/AFL/Players/ChampIDImages/AFLW/2019264/1012659.png?im=Scale,width=0.6,height=0.6","BPL","CD_I1012659",FALSE,36,"Jayde","Van Dyk","CD_T8096",NA,95,0,0,NA,3,5,8,2,0,1,1,6,7,0,0,0,0,0,75,0,0,0,29,2,0,0,0,NA,"2019-03-25T01:29:21.984+0000",0,4,0,0,NA,NA,NA,1,88,0,0,0,0,0,0,0,0,0,0,0,0,0,0,0,0,0,0,0,0,0,0,0,0,0,0,NA,NA,NA,"CD_I1012659",FALSE,36,"Jayde","Van Dyk","home","Carlton"
"CD_M20192640801","2019-03-23T03:45:00.000+0000","CONCLUDED","2019 NAB AFLW Season","Preliminary Finals",8,"IKON Park","Carlton","Carlton","Fremantle","Fremantle",20,"https://s.afl.com.au/staticfile/AFL Tenant/AFL/Players/ChampIDImages/AFLW/2019264/1009880.png?im=Scale,width=0.6,height=0.6","CHB","CD_I1009880",FALSE,20,"Charlotte","Wilson","CD_T8096",NA,62,0,0,NA,1,1,2,1,0,0,1,1,2,0,0,0,0,1,100,1,0,1,5,1,0,0,0,NA,"2019-03-25T01:29:21.984+0000",0,1,0,0,NA,NA,NA,0,27,0,0,0,0,0,0,0,0,0,0,0,0,0,0,0,0,0,0,0,0,0,0,0,0,0,0,NA,NA,NA,"CD_I1009880",FALSE,20,"Charlotte","Wilson","home","Carlton"
"CD_M20192640801","2019-03-23T03:45:00.000+0000","CONCLUDED","2019 NAB AFLW Season","Preliminary Finals",8,"IKON Park","Carlton","Carlton","Fremantle","Fremantle",4,"https://s.afl.com.au/staticfile/AFL Tenant/AFL/Players/ChampIDImages/AFLW/2019264/1009885.png?im=Scale,width=0.6,height=0.6","RR","CD_I1009885",FALSE,4,"Madison","Prespakis","CD_T8096",NA,77,1,1,NA,15,4,19,3,0,6,16,3,19,3,0,1,0,0,42.1,3,3,2,90,2,0,33.3,0,NA,"2019-03-25T01:29:21.984+0000",4,6,2,3,NA,NA,NA,5,298,2,4,6,0,0,0,0,0,0,0,0,0,0,0,0,0,0,0,0,0,0,0,0,0,0,0,NA,NA,NA,"CD_I1009885",FALSE,4,"Madison","Prespakis","home","Carlton"
"CD_M20192640801","2019-03-23T03:45:00.000+0000","CONCLUDED","2019 NAB AFLW Season","Preliminary Finals",8,"IKON Park","Carlton","Carlton","Fremantle","Fremantle",11,"https://s.afl.com.au/staticfile/AFL Tenant/AFL/Players/ChampIDImages/AFLW/2019264/1005865.png?im=Scale,width=0.6,height=0.6","INT","CD_I1005865",FALSE,11,"Jess","Hosking","CD_T8096",NA,82,0,0,NA,5,2,7,1,0,2,4,1,5,1,0,0,0,2,71.4,0,3,0,33,1,0,0,0,NA,"2019-03-25T01:29:21.984+0000",0,4,0,0,NA,NA,NA,0,111,0,0,0,0,0,0,0,0,0,0,0,0,0,0,0,0,0,0,0,0,0,0,0,0,0,0,NA,NA,NA,"CD_I1005865",FALSE,11,"Jess","Hosking","home","Carlton"
"CD_M20192640801","2019-03-23T03:45:00.000+0000","CONCLUDED","2019 NAB AFLW Season","Preliminary Finals",8,"IKON Park","Carlton","Carlton","Fremantle","Fremantle",21,"https://s.afl.com.au/staticfile/AFL Tenant/AFL/Players/ChampIDImages/AFLW/2019264/998164.png?im=Scale,width=0.6,height=0.6","BPR","CD_I998164",FALSE,21,"Nicola","Stevens","CD_T8096",NA,92,0,0,NA,6,4,10,1,0,1,6,3,9,1,0,1,0,1,50,2,1,1,31,2,0,0,0,NA,"2019-03-25T01:29:21.984+0000",4,5,0,0,NA,NA,NA,1,110,0,0,0,0,0,0,0,0,0,0,0,0,0,0,0,0,0,0,0,0,0,0,0,0,0,0,NA,NA,NA,"CD_I998164",FALSE,21,"Nicola","Stevens","home","Carlton"
"CD_M20192640801","2019-03-23T03:45:00.000+0000","CONCLUDED","2019 NAB AFLW Season","Preliminary Finals",8,"IKON Park","Carlton","Carlton","Fremantle","Fremantle",14,"https://s.afl.com.au/staticfile/AFL Tenant/AFL/Players/ChampIDImages/AFLW/2019264/1012558.png?im=Scale,width=0.6,height=0.6","FPR","CD_I1012558",FALSE,14,"Brooke","Walker","CD_T8096",NA,81,1,0,NA,5,4,9,1,0,3,3,6,9,1,0,0,0,0,55.6,3,1,2,39,0,0,100,0,NA,"2019-03-25T01:29:21.984+0000",3,0,3,1,NA,NA,NA,2,91,0,0,0,0,0,0,0,0,0,0,0,0,0,0,0,0,0,0,0,0,0,0,0,0,0,0,NA,NA,NA,"CD_I1012558",FALSE,14,"Brooke","Walker","home","Carlton"
"CD_M20192640801","2019-03-23T03:45:00.000+0000","CONCLUDED","2019 NAB AFLW Season","Preliminary Finals",8,"IKON Park","Carlton","Carlton","Fremantle","Fremantle",30,"https://s.afl.com.au/staticfile/AFL Tenant/AFL/Players/ChampIDImages/AFLW/2019264/1007003.png?im=Scale,width=0.6,height=0.6","RK","CD_I1007003",FALSE,30,"Alison","Downie","CD_T8096",NA,70,0,0,NA,6,7,13,3,0,3,7,4,11,3,0,2,27,1,53.8,2,1,1,78,1,0,0,0,NA,"2019-03-25T01:29:21.984+0000",3,7,0,0,NA,NA,NA,3,169,1,0,1,0,0,0,0,0,0,0,0,0,0,0,0,0,0,0,0,0,0,0,0,0,0,0,NA,NA,NA,"CD_I1007003",FALSE,30,"Alison","Downie","home","Carlton"
"CD_M20192640801","2019-03-23T03:45:00.000+0000","CONCLUDED","2019 NAB AFLW Season","Preliminary Finals",8,"IKON Park","Carlton","Carlton","Fremantle","Fremantle",7,"https://s.afl.com.au/staticfile/AFL Tenant/AFL/Players/ChampIDImages/AFLW/2019264/998039.png?im=Scale,width=0.6,height=0.6","FF","CD_I998039",FALSE,7,"Tayla","Harris","CD_T8096",NA,92,1,0,NA,8,2,10,4,0,4,6,6,12,1,2,1,1,0,60,5,2,3,56,0,1,50,0,NA,"2019-03-25T01:29:21.984+0000",5,2,0,2,NA,NA,NA,5,222,0,0,0,0,0,0,0,0,0,0,0,0,0,0,0,0,0,0,0,0,0,0,0,0,0,0,NA,NA,NA,"CD_I998039",FALSE,7,"Tayla","Harris","home","Carlton"
"CD_M20192640801","2019-03-23T03:45:00.000+0000","CONCLUDED","2019 NAB AFLW Season","Preliminary Finals",8,"IKON Park","Carlton","Carlton","Fremantle","Fremantle",1,"https://s.afl.com.au/staticfile/AFL Tenant/AFL/Players/ChampIDImages/AFLW/2019264/1003020.png?im=Scale,width=0.6,height=0.6","C","CD_I1003020",FALSE,1,"Brianna","Davey","CD_T8096",NA,60,0,0,NA,8,8,16,4,0,5,11,6,17,5,0,2,0,0,87.5,5,0,1,69,0,2,0,0,NA,"2019-03-25T01:29:21.984+0000",2,5,0,0,NA,NA,NA,6,235,1,3,4,0,0,0,0,0,0,0,0,0,0,0,0,0,0,0,0,0,0,0,0,0,0,0,NA,NA,NA,"CD_I1003020",FALSE,1,"Brianna","Davey","home","Carlton"
"CD_M20192640801","2019-03-23T03:45:00.000+0000","CONCLUDED","2019 NAB AFLW Season","Preliminary Finals",8,"IKON Park","Carlton","Carlton","Fremantle","Fremantle",19,"https://s.afl.com.au/staticfile/AFL Tenant/AFL/Players/ChampIDImages/AFLW/2019264/997745.png?im=Scale,width=0.6,height=0.6","INT","CD_I997745",FALSE,19,"Georgia","Gee","CD_T8096",NA,73,0,0,NA,6,4,10,1,0,3,5,5,10,2,1,0,0,0,80,0,0,0,41,0,1,0,0,NA,"2019-03-25T01:29:21.984+0000",0,3,0,0,NA,NA,NA,3,111,0,3,3,0,0,0,0,0,0,0,0,0,0,0,0,0,0,0,0,0,0,0,0,0,0,0,NA,NA,NA,"CD_I997745",FALSE,19,"Georgia","Gee","home","Carlton"
"CD_M20192640801","2019-03-23T03:45:00.000+0000","CONCLUDED","2019 NAB AFLW Season","Preliminary Finals",8,"IKON Park","Carlton","Carlton","Fremantle","Fremantle",15,"https://s.afl.com.au/staticfile/AFL Tenant/AFL/Players/ChampIDImages/AFLW/2019264/1012549.png?im=Scale,width=0.6,height=0.6","HBFL","CD_I1012549",FALSE,15,"Chloe","Dalton","CD_T8096",NA,62,2,0,NA,4,4,8,0,0,6,3,4,7,2,0,0,0,2,75,2,0,1,53,1,0,100,0,NA,"2019-03-25T01:29:21.984+0000",1,0,1,2,NA,NA,NA,4,207,0,2,2,0,0,0,0,0,0,0,0,0,0,0,0,0,0,0,0,0,0,0,0,0,0,0,NA,NA,NA,"CD_I1012549",FALSE,15,"Chloe","Dalton","home","Carlton"
"CD_M20192640801","2019-03-23T03:45:00.000+0000","CONCLUDED","2019 NAB AFLW Season","Preliminary Finals",8,"IKON Park","Carlton","Carlton","Fremantle","Fremantle",8,"https://s.afl.com.au/staticfile/AFL Tenant/AFL/Players/ChampIDImages/AFLW/2019264/997683.png?im=Scale,width=0.6,height=0.6","INT","CD_I997683",FALSE,8,"Amelia","Mullane","CD_T8096",NA,55,0,0,NA,7,3,10,1,0,5,10,1,11,4,1,0,0,0,40,1,3,1,50,0,0,0,0,NA,"2019-03-25T01:29:21.984+0000",3,2,1,1,NA,NA,NA,1,150,2,5,7,0,0,0,0,0,0,0,0,0,0,0,0,0,0,0,0,0,0,0,0,0,0,0,NA,NA,NA,"CD_I997683",FALSE,8,"Amelia","Mullane","home","Carlton"
"CD_M20192640801","2019-03-23T03:45:00.000+0000","CONCLUDED","2019 NAB AFLW Season","Preliminary Finals",8,"IKON Park","Carlton","Carlton","Fremantle","Fremantle",3,"https://s.afl.com.au/staticfile/AFL Tenant/AFL/Players/ChampIDImages/AFLW/2019264/997663.png?im=Scale,width=0.6,height=0.6","FPL","CD_I997663",FALSE,3,"Darcy","Vescio","CD_T8096",NA,90,1,0,NA,4,5,9,3,0,1,6,2,8,1,2,2,0,0,66.7,1,0,1,38,0,1,50,0,NA,"2019-03-25T01:29:21.984+0000",2,1,1,2,NA,NA,NA,6,101,0,0,0,0,0,0,0,0,0,0,0,0,0,0,0,0,0,0,0,0,0,0,0,0,0,0,NA,NA,NA,"CD_I997663",FALSE,3,"Darcy","Vescio","home","Carlton"
"CD_M20192640801","2019-03-23T03:45:00.000+0000","CONCLUDED","2019 NAB AFLW Season","Preliminary Finals",8,"IKON Park","Carlton","Carlton","Fremantle","Fremantle",10,"https://s.afl.com.au/staticfile/AFL Tenant/AFL/Players/ChampIDImages/AFLW/2019264/998152.png?im=Scale,width=0.6,height=0.6","BPR","CD_I998152",FALSE,10,"Melissa","Caulfield","CD_T7886",NA,65,0,0,NA,3,0,3,1,0,4,3,1,4,0,0,0,0,0,66.7,2,2,2,24,1,0,0,0,NA,"2019-03-25T01:29:21.984+0000",2,2,1,0,NA,NA,NA,1,84,0,1,1,0,0,0,0,0,0,0,0,0,0,0,0,0,0,0,0,0,0,0,0,0,0,0,NA,NA,NA,"CD_I998152",FALSE,10,"Melissa","Caulfield","away","Fremantle"
"CD_M20192640801","2019-03-23T03:45:00.000+0000","CONCLUDED","2019 NAB AFLW Season","Preliminary Finals",8,"IKON Park","Carlton","Carlton","Fremantle","Fremantle",17,"https://s.afl.com.au/staticfile/AFL Tenant/AFL/Players/ChampIDImages/AFLW/2019264/998156.png?im=Scale,width=0.6,height=0.6","RR","CD_I998156",FALSE,17,"Dana","Hooker","CD_T7886",NA,64,0,0,NA,9,3,12,2,0,5,8,3,11,0,0,0,0,1,50,3,4,0,63,4,0,0,0,NA,"2019-03-25T01:29:21.984+0000",6,6,0,0,NA,NA,NA,0,155,0,2,2,0,0,0,0,0,0,0,0,0,0,0,0,0,0,0,0,0,0,0,0,0,0,0,NA,NA,NA,"CD_I998156",FALSE,17,"Dana","Hooker","away","Fremantle"
"CD_M20192640801","2019-03-23T03:45:00.000+0000","CONCLUDED","2019 NAB AFLW Season","Preliminary Finals",8,"IKON Park","Carlton","Carlton","Fremantle","Fremantle",20,"https://s.afl.com.au/staticfile/AFL Tenant/AFL/Players/ChampIDImages/AFLW/2019264/1006997.png?im=Scale,width=0.6,height=0.6","R","CD_I1006997",FALSE,20,"Stephanie","Cain","CD_T7886",NA,76,0,1,NA,4,2,6,2,0,3,5,2,7,2,1,0,0,1,66.7,1,1,1,33,0,0,0,0,NA,"2019-03-25T01:29:21.984+0000",2,2,0,1,NA,NA,NA,1,141,0,2,2,0,0,0,0,0,0,0,0,0,0,0,0,0,0,0,0,0,0,0,0,0,0,0,NA,NA,NA,"CD_I1006997",FALSE,20,"Stephanie","Cain","away","Fremantle"
"CD_M20192640801","2019-03-23T03:45:00.000+0000","CONCLUDED","2019 NAB AFLW Season","Preliminary Finals",8,"IKON Park","Carlton","Carlton","Fremantle","Fremantle",22,"https://s.afl.com.au/staticfile/AFL Tenant/AFL/Players/ChampIDImages/AFLW/2019264/1007144.png?im=Scale,width=0.6,height=0.6","INT","CD_I1007144",FALSE,22,"Gabby","O'Sullivan","CD_T7886",NA,85,2,0,NA,5,1,6,0,0,2,2,2,4,2,0,0,0,1,66.7,3,0,2,31,0,0,100,0,NA,"2019-03-25T01:29:21.984+0000",2,1,1,2,NA,NA,NA,3,82,0,0,0,0,0,0,0,0,0,0,0,0,0,0,0,0,0,0,0,0,0,0,0,0,0,0,NA,NA,NA,"CD_I1007144",FALSE,22,"Gabby","O'Sullivan","away","Fremantle"
"CD_M20192640801","2019-03-23T03:45:00.000+0000","CONCLUDED","2019 NAB AFLW Season","Preliminary Finals",8,"IKON Park","Carlton","Carlton","Fremantle","Fremantle",23,"https://s.afl.com.au/staticfile/AFL Tenant/AFL/Players/ChampIDImages/AFLW/2019264/1009893.png?im=Scale,width=0.6,height=0.6","INT","CD_I1009893",FALSE,23,"Matilda","Sergeant","CD_T7886",NA,82,0,0,NA,2,4,6,0,0,1,3,3,6,0,0,0,0,2,83.3,0,1,0,19,1,0,0,0,NA,"2019-03-25T01:29:21.984+0000",2,2,0,0,NA,NA,NA,1,62,0,1,1,0,0,0,0,0,0,0,0,0,0,0,0,0,0,0,0,0,0,0,0,0,0,0,NA,NA,NA,"CD_I1009893",FALSE,23,"Matilda","Sergeant","away","Fremantle"
"CD_M20192640801","2019-03-23T03:45:00.000+0000","CONCLUDED","2019 NAB AFLW Season","Preliminary Finals",8,"IKON Park","Carlton","Carlton","Fremantle","Fremantle",18,"https://s.afl.com.au/staticfile/AFL Tenant/AFL/Players/ChampIDImages/AFLW/2019264/1012248.png?im=Scale,width=0.6,height=0.6","HBFR","CD_I1012248",FALSE,18,"Philipa","Seth","CD_T7886",NA,92,0,0,NA,5,2,7,2,0,2,2,4,6,0,0,1,0,1,85.7,1,0,0,33,3,0,0,0,NA,"2019-03-25T01:29:21.984+0000",2,3,0,0,NA,NA,NA,1,134,0,1,1,0,0,0,0,0,0,0,0,0,0,0,0,0,0,0,0,0,0,0,0,0,0,0,NA,NA,NA,"CD_I1012248",FALSE,18,"Philipa","Seth","away","Fremantle"
"CD_M20192640801","2019-03-23T03:45:00.000+0000","CONCLUDED","2019 NAB AFLW Season","Preliminary Finals",8,"IKON Park","Carlton","Carlton","Fremantle","Fremantle",1,"https://s.afl.com.au/staticfile/AFL Tenant/AFL/Players/ChampIDImages/AFLW/2019264/1005416.png?im=Scale,width=0.6,height=0.6","FPR","CD_I1005416",FALSE,1,"Ashley","Sharp","CD_T7886",NA,87,0,2,NA,5,5,10,1,0,4,6,4,10,4,1,1,0,0,40,0,1,0,47,0,1,0,0,NA,"2019-03-25T01:29:21.984+0000",1,2,1,2,NA,NA,NA,5,235,0,0,0,0,0,0,0,0,0,0,0,0,0,0,0,0,0,0,0,0,0,0,0,0,0,0,NA,NA,NA,"CD_I1005416",FALSE,1,"Ashley","Sharp","away","Fremantle"
"CD_M20192640801","2019-03-23T03:45:00.000+0000","CONCLUDED","2019 NAB AFLW Season","Preliminary Finals",8,"IKON Park","Carlton","Carlton","Fremantle","Fremantle",24,"https://s.afl.com.au/staticfile/AFL Tenant/AFL/Players/ChampIDImages/AFLW/2019264/1013937.png?im=Scale,width=0.6,height=0.6","INT","CD_I1013937",FALSE,24,"Angelique","Stannett","CD_T7886",NA,74,0,0,NA,2,0,2,0,0,2,3,0,3,0,0,0,0,2,50,1,1,1,12,2,0,0,0,NA,"2019-03-25T01:29:21.984+0000",1,3,0,0,NA,NA,NA,0,74,0,0,0,0,0,0,0,0,0,0,0,0,0,0,0,0,0,0,0,0,0,0,0,0,0,0,NA,NA,NA,"CD_I1013937",FALSE,24,"Angelique","Stannett","away","Fremantle"
"CD_M20192640801","2019-03-23T03:45:00.000+0000","CONCLUDED","2019 NAB AFLW Season","Preliminary Finals",8,"IKON Park","Carlton","Carlton","Fremantle","Fremantle",14,"https://s.afl.com.au/staticfile/AFL Tenant/AFL/Players/ChampIDImages/AFLW/2019264/1001680.png?im=Scale,width=0.6,height=0.6","RK","CD_I1001680",FALSE,14,"Leah","Mascall","CD_T7886",NA,67,0,0,NA,3,2,5,1,0,4,3,2,5,0,0,0,0,0,60,1,1,0,33,0,0,0,0,NA,"2019-03-25T01:29:21.984+0000",2,4,0,0,NA,NA,NA,0,37,0,0,0,0,0,0,0,0,0,0,0,0,0,0,0,0,0,0,0,0,0,0,0,0,0,0,NA,NA,NA,"CD_I1001680",FALSE,14,"Leah","Mascall","away","Fremantle"
"CD_M20192640801","2019-03-23T03:45:00.000+0000","CONCLUDED","2019 NAB AFLW Season","Preliminary Finals",8,"IKON Park","Carlton","Carlton","Fremantle","Fremantle",8,"https://s.afl.com.au/staticfile/AFL Tenant/AFL/Players/ChampIDImages/AFLW/2019264/1010656.png?im=Scale,width=0.6,height=0.6","CHB","CD_I1010656",FALSE,8,"Evangeline","Gooch","CD_T7886",NA,83,0,0,NA,11,0,11,0,1,2,2,2,4,0,0,0,0,5,54.5,3,0,0,41,7,0,0,0,NA,"2019-03-25T01:29:21.984+0000",6,2,0,0,NA,NA,NA,1,362,0,1,1,0,0,0,0,0,0,0,0,0,0,0,0,0,0,0,0,0,0,0,0,0,0,0,NA,NA,NA,"CD_I1010656",FALSE,8,"Evangeline","Gooch","away","Fremantle"
"CD_M20192640801","2019-03-23T03:45:00.000+0000","CONCLUDED","2019 NAB AFLW Season","Preliminary Finals",8,"IKON Park","Carlton","Carlton","Fremantle","Fremantle",27,"https://s.afl.com.au/staticfile/AFL Tenant/AFL/Players/ChampIDImages/AFLW/2019264/1007141.png?im=Scale,width=0.6,height=0.6","FF","CD_I1007141",FALSE,27,"Gemma","Houghton","CD_T7886",NA,76,1,0,NA,4,4,8,4,0,0,5,4,9,2,1,1,0,1,75,1,1,1,36,0,0,100,0,NA,"2019-03-25T01:29:21.984+0000",0,0,0,1,NA,NA,NA,4,151,0,0,0,0,0,0,0,0,0,0,0,0,0,0,0,0,0,0,0,0,0,0,0,0,0,0,NA,NA,NA,"CD_I1007141",FALSE,27,"Gemma","Houghton","away","Fremantle"
"CD_M20192640801","2019-03-23T03:45:00.000+0000","CONCLUDED","2019 NAB AFLW Season","Preliminary Finals",8,"IKON Park","Carlton","Carlton","Fremantle","Fremantle",11,"https://s.afl.com.au/staticfile/AFL Tenant/AFL/Players/ChampIDImages/AFLW/2019264/1012251.png?im=Scale,width=0.6,height=0.6","BPL","CD_I1012251",FALSE,11,"Parris","Laurie","CD_T7886",NA,80,0,0,NA,3,5,8,1,0,2,8,2,10,0,0,0,12,0,50,5,1,3,34,2,0,0,0,NA,"2019-03-25T01:29:21.984+0000",5,3,1,0,NA,NA,NA,1,40,1,5,6,0,0,0,0,0,0,0,0,0,0,0,0,0,0,0,0,0,0,0,0,0,0,0,NA,NA,NA,"CD_I1012251",FALSE,11,"Parris","Laurie","away","Fremantle"
"CD_M20192640801","2019-03-23T03:45:00.000+0000","CONCLUDED","2019 NAB AFLW Season","Preliminary Finals",8,"IKON Park","Carlton","Carlton","Fremantle","Fremantle",12,"https://s.afl.com.au/staticfile/AFL Tenant/AFL/Players/ChampIDImages/AFLW/2019264/1001682.png?im=Scale,width=0.6,height=0.6","CHF","CD_I1001682",FALSE,12,"Ebony","Antonio","CD_T7886",NA,83,0,0,NA,6,1,7,1,0,3,3,2,5,1,0,1,0,2,85.7,3,0,2,29,2,0,0,0,NA,"2019-03-25T01:29:21.984+0000",3,3,0,0,NA,NA,NA,1,194,0,0,0,0,0,0,0,0,0,0,0,0,0,0,0,0,0,0,0,0,0,0,0,0,0,0,NA,NA,NA,"CD_I1001682",FALSE,12,"Ebony","Antonio","away","Fremantle"
"CD_M20192640801","2019-03-23T03:45:00.000+0000","CONCLUDED","2019 NAB AFLW Season","Preliminary Finals",8,"IKON Park","Carlton","Carlton","Fremantle","Fremantle",37,"https://s.afl.com.au/staticfile/AFL Tenant/AFL/Players/ChampIDImages/AFLW/2019264/1010661.png?im=Scale,width=0.6,height=0.6","HFFL","CD_I1010661",FALSE,37,"Ashlee","Atkins","CD_T7886",NA,69,0,0,NA,5,1,6,3,0,2,4,3,7,1,0,0,0,0,83.3,0,4,0,38,2,0,0,0,NA,"2019-03-25T01:29:21.984+0000",2,2,1,0,NA,NA,NA,3,129,0,0,0,0,0,0,0,0,0,0,0,0,0,0,0,0,0,0,0,0,0,0,0,0,0,0,NA,NA,NA,"CD_I1010661",FALSE,37,"Ashlee","Atkins","away","Fremantle"
"CD_M20192640801","2019-03-23T03:45:00.000+0000","CONCLUDED","2019 NAB AFLW Season","Preliminary Finals",8,"IKON Park","Carlton","Carlton","Fremantle","Fremantle",13,"https://s.afl.com.au/staticfile/AFL Tenant/AFL/Players/ChampIDImages/AFLW/2019264/1010684.png?im=Scale,width=0.6,height=0.6","INT","CD_I1010684",FALSE,13,"Katie-Jayne","Grieve","CD_T7886",NA,64,0,0,NA,4,0,4,0,0,4,2,3,5,2,0,0,0,0,50,4,0,3,19,0,1,0,0,NA,"2019-03-25T01:29:21.984+0000",4,0,0,0,NA,NA,NA,2,122,0,0,0,0,0,0,0,0,0,0,0,0,0,0,0,0,0,0,0,0,0,0,0,0,0,0,NA,NA,NA,"CD_I1010684",FALSE,13,"Katie-Jayne","Grieve","away","Fremantle"
"CD_M20192640801","2019-03-23T03:45:00.000+0000","CONCLUDED","2019 NAB AFLW Season","Preliminary Finals",8,"IKON Park","Carlton","Carlton","Fremantle","Fremantle",19,"https://s.afl.com.au/staticfile/AFL Tenant/AFL/Players/ChampIDImages/AFLW/2019264/998040.png?im=Scale,width=0.6,height=0.6","HFFR","CD_I998040",FALSE,19,"Hayley","Miller","CD_T7886",NA,64,0,0,NA,4,4,8,2,0,6,5,3,8,2,0,0,0,2,75,3,0,2,44,1,0,0,0,NA,"2019-03-25T01:29:21.984+0000",2,0,0,0,NA,NA,NA,2,92,1,1,2,0,0,0,0,0,0,0,0,0,0,0,0,0,0,0,0,0,0,0,0,0,0,0,NA,NA,NA,"CD_I998040",FALSE,19,"Hayley","Miller","away","Fremantle"
"CD_M20192640801","2019-03-23T03:45:00.000+0000","CONCLUDED","2019 NAB AFLW Season","Preliminary Finals",8,"IKON Park","Carlton","Carlton","Fremantle","Fremantle",30,"https://s.afl.com.au/staticfile/AFL Tenant/AFL/Players/ChampIDImages/AFLW/2019264/1004406.png?im=Scale,width=0.6,height=0.6","INT","CD_I1004406",FALSE,30,"Alicia","Janz","CD_T7886",NA,43,0,0,NA,1,0,1,1,0,3,1,1,2,1,0,0,5,1,100,0,0,0,23,0,0,0,0,NA,"2019-03-25T01:29:21.984+0000",1,1,0,0,NA,NA,NA,0,34,0,0,0,0,0,0,0,0,0,0,0,0,0,0,0,0,0,0,0,0,0,0,0,0,0,0,NA,NA,NA,"CD_I1004406",FALSE,30,"Alicia","Janz","away","Fremantle"
"CD_M20192640801","2019-03-23T03:45:00.000+0000","CONCLUDED","2019 NAB AFLW Season","Preliminary Finals",8,"IKON Park","Carlton","Carlton","Fremantle","Fremantle",2,"https://s.afl.com.au/staticfile/AFL Tenant/AFL/Players/ChampIDImages/AFLW/2019264/998030.png?im=Scale,width=0.6,height=0.6","C","CD_I998030",FALSE,2,"Kiara","Bowers","CD_T7886",NA,87,0,0,NA,12,1,13,3,0,6,8,9,17,0,0,0,0,1,23.1,8,2,5,58,4,0,0,0,NA,"2019-03-25T01:29:21.984+0000",9,2,0,0,NA,NA,NA,1,283,2,4,6,0,0,0,0,0,0,0,0,0,0,0,0,0,0,0,0,0,0,0,0,0,0,0,NA,NA,NA,"CD_I998030",FALSE,2,"Kiara","Bowers","away","Fremantle"
"CD_M20192640801","2019-03-23T03:45:00.000+0000","CONCLUDED","2019 NAB AFLW Season","Preliminary Finals",8,"IKON Park","Carlton","Carlton","Fremantle","Fremantle",21,"https://s.afl.com.au/staticfile/AFL Tenant/AFL/Players/ChampIDImages/AFLW/2019264/998041.png?im=Scale,width=0.6,height=0.6","FPL","CD_I998041",FALSE,21,"Kellie","Gibson","CD_T7886",NA,79,0,0,NA,1,0,1,0,0,0,0,1,1,0,0,0,0,0,100,1,0,1,0,0,0,0,0,NA,"2019-03-25T01:29:21.984+0000",1,0,0,0,NA,NA,NA,1,23,0,0,0,0,0,0,0,0,0,0,0,0,0,0,0,0,0,0,0,0,0,0,0,0,0,0,NA,NA,NA,"CD_I998041",FALSE,21,"Kellie","Gibson","away","Fremantle"
"CD_M20192640801","2019-03-23T03:45:00.000+0000","CONCLUDED","2019 NAB AFLW Season","Preliminary Finals",8,"IKON Park","Carlton","Carlton","Fremantle","Fremantle",5,"https://s.afl.com.au/staticfile/AFL Tenant/AFL/Players/ChampIDImages/AFLW/2019264/1005429.png?im=Scale,width=0.6,height=0.6","FB","CD_I1005429",FALSE,5,"Tayla","Bresland","CD_T7886",NA,87,0,0,NA,8,0,8,1,0,1,5,1,6,1,0,0,0,3,75,2,2,1,30,4,0,0,0,NA,"2019-03-25T01:29:21.984+0000",5,6,0,0,NA,NA,NA,0,217,0,0,0,0,0,0,0,0,0,0,0,0,0,0,0,0,0,0,0,0,0,0,0,0,0,0,NA,NA,NA,"CD_I1005429",FALSE,5,"Tayla","Bresland","away","Fremantle"
"CD_M20192640801","2019-03-23T03:45:00.000+0000","CONCLUDED","2019 NAB AFLW Season","Preliminary Finals",8,"IKON Park","Carlton","Carlton","Fremantle","Fremantle",6,"https://s.afl.com.au/staticfile/AFL Tenant/AFL/Players/ChampIDImages/AFLW/2019264/1009895.png?im=Scale,width=0.6,height=0.6","HBFL","CD_I1009895",FALSE,6,"Sabreena","Duffy","CD_T7886",NA,82,1,0,NA,5,1,6,0,0,0,2,3,5,3,0,0,0,0,33.3,2,0,0,23,0,0,100,0,NA,"2019-03-25T01:29:21.984+0000",3,2,0,1,NA,NA,NA,2,119,0,0,0,0,0,0,0,0,0,0,0,0,0,0,0,0,0,0,0,0,0,0,0,0,0,0,NA,NA,NA,"CD_I1009895",FALSE,6,"Sabreena","Duffy","away","Fremantle"
"CD_M20192640802","2019-03-24T02:10:00.000+0000","CONCLUDED","2019 NAB AFLW Season","Preliminary Finals",8,"Adelaide Oval","Adelaide Crows","Adelaide Crows","Geelong Cats","Geelong Cats",27,"https://s.afl.com.au/staticfile/AFL Tenant/AFL/Players/ChampIDImages/AFLW/2019264/998045.png?im=Scale,width=0.6,height=0.6","INT","CD_I998045",FALSE,27,"Renee","Forth","CD_T8098",NA,55,0,0,NA,7,4,11,3,0,3,3,8,11,3,1,0,0,0,63.6,1,1,1,48,0,1,0,NA,NA,"2019-05-03T05:12:42.691+0000",2,4,1,0,NA,NA,NA,5,151,0,1,1,0,0,0,0,0,0,0,0,0,0,0,0,0,0,0,0,0,0,0,0,0,0,0,NA,NA,NA,"CD_I998045",FALSE,27,"Renee","Forth","home","Adelaide Crows"
"CD_M20192640802","2019-03-24T02:10:00.000+0000","CONCLUDED","2019 NAB AFLW Season","Preliminary Finals",8,"Adelaide Oval","Adelaide Crows","Adelaide Crows","Geelong Cats","Geelong Cats",2,"https://s.afl.com.au/staticfile/AFL Tenant/AFL/Players/ChampIDImages/AFLW/2019264/1005258.png?im=Scale,width=0.6,height=0.6","FPL","CD_I1005258",FALSE,2,"Eloise","Jones","CD_T8098",NA,80,1,0,NA,3,0,3,0,0,2,1,3,4,1,0,0,0,0,33.3,1,0,1,20,1,0,100,NA,NA,"2019-05-03T05:12:42.691+0000",2,0,2,1,NA,NA,NA,1,78,0,0,0,0,0,0,0,0,0,0,0,0,0,0,0,0,0,0,0,0,0,0,0,0,0,0,NA,NA,NA,"CD_I1005258",FALSE,2,"Eloise","Jones","home","Adelaide Crows"
"CD_M20192640802","2019-03-24T02:10:00.000+0000","CONCLUDED","2019 NAB AFLW Season","Preliminary Finals",8,"Adelaide Oval","Adelaide Crows","Adelaide Crows","Geelong Cats","Geelong Cats",10,"https://s.afl.com.au/staticfile/AFL Tenant/AFL/Players/ChampIDImages/AFLW/2019264/1005279.png?im=Scale,width=0.6,height=0.6","RR","CD_I1005279",FALSE,10,"Ebony","Marinoff","CD_T8098",NA,80,2,0,NA,22,5,27,1,0,10,13,14,27,8,0,0,0,2,66.7,4,2,3,124,0,0,100,NA,NA,"2019-05-03T05:12:42.691+0000",7,0,2,2,NA,NA,NA,6,543,4,8,12,0,0,0,0,0,0,0,0,0,0,0,0,0,0,0,0,0,0,0,0,0,0,0,NA,NA,NA,"CD_I1005279",FALSE,10,"Ebony","Marinoff","home","Adelaide Crows"
"CD_M20192640802","2019-03-24T02:10:00.000+0000","CONCLUDED","2019 NAB AFLW Season","Preliminary Finals",8,"Adelaide Oval","Adelaide Crows","Adelaide Crows","Geelong Cats","Geelong Cats",24,"https://s.afl.com.au/staticfile/AFL Tenant/AFL/Players/ChampIDImages/AFLW/2019264/1011127.png?im=Scale,width=0.6,height=0.6","RK","CD_I1011127",FALSE,24,"Jessica","Foley","CD_T8098",NA,80,1,2,NA,13,5,18,7,0,5,8,10,18,2,2,1,16,1,72.2,3,2,1,113,0,0,33.3,NA,NA,"2019-05-03T05:12:42.691+0000",1,4,1,3,NA,NA,NA,5,230,0,2,2,0,0,0,0,0,0,0,0,0,0,0,0,0,0,0,0,0,0,0,0,0,0,0,NA,NA,NA,"CD_I1011127",FALSE,24,"Jessica","Foley","home","Adelaide Crows"
"CD_M20192640802","2019-03-24T02:10:00.000+0000","CONCLUDED","2019 NAB AFLW Season","Preliminary Finals",8,"Adelaide Oval","Adelaide Crows","Adelaide Crows","Geelong Cats","Geelong Cats",33,"https://s.afl.com.au/staticfile/AFL Tenant/AFL/Players/ChampIDImages/AFLW/2019264/1005269.png?im=Scale,width=0.6,height=0.6","R","CD_I1005269",FALSE,33,"Anne","Hatchard","CD_T8098",NA,83,0,0,NA,6,13,19,2,0,2,11,11,22,2,0,1,4,1,73.7,4,2,2,58,0,0,0,NA,NA,"2019-05-03T05:12:42.691+0000",3,1,0,0,NA,NA,NA,3,78,1,5,6,0,0,0,0,0,0,0,0,0,0,0,0,0,0,0,0,0,0,0,0,0,0,0,NA,NA,NA,"CD_I1005269",FALSE,33,"Anne","Hatchard","home","Adelaide Crows"
"CD_M20192640802","2019-03-24T02:10:00.000+0000","CONCLUDED","2019 NAB AFLW Season","Preliminary Finals",8,"Adelaide Oval","Adelaide Crows","Adelaide Crows","Geelong Cats","Geelong Cats",13,"https://s.afl.com.au/staticfile/AFL Tenant/AFL/Players/ChampIDImages/AFLW/2019264/1007129.png?im=Scale,width=0.6,height=0.6","C","CD_I1007129",FALSE,13,"Erin","Phillips","CD_T8098",NA,84,0,1,NA,14,9,23,3,0,6,12,9,21,6,2,1,0,1,43.5,1,2,0,96,0,0,0,NA,NA,"2019-05-03T05:12:42.691+0000",4,4,3,3,NA,NA,NA,5,317,0,2,2,0,0,0,0,0,0,0,0,0,0,0,0,0,0,0,0,0,0,0,0,0,0,0,NA,NA,NA,"CD_I1007129",FALSE,13,"Erin","Phillips","home","Adelaide Crows"
"CD_M20192640802","2019-03-24T02:10:00.000+0000","CONCLUDED","2019 NAB AFLW Season","Preliminary Finals",8,"Adelaide Oval","Adelaide Crows","Adelaide Crows","Geelong Cats","Geelong Cats",15,"https://s.afl.com.au/staticfile/AFL Tenant/AFL/Players/ChampIDImages/AFLW/2019264/1009794.png?im=Scale,width=0.6,height=0.6","INT","CD_I1009794",FALSE,15,"Danielle","Ponter","CD_T8098",NA,65,3,0,NA,4,2,6,2,0,3,5,1,6,0,1,1,0,0,100,0,2,0,54,0,1,100,NA,NA,"2019-05-03T05:12:42.691+0000",0,2,2,3,NA,NA,NA,4,37,0,0,0,0,0,0,0,0,0,0,0,0,0,0,0,0,0,0,0,0,0,0,0,0,0,0,NA,NA,NA,"CD_I1009794",FALSE,15,"Danielle","Ponter","home","Adelaide Crows"
"CD_M20192640802","2019-03-24T02:10:00.000+0000","CONCLUDED","2019 NAB AFLW Season","Preliminary Finals",8,"Adelaide Oval","Adelaide Crows","Adelaide Crows","Geelong Cats","Geelong Cats",26,"https://s.afl.com.au/staticfile/AFL Tenant/AFL/Players/ChampIDImages/AFLW/2019264/998044.png?im=Scale,width=0.6,height=0.6","CHB","CD_I998044",FALSE,26,"Chelsea","Randall","CD_T8098",NA,76,1,0,NA,5,10,15,3,4,2,8,7,15,2,1,0,0,8,60,3,1,1,56,2,0,50,NA,NA,"2019-05-03T05:12:42.691+0000",4,7,0,2,NA,NA,NA,4,249,0,1,1,0,0,0,0,0,0,0,0,0,0,0,0,0,0,0,0,0,0,0,0,0,0,0,NA,NA,NA,"CD_I998044",FALSE,26,"Chelsea","Randall","home","Adelaide Crows"
"CD_M20192640802","2019-03-24T02:10:00.000+0000","CONCLUDED","2019 NAB AFLW Season","Preliminary Finals",8,"Adelaide Oval","Adelaide Crows","Adelaide Crows","Geelong Cats","Geelong Cats",32,"https://s.afl.com.au/staticfile/AFL Tenant/AFL/Players/ChampIDImages/AFLW/2019264/1007574.png?im=Scale,width=0.6,height=0.6","CHF","CD_I1007574",FALSE,32,"Marijana","Rajcic","CD_T8098",NA,89,0,0,NA,8,6,14,3,0,2,7,8,15,2,0,0,0,1,71.4,3,0,1,50,1,1,0,NA,NA,"2019-05-03T05:12:42.691+0000",1,8,1,0,NA,NA,NA,3,186,0,0,0,0,0,0,0,0,0,0,0,0,0,0,0,0,0,0,0,0,0,0,0,0,0,0,NA,NA,NA,"CD_I1007574",FALSE,32,"Marijana","Rajcic","home","Adelaide Crows"
"CD_M20192640802","2019-03-24T02:10:00.000+0000","CONCLUDED","2019 NAB AFLW Season","Preliminary Finals",8,"Adelaide Oval","Adelaide Crows","Adelaide Crows","Geelong Cats","Geelong Cats",3,"https://s.afl.com.au/staticfile/AFL Tenant/AFL/Players/ChampIDImages/AFLW/2019264/1005378.png?im=Scale,width=0.6,height=0.6","HBFR","CD_I1005378",FALSE,3,"Angela","Foley","CD_T8098",NA,84,0,0,NA,14,3,17,5,1,0,4,13,17,3,0,1,0,1,58.8,5,0,0,63,1,0,0,NA,NA,"2019-05-03T05:12:42.691+0000",4,4,0,0,NA,NA,NA,4,444,0,0,0,0,0,0,0,0,0,0,0,0,0,0,0,0,0,0,0,0,0,0,0,0,0,0,NA,NA,NA,"CD_I1005378",FALSE,3,"Angela","Foley","home","Adelaide Crows"
"CD_M20192640802","2019-03-24T02:10:00.000+0000","CONCLUDED","2019 NAB AFLW Season","Preliminary Finals",8,"Adelaide Oval","Adelaide Crows","Adelaide Crows","Geelong Cats","Geelong Cats",22,"https://s.afl.com.au/staticfile/AFL Tenant/AFL/Players/ChampIDImages/AFLW/2019264/998046.png?im=Scale,width=0.6,height=0.6","BPR","CD_I998046",FALSE,22,"Courtney","Cramey","CD_T8098",NA,50,0,0,NA,2,4,6,1,0,7,4,3,7,0,0,1,0,0,100,1,3,1,45,0,0,0,NA,NA,"2019-05-03T05:12:42.691+0000",1,0,4,0,NA,NA,NA,1,58,0,1,1,0,0,0,0,0,0,0,0,0,0,0,0,0,0,0,0,0,0,0,0,0,0,0,NA,NA,NA,"CD_I998046",FALSE,22,"Courtney","Cramey","home","Adelaide Crows"
"CD_M20192640802","2019-03-24T02:10:00.000+0000","CONCLUDED","2019 NAB AFLW Season","Preliminary Finals",8,"Adelaide Oval","Adelaide Crows","Adelaide Crows","Geelong Cats","Geelong Cats",4,"https://s.afl.com.au/staticfile/AFL Tenant/AFL/Players/ChampIDImages/AFLW/2019264/1007342.png?im=Scale,width=0.6,height=0.6","FF","CD_I1007342",FALSE,4,"Chloe","Scheer","CD_T8098",NA,86,2,1,NA,7,4,11,1,0,1,8,3,11,3,0,0,0,2,63.6,0,0,0,49,1,0,66.7,NA,NA,"2019-05-03T05:12:42.691+0000",2,2,0,3,NA,NA,NA,3,210,0,1,1,0,0,0,0,0,0,0,0,0,0,0,0,0,0,0,0,0,0,0,0,0,0,0,NA,NA,NA,"CD_I1007342",FALSE,4,"Chloe","Scheer","home","Adelaide Crows"
"CD_M20192640802","2019-03-24T02:10:00.000+0000","CONCLUDED","2019 NAB AFLW Season","Preliminary Finals",8,"Adelaide Oval","Adelaide Crows","Adelaide Crows","Geelong Cats","Geelong Cats",16,"https://s.afl.com.au/staticfile/AFL Tenant/AFL/Players/ChampIDImages/AFLW/2019264/1013947.png?im=Scale,width=0.6,height=0.6","INT","CD_I1013947",FALSE,16,"Ailish","Considine","CD_T8098",NA,74,1,1,NA,7,1,8,1,0,3,2,5,7,1,0,0,0,1,50,6,1,3,37,0,0,50,NA,NA,"2019-05-03T05:12:42.691+0000",4,1,0,2,NA,NA,NA,4,112,0,0,0,0,0,0,0,0,0,0,0,0,0,0,0,0,0,0,0,0,0,0,0,0,0,0,NA,NA,NA,"CD_I1013947",FALSE,16,"Ailish","Considine","home","Adelaide Crows"
"CD_M20192640802","2019-03-24T02:10:00.000+0000","CONCLUDED","2019 NAB AFLW Season","Preliminary Finals",8,"Adelaide Oval","Adelaide Crows","Adelaide Crows","Geelong Cats","Geelong Cats",31,"https://s.afl.com.au/staticfile/AFL Tenant/AFL/Players/ChampIDImages/AFLW/2019264/1005956.png?im=Scale,width=0.6,height=0.6","BPL","CD_I1005956",FALSE,31,"Dayna","Cox","CD_T8098",NA,81,0,0,NA,2,5,7,1,0,5,5,2,7,0,1,0,0,1,42.9,3,1,1,37,1,0,0,NA,NA,"2019-05-03T05:12:42.691+0000",2,5,0,0,NA,NA,NA,1,45,0,0,0,0,0,0,0,0,0,0,0,0,0,0,0,0,0,0,0,0,0,0,0,0,0,0,NA,NA,NA,"CD_I1005956",FALSE,31,"Dayna","Cox","home","Adelaide Crows"
"CD_M20192640802","2019-03-24T02:10:00.000+0000","CONCLUDED","2019 NAB AFLW Season","Preliminary Finals",8,"Adelaide Oval","Adelaide Crows","Adelaide Crows","Geelong Cats","Geelong Cats",5,"https://s.afl.com.au/staticfile/AFL Tenant/AFL/Players/ChampIDImages/AFLW/2019264/1005641.png?im=Scale,width=0.6,height=0.6","INT","CD_I1005641",FALSE,5,"Jenna","McCormick","CD_T8098",NA,73,0,0,NA,7,1,8,2,0,2,1,5,6,3,0,0,0,1,87.5,1,0,0,37,1,1,0,NA,NA,"2019-05-03T05:12:42.691+0000",2,2,1,0,NA,NA,NA,2,156,0,0,0,0,0,0,0,0,0,0,0,0,0,0,0,0,0,0,0,0,0,0,0,0,0,0,NA,NA,NA,"CD_I1005641",FALSE,5,"Jenna","McCormick","home","Adelaide Crows"
"CD_M20192640802","2019-03-24T02:10:00.000+0000","CONCLUDED","2019 NAB AFLW Season","Preliminary Finals",8,"Adelaide Oval","Adelaide Crows","Adelaide Crows","Geelong Cats","Geelong Cats",6,"https://s.afl.com.au/staticfile/AFL Tenant/AFL/Players/ChampIDImages/AFLW/2019264/1011092.png?im=Scale,width=0.6,height=0.6","HFFR","CD_I1011092",FALSE,6,"Hannah","Martin","CD_T8098",NA,91,0,0,NA,2,6,8,0,0,10,5,3,8,2,0,0,0,2,87.5,4,0,2,52,0,1,0,NA,NA,"2019-05-03T05:12:42.691+0000",1,1,2,0,NA,NA,NA,2,41,0,1,1,0,0,0,0,0,0,0,0,0,0,0,0,0,0,0,0,0,0,0,0,0,0,0,NA,NA,NA,"CD_I1011092",FALSE,6,"Hannah","Martin","home","Adelaide Crows"
"CD_M20192640802","2019-03-24T02:10:00.000+0000","CONCLUDED","2019 NAB AFLW Season","Preliminary Finals",8,"Adelaide Oval","Adelaide Crows","Adelaide Crows","Geelong Cats","Geelong Cats",19,"https://s.afl.com.au/staticfile/AFL Tenant/AFL/Players/ChampIDImages/AFLW/2019264/1007356.png?im=Scale,width=0.6,height=0.6","INT","CD_I1007356",FALSE,19,"Sophie","Li","CD_T8098",NA,66,0,1,NA,2,4,6,0,0,5,3,4,7,0,0,0,0,3,33.3,1,0,1,32,0,0,0,NA,NA,"2019-05-03T05:12:42.691+0000",0,2,3,1,NA,NA,NA,1,35,0,1,1,0,0,0,0,0,0,0,0,0,0,0,0,0,0,0,0,0,0,0,0,0,0,0,NA,NA,NA,"CD_I1007356",FALSE,19,"Sophie","Li","home","Adelaide Crows"
"CD_M20192640802","2019-03-24T02:10:00.000+0000","CONCLUDED","2019 NAB AFLW Season","Preliminary Finals",8,"Adelaide Oval","Adelaide Crows","Adelaide Crows","Geelong Cats","Geelong Cats",39,"https://s.afl.com.au/staticfile/AFL Tenant/AFL/Players/ChampIDImages/AFLW/2019264/1005285.png?im=Scale,width=0.6,height=0.6","FB","CD_I1005285",FALSE,39,"Sarah","Allan","CD_T8098",NA,96,0,0,NA,8,3,11,2,0,0,3,6,9,1,0,0,0,2,81.8,0,1,0,37,4,0,0,NA,NA,"2019-05-03T05:12:42.691+0000",2,5,0,0,NA,NA,NA,1,136,0,0,0,0,0,0,0,0,0,0,0,0,0,0,0,0,0,0,0,0,0,0,0,0,0,0,NA,NA,NA,"CD_I1005285",FALSE,39,"Sarah","Allan","home","Adelaide Crows"
"CD_M20192640802","2019-03-24T02:10:00.000+0000","CONCLUDED","2019 NAB AFLW Season","Preliminary Finals",8,"Adelaide Oval","Adelaide Crows","Adelaide Crows","Geelong Cats","Geelong Cats",23,"https://s.afl.com.au/staticfile/AFL Tenant/AFL/Players/ChampIDImages/AFLW/2019264/1005955.png?im=Scale,width=0.6,height=0.6","HFFL","CD_I1005955",FALSE,23,"Justine","Mules","CD_T8098",NA,64,0,0,NA,5,3,8,0,0,10,7,3,10,2,0,0,0,2,25,4,4,0,65,0,0,0,NA,NA,"2019-05-03T05:12:42.691+0000",3,5,3,1,NA,NA,NA,4,129,0,0,0,0,0,0,0,0,0,0,0,0,0,0,0,0,0,0,0,0,0,0,0,0,0,0,NA,NA,NA,"CD_I1005955",FALSE,23,"Justine","Mules","home","Adelaide Crows"
"CD_M20192640802","2019-03-24T02:10:00.000+0000","CONCLUDED","2019 NAB AFLW Season","Preliminary Finals",8,"Adelaide Oval","Adelaide Crows","Adelaide Crows","Geelong Cats","Geelong Cats",14,"https://s.afl.com.au/staticfile/AFL Tenant/AFL/Players/ChampIDImages/AFLW/2019264/1005386.png?im=Scale,width=0.6,height=0.6","FPR","CD_I1005386",FALSE,14,"Stevie-Lee","Thompson","CD_T8098",NA,74,0,0,NA,1,1,2,0,0,3,2,1,3,0,0,0,0,3,50,1,0,1,14,0,1,0,NA,NA,"2019-05-03T05:12:42.691+0000",2,0,2,0,NA,NA,NA,1,45,0,0,0,0,0,0,0,0,0,0,0,0,0,0,0,0,0,0,0,0,0,0,0,0,0,0,NA,NA,NA,"CD_I1005386",FALSE,14,"Stevie-Lee","Thompson","home","Adelaide Crows"
"CD_M20192640802","2019-03-24T02:10:00.000+0000","CONCLUDED","2019 NAB AFLW Season","Preliminary Finals",8,"Adelaide Oval","Adelaide Crows","Adelaide Crows","Geelong Cats","Geelong Cats",9,"https://s.afl.com.au/staticfile/AFL Tenant/AFL/Players/ChampIDImages/AFLW/2019264/1005251.png?im=Scale,width=0.6,height=0.6","HBFL","CD_I1005251",FALSE,9,"Deni","Varnhagen","CD_T8098",NA,69,0,0,NA,6,3,9,1,1,2,6,4,10,4,0,0,0,2,66.7,3,0,2,29,1,0,0,NA,NA,"2019-05-03T05:12:42.691+0000",4,3,1,0,NA,NA,NA,2,291,1,1,2,0,0,0,0,0,0,0,0,0,0,0,0,0,0,0,0,0,0,0,0,0,0,0,NA,NA,NA,"CD_I1005251",FALSE,9,"Deni","Varnhagen","home","Adelaide Crows"
"CD_M20192640802","2019-03-24T02:10:00.000+0000","CONCLUDED","2019 NAB AFLW Season","Preliminary Finals",8,"Adelaide Oval","Adelaide Crows","Adelaide Crows","Geelong Cats","Geelong Cats",17,"https://s.afl.com.au/staticfile/AFL Tenant/AFL/Players/ChampIDImages/AFLW/2019264/1009857.png?im=Scale,width=0.6,height=0.6","INT","CD_I1009857",FALSE,17,"Georgia","Clarke","CD_T8467",NA,20,0,0,NA,4,0,4,1,0,0,2,2,4,0,0,0,0,0,25,2,1,0,16,0,0,0,NA,NA,"2019-05-03T05:12:42.691+0000",2,3,0,0,NA,NA,NA,0,76,0,0,0,0,0,0,0,0,0,0,0,0,0,0,0,0,0,0,0,0,0,0,0,0,0,0,NA,NA,NA,"CD_I1009857",FALSE,17,"Georgia","Clarke","away","Geelong Cats"
"CD_M20192640802","2019-03-24T02:10:00.000+0000","CONCLUDED","2019 NAB AFLW Season","Preliminary Finals",8,"Adelaide Oval","Adelaide Crows","Adelaide Crows","Geelong Cats","Geelong Cats",7,"https://s.afl.com.au/staticfile/AFL Tenant/AFL/Players/ChampIDImages/AFLW/2019264/1006999.png?im=Scale,width=0.6,height=0.6","INT","CD_I1006999",FALSE,7,"Mia-Rae","Clifford","CD_T8467",NA,65,0,0,NA,5,0,5,0,0,4,4,1,5,1,0,0,0,0,80,1,2,0,33,2,0,0,NA,NA,"2019-05-03T05:12:42.691+0000",0,0,0,0,NA,NA,NA,0,125,2,1,3,0,0,0,0,0,0,0,0,0,0,0,0,0,0,0,0,0,0,0,0,0,0,0,NA,NA,NA,"CD_I1006999",FALSE,7,"Mia-Rae","Clifford","away","Geelong Cats"
"CD_M20192640802","2019-03-24T02:10:00.000+0000","CONCLUDED","2019 NAB AFLW Season","Preliminary Finals",8,"Adelaide Oval","Adelaide Crows","Adelaide Crows","Geelong Cats","Geelong Cats",14,"https://s.afl.com.au/staticfile/AFL Tenant/AFL/Players/ChampIDImages/AFLW/2019264/998148.png?im=Scale,width=0.6,height=0.6","INT","CD_I998148",FALSE,14,"Aasta","O'Connor","CD_T8467",NA,61,0,0,NA,6,3,9,1,0,4,5,4,9,0,0,0,7,0,55.6,4,3,2,47,1,0,0,NA,NA,"2019-05-03T05:12:42.691+0000",5,0,0,0,NA,NA,NA,0,153,1,3,4,0,0,0,0,0,0,0,0,0,0,0,0,0,0,0,0,0,0,0,0,0,0,0,NA,NA,NA,"CD_I998148",FALSE,14,"Aasta","O'Connor","away","Geelong Cats"
"CD_M20192640802","2019-03-24T02:10:00.000+0000","CONCLUDED","2019 NAB AFLW Season","Preliminary Finals",8,"Adelaide Oval","Adelaide Crows","Adelaide Crows","Geelong Cats","Geelong Cats",11,"https://s.afl.com.au/staticfile/AFL Tenant/AFL/Players/ChampIDImages/AFLW/2019264/1007155.png?im=Scale,width=0.6,height=0.6","CHB","CD_I1007155",FALSE,11,"Meghan","McDonald","CD_T8467",NA,100,0,0,NA,11,5,16,2,0,2,7,4,11,0,0,0,0,3,68.8,6,2,1,56,5,0,0,NA,NA,"2019-05-03T05:12:42.691+0000",4,11,0,0,NA,NA,NA,0,260,0,0,0,0,0,0,0,0,0,0,0,0,0,0,0,0,0,0,0,0,0,0,0,0,0,0,NA,NA,NA,"CD_I1007155",FALSE,11,"Meghan","McDonald","away","Geelong Cats"
"CD_M20192640802","2019-03-24T02:10:00.000+0000","CONCLUDED","2019 NAB AFLW Season","Preliminary Finals",8,"Adelaide Oval","Adelaide Crows","Adelaide Crows","Geelong Cats","Geelong Cats",44,"https://s.afl.com.au/staticfile/AFL Tenant/AFL/Players/ChampIDImages/AFLW/2019264/296130.png?im=Scale,width=0.6,height=0.6","FB","CD_I296130",FALSE,44,"Rebecca","Goring","CD_T8467",NA,87,0,0,NA,0,2,2,0,0,4,1,1,2,0,0,0,0,1,100,0,0,0,20,1,0,0,NA,NA,"2019-05-03T05:12:42.691+0000",0,1,0,0,NA,NA,NA,0,-1,0,0,0,0,0,0,0,0,0,0,0,0,0,0,0,0,0,0,0,0,0,0,0,0,0,0,NA,NA,NA,"CD_I296130",FALSE,44,"Rebecca","Goring","away","Geelong Cats"
"CD_M20192640802","2019-03-24T02:10:00.000+0000","CONCLUDED","2019 NAB AFLW Season","Preliminary Finals",8,"Adelaide Oval","Adelaide Crows","Adelaide Crows","Geelong Cats","Geelong Cats",16,"https://s.afl.com.au/staticfile/AFL Tenant/AFL/Players/ChampIDImages/AFLW/2019264/1009861.png?im=Scale,width=0.6,height=0.6","R","CD_I1009861",FALSE,16,"Olivia","Purcell","CD_T8467",NA,82,0,0,NA,4,10,14,0,0,4,9,6,15,2,0,0,0,0,50,3,0,1,45,0,0,0,NA,NA,"2019-05-03T05:12:42.691+0000",3,2,0,0,NA,NA,NA,0,144,0,1,1,0,0,0,0,0,0,0,0,0,0,0,0,0,0,0,0,0,0,0,0,0,0,0,NA,NA,NA,"CD_I1009861",FALSE,16,"Olivia","Purcell","away","Geelong Cats"
"CD_M20192640802","2019-03-24T02:10:00.000+0000","CONCLUDED","2019 NAB AFLW Season","Preliminary Finals",8,"Adelaide Oval","Adelaide Crows","Adelaide Crows","Geelong Cats","Geelong Cats",26,"https://s.afl.com.au/staticfile/AFL Tenant/AFL/Players/ChampIDImages/AFLW/2019264/997669.png?im=Scale,width=0.6,height=0.6","CHF","CD_I997669",FALSE,26,"Madeleine","Boyd","CD_T8467",NA,83,0,0,NA,3,3,6,2,0,0,2,4,6,0,0,0,0,3,50,2,0,1,18,1,0,0,NA,NA,"2019-05-03T05:12:42.691+0000",2,1,0,0,NA,NA,NA,0,34,0,0,0,0,0,0,0,0,0,0,0,0,0,0,0,0,0,0,0,0,0,0,0,0,0,0,NA,NA,NA,"CD_I997669",FALSE,26,"Madeleine","Boyd","away","Geelong Cats"
"CD_M20192640802","2019-03-24T02:10:00.000+0000","CONCLUDED","2019 NAB AFLW Season","Preliminary Finals",8,"Adelaide Oval","Adelaide Crows","Adelaide Crows","Geelong Cats","Geelong Cats",45,"https://s.afl.com.au/staticfile/AFL Tenant/AFL/Players/ChampIDImages/AFLW/2019264/997678.png?im=Scale,width=0.6,height=0.6","HFFR","CD_I997678",FALSE,45,"Madeline","Keryk","CD_T8467",NA,65,0,0,NA,5,5,10,3,0,3,4,6,10,0,0,0,0,2,60,3,0,0,46,2,0,0,NA,NA,"2019-05-03T05:12:42.691+0000",3,2,0,0,NA,NA,NA,0,67,0,2,2,0,0,0,0,0,0,0,0,0,0,0,0,0,0,0,0,0,0,0,0,0,0,0,NA,NA,NA,"CD_I997678",FALSE,45,"Madeline","Keryk","away","Geelong Cats"
"CD_M20192640802","2019-03-24T02:10:00.000+0000","CONCLUDED","2019 NAB AFLW Season","Preliminary Finals",8,"Adelaide Oval","Adelaide Crows","Adelaide Crows","Geelong Cats","Geelong Cats",21,"https://s.afl.com.au/staticfile/AFL Tenant/AFL/Players/ChampIDImages/AFLW/2019264/1009860.png?im=Scale,width=0.6,height=0.6","INT","CD_I1009860",FALSE,21,"Rebecca","Webster","CD_T8467",NA,51,0,1,NA,3,1,4,0,0,1,2,2,4,2,0,0,0,0,25,2,2,1,15,1,0,0,NA,NA,"2019-05-03T05:12:42.691+0000",3,2,1,1,NA,NA,NA,1,90,0,1,1,0,0,0,0,0,0,0,0,0,0,0,0,0,0,0,0,0,0,0,0,0,0,0,NA,NA,NA,"CD_I1009860",FALSE,21,"Rebecca","Webster","away","Geelong Cats"
"CD_M20192640802","2019-03-24T02:10:00.000+0000","CONCLUDED","2019 NAB AFLW Season","Preliminary Finals",8,"Adelaide Oval","Adelaide Crows","Adelaide Crows","Geelong Cats","Geelong Cats",28,"https://s.afl.com.au/staticfile/AFL Tenant/AFL/Players/ChampIDImages/AFLW/2019264/1009854.png?im=Scale,width=0.6,height=0.6","HBFR","CD_I1009854",FALSE,28,"Denby","Taylor","CD_T8467",NA,81,0,0,NA,3,3,6,0,0,2,3,3,6,0,0,0,0,0,66.7,2,0,2,17,1,0,0,NA,NA,"2019-05-03T05:12:42.691+0000",1,1,1,0,NA,NA,NA,0,92,0,0,0,0,0,0,0,0,0,0,0,0,0,0,0,0,0,0,0,0,0,0,0,0,0,0,NA,NA,NA,"CD_I1009854",FALSE,28,"Denby","Taylor","away","Geelong Cats"
"CD_M20192640802","2019-03-24T02:10:00.000+0000","CONCLUDED","2019 NAB AFLW Season","Preliminary Finals",8,"Adelaide Oval","Adelaide Crows","Adelaide Crows","Geelong Cats","Geelong Cats",46,"https://s.afl.com.au/staticfile/AFL Tenant/AFL/Players/ChampIDImages/AFLW/2019264/1010675.png?im=Scale,width=0.6,height=0.6","RK","CD_I1010675",FALSE,46,"Erin","Hoare","CD_T8467",NA,60,0,0,NA,3,4,7,0,0,4,5,2,7,0,0,0,26,0,42.9,1,2,0,61,2,0,0,NA,NA,"2019-05-03T05:12:42.691+0000",1,1,0,0,NA,NA,NA,0,57,1,1,2,0,0,0,0,0,0,0,0,0,0,0,0,0,0,0,0,0,0,0,0,0,0,0,NA,NA,NA,"CD_I1010675",FALSE,46,"Erin","Hoare","away","Geelong Cats"
"CD_M20192640802","2019-03-24T02:10:00.000+0000","CONCLUDED","2019 NAB AFLW Season","Preliminary Finals",8,"Adelaide Oval","Adelaide Crows","Adelaide Crows","Geelong Cats","Geelong Cats",5,"https://s.afl.com.au/staticfile/AFL Tenant/AFL/Players/ChampIDImages/AFLW/2019264/1008031.png?im=Scale,width=0.6,height=0.6","FPL","CD_I1008031",FALSE,5,"Jordan","Ivey","CD_T8467",NA,92,0,0,NA,5,3,8,3,0,5,3,5,8,1,1,1,0,1,37.5,4,0,1,47,2,0,0,NA,NA,"2019-05-03T05:12:42.691+0000",5,1,0,0,NA,NA,NA,0,104,0,1,1,0,0,0,0,0,0,0,0,0,0,0,0,0,0,0,0,0,0,0,0,0,0,0,NA,NA,NA,"CD_I1008031",FALSE,5,"Jordan","Ivey","away","Geelong Cats"
"CD_M20192640802","2019-03-24T02:10:00.000+0000","CONCLUDED","2019 NAB AFLW Season","Preliminary Finals",8,"Adelaide Oval","Adelaide Crows","Adelaide Crows","Geelong Cats","Geelong Cats",6,"https://s.afl.com.au/staticfile/AFL Tenant/AFL/Players/ChampIDImages/AFLW/2019264/1012640.png?im=Scale,width=0.6,height=0.6","INT","CD_I1012640",FALSE,6,"Julia","Crockett-Grills","CD_T8467",NA,59,0,0,NA,5,1,6,2,0,1,3,4,7,1,0,0,0,1,66.7,3,1,1,25,2,0,0,NA,NA,"2019-05-03T05:12:42.691+0000",3,2,0,0,NA,NA,NA,0,98,0,0,0,0,0,0,0,0,0,0,0,0,0,0,0,0,0,0,0,0,0,0,0,0,0,0,NA,NA,NA,"CD_I1012640",FALSE,6,"Julia","Crockett-Grills","away","Geelong Cats"
"CD_M20192640802","2019-03-24T02:10:00.000+0000","CONCLUDED","2019 NAB AFLW Season","Preliminary Finals",8,"Adelaide Oval","Adelaide Crows","Adelaide Crows","Geelong Cats","Geelong Cats",8,"https://s.afl.com.au/staticfile/AFL Tenant/AFL/Players/ChampIDImages/AFLW/2019264/1007001.png?im=Scale,width=0.6,height=0.6","FF","CD_I1007001",FALSE,8,"Kate","Darby","CD_T8467",NA,83,0,0,NA,5,1,6,3,0,1,4,2,6,0,1,2,0,0,33.3,3,1,1,28,2,0,0,NA,NA,"2019-05-03T05:12:42.691+0000",6,2,0,1,NA,NA,NA,0,111,0,0,0,0,0,0,0,0,0,0,0,0,0,0,0,0,0,0,0,0,0,0,0,0,0,0,NA,NA,NA,"CD_I1007001",FALSE,8,"Kate","Darby","away","Geelong Cats"
"CD_M20192640802","2019-03-24T02:10:00.000+0000","CONCLUDED","2019 NAB AFLW Season","Preliminary Finals",8,"Adelaide Oval","Adelaide Crows","Adelaide Crows","Geelong Cats","Geelong Cats",40,"https://s.afl.com.au/staticfile/AFL Tenant/AFL/Players/ChampIDImages/AFLW/2019264/1010687.png?im=Scale,width=0.6,height=0.6","BPL","CD_I1010687",FALSE,40,"Anna","Teague","CD_T8467",NA,88,0,0,NA,7,2,9,3,0,2,4,3,7,0,0,1,0,3,66.7,1,2,0,44,4,0,0,NA,NA,"2019-05-03T05:12:42.691+0000",3,6,0,0,NA,NA,NA,0,132,0,0,0,0,0,0,0,0,0,0,0,0,0,0,0,0,0,0,0,0,0,0,0,0,0,0,NA,NA,NA,"CD_I1010687",FALSE,40,"Anna","Teague","away","Geelong Cats"
"CD_M20192640802","2019-03-24T02:10:00.000+0000","CONCLUDED","2019 NAB AFLW Season","Preliminary Finals",8,"Adelaide Oval","Adelaide Crows","Adelaide Crows","Geelong Cats","Geelong Cats",30,"https://s.afl.com.au/staticfile/AFL Tenant/AFL/Players/ChampIDImages/AFLW/2019264/997673.png?im=Scale,width=0.6,height=0.6","C","CD_I997673",FALSE,30,"Richelle","Cranston","CD_T8467",NA,91,1,0,NA,6,6,12,3,0,3,7,5,12,3,0,2,0,0,58.3,7,2,4,47,0,0,100,NA,NA,"2019-05-03T05:12:42.691+0000",4,3,0,1,NA,NA,NA,1,228,1,0,1,0,0,0,0,0,0,0,0,0,0,0,0,0,0,0,0,0,0,0,0,0,0,0,NA,NA,NA,"CD_I997673",FALSE,30,"Richelle","Cranston","away","Geelong Cats"
"CD_M20192640802","2019-03-24T02:10:00.000+0000","CONCLUDED","2019 NAB AFLW Season","Preliminary Finals",8,"Adelaide Oval","Adelaide Crows","Adelaide Crows","Geelong Cats","Geelong Cats",4,"https://s.afl.com.au/staticfile/AFL Tenant/AFL/Players/ChampIDImages/AFLW/2019264/1012627.png?im=Scale,width=0.6,height=0.6","BPR","CD_I1012627",FALSE,4,"Cassie","Blakeway","CD_T8467",NA,83,0,0,NA,7,6,13,1,0,0,9,5,14,0,0,0,0,2,53.8,2,2,0,38,5,0,0,NA,NA,"2019-05-03T05:12:42.691+0000",4,8,0,0,NA,NA,NA,0,128,0,0,0,0,0,0,0,0,0,0,0,0,0,0,0,0,0,0,0,0,0,0,0,0,0,0,NA,NA,NA,"CD_I1012627",FALSE,4,"Cassie","Blakeway","away","Geelong Cats"
"CD_M20192640802","2019-03-24T02:10:00.000+0000","CONCLUDED","2019 NAB AFLW Season","Preliminary Finals",8,"Adelaide Oval","Adelaide Crows","Adelaide Crows","Geelong Cats","Geelong Cats",2,"https://s.afl.com.au/staticfile/AFL Tenant/AFL/Players/ChampIDImages/AFLW/2019264/1012480.png?im=Scale,width=0.6,height=0.6","FPR","CD_I1012480",FALSE,2,"Danielle","Orr","CD_T8467",NA,71,0,0,NA,1,8,9,2,0,2,5,4,9,0,1,0,0,0,55.6,1,0,0,33,0,0,0,NA,NA,"2019-05-03T05:12:42.691+0000",3,1,0,1,NA,NA,NA,0,0,0,1,1,0,0,0,0,0,0,0,0,0,0,0,0,0,0,0,0,0,0,0,0,0,0,0,NA,NA,NA,"CD_I1012480",FALSE,2,"Danielle","Orr","away","Geelong Cats"
"CD_M20192640802","2019-03-24T02:10:00.000+0000","CONCLUDED","2019 NAB AFLW Season","Preliminary Finals",8,"Adelaide Oval","Adelaide Crows","Adelaide Crows","Geelong Cats","Geelong Cats",12,"https://s.afl.com.au/staticfile/AFL Tenant/AFL/Players/ChampIDImages/AFLW/2019264/1012470.png?im=Scale,width=0.6,height=0.6","RR","CD_I1012470",FALSE,12,"Renee","Garing","CD_T8467",NA,90,0,0,NA,4,3,7,1,0,2,2,7,9,1,0,0,0,2,14.3,4,0,3,20,1,0,0,NA,NA,"2019-05-03T05:12:42.691+0000",3,1,1,0,NA,NA,NA,0,100,1,0,1,0,0,0,0,0,0,0,0,0,0,0,0,0,0,0,0,0,0,0,0,0,0,0,NA,NA,NA,"CD_I1012470",FALSE,12,"Renee","Garing","away","Geelong Cats"
"CD_M20192640802","2019-03-24T02:10:00.000+0000","CONCLUDED","2019 NAB AFLW Season","Preliminary Finals",8,"Adelaide Oval","Adelaide Crows","Adelaide Crows","Geelong Cats","Geelong Cats",18,"https://s.afl.com.au/staticfile/AFL Tenant/AFL/Players/ChampIDImages/AFLW/2019264/998038.png?im=Scale,width=0.6,height=0.6","HBFL","CD_I998038",FALSE,18,"Melissa","Hickey","CD_T8467",NA,92,0,0,NA,9,6,15,6,0,4,7,9,16,2,0,0,0,3,73.3,3,1,3,65,1,0,0,NA,NA,"2019-05-03T05:12:42.691+0000",3,4,0,0,NA,NA,NA,1,230,1,1,2,0,0,0,0,0,0,0,0,0,0,0,0,0,0,0,0,0,0,0,0,0,0,0,NA,NA,NA,"CD_I998038",FALSE,18,"Melissa","Hickey","away","Geelong Cats"
"CD_M20192640802","2019-03-24T02:10:00.000+0000","CONCLUDED","2019 NAB AFLW Season","Preliminary Finals",8,"Adelaide Oval","Adelaide Crows","Adelaide Crows","Geelong Cats","Geelong Cats",27,"https://s.afl.com.au/staticfile/AFL Tenant/AFL/Players/ChampIDImages/AFLW/2019264/1009765.png?im=Scale,width=0.6,height=0.6","HFFL","CD_I1009765",FALSE,27,"Sophie","Van De Heuvel","CD_T8467",NA,95,0,0,NA,3,0,3,1,0,1,0,4,4,1,0,0,0,0,100,1,0,1,13,1,0,0,NA,NA,"2019-05-03T05:12:42.691+0000",2,0,0,0,NA,NA,NA,0,73,0,0,0,0,0,0,0,0,0,0,0,0,0,0,0,0,0,0,0,0,0,0,0,0,0,0,NA,NA,NA,"CD_I1009765",FALSE,27,"Sophie","Van De Heuvel","away","Geelong Cats"
"CD_M20192640901","2019-03-31T02:00:00.000+0000","CONCLUDED","2019 NAB AFLW Season","Grand Final",9,"Adelaide Oval","Adelaide Crows","Adelaide Crows","Carlton","Carlton",31,"https://s.afl.com.au/staticfile/AFL Tenant/AFL/Players/ChampIDImages/AFLW/2019264/1005956.png?im=Scale,width=0.6,height=0.6","BPL","CD_I1005956",FALSE,31,"Dayna","Cox","CD_T8098",NA,81,0,0,NA,4,4,8,1,0,1,4,4,8,0,0,0,0,0,50,4,0,1,24,1,0,0,0,NA,"2019-04-01T03:13:17.653+0000",5,5,0,0,NA,NA,NA,2,115,0,0,0,0,0,0,0,0,0,0,0,0,0,0,0,0,0,0,0,0,0,0,0,0,0,0,NA,NA,NA,"CD_I1005956",FALSE,31,"Dayna","Cox","home","Adelaide Crows"
"CD_M20192640901","2019-03-31T02:00:00.000+0000","CONCLUDED","2019 NAB AFLW Season","Grand Final",9,"Adelaide Oval","Adelaide Crows","Adelaide Crows","Carlton","Carlton",2,"https://s.afl.com.au/staticfile/AFL Tenant/AFL/Players/ChampIDImages/AFLW/2019264/1005258.png?im=Scale,width=0.6,height=0.6","FPL","CD_I1005258",FALSE,2,"Eloise","Jones","CD_T8098",NA,90,1,0,NA,6,3,9,3,4,4,3,6,9,3,1,2,0,0,100,0,0,0,55,0,3,100,0,NA,"2019-04-01T03:13:17.653+0000",0,0,3,1,NA,NA,NA,6,226,0,0,0,0,0,0,0,0,0,0,0,0,0,0,0,0,0,0,0,0,0,0,0,0,0,0,NA,NA,NA,"CD_I1005258",FALSE,2,"Eloise","Jones","home","Adelaide Crows"
"CD_M20192640901","2019-03-31T02:00:00.000+0000","CONCLUDED","2019 NAB AFLW Season","Grand Final",9,"Adelaide Oval","Adelaide Crows","Adelaide Crows","Carlton","Carlton",9,"https://s.afl.com.au/staticfile/AFL Tenant/AFL/Players/ChampIDImages/AFLW/2019264/1005251.png?im=Scale,width=0.6,height=0.6","FPR","CD_I1005251",FALSE,9,"Deni","Varnhagen","CD_T8098",NA,79,0,0,NA,4,3,7,1,0,0,4,3,7,2,1,1,0,1,57.1,3,0,2,15,1,0,0,0,NA,"2019-04-01T03:13:17.653+0000",3,3,0,0,NA,NA,NA,3,168,0,0,0,0,0,0,0,0,0,0,0,0,0,0,0,0,0,0,0,0,0,0,0,0,0,0,NA,NA,NA,"CD_I1005251",FALSE,9,"Deni","Varnhagen","home","Adelaide Crows"
"CD_M20192640901","2019-03-31T02:00:00.000+0000","CONCLUDED","2019 NAB AFLW Season","Grand Final",9,"Adelaide Oval","Adelaide Crows","Adelaide Crows","Carlton","Carlton",16,"https://s.afl.com.au/staticfile/AFL Tenant/AFL/Players/ChampIDImages/AFLW/2019264/1013947.png?im=Scale,width=0.6,height=0.6","INT","CD_I1013947",FALSE,16,"Ailish","Considine","CD_T8098",NA,58,1,0,NA,5,0,5,1,0,2,2,4,6,0,0,0,0,1,60,1,0,1,29,0,0,100,0,NA,"2019-04-01T03:13:17.653+0000",2,2,0,1,NA,NA,NA,1,102,0,0,0,0,0,0,0,0,0,0,0,0,0,0,0,0,0,0,0,0,0,0,0,0,0,0,NA,NA,NA,"CD_I1013947",FALSE,16,"Ailish","Considine","home","Adelaide Crows"
"CD_M20192640901","2019-03-31T02:00:00.000+0000","CONCLUDED","2019 NAB AFLW Season","Grand Final",9,"Adelaide Oval","Adelaide Crows","Adelaide Crows","Carlton","Carlton",39,"https://s.afl.com.au/staticfile/AFL Tenant/AFL/Players/ChampIDImages/AFLW/2019264/1005285.png?im=Scale,width=0.6,height=0.6","FB","CD_I1005285",FALSE,39,"Sarah","Allan","CD_T8098",NA,100,0,0,NA,7,8,15,2,0,3,7,4,11,0,0,0,0,4,66.7,3,1,0,56,7,0,0,0,NA,"2019-04-01T03:13:17.653+0000",5,8,0,0,NA,NA,NA,2,271,0,0,0,0,0,0,0,0,0,0,0,0,0,0,0,0,0,0,0,0,0,0,0,0,0,0,NA,NA,NA,"CD_I1005285",FALSE,39,"Sarah","Allan","home","Adelaide Crows"
"CD_M20192640901","2019-03-31T02:00:00.000+0000","CONCLUDED","2019 NAB AFLW Season","Grand Final",9,"Adelaide Oval","Adelaide Crows","Adelaide Crows","Carlton","Carlton",33,"https://s.afl.com.au/staticfile/AFL Tenant/AFL/Players/ChampIDImages/AFLW/2019264/1005269.png?im=Scale,width=0.6,height=0.6","RR","CD_I1005269",FALSE,33,"Anne","Hatchard","CD_T8098",NA,82,1,0,NA,6,17,23,1,0,6,18,6,24,1,0,0,0,1,82.6,3,0,3,76,4,0,100,0,NA,"2019-04-01T03:13:17.653+0000",0,2,0,1,NA,NA,NA,3,165,1,6,7,0,0,0,0,0,0,0,0,0,0,0,0,0,0,0,0,0,0,0,0,0,0,0,NA,NA,NA,"CD_I1005269",FALSE,33,"Anne","Hatchard","home","Adelaide Crows"
"CD_M20192640901","2019-03-31T02:00:00.000+0000","CONCLUDED","2019 NAB AFLW Season","Grand Final",9,"Adelaide Oval","Adelaide Crows","Adelaide Crows","Carlton","Carlton",26,"https://s.afl.com.au/staticfile/AFL Tenant/AFL/Players/ChampIDImages/AFLW/2019264/998044.png?im=Scale,width=0.6,height=0.6","CHB","CD_I998044",FALSE,26,"Chelsea","Randall","CD_T8098",NA,90,0,0,NA,9,7,16,5,0,2,7,7,14,0,0,0,0,5,87.5,2,2,0,66,4,0,0,0,NA,"2019-04-01T03:13:17.653+0000",1,8,1,0,NA,NA,NA,3,172,0,1,1,0,0,0,0,0,0,0,0,0,0,0,0,0,0,0,0,0,0,0,0,0,0,0,NA,NA,NA,"CD_I998044",FALSE,26,"Chelsea","Randall","home","Adelaide Crows"
"CD_M20192640901","2019-03-31T02:00:00.000+0000","CONCLUDED","2019 NAB AFLW Season","Grand Final",9,"Adelaide Oval","Adelaide Crows","Adelaide Crows","Carlton","Carlton",3,"https://s.afl.com.au/staticfile/AFL Tenant/AFL/Players/ChampIDImages/AFLW/2019264/1005378.png?im=Scale,width=0.6,height=0.6","HBFR","CD_I1005378",FALSE,3,"Angela","Foley","CD_T8098",NA,76,0,0,NA,8,0,8,3,1,1,2,7,9,2,0,1,0,0,37.5,0,0,0,37,0,0,0,0,NA,"2019-04-01T03:13:17.653+0000",2,3,0,0,NA,NA,NA,2,219,0,0,0,0,0,0,0,0,0,0,0,0,0,0,0,0,0,0,0,0,0,0,0,0,0,0,NA,NA,NA,"CD_I1005378",FALSE,3,"Angela","Foley","home","Adelaide Crows"
"CD_M20192640901","2019-03-31T02:00:00.000+0000","CONCLUDED","2019 NAB AFLW Season","Grand Final",9,"Adelaide Oval","Adelaide Crows","Adelaide Crows","Carlton","Carlton",23,"https://s.afl.com.au/staticfile/AFL Tenant/AFL/Players/ChampIDImages/AFLW/2019264/1005955.png?im=Scale,width=0.6,height=0.6","BPR","CD_I1005955",FALSE,23,"Justine","Mules","CD_T8098",NA,79,0,0,NA,7,1,8,1,0,1,3,7,10,0,0,0,0,0,37.5,2,0,1,27,2,0,0,0,NA,"2019-04-01T03:13:17.653+0000",2,0,0,0,NA,NA,NA,0,158,0,0,0,0,0,0,0,0,0,0,0,0,0,0,0,0,0,0,0,0,0,0,0,0,0,0,NA,NA,NA,"CD_I1005955",FALSE,23,"Justine","Mules","home","Adelaide Crows"
"CD_M20192640901","2019-03-31T02:00:00.000+0000","CONCLUDED","2019 NAB AFLW Season","Grand Final",9,"Adelaide Oval","Adelaide Crows","Adelaide Crows","Carlton","Carlton",4,"https://s.afl.com.au/staticfile/AFL Tenant/AFL/Players/ChampIDImages/AFLW/2019264/1007342.png?im=Scale,width=0.6,height=0.6","CHF","CD_I1007342",FALSE,4,"Chloe","Scheer","CD_T8098",NA,34,0,0,NA,3,1,4,2,0,0,2,2,4,2,0,2,0,0,100,0,0,0,17,0,1,0,0,NA,"2019-04-01T03:13:17.653+0000",0,0,0,0,NA,NA,NA,2,90,0,0,0,0,0,0,0,0,0,0,0,0,0,0,0,0,0,0,0,0,0,0,0,0,0,0,NA,NA,NA,"CD_I1007342",FALSE,4,"Chloe","Scheer","home","Adelaide Crows"
"CD_M20192640901","2019-03-31T02:00:00.000+0000","CONCLUDED","2019 NAB AFLW Season","Grand Final",9,"Adelaide Oval","Adelaide Crows","Adelaide Crows","Carlton","Carlton",14,"https://s.afl.com.au/staticfile/AFL Tenant/AFL/Players/ChampIDImages/AFLW/2019264/1005386.png?im=Scale,width=0.6,height=0.6","FF","CD_I1005386",FALSE,14,"Stevie-Lee","Thompson","CD_T8098",NA,67,1,0,NA,6,1,7,2,1,1,2,3,5,1,1,0,0,0,57.1,0,0,0,36,0,0,50,0,NA,"2019-04-01T03:13:17.653+0000",0,1,1,2,NA,NA,NA,1,94,0,0,0,0,0,0,0,0,0,0,0,0,0,0,0,0,0,0,0,0,0,0,0,0,0,0,NA,NA,NA,"CD_I1005386",FALSE,14,"Stevie-Lee","Thompson","home","Adelaide Crows"
"CD_M20192640901","2019-03-31T02:00:00.000+0000","CONCLUDED","2019 NAB AFLW Season","Grand Final",9,"Adelaide Oval","Adelaide Crows","Adelaide Crows","Carlton","Carlton",24,"https://s.afl.com.au/staticfile/AFL Tenant/AFL/Players/ChampIDImages/AFLW/2019264/1011127.png?im=Scale,width=0.6,height=0.6","RK","CD_I1011127",FALSE,24,"Jessica","Foley","CD_T8098",NA,84,0,2,NA,12,6,18,6,0,1,6,11,17,4,0,0,27,2,61.1,8,2,2,95,0,0,0,0,NA,"2019-04-01T03:13:17.653+0000",5,6,0,2,NA,NA,NA,3,275,0,3,3,0,0,0,0,0,0,0,0,0,0,0,0,0,0,0,0,0,0,0,0,0,0,0,NA,NA,NA,"CD_I1011127",FALSE,24,"Jessica","Foley","home","Adelaide Crows"
"CD_M20192640901","2019-03-31T02:00:00.000+0000","CONCLUDED","2019 NAB AFLW Season","Grand Final",9,"Adelaide Oval","Adelaide Crows","Adelaide Crows","Carlton","Carlton",32,"https://s.afl.com.au/staticfile/AFL Tenant/AFL/Players/ChampIDImages/AFLW/2019264/1007574.png?im=Scale,width=0.6,height=0.6","HBFL","CD_I1007574",FALSE,32,"Marijana","Rajcic","CD_T8098",NA,79,0,0,NA,9,6,15,5,0,4,2,13,15,0,0,0,0,4,66.7,3,1,1,68,1,0,0,0,NA,"2019-04-01T03:13:17.653+0000",1,5,0,0,NA,NA,NA,1,85,0,0,0,0,0,0,0,0,0,0,0,0,0,0,0,0,0,0,0,0,0,0,0,0,0,0,NA,NA,NA,"CD_I1007574",FALSE,32,"Marijana","Rajcic","home","Adelaide Crows"
"CD_M20192640901","2019-03-31T02:00:00.000+0000","CONCLUDED","2019 NAB AFLW Season","Grand Final",9,"Adelaide Oval","Adelaide Crows","Adelaide Crows","Carlton","Carlton",5,"https://s.afl.com.au/staticfile/AFL Tenant/AFL/Players/ChampIDImages/AFLW/2019264/1005641.png?im=Scale,width=0.6,height=0.6","INT","CD_I1005641",FALSE,5,"Jenna","McCormick","CD_T8098",NA,80,0,0,NA,10,3,13,2,0,2,6,6,12,0,0,1,0,1,61.5,1,0,0,50,2,0,0,0,NA,"2019-04-01T03:13:17.653+0000",4,7,0,0,NA,NA,NA,0,236,0,0,0,0,0,0,0,0,0,0,0,0,0,0,0,0,0,0,0,0,0,0,0,0,0,0,NA,NA,NA,"CD_I1005641",FALSE,5,"Jenna","McCormick","home","Adelaide Crows"
"CD_M20192640901","2019-03-31T02:00:00.000+0000","CONCLUDED","2019 NAB AFLW Season","Grand Final",9,"Adelaide Oval","Adelaide Crows","Adelaide Crows","Carlton","Carlton",27,"https://s.afl.com.au/staticfile/AFL Tenant/AFL/Players/ChampIDImages/AFLW/2019264/998045.png?im=Scale,width=0.6,height=0.6","INT","CD_I998045",FALSE,27,"Renee","Forth","CD_T8098",NA,66,0,1,NA,7,1,8,4,0,4,2,6,8,1,1,1,0,0,25,3,0,1,49,1,1,0,0,NA,"2019-04-01T03:13:17.653+0000",4,0,2,1,NA,NA,NA,2,183,0,0,0,0,0,0,0,0,0,0,0,0,0,0,0,0,0,0,0,0,0,0,0,0,0,0,NA,NA,NA,"CD_I998045",FALSE,27,"Renee","Forth","home","Adelaide Crows"
"CD_M20192640901","2019-03-31T02:00:00.000+0000","CONCLUDED","2019 NAB AFLW Season","Grand Final",9,"Adelaide Oval","Adelaide Crows","Adelaide Crows","Carlton","Carlton",13,"https://s.afl.com.au/staticfile/AFL Tenant/AFL/Players/ChampIDImages/AFLW/2019264/1007129.png?im=Scale,width=0.6,height=0.6","C","CD_I1007129",FALSE,13,"Erin","Phillips","CD_T8098",NA,68,2,0,NA,15,3,18,3,0,4,10,5,15,1,2,2,0,2,55.6,2,1,2,83,0,1,66.7,0,NA,"2019-04-01T03:13:17.653+0000",2,0,1,3,NA,NA,NA,5,322,4,0,4,0,0,0,0,0,0,0,0,0,0,0,0,0,0,0,0,0,0,0,0,0,0,0,NA,NA,NA,"CD_I1007129",FALSE,13,"Erin","Phillips","home","Adelaide Crows"
"CD_M20192640901","2019-03-31T02:00:00.000+0000","CONCLUDED","2019 NAB AFLW Season","Grand Final",9,"Adelaide Oval","Adelaide Crows","Adelaide Crows","Carlton","Carlton",15,"https://s.afl.com.au/staticfile/AFL Tenant/AFL/Players/ChampIDImages/AFLW/2019264/1009794.png?im=Scale,width=0.6,height=0.6","INT","CD_I1009794",FALSE,15,"Danielle","Ponter","CD_T8098",NA,77,3,0,NA,5,2,7,3,0,1,4,3,7,1,3,2,0,1,57.1,2,0,1,47,0,0,75,0,NA,"2019-04-01T03:13:17.653+0000",2,0,0,4,NA,NA,NA,3,75,0,0,0,0,0,0,0,0,0,0,0,0,0,0,0,0,0,0,0,0,0,0,0,0,0,0,NA,NA,NA,"CD_I1009794",FALSE,15,"Danielle","Ponter","home","Adelaide Crows"
"CD_M20192640901","2019-03-31T02:00:00.000+0000","CONCLUDED","2019 NAB AFLW Season","Grand Final",9,"Adelaide Oval","Adelaide Crows","Adelaide Crows","Carlton","Carlton",6,"https://s.afl.com.au/staticfile/AFL Tenant/AFL/Players/ChampIDImages/AFLW/2019264/1011092.png?im=Scale,width=0.6,height=0.6","HFFL","CD_I1011092",FALSE,6,"Hannah","Martin","CD_T8098",NA,78,1,0,NA,3,8,11,1,0,6,5,6,11,1,0,0,0,0,54.5,5,0,4,46,0,1,100,0,NA,"2019-04-01T03:13:17.653+0000",2,1,3,1,NA,NA,NA,3,83,0,0,0,0,0,0,0,0,0,0,0,0,0,0,0,0,0,0,0,0,0,0,0,0,0,0,NA,NA,NA,"CD_I1011092",FALSE,6,"Hannah","Martin","home","Adelaide Crows"
"CD_M20192640901","2019-03-31T02:00:00.000+0000","CONCLUDED","2019 NAB AFLW Season","Grand Final",9,"Adelaide Oval","Adelaide Crows","Adelaide Crows","Carlton","Carlton",22,"https://s.afl.com.au/staticfile/AFL Tenant/AFL/Players/ChampIDImages/AFLW/2019264/998046.png?im=Scale,width=0.6,height=0.6","HFFR","CD_I998046",FALSE,22,"Courtney","Cramey","CD_T8098",NA,83,0,0,NA,6,4,10,3,0,2,5,6,11,2,1,0,0,2,40,4,0,2,37,0,0,0,0,NA,"2019-04-01T03:13:17.653+0000",4,1,2,1,NA,NA,NA,0,117,0,2,2,0,0,0,0,0,0,0,0,0,0,0,0,0,0,0,0,0,0,0,0,0,0,0,NA,NA,NA,"CD_I998046",FALSE,22,"Courtney","Cramey","home","Adelaide Crows"
"CD_M20192640901","2019-03-31T02:00:00.000+0000","CONCLUDED","2019 NAB AFLW Season","Grand Final",9,"Adelaide Oval","Adelaide Crows","Adelaide Crows","Carlton","Carlton",10,"https://s.afl.com.au/staticfile/AFL Tenant/AFL/Players/ChampIDImages/AFLW/2019264/1005279.png?im=Scale,width=0.6,height=0.6","R","CD_I1005279",FALSE,10,"Ebony","Marinoff","CD_T8098",NA,92,0,0,NA,14,5,19,2,0,7,11,9,20,2,0,0,0,1,47.4,6,1,4,75,0,0,0,0,NA,"2019-04-01T03:13:17.653+0000",10,3,1,0,NA,NA,NA,1,314,1,2,3,0,0,0,0,0,0,0,0,0,0,0,0,0,0,0,0,0,0,0,0,0,0,0,NA,NA,NA,"CD_I1005279",FALSE,10,"Ebony","Marinoff","home","Adelaide Crows"
"CD_M20192640901","2019-03-31T02:00:00.000+0000","CONCLUDED","2019 NAB AFLW Season","Grand Final",9,"Adelaide Oval","Adelaide Crows","Adelaide Crows","Carlton","Carlton",19,"https://s.afl.com.au/staticfile/AFL Tenant/AFL/Players/ChampIDImages/AFLW/2019264/1007356.png?im=Scale,width=0.6,height=0.6","INT","CD_I1007356",FALSE,19,"Sophie","Li","CD_T8098",NA,55,0,0,NA,4,0,4,0,0,2,4,2,6,1,0,0,0,3,25,1,2,0,22,2,0,0,0,NA,"2019-04-01T03:13:17.653+0000",3,1,0,0,NA,NA,NA,0,108,0,0,0,0,0,0,0,0,0,0,0,0,0,0,0,0,0,0,0,0,0,0,0,0,0,0,NA,NA,NA,"CD_I1007356",FALSE,19,"Sophie","Li","home","Adelaide Crows"
"CD_M20192640901","2019-03-31T02:00:00.000+0000","CONCLUDED","2019 NAB AFLW Season","Grand Final",9,"Adelaide Oval","Adelaide Crows","Adelaide Crows","Carlton","Carlton",1,"https://s.afl.com.au/staticfile/AFL Tenant/AFL/Players/ChampIDImages/AFLW/2019264/1003020.png?im=Scale,width=0.6,height=0.6","C","CD_I1003020",FALSE,1,"Brianna","Davey","CD_T8096",NA,85,1,0,NA,13,9,22,4,1,6,10,13,23,2,0,0,0,1,72.7,2,5,1,101,2,0,100,0,NA,"2019-04-01T03:13:17.653+0000",6,5,0,1,NA,NA,NA,3,214,2,3,5,0,0,0,0,0,0,0,0,0,0,0,0,0,0,0,0,0,0,0,0,0,0,0,NA,NA,NA,"CD_I1003020",FALSE,1,"Brianna","Davey","away","Carlton"
"CD_M20192640901","2019-03-31T02:00:00.000+0000","CONCLUDED","2019 NAB AFLW Season","Grand Final",9,"Adelaide Oval","Adelaide Crows","Adelaide Crows","Carlton","Carlton",10,"https://s.afl.com.au/staticfile/AFL Tenant/AFL/Players/ChampIDImages/AFLW/2019264/1006666.png?im=Scale,width=0.6,height=0.6","R","CD_I1006666",FALSE,10,"Sarah","Hosking","CD_T8096",NA,68,0,1,NA,10,2,12,5,0,4,5,8,13,4,1,0,0,1,33.3,2,3,0,69,0,0,0,0,NA,"2019-04-01T03:13:17.653+0000",5,3,0,2,NA,NA,NA,3,122,0,1,1,0,0,0,0,0,0,0,0,0,0,0,0,0,0,0,0,0,0,0,0,0,0,0,NA,NA,NA,"CD_I1006666",FALSE,10,"Sarah","Hosking","away","Carlton"
"CD_M20192640901","2019-03-31T02:00:00.000+0000","CONCLUDED","2019 NAB AFLW Season","Grand Final",9,"Adelaide Oval","Adelaide Crows","Adelaide Crows","Carlton","Carlton",12,"https://s.afl.com.au/staticfile/AFL Tenant/AFL/Players/ChampIDImages/AFLW/2019264/1006996.png?im=Scale,width=0.6,height=0.6","HFFL","CD_I1006996",FALSE,12,"Lauren","Brazzale","CD_T8096",NA,67,0,0,NA,9,2,11,1,0,2,5,5,10,1,0,0,0,0,36.4,0,0,0,42,2,0,0,0,NA,"2019-04-01T03:13:17.653+0000",2,2,1,0,NA,NA,NA,1,194,0,1,1,0,0,0,0,0,0,0,0,0,0,0,0,0,0,0,0,0,0,0,0,0,0,0,NA,NA,NA,"CD_I1006996",FALSE,12,"Lauren","Brazzale","away","Carlton"
"CD_M20192640901","2019-03-31T02:00:00.000+0000","CONCLUDED","2019 NAB AFLW Season","Grand Final",9,"Adelaide Oval","Adelaide Crows","Adelaide Crows","Carlton","Carlton",15,"https://s.afl.com.au/staticfile/AFL Tenant/AFL/Players/ChampIDImages/AFLW/2019264/1012549.png?im=Scale,width=0.6,height=0.6","INT","CD_I1012549",FALSE,15,"Chloe","Dalton","CD_T8096",NA,87,0,1,NA,5,2,7,4,0,6,3,6,9,1,1,0,0,2,42.9,0,1,0,57,1,0,0,0,NA,"2019-04-01T03:13:17.653+0000",1,0,3,1,NA,NA,NA,1,193,0,0,0,0,0,0,0,0,0,0,0,0,0,0,0,0,0,0,0,0,0,0,0,0,0,0,NA,NA,NA,"CD_I1012549",FALSE,15,"Chloe","Dalton","away","Carlton"
"CD_M20192640901","2019-03-31T02:00:00.000+0000","CONCLUDED","2019 NAB AFLW Season","Grand Final",9,"Adelaide Oval","Adelaide Crows","Adelaide Crows","Carlton","Carlton",11,"https://s.afl.com.au/staticfile/AFL Tenant/AFL/Players/ChampIDImages/AFLW/2019264/1005865.png?im=Scale,width=0.6,height=0.6","HBFL","CD_I1005865",FALSE,11,"Jess","Hosking","CD_T8096",NA,76,0,0,NA,5,2,7,2,0,4,3,4,7,2,0,0,0,2,57.1,4,1,2,36,1,0,0,0,NA,"2019-04-01T03:13:17.653+0000",3,3,0,0,NA,NA,NA,0,143,0,0,0,0,0,0,0,0,0,0,0,0,0,0,0,0,0,0,0,0,0,0,0,0,0,0,NA,NA,NA,"CD_I1005865",FALSE,11,"Jess","Hosking","away","Carlton"
"CD_M20192640901","2019-03-31T02:00:00.000+0000","CONCLUDED","2019 NAB AFLW Season","Grand Final",9,"Adelaide Oval","Adelaide Crows","Adelaide Crows","Carlton","Carlton",2,"https://s.afl.com.au/staticfile/AFL Tenant/AFL/Players/ChampIDImages/AFLW/2019264/1007016.png?im=Scale,width=0.6,height=0.6","HFFR","CD_I1007016",FALSE,2,"Katie","Loynes","CD_T8096",NA,76,0,0,NA,5,2,7,0,0,3,3,3,6,1,0,0,0,1,42.9,3,1,0,32,0,0,0,0,NA,"2019-04-01T03:13:17.653+0000",4,4,0,0,NA,NA,NA,0,103,0,0,0,0,0,0,0,0,0,0,0,0,0,0,0,0,0,0,0,0,0,0,0,0,0,0,NA,NA,NA,"CD_I1007016",FALSE,2,"Katie","Loynes","away","Carlton"
"CD_M20192640901","2019-03-31T02:00:00.000+0000","CONCLUDED","2019 NAB AFLW Season","Grand Final",9,"Adelaide Oval","Adelaide Crows","Adelaide Crows","Carlton","Carlton",30,"https://s.afl.com.au/staticfile/AFL Tenant/AFL/Players/ChampIDImages/AFLW/2019264/1007003.png?im=Scale,width=0.6,height=0.6","RK","CD_I1007003",FALSE,30,"Alison","Downie","CD_T8096",NA,78,0,0,NA,8,6,14,2,0,1,11,2,13,2,0,0,11,2,57.1,2,4,1,58,0,0,0,0,NA,"2019-04-01T03:13:17.653+0000",4,8,0,0,NA,NA,NA,1,166,3,1,4,0,0,0,0,0,0,0,0,0,0,0,0,0,0,0,0,0,0,0,0,0,0,0,NA,NA,NA,"CD_I1007003",FALSE,30,"Alison","Downie","away","Carlton"
"CD_M20192640901","2019-03-31T02:00:00.000+0000","CONCLUDED","2019 NAB AFLW Season","Grand Final",9,"Adelaide Oval","Adelaide Crows","Adelaide Crows","Carlton","Carlton",20,"https://s.afl.com.au/staticfile/AFL Tenant/AFL/Players/ChampIDImages/AFLW/2019264/1009880.png?im=Scale,width=0.6,height=0.6","INT","CD_I1009880",FALSE,20,"Charlotte","Wilson","CD_T8096",NA,69,0,0,NA,4,1,5,0,0,2,3,2,5,0,0,0,0,1,40,2,2,0,24,0,0,0,0,NA,"2019-04-01T03:13:17.653+0000",3,4,0,0,NA,NA,NA,0,18,0,0,0,0,0,0,0,0,0,0,0,0,0,0,0,0,0,0,0,0,0,0,0,0,0,0,NA,NA,NA,"CD_I1009880",FALSE,20,"Charlotte","Wilson","away","Carlton"
"CD_M20192640901","2019-03-31T02:00:00.000+0000","CONCLUDED","2019 NAB AFLW Season","Grand Final",9,"Adelaide Oval","Adelaide Crows","Adelaide Crows","Carlton","Carlton",9,"https://s.afl.com.au/staticfile/AFL Tenant/AFL/Players/ChampIDImages/AFLW/2019264/1009977.png?im=Scale,width=0.6,height=0.6","FB","CD_I1009977",FALSE,9,"Kerryn","Harrington","CD_T8096",NA,100,0,0,NA,6,5,11,4,0,0,5,6,11,0,0,1,0,0,63.6,4,0,1,37,4,0,0,0,NA,"2019-04-01T03:13:17.653+0000",4,4,0,0,NA,NA,NA,0,164,0,0,0,0,0,0,0,0,0,0,0,0,0,0,0,0,0,0,0,0,0,0,0,0,0,0,NA,NA,NA,"CD_I1009977",FALSE,9,"Kerryn","Harrington","away","Carlton"
"CD_M20192640901","2019-03-31T02:00:00.000+0000","CONCLUDED","2019 NAB AFLW Season","Grand Final",9,"Adelaide Oval","Adelaide Crows","Adelaide Crows","Carlton","Carlton",16,"https://s.afl.com.au/staticfile/AFL Tenant/AFL/Players/ChampIDImages/AFLW/2019264/1007023.png?im=Scale,width=0.6,height=0.6","CHF","CD_I1007023",FALSE,16,"Breann","Moody","CD_T8096",NA,67,0,0,NA,2,1,3,2,0,0,2,1,3,2,0,1,3,1,100,0,0,0,17,0,0,0,0,NA,"2019-04-01T03:13:17.653+0000",1,1,0,0,NA,NA,NA,0,75,0,0,0,0,0,0,0,0,0,0,0,0,0,0,0,0,0,0,0,0,0,0,0,0,0,0,NA,NA,NA,"CD_I1007023",FALSE,16,"Breann","Moody","away","Carlton"
"CD_M20192640901","2019-03-31T02:00:00.000+0000","CONCLUDED","2019 NAB AFLW Season","Grand Final",9,"Adelaide Oval","Adelaide Crows","Adelaide Crows","Carlton","Carlton",18,"https://s.afl.com.au/staticfile/AFL Tenant/AFL/Players/ChampIDImages/AFLW/2019264/1007017.png?im=Scale,width=0.6,height=0.6","INT","CD_I1007017",FALSE,18,"Tilly","Lucas-Rodd","CD_T8096",NA,59,0,0,NA,3,2,5,0,0,3,2,3,5,0,0,0,0,0,60,0,0,0,25,0,0,0,0,NA,"2019-04-01T03:13:17.653+0000",1,1,1,0,NA,NA,NA,2,32,0,0,0,0,0,0,0,0,0,0,0,0,0,0,0,0,0,0,0,0,0,0,0,0,0,0,NA,NA,NA,"CD_I1007017",FALSE,18,"Tilly","Lucas-Rodd","away","Carlton"
"CD_M20192640901","2019-03-31T02:00:00.000+0000","CONCLUDED","2019 NAB AFLW Season","Grand Final",9,"Adelaide Oval","Adelaide Crows","Adelaide Crows","Carlton","Carlton",4,"https://s.afl.com.au/staticfile/AFL Tenant/AFL/Players/ChampIDImages/AFLW/2019264/1009885.png?im=Scale,width=0.6,height=0.6","RR","CD_I1009885",FALSE,4,"Madison","Prespakis","CD_T8096",NA,91,1,0,NA,9,4,13,2,0,6,1,10,11,4,0,0,0,1,30.8,3,0,0,71,0,0,100,0,NA,"2019-04-01T03:13:17.653+0000",5,0,0,1,NA,NA,NA,1,281,1,0,1,0,0,0,0,0,0,0,0,0,0,0,0,0,0,0,0,0,0,0,0,0,0,0,NA,NA,NA,"CD_I1009885",FALSE,4,"Madison","Prespakis","away","Carlton"
"CD_M20192640901","2019-03-31T02:00:00.000+0000","CONCLUDED","2019 NAB AFLW Season","Grand Final",9,"Adelaide Oval","Adelaide Crows","Adelaide Crows","Carlton","Carlton",36,"https://s.afl.com.au/staticfile/AFL Tenant/AFL/Players/ChampIDImages/AFLW/2019264/1012659.png?im=Scale,width=0.6,height=0.6","BPL","CD_I1012659",FALSE,36,"Jayde","Van Dyk","CD_T8096",NA,69,0,0,NA,5,3,8,3,0,2,3,6,9,0,0,0,0,4,75,0,0,0,38,0,0,0,0,NA,"2019-04-01T03:13:17.653+0000",2,2,0,0,NA,NA,NA,1,92,0,1,1,0,0,0,0,0,0,0,0,0,0,0,0,0,0,0,0,0,0,0,0,0,0,0,NA,NA,NA,"CD_I1012659",FALSE,36,"Jayde","Van Dyk","away","Carlton"
"CD_M20192640901","2019-03-31T02:00:00.000+0000","CONCLUDED","2019 NAB AFLW Season","Grand Final",9,"Adelaide Oval","Adelaide Crows","Adelaide Crows","Carlton","Carlton",25,"https://s.afl.com.au/staticfile/AFL Tenant/AFL/Players/ChampIDImages/AFLW/2019264/1005278.png?im=Scale,width=0.6,height=0.6","CHB","CD_I1005278",FALSE,25,"Jessica","Edwards","CD_T8096",NA,82,0,0,NA,3,6,9,2,0,3,4,5,9,2,0,0,0,1,66.7,1,1,0,40,1,0,0,0,NA,"2019-04-01T03:13:17.653+0000",1,2,0,0,NA,NA,NA,2,96,0,1,1,0,0,0,0,0,0,0,0,0,0,0,0,0,0,0,0,0,0,0,0,0,0,0,NA,NA,NA,"CD_I1005278",FALSE,25,"Jessica","Edwards","away","Carlton"
"CD_M20192640901","2019-03-31T02:00:00.000+0000","CONCLUDED","2019 NAB AFLW Season","Grand Final",9,"Adelaide Oval","Adelaide Crows","Adelaide Crows","Carlton","Carlton",19,"https://s.afl.com.au/staticfile/AFL Tenant/AFL/Players/ChampIDImages/AFLW/2019264/997745.png?im=Scale,width=0.6,height=0.6","INT","CD_I997745",FALSE,19,"Georgia","Gee","CD_T8096",NA,55,0,0,NA,10,1,11,3,0,1,6,4,10,2,1,1,0,1,45.5,2,0,0,45,0,0,0,0,NA,"2019-04-01T03:13:17.653+0000",4,3,1,1,NA,NA,NA,1,151,1,1,2,0,0,0,0,0,0,0,0,0,0,0,0,0,0,0,0,0,0,0,0,0,0,0,NA,NA,NA,"CD_I997745",FALSE,19,"Georgia","Gee","away","Carlton"
"CD_M20192640901","2019-03-31T02:00:00.000+0000","CONCLUDED","2019 NAB AFLW Season","Grand Final",9,"Adelaide Oval","Adelaide Crows","Adelaide Crows","Carlton","Carlton",7,"https://s.afl.com.au/staticfile/AFL Tenant/AFL/Players/ChampIDImages/AFLW/2019264/998039.png?im=Scale,width=0.6,height=0.6","FF","CD_I998039",FALSE,7,"Tayla","Harris","CD_T8096",NA,58,0,0,NA,3,1,4,1,0,1,2,4,6,1,0,0,0,0,25,2,2,1,17,0,0,0,0,NA,"2019-04-01T03:13:17.653+0000",3,0,1,1,NA,NA,NA,1,103,0,0,0,0,0,0,0,0,0,0,0,0,0,0,0,0,0,0,0,0,0,0,0,0,0,0,NA,NA,NA,"CD_I998039",FALSE,7,"Tayla","Harris","away","Carlton"
"CD_M20192640901","2019-03-31T02:00:00.000+0000","CONCLUDED","2019 NAB AFLW Season","Grand Final",9,"Adelaide Oval","Adelaide Crows","Adelaide Crows","Carlton","Carlton",6,"https://s.afl.com.au/staticfile/AFL Tenant/AFL/Players/ChampIDImages/AFLW/2019264/1007026.png?im=Scale,width=0.6,height=0.6","HBFR","CD_I1007026",FALSE,6,"Gabriella","Pound","CD_T8096",NA,87,0,1,NA,3,2,5,1,0,2,2,2,4,1,0,0,0,0,40,0,0,0,25,1,0,0,0,NA,"2019-04-01T03:13:17.653+0000",0,3,0,1,NA,NA,NA,1,106,0,0,0,0,0,0,0,0,0,0,0,0,0,0,0,0,0,0,0,0,0,0,0,0,0,0,NA,NA,NA,"CD_I1007026",FALSE,6,"Gabriella","Pound","away","Carlton"
"CD_M20192640901","2019-03-31T02:00:00.000+0000","CONCLUDED","2019 NAB AFLW Season","Grand Final",9,"Adelaide Oval","Adelaide Crows","Adelaide Crows","Carlton","Carlton",21,"https://s.afl.com.au/staticfile/AFL Tenant/AFL/Players/ChampIDImages/AFLW/2019264/998164.png?im=Scale,width=0.6,height=0.6","BPR","CD_I998164",FALSE,21,"Nicola","Stevens","CD_T8096",NA,100,0,0,NA,13,2,15,1,2,2,6,5,11,0,0,0,0,4,86.7,0,2,0,56,1,0,0,0,NA,"2019-04-01T03:13:17.653+0000",1,8,0,0,NA,NA,NA,0,245,0,0,0,0,0,0,0,0,0,0,0,0,0,0,0,0,0,0,0,0,0,0,0,0,0,0,NA,NA,NA,"CD_I998164",FALSE,21,"Nicola","Stevens","away","Carlton"
"CD_M20192640901","2019-03-31T02:00:00.000+0000","CONCLUDED","2019 NAB AFLW Season","Grand Final",9,"Adelaide Oval","Adelaide Crows","Adelaide Crows","Carlton","Carlton",3,"https://s.afl.com.au/staticfile/AFL Tenant/AFL/Players/ChampIDImages/AFLW/2019264/997663.png?im=Scale,width=0.6,height=0.6","FPL","CD_I997663",FALSE,3,"Darcy","Vescio","CD_T8096",NA,74,0,1,NA,5,5,10,3,0,2,8,2,10,2,1,2,0,0,80,1,1,1,41,0,0,0,0,NA,"2019-04-01T03:13:17.653+0000",0,2,0,1,NA,NA,NA,3,99,0,3,3,0,0,0,0,0,0,0,0,0,0,0,0,0,0,0,0,0,0,0,0,0,0,0,NA,NA,NA,"CD_I997663",FALSE,3,"Darcy","Vescio","away","Carlton"
"CD_M20192640901","2019-03-31T02:00:00.000+0000","CONCLUDED","2019 NAB AFLW Season","Grand Final",9,"Adelaide Oval","Adelaide Crows","Adelaide Crows","Carlton","Carlton",14,"https://s.afl.com.au/staticfile/AFL Tenant/AFL/Players/ChampIDImages/AFLW/2019264/1012558.png?im=Scale,width=0.6,height=0.6","FPR","CD_I1012558",FALSE,14,"Brooke","Walker","CD_T8096",NA,83,0,0,NA,5,3,8,1,0,3,3,2,5,0,0,0,0,1,50,5,0,2,30,0,1,0,0,NA,"2019-04-01T03:13:17.653+0000",5,1,2,0,NA,NA,NA,1,86,0,1,1,0,0,0,0,0,0,0,0,0,0,0,0,0,0,0,0,0,0,0,0,0,0,0,NA,NA,NA,"CD_I1012558",FALSE,14,"Brooke","Walker","away","Carlton"
"CD_M20192640901","2019-03-31T02:00:00.000+0000","CONCLUDED","2019 NAB AFLW Season","Grand Final",9,"Adelaide Oval","Adelaide Crows","Adelaide Crows","Carlton","Carlton",8,"https://s.afl.com.au/staticfile/AFL Tenant/AFL/Players/ChampIDImages/AFLW/2019264/997683.png?im=Scale,width=0.6,height=0.6","INT","CD_I997683",FALSE,8,"Amelia","Mullane","CD_T8096",NA,60,0,0,NA,2,2,4,1,0,5,5,0,5,0,0,1,0,0,100,1,2,1,32,0,0,0,0,NA,"2019-04-01T03:13:17.653+0000",1,1,2,0,NA,NA,NA,0,49,0,2,2,0,0,0,0,0,0,0,0,0,0,0,0,0,0,0,0,0,0,0,0,0,0,0,NA,NA,NA,"CD_I997683",FALSE,8,"Amelia","Mullane","away","Carlton"
